# Blender 4.1.0
# www.blender.org
mtllib CarMirror.mtl
o Wingmirrors
v 0.142026 0.064345 -0.551084
v 0.142662 0.064087 -0.550437
v 0.140108 0.063952 -0.552577
v 0.136992 0.064180 -0.554570
v 0.129080 0.063543 -0.557355
v 0.128674 0.063793 -0.557472
v 0.146650 0.064387 -0.544101
v 0.144534 0.064081 -0.548140
v -0.044844 0.064322 -0.423369
v -0.043993 0.064345 -0.420845
v -0.043728 0.064382 -0.420491
v -0.045553 0.064173 -0.426917
v -0.045389 0.064217 -0.426439
v -0.045545 0.064167 -0.427956
v -0.045772 0.064025 -0.430703
v -0.045653 0.064088 -0.429978
v -0.045614 0.064002 -0.431989
v -0.045443 0.063901 -0.434398
v 0.142264 0.064382 -0.550719
v 0.139946 0.064326 -0.552747
v 0.137244 0.064220 -0.554325
v 0.137204 0.064200 -0.554333
v 0.133856 0.064085 -0.555921
v 0.129784 0.063901 -0.557104
v 0.129694 0.063888 -0.557115
v -0.039007 0.064387 -0.414102
v -0.038924 0.064451 -0.414230
v -0.040840 0.064399 -0.415754
v 0.145748 0.064398 -0.546341
v 0.144125 0.064427 -0.548736
v 0.146517 0.064086 -0.544043
v -0.043574 0.064043 -0.420065
v -0.044960 0.063980 -0.423883
v -0.045366 0.063488 -0.435336
v -0.045379 0.063782 -0.435817
v -0.038908 0.064086 -0.414207
v -0.040359 0.064081 -0.415280
v -0.039201 0.064086 -0.414188
v -0.039154 0.064447 -0.414142
v -0.042541 0.064425 -0.418145
v 0.146500 0.064451 -0.544066
v -0.045356 0.063844 -0.426409
v -0.045534 0.063880 -0.426968
v -0.045701 0.063731 -0.429820
v 0.142246 0.064023 -0.550701
v 0.136855 0.063848 -0.554577
v 0.133619 0.063693 -0.555948
v 0.129809 0.063525 -0.557062
v 0.122913 0.063216 -0.558271
v -0.042022 0.064087 -0.417384
v 0.146635 0.064086 -0.544315
v 0.142260 0.064024 -0.550687
v -0.044205 0.063216 -0.441254
v -0.045684 0.064104 -0.429639
v -0.045635 0.063676 -0.430847
v -0.045263 0.063467 -0.435708
v -0.045409 0.063848 -0.426550
v -0.045121 0.063794 -0.436776
v -0.044169 0.063215 -0.441258
v -0.044141 0.063550 -0.441456
v -0.045043 0.064282 -0.424440
v -0.044129 0.063507 -0.441497
v -0.044617 0.063956 -0.422994
v -0.043926 0.064373 -0.420937
v -0.043399 0.064042 -0.419814
v -0.042420 0.064428 -0.418035
v -0.042076 0.064076 -0.417553
v -0.040936 0.064444 -0.416016
v -0.040306 0.064088 -0.415323
v -0.039125 0.064083 -0.414195
v -0.039101 0.064446 -0.414182
v -0.038966 0.064436 -0.414262
v -0.038949 0.064091 -0.414279
v -0.039586 0.064359 -0.443169
v -0.040528 0.064369 -0.443500
v -0.038067 0.066977 -0.441454
v -0.036183 0.067644 -0.440354
v -0.039141 0.067007 -0.441318
v -0.042722 0.064645 -0.441209
v -0.041242 0.066141 -0.440797
v -0.044213 0.064975 -0.435607
v -0.042830 0.066500 -0.435743
v -0.044780 0.065187 -0.430527
v -0.044801 0.065084 -0.430239
v -0.043570 0.066565 -0.431658
v -0.044591 0.065224 -0.426597
v -0.044627 0.065357 -0.426586
v -0.043193 0.067136 -0.427400
v -0.043219 0.066587 -0.423767
v -0.043995 0.065457 -0.423155
v -0.041545 0.065573 -0.417500
v -0.041415 0.067037 -0.420043
v -0.040180 0.066858 -0.417561
v -0.038683 0.066900 -0.415604
v -0.039067 0.065510 -0.414380
v -0.038842 0.066239 -0.414769
v -0.038738 0.065554 -0.414532
v -0.038513 0.066217 -0.415039
v -0.038246 0.067162 -0.415866
v -0.038126 0.066983 -0.415865
v -0.037686 0.068212 -0.417581
v -0.036176 0.069534 -0.420131
v -0.036058 0.069372 -0.420210
v -0.040814 0.068811 -0.425697
v -0.041717 0.068422 -0.430465
v -0.038637 0.070258 -0.428109
v -0.041991 0.067657 -0.423765
v -0.036782 0.071081 -0.430446
v -0.035050 0.071554 -0.428537
v -0.036219 0.070862 -0.425637
v -0.034263 0.071193 -0.424654
v -0.038152 0.069704 -0.423096
v -0.036263 0.069686 -0.420522
v -0.039846 0.068744 -0.422486
v -0.038986 0.068165 -0.419112
v 0.119544 0.064369 -0.555584
v 0.120625 0.066977 -0.552571
v 0.121014 0.067644 -0.550425
v 0.119893 0.064394 -0.556199
v 0.121120 0.067007 -0.553534
v 0.122448 0.064645 -0.556862
v 0.122328 0.066141 -0.555330
v 0.128220 0.064974 -0.556348
v 0.121689 0.068658 -0.550261
v 0.122311 0.068905 -0.550883
v 0.123119 0.070265 -0.547345
v 0.122711 0.069759 -0.546808
v 0.123312 0.070056 -0.548888
v 0.124239 0.070837 -0.544038
v 0.123155 0.067761 -0.553478
v 0.124056 0.069201 -0.551468
v 0.127621 0.066500 -0.555093
v 0.131712 0.066565 -0.554392
v 0.133198 0.065188 -0.555139
v 0.135588 0.067118 -0.552603
v 0.139495 0.065447 -0.552143
v 0.139007 0.066587 -0.551363
v 0.142198 0.065530 -0.549975
v 0.144323 0.065573 -0.547647
v 0.141890 0.067037 -0.548395
v 0.145459 0.065492 -0.545985
v 0.143800 0.066858 -0.546385
v 0.145128 0.066899 -0.544309
v 0.146408 0.065510 -0.544252
v 0.145965 0.066239 -0.544173
v 0.146152 0.065554 -0.543994
v 0.145599 0.066217 -0.543956
v 0.144731 0.067162 -0.543987
v 0.144691 0.066983 -0.543875
v 0.142929 0.068211 -0.544048
v 0.140015 0.069534 -0.543501
v 0.139902 0.069371 -0.543418
v 0.141932 0.068166 -0.545794
v 0.139611 0.069211 -0.543598
v 0.135116 0.070700 -0.543151
v 0.134034 0.071178 -0.542829
v 0.139678 0.069687 -0.543717
v 0.134110 0.071353 -0.542894
v 0.129143 0.071889 -0.542336
v 0.129029 0.071697 -0.542561
v 0.126671 0.071492 -0.542344
v 0.135111 0.071193 -0.543251
v 0.130624 0.072039 -0.542773
v 0.131731 0.071554 -0.545318
v 0.134856 0.070862 -0.545425
v 0.137903 0.069704 -0.546373
v 0.139057 0.068744 -0.547756
v 0.138587 0.067657 -0.550210
v 0.136371 0.068811 -0.549763
v 0.133359 0.070258 -0.548542
v 0.132200 0.068422 -0.552243
v 0.129482 0.070256 -0.549796
v 0.130530 0.071081 -0.547599
v 0.128450 0.068608 -0.552691
v 0.125126 0.070410 -0.549375
v 0.126386 0.071361 -0.547195
v 0.124458 0.071016 -0.546815
v 0.127694 0.071981 -0.544972
v 0.125191 0.071591 -0.544428
v 0.126442 0.071949 -0.542309
v 0.126660 0.071897 -0.542119
v 0.128906 0.072149 -0.542407
v 0.126679 0.071665 -0.542076
v -0.033498 0.071178 -0.425522
v -0.033586 0.071353 -0.425472
v -0.032914 0.071292 -0.427233
v -0.031363 0.071889 -0.429949
v -0.031348 0.072149 -0.430196
v -0.032279 0.072039 -0.428707
v -0.030275 0.071665 -0.432176
v -0.030309 0.071896 -0.432208
v -0.029916 0.071020 -0.433002
v -0.029812 0.071290 -0.433262
v -0.030413 0.071949 -0.432478
v -0.033344 0.071980 -0.432213
v -0.031977 0.071591 -0.434378
v -0.031284 0.070837 -0.435139
v -0.034009 0.070265 -0.437323
v -0.033365 0.069758 -0.437524
v -0.033969 0.071016 -0.435883
v -0.035525 0.070056 -0.437670
v -0.036260 0.068658 -0.439664
v -0.037057 0.068905 -0.439292
v -0.039785 0.067761 -0.439387
v -0.038203 0.069201 -0.437853
v -0.036603 0.070410 -0.436131
v -0.040856 0.068608 -0.434142
v -0.034985 0.071361 -0.434201
v -0.038488 0.070256 -0.432182
v -0.034968 0.070848 -0.427381
v -0.035853 0.070356 -0.426659
v -0.034905 0.070815 -0.428523
v -0.033888 0.071177 -0.430468
v -0.033093 0.071495 -0.430861
v -0.033320 0.071288 -0.431567
v -0.031535 0.071697 -0.430133
v -0.032707 0.071249 -0.432752
v -0.032227 0.071473 -0.432516
v -0.032325 0.071073 -0.433479
v -0.030525 0.071492 -0.432274
v -0.031817 0.071277 -0.433298
v -0.032088 0.070790 -0.433935
v -0.031542 0.070938 -0.433825
v -0.031960 0.070346 -0.434167
v -0.031384 0.070393 -0.434106
v -0.031427 0.069244 -0.434006
v -0.030082 0.069176 -0.433117
v -0.031983 0.069482 -0.434091
v -0.032177 0.068371 -0.433682
v -0.032017 0.066504 -0.432807
v -0.031167 0.064441 -0.430831
v -0.032589 0.066568 -0.432840
v -0.032538 0.064484 -0.431741
v -0.033113 0.064590 -0.431761
v 0.132789 0.070848 -0.544846
v 0.133770 0.070357 -0.545431
v 0.131694 0.070815 -0.545177
v 0.129519 0.071177 -0.544887
v 0.128878 0.071495 -0.544275
v 0.128292 0.071288 -0.544729
v 0.132226 0.071292 -0.542866
v 0.126969 0.071249 -0.544558
v 0.127026 0.071473 -0.544027
v 0.126155 0.071073 -0.544448
v 0.126151 0.071277 -0.543909
v 0.125646 0.070790 -0.544382
v 0.125562 0.070938 -0.543831
v 0.125384 0.070346 -0.544341
v 0.125562 0.070461 -0.542220
v 0.125244 0.070393 -0.543779
v 0.125352 0.069244 -0.543785
v 0.125728 0.069175 -0.542217
v 0.125463 0.069482 -0.544336
v 0.125914 0.068371 -0.544378
v 0.126681 0.066504 -0.543929
v 0.127054 0.066525 -0.542328
v 0.126846 0.066568 -0.544477
v 0.127861 0.064484 -0.544054
v 0.128039 0.064591 -0.544601
v 0.128267 0.064441 -0.542438
v 0.142846 0.065327 -0.546546
v 0.144710 0.066617 -0.544055
v 0.142602 0.065932 -0.546504
v 0.142247 0.066508 -0.546482
v 0.141810 0.066989 -0.546444
v 0.142918 0.067686 -0.543921
v 0.141228 0.067445 -0.546392
v 0.140372 0.067916 -0.546252
v 0.140010 0.068439 -0.545664
v 0.138453 0.068806 -0.546027
v 0.137129 0.069626 -0.545342
v 0.135891 0.069740 -0.545700
v -0.039979 0.065321 -0.418383
v -0.038302 0.066617 -0.415909
v -0.040019 0.065254 -0.418491
v -0.039882 0.065932 -0.418727
v -0.039740 0.066508 -0.419053
v -0.039555 0.066989 -0.419451
v -0.037564 0.067685 -0.417546
v -0.039307 0.067445 -0.419980
v -0.038883 0.067916 -0.420737
v -0.038206 0.068439 -0.420875
v -0.036129 0.069212 -0.420544
v -0.038015 0.068806 -0.422463
v -0.036919 0.069626 -0.423472
v -0.034171 0.070700 -0.424615
v -0.036831 0.069740 -0.424759
v 0.125350 0.070512 -0.541887
v 0.125780 0.071020 -0.542021
v 0.125684 0.068898 -0.541958
v 0.125499 0.071290 -0.542013
v 0.125272 0.069347 -0.541909
v 0.124930 0.070516 -0.542115
v 0.122696 0.069054 -0.546312
v 0.127815 0.064493 -0.542097
v 0.127776 0.064441 -0.542277
v 0.125773 0.067804 -0.542062
v 0.121938 0.064358 -0.550003
v 0.123358 0.068184 -0.545367
v 0.121344 0.067369 -0.549338
v 0.120864 0.064396 -0.551467
v 0.120079 0.064334 -0.552988
v -0.029643 0.070512 -0.433359
v -0.030028 0.070461 -0.433274
v -0.029824 0.068898 -0.433070
v -0.029637 0.069347 -0.433441
v -0.029714 0.070516 -0.433833
v -0.032895 0.069053 -0.437369
v -0.030903 0.064465 -0.430838
v -0.030684 0.064493 -0.431116
v -0.029953 0.067803 -0.433021
v -0.036104 0.064358 -0.439345
v -0.032232 0.068184 -0.436422
v -0.035277 0.067367 -0.439675
v -0.037111 0.064396 -0.440851
v 0.142463 0.066240 -0.546506
v 0.142722 0.066032 -0.546008
v 0.142978 0.063440 -0.546003
v -0.031531 0.069492 -0.433812
v -0.031997 0.069301 -0.434049
v -0.032587 0.066568 -0.432837
v 0.128883 0.071259 -0.544276
v 0.128616 0.071283 -0.544766
v 0.131697 0.070815 -0.545174
v 0.126623 0.071191 -0.543976
v 0.133969 0.070367 -0.544927
v 0.126374 0.071161 -0.544475
v 0.134888 0.070067 -0.545568
v 0.125428 0.070547 -0.544347
v 0.138653 0.068785 -0.545516
v 0.139746 0.068249 -0.546180
v 0.141540 0.067214 -0.546403
v -0.033465 0.071283 -0.431276
v -0.032042 0.071192 -0.432877
v -0.032425 0.071160 -0.433283
v -0.034903 0.070815 -0.428520
v -0.031558 0.070640 -0.433800
v -0.031982 0.070547 -0.434128
v -0.036365 0.070066 -0.425654
v -0.038601 0.068249 -0.421300
v -0.033412 0.062304 -0.429967
v -0.032663 0.064593 -0.431480
v -0.031914 0.067410 -0.433006
v -0.033096 0.071259 -0.430857
v -0.035448 0.070367 -0.426300
v -0.037604 0.068785 -0.422100
v -0.038931 0.067286 -0.419496
v -0.038673 0.062021 -0.419830
v -0.039456 0.066032 -0.418445
v -0.039618 0.064495 -0.418102
v -0.039541 0.063442 -0.418202
v -0.039325 0.062681 -0.418590
v 0.141554 0.067286 -0.545874
v 0.141153 0.062021 -0.545745
v 0.128149 0.064593 -0.544082
v 0.126459 0.067410 -0.543900
v 0.125591 0.070640 -0.543837
v 0.143099 0.064495 -0.546042
v 0.142540 0.062681 -0.545934
v -0.039424 0.067214 -0.419691
v -0.039837 0.066239 -0.418858
v -0.040016 0.065252 -0.418487
v -0.040067 0.064454 -0.418361
v -0.040004 0.063457 -0.418473
v 0.129998 0.061997 -0.544793
v 0.125571 0.069492 -0.543816
v 0.125507 0.069303 -0.544334
v 0.126848 0.066568 -0.544474
v -0.033947 0.061382 -0.428898
v -0.034523 0.061235 -0.428923
v -0.034693 0.060936 -0.427462
v -0.035115 0.060907 -0.427808
v -0.036252 0.061035 -0.424458
v -0.037666 0.061345 -0.422908
v -0.039155 0.062034 -0.420085
v 0.129826 0.062305 -0.544269
v 0.131015 0.061382 -0.544405
v 0.131189 0.061235 -0.544956
v 0.132620 0.060936 -0.544615
v 0.135975 0.061035 -0.545053
v 0.134606 0.060941 -0.545389
v 0.137918 0.061346 -0.545852
v 0.141078 0.062034 -0.546286
v 0.139908 0.065343 -0.551868
v 0.139484 0.064717 -0.552851
v 0.141988 0.065401 -0.550141
v 0.142499 0.065379 -0.549820
v 0.141888 0.064796 -0.550981
v 0.141888 0.064418 -0.551188
v 0.143968 0.065458 -0.548104
v 0.145362 0.065425 -0.546327
v 0.143897 0.064862 -0.548872
v 0.146536 0.065409 -0.544181
v 0.145593 0.064867 -0.546434
v 0.143976 0.064476 -0.548963
v 0.142260 0.064382 -0.550715
v 0.145659 0.064460 -0.546391
v 0.146662 0.064447 -0.544252
v 0.146680 0.064029 -0.544209
v 0.145998 0.064079 -0.545790
v 0.144639 0.064023 -0.548034
v 0.142766 0.063988 -0.550308
v 0.146447 0.063277 -0.544154
v 0.145263 0.063278 -0.546485
v 0.145943 0.062723 -0.544103
v 0.144921 0.062622 -0.545812
v 0.142020 0.063215 -0.550400
v 0.143203 0.062605 -0.548203
v 0.141135 0.063929 -0.551782
v 0.140716 0.062553 -0.550804
v 0.139280 0.063871 -0.553163
v 0.139212 0.063102 -0.552614
v 0.136739 0.063775 -0.554641
v 0.133220 0.063621 -0.556124
v 0.129731 0.063529 -0.557073
v 0.133262 0.062864 -0.555557
v 0.128492 0.063404 -0.557447
v 0.128703 0.062675 -0.556850
v 0.122862 0.063153 -0.558303
v 0.122259 0.062316 -0.557754
v 0.128585 0.062052 -0.556157
v 0.122139 0.061688 -0.556977
v -0.034491 0.060411 -0.438281
v -0.030781 0.059624 -0.436384
v -0.030906 0.058820 -0.436197
v -0.031062 0.058138 -0.435845
v -0.036465 0.060006 -0.439816
v -0.033208 0.058479 -0.437767
v -0.033101 0.057796 -0.437491
v -0.032244 0.057543 -0.436546
v -0.033392 0.057031 -0.437391
v -0.034488 0.056755 -0.438463
v -0.034886 0.057385 -0.439196
v -0.035551 0.056705 -0.439724
v -0.035028 0.058019 -0.439366
v -0.036494 0.056869 -0.441063
v -0.039051 0.060157 -0.442676
v -0.036640 0.057651 -0.441642
v -0.037313 0.057199 -0.442297
v -0.036884 0.058369 -0.441693
v -0.037898 0.057762 -0.443734
v -0.037413 0.058239 -0.443427
v -0.037513 0.058769 -0.443077
v -0.039136 0.063193 -0.443348
v -0.037267 0.062504 -0.442171
v -0.039712 0.062753 -0.444556
v -0.040004 0.063332 -0.443934
v -0.040955 0.063520 -0.444240
v -0.041225 0.064395 -0.443382
v -0.042021 0.064453 -0.442698
v -0.041813 0.063784 -0.444009
v -0.042512 0.064020 -0.443216
v -0.042709 0.064535 -0.441334
v -0.043173 0.064139 -0.441921
v -0.044304 0.064861 -0.435264
v -0.044695 0.064511 -0.435464
v -0.045496 0.064497 -0.430295
v -0.044719 0.065199 -0.426531
v -0.045306 0.064613 -0.426913
v -0.044001 0.065343 -0.423092
v -0.044781 0.064717 -0.423829
v -0.043047 0.065444 -0.420395
v -0.042962 0.065378 -0.419957
v -0.041787 0.065457 -0.417870
v -0.043846 0.064796 -0.420930
v -0.040658 0.065425 -0.416072
v -0.040450 0.065481 -0.415969
v -0.039044 0.065409 -0.414236
v -0.040839 0.064867 -0.415892
v -0.042549 0.064863 -0.418318
v -0.042662 0.064475 -0.418276
v -0.044039 0.064418 -0.421000
v -0.043722 0.064382 -0.420489
v -0.040816 0.064460 -0.415809
v -0.045004 0.064341 -0.423932
v -0.045573 0.064236 -0.427279
v -0.045376 0.064217 -0.426441
v -0.045766 0.064110 -0.430625
v -0.045669 0.064088 -0.429977
v -0.045395 0.063900 -0.435628
v -0.045433 0.063898 -0.434472
v -0.045152 0.064224 -0.435658
v -0.044182 0.063538 -0.441505
v -0.043649 0.063882 -0.442370
v -0.043808 0.063507 -0.442763
v -0.044218 0.063153 -0.441313
v -0.045340 0.063404 -0.435727
v -0.045713 0.063621 -0.430833
v -0.045523 0.063775 -0.427018
v -0.045366 0.063851 -0.426426
v -0.045004 0.063871 -0.424126
v -0.044355 0.063972 -0.421983
v -0.043513 0.063988 -0.419875
v -0.044465 0.063102 -0.424002
v -0.043345 0.063215 -0.420607
v -0.043278 0.062553 -0.421971
v -0.041684 0.062605 -0.418743
v -0.041411 0.061571 -0.423725
v 0.122270 0.060701 -0.541692
v 0.122719 0.060400 -0.541839
v 0.122617 0.060407 -0.542774
v 0.123098 0.060518 -0.540639
v 0.123163 0.060123 -0.541560
v 0.123440 0.060310 -0.540386
v 0.123623 0.060052 -0.540476
v 0.122966 0.060144 -0.542777
v 0.122933 0.061009 -0.545575
v 0.123656 0.059661 -0.541058
v 0.123620 0.058884 -0.542555
v 0.122796 0.061076 -0.546119
v 0.123115 0.058821 -0.544043
v 0.123500 0.058138 -0.544070
v 0.122383 0.060411 -0.548126
v 0.122190 0.060567 -0.548728
v 0.122897 0.059624 -0.543990
v 0.121617 0.060006 -0.550503
v 0.122428 0.058479 -0.546743
v 0.122651 0.057796 -0.546549
v 0.123246 0.057543 -0.545421
v 0.121547 0.058019 -0.549001
v 0.121660 0.057385 -0.548808
v 0.122844 0.057031 -0.546788
v 0.122211 0.056755 -0.548185
v 0.121390 0.056705 -0.549615
v 0.117669 0.062202 -0.556100
v 0.118342 0.062057 -0.556749
v 0.119419 0.062623 -0.557788
v 0.120749 0.062935 -0.558287
v 0.120142 0.063343 -0.558235
v 0.121362 0.063507 -0.558414
v 0.120412 0.061985 -0.557458
v 0.122670 0.063538 -0.558336
v 0.128601 0.063899 -0.557466
v 0.128493 0.064224 -0.557248
v 0.133436 0.064110 -0.556102
v 0.133652 0.064497 -0.555735
v 0.136510 0.064236 -0.554778
v 0.136765 0.064613 -0.554400
v 0.136925 0.065199 -0.553718
v 0.139464 0.064341 -0.553096
v 0.136617 0.065241 -0.553735
v 0.115439 0.060518 -0.552515
v 0.115285 0.060844 -0.552270
v 0.115713 0.060757 -0.552080
v 0.116679 0.059615 -0.552866
v 0.115910 0.059891 -0.552993
v 0.115245 0.061056 -0.552012
v 0.116156 0.060726 -0.552463
v 0.116669 0.059239 -0.553354
v 0.115767 0.060963 -0.551758
v 0.115369 0.061131 -0.551721
v 0.117409 0.061066 -0.548725
v 0.117591 0.058877 -0.552953
v 0.117380 0.058615 -0.553469
v 0.117079 0.059865 -0.553052
v 0.118547 0.058239 -0.552631
v 0.118425 0.057762 -0.553192
v 0.117966 0.059256 -0.553024
v 0.118910 0.058769 -0.552606
v 0.119961 0.057651 -0.551293
v 0.119574 0.057199 -0.552151
v 0.119996 0.058369 -0.551541
v 0.118546 0.060210 -0.554422
v 0.119813 0.060157 -0.553914
v 0.120454 0.056870 -0.550959
v 0.120527 0.060147 -0.552935
v 0.117314 0.060626 -0.554085
v 0.116462 0.061027 -0.553313
v 0.116453 0.061238 -0.552696
v 0.118286 0.061270 -0.550271
v 0.116140 0.060959 -0.552063
v 0.118350 0.060930 -0.548459
v 0.119610 0.061213 -0.548022
v 0.119812 0.060773 -0.546021
v 0.122394 0.061166 -0.545519
v 0.120509 0.060884 -0.544172
v -0.036598 0.060295 -0.439961
v -0.038375 0.060147 -0.441671
v -0.038469 0.060372 -0.441253
v -0.038396 0.061340 -0.439979
v -0.038588 0.061455 -0.438949
v -0.037040 0.061145 -0.439548
v -0.034989 0.060568 -0.438668
v -0.032747 0.061075 -0.437207
v -0.035410 0.062071 -0.438185
v -0.035794 0.062277 -0.438150
v -0.035315 0.062289 -0.438429
v -0.032510 0.061183 -0.437247
v -0.032641 0.061353 -0.437841
v -0.035755 0.062536 -0.438371
v -0.033141 0.061251 -0.439429
v -0.034060 0.061416 -0.441017
v -0.035847 0.062423 -0.439574
v -0.036077 0.062808 -0.439045
v 0.133250 0.062262 -0.554918
v 0.136664 0.063025 -0.554134
v 0.136744 0.062439 -0.553471
v 0.132881 0.061259 -0.552117
v 0.138427 0.061571 -0.549652
v 0.138450 0.061123 -0.547556
v 0.141565 0.061640 -0.546726
v -0.045021 0.063025 -0.426917
v -0.044426 0.062439 -0.426615
v -0.044591 0.062262 -0.430392
v -0.045195 0.062864 -0.430596
v -0.044850 0.062675 -0.435326
v -0.044159 0.062052 -0.435202
v -0.042725 0.061688 -0.441538
v -0.043496 0.062316 -0.441691
v -0.041104 0.061340 -0.439719
v -0.039816 0.061324 -0.439613
v -0.040364 0.061241 -0.441173
v -0.043481 0.062935 -0.443292
v -0.042586 0.061985 -0.443325
v -0.041103 0.061078 -0.442681
v -0.041168 0.061324 -0.443956
v -0.039445 0.060911 -0.441361
v -0.039391 0.060305 -0.442462
v -0.039220 0.060425 -0.444003
v -0.041212 0.062057 -0.445027
v -0.038449 0.060901 -0.445134
v -0.037340 0.061027 -0.445620
v -0.036757 0.061238 -0.445417
v -0.036437 0.060726 -0.445617
v -0.037774 0.061144 -0.445433
v -0.038357 0.060626 -0.445083
v -0.037306 0.059865 -0.444950
v -0.039094 0.060210 -0.444041
v -0.037584 0.059256 -0.444107
v -0.037388 0.058877 -0.444436
v -0.036995 0.059615 -0.445263
v -0.037450 0.059238 -0.445439
v -0.036850 0.059891 -0.446028
v -0.037800 0.058615 -0.444810
v -0.036240 0.060518 -0.446308
v -0.035925 0.060757 -0.445901
v -0.035957 0.060844 -0.446369
v -0.035701 0.061056 -0.446318
v -0.035641 0.060963 -0.445741
v -0.035470 0.061131 -0.446102
v -0.036056 0.060959 -0.445495
v -0.033365 0.061067 -0.443178
v -0.033425 0.060930 -0.442185
v -0.035103 0.061270 -0.442862
v -0.033444 0.061213 -0.440849
v -0.031634 0.060773 -0.439978
v -0.032045 0.061166 -0.437380
v -0.030135 0.060884 -0.438691
v -0.029542 0.060407 -0.436231
v -0.028698 0.060400 -0.435816
v -0.028407 0.060701 -0.436187
v -0.032282 0.061009 -0.436892
v -0.029664 0.060144 -0.435905
v -0.027700 0.060518 -0.435049
v -0.028588 0.060123 -0.435303
v -0.027579 0.060310 -0.434641
v -0.027726 0.060052 -0.434500
v -0.028284 0.059661 -0.434667
v -0.029679 0.058884 -0.435214
v -0.039736 0.061640 -0.419777
v -0.039451 0.061123 -0.422988
v -0.040775 0.063278 -0.416221
v -0.040025 0.062622 -0.416310
v -0.042017 0.064023 -0.417337
v -0.039286 0.065025 -0.414244
v -0.038831 0.065403 -0.414370
v -0.038792 0.063682 -0.414570
v -0.038786 0.065459 -0.414623
v -0.039764 0.064251 -0.417855
v -0.039695 0.065293 -0.417894
v -0.039654 0.063321 -0.417912
v -0.039121 0.064029 -0.414110
v -0.038549 0.062949 -0.414837
v -0.038989 0.063277 -0.414311
v -0.038768 0.062723 -0.414766
v -0.038174 0.062209 -0.415786
v -0.038339 0.062072 -0.415983
v -0.038160 0.062469 -0.415754
v 0.134856 0.060737 -0.544899
v 0.138027 0.061108 -0.545320
v 0.132683 0.060690 -0.544604
v 0.132438 0.060907 -0.545130
v 0.138745 0.061062 -0.543431
v 0.135181 0.060681 -0.543058
v 0.136892 0.060617 -0.542981
v 0.136993 0.060432 -0.543036
v 0.141981 0.061705 -0.543756
v 0.141960 0.061501 -0.543502
v 0.142432 0.061397 -0.543643
v 0.140047 0.060806 -0.543612
v 0.135965 0.060280 -0.543171
v 0.135246 0.060704 -0.547955
v 0.131356 0.060222 -0.546372
v 0.133532 0.060145 -0.542912
v 0.133058 0.060500 -0.542578
v 0.132784 0.060294 -0.542602
v 0.132871 0.060687 -0.542821
v 0.131189 0.061062 -0.544389
v 0.130349 0.061549 -0.544322
v 0.129493 0.062290 -0.544214
v 0.131197 0.061218 -0.542666
v 0.131282 0.061023 -0.542410
v 0.129847 0.062359 -0.542548
v 0.131297 0.060713 -0.542463
v 0.129778 0.062229 -0.542265
v 0.129302 0.062346 -0.542234
v 0.129786 0.061655 -0.542429
v 0.144654 0.062072 -0.544116
v 0.144781 0.062209 -0.543893
v 0.144807 0.062469 -0.543868
v 0.143982 0.062332 -0.544000
v 0.145802 0.062949 -0.543921
v 0.146135 0.063682 -0.544058
v -0.035758 0.060457 -0.431899
v -0.032857 0.060293 -0.426618
v -0.035911 0.060222 -0.429249
v -0.032219 0.060713 -0.427969
v -0.037779 0.060385 -0.431919
v -0.034483 0.061055 -0.432448
v -0.039230 0.060776 -0.435537
v -0.038730 0.060704 -0.426135
v -0.041832 0.061259 -0.429781
v -0.040969 0.061046 -0.435783
v 0.128814 0.060458 -0.547134
v 0.129487 0.060385 -0.549039
v 0.127861 0.061055 -0.546125
v 0.126583 0.060776 -0.551641
v 0.126947 0.061046 -0.553359
v 0.123294 0.061340 -0.554831
v 0.122953 0.061324 -0.553585
v 0.121674 0.061241 -0.554634
v 0.120510 0.061078 -0.555844
v 0.119335 0.061324 -0.556342
v 0.118624 0.060425 -0.554526
v 0.120130 0.060305 -0.554160
v 0.117298 0.060901 -0.554189
v -0.040082 0.062598 -0.445252
v -0.041887 0.063403 -0.444658
v -0.037216 0.061312 -0.445277
v -0.035911 0.061427 -0.443711
v -0.040372 0.062201 -0.445438
v -0.042131 0.062965 -0.444891
v -0.042557 0.062623 -0.444372
v -0.043224 0.063342 -0.443844
v -0.042956 0.063715 -0.443698
v -0.038683 0.061797 -0.419717
v -0.037089 0.061706 -0.418368
v -0.036842 0.061501 -0.418303
v -0.034706 0.060432 -0.422812
v -0.035676 0.061062 -0.421301
v -0.036291 0.060806 -0.420139
v -0.037205 0.061108 -0.422622
v -0.035724 0.060737 -0.425457
v -0.036097 0.060941 -0.425865
v -0.034704 0.060690 -0.427399
v -0.034106 0.060681 -0.424522
v -0.034619 0.060617 -0.422887
v -0.034480 0.060280 -0.423824
v -0.033405 0.060145 -0.426022
v -0.032929 0.060500 -0.426353
v -0.033093 0.060687 -0.426612
v -0.037136 0.061397 -0.417908
v -0.038001 0.062332 -0.416574
v -0.039830 0.062833 -0.418715
v -0.039679 0.062490 -0.419060
v -0.039158 0.062216 -0.418802
v 0.127824 0.064362 -0.542148
v 0.123632 0.063036 -0.548737
v 0.124028 0.062260 -0.549151
v 0.121466 0.064260 -0.550644
v 0.120177 0.063629 -0.552692
v 0.122141 0.063406 -0.550131
v 0.119457 0.064276 -0.554494
v 0.119533 0.064359 -0.554585
v 0.119984 0.063007 -0.552607
v 0.119211 0.063193 -0.554223
v 0.118957 0.063332 -0.555240
v 0.119677 0.062504 -0.552066
v 0.118273 0.062753 -0.555179
v 0.118995 0.063520 -0.556238
v 0.119506 0.063784 -0.556965
v 0.120808 0.064453 -0.556712
v 0.120489 0.064020 -0.557350
v 0.122333 0.064535 -0.556893
v 0.121932 0.064139 -0.557529
v 0.128554 0.064860 -0.556319
v 0.133475 0.065084 -0.555061
v 0.128520 0.064511 -0.556751
v 0.121674 0.063882 -0.558130
v 0.120189 0.063715 -0.557933
v 0.118920 0.063403 -0.557257
v 0.118785 0.062965 -0.557566
v 0.117745 0.062598 -0.555763
v 0.143381 0.064251 -0.546095
v 0.143290 0.063321 -0.546011
v 0.142596 0.062833 -0.546451
v 0.142990 0.063833 -0.546566
v 0.143320 0.065293 -0.546044
v 0.142220 0.062490 -0.546427
v 0.142282 0.062216 -0.545851
v 0.141262 0.061797 -0.545715
v 0.146080 0.065458 -0.544071
v 0.146337 0.065403 -0.544026
v 0.146611 0.065024 -0.544410
v 0.116785 0.061144 -0.553657
v 0.116742 0.061313 -0.553079
v 0.117768 0.061427 -0.551315
v 0.119665 0.061416 -0.548657
v 0.120842 0.061251 -0.547251
v 0.121633 0.062423 -0.549841
v 0.122208 0.062808 -0.549878
v 0.122164 0.061353 -0.546237
v 0.122527 0.062289 -0.548951
v 0.122678 0.061183 -0.545910
v 0.122732 0.062536 -0.549344
v 0.122788 0.062071 -0.548956
v 0.122952 0.062277 -0.549305
v 0.121526 0.060295 -0.550677
v 0.122065 0.061145 -0.550955
v 0.122123 0.061340 -0.552377
v 0.120951 0.060372 -0.552881
v 0.121183 0.060911 -0.553834
v 0.123157 0.061455 -0.552205
v 0.123356 0.061756 -0.550948
v 0.125785 0.060895 -0.550540
v 0.123431 0.062482 -0.549279
v 0.123072 0.062939 -0.549278
v 0.128146 0.064453 -0.542185
v -0.036292 0.063406 -0.439195
v -0.035809 0.062939 -0.438028
v -0.035492 0.063036 -0.437317
v -0.035933 0.062482 -0.437692
v -0.036016 0.062260 -0.437086
v -0.037475 0.061756 -0.438333
v -0.037924 0.060895 -0.435910
v -0.031321 0.062345 -0.429764
v -0.031670 0.061655 -0.429377
v -0.032163 0.061023 -0.427964
v -0.032375 0.061218 -0.428132
v -0.033990 0.061062 -0.428729
v -0.033641 0.061549 -0.429495
v -0.033964 0.061997 -0.429986
v -0.033247 0.062289 -0.430262
v -0.031513 0.062229 -0.429329
v -0.031802 0.062358 -0.429359
v -0.030969 0.064384 -0.430660
v -0.030735 0.064362 -0.431124
v -0.030839 0.064441 -0.431213
v -0.036544 0.064260 -0.440005
v -0.038272 0.064334 -0.442109
v -0.038028 0.063629 -0.441918
v -0.037881 0.063007 -0.442068
v -0.039474 0.064276 -0.443209
vn 0.6165 -0.2598 -0.7433
vn 0.6734 -0.2856 -0.6819
vn 0.6135 -0.2542 -0.7476
vn 0.6289 -0.1094 -0.7697
vn 0.6043 -0.0805 -0.7927
vn 0.6372 -0.1118 -0.7625
vn 0.4821 -0.1502 -0.8632
vn 0.5408 -0.1470 -0.8282
vn 0.5405 -0.1460 -0.8286
vn 0.4852 -0.1855 -0.8545
vn 0.5425 -0.1980 -0.8164
vn 0.4861 -0.1830 -0.8545
vn 0.4042 -0.1491 -0.9024
vn 0.3529 -0.1475 -0.9240
vn 0.4037 -0.1499 -0.9025
vn 0.3771 -0.1212 -0.9182
vn 0.3673 -0.1260 -0.9215
vn 0.4075 -0.1342 -0.9033
vn 0.2669 -0.0972 -0.9588
vn 0.3147 -0.1139 -0.9423
vn 0.3146 -0.1147 -0.9423
vn 0.2633 -0.0059 -0.9647
vn 0.3048 0.0026 -0.9524
vn 0.2632 -0.0058 -0.9647
vn -0.1203 -0.2033 0.9717
vn -0.0955 -0.3280 0.9398
vn 0.6795 0.3453 0.6474
vn 0.8873 0.0561 -0.4577
vn 0.7068 -0.1395 0.6935
vn 0.8826 -0.0080 -0.4701
vn 0.9406 -0.3042 -0.1506
vn 0.4469 -0.0639 0.8923
vn 0.4434 -0.0907 0.8917
vn 0.9013 -0.0631 -0.4286
vn 0.9149 -0.0695 -0.3976
vn 0.9140 -0.0257 -0.4050
vn 0.9195 0.0167 -0.3927
vn 0.8807 0.0057 -0.4736
vn 0.9156 0.0102 -0.4020
vn 0.8243 -0.2137 -0.5243
vn 0.8351 -0.2364 -0.4967
vn 0.8247 -0.2135 -0.5238
vn 0.8399 -0.0157 -0.5425
vn 0.8030 0.0223 -0.5956
vn 0.8425 -0.0111 -0.5385
vn 0.7585 -0.1377 -0.6369
vn 0.7990 -0.1736 -0.5756
vn 0.7584 -0.1378 -0.6371
vn 0.7539 0.1211 -0.6457
vn 0.7109 0.1507 -0.6870
vn 0.7561 0.1249 -0.6424
vn -0.2355 0.9703 0.0550
vn -0.9986 0.0526 -0.0053
vn -0.2379 0.9680 0.0803
vn -0.3237 0.9461 -0.0129
vn -0.9256 -0.0498 -0.3752
vn -0.3402 0.9397 0.0357
vn -0.7829 0.1062 0.6130
vn -0.2367 0.9716 -0.0000
vn -0.2538 0.9672 -0.0076
vn -0.4415 0.8972 -0.0007
vn -0.9853 -0.1705 0.0055
vn -0.8454 -0.0989 0.5249
vn -0.3852 0.9180 -0.0941
vn -0.8857 -0.0800 -0.4574
vn -0.4041 0.9147 -0.0056
vn -0.2805 0.9581 -0.0582
vn -0.8785 0.0589 -0.4742
vn -0.2442 0.9625 -0.1183
vn -0.4887 0.8671 -0.0965
vn -0.8928 -0.0071 0.4505
vn -0.4029 0.9135 -0.0572
vn -0.8184 -0.2825 -0.5004
vn -0.9315 -0.3630 -0.0222
vn -0.7181 0.6913 -0.0799
vn -0.2565 0.9566 -0.1380
vn -0.1939 0.5207 0.8314
vn -0.2948 0.9535 -0.0631
vn -0.7880 0.2989 -0.5382
vn -0.2551 0.9629 -0.0875
vn -0.9268 0.3130 -0.2075
vn 0.3543 0.0465 -0.9340
vn 0.1357 0.9694 -0.2046
vn 0.1741 0.9589 -0.2240
vn 0.1120 0.9526 -0.2828
vn 0.1324 0.9539 -0.2694
vn 0.0135 -0.0015 -0.9999
vn -0.4885 0.7950 0.3596
vn -0.4665 0.8060 0.3644
vn -0.1081 0.6345 -0.7653
vn 0.0553 0.1939 -0.9795
vn 0.0057 0.9905 -0.1375
vn 0.0121 0.9947 -0.1017
vn -0.1662 -0.3455 -0.9236
vn 0.2015 0.6515 -0.7314
vn -0.7543 0.2319 -0.6143
vn -0.7749 0.2211 0.5921
vn -0.2284 0.9348 0.2719
vn -0.1279 0.9531 0.2742
vn 0.1206 0.3337 -0.9349
vn 0.0010 0.9686 -0.2485
vn -0.2305 0.3177 -0.9198
vn -0.1559 0.7962 0.5846
vn 0.1455 -0.0166 0.9892
vn 0.7917 0.2972 0.5337
vn -0.5248 0.6702 0.5248
vn -0.6921 -0.3836 0.6114
vn -0.5388 0.6045 0.5867
vn -0.6050 0.6477 0.4630
vn -0.6018 0.6960 0.3917
vn -0.6222 -0.4079 0.6682
vn -0.9982 -0.0587 0.0139
vn -0.8529 -0.0818 0.5156
vn -0.3247 0.9369 0.1292
vn 0.8810 -0.0157 0.4728
vn 0.6012 0.7973 0.0539
vn 0.2305 0.2966 0.9267
vn 0.7120 0.6392 -0.2908
vn 0.8990 -0.3301 -0.2879
vn 0.6520 0.6957 -0.3014
vn 0.6740 0.6035 -0.4260
vn 0.8830 -0.4286 -0.1916
vn 0.6389 0.6382 -0.4295
vn 0.3836 -0.0602 -0.9215
vn 0.2388 0.9307 -0.2771
vn 0.7762 -0.0773 -0.6257
vn -0.9041 -0.2435 0.3511
vn -0.8696 -0.2734 0.4112
vn -0.9008 -0.2480 0.3565
vn -0.9589 -0.0635 0.2766
vn -0.9380 -0.0796 0.3374
vn -0.9358 -0.0849 0.3423
vn -0.9585 -0.1116 0.2625
vn -0.9350 -0.1334 0.3286
vn -0.9583 -0.1087 0.2642
vn -0.9784 0.0447 0.2017
vn -0.9888 0.0662 0.1335
vn -0.9774 0.0406 0.2074
vn -0.9850 -0.0827 0.1512
vn -0.9851 -0.0797 0.1524
vn -0.9708 -0.0893 0.2227
vn -0.9965 -0.0825 0.0091
vn -0.9937 -0.0818 0.0762
vn -0.9931 -0.0839 0.0825
vn -0.9955 -0.0916 0.0254
vn -0.9956 -0.0525 0.0781
vn -0.9955 -0.0917 0.0255
vn -0.9436 -0.3299 -0.0291
vn -0.9395 -0.3331 -0.0793
vn -0.9440 -0.3284 -0.0323
vn -0.9796 -0.1770 -0.0957
vn -0.9796 -0.1769 -0.0957
vn -0.9851 -0.1665 -0.0422
vn -0.7316 0.0526 0.6797
vn -0.7414 -0.0121 0.6710
vn 0.4138 -0.1368 0.9000
vn 0.6884 -0.0611 0.7227
vn -0.4598 -0.3031 0.8347
vn 0.6893 -0.0890 0.7190
vn -0.7130 -0.0555 0.6989
vn -0.6929 -0.0118 0.7210
vn -0.6878 -0.0626 0.7232
vn -0.7524 0.0016 0.6587
vn -0.6847 0.0135 0.7287
vn -0.6920 0.0069 0.7219
vn -0.7696 -0.2154 0.6011
vn -0.7528 -0.2475 0.6099
vn -0.7705 -0.2266 0.5959
vn -0.8478 0.0637 0.5264
vn -0.7967 0.0273 0.6038
vn -0.7946 0.0223 0.6068
vn -0.8617 -0.1567 0.4825
vn -0.8357 -0.1883 0.5158
vn -0.8620 -0.1570 0.4821
vn -0.9069 0.0041 0.4214
vn -0.8685 -0.0279 0.4949
vn -0.8665 -0.0237 0.4986
vn 0.9545 -0.2038 0.2179
vn 0.3770 0.3466 0.8589
vn 0.9156 -0.3293 0.2306
vn -0.3088 -0.9447 0.1105
vn -0.7622 -0.2990 0.5742
vn -0.3293 -0.9410 0.0784
vn -0.8206 -0.0448 0.5697
vn -0.9884 0.0115 0.1514
vn -0.5653 -0.8150 0.1277
vn -0.4207 -0.9035 0.0820
vn -0.8086 -0.2134 0.5483
vn -0.4236 -0.9030 0.0722
vn 0.9130 -0.0842 -0.3991
vn 0.3731 -0.8489 -0.3743
vn 0.6046 -0.0303 -0.7960
vn 0.3187 -0.0248 -0.9475
vn 0.1902 -0.8531 -0.4859
vn -0.1174 -0.0866 -0.9893
vn -0.0276 -0.9909 0.1318
vn -0.0670 -0.9889 0.1323
vn -0.7457 -0.4630 0.4791
vn -0.1662 -0.3535 -0.9205
vn 0.0968 -0.9642 -0.2469
vn 0.1528 -0.3108 -0.9381
vn 0.9144 -0.2244 -0.3369
vn 0.7982 -0.2014 -0.5678
vn 0.3074 -0.9167 -0.2552
vn 0.3403 -0.8939 -0.2919
vn 0.3287 -0.8892 -0.3181
vn -0.5126 -0.6083 -0.6060
vn -0.9394 -0.3096 -0.1472
vn -0.9409 -0.3026 -0.1521
vn -0.9431 -0.2835 -0.1739
vn -0.9756 -0.0856 -0.2020
vn -0.9776 -0.1179 -0.1746
vn -0.9757 -0.0856 -0.2018
vn 0.1520 -0.1692 -0.9738
vn 0.1708 -0.1962 -0.9656
vn 0.1762 -0.1956 -0.9647
vn 0.1451 -0.0838 -0.9859
vn 0.1657 -0.1234 -0.9784
vn 0.1448 -0.0838 -0.9859
vn -0.9994 0.0119 -0.0332
vn -0.9967 0.0323 -0.0747
vn -0.9994 0.0122 -0.0329
vn -0.9757 -0.2156 -0.0394
vn -0.9773 -0.1925 -0.0880
vn -0.9764 -0.1964 -0.0901
vn -0.9645 -0.2526 0.0770
vn -0.9684 -0.2430 0.0558
vn -0.9679 -0.2408 0.0725
vn -0.9862 -0.0439 -0.1596
vn -0.9955 -0.0037 -0.0949
vn -0.9853 -0.0466 -0.1645
vn -0.9728 -0.1607 -0.1669
vn -0.9715 -0.1638 -0.1711
vn -0.9692 -0.1607 -0.1864
vn -0.9814 -0.0640 -0.1812
vn -0.9782 -0.0478 -0.2022
vn -0.9781 -0.0478 -0.2026
vn -0.9718 0.2229 0.0770
vn -0.9701 0.2267 0.0870
vn -0.9700 0.2147 0.1142
vn -0.9682 -0.0579 -0.2433
vn -0.9710 -0.0586 -0.2318
vn -0.9721 -0.0563 -0.2276
vn -0.9294 -0.2556 0.2662
vn -0.9508 -0.2373 0.1992
vn -0.9502 -0.2318 0.2083
vn -0.9454 0.0704 0.3182
vn -0.9589 0.0841 0.2709
vn -0.9476 0.0678 0.3122
vn -0.8765 -0.2398 0.4175
vn -0.9142 -0.2196 0.3408
vn -0.9163 -0.2245 0.3316
vn -0.8749 0.1054 0.4727
vn -0.8956 0.1281 0.4260
vn -0.8766 0.1023 0.4703
vn -0.8166 -0.1621 0.5539
vn -0.8672 -0.1179 0.4838
vn -0.8719 -0.1291 0.4723
vn -0.7874 0.0077 0.6164
vn -0.8275 0.0306 0.5606
vn -0.7942 -0.0032 0.6077
vn -0.7656 -0.1668 0.6213
vn -0.7809 -0.1407 0.6086
vn -0.7824 -0.1445 0.6058
vn -0.6904 0.1373 0.7103
vn -0.6871 0.0825 0.7218
vn -0.7115 0.0882 0.6972
vn -0.7082 0.0154 0.7058
vn -0.7613 0.0074 0.6484
vn -0.7021 0.0299 0.7114
vn 0.4897 -0.0568 0.8701
vn 0.4833 -0.0551 0.8737
vn 0.4894 -0.0575 0.8702
vn 0.4418 -0.0263 0.8967
vn 0.4346 -0.0259 0.9002
vn 0.4347 -0.0259 0.9002
vn 0.3920 0.3399 -0.8549
vn 0.0570 0.5619 -0.8252
vn 0.2222 0.4946 -0.8402
vn 0.5027 0.2226 -0.8353
vn 0.1371 0.5447 -0.8274
vn 0.4929 0.2766 -0.8249
vn -0.3654 0.7331 -0.5736
vn -0.2766 0.7483 -0.6029
vn -0.0191 0.6226 -0.7823
vn -0.0287 0.6205 -0.7837
vn -0.3050 0.7391 -0.6006
vn 0.1291 0.5752 -0.8078
vn -0.4814 0.7366 -0.4750
vn -0.3062 0.7508 -0.5852
vn -0.3748 0.7407 -0.5575
vn -0.4396 0.8885 -0.1319
vn -0.2685 0.8763 -0.4000
vn -0.8452 0.3692 -0.3863
vn -0.5159 0.7333 -0.4429
vn -0.2962 0.7829 -0.5470
vn -0.4926 0.7330 -0.4691
vn -0.5221 0.7200 -0.4572
vn -0.6059 0.7050 -0.3687
vn -0.5345 0.7358 -0.4159
vn -0.9743 0.1019 -0.2008
vn -0.6252 0.7783 -0.0575
vn -0.9442 0.1663 -0.2842
vn -0.6360 0.6252 -0.4524
vn -0.6404 0.7240 -0.2562
vn -0.9717 0.0515 -0.2304
vn -0.6442 0.7206 -0.2564
vn -0.7037 0.6857 -0.1859
vn -0.6198 0.7363 -0.2714
vn -0.6573 0.6982 -0.2837
vn -0.7269 0.6550 -0.2065
vn -0.7031 0.6781 -0.2142
vn -0.3967 0.8298 -0.3925
vn -0.9233 0.3560 -0.1441
vn -0.4266 0.9021 -0.0647
vn -0.7323 0.5868 -0.3454
vn -0.9909 -0.0355 -0.1295
vn -0.9963 -0.0495 -0.0703
vn -0.7838 0.6122 -0.1046
vn -0.7494 0.6539 -0.1037
vn -0.7637 0.6288 -0.1461
vn -0.6916 0.6980 -0.1858
vn -0.7487 0.6453 -0.1520
vn -0.7395 0.6678 -0.0847
vn -0.9502 0.3071 0.0532
vn -0.4886 0.7978 -0.3533
vn -0.9601 0.2796 -0.0028
vn -0.8514 0.5230 0.0399
vn -0.8518 0.5217 -0.0476
vn -0.9670 -0.2472 0.0611
vn -0.7901 0.6130 0.0086
vn -0.7444 0.6610 -0.0951
vn -0.7861 0.6161 -0.0502
vn -0.7368 0.6759 0.0152
vn -0.7504 0.6546 -0.0913
vn -0.7780 0.6279 0.0191
vn -0.9289 -0.3008 0.2160
vn -0.8471 0.5226 0.0964
vn -0.9466 -0.2857 0.1495
vn -0.7209 0.6922 0.0336
vn -0.7626 0.6431 0.0697
vn -0.7209 0.6749 0.1576
vn -0.5419 0.8404 0.0040
vn -0.5392 0.8406 0.0509
vn -0.9621 0.1573 0.2227
vn -0.7496 0.6426 0.1585
vn -0.7803 0.6138 0.1199
vn -0.7755 0.6060 0.1770
vn -0.8569 -0.0094 -0.5153
vn -0.9415 0.1841 0.2824
vn -0.9164 0.2454 0.3163
vn -0.7360 0.6362 0.2316
vn -0.6989 0.6531 0.2915
vn -0.7010 0.6836 0.2033
vn -0.8314 0.3820 0.4036
vn -0.1995 0.9766 0.0799
vn -0.4443 0.8577 -0.2587
vn -0.6348 0.7097 0.3056
vn -0.7115 0.6764 0.1901
vn -0.7141 0.6419 0.2793
vn -0.6999 0.6440 0.3088
vn -0.6620 0.6547 0.3648
vn -0.6465 0.6983 0.3072
vn -0.7930 -0.1375 0.5936
vn -0.3438 0.6878 0.6393
vn -0.8219 -0.0899 0.5624
vn -0.5564 0.7441 0.3698
vn -0.6316 0.7159 0.2977
vn -0.6416 0.6699 0.3735
vn -0.6294 0.6363 0.4461
vn -0.6126 0.6334 0.4728
vn -0.5552 0.6889 0.4660
vn -0.5632 0.7276 0.3917
vn -0.6186 0.6648 0.4188
vn -0.5541 0.7128 0.4299
vn -0.6162 0.6042 0.5053
vn -0.5877 0.6366 0.4994
vn -0.6194 0.6109 0.4932
vn -0.5652 0.6631 0.4908
vn -0.5464 0.6952 0.4670
vn -0.6103 0.6189 0.4945
vn -0.1359 -0.0115 0.9907
vn 0.6264 -0.6919 0.3590
vn 0.6947 -0.0783 0.7150
vn -0.1284 0.3731 0.9188
vn 0.7050 0.1604 0.6908
vn -0.0647 0.5579 0.8274
vn 0.1500 0.5132 0.8451
vn 0.8279 0.0695 0.5565
vn 0.8910 0.1330 0.4341
vn 0.1441 0.5740 0.8061
vn 0.8752 0.1236 0.4676
vn 0.2301 0.7129 0.6624
vn -0.5268 0.6727 0.5196
vn 0.2108 0.6032 0.7692
vn 0.3147 0.7700 0.5550
vn 0.2737 0.7609 0.5884
vn 0.8593 0.0975 0.5021
vn 0.8616 -0.0241 0.5071
vn 0.9934 -0.0109 0.1143
vn 0.7399 -0.6225 -0.2548
vn 0.5768 -0.8093 -0.1111
vn 0.7349 -0.4184 0.5337
vn 0.6863 -0.6672 -0.2897
vn 0.6430 -0.6423 -0.4171
vn -0.5022 0.8636 0.0452
vn -0.6826 0.7008 0.2070
vn -0.0085 0.6495 0.7603
vn -0.5081 0.7740 0.3778
vn -0.4260 0.8408 0.3340
vn -0.5549 0.7533 0.3532
vn 0.3170 0.7626 0.5639
vn 0.8819 -0.0670 0.4666
vn 0.3652 0.7444 0.5590
vn 0.6676 0.4842 0.5656
vn -0.0730 0.9562 0.2834
vn 0.4903 0.4388 0.7531
vn 0.7903 -0.5279 0.3110
vn 0.3360 -0.7347 -0.5894
vn 0.8650 -0.4811 0.1427
vn 0.4586 0.6725 0.5809
vn 0.9199 -0.1483 0.3630
vn 0.9324 -0.1855 0.3101
vn -0.5627 0.8227 0.0808
vn -0.5836 0.8117 -0.0224
vn -0.6548 0.7543 0.0481
vn -0.5445 0.8364 0.0637
vn -0.4528 0.8913 0.0225
vn -0.5614 0.8267 -0.0373
vn -0.6480 0.7609 0.0325
vn -0.7006 0.6956 0.1591
vn -0.6031 0.7858 0.1370
vn -0.6581 0.7521 0.0345
vn -0.6288 0.7648 0.1404
vn -0.5666 0.8211 0.0688
vn -0.3930 0.9161 0.0794
vn -0.2423 0.9653 0.0976
vn -0.3413 0.9397 -0.0237
vn -0.6130 0.7684 0.1838
vn -0.2930 0.9431 0.1573
vn -0.2430 0.9679 0.0647
vn -0.4000 0.9142 0.0647
vn -0.2203 0.9599 0.1737
vn -0.4007 0.9026 0.1575
vn -0.2833 0.9497 0.1334
vn -0.4081 0.9102 0.0711
vn -0.3815 0.9087 0.1694
vn -0.3921 0.9158 0.0867
vn -0.4749 0.8706 0.1285
vn -0.2926 0.9413 0.1682
vn -0.3136 0.9254 0.2129
vn -0.2514 0.9460 0.2048
vn -0.2554 0.9478 0.1908
vn -0.3227 0.9263 0.1944
vn -0.2868 0.9335 0.2153
vn -0.4658 0.8792 0.1000
vn -0.4567 0.8721 0.1756
vn -0.3710 0.9160 0.1527
vn -0.4985 0.8392 0.2173
vn -0.5360 0.8336 0.1336
vn -0.5785 0.7971 0.1735
vn -0.3742 0.8965 0.2371
vn -0.4150 0.8625 0.2896
vn -0.3407 0.9047 0.2558
vn -0.4090 0.8641 0.2934
vn -0.3578 0.9009 0.2456
vn -0.4647 0.8519 0.2416
vn -0.3842 0.8749 0.2949
vn -0.5514 0.7885 0.2725
vn -0.5114 0.8313 0.2179
vn -0.5859 0.7944 0.1604
vn -0.4861 0.8467 0.2162
vn -0.5616 0.7880 0.2523
vn -0.4275 0.8591 0.2813
vn -0.9374 0.3401 0.0756
vn -0.8655 0.4946 -0.0787
vn -0.7948 0.5620 -0.2288
vn -0.9438 0.2766 0.1810
vn -0.8244 0.5447 -0.1541
vn -0.9569 0.2226 0.1866
vn -0.7290 0.6224 -0.2850
vn -0.4724 0.7482 -0.4658
vn -0.4146 0.7330 -0.5393
vn -0.8032 0.5752 -0.1550
vn -0.4601 0.7391 -0.4920
vn -0.7267 0.6205 -0.2950
vn -0.3953 0.7409 -0.5430
vn -0.4448 0.7510 -0.4880
vn -0.2824 0.7369 -0.6141
vn -0.0737 0.3690 -0.9265
vn -0.2839 0.8758 -0.3904
vn 0.0208 0.8885 -0.4584
vn -0.2723 0.7330 -0.6233
vn -0.4127 0.7829 -0.4655
vn -0.2397 0.7332 -0.6363
vn -0.2510 0.7200 -0.6470
vn -0.2080 0.7358 -0.6445
vn -0.1392 0.7050 -0.6954
vn 0.1492 0.7806 -0.6070
vn 0.1391 0.1103 -0.9841
vn 0.0523 0.1665 -0.9847
vn -0.2020 0.6257 -0.7534
vn 0.1269 0.0525 -0.9905
vn -0.0215 0.7229 -0.6906
vn -0.8728 0.4594 0.1648
vn -0.6725 0.7165 -0.1854
vn -0.7527 0.6158 -0.2329
vn -0.7506 0.6436 -0.1496
vn -0.4148 0.8387 -0.3528
vn -0.4483 0.7722 -0.4503
vn -0.6966 0.7068 -0.1237
vn -0.4147 0.8396 -0.3509
vn -0.7591 0.6290 -0.1679
vn -0.9389 0.3363 0.0730
vn -0.6974 0.7165 0.0135
vn -0.7253 0.6883 0.0130
vn -0.8593 0.4876 0.1544
vn -0.6379 0.7684 -0.0523
vn -0.9012 0.4165 0.1195
vn -0.6161 0.7877 -0.0033
vn -0.4327 0.8553 -0.2850
vn -0.7175 0.6913 -0.0857
vn -0.3783 0.8865 -0.2665
vn -0.7704 0.5788 0.2672
vn -0.6354 0.7713 -0.0361
vn -0.8258 0.5209 0.2161
vn -0.4220 0.7795 -0.4629
vn -0.4095 0.8350 -0.3676
vn -0.2030 0.8244 -0.5283
vn -0.1647 0.7612 -0.6272
vn -0.4060 0.7638 -0.5017
vn -0.1812 0.8144 -0.5513
vn -0.3881 0.8454 -0.3670
vn -0.3569 0.8887 -0.2877
vn -0.1989 0.8671 -0.4567
vn -0.1990 0.8143 -0.5453
vn -0.0430 0.7363 -0.6753
vn 0.0660 0.6858 -0.7248
vn -0.0206 0.7206 -0.6930
vn 0.0392 0.6781 -0.7340
vn 0.0546 0.6550 -0.7537
vn -0.0427 0.7001 -0.7128
vn -0.0630 0.7895 -0.6105
vn 0.0407 0.7039 -0.7091
vn -0.0435 0.7263 -0.6860
vn 0.0619 0.6979 -0.7135
vn 0.1733 0.6677 -0.7240
vn 0.1132 0.6452 -0.7556
vn 0.0842 0.9041 -0.4189
vn 0.1729 0.3543 -0.9190
vn -0.2318 0.8339 -0.5009
vn 0.1698 0.6121 -0.7724
vn 0.1239 0.6287 -0.7677
vn 0.1588 0.6538 -0.7398
vn 0.2666 -0.0465 -0.9627
vn 0.2172 -0.0312 -0.9756
vn -0.0759 0.5901 -0.8037
vn -0.1641 0.7828 -0.6002
vn 0.3699 0.2812 -0.8855
vn 0.3213 0.2534 -0.9125
vn 0.2964 0.6043 -0.7396
vn 0.2479 0.6065 -0.7554
vn 0.2894 0.6544 -0.6986
vn 0.1686 0.6670 -0.7258
vn 0.2772 0.6716 -0.6871
vn 0.2265 0.6234 -0.7484
vn 0.4535 -0.2970 -0.8403
vn 0.7646 0.3839 -0.5177
vn 0.5119 -0.3326 -0.7920
vn 0.2865 0.6624 -0.6922
vn 0.4015 0.6430 -0.6522
vn 0.3313 0.6109 -0.7191
vn 0.3766 0.6286 -0.6805
vn 0.3184 0.6214 -0.7158
vn 0.3778 0.6643 -0.6449
vn 0.5668 0.4356 -0.6993
vn 0.5726 0.3632 -0.7350
vn 0.0592 -0.2377 -0.9695
vn 0.3654 0.7777 -0.5115
vn 0.6108 -0.0329 -0.7911
vn 0.0713 0.6528 -0.7542
vn 0.4567 0.6281 -0.6300
vn 0.4248 0.6758 -0.6023
vn 0.5020 0.6435 -0.5778
vn 0.6444 0.5626 -0.5179
vn 0.6823 -0.3132 -0.6606
vn 0.7854 0.5078 -0.3541
vn 0.6373 0.4986 -0.5876
vn 0.5608 0.5595 -0.6103
vn 0.3822 0.8926 0.2392
vn 0.4823 0.7324 -0.4806
vn 0.4924 0.6633 -0.5636
vn 0.4102 0.6917 -0.5944
vn 0.5325 0.6601 -0.5298
vn 0.5108 0.7133 -0.4798
vn 0.5715 0.6698 -0.4740
vn 0.7807 -0.2353 -0.5790
vn 0.7869 0.5993 -0.1470
vn 0.7962 -0.2779 -0.5375
vn 0.5376 0.7447 -0.3955
vn 0.5705 0.6699 -0.4752
vn 0.4958 0.7159 -0.4917
vn 0.6287 0.6414 -0.4397
vn 0.6209 0.6943 -0.3639
vn 0.6482 0.6386 -0.4148
vn 0.5567 0.7313 -0.3941
vn 0.5935 0.7129 -0.3736
vn 0.6051 0.6648 -0.4381
vn 0.6882 0.6050 -0.4005
vn 0.6770 0.6113 -0.4099
vn 0.6716 0.6373 -0.3779
vn 0.6539 0.6641 -0.3625
vn 0.6724 0.6214 -0.4022
vn 0.6245 0.6958 -0.3548
vn 0.4368 -0.0764 0.8963
vn 0.1275 -0.6917 0.7108
vn 0.9776 -0.0090 0.2100
vn 0.7996 0.5578 0.2226
vn 0.4078 0.1601 0.8989
vn 0.9073 0.3731 0.1939
vn 0.1031 0.1330 0.9857
vn 0.2398 0.0695 0.9683
vn 0.7429 0.5130 0.4300
vn 0.4141 0.7700 0.4854
vn 0.6508 0.6031 0.4612
vn 0.6688 0.6723 -0.3174
vn 0.5437 0.7131 0.4427
vn 0.1401 0.1238 0.9824
vn 0.7080 0.5742 0.4111
vn 0.1820 -0.0246 0.9830
vn 0.1779 0.0970 0.9793
vn 0.4593 0.7606 0.4589
vn -0.3014 -0.8092 0.5043
vn -0.4926 -0.6223 0.6084
vn -0.2326 -0.0104 0.9725
vn -0.6120 -0.6421 0.4617
vn -0.5068 -0.6673 0.5458
vn 0.2502 -0.4178 0.8734
vn 0.2141 0.8636 -0.4565
vn 0.7170 0.6498 0.2523
vn 0.4280 0.7008 -0.5707
vn 0.5216 0.7533 -0.4006
vn 0.4595 0.8408 -0.2861
vn 0.5286 0.7742 -0.3481
vn 0.3985 0.7365 0.5465
vn 0.1370 -0.0673 0.9883
vn 0.4212 0.7626 0.4909
vn 0.2916 0.9561 0.0287
vn 0.3033 0.4838 0.8209
vn 0.5401 0.4383 0.7185
vn -0.1618 -0.4811 0.8616
vn -0.6688 -0.7346 0.1142
vn 0.0220 -0.5279 0.8490
vn -0.0260 -0.1860 0.9822
vn 0.0266 -0.1479 0.9886
vn 0.3879 0.6733 0.6294
vn 0.4418 0.8355 -0.3269
vn 0.4506 0.8454 -0.2867
vn 0.5364 0.7543 -0.3785
vn 0.4970 0.7339 -0.4631
vn 0.4569 0.8394 -0.2943
vn 0.5364 0.7571 -0.3729
vn -0.4418 -0.8495 0.2886
vn -0.3880 -0.8593 0.3332
vn 0.0438 -0.2326 0.9716
vn -0.5313 -0.8000 0.2788
vn -0.5558 -0.7679 0.3185
vn 0.2272 -0.7859 0.5751
vn -0.0507 -0.5321 0.8451
vn -0.6078 -0.7928 0.0460
vn 0.1045 -0.6006 0.7927
vn 0.3617 0.6806 0.6372
vn 0.0479 -0.1980 0.9790
vn -0.0113 -0.1674 0.9858
vn 0.1673 0.8805 -0.4436
vn 0.4955 0.7716 0.3989
vn 0.3535 0.7817 -0.5139
vn -0.4186 -0.8712 0.2565
vn -0.2419 -0.9427 0.2297
vn 0.2527 -0.3725 0.8930
vn 0.2759 0.6504 0.7077
vn -0.0166 -0.2345 0.9720
vn 0.3003 0.6669 0.6819
vn 0.0209 -0.5167 0.8559
vn -0.4401 -0.8978 0.0169
vn 0.1735 -0.5645 0.8070
vn -0.1365 -0.9882 0.0696
vn -0.1498 -0.9839 0.0972
vn 0.0916 -0.3684 0.9251
vn 0.0019 -0.2433 0.9700
vn 0.2503 0.6540 0.7139
vn 0.0675 -0.2509 0.9656
vn 0.1824 -0.3919 0.9018
vn 0.1491 -0.9884 -0.0305
vn -0.0529 -0.9982 0.0274
vn 0.2029 -0.1583 0.9663
vn 0.1995 0.7360 0.6469
vn 0.0317 0.7550 0.6550
vn 0.0105 0.9977 0.0669
vn 0.2366 0.5241 0.8182
vn 0.4471 0.5278 0.7222
vn 0.6328 0.7719 -0.0621
vn -0.0248 0.9624 -0.2707
vn 0.0100 0.9610 -0.2764
vn 0.4189 0.7981 0.4331
vn 0.1607 0.8825 -0.4421
vn -0.1128 0.9332 -0.3411
vn 0.3493 0.4862 0.8010
vn -0.0845 0.9868 0.1379
vn 0.1351 0.5063 0.8517
vn 0.2292 0.9647 -0.1293
vn 0.1560 0.9669 -0.2018
vn 0.1575 0.9811 -0.1128
vn 0.2385 0.9599 -0.1476
vn 0.2481 0.9431 -0.2215
vn 0.1439 0.9679 -0.2063
vn 0.3004 0.9335 -0.1959
vn 0.2930 0.9263 -0.2368
vn 0.2666 0.9478 -0.1748
vn 0.2784 0.9460 -0.1662
vn 0.3073 0.9254 -0.2219
vn 0.2581 0.9413 -0.2174
vn 0.3569 0.9047 -0.2327
vn 0.4141 0.8625 -0.2909
vn 0.3508 0.8965 -0.2705
vn 0.4085 0.8749 -0.2603
vn 0.3860 0.8519 -0.3540
vn 0.3532 0.9009 -0.2522
vn 0.4156 0.8641 -0.2840
vn 0.4106 0.8591 -0.3055
vn 0.4292 0.7880 -0.4414
vn 0.3695 0.8467 -0.3828
vn 0.3796 0.8313 -0.4061
vn 0.4446 0.7885 -0.4249
vn 0.3511 0.7944 -0.4957
vn 0.4182 0.6778 -0.6047
vn 0.3824 0.7684 -0.5132
vn 0.5091 0.7067 -0.4913
vn 0.3608 0.7971 -0.4843
vn 0.3089 0.8336 -0.4580
vn 0.3747 0.8392 -0.3941
vn 0.2703 0.9160 -0.2964
vn 0.3212 0.8721 -0.3690
vn 0.2533 0.8792 -0.4035
vn 0.3894 0.6957 -0.6036
vn 0.2523 0.7606 -0.5982
vn 0.3349 0.7859 -0.5199
vn 0.2577 0.7518 -0.6069
vn 0.2583 0.8210 -0.5092
vn 0.3469 0.7648 -0.5429
vn 0.2897 0.9087 -0.3006
vn 0.2832 0.8706 -0.4023
vn 0.2156 0.9158 -0.3388
vn 0.2063 0.9102 -0.3592
vn 0.2222 0.9498 -0.2202
vn 0.2850 0.9026 -0.3226
vn 0.1976 0.9142 -0.3537
vn 0.2692 0.7539 -0.5993
vn 0.1789 0.8115 -0.5563
vn 0.2686 0.8224 -0.5015
vn 0.1570 0.8267 -0.5403
vn 0.1760 0.8913 -0.4178
vn 0.2461 0.8364 -0.4898
vn 0.1486 0.6826 -0.7155
vn 0.1451 0.7704 -0.6208
vn 0.2619 0.6898 -0.6750
vn 0.1826 0.8208 -0.5412
vn 0.0778 0.8914 -0.4466
vn 0.2048 0.8856 -0.4167
vn 0.1748 0.9647 -0.1969
vn 0.2091 0.9161 -0.3422
vn 0.0945 0.9397 -0.3288
vn 0.0599 0.8883 -0.4554
vn 0.0881 0.9428 -0.3215
vn 0.1945 0.8903 -0.4118
vn 0.1625 0.6817 -0.7133
vn 0.0502 0.7843 -0.6183
vn 0.1728 0.7684 -0.6162
vn 0.0462 0.7005 -0.7122
vn 0.0388 0.7904 -0.6113
vn 0.0519 0.7110 -0.7013
vn -0.0626 0.7992 -0.5978
vn 0.0300 0.8295 -0.5577
vn 0.0639 0.8938 -0.4439
vn 0.1673 0.8191 -0.5487
vn -0.0876 0.8511 -0.5176
vn 0.0298 0.7912 -0.6108
vn -0.0679 0.7890 -0.6106
vn -0.0578 0.8950 -0.4423
vn -0.0652 0.8486 -0.5250
vn -0.0389 0.9018 -0.4303
vn 0.0363 0.8333 -0.5516
vn -0.1776 0.9129 -0.3674
vn -0.0132 0.9478 -0.3186
vn 0.1061 0.9438 -0.3132
vn -0.3058 0.9305 -0.2015
vn -0.1328 0.9567 -0.2591
vn -0.2956 0.9420 -0.1588
vn -0.3393 0.8972 -0.2827
vn -0.5749 0.8096 -0.1190
vn -0.0177 0.9396 -0.3418
vn 0.0358 0.9805 -0.1931
vn 0.1010 0.9373 -0.3335
vn 0.1477 0.9728 -0.1782
vn -0.2957 0.9354 -0.1939
vn -0.2508 0.9645 -0.0831
vn -0.1221 0.9645 -0.2340
vn -0.1498 0.9566 -0.2501
vn -0.2693 0.9596 -0.0811
vn -0.0893 0.9882 -0.1243
vn -0.6061 0.7921 -0.0721
vn -0.5160 0.8545 0.0605
vn -0.3452 0.9245 -0.1617
vn -0.4623 0.8866 0.0172
vn -0.5513 0.8315 -0.0688
vn -0.7118 0.6618 0.2353
vn -0.6244 0.7445 0.2365
vn -0.4506 0.8913 0.0508
vn -0.7207 0.6527 0.2335
vn -0.3756 0.9234 0.0785
vn -0.4850 0.8727 0.0565
vn -0.6515 0.7174 0.2469
vn -0.1651 0.9853 -0.0445
vn -0.0800 0.9858 -0.1478
vn -0.2624 0.9590 -0.1070
vn -0.0315 0.5966 0.8019
vn -0.3709 0.9287 -0.0019
vn -0.2395 0.3755 0.8954
vn 0.3206 -0.2635 0.9098
vn -0.1001 0.5545 0.8261
vn -0.2616 0.3853 0.8850
vn -0.0007 0.9989 -0.0475
vn -0.0673 0.9900 -0.1241
vn -0.1647 0.9858 -0.0337
vn 0.0018 0.7088 0.7054
vn 0.0057 0.9775 -0.2108
vn -0.2780 0.9484 -0.1525
vn 0.1142 -0.2714 0.9557
vn -0.1198 0.6066 0.7860
vn 0.2995 -0.1934 0.9343
vn 0.4384 -0.3910 0.8093
vn 0.4046 -0.9027 -0.1462
vn 0.3234 -0.4398 0.8378
vn 0.1689 -0.4761 0.8630
vn 0.1093 -0.9878 -0.1112
vn 0.1263 -0.4677 0.8748
vn 0.1160 -0.3260 0.9382
vn 0.0847 0.6478 0.7571
vn 0.0127 0.6237 0.7816
vn 0.2137 -0.2069 0.9547
vn -0.0347 0.7074 0.7060
vn 0.1436 -0.2345 0.9615
vn 0.1059 0.9866 -0.1240
vn 0.0045 0.9825 -0.1861
vn -0.0125 0.9988 -0.0463
vn 0.0960 0.9873 -0.1265
vn 0.1343 0.9656 -0.2225
vn 0.0196 0.9763 -0.2157
vn -0.5392 0.7543 0.3746
vn -0.4236 0.8454 0.3254
vn -0.4583 0.8354 0.3034
vn -0.5339 0.7571 0.3765
vn -0.4328 0.8394 0.3287
vn -0.6051 0.7339 0.3086
vn 0.8981 -0.2326 0.3732
vn 0.4457 -0.8594 -0.2506
vn 0.4219 -0.8498 -0.3160
vn -0.4742 0.8804 0.0055
vn -0.6040 0.7815 0.1564
vn 0.2051 0.7716 0.6022
vn 0.4632 -0.7853 0.4107
vn 0.4894 -0.7680 -0.4130
vn 0.4439 -0.8000 -0.4038
vn 0.7092 -0.6007 0.3692
vn 0.2510 -0.7927 -0.5555
vn 0.8118 -0.5338 0.2369
vn 0.9047 -0.2003 0.3759
vn 0.4748 0.6796 0.5591
vn 0.9307 -0.1673 0.3252
vn 0.5701 0.6508 0.5014
vn 0.5379 0.6673 0.5152
vn 0.9206 -0.2351 0.3119
vn 0.7527 -0.3726 0.5427
vn 0.2985 -0.9427 -0.1488
vn 0.3840 -0.8712 -0.3057
vn 0.5257 0.5277 0.6672
vn 0.6879 0.5240 0.5022
vn 0.0593 0.9977 0.0329
vn -0.2629 0.9611 -0.0848
vn -0.2456 0.9624 -0.1156
vn -0.2849 0.7635 0.5795
vn 0.6990 -0.5646 0.4389
vn 0.1662 -0.8978 -0.4079
vn 0.7970 -0.5169 0.3123
vn 0.8380 -0.3682 0.4026
vn 0.1427 -0.9839 -0.1074
vn 0.1123 -0.9882 -0.1044
vn 0.8843 -0.2509 0.3937
vn 0.5850 0.6537 0.4800
vn 0.9111 -0.2432 0.3328
vn -0.0793 -0.9883 0.1300
vn 0.7852 -0.3914 0.4799
vn 0.0442 -0.9982 -0.0401
vn 0.6043 0.7553 0.2537
vn 0.5394 0.7363 0.4085
vn 0.8387 -0.1578 0.5212
vn -0.2820 0.9332 -0.2228
vn -0.4704 0.8824 -0.0002
vn 0.2636 0.7982 0.5417
vn 0.7542 0.5062 0.4182
vn 0.1586 0.9868 -0.0322
vn 0.6332 0.4862 0.6022
vn -0.1999 0.9647 0.1712
vn -0.1599 0.9811 0.1094
vn -0.2431 0.9669 0.0775
vn 0.7532 -0.4764 0.4536
vn 0.7788 -0.4679 0.4178
vn -0.1422 -0.9877 0.0649
vn 0.8544 -0.2342 0.4638
vn 0.6750 0.7076 0.2088
vn 0.8242 -0.2066 0.5273
vn 0.7301 0.6236 0.2794
vn 0.6825 0.6478 0.3385
vn 0.8420 -0.3260 0.4298
vn 0.6767 -0.4399 0.5904
vn -0.2757 -0.9028 0.3301
vn 0.6107 -0.3910 0.6886
vn 0.7754 -0.1934 0.6012
vn 0.7796 0.6065 0.1564
vn 0.8589 -0.2714 0.4344
vn 0.9212 0.3850 0.0568
vn 0.8107 0.5543 0.1885
vn 0.7451 -0.2636 0.6126
vn -0.0484 0.9484 -0.3133
vn -0.2001 0.9775 -0.0668
vn 0.6622 0.7088 0.2430
vn 0.9233 0.3754 0.0810
vn 0.1251 0.9287 -0.3492
vn 0.7645 0.5965 0.2444
vn -0.1528 0.9866 0.0571
vn -0.0392 0.9988 -0.0276
vn -0.1764 0.9825 -0.0594
vn 0.4548 0.7174 -0.5277
vn 0.2190 0.8727 -0.4363
vn 0.2022 0.9234 -0.3261
vn 0.4659 0.6527 -0.5974
vn 0.2019 0.8913 -0.4060
vn 0.4357 0.7445 -0.5059
vn 0.0246 0.9858 -0.1663
vn -0.0936 0.9900 -0.1057
vn -0.0443 0.9989 -0.0169
vn -0.0108 0.9590 -0.2831
vn -0.1115 0.9858 -0.1257
vn 0.0146 0.9853 -0.1703
vn -0.2080 0.9767 -0.0521
vn -0.2550 0.9656 0.0501
vn -0.1517 0.9873 0.0469
vn 0.4645 0.6619 -0.5884
vn 0.1239 0.8315 -0.5415
vn 0.1742 0.8866 -0.4285
vn 0.4855 0.5208 -0.7022
vn 0.1835 0.7713 -0.6094
vn 0.5146 0.5787 -0.6326
vn 0.1396 0.7921 -0.5942
vn -0.0339 0.9245 -0.3798
vn 0.2334 0.8544 -0.4642
vn 0.4205 0.4165 -0.8060
vn 0.1691 0.7684 -0.6172
vn 0.4388 0.4876 -0.7548
vn 0.0848 0.8095 -0.5809
vn -0.1496 0.8972 -0.4156
vn -0.0481 0.9420 -0.3321
vn 0.2604 0.6882 -0.6771
vn 0.2513 0.7165 -0.6508
vn 0.3899 0.3363 -0.8573
vn 0.1648 0.6913 -0.7035
vn -0.1198 0.8553 -0.5040
vn 0.2076 0.7877 -0.5800
vn 0.0387 0.6158 -0.7869
vn 0.0559 0.7165 -0.6954
vn 0.4534 0.4594 -0.7638
vn 0.1018 0.6290 -0.7707
vn -0.1878 0.8396 -0.5097
vn 0.1220 0.7068 -0.6968
vn -0.1211 0.8865 -0.4466
vn -0.2698 0.7722 -0.5753
vn -0.1896 0.8387 -0.5105
vn 0.1162 0.6435 -0.7565
vn -0.4270 0.8244 -0.3715
vn -0.2053 0.8350 -0.5106
vn -0.2906 0.7795 -0.5549
vn -0.4561 0.8144 -0.3589
vn -0.3325 0.7638 -0.5531
vn -0.5331 0.7612 -0.3693
vn -0.3647 0.8624 -0.3510
vn -0.2152 0.8423 -0.4942
vn -0.4443 0.8143 -0.3735
vn -0.2092 0.8485 -0.4861
vn -0.3588 0.8692 -0.3403
vn -0.1483 0.8887 -0.4338
vn -0.6297 0.7263 -0.2756
vn -0.6803 0.7039 -0.2043
vn -0.5522 0.7895 -0.2680
vn -0.2852 0.9121 -0.2945
vn -0.0852 0.9300 -0.3576
vn -0.5403 0.7992 -0.2633
vn -0.6767 0.7110 -0.1911
vn -0.5877 0.7904 -0.1726
vn -0.5505 0.7890 -0.2727
vn -0.5862 0.7901 -0.1790
vn -0.4564 0.8512 -0.2593
vn -0.7259 0.6817 -0.0913
vn -0.5966 0.7853 -0.1651
vn -0.6850 0.7005 -0.2002
vn -0.0844 0.9311 -0.3549
vn -0.2826 0.9143 -0.2902
vn -0.1983 0.9569 -0.2122
vn -0.0811 0.9354 -0.3441
vn -0.1781 0.9645 -0.1948
vn 0.0071 0.9645 -0.2641
vn 0.0159 0.9596 -0.2808
vn -0.1832 0.9567 -0.2263
vn -0.0863 0.9882 -0.1265
vn -0.5307 0.8333 -0.1546
vn -0.3911 0.9018 -0.1837
vn -0.4711 0.8486 -0.2408
vn -0.4383 0.8940 -0.0935
vn -0.2949 0.9478 -0.1214
vn -0.3959 0.8950 -0.2056
vn -0.5339 0.8297 -0.1632
vn -0.3479 0.9373 -0.0191
vn -0.1937 0.9805 -0.0325
vn -0.3151 0.9396 -0.1336
vn -0.3306 0.9437 -0.0077
vn -0.2179 0.9728 0.0781
vn -0.6381 0.7684 -0.0483
vn -0.7238 0.6898 0.0162
vn -0.6334 0.7701 -0.0756
vn -0.7236 0.6823 -0.1043
vn -0.5729 0.8191 -0.0304
vn -0.4409 0.8932 -0.0879
vn -0.5346 0.8294 -0.1619
vn -0.4617 0.8856 0.0499
vn -0.4462 0.8914 -0.0796
vn -0.5710 0.8208 -0.0135
vn -0.4535 0.8903 0.0420
vn -0.3360 0.9415 -0.0267
vn -0.4484 0.8883 -0.0995
vn 0.4807 -0.8768 0.0094
vn 0.5232 -0.8519 0.0256
vn 0.4969 -0.8649 0.0714
vn 0.4251 -0.9049 0.0195
vn 0.3882 -0.9193 0.0648
vn 0.4253 -0.9050 -0.0115
vn 0.3819 -0.9242 -0.0078
vn 0.3799 -0.9231 0.0600
vn 0.3494 -0.9346 0.0670
vn 0.4435 -0.8918 0.0892
vn 0.3843 -0.9058 0.1785
vn 0.3784 -0.9212 0.0905
vn 0.2290 -0.9688 -0.0947
vn 0.1829 -0.9823 -0.0404
vn 0.2285 -0.9700 -0.0834
vn 0.1969 -0.9767 -0.0854
vn 0.1498 -0.9878 -0.0424
vn 0.1445 -0.9888 -0.0366
vn 0.3291 -0.9346 0.1352
vn 0.2655 -0.9314 0.2490
vn 0.2996 -0.9470 0.1156
vn 0.3283 -0.9368 0.1206
vn 0.2947 -0.9207 0.2558
vn 0.2524 -0.9364 0.2437
vn 0.1962 -0.8738 0.4449
vn 0.1209 -0.9926 0.0129
vn 0.0407 -0.9893 0.1400
vn 0.1067 -0.9939 0.0277
vn 0.0556 -0.9980 0.0311
vn -0.0109 -0.9892 0.1460
vn -0.0396 -0.9856 0.1645
vn 0.1516 -0.8852 0.4397
vn 0.1867 -0.8722 0.4522
vn 0.0463 -0.6800 0.7317
vn 0.1343 -0.8864 0.4430
vn 0.0333 -0.9904 0.1338
vn -0.1057 -0.9309 0.3496
vn -0.0205 -0.9900 0.1399
vn -0.0820 -0.9480 0.3075
vn -0.0646 -0.9628 0.2624
vn -0.3169 -0.7731 0.5494
vn 0.1377 -0.8843 0.4462
vn 0.0567 -0.6743 0.7363
vn -0.0103 -0.6892 0.7245
vn 0.0299 -0.6420 0.7661
vn -0.0701 -0.2017 0.9769
vn -0.0466 -0.6566 0.7528
vn -0.3026 -0.6978 0.6493
vn -0.0929 -0.9301 0.3554
vn -0.2913 -0.7198 0.6301
vn -0.4215 -0.5556 0.7166
vn -0.3323 -0.5879 0.7375
vn -0.3973 -0.0464 0.9165
vn -0.5273 -0.1874 0.8288
vn -0.3467 -0.6964 0.6283
vn -0.4996 -0.2084 0.8408
vn -0.0278 -0.6522 0.7575
vn -0.0473 -0.1969 0.9793
vn -0.1440 -0.2041 0.9683
vn -0.5162 -0.0942 0.8513
vn -0.5207 0.2185 0.8253
vn -0.5200 -0.0677 0.8515
vn -0.5375 0.2361 0.8095
vn -0.1535 -0.0787 0.9850
vn -0.0876 -0.0707 0.9936
vn -0.1347 0.2076 0.9689
vn -0.1555 0.1982 0.9678
vn -0.1096 -0.0801 0.9907
vn -0.0983 0.1985 0.9752
vn -0.0663 0.3227 0.9442
vn -0.0309 0.2568 0.9660
vn 0.0112 0.3846 0.9230
vn -0.4838 0.4105 0.7729
vn -0.4732 0.4721 0.7438
vn -0.4884 0.4113 0.7696
vn -0.5327 0.4370 0.7247
vn -0.5146 0.4967 0.6989
vn -0.5143 0.4967 0.6991
vn -0.1293 0.3591 0.9243
vn -0.0946 0.3927 0.9148
vn -0.1408 0.4479 0.8830
vn -0.0676 0.4549 0.8880
vn -0.0228 0.4009 0.9158
vn -0.0035 0.4519 0.8921
vn -0.0697 0.4488 0.8909
vn -0.0083 0.4440 0.8960
vn -0.0760 0.4349 0.8973
vn -0.0164 0.4376 0.8990
vn 0.0504 0.4448 0.8942
vn 0.0511 0.4317 0.9006
vn -0.4705 0.4815 0.7395
vn -0.4628 0.5205 0.7176
vn -0.4874 0.4884 0.7238
vn -0.1549 -0.8518 0.5004
vn -0.1542 -0.8773 0.4545
vn -0.1028 -0.8648 0.4914
vn -0.1564 -0.9046 0.3966
vn -0.0719 -0.9193 0.3869
vn -0.1271 -0.9050 0.4060
vn -0.0571 -0.9349 0.3504
vn -0.0736 -0.9234 0.3767
vn -0.1379 -0.9242 0.3561
vn -0.0442 -0.9212 0.3865
vn 0.0364 -0.9058 0.4222
vn -0.0679 -0.8919 0.4471
vn -0.1565 -0.9700 0.1861
vn -0.1005 -0.9823 0.1580
vn -0.1673 -0.9688 0.1828
vn -0.0838 -0.9888 0.1233
vn -0.0911 -0.9878 0.1263
vn -0.1476 -0.9767 0.1558
vn 0.0059 -0.9468 0.3218
vn 0.1432 -0.9319 0.3334
vn 0.0149 -0.9341 0.3566
vn 0.1376 -0.9358 0.3246
vn 0.1368 -0.9210 0.3647
vn 0.0011 -0.9369 0.3497
vn 0.1454 -0.9363 0.3197
vn 0.3509 -0.8738 0.3366
vn 0.1429 -0.9203 0.3642
vn -0.0105 -0.9939 0.1098
vn 0.1186 -0.9892 0.0859
vn -0.0292 -0.9926 0.1180
vn 0.1680 -0.9856 0.0181
vn 0.1409 -0.9892 0.0398
vn 0.0102 -0.9980 0.0630
vn 0.3602 -0.8867 0.2899
vn 0.3710 -0.8851 0.2809
vn 0.6722 -0.6771 0.2995
vn 0.3611 -0.8721 0.3302
vn 0.1353 -0.9904 0.0275
vn 0.3647 -0.9309 0.0203
vn 0.1146 -0.9903 0.0784
vn 0.6842 -0.6902 0.2357
vn 0.3170 -0.9480 0.0281
vn 0.6247 -0.7731 -0.1099
vn 0.2687 -0.9628 0.0290
vn 0.7233 -0.6565 0.2139
vn 0.9426 -0.2017 0.2663
vn 0.7095 -0.6414 0.2918
vn 0.3657 -0.9301 0.0342
vn 0.7136 -0.6978 -0.0623
vn 0.6918 -0.7198 -0.0581
vn 0.8175 -0.5557 -0.1510
vn 0.9966 -0.0454 -0.0686
vn 0.8066 -0.5881 -0.0600
vn 0.7096 -0.6963 -0.1080
vn 0.9591 -0.1875 -0.2120
vn 0.9610 -0.2085 -0.1817
vn 0.9591 -0.2042 0.1961
vn 0.9364 -0.1970 0.2905
vn 0.7212 -0.6523 0.2330
vn 0.9780 -0.0677 -0.1974
vn 0.9536 0.2185 -0.2071
vn 0.9765 -0.0942 -0.1938
vn 0.9449 0.2363 -0.2267
vn 0.9771 -0.0798 0.1973
vn 0.9573 0.2069 0.2018
vn 0.9637 -0.0708 0.2576
vn 0.9678 -0.0801 0.2387
vn 0.9626 0.1982 0.1849
vn 0.9496 0.1982 0.2427
vn 0.9168 0.2608 0.3023
vn 0.9096 0.3241 0.2599
vn 0.8636 0.3847 0.3260
vn 0.8903 0.4113 -0.1957
vn 0.8608 0.4721 -0.1903
vn 0.8918 0.4105 -0.1903
vn 0.8547 0.4798 -0.1982
vn 0.8545 0.4796 -0.1997
vn 0.8846 0.4167 -0.2092
vn 0.9128 0.3582 0.1963
vn 0.8779 0.4478 0.1698
vn 0.8920 0.3926 0.2241
vn 0.8684 0.4009 0.2917
vn 0.8599 0.4507 0.2399
vn 0.8422 0.4489 0.2987
vn 0.8691 0.4349 0.2355
vn 0.8231 0.4448 0.3532
vn 0.8504 0.4375 0.2922
vn 0.8288 0.4315 0.3563
vn 0.8312 0.5189 -0.1996
vn 0.8311 0.5207 -0.1955
vn -0.3752 0.5255 0.7636
vn -0.5344 0.6082 0.5870
vn -0.5581 -0.1877 0.8083
vn -0.5184 -0.5044 0.6906
vn -0.5783 -0.3271 0.7474
vn -0.5424 -0.3903 0.7440
vn -0.6009 -0.3814 0.7025
vn -0.5949 -0.2805 0.7533
vn -0.5394 -0.4610 0.7047
vn -0.4007 -0.7540 0.5205
vn -0.5332 -0.5266 0.6621
vn -0.4862 -0.6102 0.6255
vn -0.6118 -0.5160 0.5995
vn -0.6239 -0.3540 0.6968
vn -0.5216 -0.6139 0.5925
vn -0.5659 -0.5163 0.6429
vn -0.4886 -0.7149 0.5002
vn -0.5289 -0.6685 0.5228
vn -0.4552 -0.7508 0.4787
vn -0.4288 -0.8193 0.3807
vn -0.5184 -0.7165 0.4668
vn -0.5419 -0.6956 0.4718
vn -0.4515 -0.8017 0.3917
vn -0.4649 -0.8040 0.3707
vn -0.4120 -0.8163 0.4048
vn -0.4080 -0.8500 0.3332
vn -0.4127 -0.8444 0.3415
vn -0.4093 -0.8667 0.2851
vn -0.3746 -0.8961 0.2383
vn -0.4250 -0.8620 0.2761
vn -0.3363 -0.8163 0.4697
vn -0.3302 -0.8114 0.4824
vn -0.3955 -0.7647 0.5086
vn -0.3438 -0.7874 0.5116
vn -0.3253 -0.8117 0.4850
vn -0.2871 -0.8065 0.5169
vn -0.3560 -0.8895 0.2866
vn -0.2997 -0.9205 0.2509
vn -0.2995 -0.9190 0.2564
vn -0.3193 -0.9261 0.2008
vn -0.2773 -0.9449 0.1739
vn -0.3235 -0.9257 0.1958
vn -0.3391 -0.8365 0.4305
vn -0.2742 -0.8703 0.4092
vn -0.3234 -0.8368 0.4418
vn -0.2443 -0.8014 0.5460
vn -0.2423 -0.8369 0.4907
vn -0.1977 -0.8249 0.5296
vn -0.2707 -0.9324 0.2395
vn -0.2007 -0.9525 0.2290
vn -0.1997 -0.9521 0.2316
vn -0.2292 -0.9586 0.1691
vn -0.1801 -0.9750 0.1303
vn -0.2205 -0.9563 0.1919
vn -0.2524 -0.8758 0.4115
vn -0.1838 -0.9107 0.3699
vn -0.2301 -0.8765 0.4227
vn -0.2297 -0.8764 0.4232
vn -0.1715 -0.9070 0.3845
vn -0.1745 -0.8924 0.4160
vn 0.8456 0.5246 -0.0984
vn 0.9494 -0.1895 -0.2506
vn 0.7341 0.6062 -0.3060
vn 0.8838 -0.3913 -0.2566
vn 0.8987 -0.3285 -0.2906
vn 0.8251 -0.5050 -0.2532
vn 0.8377 -0.4807 -0.2594
vn 0.9056 -0.3012 -0.2987
vn 0.8619 -0.4046 -0.3057
vn 0.7541 -0.6101 -0.2429
vn 0.8045 -0.5266 -0.2747
vn 0.6261 -0.7540 -0.1985
vn 0.9410 -0.2946 -0.1668
vn 0.9244 -0.3395 -0.1739
vn 0.9305 -0.3390 -0.1387
vn 0.7353 -0.6136 -0.2876
vn 0.8686 -0.3546 -0.3461
vn 0.7728 -0.5157 -0.3700
vn 0.6370 -0.7150 -0.2881
vn 0.7976 -0.5163 -0.3119
vn 0.6721 -0.6686 -0.3181
vn 0.6055 -0.7508 -0.2640
vn 0.6160 -0.7165 -0.3274
vn 0.5041 -0.8190 -0.2741
vn 0.5225 -0.8017 -0.2903
vn 0.6290 -0.6960 -0.3463
vn 0.5074 -0.8040 -0.3100
vn 0.4526 -0.8501 -0.2694
vn 0.5213 -0.8163 -0.2487
vn 0.4621 -0.8444 -0.2709
vn 0.4079 -0.8667 -0.2870
vn 0.4048 -0.8621 -0.3050
vn 0.3520 -0.8961 -0.2704
vn 0.6127 -0.7650 -0.1985
vn 0.5661 -0.8114 -0.1454
vn 0.5566 -0.8162 -0.1550
vn 0.5665 -0.8122 -0.1391
vn 0.5983 -0.7874 -0.1482
vn 0.5840 -0.8064 -0.0930
vn 0.3383 -0.9205 -0.1957
vn 0.3911 -0.8894 -0.2365
vn 0.3434 -0.9190 -0.1937
vn 0.2979 -0.9261 -0.2314
vn 0.2946 -0.9257 -0.2370
vn 0.2582 -0.9449 -0.2011
vn 0.5197 -0.8370 -0.1716
vn 0.5259 -0.8367 -0.1528
vn 0.4784 -0.8702 -0.1176
vn 0.5436 -0.8373 -0.0590
vn 0.5966 -0.8014 -0.0428
vn 0.5654 -0.8248 -0.0046
vn 0.2838 -0.9525 -0.1103
vn 0.3177 -0.9324 -0.1725
vn 0.2859 -0.9521 -0.1084
vn 0.2379 -0.9585 -0.1573
vn 0.2558 -0.9563 -0.1416
vn 0.1841 -0.9750 -0.1247
vn 0.4719 -0.8763 -0.0969
vn 0.4758 -0.8766 -0.0717
vn 0.4103 -0.9108 -0.0463
vn 0.4206 -0.9068 -0.0291
vn 0.4763 -0.8764 -0.0711
vn 0.4507 -0.8924 -0.0217
vn 0.9953 -0.0951 0.0184
vn 0.7855 -0.6168 -0.0497
vn 0.4447 -0.1721 0.8790
vn 0.5499 0.1479 0.8220
vn 0.9959 -0.0342 -0.0837
vn 0.5059 -0.0051 0.8626
vn 0.8972 0.3630 -0.2516
vn 0.9639 -0.0745 -0.2555
vn 0.7154 0.0372 0.6977
vn -0.2319 0.1236 0.9649
vn 0.4323 -0.1486 0.8894
vn -0.2552 0.3840 0.8873
vn 0.5247 -0.0160 0.8511
vn 0.4403 -0.0384 0.8970
vn -0.3233 0.0625 0.9442
vn -0.1851 0.0036 0.9827
vn -0.6057 0.7030 0.3727
vn -0.8338 0.1854 0.5199
vn -0.8287 0.2066 0.5202
vn -0.0985 -0.0243 0.9948
vn -0.1660 0.1055 0.9805
vn -0.6121 0.7484 0.2553
vn -0.7208 0.6527 0.2334
vn -0.8470 0.3095 0.4322
vn 0.8555 0.5150 -0.0528
vn 0.5771 0.1499 0.8028
vn 0.8764 0.4785 -0.0535
vn -0.8584 0.4636 0.2196
vn -0.8081 0.1828 0.5599
vn -0.8502 0.4883 0.1968
vn -0.8877 0.0790 0.4536
vn -0.8750 0.1097 0.4715
vn -0.8671 0.4604 0.1902
vn 0.7981 0.3808 0.4669
vn 0.9200 0.1619 -0.3568
vn 0.6742 0.5365 0.5075
vn 0.8320 0.5127 -0.2118
vn 0.8523 0.4790 -0.2100
vn 0.6807 0.3358 0.6510
vn 0.7266 0.2614 0.6354
vn 0.6477 0.3077 0.6970
vn 0.0113 -0.0451 0.9989
vn -0.1760 -0.9841 0.0216
vn 0.4641 -0.6346 0.6180
vn -0.2288 -0.3117 0.9222
vn 0.3667 0.5057 0.7809
vn -0.1336 -0.1092 0.9850
vn -0.0189 -0.2255 0.9741
vn -0.1025 0.0827 0.9913
vn -0.5131 -0.5272 0.6774
vn 0.0145 -0.0423 0.9990
vn -0.4349 -0.8386 0.3281
vn -0.8478 -0.0930 0.5221
vn 0.2161 -0.5069 0.8344
vn -0.7300 -0.4200 0.5391
vn -0.7214 -0.4369 0.5373
vn -0.7146 -0.4462 0.5388
vn -0.8255 -0.2015 0.5272
vn -0.8274 -0.2281 0.5132
vn -0.7444 -0.3728 0.5539
vn -0.8251 -0.2328 0.5148
vn -0.7859 -0.0128 0.6182
vn -0.8351 -0.2471 0.4915
vn -0.8360 -0.2064 0.5085
vn -0.8703 0.0722 0.4872
vn -0.9051 0.0276 0.4242
vn -0.8638 0.4545 0.2175
vn -0.9295 0.0288 0.3676
vn -0.9159 0.0563 0.3974
vn -0.8291 -0.1567 0.5368
vn -0.9256 -0.0354 0.3769
vn -0.9254 -0.0524 0.3753
vn -0.9306 0.3339 0.1502
vn -0.9140 0.0217 0.4051
vn -0.8740 0.4351 0.2161
vn -0.7423 -0.3321 0.5819
vn -0.8325 -0.2881 0.4732
vn -0.8306 -0.2761 0.4835
vn -0.9137 -0.0828 0.3980
vn -0.8255 -0.2710 0.4951
vn -0.8189 -0.2431 0.5198
vn -0.7468 -0.3874 0.5405
vn -0.7389 -0.4125 0.5328
vn -0.7450 -0.3886 0.5422
vn -0.9263 -0.3578 0.1181
vn -0.4507 -0.8642 0.2238
vn -0.3088 -0.9341 0.1790
vn -0.8615 -0.2167 0.4592
vn -0.9085 -0.0802 0.4101
vn -0.9244 -0.0655 0.3758
vn -0.9264 -0.0566 0.3722
vn -0.9522 0.2254 0.2062
vn -0.9347 -0.0351 0.3536
vn -0.9348 -0.0502 0.3517
vn -0.9518 0.2257 0.2075
vn -0.9586 0.1879 0.2140
vn 0.6737 -0.1723 0.7186
vn -0.3157 -0.6167 0.7211
vn -0.3235 -0.0951 0.9415
vn 0.6878 -0.1488 0.7105
vn 0.9860 0.1235 0.1123
vn 0.9212 0.3839 0.0639
vn 0.6373 -0.0051 0.7706
vn -0.4195 -0.0343 0.9071
vn 0.5841 0.1479 0.7981
vn 0.4104 0.0367 0.9112
vn -0.5702 -0.0746 0.8181
vn -0.5435 0.3631 0.7568
vn 0.9979 0.0626 0.0189
vn 0.6925 -0.0385 0.7204
vn 0.6205 -0.0163 0.7840
vn 0.7735 0.1855 -0.6060
vn 0.5570 0.7032 -0.4418
vn 0.9868 0.0039 0.1618
vn 0.9686 -0.0242 0.2473
vn 0.7720 0.2064 -0.6012
vn 0.9782 0.1056 0.1790
vn 0.6957 0.3096 -0.6481
vn 0.4657 0.6528 -0.5974
vn 0.4492 0.7486 -0.4877
vn 0.4759 0.4880 -0.7317
vn 0.8027 0.1825 -0.5678
vn 0.5002 0.4632 -0.7316
vn 0.4754 0.4604 -0.7497
vn 0.7424 0.1097 -0.6609
vn 0.7299 0.0789 -0.6790
vn -0.3352 0.4944 0.8020
vn 0.5734 0.1669 0.8021
vn -0.3387 0.5357 0.7735
vn 0.3359 0.5110 0.7913
vn -0.0326 -0.1706 0.9848
vn 0.2699 0.4766 0.8366
vn 0.9124 -0.0213 0.4088
vn 0.3755 0.3289 0.8665
vn 0.2895 0.2887 0.9126
vn 0.0623 -0.9905 -0.1222
vn 0.9328 -0.3302 0.1444
vn 0.3719 -0.6244 0.6869
vn 0.9218 -0.2256 0.3152
vn 0.9713 -0.1094 0.2112
vn 0.6085 0.5054 0.6118
vn 0.9338 -0.0423 0.3552
vn 0.8119 -0.5275 -0.2503
vn 0.9666 0.0824 0.2428
vn 0.7154 -0.5030 0.4850
vn 0.7805 -0.0933 -0.6181
vn 0.4575 -0.8385 -0.2960
vn 0.7507 -0.4462 -0.4872
vn 0.7516 -0.4370 -0.4941
vn 0.7562 -0.4201 -0.5016
vn 0.7751 -0.3730 -0.5100
vn 0.7653 -0.2286 -0.6017
vn 0.7778 -0.2017 -0.5953
vn 0.7476 -0.2471 -0.6165
vn 0.8498 -0.0128 -0.5270
vn 0.7660 -0.2329 -0.5992
vn 0.7555 0.0723 -0.6512
vn 0.7638 -0.2048 -0.6121
vn 0.7082 0.0277 -0.7054
vn 0.6633 0.0289 -0.7478
vn 0.4999 0.4546 -0.7372
vn 0.6866 0.0563 -0.7248
vn 0.6691 -0.0524 -0.7413
vn 0.6707 -0.0354 -0.7409
vn 0.7879 -0.1567 -0.5955
vn 0.4595 0.3340 -0.8230
vn 0.5021 0.4350 -0.7474
vn 0.6932 0.0215 -0.7205
vn 0.7686 -0.2432 -0.5917
vn 0.7476 -0.2710 -0.6064
vn 0.6864 -0.0830 -0.7225
vn 0.7389 -0.2771 -0.6141
vn 0.7297 -0.2885 -0.6199
vn 0.8007 -0.3321 -0.4986
vn 0.7535 -0.4123 -0.5121
vn 0.7635 -0.3871 -0.5170
vn 0.7645 -0.3884 -0.5145
vn 0.3643 -0.8643 -0.3469
vn 0.4308 -0.3573 -0.8287
vn 0.2743 -0.9340 -0.2289
vn 0.6523 -0.0450 -0.7566
vn 0.5200 0.2256 -0.8238
vn 0.6664 -0.0566 -0.7434
vn 0.6693 -0.0655 -0.7401
vn 0.6960 -0.0802 -0.7136
vn 0.7261 -0.2167 -0.6526
vn 0.5290 0.1877 -0.8276
vn 0.8455 0.4639 -0.2643
vn 0.8774 0.3750 -0.2994
vn 0.8450 0.4659 -0.2625
vn 0.9378 0.3211 -0.1318
vn 0.9662 0.2491 -0.0663
vn 0.9542 0.2816 -0.1011
vn 0.9475 0.1401 -0.2874
vn 0.9526 0.0746 -0.2950
vn 0.9535 0.0685 -0.2934
vn 0.9926 -0.1042 -0.0630
vn 0.9805 -0.1847 -0.0668
vn 0.9909 -0.1123 -0.0746
vn 0.9175 -0.3282 -0.2246
vn 0.8481 -0.4816 -0.2209
vn 0.9176 -0.3285 -0.2240
vn 0.7928 -0.6059 -0.0666
vn 0.7992 -0.5975 -0.0654
vn 0.8914 -0.4492 -0.0604
vn 0.7433 -0.6599 -0.1098
vn 0.5886 -0.7991 -0.1229
vn 0.7508 -0.6503 -0.1156
vn 0.6603 0.7421 -0.1152
vn 0.7806 0.6118 -0.1278
vn 0.6577 0.7460 -0.1047
vn 0.6627 0.7448 -0.0776
vn 0.7677 0.6247 -0.1426
vn 0.7757 0.6189 -0.1232
vn 0.6002 -0.1161 -0.7914
vn 0.5755 0.2011 -0.7927
vn 0.5762 0.2012 -0.7922
vn 0.4953 -0.1960 -0.8463
vn 0.4735 0.1263 -0.8717
vn 0.4954 -0.1884 -0.8480
vn 0.4921 -0.4218 -0.7616
vn 0.4914 -0.4096 -0.7686
vn 0.5997 -0.3099 -0.7378
vn 0.3702 -0.4248 -0.8261
vn 0.3136 -0.4650 -0.8279
vn 0.3719 -0.4228 -0.8264
vn 0.4533 -0.4937 -0.7422
vn 0.4902 -0.5143 -0.7037
vn 0.4531 -0.4938 -0.7422
vn 0.4631 -0.5384 -0.7041
vn 0.4590 -0.5109 -0.7268
vn 0.4415 -0.4828 -0.7563
vn 0.4478 -0.5972 -0.6654
vn 0.4367 -0.5830 -0.6851
vn 0.4286 -0.5551 -0.7128
vn 0.3765 -0.5931 -0.7116
vn 0.2910 -0.6433 -0.7081
vn 0.3770 -0.5898 -0.7142
vn 0.1190 0.9925 -0.0263
vn 0.1694 0.9839 -0.0561
vn 0.1189 0.9925 -0.0269
vn 0.0398 0.9986 0.0358
vn 0.0352 0.9989 0.0325
vn -0.1071 0.9925 0.0596
vn 0.2010 0.9775 0.0638
vn 0.2004 0.9777 0.0633
vn 0.1632 0.9804 0.1101
vn -0.1307 0.9914 0.0011
vn 0.0110 0.9996 -0.0278
vn -0.1348 0.9909 -0.0016
vn 0.1766 0.9748 -0.1362
vn 0.2390 0.9617 -0.1340
vn 0.2412 0.9596 -0.1446
vn -0.3050 0.9455 0.1140
vn -0.3071 0.9446 0.1163
vn -0.6550 0.7396 0.1549
vn -0.7180 0.6919 0.0759
vn -0.3853 0.9223 0.0286
vn -0.7184 0.6909 0.0814
vn 0.2975 0.9547 -0.0022
vn 0.3422 0.9396 -0.0045
vn 0.2968 0.9549 -0.0013
vn 0.2861 0.9361 -0.2048
vn 0.3364 0.9174 -0.2125
vn 0.3372 0.9167 -0.2146
vn 0.4759 0.8793 0.0180
vn 0.4763 0.8791 0.0182
vn 0.4163 0.9091 0.0145
vn 0.4724 0.8773 -0.0847
vn 0.4982 0.8484 -0.1787
vn 0.4578 0.8841 -0.0932
vn 0.0926 0.9925 -0.0803
vn 0.0185 0.9989 0.0441
vn 0.0200 0.9986 0.0497
vn 0.0444 0.9909 -0.1274
vn -0.0302 0.9995 0.0006
vn 0.0456 0.9914 -0.1225
vn -0.0660 0.9925 0.1025
vn -0.1108 0.9839 0.1400
vn -0.0654 0.9925 0.1028
vn 0.3699 0.7397 -0.5621
vn 0.2146 0.9446 -0.2485
vn 0.2117 0.9455 -0.2473
vn 0.0477 0.9804 0.1911
vn -0.0090 0.9777 0.2100
vn -0.0088 0.9775 0.2109
vn 0.3224 0.6909 -0.6470
vn 0.1588 0.9224 -0.3522
vn 0.3171 0.6919 -0.6486
vn -0.2078 0.9617 0.1787
vn -0.1885 0.9748 0.1193
vn -0.2185 0.9596 0.1772
vn -0.1036 0.9547 0.2789
vn -0.1026 0.9549 0.2786
vn -0.1211 0.9396 0.3201
vn -0.3148 0.9174 0.2436
vn -0.2905 0.9360 0.1989
vn -0.3171 0.9166 0.2436
vn -0.1286 0.9092 0.3960
vn -0.1457 0.8791 0.4538
vn -0.1458 0.8794 0.4533
vn -0.2440 0.8841 0.3985
vn -0.3382 0.8484 0.4072
vn -0.2410 0.8773 0.4151
vn 0.8619 -0.2013 0.4654
vn 0.8711 -0.1878 0.4537
vn 0.8713 0.3451 0.3488
vn 0.8775 -0.1667 0.4496
vn 0.8867 -0.1365 0.4417
vn 0.8740 0.3431 0.3441
vn 0.8974 -0.0757 0.4346
vn 0.9120 -0.0183 0.4097
vn 0.8754 0.3422 0.3413
vn 0.9105 -0.0163 0.4131
vn 0.9077 0.1014 0.4072
vn 0.8615 0.3498 0.3680
vn 0.9069 0.1957 0.3732
vn 0.8992 0.2570 0.3542
vn 0.8808 0.3379 0.3318
vn 0.8442 0.3467 0.4088
vn 0.8980 0.2567 0.3573
vn 0.8638 0.3352 0.3762
vn 0.8606 0.3501 0.3698
vn 0.8512 0.3452 0.3954
vn 0.8624 -0.2044 0.4631
vn 0.8539 0.3338 0.3993
vn 0.8342 0.3120 0.4546
vn 0.8737 -0.2041 0.4416
vn 0.8451 0.2596 0.4672
vn 0.8342 0.2095 0.5101
vn 0.8692 -0.2046 0.4501
vn 0.8625 -0.2063 0.4620
vn 0.8336 0.1902 0.5186
vn 0.8455 -0.2027 0.4940
vn 0.8373 0.1938 0.5113
vn 0.8298 0.1567 0.5356
vn 0.8531 -0.2037 0.4803
vn 0.8458 -0.1777 0.5031
vn 0.8153 0.1310 0.5640
vn 0.8277 -0.1465 0.5417
vn 0.8229 0.1122 0.5570
vn 0.8215 0.0792 0.5646
vn 0.8227 -0.1302 0.5534
vn 0.8191 0.0339 0.5726
vn 0.8145 0.0059 0.5802
vn 0.8218 -0.1326 0.5542
vn 0.8186 -0.0314 0.5735
vn 0.8214 -0.0580 0.5674
vn 0.8297 -0.1309 0.5427
vn 0.8248 -0.1115 0.5542
vn 0.8183 -0.0447 0.5730
vn 0.8200 -0.0825 0.5664
vn 0.0818 0.3337 0.9391
vn 0.0946 -0.1861 0.9780
vn 0.1419 0.3120 0.9394
vn 0.1497 0.2597 0.9540
vn 0.1056 -0.1878 0.9765
vn 0.1922 0.2102 0.9586
vn 0.2088 0.1872 0.9599
vn 0.0877 -0.1856 0.9787
vn 0.2248 0.1529 0.9623
vn 0.2431 0.1069 0.9641
vn 0.0951 -0.1881 0.9775
vn 0.2456 0.0813 0.9660
vn 0.1165 -0.1915 0.9746
vn 0.1274 -0.2074 0.9699
vn 0.2529 0.0670 0.9652
vn 0.1551 -0.2088 0.9656
vn 0.1952 -0.1751 0.9650
vn 0.2372 -0.1404 0.9613
vn 0.2568 0.0479 0.9653
vn 0.1239 -0.1663 0.9783
vn 0.0570 0.3295 0.9424
vn 0.1124 -0.1360 0.9843
vn 0.1028 -0.0779 0.9916
vn 0.0526 0.3288 0.9429
vn 0.0739 -0.0173 0.9971
vn 0.0761 -0.0167 0.9970
vn 0.0999 0.3351 0.9369
vn 0.0763 0.1041 0.9916
vn 0.0726 0.3447 0.9359
vn 0.0251 0.3437 0.9388
vn 0.0109 0.1797 0.9837
vn 0.0402 0.1957 0.9798
vn 0.0101 0.3378 0.9412
vn 0.0249 0.2570 0.9661
vn 0.0629 0.2717 0.9603
vn 0.0688 0.3544 0.9326
vn 0.0701 0.3176 0.9456
vn 0.2581 0.0338 0.9655
vn 0.2399 -0.1329 0.9617
vn 0.2668 0.0057 0.9637
vn 0.2579 -0.0305 0.9657
vn 0.2250 -0.1300 0.9656
vn 0.2512 -0.0571 0.9662
vn 0.2368 -0.1146 0.9648
vn 0.2472 -0.0896 0.9648
vn 0.2530 -0.0427 0.9665
vn -0.3340 0.7421 0.5811
vn -0.3233 0.7460 0.5823
vn -0.3870 0.6119 0.6898
vn -0.3951 0.6266 0.6718
vn -0.3001 0.7448 0.5960
vn -0.3794 0.6219 0.6851
vn -0.5389 0.4602 0.7055
vn -0.5834 0.3707 0.7227
vn -0.5408 0.4604 0.7040
vn -0.4336 0.3208 0.8421
vn -0.4089 0.2806 0.8684
vn -0.3785 0.2488 0.8915
vn -0.5091 0.1462 0.8482
vn -0.5112 0.1784 0.8407
vn -0.5081 0.1460 0.8488
vn -0.4835 -0.1061 0.8689
vn -0.4944 -0.1042 0.8630
vn -0.5036 -0.1806 0.8448
vn -0.5074 -0.1859 0.8414
vn -0.4768 -0.3733 0.7958
vn -0.4240 -0.5284 0.7355
vn -0.4787 -0.3732 0.7947
vn -0.3618 -0.4487 0.8172
vn -0.3349 -0.5971 0.7289
vn -0.3338 -0.6054 0.7225
vn -0.3656 -0.6504 0.6658
vn -0.3169 -0.7991 0.5109
vn -0.3577 -0.6600 0.6607
vn -0.7649 -0.6434 0.0311
vn -0.7975 -0.5932 0.1103
vn -0.8000 -0.5898 0.1098
vn -0.9414 0.2012 0.2707
vn -0.9417 0.2011 0.2698
vn -0.9489 -0.1161 0.2934
vn -0.9663 -0.1882 0.1758
vn -0.9810 0.1265 0.1474
vn -0.9646 -0.1959 0.1763
vn -0.8837 -0.4222 0.2019
vn -0.8984 -0.3089 0.3122
vn -0.8902 -0.4100 0.1986
vn -0.8852 -0.4650 0.0118
vn -0.9028 -0.4251 0.0653
vn -0.9036 -0.4232 0.0669
vn -0.8289 -0.5144 0.2199
vn -0.8524 -0.4938 0.1721
vn -0.8524 -0.4939 0.1720
vn -0.8200 -0.5384 0.1941
vn -0.8617 -0.4828 0.1560
vn -0.8399 -0.5110 0.1826
vn -0.8164 -0.5551 0.1591
vn -0.7931 -0.5830 0.1762
vn -0.7784 -0.5972 0.1933
vn 0.3638 -0.8248 -0.4328
vn 0.3600 -0.8230 -0.4394
vn 0.5106 -0.6986 -0.5013
vn 0.2205 -0.9023 -0.3705
vn 0.2095 -0.7988 -0.5640
vn 0.2181 -0.9051 -0.3650
vn 0.2540 -0.9286 -0.2705
vn 0.2215 -0.9735 -0.0566
vn 0.2665 -0.9239 -0.2748
vn 0.1677 -0.9803 -0.1048
vn 0.1708 -0.9799 -0.1032
vn 0.2533 -0.9192 -0.3014
vn 0.0711 -0.9968 -0.0375
vn -0.0174 -0.9995 0.0255
vn 0.0821 -0.9964 -0.0223
vn 0.0463 -0.9956 0.0811
vn 0.0433 -0.9944 0.0966
vn 0.1513 -0.9871 0.0520
vn -0.1451 -0.9874 0.0637
vn -0.1433 -0.9891 0.0345
vn -0.1474 -0.9869 0.0661
vn 0.0122 -0.9683 0.2495
vn 0.0204 -0.9800 0.1979
vn 0.0192 -0.9799 0.1984
vn -0.1322 -0.9692 0.2080
vn -0.1045 -0.9831 0.1503
vn -0.1381 -0.9698 0.2010
vn -0.1804 -0.9468 0.2667
vn -0.2030 -0.8905 0.4073
vn -0.1682 -0.9523 0.2546
vn -0.1583 -0.8586 0.4876
vn -0.1523 -0.8607 0.4857
vn -0.1028 -0.9281 0.3579
vn -0.5318 -0.8243 0.1943
vn -0.6459 -0.6984 0.3083
vn -0.5373 -0.8216 0.1904
vn -0.4177 -0.9051 0.0802
vn -0.6014 -0.7989 0.0044
vn -0.4237 -0.9022 0.0806
vn -0.1289 -0.9735 0.1887
vn -0.3411 -0.9286 0.1462
vn -0.3494 -0.9238 0.1564
vn -0.1534 -0.9807 0.1212
vn -0.3698 -0.9193 0.1348
vn -0.1525 -0.9804 0.1246
vn 0.0298 -0.9995 -0.0076
vn -0.0597 -0.9968 0.0540
vn -0.0492 -0.9964 0.0695
vn 0.0609 -0.9956 0.0710
vn -0.0030 -0.9872 0.1598
vn 0.0763 -0.9944 0.0733
vn 0.1124 -0.9869 -0.1160
vn 0.0813 -0.9891 -0.1228
vn 0.1094 -0.9874 -0.1146
vn 0.1800 -0.9799 0.0861
vn 0.1791 -0.9800 0.0870
vn 0.2303 -0.9683 0.0969
vn 0.2362 -0.9698 -0.0614
vn 0.1770 -0.9831 -0.0472
vn 0.2407 -0.9691 -0.0535
vn 0.4520 -0.8905 -0.0519
vn 0.3121 -0.9468 -0.0786
vn 0.2965 -0.9524 -0.0713
vn 0.5109 -0.8594 0.0189
vn 0.3716 -0.9281 0.0257
vn 0.5085 -0.8608 0.0230
vn 0.7985 0.4062 -0.4444
vn 0.5360 0.3834 -0.7522
vn 0.2618 0.9170 -0.3010
vn 0.3882 0.6881 -0.6130
vn 0.3702 0.7083 -0.6010
vn 0.4503 0.6635 -0.5975
vn 0.4850 0.6757 -0.5552
vn 0.3855 0.6880 -0.6149
vn 0.4353 0.6712 -0.6000
vn 0.5402 0.5384 -0.6468
vn 0.5845 0.3964 -0.7080
vn 0.4571 0.5702 -0.6826
vn 0.1897 0.9640 -0.1862
vn 0.7541 0.5495 -0.3597
vn 0.1584 0.9698 -0.1852
vn 0.4542 0.8538 -0.2545
vn 0.9383 0.3306 -0.1017
vn 0.4091 0.8720 -0.2690
vn 0.6491 0.4797 -0.5904
vn 0.5483 0.6440 -0.5336
vn 0.6219 0.5769 -0.5296
vn 0.5975 0.7241 -0.3446
vn 0.5479 0.0729 -0.8334
vn 0.5682 0.7338 -0.3724
vn 0.7061 0.4866 -0.5145
vn 0.6611 0.4516 -0.5992
vn 0.6181 0.5695 -0.5419
vn 0.9026 -0.1867 -0.3879
vn 0.8312 -0.1058 -0.5458
vn 0.6455 0.6619 -0.3810
vn 0.8134 0.3443 -0.4688
vn 0.7788 0.3995 -0.4836
vn 0.7620 0.4229 -0.4904
vn 0.7942 0.2982 -0.5294
vn 0.7343 0.3494 -0.5819
vn 0.7478 0.4106 -0.5218
vn 0.7217 0.4039 -0.5621
vn 0.7815 0.3511 -0.5157
vn 0.7584 0.2952 -0.5810
vn 0.6327 0.5506 -0.5445
vn 0.7311 0.4529 -0.5103
vn 0.5821 0.5300 -0.6167
vn 0.6733 0.4265 -0.6039
vn 0.7151 0.2993 -0.6318
vn 0.6030 0.4642 -0.6488
vn 0.6046 0.4912 -0.6270
vn 0.7084 0.3251 -0.6265
vn 0.6416 0.3649 -0.6747
vn 0.2219 0.2815 -0.9336
vn 0.5157 -0.7344 -0.4413
vn 0.4624 -0.7653 -0.4478
vn 0.3451 0.3783 -0.8589
vn 0.5754 -0.6533 -0.4921
vn 0.5921 0.4768 -0.6497
vn 0.0928 0.7564 -0.6475
vn 0.8470 -0.0018 -0.5316
vn 0.8351 -0.0310 -0.5492
vn 0.8010 0.1269 -0.5850
vn 0.8298 0.1741 -0.5302
vn 0.8465 0.0748 -0.5271
vn 0.6568 0.7520 0.0553
vn 0.8878 0.2856 -0.3609
vn 0.6596 0.7493 0.0590
vn 0.6015 -0.7935 -0.0921
vn 0.4308 -0.8389 -0.3326
vn 0.9055 0.0283 -0.4233
vn 0.7537 0.4841 -0.4445
vn 0.8435 -0.5145 -0.1544
vn 0.7459 0.4797 -0.4622
vn 0.7258 -0.6809 -0.0980
vn 0.4686 -0.7705 -0.4322
vn 0.7519 0.2595 -0.6061
vn 0.2571 0.9433 -0.2099
vn 0.9335 0.1386 -0.3306
vn 0.2230 0.9375 -0.2673
vn 0.7908 -0.4507 -0.4141
vn 0.8215 -0.3409 -0.4570
vn 0.8594 -0.2704 -0.4339
vn 0.9259 -0.2812 -0.2525
vn 0.4535 0.6946 -0.5584
vn 0.4704 0.7137 -0.5190
vn 0.7336 -0.4610 -0.4993
vn 0.7700 -0.3903 -0.5047
vn 0.8163 -0.3166 -0.4832
vn 0.7117 -0.4976 -0.4959
vn 0.8104 -0.3521 -0.4682
vn 0.7645 -0.4814 -0.4288
vn 0.6450 -0.6518 -0.3989
vn 0.7100 -0.5316 -0.4618
vn 0.7646 -0.4789 -0.4313
vn 0.6655 -0.5891 -0.4584
vn 0.6223 -0.5456 -0.5613
vn 0.6742 -0.5015 -0.5422
vn 0.6229 -0.6607 -0.4189
vn 0.6775 -0.5430 -0.4962
vn 0.6591 -0.6383 -0.3976
vn 0.5827 -0.6145 -0.5318
vn 0.6413 -0.5285 -0.5563
vn 0.6408 -0.6026 -0.4756
vn 0.6459 -0.6527 -0.3959
vn 0.5701 -0.7240 -0.3885
vn 0.5621 -0.6995 -0.4412
vn 0.6129 -0.6242 -0.4846
vn 0.6261 -0.5462 -0.5564
vn 0.6883 -0.5487 -0.4746
vn 0.5757 -0.5614 -0.5945
vn 0.5746 -0.4765 -0.6654
vn 0.6303 -0.4828 -0.6080
vn 0.9259 -0.1055 -0.3627
vn 0.3344 0.8554 -0.3955
vn 0.7077 -0.1577 -0.6887
vn 0.5492 -0.3853 -0.7416
vn 0.0213 -0.9958 0.0895
vn -0.3666 -0.8918 -0.2651
vn 0.3618 0.7367 -0.5714
vn 0.8497 -0.2723 -0.4514
vn 0.3619 0.7593 -0.5408
vn 0.4992 -0.5127 -0.6985
vn 0.5507 -0.5094 -0.6613
vn 0.4816 -0.5859 -0.6517
vn 0.4770 -0.6277 -0.6152
vn 0.5433 -0.5443 -0.6393
vn 0.5506 -0.6111 -0.5687
vn 0.5041 0.0173 -0.8635
vn 0.2370 -0.9300 -0.2809
vn -0.0966 -0.8763 -0.4719
vn -0.0119 -0.7888 -0.6145
vn 0.3512 0.2390 -0.9053
vn 0.4184 0.2346 -0.8774
vn 0.5684 -0.5707 -0.5927
vn 0.5118 -0.6341 -0.5796
vn 0.5049 -0.5566 -0.6598
vn 0.3303 0.1442 -0.9328
vn 0.2292 -0.8881 -0.3984
vn -0.2394 -0.7962 -0.5556
vn 0.1798 0.7294 -0.6600
vn -0.1346 -0.3290 -0.9347
vn 0.1435 0.7189 -0.6801
vn 0.3653 -0.5316 -0.7642
vn 0.2916 -0.6165 -0.7314
vn 0.3096 -0.5448 -0.7793
vn 0.2261 0.3921 -0.8917
vn 0.2439 -0.7136 -0.6567
vn -0.2408 -0.5345 -0.8102
vn 0.2682 -0.5521 -0.7895
vn 0.2118 -0.6475 -0.7320
vn 0.2194 -0.5598 -0.7991
vn 0.2588 -0.6357 -0.7272
vn 0.0624 0.9097 -0.4105
vn -0.2473 0.2239 -0.9427
vn 0.0405 0.9142 -0.4032
vn 0.1360 0.3762 -0.9165
vn -0.7227 0.1795 -0.6674
vn -0.0142 -0.5111 -0.8594
vn 0.1842 -0.5957 -0.7818
vn 0.1000 -0.6838 -0.7228
vn 0.1399 -0.5853 -0.7986
vn 0.1818 -0.6667 -0.7228
vn 0.1249 -0.6759 -0.7264
vn 0.1789 -0.5785 -0.7958
vn 0.1706 -0.7054 -0.6879
vn 0.1255 -0.7792 -0.6140
vn 0.1326 -0.7062 -0.6955
vn 0.1626 -0.7427 -0.6495
vn 0.1241 -0.7631 -0.6342
vn 0.1708 -0.6869 -0.7064
vn -0.5365 -0.0931 0.8387
vn -0.3796 -0.0229 0.9249
vn -0.4587 -0.1191 0.8806
vn -0.3314 -0.3583 0.8728
vn -0.5362 0.0782 0.8404
vn -0.4632 -0.3555 0.8118
vn -0.4102 -0.1542 0.8989
vn -0.5709 0.2232 0.7901
vn -0.5820 0.1654 0.7962
vn -0.6133 -0.0272 0.7894
vn -0.6239 -0.1339 0.7700
vn -0.3763 -0.3295 0.8659
vn -0.5415 -0.1923 0.8184
vn -0.6291 0.0890 0.7722
vn -0.5507 -0.2155 0.8064
vn -0.5501 -0.1642 0.8188
vn -0.4969 -0.1389 0.8566
vn -0.4317 -0.1437 0.8905
vn -0.5975 -0.1070 0.7947
vn -0.4613 -0.0486 0.8859
vn -0.5386 0.3633 0.7602
vn -0.6124 -0.1722 0.7716
vn -0.4974 -0.1201 0.8592
vn -0.5537 -0.1433 0.8203
vn -0.6073 0.3870 0.6938
vn -0.6058 0.3694 0.7047
vn -0.6333 0.5722 0.5211
vn -0.5926 0.3183 0.7400
vn -0.5076 -0.1085 0.8547
vn -0.6146 0.2940 0.7320
vn -0.6711 0.5341 0.5142
vn -0.5558 0.4017 0.7278
vn -0.7455 0.4106 0.5250
vn -0.6449 0.5259 0.5546
vn -0.6892 0.2760 0.6700
vn -0.5859 0.5413 0.6032
vn -0.6016 0.5990 0.5285
vn -0.6798 0.2394 0.6932
vn -0.7771 0.4876 0.3980
vn -0.6701 0.2877 0.6842
vn -0.5504 -0.1057 0.8282
vn -0.7167 0.2155 0.6632
vn -0.6777 0.2635 0.6865
vn -0.6909 0.2210 0.6883
vn -0.6779 0.5392 0.4997
vn -0.7868 0.4748 0.3944
vn -0.5809 -0.2366 0.7789
vn -0.7305 0.1309 0.6703
vn -0.5893 -0.1942 0.7842
vn -0.5883 -0.2414 0.7718
vn -0.5969 -0.2943 0.7464
vn -0.5503 -0.2020 0.8102
vn -0.8168 0.2139 0.5357
vn -0.5988 0.5887 0.5430
vn -0.5129 0.4628 0.7230
vn -0.6698 0.0249 0.7421
vn -0.7454 -0.1682 0.6450
vn -0.5969 -0.3100 0.7400
vn -0.6850 -0.5241 0.5061
vn -0.6815 -0.3717 0.6304
vn -0.6586 -0.3338 0.6744
vn -0.6435 -0.2883 0.7090
vn -0.7993 0.0788 0.5958
vn -0.7947 0.1387 0.5909
vn -0.7361 0.1476 0.6605
vn -0.7813 0.5180 0.3481
vn -0.7759 0.1749 0.6062
vn -0.7442 0.1417 0.6528
vn -0.6687 0.5813 0.4637
vn -0.7761 0.5232 0.3521
vn -0.6560 -0.5378 0.5296
vn -0.8700 -0.0088 0.4929
vn -0.7100 -0.3991 0.5802
vn -0.6815 -0.4469 0.5795
vn -0.6690 -0.5954 0.4449
vn -0.6965 -0.5825 0.4190
vn -0.9035 0.3068 0.2993
vn -0.6074 0.5950 0.5263
vn -0.6037 0.4800 0.6365
vn -0.9189 0.2688 0.2886
vn -0.6181 0.5744 0.5367
vn -0.8682 0.1712 0.4658
vn -0.6369 -0.6254 0.4508
vn -0.9173 0.1337 0.3751
vn -0.9220 0.1015 0.3736
vn -0.6635 -0.7428 0.0892
vn -0.6991 -0.6578 0.2801
vn -0.6975 -0.5058 0.5076
vn -0.6477 -0.7462 -0.1540
vn -0.9193 0.1385 0.3685
vn -0.6964 -0.6713 0.2536
vn -0.6560 -0.7457 0.1168
vn -0.6411 -0.7648 -0.0631
vn -0.6989 -0.6537 0.2903
vn 0.4987 0.6090 -0.6168
vn 0.4708 0.7876 -0.3975
vn 0.5431 0.7502 -0.3772
vn 0.4671 0.6436 -0.6063
vn 0.5057 0.7815 -0.3654
vn 0.3279 0.7200 -0.6117
vn 0.1800 0.5836 -0.7918
vn 0.4472 0.4751 -0.7578
vn 0.2072 0.6314 -0.7473
vn 0.1337 0.5975 -0.7907
vn 0.1634 0.6373 -0.7531
vn -0.1815 0.7831 -0.5949
vn -0.1467 0.7816 -0.6063
vn 0.1881 0.6088 -0.7707
vn -0.1243 0.8001 -0.5869
vn -0.1531 0.7964 -0.5850
vn -0.3307 0.8809 -0.3385
vn -0.3724 0.8603 -0.3482
vn -0.3286 0.8734 -0.3594
vn -0.4093 0.8861 -0.2175
vn -0.3583 0.8619 -0.3587
vn -0.3144 0.8812 -0.3531
vn -0.4514 0.8656 -0.2168
vn -0.3540 0.8717 -0.3389
vn -0.4058 0.8922 -0.1982
vn -0.5713 0.8095 -0.1355
vn -0.4894 0.8537 -0.1782
vn -0.4292 0.8914 -0.1459
vn -0.5299 0.8398 -0.1178
vn -0.6151 0.7760 -0.1395
vn -0.4802 0.8600 -0.1727
vn -0.6443 0.7614 -0.0723
vn -0.6048 0.7875 -0.1185
vn -0.5558 0.8289 -0.0633
vn -0.5737 0.8154 -0.0774
vn -0.6297 0.7662 -0.1279
vn -0.5435 0.8351 -0.0851
vn -0.1885 0.9820 -0.0137
vn -0.1787 0.9831 -0.0399
vn -0.7761 0.6163 0.1338
vn -0.7104 0.7038 0.0005
vn -0.6926 0.7199 -0.0454
vn -0.6407 0.7665 0.0450
vn -0.5770 0.8166 0.0160
vn -0.6454 0.7632 -0.0325
vn -0.5634 0.8259 -0.0199
vn -0.1933 0.9810 0.0153
vn -0.6848 0.7185 0.1217
vn -0.7299 0.6800 0.0697
vn -0.6658 0.7379 0.1106
vn -0.6870 0.7258 0.0350
vn -0.6770 0.7167 0.1675
vn -0.6943 0.7120 0.1052
vn -0.7902 -0.0241 0.6124
vn -0.7233 0.6388 0.2621
vn -0.9587 -0.0703 0.2756
vn -0.4485 0.8616 0.2378
vn -0.7125 0.2983 0.6351
vn -0.4627 0.8520 0.2450
vn -0.7155 0.6635 0.2188
vn -0.6927 0.7065 0.1449
vn -0.7088 0.6882 0.1552
vn -0.7096 0.6881 0.1519
vn -0.6875 0.6757 0.2659
vn -0.7127 0.6712 0.2039
vn -0.3950 0.8849 0.2469
vn -0.3712 0.8992 0.2316
vn -0.8874 0.2959 0.3534
vn -0.4624 0.8199 0.3374
vn -0.9491 0.1810 0.2577
vn -0.4500 0.8148 0.3654
vn -0.5784 0.6623 0.4762
vn -0.7972 -0.1053 0.5944
vn -0.6759 -0.1867 0.7130
vn -0.7215 0.4228 0.5483
vn -0.7209 0.3994 0.5663
vn -0.7188 0.3442 0.6040
vn -0.7234 0.5616 0.4015
vn -0.7942 0.4419 0.4171
vn -0.7281 0.4765 0.4928
vn -0.7119 0.5768 0.4007
vn -0.6877 0.6452 0.3329
vn -0.7789 0.4812 0.4022
vn -0.7460 0.4106 0.5243
vn -0.7980 0.3494 0.4910
vn -0.7692 0.2982 0.5652
vn -0.7749 0.4038 0.4862
vn -0.8054 0.2951 0.5141
vn -0.7519 0.3509 0.5581
vn -0.7283 0.5506 0.4080
vn -0.7785 0.5301 0.3360
vn -0.7296 0.4531 0.5123
vn -0.8160 0.4641 0.3447
vn -0.8383 0.2990 0.4558
vn -0.7978 0.4263 0.4263
vn -0.8533 0.3652 0.3721
vn -0.8309 0.3255 0.4514
vn -0.7959 0.4915 0.3536
vn -0.9210 0.3830 0.0717
vn -0.8174 0.4673 0.3368
vn -0.6549 -0.6634 0.3620
vn -0.5926 -0.7329 0.3341
vn -0.9527 0.2828 -0.1111
vn -0.5800 -0.7642 0.2820
vn -0.7391 -0.3525 0.5741
vn -0.8167 0.5760 0.0363
vn -0.7456 -0.3808 0.5468
vn -0.7977 0.5704 0.1960
vn -0.8651 0.3966 0.3071
vn -0.7924 0.5386 0.2863
vn -0.3715 -0.9069 0.1987
vn -0.5863 0.1056 0.8032
vn -0.3775 -0.9110 0.1662
vn -0.7830 0.1702 0.5983
vn -0.8237 0.1253 0.5530
vn -0.7847 0.0734 0.6155
vn 0.4265 0.8303 0.3589
vn 0.3657 0.9107 -0.1919
vn -0.7738 0.5815 0.2513
vn -0.8659 0.4460 0.2267
vn -0.8632 0.4048 0.3016
vn -0.7901 0.5758 0.2103
vn -0.7613 0.6441 0.0748
vn -0.8603 0.4778 0.1777
vn -0.7708 0.6167 0.1598
vn -0.8929 0.3200 -0.3169
vn -0.9065 0.4116 0.0942
vn -0.5222 -0.8482 0.0887
vn -0.8550 0.5079 0.1054
vn -0.8630 0.4748 0.1727
vn -0.7620 0.6367 0.1182
vn -0.6501 -0.7439 0.1546
vn -0.7997 0.4126 -0.4362
vn -0.6531 -0.7448 0.1367
vn -0.4157 -0.9046 0.0946
vn -0.7872 0.2786 0.5502
vn -0.4352 -0.8967 0.0814
vn -0.6825 0.7304 -0.0264
vn -0.8271 0.5603 0.0447
vn -0.7119 0.6990 0.0682
vn -0.7764 0.4052 0.4828
vn -0.8791 0.4762 -0.0185
vn -0.5456 -0.8344 0.0779
vn -0.8170 0.5765 -0.0128
vn -0.8448 0.5339 0.0368
vn -0.7061 0.7079 0.0144
vn -0.6393 -0.7660 0.0677
vn -0.7364 0.4496 -0.5055
vn -0.6214 -0.7831 0.0245
vn -0.3915 -0.9191 0.0438
vn -0.8186 0.2637 0.5102
vn -0.4125 -0.9104 0.0327
vn -0.7189 0.5636 0.4067
vn -0.8274 0.5432 -0.1428
vn -0.6994 -0.7147 -0.0068
vn -0.7272 -0.6864 -0.0097
vn -0.6767 0.4247 -0.6014
vn -0.7277 -0.6850 -0.0344
vn -0.6525 0.7575 -0.0213
vn -0.6022 0.7903 -0.1133
vn -0.7870 0.6147 -0.0527
vn -0.8334 0.5486 -0.0675
vn -0.6751 0.7221 -0.1510
vn -0.8713 0.4763 -0.1179
vn -0.6868 0.7246 -0.0565
vn -0.5754 0.8075 -0.1299
vn -0.6428 0.7563 -0.1217
vn -0.8172 -0.1153 -0.5647
vn -0.3095 -0.9509 0.0039
vn -0.3288 -0.9436 0.0400
vn -0.9192 0.3530 -0.1748
vn -0.6625 0.7310 -0.1634
vn -0.9270 0.2891 -0.2389
vn -0.6269 0.7639 -0.1534
vn -0.5681 0.8075 -0.1585
vn -0.4082 0.8998 -0.1541
vn -0.6444 0.7500 -0.1488
vn -0.4244 0.8897 -0.1680
vn -0.6229 0.7549 -0.2053
vn -0.9316 0.3375 -0.1350
vn -0.6386 0.7552 -0.1479
vn -0.6173 0.7504 -0.2362
vn -0.6516 0.7273 -0.2155
vn -0.9254 0.2587 -0.2770
vn -0.9457 0.2966 -0.1331
vn -0.9793 0.0049 0.2021
vn -0.7856 -0.4478 -0.4269
vn -0.9712 0.2164 0.0995
vn -0.8686 0.2085 -0.4495
vn -0.9792 -0.0114 -0.2026
vn -0.9125 0.1916 -0.3615
vn -0.3734 0.1946 -0.9070
vn -0.9033 0.3870 -0.1853
vn -0.8074 -0.5007 -0.3121
vn -0.7966 0.5857 -0.1493
vn -0.7864 0.5939 -0.1699
vn -0.8121 -0.2569 -0.5239
vn -0.4383 -0.8982 0.0339
vn -0.9929 0.0806 -0.0878
vn -0.4819 -0.7494 -0.4541
vn -0.6618 0.7477 -0.0540
vn -0.6682 0.7379 -0.0949
vn -0.8333 -0.2991 -0.4649
vn 0.1750 -0.9833 0.0492
vn -0.8811 -0.4730 0.0053
vn 0.1080 -0.8832 -0.4565
vn -0.4607 0.8849 0.0682
vn -0.4559 0.8900 -0.0054
vn -0.9544 -0.0791 -0.2877
vn -0.8858 -0.4163 0.2050
vn -0.6977 0.7078 0.1109
vn -0.8926 -0.3515 -0.2825
vn 0.7507 0.6572 -0.0665
vn 0.6920 0.7092 -0.1346
vn 0.0721 0.1849 -0.9801
vn -0.7587 0.1064 0.6427
vn -0.2889 0.9550 0.0674
vn -0.2461 0.9658 0.0816
vn -0.8809 0.2689 0.3895
vn -0.9051 0.2428 0.3490
vn -0.3312 -0.6761 0.6582
vn -0.8253 -0.5098 0.2427
vn -0.7751 -0.5832 0.2433
vn -0.8078 -0.5054 0.3035
vn -0.5675 -0.4146 0.7114
vn -0.6819 0.5985 0.4205
vn -0.7164 0.5892 0.3736
vn -0.7973 -0.4747 0.3728
vn -0.8315 -0.4673 0.3005
vn -0.7664 -0.5532 0.3265
vn -0.8040 -0.5157 0.2959
vn -0.7608 -0.6014 0.2439
vn -0.7423 -0.5842 0.3283
vn -0.7926 -0.5568 0.2487
vn -0.7197 -0.6342 0.2825
vn -0.7513 -0.5708 0.3312
vn -0.6203 -0.7087 0.3360
vn -0.6823 -0.6591 0.3164
vn -0.6339 -0.7191 0.2848
vn 0.6281 0.6553 -0.4195
vn 0.5045 0.8452 -0.1763
vn 0.5986 0.6647 -0.4471
vn 0.6752 0.6139 -0.4089
vn 0.6705 0.7192 -0.1823
vn 0.5396 0.8186 -0.1967
vn 0.5057 0.8416 -0.1896
vn 0.6408 0.7423 -0.1958
vn 0.4442 0.8490 0.2862
vn 0.6618 0.6256 -0.4131
vn 0.6547 0.7331 -0.1840
vn 0.6592 0.6273 -0.4147
vn 0.6784 0.6076 -0.4129
vn 0.6670 0.7195 -0.1935
vn 0.6746 0.6129 -0.4115
vn 0.4041 0.8851 0.2309
vn 0.7743 0.6011 0.1977
vn 0.5045 0.8319 0.2313
vn 0.4766 0.8329 0.2812
vn 0.6503 0.7308 -0.2074
vn 0.8296 0.5332 0.1658
vn 0.6529 0.6272 -0.4248
vn 0.6277 0.6614 -0.4106
vn 0.7844 0.5764 -0.2290
vn 0.6269 0.7107 -0.3192
vn 0.6536 0.6464 -0.3937
vn 0.8447 0.4580 -0.2769
vn 0.3105 0.9502 -0.0265
vn 0.9544 0.2629 0.1416
vn 0.7918 0.5922 -0.1495
vn 0.8410 0.4677 -0.2721
vn 0.7021 0.5149 -0.4919
vn 0.8574 0.4710 -0.2074
vn 0.8703 0.4066 -0.2779
vn 0.8970 0.4054 -0.1763
vn 0.9965 -0.0052 -0.0832
vn 0.7130 0.4976 -0.4940
vn 0.7459 0.4797 -0.4621
vn 0.8657 0.4561 -0.2062
vn 0.9332 -0.3590 -0.0127
vn 0.9210 -0.3563 -0.1576
vn 0.9732 0.0770 -0.2169
vn 0.9376 0.2235 -0.2663
vn 0.9850 -0.1538 -0.0779
vn 0.9472 0.1656 -0.2747
vn 0.9999 -0.0110 -0.0123
vn 0.9968 -0.0547 -0.0585
vn 0.9801 -0.1422 -0.1383
vn 0.9892 -0.0207 -0.1453
vn 0.9106 0.3949 -0.1218
vn 0.9461 -0.0031 -0.3240
vn 0.9847 -0.1169 -0.1292
vn 0.9989 -0.0229 -0.0404
vn 0.9717 -0.0931 -0.2173
vn 0.9423 -0.3299 -0.0574
vn 0.9368 -0.1344 -0.3229
vn 0.9515 -0.0278 -0.3064
vn 0.9460 -0.2156 -0.2421
vn 0.9408 0.0890 -0.3272
vn 0.9542 -0.1923 -0.2290
vn 0.9749 -0.1389 -0.1739
vn 0.9575 -0.1643 -0.2369
vn 0.9844 -0.1437 -0.1012
vn 0.9522 -0.1070 -0.2860
vn 0.8985 0.3634 -0.2462
vn 0.9903 -0.0486 -0.1305
vn 0.9345 -0.1723 -0.3116
vn 0.9601 -0.1435 -0.2399
vn 0.9775 -0.1202 -0.1736
vn 0.8597 0.3870 -0.3334
vn 0.7062 0.5723 -0.4168
vn 0.8694 0.3694 -0.3282
vn 0.9767 -0.1086 -0.1853
vn 0.8980 0.3183 -0.3038
vn 0.8977 0.2947 -0.3277
vn 0.8740 0.4016 -0.2734
vn 0.7128 0.5341 -0.4547
vn 0.7484 0.4107 -0.5209
vn 0.9509 -0.1991 -0.2369
vn 0.9055 -0.2944 -0.3056
vn 0.9264 -0.2414 -0.2889
vn 0.8653 0.2760 -0.4185
vn 0.7417 0.5260 -0.4163
vn 0.7672 0.5413 -0.3441
vn 0.7024 0.5990 -0.3845
vn 0.8683 0.2156 -0.4467
vn 0.9663 -0.1060 -0.2345
vn 0.8767 0.2650 -0.4015
vn 0.8838 0.2392 -0.4021
vn 0.8721 0.2878 -0.3957
vn 0.6399 0.4888 -0.5930
vn 0.9309 -0.2361 -0.2787
vn 0.9385 -0.1940 -0.2857
vn 0.8796 0.1309 -0.4573
vn 0.6397 0.4752 -0.6042
vn 0.7015 0.5393 -0.4659
vn 0.8830 0.2210 -0.4141
vn -0.1853 -0.2548 -0.9491
vn -0.3549 -0.3397 -0.8710
vn -0.3864 0.0919 -0.9178
vn -0.1090 0.2666 -0.9576
vn -0.1714 -0.1620 -0.9718
vn -0.3734 0.2054 -0.9047
vn -0.1134 -0.7421 -0.6606
vn -0.2985 -0.7288 -0.6163
vn -0.2213 -0.6725 -0.7062
vn -0.0973 -0.5871 -0.8037
vn -0.1065 -0.7168 -0.6891
vn -0.2128 -0.6346 -0.7430
vn 0.1076 -0.1965 -0.9746
vn -0.0337 -0.2907 -0.9562
vn -0.1292 0.0564 -0.9900
vn 0.0640 -0.7073 -0.7040
vn -0.0175 -0.7371 -0.6756
vn -0.0070 -0.6249 -0.7807
vn 0.0218 -0.6893 -0.7242
vn 0.0257 -0.8105 -0.5852
vn -0.0679 -0.7243 -0.6861
vn 0.1207 -0.5426 -0.8313
vn 0.0860 -0.6520 -0.7533
vn 0.0051 -0.5769 -0.8168
vn -0.0282 0.1907 -0.9812
vn 0.1442 -0.0125 -0.9895
vn -0.1260 0.2073 -0.9701
vn 0.4248 0.2166 -0.8790
vn -0.1304 -0.4466 -0.8852
vn 0.5251 0.0064 -0.8510
vn 0.1580 -0.9267 -0.3408
vn 0.1151 -0.9349 -0.3356
vn -0.2517 -0.0704 -0.9652
vn 0.1494 0.3535 -0.9234
vn 0.0926 0.2898 -0.9526
vn 0.0736 0.7315 -0.6779
vn -0.3759 0.5797 -0.7229
vn 0.2432 -0.4836 -0.8408
vn 0.2521 -0.4920 -0.8333
vn 0.1869 0.4759 -0.8594
vn 0.0897 0.7219 -0.6861
vn 0.2217 0.5481 -0.8065
vn -0.2366 0.4226 -0.8749
vn 0.2024 -0.7949 -0.5719
vn 0.9808 -0.1277 0.1472
vn 0.2196 0.6147 -0.7576
vn 0.0995 0.7902 -0.6047
vn 0.2030 0.7575 -0.6205
vn -0.6143 0.7880 -0.0415
vn 0.3850 0.3749 -0.8433
vn 0.3559 0.3542 -0.8648
vn -0.0851 0.2691 -0.9594
vn 0.2001 -0.8950 -0.3986
vn 0.3096 0.3638 -0.8785
vn 0.2549 0.7081 -0.6585
vn 0.3235 0.5341 -0.7811
vn 0.2673 0.5767 -0.7720
vn 0.3077 0.6991 -0.6454
vn 0.3248 0.5605 -0.7618
vn 0.2085 0.7306 -0.6502
vn 0.1848 0.7655 -0.6164
vn 0.2126 0.8162 -0.5372
vn 0.1750 0.8258 -0.5361
vn 0.2501 0.7043 -0.6644
vn 0.2614 0.7659 -0.5874
vn 0.1888 0.7224 -0.6652
vn -0.2227 0.6152 -0.7563
vn 0.4662 -0.4958 -0.7326
vn 0.4502 -0.4965 -0.7421
vn 0.0163 0.2630 -0.9647
vn 0.2469 -0.8768 -0.4125
vn 0.4126 0.3520 -0.8401
vn 0.3720 0.6365 -0.6757
vn 0.4520 0.4729 -0.7564
vn 0.3915 0.5077 -0.7674
vn 0.4137 0.6167 -0.6697
vn 0.4550 0.4780 -0.7513
vn 0.3307 0.6440 -0.6898
vn 0.1762 0.8180 0.5476
vn 0.4848 0.6121 -0.6247
vn -0.3270 0.8951 0.3032
vn 0.4676 0.5760 -0.6704
vn 0.5786 0.4052 -0.7079
vn 0.5091 0.4462 -0.7360
vn 0.2788 -0.9134 -0.2966
vn 0.9562 0.0983 -0.2758
vn 0.3084 -0.9100 -0.2772
vn 0.3191 0.6768 -0.6635
vn 0.3485 0.7187 -0.6017
vn 0.3324 0.7364 -0.5893
vn 0.1596 0.9403 -0.3007
vn 0.5833 0.5033 -0.6376
vn 0.1377 0.9412 -0.3084
vn 0.3891 0.7165 -0.5789
vn 0.2679 0.7256 -0.6338
vn 0.3364 0.7118 -0.6166
vn 0.5548 0.7714 -0.3117
vn 0.5608 0.7666 -0.3128
vn 0.0817 0.4249 -0.9015
vn -0.0773 0.5053 -0.8595
vn 0.5691 0.7571 -0.3210
vn 0.0824 0.4259 -0.9010
vn 0.6707 0.5354 -0.5134
vn 0.6568 0.6556 -0.3726
vn -0.1597 0.7862 -0.5970
vn 0.0320 0.7834 -0.6207
vn 0.6480 0.6574 -0.3846
vn 0.6439 0.6678 -0.3735
vn -0.0039 0.2455 -0.9694
vn -0.9337 -0.0584 -0.3531
vn -0.2067 0.4942 -0.8444
vn 0.5434 0.7687 -0.3375
vn 0.2668 0.3135 -0.9114
vn 0.5790 0.7487 -0.3229
vn 0.0413 0.7887 -0.6134
vn 0.6219 0.7179 -0.3127
vn 0.1433 0.9817 -0.1255
vn 0.1301 0.9751 -0.1794
vn 0.6225 0.7132 -0.3224
vn 0.6218 0.7166 -0.3158
vn -0.2141 0.9601 0.1798
vn 0.4158 0.3406 -0.8432
vn 0.5927 0.7402 -0.3175
vn 0.2596 0.3196 -0.9113
vn 0.6515 0.6568 -0.3796
vn 0.6357 0.6801 -0.3651
vn 0.3511 0.3338 -0.8748
vn 0.0243 0.4943 -0.8690
vn -0.7857 -0.2488 -0.5664
vn -0.6377 -0.4465 -0.6277
vn 0.1370 0.2697 -0.9531
vn -0.4997 -0.6570 -0.5645
vn 0.2844 0.2934 -0.9127
vn 0.6138 0.2647 -0.7438
vn 0.6387 0.6675 -0.3828
vn 0.5745 0.2784 -0.7697
vn 0.7006 0.5899 -0.4015
vn 0.4178 0.2189 -0.8818
vn -0.3518 -0.7017 -0.6195
vn -0.2758 -0.7010 -0.6577
vn 0.6439 0.1538 -0.7495
vn 0.4073 0.2256 -0.8850
vn 0.0791 -0.7424 -0.6652
vn 0.1333 -0.7627 -0.6328
vn 0.4563 0.1972 -0.8677
vn -0.2593 -0.7214 -0.6421
vn 0.7347 0.1710 -0.6564
vn 0.7158 0.5743 -0.3972
vn 0.5856 0.2687 -0.7648
vn 0.8047 0.4800 -0.3495
vn 0.7023 0.5951 -0.3906
vn 0.5899 0.3075 -0.7466
vn 0.4765 -0.6713 -0.5678
vn 0.6606 0.1385 -0.7378
vn 0.0768 -0.7461 -0.6613
vn 0.6664 0.1012 -0.7387
vn 0.6662 0.1336 -0.7337
vn 0.6413 -0.6256 -0.4442
vn -0.1844 -0.7865 -0.5894
vn 0.1217 -0.7816 -0.6118
vn -0.2077 -0.7749 -0.5970
vn -0.2247 -0.7631 -0.6059
vn -0.4274 -0.7028 -0.5688
vn -0.2065 -0.7817 -0.5885
vn 0.5119 -0.6536 -0.5575
vn 0.1601 -0.7649 -0.6240
vn 0.3342 -0.7456 -0.5765
vn 0.3464 -0.7445 -0.5707
vn 0.1706 -0.7713 -0.6132
vn -0.1337 -0.7949 -0.5919
vn 0.5958 0.5214 -0.6109
vn 0.6645 0.5813 -0.4696
vn 0.8707 0.1449 -0.4700
vn 0.7156 -0.5056 -0.4819
vn 0.5023 -0.6578 -0.5612
vn 0.3108 -0.7428 -0.5930
vn 0.7881 -0.3989 -0.4687
vn 0.7607 -0.0087 -0.6491
vn 0.7220 -0.5377 -0.4355
vn 0.7775 -0.4471 -0.4422
vn 0.6318 -0.5826 -0.5112
vn 0.6468 -0.5955 -0.4766
vn 0.8350 0.1749 -0.5218
vn 0.8269 0.1387 -0.5450
vn 0.8332 0.0788 -0.5473
vn 0.8868 -0.2878 -0.3616
vn 0.8550 0.4625 -0.2347
vn 0.7151 0.5887 -0.3771
vn 0.7828 0.2139 -0.5844
vn 0.5305 -0.4694 -0.7058
vn -0.2518 -0.8014 -0.5425
vn -0.0158 -0.4409 -0.8974
vn -0.1814 -0.8306 -0.5264
vn -0.4767 -0.3020 -0.8256
vn -0.0422 -0.4380 -0.8980
vn 0.7100 -0.5240 -0.4705
vn 0.8591 -0.3337 -0.3881
vn 0.8255 -0.3717 -0.4247
vn 0.8993 -0.3100 -0.3084
vn 0.8611 -0.1680 -0.4799
vn 0.9264 0.0249 -0.3756
vn -0.4350 -0.7340 -0.5215
vn -0.4730 -0.3120 -0.8240
vn -0.1687 -0.8049 -0.5689
vn -0.1942 -0.7992 -0.5689
vn -0.4242 -0.7153 -0.5554
vn -0.4962 -0.6763 -0.5444
vn -0.4310 -0.7847 -0.4455
vn -0.7944 -0.1863 -0.5781
vn -0.5801 -0.3279 -0.7456
vn -0.7733 -0.4294 -0.4666
vn -0.7190 -0.0163 -0.6948
vn -0.5071 -0.6608 -0.5534
vn -0.5113 -0.6178 -0.5974
vn -0.6512 -0.5276 -0.5455
vn -0.7648 -0.4567 -0.4543
vn -0.8153 -0.2950 -0.4982
vn -0.3243 0.9437 -0.0652
vn -0.7385 0.1190 -0.6637
vn -0.7532 -0.4653 -0.4651
vn -0.6462 -0.5376 -0.5417
vn -0.8489 -0.3057 -0.4312
vn -0.6035 0.7755 0.1854
vn -0.3435 0.9387 -0.0289
vn -0.7796 -0.2900 -0.5551
vn -0.8929 -0.1445 -0.4265
vn -0.5882 0.7920 0.1637
vn -0.8084 -0.3236 -0.4918
vn -0.6247 0.7733 0.1083
vn -0.1552 0.9819 0.1087
vn -0.3572 0.9321 -0.0607
vn -0.3726 0.8970 0.2379
vn -0.5470 0.8242 0.1464
vn -0.8820 -0.0925 -0.4621
vn -0.8574 -0.0891 -0.5070
vn 0.0692 0.8065 -0.5872
vn -0.4419 0.8566 0.2665
vn -0.3215 0.9109 0.2587
vn 0.0708 0.8048 -0.5893
vn 0.3136 0.9350 -0.1656
vn -0.4092 0.8699 0.2754
vn -0.4288 0.8781 0.2124
vn -0.3184 0.9197 0.2298
vn -0.3350 0.9265 0.1715
vn 0.2529 0.9352 -0.2480
vn -0.2781 0.9413 0.1914
vn -0.3663 0.8647 0.3437
vn -0.2097 0.9675 0.1412
vn -0.4409 0.8591 0.2601
vn -0.2986 0.9356 0.1884
vn -0.2927 0.9379 0.1861
vn -0.2654 0.9441 0.1955
vn -0.2175 0.9322 0.2893
vn -0.0574 0.9969 0.0546
vn -0.0866 0.9947 0.0560
vn 0.4514 0.8900 -0.0642
vn 0.1145 0.9534 0.2793
vn 0.2518 0.9596 -0.1253
vn -0.3583 0.7199 0.5945
vn -0.1312 0.9834 0.1251
vn -0.2112 0.9766 0.0396
vn -0.2124 0.9485 0.2351
vn -0.2736 0.9361 0.2208
vn -0.2806 0.9352 0.2158
vn -0.2131 0.9086 0.3593
vn -0.1200 0.9814 0.1498
vn -0.3222 0.8904 0.3215
vn -0.2211 0.9510 0.2163
vn -0.1720 0.9503 0.2595
vn -0.1622 0.9542 0.2515
vn 0.0682 0.9584 0.2771
vn 0.0295 0.9992 0.0256
vn -0.0229 0.9988 0.0422
vn 0.3591 0.7757 -0.5190
vn 0.2796 0.9600 0.0132
vn -0.2977 0.9294 0.2180
vn -0.1346 0.9480 0.2883
vn -0.2063 0.9384 0.2770
vn -0.1005 0.9589 0.2653
vn 0.4688 0.7061 -0.5307
vn 0.3544 0.9214 -0.1593
vn 0.3767 0.9262 -0.0162
vn 0.3628 0.9029 -0.2304
vn -0.1106 0.9484 0.2972
vn 0.2972 0.9470 -0.1216
vn 0.7377 0.6466 -0.1942
vn 0.3759 0.8868 -0.2688
vn 0.6748 0.6096 -0.4160
vn -0.0826 0.9532 0.2909
vn -0.0450 0.9658 0.2555
vn 0.6064 0.7817 0.1454
vn 0.6061 0.7610 0.2314
vn 0.4668 0.8786 0.1005
vn -0.1196 0.8956 0.4284
vn -0.3595 -0.6815 0.6375
vn -0.4730 -0.5954 0.6495
vn -0.4147 -0.5947 0.6888
vn -0.4090 -0.6740 0.6152
vn 0.1239 -0.8468 0.5173
vn -0.3446 -0.7430 0.5737
vn -0.3847 -0.5948 0.7058
vn -0.4520 -0.5906 0.6685
vn -0.4545 -0.4927 0.7421
vn -0.4472 -0.3922 0.8039
vn -0.4020 -0.3909 0.8280
vn -0.4078 -0.4682 0.7839
vn -0.4297 -0.2970 0.8527
vn -0.4770 -0.5254 0.7046
vn -0.0728 -0.8233 0.5630
vn 0.1066 -0.7378 0.6665
vn -0.4142 -0.4184 0.8083
vn 0.0741 -0.7788 0.6229
vn -0.3675 -0.4861 0.7929
vn -0.1701 0.3561 0.9188
vn -0.1943 0.4260 0.8836
vn 0.2697 0.9064 0.3250
vn -0.1608 0.2903 0.9433
vn 0.2321 0.8981 0.3736
vn 0.6229 -0.0926 0.7768
vn 0.2985 0.9150 0.2714
vn -0.1674 0.4772 0.8627
vn 0.1752 0.8910 0.4189
vn 0.3123 0.9497 0.0248
vn 0.2595 0.8983 0.3546
vn 0.1765 0.8503 0.4959
vn 0.9632 -0.1206 -0.2402
vn 0.9158 -0.2417 -0.3207
vn 0.8658 0.3663 -0.3411
vn 0.8430 0.5308 0.0871
vn 0.0633 0.9973 0.0366
vn 0.5320 0.8105 -0.2449
vn 0.0244 0.9761 -0.2160
vn 0.8671 0.1222 -0.4830
vn 0.8506 0.0929 -0.5175
vn 0.6166 0.5554 -0.5579
vn 0.3554 0.9345 -0.0212
vn 0.3559 0.9293 -0.0987
vn 0.4101 0.9072 -0.0939
vn 0.3713 0.9212 -0.1163
vn 0.3788 0.9044 -0.1963
vn 0.4244 0.8987 -0.1101
vn 0.5193 0.8508 -0.0811
vn 0.8432 0.4885 -0.2244
vn 0.4138 0.8935 -0.1746
vn 0.3831 0.9142 -0.1323
vn 0.8325 0.5411 -0.1190
vn 0.7363 0.6240 0.2616
vn 0.2489 -0.6760 -0.6936
vn 0.1850 -0.7463 -0.6394
vn 0.2061 -0.6818 -0.7019
vn 0.2277 -0.7103 -0.6660
vn 0.1885 -0.7346 -0.6517
vn 0.2532 -0.6558 -0.7112
vn 0.3430 -0.6320 -0.6950
vn 0.2689 -0.7059 -0.6553
vn 0.2808 -0.6422 -0.7132
vn 0.3500 -0.6067 -0.7137
vn 0.3202 -0.6898 -0.6493
vn 0.4149 -0.5152 -0.7499
vn 0.4693 -0.5167 -0.7161
vn 0.3854 -0.5956 -0.7047
vn 0.3790 -0.6073 -0.6982
vn 0.4678 -0.5261 -0.7102
vn 0.4508 -0.5984 -0.6623
vn 0.3651 -0.6690 -0.6474
vn 0.4376 -0.6792 -0.5892
vn 0.4149 -0.7392 -0.5305
vn 0.3800 -0.7317 -0.5659
vn 0.1669 -0.9347 -0.3138
vn 0.1921 -0.9364 -0.2936
vn 0.1407 -0.9547 -0.2624
vn 0.1524 -0.9585 -0.2409
vn 0.2049 -0.9341 -0.2923
vn 0.1947 -0.9538 -0.2287
vn 0.2436 -0.9210 -0.3041
vn 0.2600 -0.9185 -0.2978
vn 0.2245 -0.9449 -0.2381
vn 0.1974 -0.9484 -0.2483
vn 0.1801 -0.9662 -0.1842
vn 0.1651 -0.9509 -0.2616
vn 0.5277 -0.7088 -0.4682
vn 0.4843 -0.7190 -0.4984
vn 0.5305 -0.6591 -0.5330
vn 0.3018 -0.9121 -0.2775
vn 0.2438 -0.9483 -0.2033
vn 0.2758 -0.9192 -0.2810
vn 0.2058 -0.9514 -0.2289
vn 0.3304 -0.9086 -0.2555
vn 0.2458 -0.9417 -0.2296
vn 0.3122 -0.9129 -0.2630
vn 0.2674 -0.9383 -0.2195
vn 0.1890 -0.9631 -0.1916
vn 0.2333 -0.9366 -0.2613
vn -0.8466 -0.5152 0.1334
vn -0.7884 -0.6037 0.1181
vn -0.8305 -0.5211 0.1967
vn -0.7703 -0.6320 0.0847
vn -0.7079 -0.7058 0.0285
vn -0.7197 -0.6898 0.0788
vn -0.7663 -0.6422 0.0201
vn -0.8431 -0.5316 0.0819
vn -0.7872 -0.6163 0.0240
vn -0.7904 -0.6067 0.0847
vn -0.8383 -0.5447 0.0243
vn -0.7720 -0.6356 -0.0054
vn -0.8336 -0.5520 -0.0179
vn -0.7610 -0.6467 -0.0512
vn -0.6640 -0.7464 -0.0449
vn -0.7362 -0.6768 -0.0035
vn -0.7298 -0.6820 -0.0463
vn -0.8260 -0.5596 -0.0671
vn -0.7235 -0.6856 -0.0805
vn -0.6384 -0.7632 -0.1003
vn -0.6659 -0.7428 -0.0693
vn -0.8091 -0.5784 -0.1040
vn -0.7248 -0.6764 -0.1311
vn -0.7411 -0.6671 -0.0760
vn -0.6989 -0.7062 -0.1133
vn -0.6200 -0.7792 -0.0922
vn -0.7048 -0.7055 -0.0750
vn -0.7984 -0.5852 -0.1417
vn -0.7149 -0.6823 -0.1527
vn -0.7978 -0.5955 -0.0943
vn -0.2172 -0.9761 0.0079
vn -0.1971 -0.9797 -0.0358
vn -0.3057 -0.9518 -0.0255
vn -0.2416 -0.9670 0.0811
vn -0.1556 -0.9806 0.1189
vn -0.1255 -0.9921 0.0054
vn 0.0573 -0.9968 0.0563
vn -0.7694 -0.5768 -0.2746
vn -0.7373 -0.6519 -0.1769
vn -0.8225 -0.5425 -0.1710
vn -0.7312 -0.6248 -0.2737
vn -0.6289 -0.7370 -0.2476
vn -0.6837 -0.7069 -0.1814
vn -0.6215 -0.7243 -0.2985
vn -0.5587 -0.8105 -0.1760
vn -0.6880 -0.6892 -0.2272
vn -0.8858 0.0570 -0.4605
vn -0.8872 -0.2899 -0.3589
vn -0.9524 -0.1961 -0.2334
vn -0.1993 -0.9647 0.1722
vn -0.2339 -0.9437 0.2340
vn -0.1189 -0.9822 0.1452
vn -0.4270 -0.8869 -0.1765
vn -0.5271 -0.8336 -0.1650
vn -0.5678 -0.7728 -0.2834
vn -0.5744 -0.7765 -0.2591
vn -0.4876 -0.8181 -0.3049
vn -0.4365 -0.8867 -0.1525
vn -0.2212 -0.9527 0.2086
vn 0.1040 -0.9946 -0.0045
vn -0.1452 -0.9702 0.1942
vn -0.2286 -0.9548 0.1900
vn 0.2619 -0.9649 0.0198
vn 0.0912 -0.9958 -0.0096
vn -0.3667 -0.8739 0.3191
vn -0.1681 -0.9769 0.1319
vn -0.3774 -0.8726 0.3101
vn -0.1288 -0.9614 0.2433
vn -0.3420 -0.8440 0.4131
vn -0.1389 -0.9321 0.3344
vn -0.4275 -0.8009 0.4194
vn -0.3243 -0.8440 0.4272
vn -0.3768 -0.8539 0.3590
vn -0.3929 -0.8321 -0.3915
vn -0.3463 -0.8703 -0.3502
vn -0.3888 -0.9123 -0.1286
vn -0.3881 -0.9140 -0.1184
vn -0.2932 -0.9037 -0.3119
vn -0.3935 -0.9126 -0.1107
vn -0.3720 -0.8637 -0.3399
vn -0.3696 -0.7584 -0.5368
vn -0.3211 -0.8917 -0.3190
vn -0.5242 -0.8475 -0.0840
vn -0.4111 -0.8542 -0.3184
vn -0.4012 -0.9155 0.0303
vn -0.3333 -0.7390 -0.5855
vn -0.3269 -0.8567 -0.3989
vn -0.3589 -0.7504 -0.5551
vn -0.3475 -0.8739 0.3400
vn -0.5323 -0.7103 0.4605
vn -0.3629 -0.9316 0.0208
vn -0.4591 -0.7045 0.5412
vn -0.4154 -0.7733 0.4790
vn -0.4472 -0.7942 0.4114
vn -0.4729 -0.5934 0.6514
vn -0.5410 -0.6910 0.4794
vn -0.3672 -0.8528 0.3713
vn -0.3785 -0.6587 0.6503
vn -0.5157 -0.8196 0.2496
vn -0.5219 -0.6305 0.5745
vn -0.4430 -0.6260 0.6418
vn -0.3813 -0.8569 0.3469
vn -0.4475 -0.5023 0.7399
vn -0.1857 -0.3236 -0.9278
vn 0.3550 0.7919 -0.4969
vn -0.0955 -0.1446 -0.9849
vn -0.2551 -0.2896 -0.9225
vn 0.0903 0.9388 -0.3324
vn 0.3806 0.7757 -0.5034
vn -0.3710 0.1189 -0.9210
vn 0.0498 0.9437 -0.3272
vn -0.1892 -0.2953 -0.9365
vn 0.0652 0.9320 -0.3564
vn 0.1553 0.9819 -0.1087
vn 0.3155 0.7732 -0.5501
vn -0.3465 -0.6610 -0.6656
vn -0.4069 -0.0165 -0.9133
vn -0.1739 -0.4296 -0.8861
vn -0.5021 -0.3280 -0.8002
vn -0.2720 -0.1878 -0.9438
vn -0.2711 -0.7848 -0.5573
vn -0.1677 -0.4576 -0.8732
vn -0.2899 -0.5276 -0.7985
vn -0.3865 -0.6178 -0.6848
vn -0.1149 -0.3056 -0.9452
vn -0.2880 -0.5375 -0.7925
vn -0.1794 -0.4651 -0.8669
vn -0.4769 -0.8049 -0.3532
vn -0.6125 -0.3120 -0.7263
vn -0.3413 -0.7341 -0.5871
vn -0.8294 -0.4380 -0.3468
vn -0.6128 -0.3019 -0.7303
vn -0.4326 -0.8306 -0.3505
vn -0.8379 -0.4409 -0.3218
vn -0.4236 -0.8015 -0.4222
vn -0.8446 -0.4695 0.2572
vn -0.3419 -0.6763 -0.6524
vn -0.3768 -0.7153 -0.5885
vn -0.4681 -0.7992 -0.3770
vn -0.4823 -0.7817 -0.3953
vn -0.3883 -0.7028 -0.5961
vn -0.4925 -0.7631 -0.4184
vn -0.4908 -0.7865 -0.3749
vn -0.4900 -0.7749 -0.3993
vn -0.6165 -0.7816 -0.0948
vn -0.5105 -0.7949 -0.3281
vn -0.6346 -0.7713 -0.0494
vn -0.6548 -0.7444 0.1303
vn -0.5236 -0.7011 -0.4840
vn -0.4617 -0.7018 -0.5426
vn -0.9715 0.2188 0.0909
vn -0.5139 -0.7242 -0.4597
vn -0.9715 0.1971 0.1319
vn -0.6401 -0.7628 -0.0913
vn -0.9549 0.2935 -0.0448
vn -0.3568 -0.6530 -0.6680
vn -0.9424 0.2700 -0.1973
vn -0.3720 -0.4470 -0.8135
vn -0.2635 -0.2491 -0.9319
vn -0.8343 0.4819 -0.2676
vn -0.9450 0.3199 -0.0679
vn -0.5010 0.7403 0.4483
vn -0.9345 0.3408 0.1024
vn -0.9462 0.3163 -0.0685
vn -0.5028 0.7686 0.3954
vn -0.5013 0.7487 0.4338
vn -0.9425 0.3327 0.0323
vn -0.5604 0.6802 0.4725
vn -0.5777 0.6584 0.4824
vn -0.7119 0.5354 0.4544
vn -0.5059 0.7865 -0.3543
vn -0.5749 0.6556 0.4895
vn -0.9432 0.3305 0.0337
vn -0.5814 0.6553 0.4823
vn -0.9089 0.2645 0.3224
vn -0.6522 -0.7424 -0.1531
vn -0.9709 0.2258 0.0800
vn -0.9245 0.1539 0.3487
vn -0.9198 0.2785 0.2766
vn -0.5781 0.6676 0.4692
vn -0.6169 0.5900 0.5209
vn -0.4993 0.7537 0.4273
vn -0.7810 0.5055 -0.3666
vn -0.8717 0.4297 -0.2355
vn -0.7227 0.4942 -0.4832
vn -0.0128 -0.0678 -0.9976
vn -0.9096 0.2454 -0.3353
vn -0.8751 0.4248 -0.2316
vn -0.4859 0.7665 0.4199
vn -0.4815 0.7732 0.4127
vn -0.5910 0.7860 -0.1815
vn -0.5713 0.6678 0.4772
vn -0.5799 0.6602 0.4773
vn -0.1669 0.9817 0.0916
vn -0.5065 0.7180 0.4774
vn -0.5904 0.7888 -0.1711
vn -0.5096 0.7165 0.4763
vn -0.5161 0.7130 0.4747
vn -0.2133 0.9751 0.0609
vn -0.1832 -0.0891 -0.9790
vn 0.4015 0.8566 -0.3240
vn -0.5803 0.8025 -0.1390
vn 0.3531 0.9109 -0.2135
vn -0.2629 0.9350 0.2380
vn -0.5779 0.8048 -0.1350
vn -0.1326 -0.0926 -0.9868
vn 0.3247 0.8242 -0.4640
vn 0.3510 0.8969 -0.2689
vn 0.2422 0.9601 -0.1398
vn 0.3249 0.9197 -0.2207
vn 0.3463 0.8781 -0.3302
vn 0.3988 0.8699 -0.2904
vn 0.2758 0.9265 -0.2561
vn 0.2750 0.9413 -0.1959
vn -0.3196 0.9352 0.1528
vn 0.3951 0.8591 -0.3254
vn 0.2044 0.9675 -0.1488
vn 0.4482 0.8647 -0.2267
vn 0.2745 0.9441 -0.1825
vn 0.2750 0.9379 -0.2113
vn 0.2791 0.9356 -0.2161
vn 0.0821 0.9947 -0.0623
vn 0.0708 0.9969 -0.0352
vn 0.3462 0.9322 -0.1054
vn -0.2158 0.8895 0.4028
vn -0.2040 0.9596 0.1938
vn 0.2230 0.9535 0.2026
vn 0.1622 0.9835 -0.0803
vn 0.6810 0.7200 -0.1333
vn 0.1092 0.9767 -0.1848
vn 0.2987 0.9353 -0.1898
vn 0.3010 0.9362 -0.1815
vn 0.2935 0.9485 -0.1191
vn 0.4122 0.8905 -0.1928
vn 0.1817 0.9814 -0.0614
vn 0.4104 0.9086 -0.0772
vn 0.2790 0.9509 -0.1338
vn 0.2918 0.9542 -0.0665
vn 0.3027 0.9503 -0.0729
vn 0.0476 0.9988 -0.0071
vn 0.0141 0.9992 0.0364
vn 0.2371 0.9584 0.1589
vn 0.3067 0.9294 -0.2055
vn -0.0831 0.9601 0.2671
vn -0.6104 0.7758 0.1597
vn 0.2849 0.9585 -0.0063
vn 0.3309 0.9384 -0.0992
vn 0.3170 0.9480 -0.0278
vn -0.1441 0.9262 0.3485
vn -0.2710 0.9214 0.2786
vn -0.6590 0.7049 0.2622
vn -0.2160 0.9470 0.2377
vn 0.3141 0.9493 -0.0109
vn -0.3406 0.9029 0.2622
vn -0.6218 0.6095 0.4918
vn -0.3812 0.8868 0.2614
vn -0.4350 0.6465 0.6267
vn 0.4434 0.8957 0.0340
vn -0.0651 0.8786 0.4731
vn 0.0104 0.7609 0.6488
vn -0.0706 0.7817 0.6196
vn 0.2556 0.9657 0.0451
vn 0.3015 0.9532 0.0218
vn -0.4110 0.5924 0.6929
vn -0.1929 0.2633 0.9452
vn -0.1310 0.9503 0.2824
vn 0.0448 0.8319 0.5531
vn -0.0791 0.6012 0.7952
vn 0.0788 0.8851 0.4586
vn -0.6248 0.6648 0.4094
vn -0.3377 0.8458 0.4131
vn -0.6090 0.6555 0.4467
vn -0.3511 0.8416 0.4104
vn 0.1170 0.8490 0.5153
vn -0.4032 0.7423 0.5352
vn -0.3693 0.8187 0.4397
vn -0.4034 0.7199 0.5647
vn -0.6151 0.6139 0.4947
vn 0.1013 0.8328 0.5442
vn -0.1281 0.5333 0.8362
vn -0.4172 0.7309 0.5401
vn -0.6152 0.6280 0.4765
vn -0.3968 0.7332 0.5522
vn -0.6144 0.6257 0.4807
vn -0.4099 0.7196 0.5606
vn -0.6200 0.6076 0.4964
vn -0.6173 0.6129 0.4932
vn -0.4829 0.5768 0.6589
vn -0.5975 0.6635 0.4503
vn -0.6225 0.6271 0.4682
vn -0.5491 0.4583 0.6989
vn -0.5935 0.6465 0.4794
vn -0.5144 0.7108 0.4798
vn -0.4882 0.4709 0.7347
vn -0.7038 0.5112 0.4932
vn -0.5433 0.4678 0.6971
vn -0.4239 -0.0066 0.9057
vn -0.4725 0.4054 0.7826
vn -0.5588 0.4066 0.7228
vn -0.4913 0.4536 0.7436
vn -0.6895 0.4796 0.5427
vn -0.7082 0.4975 0.5009
vn -0.4653 -0.1422 0.8737
vn -0.3959 -0.0548 0.9167
vn -0.3536 -0.0111 0.9353
vn -0.6280 -0.0031 0.7782
vn -0.4231 0.3939 0.8160
vn -0.4750 -0.0207 0.8797
vn -0.3641 -0.9121 0.1886
vn -0.3584 -0.9192 0.1630
vn -0.2745 -0.9483 0.1596
vn -0.2854 -0.9515 0.1151
vn -0.3254 -0.9366 0.1299
vn -0.2447 -0.9631 0.1121
vn -0.2977 -0.9383 0.1762
vn -0.6814 -0.5509 0.4819
vn -0.7370 -0.5461 0.3982
vn -0.6649 -0.6242 0.4102
vn -0.6662 -0.6024 0.4397
vn -0.7421 -0.5283 0.4125
vn -0.6991 -0.6143 0.3659
vn -0.3531 -0.9086 0.2231
vn -0.3540 -0.9129 0.2034
vn -0.2999 -0.9417 0.1525
vn -0.5599 -0.7240 0.4028
vn -0.5926 -0.6545 0.4695
vn -0.6068 -0.6996 0.3773
vn -0.7401 -0.5015 0.4481
vn -0.7403 -0.5457 0.3927
vn -0.6583 -0.5891 0.4686
vn -0.4819 -0.7006 0.5262
vn -0.8061 0.3153 0.5008
vn -0.6078 -0.7285 0.3161
vn -0.7473 0.3478 0.5662
vn -0.7527 0.3788 0.5384
vn -0.9294 -0.1922 -0.3150
vn -0.7329 -0.3142 0.6034
vn -0.7376 -0.3879 0.5526
vn -0.7206 -0.4586 0.5200
vn -0.7043 0.0494 0.7082
vn -0.4720 -0.8281 0.3025
vn -0.3018 -0.7817 0.5458
vn -0.1742 0.7497 0.6385
vn -0.6419 0.2881 0.7106
vn -0.1775 0.7534 0.6331
vn -0.7417 0.0214 0.6703
vn -0.7634 0.0172 0.6457
vn -0.7366 -0.0334 0.6755
vn -0.7755 0.1504 0.6131
vn -0.7775 0.0795 0.6238
vn -0.7474 0.0874 0.6586
vn -0.6365 -0.0930 0.7656
vn -0.6518 -0.0310 0.7578
vn 0.0868 0.3814 0.9203
vn -0.1152 0.0946 0.9888
vn 0.7667 -0.0625 0.6390
vn -0.0959 0.1808 0.9788
vn -0.7087 0.4159 0.5699
vn -0.7095 0.4649 0.5296
vn -0.7152 0.3721 0.5917
vn 0.1090 0.2065 0.9723
vn 0.8851 -0.0325 0.4643
vn 0.8077 0.0431 0.5880
vn 0.8404 0.0641 0.5382
vn 0.9375 -0.3476 0.0183
vn 0.7483 0.0674 0.6599
vn 0.9151 0.1286 0.3823
vn 0.9490 0.0930 0.3014
vn 0.8583 -0.4399 0.2642
vn 0.1685 0.3150 0.9340
vn 0.8557 0.1777 0.4860
vn 0.0970 0.8281 0.5521
vn 0.1568 0.9496 0.2714
vn 0.7504 0.2587 0.6082
vn 0.6764 0.7114 0.1907
vn 0.8844 0.0721 0.4611
vn 0.9437 -0.0342 -0.3292
vn 0.9426 0.0101 -0.3338
vn 0.9583 0.0316 -0.2839
vn 0.9548 0.0469 -0.2935
vn 0.9575 -0.0313 -0.2866
vn 0.9568 -0.1491 -0.2496
vn 0.9650 -0.0473 -0.2581
vn 0.9598 -0.0947 -0.2642
vn 0.4193 0.8932 -0.1626
vn 0.9514 0.3019 -0.0605
vn 0.3401 0.9261 -0.1631
vn 0.8391 0.2719 -0.4711
vn 0.8559 -0.3273 -0.4004
vn 0.8229 -0.3447 -0.4517
vn 0.8842 -0.1109 -0.4537
vn 0.8704 -0.1046 -0.4810
vn 0.8721 -0.1275 -0.4725
vn 0.8575 -0.0563 -0.5114
vn 0.8426 -0.0692 -0.5341
vn 0.8617 -0.1079 -0.4958
vn 0.8896 0.0752 -0.4506
vn 0.8703 0.1536 -0.4680
vn 0.8700 0.0830 -0.4860
vn 0.9604 0.1072 -0.2571
vn 0.9247 0.2894 -0.2472
vn 0.9411 0.1926 -0.2780
vn 0.8696 0.1704 -0.4635
vn 0.8562 0.1700 -0.4879
vn 0.8798 0.0928 -0.4661
vn 0.7022 0.6412 -0.3096
vn 0.9409 0.1382 0.3094
vn 0.9907 0.0314 0.1327
vn -0.7023 -0.2702 0.6586
vn -0.7112 -0.3405 0.6150
vn -0.6607 -0.4503 0.6006
vn -0.6654 -0.4790 0.5725
vn -0.7178 -0.3492 0.6024
vn -0.7108 -0.4949 0.4998
vn -0.0407 -0.2853 0.9576
vn 0.0096 -0.3993 0.9168
vn 0.7287 -0.0481 0.6831
vn 0.8640 -0.0306 0.5026
vn 0.2018 -0.2270 0.9527
vn 0.8947 -0.1251 0.4287
vn 0.1147 -0.6171 0.7785
vn 0.8319 -0.0820 0.5489
vn 0.0934 -0.4938 0.8645
vn -0.6668 -0.4789 0.5709
vn -0.6769 -0.5315 0.5093
vn -0.5954 -0.6518 0.4697
vn -0.5991 -0.6383 0.4834
vn -0.6980 -0.5431 0.4668
vn -0.6067 -0.6607 0.4420
vn 0.9511 0.2129 -0.2237
vn 0.8351 0.4686 -0.2881
vn 0.9548 0.0906 -0.2832
vn 0.3584 -0.7178 0.5969
vn 0.4242 -0.7090 0.5633
vn 0.8938 0.0010 0.4485
vn -0.3308 -0.9078 0.2577
vn -0.3367 -0.9067 0.2541
vn -0.3183 -0.9144 0.2502
vn -0.3413 -0.9369 0.0763
vn 0.4619 -0.6841 0.5645
vn -0.4415 -0.8716 0.2130
vn 0.9343 0.1997 0.2954
vn 0.6734 -0.6007 0.4310
vn 0.8898 0.3267 0.3185
vn -0.0483 0.9340 0.3541
vn -0.0650 0.9018 0.4273
vn -0.0402 0.9143 0.4030
vn 0.0980 0.9287 0.3576
vn -0.0059 0.9422 0.3350
vn 0.0125 0.9290 0.3699
vn 0.0891 0.9494 0.3010
vn -0.0843 0.9952 0.0496
vn -0.1158 0.9912 0.0644
vn -0.1216 0.9900 0.0713
vn -0.0784 0.9960 0.0436
vn 0.3800 0.8881 0.2584
vn 0.1883 0.9518 0.2422
vn 0.1968 0.9408 0.2760
vn -0.0342 0.9987 0.0372
vn 0.0726 0.9973 0.0142
vn -0.0225 0.9993 0.0303
vn -0.3156 0.9356 0.1581
vn 0.2602 0.3970 0.8801
vn -0.1091 0.9873 0.1153
vn 0.0842 0.9467 -0.3110
vn -0.3315 0.7027 0.6295
vn -0.2303 0.9205 -0.3155
vn -0.0911 0.9950 0.0415
vn 0.0132 0.4335 0.9011
vn -0.0425 0.4002 0.9155
vn -0.0322 0.3918 0.9195
vn 0.1997 -0.6386 0.7431
vn 0.0277 0.3646 0.9307
vn -0.1081 0.0965 0.9894
vn 0.1752 -0.7896 0.5881
vn 0.3931 -0.7229 0.5682
vn 0.3919 -0.4788 0.7856
vn 0.1560 -0.4724 0.8675
vn -0.0169 -0.9942 0.1059
vn 0.1416 -0.8841 -0.4453
vn 0.3291 -0.8251 0.4593
vn -0.0973 -0.9208 -0.3777
vn 0.1807 -0.9668 -0.1807
vn 0.1696 -0.9748 -0.1452
vn 0.1356 -0.9796 -0.1482
vn 0.1307 -0.9835 -0.1247
vn 0.1459 -0.9480 -0.2829
vn 0.1968 -0.9587 -0.2051
vn 0.1446 -0.9749 -0.1692
vn 0.0779 -0.9913 -0.1065
vn 0.1197 -0.9791 -0.1644
vn 0.0857 -0.9913 -0.1002
vn -0.2833 -0.9562 -0.0730
vn 0.4287 -0.8999 0.0797
vn -0.1905 -0.9778 -0.0868
vn 0.0372 -0.9987 -0.0351
vn -0.0169 0.3430 0.9392
vn 0.1065 0.3566 0.9282
vn 0.2565 -0.6263 0.7362
vn -0.3135 0.9360 -0.1602
vn 0.0878 0.6326 0.7695
vn 0.2364 0.6544 0.7182
vn 0.2982 -0.4930 0.8173
vn 0.0717 -0.4339 0.8981
vn -0.2190 -0.9582 0.1839
vn 0.1318 -0.7009 0.7010
vn 0.2147 0.2864 0.9338
vn -0.0753 -0.6489 0.7572
vn -0.0089 0.9986 -0.0513
vn 0.1774 0.4577 0.8712
vn -0.0029 0.9994 -0.0358
vn -0.0189 0.9998 0.0110
vn 0.0702 0.9972 -0.0242
vn 0.0880 0.9960 -0.0119
vn 0.3744 0.8988 0.2282
vn 0.1532 0.9882 -0.0046
vn 0.3583 0.9321 -0.0535
vn 0.1803 0.9835 -0.0153
vn 0.4002 0.8899 0.2191
vn 0.4075 0.8718 0.2720
vn 0.5769 0.7865 0.2206
vn 0.5910 0.7647 0.2568
vn 0.4345 0.8433 0.3164
vn 0.6059 0.7285 0.3196
vn 0.7296 0.6618 0.1725
vn 0.6223 0.7727 0.1248
vn 0.7149 0.6588 0.2343
vn 0.7289 0.5923 0.3433
vn 0.7074 0.6022 0.3700
vn 0.7634 0.5244 0.3772
vn 0.5709 0.8132 -0.1127
vn 0.4088 0.9075 -0.0968
vn 0.3873 0.9194 -0.0692
vn 0.2059 0.9766 -0.0626
vn 0.3831 0.9179 -0.1029
vn 0.4102 0.9058 -0.1062
vn 0.7059 0.6839 -0.1842
vn 0.5927 0.7898 -0.1580
vn 0.5670 0.8085 -0.1576
vn 0.3644 0.9230 -0.1235
vn 0.3115 0.4227 0.8511
vn 0.2166 0.9733 -0.0762
vn 0.1012 0.9777 -0.1839
vn 0.2783 0.5471 0.7894
vn 0.2688 0.5493 0.7912
vn 0.6996 0.6932 -0.1732
vn 0.5711 0.8067 -0.1518
vn 0.6959 0.6937 -0.1859
vn 0.1715 0.3656 0.9148
vn -0.0609 -0.4777 0.8764
vn 0.1584 0.3662 0.9170
vn 0.4955 0.8190 -0.2893
vn 0.4960 0.4681 0.7313
vn 0.4876 0.4617 0.7410
vn 0.6879 0.6861 -0.2369
vn 0.4524 0.4167 0.7884
vn 0.5739 0.7894 -0.2180
vn -0.3153 -0.1603 0.9354
vn 0.3451 0.3417 0.8741
vn 0.4991 0.1764 0.8484
vn -0.1616 -0.4539 0.8763
vn 0.2261 0.3273 0.9175
vn -0.2835 -0.3614 0.8883
vn 0.2836 0.2845 0.9157
vn -0.1098 -0.4908 0.8643
vn -0.1383 -0.5625 0.8151
vn 0.0110 -0.3346 0.9423
vn -0.1085 -0.1893 0.9759
vn -0.6347 -0.5463 0.5466
vn 0.3076 -0.9295 -0.2035
vn 0.1716 -0.9683 -0.1814
vn 0.2586 -0.9450 -0.2003
vn 0.1993 -0.9672 -0.1576
vn 0.3593 -0.9066 -0.2215
vn 0.3440 -0.9144 -0.2135
vn 0.3534 -0.9069 -0.2296
vn 0.2342 -0.9540 -0.1870
vn 0.2901 -0.9400 -0.1795
vn 0.2398 -0.9590 -0.1514
vn 0.2299 -0.9629 -0.1416
vn 0.2773 -0.9405 -0.1967
vn 0.2837 -0.9455 -0.1596
vn 0.3512 -0.8716 -0.3420
vn 0.3721 -0.6842 0.6272
vn 0.1890 -0.9367 -0.2948
vn 0.3804 -0.6517 0.6562
vn 0.2747 -0.6930 0.6665
vn 0.2240 -0.9398 -0.2579
vn 0.1990 -0.6412 0.7411
vn 0.0781 0.3366 0.9384
vn 0.2597 -0.6477 0.7163
vn 0.4046 -0.6072 0.6838
vn -0.0084 0.2914 0.9566
vn -0.1680 0.2206 0.9608
vn 0.0104 0.6049 0.7962
vn -0.5093 0.8556 0.0919
vn -0.1149 0.5847 0.8031
vn -0.0048 0.3263 0.9453
vn 0.1746 -0.6011 0.7798
vn -0.0419 0.1991 0.9791
vn 0.1159 0.0007 0.9933
vn 0.3841 -0.7093 0.5911
vn 0.4382 -0.7181 0.5407
vn 0.6921 -0.6173 0.3740
vn 0.7804 -0.4938 0.3835
vn 0.2316 -0.0818 0.9694
vn 0.3936 -0.0476 0.9181
vn 0.8584 -0.3995 0.3220
vn 0.9139 -0.2856 0.2886
vn 0.0967 -0.1248 0.9875
vn 0.8261 -0.2272 0.5157
vn 0.1767 -0.0303 0.9838
vn -0.0285 0.1369 0.9902
vn -0.5294 0.6407 0.5561
vn -0.2116 0.0303 0.9769
vn 0.1933 -0.9626 -0.1898
vn 0.1827 -0.9759 -0.1194
vn -0.0044 -1.0000 -0.0060
vn 0.1727 -0.9742 -0.1452
vn 0.3402 -0.9168 -0.2091
vn 0.1518 -0.9831 -0.1022
vn -0.0764 -0.9968 -0.0231
vn 0.1229 -0.9678 -0.2198
vn -0.0222 -0.9996 0.0149
vn 0.4600 -0.8430 -0.2788
vn 0.3550 -0.9111 -0.2096
vn 0.1824 -0.9658 -0.1841
vn -0.0663 -0.9947 -0.0782
vn -0.0672 -0.9922 -0.1054
vn 0.1858 -0.9741 -0.1286
vn -0.1080 -0.9937 0.0298
vn -0.1850 -0.9804 0.0681
vn -0.1595 -0.9872 -0.0103
vn -0.1615 -0.9868 -0.0135
vn -0.1878 -0.9810 0.0489
vn -0.2346 -0.9718 0.0231
vn -0.3157 -0.9480 0.0403
vn -0.2085 -0.9749 0.0780
vn -0.2600 -0.9587 0.1148
vn -0.1554 -0.9879 0.0027
vn -0.2324 -0.9719 0.0370
vn -0.1880 -0.9812 -0.0442
vn -0.1966 -0.9788 -0.0568
vn -0.0788 -0.9902 -0.1152
vn -0.1562 -0.9877 0.0040
vn -0.0518 -0.9942 -0.0943
vn -0.1909 -0.9803 -0.0505
vn 0.0042 -0.9940 -0.1089
vn 0.0249 -0.9933 -0.1129
vn -0.1584 -0.9861 -0.0497
vn -0.1806 -0.9834 -0.0144
vn -0.2943 -0.9555 0.0198
vn -0.3072 -0.9516 -0.0025
vn -0.2653 -0.9637 -0.0288
vn 0.0362 -0.9925 -0.1166
vn 0.2318 -0.9531 -0.1945
vn -0.0301 -0.9950 -0.0954
vn -0.3446 -0.9385 0.0200
vn -0.3202 -0.9473 0.0010
vn -0.3100 -0.9505 0.0232
vn -0.2971 -0.9547 -0.0165
vn -0.2151 -0.9757 -0.0424
vn -0.2867 -0.9576 -0.0291
vn -0.7038 -0.7103 -0.0138
vn -0.7549 -0.6558 -0.0052
vn -0.6770 -0.7346 -0.0458
vn -0.2947 -0.9547 0.0425
vn -0.3416 -0.9364 0.0801
vn -0.3519 -0.9347 0.0495
vn -0.2786 -0.9585 0.0608
vn -0.2815 -0.9538 0.1048
vn -0.3447 -0.9341 0.0926
vn -0.3008 -0.9484 0.1005
vn -0.3023 -0.9510 0.0656
vn -0.2347 -0.9662 0.1062
vn -0.3689 -0.9210 0.1247
vn -0.3005 -0.9449 0.1296
vn -0.3688 -0.9185 0.1425
vn -0.6617 -0.7317 0.1636
vn -0.6404 -0.7392 0.2084
vn -0.7033 -0.6792 0.2097
vn -0.7332 -0.6691 0.1216
vn -0.7765 -0.5985 0.1971
vn -0.1879 -0.9700 0.1544
vn -0.0427 -0.9988 -0.0232
vn -0.0843 -0.9960 0.0298
vn -0.2445 -0.9626 0.1167
vn -0.0041 -1.0000 -0.0062
vn -0.1747 -0.9759 0.1308
vn -0.1480 -0.9831 0.1077
vn -0.3131 -0.9166 0.2485
vn -0.1955 -0.9742 0.1127
vn 0.0216 -0.9996 -0.0158
vn -0.2486 -0.9678 0.0402
vn 0.0044 -0.9968 -0.0797
vn -0.2354 -0.9658 0.1085
vn -0.3184 -0.9110 0.2619
vn -0.4194 -0.8430 0.3368
vn -0.4492 -0.8314 0.3272
vn -0.3336 -0.9019 0.2745
vn -0.4801 -0.7945 0.3720
vn 0.0449 -0.9871 -0.1534
vn 0.1272 -0.9804 -0.1506
vn 0.0650 -0.9937 -0.0913
vn -0.0508 -0.9947 -0.0891
vn -0.1844 -0.9741 0.1307
vn -0.0760 -0.9922 -0.0992
vn 0.1086 -0.9717 -0.2096
vn 0.1102 -0.9810 -0.1597
vn 0.0487 -0.9875 -0.1502
vn 0.0228 -0.9812 -0.1918
vn 0.0572 -0.9877 -0.1454
vn -0.0827 -0.9902 -0.1128
vn 0.0139 -0.9788 -0.2041
vn 0.1367 -0.9385 -0.3170
vn 0.1278 -0.9505 -0.2834
vn 0.1104 -0.9473 -0.3006
vn 0.1192 -0.9555 -0.2698
vn 0.0637 -0.9637 -0.2592
vn 0.1027 -0.9516 -0.2896
vn 0.0707 -0.9576 -0.2793
vn 0.0337 -0.9757 -0.2166
vn 0.0861 -0.9547 -0.2848
vn 0.0805 -0.9520 -0.2954
vn 0.0337 -0.9797 -0.1975
vn 0.0829 -0.9761 -0.2008
vn 0.0482 -0.9835 -0.1746
vn 0.0075 -0.9861 -0.1658
vn -0.1146 -0.9933 -0.0152
vn -0.1038 -0.9940 -0.0332
vn 0.0178 -0.9803 -0.1966
vn -0.0709 -0.9942 -0.0809
vn 0.0480 -0.9921 -0.1161
vn 0.1649 -0.9806 -0.1055
vn 0.1588 -0.9670 -0.1993
vn 0.0333 -0.9968 0.0731
vn 0.2300 -0.9647 -0.1283
vn 0.1770 -0.9822 -0.0620
vn 0.2996 -0.9437 -0.1406
vn -0.0198 -0.8868 -0.4616
vn -0.0721 -0.7728 -0.6306
vn 0.0252 -0.8336 -0.5518
vn 0.0059 -0.8867 -0.4623
vn -0.1198 -0.8180 -0.5625
vn -0.0470 -0.7764 -0.6284
vn -0.1642 -0.7948 -0.5843
vn -0.3013 -0.7139 -0.6321
vn -0.1230 -0.7475 -0.6528
vn -0.1900 -0.8917 -0.4108
vn -0.3781 -0.7584 -0.5309
vn -0.1922 -0.8637 -0.4659
vn 0.0122 -0.9123 -0.4093
vn -0.2106 -0.8703 -0.4452
vn -0.2336 -0.8320 -0.5031
vn 0.0305 -0.9126 -0.4076
vn -0.1928 -0.9037 -0.3822
vn 0.0216 -0.9140 -0.4051
vn -0.3989 -0.7504 -0.5271
vn -0.2631 -0.8567 -0.4436
vn -0.4362 -0.7390 -0.5135
vn 0.4464 0.6789 -0.5829
vn 0.3177 0.8220 -0.4726
vn 0.2235 0.7081 -0.6698
vn 0.1391 0.6880 -0.7123
vn 0.3037 0.7678 -0.5641
vn -0.0390 0.6722 -0.7394
vn 0.3758 0.8059 -0.4575
vn 0.3025 0.7534 -0.5838
vn 0.4100 0.8279 -0.3827
vn 0.3843 0.8597 -0.3366
vn 0.3703 0.8381 -0.4007
vn 0.1034 0.2182 -0.9704
vn 0.2983 0.7755 -0.5564
vn -0.0502 0.0256 -0.9984
vn 0.0769 0.1236 -0.9893
vn -0.2036 -0.5031 -0.8399
vn -0.0928 -0.0850 -0.9920
vn -0.0166 -0.2469 -0.9689
vn -0.2614 -0.5772 -0.7736
vn -0.3061 -0.5787 -0.7559
vn 0.1425 0.7283 -0.6703
vn 0.0146 0.6954 -0.7185
vn 0.3407 0.8335 -0.4349
vn -0.1975 0.1034 -0.9748
vn -0.3400 0.1746 -0.9241
vn 0.1961 0.6692 -0.7167
vn 0.1797 0.7112 -0.6796
vn -0.3483 0.2208 -0.9110
vn 0.0346 0.7002 -0.7131
vn -0.2041 0.0800 -0.9757
vn -0.4316 -0.3194 -0.8436
vn -0.4581 0.1359 -0.8784
vn -0.5714 -0.7475 -0.3388
vn -0.4910 -0.7139 -0.4993
vn -0.4929 -0.7948 -0.3541
vn -0.5880 -0.6725 -0.4495
vn -0.4770 -0.7287 -0.4913
vn -0.5820 -0.7421 -0.3325
vn -0.6254 -0.6346 -0.4540
vn -0.6111 -0.7168 -0.3358
vn -0.7219 -0.5871 -0.3663
vn -0.4557 -0.4358 -0.7762
vn -0.6172 -0.4409 -0.6516
vn -0.6058 0.0011 -0.7956
vn -0.7302 0.0916 -0.6770
vn -0.6971 -0.3398 -0.6313
vn -0.8285 -0.2549 -0.4986
vn -0.4809 0.1099 -0.8699
vn -0.6690 -0.2480 -0.7007
vn -0.7212 0.2209 -0.6565
vn -0.7223 0.2053 -0.6604
vn -0.8543 -0.1627 -0.4936
vn -0.8624 0.2667 -0.4303
vn -0.4899 0.2643 -0.8308
vn -0.6956 0.3154 -0.6455
vn -0.2155 0.7166 -0.6634
vn -0.8452 0.3450 -0.4081
vn -0.4219 0.7693 -0.4797
vn -0.7319 0.3335 -0.5943
vn -0.2110 0.7153 -0.6662
vn -0.7021 0.3305 -0.6307
vn -0.3963 0.7626 -0.5113
vn -0.5184 0.8191 -0.2454
vn -0.3998 0.7953 -0.4557
vn -0.8093 0.3693 -0.4567
vn -0.1873 0.7097 -0.6792
vn -0.4160 0.7425 -0.5251
vn -0.0790 0.8361 -0.5429
vn 0.1407 0.7505 -0.6458
vn -0.0555 0.7716 -0.6336
vn -0.0753 0.8796 -0.4698
vn -0.3762 0.8997 -0.2214
vn -0.2915 0.8849 -0.3634
vn -0.5213 0.7982 -0.3018
vn -0.4309 0.7705 -0.4698
vn -0.1035 0.8339 -0.5421
vn -0.4168 0.7627 -0.4946
vn -0.2830 0.8865 -0.3660
vn 0.8752 0.4000 0.2720
vn 0.8422 0.4335 0.3206
vn 0.0696 0.9951 -0.0697
vn 0.8652 0.3645 0.3444
vn 0.6299 -0.6387 0.4419
vn 0.8752 0.3916 0.2841
vn -0.2173 0.9207 -0.3242
vn 0.7053 0.7024 -0.0960
vn -0.3207 0.9468 -0.0271
vn 0.1467 0.9829 -0.1112
vn 0.1793 0.9691 -0.1693
vn 0.1924 0.9686 -0.1576
vn 0.3958 0.9182 0.0158
vn 0.4508 0.8926 -0.0097
vn 0.4206 0.9065 -0.0372
vn 0.4400 0.8971 0.0408
vn 0.1487 0.9810 -0.1243
vn 0.3362 0.9386 0.0775
vn 0.4125 0.9079 0.0746
vn 0.3738 0.9259 0.0546
vn 0.3929 0.9141 0.1005
vn 0.4242 0.9015 0.0855
vn 0.3498 0.9338 0.0756
vn 0.3167 0.9423 0.1088
vn 0.3023 0.9288 0.2143
vn 0.3427 0.9292 0.1381
vn 0.2530 0.9490 0.1880
vn 0.1001 0.9912 -0.0868
vn 0.0754 0.9952 -0.0622
vn 0.1086 0.9900 -0.0899
vn 0.0678 0.9960 -0.0587
vn 0.1631 0.9517 0.2601
vn 0.1116 0.8884 0.4453
vn 0.1933 0.9403 0.2799
vn 0.0361 0.9993 -0.0109
vn -0.0115 0.9972 0.0732
vn 0.0464 0.9987 -0.0196
vn 0.1457 0.9873 -0.0632
vn 0.7382 0.3970 0.5455
vn 0.2565 0.9356 -0.2426
vn -0.3218 -0.9207 -0.2208
vn 0.3188 -0.8252 0.4663
vn -0.4669 -0.8841 -0.0195
vn -0.1857 -0.9796 0.0767
vn -0.1622 -0.9836 0.0794
vn -0.1944 -0.9748 0.1097
vn -0.2316 -0.9668 0.1081
vn -0.1235 -0.9913 0.0463
vn -0.1954 -0.9791 0.0562
vn -0.1267 -0.9913 0.0368
vn -0.0160 -0.9779 -0.2086
vn -0.0714 -0.8999 0.4302
vn 0.0287 -0.9563 -0.2911
vn -0.0457 -0.9987 0.0230
vn 0.8882 0.3434 0.3053
vn 0.6043 -0.6260 0.4930
vn 0.8356 0.3570 0.4175
vn 0.5941 0.6545 0.4676
vn 0.6930 0.6326 0.3457
vn -0.0434 0.9359 -0.3494
vn 0.2474 -0.9583 -0.1432
vn 0.8192 -0.4343 0.3745
vn 0.6659 -0.4934 0.5596
vn 0.8042 0.2865 0.5207
vn 0.6137 -0.7009 0.3635
vn 0.7372 -0.6489 0.1883
vn -0.0323 0.9994 -0.0149
vn 0.7581 0.4574 0.4648
vn -0.0449 0.9987 -0.0258
vn -0.0402 0.9961 0.0791
vn -0.0467 0.9972 0.0578
vn 0.0168 0.9998 -0.0139
vn -0.0071 -0.9988 -0.0481
vn 0.2094 -0.9700 -0.1238
vn 0.0538 -0.9963 -0.0667
vn 0.8136 -0.5620 0.1490
vn 0.8501 -0.4902 0.1926
vn 0.7633 0.2852 0.5796
vn -0.2964 -0.9295 0.2195
vn -0.2558 -0.9540 0.1562
vn -0.2243 -0.9589 0.1735
vn -0.2679 -0.9400 0.2112
vn -0.3185 -0.9401 0.1215
vn 0.5324 -0.6931 0.4861
vn 0.4861 -0.6517 0.5823
vn 0.5843 -0.6476 0.4891
vn 0.8552 0.3367 0.3940
vn 0.6283 -0.6411 0.4407
vn -0.2796 -0.9405 0.1933
vn -0.2117 -0.9628 0.1676
vn -0.2470 -0.9455 0.2120
vn -0.2292 -0.9683 0.0992
vn -0.2163 -0.9672 0.1334
vn -0.2767 -0.9450 0.1745
vn 0.9602 0.2210 0.1708
vn 0.9018 0.2916 0.3190
vn 0.5045 -0.6072 0.6138
vn 0.1052 -0.9943 0.0201
vn 0.7617 -0.4726 0.4433
vn 0.6039 -0.4791 0.6370
vn 0.3992 -0.7228 0.5641
vn 0.4926 -0.7896 0.3659
vn 0.9667 0.0964 0.2370
vn 0.7940 0.5846 0.1666
vn 0.2607 0.8556 -0.4473
vn 0.7448 0.6048 0.2819
vn 0.7545 0.6317 -0.1779
vn 0.5805 0.8015 -0.1435
vn 0.8399 0.4368 -0.3222
vn 0.8543 0.3800 -0.3546
vn 0.6176 0.7651 -0.1823
vn 0.7896 0.5562 -0.2592
vn 0.2910 0.9526 -0.0886
vn 0.6306 0.7269 -0.2718
vn 0.4875 0.8628 -0.1337
vn 0.8354 0.4474 -0.3191
vn 0.8111 0.3600 -0.4609
vn 0.8226 0.3481 -0.4497
vn 0.4484 0.8612 -0.2394
vn 0.7063 0.6111 -0.3573
vn 0.4051 0.8922 -0.1997
vn 0.4563 0.8096 -0.3692
vn 0.4622 0.8611 -0.2118
vn 0.4377 0.7716 -0.4616
vn 0.4751 0.8751 -0.0917
vn 0.5363 0.8233 -0.1860
vn 0.5193 0.8338 -0.1873
vn 0.5050 0.8601 -0.0716
vn 0.5510 0.8133 -0.1868
vn 0.4725 0.8754 -0.1021
vn 0.2775 0.9412 -0.1925
vn 0.3383 0.9027 -0.2659
vn 0.3967 0.9006 -0.1776
vn 0.1001 0.9745 -0.2009
vn 0.2794 0.9274 -0.2486
vn 0.8752 0.4428 0.1946
vn 0.2645 0.9503 -0.1641
vn 0.2741 0.9390 -0.2076
vn 0.3300 0.9159 -0.2286
vn -0.6773 -0.5125 0.5278
vn -0.6640 -0.5350 0.5224
vn -0.6669 -0.5351 0.5187
vn -0.6497 -0.5611 0.5129
vn -0.6222 -0.6677 0.4086
vn -0.6541 -0.5604 0.5080
vn -0.5699 -0.4456 0.6904
vn -0.7199 0.4347 0.5411
vn -0.0533 0.3035 0.9513
vn -0.6783 -0.7334 0.0458
vn -0.8237 -0.1080 0.5567
vn -0.8083 -0.1043 0.5794
vn -0.6612 0.6531 0.3692
vn -0.9320 -0.2871 0.2212
vn -0.7023 0.5339 0.4708
vn -0.8385 0.2170 0.4998
vn -0.7599 0.0684 0.6464
vn -0.9125 -0.0524 0.4057
vn -0.8429 -0.1195 0.5246
vn -0.6770 -0.3858 0.6267
vn -0.8219 -0.0601 0.5664
vn -0.8653 0.1043 0.4903
vn -0.8595 -0.0329 0.5100
vn -0.6342 0.7424 0.2161
vn -0.9288 0.1316 0.3463
vn -0.8629 0.2214 0.4543
vn -0.8712 0.0444 0.4889
vn -0.6544 0.5627 0.5051
vn -0.7871 0.1280 0.6034
vn -0.8129 0.1710 0.5568
vn -0.7038 0.7062 0.0776
vn -0.6273 0.7785 -0.0224
vn -0.8961 0.0399 0.4420
vn -0.8517 0.3980 0.3410
vn -0.7908 0.3435 0.5065
vn -0.8904 0.2702 0.3664
vn -0.8795 0.2663 0.3944
vn -0.7053 0.5329 0.4675
vn -0.8299 0.1911 0.5241
vn -0.8843 0.4164 0.2113
vn -0.8787 0.2761 0.3895
vn -0.9227 0.3477 0.1664
vn -0.7976 0.5938 -0.1059
vn -0.8716 0.4623 0.1631
vn -0.9095 0.4009 0.1100
vn -0.6869 0.6293 0.3634
vn -0.4791 0.8394 0.2565
vn -0.6003 0.6130 0.5137
vn -0.5401 0.7503 0.3812
vn -0.5345 0.7877 0.3064
vn -0.7501 0.6092 0.2574
vn -0.6869 0.7200 0.0989
vn -0.5165 0.7814 0.3502
vn -0.7296 0.6436 0.2314
vn -0.7731 0.6313 -0.0609
vn -0.8651 0.4750 0.1611
vn -0.8057 0.5836 -0.1016
vn -0.4971 0.7831 -0.3738
vn -0.7636 0.6373 -0.1036
vn -0.7888 0.5974 -0.1443
vn -0.5091 0.7999 -0.3177
vn -0.7887 0.6086 -0.0870
vn -0.5197 0.7814 -0.3455
vn -0.2254 0.8733 -0.4319
vn -0.1996 0.8603 -0.4690
vn -0.2043 0.8811 -0.4266
vn -0.4972 0.7965 -0.3442
vn -0.2143 0.8619 -0.4595
vn -0.0644 0.8861 -0.4590
vn -0.2243 0.8812 -0.4162
vn -0.0494 0.8654 -0.4986
vn -0.0471 0.8921 -0.4494
vn -0.1948 0.8719 -0.4493
vn 0.0682 0.8088 -0.5841
vn 0.0104 0.8909 -0.4541
vn -0.0000 0.8531 -0.5217
vn 0.1522 0.7616 -0.6300
vn 0.1314 0.8290 -0.5436
vn 0.0953 0.7878 -0.6085
vn 0.0950 0.7668 -0.6348
vn 0.1232 0.8164 -0.5642
vn 0.1018 0.8359 -0.5393
vn 0.1408 0.8889 -0.4360
vn 0.5864 0.4114 -0.6978
vn 0.1240 0.8935 -0.4316
vn 0.0671 0.8397 -0.5389
vn 0.0022 0.8590 -0.5119
vn 0.0795 0.7755 -0.6263
vn 0.1053 0.7563 -0.6456
vn 0.0744 0.8076 -0.5850
vn 0.1818 0.7246 -0.6647
vn 0.0700 0.7639 -0.6415
vn -0.0052 0.8998 -0.4362
vn 0.0449 0.8076 -0.5881
vn 0.0806 0.7500 -0.6565
vn 0.0201 0.7549 -0.6556
vn -0.0127 0.8897 -0.4563
vn -0.1053 0.7982 -0.5931
vn -0.2418 0.8849 -0.3982
vn -0.0785 0.8990 -0.4309
vn 0.0794 0.7555 -0.6503
vn 0.1917 0.3380 -0.9214
vn -0.0109 0.7507 -0.6606
vn 0.0198 0.7274 -0.6860
vn 0.1979 0.2968 -0.9342
vn 0.0560 0.2591 -0.9642
vn -0.2941 0.7705 -0.5656
vn -0.2471 0.8866 -0.3911
vn -0.3222 0.7627 -0.5608
vn -0.4740 0.8340 -0.2826
vn -0.1516 0.3689 -0.9170
vn -0.2916 0.7950 -0.5320
vn -0.0537 0.8190 -0.5713
vn -0.4831 0.8361 -0.2599
vn -0.3511 0.7425 -0.5704
vn -0.5741 0.7097 -0.4083
vn -0.4157 0.8795 -0.2314
vn -0.5764 0.7716 -0.2690
vn -0.6549 0.7504 -0.0888
vn -0.3448 0.7627 -0.5472
vn -0.3525 0.3307 -0.8754
vn -0.5538 0.7154 -0.4260
vn -0.3079 0.3334 -0.8911
vn -0.3064 0.7693 -0.5607
vn -0.0942 0.3449 -0.9339
vn -0.5496 0.7166 -0.4294
vn -0.3686 0.3155 -0.8744
vn -0.6131 0.2642 -0.7445
vn -0.6338 0.7679 0.0926
vn -0.7176 0.6877 -0.1103
vn -0.6813 0.6723 -0.2895
vn -0.7004 0.6789 0.2201
vn -0.7058 0.7081 -0.0191
vn -0.5527 0.8221 0.1369
vn -0.6787 0.7282 -0.0953
vn -0.5254 0.8334 0.1714
vn -0.6802 0.6953 -0.2320
vn -0.6818 0.7003 -0.2113
vn -0.7370 0.2209 -0.6388
vn -0.7000 0.7113 -0.0635
vn -0.3702 0.2206 -0.9024
vn -0.4295 -0.2482 -0.8683
vn -0.6529 0.1097 -0.7495
vn -0.7406 0.6692 -0.0608
vn -0.7520 0.1747 -0.6356
vn -0.8484 0.1036 -0.5191
vn -0.6688 0.1359 -0.7310
vn -0.6451 -0.3194 -0.6941
vn -0.8470 0.0800 -0.5256
vn -0.5404 0.0009 -0.8414
vn -0.4012 -0.4411 -0.8028
vn -0.5733 -0.4359 -0.6937
vn -0.0446 -0.4394 0.8972
vn -0.0402 0.0935 0.9948
vn 0.0474 0.1292 0.9905
vn -0.5926 0.0904 0.8004
vn -0.5560 0.4701 0.6854
vn -0.5355 0.2127 0.8173
vn -0.5831 0.1925 0.7893
vn -0.5486 0.2894 0.7844
vn -0.5706 0.1070 0.8142
vn -0.5900 0.4368 0.6790
vn -0.3334 0.8015 0.4964
vn -0.4252 0.6317 0.6482
vn -0.5136 0.5563 0.6533
vn -0.3824 0.7651 0.5181
vn -0.6255 0.3800 0.6815
vn -0.7961 0.0904 0.5984
vn -0.7996 0.1637 0.5778
vn -0.7874 0.1663 0.5936
vn -0.6929 0.2970 0.6570
vn -0.7001 0.3106 0.6429
vn -0.5752 0.3975 0.7149
vn -0.7176 -0.0514 0.6946
vn -0.6998 -0.1060 0.7064
vn -0.7341 -0.0691 0.6756
vn -0.3264 0.8921 0.3125
vn -0.5786 0.6119 0.5394
vn -0.3784 0.8611 0.3395
vn -0.2922 0.8629 0.4123
vn -0.4711 0.7270 0.4995
vn -0.1840 0.9525 0.2426
vn -0.5026 0.8100 0.3023
vn -0.5829 0.7722 0.2530
vn -0.3568 0.8614 0.3615
vn -0.3532 0.8339 0.4241
vn -0.3578 0.8234 0.4404
vn -0.2474 0.8749 0.4164
vn -0.2576 0.8756 0.4087
vn -0.3643 0.8137 0.4529
vn -0.2401 0.8600 0.4503
vn -0.2757 0.9412 0.1952
vn -0.3030 0.9004 0.3121
vn -0.3577 0.9074 0.2206
vn -0.2450 0.9503 0.1923
vn -0.3280 0.9158 0.2317
vn -0.2894 0.9386 0.1880
vn -0.1153 0.4428 0.8892
vn -0.3290 0.9274 0.1778
vn -0.2242 0.9742 0.0257
vn -0.2140 0.9686 0.1269
vn -0.2206 0.9691 0.1104
vn -0.1546 0.9829 0.0996
vn -0.1789 0.9065 0.3825
vn -0.1633 0.8926 0.4203
vn -0.1205 0.9182 0.3774
vn -0.1122 0.8970 0.4276
vn -0.1676 0.9810 0.0978
vn -0.0757 0.9261 0.3695
vn -0.0709 0.9079 0.4132
vn -0.0422 0.9386 0.3425
vn -0.7420 -0.0461 0.6688
vn -0.7115 -0.0782 0.6984
vn -0.7266 -0.1005 0.6797
vn -0.3198 0.8857 0.3365
vn -0.3775 0.2129 0.9012
vn -0.3433 0.8459 0.4082
vn -0.5728 -0.0470 0.8184
vn -0.5621 -0.1488 0.8136
vn -0.5769 -0.0944 0.8114
vn -0.5947 0.0313 0.8034
vn -0.5972 -0.0317 0.8015
vn -0.6024 0.0465 0.7968
vn -0.6386 0.0092 0.7695
vn -0.6346 -0.0345 0.7721
vn 0.1274 0.0729 0.9892
vn 0.3658 0.0673 0.9283
vn -0.3019 -0.3476 0.8877
vn 0.2200 0.0640 0.9734
vn -0.0425 0.7151 0.6977
vn 0.3191 0.2601 0.9113
vn 0.2078 0.9481 0.2406
vn 0.2764 0.0431 0.9601
vn 0.1338 -0.0328 0.9905
vn 0.8765 0.2066 0.4349
vn 0.9520 0.1815 0.2464
vn 0.3367 -0.0627 0.9395
vn 0.9681 0.0952 0.2316
vn 0.4866 0.8277 0.2795
vn 0.1645 0.1779 0.9702
vn 0.8206 0.3141 0.4774
vn 0.8007 0.3721 -0.4695
vn 0.7402 0.4651 -0.4856
vn 0.7779 0.4161 -0.4710
vn 0.8350 0.3826 0.3955
vn 0.9348 -0.0302 -0.3540
vn 0.9370 -0.0922 -0.3370
vn 0.8413 0.1511 -0.5191
vn 0.8745 0.0869 -0.4771
vn 0.8519 0.0800 -0.5175
vn 0.8676 0.0180 -0.4970
vn 0.8834 0.0221 -0.4682
vn 0.8865 -0.0332 -0.4616
vn -0.6056 -0.5787 -0.5462
vn -0.6375 -0.5772 -0.5103
vn -0.9048 -0.2468 -0.3470
vn 0.1657 -0.9156 -0.3664
vn -0.1586 -0.8543 -0.4950
vn 0.1003 -0.8476 -0.5210
vn -0.9004 -0.0850 -0.4266
vn -0.7195 -0.5032 -0.4786
vn -0.9560 0.1236 -0.2662
vn -0.9211 0.0256 -0.3886
vn -0.9472 0.2185 -0.2347
vn -0.6248 0.7756 0.0901
vn -0.5027 0.8383 0.2111
vn -0.5584 0.8059 0.1967
vn -0.5001 0.8278 0.2542
vn -0.6521 0.7534 0.0847
vn -0.4477 0.8597 0.2460
vn -0.6346 0.7474 0.1967
vn -0.9228 0.2163 0.3188
vn -0.7927 0.3704 0.4842
vn -0.4653 0.8463 0.2594
vn -0.4098 0.8767 0.2518
vn -0.4150 0.8629 0.2884
vn -0.2566 0.9665 -0.0034
vn -0.5397 0.7578 0.3667
vn -0.1056 0.9863 0.1271
vn -0.3514 0.8660 0.3558
vn -0.3902 0.8758 0.2842
vn -0.3525 0.8947 0.2743
vn -0.7350 0.5558 0.3884
vn -0.7772 0.0933 0.6223
vn -0.7504 0.1227 0.6495
vn -0.3296 0.8841 0.3312
vn -0.2439 0.8712 0.4261
vn -0.6611 0.6027 0.4468
vn -0.3316 0.8865 0.3228
vn -0.4146 0.8705 0.2653
vn -0.6209 0.5747 0.5331
vn -0.5854 0.5753 0.5713
vn -0.7191 0.4556 0.5247
vn -0.7279 0.0256 0.6852
vn -0.6663 0.4663 0.5820
vn -0.2110 0.9761 -0.0513
vn -0.4119 0.8108 0.4160
vn 0.0131 0.9973 0.0717
vn -0.2487 0.8987 0.3612
vn -0.3140 0.9044 0.2888
vn -0.2363 0.9212 0.3092
vn -0.2286 0.9071 0.3533
vn -0.2146 0.9293 0.3007
vn -0.1416 0.9344 0.3268
vn -0.3057 0.8935 0.3290
vn -0.4964 0.4891 0.7172
vn -0.2539 0.8510 0.4597
vn -0.6168 0.3655 0.6971
vn -0.6145 -0.2425 0.7507
vn -0.5551 -0.1214 0.8229
vn -0.0059 0.6241 0.7814
vn -0.3966 0.5412 0.7415
vn -0.2554 0.9142 0.3147
vn 0.4055 0.8503 0.3354
vn 0.2443 0.8984 0.3651
vn -0.0837 0.9497 0.3019
vn 0.8677 0.4775 0.1380
vn 0.1525 0.9150 0.3734
vn 0.3333 0.8911 0.3081
vn 0.9217 0.3559 0.1544
vn 0.2133 0.9064 0.3645
vn 0.8969 0.4258 0.1196
vn 0.9414 0.2904 0.1715
vn 0.5169 -0.0926 0.8510
vn 0.2717 0.8981 0.3459
vn -0.2064 0.5306 0.8221
vn 0.9477 -0.2987 -0.1126
vn 0.9083 -0.3923 -0.1452
vn 0.9155 -0.3910 -0.0945
vn 0.8757 -0.4690 -0.1148
vn 0.8707 -0.4862 -0.0741
vn 0.5600 -0.7787 0.2827
vn 0.9012 -0.4185 -0.1127
vn 0.7829 -0.5904 -0.1961
vn 0.7955 -0.5940 -0.1199
vn 0.8537 -0.4912 -0.1729
vn 0.5899 -0.7378 0.3282
vn 0.5539 -0.8233 0.1241
vn 0.8252 -0.5255 -0.2072
vn 0.7221 -0.6814 -0.1197
vn 0.7892 -0.5945 -0.1541
vn 0.7721 -0.5953 -0.2223
vn 0.6569 -0.7431 -0.1275
vn 0.4530 -0.8394 0.3004
vn 0.7179 -0.6741 -0.1739
vn 0.7546 -0.6259 -0.1971
vn 0.8484 -0.5022 -0.1675
vn 0.4563 -0.8569 -0.2397
vn 0.4744 -0.8529 -0.2179
vn 0.6354 -0.6911 -0.3444
vn 0.7737 -0.5934 -0.2218
vn 0.1437 -0.9316 -0.3338
vn 0.6148 -0.7104 -0.3427
vn 0.4383 -0.8739 -0.2102
vn 0.5395 -0.7943 -0.2794
vn 0.5921 -0.7734 -0.2265
vn 0.6656 -0.7045 -0.2463
vn 0.4663 -0.8539 -0.2313
vn 0.5132 -0.8430 -0.1612
vn 0.5403 -0.8008 -0.2583
vn 0.4205 -0.8725 -0.2487
vn 0.1828 -0.9769 -0.1106
vn 0.4254 -0.8738 -0.2356
vn 0.7185 -0.6303 -0.2941
vn 0.4094 -0.8227 -0.3944
vn 0.7406 -0.6586 -0.1333
vn 0.2729 -0.9613 -0.0379
vn 0.3619 -0.9321 -0.0162
vn 0.5053 -0.8439 -0.1801
vn 0.2322 -0.9701 -0.0700
vn -0.0383 -0.9946 0.0967
vn 0.2718 -0.9526 -0.1364
vn -0.0402 -0.9958 0.0823
vn -0.0710 -0.9649 0.2529
vn 0.2515 -0.9556 -0.1535
vn 0.3473 -0.8108 0.4711
vn 0.0234 -0.9997 0.0095
vn -0.1369 -0.9888 0.0593
vn -0.0795 -0.9950 -0.0609
vn -0.2621 -0.9531 0.1513
vn -0.1220 -0.9925 -0.0059
vn -0.1820 -0.9789 0.0931
vn 0.4647 -0.8592 0.2139
vn 0.3451 -0.8097 0.4746
vn -0.2418 -0.9668 0.0822
vn -0.2412 -0.9650 0.1033
vn -0.0676 -0.9926 -0.1006
vn -0.2164 -0.9709 0.1022
vn -0.2569 -0.9583 0.1248
vn -0.2461 -0.9623 0.1157
vn -0.4090 -0.8601 0.3049
vn -0.1069 -0.8904 0.4425
vn 0.6200 -0.7413 0.2569
vn -0.1066 -0.9308 0.3497
vn -0.4186 -0.8470 0.3276
vn -0.2512 -0.9649 0.0768
vn -0.2353 -0.9682 0.0853
vn -0.4728 -0.8402 0.2656
vn -0.2359 -0.9650 0.1145
vn -0.4503 -0.8341 0.3186
vn -0.5511 -0.6857 0.4755
vn -0.1574 -0.9249 0.3461
vn -0.4826 -0.8418 0.2418
vn 0.5441 -0.2432 0.8030
vn -0.3251 -0.5310 0.7825
vn -0.1672 0.3991 0.9015
vn -0.4318 -0.8220 0.3714
vn -0.6188 -0.6557 0.4327
vn -0.4562 -0.8345 0.3091
vn -0.5529 -0.6743 0.4894
vn -0.3630 -0.3821 0.8498
vn -0.5341 -0.6734 0.5112
vn -0.2490 0.4690 0.8474
vn -0.2943 -0.4639 0.8356
vn -0.4930 -0.1991 0.8469
vn -0.5249 -0.6961 0.4898
vn -0.6259 -0.2417 0.7415
vn -0.3339 -0.4154 0.8462
vn -0.1539 0.3697 0.9163
vn -0.7296 0.1917 0.6564
vn -0.4181 0.5381 0.7319
vn -0.7190 0.0998 0.6878
vn -0.6701 0.0053 0.7422
vn -0.5673 0.4895 0.6623
vn -0.8208 -0.1081 0.5609
vn -0.6067 0.0960 0.7891
vn -0.5104 -0.0359 0.8592
vn -0.6068 -0.2906 0.7398
vn -0.7897 0.0109 0.6134
vn -0.7779 -0.2575 0.5732
vn -0.7044 -0.4657 0.5357
vn -0.7278 -0.4202 0.5420
vn -0.7152 -0.4430 0.5405
vn -0.4246 -0.8386 0.3413
vn -0.5757 -0.6850 0.4464
vn -0.6148 -0.6665 0.4217
vn -0.5778 -0.6893 0.4371
vn -0.6420 -0.5705 0.5122
vn -0.6077 -0.6627 0.4375
vn -0.2521 -0.2376 0.9381
vn 0.3655 0.3034 0.8800
vn -0.3005 -0.2031 0.9319
vn -0.6402 -0.0615 0.7657
vn 0.0720 0.8606 0.5041
vn -0.3363 0.7170 0.6105
vn 0.5169 0.1866 0.8355
vn 0.3770 0.3090 0.8732
vn -0.3012 -0.1246 0.9454
vn 0.5874 0.4022 0.7023
vn 0.7592 0.5808 -0.2939
vn 0.5200 0.4104 0.7491
vn 0.7461 0.6410 -0.1803
vn 0.7892 0.5841 -0.1894
vn 0.5426 0.3299 0.7725
vn 0.7642 0.6177 -0.1854
vn 0.7634 0.6177 -0.1891
vn 0.7954 0.5750 -0.1915
vn 0.8016 0.5709 -0.1775
vn 0.7698 0.6133 -0.1770
vn 0.8009 0.5703 -0.1826
vn 0.2447 0.9378 0.2461
vn 0.7587 0.5687 0.3177
vn 0.2052 0.9370 0.2826
vn 0.4167 0.8865 -0.2012
vn 0.6458 0.6028 -0.4686
vn 0.4840 0.8711 -0.0833
vn 0.4239 0.8841 -0.1964
vn 0.3783 0.8947 -0.2374
vn 0.4552 0.8656 -0.2088
vn 0.1553 0.9863 -0.0554
vn 0.5289 0.7581 -0.3815
vn 0.0842 0.9666 -0.2421
vn 0.4005 0.8758 -0.2695
vn 0.8922 0.0998 -0.4404
vn 0.8163 0.4895 -0.3065
vn 0.9267 0.0053 -0.3759
vn 0.9137 0.3697 0.1689
vn 0.8308 0.5380 -0.1425
vn 0.8673 0.1904 -0.4600
vn 0.9820 -0.0357 -0.1854
vn 0.9491 0.0964 -0.2999
vn 0.8080 -0.1073 -0.5793
vn 0.7255 0.3700 -0.5802
vn 0.6153 0.2161 -0.7581
vn 0.4016 0.7471 -0.5296
vn 0.4029 0.8463 -0.3486
vn 0.4130 0.8629 -0.2914
vn 0.3768 0.8767 -0.2990
vn 0.9645 -0.1988 -0.1735
vn 0.8860 -0.4637 0.0094
vn 0.8813 0.4693 0.0558
vn 0.9109 -0.2418 -0.3343
vn 0.6397 -0.6960 -0.3261
vn 0.9092 -0.4157 -0.0241
vn 0.9044 0.3990 0.1512
vn 0.8464 -0.5311 -0.0378
vn 0.5685 -0.2432 0.7859
vn 0.6630 -0.6733 -0.3272
vn 0.9227 -0.3823 -0.0503
vn 0.6491 -0.6740 -0.3527
vn 0.3651 -0.9308 0.0196
vn 0.0363 -0.7375 0.6744
vn 0.4522 -0.8905 0.0509
vn 0.3279 -0.8097 0.4867
vn 0.0420 -0.8592 0.5099
vn 0.1498 -0.9789 -0.1391
vn 0.0010 -0.9997 0.0252
vn 0.3239 -0.8108 0.4876
vn 0.1026 -0.9888 -0.1083
vn 0.3923 -0.8419 -0.3707
vn 0.3850 -0.9226 -0.0253
vn 0.6354 -0.6857 -0.3551
vn 0.4265 -0.8601 -0.2800
vn 0.1930 -0.9623 -0.1917
vn 0.2052 -0.9583 -0.1988
vn -0.0714 -0.9926 -0.0979
vn 0.1796 -0.9650 -0.1914
vn 0.1600 -0.9668 -0.1991
vn 0.1701 -0.9709 -0.1684
vn 0.4534 -0.8341 -0.3141
vn 0.1883 -0.9650 -0.1825
vn 0.4113 -0.8402 -0.3535
vn 0.1606 -0.9682 -0.1919
vn 0.1582 -0.9649 -0.2098
vn 0.4511 -0.8470 -0.2813
vn 0.4966 -0.8220 -0.2788
vn 0.4464 -0.8345 -0.3229
vn 0.6182 -0.6557 -0.4335
vn 0.6140 -0.6620 -0.4298
vn 0.6123 -0.6873 -0.3909
vn 0.4660 -0.8385 -0.2823
vn 0.7008 -0.5706 -0.4281
vn 0.4611 -0.8314 -0.3102
vn 0.5137 -0.7944 -0.3240
vn 0.3720 -0.9019 -0.2196
vn 0.7306 -0.5464 -0.4095
vn 0.9542 -0.1895 0.2316
vn 0.8817 -0.3346 0.3326
vn 0.8077 0.3656 0.4625
vn 0.8440 -0.4783 0.2425
vn 0.8014 0.3650 0.4739
vn 0.8788 -0.4537 0.1477
vn 0.9317 -0.3613 0.0375
vn 0.7849 0.3276 0.5260
vn 0.6515 0.5493 0.5232
vn 0.6466 0.5472 0.5315
vn -0.2074 0.9777 0.0321
vn -0.1459 0.9733 0.1773
vn 0.6932 0.4231 0.5835
vn -0.2411 0.9229 0.3003
vn -0.0760 0.9835 0.1642
vn -0.1729 0.9321 0.3184
vn -0.0566 0.9882 0.1424
vn -0.2415 0.9057 0.3483
vn -0.2277 0.9180 0.3247
vn -0.1290 0.9767 0.1717
vn 0.0840 0.9000 0.4277
vn 0.0097 0.7890 0.6143
vn 0.1162 0.8718 0.4759
vn 0.0724 0.8896 0.4509
vn 0.0930 0.7285 0.6787
vn 0.1487 0.8433 0.5165
vn 0.0374 0.7654 0.6424
vn -0.2314 0.9060 0.3545
vn -0.2996 0.8140 0.4977
vn -0.1976 0.9194 0.3402
vn -0.0891 0.6625 0.7437
vn -0.0242 0.6589 0.7519
vn -0.0955 0.7728 0.6274
vn -0.3512 0.7898 0.5029
vn -0.4144 0.6840 0.6003
vn -0.3453 0.8056 0.4815
vn 0.0934 0.5243 0.8464
vn 0.1058 0.6021 0.7914
vn 0.0746 0.5927 0.8020
vn 0.5297 0.4617 0.7115
vn 0.5177 0.4680 0.7162
vn -0.4413 0.8189 0.3668
vn 0.7038 0.3412 0.6231
vn 0.9867 -0.1610 0.0232
vn 0.6271 0.1763 0.7587
vn -0.4014 0.7894 0.4644
vn 0.5862 0.4177 0.6942
vn -0.4584 0.6854 0.5658
vn -0.4017 0.6941 0.5974
vn -0.4129 0.6934 0.5905
vn -0.3379 0.8067 0.4847
vn 0.1474 0.9379 0.3141
vn 0.1951 0.9371 0.2894
vn 0.0391 0.5687 0.8216
vn -0.3659 -0.1525 0.9181
vn -0.4476 0.5413 0.7118
vn -0.5746 -0.1725 0.8001
vn -0.4371 0.5708 0.6951
vn -0.4206 0.6138 0.6681
vn -0.4344 0.5711 0.6965
vn -0.4522 0.5815 0.6763
vn -0.4349 0.6242 0.6490
vn -0.4316 0.6240 0.6514
vn 0.5170 0.2831 0.8078
vn -0.4519 0.5899 0.6691
vn -0.4290 0.6349 0.6426
vn 0.9939 -0.1036 0.0379
vn 0.6827 0.2996 0.6665
vn 0.6037 0.1791 0.7768
vn 0.9860 -0.1630 0.0355
vn 0.6765 0.2744 0.6834
vn 0.9703 -0.2226 0.0946
vn 0.6901 0.7168 -0.0996
vn 0.4369 0.8680 0.2358
vn 0.9475 -0.0633 -0.3135
vn 0.8071 -0.5641 -0.1743
vn 0.7511 0.4055 0.5210
vn 0.5236 -0.2676 0.8089
vn 0.3603 0.8400 0.4056
vn -0.0322 0.9392 0.3419
vn 0.2571 0.2669 0.9288
vn 0.7155 -0.5350 -0.4493
vn 0.7180 -0.5349 -0.4453
vn 0.7277 -0.5124 -0.4559
vn 0.7010 -0.5605 -0.4409
vn 0.5967 -0.6678 -0.4450
vn 0.7041 -0.5612 -0.4351
vn 0.9101 0.3088 0.2762
vn 0.7546 0.4344 -0.4918
vn 0.8457 -0.4446 -0.2952
vn 0.8198 -0.1043 -0.5630
vn 0.8035 -0.1086 -0.5853
vn 0.2705 -0.7314 -0.6260
vn 0.6833 0.5332 -0.4988
vn 0.5293 -0.2895 -0.7975
vn 0.5737 0.6522 -0.4954
vn 0.7443 -0.4657 -0.4787
vn 0.7526 -0.4430 -0.4872
vn 0.7582 -0.4203 -0.4985
vn 0.6933 -0.0518 -0.7188
vn 0.8673 0.0690 -0.4931
vn 0.7563 0.2176 -0.6170
vn 0.8134 -0.0602 -0.5786
vn 0.8204 -0.3859 -0.4218
vn 0.7812 -0.1196 -0.6127
vn 0.8047 -0.2575 -0.5349
vn 0.8465 0.0108 -0.5322
vn 0.9028 -0.2906 -0.3171
vn 0.8014 0.1705 -0.5733
vn 0.8363 0.1276 -0.5333
vn 0.6986 0.5624 -0.4424
vn 0.4201 0.7421 -0.5222
vn 0.7732 -0.0332 -0.6333
vn 0.7567 0.1040 -0.6454
vn 0.7575 0.0448 -0.6513
vn 0.7222 0.2217 -0.6551
vn 0.6431 0.1320 -0.7543
vn 0.7747 0.4663 -0.4271
vn 0.8928 0.0256 -0.4497
vn 0.7390 0.4556 -0.4963
vn 0.7371 0.5754 -0.3544
vn 0.7133 0.5748 -0.4011
vn 0.3909 0.8705 -0.2990
vn 0.7219 0.0401 -0.6908
vn 0.1936 0.7786 -0.5969
vn 0.3167 0.7077 -0.6316
vn 0.6497 0.2707 -0.7104
vn 0.7464 0.3435 -0.5700
vn 0.6117 0.3981 -0.6837
vn 0.7765 0.1910 -0.6005
vn 0.6805 0.5328 -0.5030
vn 0.6714 0.2662 -0.6916
vn 0.4720 0.3477 -0.8102
vn 0.6665 0.2762 -0.6924
vn 0.5010 0.4164 -0.7586
vn 0.4144 0.4009 -0.8170
vn 0.4513 0.4623 -0.7633
vn 0.1732 0.5939 -0.7857
vn 0.6881 0.6130 -0.3882
vn 0.4049 0.8394 -0.3626
vn 0.5765 0.6294 -0.5212
vt 0.714547 0.345268
vt 0.713336 0.358447
vt 0.705074 0.309194
vt 0.709541 0.305668
vt 0.699942 0.251422
vt 0.704152 0.253169
vt 0.702852 0.201435
vt 0.697980 0.198216
vt 0.699314 0.127106
vt 0.703082 0.120674
vt 0.944502 0.712510
vt 0.948977 0.714894
vt 0.943411 0.714757
vt 0.128674 0.895993
vt 0.130801 0.896961
vt 0.128018 0.901418
vt 0.132519 0.901418
vt 0.733086 0.435566
vt 0.734679 0.428239
vt 0.740594 0.454313
vt 0.745842 0.454953
vt 0.722483 0.399588
vt 0.724598 0.389803
vt 0.443709 0.850725
vt 0.447124 0.890321
vt 0.445574 0.896834
vt 0.642332 0.665651
vt 0.645040 0.658708
vt 0.633180 0.710321
vt 0.645247 0.643725
vt 0.650013 0.604357
vt 0.647787 0.614717
vt 0.648263 0.586114
vt 0.647064 0.552008
vt 0.647211 0.532140
vt 0.646961 0.550975
vt 0.633180 0.452804
vt 0.254118 0.624830
vt 0.252727 0.665187
vt 0.252727 0.618401
vt 0.705544 0.258259
vt 0.584860 0.810880
vt 0.585116 0.810251
vt 0.586473 0.815452
vt 0.584860 0.866580
vt 0.703875 0.138206
vt 0.426973 0.481138
vt 0.424727 0.464971
vt 0.424841 0.463604
vt 0.424727 0.570164
vt 0.254258 0.722372
vt 0.252742 0.720980
vt 0.254258 0.718979
vt 0.193356 0.917770
vt 0.194515 0.918168
vt 0.190940 0.953450
vt 0.190940 0.873754
vt 0.443709 0.936409
vt 0.252749 0.713943
vt 0.254054 0.711841
vt 0.254054 0.715130
vt 0.735456 0.426665
vt 0.716677 0.350977
vt 0.731251 0.913783
vt 0.734437 0.887483
vt 0.738309 0.898884
vt 0.237586 0.383677
vt 0.229916 0.366836
vt 0.233627 0.352356
vt 0.233220 0.390603
vt 0.236323 0.431442
vt 0.240709 0.430408
vt 0.243459 0.483148
vt 0.237825 0.471181
vt 0.240502 0.551533
vt 0.245540 0.558099
vt 0.739349 0.780991
vt 0.734171 0.782578
vt 0.738032 0.778923
vt 0.733014 0.779088
vt 0.735576 0.806357
vt 0.740733 0.815876
vt 0.736352 0.845081
vt 0.741174 0.857509
vt 0.132300 0.895857
vt 0.485656 0.920596
vt 0.483449 0.890564
vt 0.485656 0.852608
vt 0.116405 0.895857
vt 0.116405 0.930470
vt 0.115197 0.923621
vt 0.254303 0.618401
vt 0.252771 0.609612
vt 0.254303 0.567394
vt 0.172082 0.845399
vt 0.173903 0.852727
vt 0.176683 0.895881
vt 0.960658 0.297602
vt 0.956519 0.357275
vt 0.954386 0.368853
vt 0.956575 0.358439
vt 0.960658 0.462302
vt 0.176683 0.800590
vt 0.173900 0.852417
vt 0.242054 0.642033
vt 0.247197 0.645504
vt 0.705610 0.037363
vt 0.710255 0.033476
vt 0.262551 0.467079
vt 0.262210 0.536188
vt 0.256806 0.484579
vt 0.256216 0.555829
vt 0.256239 0.424531
vt 0.261616 0.571786
vt 0.254258 0.640718
vt 0.259402 0.643672
vt 0.260822 0.396365
vt 0.258760 0.644321
vt 0.254258 0.378027
vt 0.258103 0.352356
vt 0.958168 0.254866
vt 0.962449 0.270378
vt 0.954385 0.297602
vt 0.963910 0.226579
vt 0.958550 0.218907
vt 0.962795 0.190781
vt 0.956684 0.177774
vt 0.954385 0.153473
vt 0.959556 0.152301
vt 0.264906 0.637129
vt 0.264906 0.642607
vt 0.262902 0.637386
vt 0.262551 0.642614
vt 0.513488 0.698230
vt 0.503887 0.709844
vt 0.498797 0.647859
vt 0.510041 0.615197
vt 0.496306 0.714937
vt 0.487262 0.656204
vt 0.253333 0.015701
vt 0.198927 -0.000000
vt 0.248003 0.003080
vt 0.950889 0.328176
vt 0.947982 0.353143
vt 0.949290 0.330051
vt 0.224953 0.023984
vt 0.251237 0.036984
vt 0.952232 0.235071
vt 0.954056 0.240415
vt 0.229339 0.113201
vt 0.208212 0.093701
vt 0.954385 0.165007
vt 0.952642 0.160818
vt 0.199405 0.178484
vt 0.188162 0.148488
vt 0.951718 0.110021
vt 0.953774 0.109662
vt 0.168415 0.225766
vt 0.150881 0.195848
vt 0.949967 0.063199
vt 0.126336 0.245027
vt 0.951734 0.064102
vt 0.135017 0.264476
vt 0.947982 0.029816
vt 0.102622 0.293751
vt 0.067782 0.318182
vt 0.061640 0.320683
vt 0.074544 0.278521
vt 0.741289 0.875505
vt 0.742965 0.902093
vt 0.741289 0.908477
vt 0.040829 0.303812
vt 0.036439 0.334297
vt 0.006934 0.319615
vt 0.006717 0.346234
vt 0.004684 0.335303
vt 0.266878 0.704951
vt 0.265444 0.700041
vt 0.266878 0.699496
vt 0.812739 0.455679
vt 0.812076 0.459987
vt 0.801357 0.461884
vt 0.801536 0.467831
vt 0.786363 0.480042
vt 0.002411 0.312173
vt 0.789144 0.481005
vt 0.794515 0.480691
vt 0.776728 0.507007
vt 0.004761 0.280674
vt 0.746329 0.549971
vt 0.000000 0.231626
vt 0.190940 0.954325
vt 0.187393 0.925693
vt 0.190940 0.873754
vt 0.748752 0.551984
vt 0.102995 0.192782
vt 0.150381 0.140789
vt 0.088163 0.140888
vt 0.107440 0.231126
vt 0.040868 0.106922
vt 0.078638 0.095874
vt 0.036987 0.154289
vt 0.003369 0.153433
vt 0.046937 0.204505
vt 0.003577 0.226228
vt 0.067221 0.227947
vt 0.033022 0.269121
vt 0.071968 0.918800
vt 0.086823 0.878314
vt 0.081297 0.929658
vt 0.075786 0.850767
vt 0.171609 0.772034
vt 0.174859 0.729768
vt 0.181414 0.772469
vt 0.159915 0.728415
vt 0.742521 0.010092
vt 0.791349 0.043806
vt 0.737711 0.018953
vt 0.733652 0.038345
vt 0.735035 0.040068
vt 0.765221 0.048257
vt 0.725074 0.126479
vt 0.727327 0.121697
vt 0.141101 0.704794
vt 0.150294 0.692675
vt 0.163419 0.689208
vt 0.135257 0.647586
vt 0.122757 0.649588
vt 0.153621 0.657964
vt 0.106529 0.605568
vt 0.192327 0.701779
vt 0.796546 0.071419
vt 0.183642 0.671043
vt 0.757486 0.121466
vt 0.751810 0.181715
vt 0.724464 0.197371
vt 0.722806 0.201717
vt 0.724768 0.253330
vt 0.760094 0.246277
vt 0.729760 0.303180
vt 0.728944 0.310712
vt 0.751414 0.301387
vt 0.734871 0.350731
vt 0.737096 0.354658
vt 0.746421 0.399421
vt 0.742981 0.391516
vt 0.768227 0.360620
vt 0.752572 0.426261
vt 0.773139 0.400391
vt 0.782992 0.432611
vt 0.761003 0.451017
vt 0.772602 0.445212
vt 0.266807 0.698653
vt 0.265339 0.699495
vt 0.265339 0.693845
vt 0.576309 0.881358
vt 0.584731 0.887974
vt 0.581636 0.892298
vt 0.580167 0.877488
vt 0.573153 0.862901
vt 0.571221 0.870927
vt 0.576362 0.863516
vt 0.218031 0.941661
vt 0.216059 0.955846
vt 0.212598 0.938758
vt 0.216366 0.911931
vt 0.808338 0.403995
vt 0.789616 0.429316
vt 0.571483 0.806665
vt 0.208846 0.373477
vt 0.192492 0.403307
vt 0.212598 0.352356
vt 0.212598 0.864104
vt 0.574528 0.806971
vt 0.799585 0.378512
vt 0.217694 0.861570
vt 0.226006 0.798575
vt 0.224924 0.783157
vt 0.584731 0.749245
vt 0.193952 0.408992
vt 0.235443 0.761465
vt 0.581884 0.748431
vt 0.244096 0.723104
vt 0.248788 0.722691
vt 0.223000 0.782131
vt 0.970366 0.656136
vt 0.968721 0.694009
vt 0.967457 0.658487
vt 0.124627 0.527198
vt 0.159582 0.469620
vt 0.125704 0.530223
vt 0.169210 0.460095
vt 0.140385 0.511527
vt 0.174808 0.518900
vt 0.191477 0.481484
vt 0.839150 0.361497
vt 0.827693 0.319204
vt 0.874730 0.302084
vt 0.857447 0.283875
vt 0.802984 0.325810
vt 0.774245 0.303108
vt 0.798640 0.275596
vt 0.833933 0.242468
vt 0.875857 0.241917
vt 0.789109 0.202204
vt 0.836481 0.181305
vt 0.858506 0.210200
vt 0.798866 0.148220
vt 0.826210 0.096762
vt 0.852778 0.125076
vt 0.173501 0.637992
vt 0.875857 0.156672
vt 0.142524 0.624655
vt 0.161790 0.602401
vt 0.147632 0.566587
vt 0.191331 0.553511
vt 0.122415 0.594936
vt 0.093327 0.572301
vt 0.107374 0.561230
vt 0.106132 0.557050
vt 0.916304 0.752521
vt 0.925323 0.740891
vt 0.921325 0.755452
vt 0.922004 0.740702
vt 0.973932 0.709033
vt 0.972214 0.693315
vt 0.919528 0.715069
vt 0.915028 0.711971
vt 0.650737 0.885253
vt 0.647059 0.938094
vt 0.647059 0.882498
vt 0.696968 0.666289
vt 0.693294 0.663140
vt 0.691937 0.590873
vt 0.695026 0.572552
vt 0.716254 0.639928
vt 0.713620 0.638497
vt 0.690377 0.546045
vt 0.000000 0.138360
vt 0.691996 0.497984
vt 0.688025 0.497587
vt 0.701208 0.713895
vt 0.685252 0.464118
vt 0.696968 0.717120
vt 0.004521 0.086083
vt 0.699945 0.690641
vt 0.689576 0.462984
vt 0.702457 0.751692
vt 0.698885 0.751698
vt 0.263089 0.709172
vt 0.266655 0.712087
vt 0.263089 0.722591
vt 0.711391 0.765877
vt 0.707032 0.769890
vt 0.007607 0.029083
vt 0.002813 0.061522
vt 0.004427 0.032219
vt 0.530055 0.462752
vt 0.515929 0.455821
vt 0.517390 0.452803
vt 0.044025 0.048601
vt 0.505165 0.490468
vt 0.521290 0.497094
vt 0.042803 0.016438
vt 0.501101 0.546672
vt 0.513550 0.546630
vt 0.492094 0.527122
vt 0.488024 0.565408
vt 0.497462 0.601541
vt 0.486195 0.603468
vt 0.191415 0.022780
vt 0.151987 0.001150
vt 0.155819 0.023616
vt 0.117156 0.005275
vt 0.119216 0.028215
vt 0.081318 0.012564
vt 0.165248 0.088772
vt 0.081560 0.037016
vt 0.115723 0.089156
vt 0.661397 0.559643
vt 0.654130 0.577022
vt 0.653793 0.544582
vt 0.653589 0.511082
vt 0.661762 0.499340
vt 0.653219 0.492615
vt 0.652527 0.473407
vt 0.660993 0.472288
vt 0.651905 0.462255
vt 0.660299 0.460338
vt 0.651163 0.456057
vt 0.687077 0.452803
vt 0.659449 0.453224
vt 0.482966 0.861144
vt 0.483450 0.868752
vt 0.475040 0.860089
vt 0.447487 0.860464
vt 0.474024 0.852608
vt 0.451406 0.869239
vt 0.475597 0.869403
vt 0.475773 0.885688
vt 0.451299 0.887274
vt 0.483450 0.881019
vt 0.482952 0.895289
vt 0.465243 0.463603
vt 0.470428 0.500107
vt 0.441248 0.466977
vt 0.449440 0.533086
vt 0.474604 0.477871
vt 0.477924 0.502687
vt 0.473984 0.529773
vt 0.481319 0.532251
vt 0.906984 0.027441
vt 0.900176 0.015293
vt 0.906984 -0.000000
vt 0.939994 0.605749
vt 0.934889 0.652543
vt 0.933974 0.621863
vt 0.942378 0.660933
vt 0.935587 0.670199
vt 0.967566 0.612947
vt 0.936799 0.689854
vt 0.944122 0.688327
vt 0.938068 0.702536
vt 0.945493 0.701982
vt 0.939329 0.711141
vt 0.947004 0.711971
vt 0.775587 0.785780
vt 0.772668 0.795605
vt 0.768507 0.790086
vt 0.797546 0.778923
vt 0.798812 0.787073
vt 0.913561 0.001966
vt 0.913561 0.027441
vt 0.906984 0.004592
vt 0.780693 0.792544
vt 0.785049 0.809534
vt 0.803520 0.806183
vt 0.776082 0.808340
vt 0.777622 0.825933
vt 0.786968 0.853710
vt 0.763754 0.823021
vt 0.745274 0.822736
vt 0.768507 0.778923
vt 0.778460 0.855182
vt 0.786862 0.886929
vt 0.778107 0.887825
vt 0.743032 0.857978
vt 0.761569 0.859316
vt 0.220287 0.968128
vt 0.264407 0.922554
vt 0.222443 0.967898
vt 0.258841 0.914327
vt 0.254453 0.905025
vt 0.251548 0.895748
vt 0.249707 0.885115
vt 0.240445 0.864986
vt 0.973932 0.469320
vt 0.970717 0.512153
vt 0.942660 0.508613
vt 0.248746 0.871600
vt 0.249154 0.842474
vt 0.940868 0.546497
vt 0.968168 0.572656
vt 0.242871 0.822583
vt 0.252347 0.806063
vt 0.933875 0.564144
vt 0.933784 0.593032
vt 0.585121 0.866580
vt 0.586472 0.867492
vt 0.585121 0.910156
vt 0.099455 0.916096
vt 0.099455 0.855421
vt 0.107938 0.909061
vt 0.177032 0.873755
vt 0.186503 0.909182
vt 0.177032 0.914249
vt 0.696807 0.763513
vt 0.651163 0.726061
vt 0.693936 0.749076
vt 0.187394 0.910393
vt 0.651690 0.718329
vt 0.652085 0.709801
vt 0.693597 0.718239
vt 0.652300 0.699284
vt 0.662076 0.675999
vt 0.653206 0.684587
vt 0.653602 0.652533
vt 0.662140 0.628584
vt 0.654063 0.610833
vt 0.804276 0.784535
vt 0.808419 0.809169
vt 0.910973 0.757592
vt 0.886146 0.756922
vt 0.894359 0.760817
vt 0.912069 0.764756
vt 0.085685 0.582051
vt 0.805484 0.848926
vt 0.888621 0.831188
vt 0.897469 0.834026
vt 0.809677 0.881712
vt 0.805654 0.883127
vt 0.812738 0.879842
vt 0.426973 0.727915
vt 0.426973 0.722180
vt 0.429204 0.726456
vt 0.813800 0.739493
vt 0.869705 0.758646
vt 0.812739 0.741613
vt 0.814010 0.880674
vt 0.875944 0.816371
vt 0.071045 0.800589
vt 0.063136 0.843175
vt 0.058037 0.801625
vt 0.861595 0.876984
vt 0.814894 0.906528
vt 0.741289 0.804766
vt 0.743032 0.778923
vt 0.743032 0.832319
vt 0.813081 0.929470
vt 0.058037 0.904458
vt 0.447196 0.869814
vt 0.718791 0.773032
vt 0.447737 0.891862
vt 0.736334 0.775158
vt 0.743483 0.769237
vt 0.718089 0.778923
vt 0.540110 0.473210
vt 0.526136 0.546466
vt 0.152705 0.952900
vt 0.149577 0.874823
vt 0.152705 0.871393
vt 0.438222 0.467875
vt 0.446002 0.531269
vt 0.812105 0.740617
vt 0.812739 0.735371
vt 0.654470 0.963850
vt 0.655815 0.966373
vt 0.650844 0.968028
vt 0.760036 0.768608
vt 0.655145 0.816736
vt 0.695626 0.946898
vt 0.567190 0.489361
vt 0.541937 0.538538
vt 0.553613 0.478134
vt 0.521982 0.602841
vt 0.536931 0.653938
vt 0.655146 0.789198
vt 0.696967 0.884506
vt 0.650844 0.763512
vt 0.526552 0.676646
vt 0.263921 0.699924
vt 0.254259 0.709171
vt 0.258745 0.695161
vt 0.143414 0.871393
vt 0.139301 0.894890
vt 0.134806 0.881562
vt 0.132520 0.904266
vt 0.139944 0.910831
vt 0.136148 0.919269
vt 0.143414 0.922103
vt 0.641123 0.712454
vt 0.633624 0.717215
vt 0.633178 0.710320
vt 0.265150 0.673827
vt 0.259546 0.674721
vt 0.455372 0.925611
vt 0.447196 0.911629
vt 0.455231 0.909814
vt 0.447407 0.928106
vt 0.277024 0.374651
vt 0.271466 0.353303
vt 0.279684 0.352355
vt 0.267994 0.385145
vt 0.265680 0.411419
vt 0.273682 0.411976
vt 0.271161 0.446763
vt 0.263261 0.451627
vt 0.272133 0.756050
vt 0.279684 0.718958
vt 0.279649 0.759975
vt 0.270210 0.788347
vt 0.271323 0.688961
vt 0.277584 0.792322
vt 0.278089 0.677874
vt 0.266911 0.805912
vt 0.274056 0.808992
vt 0.266911 0.631284
vt 0.152705 0.871393
vt 0.158827 0.929737
vt 0.152705 0.946416
vt 0.455373 0.895290
vt 0.463032 0.917409
vt 0.455373 0.928630
vt 0.254259 0.644320
vt 0.430119 0.466157
vt 0.436352 0.493683
vt 0.428465 0.496834
vt 0.438222 0.463603
vt 0.435464 0.539258
vt 0.447330 0.896861
vt 0.455372 0.895289
vt 0.426973 0.572852
vt 0.434771 0.588218
vt 0.427309 0.647880
vt 0.435571 0.667176
vt 0.428677 0.697782
vt 0.436721 0.698760
vt 0.279684 0.594631
vt 0.282133 0.569241
vt 0.417350 0.477788
vt 0.292817 0.548945
vt 0.322651 0.517739
vt 0.360351 0.484991
vt 0.389175 0.466246
vt 0.406390 0.463604
vt 0.424292 0.511730
vt 0.424292 0.590855
vt 0.412916 0.665654
vt 0.289962 0.645068
vt 0.398108 0.713307
vt 0.318297 0.720731
vt 0.382408 0.734155
vt 0.360423 0.743798
vt 0.344344 0.744675
vt 0.331807 0.740003
vt 0.822701 0.487976
vt 0.933206 0.591893
vt 0.812739 0.552811
vt 0.812739 0.618646
vt 0.819014 0.663607
vt 0.829392 0.686969
vt 0.932090 0.613641
vt 0.917214 0.650867
vt 0.884205 0.701565
vt 0.926953 0.570951
vt 0.906157 0.533480
vt 0.879029 0.491604
vt 0.832701 0.462941
vt 0.857517 0.464723
vt 0.843603 0.455678
vt 0.846462 0.703612
vt 0.859634 0.710801
vt 0.870572 0.711971
vt 0.430691 0.722180
vt 0.438222 0.717938
vt 0.167752 0.871393
vt 0.167068 0.884020
vt 0.159508 0.873853
vt 0.158880 0.894629
vt 0.166761 0.895073
vt 0.158826 0.910521
vt 0.166966 0.910162
vt 0.166795 0.920538
vt 0.159331 0.923524
vt 0.167752 0.927139
vt 0.279685 0.950876
vt 0.272513 0.944557
vt 0.276132 0.906790
vt 0.273600 0.808992
vt 0.279685 0.811192
vt 0.269428 0.825788
vt 0.275778 0.829708
vt 0.268007 0.859136
vt 0.275161 0.874057
vt 0.269388 0.905750
vt 0.270554 0.468265
vt 0.262550 0.472500
vt 0.262578 0.492294
vt 0.270751 0.493771
vt 0.264349 0.523763
vt 0.273030 0.542482
vt 0.266675 0.570560
vt 0.277760 0.613902
vt 0.269554 0.613820
vt 0.271176 0.628493
vt 0.279684 0.631283
vt 0.933784 0.572904
vt 0.642699 0.887935
vt 0.633178 0.899747
vt 0.635301 0.885244
vt 0.636229 0.868099
vt 0.644174 0.866042
vt 0.636912 0.835986
vt 0.644545 0.816097
vt 0.636021 0.785401
vt 0.642702 0.735620
vt 0.634495 0.735923
vt 0.735194 0.359873
vt 0.721701 0.343891
vt 0.715466 0.298502
vt 0.715270 0.342645
vt 0.741290 0.832318
vt 0.742958 0.866599
vt 0.741290 0.875506
vt 0.749806 0.422629
vt 0.730294 0.385570
vt 0.759722 0.453275
vt 0.740912 0.425291
vt 0.724251 0.386196
vt 0.264601 0.859339
vt 0.268005 0.808992
vt 0.266028 0.850298
vt 0.266878 0.812999
vt 0.651066 0.695675
vt 0.651066 0.699758
vt 0.650013 0.697234
vt 0.740359 0.455678
vt 0.722063 0.401771
vt 0.712510 0.360779
vt 0.712005 0.351319
vt 0.089825 0.878539
vt 0.086823 0.855420
vt 0.096474 0.869221
vt 0.323768 0.033671
vt 0.305313 0.052731
vt 0.323634 0.017398
vt 0.344700 -0.000000
vt 0.351479 0.006985
vt 0.290205 0.094901
vt 0.337694 0.033811
vt 0.297897 0.106488
vt 0.319915 0.074881
vt 0.283570 0.127650
vt 0.706946 0.328588
vt 0.280785 0.147132
vt 0.279685 0.162555
vt 0.702540 0.293996
vt 0.290594 0.160347
vt 0.698865 0.249448
vt 0.305156 0.127553
vt 0.696968 0.191645
vt 0.699141 0.137868
vt 0.279685 0.207131
vt 0.297163 0.260645
vt 0.286880 0.264432
vt 0.698410 0.118571
vt 0.314380 0.329905
vt 0.305037 0.336158
vt 0.704697 0.036491
vt 0.350763 0.420662
vt 0.335716 0.415867
vt 0.364271 0.417081
vt 0.326797 0.326966
vt 0.332467 0.841657
vt 0.307983 0.782095
vt 0.333713 0.801096
vt 0.336164 0.809311
vt 0.336214 0.850671
vt 0.337060 0.882258
vt 0.332600 0.880135
vt 0.299921 0.826699
vt 0.297433 0.784096
vt 0.408482 0.919099
vt 0.429818 0.884184
vt 0.417745 0.922467
vt 0.290214 0.824792
vt 0.429505 0.903647
vt 0.284594 0.806783
vt 0.280799 0.829470
vt 0.279684 0.852906
vt 0.289031 0.862479
vt 0.281260 0.876978
vt 0.298418 0.864008
vt 0.285199 0.899709
vt 0.339603 0.919197
vt 0.295877 0.904468
vt 0.291147 0.919584
vt 0.307186 0.905993
vt 0.437544 0.801653
vt 0.434368 0.764679
vt 0.443050 0.787885
vt 0.428048 0.772468
vt 0.304158 0.927926
vt 0.340784 0.936178
vt 0.312953 0.924682
vt 0.177032 0.861967
vt 0.203345 0.855741
vt 0.205965 0.873755
vt 0.531239 0.704972
vt 0.557340 0.682469
vt 0.531079 0.724855
vt 0.521153 0.717230
vt 0.509466 0.727264
vt 0.497483 0.730916
vt 0.264640 0.014828
vt 0.261841 0.002565
vt 0.263625 0.033939
vt 0.252252 0.036068
vt 0.228336 0.118738
vt 0.235823 0.120734
vt 0.197875 0.182875
vt 0.208916 0.189934
vt 0.168378 0.226311
vt 0.169639 0.228018
vt 0.181623 0.230386
vt 0.134933 0.266042
vt 0.152122 0.265323
vt 0.098519 0.299186
vt 0.118662 0.295807
vt 0.040049 0.334552
vt 0.005639 0.348567
vt 0.042565 0.341492
vt 0.082566 0.320766
vt 0.967460 0.109539
vt 0.962524 0.111587
vt 0.964595 0.067535
vt 0.967125 0.148324
vt 0.122697 0.298505
vt 0.084762 0.324472
vt 0.962460 0.152301
vt 0.961507 0.109098
vt 0.961528 0.144073
vt 0.958832 0.067615
vt 0.254096 0.711841
vt 0.252726 0.702782
vt 0.254096 0.665187
vt 0.156782 0.267758
vt 0.150655 0.274040
vt 0.650013 0.623608
vt 0.650658 0.572904
vt 0.650658 0.632454
vt 0.188764 0.229794
vt 0.108816 0.855421
vt 0.108816 0.899132
vt 0.108039 0.889467
vt 0.266912 0.693845
vt 0.265339 0.680943
vt 0.266467 0.671157
vt 0.266912 0.631284
vt 0.215857 0.189875
vt 0.443089 0.776739
vt 0.443089 0.739857
vt 0.443709 0.748597
vt 0.483449 0.924935
vt 0.481941 0.915175
vt 0.483449 0.895290
vt 0.650862 0.452803
vt 0.650862 0.526071
vt 0.650013 0.473055
vt 0.650021 0.509406
vt 0.243973 0.122765
vt 0.247774 0.126639
vt 0.424728 0.657178
vt 0.426984 0.570164
vt 0.426984 0.674219
vt 0.947982 0.365418
vt 0.952572 0.366935
vt 0.947982 0.455678
vt 0.273776 0.032688
vt 0.275403 0.048754
vt 0.252709 0.660419
vt 0.247759 0.665402
vt 0.241205 0.642836
vt 0.239669 0.557285
vt 0.253220 0.514131
vt 0.253220 0.430488
vt 0.254258 0.508999
vt 0.237434 0.485581
vt 0.252861 0.430488
vt 0.252861 0.352355
vt 0.254258 0.416366
vt 0.234790 0.432269
vt 0.265292 0.772069
vt 0.264407 0.722692
vt 0.266837 0.763323
vt 0.264407 0.806243
vt 0.252857 0.376866
vt 0.252709 0.377072
vt 0.252709 0.352355
vt 0.426973 0.707999
vt 0.424525 0.741009
vt 0.424525 0.674219
vt 0.915783 0.025197
vt 0.916601 0.001966
vt 0.916601 0.027675
vt 0.726529 0.940418
vt 0.713683 0.933939
vt 0.650996 0.529055
vt 0.650013 0.572903
vt 0.650013 0.526071
vt 0.733916 0.885189
vt 0.720141 0.890666
vt 0.706658 0.902655
vt 0.709989 0.855040
vt 0.490241 0.755109
vt 0.494967 0.769915
vt 0.487729 0.773553
vt 0.499973 0.762821
vt 0.498432 0.778748
vt 0.493859 0.749306
vt 0.498751 0.748430
vt 0.058037 0.905903
vt 0.053102 0.905216
vt 0.052797 0.864834
vt 0.503961 0.775104
vt 0.506742 0.753783
vt 0.523563 0.768472
vt 0.116405 0.901606
vt 0.117804 0.895857
vt 0.119479 0.901606
vt 0.528117 0.787049
vt 0.057613 0.919689
vt 0.028221 0.895501
vt 0.539558 0.784272
vt 0.034772 0.838908
vt 0.051759 0.858338
vt 0.034937 0.831514
vt 0.040540 0.893023
vt 0.024613 0.812136
vt 0.020996 0.815419
vt 0.013619 0.867073
vt 0.550255 0.815957
vt 0.004093 0.872007
vt 0.552039 0.800017
vt -0.000000 0.846117
vt 0.562651 0.817528
vt 0.568912 0.837556
vt 0.560086 0.847834
vt 0.540711 0.818482
vt 0.551831 0.849100
vt 0.571221 0.859605
vt 0.486195 0.740362
vt 0.480951 0.753799
vt 0.478063 0.739856
vt 0.712831 0.015223
vt 0.707436 0.008055
vt 0.714938 0.000000
vt 0.369228 0.442657
vt 0.392674 0.463604
vt 0.369275 0.457027
vt 0.352035 0.443323
vt 0.646440 0.775452
vt 0.650737 0.882498
vt 0.644547 0.792519
vt 0.704765 0.119684
vt 0.710824 0.119564
vt 0.650737 0.710321
vt 0.703198 0.194488
vt 0.649257 0.716985
vt 0.710159 0.199753
vt 0.650593 0.632453
vt 0.650593 0.695675
vt 0.650013 0.639385
vt 0.443709 0.800219
vt 0.445098 0.787873
vt 0.447196 0.850725
vt 0.704914 0.245197
vt 0.711709 0.251063
vt 0.723491 0.257642
vt 0.447196 0.739857
vt 0.445748 0.748747
vt 0.708875 0.296725
vt 0.268005 0.897049
vt 0.499040 0.947659
vt 0.492712 0.946734
vt 0.495489 0.940040
vt 0.519768 0.937345
vt 0.512239 0.947293
vt 0.488517 0.944574
vt 0.448077 0.852608
vt 0.453093 0.846556
vt 0.472328 0.848765
vt 0.526903 0.942443
vt 0.491621 0.936197
vt 0.486928 0.940454
vt 0.486195 0.890695
vt 0.535239 0.928576
vt 0.539813 0.936107
vt 0.472172 0.843012
vt 0.486195 0.850447
vt 0.547813 0.915660
vt 0.555972 0.923028
vt 0.519540 0.933143
vt 0.532625 0.923405
vt 0.542688 0.909460
vt 0.557829 0.888614
vt 0.565459 0.901652
vt 0.549529 0.888246
vt 0.428963 0.445600
vt 0.455799 0.428899
vt 0.455070 0.443574
vt 0.900176 0.024666
vt 0.889048 0.027516
vt 0.889048 0.000000
vt 0.463277 0.407137
vt 0.426524 0.425350
vt 0.569617 0.881820
vt 0.433813 0.408429
vt 0.485802 0.367652
vt 0.426105 0.445069
vt 0.483807 0.818077
vt 0.468078 0.819775
vt 0.482158 0.814757
vt 0.457319 0.375401
vt 0.471502 0.895289
vt 0.471502 0.928427
vt 0.467750 0.896759
vt 0.470897 0.823243
vt 0.584732 0.892299
vt 0.584732 0.922893
vt 0.575862 0.906563
vt 0.458995 0.826184
vt 0.456654 0.832531
vt 0.102020 0.800355
vt 0.102927 0.794296
vt 0.109015 0.798739
vt 0.095966 0.795060
vt 0.449503 0.838455
vt 0.078784 0.752214
vt 0.447196 0.849646
vt 0.087810 0.798098
vt 0.080575 0.800590
vt 0.084473 0.794583
vt 0.078428 0.796872
vt 0.055123 0.737615
vt 0.059865 0.717452
vt 0.058751 0.695505
vt 0.491884 0.839351
vt 0.034143 0.699803
vt 0.047312 0.662056
vt 0.053954 0.661543
vt 0.486195 0.815315
vt 0.010631 0.638863
vt -0.000000 0.630091
vt 0.050390 0.655993
vt 0.344133 0.916071
vt 0.352147 0.881763
vt 0.360316 0.901483
vt 0.360711 0.847582
vt 0.365510 0.851392
vt 0.419696 0.851726
vt 0.405004 0.888496
vt 0.415227 0.849462
vt 0.261918 0.721292
vt 0.256864 0.722372
vt 0.261085 0.716681
vt 0.401338 0.890075
vt 0.396953 0.881523
vt 0.913561 0.027310
vt 0.913561 0.001966
vt 0.915783 0.019872
vt 0.255924 0.716805
vt 0.614716 0.609310
vt 0.611872 0.629325
vt 0.601731 0.651057
vt 0.593957 0.678751
vt 0.411243 0.830595
vt 0.570970 0.646181
vt 0.563921 0.640389
vt 0.577100 0.631828
vt 0.478218 0.910078
vt 0.478218 0.895289
vt 0.481785 0.906633
vt 0.308049 0.256729
vt 0.290029 0.205310
vt 0.300475 0.199993
vt 0.350592 0.240983
vt 0.340550 0.149545
vt 0.368858 0.133410
vt 0.354669 0.085880
vt 0.222648 0.434019
vt 0.231942 0.393884
vt 0.214819 0.486220
vt 0.212598 0.433306
vt 0.225003 0.485493
vt 0.227499 0.554682
vt 0.216974 0.557031
vt 0.217291 0.654998
vt 0.228029 0.652635
vt 0.498633 0.060479
vt 0.523416 0.087982
vt 0.486195 0.153865
vt 0.532261 0.066435
vt 0.542455 0.089095
vt 0.239317 0.675051
vt 0.223776 0.680950
vt 0.519033 0.044885
vt 0.499640 0.032928
vt 0.517452 0.025184
vt 0.563007 0.083065
vt 0.561791 0.098047
vt 0.544418 0.064372
vt 0.365510 0.936095
vt 0.356149 0.927448
vt 0.344924 0.938036
vt 0.363466 0.958692
vt 0.542925 0.026676
vt 0.541777 0.049997
vt 0.518154 0.006900
vt 0.546008 0.047171
vt 0.554645 0.008035
vt 0.557110 0.061859
vt 0.575593 0.726546
vt 0.579123 0.717669
vt 0.588280 0.720621
vt 0.573447 0.719998
vt 0.569667 0.727877
vt 0.389855 0.749497
vt 0.385657 0.798094
vt 0.384239 0.752000
vt 0.181373 0.823526
vt 0.177032 0.813693
vt 0.180775 0.809687
vt 0.177308 0.821998
vt 0.195148 0.824024
vt 0.438221 0.722181
vt 0.438221 0.742122
vt 0.429692 0.730999
vt 0.181184 0.843125
vt 0.177555 0.843244
vt 0.199917 0.839658
vt 0.212597 0.900439
vt 0.200747 0.885750
vt 0.212597 0.873754
vt 0.207221 0.835960
vt 0.200888 0.819438
vt 0.187945 0.806982
vt 0.399498 0.752898
vt 0.405782 0.746895
vt 0.415445 0.759940
vt 0.390014 0.744674
vt 0.418923 0.751832
vt 0.376706 0.746346
vt 0.212598 0.852866
vt 0.374717 0.753978
vt 0.190159 0.800590
vt 0.370820 0.747928
vt 0.366908 0.750715
vt 0.371380 0.758368
vt 0.365509 0.755387
vt 0.382776 0.752836
vt 0.377887 0.757607
vt 0.589539 0.714167
vt 0.365509 0.810131
vt 0.614581 0.659822
vt 0.374832 0.821795
vt 0.383423 0.837693
vt 0.610233 0.645468
vt 0.390860 0.857712
vt 0.373382 0.865022
vt 0.593977 0.712598
vt 0.633179 0.624344
vt 0.395307 0.892681
vt 0.366094 0.894212
vt 0.382026 0.929903
vt 0.376013 0.942603
vt 0.367808 0.940509
vt 0.402805 0.896584
vt 0.387763 0.932959
vt 0.370155 0.960903
vt 0.380739 0.950053
vt 0.373465 0.967128
vt 0.377994 0.967703
vt 0.385588 0.960882
vt 0.402166 0.942150
vt 0.311267 0.762951
vt 0.307241 0.744674
vt 0.543853 0.395311
vt 0.516414 0.348210
vt 0.567939 0.382372
vt 0.538388 0.324670
vt 0.566557 0.336305
vt 0.723011 0.820955
vt 0.571215 0.430709
vt 0.710441 0.813484
vt 0.735535 0.844729
vt 0.574675 0.933045
vt 0.574675 0.892298
vt 0.575473 0.892920
vt 0.733260 0.780999
vt 0.265444 0.708198
vt 0.266909 0.704951
vt 0.266909 0.709112
vt 0.963059 0.033843
vt 0.954385 0.032890
vt 0.967460 0.029816
vt 0.943459 0.711971
vt 0.928843 0.713106
vt 0.009864 0.352355
vt 0.928877 0.716388
vt 0.954668 0.720980
vt 0.003832 0.345750
vt 0.004925 0.341954
vt 0.927718 0.720076
vt 0.941094 0.757975
vt 0.925322 0.758008
vt 0.132519 0.800590
vt 0.096328 0.817806
vt 0.088990 0.819102
vt 0.087689 0.820494
vt 0.087426 0.830464
vt 0.095042 0.831515
vt 0.086823 0.844918
vt 0.955158 0.760389
vt 0.095509 0.844926
vt 0.965539 0.726950
vt 0.721332 0.782344
vt 0.949842 0.712164
vt 0.961033 0.716487
vt 0.968924 0.724688
vt 0.711264 0.784436
vt 0.131707 0.824471
vt 0.132519 0.836861
vt 0.975676 0.743061
vt 0.696968 0.790638
vt 0.594484 0.436721
vt 0.597641 0.439122
vt 0.591891 0.452803
vt 0.971785 0.742471
vt 0.621282 0.914153
vt 0.629978 0.866926
vt 0.629802 0.916109
vt 0.631276 0.946932
vt 0.622198 0.945156
vt 0.591849 0.858783
vt 0.621067 0.867174
vt 0.593689 0.911300
vt 0.633180 0.962717
vt 0.588095 0.887715
vt 0.591191 0.809392
vt 0.586738 0.811061
vt 0.944945 0.350887
vt 0.947982 0.352006
vt 0.940151 0.411202
vt 0.942811 0.416346
vt 0.388445 0.050742
vt 0.439447 0.117603
vt 0.408608 0.082188
vt 0.445792 0.132150
vt 0.388667 0.178522
vt 0.438702 0.216922
vt 0.467101 0.161674
vt 0.940513 0.304572
vt 0.591257 0.942524
vt 0.943304 0.301130
vt 0.947676 0.308576
vt 0.595989 0.943890
vt 0.624293 0.964144
vt 0.627393 0.973165
vt 0.780706 0.937805
vt 0.768507 0.947072
vt 0.774759 0.931909
vt 0.784227 0.924153
vt 0.746954 0.916474
vt 0.768507 0.925246
vt 0.751793 0.930150
vt 0.600049 0.964432
vt 0.743972 0.899540
vt 0.595345 0.964556
vt 0.763168 0.898958
vt 0.930180 0.282201
vt 0.934923 0.282388
vt 0.798516 0.939348
vt 0.808217 0.919078
vt 0.802196 0.941545
vt 0.803500 0.918385
vt 0.907962 0.256146
vt 0.910331 0.262219
vt 0.919396 0.261817
vt 0.363501 0.024751
vt 0.364789 0.021134
vt 0.934796 0.443686
vt 0.930937 0.443862
vt 0.588979 0.765213
vt 0.592354 0.777491
vt 0.925333 0.455678
vt 0.091704 0.887152
vt 0.089210 0.899551
vt 0.086823 0.886979
vt 0.099456 0.871075
vt 0.146555 0.800590
vt 0.141779 0.805863
vt 0.132560 0.809501
vt 0.608197 0.204825
vt 0.656539 0.282606
vt 0.608214 0.244976
vt 0.665857 0.260938
vt 0.578143 0.205562
vt 0.628459 0.194224
vt 0.553910 0.151146
vt 0.572016 0.290699
vt 0.524007 0.235990
vt 0.528951 0.147292
vt 0.486195 0.224717
vt 0.493665 0.280118
vt 0.696968 0.957003
vt 0.219435 0.395528
vt 0.475704 0.168614
vt 0.446217 0.255321
vt 0.486196 0.186007
vt 0.417700 0.261816
vt 0.463065 0.258649
vt 0.942121 0.208699
vt 0.403905 0.319156
vt 0.378393 0.327605
vt 0.384649 0.385820
vt 0.402879 0.380395
vt 0.399193 0.405289
vt 0.393003 0.430112
vt 0.394026 0.448790
vt 0.420474 0.422963
vt 0.437695 0.458718
vt 0.501443 0.740582
vt 0.529505 0.735862
vt 0.584491 0.692730
vt 0.531057 0.743375
vt 0.565112 0.002530
vt 0.530568 -0.000000
vt 0.503964 0.748430
vt 0.226540 0.722692
vt 0.225026 0.712450
vt 0.239846 0.704990
vt 0.212598 0.697938
vt 0.234651 0.695553
vt 0.245787 0.684012
vt 0.487679 0.745816
vt 0.250855 0.683118
vt 0.486195 0.739070
vt 0.274751 0.013302
vt 0.279685 0.031137
vt 0.983760 0.786926
vt 0.992241 0.865024
vt 0.980433 0.785888
vt 0.995088 0.863577
vt 0.438222 0.739856
vt 0.443159 0.676815
vt 0.443731 0.699660
vt 0.468875 0.732148
vt 0.473443 0.692215
vt 0.477207 0.728864
vt 0.481005 0.689858
vt 0.476671 0.650986
vt 0.484088 0.646839
vt 0.486195 0.617308
vt 0.478301 0.621346
vt 0.448753 0.653224
vt 0.486194 0.597898
vt 0.194515 0.873754
vt 0.198475 0.903108
vt 0.194515 0.928516
vt 0.635839 0.324738
vt 0.634242 0.339349
vt 0.615332 0.378396
vt 0.648635 0.292153
vt 0.990304 0.923626
vt 0.571221 0.944429
vt 0.571221 0.892298
vt 0.574676 0.920431
vt 0.993116 0.927885
vt 0.478219 0.930589
vt 0.475108 0.897673
vt 0.478219 0.895290
vt 0.451478 0.621448
vt 0.985317 0.950149
vt 0.607578 0.409889
vt 0.985694 0.779653
vt 0.475108 0.927771
vt 0.471503 0.902570
vt 0.475108 0.895289
vt 0.130675 0.849997
vt 0.086973 0.855421
vt 0.143413 0.913995
vt 0.149322 0.871393
vt 0.149322 0.923366
vt 0.116015 0.895605
vt 0.108816 0.895158
vt 0.108816 0.855421
vt 0.119883 0.886784
vt 0.132519 0.886912
vt 0.129962 0.895857
vt 0.130864 0.855914
vt 0.972854 0.754767
vt 0.876646 0.234940
vt 0.920020 0.130742
vt 0.933545 0.133679
vt 0.172084 0.961658
vt 0.170936 0.959658
vt 0.167753 0.800590
vt 0.812739 0.892226
vt 0.252771 0.514131
vt 0.254258 0.555429
vt 0.252771 0.567394
vt 0.915799 0.049605
vt 0.924852 0.054155
vt 0.908177 0.086062
vt 0.919078 0.100001
vt 0.467750 0.910689
vt 0.463032 0.934568
vt 0.465948 0.909453
vt 0.922533 0.029815
vt 0.933280 0.053183
vt 0.463032 0.895289
vt 0.936796 0.030228
vt 0.145190 0.767930
vt 0.129467 0.745532
vt 0.135921 0.742413
vt 0.889048 0.016915
vt 0.878947 0.025903
vt 0.875857 0.009255
vt 0.889048 -0.000000
vt 0.117600 0.746200
vt 0.147692 0.788494
vt 0.156724 0.779016
vt 0.170227 0.786116
vt 0.184025 0.784871
vt 0.196559 0.774923
vt 0.193851 0.764805
vt 0.725390 0.028733
vt 0.728718 0.010453
vt 0.717731 0.123214
vt 0.718866 0.021230
vt 0.212598 0.766394
vt 0.208768 0.757730
vt 0.199578 0.784087
vt 0.721760 0.002522
vt 0.181210 0.795490
vt 0.471355 0.740375
vt 0.465113 0.755782
vt 0.472338 0.756021
vt 0.150295 0.800230
vt 0.459671 0.784946
vt 0.466811 0.784293
vt 0.476152 0.775074
vt 0.151841 0.800713
vt 0.138924 0.858538
vt 0.151912 0.857350
vt 0.627123 0.779974
vt 0.589252 0.748430
vt 0.633180 0.792206
vt 0.145508 0.866595
vt 0.132519 0.871393
vt 0.167418 0.856873
vt 0.632367 0.799474
vt 0.622778 0.800623
vt 0.621615 0.817472
vt 0.631270 0.818257
vt 0.167753 0.867054
vt 0.586739 0.810251
vt 0.584859 0.799935
vt 0.586739 0.748430
vt 0.167753 0.805272
vt 0.166313 0.801686
vt 0.265160 0.637129
vt 0.262552 0.634660
vt 0.265160 0.631704
vt 0.115197 0.895858
vt 0.115197 0.910524
vt 0.111762 0.896282
vt 0.111609 0.911061
vt 0.263110 0.631284
vt 0.752861 0.452898
vt 0.108816 0.902445
vt 0.452529 0.832093
vt 0.089075 0.766837
vt 0.069211 0.721399
vt 0.200703 0.900274
vt 0.198475 0.931468
vt 0.198475 0.873754
vt 0.102867 0.703651
vt 0.109579 0.695785
vt 0.926727 0.103665
vt 0.055727 0.670330
vt 0.096989 0.685425
vt 0.644546 0.907705
vt 0.646940 0.882498
vt 0.646940 0.916991
vt 0.104700 0.685434
vt 0.057039 0.817023
vt 0.054620 0.861127
vt 0.053036 0.816585
vt 0.053793 0.809982
vt 0.058037 0.809374
vt 0.033478 0.800590
vt 0.443243 0.371348
vt 0.452547 0.345038
vt 0.459064 0.344739
vt 0.454463 0.377469
vt 0.473067 0.353081
vt 0.423994 0.381512
vt 0.430433 0.402164
vt 0.414299 0.405832
vt 0.418241 0.366641
vt 0.431305 0.353667
vt 0.422956 0.320542
vt 0.448521 0.338336
vt 0.930221 0.124640
vt 0.947982 0.111552
vt 0.932766 0.118521
vt 0.928924 0.115003
vt 0.923171 0.119391
vt 0.875857 0.238708
vt 0.167753 0.964320
vt 0.564464 0.627529
vt 0.555156 0.639006
vt 0.569759 0.633376
vt 0.566132 0.617318
vt 0.254259 0.709172
vt 0.263089 0.709172
vt 0.609077 0.105774
vt 0.614918 0.115888
vt 0.606029 0.112310
vt 0.604720 0.122046
vt 0.579974 0.105773
vt 0.606811 0.106127
vt 0.573149 0.144719
vt 0.675636 0.236747
vt 0.682773 0.228591
vt 0.969488 0.972069
vt 0.958717 0.979081
vt 0.980667 0.950185
vt 0.447837 0.624894
vt 0.448874 0.597040
vt 0.452409 0.594940
vt 0.478240 0.598257
vt 0.478342 0.583513
vt 0.485158 0.576412
vt 0.477272 0.566807
vt 0.447877 0.568352
vt 0.960944 0.971975
vt 0.451547 0.568843
vt 0.445719 0.534389
vt 0.926866 0.991697
vt 0.926700 0.999602
vt 0.925322 1.000000
vt 0.925431 0.994475
vt 0.696967 0.201577
vt 0.543673 0.642033
vt 0.594032 0.507397
vt 0.595928 0.506247
vt 0.546624 0.631149
vt 0.600617 0.072386
vt 0.536773 0.678212
vt 0.545320 0.683175
vt 0.515596 0.698232
s 1
usemtl Meshpart7Mtl.002
f 1/1/1 2/2/2 3/3/3
f 3/3/4 20/4/5 1/1/6
f 46/5/7 20/4/8 3/3/9
f 4/6/10 20/4/11 46/5/12
f 46/5/13 23/7/14 4/6/15
f 47/8/16 23/7/17 46/5/18
f 5/9/19 23/7/20 47/8/21
f 6/10/22 23/7/23 5/9/24
f 26/11/25 36/12/26 27/13/27
f 398/14/28 7/15/29 51/16/30
f 51/16/31 7/15/32 31/17/33
f 400/18/34 29/19/35 51/20/36
f 51/20/37 29/19/38 398/21/39
f 29/19/40 400/18/41 8/22/42
f 8/22/43 30/23/44 29/19/45
f 30/23/46 8/22/47 2/2/48
f 2/2/49 1/1/50 30/23/51
f 9/24/52 10/25/53 11/26/54
f 13/27/55 12/28/56 9/29/57
f 12/28/58 13/27/59 14/30/60
f 14/30/61 15/31/62 12/28/63
f 16/32/64 15/31/65 14/30/66
f 17/33/67 15/31/68 16/32/69
f 18/34/70 15/31/71 17/33/72
f 35/35/73 15/31/74 18/34/75
f 481/36/76 35/35/77 18/34/78
f 35/35/79 481/36/80 483/37/81
f 1/38/82 20/39/83 19/40/84
f 21/41/85 20/4/86 4/6/87
f 22/42/88 21/43/89 4/44/90
f 4/44/91 23/45/92 22/42/93
f 6/10/94 24/46/95 23/7/96
f 6/47/97 25/48/98 24/49/99
f 532/50/100 25/48/101 6/47/102
f 39/51/103 26/52/104 27/53/105
f 474/54/106 28/55/107 39/56/108
f 474/54/109 40/57/110 28/55/111
f 10/25/112 40/58/113 11/26/114
f 7/59/115 398/60/116 41/61/117
f 398/21/118 29/19/119 397/62/120
f 397/62/121 29/19/122 30/23/123
f 1/1/124 19/63/125 30/23/126
f 492/64/127 32/65/128 10/66/129
f 9/67/130 492/68/131 10/69/132
f 33/70/133 492/68/134 9/67/135
f 9/67/136 43/71/137 33/70/138
f 12/72/139 43/71/140 9/67/141
f 15/73/142 43/71/143 12/72/144
f 44/74/145 43/71/146 15/73/147
f 15/73/148 34/75/149 44/74/150
f 35/76/151 34/75/152 15/73/153
f 39/77/154 38/78/155 26/79/156
f 26/79/157 38/78/158 36/80/159
f 37/81/160 38/78/161 28/82/162
f 28/82/163 38/78/164 39/77/165
f 50/83/166 37/81/167 28/82/168
f 40/84/169 50/83/170 28/82/171
f 32/65/172 50/83/173 40/84/174
f 10/66/175 32/65/176 40/84/177
f 7/15/178 41/85/179 31/17/180
f 492/86/181 33/87/182 42/88/183
f 33/89/184 43/90/185 42/91/186
f 42/92/187 43/93/188 44/94/189
f 2/95/190 45/96/191 3/97/192
f 47/98/193 48/99/194 5/100/195
f 48/99/196 415/101/197 5/100/198
f 5/100/199 415/101/200 49/102/201
f 2/95/202 8/103/203 52/104/204
f 52/104/205 45/96/206 2/95/207
f 34/75/208 35/76/209 53/105/210
f 53/105/211 35/76/212 483/106/213
f 49/107/214 6/10/215 5/9/216
f 532/108/217 6/10/218 49/107/219
f 54/109/220 18/110/221 55/111/222
f 55/111/223 18/110/224 56/112/225
f 57/113/226 54/109/227 55/111/228
f 56/112/229 18/110/230 58/114/231
f 56/112/232 58/114/233 59/115/234
f 58/114/235 60/116/236 59/115/237
f 61/117/238 54/109/239 57/113/240
f 62/118/241 59/115/242 60/116/243
f 63/119/244 61/117/245 57/113/246
f 64/120/247 61/117/248 63/119/249
f 65/121/250 64/122/251 63/123/252
f 66/124/253 64/122/254 65/121/255
f 67/125/256 66/124/257 65/121/258
f 68/126/259 66/124/260 67/125/261
f 69/127/262 68/126/263 67/125/264
f 70/128/265 68/126/266 69/127/267
f 71/129/268 68/126/269 70/128/270
f 71/130/271 70/131/272 72/132/273
f 72/132/274 70/131/275 73/133/276
f 74/134/277 75/135/278 76/136/279
f 74/134/280 76/136/281 77/137/282
f 449/138/283 78/139/284 75/135/285
f 75/135/286 78/139/287 76/136/288
f 450/140/289 78/141/290 449/142/291
f 79/143/292 450/144/293 453/145/294
f 80/146/295 78/141/296 450/140/297
f 450/140/298 79/147/299 80/146/300
f 455/148/301 79/143/302 453/145/303
f 81/149/304 79/143/305 455/148/306
f 79/147/307 81/150/308 80/146/309
f 80/146/310 81/150/311 82/151/312
f 81/149/313 455/148/314 83/152/315
f 83/152/316 455/148/317 84/153/318
f 83/154/319 85/155/320 81/150/321
f 82/151/322 81/150/323 85/155/324
f 86/156/325 83/152/326 84/153/327
f 87/157/328 83/152/329 86/156/330
f 87/158/331 85/155/332 83/154/333
f 88/159/334 85/155/335 87/158/336
f 460/160/337 87/157/338 86/156/339
f 88/159/340 87/158/341 89/161/342
f 90/162/343 87/157/344 460/160/345
f 89/161/346 87/158/347 90/163/348
f 90/162/349 460/160/350 462/164/351
f 90/163/352 462/165/353 89/161/354
f 464/166/355 91/167/356 462/165/357
f 92/168/358 89/161/359 462/165/360
f 462/165/361 91/167/362 92/168/363
f 467/169/364 91/170/365 464/171/366
f 93/172/367 92/168/368 91/167/369
f 91/167/370 467/173/371 94/174/372
f 93/172/373 91/167/374 94/174/375
f 95/175/376 96/176/377 467/173/378
f 96/176/379 94/174/380 467/173/381
f 95/177/382 668/178/383 97/179/384
f 95/180/385 97/181/386 96/182/387
f 96/182/388 97/181/389 98/183/390
f 96/182/391 98/183/392 99/184/393
f 94/174/394 96/176/395 99/185/396
f 99/184/397 98/183/398 100/186/399
f 100/186/400 98/183/401 274/187/402
f 100/186/403 274/187/404 279/188/405
f 101/189/406 94/174/407 99/185/408
f 94/174/409 101/189/410 93/172/411
f 99/184/412 100/186/413 102/190/414
f 102/191/415 101/189/416 99/185/417
f 100/192/418 279/193/419 103/194/420
f 102/190/421 100/186/422 103/195/423
f 104/196/424 105/197/425 88/159/426
f 104/196/427 106/198/428 105/197/429
f 88/159/430 89/161/431 107/199/432
f 88/159/433 107/199/434 104/196/435
f 106/198/436 109/200/437 108/201/438
f 89/161/359 92/168/358 107/199/439
f 110/202/440 109/200/441 106/198/442
f 111/203/443 109/200/441 110/202/440
f 112/204/444 110/202/445 106/198/446
f 112/204/447 106/198/448 104/196/449
f 110/202/450 112/204/451 111/203/452
f 111/203/453 112/204/454 113/205/455
f 104/196/456 114/206/457 112/204/458
f 114/206/459 104/196/460 107/199/461
f 112/204/462 115/207/463 113/205/464
f 115/207/465 112/204/466 114/206/467
f 113/205/464 115/207/463 101/189/468
f 92/168/469 114/206/470 107/199/471
f 114/206/472 92/168/473 115/207/474
f 774/208/475 117/209/476 116/210/477
f 118/211/478 117/209/479 774/208/480
f 116/212/481 120/213/482 119/214/483
f 117/215/484 120/213/485 116/212/486
f 119/216/487 120/217/488 782/218/489
f 784/219/490 782/218/491 121/220/492
f 782/218/493 120/217/494 122/221/495
f 782/218/496 122/221/497 121/220/498
f 121/220/499 786/222/500 784/219/501
f 123/223/502 786/222/503 121/220/504
f 118/224/505 124/225/506 117/215/507
f 117/215/508 125/226/509 120/213/510
f 124/225/511 125/226/512 117/215/513
f 118/224/514 126/227/515 124/225/516
f 127/228/517 126/227/518 118/224/519
f 126/227/520 128/229/521 124/225/522
f 124/225/511 128/229/523 125/226/512
f 129/230/524 126/227/525 127/228/526
f 120/213/527 125/226/528 130/231/529
f 122/221/530 120/217/531 130/232/532
f 125/226/533 128/229/534 131/233/535
f 130/231/536 125/226/533 131/233/535
f 122/221/537 123/223/538 121/220/539
f 132/234/540 123/223/541 122/221/542
f 130/232/543 132/234/544 122/221/545
f 132/234/546 133/235/547 123/223/548
f 134/236/549 786/222/550 123/223/551
f 134/236/552 123/223/553 133/235/554
f 787/237/555 786/222/556 134/236/557
f 134/236/558 541/238/559 787/237/560
f 541/238/561 134/236/562 135/239/563
f 133/235/564 135/239/565 134/236/566
f 541/238/567 136/240/568 384/241/569
f 135/239/570 137/242/571 541/238/572
f 136/240/573 541/238/574 137/242/575
f 386/243/576 384/241/577 136/240/578
f 138/244/579 386/243/580 136/240/581
f 136/240/582 137/242/583 138/244/584
f 139/245/585 386/243/586 138/244/587
f 390/246/588 386/243/589 139/245/590
f 140/247/591 138/244/592 137/242/593
f 138/244/594 140/247/595 139/245/596
f 390/246/597 139/245/598 141/248/599
f 142/249/600 139/245/601 140/247/602
f 139/245/603 143/250/604 141/248/605
f 142/249/606 143/250/607 139/245/608
f 144/251/609 141/248/610 145/252/611
f 145/252/612 141/248/613 143/250/614
f 146/253/615 802/254/616 144/255/617
f 145/256/618 146/257/619 144/258/620
f 147/259/621 146/257/622 145/256/623
f 148/260/624 145/256/625 143/261/626
f 148/260/627 147/259/628 145/256/629
f 149/262/630 147/259/631 148/260/632
f 262/263/633 147/264/634 149/265/635
f 266/266/636 262/263/637 149/265/638
f 150/267/639 148/268/640 143/250/641
f 142/249/642 150/267/643 143/250/644
f 151/269/645 149/262/646 148/260/647
f 150/270/648 151/271/649 148/272/650
f 152/273/651 266/266/652 149/265/653
f 152/274/654 149/262/655 151/269/656
f 153/275/657 150/267/658 142/249/659
f 140/247/660 153/275/661 142/249/662
f 154/276/663 266/266/664 152/273/665
f 155/277/666 154/276/667 152/273/668
f 156/278/669 155/277/670 152/273/671
f 151/269/672 156/279/673 152/274/674
f 157/280/675 151/271/676 150/270/677
f 241/281/678 155/277/679 156/278/680
f 158/282/681 156/279/682 151/269/683
f 159/283/684 241/281/685 156/278/686
f 160/284/687 241/281/688 159/283/689
f 156/278/690 158/285/691 159/283/692
f 159/286/693 161/287/694 160/288/695
f 159/289/696 158/290/697 182/291/698
f 162/292/699 158/290/700 151/271/701
f 151/271/702 157/280/703 162/292/704
f 158/290/705 162/292/706 163/293/707
f 158/290/708 163/293/709 182/291/710
f 162/292/711 164/294/712 163/293/713
f 162/292/714 165/295/715 164/294/716
f 157/296/717 166/297/718 162/298/719
f 162/298/720 166/297/721 165/299/722
f 157/296/723 153/275/724 166/297/725
f 150/267/726 153/275/724 157/296/723
f 167/300/727 166/297/728 153/275/729
f 153/275/730 140/247/731 167/300/732
f 167/300/733 140/247/734 168/301/735
f 137/242/736 168/301/737 140/247/738
f 168/301/739 169/302/740 167/300/741
f 166/297/742 167/300/743 169/302/744
f 137/242/745 135/239/746 168/301/747
f 135/239/748 169/302/749 168/301/750
f 166/297/751 169/302/752 170/303/753
f 170/303/754 165/299/755 166/297/756
f 165/299/715 170/303/757 164/304/716
f 135/239/758 171/305/759 169/302/760
f 171/305/761 170/303/762 169/302/763
f 133/235/764 171/305/765 135/239/766
f 171/305/767 172/306/768 170/303/769
f 164/304/770 170/303/771 173/307/772
f 172/306/773 173/307/774 170/303/775
f 133/235/776 174/308/777 171/305/778
f 132/234/779 174/308/777 133/235/776
f 174/308/780 132/234/781 130/232/782
f 174/308/783 172/306/784 171/305/785
f 131/309/786 174/308/787 130/232/788
f 174/308/783 175/310/789 172/306/784
f 131/309/790 175/310/791 174/308/792
f 131/233/535 128/229/534 175/311/793
f 175/310/789 176/312/794 172/306/784
f 172/306/784 176/312/794 173/307/795
f 177/313/796 175/311/793 128/229/534
f 176/314/797 175/311/793 177/313/796
f 177/313/798 128/229/799 126/227/800
f 176/314/801 178/315/802 173/316/803
f 173/316/803 178/315/802 164/294/804
f 177/313/805 179/317/806 176/314/807
f 176/314/808 179/317/809 178/315/810
f 126/227/811 179/317/812 177/313/813
f 179/317/814 126/227/815 129/230/816
f 291/318/817 179/317/818 129/230/819
f 180/319/820 179/317/821 291/318/822
f 180/319/823 178/315/824 179/317/825
f 181/320/826 180/319/827 291/318/828
f 289/321/829 181/322/830 291/323/831
f 182/291/832 178/315/833 180/319/834
f 181/320/835 182/291/836 180/319/837
f 183/324/838 181/322/839 289/321/840
f 289/325/841 161/287/842 183/326/843
f 183/326/844 161/287/845 159/286/846
f 183/324/847 182/327/848 181/322/849
f 159/328/850 182/327/851 183/324/852
f 163/293/853 178/315/854 182/291/855
f 163/293/856 164/294/857 178/315/858
f 93/172/859 101/189/860 115/207/861
f 93/172/862 115/207/863 92/168/864
f 103/329/865 279/330/866 283/331/867
f 113/205/868 101/189/869 102/191/870
f 103/332/871 283/333/872 286/334/873
f 103/332/874 286/334/875 184/335/876
f 184/336/877 102/190/878 103/195/879
f 185/337/880 102/190/881 184/336/882
f 184/335/883 286/334/884 186/338/885
f 102/191/886 185/339/887 111/203/888
f 111/203/889 113/205/890 102/191/891
f 184/335/892 186/338/893 187/340/894
f 187/340/895 186/338/896 216/341/897
f 187/342/898 185/337/899 184/336/900
f 220/343/901 187/340/902 216/341/903
f 188/344/904 185/337/905 187/342/906
f 189/345/907 111/203/908 185/339/909
f 188/344/910 189/346/911 185/337/912
f 111/203/913 189/345/914 109/200/915
f 190/347/916 187/340/917 220/343/918
f 190/348/919 188/344/920 187/342/921
f 191/349/922 188/344/923 190/348/924
f 190/350/925 220/351/926 192/352/927
f 192/353/928 191/349/929 190/348/930
f 193/354/931 191/349/932 192/353/933
f 194/355/934 188/356/935 191/357/936
f 193/358/937 194/359/938 191/360/939
f 189/345/940 188/356/941 195/361/942
f 193/358/943 196/362/944 194/359/945
f 197/363/946 196/362/947 193/358/948
f 194/355/949 195/361/950 188/356/951
f 196/364/952 195/361/953 194/355/954
f 195/361/955 109/200/956 189/345/957
f 197/363/958 198/365/959 196/362/960
f 199/366/961 198/365/962 197/363/963
f 198/365/964 200/367/965 196/362/966
f 77/137/967 198/365/968 199/366/969
f 198/365/970 201/368/971 200/367/972
f 202/369/973 198/365/974 77/137/975
f 202/369/976 201/368/977 198/365/978
f 76/136/979 202/369/980 77/137/981
f 76/136/982 203/370/983 202/369/984
f 203/370/983 201/368/985 202/369/984
f 78/139/986 203/370/987 76/136/988
f 204/371/989 203/372/990 78/141/991
f 204/371/992 78/141/993 80/146/994
f 205/373/995 203/372/996 204/371/997
f 203/372/998 205/373/999 201/374/1000
f 80/146/1001 82/151/1002 204/371/1003
f 201/374/1000 205/373/999 206/375/1004
f 201/374/1000 206/375/1004 200/376/1005
f 204/371/1006 82/151/1007 207/377/1008
f 204/371/1009 207/377/1010 205/373/1011
f 85/155/1012 207/377/1013 82/151/1014
f 200/376/1015 206/375/1016 208/378/1017
f 200/376/1018 208/378/1019 196/364/1020
f 196/364/1021 208/378/1022 195/361/1023
f 207/377/1024 206/375/1025 205/373/1026
f 209/379/1027 208/378/1028 206/375/1029
f 209/379/1027 206/375/1029 207/377/1030
f 108/201/1031 195/361/1032 208/378/1033
f 108/201/1034 208/378/1028 209/379/1027
f 109/200/1035 195/361/1032 108/201/1031
f 105/197/1036 207/377/1013 85/155/1012
f 88/159/1037 105/197/1038 85/155/1039
f 105/197/1040 209/379/1041 207/377/1042
f 106/198/1043 209/379/1044 105/197/1045
f 106/198/1046 108/201/1047 209/379/1048
f 210/380/1049 211/381/1050 212/382/1051
f 212/382/1052 213/383/1053 210/380/1054
f 210/380/1055 213/383/1056 214/384/1057
f 213/383/1058 215/385/1059 214/384/1060
f 210/380/1061 214/384/1062 186/338/1063
f 186/338/1064 214/384/1065 216/341/1066
f 215/385/1067 217/386/1068 214/384/1069
f 214/384/1070 217/386/1071 218/387/1072
f 217/386/1071 219/388/1073 218/387/1072
f 214/384/1074 218/387/1075 216/341/1076
f 216/341/1077 218/387/1078 220/343/1079
f 218/387/1072 219/388/1073 221/389/1080
f 219/388/1081 222/390/1082 221/389/1083
f 218/387/1084 221/389/1085 220/343/1086
f 220/343/1087 221/389/1088 192/391/1089
f 221/389/1090 222/390/1091 223/392/1092
f 222/393/1093 224/394/1094 223/395/1095
f 192/396/1096 221/397/1097 223/395/1098
f 192/396/1099 223/395/1100 304/398/1101
f 304/398/1102 223/395/1103 225/399/1104
f 223/395/1105 224/394/1106 225/399/1107
f 225/399/1108 226/400/1109 304/398/1110
f 304/398/1110 226/400/1109 227/401/1111
f 225/399/1112 224/394/1113 226/400/1114
f 226/400/1115 224/394/1116 228/402/1117
f 226/400/1118 228/402/1119 229/403/1120
f 226/404/1121 230/405/1122 227/406/1123
f 227/406/1124 230/405/1125 231/407/1126
f 226/404/1127 229/408/1128 230/405/1129
f 230/405/1130 229/408/1131 232/409/1132
f 230/405/1133 232/409/1134 233/410/1135
f 233/410/1136 232/409/1137 234/411/1138
f 230/405/1139 233/410/1140 231/407/1141
f 236/412/1142 235/413/1143 237/414/1144
f 235/415/1145 238/416/1146 237/417/1147
f 239/418/1148 238/416/1149 235/415/1150
f 239/418/1151 240/419/1152 238/416/1153
f 241/420/1154 239/418/1155 235/415/1156
f 160/288/1157 239/418/1158 241/420/1159
f 239/418/1160 242/421/1161 240/419/1162
f 243/422/1163 242/421/1164 239/418/1165
f 243/422/1166 244/423/1167 242/421/1168
f 160/288/1169 243/422/1170 239/418/1171
f 161/287/1172 243/422/1173 160/288/1174
f 245/424/1175 244/423/1167 243/422/1166
f 245/424/1176 246/425/1177 244/423/1178
f 161/287/1179 245/424/1180 243/422/1181
f 247/426/1182 246/425/1177 245/424/1176
f 161/287/1183 289/325/1184 245/424/1185
f 247/427/1186 248/428/1187 246/429/1188
f 245/424/1189 289/325/1190 247/426/1191
f 289/430/1192 249/431/1193 247/427/1194
f 247/432/1195 249/433/1196 250/434/1197
f 250/435/1198 248/428/1199 247/427/1200
f 249/431/1201 251/436/1202 250/435/1203
f 252/437/1204 251/436/1202 249/431/1201
f 250/435/1205 251/436/1206 248/428/1207
f 248/428/1208 251/436/1209 253/438/1210
f 253/438/1211 251/436/1212 254/439/1213
f 252/437/1214 255/440/1215 251/436/1216
f 256/441/1217 255/442/1218 252/443/1219
f 251/436/1220 255/440/1221 254/439/1222
f 254/439/1223 255/440/1224 257/444/1225
f 255/440/1224 258/445/1226 257/444/1225
f 257/444/1227 258/445/1228 259/446/1229
f 256/441/1217 258/447/1230 255/442/1218
f 260/448/1231 258/447/1230 256/441/1217
f 146/449/1232 261/450/1233 802/451/1234
f 147/264/1235 261/450/1236 146/449/1237
f 263/452/1238 261/450/1239 147/264/1240
f 262/263/1241 263/452/1242 147/264/1243
f 264/453/1244 263/452/1245 262/263/1246
f 264/453/1247 262/263/1248 265/454/1249
f 262/263/1250 266/266/1251 265/454/1252
f 265/454/1253 266/266/1254 267/455/1255
f 267/455/1256 266/266/1257 269/456/1258
f 266/457/1259 154/458/1260 269/459/1261
f 269/456/1262 268/460/1263 267/455/1264
f 268/460/1265 269/456/1266 270/461/1267
f 269/459/1268 154/458/1269 271/462/1270
f 154/458/1271 155/463/1272 271/462/1273
f 269/456/1274 271/464/1275 270/461/1276
f 270/461/1277 271/464/1278 272/465/1279
f 271/462/1280 155/463/1281 235/415/1282
f 155/463/1283 241/420/1284 235/415/1285
f 271/462/1286 235/415/1287 272/466/1288
f 272/466/1289 235/415/1290 236/467/1291
f 97/468/1292 668/469/1293 273/470/1294
f 97/471/1295 273/472/1296 98/473/1297
f 98/474/1298 273/475/1299 276/476/1300
f 98/477/1301 276/478/1302 274/479/1303
f 275/480/1304 276/476/1305 273/475/1306
f 274/479/1307 276/478/1308 277/481/1309
f 274/479/1310 277/481/1311 278/482/1312
f 274/479/1313 278/482/1314 279/483/1315
f 279/483/1316 278/482/1317 280/484/1318
f 279/483/1319 280/484/1320 282/485/1321
f 279/483/1322 282/485/1323 283/333/1324
f 280/484/1325 281/486/1326 282/485/1327
f 282/485/1328 281/486/1329 284/487/1330
f 283/333/1331 282/485/1332 285/488/1333
f 283/333/1334 285/488/1335 286/334/1336
f 282/485/1337 284/487/1338 285/488/1339
f 285/488/1340 284/487/1341 287/489/1342
f 286/334/1343 285/488/1344 210/380/1345
f 286/334/1346 210/380/1347 186/338/1348
f 285/488/1349 287/489/1350 210/380/1351
f 210/380/1352 287/489/1353 211/381/1354
f 249/431/1355 289/430/1356 288/490/1357
f 290/491/1358 249/431/1359 288/490/1360
f 252/437/1361 249/431/1362 290/491/1363
f 288/492/1364 289/321/1365 291/323/1366
f 290/493/1367 288/492/1368 292/494/1369
f 288/492/1370 291/323/1371 293/495/1372
f 293/495/1373 292/494/1374 288/492/1375
f 291/318/1376 129/230/1377 293/496/1378
f 252/437/1379 290/491/1380 256/497/1381
f 127/228/1382 293/496/1383 129/230/1384
f 294/498/1385 293/495/1386 127/499/1387
f 828/500/1388 256/497/1389 290/491/1390
f 260/501/1391 256/497/1392 828/500/1393
f 828/500/1394 290/491/1395 295/502/1396
f 296/503/1397 828/504/1398 295/505/1399
f 290/493/1400 292/494/1401 295/506/1402
f 292/494/1403 297/507/1404 295/506/1405
f 296/508/1406 295/506/1407 298/509/1408
f 297/507/1409 298/509/1410 295/506/1411
f 292/494/1412 299/510/1413 297/507/1414
f 292/494/1415 293/495/1416 299/510/1417
f 299/510/1418 293/495/1419 294/498/1420
f 127/511/1421 300/512/1422 294/513/1423
f 299/510/1424 294/498/1425 300/514/1426
f 118/211/1427 300/512/1428 127/511/1429
f 297/507/1430 299/510/1431 301/515/1432
f 300/514/1433 301/515/1434 299/510/1435
f 301/515/1436 298/509/1437 297/507/1438
f 301/516/1439 302/517/1440 298/518/1441
f 301/515/1442 300/514/1443 302/519/1444
f 300/512/1445 118/211/1446 302/520/1447
f 302/520/1448 118/211/1449 774/208/1450
f 303/521/1451 192/396/1452 304/398/1453
f 192/353/1454 303/522/1455 193/354/1456
f 303/521/1457 304/398/1458 305/523/1459
f 305/523/1460 304/398/1461 227/401/1462
f 306/524/1463 303/522/1464 305/525/1465
f 307/526/1466 193/354/1467 303/522/1468
f 306/524/1469 307/526/1470 303/522/1471
f 307/527/1472 197/363/1473 193/358/1474
f 197/363/1475 307/527/1476 199/366/1477
f 199/366/1478 307/527/1479 308/528/1480
f 231/529/1481 305/530/1482 227/531/1483
f 305/532/1484 231/407/1485 309/533/1486
f 310/534/1487 305/525/1488 309/535/1489
f 848/536/1490 310/537/1491 309/538/1492
f 310/534/1493 306/524/1494 305/525/1495
f 310/534/1496 311/539/1497 306/524/1498
f 312/540/1499 310/537/1500 848/536/1501
f 310/537/1502 312/540/1503 311/541/1504
f 311/542/1505 313/543/1506 306/544/1507
f 313/543/1508 307/527/1509 306/544/1510
f 307/527/1511 313/543/1512 308/528/1513
f 314/545/1514 199/366/1515 308/528/1516
f 314/545/1517 308/528/1518 313/543/1519
f 77/137/1520 199/366/1521 314/545/1522
f 313/543/1523 315/546/1524 314/545/1525
f 315/547/1526 313/548/1527 311/541/1528
f 312/540/1529 315/547/1530 311/541/1531
f 850/549/1532 315/547/1533 312/540/1534
f 850/550/1535 77/137/1536 314/545/1537
f 850/550/1538 314/545/1539 315/546/1540
f 74/134/1541 77/137/1536 850/550/1535
f 317/551/1542 261/552/1543 316/553/1544
f 317/554/1545 358/555/1546 261/556/1547
f 261/556/1548 358/555/1549 797/557/1550
f 358/555/1551 318/558/1552 797/557/1553
f 318/558/1554 796/559/1555 797/557/1556
f 359/560/1557 796/559/1558 318/558/1559
f 359/561/1560 799/562/1561 796/563/1562
f 353/564/1563 317/551/1564 332/565/1565
f 332/565/1566 317/551/1567 316/553/1568
f 319/566/1569 338/567/1570 337/568/1571
f 320/569/1572 338/567/1573 319/566/1574
f 343/570/1575 320/571/1576 319/572/1577
f 343/570/1578 321/573/1579 320/571/1580
f 343/570/1581 234/574/1582 321/573/1583
f 342/575/1584 234/574/1585 343/570/1586
f 341/576/1587 234/574/1588 342/575/1589
f 341/576/1590 842/577/1591 234/574/1592
f 322/578/1593 324/579/1594 323/580/1595
f 322/578/1596 323/580/1597 325/581/1598
f 326/582/1599 324/579/1600 322/578/1601
f 325/581/1602 323/580/1603 327/583/1604
f 324/579/1605 326/582/1606 328/584/1607
f 325/581/1608 327/583/1609 357/585/1610
f 357/585/1611 327/583/1612 329/586/1613
f 326/582/1614 330/587/1615 328/584/1616
f 328/588/1617 330/589/1618 331/590/1619
f 353/591/1620 331/592/1621 330/593/1622
f 353/564/1623 332/565/1624 331/594/1625
f 334/595/1626 333/596/1627 344/597/1628
f 335/598/1629 333/596/1630 334/595/1631
f 333/596/1632 336/599/1633 344/597/1634
f 337/568/1635 335/600/1636 334/601/1637
f 344/597/1638 336/599/1639 345/602/1640
f 338/567/1641 335/600/1642 337/568/1643
f 345/602/1644 336/599/1645 339/603/1646
f 345/602/1647 339/603/1648 346/604/1649
f 346/604/1650 339/603/1651 340/605/1652
f 346/604/1653 340/605/1654 347/606/1655
f 340/605/1656 360/607/1657 347/606/1658
f 371/608/1659 369/609/1660 334/610/1661
f 369/609/1662 341/611/1663 334/610/1664
f 341/611/1665 342/612/1666 334/610/1667
f 342/612/1668 343/613/1669 334/610/1670
f 343/613/1671 319/614/1672 334/610/1673
f 334/610/1674 319/614/1675 337/615/1676
f 334/610/1677 344/616/1678 371/608/1679
f 344/616/1680 345/617/1681 371/608/1682
f 345/617/1683 346/618/1684 371/608/1685
f 371/608/1686 346/618/1687 373/619/1688
f 346/618/1689 347/620/1690 373/619/1691
f 373/619/1692 347/620/1693 348/621/1694
f 347/620/1695 349/622/1696 348/621/1697
f 349/622/1698 350/623/1699 348/621/1700
f 350/623/1701 351/624/1702 348/621/1703
f 348/621/1704 351/624/1705 352/625/1706
f 322/626/1707 377/627/1708 326/628/1709
f 326/628/1710 377/627/1711 330/629/1712
f 330/629/1713 377/627/1714 353/630/1715
f 353/630/1716 377/627/1717 317/631/1718
f 377/627/1719 379/632/1720 317/631/1721
f 379/632/1720 380/633/1722 317/631/1721
f 380/633/1723 354/634/1724 317/631/1725
f 377/627/1726 322/626/1727 376/635/1728
f 376/635/1729 322/626/1730 355/636/1731
f 355/636/1732 322/626/1733 356/637/1734
f 322/626/1735 325/638/1736 356/637/1737
f 356/637/1738 325/638/1739 366/639/1740
f 366/639/1741 325/638/1742 357/640/1743
f 317/631/1744 354/634/1745 358/641/1746
f 358/641/1747 354/634/1748 318/642/1749
f 354/634/1750 359/643/1751 318/642/1752
f 347/606/1753 360/607/1754 349/644/1755
f 349/644/1756 360/607/1757 361/645/1758
f 361/646/1759 362/647/1760 349/648/1761
f 349/648/1762 362/647/1763 350/649/1764
f 350/649/1765 362/647/1766 363/650/1767
f 350/649/1768 363/650/1769 351/651/1770
f 351/651/1770 363/650/1769 364/652/1771
f 364/652/1772 764/653/1773 351/651/1774
f 351/651/1775 764/653/1776 352/654/1777
f 764/653/1778 765/655/1779 352/654/1780
f 365/656/1781 376/657/1782 259/658/1783
f 357/659/1784 329/660/1785 366/661/1786
f 366/661/1787 329/660/1788 367/662/1789
f 356/663/1790 366/661/1791 367/662/1792
f 368/664/1793 356/663/1794 367/662/1795
f 259/658/1796 356/663/1797 368/664/1798
f 355/665/1799 356/663/1800 259/658/1801
f 355/665/1802 259/658/1803 376/657/1804
f 369/666/1805 842/577/1806 341/576/1807
f 370/667/1808 842/577/1809 369/666/1810
f 369/666/1811 372/668/1812 370/667/1813
f 371/669/1814 372/668/1815 369/666/1816
f 371/669/1817 754/670/1818 372/668/1819
f 373/671/1820 754/670/1821 371/669/1822
f 374/672/1823 754/670/1824 373/671/1825
f 348/673/1826 374/672/1827 373/671/1828
f 375/674/1829 374/672/1830 348/673/1831
f 348/673/1832 765/675/1833 375/674/1834
f 352/676/1835 765/675/1836 348/673/1837
f 377/627/1838 376/635/1839 365/677/1840
f 377/678/1841 365/679/1842 378/680/1843
f 682/681/1844 377/678/1845 378/680/1846
f 379/682/1847 377/678/1848 682/681/1849
f 381/683/1850 379/682/1851 682/681/1852
f 380/684/1853 379/682/1854 381/683/1855
f 380/684/1856 381/683/1857 382/685/1858
f 380/684/1859 382/685/1860 354/686/1861
f 354/686/1862 382/685/1863 383/687/1864
f 799/562/1865 354/686/1866 383/687/1867
f 359/561/1868 354/686/1869 799/562/1870
f 387/688/1871 384/241/1872 386/243/1873
f 388/689/1874 385/690/1875 384/241/1876
f 387/688/1877 388/689/1878 384/241/1879
f 388/689/1880 389/691/1881 385/690/1882
f 390/692/1883 387/693/1884 386/694/1885
f 141/248/1886 391/695/1887 390/246/1888
f 392/696/1889 387/688/1890 390/246/1891
f 144/251/1892 391/695/1893 141/248/1894
f 391/695/1895 392/696/1896 390/246/1897
f 393/697/1898 391/695/1899 144/251/1900
f 393/697/1901 394/698/1902 391/695/1903
f 394/698/1904 392/696/1905 391/695/1906
f 392/696/1907 394/698/1908 395/699/1909
f 387/688/1910 392/696/1911 388/689/1912
f 392/696/1913 395/699/1914 388/689/1915
f 388/689/1916 395/699/1917 389/691/1918
f 389/700/1919 30/701/1920 396/702/1921
f 395/703/1922 30/701/1923 389/700/1924
f 395/699/1925 397/62/1926 30/23/1927
f 395/699/1928 394/698/1929 397/62/1930
f 51/704/1931 31/705/1932 399/706/1933
f 399/707/1934 400/18/1935 51/20/1936
f 400/18/1937 401/708/1938 8/22/1939
f 401/708/1940 402/709/1941 8/22/1942
f 8/22/1943 402/709/1944 52/710/1945
f 403/711/1946 400/712/1947 399/713/1948
f 402/709/1949 3/3/1950 52/710/1951
f 404/714/1952 401/715/1953 400/716/1954
f 404/714/1955 400/716/1956 403/717/1957
f 405/718/1958 404/714/1959 403/717/1960
f 404/714/1961 402/719/1962 401/715/1963
f 406/720/1964 404/714/1965 405/718/1966
f 407/721/1967 402/719/1968 404/714/1969
f 404/714/1970 406/720/1971 408/722/1972
f 408/722/1973 407/721/1974 404/714/1975
f 407/721/1976 409/723/1977 402/719/1978
f 409/724/1979 3/3/1980 402/709/1981
f 3/725/1982 409/723/1983 411/726/1984
f 3/3/1985 411/727/1986 46/5/1987
f 411/726/1988 409/723/1989 412/728/1990
f 412/728/1991 409/723/1992 407/721/1993
f 46/5/1994 411/727/1995 413/729/1996
f 413/729/1997 47/8/1998 46/5/1999
f 407/721/2000 410/730/2001 412/728/2002
f 47/8/2003 413/729/2004 414/731/2005
f 47/8/2006 414/731/2007 415/732/2008
f 413/733/2009 416/734/2010 414/735/2011
f 415/732/2012 414/731/2013 417/736/2014
f 414/735/2015 418/737/2016 417/738/2017
f 416/734/2018 418/737/2016 414/735/2015
f 415/732/2019 417/736/2020 49/107/2021
f 49/107/2022 417/736/2023 419/739/2024
f 417/738/2025 420/740/2026 419/741/2027
f 418/737/2028 420/740/2029 417/738/2030
f 418/737/2031 422/742/2032 420/740/2033
f 421/743/2034 422/742/2035 418/737/2036
f 423/744/2037 424/745/2038 652/746/2039
f 652/746/2040 584/747/2041 423/744/2042
f 423/744/2043 584/747/2044 583/748/2045
f 583/748/2046 577/749/2047 423/744/2048
f 423/744/2049 577/749/2050 427/750/2051
f 423/744/2052 428/751/2053 424/745/2054
f 424/745/2055 428/751/2056 425/752/2057
f 427/750/2058 428/751/2059 423/744/2060
f 425/753/2061 429/754/2062 426/755/2063
f 425/752/2064 428/751/2065 429/756/2066
f 426/755/2067 429/754/2068 430/757/2069
f 430/758/2070 429/756/2071 431/759/2072
f 429/756/2071 432/760/2073 431/759/2072
f 433/761/2074 432/760/2075 429/756/2076
f 428/751/2077 433/761/2078 429/756/2079
f 433/761/2080 434/762/2081 432/760/2082
f 435/763/2083 433/761/2084 428/751/2085
f 427/750/2086 435/763/2087 428/751/2088
f 433/761/2089 436/764/2090 434/762/2091
f 577/749/2092 578/765/2093 427/750/2094
f 578/765/2095 435/763/2096 427/750/2097
f 435/763/2098 438/766/2099 433/761/2100
f 438/766/2101 436/764/2102 433/761/2103
f 438/766/2104 439/767/2105 436/764/2106
f 440/768/2107 438/766/2108 435/763/2109
f 435/763/2110 578/765/2111 440/768/2112
f 438/769/2113 441/770/2114 439/771/2115
f 442/772/2116 441/770/2117 438/769/2118
f 440/768/2119 442/773/2120 438/766/2121
f 437/774/2122 440/768/2123 578/765/2124
f 443/775/2125 442/773/2126 440/768/2127
f 437/776/2128 443/777/2129 440/778/2130
f 444/779/2131 445/780/2132 446/781/2133
f 444/779/2134 446/781/2135 447/782/2136
f 75/135/2137 447/782/2138 448/783/2139
f 75/135/2140 448/783/2141 449/138/2142
f 449/138/2143 448/783/2144 451/784/2145
f 449/142/2146 452/785/2147 450/140/2148
f 451/786/2145 452/785/2149 449/142/2143
f 454/787/2150 450/140/2151 452/785/2152
f 453/788/2153 450/140/2154 454/787/2155
f 455/789/2156 453/788/2157 454/787/2158
f 456/790/2159 455/789/2160 454/787/2161
f 84/791/2162 455/789/2163 457/792/2164
f 457/792/2165 455/789/2166 456/790/2167
f 86/793/2168 84/791/2169 458/794/2170
f 458/794/2171 84/791/2172 459/795/2173
f 459/795/2174 84/791/2175 457/792/2176
f 458/794/2170 460/796/2177 86/793/2168
f 461/797/2178 458/794/2179 459/795/2180
f 461/797/2181 460/796/2182 458/794/2183
f 463/798/2184 462/165/2185 460/796/2186
f 462/165/2187 463/798/2188 464/166/2189
f 460/796/2190 461/797/2191 465/799/2192
f 465/799/2193 463/798/2194 460/796/2195
f 467/173/2196 464/166/2197 466/800/2198
f 467/173/2199 466/800/2200 95/175/2201
f 95/175/2202 466/800/2203 468/801/2204
f 466/800/2205 469/802/2206 468/801/2207
f 464/166/2208 470/803/2209 466/800/2210
f 464/166/2211 463/798/2212 470/803/2213
f 466/800/2214 470/803/2215 469/802/2216
f 470/804/2217 471/805/2218 469/806/2219
f 463/798/2220 465/799/2221 470/803/2222
f 465/807/2223 471/805/2224 470/804/2225
f 472/808/2226 471/809/2227 465/799/2228
f 471/805/2229 472/810/2230 40/811/2231
f 40/811/2232 472/810/2233 473/812/2234
f 474/813/2235 471/805/2236 40/811/2237
f 461/797/2238 472/808/2239 465/799/2240
f 473/814/2241 472/815/2242 9/816/2243
f 469/806/2244 471/805/2245 474/813/2246
f 472/808/2247 475/817/2248 9/818/2249
f 475/817/2250 472/808/2251 461/797/2252
f 459/795/2253 475/817/2254 461/797/2255
f 475/819/2256 476/820/2257 9/821/2258
f 476/822/2259 475/817/2260 459/795/2261
f 9/823/2262 476/824/2263 477/825/2264
f 477/826/2265 476/827/2266 14/828/2267
f 457/792/2268 476/822/2269 459/795/2270
f 476/827/2271 478/829/2272 14/828/2273
f 478/830/2274 476/822/2275 457/792/2276
f 14/831/2277 478/832/2278 479/833/2279
f 479/834/2280 478/835/2281 17/836/2282
f 478/837/2283 480/838/2284 17/839/2285
f 17/839/2286 480/838/2287 481/840/2288
f 457/792/2289 482/841/2290 478/830/2291
f 478/830/2292 482/841/2293 480/842/2294
f 457/792/2295 456/790/2296 482/841/2297
f 480/843/2298 483/844/2299 481/845/2300
f 480/846/2301 482/847/2302 483/848/2303
f 482/841/2304 456/790/2305 454/787/2306
f 482/841/2307 454/787/2308 484/849/2309
f 483/850/2310 482/841/2311 484/849/2312
f 484/851/2313 485/852/2314 483/106/2315
f 483/106/2316 486/853/2317 53/105/2318
f 485/852/2319 486/853/2320 483/106/2321
f 487/854/2322 53/105/2323 486/853/2324
f 34/855/2325 53/856/2326 487/857/2327
f 488/858/2328 34/75/2329 487/854/2330
f 44/859/2331 34/860/2332 488/861/2333
f 489/862/2334 44/74/2335 488/858/2336
f 490/863/2337 44/864/2338 489/865/2339
f 491/866/2340 490/863/2341 489/865/2342
f 42/867/2343 490/868/2344 491/869/2345
f 491/870/2346 492/871/2347 42/872/2348
f 32/873/2349 492/874/2350 493/875/2351
f 491/876/2352 494/877/2353 492/64/2354
f 493/878/2355 50/879/2356 32/880/2357
f 493/881/2358 492/64/2359 495/882/2360
f 492/64/2361 494/877/2362 495/882/2363
f 494/877/2364 496/883/2365 495/882/2366
f 497/884/2367 495/882/2368 496/883/2369
f 502/885/2370 500/886/2371 499/887/2372
f 502/885/2373 503/888/2374 500/886/2375
f 500/886/2376 503/888/2377 501/889/2378
f 504/890/2379 503/888/2380 502/885/2381
f 505/891/2382 503/888/2383 504/890/2384
f 501/892/2385 506/893/2386 507/894/2387
f 501/889/2388 503/888/2389 506/895/2390
f 505/891/2391 508/896/2392 503/888/2393
f 508/896/2394 509/897/2395 503/888/2396
f 814/898/2397 507/899/2398 510/900/2399
f 503/888/2400 509/897/2401 511/901/2402
f 503/902/2403 511/903/2404 506/893/2405
f 509/897/2406 512/904/2407 511/901/2408
f 507/894/2409 513/905/2410 510/906/2411
f 510/906/2412 513/905/2413 514/907/2414
f 506/893/2415 515/908/2416 507/894/2417
f 506/893/2418 511/903/2419 515/908/2420
f 507/894/2421 515/908/2422 513/905/2423
f 513/905/2424 818/909/2425 514/907/2426
f 516/910/2427 818/909/2428 513/905/2429
f 517/911/2430 513/905/2431 515/908/2432
f 515/908/2433 511/903/2434 517/911/2435
f 516/910/2436 513/905/2437 517/911/2438
f 511/901/2439 512/904/2440 518/912/2441
f 517/911/2442 511/903/2443 518/913/2444
f 518/912/2445 512/904/2446 519/914/2447
f 517/911/2448 520/915/2449 516/910/2450
f 518/912/2451 519/914/2452 522/916/2453
f 523/917/2454 518/912/2451 522/916/2453
f 521/918/2455 517/919/2456 518/912/2457
f 521/918/2458 518/912/2459 523/917/2460
f 520/920/2461 517/919/2462 521/918/2463
f 523/917/2464 524/921/2465 521/918/2466
f 528/922/2467 527/923/2468 529/924/2469
f 530/925/2470 528/926/2471 529/927/2472
f 531/928/2473 526/929/2474 527/930/2475
f 528/931/2476 531/928/2477 527/930/2478
f 419/739/2479 528/926/2480 530/925/2481
f 420/740/2482 531/928/2483 528/931/2484
f 420/740/2485 422/742/2486 531/928/2487
f 419/741/2488 420/740/2489 528/931/2490
f 532/108/2491 419/739/2492 530/925/2493
f 49/107/2494 419/739/2495 532/108/2496
f 25/932/2497 532/933/2498 533/934/2499
f 533/935/2500 532/108/2501 534/936/2502
f 533/934/2503 23/937/2504 25/932/2505
f 533/935/2506 534/936/2507 535/938/2508
f 535/939/2509 23/937/2510 533/934/2511
f 535/938/2512 534/936/2513 536/940/2514
f 535/941/2515 22/942/2516 23/943/2517
f 537/944/2518 22/945/2519 535/946/2520
f 536/940/2521 537/947/2522 535/938/2523
f 538/948/2524 537/947/2525 536/940/2526
f 787/237/2527 538/948/2528 536/940/2529
f 539/949/2530 538/948/2531 787/237/2532
f 537/944/2533 20/950/2534 22/945/2535
f 540/951/2536 20/950/2537 537/944/2538
f 538/948/2539 540/952/2540 537/947/2541
f 385/690/2542 540/952/2543 538/948/2544
f 389/691/2545 20/4/2546 540/952/2547
f 385/690/2548 389/691/2549 540/952/2550
f 20/953/2551 389/700/2552 396/702/2553
f 539/949/2554 385/690/2555 538/948/2556
f 384/241/2557 539/949/2558 541/238/2559
f 384/241/2560 385/690/2561 539/949/2562
f 542/954/2563 543/955/2564 544/956/2565
f 545/957/2566 542/954/2567 544/956/2568
f 546/958/2569 542/954/2570 545/957/2571
f 544/956/2572 543/955/2573 547/959/2574
f 544/960/2575 548/961/2576 545/962/2577
f 546/958/2578 545/957/2579 549/963/2580
f 544/956/2581 547/959/2582 550/964/2583
f 550/964/2584 547/959/2585 551/965/2586
f 551/965/2586 552/966/2587 550/964/2584
f 553/967/2588 549/963/2589 545/957/2590
f 554/968/2591 549/963/2592 553/967/2593
f 545/962/2594 548/961/2595 555/969/2596
f 545/962/2597 555/969/2598 553/970/2599
f 553/967/2593 556/971/2600 554/968/2591
f 554/968/2601 556/971/2602 557/972/2603
f 553/967/2604 555/973/2605 558/974/2606
f 556/971/2607 553/967/2608 559/975/2609
f 559/975/2610 553/967/2611 558/974/2612
f 560/976/2613 557/972/2614 556/971/2615
f 561/977/2616 557/972/2617 560/976/2618
f 562/978/2619 556/971/2620 559/975/2621
f 560/976/2622 556/971/2623 562/978/2624
f 563/979/2625 559/980/2626 558/981/2627
f 558/982/2628 555/983/2629 563/984/2630
f 562/985/2631 559/980/2632 564/986/2633
f 564/986/2634 559/980/2635 563/979/2636
f 565/987/2637 561/977/2638 560/976/2639
f 566/988/2640 562/985/2641 564/986/2642
f 520/920/2643 560/976/2644 562/978/2645
f 520/989/2646 562/985/2647 566/988/2648
f 521/918/2649 565/987/2637 560/976/2639
f 521/918/2650 560/976/2651 520/920/2652
f 524/921/2653 565/987/2654 521/918/2655
f 564/986/2656 563/979/2657 734/990/2658
f 563/991/2659 736/992/2660 734/993/2661
f 566/988/2662 516/994/2663 520/989/2664
f 516/995/2665 566/996/2666 818/997/2667
f 567/998/2668 736/992/2669 563/991/2670
f 563/999/2671 555/1000/2672 567/1001/2673
f 567/998/2674 805/1002/2675 736/992/2676
f 568/1003/2677 805/1002/2678 567/998/2679
f 567/998/2680 555/969/2681 568/1003/2682
f 568/1004/2683 806/1005/2684 805/1006/2685
f 568/1003/2686 555/969/2687 548/961/2688
f 569/1007/2689 806/1005/2690 568/1004/2691
f 548/961/2692 569/1008/2693 568/1003/2694
f 569/1007/2695 570/1009/2696 806/1005/2697
f 571/1010/2698 569/1008/2699 548/961/2700
f 548/1011/2701 544/1012/2702 571/1013/2703
f 571/1013/2704 544/1012/2705 550/1014/2706
f 569/1007/2707 571/1013/2708 572/1015/2709
f 571/1013/2710 550/1014/2711 572/1015/2712
f 573/1016/2713 570/1009/2714 569/1007/2715
f 569/1007/2716 572/1015/2717 573/1016/2718
f 573/1016/2719 809/1017/2720 570/1009/2721
f 550/964/2722 552/966/2723 574/1018/2724
f 572/1015/2725 550/1014/2726 574/1019/2727
f 574/1019/2728 573/1016/2729 572/1015/2730
f 575/1020/2731 809/1017/2732 573/1016/2733
f 573/1016/2734 574/1019/2735 575/1020/2736
f 575/1020/2737 814/1021/2738 809/1017/2739
f 576/1022/2740 574/1018/2741 552/966/2742
f 575/1020/2743 574/1019/2744 501/1023/2745
f 576/1022/2746 500/886/2747 574/1018/2748
f 500/1024/2749 501/1023/2750 574/1019/2751
f 499/887/2752 500/886/2753 576/1022/2754
f 575/1020/2755 501/1023/2756 507/1025/2757
f 507/1025/2758 814/1021/2759 575/1020/2760
f 579/1026/2761 577/749/2762 582/1027/2763
f 582/1027/2764 580/1028/2765 579/1026/2766
f 582/1027/2767 577/749/2768 583/748/2769
f 583/748/2770 585/1029/2771 582/1027/2772
f 584/747/2773 585/1029/2771 583/748/2770
f 582/1027/2774 586/1030/2775 580/1028/2776
f 585/1029/2777 586/1030/2778 582/1027/2779
f 585/1031/2780 584/1032/2781 587/1033/2782
f 585/1034/2783 587/1035/2784 586/1036/2785
f 587/1033/2786 584/1032/2787 588/1037/2788
f 589/1038/2789 587/1033/2790 588/1037/2791
f 588/1039/2792 591/1040/2793 589/1041/2794
f 586/1036/2785 587/1035/2784 590/1042/2795
f 589/1043/2796 591/1044/2797 592/1045/2798
f 591/1044/2799 644/1046/2800 592/1045/2801
f 587/1033/2802 589/1038/2803 593/1047/2804
f 589/1043/2805 592/1045/2806 593/1048/2807
f 593/1048/2808 594/1049/2809 587/1050/2810
f 587/1051/2811 594/1052/2812 590/1053/2813
f 416/734/2814 421/743/2815 418/737/2816
f 595/1054/2817 421/743/2818 416/734/2819
f 596/1055/2820 595/1054/2821 416/734/2822
f 596/1055/2823 416/734/2010 413/733/2009
f 597/1056/2824 595/1054/2821 596/1055/2820
f 413/733/2825 411/726/2826 596/1055/2827
f 596/1055/2828 411/726/2829 412/728/2830
f 596/1055/2828 412/728/2830 597/1056/2831
f 412/728/2832 410/730/2833 597/1056/2834
f 595/1054/2835 597/1056/2836 598/1057/2837
f 598/1057/2838 597/1056/2839 599/1058/2840
f 597/1056/2841 410/730/2842 599/1058/2843
f 599/1058/2844 600/1059/2845 598/1057/2846
f 408/722/2847 410/730/2848 407/721/2849
f 408/722/2850 601/1060/2851 410/730/2852
f 601/1060/2851 599/1058/2853 410/730/2852
f 406/720/2854 601/1060/2855 408/722/2856
f 601/1060/2857 600/1059/2858 599/1058/2859
f 489/862/2860 602/1061/2861 491/1062/2862
f 602/1061/2863 604/1063/2864 603/1064/2865
f 605/1065/2866 604/1063/2864 602/1061/2863
f 489/862/2867 605/1065/2868 602/1061/2869
f 488/858/2870 605/1065/2868 489/862/2867
f 605/1065/2871 488/858/2872 606/1066/2873
f 607/1067/2874 605/1065/2875 606/1066/2876
f 606/1066/2873 488/858/2872 487/854/2877
f 606/1066/2878 608/1068/2879 607/1067/2880
f 487/854/2881 609/1069/2882 606/1066/2883
f 609/1069/2884 608/1068/2885 606/1066/2886
f 486/853/2887 609/1069/2888 487/854/2889
f 608/1070/2890 610/1071/2891 607/1072/2892
f 608/1070/2893 612/1073/2894 610/1071/2895
f 610/1071/2895 612/1073/2894 611/1074/2896
f 613/1075/2897 609/1069/2898 486/853/2899
f 613/1075/2900 614/1076/2901 609/1069/2902
f 614/1076/2903 608/1068/2904 609/1069/2905
f 485/852/2906 613/1075/2907 486/853/2908
f 608/1070/2909 615/1077/2910 612/1073/2911
f 615/1077/2912 608/1070/2913 614/1078/2914
f 614/1078/2915 616/1079/2916 615/1077/2917
f 580/1080/2918 611/1074/2919 612/1073/2920
f 580/1080/2921 581/1081/2922 611/1074/2923
f 617/1082/2924 612/1073/2925 615/1077/2926
f 612/1083/2927 617/1084/2928 580/1028/2929
f 618/1085/2930 617/1084/2931 615/1086/2932
f 616/1079/2933 619/1087/2934 615/1077/2935
f 615/1077/2936 619/1087/2937 618/1088/2938
f 616/1079/2939 620/1089/2940 619/1087/2941
f 618/1088/2942 619/1087/2943 437/1090/2944
f 621/1091/2945 619/1087/2946 620/1089/2947
f 578/1092/2948 618/1088/2949 437/1090/2950
f 579/1026/2951 617/1084/2952 618/1085/2953
f 579/1026/2954 618/1085/2955 578/765/2956
f 579/1026/2957 580/1028/2958 617/1084/2959
f 579/1026/2960 578/765/2961 577/749/2962
f 622/1093/2963 623/1094/2964 624/1095/2965
f 622/1093/2966 739/1096/2967 623/1094/2968
f 625/1097/2969 739/1096/2970 622/1093/2971
f 739/1098/2972 644/1099/2973 623/1100/2974
f 626/1101/2975 625/1102/2976 622/1103/2977
f 621/1104/2978 625/1102/2979 626/1101/2980
f 622/1103/2981 627/1105/2982 626/1101/2983
f 624/1106/2984 627/1107/2985 622/1108/2986
f 628/1109/2987 621/1104/2988 626/1101/2989
f 619/1110/2990 621/1104/2991 628/1109/2992
f 619/1110/2993 628/1109/2994 437/776/2995
f 626/1101/2996 627/1105/2997 628/1109/2998
f 628/1109/2999 627/1105/3000 629/1111/3001
f 628/1112/3002 629/1113/3003 443/1114/3004
f 628/1109/3005 443/777/3006 437/776/3007
f 629/1111/3008 627/1105/3009 630/1115/3010
f 629/1111/3011 630/1115/3012 443/777/3013
f 630/1115/3014 627/1105/3015 631/1116/3016
f 627/1105/3017 624/1117/3018 631/1116/3019
f 631/1118/3020 632/1119/3021 630/1120/3022
f 631/1118/3023 633/1121/3024 632/1119/3025
f 630/1120/3026 632/1119/3027 634/1122/3028
f 633/1121/3029 631/1118/3030 635/1123/3031
f 630/1120/3032 634/1122/3033 442/772/3034
f 443/777/3035 630/1115/3036 442/1124/3037
f 442/772/3038 634/1122/3039 441/770/3040
f 635/1123/3041 631/1118/3042 636/1125/3043
f 631/1116/3044 624/1117/3045 636/1126/3046
f 636/1125/3047 637/1127/3048 635/1123/3049
f 636/1125/3050 638/1128/3051 637/1127/3052
f 639/1129/3053 638/1128/3054 636/1125/3055
f 640/1130/3056 638/1128/3057 639/1129/3058
f 624/1131/3059 641/1132/3060 636/1125/3061
f 641/1132/3062 639/1129/3063 636/1125/3064
f 624/1095/3065 623/1094/3066 641/1133/3067
f 639/1129/3058 642/1134/3068 640/1130/3056
f 643/1135/3069 641/1133/3070 623/1094/3071
f 641/1132/3072 643/1136/3073 639/1129/3074
f 623/1100/3075 644/1099/3076 645/1137/3077
f 645/1138/3078 643/1135/3079 623/1094/3080
f 644/1099/3081 591/1139/3082 645/1137/3083
f 639/1129/3084 646/1140/3085 642/1134/3086
f 639/1141/3087 643/1135/3088 646/1142/3089
f 643/1135/3090 645/1138/3091 646/1142/3092
f 645/1137/3093 591/1139/3094 647/1143/3095
f 645/1137/3096 647/1143/3097 646/1140/3098
f 591/1139/3099 588/1037/3100 647/1143/3101
f 642/1134/3102 646/1140/3103 648/1144/3104
f 649/1145/3105 646/1140/3106 647/1143/3107
f 646/1140/3108 650/1146/3109 648/1144/3110
f 646/1140/3111 649/1145/3112 650/1146/3113
f 648/1144/3114 650/1146/3115 651/1147/3116
f 647/1143/3117 588/1037/3118 652/1148/3119
f 652/1148/3120 649/1145/3121 647/1143/3122
f 584/1032/3123 652/1148/3124 588/1037/3125
f 652/1148/3126 653/1149/3127 649/1145/3128
f 651/1147/3129 650/1146/3130 654/1150/3131
f 650/1146/3132 649/1145/3133 655/1151/3134
f 650/1146/3135 655/1151/3136 654/1150/3137
f 649/1145/3138 653/1149/3139 655/1151/3140
f 654/1150/3141 655/1151/3142 656/1152/3143
f 655/1151/3144 657/1153/3145 656/1152/3146
f 655/1151/3147 658/1154/3148 657/1153/3149
f 655/1151/3150 659/1155/3151 658/1154/3152
f 425/753/3153 659/1155/3154 655/1151/3155
f 653/1156/3156 425/752/3157 655/1157/3158
f 425/753/3159 426/755/3160 659/1155/3161
f 652/746/3162 424/745/3163 653/1156/3164
f 424/745/3165 425/752/3166 653/1156/3167
f 497/1158/3168 496/1159/3169 660/1160/3170
f 660/1160/3170 496/1159/3169 498/1161/3171
f 498/1161/3172 661/1162/3173 660/1160/3174
f 662/1163/3175 495/882/3176 497/884/3177
f 662/1163/3178 493/881/3179 495/882/3180
f 663/1164/3181 497/1158/3182 660/1160/3183
f 663/1165/3184 662/1163/3185 497/884/3186
f 664/1166/3187 493/881/3188 662/1163/3189
f 664/1166/3190 50/83/3191 493/881/3192
f 37/1167/3193 50/1168/3194 664/1169/3195
f 37/81/3196 664/1166/3197 662/1163/3198
f 38/78/3199 37/81/3200 672/1170/3201
f 672/1171/3202 36/1172/3203 38/1173/3204
f 665/1174/3205 474/813/3206 39/1175/3207
f 469/806/3208 474/813/3209 665/1174/3210
f 665/1174/3211 39/1175/3212 468/1176/3213
f 39/1177/3214 27/13/3215 468/1178/3216
f 468/801/3217 469/802/3218 665/1179/3219
f 468/1178/3220 27/13/3221 666/1180/3222
f 27/13/3223 667/1181/3224 666/1180/3225
f 27/13/3226 36/12/3227 667/1181/3228
f 468/801/3229 666/1182/3230 95/175/3231
f 95/175/3232 666/1182/3233 668/1183/3234
f 666/1180/3235 667/1181/3236 668/1184/3237
f 667/1181/3238 669/1185/3239 668/1184/3240
f 668/1184/3241 669/1185/3242 670/1186/3243
f 668/1187/3244 670/1188/3245 273/1189/3246
f 273/1189/3247 670/1188/3248 362/1190/3249
f 670/1188/3250 363/1191/3251 362/1190/3252
f 669/1192/3253 363/1191/3254 670/1188/3255
f 669/1192/3256 364/1193/3257 363/1191/3258
f 669/1185/3259 667/1181/3260 671/1194/3261
f 671/1195/3262 364/1193/3263 669/1192/3264
f 667/1181/3265 36/12/3266 673/1196/3267
f 672/1170/3268 37/81/3269 674/1197/3270
f 674/1197/3271 37/81/3272 662/1163/3273
f 672/1198/3274 674/1199/3275 36/12/3276
f 36/12/3277 674/1199/3278 673/1196/3279
f 675/1200/3280 673/1196/3281 674/1199/3282
f 674/1197/3283 662/1163/3284 675/1201/3285
f 675/1201/3286 662/1163/3287 663/1165/3288
f 667/1202/3289 673/1203/3290 671/1195/3291
f 675/1200/3292 676/1204/3293 673/1196/3294
f 675/1201/3295 663/1165/3296 677/1205/3297
f 677/1206/3298 676/1207/3299 675/1208/3300
f 673/1196/3301 676/1204/3302 678/1209/3303
f 679/1210/3304 382/1211/3305 381/1212/3306
f 682/1213/3307 679/1210/3308 381/1212/3309
f 681/1214/3310 679/1210/3308 682/1213/3307
f 679/1210/3311 683/1215/3312 680/1216/3313
f 684/1217/3314 683/1215/3312 679/1210/3311
f 378/1218/3315 681/1214/3316 682/1213/3317
f 679/1210/3318 681/1214/3319 684/1217/3320
f 684/1217/3321 685/1219/3322 683/1215/3323
f 683/1215/3324 685/1219/3325 687/1220/3326
f 687/1220/3327 685/1219/3328 688/1221/3329
f 685/1222/3330 686/1223/3331 688/1224/3332
f 688/1224/3333 686/1223/3334 689/1225/3335
f 689/1226/3336 686/1227/3337 690/1228/3338
f 690/1228/3339 686/1227/3340 691/1229/3341
f 600/1059/3342 690/1228/3343 692/1230/3344
f 692/1230/3344 690/1228/3343 691/1229/3345
f 598/1057/3346 600/1059/3347 692/1230/3348
f 693/1231/3349 692/1230/3350 691/1229/3351
f 691/1229/3352 686/1227/3353 694/1232/3354
f 691/1229/3351 694/1232/3355 693/1231/3349
f 685/1222/3356 695/1233/3357 686/1223/3358
f 684/1217/3359 695/1234/3360 685/1219/3361
f 686/1223/3362 696/1235/3363 694/1236/3364
f 686/1223/3365 695/1233/3366 696/1235/3367
f 697/1237/3368 695/1234/3369 684/1217/3370
f 684/1217/3371 681/1214/3372 697/1237/3373
f 698/1238/3374 681/1214/3316 378/1218/3315
f 681/1214/3375 698/1238/3376 697/1237/3377
f 698/1238/3378 378/1218/3379 699/1239/3380
f 699/1240/3381 378/1241/3382 365/1242/3383
f 700/1243/3384 699/1240/3385 365/1242/3386
f 700/1243/3387 365/1242/3388 259/446/3389
f 699/1244/3390 701/1245/3391 698/1246/3392
f 697/1237/3393 698/1238/3394 701/1247/3395
f 700/1248/3396 701/1245/3397 699/1244/3398
f 701/1247/3399 702/1249/3400 697/1237/3401
f 697/1237/3402 702/1249/3403 695/1234/3404
f 703/1250/3405 701/1245/3406 700/1248/3407
f 702/1251/3408 704/1252/3409 695/1233/3410
f 701/1253/3411 705/1254/3412 702/1255/3413
f 703/1256/3414 705/1254/3415 701/1253/3416
f 706/1257/3417 702/1251/3418 705/1258/3419
f 704/1252/3420 702/1251/3421 706/1257/3422
f 695/1233/3423 704/1252/3424 696/1235/3425
f 704/1252/3426 706/1257/3427 707/1259/3428
f 601/1060/2855 406/720/2854 708/1260/3429
f 600/1059/3430 601/1060/3431 690/1228/3432
f 405/718/3433 708/1260/3434 406/720/3435
f 601/1060/3436 708/1260/3437 689/1226/3438
f 690/1228/3439 601/1060/3440 689/1226/3441
f 405/718/3442 709/1261/3443 708/1260/3444
f 709/1261/3445 689/1226/3446 708/1260/3447
f 709/1262/3448 710/1263/3449 689/1225/3450
f 689/1225/3451 710/1263/3452 688/1224/3453
f 710/1264/3454 711/1265/3455 688/1221/3456
f 710/1263/3457 709/1262/3458 712/1266/3459
f 712/1267/3460 709/1268/3461 405/1269/3462
f 405/1269/3463 403/711/3464 712/1267/3465
f 31/1270/3466 403/711/3467 399/713/3468
f 712/1267/3469 403/711/3470 31/1270/3471
f 31/1271/3472 713/1272/3473 712/1273/3474
f 714/1274/3475 715/1275/3476 716/1276/3477
f 714/1274/3478 717/1277/3479 715/1275/3480
f 718/1278/3481 714/1274/3482 716/1276/3483
f 719/1279/3484 717/1277/3485 714/1274/3486
f 718/1278/3487 720/1280/3488 714/1274/3489
f 716/1276/3490 721/1281/3491 718/1278/3492
f 718/1278/3493 721/1281/3494 722/1282/3495
f 722/1282/3496 721/1281/3497 661/1162/3498
f 718/1278/3499 722/1282/3500 723/1283/3501
f 723/1283/3502 720/1280/3503 718/1278/3504
f 720/1280/3505 723/1283/3506 611/1074/3507
f 611/1074/3508 723/1283/3509 610/1071/3510
f 722/1282/3511 607/1072/3512 723/1283/3513
f 611/1074/3514 581/1081/3515 720/1280/3516
f 604/1284/3517 607/1072/3518 722/1282/3519
f 607/1072/3520 610/1071/3521 723/1283/3522
f 604/1063/3523 605/1065/3524 607/1067/3525
f 722/1282/3526 603/1285/3527 604/1284/3528
f 722/1282/3529 498/1161/3530 603/1285/3531
f 498/1161/3532 722/1282/3533 661/1162/3534
f 603/1285/3535 498/1161/3536 496/1159/3537
f 603/1286/3538 496/883/3539 494/877/3540
f 602/1061/2861 603/1064/3541 494/1287/3542
f 491/1062/2862 602/1061/2861 494/1287/3542
f 696/1288/3543 693/1231/3544 694/1232/3545
f 724/1289/3546 693/1231/3547 696/1288/3548
f 696/1288/3549 704/1290/3550 724/1289/3551
f 693/1231/3552 724/1289/3553 725/1291/3554
f 724/1289/3555 704/1290/3556 726/1292/3557
f 726/1293/3558 704/1252/3559 707/1259/3560
f 725/1291/3561 692/1230/3562 693/1231/3563
f 725/1291/3564 724/1289/3565 727/1294/3566
f 598/1057/3567 692/1230/3568 725/1291/3569
f 728/1295/3570 598/1057/3567 725/1291/3569
f 725/1291/3571 727/1294/3572 728/1295/3573
f 595/1054/3574 598/1057/3575 421/743/3576
f 598/1057/3577 728/1295/3578 421/743/3579
f 728/1295/3580 729/1296/3581 421/743/3582
f 421/743/3583 729/1296/3584 422/742/3585
f 729/1296/3586 728/1295/3587 730/1297/3588
f 730/1297/3589 728/1295/3590 727/1294/3591
f 729/1296/3592 731/1298/3593 422/742/3594
f 729/1296/3592 730/1297/3595 731/1298/3593
f 422/742/3596 731/1298/3597 732/1299/3598
f 732/1299/3599 531/928/3600 422/742/3601
f 732/1299/3602 733/1300/3603 531/928/3604
f 733/1300/3605 526/929/3606 531/928/3607
f 734/990/3608 526/929/3609 733/1300/3610
f 732/1299/3611 734/990/3612 733/1300/3613
f 735/1301/3614 734/990/3615 732/1299/3616
f 526/929/3617 734/990/3618 736/1302/3619
f 447/782/3620 446/781/3621 448/783/3622
f 448/783/3623 446/781/3624 738/1303/3625
f 739/1096/3626 737/1304/3627 446/781/3628
f 446/781/3628 740/1305/3629 739/1096/3626
f 739/1096/3630 625/1097/3631 737/1304/3632
f 737/1304/3632 625/1097/3631 741/1306/3633
f 625/1307/3634 621/1091/3635 741/1308/3636
f 741/1308/3637 621/1091/3638 620/1089/3639
f 737/1304/3640 738/1303/3641 446/781/3642
f 741/1306/3643 742/1309/3644 737/1304/3645
f 737/1304/3646 742/1309/3647 738/1303/3648
f 741/1310/3649 620/1311/3650 742/1312/3651
f 614/1076/3652 620/1311/3653 616/1313/3654
f 743/1314/3655 620/1311/3656 614/1076/3657
f 743/1314/3658 614/1076/3659 613/1075/3660
f 620/1311/3661 743/1314/3662 742/1312/3663
f 744/1315/3664 743/1314/3665 613/1075/3666
f 742/1312/3667 743/1314/3668 744/1315/3669
f 744/1315/3670 613/1075/3671 485/852/3672
f 742/1309/3673 744/1316/3674 738/1303/3675
f 485/852/3676 745/1317/3677 744/1315/3678
f 738/1303/3679 744/1316/3680 745/1318/3681
f 484/849/3682 745/1319/3683 485/1320/3684
f 738/1303/3685 745/1318/3686 451/784/3687
f 448/783/3688 738/1303/3689 451/784/3690
f 454/787/3691 452/785/3692 484/849/3693
f 484/849/3693 452/785/3692 745/1319/3694
f 451/786/3695 745/1319/3696 452/785/3697
f 748/1321/3698 757/1322/3699 747/1323/3700
f 748/1321/3701 749/1324/3702 757/1322/3703
f 747/1325/3704 757/1326/3705 750/1327/3706
f 750/1327/3707 746/1328/3708 747/1325/3709
f 752/1329/3710 375/1330/3711 746/1328/3712
f 374/1331/3713 375/1330/3711 752/1329/3710
f 752/1329/3714 746/1328/3708 750/1327/3707
f 753/1332/3715 374/1331/3716 752/1329/3717
f 754/1333/3718 374/1331/3719 753/1332/3720
f 753/1332/3721 372/1334/3722 754/1333/3723
f 755/1335/3724 372/1334/3722 753/1332/3721
f 750/1327/3725 753/1332/3726 752/1329/3727
f 756/1336/3728 753/1332/3726 750/1327/3725
f 755/1335/3729 370/1337/3730 372/1334/3731
f 756/1336/3732 755/1335/3733 753/1332/3734
f 750/1338/3735 757/1339/3736 756/1340/3737
f 758/1341/3738 749/1342/3739 751/1343/3740
f 721/1281/3741 758/1341/3742 751/1343/3743
f 721/1281/3741 751/1343/3743 661/1162/3744
f 758/1341/3745 721/1281/3746 716/1276/3747
f 759/1344/3748 749/1342/3749 758/1341/3750
f 716/1276/3747 759/1344/3751 758/1341/3745
f 757/1322/3752 749/1324/3753 760/1345/3754
f 757/1346/3755 760/1347/3756 756/1348/3757
f 759/1344/3758 715/1275/3759 749/1342/3760
f 760/1345/3761 749/1324/3762 715/1349/3763
f 756/1350/3764 760/1351/3765 761/1352/3766
f 761/1353/3767 755/1335/3768 756/1336/3769
f 716/1276/3770 715/1275/3771 759/1344/3772
f 715/1349/3773 717/1354/3774 760/1345/3775
f 660/1160/3183 677/1206/3776 663/1164/3181
f 660/1160/3777 762/1355/3778 677/1206/3779
f 677/1206/3780 762/1355/3781 676/1207/3782
f 762/1356/3783 678/1209/3784 676/1204/3785
f 660/1160/3786 751/1343/3787 762/1355/3788
f 661/1162/3789 751/1343/3790 660/1160/3791
f 748/1321/3792 678/1209/3793 762/1356/3794
f 751/1343/3795 749/1342/3796 762/1355/3797
f 762/1356/3798 749/1324/3799 748/1321/3800
f 748/1357/3801 763/1358/3802 678/1359/3803
f 673/1203/3804 678/1360/3805 671/1195/3806
f 671/1195/3807 678/1360/3808 764/1361/3809
f 763/1362/3810 764/1363/3811 678/1364/3812
f 764/1361/3813 364/1193/3814 671/1195/3815
f 765/1365/3816 764/1366/3817 763/1367/3818
f 765/1365/3819 763/1367/3820 766/1368/3821
f 746/1369/3822 765/1365/3823 766/1368/3824
f 375/1370/3825 765/1365/3826 746/1369/3827
f 747/1371/3828 766/1368/3829 763/1367/3830
f 747/1323/3831 763/1372/3832 748/1321/3833
f 747/1371/3834 746/1369/3835 766/1368/3836
f 767/1373/3837 768/1374/3838 706/1257/3839
f 768/1374/3840 769/1375/3841 706/1257/3842
f 767/1376/3843 296/1377/3844 770/1378/3845
f 770/1379/3846 296/508/3847 298/509/3848
f 302/1380/3849 770/1381/3850 298/1382/3851
f 302/1383/3852 771/1384/3853 770/1385/3854
f 772/1386/3855 770/1385/3856 771/1384/3857
f 773/1387/3858 302/1388/3859 774/1389/3860
f 773/1390/3861 771/1384/3862 302/1383/3863
f 775/1391/3864 772/1386/3865 771/1384/3866
f 774/1389/3867 116/1392/3868 773/1387/3869
f 776/1393/3870 771/1384/3871 773/1390/3872
f 776/1394/3873 775/1395/3874 771/1396/3875
f 777/1397/3876 776/1398/3877 773/1399/3878
f 116/1400/3879 777/1397/3880 773/1399/3881
f 776/1394/3882 778/1401/3883 775/1395/3884
f 779/1402/3885 778/1401/3886 776/1394/3887
f 777/1403/3888 779/1402/3889 776/1394/3890
f 780/1404/3891 777/1403/3892 116/212/3893
f 119/214/3894 780/1404/3895 116/212/3896
f 781/1405/3897 780/1404/3898 119/214/3899
f 119/214/3899 783/1406/3900 781/1405/3897
f 782/1407/3901 783/1406/3902 119/214/3903
f 782/218/3904 785/1408/3905 783/1409/3906
f 784/219/3907 785/1408/3908 782/218/3909
f 786/222/3910 785/1408/3911 784/219/3912
f 787/237/3913 536/940/3914 786/222/3915
f 786/222/3916 536/940/3917 788/1410/3918
f 541/238/3919 539/949/3920 787/237/3921
f 788/1410/3922 785/1408/3923 786/222/3924
f 534/936/3925 788/1410/3926 536/940/3927
f 534/936/3928 785/1408/3929 788/1410/3930
f 534/936/3931 789/1411/3932 785/1408/3933
f 789/1412/3934 783/1406/3935 785/1413/3936
f 534/936/3937 532/108/3938 789/1411/3939
f 789/1411/3940 532/108/3941 530/925/3942
f 790/1414/3943 783/1406/3935 789/1412/3934
f 783/1406/3944 790/1414/3945 781/1405/3946
f 530/925/3947 790/1415/3948 789/1411/3949
f 781/1405/3950 790/1414/3951 791/1416/3952
f 781/1405/3953 791/1416/3954 780/1404/3955
f 790/1417/3956 529/924/3957 791/1418/3958
f 529/927/3959 790/1415/3960 530/925/3961
f 791/1418/3962 529/924/3963 792/1419/3964
f 779/1402/3965 780/1404/3966 791/1416/3967
f 777/1403/3968 780/1404/3969 779/1402/3970
f 793/1420/3971 779/1402/3972 791/1416/3973
f 791/1418/3974 792/1419/3975 793/1421/3976
f 529/924/3977 527/923/3978 792/1419/3979
f 793/1421/3980 792/1419/3981 525/1422/3982
f 792/1419/3983 526/1423/3984 525/1422/3985
f 792/1419/3986 527/923/3987 526/1423/3988
f 713/1272/3989 31/1271/3990 41/1424/3991
f 795/1425/3992 712/1273/3993 713/1272/3994
f 795/1425/3995 713/1272/3996 794/1426/3997
f 795/1427/3998 710/1264/3999 712/1428/4000
f 796/1429/4001 710/1264/4002 795/1427/4003
f 794/1426/4004 797/1430/4005 795/1425/4006
f 795/1425/4007 797/1430/4008 796/1431/4009
f 794/1426/4010 798/1432/4011 797/1430/4012
f 711/1265/4013 796/1429/4014 799/1433/4015
f 710/1264/4016 796/1429/4017 711/1265/4018
f 799/1433/4019 800/1434/4020 711/1265/4021
f 800/1434/4022 799/1433/4023 801/1435/4024
f 801/1435/4025 799/1433/4026 383/1436/4027
f 687/1220/4028 711/1265/4029 800/1434/4030
f 687/1220/4031 800/1434/4032 801/1435/4033
f 688/1221/4034 711/1265/4035 687/1220/4036
f 687/1220/4037 801/1435/4038 683/1215/4039
f 801/1435/4040 383/1436/4041 680/1216/4042
f 680/1216/4042 383/1436/4041 382/1211/4043
f 683/1215/4039 801/1435/4038 680/1216/4044
f 680/1216/4045 382/1211/4046 679/1210/4047
f 797/1430/4048 798/1432/4049 261/1437/4050
f 261/1438/4051 798/1439/4052 802/1440/4053
f 794/1426/4054 802/1441/4055 798/1432/4056
f 713/1272/4057 802/1441/4058 794/1426/4059
f 802/1441/4060 713/1272/4061 803/1442/4062
f 803/1442/4063 713/1272/4064 41/1424/4065
f 802/1443/4066 803/1444/4067 144/1445/4068
f 803/1446/4069 41/1447/4070 393/1448/4071
f 393/1448/4072 41/1447/4073 398/1449/4074
f 144/1445/4075 803/1444/4076 393/1450/4077
f 804/1451/4078 394/698/4079 393/697/4080
f 393/1448/4081 398/1449/4082 804/1452/4083
f 394/698/4084 804/1451/4085 397/62/4086
f 397/62/4087 804/1451/4088 398/21/4089
f 526/1423/4090 736/992/4091 525/1422/4092
f 564/986/4093 734/990/4094 735/1301/4095
f 525/1422/4096 736/992/4097 805/1002/4098
f 525/1422/4099 805/1002/4100 793/1421/4101
f 793/1421/4101 805/1002/4100 806/1453/4102
f 806/1005/4103 779/1402/4104 793/1420/4105
f 779/1402/4104 806/1005/4103 807/1454/4106
f 807/1454/4107 806/1005/4108 570/1009/4109
f 779/1402/4110 807/1454/4111 778/1401/4112
f 807/1454/4113 570/1009/4114 808/1455/4115
f 778/1401/4116 807/1454/4117 808/1455/4118
f 808/1456/4119 570/1457/4120 809/1458/4121
f 778/1401/4116 808/1455/4118 810/1459/4122
f 810/1459/4123 811/1460/4124 778/1401/4125
f 778/1401/4126 811/1460/4127 775/1395/4128
f 811/1461/4129 772/1386/4130 775/1391/4131
f 808/1455/4132 809/1017/4133 812/1462/4134
f 810/1459/4135 808/1455/4136 812/1462/4137
f 810/1459/4138 812/1462/4139 813/1463/4140
f 813/1463/4141 811/1460/4142 810/1459/4143
f 812/1464/4144 809/1465/4145 814/1466/4146
f 815/1467/4147 811/1460/4148 813/1463/4149
f 814/1021/4150 813/1463/4151 812/1462/4152
f 510/906/4153 813/1468/4154 814/1469/4155
f 816/1470/4156 813/1468/4157 510/906/4158
f 816/1470/4159 817/1471/4160 813/1468/4161
f 813/1468/4161 817/1471/4160 815/1472/4162
f 510/906/4163 514/907/4164 816/1470/4165
f 816/1470/4165 514/907/4164 819/1473/4166
f 819/1474/4167 817/1475/4168 816/1476/4169
f 818/1477/4170 819/1474/4171 514/1478/4172
f 820/1479/4173 817/1475/4174 819/1474/4175
f 821/1480/4176 819/1474/4177 818/1477/4178
f 821/1480/4179 820/1479/4180 819/1474/4181
f 821/1480/4182 818/1477/4183 566/988/4184
f 566/988/4185 735/1301/4186 821/1480/4187
f 564/986/4188 735/1301/4189 566/988/4190
f 735/1301/4191 822/1481/4192 821/1480/4193
f 732/1299/4194 822/1481/4195 735/1301/4196
f 732/1299/4197 731/1298/4198 822/1481/4199
f 822/1481/4200 820/1479/4201 821/1480/4202
f 731/1298/4203 820/1479/4204 822/1481/4205
f 731/1298/4206 730/1297/4207 820/1479/4208
f 730/1297/4209 823/1482/4210 820/1479/4211
f 820/1479/4212 823/1482/4213 824/1483/4214
f 727/1294/4215 823/1482/4216 730/1297/4217
f 824/1483/4218 817/1475/4219 820/1479/4220
f 825/1484/4221 823/1482/4222 727/1294/4223
f 727/1294/4223 724/1289/4224 825/1484/4221
f 823/1482/4225 825/1484/4226 824/1483/4227
f 826/1485/4228 817/1475/4229 824/1483/4230
f 726/1292/4231 825/1484/4232 724/1289/4233
f 824/1483/4234 825/1484/4235 726/1292/4236
f 769/1375/4237 826/1486/4238 824/1487/4239
f 817/1488/4240 826/1486/4241 815/1489/4242
f 726/1293/4243 769/1375/4244 824/1487/4245
f 768/1374/4246 826/1486/4247 769/1375/4248
f 815/1489/4249 826/1486/4250 827/1490/4251
f 768/1374/4252 827/1490/4253 826/1486/4254
f 815/1489/4255 827/1490/4256 811/1461/4257
f 827/1490/4258 772/1386/4259 811/1461/4260
f 768/1374/4261 772/1386/4262 827/1490/4263
f 770/1385/4264 772/1386/4265 768/1374/4266
f 767/1373/4267 770/1385/4268 768/1374/4269
f 726/1293/4270 707/1259/4271 769/1375/4272
f 707/1259/4273 706/1257/4274 769/1375/4275
f 706/1257/4276 828/1491/4277 767/1373/4278
f 767/1376/4279 828/1492/4280 296/1377/4281
f 705/1258/4282 828/1491/4283 706/1257/4284
f 705/1254/4285 260/501/4286 828/500/4287
f 703/1256/4288 260/501/4289 705/1254/4290
f 703/1250/4291 700/1248/4292 260/448/4293
f 260/448/4294 700/1248/4295 258/447/4296
f 258/445/4297 700/1243/4298 259/446/4299
f 445/780/4300 594/1049/4301 593/1048/4302
f 593/1048/4303 592/1045/4304 445/780/4305
f 592/1045/4306 644/1046/4307 740/1305/4308
f 445/780/4305 592/1045/4304 740/1305/4309
f 830/1493/4310 594/1049/4311 829/1494/4312
f 590/1495/4313 594/1049/4314 830/1493/4315
f 830/1493/4316 829/1494/4317 831/1496/4318
f 644/1046/4319 739/1096/4320 740/1305/4321
f 446/781/4322 445/780/4323 740/1305/4324
f 830/1497/4325 832/1498/4326 590/1042/4327
f 830/1499/4328 831/1500/4329 832/1501/4330
f 590/1042/4331 832/1498/4332 586/1036/4333
f 833/1502/4334 832/1501/4335 831/1500/4336
f 834/1503/4337 586/1504/4338 832/1501/4339
f 580/1080/4340 586/1504/4341 834/1503/4342
f 581/1081/4343 580/1080/4344 834/1503/4345
f 834/1503/4346 832/1501/4347 833/1502/4348
f 834/1503/4349 835/1505/4350 581/1081/4351
f 720/1280/4352 581/1081/4353 835/1505/4354
f 714/1274/4355 720/1280/4352 835/1505/4354
f 719/1279/4356 835/1505/4357 834/1503/4358
f 714/1274/4359 835/1505/4360 719/1279/4361
f 719/1279/4362 834/1503/4363 833/1502/4364
f 833/1502/4365 837/1506/4366 719/1279/4367
f 833/1502/4365 836/1507/4368 837/1506/4366
f 719/1279/4369 837/1506/4370 717/1277/4371
f 837/1508/4372 836/1509/4373 717/1354/4374
f 760/1345/4375 717/1354/4376 838/1510/4377
f 717/1354/4378 836/1509/4379 838/1510/4380
f 760/1511/4381 838/1512/4382 761/1353/4383
f 761/1353/4384 838/1512/4385 839/1513/4386
f 761/1353/4387 840/1514/4388 755/1335/4389
f 839/1513/4390 840/1514/4391 761/1353/4392
f 840/1514/4393 370/1337/3730 755/1335/3729
f 841/1515/4394 370/1337/4395 840/1514/4396
f 842/1516/4397 370/1337/4398 841/1515/4399
f 839/1513/4400 841/1515/4401 840/1514/4402
f 843/1517/4403 842/1516/4404 841/1515/4405
f 839/1513/4406 843/1517/4407 841/1515/4408
f 234/411/4409 842/1516/4410 843/1517/4411
f 838/1512/4412 844/1518/4413 839/1513/4414
f 838/1510/4415 836/1509/4416 844/1519/4417
f 839/1513/4418 844/1518/4419 845/1520/4420
f 845/1520/4421 843/1517/4422 839/1513/4423
f 233/410/4424 234/411/4425 843/1517/4426
f 846/1521/4427 231/407/4428 233/410/4429
f 233/410/4430 843/1517/4431 846/1521/4432
f 846/1521/4433 843/1517/4434 845/1520/4435
f 844/1518/4436 846/1521/4437 845/1520/4438
f 836/1509/4439 846/1522/4440 844/1519/4441
f 847/1523/4442 846/1522/4443 836/1509/4444
f 848/1524/4445 309/1525/4446 847/1523/4447
f 847/1523/4448 309/1525/4449 846/1522/4450
f 309/533/4451 231/407/4452 846/1521/4453
f 836/1507/4454 831/1500/4455 847/1526/4456
f 836/1507/4457 833/1502/4458 831/1500/4459
f 849/1527/4460 848/1528/4461 847/1529/4462
f 312/1530/4463 848/1528/4464 849/1527/4465
f 312/1530/4466 849/1527/4467 850/550/4468
f 847/1526/4469 831/1500/4470 849/1531/4471
f 849/1527/4472 851/1532/4473 850/550/4474
f 851/1532/4475 849/1527/4476 829/1494/4477
f 831/1496/4478 829/1494/4479 849/1527/4480
f 851/1532/4481 829/1494/4482 852/1533/4483
f 74/134/4484 850/550/4485 853/1534/4486
f 850/550/4487 851/1532/4488 853/1534/4489
f 852/1533/4490 829/1494/4491 594/1049/4492
f 852/1533/4493 594/1049/4494 445/780/4495
f 853/1534/4496 75/135/4497 74/134/4498
f 853/1534/4499 851/1532/4500 444/779/4501
f 851/1532/4502 852/1533/4503 444/779/4504
f 853/1534/4505 444/779/4506 447/782/4507
f 853/1534/4508 447/782/4509 75/135/4510
f 852/1533/4511 445/780/4512 444/779/4513
