# Blender 4.1.0
# www.blender.org
mtllib BackgroundRocks_H.mtl
o stone_big_3.013
v -0.294294 0.008674 0.890367
v -0.288334 0.008834 0.890496
v -0.271090 0.013042 0.886586
v -0.265487 0.010617 0.896526
v -0.290404 0.021725 0.889768
v -0.285485 0.005878 0.888936
v -0.269365 0.012058 0.905043
v -0.293180 0.020460 0.887700
v -0.272890 0.016869 0.886540
v -0.291093 0.018068 0.893489
v -0.265796 0.001544 0.887431
v -0.293248 0.012933 0.883106
v -0.294586 0.017150 0.882582
v -0.280315 0.008653 0.883135
v -0.295670 0.016405 0.885006
v -0.296250 0.013253 0.884448
v -0.290979 0.017298 0.880771
v -0.294163 0.012886 0.891958
v -0.269360 0.006569 0.886089
v -0.291002 0.021322 0.891239
v -0.266608 0.008853 0.888270
v -0.297096 0.008644 0.889848
v -0.264246 0.006150 0.893178
v -0.289145 0.006365 0.885651
v -0.277190 0.019934 0.888818
v -0.290785 0.010183 0.890957
v -0.277092 0.020431 0.886700
v -0.274444 0.003827 0.886417
v -0.295567 0.005551 0.887715
v -0.285947 0.020553 0.892776
v -0.294866 0.006077 0.889175
v -0.269218 0.014274 0.900919
v -0.292176 0.017329 0.880794
v -0.289974 0.015738 0.893747
v -0.281391 0.019032 0.881586
v -0.269414 0.002259 0.888132
v -0.276922 0.014256 0.899805
v -0.283553 0.016198 0.880431
v -0.292058 0.021405 0.884196
v -0.269349 0.009375 0.903736
v -0.297755 0.011340 0.890092
v -0.275002 0.012970 0.881570
v -0.269494 0.005281 0.894132
v -0.296252 0.012346 0.891340
v -0.292396 0.009764 0.884724
v -0.288102 0.021771 0.882419
v -0.287520 0.005105 0.886471
v -0.276112 0.009634 0.898950
v -0.285841 0.007986 0.884439
v -0.285563 0.019321 0.880929
v -0.296669 0.011646 0.888475
v -0.281873 0.004194 0.887878
v -0.274211 0.017046 0.895179
v -0.295207 0.017494 0.887105
v -0.268499 0.001488 0.886757
v -0.296952 0.013394 0.889549
v -0.288267 0.004542 0.887572
v -0.276368 0.017807 0.895168
v -0.290268 0.008219 0.890051
v -0.294548 0.013595 0.882945
v -0.295604 0.017608 0.892328
v -0.275511 0.005556 0.885012
v -0.272913 0.016991 0.890417
v -0.290010 0.017092 0.893929
v -0.281730 0.023113 0.883962
v -0.294854 0.006335 0.886465
v -0.289478 0.012851 0.882404
v -0.270216 0.006236 0.896716
v -0.297584 0.011654 0.888973
v -0.282556 0.007215 0.884031
v -0.296960 0.012094 0.887588
v -0.276925 0.015222 0.880538
v -0.284818 0.023578 0.886429
v -0.296222 0.013376 0.884942
v -0.283832 0.023459 0.888768
v -0.292978 0.015195 0.893562
v -0.293254 0.020211 0.890970
v -0.295984 0.008665 0.890275
v -0.285924 0.010936 0.882535
v -0.293456 0.009465 0.884678
v -0.292933 0.018476 0.880913
v -0.264344 0.007723 0.890522
v -0.290704 0.021873 0.887809
v -0.296763 0.011692 0.885677
v -0.264490 0.007029 0.894493
v -0.296032 0.016511 0.892675
v -0.278896 0.021721 0.887607
v -0.290259 0.006787 0.885837
v -0.265211 0.002927 0.886600
v -0.295514 0.011001 0.891219
v -0.279723 0.013134 0.880966
v -0.295842 0.015950 0.893251
v -0.291229 0.012570 0.882928
v -0.285889 0.023312 0.890332
v -0.292011 0.004804 0.887897
v -0.268730 0.010545 0.904847
v -0.293318 0.020585 0.886332
v -0.273799 0.015433 0.882801
v -0.282093 0.020795 0.882350
v -0.296042 0.007677 0.886110
v -0.275841 0.018530 0.883705
v -0.275232 0.007541 0.883352
v -0.273869 0.011042 0.883672
v -0.269316 0.006463 0.897225
v -0.277667 0.009780 0.882302
v -0.290325 0.004760 0.887148
v -0.275274 0.018395 0.889080
v -0.293304 0.006528 0.889302
v -0.287867 0.016127 0.880663
v -0.272573 0.002666 0.887549
v -0.283582 0.017169 0.894479
v -0.269143 0.001591 0.887181
v -0.292478 0.006081 0.886265
v -0.282873 0.014576 0.880482
v -0.293470 0.018934 0.881393
v -0.297554 0.012260 0.889343
v -0.293265 0.011751 0.883969
v -0.290049 0.022416 0.883600
v -0.286737 0.004690 0.887636
v -0.295901 0.006151 0.887214
v -0.292557 0.016275 0.881356
v -0.267796 0.013348 0.899002
v -0.296127 0.015758 0.890286
v -0.296512 0.007183 0.889806
v -0.268391 0.011686 0.891740
v -0.285833 0.005221 0.887964
v -0.267371 0.005866 0.895360
v -0.283428 0.015164 0.893619
v -0.277696 0.011332 0.898417
v -0.282886 0.021248 0.892367
v -0.283416 0.012586 0.892161
v -0.278539 0.019321 0.892955
v -0.292138 0.007777 0.885851
v -0.288084 0.023460 0.883936
v -0.265403 0.009311 0.892110
v -0.283257 0.009562 0.882662
v -0.295466 0.016492 0.893213
v -0.285241 0.008631 0.890750
v -0.277865 0.020385 0.883329
v -0.295945 0.016134 0.891808
v -0.268077 0.001439 0.887248
v -0.293768 0.004803 0.887998
v -0.295190 0.017869 0.889941
v -0.264716 0.003977 0.889586
v -0.279401 0.010620 0.882070
v -0.286236 0.023640 0.887476
v -0.273456 0.008744 0.884629
v -0.296822 0.010853 0.890362
v -0.286697 0.010382 0.883047
v -0.293612 0.016549 0.893498
v -0.295056 0.014373 0.883439
v -0.280748 0.021646 0.890461
v -0.286360 0.012223 0.892040
v -0.296533 0.013955 0.887987
v -0.270381 0.003536 0.885271
v -0.285232 0.007395 0.889990
v -0.287473 0.018366 0.893804
v -0.277421 0.019235 0.892174
v -0.296124 0.011016 0.890661
v -0.265123 0.006824 0.895447
v -0.268256 0.004420 0.891493
v -0.277275 0.013744 0.880569
v -0.289263 0.020517 0.892573
v -0.271820 0.016492 0.896880
v -0.293753 0.019186 0.882481
v -0.278364 0.013838 0.898108
v -0.273849 0.005164 0.884721
v -0.289816 0.008077 0.885217
v -0.294781 0.019129 0.891253
v -0.264616 0.009014 0.893498
v -0.283514 0.017764 0.880594
v -0.264658 0.006074 0.887675
v -0.282788 0.017725 0.894373
v -0.294144 0.015200 0.893598
v -0.296501 0.013912 0.886534
v -0.264882 0.007108 0.895539
v -0.271013 0.002666 0.886617
v -0.282905 0.019027 0.893822
v -0.296635 0.012873 0.890893
v -0.268438 0.003350 0.889385
v -0.296714 0.012872 0.888927
v -0.273642 0.003088 0.887167
v -0.297408 0.011512 0.887857
v -0.281920 0.004813 0.886357
v -0.294528 0.018620 0.885177
v -0.264881 0.005780 0.886444
v -0.290660 0.012505 0.892083
v -0.296346 0.015324 0.892509
v -0.280002 0.021494 0.890175
v -0.293549 0.019966 0.883235
v -0.272175 0.004331 0.885440
v -0.264657 0.007288 0.888338
v -0.271178 0.014113 0.904406
v -0.275374 0.007007 0.894303
v -0.278594 0.021818 0.885108
v -0.265049 0.003404 0.889219
v -0.279915 0.022388 0.883982
v -0.293549 0.020016 0.887746
v -0.286748 0.016638 0.894306
v -0.278053 0.021450 0.884006
v -0.275476 0.011974 0.882132
v -0.295797 0.015339 0.893205
v -0.282459 0.023428 0.885719
v -0.284707 0.006855 0.884730
v -0.296284 0.015696 0.892050
v -0.286038 0.019816 0.880987
v -0.276693 0.019950 0.884660
v -0.286309 0.022829 0.891150
v -0.274693 0.018027 0.884606
v -0.267257 0.010269 0.901927
v -0.287119 0.007854 0.884530
v -0.270047 0.001696 0.887653
v -0.285614 0.015142 0.880663
v -0.293785 0.010809 0.891347
v -0.286412 0.016828 0.880548
v -0.264179 0.005974 0.892369
v -0.295827 0.014840 0.884247
v -0.292734 0.020106 0.882356
v -0.271953 0.011642 0.906518
v -0.265243 0.002417 0.887415
v -0.275768 0.010296 0.882165
v -0.293570 0.010991 0.884208
v -0.289330 0.019582 0.881021
v -0.285604 0.007073 0.884921
v -0.295143 0.005490 0.888651
v -0.280479 0.005169 0.885490
v -0.292741 0.010962 0.891293
v -0.273642 0.016840 0.884558
v -0.297100 0.012016 0.889062
v -0.272272 0.010678 0.905881
v -0.266343 0.011834 0.898330
v -0.280283 0.022692 0.886835
v -0.293081 0.020590 0.884477
v -0.279411 0.009199 0.882847
v -0.280286 0.020857 0.891246
v -0.286155 0.014596 0.893234
v -0.293981 0.019714 0.886300
v -0.286064 0.005846 0.885748
v -0.295554 0.011854 0.883787
v -0.280410 0.022725 0.885010
v -0.293564 0.015568 0.881817
v -0.288053 0.023285 0.887615
v -0.294556 0.012345 0.891861
v -0.288217 0.010187 0.883383
v -0.297228 0.009551 0.890089
v -0.288953 0.022842 0.886722
v -0.275166 0.008336 0.883304
v -0.270114 0.005117 0.893842
v -0.268041 0.013638 0.899694
v -0.291485 0.018967 0.892860
v -0.273198 0.016130 0.900084
v -0.292274 0.021207 0.885553
v -0.264785 0.007385 0.887466
v -0.297023 0.011516 0.888590
v -0.290196 0.022062 0.890624
v -0.288781 0.022841 0.890313
v -0.293567 0.016658 0.881893
v -0.269496 0.002976 0.888662
v -0.278035 0.010479 0.882175
v -0.293855 0.019952 0.890595
v -0.272395 0.009701 0.904070
v -0.283342 0.005893 0.885268
v -0.294498 0.011281 0.883835
v -0.269744 0.002041 0.886542
v -0.282167 0.022916 0.889274
v -0.289369 0.019999 0.892748
v -0.284859 0.023685 0.885122
v -0.292179 0.020256 0.891667
v -0.296110 0.007803 0.890011
v -0.266790 0.007725 0.899259
v -0.269021 0.004431 0.885301
v -0.294055 0.013297 0.883099
v -0.296386 0.015057 0.889287
v -0.265608 0.002068 0.886897
v -0.292327 0.006652 0.886040
v -0.279526 0.021469 0.889301
v -0.294598 0.014283 0.882825
v -0.287773 0.006818 0.889230
v -0.285502 0.023856 0.884103
v -0.292122 0.010539 0.884190
v -0.295672 0.016587 0.887969
v -0.274168 0.013698 0.904011
v -0.297278 0.013009 0.889357
v -0.297060 0.011253 0.886692
v -0.270597 0.007861 0.899978
v -0.274364 0.012378 0.904882
v -0.270024 0.004260 0.891037
v -0.294278 0.015580 0.882568
v -0.280578 0.022075 0.889649
v -0.266715 0.001261 0.887221
v -0.288540 0.022281 0.891303
v -0.294477 0.018476 0.884180
v -0.296154 0.009895 0.884912
v -0.266051 0.001491 0.887630
v -0.272688 0.004959 0.884764
v -0.296561 0.011797 0.890746
v -0.296778 0.009367 0.886698
v -0.296681 0.012616 0.887650
v -0.272591 0.005624 0.884781
v -0.295062 0.016465 0.883046
v -0.288244 0.006855 0.885329
v -0.297076 0.012291 0.890524
v -0.295264 0.016447 0.883612
v -0.290877 0.015449 0.881407
v -0.293811 0.018679 0.881712
v -0.292366 0.014504 0.882273
v -0.265703 0.005432 0.893159
v -0.285959 0.004635 0.887543
v -0.282807 0.016452 0.894351
v -0.296881 0.012185 0.887085
v -0.295669 0.012437 0.883661
v -0.270386 0.002772 0.888775
v -0.295935 0.013533 0.884448
v -0.276906 0.019954 0.884072
v -0.284333 0.013692 0.880978
v -0.284056 0.022260 0.891582
v -0.295066 0.014064 0.892596
v -0.296831 0.013111 0.890470
v -0.296638 0.007102 0.889536
v -0.269875 0.002321 0.888435
v -0.147560 0.006413 0.927068
v -0.161627 -0.007584 0.925290
v -0.152550 -0.005975 0.912399
v -0.206589 0.009488 0.914057
v -0.203341 0.032845 0.940927
v -0.189598 -0.004335 0.916437
v -0.146333 0.001208 0.940091
v -0.204904 0.004773 0.953289
v -0.170155 0.024758 0.950836
v -0.170147 0.016640 0.915157
v -0.194930 0.018299 0.917180
v -0.207704 0.020546 0.924745
v -0.164928 0.003112 0.912506
v -0.183635 0.001855 0.960926
v -0.168942 -0.003458 0.951530
v -0.170452 -0.000391 0.912197
v -0.204022 0.026359 0.922479
v -0.214382 0.003468 0.931005
v -0.159858 0.019947 0.927639
v -0.147840 -0.000467 0.952170
v -0.146445 0.008064 0.945581
v -0.180286 0.021278 0.914564
v -0.203036 0.012271 0.915694
v -0.197527 0.000299 0.913770
v -0.210813 0.014724 0.918902
v -0.178362 0.024094 0.928069
v -0.151382 -0.008471 0.922272
v -0.201611 0.026853 0.920648
v -0.159257 -0.007730 0.915552
v -0.188416 0.026332 0.956905
v -0.181968 0.006896 0.912160
v -0.150099 0.016974 0.951306
v -0.181255 0.004113 0.913189
v -0.208074 -0.000993 0.928745
v -0.193708 0.025171 0.919767
v -0.202414 0.002959 0.948352
v -0.203262 0.012844 0.954874
v -0.180334 -0.004394 0.914370
v -0.212844 0.000002 0.918872
v -0.175885 -0.005968 0.918245
v -0.157205 0.012916 0.953303
v -0.205041 -0.000012 0.914093
v -0.178747 -0.004662 0.948831
v -0.211902 0.003264 0.914099
v -0.188644 0.014969 0.958852
v -0.194278 0.000108 0.947417
v -0.200266 0.031160 0.935452
v -0.183936 0.018805 0.913689
v -0.151513 -0.008412 0.935075
v -0.175574 0.027610 0.959244
v -0.150550 -0.003466 0.948703
v -0.189172 -0.001471 0.913062
v -0.157558 0.019456 0.918368
v -0.199191 0.027710 0.953244
v -0.164142 -0.005167 0.943496
v -0.151133 0.012710 0.919950
v -0.158883 -0.001127 0.957972
v -0.169874 0.021060 0.921833
v -0.147831 -0.005822 0.930972
v -0.158778 0.019694 0.955500
v -0.204685 0.026528 0.949509
v -0.211995 0.013335 0.922886
v -0.150471 -0.002766 0.951721
v -0.210806 0.018983 0.931121
v -0.173828 0.028366 0.956000
v -0.186452 -0.002482 0.953542
v -0.153262 0.008721 0.955174
v -0.190100 0.031688 0.951399
v -0.211535 0.004762 0.943605
v -0.186877 0.027550 0.941074
v -0.148509 -0.006944 0.922546
v -0.179696 0.022528 0.916369
v -0.167579 -0.006194 0.936651
v -0.207181 0.019146 0.951626
v -0.149378 0.014792 0.939424
v -0.213326 0.009381 0.938493
v -0.193618 0.029698 0.953232
v -0.203235 -0.000686 0.935696
v -0.157868 -0.007430 0.929129
v -0.160095 -0.007334 0.926430
v -0.195842 0.006172 0.914230
v -0.183381 0.023633 0.921671
v -0.147496 0.005991 0.935887
v -0.214278 0.011961 0.928283
v -0.195687 0.013339 0.915495
v -0.201707 0.031695 0.949553
v -0.177785 0.019831 0.959255
v -0.152618 0.003347 0.913769
v -0.192300 -0.004072 0.928478
v -0.157392 -0.007153 0.912992
v -0.176212 0.026251 0.948471
v -0.188483 0.022220 0.916985
v -0.152681 0.020172 0.943230
v -0.211137 0.002478 0.940186
v -0.209931 0.012732 0.915510
v -0.167746 0.025636 0.955074
v -0.180692 0.009561 0.913814
v -0.179768 -0.005235 0.935174
v -0.168008 0.021483 0.925282
v -0.169971 0.010747 0.914237
v -0.212835 0.001453 0.934732
v -0.200127 0.032481 0.944798
v -0.192807 0.017318 0.915153
v -0.147755 0.001180 0.926868
v -0.193601 0.024913 0.925299
v -0.192960 0.014772 0.957256
v -0.171504 -0.006501 0.920578
v -0.182879 0.026805 0.940946
v -0.199088 -0.001880 0.927706
v -0.207287 0.021762 0.949694
v -0.192056 0.003749 0.914672
v -0.208114 0.029596 0.933733
v -0.162179 -0.004149 0.951495
v -0.204700 0.006701 0.955596
v -0.148198 -0.001788 0.912874
v -0.149419 0.009373 0.919692
v -0.169740 0.023315 0.941883
v -0.207622 -0.000812 0.926054
v -0.169770 -0.004522 0.942054
v -0.183476 0.013356 0.959303
v -0.177869 -0.004421 0.944885
v -0.164382 0.018364 0.956981
v -0.174015 -0.005600 0.931313
v -0.210037 0.000170 0.914642
v -0.195675 -0.003347 0.926144
v -0.187730 0.030951 0.954916
v -0.146621 0.003996 0.953104
v -0.213350 0.006832 0.917289
v -0.211888 0.009104 0.944382
v -0.147263 0.002255 0.920154
v -0.165536 -0.004137 0.945487
v -0.151453 -0.007844 0.924414
v -0.178397 0.026069 0.944545
v -0.155654 0.019236 0.925320
v -0.185494 0.029663 0.957028
v -0.147493 0.001583 0.953847
v -0.162579 0.021095 0.945780
v -0.147679 0.001679 0.914307
v -0.159767 0.020812 0.940513
v -0.190495 0.003440 0.959363
v -0.214548 0.011663 0.934627
v -0.182796 -0.004409 0.937888
v -0.147771 0.012184 0.946104
v -0.170381 -0.005672 0.914045
v -0.149800 0.010574 0.952573
v -0.162349 0.012878 0.955963
v -0.193534 -0.002436 0.916341
v -0.156922 0.014812 0.954711
v -0.175624 0.000959 0.912718
v -0.179062 0.011158 0.960617
v -0.155017 0.011795 0.915832
v -0.154603 0.019286 0.954285
v -0.149873 0.003834 0.913491
v -0.175787 -0.005272 0.937743
v -0.203648 0.024272 0.920644
v -0.162484 0.019838 0.917428
v -0.190368 -0.001234 0.954186
v -0.194928 0.030286 0.940123
v -0.182577 -0.002572 0.959557
v -0.152927 -0.007372 0.912977
v -0.175797 -0.003929 0.957433
v -0.151247 0.015528 0.928306
v -0.174886 0.011407 0.960320
v -0.149962 -0.007405 0.940018
v -0.202266 0.022024 0.953357
v -0.194330 -0.000886 0.941928
v -0.147667 -0.003568 0.921521
v -0.182890 0.030821 0.953075
v -0.170968 0.022456 0.917096
v -0.198154 0.028682 0.928556
v -0.167208 0.007549 0.958149
v -0.169523 0.013258 0.915696
v -0.210293 0.021612 0.939324
v -0.166819 0.022652 0.935254
v -0.182696 0.012730 0.913223
v -0.189438 0.011140 0.957935
v -0.175683 0.020652 0.915361
v -0.162818 -0.006388 0.934304
v -0.186420 0.001626 0.912814
v -0.176837 0.022465 0.918040
v -0.155899 0.020179 0.948886
v -0.160131 0.011519 0.914848
v -0.200797 -0.002325 0.930746
v -0.209200 0.012308 0.951037
v -0.153463 0.012699 0.917129
v -0.184127 0.007803 0.912242
v -0.168371 0.000858 0.959651
v -0.168216 0.005391 0.913248
v -0.213285 0.001129 0.916160
v -0.160084 0.022204 0.952638
v -0.195804 -0.001556 0.914813
v -0.193832 -0.003319 0.934229
v -0.191633 0.019946 0.916947
v -0.159404 0.002101 0.957624
v -0.146781 -0.004077 0.941018
v -0.195582 0.027295 0.954001
v -0.190499 0.000861 0.958210
v -0.207039 0.025363 0.940407
v -0.165587 0.021364 0.918073
v -0.186748 0.023969 0.924283
v -0.208301 0.006294 0.953103
v -0.165036 -0.002481 0.956813
v -0.185733 0.020026 0.915386
v -0.147870 0.004663 0.925740
v -0.159124 0.001246 0.912754
v -0.158429 -0.007532 0.932687
v -0.146497 -0.004511 0.937694
v -0.189063 0.021959 0.957952
v -0.200533 0.014363 0.916360
v -0.161317 0.022348 0.953198
v -0.213703 0.001274 0.926839
v -0.209653 0.023605 0.934161
v -0.176213 0.015307 0.959705
v -0.212458 0.000057 0.923146
v -0.155190 -0.003231 0.949881
v -0.181599 0.025707 0.931193
v -0.177916 0.005919 0.960830
v -0.175563 0.022411 0.920559
v -0.167544 0.005566 0.958957
v -0.207339 0.025022 0.927732
v -0.206845 0.009627 0.954276
v -0.148088 0.002543 0.935227
v -0.202287 0.018816 0.953661
v -0.179663 0.000693 0.961601
v -0.172284 -0.006626 0.928114
v -0.188024 0.024017 0.918429
v -0.159715 0.020741 0.920612
v -0.183828 0.022538 0.916986
v -0.146207 0.010631 0.950617
v -0.148315 -0.000576 0.931622
v -0.196917 0.000011 0.943916
v -0.182911 0.019152 0.959329
v -0.147262 0.009008 0.938854
v -0.196129 0.017325 0.956352
v -0.206574 0.025205 0.948245
v -0.174360 0.012778 0.914870
v -0.206233 0.028164 0.928720
v -0.190085 -0.002932 0.914256
v -0.152913 -0.006773 0.942219
v -0.176868 0.025599 0.936900
v -0.166778 -0.007275 0.918864
v -0.154092 -0.001549 0.956114
v -0.159751 0.007381 0.914028
v -0.187228 -0.004759 0.927096
v -0.149527 -0.005602 0.942769
v -0.162752 0.013944 0.915948
v -0.165860 0.023208 0.949618
v -0.162288 0.015056 0.956088
v -0.209032 0.017352 0.917998
v -0.166239 0.011781 0.915066
v -0.157549 0.009514 0.955713
v -0.154994 0.019455 0.930444
v -0.164339 -0.005389 0.912396
v -0.183738 -0.005498 0.925283
v -0.199344 0.032148 0.948403
v -0.203803 0.000846 0.913561
v -0.151272 -0.008181 0.917243
v -0.173509 0.012330 0.958837
v -0.161940 -0.003119 0.912534
v -0.165522 0.021755 0.929356
v -0.149628 0.008236 0.918043
v -0.167869 0.019445 0.915991
v -0.150916 0.018367 0.934273
v -0.198518 -0.001897 0.921466
v -0.165607 0.024051 0.953840
v -0.208562 0.019154 0.921769
v -0.169447 0.013856 0.958070
v -0.189773 0.009351 0.913575
v -0.191142 -0.000332 0.953665
v -0.190355 -0.002477 0.944998
v -0.166758 -0.001022 0.958464
v -0.168711 0.022979 0.958024
v -0.195195 0.000763 0.950799
v -0.212464 0.015806 0.938497
v -0.148975 -0.006258 0.918586
v -0.184425 -0.003670 0.945239
v -0.172913 0.024276 0.942026
v -0.179686 0.023294 0.923008
v -0.211659 0.014179 0.941426
v -0.170653 0.010695 0.958746
v -0.198577 -0.001552 0.937312
v -0.167244 -0.002064 0.956887
v -0.194320 0.023420 0.918637
v -0.188324 0.031620 0.950829
v -0.160210 -0.003072 0.954381
v -0.151798 0.008341 0.915618
v -0.200080 0.029737 0.951823
v -0.213247 0.001054 0.921304
v -0.146563 -0.001510 0.945934
v -0.184417 0.025018 0.933771
v -0.171906 0.025356 0.958297
v -0.193202 -0.003815 0.917737
v -0.146142 0.001877 0.943538
v -0.150342 -0.007736 0.932671
v -0.181100 0.019795 0.913635
v -0.177902 0.027894 0.958766
v -0.149946 0.000884 0.955611
v -0.160123 -0.003515 0.949040
v -0.212453 0.005435 0.914516
v -0.156095 0.020440 0.937209
v -0.173818 -0.004960 0.941316
v -0.166841 0.023408 0.956223
v -0.157288 0.020364 0.919534
v -0.151502 0.019947 0.939195
v -0.155505 -0.008389 0.922851
v -0.196471 -0.001419 0.938081
v -0.173459 0.007860 0.913552
v -0.155542 0.020095 0.943452
v -0.195655 0.007018 0.915171
v -0.150670 0.018429 0.945584
v -0.190475 0.018244 0.914763
v -0.200593 0.003561 0.955338
v -0.155632 -0.008196 0.915524
v -0.148829 0.002902 0.955258
v -0.174825 -0.000764 0.960125
v -0.158543 -0.006261 0.941277
v -0.212325 0.000731 0.930875
v -0.183889 0.027551 0.943792
v -0.197233 -0.002086 0.917717
v -0.175367 -0.006186 0.922798
v -0.177602 -0.003823 0.954581
v -0.150006 -0.001162 0.954295
v -0.180416 0.006766 0.914012
v -0.151937 0.017535 0.952426
v -0.174871 -0.003776 0.947627
v -0.211308 0.012493 0.944604
v -0.189530 0.001532 0.913886
v -0.149986 -0.003958 0.912597
v -0.211090 0.016160 0.925133
v -0.213815 0.009591 0.923065
v -0.166305 0.012792 0.916210
v -0.196086 -0.003035 0.922840
v -0.213655 0.002028 0.934107
v -0.148294 0.014255 0.950955
v -0.191868 0.001497 0.913577
v -0.208265 0.004047 0.947465
v -0.196182 0.023617 0.954754
v -0.179752 0.000242 0.913090
v -0.167227 -0.006324 0.929935
v -0.190985 -0.001322 0.949325
v -0.184583 0.024971 0.931681
v -0.196729 0.031803 0.947123
v -0.165593 0.015543 0.916412
v -0.210344 -0.000176 0.923328
v -0.204173 0.029303 0.931652
v -0.180635 -0.004402 0.940614
v -0.151678 0.012858 0.952353
v -0.168436 -0.006861 0.927042
v -0.206975 0.030734 0.934958
v -0.147488 0.010564 0.946285
v -0.192582 0.025700 0.928985
v -0.191070 0.024639 0.956855
v -0.163356 -0.000019 0.912102
v -0.185923 0.023016 0.918311
v -0.176973 0.004992 0.913394
v -0.197052 0.031565 0.948884
v -0.203088 0.001366 0.942659
v -0.158601 0.013753 0.916379
v -0.156708 -0.003456 0.953377
v -0.197617 -0.002095 0.924143
v -0.171580 -0.005502 0.939794
v -0.212889 0.015282 0.931386
v -0.179004 0.025837 0.935567
v -0.209387 0.002720 0.943077
v -0.151465 -0.007515 0.914161
v -0.196566 0.004311 0.957785
v -0.202168 0.023429 0.919673
v -0.160399 -0.006000 0.912258
v -0.188701 -0.001384 0.957122
v -0.176708 0.009927 0.914245
v -0.182959 0.024414 0.926615
v -0.147836 -0.003297 0.931296
v -0.170261 0.017660 0.958214
v -0.147620 -0.005250 0.925466
v -0.203010 0.028690 0.949622
v -0.164058 0.007420 0.913782
v -0.161593 -0.007069 0.914308
v -0.186507 0.017612 0.913212
v -0.151765 0.015425 0.921970
v -0.176206 0.015271 0.913984
v -0.185268 -0.002309 0.913548
v -0.164081 0.021192 0.956666
v -0.206547 0.015171 0.953152
v -0.194556 0.022163 0.955527
v -0.161665 -0.004923 0.945735
v -0.147782 -0.003410 0.945215
v -0.177168 0.028990 0.957871
v -0.214711 0.022795 0.926232
v -0.227689 0.000683 0.923100
v -0.217776 0.003049 0.908978
v -0.277056 0.021134 0.912796
v -0.275979 0.049005 0.941799
v -0.257467 0.006706 0.915293
v -0.212867 0.016544 0.940210
v -0.274759 0.015778 0.955156
v -0.241327 0.048468 0.954028
v -0.239300 0.034314 0.914070
v -0.265432 0.032933 0.916164
v -0.279398 0.034004 0.924332
v -0.232175 0.014742 0.909875
v -0.251811 0.014753 0.963338
v -0.236801 0.007471 0.952315
v -0.237772 0.010380 0.909679
v -0.276040 0.041298 0.921883
v -0.284814 0.013086 0.931098
v -0.229975 0.043245 0.928723
v -0.212693 0.015268 0.953522
v -0.212994 0.028417 0.947321
v -0.250047 0.038382 0.913382
v -0.273524 0.024845 0.914563
v -0.266364 0.011436 0.912490
v -0.282139 0.026774 0.918026
v -0.248934 0.043727 0.928524
v -0.216243 0.000234 0.919632
v -0.273499 0.042176 0.919906
v -0.224873 0.000388 0.912454
v -0.259568 0.044007 0.959312
v -0.250570 0.020500 0.910558
v -0.219570 0.041868 0.954567
v -0.249603 0.016973 0.911565
v -0.277570 0.008613 0.928659
v -0.264829 0.041169 0.918955
v -0.271894 0.013952 0.949826
v -0.273827 0.025477 0.956864
v -0.247826 0.006307 0.912604
v -0.282802 0.009201 0.918000
v -0.242961 0.003938 0.916458
v -0.226585 0.034699 0.956252
v -0.274410 0.010146 0.912839
v -0.246564 0.005759 0.949683
v -0.282126 0.013157 0.912844
v -0.258543 0.030348 0.961337
v -0.262881 0.011528 0.948796
v -0.272498 0.047404 0.935887
v -0.253663 0.034883 0.912394
v -0.217180 0.001022 0.933687
v -0.246834 0.049639 0.962632
v -0.216727 0.009730 0.949263
v -0.257300 0.010139 0.911650
v -0.226849 0.040430 0.917927
v -0.270987 0.043469 0.955099
v -0.231763 0.004450 0.943144
v -0.219270 0.031116 0.918963
v -0.225942 0.013013 0.959755
v -0.239779 0.041379 0.921847
v -0.213202 0.004454 0.929234
v -0.229131 0.044479 0.959244
v -0.276771 0.041404 0.951067
v -0.283266 0.024993 0.922329
v -0.216214 0.011240 0.952731
v -0.282572 0.031781 0.931218
v -0.245224 0.051260 0.959290
v -0.254440 0.008874 0.955234
v -0.220583 0.029102 0.957914
v -0.261770 0.049666 0.953229
v -0.281887 0.014953 0.944701
v -0.258022 0.045593 0.942206
v -0.213356 0.002425 0.919940
v -0.249607 0.040100 0.915385
v -0.234890 0.002981 0.935802
v -0.278692 0.032410 0.953356
v -0.218740 0.038355 0.941417
v -0.284290 0.020171 0.939181
v -0.265241 0.046607 0.955121
v -0.272399 0.009567 0.936163
v -0.223804 0.001109 0.927177
v -0.226103 0.001003 0.924279
v -0.265159 0.018553 0.912984
v -0.253731 0.041075 0.921151
v -0.215125 0.023588 0.936155
v -0.285580 0.023093 0.928155
v -0.265733 0.027005 0.914348
v -0.274103 0.047850 0.951113
v -0.248293 0.039880 0.962542
v -0.219045 0.015073 0.910784
v -0.260395 0.006688 0.928295
v -0.222905 0.001243 0.909674
v -0.247413 0.048061 0.951030
v -0.258906 0.038340 0.915952
v -0.222736 0.045532 0.945914
v -0.281223 0.012317 0.941010
v -0.280985 0.024539 0.914364
v -0.238925 0.050184 0.958724
v -0.249454 0.023851 0.912362
v -0.247578 0.004934 0.934929
v -0.238188 0.042959 0.925837
v -0.238470 0.025908 0.912614
v -0.282942 0.010904 0.935123
v -0.272485 0.048971 0.945978
v -0.263047 0.032042 0.913976
v -0.213878 0.014099 0.925234
v -0.264686 0.040876 0.924927
v -0.262993 0.029127 0.959471
v -0.238272 0.002768 0.918641
v -0.253948 0.046025 0.942322
v -0.267817 0.008676 0.927537
v -0.279076 0.035477 0.951269
v -0.260843 0.016156 0.913458
v -0.280774 0.044598 0.934033
v -0.229798 0.007062 0.952145
v -0.274739 0.018072 0.957647
v -0.213656 0.008744 0.909562
v -0.216800 0.025758 0.918175
v -0.240752 0.046446 0.944244
v -0.277103 0.008883 0.925753
v -0.237660 0.005242 0.941811
v -0.253116 0.029772 0.962038
v -0.245797 0.005804 0.945315
v -0.234862 0.041757 0.960697
v -0.241539 0.003868 0.930342
v -0.279801 0.009746 0.913432
v -0.264006 0.007347 0.925845
v -0.259287 0.049470 0.957145
v -0.211171 0.022491 0.955094
v -0.284051 0.017176 0.916288
v -0.282715 0.020019 0.945539
v -0.213175 0.014816 0.917794
v -0.233384 0.005925 0.945429
v -0.216474 0.001046 0.921971
v -0.249436 0.046744 0.946531
v -0.225312 0.042381 0.926050
v -0.256911 0.048669 0.959563
v -0.211996 0.018666 0.955624
v -0.233269 0.045055 0.948560
v -0.213526 0.013389 0.911264
v -0.230427 0.045400 0.942976
v -0.259139 0.015956 0.961707
v -0.285839 0.022707 0.935005
v -0.250717 0.006097 0.938034
v -0.215869 0.034852 0.948431
v -0.237154 0.003614 0.911504
v -0.217176 0.032457 0.955338
v -0.232276 0.034153 0.959166
v -0.261796 0.008690 0.915261
v -0.226665 0.037768 0.958022
v -0.243404 0.012594 0.910634
v -0.248414 0.027949 0.963527
v -0.223048 0.028286 0.914120
v -0.224630 0.044442 0.957910
v -0.216186 0.016047 0.910503
v -0.243573 0.004607 0.937463
v -0.275423 0.038888 0.919903
v -0.231920 0.040142 0.916871
v -0.258597 0.010289 0.956061
v -0.266668 0.047030 0.940931
v -0.250287 0.009218 0.961721
v -0.218004 0.001328 0.909593
v -0.243360 0.007518 0.959137
v -0.220374 0.037972 0.929092
v -0.244381 0.029378 0.963401
v -0.215932 0.003119 0.939250
v -0.273705 0.036401 0.955223
v -0.262849 0.010320 0.942859
v -0.212814 0.006707 0.918897
v -0.254416 0.050851 0.955449
v -0.240666 0.042001 0.916454
v -0.269971 0.044750 0.928443
v -0.236401 0.025169 0.960869
v -0.238358 0.029777 0.914456
v -0.282293 0.034935 0.940072
v -0.237685 0.046217 0.937146
v -0.251778 0.027708 0.911839
v -0.258898 0.025467 0.960262
v -0.245229 0.038594 0.914362
v -0.229676 0.002432 0.932986
v -0.254737 0.013943 0.911326
v -0.246695 0.040828 0.917330
v -0.226175 0.045193 0.952037
v -0.228366 0.027427 0.913087
v -0.269609 0.007941 0.930819
v -0.280156 0.024117 0.952722
v -0.221605 0.030144 0.915708
v -0.252876 0.021573 0.910730
v -0.236448 0.015003 0.961824
v -0.235968 0.018066 0.911002
v -0.283392 0.010475 0.915070
v -0.230729 0.047427 0.956201
v -0.264320 0.009465 0.913616
v -0.262075 0.007489 0.934538
v -0.262057 0.035277 0.915912
v -0.226786 0.017677 0.959667
v -0.212981 0.008488 0.940659
v -0.267074 0.043454 0.955925
v -0.258895 0.012878 0.960449
v -0.279182 0.039748 0.941241
v -0.235215 0.041850 0.917658
v -0.257325 0.040891 0.923919
v -0.278568 0.017151 0.954956
v -0.232696 0.010021 0.958305
v -0.255722 0.036098 0.914226
v -0.214592 0.019495 0.924424
v -0.225723 0.011994 0.909750
v -0.224646 0.001153 0.931092
v -0.212437 0.007320 0.936854
v -0.259776 0.038688 0.960415
v -0.271049 0.027614 0.915281
v -0.232052 0.047485 0.956818
v -0.283857 0.010589 0.926600
v -0.281810 0.037359 0.934498
v -0.246189 0.034429 0.962931
v -0.282392 0.009312 0.922613
v -0.222176 0.009225 0.950470
v -0.252439 0.044841 0.931776
v -0.246610 0.021008 0.963474
v -0.245529 0.041423 0.920206
v -0.236394 0.022137 0.961537
v -0.279468 0.039315 0.927556
v -0.277348 0.021250 0.956220
v -0.215179 0.017508 0.934836
v -0.273396 0.032623 0.955553
v -0.247631 0.013722 0.964021
v -0.239464 0.002458 0.926758
v -0.258598 0.040512 0.917511
v -0.229355 0.042587 0.920633
v -0.253968 0.039381 0.915982
v -0.213076 0.032851 0.953188
v -0.214557 0.011903 0.930351
v -0.265681 0.011157 0.945037
v -0.253282 0.037250 0.962248
v -0.215195 0.029168 0.939979
v -0.266623 0.031630 0.958459
v -0.278665 0.039616 0.949703
v -0.243228 0.028519 0.913533
v -0.278604 0.043147 0.928621
v -0.258111 0.008355 0.912955
v -0.219336 0.003764 0.941709
v -0.247875 0.046738 0.938388
v -0.233078 0.001348 0.916451
v -0.220184 0.012961 0.957702
v -0.227277 0.020923 0.911679
v -0.255110 0.005938 0.926628
v -0.215814 0.006157 0.942488
v -0.231510 0.031262 0.914681
v -0.236855 0.047556 0.952833
v -0.232452 0.037476 0.959534
v -0.280496 0.030085 0.917049
v -0.234771 0.027703 0.913546
v -0.225994 0.029501 0.958496
v -0.224938 0.043819 0.931925
v -0.230682 0.003490 0.909349
v -0.251449 0.004950 0.924501
v -0.271609 0.048674 0.949870
v -0.273168 0.011309 0.912264
v -0.216059 0.000501 0.914174
v -0.243222 0.030992 0.961912
v -0.228300 0.006259 0.909435
v -0.235964 0.044598 0.930552
v -0.216741 0.023476 0.916109
v -0.237263 0.038520 0.915164
v -0.220590 0.043109 0.936082
v -0.267203 0.008727 0.920800
v -0.236655 0.048882 0.957486
v -0.280177 0.032262 0.921119
v -0.239457 0.034211 0.961371
v -0.258965 0.023034 0.912274
v -0.259501 0.011306 0.955515
v -0.258556 0.008591 0.946067
v -0.234589 0.012246 0.960311
v -0.239623 0.046682 0.961831
v -0.263910 0.012243 0.952465
v -0.284027 0.027836 0.939183
v -0.213834 0.003088 0.915637
v -0.252418 0.007064 0.946064
v -0.243928 0.046622 0.944222
v -0.249954 0.041759 0.922789
v -0.282994 0.026020 0.942345
v -0.240229 0.029313 0.961781
v -0.267302 0.009121 0.937909
v -0.235020 0.010427 0.958443
v -0.265305 0.039034 0.917736
v -0.259942 0.050047 0.952688
v -0.227628 0.009360 0.955506
v -0.219008 0.022943 0.913369
v -0.272151 0.045746 0.953564
v -0.283344 0.010389 0.920624
v -0.212205 0.013236 0.946493
v -0.255270 0.043335 0.934452
v -0.243032 0.048455 0.961927
v -0.261309 0.007078 0.916759
v -0.212076 0.018251 0.944209
v -0.215814 0.001798 0.931040
v -0.250737 0.036452 0.912354
v -0.249185 0.049197 0.961963
v -0.214916 0.017347 0.957470
v -0.227818 0.007800 0.949413
v -0.282943 0.015644 0.913294
v -0.226438 0.045421 0.939410
v -0.241708 0.004853 0.941209
v -0.237822 0.047784 0.960000
v -0.226711 0.042047 0.919346
v -0.221441 0.045421 0.941560
v -0.220768 -0.000099 0.920282
v -0.265057 0.009521 0.938734
v -0.241779 0.021653 0.911742
v -0.225839 0.045007 0.946128
v -0.265045 0.019572 0.914000
v -0.220459 0.043573 0.948407
v -0.260636 0.033418 0.913555
v -0.269999 0.014882 0.957368
v -0.220828 0.000026 0.912344
v -0.213608 0.020626 0.957326
v -0.242663 0.012096 0.962271
v -0.225524 0.003292 0.940573
v -0.282319 0.010119 0.930959
v -0.255018 0.046522 0.945315
v -0.265802 0.008665 0.916753
v -0.242553 0.003405 0.921270
v -0.245313 0.007278 0.956013
v -0.215199 0.014074 0.955784
v -0.248953 0.020310 0.912488
v -0.221671 0.042443 0.955821
v -0.242822 0.006597 0.948171
v -0.282442 0.024078 0.945776
v -0.257960 0.013712 0.912565
v -0.215276 0.005783 0.909205
v -0.282586 0.028427 0.924753
v -0.284837 0.020363 0.922523
v -0.235034 0.029405 0.914943
v -0.264471 0.007683 0.922283
v -0.283883 0.011480 0.934447
v -0.216861 0.038186 0.953969
v -0.260419 0.013506 0.912269
v -0.278297 0.014513 0.948869
v -0.267336 0.039041 0.956737
v -0.247679 0.012012 0.911276
v -0.234189 0.002420 0.928409
v -0.259286 0.010030 0.950788
v -0.255387 0.043109 0.932148
v -0.268762 0.048590 0.948488
v -0.234654 0.033514 0.915404
v -0.280096 0.009298 0.922810
v -0.276506 0.044740 0.931786
v -0.248577 0.005938 0.940843
v -0.220277 0.035718 0.955352
v -0.235286 0.001800 0.925335
v -0.279668 0.046078 0.935356
v -0.214931 0.032307 0.948417
v -0.263680 0.041945 0.928913
v -0.262104 0.041303 0.959139
v -0.230155 0.010425 0.909183
v -0.256255 0.039645 0.917400
v -0.245200 0.017914 0.911593
v -0.269085 0.048270 0.950390
v -0.272454 0.011997 0.943680
v -0.227179 0.031308 0.915071
v -0.223652 0.009235 0.954389
v -0.266213 0.008605 0.923690
v -0.239324 0.004036 0.939423
v -0.284429 0.027170 0.931505
v -0.249982 0.046178 0.936769
v -0.279367 0.012815 0.944132
v -0.216375 0.001299 0.910858
v -0.265747 0.016258 0.960010
v -0.273744 0.038079 0.918855
v -0.226329 0.002621 0.909003
v -0.256801 0.010291 0.959224
v -0.245367 0.024451 0.912727
v -0.253542 0.042544 0.926644
v -0.213575 0.007893 0.929730
v -0.240663 0.039353 0.961763
v -0.212706 0.004808 0.923181
v -0.275194 0.044154 0.951188
v -0.231824 0.021021 0.911595
v -0.227511 0.001222 0.911218
v -0.256305 0.033162 0.911880
v -0.220500 0.036005 0.921696
v -0.245276 0.031559 0.912679
v -0.253182 0.009156 0.912028
v -0.234784 0.045564 0.960494
v -0.277599 0.027810 0.955005
v -0.265467 0.037612 0.957596
v -0.229233 0.005150 0.945595
v -0.213804 0.010060 0.945473
v -0.248552 0.050695 0.961033
v -0.285262 0.043801 0.923435
v -0.300326 0.016275 0.920003
v -0.287307 0.021298 0.909279
v -0.337514 0.036835 0.912968
v -0.344565 0.056822 0.935669
v -0.321063 0.026087 0.914554
v -0.283077 0.039172 0.934722
v -0.335162 0.032620 0.947133
v -0.309655 0.063627 0.946534
v -0.307246 0.050618 0.913667
v -0.329306 0.046883 0.915467
v -0.343182 0.045701 0.921938
v -0.305129 0.031092 0.909392
v -0.315889 0.033604 0.953493
v -0.302401 0.029349 0.944554
v -0.312690 0.026292 0.908767
v -0.342001 0.051326 0.919780
v -0.343274 0.029558 0.927769
v -0.299576 0.060377 0.925981
v -0.282826 0.038186 0.945476
v -0.284279 0.049047 0.940578
v -0.316763 0.052732 0.913136
v -0.334953 0.040091 0.914359
v -0.327501 0.030063 0.912652
v -0.342579 0.040582 0.917135
v -0.316396 0.057173 0.925379
v -0.284701 0.019711 0.918034
v -0.339391 0.052478 0.918229
v -0.297178 0.016382 0.911501
v -0.325529 0.056209 0.950260
v -0.316016 0.038013 0.910754
v -0.290345 0.061111 0.947059
v -0.316331 0.034557 0.911347
v -0.336671 0.026746 0.925783
v -0.330597 0.053040 0.917570
v -0.332523 0.031495 0.942830
v -0.335508 0.040176 0.948415
v -0.318310 0.023938 0.911510
v -0.341135 0.026662 0.917184
v -0.317270 0.020877 0.914130
v -0.295768 0.054112 0.948280
v -0.334123 0.028314 0.912996
v -0.310547 0.026924 0.942439
v -0.340966 0.029904 0.913018
v -0.323216 0.045381 0.951894
v -0.324789 0.030104 0.941850
v -0.340713 0.056167 0.930960
v -0.319454 0.049543 0.912346
v -0.285303 0.022974 0.929432
v -0.314933 0.062951 0.953182
v -0.285648 0.033315 0.942043
v -0.320700 0.029163 0.911703
v -0.297300 0.056977 0.916797
v -0.336754 0.053987 0.946714
v -0.300034 0.023923 0.936811
v -0.289975 0.050188 0.917575
v -0.293812 0.034966 0.950540
v -0.308360 0.056332 0.919984
v -0.282086 0.025362 0.925856
v -0.298500 0.062653 0.951004
v -0.342308 0.051405 0.943378
v -0.343348 0.039144 0.920647
v -0.285380 0.034584 0.944844
v -0.345693 0.043554 0.927499
v -0.313577 0.064760 0.950583
v -0.317478 0.028615 0.946952
v -0.290546 0.049321 0.949317
v -0.328860 0.060196 0.945259
v -0.341024 0.031363 0.938752
v -0.325230 0.057336 0.936347
v -0.281999 0.022449 0.918347
v -0.316575 0.054154 0.914753
v -0.307676 0.020295 0.930134
v -0.340880 0.044872 0.945489
v -0.289306 0.058256 0.936394
v -0.343660 0.035101 0.934241
v -0.331707 0.057296 0.946772
v -0.332499 0.027823 0.931760
v -0.294410 0.018037 0.923679
v -0.297777 0.017003 0.921134
v -0.327291 0.035723 0.912997
v -0.320180 0.054495 0.919420
v -0.285693 0.044648 0.931468
v -0.345147 0.037323 0.925343
v -0.328701 0.042338 0.914071
v -0.341385 0.056622 0.943342
v -0.315329 0.054578 0.952989
v -0.288842 0.034032 0.910857
v -0.322931 0.026056 0.925153
v -0.294377 0.017875 0.909428
v -0.315260 0.061567 0.943792
v -0.324276 0.051748 0.915231
v -0.293170 0.064180 0.940222
v -0.340178 0.029322 0.935769
v -0.341233 0.039051 0.914215
v -0.307667 0.065571 0.950419
v -0.314882 0.041081 0.912287
v -0.317529 0.023101 0.929613
v -0.306977 0.058222 0.923344
v -0.306110 0.043750 0.912423
v -0.341471 0.028008 0.931017
v -0.341062 0.057362 0.939094
v -0.327036 0.046439 0.913697
v -0.283653 0.034693 0.922627
v -0.331365 0.052489 0.922298
v -0.326844 0.043939 0.950399
v -0.314468 0.019421 0.915696
v -0.321108 0.058407 0.936517
v -0.328514 0.027586 0.924777
v -0.342327 0.046932 0.943699
v -0.323431 0.034146 0.913334
v -0.348142 0.052782 0.929405
v -0.296434 0.029649 0.944401
v -0.335434 0.034341 0.949108
v -0.282959 0.028595 0.909954
v -0.287321 0.046158 0.916932
v -0.308988 0.061955 0.938594
v -0.336298 0.027013 0.923434
v -0.306776 0.024213 0.935503
v -0.318566 0.045497 0.952448
v -0.311199 0.026352 0.938718
v -0.303280 0.059402 0.952049
v -0.316476 0.020654 0.925287
v -0.338643 0.027419 0.913487
v -0.325221 0.026749 0.923346
v -0.325992 0.060570 0.948495
v -0.282300 0.044135 0.946743
v -0.343025 0.032919 0.915804
v -0.342290 0.035246 0.939404
v -0.283115 0.035688 0.916615
v -0.300695 0.026314 0.938786
v -0.285011 0.020325 0.919920
v -0.317012 0.059889 0.940037
v -0.295710 0.059804 0.923694
v -0.323753 0.060235 0.950459
v -0.282597 0.040982 0.947173
v -0.302238 0.062245 0.942250
v -0.283251 0.033755 0.911341
v -0.299657 0.063256 0.937866
v -0.322204 0.033805 0.952198
v -0.345436 0.036803 0.930822
v -0.317314 0.025166 0.932566
v -0.286919 0.054907 0.941793
v -0.313597 0.019870 0.909928
v -0.287897 0.052616 0.947304
v -0.300586 0.052952 0.950611
v -0.323493 0.028094 0.914802
v -0.295949 0.057019 0.949851
v -0.315282 0.029305 0.909901
v -0.314399 0.044538 0.953639
v -0.292863 0.047520 0.913670
v -0.294685 0.063103 0.949916
v -0.285830 0.036024 0.910725
v -0.314188 0.023077 0.931641
v -0.340427 0.049809 0.918281
v -0.301604 0.056105 0.915924
v -0.321126 0.029359 0.947646
v -0.334989 0.056757 0.935100
v -0.314015 0.029331 0.952182
v -0.287403 0.019854 0.909764
v -0.307970 0.028708 0.950080
v -0.291103 0.056739 0.926122
v -0.311068 0.046261 0.953575
v -0.284267 0.026483 0.933953
v -0.337495 0.048343 0.946910
v -0.324638 0.029095 0.937041
v -0.281973 0.026830 0.917505
v -0.321819 0.062340 0.947158
v -0.309213 0.056630 0.915597
v -0.338059 0.054389 0.924963
v -0.303820 0.043845 0.951543
v -0.305974 0.047082 0.913976
v -0.346386 0.045672 0.934520
v -0.306271 0.062275 0.932907
v -0.317104 0.043996 0.911892
v -0.323002 0.041433 0.951025
v -0.312712 0.053415 0.913917
v -0.302254 0.018604 0.927987
v -0.319261 0.032230 0.911359
v -0.314193 0.055048 0.916318
v -0.296058 0.063541 0.945175
v -0.297270 0.046265 0.912848
v -0.329942 0.026856 0.927448
v -0.340647 0.038590 0.945137
v -0.291841 0.049161 0.914950
v -0.317495 0.038930 0.910989
v -0.302914 0.035441 0.952235
v -0.307206 0.035219 0.910526
v -0.341761 0.027620 0.914819
v -0.300154 0.064845 0.948550
v -0.325601 0.028607 0.913528
v -0.323718 0.026892 0.930310
v -0.326657 0.049006 0.915220
v -0.295016 0.038613 0.950471
v -0.282332 0.032203 0.935085
v -0.332852 0.054601 0.947433
v -0.321670 0.031373 0.951183
v -0.345040 0.049514 0.935355
v -0.304572 0.057125 0.916568
v -0.323568 0.053837 0.921627
v -0.338519 0.033340 0.946987
v -0.299209 0.031850 0.949384
v -0.321327 0.050297 0.913831
v -0.284815 0.040460 0.921974
v -0.298063 0.028455 0.909470
v -0.295282 0.017910 0.926823
v -0.281744 0.030358 0.932010
v -0.325132 0.051931 0.951152
v -0.333224 0.042422 0.914888
v -0.301281 0.064751 0.949051
v -0.342193 0.027660 0.924134
v -0.347279 0.047307 0.929911
v -0.313050 0.050279 0.953250
v -0.340810 0.026794 0.920910
v -0.290208 0.032240 0.943031
v -0.319540 0.057641 0.927999
v -0.312145 0.039169 0.953592
v -0.313275 0.055648 0.918639
v -0.303597 0.041203 0.952017
v -0.345435 0.049180 0.924315
v -0.337970 0.036615 0.947963
v -0.285123 0.039299 0.930387
v -0.336263 0.045621 0.947256
v -0.312246 0.033223 0.954036
v -0.315462 0.019068 0.922256
v -0.324322 0.053494 0.916481
v -0.299519 0.058724 0.919077
v -0.320192 0.053114 0.915245
v -0.284661 0.052948 0.945429
v -0.284009 0.032898 0.926762
v -0.327076 0.029605 0.938850
v -0.319482 0.051489 0.952624
v -0.286068 0.049709 0.934743
v -0.330172 0.045570 0.949594
v -0.343565 0.049828 0.942297
v -0.309959 0.045556 0.913242
v -0.345801 0.052001 0.925073
v -0.321134 0.027701 0.912775
v -0.287226 0.026383 0.935946
v -0.315596 0.060219 0.933506
v -0.308413 0.017508 0.914136
v -0.288931 0.035538 0.948869
v -0.297026 0.039915 0.911509
v -0.321176 0.024510 0.923343
v -0.284489 0.029736 0.936568
v -0.300337 0.049002 0.914142
v -0.305542 0.063870 0.945712
v -0.300868 0.056061 0.951053
v -0.341829 0.043217 0.916284
v -0.302783 0.045773 0.913224
v -0.295105 0.049199 0.949841
v -0.295117 0.061943 0.928731
v -0.306093 0.018815 0.908468
v -0.320333 0.022922 0.921263
v -0.339457 0.057512 0.942323
v -0.333193 0.029378 0.912529
v -0.284790 0.019834 0.913590
v -0.310153 0.047893 0.952435
v -0.302828 0.021196 0.908758
v -0.304910 0.060562 0.927391
v -0.287029 0.044136 0.915262
v -0.305966 0.054204 0.914547
v -0.291264 0.062071 0.932151
v -0.328005 0.027636 0.919316
v -0.305449 0.065110 0.949518
v -0.342718 0.044608 0.919458
v -0.306974 0.051585 0.952209
v -0.322639 0.039642 0.912307
v -0.321984 0.030111 0.947217
v -0.320885 0.028020 0.939577
v -0.301048 0.033430 0.951009
v -0.307999 0.062472 0.952863
v -0.325732 0.030598 0.944827
v -0.345345 0.040634 0.934052
v -0.282602 0.022887 0.914852
v -0.315704 0.027310 0.939518
v -0.311936 0.061236 0.938423
v -0.317060 0.055445 0.920735
v -0.343699 0.039614 0.936702
v -0.307404 0.046954 0.952350
v -0.328222 0.027792 0.933092
v -0.301218 0.031927 0.949501
v -0.330504 0.051411 0.916625
v -0.327106 0.060783 0.944844
v -0.294846 0.031861 0.947111
v -0.288886 0.043228 0.913054
v -0.338644 0.055451 0.945407
v -0.341724 0.027556 0.919305
v -0.282183 0.036611 0.939796
v -0.322054 0.056032 0.930137
v -0.311297 0.063041 0.952798
v -0.323088 0.026719 0.915970
v -0.282596 0.040643 0.937951
v -0.284115 0.022964 0.927307
v -0.317143 0.051112 0.912307
v -0.317007 0.062061 0.952559
v -0.284933 0.039614 0.948670
v -0.294832 0.030097 0.942190
v -0.341920 0.031810 0.913383
v -0.296276 0.063698 0.934976
v -0.310541 0.024100 0.934969
v -0.306421 0.063904 0.951490
v -0.297283 0.058443 0.917991
v -0.292054 0.064230 0.936701
v -0.290441 0.018010 0.918286
v -0.326396 0.028269 0.933728
v -0.310011 0.039230 0.911499
v -0.295741 0.063429 0.940401
v -0.327319 0.036510 0.913804
v -0.291128 0.062674 0.942176
v -0.325173 0.047704 0.913323
v -0.331118 0.032208 0.948847
v -0.291117 0.017797 0.911781
v -0.284170 0.042380 0.948551
v -0.307868 0.032449 0.952610
v -0.293904 0.022878 0.934826
v -0.340852 0.027446 0.927651
v -0.322204 0.058613 0.938914
v -0.326777 0.027813 0.916067
v -0.316985 0.020366 0.918000
v -0.309591 0.028309 0.947560
v -0.284825 0.036962 0.947308
v -0.315064 0.037819 0.912245
v -0.292060 0.061617 0.948160
v -0.307933 0.027686 0.941142
v -0.342600 0.038354 0.939543
v -0.321020 0.032275 0.912539
v -0.284467 0.024821 0.909604
v -0.343855 0.041607 0.922497
v -0.344038 0.035387 0.920843
v -0.303124 0.047139 0.914362
v -0.325629 0.026977 0.920472
v -0.342326 0.028370 0.930473
v -0.287950 0.057838 0.946382
v -0.322786 0.032085 0.912377
v -0.337950 0.031392 0.942111
v -0.332116 0.051212 0.948140
v -0.317171 0.029319 0.910672
v -0.309626 0.018410 0.923779
v -0.321651 0.029131 0.943404
v -0.322164 0.055824 0.928273
v -0.336865 0.057810 0.941217
v -0.303234 0.050471 0.914734
v -0.338866 0.027027 0.921064
v -0.344541 0.053352 0.927581
v -0.315014 0.025501 0.934900
v -0.290537 0.055600 0.947538
v -0.310932 0.018022 0.921233
v -0.347365 0.054085 0.930472
v -0.286057 0.052541 0.941648
v -0.330845 0.053376 0.925493
v -0.327448 0.053752 0.950119
v -0.304467 0.025798 0.908611
v -0.322157 0.053081 0.916396
v -0.313785 0.035247 0.911201
v -0.336790 0.057631 0.942787
v -0.332785 0.029852 0.937860
v -0.296678 0.049500 0.914448
v -0.291467 0.032185 0.946200
v -0.327168 0.027626 0.921643
v -0.309805 0.022615 0.933322
v -0.345509 0.040220 0.927900
v -0.317452 0.059251 0.932112
v -0.338666 0.029919 0.938286
v -0.285347 0.020336 0.910882
v -0.327753 0.033535 0.950901
v -0.338491 0.049524 0.917485
v -0.299690 0.018066 0.908563
v -0.319631 0.029503 0.950182
v -0.311773 0.041857 0.912532
v -0.320252 0.055668 0.923850
v -0.282760 0.028752 0.926257
v -0.308390 0.055886 0.952625
v -0.281694 0.024840 0.920965
v -0.341648 0.053640 0.943433
v -0.301749 0.039355 0.911326
v -0.301341 0.016489 0.910239
v -0.321504 0.047890 0.911938
v -0.291427 0.054206 0.919857
v -0.312009 0.047774 0.912556
v -0.319257 0.027632 0.911645
v -0.303530 0.062638 0.951940
v -0.338950 0.041626 0.946916
v -0.330041 0.050388 0.948866
v -0.296437 0.026193 0.939008
v -0.283201 0.033856 0.938975
v -0.316584 0.063420 0.951834
v -0.349668 0.033158 0.905670
v -0.350469 0.010965 0.903126
v -0.340252 0.015134 0.888625
v -0.409884 0.029868 0.894070
v -0.419282 0.055735 0.923192
v -0.387892 0.018279 0.896763
v -0.344321 0.026872 0.920065
v -0.407995 0.025289 0.938041
v -0.397531 0.057935 0.935174
v -0.380440 0.044533 0.894080
v -0.401142 0.040803 0.896679
v -0.415477 0.040635 0.905354
v -0.362454 0.025574 0.889738
v -0.387425 0.024495 0.945559
v -0.364940 0.015835 0.933100
v -0.366373 0.021440 0.889886
v -0.413528 0.047481 0.902481
v -0.416892 0.021305 0.913236
v -0.376646 0.053874 0.908884
v -0.345191 0.026283 0.934046
v -0.352296 0.038896 0.927399
v -0.390155 0.048082 0.893653
v -0.406757 0.033317 0.895629
v -0.397801 0.022248 0.893992
v -0.415915 0.033755 0.899117
v -0.393831 0.052890 0.909061
v -0.338544 0.012265 0.899576
v -0.410909 0.048243 0.900281
v -0.346940 0.011538 0.892265
v -0.410459 0.051075 0.940727
v -0.385343 0.031889 0.891407
v -0.364851 0.053127 0.935338
v -0.383218 0.028446 0.892455
v -0.408832 0.017770 0.910715
v -0.402876 0.048021 0.899163
v -0.404654 0.023759 0.932508
v -0.410988 0.033837 0.939343
v -0.376692 0.017819 0.893532
v -0.414273 0.017618 0.899696
v -0.369499 0.014724 0.897085
v -0.370944 0.044645 0.937038
v -0.405818 0.019794 0.894361
v -0.375177 0.015029 0.931112
v -0.414150 0.021765 0.894367
v -0.403176 0.039395 0.943479
v -0.395695 0.021713 0.931176
v -0.414856 0.054559 0.917068
v -0.391949 0.044624 0.892829
v -0.340110 0.012553 0.913987
v -0.403261 0.058665 0.944170
v -0.345228 0.019878 0.929586
v -0.388661 0.021821 0.893000
v -0.370848 0.050776 0.897510
v -0.417084 0.049708 0.936616
v -0.356590 0.013391 0.923588
v -0.358950 0.041683 0.898372
v -0.358005 0.022330 0.940569
v -0.384731 0.051408 0.902037
v -0.337169 0.016144 0.909231
v -0.379645 0.055074 0.940388
v -0.419566 0.047613 0.932704
v -0.417049 0.032333 0.903741
v -0.346320 0.021830 0.933278
v -0.418555 0.038461 0.912647
v -0.402296 0.060251 0.940621
v -0.386665 0.018782 0.937387
v -0.360892 0.038873 0.938466
v -0.413461 0.056155 0.934315
v -0.414332 0.023528 0.927265
v -0.406959 0.053864 0.923331
v -0.336295 0.014620 0.899800
v -0.390648 0.049513 0.895605
v -0.359699 0.013065 0.916505
v -0.417299 0.038826 0.935278
v -0.363236 0.049527 0.921705
v -0.417574 0.027744 0.921316
v -0.414810 0.052803 0.936352
v -0.403686 0.019484 0.918470
v -0.346870 0.011714 0.907265
v -0.349060 0.011390 0.904305
v -0.397932 0.029299 0.894377
v -0.395197 0.049546 0.901450
v -0.351130 0.034283 0.916047
v -0.419284 0.030668 0.909955
v -0.399974 0.036186 0.895264
v -0.419751 0.054151 0.932618
v -0.400774 0.048573 0.944104
v -0.347341 0.025909 0.890084
v -0.391099 0.018054 0.910272
v -0.344995 0.012739 0.889404
v -0.402351 0.056617 0.932065
v -0.397189 0.046480 0.896217
v -0.370003 0.057009 0.926579
v -0.413114 0.021020 0.923479
v -0.414261 0.032121 0.895483
v -0.396042 0.060161 0.940069
v -0.385575 0.034851 0.893079
v -0.375401 0.015477 0.916305
v -0.384487 0.053257 0.906166
v -0.376311 0.036590 0.892739
v -0.414662 0.019342 0.917397
v -0.418091 0.055474 0.927292
v -0.398734 0.040673 0.894554
v -0.343001 0.024754 0.904744
v -0.403905 0.048212 0.905487
v -0.405391 0.037984 0.941693
v -0.363179 0.013036 0.898975
v -0.404097 0.054868 0.923447
v -0.398863 0.019234 0.909554
v -0.418736 0.041514 0.933000
v -0.393503 0.027350 0.894832
v -0.420218 0.050825 0.915245
v -0.356937 0.015612 0.932670
v -0.408724 0.027471 0.940564
v -0.337883 0.020757 0.888983
v -0.352795 0.036270 0.897461
v -0.393021 0.057453 0.925519
v -0.408393 0.018114 0.907711
v -0.363492 0.014141 0.922458
v -0.398459 0.039018 0.944030
v -0.373720 0.015024 0.926544
v -0.386833 0.051826 0.942008
v -0.368372 0.014376 0.911289
v -0.411280 0.018608 0.894974
v -0.394839 0.018369 0.907788
v -0.412057 0.056233 0.938342
v -0.347942 0.033900 0.935681
v -0.416652 0.025433 0.897874
v -0.416323 0.028019 0.927953
v -0.341602 0.025768 0.897106
v -0.359096 0.014373 0.925860
v -0.339189 0.012837 0.901924
v -0.402453 0.055665 0.927623
v -0.370933 0.052902 0.905882
v -0.410107 0.055868 0.940879
v -0.346781 0.030065 0.936287
v -0.385208 0.056123 0.929674
v -0.339949 0.024810 0.890523
v -0.380324 0.056667 0.923829
v -0.394625 0.025830 0.944232
v -0.419440 0.029809 0.916904
v -0.379477 0.016428 0.919583
v -0.358527 0.045706 0.928751
v -0.362376 0.014488 0.891730
v -0.358868 0.042968 0.935858
v -0.378247 0.043655 0.940175
v -0.392857 0.019995 0.896826
v -0.372623 0.048059 0.938959
v -0.374431 0.023952 0.891207
v -0.392439 0.037153 0.945355
v -0.360768 0.038953 0.893582
v -0.372426 0.055362 0.938901
v -0.344288 0.027079 0.889719
v -0.370327 0.014495 0.918542
v -0.411985 0.044811 0.900341
v -0.375766 0.050245 0.896572
v -0.391639 0.020358 0.938469
v -0.412562 0.054357 0.922087
v -0.383219 0.019224 0.943937
v -0.340000 0.013524 0.889318
v -0.374141 0.017062 0.940820
v -0.364525 0.048731 0.908911
v -0.389291 0.038410 0.944983
v -0.340082 0.014143 0.919511
v -0.416019 0.042987 0.937018
v -0.394876 0.020788 0.925133
v -0.337230 0.018403 0.898513
v -0.409085 0.058187 0.936544
v -0.384175 0.052081 0.896510
v -0.410000 0.051838 0.909253
v -0.376775 0.033885 0.941931
v -0.378171 0.040145 0.894515
v -0.419185 0.040539 0.921431
v -0.387313 0.056946 0.917953
v -0.388575 0.038451 0.892534
v -0.400153 0.035027 0.942571
v -0.386680 0.048597 0.894548
v -0.353685 0.012499 0.913357
v -0.387193 0.025594 0.892514
v -0.389076 0.050371 0.897523
v -0.375200 0.056252 0.932940
v -0.366492 0.038127 0.892770
v -0.400586 0.018228 0.912948
v -0.415275 0.031783 0.935133
v -0.360411 0.040786 0.895140
v -0.387673 0.032841 0.891642
v -0.370748 0.023972 0.943061
v -0.369024 0.028946 0.891069
v -0.415060 0.018837 0.896668
v -0.383204 0.058030 0.937298
v -0.395449 0.020505 0.895151
v -0.392959 0.018512 0.916687
v -0.398883 0.043293 0.896298
v -0.361317 0.026457 0.940320
v -0.339691 0.019207 0.920706
v -0.414761 0.049732 0.937311
v -0.393162 0.022874 0.942980
v -0.418631 0.045750 0.922593
v -0.379552 0.051948 0.897519
v -0.398232 0.048995 0.904358
v -0.411875 0.026141 0.937832
v -0.363197 0.018807 0.939227
v -0.394110 0.045188 0.894604
v -0.347085 0.029819 0.903803
v -0.353371 0.022770 0.889317
v -0.347727 0.011647 0.911315
v -0.338402 0.018623 0.916937
v -0.408448 0.046275 0.942074
v -0.404922 0.035822 0.896159
v -0.385474 0.057994 0.937968
v -0.415553 0.018887 0.908587
v -0.419421 0.043639 0.915840
v -0.395213 0.043477 0.944555
v -0.413869 0.017791 0.904465
v -0.350199 0.018749 0.930886
v -0.397718 0.053546 0.912430
v -0.385593 0.030245 0.945271
v -0.389037 0.050950 0.900438
v -0.374842 0.030802 0.942623
v -0.417176 0.045466 0.908504
v -0.412051 0.029929 0.938959
v -0.347043 0.028147 0.914704
v -0.414085 0.039684 0.937518
v -0.382731 0.023382 0.946059
v -0.364746 0.012625 0.907392
v -0.397667 0.048385 0.897717
v -0.374561 0.052772 0.900357
v -0.393858 0.048193 0.896233
v -0.354748 0.044130 0.933689
v -0.342515 0.022540 0.910072
v -0.397928 0.021414 0.927439
v -0.403450 0.045659 0.943949
v -0.354544 0.039790 0.919947
v -0.409169 0.039668 0.940536
v -0.419956 0.045682 0.931344
v -0.381941 0.039072 0.893843
v -0.417385 0.049510 0.909606
v -0.389039 0.019980 0.894379
v -0.343924 0.014107 0.921990
v -0.397658 0.056309 0.919328
v -0.356792 0.011866 0.896564
v -0.351839 0.023209 0.938479
v -0.361196 0.031702 0.891329
v -0.385013 0.017333 0.908324
v -0.341599 0.016642 0.922667
v -0.372113 0.041652 0.894438
v -0.391806 0.057790 0.933982
v -0.380854 0.047254 0.940631
v -0.414741 0.036592 0.897862
v -0.373583 0.038205 0.893469
v -0.367229 0.038684 0.939126
v -0.371285 0.054699 0.912041
v -0.354367 0.014331 0.889200
v -0.380243 0.016124 0.905897
v -0.418325 0.054960 0.931214
v -0.404715 0.021163 0.893767
v -0.338091 0.012801 0.894006
v -0.389462 0.040001 0.943375
v -0.353002 0.017058 0.889150
v -0.383375 0.055374 0.911079
v -0.350764 0.034012 0.895342
v -0.380025 0.048626 0.895057
v -0.366362 0.054407 0.916278
v -0.398247 0.019371 0.902588
v -0.392851 0.059069 0.938761
v -0.415340 0.038611 0.901992
v -0.387892 0.043393 0.942683
v -0.393359 0.033864 0.893362
v -0.392888 0.021351 0.937931
v -0.390039 0.018862 0.928208
v -0.366947 0.021132 0.941404
v -0.395536 0.056641 0.943330
v -0.397113 0.022312 0.934975
v -0.418951 0.034132 0.920854
v -0.336747 0.015334 0.895384
v -0.382339 0.016922 0.927809
v -0.396403 0.057086 0.925468
v -0.393035 0.050769 0.903142
v -0.417836 0.032845 0.924255
v -0.384806 0.038314 0.943113
v -0.398635 0.019581 0.920220
v -0.365994 0.019169 0.939458
v -0.402598 0.045964 0.897963
v -0.412350 0.056672 0.933716
v -0.356679 0.018181 0.936118
v -0.352523 0.033529 0.892630
v -0.418354 0.051906 0.935039
v -0.414999 0.018756 0.902409
v -0.342276 0.023676 0.926587
v -0.400496 0.051762 0.915248
v -0.399751 0.057936 0.943422
v -0.392064 0.018424 0.898377
v -0.344864 0.028459 0.924117
v -0.338921 0.013469 0.911227
v -0.390043 0.046357 0.892698
v -0.405029 0.057724 0.943430
v -0.349347 0.028517 0.938263
v -0.354624 0.016335 0.929746
v -0.415334 0.024155 0.894819
v -0.374315 0.056682 0.919957
v -0.368119 0.014075 0.922121
v -0.394018 0.057874 0.941391
v -0.371327 0.052382 0.898957
v -0.368114 0.056933 0.922030
v -0.343138 0.011265 0.900246
v -0.396611 0.020134 0.921017
v -0.377486 0.032663 0.892114
v -0.374350 0.056309 0.926892
v -0.398034 0.030169 0.895369
v -0.366592 0.055037 0.929063
v -0.397105 0.042246 0.894064
v -0.403496 0.024722 0.940225
v -0.342722 0.011770 0.892157
v -0.349780 0.031942 0.938081
v -0.376311 0.021511 0.943960
v -0.349702 0.013112 0.920932
v -0.413911 0.018627 0.913093
v -0.406314 0.054697 0.926380
v -0.396815 0.019500 0.898401
v -0.368607 0.013804 0.901923
v -0.375590 0.016641 0.937622
v -0.347540 0.025182 0.936534
v -0.383933 0.031524 0.893277
v -0.367593 0.053526 0.936670
v -0.370839 0.015365 0.929218
v -0.417104 0.031524 0.927985
v -0.390256 0.025210 0.893893
v -0.338561 0.017923 0.888746
v -0.417319 0.035532 0.906119
v -0.417867 0.028210 0.904204
v -0.374875 0.039728 0.894859
v -0.395351 0.018656 0.904109
v -0.415708 0.019796 0.916699
v -0.360834 0.049392 0.934607
v -0.392473 0.024864 0.893654
v -0.410773 0.023670 0.931597
v -0.413295 0.045772 0.938332
v -0.379077 0.023588 0.892135
v -0.358753 0.012423 0.908809
v -0.391766 0.020140 0.933062
v -0.399513 0.051462 0.912848
v -0.416422 0.054942 0.929682
v -0.376249 0.043707 0.895251
v -0.411516 0.018107 0.904669
v -0.416434 0.051622 0.912936
v -0.376871 0.015772 0.922237
v -0.363798 0.046283 0.936007
v -0.359330 0.011724 0.905660
v -0.419838 0.052546 0.916629
v -0.356373 0.042899 0.928629
v -0.403943 0.049253 0.909548
v -0.411079 0.048284 0.940650
v -0.357438 0.021214 0.888944
v -0.395849 0.047958 0.897643
v -0.379199 0.029210 0.892226
v -0.416903 0.054490 0.931624
v -0.404351 0.021815 0.926196
v -0.367437 0.041808 0.894682
v -0.352437 0.018658 0.934973
v -0.397241 0.019369 0.905570
v -0.364973 0.013442 0.920230
v -0.419152 0.034217 0.913173
v -0.398506 0.055356 0.917627
v -0.411350 0.021820 0.926713
v -0.338411 0.013664 0.890606
v -0.400400 0.026193 0.942788
v -0.410040 0.044095 0.899217
v -0.349091 0.013724 0.888732
v -0.390095 0.020358 0.941659
v -0.382234 0.035331 0.893234
v -0.396452 0.051074 0.907131
v -0.339121 0.019037 0.909568
v -0.393108 0.048836 0.943207
v -0.336646 0.016630 0.902990
v -0.419499 0.050431 0.932763
v -0.366269 0.031786 0.891442
v -0.349915 0.012125 0.891023
v -0.393499 0.042872 0.892417
v -0.363052 0.046680 0.901255
v -0.384472 0.042045 0.893008
v -0.383982 0.020878 0.893224
v -0.388844 0.055908 0.941856
v -0.414756 0.035206 0.937271
v -0.411508 0.044688 0.939256
v -0.354376 0.014006 0.925978
v -0.341916 0.020415 0.925598
v -0.404755 0.059276 0.942446
v -0.444046 0.062262 0.901786
v -0.444355 0.023560 0.894238
v -0.421511 0.025701 0.876876
v -0.519586 0.041573 0.879696
v -0.526609 0.086683 0.918380
v -0.493497 0.028208 0.883993
v -0.440899 0.056881 0.919391
v -0.518566 0.037434 0.931745
v -0.486058 0.094688 0.935889
v -0.477866 0.072480 0.885896
v -0.508511 0.060904 0.885351
v -0.525886 0.059258 0.894331
v -0.460841 0.043619 0.879194
v -0.491720 0.043575 0.943954
v -0.470288 0.035157 0.930718
v -0.469566 0.036652 0.878435
v -0.523270 0.069765 0.891888
v -0.528375 0.030312 0.901394
v -0.469912 0.090843 0.906002
v -0.439263 0.060190 0.937023
v -0.443580 0.079869 0.930688
v -0.491316 0.073530 0.883858
v -0.516258 0.047182 0.882185
v -0.504881 0.032109 0.880031
v -0.527119 0.047565 0.885774
v -0.492452 0.085643 0.903960
v -0.419777 0.022746 0.889873
v -0.520294 0.071392 0.889669
v -0.435073 0.022485 0.881103
v -0.507266 0.085704 0.941175
v -0.487822 0.047390 0.879033
v -0.458814 0.091121 0.937917
v -0.485993 0.042916 0.880189
v -0.518691 0.026419 0.898912
v -0.509792 0.073156 0.889444
v -0.514414 0.035356 0.925328
v -0.519822 0.053228 0.935078
v -0.481747 0.029661 0.881338
v -0.524393 0.026143 0.885691
v -0.475707 0.027775 0.886312
v -0.465599 0.081148 0.939553
v -0.514248 0.028968 0.879961
v -0.482494 0.029930 0.926550
v -0.524054 0.031033 0.879477
v -0.503174 0.066218 0.942706
v -0.503098 0.034082 0.924595
v -0.521667 0.084239 0.911061
v -0.494718 0.066749 0.881868
v -0.420461 0.026785 0.907028
v -0.493393 0.094944 0.945953
v -0.436414 0.044314 0.928848
v -0.493755 0.032364 0.879581
v -0.464750 0.085705 0.892383
v -0.520454 0.081957 0.935108
v -0.453176 0.028874 0.918763
v -0.451076 0.072909 0.893162
v -0.458586 0.048719 0.941864
v -0.480658 0.084808 0.896495
v -0.416061 0.031861 0.901935
v -0.471033 0.092313 0.942972
v -0.526603 0.077225 0.929526
v -0.528389 0.045339 0.890964
v -0.442032 0.049573 0.934276
v -0.529739 0.056921 0.902783
v -0.491588 0.097220 0.942002
v -0.492946 0.033157 0.933107
v -0.454125 0.077198 0.942435
v -0.510642 0.092063 0.933653
v -0.526165 0.033916 0.918293
v -0.504680 0.088002 0.920569
v -0.416723 0.026111 0.890416
v -0.491342 0.076692 0.886622
v -0.462310 0.027152 0.909901
v -0.526951 0.062514 0.931107
v -0.456315 0.087161 0.922076
v -0.529786 0.040400 0.911659
v -0.514294 0.087708 0.935741
v -0.513194 0.028798 0.908384
v -0.436671 0.024733 0.899183
v -0.440621 0.023811 0.895604
v -0.504897 0.040962 0.880704
v -0.496885 0.077873 0.893607
v -0.447680 0.066686 0.914885
v -0.531156 0.042870 0.897970
v -0.507449 0.052184 0.882668
v -0.524824 0.086924 0.930174
v -0.493190 0.082993 0.945798
v -0.432022 0.042881 0.879905
v -0.497793 0.027571 0.899554
v -0.429836 0.023170 0.877618
v -0.493055 0.093009 0.931889
v -0.501910 0.070167 0.885941
v -0.462788 0.094917 0.927236
v -0.524572 0.030330 0.913699
v -0.525050 0.044872 0.881341
v -0.483822 0.097188 0.941711
v -0.487377 0.052922 0.881679
v -0.482558 0.027974 0.908376
v -0.479426 0.088277 0.901814
v -0.474768 0.059951 0.883398
v -0.525957 0.028056 0.906390
v -0.522809 0.088724 0.924091
v -0.505295 0.059624 0.882637
v -0.430344 0.046911 0.898645
v -0.510152 0.075416 0.897494
v -0.508076 0.063275 0.939989
v -0.469557 0.027179 0.889210
v -0.499912 0.089327 0.920959
v -0.507002 0.028508 0.898179
v -0.527987 0.067278 0.928907
v -0.499294 0.038888 0.881537
v -0.530647 0.076568 0.907482
v -0.455786 0.034448 0.930430
v -0.519219 0.040981 0.935003
v -0.417762 0.033322 0.877811
v -0.443651 0.064516 0.891612
v -0.484366 0.092440 0.924098
v -0.518008 0.026851 0.895424
v -0.467974 0.030030 0.917230
v -0.496714 0.067644 0.944216
v -0.481296 0.029903 0.921232
v -0.477421 0.087915 0.944388
v -0.474859 0.027955 0.903215
v -0.520639 0.027416 0.880348
v -0.502079 0.027627 0.896354
v -0.507882 0.092301 0.938545
v -0.437312 0.073745 0.940421
v -0.527363 0.035435 0.883506
v -0.528325 0.041164 0.919657
v -0.426176 0.044377 0.888882
v -0.458539 0.031299 0.921738
v -0.420232 0.024053 0.892687
v -0.494929 0.091059 0.926327
v -0.463959 0.090147 0.902871
v -0.505037 0.091801 0.941621
v -0.437845 0.067078 0.940430
v -0.475427 0.092240 0.929788
v -0.421575 0.040044 0.880225
v -0.471758 0.093248 0.923207
v -0.500569 0.043157 0.941396
v -0.531878 0.043110 0.906489
v -0.486735 0.028820 0.911964
v -0.451106 0.085135 0.931257
v -0.466044 0.027961 0.880483
v -0.451191 0.082736 0.939776
v -0.472710 0.079114 0.942656
v -0.499055 0.029720 0.883677
v -0.466682 0.084791 0.941676
v -0.477635 0.038517 0.879341
v -0.490808 0.066104 0.946227
v -0.452806 0.067317 0.886620
v -0.465571 0.093171 0.941636
v -0.428586 0.044327 0.879646
v -0.477872 0.028390 0.911700
v -0.521875 0.066347 0.889332
v -0.470652 0.084044 0.890695
v -0.498253 0.034175 0.933893
v -0.515101 0.086760 0.918097
v -0.488511 0.034982 0.941404
v -0.421480 0.023595 0.877614
v -0.479711 0.033913 0.938582
v -0.457326 0.085213 0.906682
v -0.486309 0.069061 0.946457
v -0.419000 0.031641 0.914167
v -0.522113 0.070716 0.934420
v -0.502423 0.032308 0.917306
v -0.416788 0.031666 0.889243
v -0.502238 0.094928 0.936789
v -0.481340 0.083416 0.889295
v -0.517479 0.079381 0.901529
v -0.475717 0.064785 0.943642
v -0.475791 0.066383 0.886174
v -0.530843 0.063844 0.914477
v -0.480223 0.092816 0.915702
v -0.490916 0.057449 0.881002
v -0.502406 0.058456 0.940825
v -0.485808 0.076384 0.885854
v -0.449643 0.026072 0.906344
v -0.491438 0.037504 0.879356
v -0.488268 0.079755 0.889658
v -0.467203 0.093795 0.934432
v -0.460338 0.065107 0.885004
v -0.509196 0.027249 0.902040
v -0.526703 0.048610 0.929135
v -0.452483 0.070647 0.888881
v -0.490793 0.048148 0.879074
v -0.473438 0.048078 0.943427
v -0.469504 0.048447 0.880817
v -0.525169 0.027565 0.882104
v -0.473337 0.095537 0.939178
v -0.502119 0.030153 0.881529
v -0.500363 0.028401 0.907073
v -0.504981 0.064936 0.885418
v -0.459659 0.057486 0.942727
v -0.422500 0.042632 0.917185
v -0.515880 0.083279 0.936524
v -0.499488 0.038315 0.939524
v -0.528372 0.072767 0.916858
v -0.474975 0.085459 0.891446
v -0.501342 0.077308 0.896855
v -0.523370 0.038296 0.931253
v -0.467415 0.040758 0.938761
v -0.497535 0.067849 0.883973
v -0.438453 0.055684 0.898782
v -0.443667 0.038678 0.878516
v -0.436361 0.024825 0.903806
v -0.419198 0.040500 0.912161
v -0.506476 0.078696 0.942333
v -0.513958 0.051695 0.883418
v -0.474966 0.095340 0.939842
v -0.526459 0.027543 0.896024
v -0.530356 0.066297 0.907574
v -0.489563 0.076200 0.946207
v -0.524211 0.026331 0.891297
v -0.442494 0.040474 0.929426
v -0.497114 0.086946 0.907887
v -0.487018 0.055113 0.945355
v -0.487284 0.082016 0.893622
v -0.475018 0.059918 0.944078
v -0.527400 0.067684 0.898860
v -0.522944 0.045086 0.933355
v -0.436267 0.055128 0.911973
v -0.520908 0.065000 0.934462
v -0.486538 0.042793 0.944926
v -0.471825 0.026643 0.898996
v -0.502150 0.073778 0.888135
v -0.468433 0.088934 0.895854
v -0.496328 0.073609 0.886657
v -0.445906 0.084402 0.937540
v -0.427321 0.045237 0.904612
v -0.506108 0.032791 0.919779
v -0.498549 0.078212 0.944944
v -0.448560 0.076586 0.920497
v -0.512878 0.065981 0.938663
v -0.528341 0.073738 0.927463
v -0.481171 0.062413 0.884294
v -0.527291 0.073575 0.900541
v -0.494449 0.030064 0.881117
v -0.423572 0.031799 0.917040
v -0.492563 0.091408 0.916571
v -0.457923 0.025233 0.886473
v -0.449713 0.051985 0.940407
v -0.454096 0.054468 0.882431
v -0.491231 0.027695 0.897855
v -0.422164 0.037510 0.918727
v -0.467350 0.070850 0.887278
v -0.480466 0.094492 0.934724
v -0.473623 0.083284 0.943150
v -0.525785 0.052199 0.884786
v -0.470315 0.064189 0.885170
v -0.462587 0.075382 0.942430
v -0.464212 0.092512 0.910184
v -0.449950 0.026994 0.877597
v -0.486535 0.027253 0.895512
v -0.521967 0.088797 0.928941
v -0.512962 0.030607 0.879337
v -0.419277 0.022969 0.883280
v -0.485211 0.071909 0.944930
v -0.444971 0.030101 0.877619
v -0.477440 0.091261 0.907838
v -0.439696 0.060043 0.888571
v -0.476470 0.079490 0.887820
v -0.459139 0.092503 0.915485
v -0.505857 0.028659 0.890044
v -0.480778 0.096091 0.940359
v -0.526174 0.055874 0.890041
v -0.481400 0.077406 0.944774
v -0.498408 0.048234 0.880421
v -0.499515 0.035399 0.933229
v -0.497130 0.030777 0.921367
v -0.470485 0.044040 0.941375
v -0.484151 0.092848 0.945442
v -0.504736 0.035201 0.929120
v -0.531198 0.052042 0.912399
v -0.417227 0.026495 0.885176
v -0.489499 0.030143 0.921740
v -0.488190 0.092020 0.923874
v -0.492725 0.080731 0.896225
v -0.529800 0.050064 0.916299
v -0.481262 0.070070 0.944833
v -0.507150 0.029497 0.910885
v -0.470453 0.040951 0.938836
v -0.509795 0.069722 0.887702
v -0.508503 0.092884 0.933111
v -0.456827 0.039758 0.935296
v -0.440556 0.058337 0.884919
v -0.522228 0.084783 0.933270
v -0.525438 0.027440 0.888827
v -0.437879 0.053224 0.927096
v -0.500354 0.084519 0.910940
v -0.488578 0.094289 0.945340
v -0.498246 0.027882 0.885527
v -0.440611 0.063219 0.925564
v -0.418925 0.027715 0.903878
v -0.491625 0.070268 0.882324
v -0.496070 0.093953 0.945000
v -0.441413 0.063846 0.942157
v -0.449618 0.035421 0.927134
v -0.525551 0.033841 0.879959
v -0.466782 0.094086 0.919139
v -0.475664 0.029267 0.916417
v -0.482108 0.094533 0.943334
v -0.465042 0.088227 0.894278
v -0.460952 0.095067 0.922049
v -0.427378 0.022002 0.890566
v -0.504618 0.030618 0.912083
v -0.477770 0.052143 0.881513
v -0.466400 0.093673 0.927305
v -0.505040 0.042374 0.881992
v -0.459836 0.093014 0.930402
v -0.502689 0.062042 0.882361
v -0.512882 0.037760 0.934864
v -0.426611 0.021941 0.880926
v -0.439908 0.070075 0.942684
v -0.480136 0.041342 0.942967
v -0.436214 0.028526 0.915427
v -0.524800 0.027262 0.901394
v -0.501472 0.089692 0.924512
v -0.503923 0.028886 0.885235
v -0.475413 0.027194 0.892161
v -0.481772 0.032896 0.934570
v -0.442511 0.057057 0.939239
v -0.486017 0.047983 0.881627
v -0.461514 0.091381 0.939300
v -0.478138 0.032118 0.925084
v -0.528944 0.047556 0.920406
v -0.495310 0.036510 0.880635
v -0.419085 0.029463 0.877293
v -0.528492 0.050567 0.894236
v -0.529320 0.039079 0.890995
v -0.471495 0.067150 0.887144
v -0.502481 0.027945 0.892012
v -0.527152 0.028561 0.905511
v -0.454126 0.087999 0.937605
v -0.498183 0.035765 0.880121
v -0.522075 0.034376 0.923652
v -0.515285 0.076987 0.937211
v -0.482639 0.036719 0.879777
v -0.461832 0.026705 0.901019
v -0.498644 0.033115 0.927272
v -0.500252 0.083585 0.907944
v -0.518480 0.089416 0.927491
v -0.472335 0.073553 0.888148
v -0.521480 0.026769 0.891677
v -0.525460 0.077789 0.905087
v -0.484325 0.029065 0.915504
v -0.457379 0.084368 0.939078
v -0.464071 0.026038 0.897324
v -0.529779 0.079463 0.909429
v -0.448391 0.083277 0.931617
v -0.509569 0.078790 0.902970
v -0.509720 0.081680 0.940730
v -0.452446 0.036439 0.877731
v -0.499199 0.073488 0.888238
v -0.480979 0.045524 0.880680
v -0.518919 0.088959 0.929773
v -0.514249 0.032153 0.917621
v -0.461266 0.071845 0.888043
v -0.448995 0.040892 0.934334
v -0.504831 0.028699 0.893605
v -0.471302 0.028298 0.914257
v -0.530932 0.049534 0.902568
v -0.494853 0.090171 0.914436
v -0.522673 0.031568 0.917678
v -0.419608 0.023878 0.879245
v -0.508331 0.041268 0.938638
v -0.519644 0.065693 0.888164
v -0.438262 0.025199 0.876929
v -0.496336 0.034897 0.937949
v -0.482717 0.055347 0.882651
v -0.497493 0.082042 0.901007
v -0.418578 0.038181 0.902950
v -0.483932 0.083883 0.945330
v -0.416150 0.030279 0.894472
v -0.525351 0.081738 0.930043
v -0.463515 0.054101 0.882182
v -0.441175 0.023703 0.879678
v -0.497400 0.063016 0.880731
v -0.456333 0.080853 0.897104
v -0.484187 0.065883 0.883195
v -0.488669 0.032005 0.880297
v -0.478072 0.092480 0.944130
v -0.524688 0.055458 0.932641
v -0.512803 0.075387 0.938293
v -0.447786 0.030170 0.921856
v -0.430959 0.045539 0.924133
v -0.495555 0.095875 0.943907
v -0.550663 0.101345 0.901707
v -0.552383 0.062886 0.894238
v -0.529539 0.065028 0.876876
v -0.626169 0.077357 0.878591
v -0.630630 0.116242 0.915332
v -0.601523 0.067530 0.883992
v -0.541384 0.094909 0.918967
v -0.625203 0.073353 0.930682
v -0.594948 0.137655 0.937023
v -0.585558 0.110982 0.885638
v -0.613433 0.092618 0.882975
v -0.630219 0.089530 0.891505
v -0.568869 0.082945 0.879194
v -0.599602 0.082543 0.943842
v -0.578316 0.074483 0.930717
v -0.577594 0.075978 0.878435
v -0.627229 0.099121 0.888776
v -0.635557 0.067566 0.900747
v -0.578349 0.131536 0.906428
v -0.542603 0.098709 0.936759
v -0.555649 0.117951 0.930312
v -0.597750 0.108949 0.882638
v -0.622214 0.081432 0.880601
v -0.612618 0.070722 0.879808
v -0.632815 0.081178 0.883991
v -0.599793 0.124400 0.903781
v -0.527805 0.062072 0.889873
v -0.624253 0.100748 0.886557
v -0.543101 0.061811 0.881103
v -0.614742 0.125705 0.941383
v -0.595454 0.085744 0.878730
v -0.566852 0.130478 0.937926
v -0.593861 0.081850 0.880066
v -0.626353 0.064847 0.898631
v -0.614197 0.103605 0.886674
v -0.621425 0.072191 0.924551
v -0.624850 0.085203 0.932784
v -0.589775 0.068987 0.881338
v -0.632155 0.064817 0.885487
v -0.583735 0.067101 0.886312
v -0.573636 0.120502 0.939562
v -0.621996 0.067607 0.879747
v -0.590522 0.069256 0.926550
v -0.631603 0.069185 0.879111
v -0.609777 0.102310 0.941696
v -0.610727 0.072428 0.924289
v -0.625640 0.113642 0.907964
v -0.600861 0.101455 0.880426
v -0.528489 0.066111 0.907028
v -0.602165 0.137771 0.947044
v -0.537237 0.082401 0.928443
v -0.601730 0.071560 0.879540
v -0.572778 0.125031 0.892383
v -0.625567 0.114929 0.933123
v -0.561204 0.068200 0.918763
v -0.559104 0.112235 0.893162
v -0.566614 0.088045 0.941864
v -0.588416 0.123872 0.896413
v -0.524089 0.071187 0.901935
v -0.579587 0.133291 0.943487
v -0.630694 0.107015 0.926550
v -0.634128 0.079058 0.889214
v -0.535340 0.086366 0.933448
v -0.634137 0.087351 0.900006
v -0.600449 0.140313 0.943176
v -0.600943 0.072406 0.933083
v -0.562153 0.116524 0.942435
v -0.617450 0.130382 0.933337
v -0.633124 0.070622 0.917475
v -0.611242 0.125040 0.919853
v -0.524751 0.065437 0.890416
v -0.597771 0.112099 0.885399
v -0.570338 0.066478 0.909901
v -0.631032 0.092168 0.928088
v -0.564343 0.126487 0.922076
v -0.635820 0.074842 0.910135
v -0.620544 0.124344 0.934900
v -0.620787 0.067058 0.908052
v -0.544699 0.064059 0.899183
v -0.548649 0.063137 0.895604
v -0.611948 0.077896 0.879958
v -0.602517 0.111390 0.891795
v -0.555369 0.105954 0.914866
v -0.637059 0.076990 0.896346
v -0.613238 0.086026 0.880956
v -0.629505 0.118648 0.927800
v -0.601403 0.124107 0.946354
v -0.540050 0.082208 0.879905
v -0.605805 0.066858 0.899542
v -0.537864 0.062496 0.877618
v -0.601833 0.136336 0.933135
v -0.607089 0.102514 0.883763
v -0.570821 0.134261 0.927241
v -0.631791 0.067673 0.913080
v -0.631187 0.079565 0.879894
v -0.592663 0.139638 0.942684
v -0.594749 0.090639 0.881176
v -0.590586 0.067300 0.908376
v -0.587755 0.129096 0.902279
v -0.582713 0.099073 0.883334
v -0.633322 0.065758 0.905883
v -0.627337 0.119945 0.921561
v -0.610643 0.092384 0.880588
v -0.538123 0.086195 0.898631
v -0.614455 0.105615 0.894645
v -0.613827 0.097087 0.938268
v -0.577585 0.066505 0.889210
v -0.607421 0.129106 0.921099
v -0.614793 0.067256 0.897998
v -0.631946 0.096634 0.925795
v -0.606749 0.076811 0.881099
v -0.634607 0.105924 0.904371
v -0.563814 0.073774 0.930430
v -0.625507 0.076044 0.933672
v -0.525790 0.072648 0.877811
v -0.551679 0.103842 0.891612
v -0.593395 0.135841 0.925368
v -0.625660 0.065255 0.895136
v -0.576002 0.069356 0.917230
v -0.604075 0.105701 0.943820
v -0.589324 0.069229 0.921232
v -0.586081 0.129433 0.945072
v -0.582887 0.067282 0.903215
v -0.628419 0.066133 0.880158
v -0.610025 0.066751 0.896291
v -0.615608 0.133227 0.939042
v -0.553233 0.113246 0.940496
v -0.634447 0.072447 0.882784
v -0.634534 0.076033 0.918266
v -0.534204 0.083704 0.888882
v -0.566567 0.070625 0.921738
v -0.528260 0.063379 0.892687
v -0.603561 0.134148 0.927499
v -0.572020 0.129581 0.902905
v -0.613258 0.133995 0.942514
v -0.550293 0.106501 0.940472
v -0.584433 0.134934 0.930838
v -0.529603 0.079370 0.880225
v -0.580392 0.134607 0.923841
v -0.607942 0.080877 0.940894
v -0.637564 0.076698 0.904698
v -0.594763 0.068147 0.911964
v -0.559302 0.124459 0.931257
v -0.574072 0.067287 0.880483
v -0.560375 0.122052 0.939776
v -0.580876 0.118909 0.942802
v -0.606992 0.068824 0.883608
v -0.574819 0.124457 0.941782
v -0.585663 0.077843 0.879341
v -0.598508 0.104812 0.946033
v -0.560834 0.106643 0.886620
v -0.573886 0.133381 0.941912
v -0.536614 0.083653 0.879646
v -0.585900 0.067716 0.911700
v -0.625921 0.095916 0.886287
v -0.578628 0.123242 0.890655
v -0.606079 0.073007 0.933739
v -0.619952 0.118715 0.915796
v -0.596539 0.074308 0.941404
v -0.529508 0.062922 0.877614
v -0.587739 0.073239 0.938582
v -0.565354 0.124539 0.906682
v -0.594163 0.108149 0.946382
v -0.527028 0.070968 0.914167
v -0.626475 0.101136 0.931640
v -0.610253 0.071148 0.917154
v -0.524816 0.070992 0.889243
v -0.610530 0.137296 0.937736
v -0.588751 0.121279 0.888838
v -0.621438 0.108737 0.898417
v -0.583745 0.104110 0.943642
v -0.583625 0.105233 0.886026
v -0.635024 0.093745 0.911536
v -0.589465 0.136481 0.917054
v -0.597799 0.093970 0.880126
v -0.608832 0.093857 0.939600
v -0.592838 0.113266 0.885091
v -0.557671 0.065398 0.906344
v -0.599312 0.076452 0.879237
v -0.594970 0.115874 0.888657
v -0.575615 0.134323 0.934807
v -0.568366 0.104434 0.885004
v -0.617004 0.066037 0.901872
v -0.631873 0.080934 0.926949
v -0.560511 0.109974 0.888881
v -0.598204 0.085961 0.878602
v -0.581466 0.087404 0.943427
v -0.577532 0.087773 0.880817
v -0.632911 0.066189 0.881885
v -0.582105 0.137251 0.939923
v -0.609998 0.069113 0.881414
v -0.608340 0.067602 0.907034
v -0.609985 0.096852 0.883105
v -0.567687 0.096812 0.942726
v -0.530528 0.081959 0.917185
v -0.621669 0.118339 0.935192
v -0.607137 0.076712 0.939233
v -0.632331 0.102123 0.913746
v -0.582819 0.124378 0.891318
v -0.606414 0.109467 0.894618
v -0.629781 0.073660 0.930017
v -0.575443 0.080085 0.938761
v -0.603275 0.101570 0.882224
v -0.543976 0.094579 0.898641
v -0.551695 0.078004 0.878516
v -0.544389 0.064151 0.903806
v -0.527226 0.079827 0.912161
v -0.613339 0.116410 0.941828
v -0.619454 0.084816 0.881481
v -0.583746 0.137149 0.940616
v -0.633974 0.065611 0.895631
v -0.634316 0.095653 0.904463
v -0.597464 0.115859 0.946310
v -0.631872 0.064756 0.891016
v -0.544676 0.078794 0.929097
v -0.604363 0.125722 0.907713
v -0.594896 0.094073 0.945240
v -0.594205 0.118876 0.892852
v -0.583046 0.099244 0.944078
v -0.631359 0.097040 0.895748
v -0.628622 0.078653 0.931557
v -0.529575 0.091921 0.911145
v -0.625213 0.095203 0.931615
v -0.594561 0.082108 0.944923
v -0.579853 0.065969 0.898996
v -0.607283 0.106009 0.885921
v -0.576485 0.128346 0.895881
v -0.602131 0.107482 0.884955
v -0.557819 0.123670 0.937533
v -0.534337 0.084389 0.904555
v -0.613746 0.071162 0.919481
v -0.606111 0.117528 0.944940
v -0.556588 0.115912 0.920497
v -0.618100 0.098533 0.936549
v -0.632301 0.103097 0.924352
v -0.588706 0.100529 0.883917
v -0.631251 0.102931 0.897429
v -0.602454 0.069334 0.881099
v -0.531600 0.071125 0.917040
v -0.601412 0.134750 0.917823
v -0.565951 0.064559 0.886472
v -0.551652 0.090263 0.940065
v -0.562124 0.093794 0.882431
v -0.599259 0.067021 0.897855
v -0.530192 0.076836 0.918727
v -0.575378 0.110177 0.887278
v -0.589512 0.137552 0.935888
v -0.582004 0.123787 0.943517
v -0.630999 0.084631 0.882634
v -0.578338 0.103503 0.885166
v -0.570615 0.114708 0.942430
v -0.572362 0.132240 0.910309
v -0.557978 0.066320 0.877597
v -0.594563 0.066579 0.895512
v -0.626935 0.121423 0.926850
v -0.620638 0.069073 0.879069
v -0.527305 0.062295 0.883280
v -0.593090 0.111143 0.944901
v -0.552999 0.069428 0.877619
v -0.586284 0.133563 0.908765
v -0.547724 0.099370 0.888571
v -0.584204 0.118096 0.887595
v -0.567167 0.131829 0.915485
v -0.613678 0.067477 0.889886
v -0.589598 0.138322 0.941265
v -0.630895 0.087096 0.887512
v -0.589427 0.117037 0.944869
v -0.605240 0.084629 0.879506
v -0.607230 0.073960 0.932990
v -0.605109 0.069982 0.921329
v -0.578513 0.083366 0.941375
v -0.592990 0.135278 0.946410
v -0.612198 0.073139 0.928687
v -0.635992 0.083443 0.909925
v -0.525255 0.065821 0.885176
v -0.597527 0.069469 0.921740
v -0.597216 0.135734 0.925241
v -0.599039 0.116176 0.895013
v -0.634940 0.082315 0.914090
v -0.589186 0.109223 0.944778
v -0.614909 0.068164 0.910679
v -0.578481 0.080277 0.938836
v -0.614213 0.100201 0.884941
v -0.615594 0.131981 0.933037
v -0.564838 0.079081 0.935295
v -0.548584 0.097663 0.884919
v -0.627229 0.117481 0.931200
v -0.633052 0.065751 0.888510
v -0.531186 0.090017 0.926268
v -0.607174 0.122117 0.910400
v -0.597426 0.137046 0.946409
v -0.606240 0.067123 0.885501
v -0.542976 0.101571 0.925246
v -0.526953 0.067041 0.903878
v -0.598056 0.105683 0.881103
v -0.604808 0.136947 0.946142
v -0.550855 0.103146 0.942152
v -0.557604 0.074740 0.927132
v -0.632863 0.071411 0.879411
v -0.575084 0.134311 0.919420
v -0.583692 0.068593 0.916417
v -0.590946 0.136863 0.944271
v -0.573070 0.127553 0.894278
v -0.568981 0.134398 0.922050
v -0.535406 0.061328 0.890566
v -0.612413 0.069373 0.911905
v -0.585716 0.091268 0.881450
v -0.574598 0.133548 0.927476
v -0.611925 0.078899 0.881117
v -0.567864 0.132341 0.930402
v -0.608140 0.095055 0.880391
v -0.619769 0.074290 0.933991
v -0.534639 0.061267 0.880926
v -0.555829 0.109575 0.942760
v -0.588164 0.080669 0.942967
v -0.544242 0.067852 0.915427
v -0.632286 0.065261 0.900980
v -0.608833 0.129223 0.924574
v -0.611797 0.067836 0.885117
v -0.583441 0.066520 0.892161
v -0.589800 0.072222 0.934570
v -0.543085 0.095100 0.938820
v -0.593686 0.086429 0.881352
v -0.569628 0.130970 0.939382
v -0.586166 0.071444 0.925084
v -0.634426 0.080644 0.918459
v -0.603082 0.075209 0.880439
v -0.527113 0.068789 0.877293
v -0.633560 0.082640 0.891972
v -0.635765 0.074525 0.889784
v -0.579490 0.106397 0.887119
v -0.610401 0.067005 0.891928
v -0.634464 0.066132 0.904964
v -0.562174 0.127325 0.937605
v -0.605902 0.074332 0.879884
v -0.628978 0.070946 0.922792
v -0.620801 0.110900 0.935521
v -0.590667 0.076045 0.879777
v -0.569860 0.066032 0.901019
v -0.606485 0.071984 0.927130
v -0.606646 0.119909 0.907006
v -0.623592 0.122531 0.925552
v -0.580283 0.112683 0.888086
v -0.629126 0.065160 0.891385
v -0.629419 0.107145 0.901976
v -0.592353 0.068391 0.915504
v -0.565407 0.123694 0.939078
v -0.572099 0.065364 0.897324
v -0.633738 0.108819 0.906317
v -0.558117 0.122233 0.931506
v -0.613904 0.109159 0.900175
v -0.616460 0.119366 0.940217
v -0.560474 0.075765 0.877731
v -0.604652 0.106505 0.886269
v -0.588943 0.084693 0.880632
v -0.624128 0.122412 0.927939
v -0.621663 0.069976 0.917151
v -0.569294 0.111171 0.888043
v -0.552127 0.079375 0.934059
v -0.612671 0.067567 0.893461
v -0.579330 0.067624 0.914257
v -0.635973 0.081540 0.900283
v -0.603360 0.132582 0.915397
v -0.629895 0.068920 0.917062
v -0.527636 0.063204 0.879245
v -0.615253 0.077885 0.937792
v -0.623752 0.095412 0.885165
v -0.546290 0.064525 0.876929
v -0.604232 0.073901 0.937848
v -0.590326 0.093647 0.882330
v -0.603506 0.116996 0.899642
v -0.526606 0.077507 0.902950
v -0.592352 0.124995 0.945886
v -0.524178 0.069605 0.894472
v -0.629726 0.112457 0.927356
v -0.571543 0.093428 0.882182
v -0.549203 0.063029 0.879678
v -0.603404 0.097382 0.879183
v -0.564361 0.120179 0.897104
v -0.591421 0.103263 0.882587
v -0.596696 0.071330 0.880296
v -0.586853 0.134394 0.944936
v -0.629273 0.086348 0.930008
v -0.618603 0.109989 0.936818
v -0.555814 0.069496 0.921856
v -0.533657 0.083948 0.923833
v -0.604316 0.138909 0.945062
vn -0.0682 -0.4594 0.8856
vn -0.1589 -0.3452 0.9250
vn -0.0120 -0.4167 0.9090
vn -0.1672 -0.6693 0.7239
vn 0.0036 -0.4744 0.8803
vn 0.4573 0.2702 -0.8472
vn 0.6104 -0.1522 -0.7773
vn 0.4785 0.6339 -0.6076
vn 0.2546 -0.1603 -0.9537
vn 0.7862 0.3426 -0.5143
vn 0.7515 0.5286 -0.3947
vn -0.9259 0.3449 -0.1542
vn -0.8649 0.4920 -0.0995
vn -0.9111 0.3077 -0.2742
vn -0.0722 0.5635 0.8229
vn -0.0862 0.3645 0.9272
vn -0.0322 0.5660 0.8238
vn -0.0418 -0.2243 -0.9736
vn 0.1318 -0.3230 -0.9372
vn -0.0113 -0.4223 -0.9064
vn 0.6270 0.6723 -0.3935
vn 0.6869 0.3218 -0.6516
vn 0.2714 0.3982 -0.8762
vn 0.6385 -0.3052 0.7065
vn 0.8542 0.5113 0.0946
vn -0.0103 0.8870 0.4617
vn 0.2302 -0.8610 0.4535
vn -0.1645 -0.8405 0.5162
vn -0.1490 -0.9272 0.3436
vn -0.5684 0.8159 0.1064
vn -0.4953 0.8684 -0.0237
vn -0.4744 0.8787 0.0521
vn -0.3821 0.8224 -0.4214
vn -0.4369 0.7282 -0.5280
vn -0.5368 0.8320 -0.1402
vn 0.1834 0.0210 0.9828
vn 0.4022 0.9094 0.1062
vn -0.3776 0.9257 0.0232
vn -0.1064 0.9935 -0.0415
vn -0.0141 0.9997 0.0192
vn -0.1281 -0.4491 0.8842
vn -0.0287 -0.4499 0.8926
vn -0.8952 0.4353 -0.0951
vn -0.8058 0.5922 -0.0009
vn -0.8798 0.4745 -0.0285
vn 0.4903 -0.7196 0.4917
vn 0.0239 -0.9068 0.4210
vn -0.2161 -0.4555 -0.8636
vn -0.1729 -0.4607 -0.8705
vn -0.0835 -0.5344 -0.8411
vn -0.9006 0.0708 -0.4289
vn -0.7476 -0.0679 -0.6606
vn -0.8151 0.1216 -0.5664
vn -0.6799 -0.0374 -0.7323
vn 0.3143 0.3731 -0.8730
vn -0.0119 0.0278 -0.9995
vn 0.0957 0.2660 -0.9592
vn -0.0556 -0.9810 0.1857
vn -0.1292 -0.8172 -0.5616
vn -0.1908 -0.8353 -0.5156
vn 0.2591 -0.0277 -0.9654
vn 0.0726 -0.9759 -0.2059
vn -0.1587 -0.8946 -0.4177
vn -0.4950 -0.2526 0.8314
vn -0.7031 -0.2975 0.6458
vn -0.3568 -0.3620 0.8612
vn -0.1991 -0.2648 0.9435
vn -0.2845 -0.1746 0.9426
vn -0.5815 -0.2194 0.7834
vn -0.3576 -0.3388 -0.8703
vn 0.0178 -0.3875 -0.9217
vn -0.6319 -0.3312 -0.7007
vn 0.0311 -0.5828 0.8120
vn -0.1128 -0.2953 0.9487
vn -0.4093 -0.4636 0.7858
vn -0.1044 -0.1624 -0.9812
vn -0.0656 -0.1195 -0.9907
vn 0.0618 0.3935 -0.9173
vn -0.2027 -0.4872 -0.8494
vn -0.1878 -0.4375 -0.8794
vn -0.2528 -0.4836 -0.8380
vn -0.0420 -0.2980 0.9536
vn -0.0385 -0.3085 0.9504
vn -0.1108 0.4833 0.8684
vn -0.0180 0.7614 0.6480
vn -0.2024 0.8122 0.5471
vn 0.4163 -0.2085 -0.8850
vn 0.1779 -0.2505 -0.9516
vn -0.0287 -0.5288 -0.8483
vn -0.0209 -0.4925 -0.8701
vn -0.1871 -0.7364 -0.6501
vn -0.1596 -0.7165 -0.6791
vn -0.3451 0.6378 0.6885
vn -0.3558 0.3856 0.8513
vn -0.2474 0.5259 0.8138
vn -0.7112 0.6596 0.2434
vn 0.9129 -0.4044 -0.0549
vn 0.1612 0.2351 -0.9585
vn 0.9238 -0.3744 0.0805
vn 0.7016 0.1736 -0.6911
vn 0.7246 -0.2839 -0.6280
vn -0.9535 0.2920 -0.0746
vn -0.9663 0.0115 -0.2572
vn -0.8467 -0.3105 0.4322
vn -0.8413 -0.5035 0.1965
vn -0.5490 -0.8061 -0.2210
vn -0.3049 -0.8107 0.4998
vn 0.9229 0.3538 -0.1522
vn 0.9628 -0.0554 0.2645
vn 0.0472 -0.5200 0.8529
vn -0.1043 -0.6648 0.7397
vn 0.0009 -0.7877 -0.6161
vn 0.0096 -0.9393 0.3430
vn 0.0334 -0.9775 0.2081
vn 0.7475 0.5954 0.2945
vn 0.6303 0.7753 -0.0414
vn -0.0033 -0.3490 0.9371
vn 0.0494 -0.3456 0.9371
vn -0.0070 -0.4040 0.9147
vn 0.5701 0.8004 0.1856
vn 0.0509 0.9628 0.2656
vn 0.6502 0.7523 0.1066
vn 0.1324 0.9753 0.1769
vn 0.4101 0.9050 0.1132
vn 0.2064 0.9784 -0.0060
vn -0.1737 -0.8967 0.4070
vn -0.0375 -0.7973 0.6024
vn -0.2557 -0.8406 0.4776
vn -0.8421 0.3695 -0.3929
vn -0.6213 -0.0885 -0.7785
vn -0.9428 -0.2117 -0.2576
vn -0.4462 0.8777 0.1746
vn 0.2920 0.8801 0.3744
vn 0.4114 0.8348 0.3657
vn -0.0922 -0.8769 -0.4718
vn -0.1504 -0.4286 -0.8909
vn -0.1071 -0.5570 -0.8236
vn -0.2371 -0.6162 -0.7511
vn 0.9527 0.2678 -0.1438
vn 0.7155 0.6701 -0.1975
vn -0.1946 -0.1950 -0.9613
vn -0.0655 -0.4537 -0.8887
vn -0.4396 -0.2193 -0.8710
vn -0.7153 -0.0858 -0.6935
vn -0.1224 0.1593 0.9796
vn -0.1080 0.1039 0.9887
vn -0.1692 0.3888 0.9056
vn -0.0883 0.4079 0.9088
vn 0.1910 0.5018 -0.8437
vn -0.0828 0.6255 -0.7758
vn -0.3643 0.1738 -0.9149
vn -0.0756 0.3796 -0.9221
vn -0.2660 -0.9520 0.1512
vn -0.0573 -0.4834 -0.8735
vn -0.2984 -0.7323 -0.6121
vn -0.3236 -0.8299 -0.4544
vn 0.2242 0.8563 0.4652
vn -0.5998 0.5208 0.6075
vn 0.2955 0.6796 0.6714
vn -0.6781 -0.0205 0.7347
vn -0.1783 0.7859 0.5920
vn -0.5738 -0.4434 0.6886
vn -0.0936 0.0896 -0.9916
vn -0.1939 -0.4512 -0.8711
vn -0.1478 -0.3273 -0.9333
vn -0.2293 0.9197 -0.3187
vn -0.8333 0.5529 0.0051
vn 0.8332 -0.3571 0.4222
vn 0.6483 -0.1738 0.7413
vn 0.1867 -0.8439 0.5029
vn -0.0298 0.0001 0.9996
vn -0.3618 0.7453 0.5600
vn -0.9021 -0.0335 0.4301
vn -0.7254 0.1242 0.6771
vn -0.9425 0.3170 -0.1061
vn -0.0766 -0.9271 0.3670
vn 0.4698 -0.8136 0.3424
vn 0.6706 -0.4748 0.5700
vn -0.3516 -0.8515 0.3889
vn -0.7967 0.5333 -0.2842
vn -0.9268 0.0107 0.3753
vn -0.9420 0.3295 -0.0637
vn -0.9474 0.1389 0.2885
vn -0.3806 -0.2671 -0.8853
vn 0.1926 -0.3229 -0.9266
vn -0.1596 -0.1142 -0.9806
vn -0.1643 -0.4036 -0.9001
vn -0.7968 0.5305 -0.2894
vn -0.8829 0.4500 -0.1337
vn -0.6260 -0.0830 -0.7754
vn -0.7703 0.0325 -0.6368
vn -0.1028 -0.5646 -0.8189
vn -0.1812 -0.4936 -0.8506
vn -0.5832 -0.6850 0.4367
vn 0.0879 -0.0001 0.9961
vn -0.1519 -0.5134 -0.8446
vn -0.1759 -0.5280 -0.8308
vn -0.0634 -0.6762 -0.7339
vn 0.0824 0.2492 -0.9649
vn -0.4861 0.3641 -0.7944
vn -0.8519 0.3008 -0.4286
vn -0.8693 0.3237 -0.3736
vn -0.9415 0.2694 -0.2024
vn -0.9698 0.2223 -0.1004
vn -0.1923 -0.5727 0.7969
vn -0.1378 -0.6727 0.7269
vn 0.3059 0.8013 0.5142
vn 0.0080 0.9604 0.2784
vn 0.2016 0.6446 0.7375
vn 0.2457 0.7529 0.6105
vn -0.9245 0.3782 -0.0480
vn -0.3288 -0.8138 -0.4792
vn 0.1056 -0.7343 0.6705
vn 0.2190 -0.6756 0.7040
vn -0.9368 0.3389 -0.0872
vn -0.9313 0.3625 -0.0349
vn -0.9760 0.1985 -0.0890
vn -0.7403 0.6697 -0.0586
vn -0.8649 0.1221 -0.4869
vn -0.1364 -0.9889 0.0590
vn 0.1177 0.9477 0.2967
vn 0.4363 0.8895 0.1357
vn -0.1142 -0.7140 -0.6908
vn -0.0865 -0.7260 -0.6823
vn 0.7334 0.6527 -0.1903
vn 0.5391 -0.0798 -0.8384
vn -0.1661 0.0799 0.9829
vn -0.3260 0.3656 0.8718
vn 0.4409 0.3680 -0.8187
vn 0.2503 0.8428 -0.4764
vn 0.3478 0.7861 -0.5109
vn 0.3526 0.9315 -0.0893
vn -0.7102 -0.5598 -0.4269
vn -0.1807 -0.4271 -0.8860
vn -0.3473 -0.3828 0.8561
vn -0.3029 -0.5008 0.8108
vn -0.1267 -0.6964 -0.7064
vn -0.2793 0.9314 -0.2336
vn -0.8055 0.5640 0.1820
vn -0.9654 0.2247 0.1324
vn 0.5140 -0.2676 -0.8149
vn 0.0205 0.9963 0.0831
vn -0.9471 0.0251 -0.3199
vn -0.7756 0.3418 -0.5307
vn -0.2984 0.9532 -0.0477
vn 0.0465 -0.4018 0.9145
vn -0.0793 -0.2968 0.9517
vn -0.5709 0.1373 0.8094
vn -0.4521 0.8252 0.3388
vn -0.3538 0.7192 0.5980
vn -0.7570 0.5351 0.3749
vn -0.5204 -0.2688 0.8105
vn -0.1251 -0.4773 -0.8698
vn -0.0090 -0.4198 -0.9076
vn 0.0331 -0.3029 -0.9525
vn 0.2338 -0.3366 -0.9121
vn 0.1159 -0.3206 -0.9401
vn -0.8139 0.2652 -0.5170
vn 0.7690 -0.2822 0.5735
vn 0.8393 0.5352 -0.0954
vn -0.6166 0.7855 0.0530
vn -0.5063 0.8613 0.0426
vn 0.8607 -0.4129 0.2978
vn -0.8834 0.3832 0.2696
vn -0.8869 0.4410 -0.1376
vn -0.9058 0.4221 -0.0384
vn 0.5649 0.7994 0.2045
vn 0.5442 0.8386 0.0245
vn 0.5350 0.8028 0.2632
vn 0.5203 -0.5623 -0.6427
vn 0.5911 -0.8044 -0.0585
vn -0.1338 -0.3761 -0.9169
vn 0.0274 -0.4517 0.8918
vn -0.2184 -0.3713 -0.9025
vn -0.3383 0.8830 0.3253
vn 0.0167 -0.8850 0.4652
vn 0.2227 0.2956 0.9290
vn -0.6526 0.7567 0.0377
vn -0.7400 0.6316 -0.2310
vn 0.6217 0.7202 -0.3079
vn 0.5689 0.7147 -0.4070
vn 0.7717 0.6057 -0.1938
vn -0.6570 -0.4238 -0.6235
vn 0.4021 -0.0826 -0.9118
vn 0.0922 -0.7596 -0.6438
vn 0.0661 -0.9382 0.3397
vn 0.1210 -0.8787 0.4618
vn -0.1739 -0.9113 0.3732
vn 0.1597 -0.9141 0.3727
vn 0.3778 -0.1134 -0.9189
vn -0.1345 -0.9904 -0.0318
vn -0.0641 -0.1231 0.9903
vn -0.1517 -0.9624 0.2252
vn -0.5783 0.4521 -0.6790
vn -0.0021 0.9437 -0.3308
vn -0.0976 -0.4718 -0.8763
vn -0.1689 -0.4937 -0.8531
vn -0.1395 -0.4297 -0.8921
vn 0.7010 0.7085 -0.0809
vn -0.3672 0.1858 0.9114
vn -0.1531 -0.8999 0.4084
vn 0.1430 0.8392 0.5247
vn -0.4674 -0.0239 0.8837
vn 0.6828 0.4858 -0.5457
vn -0.0180 -0.3679 -0.9297
vn 0.9813 -0.1826 0.0609
vn 0.2757 -0.8691 0.4106
vn 0.0085 -0.2936 -0.9559
vn -0.8458 -0.0739 0.5283
vn 0.4469 0.8479 0.2853
vn 0.1421 -0.3746 -0.9162
vn -0.5731 -0.2631 0.7761
vn 0.5284 -0.7423 0.4121
vn -0.0732 -0.4658 -0.8818
vn -0.2529 -0.6162 -0.7459
vn -0.7060 0.7042 -0.0753
vn 0.0289 -0.3011 0.9531
vn 0.4411 0.8140 0.3779
vn 0.1187 -0.2380 -0.9640
vn 0.1206 -0.6624 0.7394
vn 0.2891 0.9564 -0.0418
vn 0.2602 0.9622 -0.0802
vn 0.1826 0.9831 0.0092
vn -0.1100 -0.9905 0.0829
vn -0.1960 -0.9804 0.0196
vn -0.1405 -0.9753 0.1703
vn 0.8807 0.1941 -0.4320
vn 0.8005 0.4690 -0.3731
vn 0.9914 0.1261 -0.0343
vn -0.1960 -0.7231 -0.6624
vn -0.0606 -0.7004 -0.7111
vn -0.1768 -0.9409 -0.2890
vn -0.8371 0.3309 0.4356
vn -0.8823 0.4483 0.1434
vn -0.9366 0.2400 0.2553
vn 0.2474 0.1518 0.9570
vn 0.0902 0.0722 0.9933
vn 0.1704 -0.1484 0.9741
vn -0.0682 -0.9896 -0.1266
vn -0.1421 -0.9897 0.0157
vn -0.2781 -0.9605 0.0027
vn -0.4828 -0.8196 0.3083
vn -0.4882 -0.8386 0.2415
vn 0.9888 -0.0509 -0.1401
vn 0.9939 -0.0461 -0.0998
vn 0.9904 0.0117 -0.1380
vn 0.4861 0.0718 0.8709
vn 0.4067 0.3276 0.8528
vn 0.2727 0.3397 0.9001
vn -0.2304 -0.9476 0.2213
vn -0.2281 -0.9331 0.2780
vn -0.2436 -0.9414 0.2333
vn -0.0650 0.1602 0.9849
vn -0.2652 -0.1014 0.9588
vn -0.2178 -0.1092 0.9699
vn -0.2976 0.9546 0.0164
vn 0.1460 0.9511 -0.2721
vn -0.5294 0.8464 -0.0568
vn -0.2862 0.1842 0.9403
vn -0.3541 0.2163 0.9098
vn -0.3352 0.1964 0.9215
vn 0.0520 0.3385 -0.9395
vn 0.0285 0.5009 -0.8650
vn 0.0576 0.2688 -0.9615
vn 0.2255 0.9704 -0.0866
vn 0.2777 0.9596 -0.0445
vn 0.0372 0.6580 -0.7521
vn -0.0130 0.9223 -0.3862
vn 0.0746 0.9392 -0.3353
vn -0.5784 0.4664 -0.6693
vn -0.7764 0.6140 -0.1420
vn -0.8186 0.5213 -0.2412
vn -0.8934 0.4058 -0.1927
vn -0.8686 0.4122 -0.2749
vn -0.9509 0.1782 -0.2529
vn -0.8549 -0.4852 0.1834
vn -0.9559 0.0041 0.2935
vn -0.9634 0.0051 0.2681
vn 0.0610 0.0134 -0.9980
vn 0.0607 0.0477 -0.9970
vn -0.1101 -0.0660 -0.9917
vn 0.9845 -0.1607 -0.0696
vn 0.6695 -0.1200 -0.7330
vn 0.0893 -0.9929 0.0792
vn 0.0088 -0.9904 0.1381
vn 0.0479 -0.9229 0.3820
vn -0.2737 -0.9330 0.2338
vn -0.3205 -0.9327 0.1657
vn -0.3788 -0.7817 0.4954
vn -0.0986 -0.9352 0.3400
vn 0.9814 0.1817 -0.0625
vn 0.8904 0.0142 0.4550
vn 0.9995 -0.0299 -0.0121
vn 0.0190 0.3122 -0.9498
vn 0.2509 0.3981 -0.8824
vn -0.0219 -0.2245 -0.9742
vn -0.4649 0.3917 -0.7940
vn -0.1852 0.3640 -0.9128
vn 0.0513 0.2957 -0.9539
vn -0.8702 0.3287 -0.3670
vn -0.0346 0.9290 -0.3683
vn 0.2505 0.9172 -0.3098
vn -0.8028 -0.5960 -0.0172
vn -0.1707 -0.9853 0.0096
vn -0.2099 -0.9762 -0.0543
vn -0.9648 0.1922 -0.1793
vn -0.9535 -0.3014 0.0016
vn 0.3266 0.9449 0.0239
vn 0.2643 0.9551 0.1342
vn 0.5572 0.5082 0.6566
vn 0.9906 0.0881 -0.1049
vn 0.8971 0.3203 -0.3045
vn 0.7480 0.6366 -0.1878
vn 0.4244 -0.2385 0.8735
vn 0.1830 -0.4504 0.8739
vn 0.2689 -0.6674 0.6944
vn 0.2117 0.1645 0.9634
vn 0.9718 0.2185 -0.0890
vn 0.9321 0.3583 -0.0529
vn 0.1746 -0.0486 -0.9834
vn 0.1851 0.0556 -0.9811
vn -0.0287 0.3630 -0.9313
vn -0.2284 0.1556 -0.9610
vn -0.2524 0.3790 -0.8903
vn -0.3651 0.3635 -0.8571
vn -0.2413 0.0384 -0.9697
vn -0.0217 -0.1368 -0.9904
vn -0.0064 -0.3513 -0.9363
vn 0.1164 0.3529 -0.9284
vn -0.6533 0.1574 -0.7406
vn -0.6130 0.5648 -0.5525
vn 0.2479 0.9589 -0.1380
vn 0.0928 0.8781 -0.4693
vn -0.1540 0.7506 -0.6425
vn 0.3322 0.8969 -0.2919
vn 0.3214 0.9299 -0.1788
vn -0.1456 -0.9854 -0.0883
vn -0.0288 -0.9905 0.1344
vn -0.0658 -0.9875 0.1430
vn 0.4676 -0.2695 -0.8419
vn 0.8341 -0.5136 -0.2010
vn -0.0164 0.4269 -0.9042
vn 0.4874 -0.7691 -0.4134
vn -0.1801 -0.7572 -0.6278
vn -0.1165 -0.5036 -0.8561
vn -0.0768 0.9811 0.1774
vn -0.3558 0.5590 0.7490
vn -0.2390 0.6664 0.7063
vn 0.3131 0.3860 0.8677
vn 0.3226 0.9273 0.1898
vn 0.4950 0.6393 0.5884
vn 0.1638 -0.0057 -0.9865
vn -0.1046 -0.0582 -0.9928
vn -0.0583 -0.0399 -0.9975
vn -0.0340 0.1718 -0.9845
vn -0.0158 0.2008 -0.9795
vn 0.9421 0.3046 -0.1401
vn 0.7557 0.6505 0.0759
vn 0.6878 0.5981 0.4114
vn 0.5605 0.5090 0.6533
vn 0.2672 -0.3220 0.9083
vn 0.3264 0.2029 0.9232
vn 0.3710 0.0682 -0.9261
vn -0.0242 0.0902 -0.9956
vn -0.1548 0.3253 -0.9328
vn -0.0888 -0.9951 -0.0436
vn -0.0298 -0.9892 0.1434
vn -0.2331 -0.9668 0.1049
vn -0.3576 -0.9185 0.1687
vn -0.1873 -0.9799 0.0693
vn 0.5177 0.4837 -0.7057
vn 0.1595 0.3959 -0.9043
vn 0.3786 0.5380 -0.7532
vn 0.2314 0.3189 -0.9191
vn 0.2112 0.0102 -0.9774
vn -0.5219 0.2102 0.8267
vn -0.7007 0.2721 0.6595
vn -0.8640 0.1410 0.4833
vn -0.4168 -0.6100 0.6739
vn -0.3027 -0.1974 0.9324
vn -0.1107 -0.9159 -0.3860
vn -0.1245 -0.7922 -0.5974
vn -0.1802 -0.8210 -0.5418
vn -0.2640 -0.9483 -0.1764
vn -0.2714 -0.9616 -0.0414
vn -0.1249 -0.9696 -0.2103
vn -0.2301 0.1606 0.9598
vn -0.2925 0.1390 0.9461
vn -0.2655 0.0009 0.9641
vn 0.3215 0.3353 0.8856
vn 0.2443 -0.0340 0.9691
vn 0.1363 -0.5342 0.8343
vn 0.0712 -0.6559 0.7515
vn -0.4428 -0.1180 -0.8888
vn -0.2177 -0.7547 -0.6188
vn -0.5586 -0.8285 -0.0397
vn 0.2964 -0.1028 0.9495
vn 0.3237 0.1012 0.9407
vn 0.3091 0.2345 0.9217
vn -0.3052 -0.9091 -0.2835
vn -0.1778 -0.9832 0.0402
vn -0.3730 -0.9277 -0.0138
vn -0.3163 -0.8469 -0.4275
vn -0.0897 -0.9943 0.0582
vn -0.1916 -0.7739 0.6036
vn 0.2871 0.9563 -0.0547
vn 0.3191 0.9092 -0.2674
vn 0.3214 0.9116 -0.2562
vn 0.4201 0.9041 0.0788
vn 0.5346 0.8282 0.1680
vn -0.1061 0.4148 -0.9037
vn -0.2852 0.4094 -0.8666
vn -0.1154 0.5853 -0.8025
vn -0.1889 0.5456 -0.8165
vn 0.9316 -0.3618 -0.0347
vn 0.3634 -0.8972 0.2508
vn 0.8890 -0.4578 -0.0136
vn 0.6294 -0.7122 0.3108
vn 0.4348 -0.8170 0.3787
vn 0.8712 -0.4602 0.1708
vn -0.1074 0.3865 0.9160
vn -0.0742 0.0668 0.9950
vn -0.1554 0.6148 0.7732
vn 0.1427 0.8754 0.4618
vn 0.2211 0.9747 -0.0337
vn 0.3040 -0.8988 0.3158
vn 0.1086 -0.9807 0.1623
vn -0.0333 -0.2280 -0.9731
vn 0.1553 0.9017 -0.4036
vn 0.1249 0.6880 -0.7149
vn 0.2389 0.9710 0.0126
vn 0.1424 0.9864 -0.0819
vn 0.0064 0.9511 0.3087
vn -0.7570 0.4230 0.4980
vn -0.4489 0.7413 0.4991
vn -0.8505 0.4842 0.2052
vn 0.1630 -0.9865 0.0155
vn -0.0085 -0.9894 0.1448
vn -0.1291 -0.9248 0.3578
vn 0.0245 -0.9427 0.3327
vn 0.7508 0.4697 -0.4645
vn 0.3741 0.9114 -0.1717
vn 0.7908 0.5648 -0.2358
vn 0.4561 0.8895 -0.0269
vn -0.0271 -0.8899 0.4553
vn 0.0440 -0.9490 0.3121
vn 0.1361 0.9907 0.0094
vn 0.1566 0.9781 -0.1374
vn 0.1877 0.9575 -0.2191
vn 0.1082 0.9814 -0.1583
vn 0.0960 0.9633 -0.2507
vn 0.3777 -0.9134 -0.1515
vn 0.7514 -0.6572 -0.0584
vn 0.2412 -0.9657 0.0959
vn 0.3692 -0.9280 -0.0494
vn -0.1049 -0.9943 0.0170
vn 0.2085 -0.9675 0.1432
vn -0.3177 0.3441 0.8836
vn -0.8495 0.4982 -0.1737
vn -0.8376 0.4599 -0.2948
vn 0.7666 -0.5508 0.3300
vn 0.4079 -0.8661 0.2887
vn 0.0623 -0.9672 0.2464
vn 0.0609 -0.9824 0.1766
vn -0.8158 0.5669 -0.1147
vn -0.9311 0.3615 -0.0478
vn -0.6209 -0.7546 0.2123
vn -0.4073 -0.9049 0.1239
vn -0.5827 -0.7947 0.1702
vn 0.2199 0.3486 0.9111
vn 0.2616 -0.0083 0.9651
vn 0.2759 0.9272 -0.2533
vn 0.1777 0.9834 -0.0357
vn 0.1516 0.9813 -0.1186
vn 0.2835 0.9174 -0.2792
vn -0.8375 -0.4236 0.3452
vn -0.6996 -0.4175 0.5799
vn -0.5611 0.1240 0.8184
vn 0.0487 0.9867 -0.1554
vn 0.1565 0.9872 0.0320
vn 0.1728 0.9211 -0.3488
vn -0.0455 -0.9953 0.0859
vn -0.1389 -0.9578 0.2517
vn -0.1096 -0.9887 0.1027
vn -0.3645 0.2097 0.9073
vn -0.6937 0.5325 0.4851
vn 0.5926 0.8040 -0.0495
vn 0.6798 0.6876 -0.2550
vn -0.9809 0.1474 0.1270
vn -0.9517 0.2782 -0.1300
vn -0.9847 -0.1724 0.0271
vn -0.8947 0.4347 -0.1023
vn -0.3951 0.2110 0.8941
vn -0.3064 0.2816 0.9093
vn -0.2657 0.3193 0.9096
vn -0.3414 -0.9142 0.2186
vn -0.0669 -0.9849 0.1600
vn 0.0490 -0.9740 0.2212
vn 0.0578 0.2567 -0.9648
vn 0.1576 0.8339 -0.5290
vn 0.0747 0.9943 -0.0760
vn 0.9956 0.0888 -0.0303
vn -0.0437 0.2726 -0.9611
vn 0.0600 0.9513 0.3023
vn 0.0499 0.0529 0.9974
vn -0.1431 0.0854 0.9860
vn -0.2512 0.0575 0.9662
vn 0.0144 0.2274 -0.9737
vn 0.0776 0.1388 -0.9873
vn 0.2473 0.4495 -0.8583
vn 0.0784 0.2285 -0.9704
vn 0.0795 0.3356 -0.9386
vn -0.2125 -0.9771 0.0134
vn 0.2052 -0.2654 -0.9420
vn 0.1856 -0.7216 -0.6670
vn -0.0819 -0.7814 -0.6186
vn -0.3092 0.4997 -0.8091
vn 0.2941 0.9516 0.0897
vn 0.1009 0.9934 -0.0542
vn -0.3699 -0.8330 0.4114
vn -0.3920 -0.8619 0.3216
vn 0.2136 0.4668 0.8582
vn 0.3525 0.3870 0.8520
vn 0.3588 0.1003 -0.9280
vn -0.0287 0.1710 -0.9848
vn -0.0915 -0.9923 0.0839
vn -0.1070 -0.9912 0.0782
vn 0.0546 -0.9978 0.0372
vn -0.0211 -0.9953 0.0948
vn 0.1102 0.9817 -0.1551
vn 0.1233 0.0423 -0.9915
vn 0.0077 0.1594 -0.9872
vn 0.2890 0.0425 -0.9564
vn -0.4383 -0.8959 0.0733
vn 0.1164 0.9932 0.0038
vn 0.9946 0.0464 0.0924
vn 0.9952 0.0760 -0.0616
vn 0.0913 0.9664 -0.2401
vn 0.0005 0.9942 -0.1074
vn 0.1012 0.9799 -0.1721
vn -0.2322 -0.0363 0.9720
vn 0.0981 0.9854 -0.1395
vn -0.1005 0.9944 -0.0314
vn -0.3235 -0.9215 -0.2148
vn -0.3683 -0.9296 -0.0151
vn -0.2884 -0.9556 -0.0612
vn -0.7652 0.5675 0.3040
vn 0.0173 0.2101 -0.9775
vn 0.2925 0.3742 -0.8800
vn 0.4651 0.4420 -0.7670
vn 0.2286 0.9709 -0.0707
vn 0.2573 0.9578 -0.1281
vn -0.0681 -0.9716 0.2266
vn 0.2002 0.0012 0.9798
vn 0.3347 0.2928 0.8957
vn -0.0232 -0.9769 0.2123
vn 0.1198 0.1373 0.9833
vn 0.2256 0.1965 0.9542
vn -0.0705 -0.9905 0.1181
vn -0.0714 -0.9911 0.1122
vn -0.8121 -0.4439 -0.3787
vn -0.1975 -0.9692 0.1472
vn -0.1470 -0.9839 0.1017
vn -0.1490 0.8278 0.5408
vn -0.2714 0.3506 0.8963
vn 0.9266 -0.3422 0.1558
vn 0.4856 -0.6605 0.5726
vn 0.8062 -0.2927 0.5142
vn 0.9976 0.0402 -0.0556
vn -0.0111 -0.9912 0.1321
vn 0.4176 0.8564 -0.3036
vn 0.8974 0.2895 0.3329
vn 0.3262 0.9267 -0.1865
vn 0.0542 0.9984 0.0183
vn -0.4056 -0.2437 0.8810
vn -0.9400 0.1845 0.2870
vn -0.1524 -0.9873 0.0444
vn 0.9357 0.3021 -0.1825
vn 0.7689 0.4409 0.4630
vn 0.2344 0.0510 0.9708
vn -0.6753 0.5490 -0.4925
vn 0.2079 0.5623 -0.8004
vn -0.4260 -0.8174 0.3878
vn -0.0459 -0.9825 -0.1805
vn 0.3044 0.1602 0.9390
vn 0.9760 -0.2169 -0.0176
vn -0.5073 0.7613 -0.4038
vn 0.3556 0.2871 0.8895
vn 0.1601 0.2104 -0.9644
vn 0.1073 0.0861 -0.9905
vn -0.1575 0.1707 -0.9727
vn 0.0035 0.3337 -0.9427
vn -0.9419 0.2004 0.2697
vn 0.0237 0.2115 -0.9771
vn -0.0831 -0.2661 -0.9604
vn -0.1927 -0.9454 0.2630
vn 0.0318 -0.9133 0.4059
vn -0.4180 -0.9057 0.0708
vn -0.0116 -0.2042 0.9789
vn -0.1539 -0.9845 -0.0838
vn 0.1510 0.8816 -0.4473
vn -0.1341 -0.9462 0.2943
vn 0.4420 0.8943 0.0697
vn 0.0059 0.4675 -0.8839
vn -0.0622 -0.4604 -0.8855
vn -0.3177 -0.9357 0.1531
vn -0.3347 -0.8923 0.3030
vn 0.1058 0.9912 -0.0798
vn 0.1572 0.9806 -0.1172
vn 0.0619 0.9981 0.0065
vn -0.1107 -0.9849 0.1334
vn -0.1452 -0.9871 0.0675
vn -0.0535 -0.9607 0.2725
vn 0.8584 0.2431 -0.4517
vn 0.7972 0.4438 -0.4094
vn 0.9807 0.1934 -0.0280
vn -0.1986 -0.6987 -0.6873
vn -0.1512 -0.6458 -0.7484
vn -0.1984 -0.9275 -0.3169
vn -0.8693 0.2301 0.4375
vn -0.9324 0.3316 0.1437
vn -0.9572 0.1373 0.2548
vn 0.2529 0.0823 0.9640
vn 0.0893 0.0199 0.9958
vn 0.1948 -0.1463 0.9699
vn -0.1894 -0.9685 -0.1616
vn -0.2182 -0.9759 0.0021
vn -0.1925 -0.9813 0.0028
vn -0.4181 -0.8466 0.3294
vn -0.4228 -0.8689 0.2573
vn 0.9929 0.0643 -0.0997
vn 0.9937 0.0616 -0.0933
vn 0.9683 0.0798 -0.2368
vn 0.4564 0.0288 0.8893
vn 0.3800 0.2599 0.8877
vn 0.2293 0.2278 0.9463
vn -0.1567 -0.9577 0.2416
vn -0.1413 -0.9429 0.3017
vn -0.1574 -0.9544 0.2536
vn -0.1191 0.0752 0.9900
vn -0.2615 -0.1308 0.9563
vn -0.2114 -0.1430 0.9669
vn -0.4044 0.9145 0.0097
vn 0.0513 0.9541 -0.2950
vn -0.6318 0.7716 -0.0741
vn -0.3054 0.1416 0.9416
vn -0.3908 0.1592 0.9066
vn -0.3571 0.1504 0.9219
vn 0.0162 0.3096 -0.9507
vn -0.0138 0.4166 -0.9090
vn 0.0199 0.2562 -0.9664
vn 0.0686 0.9738 -0.2169
vn 0.1141 0.9854 -0.1267
vn -0.0495 0.6103 -0.7906
vn -0.1533 0.8832 -0.4433
vn -0.0738 0.8987 -0.4324
vn -0.6330 0.3731 -0.6783
vn -0.8530 0.5015 -0.1448
vn -0.8797 0.4101 -0.2409
vn -0.9364 0.2928 -0.1936
vn -0.9122 0.3007 -0.2782
vn -0.9640 0.0786 -0.2542
vn -0.8181 -0.5434 0.1883
vn -0.9523 -0.0804 0.2943
vn -0.9602 -0.0809 0.2673
vn 0.0142 0.0438 -0.9989
vn 0.0165 0.0719 -0.9973
vn -0.1715 -0.0461 -0.9841
vn 0.9981 -0.0347 -0.0517
vn 0.6735 -0.0119 -0.7391
vn 0.1039 -0.9826 0.1538
vn 0.0629 -0.9636 0.2597
vn 0.1017 -0.8764 0.4707
vn -0.1911 -0.9482 0.2539
vn -0.2594 -0.9484 0.1826
vn -0.3147 -0.7956 0.5177
vn -0.0987 -0.9106 0.4013
vn 0.9435 0.2672 -0.1959
vn 0.9113 0.0957 0.4004
vn 0.9850 0.0410 -0.1674
vn -0.0149 0.2905 -0.9568
vn 0.2174 0.3961 -0.8921
vn 0.0003 -0.2099 -0.9777
vn -0.5060 0.3196 -0.8011
vn -0.2258 0.3185 -0.9206
vn 0.0218 0.2743 -0.9614
vn -0.9025 0.2222 -0.3689
vn -0.1411 0.9070 -0.3968
vn 0.1639 0.9280 -0.3347
vn -0.7524 -0.6585 -0.0135
vn -0.0738 -0.9972 0.0101
vn -0.1173 -0.9913 -0.0599
vn -0.9795 0.0913 -0.1796
vn -0.9302 -0.3670 0.0018
vn 0.2603 0.9655 -0.0105
vn 0.1969 0.9747 0.1061
vn 0.5479 0.5356 0.6426
vn 0.9832 0.1655 -0.0775
vn 0.8743 0.3460 -0.3404
vn 0.7426 0.6273 -0.2346
vn 0.4174 -0.2415 0.8760
vn 0.2132 -0.4069 0.8882
vn 0.3254 -0.5876 0.7409
vn 0.1909 0.0671 0.9793
vn 0.9479 0.2675 -0.1730
vn 0.9250 0.3658 -0.1029
vn 0.1875 -0.0066 -0.9822
vn 0.1759 0.0712 -0.9818
vn -0.0681 0.3347 -0.9399
vn -0.2411 0.1203 -0.9630
vn -0.2949 0.3289 -0.8971
vn -0.4071 0.3016 -0.8621
vn -0.2557 0.0150 -0.9666
vn -0.0826 -0.1108 -0.9904
vn -0.0511 -0.2883 -0.9562
vn 0.0862 0.3395 -0.9366
vn -0.6641 0.0861 -0.7426
vn -0.6789 0.4702 -0.5639
vn 0.1314 0.9786 -0.1582
vn -0.0082 0.8719 -0.4896
vn -0.2328 0.7185 -0.6554
vn 0.1883 0.9308 -0.3132
vn 0.2048 0.9575 -0.2032
vn -0.2200 -0.9704 -0.0999
vn 0.0356 -0.9823 0.1837
vn -0.0724 -0.9871 0.1426
vn 0.5039 -0.1789 -0.8450
vn 0.9043 -0.3785 -0.1974
vn -0.0591 0.3936 -0.9174
vn 0.5779 -0.6840 -0.4451
vn -0.2932 -0.7170 -0.6324
vn -0.1875 -0.4481 -0.8741
vn -0.2870 0.9327 0.2184
vn -0.4228 0.4898 0.7625
vn -0.3691 0.5868 0.7207
vn 0.2865 0.3591 0.8882
vn 0.2525 0.9482 0.1926
vn 0.4001 0.6351 0.6607
vn 0.1135 0.0265 -0.9932
vn -0.1399 -0.0469 -0.9891
vn -0.1208 -0.0159 -0.9926
vn -0.0726 0.1681 -0.9831
vn -0.0548 0.1991 -0.9784
vn 0.8824 0.4257 -0.2005
vn 0.7405 0.6676 0.0767
vn 0.6713 0.6132 0.4164
vn 0.5543 0.5200 0.6499
vn 0.2994 -0.2548 0.9195
vn 0.2771 0.1416 0.9504
vn 0.3584 0.0916 -0.9291
vn -0.0453 0.0960 -0.9944
vn -0.1836 0.2925 -0.9385
vn -0.1921 -0.9780 -0.0816
vn -0.1151 -0.9827 0.1451
vn -0.2471 -0.9564 0.1560
vn -0.3789 -0.9050 0.1935
vn -0.2378 -0.9660 0.1018
vn 0.4800 0.4501 -0.7530
vn 0.1281 0.3585 -0.9247
vn 0.3667 0.4898 -0.7910
vn 0.2020 0.3073 -0.9299
vn 0.2286 0.0647 -0.9714
vn -0.5416 0.1451 0.8280
vn -0.7261 0.1851 0.6621
vn -0.8727 0.0547 0.4852
vn -0.3793 -0.6062 0.6990
vn -0.2853 -0.2143 0.9342
vn -0.1634 -0.8911 -0.4234
vn -0.0428 -0.7867 -0.6159
vn -0.1140 -0.8201 -0.5608
vn -0.1827 -0.9640 -0.1934
vn -0.1860 -0.9815 -0.0456
vn -0.1347 -0.9656 -0.2225
vn -0.3128 0.1125 0.9431
vn -0.3177 0.0971 0.9432
vn -0.2824 -0.0297 0.9588
vn 0.2829 0.3191 0.9045
vn 0.2430 -0.0513 0.9687
vn 0.1956 -0.4602 0.8660
vn 0.1418 -0.5481 0.8243
vn -0.4323 -0.1467 -0.8897
vn -0.1428 -0.7632 -0.6302
vn -0.4835 -0.8743 -0.0442
vn 0.3019 -0.1166 0.9462
vn 0.3274 0.0391 0.9441
vn 0.3116 0.1418 0.9396
vn -0.2678 -0.9127 -0.3086
vn -0.1700 -0.9849 0.0341
vn -0.3178 -0.9479 -0.0205
vn -0.2673 -0.8551 -0.4442
vn -0.0963 -0.9841 0.1489
vn -0.1565 -0.7418 0.6521
vn 0.0289 0.9950 -0.0953
vn 0.0564 0.9485 -0.3117
vn 0.1236 0.9443 -0.3051
vn 0.1507 0.9828 0.1067
vn 0.3756 0.9067 0.1919
vn -0.1567 0.3753 -0.9136
vn -0.3338 0.3607 -0.8709
vn -0.1850 0.5348 -0.8245
vn -0.2515 0.4910 -0.8341
vn 0.9758 -0.2131 0.0495
vn 0.4959 -0.7833 0.3748
vn 0.9419 -0.3280 0.0728
vn 0.7239 -0.5976 0.3447
vn 0.5728 -0.6693 0.4733
vn 0.9141 -0.3360 0.2269
vn -0.2879 0.3373 0.8963
vn -0.1520 0.0351 0.9878
vn -0.3736 0.5504 0.7467
vn -0.1584 0.8609 0.4834
vn -0.0587 0.9968 -0.0548
vn 0.4407 -0.8040 0.3991
vn 0.2232 -0.9273 0.3005
vn -0.0145 -0.2134 -0.9769
vn 0.0087 0.8736 -0.4866
vn 0.0398 0.6320 -0.7740
vn 0.1228 0.9838 -0.1303
vn 0.0434 0.9602 -0.2759
vn -0.1344 0.9377 0.3204
vn -0.8041 0.3200 0.5011
vn -0.5264 0.6772 0.5141
vn -0.9050 0.3723 0.2058
vn 0.2932 -0.9498 0.1095
vn 0.1537 -0.9462 0.2847
vn -0.0556 -0.8716 0.4871
vn 0.1598 -0.8695 0.4674
vn 0.7329 0.4449 -0.5147
vn 0.2948 0.9154 -0.2739
vn 0.8024 0.5086 -0.3122
vn 0.4566 0.8711 -0.1808
vn 0.0458 -0.8078 0.5877
vn 0.1516 -0.8720 0.4655
vn -0.0498 0.9893 -0.1371
vn -0.0517 0.9664 -0.2517
vn -0.0341 0.9455 -0.3238
vn -0.0703 0.9696 -0.2345
vn -0.0941 0.9281 -0.3602
vn 0.4912 -0.8569 -0.1566
vn 0.8392 -0.5437 -0.0106
vn 0.3564 -0.9248 0.1329
vn 0.5048 -0.8624 0.0380
vn -0.0420 -0.9974 0.0584
vn 0.3283 -0.9216 0.2071
vn -0.3610 0.2867 0.8874
vn -0.9073 0.3823 -0.1753
vn -0.8883 0.3493 -0.2980
vn 0.8318 -0.4600 0.3106
vn 0.5226 -0.7709 0.3641
vn 0.1943 -0.9035 0.3820
vn 0.2072 -0.9279 0.3101
vn -0.8795 0.4609 -0.1186
vn -0.9667 0.2512 -0.0491
vn -0.6029 -0.7608 0.2404
vn -0.4064 -0.9017 0.1478
vn -0.5739 -0.7942 0.1996
vn 0.1709 0.2153 0.9615
vn 0.2611 -0.0001 0.9653
vn 0.0911 0.9559 -0.2791
vn 0.0496 0.9977 -0.0467
vn -0.0735 0.9883 -0.1337
vn 0.0482 0.9472 -0.3170
vn -0.8047 -0.4761 0.3547
vn -0.6597 -0.4673 0.5886
vn -0.5715 0.0656 0.8180
vn -0.1983 0.9600 -0.1977
vn -0.0461 0.9951 -0.0879
vn 0.0587 0.8825 -0.4666
vn -0.0868 -0.9877 0.1302
vn -0.1223 -0.9352 0.3322
vn -0.1902 -0.9756 0.1096
vn -0.3845 0.1612 0.9089
vn -0.7576 0.4323 0.4890
vn 0.5427 0.8361 -0.0801
vn 0.7390 0.5978 -0.3105
vn -0.9905 0.0481 0.1289
vn -0.9764 0.1724 -0.1303
vn -0.9694 -0.2441 0.0279
vn -0.9418 0.3198 -0.1032
vn -0.4535 0.1541 0.8778
vn -0.3934 0.2120 0.8946
vn -0.3847 0.2621 0.8850
vn -0.3109 -0.9210 0.2347
vn -0.0398 -0.9804 0.1929
vn 0.0005 -0.9635 0.2677
vn 0.0319 0.2435 -0.9694
vn 0.0646 0.8073 -0.5865
vn -0.0958 0.9877 -0.1235
vn 0.9823 0.1869 0.0087
vn -0.0744 0.2450 -0.9667
vn -0.0431 0.9452 0.3235
vn -0.0156 0.0352 0.9993
vn -0.2030 0.0315 0.9787
vn -0.2938 0.0283 0.9554
vn -0.0229 0.2131 -0.9768
vn 0.0496 0.1519 -0.9872
vn 0.2268 0.3993 -0.8884
vn 0.0481 0.2396 -0.9697
vn 0.0434 0.3056 -0.9512
vn -0.1260 -0.9919 0.0131
vn 0.2193 -0.2125 -0.9522
vn 0.2440 -0.6699 -0.7012
vn -0.0695 -0.7304 -0.6795
vn -0.3668 0.4339 -0.8229
vn 0.2221 0.9697 0.1020
vn -0.0121 0.9925 -0.1217
vn -0.3010 -0.8475 0.4372
vn -0.3222 -0.8811 0.3463
vn 0.0323 0.4762 0.8787
vn 0.2132 0.4187 0.8827
vn 0.3468 0.1265 -0.9294
vn -0.0670 0.1739 -0.9825
vn -0.1651 -0.9818 0.0944
vn -0.1819 -0.9794 0.0874
vn 0.0024 -0.9971 0.0760
vn -0.0545 -0.9843 0.1679
vn -0.0741 0.9454 -0.3173
vn 0.1240 0.0810 -0.9890
vn -0.0247 0.1654 -0.9859
vn 0.2678 0.0811 -0.9600
vn -0.3704 -0.9255 0.0790
vn 0.0140 0.9999 0.0043
vn 0.9816 0.1344 0.1358
vn 0.9876 0.1561 -0.0157
vn -0.1241 0.9341 -0.3348
vn -0.2613 0.9465 -0.1895
vn -0.2194 0.9579 -0.1852
vn -0.2642 -0.0704 0.9619
vn -0.1866 0.9601 -0.2082
vn -0.3360 0.9368 -0.0974
vn -0.2455 -0.9412 -0.2321
vn -0.2952 -0.9553 -0.0183
vn -0.2393 -0.9685 -0.0683
vn -0.8314 0.4615 0.3096
vn -0.0126 0.1953 -0.9807
vn 0.2561 0.3610 -0.8967
vn 0.4364 0.4197 -0.7959
vn -0.0474 0.9899 -0.1333
vn -0.0296 0.9828 -0.1821
vn -0.1137 -0.9610 0.2522
vn 0.1787 -0.0217 0.9837
vn 0.2465 0.2890 0.9251
vn -0.0645 -0.9656 0.2518
vn 0.0656 0.0617 0.9959
vn 0.2191 0.1061 0.9699
vn -0.1133 -0.9814 0.1549
vn -0.1402 -0.9843 0.1076
vn -0.7714 -0.5025 -0.3904
vn -0.1724 -0.9725 0.1568
vn -0.2036 -0.9733 0.1062
vn -0.3806 0.7667 0.5170
vn -0.3389 0.2921 0.8943
vn 0.9611 -0.2690 0.0625
vn 0.5400 -0.5812 0.6088
vn 0.8533 -0.2519 0.4565
vn 0.9883 0.1517 -0.0182
vn -0.0604 -0.9504 0.3050
vn 0.3780 0.8101 -0.4481
vn 0.8573 0.4060 0.3165
vn 0.2166 0.9399 -0.2638
vn -0.0764 0.9968 0.0215
vn -0.3823 -0.2652 0.8852
vn -0.9540 0.0862 0.2873
vn -0.1842 -0.9824 0.0303
vn 0.8688 0.4254 -0.2535
vn 0.7494 0.4798 0.4563
vn 0.2236 -0.0032 0.9747
vn -0.7374 0.4522 -0.5017
vn 0.1553 0.5034 -0.8500
vn -0.4117 -0.8062 0.4248
vn 0.0184 -0.9783 -0.2065
vn 0.2633 0.1213 0.9571
vn 0.9937 -0.1072 0.0326
vn -0.5956 0.6858 -0.4183
vn 0.3347 0.2246 0.9152
vn 0.1513 0.2158 -0.9646
vn 0.1035 0.1274 -0.9864
vn -0.1881 0.1396 -0.9722
vn -0.0355 0.3003 -0.9532
vn -0.9577 0.0998 0.2698
vn -0.0128 0.2100 -0.9776
vn -0.0957 -0.2485 -0.9639
vn -0.1077 -0.9511 0.2896
vn 0.1058 -0.8187 0.5644
vn -0.3412 -0.9367 0.0782
vn 0.0115 -0.2059 0.9785
vn -0.2472 -0.9637 -0.1008
vn 0.0341 0.8631 -0.5039
vn -0.0585 -0.9449 0.3222
vn 0.3511 0.9342 0.0634
vn -0.0387 0.4168 -0.9082
vn -0.0951 -0.4191 -0.9030
vn -0.2790 -0.9447 0.1721
vn -0.2578 -0.9093 0.3267
vn -0.1584 0.9810 -0.1116
vn -0.0400 0.9914 -0.1244
vn -0.1290 0.9916 -0.0020
vn -0.0538 -0.9313 0.3603
vn 0.1322 -0.9664 0.2207
vn 0.1832 -0.7976 0.5747
vn 0.8214 0.2662 -0.5043
vn 0.7438 0.4884 -0.4563
vn 0.9657 0.2570 -0.0358
vn -0.5117 -0.5359 -0.6716
vn -0.6315 -0.3508 -0.6915
vn -0.6990 -0.6248 -0.3478
vn -0.8309 -0.0819 0.5503
vn -0.9641 -0.0317 0.2638
vn -0.9011 -0.2361 0.3637
vn 0.1999 0.0686 0.9774
vn 0.0785 0.0257 0.9966
vn 0.2054 -0.1253 0.9706
vn -0.6141 -0.7572 -0.2225
vn -0.7820 -0.6228 0.0221
vn -0.0750 -0.9972 -0.0001
vn -0.3002 -0.8941 0.3324
vn -0.2950 -0.9201 0.2575
vn 0.9775 0.1659 -0.1301
vn 0.9818 0.1477 -0.1195
vn 0.9467 0.1844 -0.2640
vn 0.4456 0.0585 0.8933
vn 0.4058 0.2254 0.8857
vn 0.2184 0.1834 0.9585
vn -0.0735 -0.9662 0.2469
vn -0.0474 -0.9499 0.3091
vn -0.0612 -0.9675 0.2453
vn -0.1248 0.0522 0.9908
vn -0.2274 -0.1650 0.9597
vn -0.1789 -0.1693 0.9692
vn -0.6097 0.7872 0.0927
vn -0.1015 0.9518 -0.2893
vn -0.7175 0.6930 -0.0698
vn -0.2990 0.1102 0.9479
vn -0.3616 0.0938 0.9276
vn -0.3451 0.0973 0.9335
vn -0.0161 0.3143 -0.9492
vn -0.0677 0.4026 -0.9129
vn 0.0101 0.2328 -0.9725
vn -0.1298 0.9402 -0.3151
vn -0.1135 0.9730 -0.2010
vn -0.1247 0.6002 -0.7901
vn -0.2553 0.8587 -0.4443
vn -0.1844 0.8832 -0.4312
vn -0.5872 0.1802 -0.7891
vn -0.9290 0.1996 -0.3115
vn -0.9061 0.0519 -0.4199
vn -0.9659 0.0705 -0.2491
vn -0.9374 0.1168 -0.3281
vn -0.9628 -0.0545 -0.2648
vn -0.7211 -0.6653 0.1933
vn -0.9238 -0.2276 0.3080
vn -0.9120 -0.2805 0.2992
vn 0.0382 0.0551 -0.9977
vn 0.0545 0.0781 -0.9955
vn -0.2379 0.0348 -0.9707
vn 0.9959 0.0647 -0.0635
vn 0.6669 0.0422 -0.7440
vn 0.1238 -0.9372 0.3262
vn 0.1599 -0.9096 0.3836
vn 0.2054 -0.8535 0.4789
vn -0.0959 -0.9650 0.2439
vn -0.1695 -0.9702 0.1730
vn -0.2247 -0.8368 0.4993
vn -0.0992 -0.7685 0.6321
vn 0.9279 0.3222 -0.1876
vn 0.8987 0.1776 0.4009
vn 0.9733 0.1558 -0.1685
vn -0.0451 0.3010 -0.9526
vn 0.1623 0.4260 -0.8900
vn 0.0150 -0.2028 -0.9791
vn -0.5175 0.2400 -0.8213
vn -0.2191 0.2430 -0.9450
vn -0.0179 0.2716 -0.9622
vn -0.8580 -0.1219 -0.4990
vn -0.2403 0.8868 -0.3946
vn -0.0373 0.9562 -0.2905
vn -0.6545 -0.7559 -0.0177
vn 0.0538 -0.9985 0.0097
vn -0.0024 -0.9980 -0.0635
vn -0.9789 -0.0544 -0.1970
vn -0.8669 -0.4985 -0.0014
vn 0.1346 0.9908 -0.0170
vn 0.0532 0.9945 0.0906
vn 0.4853 0.5911 0.6442
vn 0.9674 0.2354 -0.0929
vn 0.8111 0.4360 -0.3898
vn 0.6761 0.6706 -0.3052
vn 0.4294 -0.1911 0.8827
vn 0.2543 -0.3780 0.8902
vn 0.3832 -0.5449 0.7458
vn 0.1766 0.0703 0.9818
vn 0.9318 0.3139 -0.1822
vn 0.9098 0.3985 -0.1163
vn 0.1751 0.0165 -0.9844
vn 0.1540 0.0900 -0.9840
vn -0.1085 0.3220 -0.9405
vn -0.2553 0.0753 -0.9639
vn -0.2968 0.2692 -0.9162
vn -0.4219 0.2400 -0.8743
vn -0.2724 -0.0146 -0.9621
vn -0.3494 0.0199 -0.9368
vn -0.4076 -0.1261 -0.9044
vn 0.0403 0.3554 -0.9338
vn -0.6590 -0.0020 -0.7522
vn -0.7305 0.2802 -0.6228
vn -0.0391 0.9923 -0.1172
vn -0.1377 0.8719 -0.4700
vn -0.2860 0.6717 -0.6834
vn -0.0160 0.9575 -0.2881
vn 0.0003 0.9760 -0.2179
vn -0.2095 -0.9739 -0.0870
vn 0.2384 -0.9519 0.1925
vn 0.0414 -0.9945 0.0959
vn 0.5132 -0.1331 -0.8479
vn 0.9244 -0.2906 -0.2472
vn -0.0980 0.3758 -0.9215
vn 0.6235 -0.6038 -0.4966
vn -0.4150 -0.6259 -0.6604
vn -0.1273 -0.4474 -0.8852
vn -0.3914 0.8919 0.2264
vn -0.4272 0.4311 0.7947
vn -0.3946 0.5341 0.7477
vn 0.2130 0.3794 0.9004
vn 0.0712 0.9769 0.2017
vn 0.1834 0.6623 0.7264
vn 0.0289 0.0606 -0.9977
vn -0.3000 0.0134 -0.9538
vn -0.2795 0.1180 -0.9529
vn -0.1339 0.2525 -0.9583
vn -0.0614 0.2255 -0.9723
vn 0.8805 0.4369 -0.1840
vn 0.6980 0.7086 0.1036
vn 0.6697 0.6173 0.4129
vn 0.5516 0.5584 0.6196
vn 0.3193 -0.2295 0.9194
vn 0.2958 0.0944 0.9506
vn 0.4040 0.0358 -0.9140
vn -0.0577 0.1228 -0.9908
vn -0.2163 0.2691 -0.9385
vn -0.5436 -0.8360 -0.0746
vn -0.3770 -0.9098 0.1736
vn -0.1225 -0.9800 0.1566
vn -0.3103 -0.9187 0.2444
vn -0.1670 -0.9508 0.2608
vn 0.4130 0.4992 -0.7617
vn 0.0730 0.3712 -0.9257
vn 0.2764 0.5122 -0.8132
vn 0.1499 0.3299 -0.9320
vn 0.2046 0.0919 -0.9745
vn -0.5137 0.0673 0.8553
vn -0.6840 -0.0034 0.7295
vn -0.8546 -0.0918 0.5110
vn -0.2970 -0.6568 0.6931
vn -0.2441 -0.2537 0.9360
vn -0.0537 -0.9400 -0.3368
vn 0.0419 -0.7829 -0.6207
vn -0.0943 -0.8392 -0.5356
vn -0.0999 -0.9703 -0.2202
vn -0.0867 -0.9945 -0.0588
vn 0.0704 -0.9881 -0.1366
vn -0.3081 0.0710 0.9487
vn -0.2985 0.0563 0.9527
vn -0.2581 -0.0611 0.9642
vn 0.1751 0.3456 0.9219
vn 0.2055 -0.0511 0.9773
vn 0.2441 -0.4325 0.8680
vn 0.2030 -0.5277 0.8248
vn -0.3967 -0.2022 -0.8954
vn -0.0383 -0.7746 -0.6313
vn -0.3612 -0.9313 -0.0468
vn 0.2866 -0.1263 0.9497
vn 0.2987 0.0081 0.9543
vn 0.2623 0.1190 0.9576
vn -0.4097 -0.8426 -0.3495
vn -0.4204 -0.9018 0.0998
vn -0.2772 -0.9600 -0.0403
vn -0.3058 -0.8539 -0.4211
vn 0.0108 -0.9867 0.1620
vn -0.0553 -0.7571 0.6509
vn -0.2457 0.9620 -0.1194
vn -0.1833 0.9263 -0.3292
vn -0.1362 0.9390 -0.3157
vn -0.1377 0.9826 0.1247
vn 0.0832 0.9701 0.2279
vn -0.1960 0.3533 -0.9148
vn -0.3592 0.3132 -0.8791
vn -0.2286 0.5100 -0.8293
vn -0.3003 0.4571 -0.8372
vn 0.9958 -0.0617 0.0675
vn 0.6487 -0.5783 0.4946
vn 0.9638 -0.2253 0.1423
vn 0.7830 -0.4863 0.3880
vn 0.6911 -0.4977 0.5240
vn 0.9493 -0.1823 0.2562
vn -0.3457 0.2803 0.8955
vn -0.1566 0.0096 0.9876
vn -0.4370 0.4970 0.7497
vn -0.3633 0.7928 0.4894
vn -0.2474 0.9667 -0.0658
vn 0.5461 -0.7097 0.4451
vn 0.3184 -0.8543 0.4110
vn -0.0172 -0.2064 -0.9783
vn -0.1047 0.8631 -0.4940
vn -0.0464 0.6323 -0.7734
vn -0.0596 0.9628 -0.2637
vn -0.1030 0.9206 -0.3768
vn -0.2653 0.9161 0.3007
vn -0.7809 0.1359 0.6097
vn -0.6011 0.5727 0.5574
vn -0.9360 0.1333 0.3258
vn 0.4665 -0.8039 0.3689
vn 0.3009 -0.8753 0.3785
vn 0.0802 -0.6825 0.7265
vn 0.3741 -0.6952 0.6138
vn 0.6311 0.5288 -0.5675
vn 0.1450 0.9168 -0.3721
vn 0.6989 0.5857 -0.4105
vn 0.3258 0.8786 -0.3491
vn 0.1466 -0.7945 0.5893
vn 0.2487 -0.8333 0.4937
vn -0.1943 0.9645 -0.1790
vn -0.1753 0.9508 -0.2554
vn -0.1845 0.9199 -0.3461
vn -0.1954 0.9515 -0.2378
vn -0.2022 0.9101 -0.3616
vn 0.6079 -0.7760 -0.1680
vn 0.9031 -0.4293 0.0012
vn 0.5164 -0.8448 0.1404
vn 0.6231 -0.7341 0.2697
vn 0.2239 -0.9645 0.1403
vn 0.4877 -0.8231 0.2909
vn -0.3359 0.2259 0.9144
vn -0.9535 0.0473 -0.2976
vn -0.9114 -0.0751 -0.4047
vn 0.8733 -0.3645 0.3233
vn 0.5992 -0.7094 0.3712
vn 0.3129 -0.8571 0.4093
vn 0.3132 -0.8191 0.4805
vn -0.9586 0.2620 -0.1114
vn -0.9897 -0.1386 -0.0349
vn -0.5105 -0.8288 0.2293
vn -0.2987 -0.9442 0.1390
vn -0.4672 -0.8633 0.1908
vn 0.1626 0.1598 0.9737
vn 0.2581 -0.0278 0.9657
vn -0.0906 0.9517 -0.2934
vn -0.1181 0.9906 -0.0683
vn -0.2163 0.9659 -0.1425
vn -0.1333 0.9349 -0.3288
vn -0.7196 -0.5927 0.3617
vn -0.5828 -0.5583 0.5905
vn -0.5533 -0.0040 0.8330
vn -0.3444 0.9201 -0.1867
vn -0.1757 0.9793 -0.1010
vn -0.0724 0.8655 -0.4957
vn -0.1591 -0.8823 0.4431
vn -0.0493 -0.7580 0.6503
vn -0.5759 -0.7075 0.4097
vn -0.3553 0.0640 0.9326
vn -0.7709 0.2208 0.5975
vn 0.4627 0.8803 -0.1046
vn 0.5822 0.6683 -0.4630
vn -0.9671 -0.2264 0.1160
vn -0.9811 -0.0571 -0.1851
vn -0.9186 -0.3949 0.0155
vn -0.9839 -0.0685 -0.1650
vn -0.4178 0.0784 0.9052
vn -0.3778 0.1536 0.9130
vn -0.3911 0.2121 0.8956
vn -0.2161 -0.9470 0.2377
vn 0.1247 -0.9637 0.2361
vn -0.9538 -0.2040 -0.2204
vn -0.0007 0.2670 -0.9637
vn -0.0561 0.8208 -0.5685
vn -0.2300 0.9663 -0.1153
vn 0.9655 0.2584 -0.0317
vn -0.1037 0.2126 -0.9716
vn -0.1748 0.9436 0.2811
vn -0.0516 0.0166 0.9985
vn -0.1959 0.0036 0.9806
vn -0.2760 -0.0071 0.9611
vn -0.0189 0.1620 -0.9866
vn 0.0564 0.1275 -0.9902
vn 0.1743 0.4048 -0.8977
vn 0.0358 0.2113 -0.9768
vn 0.0123 0.3026 -0.9530
vn -0.0344 -0.9994 -0.0020
vn 0.2479 -0.1690 -0.9539
vn 0.3522 -0.6380 -0.6848
vn 0.1822 -0.6888 -0.7016
vn -0.3866 0.3802 -0.8402
vn 0.1234 0.9851 0.1200
vn -0.1319 0.9725 -0.1918
vn -0.1960 -0.8879 0.4161
vn -0.1960 -0.9210 0.3366
vn -0.1257 0.4474 0.8855
vn 0.0151 0.4302 0.9026
vn 0.3554 0.0980 -0.9296
vn -0.1129 0.2263 -0.9675
vn -0.2863 -0.8304 0.4780
vn -0.2511 -0.8728 0.4185
vn 0.0169 -0.9483 0.3168
vn 0.0702 -0.9726 0.2218
vn -0.2317 0.8872 -0.3990
vn 0.1016 0.1064 -0.9891
vn -0.0774 0.2007 -0.9766
vn 0.2365 0.0822 -0.9682
vn -0.2330 -0.9693 0.0781
vn -0.1521 0.9883 -0.0068
vn 0.9710 0.1993 0.1323
vn 0.9703 0.2298 -0.0753
vn -0.2387 0.9114 -0.3351
vn -0.3695 0.9040 -0.2150
vn -0.3652 0.9110 -0.1916
vn -0.2386 -0.1028 0.9657
vn -0.3456 0.9093 -0.2317
vn -0.4318 0.8955 -0.1084
vn -0.1607 -0.9592 -0.2325
vn -0.2084 -0.9780 -0.0131
vn -0.2635 -0.9633 -0.0520
vn -0.8809 0.2073 0.4254
vn -0.0949 0.1799 -0.9791
vn 0.2155 0.3185 -0.9231
vn 0.3526 0.3953 -0.8482
vn -0.2708 0.9478 -0.1683
vn -0.2450 0.9486 -0.2002
vn -0.1830 -0.8111 0.5556
vn 0.1306 -0.0376 0.9907
vn 0.1056 0.2926 0.9504
vn -0.1657 -0.8124 0.5591
vn 0.0339 0.0402 0.9986
vn 0.2115 0.1116 0.9710
vn -0.1739 -0.9447 0.2781
vn -0.2124 -0.9708 0.1115
vn -0.6930 -0.6014 -0.3976
vn -0.2021 -0.9647 0.1690
vn -0.4010 -0.8368 0.3728
vn -0.4497 0.7156 0.5345
vn -0.3310 0.2322 0.9146
vn 0.9865 -0.1496 0.0666
vn 0.5916 -0.5171 0.6186
vn 0.8704 -0.1491 0.4692
vn 0.9729 0.2301 -0.0242
vn -0.0107 -0.7767 0.6297
vn 0.2541 0.8061 -0.5344
vn 0.8559 0.4123 0.3121
vn 0.0043 0.9530 -0.3028
vn -0.2146 0.9763 0.0288
vn -0.3284 -0.3180 0.8894
vn -0.9030 -0.2058 0.3772
vn -0.6954 -0.7096 0.1132
vn 0.8703 0.4371 -0.2268
vn 0.7661 0.4570 0.4519
vn 0.1795 -0.0259 0.9834
vn -0.7085 0.2692 -0.6524
vn 0.0764 0.5004 -0.8624
vn -0.2942 -0.8555 0.4261
vn 0.2738 -0.9421 -0.1937
vn 0.2081 0.1218 0.9705
vn 0.9989 -0.0240 0.0410
vn -0.6899 0.5180 -0.5057
vn 0.2482 0.2147 0.9446
vn 0.1127 0.2293 -0.9668
vn 0.0793 0.1388 -0.9871
vn -0.3420 0.0206 -0.9395
vn -0.0728 0.2944 -0.9529
vn -0.9414 -0.1183 0.3160
vn 0.0067 0.1959 -0.9806
vn -0.2494 -0.1703 -0.9533
vn -0.0233 -0.9592 0.2816
vn 0.2033 -0.7990 0.5660
vn -0.2070 -0.9751 0.0792
vn 0.0397 -0.2027 0.9784
vn -0.3782 -0.9194 -0.1081
vn -0.0835 0.8633 -0.4978
vn 0.0323 -0.9453 0.3246
vn 0.1117 0.9893 0.0938
vn -0.0934 0.4062 -0.9090
vn 0.0568 -0.4105 -0.9101
vn -0.1878 -0.9671 0.1714
vn -0.1399 -0.9330 0.3314
vn -0.0082 0.9975 -0.0704
vn 0.0819 0.9958 -0.0407
vn 0.0371 0.9993 0.0024
vn -0.0648 -0.9942 0.0860
vn -0.0243 -0.9987 0.0443
vn 0.0524 -0.9796 0.1940
vn 0.7284 0.6099 -0.3122
vn 0.5870 0.7778 -0.2245
vn 0.7644 0.6319 0.1283
vn -0.1699 -0.7255 -0.6669
vn -0.1792 -0.6440 -0.7438
vn -0.1730 -0.9329 -0.3158
vn -0.9442 -0.1778 0.2774
vn -0.9997 0.0030 0.0236
vn -0.9732 -0.1280 0.1912
vn 0.2678 0.2514 0.9301
vn 0.1445 0.1368 0.9800
vn 0.2270 -0.0125 0.9738
vn -0.2049 -0.9559 -0.2105
vn -0.2217 -0.9750 -0.0160
vn -0.0541 -0.9985 0.0025
vn -0.2739 -0.9064 0.3215
vn -0.2943 -0.9219 0.2518
vn 0.8130 0.5814 -0.0333
vn 0.8269 0.5602 -0.0487
vn 0.8098 0.5718 -0.1313
vn 0.3889 0.2493 0.8869
vn 0.3098 0.3669 0.8771
vn 0.1768 0.2909 0.9403
vn -0.1044 -0.9753 0.1948
vn -0.0512 -0.9574 0.2842
vn -0.0391 -0.9703 0.2387
vn -0.0736 0.0403 0.9965
vn -0.2462 -0.2559 0.9348
vn -0.1689 -0.2187 0.9611
vn -0.5244 0.8487 -0.0693
vn 0.0002 0.9603 -0.2789
vn -0.7235 0.6216 -0.3004
vn -0.4036 0.0009 0.9149
vn -0.6004 -0.0732 0.7963
vn -0.5302 -0.0422 0.8468
vn -0.0342 0.3000 -0.9533
vn -0.0685 0.3917 -0.9175
vn -0.0306 0.2429 -0.9696
vn 0.0042 0.9689 -0.2475
vn 0.0129 0.9876 -0.1563
vn -0.1593 0.6116 -0.7750
vn -0.3696 0.8171 -0.4424
vn -0.2398 0.8780 -0.4142
vn -0.6572 0.2210 -0.7206
vn -0.9044 0.3299 -0.2706
vn -0.9138 0.1956 -0.3560
vn -0.9627 0.1261 -0.2392
vn -0.9288 0.1742 -0.3271
vn -0.9655 -0.0496 -0.2556
vn -0.7238 -0.6669 0.1770
vn -0.9134 -0.3200 0.2516
vn -0.9376 -0.2696 0.2196
vn -0.0343 0.0143 -0.9993
vn -0.0210 0.0515 -0.9985
vn -0.1957 -0.1482 -0.9694
vn 0.9168 0.3963 0.0498
vn 0.7001 0.2493 -0.6691
vn 0.0214 -0.9902 0.1382
vn 0.0367 -0.9573 0.2867
vn 0.0849 -0.8362 0.5419
vn -0.1203 -0.9659 0.2292
vn -0.2393 -0.9615 0.1349
vn -0.2773 -0.8426 0.4616
vn -0.0849 -0.9563 0.2797
vn 0.7675 0.6258 -0.1391
vn 0.7743 0.4932 0.3965
vn 0.8437 0.5327 -0.0671
vn -0.0492 0.3023 -0.9519
vn 0.1832 0.4598 -0.8689
vn 0.0302 -0.2155 -0.9760
vn -0.5202 0.2522 -0.8160
vn -0.2695 0.2574 -0.9280
vn -0.0193 0.2671 -0.9635
vn -0.9054 -0.0216 -0.4241
vn -0.2854 0.8379 -0.4653
vn 0.1141 0.9443 -0.3087
vn -0.6511 -0.7589 -0.0126
vn 0.0659 -0.9978 0.0101
vn 0.0217 -0.9980 -0.0599
vn -0.9801 -0.0632 -0.1881
vn -0.8690 -0.4948 0.0007
vn 0.1367 0.9901 0.0330
vn 0.0885 0.9831 0.1600
vn 0.3813 0.6424 0.6647
vn 0.7960 0.6053 -0.0039
vn 0.6717 0.7112 -0.2072
vn 0.5914 0.7775 -0.2136
vn 0.4194 -0.0011 0.9078
vn 0.2462 -0.2807 0.9277
vn 0.4120 -0.3797 0.8283
vn 0.1831 0.1986 0.9628
vn 0.7741 0.6279 -0.0812
vn 0.7909 0.6098 -0.0517
vn 0.1832 0.0203 -0.9829
vn 0.1793 0.0958 -0.9791
vn -0.1263 0.3107 -0.9421
vn -0.2849 0.0026 -0.9585
vn -0.3716 0.2210 -0.9017
vn -0.4975 0.1464 -0.8550
vn -0.3056 -0.1184 -0.9448
vn -0.1317 -0.1775 -0.9753
vn -0.0931 -0.3193 -0.9431
vn 0.0198 0.3351 -0.9420
vn -0.6762 -0.0064 -0.7367
vn -0.7284 0.3466 -0.5911
vn -0.0214 0.9830 -0.1822
vn -0.1428 0.8358 -0.5301
vn -0.2982 0.6543 -0.6950
vn 0.0201 0.9598 -0.2800
vn 0.1648 0.9829 -0.0826
vn -0.1553 -0.9756 -0.1554
vn 0.1581 -0.9764 0.1470
vn 0.0110 -0.9961 0.0877
vn 0.5462 -0.0772 -0.8341
vn 0.9840 -0.1090 -0.1409
vn -0.1358 0.3611 -0.9226
vn 0.7070 -0.5568 -0.4360
vn -0.2673 -0.7471 -0.6085
vn -0.1671 -0.4931 -0.8538
vn -0.5335 0.8239 0.1912
vn -0.6709 0.3086 0.6743
vn -0.6004 0.3913 0.6974
vn 0.1820 0.4249 0.8868
vn 0.1227 0.9735 0.1932
vn 0.2879 0.7388 0.6094
vn 0.0554 0.0529 -0.9971
vn -0.1762 -0.1110 -0.9781
vn -0.1559 -0.0969 -0.9830
vn -0.1188 0.0964 -0.9882
vn -0.0936 0.1425 -0.9854
vn 0.7354 0.6461 -0.2045
vn 0.5926 0.8009 0.0858
vn 0.5548 0.6985 0.4520
vn 0.4023 0.6166 0.6768
vn 0.2628 -0.1692 0.9499
vn 0.2291 0.1975 0.9532
vn 0.3516 0.1886 -0.9169
vn -0.0665 0.0716 -0.9952
vn -0.2615 0.2171 -0.9405
vn -0.2101 -0.9714 -0.1111
vn -0.1200 -0.9805 0.1554
vn -0.2409 -0.9632 0.1195
vn -0.3383 -0.9350 0.1068
vn -0.2423 -0.9696 0.0328
vn 0.3818 0.6597 -0.6474
vn 0.0752 0.4002 -0.9133
vn 0.2897 0.5784 -0.7626
vn 0.1822 0.3684 -0.9116
vn 0.2355 0.1203 -0.9644
vn -0.6575 -0.0964 0.7473
vn -0.8173 -0.1673 0.5513
vn -0.8703 -0.2775 0.4070
vn -0.3407 -0.7052 0.6217
vn -0.2931 -0.3090 0.9048
vn -0.0866 -0.9017 -0.4237
vn 0.0662 -0.7849 -0.6161
vn -0.0272 -0.8361 -0.5480
vn -0.0607 -0.9796 -0.1917
vn -0.0556 -0.9974 -0.0465
vn -0.0249 -0.9711 -0.2373
vn -0.4512 -0.0699 0.8897
vn -0.4351 -0.0961 0.8953
vn -0.3659 -0.2227 0.9036
vn 0.2039 0.4146 0.8869
vn 0.1947 0.0399 0.9800
vn 0.2120 -0.3703 0.9044
vn 0.1773 -0.4761 0.8614
vn -0.4094 -0.2116 -0.8875
vn -0.0351 -0.7757 -0.6302
vn -0.3570 -0.9331 -0.0442
vn 0.2414 0.0183 0.9702
vn 0.2860 0.1947 0.9382
vn 0.2773 0.3061 0.9107
vn -0.1920 -0.9332 -0.3038
vn -0.1197 -0.9928 0.0027
vn -0.2061 -0.9783 -0.0230
vn -0.1778 -0.8866 -0.4269
vn -0.1156 -0.9793 0.1661
vn -0.1131 -0.7660 0.6329
vn -0.1643 0.9805 -0.1076
vn -0.0508 0.9554 -0.2908
vn -0.0332 0.9624 -0.2697
vn -0.0275 0.9971 0.0713
vn 0.2028 0.9661 0.1600
vn -0.2588 0.3120 -0.9142
vn -0.4465 0.2410 -0.8617
vn -0.3421 0.4791 -0.8084
vn -0.3926 0.4058 -0.8253
vn 0.9588 0.2424 0.1479
vn 0.6587 -0.6304 0.4106
vn 0.9914 0.0322 0.1267
vn 0.8451 -0.2139 0.4899
vn 0.6862 -0.4403 0.5790
vn 0.9351 0.1274 0.3307
vn -0.4683 0.2407 0.8501
vn -0.2099 -0.0331 0.9772
vn -0.6288 0.3816 0.6775
vn -0.3922 0.8201 0.4168
vn -0.3098 0.9495 -0.0491
vn 0.5866 -0.5916 0.5531
vn 0.3213 -0.8712 0.3712
vn 0.0049 -0.2206 -0.9754
vn -0.0710 0.8794 -0.4708
vn -0.0176 0.6397 -0.7684
vn 0.1023 0.9825 -0.1556
vn 0.0093 0.9571 -0.2897
vn -0.2227 0.9126 0.3430
vn -0.9709 -0.0377 0.2367
vn -0.6720 0.5770 0.4643
vn -0.9999 -0.0150 0.0031
vn 0.4675 -0.8780 0.1030
vn 0.3071 -0.8904 0.3360
vn 0.0685 -0.9044 0.4211
vn 0.2890 -0.8377 0.4633
vn 0.5576 0.7089 -0.4320
vn 0.2098 0.9356 -0.2840
vn 0.6374 0.7410 -0.2114
vn 0.3355 0.9267 -0.1696
vn 0.0918 -0.7645 0.6381
vn 0.2301 -0.7842 0.5762
vn -0.1360 0.9760 -0.1699
vn -0.2246 0.9292 -0.2934
vn -0.2005 0.9027 -0.3808
vn -0.2546 0.9320 -0.2579
vn -0.2596 0.9032 -0.3418
vn 0.6330 -0.7573 -0.1606
vn 0.9525 -0.3034 0.0262
vn 0.4902 -0.8624 0.1268
vn 0.6527 -0.7555 0.0574
vn 0.0786 -0.9959 0.0439
vn 0.4437 -0.8749 0.1941
vn -0.5530 0.1447 0.8205
vn -0.9511 0.1828 -0.2489
vn -0.9345 0.1078 -0.3393
vn 0.8842 -0.0158 0.4668
vn 0.6837 -0.4831 0.5470
vn 0.3600 -0.7876 0.5001
vn 0.3187 -0.8805 0.3510
vn -0.9483 0.1855 -0.2575
vn -0.9934 -0.0424 -0.1068
vn -0.5092 -0.8465 0.1554
vn -0.3559 -0.9321 0.0671
vn -0.4835 -0.8659 0.1284
vn 0.1408 0.2625 0.9546
vn 0.2359 0.0623 0.9698
vn 0.0393 0.9773 -0.2084
vn -0.0005 0.9998 0.0194
vn -0.2925 0.9485 -0.1213
vn -0.0386 0.9621 -0.2698
vn -0.6891 -0.6414 0.3373
vn -0.5738 -0.6168 0.5388
vn -0.6204 -0.1199 0.7751
vn -0.3961 0.8335 -0.3852
vn -0.1671 0.9813 -0.0952
vn 0.0460 0.8893 -0.4550
vn -0.0903 -0.9950 0.0435
vn -0.0503 -0.9787 0.1991
vn -0.1986 -0.9798 0.0224
vn -0.5379 -0.0453 0.8418
vn -0.9592 0.0125 0.2824
vn 0.4233 0.9023 -0.0820
vn 0.5070 0.7980 -0.3258
vn -0.9804 -0.1663 0.1055
vn -0.9871 -0.0032 -0.1603
vn -0.9184 -0.3953 0.0194
vn -0.9891 0.0793 -0.1239
vn -0.5889 -0.1112 0.8005
vn -0.5785 -0.0120 0.8156
vn -0.5714 0.0783 0.8170
vn -0.2563 -0.9541 0.1550
vn 0.0629 -0.9841 0.1661
vn 0.0855 -0.9328 0.3502
vn -0.0057 0.2467 -0.9691
vn -0.0653 0.8168 -0.5732
vn -0.2966 0.9313 -0.2116
vn 0.7431 0.6687 0.0252
vn -0.1105 0.2025 -0.9730
vn -0.0812 0.9460 0.3139
vn -0.0098 0.0373 0.9993
vn -0.1942 -0.0900 0.9768
vn -0.3310 -0.1347 0.9340
vn -0.0569 0.1823 -0.9816
vn 0.0177 0.1459 -0.9891
vn 0.1607 0.4834 -0.8605
vn 0.0088 0.2462 -0.9692
vn -0.0089 0.3095 -0.9509
vn -0.0019 -1.0000 0.0047
vn 0.2408 -0.2001 -0.9497
vn 0.3539 -0.6249 -0.6959
vn 0.0268 -0.7313 -0.6815
vn -0.5024 0.3068 -0.8084
vn 0.1361 0.9838 0.1169
vn -0.0412 0.9889 -0.1425
vn -0.2214 -0.8920 0.3941
vn -0.1949 -0.9259 0.3238
vn -0.0919 0.5070 0.8571
vn 0.1740 0.4837 0.8578
vn 0.3484 0.2322 -0.9082
vn -0.1153 0.1085 -0.9874
vn -0.1759 -0.9842 -0.0206
vn -0.2126 -0.9769 -0.0200
vn -0.0930 -0.9955 0.0172
vn -0.0830 -0.9864 0.1418
vn -0.1628 0.9121 -0.3763
vn 0.1100 0.0877 -0.9901
vn -0.0737 0.1122 -0.9909
vn 0.2654 0.1705 -0.9490
vn -0.2378 -0.9681 0.0790
vn -0.0214 0.9958 0.0891
vn 0.7637 0.6177 0.1878
vn 0.7892 0.6132 0.0329
vn -0.3102 0.8594 -0.4065
vn -0.4674 0.8058 -0.3636
vn -0.5111 0.7927 -0.3322
vn -0.3104 -0.2382 0.9203
vn -0.4042 0.8211 -0.4031
vn -0.5477 0.7821 -0.2972
vn -0.1228 -0.9643 -0.2344
vn -0.1741 -0.9845 -0.0194
vn -0.1337 -0.9882 -0.0746
vn -0.9952 0.0163 0.0960
vn -0.0467 0.1749 -0.9835
vn 0.1970 0.4819 -0.8538
vn 0.3349 0.6237 -0.7063
vn -0.2205 0.9460 -0.2375
vn -0.2364 0.9595 -0.1534
vn -0.1063 -0.9906 0.0864
vn 0.1715 0.0826 0.9817
vn 0.1882 0.3782 0.9064
vn -0.1013 -0.9884 0.1130
vn 0.0578 0.1125 0.9920
vn 0.2284 0.2650 0.9368
vn -0.0937 -0.9840 0.1513
vn -0.1161 -0.9895 0.0863
vn -0.6941 -0.6050 -0.3902
vn -0.1256 -0.9865 0.1052
vn -0.2057 -0.9786 0.0076
vn -0.6532 0.6001 0.4617
vn -0.5098 0.1253 0.8511
vn 0.9465 0.2580 0.1940
vn 0.6278 -0.2618 0.7330
vn 0.8188 0.1832 0.5440
vn 0.7571 0.6476 0.0862
vn -0.0741 -0.9613 0.2653
vn 0.2712 0.8731 -0.4052
vn 0.6814 0.6641 0.3078
vn 0.0774 0.9844 -0.1578
vn -0.0787 0.9964 0.0312
vn -0.3608 -0.3396 0.8686
vn -0.9611 -0.2118 0.1775
vn -0.1727 -0.9850 -0.0072
vn 0.6982 0.6810 -0.2208
vn 0.6274 0.6202 0.4709
vn 0.2041 0.1325 0.9699
vn -0.7594 0.2917 -0.5816
vn 0.1157 0.5396 -0.8340
vn -0.3602 -0.8571 0.3682
vn 0.1536 -0.9613 -0.2287
vn 0.2649 0.3620 0.8937
vn 0.9424 0.3246 0.0812
vn -0.6847 0.5231 -0.5075
vn 0.3201 0.4346 0.8418
vn 0.1248 0.2589 -0.9578
vn 0.0901 0.1420 -0.9858
vn -0.2197 0.0780 -0.9724
vn -0.0870 0.2671 -0.9597
vn -0.9580 -0.2149 0.1897
vn -0.0462 0.1815 -0.9823
vn -0.1166 -0.2881 -0.9505
vn 0.0013 -0.9668 0.2556
vn 0.1142 -0.7778 0.6180
vn -0.2074 -0.9751 0.0782
vn 0.0534 -0.1599 0.9857
vn -0.2258 -0.9624 -0.1511
vn -0.1464 0.8646 -0.4806
vn 0.0140 -0.9604 0.2783
vn 0.1840 0.9806 0.0678
vn -0.0589 0.4276 -0.9021
vn -0.0596 -0.4342 -0.8988
vn -0.2424 -0.9641 0.1082
vn -0.1178 -0.9406 0.3184
vn -0.0542 0.9955 -0.0780
vn -0.0000 0.9936 -0.1128
vn -0.1030 0.9947 0.0059
vn -0.0448 -0.9837 0.1743
vn 0.0166 -0.9895 0.1439
vn 0.0895 -0.9149 0.3936
vn 0.7483 0.5857 -0.3113
vn 0.6754 0.7150 -0.1806
vn 0.7760 0.6177 0.1275
vn -0.0460 -0.7186 -0.6939
vn -0.0074 -0.6514 -0.7587
vn -0.0273 -0.9460 -0.3231
vn -0.9221 0.0190 0.3864
vn -0.9924 0.1037 0.0666
vn -0.9796 -0.0518 0.1944
vn 0.1966 0.0386 0.9797
vn 0.0392 -0.0599 0.9974
vn 0.1496 -0.1664 0.9747
vn -0.0527 -0.9857 -0.1601
vn -0.0549 -0.9985 -0.0046
vn -0.0245 -0.9997 0.0043
vn -0.3109 -0.8848 0.3470
vn -0.2844 -0.9223 0.2617
vn 0.6827 0.7292 0.0459
vn 0.9549 0.2948 -0.0365
vn 0.8190 0.5736 -0.0119
vn 0.3628 0.0606 0.9299
vn 0.1363 0.4196 0.8974
vn 0.0212 0.2443 0.9695
vn 0.0012 -0.9556 0.2946
vn 0.0172 -0.9340 0.3570
vn 0.0005 -0.9594 0.2822
vn -0.1752 -0.0360 0.9839
vn -0.2871 -0.2094 0.9347
vn -0.2329 -0.2104 0.9495
vn -0.6360 0.7566 -0.1520
vn -0.1420 0.8715 -0.4694
vn -0.8046 0.5466 -0.2322
vn -0.3927 -0.0236 0.9194
vn -0.4904 0.0091 0.8714
vn -0.4433 -0.0200 0.8961
vn 0.0095 0.3071 -0.9516
vn -0.0302 0.3741 -0.9269
vn 0.0142 0.2717 -0.9623
vn -0.1016 0.9591 -0.2643
vn -0.0427 0.9913 -0.1244
vn -0.1508 0.5219 -0.8396
vn -0.3651 0.7256 -0.5833
vn -0.3135 0.7550 -0.5759
vn -0.6541 0.2461 -0.7152
vn -0.9233 0.3022 -0.2370
vn -0.9181 0.2295 -0.3230
vn -0.9595 0.1227 -0.2534
vn -0.9323 0.1349 -0.3357
vn -0.9495 -0.0802 -0.3033
vn -0.7310 -0.6634 0.1598
vn -0.9420 -0.2242 0.2496
vn -0.9457 -0.2350 0.2243
vn -0.0009 0.1000 -0.9950
vn 0.0071 0.1148 -0.9934
vn -0.1160 -0.0494 -0.9920
vn 0.9437 0.3305 -0.0166
vn 0.7119 0.2467 -0.6575
vn 0.2714 -0.9213 0.2787
vn 0.1606 -0.8923 0.4219
vn 0.2362 -0.8105 0.5361
vn -0.0326 -0.9451 0.3251
vn -0.1111 -0.9575 0.2663
vn -0.1972 -0.7976 0.5700
vn -0.0348 -0.8817 0.4704
vn 0.7578 0.5541 -0.3445
vn 0.8441 0.3617 0.3959
vn 0.9167 0.2355 -0.3228
vn -0.0144 0.2862 -0.9580
vn 0.1917 0.4137 -0.8900
vn 0.0848 -0.2019 -0.9757
vn -0.5095 0.2329 -0.8284
vn -0.2326 0.2799 -0.9314
vn 0.0291 0.2814 -0.9591
vn -0.9072 0.0674 -0.4153
vn -0.3442 0.7482 -0.5673
vn -0.0828 0.8491 -0.5218
vn -0.6328 -0.7728 -0.0494
vn 0.0903 -0.9959 0.0101
vn 0.0520 -0.9968 -0.0607
vn -0.9714 -0.0748 -0.2254
vn -0.8564 -0.5144 -0.0442
vn 0.0986 0.9951 -0.0009
vn 0.0287 0.9933 0.1123
vn 0.4191 0.6152 0.6677
vn 0.8337 0.5500 0.0497
vn 0.7738 0.6249 -0.1035
vn 0.6312 0.7456 -0.2137
vn 0.3931 -0.2615 0.8815
vn 0.1708 -0.3292 0.9287
vn 0.3538 -0.3925 0.8490
vn 0.0546 -0.0417 0.9976
vn 0.8307 0.4473 -0.3314
vn 0.8077 0.5721 -0.1428
vn 0.2750 0.0815 -0.9580
vn 0.2440 0.1415 -0.9594
vn -0.0813 0.3137 -0.9460
vn -0.2039 0.1069 -0.9731
vn -0.2964 0.2848 -0.9116
vn -0.4013 0.2181 -0.8896
vn -0.1976 0.0122 -0.9802
vn -0.0019 -0.0953 -0.9954
vn 0.0485 -0.2827 -0.9580
vn 0.0742 0.3472 -0.9348
vn -0.6305 -0.0206 -0.7759
vn -0.7227 0.3246 -0.6102
vn -0.0962 0.9013 -0.4223
vn -0.1782 0.7518 -0.6348
vn -0.3575 0.5677 -0.7416
vn 0.0084 0.8632 -0.5047
vn -0.0086 0.9363 -0.3512
vn -0.1560 -0.9827 -0.0995
vn 0.0574 -0.9487 0.3110
vn -0.0778 -0.9874 0.1379
vn 0.5531 -0.0833 -0.8289
vn 0.9598 -0.2374 -0.1501
vn -0.0769 0.3671 -0.9270
vn 0.6708 -0.6234 -0.4019
vn -0.1812 -0.7364 -0.6519
vn -0.1266 -0.4577 -0.8801
vn -0.4516 0.8695 0.2000
vn -0.5613 0.3569 0.7467
vn -0.5156 0.5036 0.6932
vn 0.1781 0.3971 0.9003
vn 0.0835 0.9759 0.2017
vn 0.2563 0.6891 0.6779
vn 0.1621 0.0757 -0.9839
vn -0.0729 -0.0418 -0.9965
vn -0.0611 -0.0023 -0.9981
vn -0.0426 0.1865 -0.9815
vn -0.0266 0.2096 -0.9774
vn 0.5832 0.7956 -0.1643
vn 0.5357 0.8334 0.1357
vn 0.4530 0.7958 0.4020
vn 0.4012 0.6251 0.6695
vn 0.2771 -0.2005 0.9397
vn 0.0964 0.2523 0.9628
vn 0.3988 0.1689 -0.9013
vn -0.0089 0.1203 -0.9927
vn -0.1573 0.2532 -0.9545
vn -0.0341 -0.9961 -0.0811
vn -0.0242 -0.9932 0.1142
vn -0.1154 -0.9655 0.2337
vn -0.2884 -0.9227 0.2557
vn -0.0986 -0.9810 0.1671
vn 0.3782 0.5880 -0.7150
vn 0.0979 0.3680 -0.9247
vn 0.2961 0.5199 -0.8013
vn 0.1950 0.3278 -0.9244
vn 0.2912 0.1472 -0.9453
vn -0.6160 -0.0455 0.7865
vn -0.7871 -0.0245 0.6164
vn -0.8927 -0.1157 0.4356
vn -0.3080 -0.6092 0.7308
vn -0.2933 -0.2859 0.9123
vn -0.1410 -0.9079 -0.3948
vn 0.1182 -0.7802 -0.6143
vn 0.0507 -0.8251 -0.5628
vn -0.0120 -0.9800 -0.1989
vn -0.0205 -0.9986 -0.0491
vn -0.1160 -0.9727 -0.2011
vn -0.3787 0.0035 0.9255
vn -0.4021 -0.0454 0.9145
vn -0.3293 -0.1440 0.9332
vn 0.1803 0.3569 0.9166
vn 0.1985 -0.0153 0.9800
vn 0.2279 -0.3953 0.8898
vn 0.1925 -0.4600 0.8668
vn -0.3565 -0.2115 -0.9101
vn 0.0166 -0.7734 -0.6337
vn -0.3307 -0.9415 -0.0655
vn 0.2636 -0.0764 0.9616
vn 0.2418 0.0521 0.9689
vn 0.2051 0.0860 0.9750
vn -0.0984 -0.9430 -0.3180
vn -0.0160 -0.9989 0.0439
vn -0.1553 -0.9874 -0.0313
vn -0.1005 -0.8853 -0.4540
vn 0.0677 -0.9715 0.2271
vn -0.0685 -0.7228 0.6876
vn -0.1298 0.9867 -0.0974
vn -0.0841 0.9464 -0.3120
vn -0.0175 0.9531 -0.3020
vn -0.0182 0.9937 0.1106
vn 0.2116 0.9551 0.2074
vn -0.1773 0.3279 -0.9279
vn -0.3432 0.2851 -0.8949
vn -0.2534 0.4374 -0.8628
vn -0.3039 0.4090 -0.8605
vn 0.8663 0.4667 0.1779
vn 0.7538 -0.4069 0.5159
vn 0.9950 -0.0500 0.0865
vn 0.6914 0.2283 0.6855
vn 0.7075 -0.0400 0.7056
vn 0.7579 0.5133 0.4025
vn -0.3862 0.2779 0.8796
vn -0.2120 -0.0335 0.9767
vn -0.4964 0.4782 0.7246
vn -0.3219 0.8210 0.4715
vn -0.2184 0.9739 -0.0615
vn 0.5133 -0.3232 0.7950
vn 0.2120 -0.8024 0.5578
vn 0.0700 -0.2070 -0.9758
vn -0.1738 0.7692 -0.6149
vn -0.0517 0.5550 -0.8302
vn -0.0286 0.9798 -0.1977
vn -0.0763 0.9107 -0.4060
vn -0.3319 0.8800 0.3398
vn -0.8905 0.1172 0.4397
vn -0.7086 0.5340 0.4612
vn -0.9822 0.1496 0.1140
vn 0.4335 -0.8811 0.1892
vn 0.3501 -0.6268 0.6961
vn 0.0620 -0.8187 0.5709
vn 0.3291 -0.6387 0.6955
vn 0.6082 0.6370 -0.4736
vn 0.1805 0.9377 -0.2970
vn 0.6920 0.6577 -0.2976
vn 0.3915 0.8884 -0.2397
vn 0.0890 -0.6964 0.7121
vn 0.1674 -0.6570 0.7351
vn -0.2913 0.8940 -0.3404
vn -0.3062 0.8458 -0.4369
vn -0.2331 0.8448 -0.4816
vn -0.3154 0.8370 -0.4471
vn -0.3474 0.7714 -0.5331
vn 0.5766 -0.8072 -0.1262
vn 0.9058 -0.4209 0.0492
vn 0.4268 -0.8796 0.2101
vn 0.6165 -0.7721 0.1542
vn 0.0315 -0.9869 0.1585
vn 0.3621 -0.8650 0.3473
vn -0.4840 0.1227 0.8664
vn -0.9486 0.1936 -0.2505
vn -0.9121 0.1685 -0.3738
vn 0.8621 -0.2657 0.4315
vn 0.4913 -0.3752 0.7860
vn 0.3308 -0.6119 0.7185
vn 0.2240 -0.7537 0.6179
vn -0.9408 0.2618 -0.2153
vn -0.9892 0.0618 -0.1331
vn -0.5187 -0.8013 0.2981
vn -0.2517 -0.9490 0.1900
vn -0.4809 -0.8413 0.2469
vn 0.0100 0.1986 0.9800
vn 0.1817 0.0673 0.9810
vn -0.0479 0.9329 -0.3569
vn -0.1398 0.9853 -0.0980
vn -0.2276 0.9635 -0.1410
vn -0.0924 0.9390 -0.3312
vn -0.7505 -0.5673 0.3390
vn -0.5992 -0.5587 0.5734
vn -0.6272 -0.0971 0.7728
vn -0.3846 0.8511 -0.3574
vn -0.3648 0.8908 -0.2709
vn -0.1027 0.8013 -0.5893
vn -0.0516 -0.9905 0.1274
vn -0.0428 -0.9277 0.3708
vn -0.0365 -0.9930 0.1121
vn -0.4710 0.0061 0.8821
vn -0.8833 0.2003 0.4238
vn 0.3804 0.9219 -0.0738
vn 0.5964 0.7102 -0.3740
vn -0.9895 -0.1208 0.0795
vn -0.9827 -0.0042 -0.1849
vn -0.9199 -0.3920 -0.0149
vn -0.9761 0.1258 -0.1771
vn -0.5220 -0.0019 0.8529
vn -0.4742 0.0928 0.8755
vn -0.4661 0.1712 0.8680
vn -0.1873 -0.9443 0.2705
vn -0.0166 -0.9685 0.2483
vn 0.1197 -0.9546 0.2729
vn 0.0403 0.2490 -0.9677
vn -0.0713 0.6905 -0.7198
vn -0.3188 0.8722 -0.3710
vn 0.6163 0.7561 -0.2199
vn -0.0657 0.2402 -0.9685
vn -0.2964 0.9012 0.3161
vn -0.0824 0.0090 0.9966
vn -0.2640 -0.0746 0.9616
vn -0.3655 -0.0958 0.9259
vn -0.0397 0.2115 -0.9766
vn 0.0263 0.1897 -0.9815
vn 0.1632 0.4432 -0.8814
vn 0.0331 0.2740 -0.9612
vn 0.0292 0.3155 -0.9485
vn 0.0425 -0.9986 0.0302
vn 0.2681 -0.1687 -0.9485
vn 0.3339 -0.6805 -0.6523
vn -0.0341 -0.7137 -0.6996
vn -0.3858 0.3416 -0.8570
vn 0.0546 0.9925 0.1095
vn -0.1684 0.9776 -0.1259
vn -0.1671 -0.8507 0.4984
vn -0.1936 -0.8955 0.4008
vn -0.0911 0.4710 0.8774
vn 0.0964 0.4439 0.8909
vn 0.3768 0.2140 -0.9012
vn -0.0417 0.1944 -0.9800
vn -0.0308 -0.9957 0.0878
vn -0.0402 -0.9912 0.1262
vn 0.1778 -0.9710 0.1597
vn 0.1284 -0.9597 0.2501
vn -0.2601 0.8714 -0.4159
vn 0.1847 0.1508 -0.9711
vn 0.0089 0.1971 -0.9803
vn 0.3113 0.1571 -0.9372
vn -0.2172 -0.9740 0.0637
vn -0.2590 0.9599 -0.1072
vn 0.7273 0.6853 -0.0374
vn 0.7854 0.5856 -0.2007
vn -0.3318 0.7902 -0.5153
vn -0.4614 0.8229 -0.3316
vn -0.4388 0.8668 -0.2368
vn -0.3026 -0.1619 0.9393
vn -0.3698 0.8779 -0.3042
vn -0.5541 0.7815 -0.2867
vn -0.0803 -0.9675 -0.2397
vn -0.1415 -0.9896 -0.0243
vn -0.0740 -0.9950 -0.0673
vn -0.9429 0.2285 0.2422
vn 0.0093 0.2103 -0.9776
vn 0.1693 0.4178 -0.8926
vn 0.3886 0.5751 -0.7199
vn -0.2128 0.9644 -0.1570
vn -0.1811 0.9655 -0.1870
vn -0.0318 -0.9534 0.3002
vn 0.1286 -0.0116 0.9916
vn 0.1483 0.3212 0.9353
vn 0.0247 -0.9539 0.2990
vn 0.0044 0.0055 1.0000
vn 0.0902 0.0066 0.9959
vn -0.0798 -0.9868 0.1411
vn -0.0984 -0.9907 0.0935
vn -0.6577 -0.6203 -0.4274
vn -0.0310 -0.9820 0.1863
vn -0.0640 -0.9903 0.1237
vn -0.5292 0.6895 0.4945
vn -0.4517 0.1797 0.8739
vn 0.8026 0.5729 -0.1661
vn 0.5785 -0.4100 0.7052
vn 0.9221 -0.1868 0.3389
vn 0.7520 0.6588 0.0221
vn -0.0432 -0.8938 0.4464
vn 0.2978 0.8012 -0.5190
vn 0.5383 0.7749 0.3313
vn 0.0727 0.9640 -0.2559
vn -0.2398 0.9707 0.0138
vn -0.3834 -0.3387 0.8592
vn -0.9691 -0.0899 0.2299
vn -0.0244 -0.9993 0.0289
vn 0.5475 0.7949 -0.2615
vn 0.4295 0.7507 0.5021
vn 0.1652 -0.0160 0.9861
vn -0.7765 0.2658 -0.5712
vn 0.0984 0.4920 -0.8650
vn -0.3270 -0.8183 0.4726
vn 0.0464 -0.9836 -0.1740
vn 0.1835 0.0626 0.9810
vn 0.9767 0.2076 -0.0541
vn -0.6965 0.4819 -0.5316
vn 0.2559 0.1698 0.9517
vn 0.1762 0.2496 -0.9522
vn 0.1499 0.1828 -0.9716
vn -0.1566 0.1175 -0.9807
vn -0.0332 0.2867 -0.9574
vn -0.9733 -0.0818 0.2147
vn -0.0122 0.2266 -0.9739
vn -0.0033 -0.2551 -0.9669
vn 0.0495 -0.9402 0.3369
vn 0.2258 -0.6957 0.6820
vn -0.1865 -0.9804 0.0642
vn -0.0062 -0.2396 0.9708
vn -0.1039 -0.9903 -0.0928
vn -0.1499 0.7384 -0.6575
vn 0.0948 -0.9229 0.3733
vn 0.1895 0.9788 0.0778
vn -0.0523 0.3666 -0.9289
vn -0.0700 -0.4273 -0.9014
vn -0.1456 -0.9616 0.2326
vn -0.1264 -0.9167 0.3791
vn 0.0396 0.9986 -0.0348
vn 0.1657 0.9768 -0.1356
vn 0.1267 0.9919 -0.0085
vn 0.6558 0.7161 -0.2392
vn 0.7850 0.6094 0.1115
vn -0.0220 -0.7325 -0.6804
vn -0.0068 -0.6513 -0.7588
vn -0.0173 -0.9478 -0.3183
vn -0.9326 0.0366 0.3590
vn -0.9840 0.1675 0.0601
vn -0.9717 0.0272 0.2348
vn 0.1938 0.0304 0.9806
vn 0.0315 -0.0571 0.9979
vn 0.1482 -0.1655 0.9750
vn -0.0526 -0.9857 -0.1601
vn -0.0548 -0.9985 -0.0044
vn 0.0293 -0.9996 -0.0027
vn -0.2611 -0.9120 0.3163
vn -0.2345 -0.9440 0.2321
vn 0.7561 0.6542 -0.0179
vn 0.9123 0.3837 -0.1435
vn 0.6876 0.7248 -0.0422
vn 0.2206 0.1444 0.9646
vn 0.2593 0.4080 0.8754
vn 0.0845 0.2558 0.9630
vn 0.0917 -0.9663 0.2406
vn 0.0824 -0.9523 0.2939
vn 0.0629 -0.9674 0.2453
vn -0.2058 -0.0450 0.9776
vn -0.3328 -0.1871 0.9243
vn -0.2529 -0.2021 0.9461
vn -0.6525 0.7138 -0.2544
vn -0.2380 0.8264 -0.5103
vn -0.7989 0.5491 -0.2457
vn -0.4710 0.0740 0.8790
vn -0.5825 -0.0621 0.8104
vn -0.6146 0.0035 0.7888
vn 0.0084 0.3100 -0.9507
vn -0.0360 0.3768 -0.9256
vn 0.0145 0.2717 -0.9623
vn -0.0390 0.9265 -0.3743
vn 0.0553 0.9860 -0.1573
vn -0.2371 0.5151 -0.8237
vn -0.5400 0.6682 -0.5118
vn -0.4943 0.7037 -0.5103
vn -0.6455 0.2951 -0.7044
vn -0.8880 0.4297 -0.1638
vn -0.9028 0.3201 -0.2872
vn -0.9375 0.2807 -0.2058
vn -0.9156 0.2888 -0.2798
vn -0.9587 0.0007 -0.2843
vn -0.7139 -0.6840 0.1497
vn -0.9606 -0.1303 0.2453
vn -0.9648 -0.1517 0.2149
vn 0.9442 0.3290 -0.0184
vn 0.0579 -0.9670 0.2481
vn 0.0153 -0.9735 0.2281
vn -0.1080 -0.8310 0.5457
vn 0.8252 0.5502 -0.1275
vn 0.6444 0.4701 0.6031
vn 0.6796 0.6683 -0.3025
vn -0.0077 0.2744 -0.9616
vn 0.1720 0.4311 -0.8857
vn 0.1091 -0.2877 -0.9515
vn -0.5132 0.2874 -0.8087
vn -0.2263 0.2937 -0.9287
vn 0.0260 0.2717 -0.9620
vn -0.9070 0.0838 -0.4126
vn -0.3448 0.7473 -0.5681
vn -0.1358 0.8318 -0.5381
vn -0.6177 -0.7830 -0.0724
vn 0.1010 -0.9947 -0.0206
vn 0.0875 -0.9940 -0.0654
vn -0.9789 0.0117 -0.2042
vn -0.8445 -0.5330 -0.0518
vn 0.2698 0.9627 -0.0190
vn 0.1549 0.9737 0.1672
vn 0.4987 0.5657 0.6567
vn 0.8053 0.5912 0.0441
vn 0.7471 0.6472 -0.1515
vn 0.6440 0.7369 -0.2056
vn 0.3549 0.0812 0.9314
vn 0.1308 -0.3217 0.9378
vn 0.2042 -0.3223 0.9244
vn 0.0574 -0.0431 0.9974
vn 0.8256 0.5341 -0.1820
vn 0.8325 0.5424 -0.1130
vn 0.3468 0.0632 -0.9358
vn 0.3097 0.1089 -0.9446
vn -0.1032 0.3043 -0.9470
vn -0.1838 0.0780 -0.9799
vn -0.3331 0.2969 -0.8950
vn -0.4075 0.2317 -0.8833
vn -0.1541 -0.0409 -0.9872
vn 0.0034 -0.1023 -0.9947
vn 0.0572 -0.2899 -0.9553
vn 0.0801 0.3575 -0.9305
vn -0.6451 -0.0072 -0.7641
vn -0.7166 0.4427 -0.5390
vn -0.2380 0.8683 -0.4351
vn -0.2872 0.7243 -0.6268
vn -0.3762 0.5549 -0.7420
vn -0.3586 0.7947 -0.4898
vn -0.2762 0.8350 -0.4760
vn 0.9597 -0.2374 -0.1501
vn -0.1066 0.3668 -0.9242
vn -0.7611 0.6439 -0.0788
vn -0.7427 0.2543 0.6194
vn -0.7915 0.3367 0.5100
vn 0.2516 0.3551 0.9003
vn 0.1855 0.9443 0.2717
vn 0.3188 0.6677 0.6727
vn 0.1933 0.0507 -0.9798
vn -0.0454 -0.0781 -0.9959
vn -0.0590 -0.0036 -0.9983
vn -0.0385 0.1831 -0.9823
vn -0.0254 0.2088 -0.9776
vn 0.7950 0.5777 -0.1850
vn 0.5437 0.8289 0.1318
vn 0.4939 0.7878 0.3680
vn 0.4533 0.5806 0.6764
vn 0.2799 -0.2062 0.9376
vn 0.0999 0.2482 0.9635
vn 0.4167 0.1528 -0.8961
vn 0.0307 0.0762 -0.9966
vn -0.1636 0.2724 -0.9482
vn -0.0798 -0.9701 0.2293
vn -0.2623 -0.9314 0.2523
vn -0.0907 -0.9816 0.1677
vn 0.0980 0.3680 -0.9247
vn 0.2938 0.5211 -0.8014
vn 0.1985 0.3270 -0.9240
vn 0.3314 0.1415 -0.9328
vn -0.6451 0.0600 0.7617
vn -0.7926 0.0305 0.6090
vn -0.8991 -0.0055 0.4378
vn -0.2767 -0.6177 0.7361
vn -0.3280 -0.2614 0.9078
vn 0.1303 -0.8038 -0.5805
vn 0.0915 -0.8465 -0.5245
vn 0.0302 -0.9806 -0.1938
vn 0.0293 -0.9980 -0.0554
vn -0.4539 -0.0809 0.8874
vn -0.4416 -0.0709 0.8944
vn -0.3973 -0.1535 0.9048
vn 0.2479 0.3547 0.9015
vn 0.2165 -0.0351 0.9757
vn 0.2280 -0.3953 0.8898
vn -0.3405 -0.2754 -0.8990
vn 0.0225 -0.7925 -0.6094
vn -0.3278 -0.9404 -0.0908
vn 0.2691 -0.0937 0.9585
vn 0.2539 0.0373 0.9665
vn 0.1987 0.0819 0.9766
vn -0.0625 -0.9495 -0.3076
vn 0.0043 -0.9990 0.0446
vn -0.0998 -0.9946 -0.0281
vn -0.0579 -0.8979 -0.4363
vn 0.0694 -0.9714 0.2272
vn -0.0627 -0.7199 0.6913
vn -0.1428 0.9865 -0.0805
vn -0.3330 0.9121 -0.2391
vn 0.0145 0.9665 -0.2562
vn -0.0159 0.9925 0.1212
vn 0.2795 0.9346 0.2200
vn -0.2010 0.3246 -0.9243
vn -0.3788 0.2755 -0.8835
vn -0.3172 0.4303 -0.8451
vn -0.3856 0.4199 -0.8216
vn 0.9259 0.2202 0.3070
vn 0.7658 -0.2275 0.6015
vn 0.8121 -0.0792 0.5781
vn 0.8947 0.3539 0.2726
vn -0.4135 0.2429 0.8775
vn -0.2721 -0.0852 0.9585
vn -0.6380 0.3997 0.6582
vn -0.3508 0.8136 0.4637
vn -0.3582 0.9128 -0.1962
vn 0.6750 -0.4087 0.6143
vn 0.2101 -0.8030 0.5577
vn 0.1001 -0.2808 -0.9545
vn -0.2719 0.7053 -0.6546
vn -0.1341 0.5572 -0.8195
vn 0.1298 0.9616 -0.2418
vn -0.0529 0.8867 -0.4593
vn -0.6485 0.7548 0.0990
vn -0.9260 0.0443 0.3750
vn -0.8421 0.4271 0.3292
vn -0.9836 0.1473 0.1039
vn 0.2862 -0.7037 0.6503
vn 0.0419 -0.8323 0.5527
vn 0.3495 -0.6671 0.6579
vn 0.2738 0.9146 -0.2977
vn 0.6927 0.6566 -0.2985
vn 0.4431 0.8564 -0.2651
vn 0.0889 -0.6964 0.7121
vn 0.1273 -0.6705 0.7309
vn -0.3920 0.7913 -0.4692
vn -0.5076 0.6955 -0.5085
vn -0.3777 0.6790 -0.6295
vn -0.5411 0.7223 -0.4308
vn -0.5153 0.6830 -0.5176
vn -0.6180 0.0192 0.7859
vn -0.9146 0.3466 -0.2081
vn -0.8868 0.2549 -0.3855
vn 0.7472 0.3343 0.5744
vn 0.9719 -0.0905 0.2174
vn 0.1980 -0.7146 0.6709
vn 0.1424 -0.7992 0.5839
vn -0.9401 0.2582 -0.2227
vn -0.9842 0.1013 -0.1455
vn -0.4551 -0.8399 0.2958
vn -0.1592 -0.9728 0.1686
vn -0.4302 -0.8674 0.2501
vn 0.0199 0.1984 0.9799
vn 0.1892 0.0838 0.9784
vn -0.4138 0.7843 -0.4622
vn -0.4174 0.8567 -0.3032
vn -0.5202 0.7761 -0.3566
vn -0.4572 0.7870 -0.4142
vn -0.7540 -0.5689 0.3284
vn -0.5995 -0.5607 0.5712
vn -0.6634 0.0366 0.7474
vn -0.6275 0.6222 -0.4681
vn -0.5682 0.7612 -0.3127
vn -0.1467 0.7755 -0.6141
vn -0.5597 -0.0290 0.8282
vn -0.9178 0.1261 0.3766
vn 0.4375 0.8973 -0.0595
vn 0.6048 0.7052 -0.3701
vn -0.9962 -0.0362 0.0787
vn -0.9805 0.1154 -0.1593
vn -0.9173 -0.3979 -0.0114
vn -0.9492 0.2646 -0.1700
vn -0.6505 -0.0789 0.7554
vn -0.6058 -0.0230 0.7953
vn -0.5903 0.0369 0.8064
vn -0.1123 -0.9623 0.2477
vn 0.0510 0.2459 -0.9680
vn -0.1904 0.6786 -0.7094
vn -0.5080 0.7596 -0.4061
vn 0.5244 0.6845 -0.5064
vn -0.0481 0.2206 -0.9742
vn -0.5547 0.8179 0.1528
vn -0.0990 -0.0426 0.9942
vn -0.3207 -0.0908 0.9428
vn -0.5114 -0.0615 0.8571
vn 0.0264 0.1897 -0.9815
vn 0.0292 0.3156 -0.9485
vn 0.0958 -0.9950 0.0263
vn -0.4409 0.3633 -0.8208
vn 0.1466 0.9841 0.1006
vn 0.0022 0.9929 -0.1189
vn -0.0776 -0.8958 0.4377
vn -0.1247 -0.9397 0.3184
vn -0.0734 0.4262 0.9017
vn 0.1346 0.4137 0.9004
vn 0.3929 0.1893 -0.8999
vn -0.0361 0.1923 -0.9807
vn -0.3157 0.7796 -0.5408
vn 0.2245 0.1416 -0.9641
vn 0.0258 0.1903 -0.9814
vn 0.3681 0.1148 -0.9227
vn -0.1591 -0.9868 0.0302
vn -0.4430 0.8546 -0.2708
vn 0.7873 0.6101 -0.0890
vn 0.8206 0.5107 -0.2565
vn -0.4522 0.6186 -0.6425
vn -0.6572 0.5796 -0.4818
vn -0.7591 0.5937 -0.2669
vn -0.3660 -0.1926 0.9105
vn -0.5888 0.7091 -0.3879
vn -0.6852 0.5697 -0.4537
vn -0.0238 -0.9756 -0.2182
vn -0.0778 -0.9967 -0.0224
vn -0.0236 -0.9980 -0.0583
vn -0.9536 0.1974 0.2275
vn 0.0215 0.1811 -0.9832
vn -0.4014 0.8875 -0.2265
vn -0.5245 0.8407 -0.1344
vn 0.1355 -0.0483 0.9896
vn 0.1803 0.2961 0.9380
vn 0.0033 -0.0430 0.9991
vn 0.0859 0.0061 0.9963
vn -0.6623 -0.6291 -0.4069
vn 0.0054 -0.9840 0.1781
vn -0.0599 -0.9906 0.1232
vn -0.8067 0.5327 0.2558
vn -0.6349 0.0627 0.7701
vn 0.9420 0.1380 0.3058
vn 0.5191 0.0171 0.8545
vn 0.5760 0.2783 0.7686
vn 0.7494 0.6615 0.0283
vn -0.0433 -0.8938 0.4463
vn 0.3005 0.7957 -0.5259
vn 0.7287 0.5822 0.3606
vn 0.1245 0.9749 -0.1844
vn -0.0388 0.9992 -0.0074
vn -0.4021 -0.3187 0.8584
vn -0.9803 0.0270 0.1956
vn -0.0206 -0.9994 0.0290
vn 0.8369 0.4972 -0.2288
vn 0.5107 0.7076 0.4883
vn 0.1783 -0.0451 0.9829
vn -0.7770 0.2720 -0.5677
vn 0.0879 0.4930 -0.8656
vn -0.2857 -0.8383 0.4643
vn 0.1786 0.0452 0.9829
vn 0.9773 0.2051 -0.0536
vn 0.2642 0.1447 0.9536
vn 0.1947 0.2479 -0.9490
vn 0.1666 0.1816 -0.9692
vn -0.1498 0.0880 -0.9848
vn -0.0320 0.2861 -0.9577
vn -0.9767 0.0395 0.2108
vn 0.0134 -0.2720 -0.9622
vn 0.1105 -0.9458 0.3055
vn -0.1609 -0.9867 0.0221
vn -0.0124 -0.2330 0.9724
vn -0.3137 0.7195 -0.6196
vn 0.1552 -0.9253 0.3460
vn 0.2511 0.9589 0.1320
vn -0.0539 0.3604 -0.9312
vn -0.0467 -0.9809 0.1886
vn 0.0070 -0.9520 0.3060
vt 0.909614 0.310810
vt 0.945175 0.309232
vt 0.919443 0.329687
vt 0.885123 0.296651
vt 0.897584 0.318949
vt 0.908077 0.606929
vt 0.935247 0.588802
vt 0.932670 0.632801
vt 0.949708 0.639603
vt 0.953789 0.615118
vt 0.981554 0.638581
vt 0.518855 0.761936
vt 0.491136 0.764965
vt 0.522773 0.743928
vt 0.426737 0.882347
vt 0.439974 0.899070
vt 0.413768 0.900396
vt 0.954791 0.551883
vt 0.957421 0.582027
vt 0.947797 0.567431
vt 0.149566 0.386237
vt 0.152474 0.423612
vt 0.110305 0.408845
vt 0.324265 0.912044
vt 0.281713 0.885424
vt 0.341812 0.876843
vt 0.889074 0.177747
vt 0.903865 0.205007
vt 0.872902 0.194436
vt 0.464644 0.834898
vt 0.442652 0.829326
vt 0.442549 0.804000
vt 0.036135 0.363858
vt 0.014914 0.387826
vt 0.016463 0.357735
vt 0.305917 0.868951
vt 0.315213 0.851547
vt 0.426778 0.793176
vt 0.411025 0.808873
vt 0.397621 0.798921
vt 0.969511 0.310765
vt 0.943046 0.335486
vt 0.488780 0.824623
vt 0.470458 0.798760
vt 0.499286 0.788975
vt 0.924622 0.177817
vt 0.920587 0.210454
vt 0.883254 0.502877
vt 0.910300 0.513586
vt 0.888130 0.521576
vt 0.540750 0.751761
vt 0.549122 0.737868
vt 0.524728 0.736796
vt 0.538424 0.725576
vt 0.135392 0.434615
vt 0.100265 0.444479
vt 0.097556 0.431374
vt 0.840843 0.532033
vt 0.854835 0.552495
vt 0.841736 0.585889
vt 0.888331 0.608104
vt 0.856732 0.628883
vt 0.855207 0.611495
vt 0.967517 0.386908
vt 0.923654 0.382487
vt 0.915526 0.368874
vt 0.885017 0.368176
vt 0.899759 0.384655
vt 0.881603 0.387168
vt 0.906576 0.450781
vt 0.904597 0.464367
vt 0.885051 0.447358
vt 0.859798 0.345948
vt 0.874089 0.367556
vt 0.863185 0.370925
vt 0.066585 0.450258
vt 0.037997 0.436310
vt 0.073947 0.418284
vt 0.923765 0.474305
vt 0.924717 0.490829
vt 0.903615 0.488202
vt 0.974649 0.356456
vt 0.978865 0.336077
vt 0.442386 0.872907
vt 0.420901 0.856244
vt 0.432462 0.855041
vt 0.909067 0.579725
vt 0.901651 0.579045
vt 0.912498 0.563194
vt 0.906131 0.558785
vt 0.877731 0.581158
vt 0.873906 0.574564
vt 0.452839 0.853598
vt 0.489915 0.868053
vt 0.457011 0.873842
vt 0.472655 0.841235
vt 0.868461 0.650340
vt 0.902665 0.661291
vt 0.867522 0.682466
vt 0.904032 0.647591
vt 0.877036 0.645158
vt 0.566855 0.801301
vt 0.572678 0.785596
vt 0.588311 0.828118
vt 0.604433 0.823579
vt 0.627400 0.799188
vt 0.629804 0.813085
vt 0.910239 0.682706
vt 0.297935 0.931353
vt 0.871445 0.332208
vt 0.863663 0.277919
vt 0.853955 0.522165
vt 0.839449 0.526374
vt 0.839442 0.514926
vt 0.287622 0.861919
vt 0.299397 0.821678
vt 0.921695 0.352681
vt 0.934669 0.366862
vt 0.894617 0.351126
vt 0.346633 0.835349
vt 0.326034 0.826895
vt 0.337643 0.820807
vt 0.400953 0.830228
vt 0.364335 0.819762
vt 0.376595 0.797443
vt 0.853170 0.223365
vt 0.859189 0.256730
vt 0.853170 0.275736
vt 0.884244 0.215077
vt 0.910732 0.247351
vt 0.594712 0.761633
vt 0.560233 0.755166
vt 0.572378 0.743320
vt 0.591502 0.785971
vt 0.440477 0.841941
vt 0.392551 0.840650
vt 0.383393 0.849642
vt 0.844520 0.501717
vt 0.867023 0.511410
vt 0.858064 0.488216
vt 0.855216 0.465465
vt 0.914287 0.659355
vt 0.927672 0.669685
vt 0.968036 0.465167
vt 0.956737 0.467980
vt 0.948567 0.460543
vt 0.552334 0.728596
vt 0.475588 0.881379
vt 0.456117 0.899653
vt 0.457820 0.885773
vt 0.444830 0.877332
vt 0.103548 0.391208
vt 0.055049 0.388599
vt 0.015335 0.417196
vt 0.048213 0.416092
vt 0.859108 0.219937
vt 0.873725 0.596945
vt 0.853375 0.596307
vt 0.870818 0.588381
vt 0.378241 0.873279
vt 0.389302 0.916106
vt 0.346852 0.897659
vt 0.381051 0.934031
vt 0.397563 0.922853
vt 0.416779 0.921112
vt 0.077213 0.445381
vt 0.919284 0.529597
vt 0.958088 0.509476
vt 0.952955 0.529853
vt 0.415008 0.760070
vt 0.454914 0.755685
vt 0.475750 0.780340
vt 0.305953 0.933454
vt 0.345849 0.924440
vt 0.353219 0.939180
vt 0.368653 0.931441
vt 0.377083 0.918827
vt 0.562760 0.827617
vt 0.578529 0.830673
vt 0.548525 0.837443
vt 0.559658 0.789308
vt 0.132647 0.448836
vt 0.924049 0.227626
vt 0.907381 0.217241
vt 0.975266 0.215593
vt 0.980971 0.236933
vt 0.963401 0.252544
vt 0.546779 0.821484
vt 0.509286 0.859551
vt 0.539820 0.822859
vt 0.539155 0.835834
vt 0.926535 0.457461
vt 0.903650 0.475577
vt 0.870554 0.503172
vt 0.875238 0.515530
vt 0.491491 0.730435
vt 0.494859 0.752172
vt 0.509013 0.706108
vt 0.529192 0.715630
vt 0.517772 0.730615
vt 0.889838 0.548386
vt 0.913553 0.523803
vt 0.962555 0.273897
vt 0.976735 0.253517
vt 0.889035 0.529900
vt 0.878834 0.532073
vt 0.864593 0.531817
vt 0.079024 0.422127
vt 0.553835 0.813262
vt 0.562907 0.815353
vt 0.555521 0.820471
vt 0.555333 0.760699
vt 0.542313 0.781307
vt 0.901348 0.285406
vt 0.879839 0.278683
vt 0.387749 0.859030
vt 0.417665 0.845794
vt 0.407128 0.879313
vt 0.386966 0.868696
vt 0.506782 0.799866
vt 0.855152 0.603115
vt 0.891340 0.209737
vt 0.881192 0.207561
vt 0.521259 0.817969
vt 0.507160 0.853132
vt 0.535727 0.800449
vt 0.554356 0.804610
vt 0.543991 0.812064
vt 0.852716 0.281537
vt 0.846842 0.291063
vt 0.834387 0.473785
vt 0.838566 0.454599
vt 0.337435 0.856678
vt 0.361971 0.869741
vt 0.560193 0.728731
vt 0.479117 0.897050
vt 0.542047 0.850652
vt 0.503824 0.871777
vt 0.851792 0.581193
vt 0.865585 0.557609
vt 0.280647 0.804709
vt 0.141395 0.385477
vt 0.461572 0.911111
vt 0.420396 0.915044
vt 0.415542 0.910361
vt 0.129199 0.372489
vt 0.100559 0.357999
vt 0.115417 0.358638
vt 0.353763 0.798446
vt 0.622019 0.792848
vt 0.930034 0.502228
vt 0.941498 0.265387
vt 0.915764 0.292249
vt 0.870448 0.545495
vt 0.558468 0.806948
vt 0.558442 0.795519
vt 0.550735 0.795503
vt 0.970898 0.615084
vt 0.951649 0.590355
vt 0.393327 0.782393
vt 0.343035 0.789107
vt 0.358364 0.781143
vt 0.571721 0.771953
vt 0.555255 0.753227
vt 0.423007 0.806927
vt 0.941847 0.361914
vt 0.488018 0.887871
vt 0.498003 0.868631
vt 0.459157 0.840952
vt 0.445178 0.848978
vt 0.485807 0.853943
vt 0.908252 0.376563
vt 0.913873 0.546778
vt 0.921039 0.570513
vt 0.864347 0.489249
vt 0.889221 0.475470
vt 0.875947 0.489990
vt 0.501052 0.720192
vt 0.932451 0.704063
vt 0.910409 0.703219
vt 0.921086 0.708390
vt 0.875861 0.723385
vt 0.465271 0.798819
vt 0.457393 0.772940
vt 0.869778 0.715086
vt 0.973469 0.191825
vt 0.496336 0.859561
vt 0.502150 0.848868
vt 0.510490 0.830244
vt 0.358561 0.831291
vt 0.341438 0.807180
vt 0.372528 0.847276
vt 0.868020 0.639700
vt 0.859557 0.640646
vt 0.945295 0.541622
vt 0.954346 0.372609
vt 0.974212 0.368130
vt 0.950322 0.487588
vt 0.432962 0.840043
vt 0.844266 0.317007
vt 0.847468 0.346952
vt 0.343017 0.910725
vt 0.465806 0.781846
vt 0.005396 0.377077
vt 0.970024 0.592071
vt 0.135426 0.368650
vt 0.329579 0.797855
vt 0.317865 0.803289
vt 0.315800 0.791715
vt 0.845663 0.450697
vt 0.863130 0.449895
vt 0.915039 0.587875
vt 0.942561 0.583945
vt 0.929358 0.225561
vt 0.945758 0.232906
vt 0.938540 0.236281
vt 0.949397 0.217797
vt 0.927682 0.579301
vt 0.835022 0.488631
vt 0.315103 0.799136
vt 0.291641 0.798722
vt 0.866390 0.200121
vt 0.439406 0.913575
vt 0.848333 0.609243
vt 0.841117 0.606556
vt 0.864990 0.207894
vt 0.106284 0.455275
vt 0.009706 0.406536
vt 0.069817 0.355745
vt 0.910838 0.476481
vt 0.894586 0.486285
vt 0.050124 0.357735
vt 0.966537 0.477782
vt 0.939480 0.476331
vt 0.280647 0.857666
vt 0.281447 0.873645
vt 0.872678 0.382360
vt 0.945197 0.693798
vt 0.980561 0.650597
vt 0.979415 0.298093
vt 0.986649 0.263274
vt 0.996094 0.299397
vt 0.992137 0.321065
vt 0.952768 0.242732
vt 0.410653 0.866729
vt 0.951351 0.294739
vt 0.392873 0.768948
vt 0.917347 0.649445
vt 0.926613 0.563621
vt 0.850229 0.617433
vt 0.872912 0.709266
vt 0.950371 0.197546
vt 0.926902 0.568944
vt 0.539544 0.842336
vt 0.025792 0.433103
vt 0.527453 0.698878
vt 0.542252 0.713172
vt 0.361618 0.858978
vt 0.887205 0.588209
vt 0.912793 0.384152
vt 0.964511 0.178842
vt 0.970028 0.194838
vt 0.003906 0.392533
vt 0.004451 0.405713
vt 0.924811 0.464726
vt 0.872578 0.730743
vt 0.550493 0.845296
vt 0.879581 0.537812
vt 0.468452 0.758596
vt 0.478233 0.741476
vt 0.924872 0.344954
vt 0.381993 0.855106
vt 0.862839 0.675517
vt 0.128945 0.357520
vt 0.085692 0.456945
vt 0.840196 0.331108
vt 0.825429 0.458599
vt 0.276599 0.794541
vt 0.155594 0.400509
vt 0.856134 0.640589
vt 0.611503 0.778253
vt 0.879991 0.586073
vt 0.562589 0.840213
vt 0.911467 0.447463
vt 0.880634 0.211376
vt 0.859238 0.371821
vt 0.099054 0.865190
vt 0.071788 0.895150
vt 0.050114 0.877598
vt 0.892096 0.862869
vt 0.913835 0.855194
vt 0.912828 0.894626
vt 0.310473 0.695882
vt 0.323708 0.660087
vt 0.334774 0.694934
vt 0.755623 0.770915
vt 0.804338 0.770928
vt 0.759555 0.783460
vt 0.469003 0.188407
vt 0.439409 0.149160
vt 0.464551 0.130226
vt 0.563789 0.360376
vt 0.584203 0.319728
vt 0.615396 0.361926
vt 0.827414 0.789804
vt 0.789483 0.823069
vt 0.668734 0.842234
vt 0.651760 0.896056
vt 0.644297 0.870860
vt 0.400486 0.696907
vt 0.404279 0.678005
vt 0.423382 0.708170
vt 0.618241 0.458950
vt 0.575722 0.466643
vt 0.584920 0.444587
vt 0.721543 0.911251
vt 0.691001 0.906612
vt 0.692005 0.873594
vt 0.557913 0.318582
vt 0.584662 0.256983
vt 0.599508 0.288696
vt 0.254827 0.801234
vt 0.231518 0.783198
vt 0.261205 0.770653
vt 0.523376 0.203936
vt 0.474298 0.246942
vt 0.492452 0.213565
vt 0.232423 0.611093
vt 0.251985 0.611908
vt 0.251542 0.638394
vt 0.058172 0.819315
vt 0.074309 0.842354
vt 0.099644 0.728688
vt 0.120579 0.733147
vt 0.100922 0.738568
vt 0.363582 0.088175
vt 0.397878 0.078566
vt 0.396045 0.094660
vt 0.433317 0.066258
vt 0.416629 0.054408
vt 0.456295 0.025396
vt 0.521414 0.078120
vt 0.513038 0.136106
vt 0.495889 0.113833
vt 0.238836 0.680460
vt 0.239702 0.700477
vt 0.206296 0.670516
vt 0.335211 0.728664
vt 0.301866 0.712431
vt 0.833553 0.924692
vt 0.861637 0.943715
vt 0.827213 0.968859
vt 0.692995 0.933386
vt 0.730158 0.942502
vt 0.702647 0.964776
vt 0.858272 0.900105
vt 0.448483 0.674284
vt 0.482893 0.702396
vt 0.439046 0.706564
vt 0.054811 0.565870
vt 0.100398 0.594978
vt 0.051909 0.615255
vt 0.045992 0.542378
vt 0.100967 0.495437
vt 0.078072 0.553125
vt 0.387123 0.117260
vt 0.242461 0.760745
vt 0.209491 0.758167
vt 0.638702 0.835103
vt 0.655914 0.817819
vt 0.669933 0.829588
vt 0.455544 0.055989
vt 0.494243 0.024456
vt 0.506609 0.047142
vt 0.046056 0.920012
vt 0.072676 0.928299
vt 0.047449 0.946608
vt 0.365005 0.671951
vt 0.330969 0.654481
vt 0.393442 0.616569
vt 0.627569 0.452145
vt 0.631900 0.406517
vt 0.637280 0.431070
vt 0.615016 0.406948
vt 0.417639 0.665677
vt 0.418679 0.638541
vt 0.211731 0.578338
vt 0.177436 0.579445
vt 0.196092 0.549746
vt 0.115652 0.556347
vt 0.127369 0.531135
vt 0.136768 0.542437
vt 0.137403 0.584855
vt 0.165804 0.650082
vt 0.153107 0.675246
vt 0.135279 0.654414
vt 0.104030 0.589512
vt 0.417499 0.034553
vt 0.456036 0.009590
vt 0.058863 0.516424
vt 0.180335 0.752777
vt 0.172321 0.729020
vt 0.210983 0.718991
vt 0.182644 0.770097
vt 0.215011 0.812711
vt 0.872788 0.792009
vt 0.927864 0.809719
vt 0.898038 0.821160
vt 0.292367 0.721804
vt 0.315604 0.742355
vt 0.142864 0.499211
vt 0.137483 0.507537
vt 0.108527 0.480206
vt 0.286534 0.741683
vt 0.195389 0.700737
vt 0.225116 0.708921
vt 0.430383 0.279445
vt 0.439090 0.230593
vt 0.444189 0.262472
vt 0.068822 0.947902
vt 0.079376 0.929073
vt 0.109954 0.935131
vt 0.167426 0.625934
vt 0.138418 0.630574
vt 0.185262 0.654841
vt 0.188277 0.630008
vt 0.228746 0.641803
vt 0.450026 0.653290
vt 0.445680 0.621145
vt 0.472225 0.627334
vt 0.538922 0.463528
vt 0.547926 0.434271
vt 0.561682 0.460389
vt 0.168357 0.609647
vt 0.161069 0.601160
vt 0.167748 0.551493
vt 0.830351 0.810685
vt 0.845818 0.834657
vt 0.776496 0.951238
vt 0.756839 0.913749
vt 0.786250 0.913797
vt 0.312709 0.631548
vt 0.291691 0.616179
vt 0.310276 0.593283
vt 0.259177 0.572703
vt 0.243121 0.581511
vt 0.507742 0.189744
vt 0.485846 0.189750
vt 0.515210 0.170724
vt 0.753716 0.976207
vt 0.719881 0.979424
vt 0.883199 0.759143
vt 0.897904 0.770642
vt 0.854025 0.769274
vt 0.680267 0.773860
vt 0.726425 0.774071
vt 0.720432 0.788894
vt 0.714293 0.806354
vt 0.909702 0.776450
vt 0.493296 0.280612
vt 0.507469 0.242670
vt 0.523763 0.255520
vt 0.515718 0.401940
vt 0.529181 0.398183
vt 0.524841 0.427650
vt 0.831874 0.987796
vt 0.871902 0.977838
vt 0.784359 0.996094
vt 0.749183 0.988721
vt 0.018088 0.592712
vt 0.655181 0.778121
vt 0.643428 0.798055
vt 0.546275 0.406807
vt 0.556937 0.404932
vt 0.581560 0.374785
vt 0.741933 0.790034
vt 0.747123 0.838813
vt 0.727520 0.813047
vt 0.738272 0.780677
vt 0.819114 0.955655
vt 0.795058 0.977514
vt 0.114086 0.859842
vt 0.141492 0.880750
vt 0.117263 0.901846
vt 0.145866 0.916210
vt 0.115195 0.923527
vt 0.181414 0.549417
vt 0.149397 0.541689
vt 0.163586 0.522966
vt 0.174535 0.537941
vt 0.977011 0.879216
vt 0.953671 0.887542
vt 0.969924 0.847444
vt 0.967851 0.914966
vt 0.957433 0.901609
vt 0.974620 0.895236
vt 0.477543 0.337671
vt 0.514370 0.307432
vt 0.201925 0.904063
vt 0.164246 0.919493
vt 0.183942 0.888114
vt 0.952569 0.930329
vt 0.894429 0.942899
vt 0.111075 0.651471
vt 0.081103 0.625329
vt 0.063379 0.758102
vt 0.043158 0.753242
vt 0.079078 0.738801
vt 0.028656 0.821826
vt 0.016830 0.790982
vt 0.420820 0.244924
vt 0.437611 0.212791
vt 0.424799 0.221707
vt 0.425847 0.166245
vt 0.946467 0.865852
vt 0.929468 0.935571
vt 0.897933 0.915476
vt 0.940195 0.898162
vt 0.329500 0.635468
vt 0.372970 0.595673
vt 0.337362 0.621102
vt 0.347058 0.593201
vt 0.910771 0.974771
vt 0.880316 0.967741
vt 0.904194 0.956523
vt 0.619160 0.329649
vt 0.626558 0.368785
vt 0.065201 0.780087
vt 0.112501 0.766692
vt 0.115287 0.790579
vt 0.127209 0.754399
vt 0.090739 0.750645
vt 0.948389 0.784800
vt 0.963595 0.808921
vt 0.947697 0.807218
vt 0.953326 0.854859
vt 0.916618 0.838785
vt 0.948211 0.817381
vt 0.030403 0.944548
vt 0.528669 0.449227
vt 0.451394 0.234560
vt 0.423536 0.083169
vt 0.425847 0.113575
vt 0.968421 0.948865
vt 0.952141 0.944398
vt 0.921419 0.951719
vt 0.905426 0.931639
vt 0.391023 0.148940
vt 0.415159 0.136501
vt 0.751246 0.954359
vt 0.752776 0.934042
vt 0.757335 0.955742
vt 0.577675 0.424754
vt 0.557636 0.433204
vt 0.178498 0.831086
vt 0.236491 0.839025
vt 0.205226 0.869321
vt 0.169495 0.847641
vt 0.645934 0.914011
vt 0.548999 0.168495
vt 0.535914 0.182634
vt 0.152525 0.804417
vt 0.089416 0.763914
vt 0.039949 0.770327
vt 0.869157 0.874002
vt 0.885757 0.905406
vt 0.809293 0.867592
vt 0.476622 0.216145
vt 0.447263 0.203528
vt 0.415951 0.612751
vt 0.366588 0.621100
vt 0.474881 0.104162
vt 0.456962 0.082110
vt 0.506041 0.069585
vt 0.446693 0.103296
vt 0.483608 0.253655
vt 0.477225 0.273000
vt 0.459551 0.302886
vt 0.471541 0.286661
vt 0.734525 0.901722
vt 0.905552 0.826678
vt 0.837905 0.850346
vt 0.111332 0.623874
vt 0.143689 0.732930
vt 0.146964 0.759987
vt 0.383528 0.713126
vt 0.094118 0.544355
vt 0.265054 0.763563
vt 0.265054 0.839937
vt 0.417919 0.233373
vt 0.515395 0.332554
vt 0.542010 0.299469
vt 0.545894 0.268649
vt 0.291899 0.678687
vt 0.259619 0.679976
vt 0.302358 0.633142
vt 0.270554 0.645991
vt 0.278458 0.625023
vt 0.704917 0.850054
vt 0.279154 0.730026
vt 0.276498 0.737719
vt 0.254810 0.730432
vt 0.145382 0.528425
vt 0.022341 0.901316
vt 0.010217 0.886202
vt 0.027938 0.869816
vt 0.680305 0.956830
vt 0.664135 0.930001
vt 0.662344 0.957172
vt 0.018972 0.580038
vt 0.158339 0.930092
vt 0.138071 0.935409
vt 0.492300 0.365806
vt 0.480595 0.348833
vt 0.177814 0.613693
vt 0.210001 0.621028
vt 0.829006 0.879442
vt 0.805016 0.892564
vt 0.818687 0.911850
vt 0.814096 0.929779
vt 0.062536 0.797671
vt 0.216365 0.593679
vt 0.199868 0.604301
vt 0.181255 0.598693
vt 0.646871 0.853120
vt 0.247638 0.823065
vt 0.362876 0.701749
vt 0.381033 0.729539
vt 0.411099 0.739760
vt 0.378044 0.744291
vt 0.133791 0.776202
vt 0.135859 0.797686
vt 0.159154 0.837257
vt 0.528548 0.276750
vt 0.131735 0.821201
vt 0.149752 0.795060
vt 0.711787 0.834800
vt 0.718839 0.818666
vt 0.730115 0.828457
vt 0.450295 0.192053
vt 0.115117 0.610677
vt 0.934767 0.965737
vt 0.573785 0.228102
vt 0.303823 0.682093
vt 0.308655 0.655937
vt 0.124149 0.830686
vt 0.143985 0.860236
vt 0.849804 0.888639
vt 0.529295 0.368379
vt 0.505176 0.379685
vt 0.838685 0.895824
vt 0.538387 0.336302
vt 0.592163 0.370414
vt 0.870567 0.843041
vt 0.864571 0.829456
vt 0.019734 0.611768
vt 0.482005 0.003906
vt 0.739573 0.865251
vt 0.794264 0.880301
vt 0.446867 0.291876
vt 0.456018 0.252089
vt 0.479142 0.726001
vt 0.449740 0.726802
vt 0.638814 0.453542
vt 0.637147 0.469493
vt 0.625426 0.466355
vt 0.532290 0.123731
vt 0.358874 0.681255
vt 0.878675 0.915447
vt 0.316060 0.589008
vt 0.209105 0.888950
vt 0.613774 0.474017
vt 0.577935 0.486482
vt 0.094974 0.905236
vt 0.035519 0.897481
vt 0.553537 0.190228
vt 0.678472 0.970404
vt 0.480215 0.137828
vt 0.772148 0.831795
vt 0.451017 0.661058
vt 0.471368 0.665034
vt 0.558011 0.479334
vt 0.548292 0.369611
vt 0.095194 0.487942
vt 0.095019 0.474893
vt 0.003906 0.790777
vt 0.023089 0.771730
vt 0.287122 0.581208
vt 0.765872 0.967870
vt 0.918857 0.764057
vt 0.941337 0.764697
vt 0.927569 0.776650
vt 0.558937 0.338848
vt 0.335874 0.748577
vt 0.352008 0.739010
vt 0.246845 0.745114
vt 0.553312 0.348490
vt 0.240473 0.598237
vt 0.263383 0.594101
vt 0.122901 0.626000
vt 0.019901 0.942884
vt 0.272817 0.607446
vt 0.497190 0.145343
vt 0.238286 0.660239
vt 0.003906 0.601575
vt 0.637960 0.785806
vt 0.043998 0.618711
vt 0.085406 0.638176
vt 0.118999 0.643358
vt 0.714985 0.880281
vt 0.005441 0.818938
vt 0.869457 0.969191
vt 0.140991 0.722895
vt 0.123728 0.716099
vt 0.426893 0.738587
vt 0.637892 0.809440
vt 0.645547 0.817372
vt 0.806438 0.995878
vt 0.361261 0.101071
vt 0.225477 0.722141
vt 0.608606 0.306731
vt 0.849284 0.799975
vt 0.132659 0.734852
vt 0.724969 0.884209
vt 0.471670 0.643498
vt 0.377602 0.127528
vt 0.955558 0.957480
vt 0.101671 0.923717
vt 0.399320 0.058141
vt 0.254692 0.605120
vt 0.011116 0.842433
vt 0.903057 0.759129
vt 0.241923 0.719292
vt 0.251124 0.839515
vt 0.241272 0.846202
vt 0.948499 0.770351
vt 0.964000 0.790103
vt 0.734478 0.926724
vt 0.214233 0.868725
vt 0.447311 0.738329
vt 0.120550 0.943186
vt 0.099711 0.719967
vt 0.095970 0.945651
vt 0.014919 0.916281
vt 0.638900 0.868693
vt 0.543132 0.473390
vt 0.660066 0.909183
vt 0.169363 0.925736
s 1
usemtl stones_big.001
f 2/1/1 153/2/2 26/3/3
f 278/4/4 2/1/1 59/5/5
f 19/6/6 103/7/7 21/8/8
f 125/9/9 3/10/10 228/11/11
f 15/12/12 185/13/13 303/14/14
f 30/15/15 157/16/16 178/17/17
f 114/18/18 162/19/19 91/20/20
f 209/21/21 98/22/22 35/23/23
f 210/24/24 4/25/25 251/26/26
f 294/27/27 180/28/28 141/29/29
f 260/30/30 5/31/31 83/32/32
f 118/33/33 218/34/34 39/35/35
f 32/36/36 164/37/37 251/26/26
f 246/38/38 146/39/39 73/40/40
f 153/2/2 236/41/41 187/42/42
f 143/43/43 198/44/44 54/45/45
f 196/46/46 161/47/47 294/27/27
f 125/9/9 21/8/8 3/10/10
f 168/48/48 244/49/49 211/50/50
f 303/14/14 217/51/51 15/12/12
f 151/52/52 300/53/53 288/54/54
f 72/55/55 38/56/56 171/57/57
f 308/58/58 184/59/59 182/60/60
f 271/61/61 290/62/62 55/63/63
f 202/64/64 44/65/65 90/66/66
f 78/67/67 148/68/68 245/69/69
f 239/70/70 263/71/71 293/72/72
f 31/73/73 269/74/74 124/75/75
f 109/76/76 17/77/77 206/78/78
f 12/79/79 93/80/80 280/81/81
f 76/82/82 187/42/42 34/83/83
f 163/84/84 208/85/85 291/86/86
f 247/87/87 102/88/88 234/89/89
f 14/90/90 167/91/91 62/92/92
f 268/93/93 137/94/94 250/95/95
f 198/44/44 143/43/43 169/96/96
f 220/97/97 172/98/98 144/99/99
f 271/61/61 186/100/100 89/101/101
f 183/102/102 284/103/103 22/104/104
f 319/105/105 29/106/106 225/107/107
f 172/98/98 82/108/108 144/99/99
f 85/109/109 4/25/25 210/24/24
f 108/110/110 126/111/111 59/5/5
f 47/112/112 119/113/113 57/114/114
f 164/37/37 249/115/115 63/116/116
f 214/117/117 243/118/118 90/66/66
f 59/5/5 1/119/119 108/110/110
f 25/120/120 107/121/121 27/122/122
f 75/123/123 232/124/124 203/125/125
f 182/126/60 52/127/126 308/128/58
f 312/129/127 194/130/128 52/127/126
f 293/131/72 16/132/129 311/133/130
f 284/103/103 297/134/131 22/104/104
f 208/85/85 255/135/132 291/86/86
f 265/136/133 289/137/134 232/124/124
f 47/112/112 106/138/135 24/139/136
f 113/140/137 106/138/135 66/141/138
f 4/25/25 32/36/36 251/26/26
f 192/142/139 135/143/140 82/108/108
f 33/144/141 121/145/142 241/146/143
f 288/54/54 277/147/144 151/52/52
f 150/148/145 64/149/146 10/150/147
f 157/16/16 266/151/148 10/150/147
f 99/152/149 206/78/78 46/153/150
f 17/77/77 81/154/151 223/155/152
f 182/126/60 110/156/153 52/127/126
f 155/157/154 177/158/155 191/159/156
f 132/160/157 37/161/158 193/162/159
f 286/163/160 166/164/161 309/165/162
f 38/56/56 215/166/163 171/57/57
f 79/167/164 109/168/76 213/169/165
f 246/38/38 134/170/166 39/171/35
f 54/45/45 198/44/44 237/172/167
f 176/173/168 96/174/169 40/175/170
f 219/176/171 96/174/169 282/177/172
f 41/178/173 245/179/69 302/180/174
f 284/103/103 183/102/102 310/181/175
f 72/55/55 162/182/19 38/56/56
f 21/8/8 103/7/7 3/10/10
f 248/183/176 312/129/127 287/184/177
f 270/185/178 40/186/170 261/187/179
f 283/188/180 41/178/173 302/180/174
f 188/189/181 56/190/182 318/191/183
f 263/71/71 60/192/184 222/193/185
f 88/194/186 301/195/187 24/139/136
f 165/196/188 303/14/14 292/197/189
f 81/198/151 257/199/190 13/200/191
f 14/90/90 62/92/92 70/201/192
f 149/202/193 79/167/164 70/201/192
f 129/203/194 230/204/195 236/41/41
f 261/187/179 230/204/195 129/203/194
f 149/202/193 70/201/192 49/205/196
f 24/139/136 224/206/197 238/207/198
f 171/57/57 215/166/163 50/208/199
f 50/208/199 99/152/149 171/57/57
f 229/209/200 69/210/201 116/211/202
f 74/212/203 175/213/204 15/12/12
f 194/130/128 156/214/205 52/127/126
f 156/214/205 6/215/206 52/127/126
f 152/216/207 94/217/208 208/85/85
f 130/218/209 178/17/17 235/219/210
f 185/13/13 15/12/12 54/45/45
f 281/220/211 15/12/12 175/213/204
f 155/157/154 264/221/212 177/158/155
f 141/29/29 258/222/213 36/223/214
f 273/224/215 56/190/182 205/225/216
f 154/226/217 51/227/218 181/228/219
f 119/229/113 108/110/110 57/230/114
f 142/231/220 29/232/106 106/138/135
f 53/233/221 25/120/120 58/234/222
f 193/162/159 251/26/26 58/234/222
f 2/1/1 26/3/3 59/5/5
f 26/3/3 1/119/119 59/5/5
f 151/52/52 277/147/144 60/235/184
f 239/70/70 60/192/184 263/71/71
f 150/148/145 76/236/82 64/149/146
f 188/189/181 44/237/65 202/238/64
f 28/239/223 226/240/224 62/92/92
f 191/159/156 177/158/155 28/239/223
f 249/115/115 9/241/225 63/116/116
f 101/242/226 209/21/21 35/23/23
f 76/236/82 34/243/83 64/149/146
f 157/16/16 111/244/227 173/245/228
f 139/246/229 65/247/230 197/248/231
f 232/124/124 240/249/232 203/125/125
f 29/232/106 66/141/138 106/138/135
f 297/134/131 120/250/233 22/104/104
f 79/167/164 67/251/234 109/168/76
f 194/130/128 48/252/235 138/253/236
f 69/210/201 22/104/104 41/178/173
f 116/211/202 69/210/201 41/178/173
f 184/59/59 308/58/58 238/207/198
f 262/254/237 238/207/198 224/206/197
f 183/102/102 254/255/238 71/256/239
f 175/213/204 298/257/240 154/226/217
f 3/10/10 98/258/22 228/11/11
f 3/10/10 42/259/241 98/258/22
f 246/38/38 267/260/242 134/170/166
f 203/125/125 197/261/231 65/262/230
f 84/263/243 175/213/204 74/212/203
f 313/264/244 60/235/184 16/132/129
f 94/217/208 289/137/134 265/136/133
f 5/31/31 242/265/245 83/32/32
f 18/266/246 187/42/42 76/82/82
f 174/267/247 150/148/145 92/268/248
f 255/135/132 77/269/249 20/270/250
f 169/96/96 61/271/251 268/93/93
f 159/272/252 78/67/67 90/66/66
f 108/110/110 1/119/119 269/74/74
f 234/89/89 136/273/253 105/274/254
f 70/201/192 136/273/253 14/90/90
f 275/275/255 80/276/256 133/277/257
f 263/71/71 113/140/137 66/141/138
f 46/153/150 223/155/152 81/154/151
f 13/200/191 305/278/258 81/198/151
f 135/143/140 231/279/259 82/108/108
f 170/280/260 4/281/25 85/282/109
f 260/30/30 83/32/32 8/283/261
f 252/284/262 8/283/261 246/38/38
f 74/212/203 16/132/129 84/263/243
f 84/263/243 16/132/129 293/131/72
f 170/280/260 85/282/109 23/285/263
f 176/286/168 40/186/170 270/185/178
f 86/287/264 92/268/248 61/271/251
f 140/288/265 123/289/266 205/225/216
f 87/290/267 25/120/120 195/291/268
f 25/120/120 87/290/267 276/292/269
f 168/48/48 301/195/187 88/194/186
f 80/276/256 222/193/185 133/277/257
f 290/62/62 271/61/61 274/293/270
f 144/99/99 11/294/271 220/97/97
f 1/119/119 214/117/117 90/66/66
f 78/67/67 1/119/119 90/66/66
f 136/273/253 70/201/192 79/167/164
f 315/295/272 136/273/253 79/167/164
f 317/296/273 174/297/247 202/64/64
f 90/66/66 243/118/118 202/64/64
f 280/81/81 93/80/80 244/49/49
f 67/251/234 93/80/80 304/298/274
f 5/31/31 256/299/275 242/265/245
f 77/269/249 255/135/132 5/31/31
f 57/230/114 108/110/110 95/300/276
f 225/301/107 31/73/73 124/75/75
f 96/174/169 176/173/168 7/302/277
f 96/174/169 193/162/159 282/177/172
f 8/283/261 252/284/262 97/303/278
f 190/304/279 39/35/35 218/34/34
f 72/55/55 171/57/57 98/22/22
f 98/258/22 42/259/241 72/305/55
f 209/21/21 101/242/226 314/306/280
f 200/307/281 207/308/282 139/309/229
f 120/310/233 100/311/283 66/141/138
f 293/72/72 263/71/71 66/141/138
f 101/242/226 35/23/23 99/152/149
f 139/246/229 99/152/149 65/247/230
f 271/61/61 102/88/88 147/312/284
f 271/61/61 55/63/63 155/157/154
f 42/259/241 3/10/10 103/7/7
f 201/313/285 91/20/20 162/19/19
f 43/314/286 104/315/287 68/316/288
f 127/317/289 270/185/178 261/187/179
f 91/20/20 103/7/7 221/318/290
f 147/312/284 103/7/7 19/6/6
f 57/114/114 106/138/135 47/112/112
f 106/138/135 57/114/114 95/319/276
f 207/308/282 164/37/37 63/116/116
f 314/320/280 63/116/116 209/321/21
f 225/301/107 108/110/110 31/73/73
f 108/110/110 269/74/74 31/73/73
f 67/251/234 304/298/274 109/168/76
f 312/129/127 52/127/126 110/156/153
f 141/29/29 36/223/214 112/322/291
f 64/149/146 34/243/83 199/323/292
f 236/41/41 34/83/83 187/42/42
f 112/324/291 212/325/293 182/60/60
f 36/223/214 212/326/293 112/322/291
f 106/138/135 113/140/137 24/139/136
f 88/194/186 24/139/136 275/275/255
f 162/182/19 114/327/18 38/56/56
f 38/56/56 114/327/18 215/166/163
f 46/153/150 81/154/151 115/328/294
f 118/33/33 46/153/150 218/34/34
f 116/211/202 181/228/219 229/209/200
f 56/190/182 283/188/180 302/180/174
f 279/329/295 99/152/149 46/153/150
f 12/79/79 280/81/81 117/330/296
f 45/331/297 133/277/257 222/193/185
f 134/332/166 46/153/150 118/33/33
f 39/35/35 134/332/166 118/33/33
f 6/215/206 126/111/111 52/127/126
f 126/111/111 278/4/4 59/5/5
f 120/310/233 66/141/138 29/232/106
f 29/106/106 319/105/105 120/250/233
f 121/145/142 17/333/77 306/334/298
f 121/145/142 306/334/298 241/146/143
f 249/115/115 122/335/299 9/241/225
f 122/335/299 249/115/115 231/336/259
f 33/144/141 17/333/77 121/145/142
f 123/289/266 143/43/43 281/220/211
f 281/220/211 175/213/204 154/226/217
f 124/75/75 269/74/74 22/337/104
f 319/105/105 22/104/104 120/250/233
f 231/279/259 135/143/140 122/338/299
f 135/143/140 9/339/225 122/338/299
f 126/111/111 308/128/58 52/127/126
f 126/111/111 108/110/110 119/229/113
f 43/314/286 127/317/289 104/315/287
f 294/27/27 161/47/47 180/28/28
f 128/340/300 286/341/160 309/342/162
f 236/41/41 199/343/292 34/83/83
f 285/344/301 129/203/194 48/252/235
f 48/252/235 153/2/2 138/253/236
f 266/151/148 316/345/302 163/84/84
f 316/345/302 30/15/15 178/17/17
f 48/252/235 129/203/194 131/346/303
f 129/203/194 236/41/41 131/346/303
f 193/162/159 58/234/222 132/160/157
f 235/219/210 152/216/207 316/345/302
f 275/275/255 133/277/257 88/194/186
f 133/277/257 168/48/48 88/194/186
f 65/247/230 99/152/149 279/329/295
f 279/347/295 267/260/242 65/262/230
f 253/348/304 125/9/9 135/143/140
f 135/143/140 125/9/9 9/339/225
f 145/349/305 105/274/254 136/273/253
f 315/295/272 145/349/305 136/273/253
f 61/271/251 92/268/248 137/94/94
f 268/93/93 61/271/251 137/94/94
f 138/253/236 153/2/2 2/1/1
f 2/1/1 278/4/4 156/214/205
f 314/306/280 101/242/226 139/246/229
f 139/246/229 101/242/226 99/152/149
f 140/288/265 143/43/43 123/289/266
f 86/287/264 61/271/251 140/288/265
f 55/63/63 290/62/62 141/350/29
f 264/221/212 141/350/29 112/324/291
f 95/319/276 142/231/220 106/138/135
f 95/300/276 108/110/110 225/301/107
f 61/271/251 169/96/96 143/43/43
f 61/271/251 143/43/43 140/288/265
f 82/108/108 216/351/306 144/99/99
f 196/46/46 307/352/307 161/47/47
f 91/20/20 145/349/305 315/295/272
f 91/20/20 221/318/290 259/353/308
f 256/299/275 75/123/123 146/39/39
f 75/123/123 73/40/40 146/39/39
f 221/318/290 103/7/7 247/87/87
f 234/89/89 105/274/254 247/87/87
f 159/272/252 148/68/68 78/67/67
f 179/354/309 44/237/65 188/189/181
f 149/202/193 67/251/234 79/167/164
f 149/202/193 93/80/80 67/251/234
f 92/268/248 150/148/145 137/94/94
f 150/148/145 10/150/147 137/94/94
f 151/52/52 60/235/184 313/264/244
f 217/51/51 300/53/53 151/52/52
f 81/154/151 17/77/77 33/355/141
f 33/356/141 241/357/143 257/199/190
f 158/358/310 152/216/207 235/219/210
f 25/120/120 276/292/269 158/358/310
f 131/346/303 153/2/2 48/252/235
f 131/346/303 236/41/41 153/2/2
f 273/224/215 154/226/217 56/190/182
f 273/224/215 281/220/211 154/226/217
f 14/90/90 102/88/88 167/91/91
f 102/88/88 271/61/61 299/359/311
f 194/130/128 138/253/236 156/214/205
f 2/1/1 156/214/205 138/253/236
f 199/323/292 157/16/16 64/149/146
f 64/149/146 157/16/16 10/150/147
f 58/234/222 25/120/120 158/358/310
f 132/160/157 58/234/222 158/358/310
f 296/360/312 148/68/68 159/272/252
f 44/65/65 159/272/252 90/66/66
f 23/361/263 176/286/168 160/362/313
f 23/361/263 307/352/307 196/46/46
f 161/47/47 127/317/289 43/314/286
f 161/47/47 307/352/307 127/317/289
f 72/305/55 42/259/241 162/19/19
f 42/259/241 201/313/285 162/19/19
f 10/150/147 266/151/148 250/95/95
f 10/150/147 250/95/95 137/94/94
f 107/121/121 25/120/120 164/37/37
f 53/233/221 164/37/37 25/120/120
f 165/363/188 190/304/279 218/34/34
f 115/328/294 81/154/151 305/364/258
f 111/244/227 166/164/161 173/245/228
f 286/163/160 282/177/172 166/164/161
f 155/157/154 191/159/156 167/91/91
f 299/359/311 271/61/61 155/157/154
f 45/331/297 168/48/48 133/277/257
f 168/48/48 280/81/81 244/49/49
f 77/269/249 169/96/96 268/93/93
f 260/30/30 8/283/261 169/96/96
f 82/108/108 231/279/259 170/280/260
f 82/108/108 170/280/260 216/351/306
f 98/22/22 171/57/57 35/23/23
f 171/57/57 99/152/149 35/23/23
f 186/100/100 271/61/61 21/8/8
f 253/348/304 21/8/8 125/9/9
f 166/164/161 37/161/158 173/245/228
f 235/219/210 178/17/17 37/161/158
f 150/148/145 174/267/247 76/236/82
f 76/82/82 174/297/247 317/296/273
f 310/181/175 175/213/204 84/263/243
f 298/257/240 175/213/204 310/181/175
f 306/334/298 12/79/79 241/146/143
f 272/365/314 12/79/79 117/330/296
f 176/173/168 85/109/109 210/24/24
f 23/285/263 85/282/109 176/366/168
f 112/324/291 182/60/60 177/158/155
f 177/158/155 264/221/212 112/324/291
f 173/245/228 37/161/158 178/17/17
f 178/17/17 157/16/16 173/245/228
f 302/180/174 296/367/312 179/354/309
f 318/191/183 56/190/182 302/180/174
f 161/47/47 43/314/286 287/184/177
f 287/184/177 43/314/286 248/183/176
f 56/190/182 181/228/219 283/188/180
f 56/190/182 154/226/217 181/228/219
f 28/239/223 182/60/60 226/240/224
f 177/158/155 182/60/60 28/239/223
f 69/210/201 183/102/102 22/104/104
f 254/255/238 183/102/102 69/210/201
f 204/368/315 70/201/192 262/254/237
f 70/201/192 62/92/92 226/240/224
f 185/13/13 54/45/45 237/172/167
f 233/369/316 39/171/35 190/370/279
f 186/100/100 192/142/139 89/101/101
f 192/142/139 253/348/304 135/143/140
f 187/42/42 18/266/246 227/371/317
f 26/3/3 153/2/2 187/42/42
f 68/316/288 285/344/301 48/252/235
f 188/189/181 92/268/248 86/287/264
f 188/189/181 205/225/216 56/190/182
f 158/358/310 189/372/318 152/216/207
f 152/216/207 289/137/134 94/217/208
f 190/370/279 292/197/189 233/369/316
f 292/197/189 190/370/279 165/196/188
f 167/91/91 191/159/156 62/92/92
f 28/239/223 62/92/92 191/159/156
f 220/97/97 192/142/139 172/98/98
f 172/98/98 192/142/139 82/108/108
f 7/302/277 193/162/159 96/174/169
f 7/302/277 251/26/26 193/162/159
f 312/129/127 248/183/176 194/130/128
f 48/252/235 194/130/128 248/183/176
f 195/291/268 25/120/120 27/122/122
f 203/125/125 240/249/232 197/261/231
f 11/294/271 144/99/99 196/373/46
f 196/373/46 144/99/99 23/285/263
f 139/246/229 197/248/231 200/374/281
f 195/291/268 200/307/281 197/261/231
f 8/283/261 198/44/44 169/96/96
f 97/303/278 198/44/44 8/283/261
f 309/342/162 199/343/292 128/340/300
f 157/16/16 199/323/292 111/244/227
f 27/122/122 207/308/282 200/307/281
f 200/307/281 195/291/268 27/122/122
f 91/20/20 201/313/285 103/7/7
f 103/7/7 201/313/285 42/259/241
f 202/238/64 174/267/247 92/268/248
f 188/189/181 202/238/64 92/268/248
f 75/123/123 203/125/125 73/40/40
f 203/125/125 65/262/230 267/260/242
f 49/205/196 70/201/192 204/368/315
f 49/205/196 211/50/50 244/49/49
f 86/287/264 140/288/265 205/225/216
f 86/287/264 205/225/216 188/189/181
f 99/152/149 50/208/199 206/78/78
f 50/208/199 109/76/76 206/78/78
f 107/121/121 164/37/37 207/308/282
f 27/122/122 107/121/121 207/308/282
f 152/216/207 208/85/85 316/345/302
f 208/85/85 163/84/84 316/345/302
f 209/321/21 63/116/116 9/241/225
f 125/9/9 228/11/11 9/339/225
f 176/173/168 210/24/24 7/302/277
f 210/24/24 251/26/26 7/302/277
f 301/195/187 224/206/197 24/139/136
f 301/195/187 49/205/196 224/206/197
f 212/326/293 312/129/127 110/156/153
f 212/326/293 110/156/153 182/126/60
f 114/327/18 213/375/165 109/76/76
f 114/18/18 91/20/20 315/295/272
f 26/3/3 214/117/117 1/119/119
f 214/117/117 227/371/317 18/266/246
f 114/327/18 109/76/76 215/166/163
f 50/208/199 215/166/163 109/76/76
f 216/351/306 170/280/260 23/285/263
f 23/285/263 144/99/99 216/351/306
f 15/12/12 217/51/51 74/212/203
f 217/51/51 151/52/52 313/264/244
f 115/328/294 165/363/188 218/34/34
f 218/34/34 46/153/150 115/328/294
f 219/176/171 40/175/170 96/174/169
f 230/204/195 286/341/160 128/340/300
f 274/293/270 220/97/97 11/294/271
f 89/101/101 192/142/139 220/97/97
f 221/318/290 247/87/87 105/274/254
f 259/353/308 221/318/290 105/274/254
f 222/193/185 117/330/296 45/331/297
f 272/365/314 117/330/296 222/193/185
f 206/78/78 223/155/152 46/153/150
f 206/78/78 17/77/77 223/155/152
f 224/206/197 204/368/315 262/254/237
f 49/205/196 204/368/315 224/206/197
f 225/301/107 142/376/220 95/300/276
f 225/377/107 29/232/106 142/231/220
f 182/60/60 184/59/59 226/240/224
f 70/201/192 226/240/224 262/254/237
f 26/3/3 187/42/42 227/371/317
f 26/3/3 227/371/317 214/117/117
f 209/321/21 9/241/225 228/378/11
f 228/379/11 98/22/22 209/21/21
f 51/227/218 229/209/200 181/228/219
f 69/210/201 229/209/200 254/255/238
f 261/187/179 40/186/170 230/204/195
f 40/186/170 286/341/160 230/204/195
f 231/336/259 32/36/36 4/25/25
f 231/279/259 4/281/25 170/280/260
f 232/124/124 87/290/267 195/291/268
f 276/292/269 87/290/267 232/124/124
f 233/369/316 185/13/13 237/172/167
f 233/369/316 97/303/278 252/284/262
f 136/273/253 234/89/89 14/90/90
f 234/89/89 102/88/88 14/90/90
f 132/160/157 158/358/310 235/219/210
f 37/161/158 132/160/157 235/219/210
f 199/343/292 236/41/41 128/340/300
f 230/204/195 128/340/300 236/41/41
f 198/44/44 97/303/278 237/172/167
f 97/303/278 233/369/316 237/172/167
f 24/139/136 238/207/198 47/112/112
f 47/112/112 238/207/198 308/58/58
f 311/133/130 16/132/129 60/235/184
f 240/249/232 195/291/268 197/261/231
f 195/291/268 240/249/232 232/124/124
f 272/365/314 222/193/185 60/192/184
f 242/265/245 146/39/39 246/38/38
f 242/265/245 256/299/275 146/39/39
f 317/296/273 202/64/64 243/118/118
f 214/117/117 18/266/246 243/118/118
f 244/49/49 149/202/193 49/205/196
f 93/80/80 149/202/193 244/49/49
f 269/74/74 245/69/69 22/337/104
f 41/178/173 22/104/104 245/179/69
f 83/32/32 242/265/245 246/38/38
f 83/32/32 246/38/38 8/283/261
f 247/87/87 147/312/284 102/88/88
f 247/87/87 103/7/7 147/312/284
f 43/314/286 68/316/288 248/183/176
f 248/183/176 68/316/288 48/252/235
f 231/336/259 249/115/115 32/36/36
f 164/37/37 32/36/36 249/115/115
f 268/93/93 250/95/95 163/84/84
f 163/84/84 250/95/95 266/151/148
f 58/234/222 251/26/26 53/233/221
f 251/26/26 164/37/37 53/233/221
f 39/171/35 252/284/262 246/38/38
f 39/171/35 233/369/316 252/284/262
f 186/100/100 253/348/304 192/142/139
f 186/100/100 21/8/8 253/348/304
f 254/255/238 229/209/200 51/227/218
f 71/256/239 254/255/238 51/227/218
f 208/85/85 256/299/275 255/135/132
f 5/31/31 255/135/132 256/299/275
f 94/217/208 256/299/275 208/85/85
f 256/299/275 94/217/208 75/123/123
f 81/198/151 33/356/141 257/199/190
f 141/29/29 180/28/28 258/222/213
f 180/28/28 161/47/47 287/184/177
f 145/349/305 259/353/308 105/274/254
f 259/353/308 145/349/305 91/20/20
f 77/269/249 5/31/31 260/30/30
f 77/269/249 260/30/30 169/96/96
f 285/344/301 127/317/289 261/187/179
f 261/187/179 129/203/194 285/344/301
f 184/59/59 262/254/237 226/240/224
f 238/207/198 262/254/237 184/59/59
f 263/71/71 222/193/185 80/276/256
f 113/140/137 263/71/71 80/276/256
f 55/63/63 141/350/29 264/221/212
f 55/63/63 264/221/212 155/157/154
f 265/136/133 232/124/124 75/123/123
f 94/217/208 265/136/133 75/123/123
f 266/151/148 157/16/16 30/15/15
f 316/345/302 266/151/148 30/15/15
f 267/260/242 246/38/38 73/40/40
f 73/40/40 203/125/125 267/260/242
f 268/93/93 20/270/250 77/269/249
f 291/86/86 268/93/93 163/84/84
f 1/119/119 78/67/67 269/74/74
f 78/67/67 245/69/69 269/74/74
f 160/362/313 176/286/168 270/185/178
f 307/352/307 270/185/178 127/317/289
f 147/312/284 19/6/6 271/61/61
f 19/6/6 21/8/8 271/61/61
f 241/146/143 12/79/79 272/365/314
f 241/146/143 272/365/314 60/192/184
f 205/225/216 123/289/266 273/224/215
f 273/224/215 123/289/266 281/220/211
f 274/293/270 89/101/101 220/97/97
f 274/293/270 271/61/61 89/101/101
f 113/140/137 275/275/255 24/139/136
f 113/140/137 80/276/256 275/275/255
f 189/372/318 158/358/310 276/292/269
f 189/372/318 289/137/134 152/216/207
f 288/54/54 241/357/143 277/147/144
f 277/147/144 241/357/143 60/235/184
f 278/4/4 6/215/206 156/214/205
f 6/215/206 278/4/4 126/111/111
f 267/260/242 279/347/295 134/170/166
f 134/332/166 279/329/295 46/153/150
f 117/330/296 280/81/81 45/331/297
f 280/81/81 168/48/48 45/331/297
f 281/220/211 54/45/45 15/12/12
f 143/43/43 54/45/45 281/220/211
f 282/177/172 37/161/158 166/164/161
f 282/177/172 193/162/159 37/161/158
f 116/211/202 41/178/173 283/188/180
f 116/211/202 283/188/180 181/228/219
f 84/263/243 284/103/103 310/181/175
f 284/103/103 84/263/243 297/134/131
f 68/316/288 104/315/287 285/344/301
f 127/317/289 285/344/301 104/315/287
f 40/175/170 219/176/171 286/163/160
f 219/176/171 282/177/172 286/163/160
f 180/28/28 287/184/177 258/222/213
f 258/222/213 287/184/177 312/129/127
f 241/357/143 288/54/54 257/199/190
f 288/54/54 300/53/53 257/199/190
f 189/372/318 276/292/269 289/137/134
f 276/292/269 232/124/124 289/137/134
f 290/62/62 274/293/270 11/294/271
f 290/62/62 294/380/27 141/350/29
f 20/270/250 268/93/93 291/86/86
f 291/86/86 255/135/132 20/270/250
f 185/13/13 292/197/189 303/14/14
f 233/369/316 292/197/189 185/13/13
f 100/311/283 293/72/72 66/141/138
f 297/134/131 100/381/283 120/250/233
f 11/294/271 196/373/46 294/380/27
f 290/62/62 11/294/271 294/380/27
f 102/88/88 295/382/319 167/91/91
f 167/91/91 295/382/319 155/157/154
f 296/367/312 44/237/65 179/354/309
f 44/65/65 296/360/312 159/272/252
f 100/381/283 297/134/131 293/131/72
f 84/263/243 293/131/72 297/134/131
f 154/226/217 298/257/240 51/227/218
f 71/256/239 51/227/218 298/257/240
f 295/382/319 102/88/88 299/359/311
f 295/382/319 299/359/311 155/157/154
f 300/53/53 13/200/191 257/199/190
f 305/278/258 13/200/191 303/14/14
f 211/50/50 49/205/196 301/195/187
f 301/195/187 168/48/48 211/50/50
f 148/383/68 296/367/312 302/180/174
f 302/180/174 245/179/69 148/383/68
f 303/14/14 13/200/191 300/53/53
f 217/51/51 303/14/14 300/53/53
f 17/333/77 304/298/274 306/334/298
f 109/168/76 304/298/274 17/333/77
f 305/364/258 165/363/188 115/328/294
f 165/196/188 305/278/258 303/14/14
f 306/334/298 304/298/274 93/80/80
f 306/334/298 93/80/80 12/79/79
f 160/362/313 270/185/178 307/352/307
f 307/352/307 23/361/263 160/362/313
f 308/58/58 119/113/113 47/112/112
f 308/128/58 126/111/111 119/229/113
f 309/165/162 166/164/161 111/244/227
f 199/323/292 309/165/162 111/244/227
f 298/257/240 310/181/175 71/256/239
f 71/256/239 310/181/175 183/102/102
f 311/384/130 60/192/184 239/70/70
f 311/384/130 239/70/70 293/72/72
f 320/385/320 258/222/213 312/129/127
f 212/326/293 320/385/320 312/129/127
f 74/212/203 217/51/51 313/264/244
f 313/264/244 16/132/129 74/212/203
f 63/116/116 314/320/280 207/308/282
f 207/308/282 314/320/280 139/309/229
f 315/295/272 213/169/165 114/18/18
f 79/167/164 213/169/165 315/295/272
f 130/218/209 316/345/302 178/17/17
f 130/218/209 235/219/210 316/345/302
f 18/266/246 76/82/82 317/296/273
f 243/118/118 18/266/246 317/296/273
f 318/191/183 302/180/174 179/354/309
f 188/189/181 318/191/183 179/354/309
f 225/301/107 124/75/75 319/386/105
f 124/75/75 22/337/104 319/386/105
f 320/385/320 36/223/214 258/222/213
f 36/223/214 320/385/320 212/326/293
f 437/387/321 457/388/322 459/389/323
f 498/390/324 526/391/325 636/392/326
f 458/393/327 581/394/328 450/395/329
f 558/396/330 358/397/331 326/398/332
f 430/399/333 493/400/334 594/401/335
f 600/402/336 537/403/337 507/404/338
f 326/398/332 360/405/339 574/406/340
f 354/407/341 414/408/342 421/409/343
f 542/410/344 403/411/345 327/412/346
f 634/413/347 465/414/348 387/415/349
f 551/416/350 677/417/351 398/418/352
f 470/419/353 460/420/354 334/421/355
f 325/422/356 367/423/357 669/424/358
f 357/425/359 657/426/360 543/427/361
f 420/428/362 570/429/363 696/430/364
f 580/431/365 494/432/366 459/389/323
f 342/433/367 548/434/368 392/435/369
f 475/436/370 586/437/371 332/438/372
f 382/439/373 345/440/374 448/441/375
f 653/442/376 449/443/377 396/444/378
f 673/445/379 579/446/380 336/447/381
f 450/395/329 487/448/382 435/449/383
f 645/450/384 335/451/385 481/452/386
f 356/453/387 593/454/388 632/455/389
f 645/450/384 439/456/390 335/451/385
f 341/457/391 447/458/392 613/459/393
f 324/460/394 401/461/395 576/462/396
f 415/463/397 687/464/398 343/465/399
f 540/466/400 475/436/370 332/438/372
f 665/467/401 367/423/357 490/468/402
f 531/469/403 664/470/404 438/471/405
f 650/472/406 608/473/407 531/474/403
f 501/475/408 510/476/409 472/477/410
f 321/478/411 436/479/412 583/480/413
f 617/481/414 377/482/415 562/483/416
f 514/484/417 634/413/347 387/415/349
f 553/485/418 341/457/391 327/412/346
f 341/457/391 553/485/418 395/486/419
f 700/487/420 495/488/421 615/489/422
f 405/490/423 331/491/424 423/492/425
f 415/463/397 343/465/399 401/461/395
f 405/490/423 423/492/425 588/493/426
f 658/494/427 358/495/331 701/496/428
f 629/497/429 405/490/423 588/493/426
f 345/440/374 415/498/397 619/499/430
f 687/464/398 415/463/397 569/500/431
f 425/501/432 355/502/433 348/503/434
f 671/504/435 490/468/402 478/505/436
f 561/506/437 625/507/438 322/508/439
f 648/509/440 435/449/383 595/510/441
f 355/511/433 603/512/442 348/513/434
f 405/490/423 687/464/398 331/491/424
f 685/514/443 648/509/440 595/510/441
f 464/515/444 336/447/381 573/516/445
f 388/517/446 607/518/447 397/519/448
f 380/520/449 530/521/450 622/522/451
f 353/523/452 658/494/427 499/524/453
f 469/525/454 675/526/455 508/527/456
f 463/528/457 630/529/458 352/530/459
f 644/531/460 468/532/461 667/533/462
f 351/534/463 353/523/452 499/524/453
f 495/488/421 506/535/464 698/536/465
f 574/406/340 640/537/466 545/538/467
f 386/539/468 590/540/469 596/541/470
f 505/542/471 678/543/472 373/544/473
f 615/489/422 582/545/474 330/546/475
f 414/408/342 354/407/341 398/418/352
f 703/547/476 394/548/477 504/549/478
f 632/455/389 517/550/479 686/551/480
f 326/398/332 358/397/331 360/405/339
f 573/552/445 697/553/481 464/554/444
f 362/555/482 511/556/483 639/557/484
f 362/555/482 639/557/484 584/558/485
f 561/506/437 464/554/444 697/553/481
f 561/506/437 349/559/486 625/507/438
f 528/560/487 554/561/488 426/562/489
f 702/563/490 442/564/491 380/565/449
f 362/555/482 438/471/405 664/470/404
f 650/472/406 448/441/375 608/473/407
f 635/566/492 481/452/386 591/567/493
f 517/550/479 334/568/355 460/569/354
f 364/570/494 324/460/394 576/462/396
f 444/571/495 362/555/482 359/572/496
f 380/565/449 442/564/491 568/573/497
f 466/574/498 491/575/499 514/484/417
f 612/576/500 409/577/501 652/578/502
f 467/579/503 558/396/330 612/576/500
f 386/539/468 596/541/470 641/580/504
f 635/566/492 479/581/505 481/452/386
f 597/582/506 411/583/507 329/584/508
f 329/584/508 385/585/509 416/586/510
f 368/587/511 615/489/422 495/488/421
f 631/588/512 412/589/513 523/590/514
f 527/591/515 484/592/516 379/593/517
f 706/594/518 565/595/519 515/596/520
f 616/597/521 528/560/487 552/598/522
f 455/599/523 707/600/524 488/601/525
f 565/595/519 706/594/518 371/602/526
f 439/456/390 433/603/527 335/451/385
f 701/496/428 358/495/331 558/604/330
f 401/461/395 344/605/528 576/462/396
f 489/606/529 582/607/474 497/608/530
f 580/431/365 339/609/531 547/610/532
f 607/518/447 388/517/446 676/611/533
f 695/612/534 406/613/535 518/614/536
f 526/391/325 369/615/537 636/392/326
f 535/616/538 705/617/539 559/618/540
f 376/619/541 505/542/471 373/544/473
f 572/620/542 699/621/543 454/622/544
f 377/623/415 522/624/545 605/625/546
f 507/404/338 635/626/492 591/627/493
f 378/628/547 598/629/548 346/630/549
f 548/434/368 402/631/550 500/632/551
f 577/633/552 391/634/553 347/635/554
f 614/636/555 399/637/556 452/638/557
f 644/639/460 501/475/408 472/477/410
f 472/640/410 468/532/461 644/531/460
f 374/641/558 607/518/447 695/612/534
f 543/427/361 394/548/477 703/547/476
f 332/438/372 649/642/559 384/643/560
f 586/437/371 649/642/559 332/438/372
f 340/644/561 383/645/562 371/602/526
f 535/616/538 679/646/563 618/647/564
f 432/648/565 518/614/536 406/613/535
f 532/649/566 540/466/400 332/438/372
f 329/584/508 411/583/507 385/585/509
f 488/601/525 707/600/524 385/585/509
f 334/568/355 517/550/479 479/581/505
f 589/650/567 660/651/568 477/652/569
f 571/653/570 667/533/462 361/654/571
f 571/653/570 466/574/498 514/484/417
f 390/655/572 662/656/573 604/657/574
f 638/658/575 488/601/525 385/585/509
f 389/659/576 421/409/343 414/408/342
f 521/660/577 541/661/578 504/549/478
f 390/655/572 610/662/579 478/505/436
f 478/505/436 662/656/573 390/655/572
f 391/634/553 379/593/517 614/636/555
f 435/449/383 487/448/382 595/510/441
f 378/628/547 538/663/580 598/629/548
f 489/606/529 378/628/547 519/664/581
f 393/665/582 498/390/324 375/666/583
f 574/406/340 545/538/467 418/667/584
f 485/668/585 381/669/586 394/548/477
f 624/670/587 630/529/458 463/528/457
f 482/671/588 699/621/543 572/620/542
f 461/672/589 404/673/590 338/674/591
f 682/675/592 404/673/590 461/672/589
f 704/676/593 554/561/488 672/677/594
f 616/597/521 455/678/523 350/679/595
f 551/416/350 356/453/387 677/417/351
f 386/539/468 486/680/596 590/540/469
f 399/637/556 347/635/554 452/638/557
f 400/681/597 347/635/554 399/637/556
f 400/681/597 322/508/439 625/507/438
f 418/667/584 545/538/467 443/682/598
f 401/461/395 655/683/599 344/605/528
f 343/465/399 629/497/429 401/461/395
f 546/684/600 355/502/433 402/631/550
f 402/631/550 355/502/433 520/685/601
f 321/478/411 403/411/345 550/686/602
f 583/480/413 553/485/418 321/478/411
f 382/439/373 404/673/590 682/675/592
f 382/439/373 448/441/375 650/472/406
f 529/687/603 405/490/423 629/497/429
f 687/464/398 405/490/423 529/687/603
f 432/688/565 406/689/535 325/422/356
f 406/613/535 607/518/447 575/690/604
f 616/597/521 552/598/522 407/691/605
f 440/692/606 496/693/607 460/420/354
f 408/694/608 648/509/440 525/695/609
f 471/696/610 563/697/611 502/698/612
f 354/407/341 503/699/613 398/418/352
f 362/555/482 584/558/485 438/471/405
f 323/700/614 480/701/615 410/702/616
f 579/446/380 525/695/609 323/700/614
f 385/585/509 411/583/507 638/658/575
f 513/703/617 355/511/433 412/589/513
f 412/589/513 631/588/512 513/703/617
f 413/704/618 624/705/587 620/706/619
f 339/609/531 580/431/365 459/389/323
f 356/453/387 328/707/620 656/708/621
f 389/659/576 656/708/621 521/709/577
f 415/463/397 324/460/394 619/710/430
f 401/461/395 324/460/394 415/463/397
f 370/711/622 611/712/623 385/585/509
f 611/713/623 370/714/622 407/691/605
f 643/715/624 353/523/452 351/534/463
f 627/716/625 508/527/456 675/526/455
f 418/667/584 443/682/598 474/717/626
f 666/718/627 441/719/628 363/720/629
f 547/610/532 378/628/547 419/721/630
f 378/628/547 346/630/549 419/721/630
f 700/487/420 556/722/631 495/488/421
f 690/723/632 643/715/624 417/724/633
f 653/442/376 461/672/589 338/674/591
f 637/725/634 531/469/403 438/471/405
f 367/423/357 325/422/356 422/726/635
f 325/422/356 406/689/535 422/726/635
f 698/536/465 506/535/464 631/588/512
f 631/588/512 523/590/514 698/536/465
f 450/395/329 424/727/636 487/448/382
f 692/728/637 527/729/515 379/730/517
f 691/731/638 520/685/601 536/732/639
f 428/733/640 610/662/579 638/658/575
f 528/560/487 426/562/489 365/734/641
f 440/692/606 365/734/641 496/693/607
f 360/405/339 640/537/466 574/406/340
f 360/405/339 464/554/444 640/537/466
f 346/630/549 683/735/642 580/431/365
f 661/736/643 683/735/642 536/732/639
f 354/407/341 429/737/644 503/699/613
f 680/738/645 652/578/502 445/739/646
f 394/548/477 381/669/586 430/399/333
f 555/740/647 381/669/586 518/614/536
f 401/461/395 431/741/648 655/683/599
f 431/741/648 588/493/426 499/524/453
f 540/466/400 532/649/566 432/648/565
f 665/467/401 669/424/358 367/423/357
f 562/742/416 377/623/415 679/646/563
f 679/646/563 371/602/526 383/645/562
f 357/425/359 543/427/361 703/547/476
f 496/693/607 357/425/359 686/743/480
f 408/694/608 435/449/383 648/509/440
f 473/744/649 581/394/328 458/393/327
f 436/479/412 606/745/650 376/619/541
f 699/621/543 482/671/588 436/479/412
f 597/582/506 560/746/651 453/747/652
f 494/432/366 580/431/365 560/746/651
f 438/471/405 429/737/644 354/407/341
f 637/725/634 438/471/405 354/407/341
f 375/666/583 439/456/390 681/748/653
f 535/616/538 618/647/564 705/617/539
f 407/691/605 552/598/522 440/692/606
f 407/691/605 693/749/654 592/750/655
f 666/718/627 621/751/656 441/719/628
f 441/719/628 621/751/656 439/456/390
f 533/752/657 693/749/654 407/691/605
f 491/575/499 539/753/658 514/484/417
f 659/754/659 393/665/582 443/682/598
f 668/755/660 659/754/659 443/682/598
f 364/570/494 576/462/396 444/756/495
f 608/473/407 448/441/375 509/757/661
f 445/739/646 652/578/502 409/577/501
f 512/758/662 409/577/501 462/759/663
f 446/760/664 388/517/446 397/519/448
f 446/760/664 516/761/665 350/679/595
f 447/458/392 340/762/561 609/763/666
f 642/764/667 340/765/561 456/766/668
f 448/441/375 619/499/430 509/757/661
f 345/440/374 619/499/430 448/441/375
f 389/767/576 521/660/577 449/443/377
f 449/443/377 653/442/376 389/767/576
f 524/768/669 424/727/636 450/395/329
f 581/394/328 524/768/669 450/395/329
f 451/769/670 439/456/390 375/666/583
f 451/769/670 433/603/527 439/456/390
f 391/634/553 452/638/557 347/635/554
f 614/636/555 452/638/557 391/634/553
f 597/582/506 453/747/652 411/583/507
f 699/621/543 623/770/671 454/622/544
f 582/607/474 489/606/529 519/664/581
f 446/771/664 455/599/523 488/601/525
f 455/678/523 446/760/664 350/679/595
f 447/772/392 456/766/668 340/765/561
f 634/413/347 447/772/392 549/773/672
f 567/774/673 457/388/322 437/387/321
f 435/449/383 458/393/327 450/395/329
f 435/449/383 473/744/649 458/393/327
f 457/388/322 501/475/408 628/775/674
f 628/775/674 413/704/618 620/706/619
f 686/743/480 357/425/359 434/776/675
f 686/551/480 434/777/675 632/455/389
f 396/444/378 461/672/589 653/442/376
f 430/399/333 594/401/335 599/778/676
f 462/759/663 564/779/677 418/667/584
f 418/667/584 474/717/626 666/718/627
f 670/780/678 341/457/391 395/486/419
f 549/781/672 447/458/392 341/457/391
f 360/405/339 358/397/331 464/554/444
f 358/495/331 469/525/454 464/515/444
f 654/782/679 465/414/348 549/773/672
f 549/773/672 465/414/348 634/413/347
f 361/654/571 466/574/498 571/653/570
f 667/533/462 468/532/461 361/654/571
f 361/654/571 568/573/497 466/574/498
f 568/573/497 587/783/680 466/574/498
f 469/525/454 336/447/381 464/515/444
f 469/525/454 508/527/456 336/447/381
f 470/419/353 440/692/606 460/420/354
f 533/752/657 407/691/605 440/692/606
f 408/694/608 563/697/611 471/696/610
f 581/394/328 473/744/649 606/745/650
f 380/565/449 468/532/461 472/640/410
f 510/476/409 380/520/449 472/477/410
f 606/745/650 473/744/649 408/694/608
f 473/744/649 435/449/383 408/694/608
f 474/717/626 443/682/598 393/665/582
f 681/748/653 393/665/582 375/666/583
f 475/784/370 337/785/681 348/513/434
f 348/513/434 603/512/442 687/464/398
f 623/786/671 476/787/682 547/610/532
f 373/544/473 678/543/472 476/788/682
f 477/652/569 660/651/568 386/539/468
f 479/581/505 517/550/479 689/789/683
f 478/505/436 367/423/357 422/726/635
f 490/468/402 367/423/357 478/505/436
f 386/539/468 641/580/504 479/581/505
f 386/539/468 479/581/505 689/789/683
f 410/790/616 480/791/615 633/792/684
f 577/633/552 347/635/554 633/792/684
f 641/580/504 481/452/386 479/581/505
f 641/580/504 645/450/384 481/452/386
f 553/485/418 583/480/413 395/486/419
f 583/480/413 572/620/542 624/670/587
f 483/793/685 470/419/353 537/403/337
f 533/752/657 440/692/606 470/419/353
f 484/592/516 614/636/555 379/593/517
f 369/615/537 559/618/540 636/392/326
f 374/641/558 381/669/586 485/668/585
f 516/761/665 374/641/558 485/668/585
f 593/454/388 356/453/387 551/416/350
f 379/730/517 391/794/553 694/795/686
f 694/795/686 692/728/637 379/730/517
f 390/655/572 604/657/574 488/601/525
f 446/771/664 488/601/525 604/657/574
f 489/606/529 497/608/530 500/632/551
f 378/628/547 489/606/529 538/663/580
f 671/504/435 348/503/434 490/468/402
f 348/503/434 557/796/687 490/468/402
f 693/749/654 533/752/657 578/797/688
f 568/573/497 693/749/654 587/783/680
f 330/546/475 492/798/689 556/722/631
f 330/546/475 582/545/474 663/799/690
f 555/740/647 518/614/536 493/400/334
f 493/400/334 682/675/592 461/672/589
f 494/432/366 560/746/651 597/582/506
f 437/387/321 459/389/323 494/432/366
f 417/724/633 506/535/464 495/488/421
f 556/722/631 417/724/633 495/488/421
f 426/562/489 357/425/359 496/693/607
f 426/562/489 496/693/607 365/734/641
f 392/435/369 497/608/530 342/433/367
f 659/754/659 498/390/324 393/665/582
f 400/681/597 399/637/556 498/390/324
f 658/494/427 701/496/428 499/524/453
f 431/741/648 499/524/453 647/800/691
f 392/435/369 548/434/368 500/632/551
f 497/608/530 392/435/369 500/632/551
f 501/475/408 352/801/459 413/704/618
f 413/704/618 628/775/674 501/475/408
f 663/799/690 476/788/682 566/802/692
f 492/798/689 570/429/363 420/428/362
f 429/737/644 445/739/646 503/699/613
f 445/739/646 409/577/501 512/758/662
f 504/549/478 394/548/477 646/803/693
f 449/443/377 521/660/577 504/549/478
f 471/696/610 678/543/472 505/542/471
f 471/696/610 606/745/650 408/694/608
f 506/535/464 417/724/633 351/534/463
f 506/535/464 351/534/463 499/524/453
f 377/482/415 507/404/338 591/627/493
f 377/482/415 539/753/658 507/404/338
f 333/804/694 336/447/381 508/527/456
f 673/445/379 525/695/609 579/446/380
f 444/756/495 509/805/661 364/570/494
f 359/572/496 509/806/661 444/571/495
f 501/475/408 457/388/322 510/476/409
f 457/388/322 567/774/673 530/521/450
f 362/807/482 344/605/528 511/808/483
f 344/605/528 372/809/695 511/808/483
f 503/699/613 445/739/646 512/758/662
f 503/699/613 512/758/662 601/810/696
f 331/491/424 513/703/617 631/588/512
f 687/464/398 603/512/442 331/491/424
f 377/482/415 617/481/414 514/484/417
f 539/753/658 377/482/415 514/484/417
f 447/458/392 609/763/666 613/459/393
f 527/729/515 542/410/344 327/412/346
f 397/519/448 607/518/447 516/761/665
f 446/760/664 397/519/448 516/761/665
f 593/454/388 517/550/479 632/455/389
f 517/550/479 589/650/567 477/652/569
f 532/649/566 332/438/372 384/643/560
f 493/400/334 532/649/566 682/675/592
f 623/786/671 547/610/532 454/811/544
f 339/609/531 454/811/544 547/610/532
f 520/685/601 355/502/433 425/501/432
f 671/504/435 478/505/436 610/662/579
f 521/709/577 328/707/620 434/777/675
f 521/709/577 656/708/621 328/707/620
f 335/451/385 605/625/546 522/624/545
f 602/812/697 481/452/386 335/451/385
f 412/813/513 342/433/367 523/814/514
f 368/587/511 523/590/514 615/489/422
f 321/478/411 550/686/602 524/768/669
f 524/768/669 436/479/412 321/478/411
f 408/694/608 525/695/609 563/697/611
f 525/695/609 333/804/694 696/430/364
f 399/637/556 369/615/537 526/391/325
f 526/391/325 498/390/324 399/637/556
f 484/592/516 527/591/515 515/596/520
f 327/412/346 515/815/520 527/729/515
f 350/679/595 528/560/487 616/597/521
f 528/560/487 672/677/594 554/561/488
f 629/497/429 343/465/399 529/687/603
f 529/687/603 343/465/399 687/464/398
f 457/388/322 530/521/450 510/476/409
f 380/520/449 510/476/409 530/521/450
f 531/474/403 653/442/376 338/674/591
f 338/674/591 650/472/406 531/474/403
f 532/649/566 493/400/334 518/614/536
f 518/614/536 432/648/565 532/649/566
f 483/793/685 533/752/657 470/419/353
f 533/752/657 483/793/685 578/797/688
f 608/816/407 534/817/698 531/469/403
f 359/572/496 362/555/482 534/817/698
f 371/602/526 535/616/538 559/618/540
f 535/616/538 371/602/526 679/646/563
f 691/731/638 536/732/639 346/630/549
f 683/735/642 346/630/549 536/732/639
f 470/419/353 334/421/355 537/403/337
f 334/568/355 479/581/505 544/818/699
f 598/629/548 538/663/580 500/632/551
f 489/606/529 500/632/551 538/663/580
f 483/793/685 537/403/337 600/402/336
f 540/466/400 337/819/681 475/436/370
f 557/796/687 348/503/434 337/820/681
f 434/776/675 541/661/578 521/660/577
f 357/425/359 541/661/578 434/776/675
f 550/686/602 403/411/345 542/410/344
f 542/410/344 527/729/515 692/728/637
f 485/668/585 543/427/361 516/761/665
f 543/427/361 485/668/585 394/548/477
f 537/403/337 544/821/699 507/404/338
f 334/421/355 544/821/699 537/403/337
f 668/755/660 443/682/598 545/538/467
f 427/822/700 668/755/660 545/538/467
f 412/813/513 355/502/433 546/684/600
f 402/631/550 674/823/701 546/684/600
f 519/664/581 547/610/532 476/787/682
f 378/628/547 547/610/532 519/664/581
f 486/680/596 626/824/702 512/758/662
f 342/433/367 412/813/513 548/434/368
f 412/813/513 546/684/600 674/823/701
f 670/780/678 549/781/672 341/457/391
f 549/781/672 463/528/457 654/825/679
f 424/727/636 524/768/669 550/686/602
f 550/686/602 542/410/344 692/728/637
f 551/416/350 626/824/702 486/680/596
f 365/734/641 552/598/522 528/560/487
f 440/692/606 552/598/522 365/734/641
f 553/485/418 403/411/345 321/478/411
f 403/411/345 553/485/418 327/412/346
f 426/562/489 554/561/488 357/425/359
f 430/399/333 381/669/586 555/740/647
f 555/740/647 493/400/334 430/399/333
f 492/798/689 420/428/362 556/722/631
f 643/715/624 690/723/632 627/716/625
f 557/826/687 540/466/400 432/648/565
f 337/819/681 540/466/400 557/826/687
f 511/808/483 372/809/695 558/604/330
f 511/556/483 558/396/330 467/579/503
f 565/595/519 371/602/526 559/618/540
f 369/615/537 484/592/516 559/618/540
f 428/733/640 638/658/575 453/747/652
f 683/735/642 610/662/579 428/733/640
f 464/554/444 561/506/437 427/822/700
f 427/822/700 561/506/437 668/755/660
f 383/645/562 562/742/416 679/646/563
f 340/644/561 642/827/667 383/645/562
f 508/527/456 696/430/364 333/804/694
f 696/430/364 508/527/456 627/716/625
f 409/577/501 612/576/500 564/779/677
f 564/779/677 462/759/663 409/577/501
f 559/618/540 484/592/516 565/595/519
f 484/592/516 515/596/520 565/595/519
f 678/543/472 471/696/610 502/698/612
f 502/698/612 563/697/611 570/429/363
f 585/828/703 567/774/673 329/584/508
f 437/387/321 329/584/508 567/774/673
f 568/573/497 468/532/461 380/565/449
f 649/642/559 569/829/431 345/440/374
f 569/829/431 415/498/397 345/440/374
f 566/802/692 570/429/363 651/830/704
f 570/429/363 566/802/692 502/698/612
f 571/653/570 387/415/349 667/533/462
f 514/484/417 387/415/349 571/653/570
f 454/811/544 339/609/531 572/831/542
f 572/831/542 339/609/531 624/705/587
f 688/832/705 410/790/616 349/559/486
f 688/833/705 323/700/614 410/702/616
f 326/398/332 574/406/340 564/779/677
f 574/406/340 418/667/584 564/779/677
f 575/834/604 422/726/635 406/689/535
f 662/656/573 676/835/533 604/657/574
f 362/807/482 444/756/495 576/462/396
f 576/462/396 344/605/528 362/807/482
f 577/633/552 685/836/443 595/837/441
f 633/792/684 685/836/443 577/633/552
f 466/574/498 600/402/336 491/575/499
f 491/575/499 600/402/336 539/753/658
f 323/700/614 688/833/705 579/446/380
f 336/447/381 579/446/380 688/833/705
f 419/721/630 346/630/549 580/431/365
f 580/431/365 547/610/532 419/721/630
f 606/745/650 436/479/412 581/394/328
f 581/394/328 436/479/412 524/768/669
f 519/664/581 476/787/682 582/607/474
f 663/799/690 582/545/474 476/788/682
f 436/479/412 482/671/588 583/480/413
f 583/480/413 482/671/588 572/620/542
f 366/838/706 551/416/350 486/680/596
f 486/680/596 386/539/468 660/651/568
f 438/471/405 584/558/485 429/737/644
f 429/737/644 680/738/645 445/739/646
f 530/521/450 567/774/673 585/828/703
f 622/522/451 530/521/450 585/828/703
f 569/829/431 649/642/559 586/437/371
f 475/436/370 569/829/431 586/437/371
f 587/783/680 693/749/654 578/797/688
f 600/402/336 578/797/688 483/793/685
f 423/492/425 506/535/464 588/493/426
f 506/535/464 499/524/453 588/493/426
f 551/416/350 366/838/706 593/454/388
f 626/824/702 601/810/696 512/758/662
f 462/759/663 590/540/469 512/758/662
f 402/631/550 598/629/548 500/632/551
f 377/623/415 591/567/493 522/624/545
f 602/812/697 335/451/385 522/624/545
f 622/522/451 585/828/703 416/586/510
f 416/586/510 385/585/509 611/712/623
f 593/454/388 366/838/706 589/650/567
f 593/454/388 589/650/567 517/550/479
f 396/444/378 594/401/335 461/672/589
f 493/400/334 461/672/589 594/401/335
f 595/510/441 487/448/382 391/794/553
f 577/633/552 595/837/441 391/634/553
f 590/540/469 462/759/663 596/541/470
f 666/718/627 363/720/629 596/541/470
f 494/432/366 597/582/506 437/387/321
f 437/387/321 597/582/506 329/584/508
f 598/629/548 691/731/638 346/630/549
f 599/778/676 594/401/335 396/444/378
f 599/778/676 396/444/378 646/803/693
f 539/753/658 600/402/336 507/404/338
f 503/699/613 601/810/696 398/418/352
f 398/418/352 601/810/696 551/416/350
f 591/567/493 602/812/697 522/624/545
f 602/812/697 591/567/493 481/452/386
f 513/703/617 331/491/424 603/512/442
f 513/703/617 603/512/442 355/511/433
f 446/771/664 604/657/574 388/839/446
f 388/839/446 604/657/574 676/835/533
f 335/451/385 433/603/527 605/625/546
f 618/647/564 605/625/546 433/603/527
f 606/745/650 471/696/610 505/542/471
f 606/745/650 505/542/471 376/619/541
f 516/761/665 607/518/447 374/641/558
f 359/572/496 534/817/698 608/816/407
f 608/816/407 509/806/661 359/572/496
f 327/412/346 609/763/666 515/815/520
f 515/815/520 609/763/666 706/840/518
f 610/662/579 683/735/642 661/736/643
f 592/841/655 416/586/510 611/712/623
f 611/713/623 407/691/605 592/750/655
f 425/501/432 610/662/579 661/736/643
f 612/576/500 326/398/332 564/779/677
f 558/396/330 326/398/332 612/576/500
f 613/459/393 609/763/666 327/412/346
f 341/457/391 613/459/393 327/412/346
f 399/637/556 614/636/555 369/615/537
f 369/615/537 614/636/555 484/592/516
f 342/433/367 615/842/422 523/814/514
f 615/842/422 342/433/367 497/608/530
f 370/714/622 616/597/521 407/691/605
f 370/711/622 385/585/509 707/600/524
f 617/481/414 642/764/667 456/766/668
f 634/413/347 456/766/668 447/772/392
f 433/603/527 451/769/670 618/647/564
f 451/769/670 705/617/539 618/647/564
f 619/710/430 324/460/394 364/570/494
f 509/805/661 619/710/430 364/570/494
f 339/609/531 459/389/323 620/706/619
f 339/609/531 620/706/619 624/705/587
f 474/717/626 393/665/582 681/748/653
f 474/717/626 681/748/653 666/718/627
f 622/522/451 416/586/510 592/841/655
f 702/843/490 380/520/449 622/522/451
f 373/544/473 476/788/682 623/770/671
f 376/619/541 373/544/473 623/770/671
f 624/670/587 395/486/419 583/480/413
f 463/528/457 395/486/419 624/670/587
f 633/792/684 347/635/554 625/507/438
f 625/507/438 347/635/554 400/681/597
f 590/540/469 486/680/596 512/758/662
f 601/810/696 626/824/702 551/416/350
f 556/722/631 420/428/362 627/716/625
f 627/716/625 420/428/362 696/430/364
f 459/389/323 457/388/322 628/775/674
f 620/706/619 459/389/323 628/775/674
f 629/497/429 588/493/426 431/741/648
f 629/497/429 431/741/648 401/461/395
f 352/801/459 630/844/458 413/704/618
f 630/844/458 624/705/587 413/704/618
f 423/492/425 631/588/512 506/535/464
f 423/492/425 331/491/424 631/588/512
f 632/455/389 434/777/675 328/707/620
f 356/453/387 632/455/389 328/707/620
f 349/559/486 633/792/684 625/507/438
f 349/559/486 410/790/616 633/792/684
f 617/481/414 634/413/347 514/484/417
f 634/413/347 617/481/414 456/766/668
f 507/404/338 544/821/699 635/626/492
f 635/566/492 544/818/699 479/581/505
f 498/390/324 636/392/326 375/666/583
f 451/769/670 375/666/583 705/617/539
f 637/725/634 653/845/376 531/469/403
f 637/725/634 354/407/341 421/409/343
f 610/662/579 390/655/572 638/658/575
f 638/658/575 390/655/572 488/601/525
f 639/557/484 511/556/483 467/579/503
f 612/576/500 639/557/484 467/579/503
f 464/554/444 427/822/700 640/537/466
f 640/537/466 427/822/700 545/538/467
f 641/580/504 363/720/629 645/450/384
f 596/541/470 363/720/629 641/580/504
f 617/481/414 562/483/416 642/764/667
f 642/827/667 562/742/416 383/645/562
f 353/523/452 675/526/455 469/525/454
f 352/801/459 501/475/408 644/639/460
f 667/533/462 654/782/679 644/531/460
f 441/719/628 439/456/390 645/450/384
f 441/719/628 645/450/384 363/720/629
f 449/443/377 646/803/693 396/444/378
f 646/803/693 449/443/377 504/549/478
f 431/741/648 647/800/691 655/683/599
f 647/800/691 499/524/453 372/809/695
f 323/700/614 648/509/440 685/514/443
f 525/695/609 648/509/440 323/700/614
f 649/642/559 345/440/374 382/439/373
f 649/642/559 382/439/373 682/675/592
f 382/439/373 650/472/406 404/673/590
f 404/673/590 650/472/406 338/674/591
f 663/799/690 566/802/692 651/830/704
f 651/830/704 570/429/363 492/798/689
f 680/738/645 584/558/485 652/578/502
f 584/558/485 639/557/484 652/578/502
f 653/845/376 637/725/634 421/409/343
f 421/409/343 389/659/576 653/845/376
f 644/531/460 654/782/679 352/846/459
f 654/825/679 463/528/457 352/530/459
f 453/747/652 560/746/651 428/733/640
f 638/658/575 411/583/507 453/747/652
f 655/683/599 372/809/695 344/605/528
f 647/800/691 372/809/695 655/683/599
f 656/708/621 684/847/707 356/453/387
f 656/708/621 389/659/576 414/408/342
f 516/761/665 543/427/361 657/426/360
f 516/761/665 657/426/360 672/677/594
f 353/523/452 469/525/454 658/494/427
f 658/494/427 469/525/454 358/495/331
f 659/754/659 400/681/597 498/390/324
f 400/681/597 659/754/659 322/508/439
f 366/838/706 486/680/596 660/651/568
f 660/651/568 589/650/567 366/838/706
f 536/732/639 520/685/601 661/736/643
f 425/501/432 661/736/643 520/685/601
f 662/656/573 422/726/635 575/834/604
f 478/505/436 422/726/635 662/656/573
f 492/798/689 330/546/475 663/799/690
f 492/798/689 663/799/690 651/830/704
f 534/817/698 362/555/482 664/470/404
f 534/817/698 664/470/404 531/469/403
f 557/796/687 669/424/358 665/467/401
f 557/796/687 665/467/401 490/468/402
f 666/718/627 462/759/663 418/667/584
f 462/759/663 666/718/627 596/541/470
f 654/782/679 667/533/462 465/414/348
f 465/414/348 667/533/462 387/415/349
f 668/755/660 561/506/437 322/508/439
f 322/508/439 659/754/659 668/755/660
f 669/424/358 557/796/687 432/688/565
f 669/424/358 432/688/565 325/422/356
f 549/781/672 670/780/678 463/528/457
f 425/501/432 348/503/434 671/504/435
f 425/501/432 671/504/435 610/662/579
f 528/560/487 350/679/595 672/677/594
f 350/679/595 516/761/665 672/677/594
f 336/447/381 333/804/694 673/445/379
f 525/695/609 673/445/379 333/804/694
f 548/434/368 674/823/701 402/631/550
f 548/434/368 412/813/513 674/823/701
f 627/716/625 675/526/455 643/715/624
f 675/526/455 353/523/452 643/715/624
f 575/834/604 676/835/533 662/656/573
f 607/518/447 676/611/533 575/690/604
f 414/408/342 398/418/352 677/417/351
f 677/417/351 356/453/387 684/847/707
f 502/698/612 566/802/692 678/543/472
f 678/543/472 566/802/692 476/788/682
f 618/647/564 679/646/563 605/625/546
f 679/646/563 377/623/415 605/625/546
f 584/558/485 680/738/645 429/737/644
f 639/557/484 612/576/500 652/578/502
f 666/718/627 681/748/653 621/751/656
f 439/456/390 621/751/656 681/748/653
f 384/643/560 649/642/559 682/675/592
f 682/675/592 532/649/566 384/643/560
f 580/431/365 683/735/642 560/746/651
f 560/746/651 683/735/642 428/733/640
f 466/574/498 587/783/680 600/402/336
f 587/783/680 578/797/688 600/402/336
f 414/408/342 677/417/351 684/847/707
f 684/847/707 656/708/621 414/408/342
f 633/792/684 480/791/615 685/836/443
f 480/701/615 323/700/614 685/514/443
f 686/551/480 517/550/479 460/569/354
f 496/693/607 686/743/480 460/420/354
f 569/500/431 475/784/370 687/464/398
f 348/513/434 687/464/398 475/784/370
f 573/552/445 688/832/705 697/553/481
f 336/447/381 688/833/705 573/516/445
f 477/652/569 386/539/468 689/789/683
f 517/550/479 477/652/569 689/789/683
f 417/724/633 556/722/631 690/723/632
f 556/722/631 627/716/625 690/723/632
f 402/631/550 691/731/638 598/629/548
f 402/631/550 520/685/601 691/731/638
f 424/727/636 692/728/637 694/795/686
f 424/727/636 550/686/602 692/728/637
f 693/749/654 442/564/491 592/750/655
f 442/564/491 693/749/654 568/573/497
f 391/794/553 487/448/382 694/795/686
f 487/448/382 424/727/636 694/795/686
f 381/669/586 695/612/534 518/614/536
f 374/641/558 695/612/534 381/669/586
f 563/697/611 525/695/609 696/430/364
f 563/697/611 696/430/364 570/429/363
f 697/553/481 688/832/705 349/559/486
f 697/553/481 349/559/486 561/506/437
f 523/590/514 368/587/511 698/536/465
f 698/536/465 368/587/511 495/488/421
f 699/621/543 436/479/412 376/619/541
f 699/621/543 376/619/541 623/770/671
f 556/722/631 700/487/420 330/546/475
f 615/489/422 330/546/475 700/487/420
f 372/809/695 701/496/428 558/604/330
f 499/524/453 701/496/428 372/809/695
f 622/522/451 592/841/655 702/843/490
f 702/563/490 592/750/655 442/564/491
f 541/661/578 703/547/476 504/549/478
f 357/425/359 703/547/476 541/661/578
f 670/780/678 395/486/419 463/528/457
f 657/426/360 554/561/488 704/676/593
f 657/426/360 704/676/593 672/677/594
f 657/426/360 357/425/359 554/561/488
f 430/399/333 599/778/676 646/803/693
f 430/399/333 646/803/693 394/548/477
f 636/392/326 559/618/540 705/617/539
f 375/666/583 636/392/326 705/617/539
f 609/763/666 340/762/561 706/840/518
f 706/594/518 340/644/561 371/602/526
f 707/600/524 455/599/523 616/848/521
f 370/711/622 707/600/524 616/848/521
f 468/532/461 568/573/497 361/654/571
f 643/715/624 351/534/463 417/724/633
f 329/584/508 416/586/510 585/828/703
f 615/842/422 497/608/530 582/607/474
f 607/518/447 406/613/535 695/612/534
f 824/387/708 844/388/709 846/389/710
f 885/390/711 913/391/712 1023/392/713
f 845/393/714 968/394/715 837/395/716
f 945/396/717 745/397/718 713/398/719
f 817/399/720 880/400/721 981/401/722
f 987/402/723 924/403/724 894/404/725
f 713/398/719 747/405/726 961/406/727
f 741/407/728 801/408/729 808/409/730
f 929/410/731 790/411/732 714/412/733
f 1021/413/734 852/414/735 774/415/736
f 938/416/737 1064/417/738 785/418/739
f 857/419/740 847/420/741 721/421/742
f 712/422/743 754/423/744 1056/424/745
f 744/425/746 1044/426/747 930/427/748
f 807/428/749 957/429/750 1083/430/751
f 967/431/752 881/432/753 846/389/710
f 729/433/754 935/434/755 779/435/756
f 862/436/757 973/437/758 719/438/759
f 769/439/760 732/440/761 835/441/762
f 1040/442/763 836/443/764 783/444/765
f 1060/445/766 966/446/767 723/447/768
f 837/395/716 874/448/769 822/449/770
f 1032/450/771 722/451/772 868/452/773
f 743/453/774 980/454/775 1019/455/776
f 1032/450/771 826/456/777 722/451/772
f 728/457/778 834/458/779 1000/459/780
f 711/460/781 788/461/782 963/462/783
f 802/463/784 1074/464/785 730/465/786
f 927/466/787 862/436/757 719/438/759
f 1052/467/788 754/423/744 877/468/789
f 918/469/790 1051/470/791 825/471/792
f 1037/472/793 995/473/794 918/474/790
f 888/475/795 897/476/796 859/477/797
f 708/478/798 823/479/799 970/480/800
f 1004/481/801 764/482/802 949/483/803
f 901/484/804 1021/413/734 774/415/736
f 940/485/805 728/457/778 714/412/733
f 728/457/778 940/485/805 782/486/806
f 1087/487/807 882/488/808 1002/489/809
f 792/490/810 718/491/811 810/492/812
f 802/463/784 730/465/786 788/461/782
f 792/490/810 810/492/812 975/493/813
f 1045/494/814 745/495/718 1088/496/815
f 1016/497/816 792/490/810 975/493/813
f 732/440/761 802/498/784 1006/499/817
f 1074/464/785 802/463/784 956/500/818
f 812/501/819 742/502/820 735/503/821
f 1058/504/822 877/468/789 865/505/823
f 948/506/824 1012/507/825 709/508/826
f 1035/509/827 822/449/770 982/510/828
f 742/511/820 990/512/829 735/513/821
f 792/490/810 1074/464/785 718/491/811
f 1072/514/830 1035/509/827 982/510/828
f 851/515/831 723/447/768 960/516/832
f 775/517/833 994/518/834 784/519/835
f 767/520/836 917/521/837 1009/522/838
f 740/523/839 1045/494/814 886/524/840
f 856/525/841 1062/526/842 895/527/843
f 850/528/844 1017/529/845 739/530/846
f 1031/531/847 855/532/848 1054/533/849
f 738/534/850 740/523/839 886/524/840
f 882/488/808 893/535/851 1085/536/852
f 961/406/727 1027/537/853 932/538/854
f 773/539/855 977/540/856 983/541/857
f 892/542/858 1065/543/859 760/544/860
f 1002/489/809 969/545/861 717/546/862
f 801/408/729 741/407/728 785/418/739
f 1090/547/863 781/548/864 891/549/865
f 1019/455/776 904/550/866 1073/551/867
f 713/398/719 745/397/718 747/405/726
f 960/552/832 1084/553/868 851/554/831
f 749/555/869 898/556/870 1026/557/871
f 749/555/869 1026/557/871 971/558/872
f 948/506/824 851/554/831 1084/553/868
f 948/506/824 736/559/873 1012/507/825
f 915/560/874 941/561/875 813/562/876
f 1089/563/877 829/564/878 767/565/836
f 749/555/869 825/471/792 1051/470/791
f 1037/472/793 835/441/762 995/473/794
f 1022/566/879 868/452/773 978/567/880
f 904/550/866 721/568/742 847/569/741
f 751/570/881 711/460/781 963/462/783
f 831/571/882 749/555/869 746/572/883
f 767/565/836 829/564/878 955/573/884
f 853/574/885 878/575/886 901/484/804
f 999/576/887 796/577/888 1039/578/889
f 854/579/890 945/396/717 999/576/887
f 773/539/855 983/541/857 1028/580/891
f 1022/566/879 866/581/892 868/452/773
f 984/582/893 798/583/894 716/584/895
f 716/584/895 772/585/896 803/586/897
f 755/587/898 1002/489/809 882/488/808
f 1018/588/899 799/589/900 910/590/901
f 914/591/902 871/592/903 766/593/904
f 1093/594/905 952/595/906 902/596/907
f 1003/597/908 915/560/874 939/598/909
f 842/599/910 1094/600/911 875/601/912
f 952/595/906 1093/594/905 758/602/913
f 826/456/777 820/603/914 722/451/772
f 1088/496/815 745/495/718 945/604/717
f 788/461/782 731/605/915 963/462/783
f 876/606/916 969/607/861 884/608/917
f 967/431/752 726/609/918 934/610/919
f 994/518/834 775/517/833 1063/611/920
f 1082/612/921 793/613/922 905/614/923
f 913/391/712 756/615/924 1023/392/713
f 922/616/925 1092/617/926 946/618/927
f 763/619/928 892/542/858 760/544/860
f 959/620/929 1086/621/930 841/622/931
f 764/623/802 909/624/932 992/625/933
f 894/404/725 1022/626/879 978/627/880
f 765/628/934 985/629/935 733/630/936
f 935/434/755 789/631/937 887/632/938
f 964/633/939 778/634/940 734/635/941
f 1001/636/942 786/637/943 839/638/944
f 1031/639/847 888/475/795 859/477/797
f 859/640/797 855/532/848 1031/531/847
f 761/641/945 994/518/834 1082/612/921
f 930/427/748 781/548/864 1090/547/863
f 719/438/759 1036/642/946 771/643/947
f 973/437/758 1036/642/946 719/438/759
f 727/644/948 770/645/949 758/602/913
f 922/616/925 1066/646/950 1005/647/951
f 819/648/952 905/614/923 793/613/922
f 919/649/953 927/466/787 719/438/759
f 716/584/895 798/583/894 772/585/896
f 875/601/912 1094/600/911 772/585/896
f 721/568/742 904/550/866 866/581/892
f 976/650/954 1047/651/955 864/652/956
f 958/653/957 1054/533/849 748/654/958
f 958/653/957 853/574/885 901/484/804
f 777/655/959 1049/656/960 991/657/961
f 1025/658/962 875/601/912 772/585/896
f 776/659/963 808/409/730 801/408/729
f 908/660/964 928/661/965 891/549/865
f 777/655/959 997/662/966 865/505/823
f 865/505/823 1049/656/960 777/655/959
f 778/634/940 766/593/904 1001/636/942
f 822/449/770 874/448/769 982/510/828
f 765/628/934 925/663/967 985/629/935
f 876/606/916 765/628/934 906/664/968
f 780/665/969 885/390/711 762/666/970
f 961/406/727 932/538/854 805/667/971
f 872/668/972 768/669/973 781/548/864
f 1011/670/974 1017/529/845 850/528/844
f 869/671/975 1086/621/930 959/620/929
f 848/672/976 791/673/977 725/674/978
f 1069/675/979 791/673/977 848/672/976
f 1091/676/980 941/561/875 1059/677/981
f 1003/597/908 842/678/910 737/679/982
f 938/416/737 743/453/774 1064/417/738
f 773/539/855 873/680/983 977/540/856
f 786/637/943 734/635/941 839/638/944
f 787/681/984 734/635/941 786/637/943
f 787/681/984 709/508/826 1012/507/825
f 805/667/971 932/538/854 830/682/985
f 788/461/782 1042/683/986 731/605/915
f 730/465/786 1016/497/816 788/461/782
f 933/684/987 742/502/820 789/631/937
f 789/631/937 742/502/820 907/685/988
f 708/478/798 790/411/732 937/686/989
f 970/480/800 940/485/805 708/478/798
f 769/439/760 791/673/977 1069/675/979
f 769/439/760 835/441/762 1037/472/793
f 916/687/990 792/490/810 1016/497/816
f 1074/464/785 792/490/810 916/687/990
f 819/688/952 793/689/922 712/422/743
f 793/613/922 994/518/834 962/690/991
f 1003/597/908 939/598/909 794/691/992
f 827/692/993 883/693/994 847/420/741
f 795/694/995 1035/509/827 912/695/996
f 858/696/997 950/697/998 889/698/999
f 741/407/728 890/699/1000 785/418/739
f 749/555/869 971/558/872 825/471/792
f 710/700/1001 867/701/1002 797/702/1003
f 966/446/767 912/695/996 710/700/1001
f 772/585/896 798/583/894 1025/658/962
f 900/703/1004 742/511/820 799/589/900
f 799/589/900 1018/588/899 900/703/1004
f 800/704/1005 1011/705/974 1007/706/1006
f 726/609/918 967/431/752 846/389/710
f 743/453/774 715/707/1007 1043/708/1008
f 776/659/963 1043/708/1008 908/709/964
f 802/463/784 711/460/781 1006/710/817
f 788/461/782 711/460/781 802/463/784
f 757/711/1009 998/712/1010 772/585/896
f 998/713/1010 757/714/1009 794/691/992
f 1030/715/1011 740/523/839 738/534/850
f 1014/716/1012 895/527/843 1062/526/842
f 805/667/971 830/682/985 861/717/1013
f 1053/718/1014 828/719/1015 750/720/1016
f 934/610/919 765/628/934 806/721/1017
f 765/628/934 733/630/936 806/721/1017
f 1087/487/807 943/722/1018 882/488/808
f 1077/723/1019 1030/715/1011 804/724/1020
f 1040/442/763 848/672/976 725/674/978
f 1024/725/1021 918/469/790 825/471/792
f 754/423/744 712/422/743 809/726/1022
f 712/422/743 793/689/922 809/726/1022
f 1085/536/852 893/535/851 1018/588/899
f 1018/588/899 910/590/901 1085/536/852
f 837/395/716 811/727/1023 874/448/769
f 1079/728/1024 914/729/902 766/730/904
f 1078/731/1025 907/685/988 923/732/1026
f 815/733/1027 997/662/966 1025/658/962
f 915/560/874 813/562/876 752/734/1028
f 827/692/993 752/734/1028 883/693/994
f 747/405/726 1027/537/853 961/406/727
f 747/405/726 851/554/831 1027/537/853
f 733/630/936 1070/735/1029 967/431/752
f 1048/736/1030 1070/735/1029 923/732/1026
f 741/407/728 816/737/1031 890/699/1000
f 1067/738/1032 1039/578/889 832/739/1033
f 781/548/864 768/669/973 817/399/720
f 942/740/1034 768/669/973 905/614/923
f 788/461/782 818/741/1035 1042/683/986
f 818/741/1035 975/493/813 886/524/840
f 927/466/787 919/649/953 819/648/952
f 1052/467/788 1056/424/745 754/423/744
f 949/742/803 764/623/802 1066/646/950
f 1066/646/950 758/602/913 770/645/949
f 744/425/746 930/427/748 1090/547/863
f 883/693/994 744/425/746 1073/743/867
f 795/694/995 822/449/770 1035/509/827
f 860/744/1036 968/394/715 845/393/714
f 823/479/799 993/745/1037 763/619/928
f 1086/621/930 869/671/975 823/479/799
f 984/582/893 947/746/1038 840/747/1039
f 881/432/753 967/431/752 947/746/1038
f 825/471/792 816/737/1031 741/407/728
f 1024/725/1021 825/471/792 741/407/728
f 762/666/970 826/456/777 1068/748/1040
f 922/616/925 1005/647/951 1092/617/926
f 794/691/992 939/598/909 827/692/993
f 794/691/992 1080/749/1041 979/750/1042
f 1053/718/1014 1008/751/1043 828/719/1015
f 828/719/1015 1008/751/1043 826/456/777
f 920/752/1044 1080/749/1041 794/691/992
f 878/575/886 926/753/1045 901/484/804
f 1046/754/1046 780/665/969 830/682/985
f 1055/755/1047 1046/754/1046 830/682/985
f 751/570/881 963/462/783 831/756/882
f 995/473/794 835/441/762 896/757/1048
f 832/739/1033 1039/578/889 796/577/888
f 899/758/1049 796/577/888 849/759/1050
f 833/760/1051 775/517/833 784/519/835
f 833/760/1051 903/761/1052 737/679/982
f 834/458/779 727/762/948 996/763/1053
f 1029/764/1054 727/765/948 843/766/1055
f 835/441/762 1006/499/817 896/757/1048
f 732/440/761 1006/499/817 835/441/762
f 776/767/963 908/660/964 836/443/764
f 836/443/764 1040/442/763 776/767/963
f 911/768/1056 811/727/1023 837/395/716
f 968/394/715 911/768/1056 837/395/716
f 838/769/1057 826/456/777 762/666/970
f 838/769/1057 820/603/914 826/456/777
f 778/634/940 839/638/944 734/635/941
f 1001/636/942 839/638/944 778/634/940
f 984/582/893 840/747/1039 798/583/894
f 1086/621/930 1010/770/1058 841/622/931
f 969/607/861 876/606/916 906/664/968
f 833/771/1051 842/599/910 875/601/912
f 842/678/910 833/760/1051 737/679/982
f 834/772/779 843/766/1055 727/765/948
f 1021/413/734 834/772/779 936/773/1059
f 954/774/1060 844/388/709 824/387/708
f 822/449/770 845/393/714 837/395/716
f 822/449/770 860/744/1036 845/393/714
f 844/388/709 888/475/795 1015/775/1061
f 1015/775/1061 800/704/1005 1007/706/1006
f 1073/743/867 744/425/746 821/776/1062
f 1073/551/867 821/777/1062 1019/455/776
f 783/444/765 848/672/976 1040/442/763
f 817/399/720 981/401/722 986/778/1063
f 849/759/1050 951/779/1064 805/667/971
f 805/667/971 861/717/1013 1053/718/1014
f 1057/780/1065 728/457/778 782/486/806
f 936/781/1059 834/458/779 728/457/778
f 747/405/726 745/397/718 851/554/831
f 745/495/718 856/525/841 851/515/831
f 1041/782/1066 852/414/735 936/773/1059
f 936/773/1059 852/414/735 1021/413/734
f 748/654/958 853/574/885 958/653/957
f 1054/533/849 855/532/848 748/654/958
f 748/654/958 955/573/884 853/574/885
f 955/573/884 974/783/1067 853/574/885
f 856/525/841 723/447/768 851/515/831
f 856/525/841 895/527/843 723/447/768
f 857/419/740 827/692/993 847/420/741
f 920/752/1044 794/691/992 827/692/993
f 795/694/995 950/697/998 858/696/997
f 968/394/715 860/744/1036 993/745/1037
f 767/565/836 855/532/848 859/640/797
f 897/476/796 767/520/836 859/477/797
f 993/745/1037 860/744/1036 795/694/995
f 860/744/1036 822/449/770 795/694/995
f 861/717/1013 830/682/985 780/665/969
f 1068/748/1040 780/665/969 762/666/970
f 862/784/757 724/785/1068 735/513/821
f 735/513/821 990/512/829 1074/464/785
f 1010/786/1058 863/787/1069 934/610/919
f 760/544/860 1065/543/859 863/788/1069
f 864/652/956 1047/651/955 773/539/855
f 866/581/892 904/550/866 1076/789/1070
f 865/505/823 754/423/744 809/726/1022
f 877/468/789 754/423/744 865/505/823
f 773/539/855 1028/580/891 866/581/892
f 773/539/855 866/581/892 1076/789/1070
f 797/790/1003 867/791/1002 1020/792/1071
f 964/633/939 734/635/941 1020/792/1071
f 1028/580/891 868/452/773 866/581/892
f 1028/580/891 1032/450/771 868/452/773
f 940/485/805 970/480/800 782/486/806
f 970/480/800 959/620/929 1011/670/974
f 870/793/1072 857/419/740 924/403/724
f 920/752/1044 827/692/993 857/419/740
f 871/592/903 1001/636/942 766/593/904
f 756/615/924 946/618/927 1023/392/713
f 761/641/945 768/669/973 872/668/972
f 903/761/1052 761/641/945 872/668/972
f 980/454/775 743/453/774 938/416/737
f 766/730/904 778/794/940 1081/795/1073
f 1081/795/1073 1079/728/1024 766/730/904
f 777/655/959 991/657/961 875/601/912
f 833/771/1051 875/601/912 991/657/961
f 876/606/916 884/608/917 887/632/938
f 765/628/934 876/606/916 925/663/967
f 1058/504/822 735/503/821 877/468/789
f 735/503/821 944/796/1074 877/468/789
f 1080/749/1041 920/752/1044 965/797/1075
f 955/573/884 1080/749/1041 974/783/1067
f 717/546/862 879/798/1076 943/722/1018
f 717/546/862 969/545/861 1050/799/1077
f 942/740/1034 905/614/923 880/400/721
f 880/400/721 1069/675/979 848/672/976
f 881/432/753 947/746/1038 984/582/893
f 824/387/708 846/389/710 881/432/753
f 804/724/1020 893/535/851 882/488/808
f 943/722/1018 804/724/1020 882/488/808
f 813/562/876 744/425/746 883/693/994
f 813/562/876 883/693/994 752/734/1028
f 779/435/756 884/608/917 729/433/754
f 1046/754/1046 885/390/711 780/665/969
f 787/681/984 786/637/943 885/390/711
f 1045/494/814 1088/496/815 886/524/840
f 818/741/1035 886/524/840 1034/800/1078
f 779/435/756 935/434/755 887/632/938
f 884/608/917 779/435/756 887/632/938
f 888/475/795 739/801/846 800/704/1005
f 800/704/1005 1015/775/1061 888/475/795
f 1050/799/1077 863/788/1069 953/802/1079
f 879/798/1076 957/429/750 807/428/749
f 816/737/1031 832/739/1033 890/699/1000
f 832/739/1033 796/577/888 899/758/1049
f 891/549/865 781/548/864 1033/803/1080
f 836/443/764 908/660/964 891/549/865
f 858/696/997 1065/543/859 892/542/858
f 858/696/997 993/745/1037 795/694/995
f 893/535/851 804/724/1020 738/534/850
f 893/535/851 738/534/850 886/524/840
f 764/482/802 894/404/725 978/627/880
f 764/482/802 926/753/1045 894/404/725
f 720/804/1081 723/447/768 895/527/843
f 1060/445/766 912/695/996 966/446/767
f 831/756/882 896/805/1048 751/570/881
f 746/572/883 896/806/1048 831/571/882
f 888/475/795 844/388/709 897/476/796
f 844/388/709 954/774/1060 917/521/837
f 749/807/869 731/605/915 898/808/870
f 731/605/915 759/809/1082 898/808/870
f 890/699/1000 832/739/1033 899/758/1049
f 890/699/1000 899/758/1049 988/810/1083
f 718/491/811 900/703/1004 1018/588/899
f 1074/464/785 990/512/829 718/491/811
f 764/482/802 1004/481/801 901/484/804
f 926/753/1045 764/482/802 901/484/804
f 834/458/779 996/763/1053 1000/459/780
f 914/729/902 929/410/731 714/412/733
f 784/519/835 994/518/834 903/761/1052
f 833/760/1051 784/519/835 903/761/1052
f 980/454/775 904/550/866 1019/455/776
f 904/550/866 976/650/954 864/652/956
f 919/649/953 719/438/759 771/643/947
f 880/400/721 919/649/953 1069/675/979
f 1010/786/1058 934/610/919 841/811/931
f 726/609/918 841/811/931 934/610/919
f 907/685/988 742/502/820 812/501/819
f 1058/504/822 865/505/823 997/662/966
f 908/709/964 715/707/1007 821/777/1062
f 908/709/964 1043/708/1008 715/707/1007
f 722/451/772 992/625/933 909/624/932
f 989/812/1084 868/452/773 722/451/772
f 799/813/900 729/433/754 910/814/901
f 755/587/898 910/590/901 1002/489/809
f 708/478/798 937/686/989 911/768/1056
f 911/768/1056 823/479/799 708/478/798
f 795/694/995 912/695/996 950/697/998
f 912/695/996 720/804/1081 1083/430/751
f 786/637/943 756/615/924 913/391/712
f 913/391/712 885/390/711 786/637/943
f 871/592/903 914/591/902 902/596/907
f 714/412/733 902/815/907 914/729/902
f 737/679/982 915/560/874 1003/597/908
f 915/560/874 1059/677/981 941/561/875
f 1016/497/816 730/465/786 916/687/990
f 916/687/990 730/465/786 1074/464/785
f 844/388/709 917/521/837 897/476/796
f 767/520/836 897/476/796 917/521/837
f 918/474/790 1040/442/763 725/674/978
f 725/674/978 1037/472/793 918/474/790
f 919/649/953 880/400/721 905/614/923
f 905/614/923 819/648/952 919/649/953
f 870/793/1072 920/752/1044 857/419/740
f 920/752/1044 870/793/1072 965/797/1075
f 995/816/794 921/817/1085 918/469/790
f 746/572/883 749/555/869 921/817/1085
f 758/602/913 922/616/925 946/618/927
f 922/616/925 758/602/913 1066/646/950
f 1078/731/1025 923/732/1026 733/630/936
f 1070/735/1029 733/630/936 923/732/1026
f 857/419/740 721/421/742 924/403/724
f 721/568/742 866/581/892 931/818/1086
f 985/629/935 925/663/967 887/632/938
f 876/606/916 887/632/938 925/663/967
f 870/793/1072 924/403/724 987/402/723
f 927/466/787 724/819/1068 862/436/757
f 944/796/1074 735/503/821 724/820/1068
f 821/776/1062 928/661/965 908/660/964
f 744/425/746 928/661/965 821/776/1062
f 937/686/989 790/411/732 929/410/731
f 929/410/731 914/729/902 1079/728/1024
f 872/668/972 930/427/748 903/761/1052
f 930/427/748 872/668/972 781/548/864
f 924/403/724 931/821/1086 894/404/725
f 721/421/742 931/821/1086 924/403/724
f 1055/755/1047 830/682/985 932/538/854
f 814/822/1087 1055/755/1047 932/538/854
f 799/813/900 742/502/820 933/684/987
f 789/631/937 1061/823/1088 933/684/987
f 906/664/968 934/610/919 863/787/1069
f 765/628/934 934/610/919 906/664/968
f 873/680/983 1013/824/1089 899/758/1049
f 729/433/754 799/813/900 935/434/755
f 799/813/900 933/684/987 1061/823/1088
f 1057/780/1065 936/781/1059 728/457/778
f 936/781/1059 850/528/844 1041/825/1066
f 811/727/1023 911/768/1056 937/686/989
f 937/686/989 929/410/731 1079/728/1024
f 938/416/737 1013/824/1089 873/680/983
f 752/734/1028 939/598/909 915/560/874
f 827/692/993 939/598/909 752/734/1028
f 940/485/805 790/411/732 708/478/798
f 790/411/732 940/485/805 714/412/733
f 813/562/876 941/561/875 744/425/746
f 817/399/720 768/669/973 942/740/1034
f 942/740/1034 880/400/721 817/399/720
f 879/798/1076 807/428/749 943/722/1018
f 1030/715/1011 1077/723/1019 1014/716/1012
f 944/826/1074 927/466/787 819/648/952
f 724/819/1068 927/466/787 944/826/1074
f 898/808/870 759/809/1082 945/604/717
f 898/556/870 945/396/717 854/579/890
f 952/595/906 758/602/913 946/618/927
f 756/615/924 871/592/903 946/618/927
f 815/733/1027 1025/658/962 840/747/1039
f 1070/735/1029 997/662/966 815/733/1027
f 851/554/831 948/506/824 814/822/1087
f 814/822/1087 948/506/824 1055/755/1047
f 770/645/949 949/742/803 1066/646/950
f 727/644/948 1029/827/1054 770/645/949
f 895/527/843 1083/430/751 720/804/1081
f 1083/430/751 895/527/843 1014/716/1012
f 796/577/888 999/576/887 951/779/1064
f 951/779/1064 849/759/1050 796/577/888
f 946/618/927 871/592/903 952/595/906
f 871/592/903 902/596/907 952/595/906
f 1065/543/859 858/696/997 889/698/999
f 889/698/999 950/697/998 957/429/750
f 972/828/1090 954/774/1060 716/584/895
f 824/387/708 716/584/895 954/774/1060
f 955/573/884 855/532/848 767/565/836
f 1036/642/946 956/829/818 732/440/761
f 956/829/818 802/498/784 732/440/761
f 953/802/1079 957/429/750 1038/830/1091
f 957/429/750 953/802/1079 889/698/999
f 958/653/957 774/415/736 1054/533/849
f 901/484/804 774/415/736 958/653/957
f 841/811/931 726/609/918 959/831/929
f 959/831/929 726/609/918 1011/705/974
f 1075/832/1092 797/790/1003 736/559/873
f 1075/833/1092 710/700/1001 797/702/1003
f 713/398/719 961/406/727 951/779/1064
f 961/406/727 805/667/971 951/779/1064
f 962/834/991 809/726/1022 793/689/922
f 1049/656/960 1063/835/920 991/657/961
f 749/807/869 831/756/882 963/462/783
f 963/462/783 731/605/915 749/807/869
f 964/633/939 1072/836/830 982/837/828
f 1020/792/1071 1072/836/830 964/633/939
f 853/574/885 987/402/723 878/575/886
f 878/575/886 987/402/723 926/753/1045
f 710/700/1001 1075/833/1092 966/446/767
f 723/447/768 966/446/767 1075/833/1092
f 806/721/1017 733/630/936 967/431/752
f 967/431/752 934/610/919 806/721/1017
f 993/745/1037 823/479/799 968/394/715
f 968/394/715 823/479/799 911/768/1056
f 906/664/968 863/787/1069 969/607/861
f 1050/799/1077 969/545/861 863/788/1069
f 823/479/799 869/671/975 970/480/800
f 970/480/800 869/671/975 959/620/929
f 753/838/1093 938/416/737 873/680/983
f 873/680/983 773/539/855 1047/651/955
f 825/471/792 971/558/872 816/737/1031
f 816/737/1031 1067/738/1032 832/739/1033
f 917/521/837 954/774/1060 972/828/1090
f 1009/522/838 917/521/837 972/828/1090
f 956/829/818 1036/642/946 973/437/758
f 862/436/757 956/829/818 973/437/758
f 974/783/1067 1080/749/1041 965/797/1075
f 987/402/723 965/797/1075 870/793/1072
f 810/492/812 893/535/851 975/493/813
f 893/535/851 886/524/840 975/493/813
f 938/416/737 753/838/1093 980/454/775
f 1013/824/1089 988/810/1083 899/758/1049
f 849/759/1050 977/540/856 899/758/1049
f 789/631/937 985/629/935 887/632/938
f 764/623/802 978/567/880 909/624/932
f 989/812/1084 722/451/772 909/624/932
f 1009/522/838 972/828/1090 803/586/897
f 803/586/897 772/585/896 998/712/1010
f 980/454/775 753/838/1093 976/650/954
f 980/454/775 976/650/954 904/550/866
f 783/444/765 981/401/722 848/672/976
f 880/400/721 848/672/976 981/401/722
f 982/510/828 874/448/769 778/794/940
f 964/633/939 982/837/828 778/634/940
f 977/540/856 849/759/1050 983/541/857
f 1053/718/1014 750/720/1016 983/541/857
f 881/432/753 984/582/893 824/387/708
f 824/387/708 984/582/893 716/584/895
f 985/629/935 1078/731/1025 733/630/936
f 986/778/1063 981/401/722 783/444/765
f 986/778/1063 783/444/765 1033/803/1080
f 926/753/1045 987/402/723 894/404/725
f 890/699/1000 988/810/1083 785/418/739
f 785/418/739 988/810/1083 938/416/737
f 978/567/880 989/812/1084 909/624/932
f 989/812/1084 978/567/880 868/452/773
f 900/703/1004 718/491/811 990/512/829
f 900/703/1004 990/512/829 742/511/820
f 833/771/1051 991/657/961 775/839/833
f 775/839/833 991/657/961 1063/835/920
f 722/451/772 820/603/914 992/625/933
f 1005/647/951 992/625/933 820/603/914
f 993/745/1037 858/696/997 892/542/858
f 993/745/1037 892/542/858 763/619/928
f 903/761/1052 994/518/834 761/641/945
f 746/572/883 921/817/1085 995/816/794
f 995/816/794 896/806/1048 746/572/883
f 714/412/733 996/763/1053 902/815/907
f 902/815/907 996/763/1053 1093/840/905
f 997/662/966 1070/735/1029 1048/736/1030
f 979/841/1042 803/586/897 998/712/1010
f 998/713/1010 794/691/992 979/750/1042
f 812/501/819 997/662/966 1048/736/1030
f 999/576/887 713/398/719 951/779/1064
f 945/396/717 713/398/719 999/576/887
f 1000/459/780 996/763/1053 714/412/733
f 728/457/778 1000/459/780 714/412/733
f 786/637/943 1001/636/942 756/615/924
f 756/615/924 1001/636/942 871/592/903
f 729/433/754 1002/842/809 910/814/901
f 1002/842/809 729/433/754 884/608/917
f 757/714/1009 1003/597/908 794/691/992
f 757/711/1009 772/585/896 1094/600/911
f 1004/481/801 1029/764/1054 843/766/1055
f 1021/413/734 843/766/1055 834/772/779
f 820/603/914 838/769/1057 1005/647/951
f 838/769/1057 1092/617/926 1005/647/951
f 1006/710/817 711/460/781 751/570/881
f 896/805/1048 1006/710/817 751/570/881
f 726/609/918 846/389/710 1007/706/1006
f 726/609/918 1007/706/1006 1011/705/974
f 861/717/1013 780/665/969 1068/748/1040
f 861/717/1013 1068/748/1040 1053/718/1014
f 1009/522/838 803/586/897 979/841/1042
f 1089/843/877 767/520/836 1009/522/838
f 760/544/860 863/788/1069 1010/770/1058
f 763/619/928 760/544/860 1010/770/1058
f 1011/670/974 782/486/806 970/480/800
f 850/528/844 782/486/806 1011/670/974
f 1020/792/1071 734/635/941 1012/507/825
f 1012/507/825 734/635/941 787/681/984
f 977/540/856 873/680/983 899/758/1049
f 988/810/1083 1013/824/1089 938/416/737
f 943/722/1018 807/428/749 1014/716/1012
f 1014/716/1012 807/428/749 1083/430/751
f 846/389/710 844/388/709 1015/775/1061
f 1007/706/1006 846/389/710 1015/775/1061
f 1016/497/816 975/493/813 818/741/1035
f 1016/497/816 818/741/1035 788/461/782
f 739/801/846 1017/844/845 800/704/1005
f 1017/844/845 1011/705/974 800/704/1005
f 810/492/812 1018/588/899 893/535/851
f 810/492/812 718/491/811 1018/588/899
f 1019/455/776 821/777/1062 715/707/1007
f 743/453/774 1019/455/776 715/707/1007
f 736/559/873 1020/792/1071 1012/507/825
f 736/559/873 797/790/1003 1020/792/1071
f 1004/481/801 1021/413/734 901/484/804
f 1021/413/734 1004/481/801 843/766/1055
f 894/404/725 931/821/1086 1022/626/879
f 1022/566/879 931/818/1086 866/581/892
f 885/390/711 1023/392/713 762/666/970
f 838/769/1057 762/666/970 1092/617/926
f 1024/725/1021 1040/845/763 918/469/790
f 1024/725/1021 741/407/728 808/409/730
f 997/662/966 777/655/959 1025/658/962
f 1025/658/962 777/655/959 875/601/912
f 1026/557/871 898/556/870 854/579/890
f 999/576/887 1026/557/871 854/579/890
f 851/554/831 814/822/1087 1027/537/853
f 1027/537/853 814/822/1087 932/538/854
f 1028/580/891 750/720/1016 1032/450/771
f 983/541/857 750/720/1016 1028/580/891
f 1004/481/801 949/483/803 1029/764/1054
f 1029/827/1054 949/742/803 770/645/949
f 740/523/839 1062/526/842 856/525/841
f 739/801/846 888/475/795 1031/639/847
f 1054/533/849 1041/782/1066 1031/531/847
f 828/719/1015 826/456/777 1032/450/771
f 828/719/1015 1032/450/771 750/720/1016
f 836/443/764 1033/803/1080 783/444/765
f 1033/803/1080 836/443/764 891/549/865
f 818/741/1035 1034/800/1078 1042/683/986
f 1034/800/1078 886/524/840 759/809/1082
f 710/700/1001 1035/509/827 1072/514/830
f 912/695/996 1035/509/827 710/700/1001
f 1036/642/946 732/440/761 769/439/760
f 1036/642/946 769/439/760 1069/675/979
f 769/439/760 1037/472/793 791/673/977
f 791/673/977 1037/472/793 725/674/978
f 1050/799/1077 953/802/1079 1038/830/1091
f 1038/830/1091 957/429/750 879/798/1076
f 1067/738/1032 971/558/872 1039/578/889
f 971/558/872 1026/557/871 1039/578/889
f 1040/845/763 1024/725/1021 808/409/730
f 808/409/730 776/659/963 1040/845/763
f 1031/531/847 1041/782/1066 739/846/846
f 1041/825/1066 850/528/844 739/530/846
f 840/747/1039 947/746/1038 815/733/1027
f 1025/658/962 798/583/894 840/747/1039
f 1042/683/986 759/809/1082 731/605/915
f 1034/800/1078 759/809/1082 1042/683/986
f 1043/708/1008 1071/847/1094 743/453/774
f 1043/708/1008 776/659/963 801/408/729
f 903/761/1052 930/427/748 1044/426/747
f 903/761/1052 1044/426/747 1059/677/981
f 740/523/839 856/525/841 1045/494/814
f 1045/494/814 856/525/841 745/495/718
f 1046/754/1046 787/681/984 885/390/711
f 787/681/984 1046/754/1046 709/508/826
f 753/838/1093 873/680/983 1047/651/955
f 1047/651/955 976/650/954 753/838/1093
f 923/732/1026 907/685/988 1048/736/1030
f 812/501/819 1048/736/1030 907/685/988
f 1049/656/960 809/726/1022 962/834/991
f 865/505/823 809/726/1022 1049/656/960
f 879/798/1076 717/546/862 1050/799/1077
f 879/798/1076 1050/799/1077 1038/830/1091
f 921/817/1085 749/555/869 1051/470/791
f 921/817/1085 1051/470/791 918/469/790
f 944/796/1074 1056/424/745 1052/467/788
f 944/796/1074 1052/467/788 877/468/789
f 1053/718/1014 849/759/1050 805/667/971
f 849/759/1050 1053/718/1014 983/541/857
f 1041/782/1066 1054/533/849 852/414/735
f 852/414/735 1054/533/849 774/415/736
f 1055/755/1047 948/506/824 709/508/826
f 709/508/826 1046/754/1046 1055/755/1047
f 1056/424/745 944/796/1074 819/688/952
f 1056/424/745 819/688/952 712/422/743
f 936/781/1059 1057/780/1065 850/528/844
f 812/501/819 735/503/821 1058/504/822
f 812/501/819 1058/504/822 997/662/966
f 915/560/874 737/679/982 1059/677/981
f 737/679/982 903/761/1052 1059/677/981
f 723/447/768 720/804/1081 1060/445/766
f 912/695/996 1060/445/766 720/804/1081
f 935/434/755 1061/823/1088 789/631/937
f 935/434/755 799/813/900 1061/823/1088
f 1014/716/1012 1062/526/842 1030/715/1011
f 1062/526/842 740/523/839 1030/715/1011
f 962/834/991 1063/835/920 1049/656/960
f 994/518/834 1063/611/920 962/690/991
f 801/408/729 785/418/739 1064/417/738
f 1064/417/738 743/453/774 1071/847/1094
f 889/698/999 953/802/1079 1065/543/859
f 1065/543/859 953/802/1079 863/788/1069
f 1005/647/951 1066/646/950 992/625/933
f 1066/646/950 764/623/802 992/625/933
f 971/558/872 1067/738/1032 816/737/1031
f 1026/557/871 999/576/887 1039/578/889
f 1053/718/1014 1068/748/1040 1008/751/1043
f 826/456/777 1008/751/1043 1068/748/1040
f 771/643/947 1036/642/946 1069/675/979
f 1069/675/979 919/649/953 771/643/947
f 967/431/752 1070/735/1029 947/746/1038
f 947/746/1038 1070/735/1029 815/733/1027
f 853/574/885 974/783/1067 987/402/723
f 974/783/1067 965/797/1075 987/402/723
f 801/408/729 1064/417/738 1071/847/1094
f 1071/847/1094 1043/708/1008 801/408/729
f 1020/792/1071 867/791/1002 1072/836/830
f 867/701/1002 710/700/1001 1072/514/830
f 1073/551/867 904/550/866 847/569/741
f 883/693/994 1073/743/867 847/420/741
f 956/500/818 862/784/757 1074/464/785
f 735/513/821 1074/464/785 862/784/757
f 960/552/832 1075/832/1092 1084/553/868
f 723/447/768 1075/833/1092 960/516/832
f 864/652/956 773/539/855 1076/789/1070
f 904/550/866 864/652/956 1076/789/1070
f 804/724/1020 943/722/1018 1077/723/1019
f 943/722/1018 1014/716/1012 1077/723/1019
f 789/631/937 1078/731/1025 985/629/935
f 789/631/937 907/685/988 1078/731/1025
f 811/727/1023 1079/728/1024 1081/795/1073
f 811/727/1023 937/686/989 1079/728/1024
f 1080/749/1041 829/564/878 979/750/1042
f 829/564/878 1080/749/1041 955/573/884
f 778/794/940 874/448/769 1081/795/1073
f 874/448/769 811/727/1023 1081/795/1073
f 768/669/973 1082/612/921 905/614/923
f 761/641/945 1082/612/921 768/669/973
f 950/697/998 912/695/996 1083/430/751
f 950/697/998 1083/430/751 957/429/750
f 1084/553/868 1075/832/1092 736/559/873
f 1084/553/868 736/559/873 948/506/824
f 910/590/901 755/587/898 1085/536/852
f 1085/536/852 755/587/898 882/488/808
f 1086/621/930 823/479/799 763/619/928
f 1086/621/930 763/619/928 1010/770/1058
f 943/722/1018 1087/487/807 717/546/862
f 1002/489/809 717/546/862 1087/487/807
f 759/809/1082 1088/496/815 945/604/717
f 886/524/840 1088/496/815 759/809/1082
f 1009/522/838 979/841/1042 1089/843/877
f 1089/563/877 979/750/1042 829/564/878
f 928/661/965 1090/547/863 891/549/865
f 744/425/746 1090/547/863 928/661/965
f 1057/780/1065 782/486/806 850/528/844
f 1044/426/747 941/561/875 1091/676/980
f 1044/426/747 1091/676/980 1059/677/981
f 1044/426/747 744/425/746 941/561/875
f 817/399/720 986/778/1063 1033/803/1080
f 817/399/720 1033/803/1080 781/548/864
f 1023/392/713 946/618/927 1092/617/926
f 762/666/970 1023/392/713 1092/617/926
f 996/763/1053 727/762/948 1093/840/905
f 1093/594/905 727/644/948 758/602/913
f 1094/600/911 842/599/910 1003/848/908
f 757/711/1009 1094/600/911 1003/848/908
f 855/532/848 955/573/884 748/654/958
f 1030/715/1011 738/534/850 804/724/1020
f 716/584/895 803/586/897 972/828/1090
f 1002/842/809 884/608/917 969/607/861
f 994/518/834 793/613/922 1082/612/921
f 1211/387/1095 1231/388/1096 1233/389/1097
f 1272/390/1098 1300/391/1099 1410/392/1100
f 1232/393/1101 1355/394/1102 1224/395/1103
f 1332/396/1104 1132/397/1105 1100/398/1106
f 1204/399/1107 1267/400/1108 1368/401/1109
f 1374/402/1110 1311/403/1111 1281/404/1112
f 1100/398/1106 1134/405/1113 1348/406/1114
f 1128/407/1115 1188/408/1116 1195/409/1117
f 1316/410/1118 1177/411/1119 1101/412/1120
f 1408/413/1121 1239/414/1122 1161/415/1123
f 1325/416/1124 1451/417/1125 1172/418/1126
f 1244/419/1127 1234/420/1128 1108/421/1129
f 1099/422/1130 1141/423/1131 1443/424/1132
f 1131/425/1133 1431/426/1134 1317/427/1135
f 1194/428/1136 1344/429/1137 1470/430/1138
f 1354/431/1139 1268/432/1140 1233/389/1097
f 1116/433/1141 1322/434/1142 1166/435/1143
f 1249/436/1144 1360/437/1145 1106/438/1146
f 1156/439/1147 1119/440/1148 1222/441/1149
f 1427/442/1150 1223/443/1151 1170/444/1152
f 1447/445/1153 1353/446/1154 1110/447/1155
f 1224/395/1103 1261/448/1156 1209/449/1157
f 1419/450/1158 1109/451/1159 1255/452/1160
f 1130/453/1161 1367/454/1162 1406/455/1163
f 1419/450/1158 1213/456/1164 1109/451/1159
f 1115/457/1165 1221/458/1166 1387/459/1167
f 1098/460/1168 1175/461/1169 1350/462/1170
f 1189/463/1171 1461/464/1172 1117/465/1173
f 1314/466/1174 1249/436/1144 1106/438/1146
f 1439/467/1175 1141/423/1131 1264/468/1176
f 1305/469/1177 1438/470/1178 1212/471/1179
f 1424/472/1180 1382/473/1181 1305/474/1177
f 1275/475/1182 1284/476/1183 1246/477/1184
f 1095/478/1185 1210/479/1186 1357/480/1187
f 1391/481/1188 1151/482/1189 1336/483/1190
f 1288/484/1191 1408/413/1121 1161/415/1123
f 1327/485/1192 1115/457/1165 1101/412/1120
f 1115/457/1165 1327/485/1192 1169/486/1193
f 1474/487/1194 1269/488/1195 1389/489/1196
f 1179/490/1197 1105/491/1198 1197/492/1199
f 1189/463/1171 1117/465/1173 1175/461/1169
f 1179/490/1197 1197/492/1199 1362/493/1200
f 1432/494/1201 1132/495/1105 1475/496/1202
f 1403/497/1203 1179/490/1197 1362/493/1200
f 1119/440/1148 1189/498/1171 1393/499/1204
f 1461/464/1172 1189/463/1171 1343/500/1205
f 1199/501/1206 1129/502/1207 1122/503/1208
f 1445/504/1209 1264/468/1176 1252/505/1210
f 1335/506/1211 1399/507/1212 1096/508/1213
f 1422/509/1214 1209/449/1157 1369/510/1215
f 1129/511/1207 1377/512/1216 1122/513/1208
f 1179/490/1197 1461/464/1172 1105/491/1198
f 1459/514/1217 1422/509/1214 1369/510/1215
f 1238/515/1218 1110/447/1155 1347/516/1219
f 1162/517/1220 1381/518/1221 1171/519/1222
f 1154/520/1223 1304/521/1224 1396/522/1225
f 1127/523/1226 1432/494/1201 1273/524/1227
f 1243/525/1228 1449/526/1229 1282/527/1230
f 1237/528/1231 1404/529/1232 1126/530/1233
f 1418/531/1234 1242/532/1235 1441/533/1236
f 1125/534/1237 1127/523/1226 1273/524/1227
f 1269/488/1195 1280/535/1238 1472/536/1239
f 1348/406/1114 1414/537/1240 1319/538/1241
f 1160/539/1242 1364/540/1243 1370/541/1244
f 1279/542/1245 1452/543/1246 1147/544/1247
f 1389/489/1196 1356/545/1248 1104/546/1249
f 1188/408/1116 1128/407/1115 1172/418/1126
f 1477/547/1250 1168/548/1251 1278/549/1252
f 1406/455/1163 1291/550/1253 1460/551/1254
f 1100/398/1106 1132/397/1105 1134/405/1113
f 1347/552/1219 1471/553/1255 1238/554/1218
f 1136/555/1256 1285/556/1257 1413/557/1258
f 1136/555/1256 1413/557/1258 1358/558/1259
f 1335/506/1211 1238/554/1218 1471/553/1255
f 1335/506/1211 1123/559/1260 1399/507/1212
f 1302/560/1261 1328/561/1262 1200/562/1263
f 1476/563/1264 1216/564/1265 1154/565/1223
f 1136/555/1256 1212/471/1179 1438/470/1178
f 1424/472/1180 1222/441/1149 1382/473/1181
f 1409/566/1266 1255/452/1160 1365/567/1267
f 1291/550/1253 1108/568/1129 1234/569/1128
f 1138/570/1268 1098/460/1168 1350/462/1170
f 1218/571/1269 1136/555/1256 1133/572/1270
f 1154/565/1223 1216/564/1265 1342/573/1271
f 1240/574/1272 1265/575/1273 1288/484/1191
f 1386/576/1274 1183/577/1275 1426/578/1276
f 1241/579/1277 1332/396/1104 1386/576/1274
f 1160/539/1242 1370/541/1244 1415/580/1278
f 1409/566/1266 1253/581/1279 1255/452/1160
f 1371/582/1280 1185/583/1281 1103/584/1282
f 1103/584/1282 1159/585/1283 1190/586/1284
f 1142/587/1285 1389/489/1196 1269/488/1195
f 1405/588/1286 1186/589/1287 1297/590/1288
f 1301/591/1289 1258/592/1290 1153/593/1291
f 1480/594/1292 1339/595/1293 1289/596/1294
f 1390/597/1295 1302/560/1261 1326/598/1296
f 1229/599/1297 1481/600/1298 1262/601/1299
f 1339/595/1293 1480/594/1292 1145/602/1300
f 1213/456/1164 1207/603/1301 1109/451/1159
f 1475/496/1202 1132/495/1105 1332/604/1104
f 1175/461/1169 1118/605/1302 1350/462/1170
f 1263/606/1303 1356/607/1248 1271/608/1304
f 1354/431/1139 1113/609/1305 1321/610/1306
f 1381/518/1221 1162/517/1220 1450/611/1307
f 1469/612/1308 1180/613/1309 1292/614/1310
f 1300/391/1099 1143/615/1311 1410/392/1100
f 1309/616/1312 1479/617/1313 1333/618/1314
f 1150/619/1315 1279/542/1245 1147/544/1247
f 1346/620/1316 1473/621/1317 1228/622/1318
f 1151/623/1189 1296/624/1319 1379/625/1320
f 1281/404/1112 1409/626/1266 1365/627/1267
f 1152/628/1321 1372/629/1322 1120/630/1323
f 1322/434/1142 1176/631/1324 1274/632/1325
f 1351/633/1326 1165/634/1327 1121/635/1328
f 1388/636/1329 1173/637/1330 1226/638/1331
f 1418/639/1234 1275/475/1182 1246/477/1184
f 1246/640/1184 1242/532/1235 1418/531/1234
f 1148/641/1332 1381/518/1221 1469/612/1308
f 1317/427/1135 1168/548/1251 1477/547/1250
f 1106/438/1146 1423/642/1333 1158/643/1334
f 1360/437/1145 1423/642/1333 1106/438/1146
f 1114/644/1335 1157/645/1336 1145/602/1300
f 1309/616/1312 1453/646/1337 1392/647/1338
f 1206/648/1339 1292/614/1310 1180/613/1309
f 1306/649/1340 1314/466/1174 1106/438/1146
f 1103/584/1282 1185/583/1281 1159/585/1283
f 1262/601/1299 1481/600/1298 1159/585/1283
f 1108/568/1129 1291/550/1253 1253/581/1279
f 1363/650/1341 1434/651/1342 1251/652/1343
f 1345/653/1344 1441/533/1236 1135/654/1345
f 1345/653/1344 1240/574/1272 1288/484/1191
f 1164/655/1346 1436/656/1347 1378/657/1348
f 1412/658/1349 1262/601/1299 1159/585/1283
f 1163/659/1350 1195/409/1117 1188/408/1116
f 1295/660/1351 1315/661/1352 1278/549/1252
f 1164/655/1346 1384/662/1353 1252/505/1210
f 1252/505/1210 1436/656/1347 1164/655/1346
f 1165/634/1327 1153/593/1291 1388/636/1329
f 1209/449/1157 1261/448/1156 1369/510/1215
f 1152/628/1321 1312/663/1354 1372/629/1322
f 1263/606/1303 1152/628/1321 1293/664/1355
f 1167/665/1356 1272/390/1098 1149/666/1357
f 1348/406/1114 1319/538/1241 1192/667/1358
f 1259/668/1359 1155/669/1360 1168/548/1251
f 1398/670/1361 1404/529/1232 1237/528/1231
f 1256/671/1362 1473/621/1317 1346/620/1316
f 1235/672/1363 1178/673/1364 1112/674/1365
f 1456/675/1366 1178/673/1364 1235/672/1363
f 1478/676/1367 1328/561/1262 1446/677/1368
f 1390/597/1295 1229/678/1297 1124/679/1369
f 1325/416/1124 1130/453/1161 1451/417/1125
f 1160/539/1242 1260/680/1370 1364/540/1243
f 1173/637/1330 1121/635/1328 1226/638/1331
f 1174/681/1371 1121/635/1328 1173/637/1330
f 1174/681/1371 1096/508/1213 1399/507/1212
f 1192/667/1358 1319/538/1241 1217/682/1372
f 1175/461/1169 1429/683/1373 1118/605/1302
f 1117/465/1173 1403/497/1203 1175/461/1169
f 1320/684/1374 1129/502/1207 1176/631/1324
f 1176/631/1324 1129/502/1207 1294/685/1375
f 1095/478/1185 1177/411/1119 1324/686/1376
f 1357/480/1187 1327/485/1192 1095/478/1185
f 1156/439/1147 1178/673/1364 1456/675/1366
f 1156/439/1147 1222/441/1149 1424/472/1180
f 1303/687/1377 1179/490/1197 1403/497/1203
f 1461/464/1172 1179/490/1197 1303/687/1377
f 1206/688/1339 1180/689/1309 1099/422/1130
f 1180/613/1309 1381/518/1221 1349/690/1378
f 1390/597/1295 1326/598/1296 1181/691/1379
f 1214/692/1380 1270/693/1381 1234/420/1128
f 1182/694/1382 1422/509/1214 1299/695/1383
f 1245/696/1384 1337/697/1385 1276/698/1386
f 1128/407/1115 1277/699/1387 1172/418/1126
f 1136/555/1256 1358/558/1259 1212/471/1179
f 1097/700/1388 1254/701/1389 1184/702/1390
f 1353/446/1154 1299/695/1383 1097/700/1388
f 1159/585/1283 1185/583/1281 1412/658/1349
f 1287/703/1391 1129/511/1207 1186/589/1287
f 1186/589/1287 1405/588/1286 1287/703/1391
f 1187/704/1392 1398/705/1361 1394/706/1393
f 1113/609/1305 1354/431/1139 1233/389/1097
f 1130/453/1161 1102/707/1394 1430/708/1395
f 1163/659/1350 1430/708/1395 1295/709/1351
f 1189/463/1171 1098/460/1168 1393/710/1204
f 1175/461/1169 1098/460/1168 1189/463/1171
f 1144/711/1396 1385/712/1397 1159/585/1283
f 1385/713/1397 1144/714/1396 1181/691/1379
f 1417/715/1398 1127/523/1226 1125/534/1237
f 1401/716/1399 1282/527/1230 1449/526/1229
f 1192/667/1358 1217/682/1372 1248/717/1400
f 1440/718/1401 1215/719/1402 1137/720/1403
f 1321/610/1306 1152/628/1321 1193/721/1404
f 1152/628/1321 1120/630/1323 1193/721/1404
f 1474/487/1194 1330/722/1405 1269/488/1195
f 1464/723/1406 1417/715/1398 1191/724/1407
f 1427/442/1150 1235/672/1363 1112/674/1365
f 1411/725/1408 1305/469/1177 1212/471/1179
f 1141/423/1131 1099/422/1130 1196/726/1409
f 1099/422/1130 1180/689/1309 1196/726/1409
f 1472/536/1239 1280/535/1238 1405/588/1286
f 1405/588/1286 1297/590/1288 1472/536/1239
f 1224/395/1103 1198/727/1410 1261/448/1156
f 1466/728/1411 1301/729/1289 1153/730/1291
f 1465/731/1412 1294/685/1375 1310/732/1413
f 1202/733/1414 1384/662/1353 1412/658/1349
f 1302/560/1261 1200/562/1263 1139/734/1415
f 1214/692/1380 1139/734/1415 1270/693/1381
f 1134/405/1113 1414/537/1240 1348/406/1114
f 1134/405/1113 1238/554/1218 1414/537/1240
f 1120/630/1323 1457/735/1416 1354/431/1139
f 1435/736/1417 1457/735/1416 1310/732/1413
f 1128/407/1115 1203/737/1418 1277/699/1387
f 1454/738/1419 1426/578/1276 1219/739/1420
f 1168/548/1251 1155/669/1360 1204/399/1107
f 1329/740/1421 1155/669/1360 1292/614/1310
f 1175/461/1169 1205/741/1422 1429/683/1373
f 1205/741/1422 1362/493/1200 1273/524/1227
f 1314/466/1174 1306/649/1340 1206/648/1339
f 1439/467/1175 1443/424/1132 1141/423/1131
f 1336/742/1190 1151/623/1189 1453/646/1337
f 1453/646/1337 1145/602/1300 1157/645/1336
f 1131/425/1133 1317/427/1135 1477/547/1250
f 1270/693/1381 1131/425/1133 1460/743/1254
f 1182/694/1382 1209/449/1157 1422/509/1214
f 1247/744/1423 1355/394/1102 1232/393/1101
f 1210/479/1186 1380/745/1424 1150/619/1315
f 1473/621/1317 1256/671/1362 1210/479/1186
f 1371/582/1280 1334/746/1425 1227/747/1426
f 1268/432/1140 1354/431/1139 1334/746/1425
f 1212/471/1179 1203/737/1418 1128/407/1115
f 1411/725/1408 1212/471/1179 1128/407/1115
f 1149/666/1357 1213/456/1164 1455/748/1427
f 1309/616/1312 1392/647/1338 1479/617/1313
f 1181/691/1379 1326/598/1296 1214/692/1380
f 1181/691/1379 1467/749/1428 1366/750/1429
f 1440/718/1401 1395/751/1430 1215/719/1402
f 1215/719/1402 1395/751/1430 1213/456/1164
f 1307/752/1431 1467/749/1428 1181/691/1379
f 1265/575/1273 1313/753/1432 1288/484/1191
f 1433/754/1433 1167/665/1356 1217/682/1372
f 1442/755/1434 1433/754/1433 1217/682/1372
f 1138/570/1268 1350/462/1170 1218/756/1269
f 1382/473/1181 1222/441/1149 1283/757/1435
f 1219/739/1420 1426/578/1276 1183/577/1275
f 1286/758/1436 1183/577/1275 1236/759/1437
f 1220/760/1438 1162/517/1220 1171/519/1222
f 1220/760/1438 1290/761/1439 1124/679/1369
f 1221/458/1166 1114/762/1335 1383/763/1440
f 1416/764/1441 1114/765/1335 1230/766/1442
f 1222/441/1149 1393/499/1204 1283/757/1435
f 1119/440/1148 1393/499/1204 1222/441/1149
f 1163/767/1350 1295/660/1351 1223/443/1151
f 1223/443/1151 1427/442/1150 1163/767/1350
f 1298/768/1443 1198/727/1410 1224/395/1103
f 1355/394/1102 1298/768/1443 1224/395/1103
f 1225/769/1444 1213/456/1164 1149/666/1357
f 1225/769/1444 1207/603/1301 1213/456/1164
f 1165/634/1327 1226/638/1331 1121/635/1328
f 1388/636/1329 1226/638/1331 1165/634/1327
f 1371/582/1280 1227/747/1426 1185/583/1281
f 1473/621/1317 1397/770/1445 1228/622/1318
f 1356/607/1248 1263/606/1303 1293/664/1355
f 1220/771/1438 1229/599/1297 1262/601/1299
f 1229/678/1297 1220/760/1438 1124/679/1369
f 1221/772/1166 1230/766/1442 1114/765/1335
f 1408/413/1121 1221/772/1166 1323/773/1446
f 1341/774/1447 1231/388/1096 1211/387/1095
f 1209/449/1157 1232/393/1101 1224/395/1103
f 1209/449/1157 1247/744/1423 1232/393/1101
f 1231/388/1096 1275/475/1182 1402/775/1448
f 1402/775/1448 1187/704/1392 1394/706/1393
f 1460/743/1254 1131/425/1133 1208/776/1449
f 1460/551/1254 1208/777/1449 1406/455/1163
f 1170/444/1152 1235/672/1363 1427/442/1150
f 1204/399/1107 1368/401/1109 1373/778/1450
f 1236/759/1437 1338/779/1451 1192/667/1358
f 1192/667/1358 1248/717/1400 1440/718/1401
f 1444/780/1452 1115/457/1165 1169/486/1193
f 1323/781/1446 1221/458/1166 1115/457/1165
f 1134/405/1113 1132/397/1105 1238/554/1218
f 1132/495/1105 1243/525/1228 1238/515/1218
f 1428/782/1453 1239/414/1122 1323/773/1446
f 1323/773/1446 1239/414/1122 1408/413/1121
f 1135/654/1345 1240/574/1272 1345/653/1344
f 1441/533/1236 1242/532/1235 1135/654/1345
f 1135/654/1345 1342/573/1271 1240/574/1272
f 1342/573/1271 1361/783/1454 1240/574/1272
f 1243/525/1228 1110/447/1155 1238/515/1218
f 1243/525/1228 1282/527/1230 1110/447/1155
f 1244/419/1127 1214/692/1380 1234/420/1128
f 1307/752/1431 1181/691/1379 1214/692/1380
f 1182/694/1382 1337/697/1385 1245/696/1384
f 1355/394/1102 1247/744/1423 1380/745/1424
f 1154/565/1223 1242/532/1235 1246/640/1184
f 1284/476/1183 1154/520/1223 1246/477/1184
f 1380/745/1424 1247/744/1423 1182/694/1382
f 1247/744/1423 1209/449/1157 1182/694/1382
f 1248/717/1400 1217/682/1372 1167/665/1356
f 1455/748/1427 1167/665/1356 1149/666/1357
f 1249/784/1144 1111/785/1455 1122/513/1208
f 1122/513/1208 1377/512/1216 1461/464/1172
f 1397/786/1445 1250/787/1456 1321/610/1306
f 1147/544/1247 1452/543/1246 1250/788/1456
f 1251/652/1343 1434/651/1342 1160/539/1242
f 1253/581/1279 1291/550/1253 1463/789/1457
f 1252/505/1210 1141/423/1131 1196/726/1409
f 1264/468/1176 1141/423/1131 1252/505/1210
f 1160/539/1242 1415/580/1278 1253/581/1279
f 1160/539/1242 1253/581/1279 1463/789/1457
f 1184/790/1390 1254/791/1389 1407/792/1458
f 1351/633/1326 1121/635/1328 1407/792/1458
f 1415/580/1278 1255/452/1160 1253/581/1279
f 1415/580/1278 1419/450/1158 1255/452/1160
f 1327/485/1192 1357/480/1187 1169/486/1193
f 1357/480/1187 1346/620/1316 1398/670/1361
f 1257/793/1459 1244/419/1127 1311/403/1111
f 1307/752/1431 1214/692/1380 1244/419/1127
f 1258/592/1290 1388/636/1329 1153/593/1291
f 1143/615/1311 1333/618/1314 1410/392/1100
f 1148/641/1332 1155/669/1360 1259/668/1359
f 1290/761/1439 1148/641/1332 1259/668/1359
f 1367/454/1162 1130/453/1161 1325/416/1124
f 1153/730/1291 1165/794/1327 1468/795/1460
f 1468/795/1460 1466/728/1411 1153/730/1291
f 1164/655/1346 1378/657/1348 1262/601/1299
f 1220/771/1438 1262/601/1299 1378/657/1348
f 1263/606/1303 1271/608/1304 1274/632/1325
f 1152/628/1321 1263/606/1303 1312/663/1354
f 1445/504/1209 1122/503/1208 1264/468/1176
f 1122/503/1208 1331/796/1461 1264/468/1176
f 1467/749/1428 1307/752/1431 1352/797/1462
f 1342/573/1271 1467/749/1428 1361/783/1454
f 1104/546/1249 1266/798/1463 1330/722/1405
f 1104/546/1249 1356/545/1248 1437/799/1464
f 1329/740/1421 1292/614/1310 1267/400/1108
f 1267/400/1108 1456/675/1366 1235/672/1363
f 1268/432/1140 1334/746/1425 1371/582/1280
f 1211/387/1095 1233/389/1097 1268/432/1140
f 1191/724/1407 1280/535/1238 1269/488/1195
f 1330/722/1405 1191/724/1407 1269/488/1195
f 1200/562/1263 1131/425/1133 1270/693/1381
f 1200/562/1263 1270/693/1381 1139/734/1415
f 1166/435/1143 1271/608/1304 1116/433/1141
f 1433/754/1433 1272/390/1098 1167/665/1356
f 1174/681/1371 1173/637/1330 1272/390/1098
f 1432/494/1201 1475/496/1202 1273/524/1227
f 1205/741/1422 1273/524/1227 1421/800/1465
f 1166/435/1143 1322/434/1142 1274/632/1325
f 1271/608/1304 1166/435/1143 1274/632/1325
f 1275/475/1182 1126/801/1233 1187/704/1392
f 1187/704/1392 1402/775/1448 1275/475/1182
f 1437/799/1464 1250/788/1456 1340/802/1466
f 1266/798/1463 1344/429/1137 1194/428/1136
f 1203/737/1418 1219/739/1420 1277/699/1387
f 1219/739/1420 1183/577/1275 1286/758/1436
f 1278/549/1252 1168/548/1251 1420/803/1467
f 1223/443/1151 1295/660/1351 1278/549/1252
f 1245/696/1384 1452/543/1246 1279/542/1245
f 1245/696/1384 1380/745/1424 1182/694/1382
f 1280/535/1238 1191/724/1407 1125/534/1237
f 1280/535/1238 1125/534/1237 1273/524/1227
f 1151/482/1189 1281/404/1112 1365/627/1267
f 1151/482/1189 1313/753/1432 1281/404/1112
f 1107/804/1468 1110/447/1155 1282/527/1230
f 1447/445/1153 1299/695/1383 1353/446/1154
f 1218/756/1269 1283/805/1435 1138/570/1268
f 1133/572/1270 1283/806/1435 1218/571/1269
f 1275/475/1182 1231/388/1096 1284/476/1183
f 1231/388/1096 1341/774/1447 1304/521/1224
f 1136/807/1256 1118/605/1302 1285/808/1257
f 1118/605/1302 1146/809/1469 1285/808/1257
f 1277/699/1387 1219/739/1420 1286/758/1436
f 1277/699/1387 1286/758/1436 1375/810/1470
f 1105/491/1198 1287/703/1391 1405/588/1286
f 1461/464/1172 1377/512/1216 1105/491/1198
f 1151/482/1189 1391/481/1188 1288/484/1191
f 1313/753/1432 1151/482/1189 1288/484/1191
f 1221/458/1166 1383/763/1440 1387/459/1167
f 1301/729/1289 1316/410/1118 1101/412/1120
f 1171/519/1222 1381/518/1221 1290/761/1439
f 1220/760/1438 1171/519/1222 1290/761/1439
f 1367/454/1162 1291/550/1253 1406/455/1163
f 1291/550/1253 1363/650/1341 1251/652/1343
f 1306/649/1340 1106/438/1146 1158/643/1334
f 1267/400/1108 1306/649/1340 1456/675/1366
f 1397/786/1445 1321/610/1306 1228/811/1318
f 1113/609/1305 1228/811/1318 1321/610/1306
f 1294/685/1375 1129/502/1207 1199/501/1206
f 1445/504/1209 1252/505/1210 1384/662/1353
f 1295/709/1351 1102/707/1394 1208/777/1449
f 1295/709/1351 1430/708/1395 1102/707/1394
f 1109/451/1159 1379/625/1320 1296/624/1319
f 1376/812/1471 1255/452/1160 1109/451/1159
f 1186/813/1287 1116/433/1141 1297/814/1288
f 1142/587/1285 1297/590/1288 1389/489/1196
f 1095/478/1185 1324/686/1376 1298/768/1443
f 1298/768/1443 1210/479/1186 1095/478/1185
f 1182/694/1382 1299/695/1383 1337/697/1385
f 1299/695/1383 1107/804/1468 1470/430/1138
f 1173/637/1330 1143/615/1311 1300/391/1099
f 1300/391/1099 1272/390/1098 1173/637/1330
f 1258/592/1290 1301/591/1289 1289/596/1294
f 1101/412/1120 1289/815/1294 1301/729/1289
f 1124/679/1369 1302/560/1261 1390/597/1295
f 1302/560/1261 1446/677/1368 1328/561/1262
f 1403/497/1203 1117/465/1173 1303/687/1377
f 1303/687/1377 1117/465/1173 1461/464/1172
f 1231/388/1096 1304/521/1224 1284/476/1183
f 1154/520/1223 1284/476/1183 1304/521/1224
f 1305/474/1177 1427/442/1150 1112/674/1365
f 1112/674/1365 1424/472/1180 1305/474/1177
f 1306/649/1340 1267/400/1108 1292/614/1310
f 1292/614/1310 1206/648/1339 1306/649/1340
f 1257/793/1459 1307/752/1431 1244/419/1127
f 1307/752/1431 1257/793/1459 1352/797/1462
f 1382/816/1181 1308/817/1472 1305/469/1177
f 1133/572/1270 1136/555/1256 1308/817/1472
f 1145/602/1300 1309/616/1312 1333/618/1314
f 1309/616/1312 1145/602/1300 1453/646/1337
f 1465/731/1412 1310/732/1413 1120/630/1323
f 1457/735/1416 1120/630/1323 1310/732/1413
f 1244/419/1127 1108/421/1129 1311/403/1111
f 1108/568/1129 1253/581/1279 1318/818/1473
f 1372/629/1322 1312/663/1354 1274/632/1325
f 1263/606/1303 1274/632/1325 1312/663/1354
f 1257/793/1459 1311/403/1111 1374/402/1110
f 1314/466/1174 1111/819/1455 1249/436/1144
f 1331/796/1461 1122/503/1208 1111/820/1455
f 1208/776/1449 1315/661/1352 1295/660/1351
f 1131/425/1133 1315/661/1352 1208/776/1449
f 1324/686/1376 1177/411/1119 1316/410/1118
f 1316/410/1118 1301/729/1289 1466/728/1411
f 1259/668/1359 1317/427/1135 1290/761/1439
f 1317/427/1135 1259/668/1359 1168/548/1251
f 1311/403/1111 1318/821/1473 1281/404/1112
f 1108/421/1129 1318/821/1473 1311/403/1111
f 1442/755/1434 1217/682/1372 1319/538/1241
f 1201/822/1474 1442/755/1434 1319/538/1241
f 1186/813/1287 1129/502/1207 1320/684/1374
f 1176/631/1324 1448/823/1475 1320/684/1374
f 1293/664/1355 1321/610/1306 1250/787/1456
f 1152/628/1321 1321/610/1306 1293/664/1355
f 1260/680/1370 1400/824/1476 1286/758/1436
f 1116/433/1141 1186/813/1287 1322/434/1142
f 1186/813/1287 1320/684/1374 1448/823/1475
f 1444/780/1452 1323/781/1446 1115/457/1165
f 1323/781/1446 1237/528/1231 1428/825/1453
f 1198/727/1410 1298/768/1443 1324/686/1376
f 1324/686/1376 1316/410/1118 1466/728/1411
f 1325/416/1124 1400/824/1476 1260/680/1370
f 1139/734/1415 1326/598/1296 1302/560/1261
f 1214/692/1380 1326/598/1296 1139/734/1415
f 1327/485/1192 1177/411/1119 1095/478/1185
f 1177/411/1119 1327/485/1192 1101/412/1120
f 1200/562/1263 1328/561/1262 1131/425/1133
f 1204/399/1107 1155/669/1360 1329/740/1421
f 1329/740/1421 1267/400/1108 1204/399/1107
f 1266/798/1463 1194/428/1136 1330/722/1405
f 1417/715/1398 1464/723/1406 1401/716/1399
f 1331/826/1461 1314/466/1174 1206/648/1339
f 1111/819/1455 1314/466/1174 1331/826/1461
f 1285/808/1257 1146/809/1469 1332/604/1104
f 1285/556/1257 1332/396/1104 1241/579/1277
f 1339/595/1293 1145/602/1300 1333/618/1314
f 1143/615/1311 1258/592/1290 1333/618/1314
f 1202/733/1414 1412/658/1349 1227/747/1426
f 1457/735/1416 1384/662/1353 1202/733/1414
f 1238/554/1218 1335/506/1211 1201/822/1474
f 1201/822/1474 1335/506/1211 1442/755/1434
f 1157/645/1336 1336/742/1190 1453/646/1337
f 1114/644/1335 1416/827/1441 1157/645/1336
f 1282/527/1230 1470/430/1138 1107/804/1468
f 1470/430/1138 1282/527/1230 1401/716/1399
f 1183/577/1275 1386/576/1274 1338/779/1451
f 1338/779/1451 1236/759/1437 1183/577/1275
f 1333/618/1314 1258/592/1290 1339/595/1293
f 1258/592/1290 1289/596/1294 1339/595/1293
f 1452/543/1246 1245/696/1384 1276/698/1386
f 1276/698/1386 1337/697/1385 1344/429/1137
f 1359/828/1477 1341/774/1447 1103/584/1282
f 1211/387/1095 1103/584/1282 1341/774/1447
f 1342/573/1271 1242/532/1235 1154/565/1223
f 1423/642/1333 1343/829/1205 1119/440/1148
f 1343/829/1205 1189/498/1171 1119/440/1148
f 1340/802/1466 1344/429/1137 1425/830/1478
f 1344/429/1137 1340/802/1466 1276/698/1386
f 1345/653/1344 1161/415/1123 1441/533/1236
f 1288/484/1191 1161/415/1123 1345/653/1344
f 1228/811/1318 1113/609/1305 1346/831/1316
f 1346/831/1316 1113/609/1305 1398/705/1361
f 1462/832/1479 1184/790/1390 1123/559/1260
f 1462/833/1479 1097/700/1388 1184/702/1390
f 1100/398/1106 1348/406/1114 1338/779/1451
f 1348/406/1114 1192/667/1358 1338/779/1451
f 1349/834/1378 1196/726/1409 1180/689/1309
f 1436/656/1347 1450/835/1307 1378/657/1348
f 1136/807/1256 1218/756/1269 1350/462/1170
f 1350/462/1170 1118/605/1302 1136/807/1256
f 1351/633/1326 1459/836/1217 1369/837/1215
f 1407/792/1458 1459/836/1217 1351/633/1326
f 1240/574/1272 1374/402/1110 1265/575/1273
f 1265/575/1273 1374/402/1110 1313/753/1432
f 1097/700/1388 1462/833/1479 1353/446/1154
f 1110/447/1155 1353/446/1154 1462/833/1479
f 1193/721/1404 1120/630/1323 1354/431/1139
f 1354/431/1139 1321/610/1306 1193/721/1404
f 1380/745/1424 1210/479/1186 1355/394/1102
f 1355/394/1102 1210/479/1186 1298/768/1443
f 1293/664/1355 1250/787/1456 1356/607/1248
f 1437/799/1464 1356/545/1248 1250/788/1456
f 1210/479/1186 1256/671/1362 1357/480/1187
f 1357/480/1187 1256/671/1362 1346/620/1316
f 1140/838/1480 1325/416/1124 1260/680/1370
f 1260/680/1370 1160/539/1242 1434/651/1342
f 1212/471/1179 1358/558/1259 1203/737/1418
f 1203/737/1418 1454/738/1419 1219/739/1420
f 1304/521/1224 1341/774/1447 1359/828/1477
f 1396/522/1225 1304/521/1224 1359/828/1477
f 1343/829/1205 1423/642/1333 1360/437/1145
f 1249/436/1144 1343/829/1205 1360/437/1145
f 1361/783/1454 1467/749/1428 1352/797/1462
f 1374/402/1110 1352/797/1462 1257/793/1459
f 1197/492/1199 1280/535/1238 1362/493/1200
f 1280/535/1238 1273/524/1227 1362/493/1200
f 1325/416/1124 1140/838/1480 1367/454/1162
f 1400/824/1476 1375/810/1470 1286/758/1436
f 1236/759/1437 1364/540/1243 1286/758/1436
f 1176/631/1324 1372/629/1322 1274/632/1325
f 1151/623/1189 1365/567/1267 1296/624/1319
f 1376/812/1471 1109/451/1159 1296/624/1319
f 1396/522/1225 1359/828/1477 1190/586/1284
f 1190/586/1284 1159/585/1283 1385/712/1397
f 1367/454/1162 1140/838/1480 1363/650/1341
f 1367/454/1162 1363/650/1341 1291/550/1253
f 1170/444/1152 1368/401/1109 1235/672/1363
f 1267/400/1108 1235/672/1363 1368/401/1109
f 1369/510/1215 1261/448/1156 1165/794/1327
f 1351/633/1326 1369/837/1215 1165/634/1327
f 1364/540/1243 1236/759/1437 1370/541/1244
f 1440/718/1401 1137/720/1403 1370/541/1244
f 1268/432/1140 1371/582/1280 1211/387/1095
f 1211/387/1095 1371/582/1280 1103/584/1282
f 1372/629/1322 1465/731/1412 1120/630/1323
f 1373/778/1450 1368/401/1109 1170/444/1152
f 1373/778/1450 1170/444/1152 1420/803/1467
f 1313/753/1432 1374/402/1110 1281/404/1112
f 1277/699/1387 1375/810/1470 1172/418/1126
f 1172/418/1126 1375/810/1470 1325/416/1124
f 1365/567/1267 1376/812/1471 1296/624/1319
f 1376/812/1471 1365/567/1267 1255/452/1160
f 1287/703/1391 1105/491/1198 1377/512/1216
f 1287/703/1391 1377/512/1216 1129/511/1207
f 1220/771/1438 1378/657/1348 1162/839/1220
f 1162/839/1220 1378/657/1348 1450/835/1307
f 1109/451/1159 1207/603/1301 1379/625/1320
f 1392/647/1338 1379/625/1320 1207/603/1301
f 1380/745/1424 1245/696/1384 1279/542/1245
f 1380/745/1424 1279/542/1245 1150/619/1315
f 1290/761/1439 1381/518/1221 1148/641/1332
f 1133/572/1270 1308/817/1472 1382/816/1181
f 1382/816/1181 1283/806/1435 1133/572/1270
f 1101/412/1120 1383/763/1440 1289/815/1294
f 1289/815/1294 1383/763/1440 1480/840/1292
f 1384/662/1353 1457/735/1416 1435/736/1417
f 1366/841/1429 1190/586/1284 1385/712/1397
f 1385/713/1397 1181/691/1379 1366/750/1429
f 1199/501/1206 1384/662/1353 1435/736/1417
f 1386/576/1274 1100/398/1106 1338/779/1451
f 1332/396/1104 1100/398/1106 1386/576/1274
f 1387/459/1167 1383/763/1440 1101/412/1120
f 1115/457/1165 1387/459/1167 1101/412/1120
f 1173/637/1330 1388/636/1329 1143/615/1311
f 1143/615/1311 1388/636/1329 1258/592/1290
f 1116/433/1141 1389/842/1196 1297/814/1288
f 1389/842/1196 1116/433/1141 1271/608/1304
f 1144/714/1396 1390/597/1295 1181/691/1379
f 1144/711/1396 1159/585/1283 1481/600/1298
f 1391/481/1188 1416/764/1441 1230/766/1442
f 1408/413/1121 1230/766/1442 1221/772/1166
f 1207/603/1301 1225/769/1444 1392/647/1338
f 1225/769/1444 1479/617/1313 1392/647/1338
f 1393/710/1204 1098/460/1168 1138/570/1268
f 1283/805/1435 1393/710/1204 1138/570/1268
f 1113/609/1305 1233/389/1097 1394/706/1393
f 1113/609/1305 1394/706/1393 1398/705/1361
f 1248/717/1400 1167/665/1356 1455/748/1427
f 1248/717/1400 1455/748/1427 1440/718/1401
f 1396/522/1225 1190/586/1284 1366/841/1429
f 1476/843/1264 1154/520/1223 1396/522/1225
f 1147/544/1247 1250/788/1456 1397/770/1445
f 1150/619/1315 1147/544/1247 1397/770/1445
f 1398/670/1361 1169/486/1193 1357/480/1187
f 1237/528/1231 1169/486/1193 1398/670/1361
f 1407/792/1458 1121/635/1328 1399/507/1212
f 1399/507/1212 1121/635/1328 1174/681/1371
f 1364/540/1243 1260/680/1370 1286/758/1436
f 1375/810/1470 1400/824/1476 1325/416/1124
f 1330/722/1405 1194/428/1136 1401/716/1399
f 1401/716/1399 1194/428/1136 1470/430/1138
f 1233/389/1097 1231/388/1096 1402/775/1448
f 1394/706/1393 1233/389/1097 1402/775/1448
f 1403/497/1203 1362/493/1200 1205/741/1422
f 1403/497/1203 1205/741/1422 1175/461/1169
f 1126/801/1233 1404/844/1232 1187/704/1392
f 1404/844/1232 1398/705/1361 1187/704/1392
f 1197/492/1199 1405/588/1286 1280/535/1238
f 1197/492/1199 1105/491/1198 1405/588/1286
f 1406/455/1163 1208/777/1449 1102/707/1394
f 1130/453/1161 1406/455/1163 1102/707/1394
f 1123/559/1260 1407/792/1458 1399/507/1212
f 1123/559/1260 1184/790/1390 1407/792/1458
f 1391/481/1188 1408/413/1121 1288/484/1191
f 1408/413/1121 1391/481/1188 1230/766/1442
f 1281/404/1112 1318/821/1473 1409/626/1266
f 1409/566/1266 1318/818/1473 1253/581/1279
f 1272/390/1098 1410/392/1100 1149/666/1357
f 1225/769/1444 1149/666/1357 1479/617/1313
f 1411/725/1408 1427/845/1150 1305/469/1177
f 1411/725/1408 1128/407/1115 1195/409/1117
f 1384/662/1353 1164/655/1346 1412/658/1349
f 1412/658/1349 1164/655/1346 1262/601/1299
f 1413/557/1258 1285/556/1257 1241/579/1277
f 1386/576/1274 1413/557/1258 1241/579/1277
f 1238/554/1218 1201/822/1474 1414/537/1240
f 1414/537/1240 1201/822/1474 1319/538/1241
f 1415/580/1278 1137/720/1403 1419/450/1158
f 1370/541/1244 1137/720/1403 1415/580/1278
f 1391/481/1188 1336/483/1190 1416/764/1441
f 1416/827/1441 1336/742/1190 1157/645/1336
f 1127/523/1226 1449/526/1229 1243/525/1228
f 1126/801/1233 1275/475/1182 1418/639/1234
f 1441/533/1236 1428/782/1453 1418/531/1234
f 1215/719/1402 1213/456/1164 1419/450/1158
f 1215/719/1402 1419/450/1158 1137/720/1403
f 1223/443/1151 1420/803/1467 1170/444/1152
f 1420/803/1467 1223/443/1151 1278/549/1252
f 1205/741/1422 1421/800/1465 1429/683/1373
f 1421/800/1465 1273/524/1227 1146/809/1469
f 1097/700/1388 1422/509/1214 1459/514/1217
f 1299/695/1383 1422/509/1214 1097/700/1388
f 1423/642/1333 1119/440/1148 1156/439/1147
f 1423/642/1333 1156/439/1147 1456/675/1366
f 1156/439/1147 1424/472/1180 1178/673/1364
f 1178/673/1364 1424/472/1180 1112/674/1365
f 1437/799/1464 1340/802/1466 1425/830/1478
f 1425/830/1478 1344/429/1137 1266/798/1463
f 1454/738/1419 1358/558/1259 1426/578/1276
f 1358/558/1259 1413/557/1258 1426/578/1276
f 1427/845/1150 1411/725/1408 1195/409/1117
f 1195/409/1117 1163/659/1350 1427/845/1150
f 1418/531/1234 1428/782/1453 1126/846/1233
f 1428/825/1453 1237/528/1231 1126/530/1233
f 1227/747/1426 1334/746/1425 1202/733/1414
f 1412/658/1349 1185/583/1281 1227/747/1426
f 1429/683/1373 1146/809/1469 1118/605/1302
f 1421/800/1465 1146/809/1469 1429/683/1373
f 1430/708/1395 1458/847/1481 1130/453/1161
f 1430/708/1395 1163/659/1350 1188/408/1116
f 1290/761/1439 1317/427/1135 1431/426/1134
f 1290/761/1439 1431/426/1134 1446/677/1368
f 1127/523/1226 1243/525/1228 1432/494/1201
f 1432/494/1201 1243/525/1228 1132/495/1105
f 1433/754/1433 1174/681/1371 1272/390/1098
f 1174/681/1371 1433/754/1433 1096/508/1213
f 1140/838/1480 1260/680/1370 1434/651/1342
f 1434/651/1342 1363/650/1341 1140/838/1480
f 1310/732/1413 1294/685/1375 1435/736/1417
f 1199/501/1206 1435/736/1417 1294/685/1375
f 1436/656/1347 1196/726/1409 1349/834/1378
f 1252/505/1210 1196/726/1409 1436/656/1347
f 1266/798/1463 1104/546/1249 1437/799/1464
f 1266/798/1463 1437/799/1464 1425/830/1478
f 1308/817/1472 1136/555/1256 1438/470/1178
f 1308/817/1472 1438/470/1178 1305/469/1177
f 1331/796/1461 1443/424/1132 1439/467/1175
f 1331/796/1461 1439/467/1175 1264/468/1176
f 1440/718/1401 1236/759/1437 1192/667/1358
f 1236/759/1437 1440/718/1401 1370/541/1244
f 1428/782/1453 1441/533/1236 1239/414/1122
f 1239/414/1122 1441/533/1236 1161/415/1123
f 1442/755/1434 1335/506/1211 1096/508/1213
f 1096/508/1213 1433/754/1433 1442/755/1434
f 1443/424/1132 1331/796/1461 1206/688/1339
f 1443/424/1132 1206/688/1339 1099/422/1130
f 1323/781/1446 1444/780/1452 1237/528/1231
f 1199/501/1206 1122/503/1208 1445/504/1209
f 1199/501/1206 1445/504/1209 1384/662/1353
f 1302/560/1261 1124/679/1369 1446/677/1368
f 1124/679/1369 1290/761/1439 1446/677/1368
f 1110/447/1155 1107/804/1468 1447/445/1153
f 1299/695/1383 1447/445/1153 1107/804/1468
f 1322/434/1142 1448/823/1475 1176/631/1324
f 1322/434/1142 1186/813/1287 1448/823/1475
f 1401/716/1399 1449/526/1229 1417/715/1398
f 1449/526/1229 1127/523/1226 1417/715/1398
f 1349/834/1378 1450/835/1307 1436/656/1347
f 1381/518/1221 1450/611/1307 1349/690/1378
f 1188/408/1116 1172/418/1126 1451/417/1125
f 1451/417/1125 1130/453/1161 1458/847/1481
f 1276/698/1386 1340/802/1466 1452/543/1246
f 1452/543/1246 1340/802/1466 1250/788/1456
f 1392/647/1338 1453/646/1337 1379/625/1320
f 1453/646/1337 1151/623/1189 1379/625/1320
f 1358/558/1259 1454/738/1419 1203/737/1418
f 1413/557/1258 1386/576/1274 1426/578/1276
f 1440/718/1401 1455/748/1427 1395/751/1430
f 1213/456/1164 1395/751/1430 1455/748/1427
f 1158/643/1334 1423/642/1333 1456/675/1366
f 1456/675/1366 1306/649/1340 1158/643/1334
f 1354/431/1139 1457/735/1416 1334/746/1425
f 1334/746/1425 1457/735/1416 1202/733/1414
f 1240/574/1272 1361/783/1454 1374/402/1110
f 1361/783/1454 1352/797/1462 1374/402/1110
f 1188/408/1116 1451/417/1125 1458/847/1481
f 1458/847/1481 1430/708/1395 1188/408/1116
f 1407/792/1458 1254/791/1389 1459/836/1217
f 1254/701/1389 1097/700/1388 1459/514/1217
f 1460/551/1254 1291/550/1253 1234/569/1128
f 1270/693/1381 1460/743/1254 1234/420/1128
f 1343/500/1205 1249/784/1144 1461/464/1172
f 1122/513/1208 1461/464/1172 1249/784/1144
f 1347/552/1219 1462/832/1479 1471/553/1255
f 1110/447/1155 1462/833/1479 1347/516/1219
f 1251/652/1343 1160/539/1242 1463/789/1457
f 1291/550/1253 1251/652/1343 1463/789/1457
f 1191/724/1407 1330/722/1405 1464/723/1406
f 1330/722/1405 1401/716/1399 1464/723/1406
f 1176/631/1324 1465/731/1412 1372/629/1322
f 1176/631/1324 1294/685/1375 1465/731/1412
f 1198/727/1410 1466/728/1411 1468/795/1460
f 1198/727/1410 1324/686/1376 1466/728/1411
f 1467/749/1428 1216/564/1265 1366/750/1429
f 1216/564/1265 1467/749/1428 1342/573/1271
f 1165/794/1327 1261/448/1156 1468/795/1460
f 1261/448/1156 1198/727/1410 1468/795/1460
f 1155/669/1360 1469/612/1308 1292/614/1310
f 1148/641/1332 1469/612/1308 1155/669/1360
f 1337/697/1385 1299/695/1383 1470/430/1138
f 1337/697/1385 1470/430/1138 1344/429/1137
f 1471/553/1255 1462/832/1479 1123/559/1260
f 1471/553/1255 1123/559/1260 1335/506/1211
f 1297/590/1288 1142/587/1285 1472/536/1239
f 1472/536/1239 1142/587/1285 1269/488/1195
f 1473/621/1317 1210/479/1186 1150/619/1315
f 1473/621/1317 1150/619/1315 1397/770/1445
f 1330/722/1405 1474/487/1194 1104/546/1249
f 1389/489/1196 1104/546/1249 1474/487/1194
f 1146/809/1469 1475/496/1202 1332/604/1104
f 1273/524/1227 1475/496/1202 1146/809/1469
f 1396/522/1225 1366/841/1429 1476/843/1264
f 1476/563/1264 1366/750/1429 1216/564/1265
f 1315/661/1352 1477/547/1250 1278/549/1252
f 1131/425/1133 1477/547/1250 1315/661/1352
f 1444/780/1452 1169/486/1193 1237/528/1231
f 1431/426/1134 1328/561/1262 1478/676/1367
f 1431/426/1134 1478/676/1367 1446/677/1368
f 1431/426/1134 1131/425/1133 1328/561/1262
f 1204/399/1107 1373/778/1450 1420/803/1467
f 1204/399/1107 1420/803/1467 1168/548/1251
f 1410/392/1100 1333/618/1314 1479/617/1313
f 1149/666/1357 1410/392/1100 1479/617/1313
f 1383/763/1440 1114/762/1335 1480/840/1292
f 1480/594/1292 1114/644/1335 1145/602/1300
f 1481/600/1298 1229/599/1297 1390/848/1295
f 1144/711/1396 1481/600/1298 1390/848/1295
f 1242/532/1235 1342/573/1271 1135/654/1345
f 1417/715/1398 1125/534/1237 1191/724/1407
f 1103/584/1282 1190/586/1284 1359/828/1477
f 1389/842/1196 1271/608/1304 1356/607/1248
f 1381/518/1221 1180/613/1309 1469/612/1308
f 1598/387/1482 1618/388/1483 1620/389/1484
f 1659/390/1485 1687/391/1486 1797/392/1487
f 1619/393/1488 1742/394/1489 1611/395/1490
f 1719/396/1491 1519/397/1492 1487/398/1493
f 1591/399/1494 1654/400/1495 1755/401/1496
f 1761/402/1497 1698/403/1498 1668/404/1499
f 1487/398/1493 1521/405/1500 1735/406/1501
f 1515/407/1502 1575/408/1503 1582/409/1504
f 1703/410/1505 1564/411/1506 1488/412/1507
f 1795/413/1508 1626/414/1509 1548/415/1510
f 1712/416/1511 1838/417/1512 1559/418/1513
f 1631/419/1514 1621/420/1515 1495/421/1516
f 1486/422/1517 1528/423/1518 1830/424/1519
f 1518/425/1520 1818/426/1521 1704/427/1522
f 1581/428/1523 1731/429/1524 1857/430/1525
f 1741/431/1526 1655/432/1527 1620/389/1484
f 1503/433/1528 1709/434/1529 1553/435/1530
f 1636/436/1531 1747/437/1532 1493/438/1533
f 1543/439/1534 1506/440/1535 1609/441/1536
f 1814/442/1537 1610/443/1538 1557/444/1539
f 1834/445/1540 1740/446/1541 1497/447/1542
f 1611/395/1490 1648/448/1543 1596/449/1544
f 1806/450/1545 1496/451/1546 1642/452/1547
f 1517/453/1548 1754/454/1549 1793/455/1550
f 1806/450/1545 1600/456/1551 1496/451/1546
f 1502/457/1552 1608/458/1553 1774/459/1554
f 1485/460/1555 1562/461/1556 1737/462/1557
f 1576/463/1558 1848/464/1559 1504/465/1560
f 1701/466/1561 1636/436/1531 1493/438/1533
f 1826/467/1562 1528/423/1518 1651/468/1563
f 1692/469/1564 1825/470/1565 1599/471/1566
f 1811/472/1567 1769/473/1568 1692/474/1564
f 1662/475/1569 1671/476/1570 1633/477/1571
f 1482/478/1572 1597/479/1573 1744/480/1574
f 1778/481/1575 1538/482/1576 1723/483/1577
f 1675/484/1578 1795/413/1508 1548/415/1510
f 1714/485/1579 1502/457/1552 1488/412/1507
f 1502/457/1552 1714/485/1579 1556/486/1580
f 1861/487/1581 1656/488/1582 1776/489/1583
f 1566/490/1584 1492/491/1585 1584/492/1586
f 1576/463/1558 1504/465/1560 1562/461/1556
f 1566/490/1584 1584/492/1586 1749/493/1587
f 1819/494/1588 1519/495/1492 1862/496/1589
f 1790/497/1590 1566/490/1584 1749/493/1587
f 1506/440/1535 1576/498/1558 1780/499/1591
f 1848/464/1559 1576/463/1558 1730/500/1592
f 1586/501/1593 1516/502/1594 1509/503/1595
f 1832/504/1596 1651/468/1563 1639/505/1597
f 1722/506/1598 1786/507/1599 1483/508/1600
f 1809/509/1601 1596/449/1544 1756/510/1602
f 1516/511/1594 1764/512/1603 1509/513/1595
f 1566/490/1584 1848/464/1559 1492/491/1585
f 1846/514/1604 1809/509/1601 1756/510/1602
f 1625/515/1605 1497/447/1542 1734/516/1606
f 1549/517/1607 1768/518/1608 1558/519/1609
f 1541/520/1610 1691/521/1611 1783/522/1612
f 1514/523/1613 1819/494/1588 1660/524/1614
f 1630/525/1615 1836/526/1616 1669/527/1617
f 1624/528/1618 1791/529/1619 1513/530/1620
f 1805/531/1621 1629/532/1622 1828/533/1623
f 1512/534/1624 1514/523/1613 1660/524/1614
f 1656/488/1582 1667/535/1625 1859/536/1626
f 1735/406/1501 1801/537/1627 1706/538/1628
f 1547/539/1629 1751/540/1630 1757/541/1631
f 1666/542/1632 1839/543/1633 1534/544/1634
f 1776/489/1583 1743/545/1635 1491/546/1636
f 1575/408/1503 1515/407/1502 1559/418/1513
f 1864/547/1637 1555/548/1638 1665/549/1639
f 1793/455/1550 1678/550/1640 1847/551/1641
f 1487/398/1493 1519/397/1492 1521/405/1500
f 1734/552/1606 1858/553/1642 1625/554/1605
f 1523/555/1643 1672/556/1644 1800/557/1645
f 1523/555/1643 1800/557/1645 1745/558/1646
f 1722/506/1598 1625/554/1605 1858/553/1642
f 1722/506/1598 1510/559/1647 1786/507/1599
f 1689/560/1648 1715/561/1649 1587/562/1650
f 1863/563/1651 1603/564/1652 1541/565/1610
f 1523/555/1643 1599/471/1566 1825/470/1565
f 1811/472/1567 1609/441/1536 1769/473/1568
f 1796/566/1653 1642/452/1547 1752/567/1654
f 1678/550/1640 1495/568/1516 1621/569/1515
f 1525/570/1655 1485/460/1555 1737/462/1557
f 1605/571/1656 1523/555/1643 1520/572/1657
f 1541/565/1610 1603/564/1652 1729/573/1658
f 1627/574/1659 1652/575/1660 1675/484/1578
f 1773/576/1661 1570/577/1662 1813/578/1663
f 1628/579/1664 1719/396/1491 1773/576/1661
f 1547/539/1629 1757/541/1631 1802/580/1665
f 1796/566/1653 1640/581/1666 1642/452/1547
f 1758/582/1667 1572/583/1668 1490/584/1669
f 1490/584/1669 1546/585/1670 1577/586/1671
f 1529/587/1672 1776/489/1583 1656/488/1582
f 1792/588/1673 1573/589/1674 1684/590/1675
f 1688/591/1676 1645/592/1677 1540/593/1678
f 1867/594/1679 1726/595/1680 1676/596/1681
f 1777/597/1682 1689/560/1648 1713/598/1683
f 1616/599/1684 1868/600/1685 1649/601/1686
f 1726/595/1680 1867/594/1679 1532/602/1687
f 1600/456/1551 1594/603/1688 1496/451/1546
f 1862/496/1589 1519/495/1492 1719/604/1491
f 1562/461/1556 1505/605/1689 1737/462/1557
f 1650/606/1690 1743/607/1635 1658/608/1691
f 1741/431/1526 1500/609/1692 1708/610/1693
f 1768/518/1608 1549/517/1607 1837/611/1694
f 1856/612/1695 1567/613/1696 1679/614/1697
f 1687/391/1486 1530/615/1698 1797/392/1487
f 1696/616/1699 1866/617/1700 1720/618/1701
f 1537/619/1702 1666/542/1632 1534/544/1634
f 1733/620/1703 1860/621/1704 1615/622/1705
f 1538/623/1576 1683/624/1706 1766/625/1707
f 1668/404/1499 1796/626/1653 1752/627/1654
f 1539/628/1708 1759/629/1709 1507/630/1710
f 1709/434/1529 1563/631/1711 1661/632/1712
f 1738/633/1713 1552/634/1714 1508/635/1715
f 1775/636/1716 1560/637/1717 1613/638/1718
f 1805/639/1621 1662/475/1569 1633/477/1571
f 1633/640/1571 1629/532/1622 1805/531/1621
f 1535/641/1719 1768/518/1608 1856/612/1695
f 1704/427/1522 1555/548/1638 1864/547/1637
f 1493/438/1533 1810/642/1720 1545/643/1721
f 1747/437/1532 1810/642/1720 1493/438/1533
f 1501/644/1722 1544/645/1723 1532/602/1687
f 1696/616/1699 1840/646/1724 1779/647/1725
f 1593/648/1726 1679/614/1697 1567/613/1696
f 1693/649/1727 1701/466/1561 1493/438/1533
f 1490/584/1669 1572/583/1668 1546/585/1670
f 1649/601/1686 1868/600/1685 1546/585/1670
f 1495/568/1516 1678/550/1640 1640/581/1666
f 1750/650/1728 1821/651/1729 1638/652/1730
f 1732/653/1731 1828/533/1623 1522/654/1732
f 1732/653/1731 1627/574/1659 1675/484/1578
f 1551/655/1733 1823/656/1734 1765/657/1735
f 1799/658/1736 1649/601/1686 1546/585/1670
f 1550/659/1737 1582/409/1504 1575/408/1503
f 1682/660/1738 1702/661/1739 1665/549/1639
f 1551/655/1733 1771/662/1740 1639/505/1597
f 1639/505/1597 1823/656/1734 1551/655/1733
f 1552/634/1714 1540/593/1678 1775/636/1716
f 1596/449/1544 1648/448/1543 1756/510/1602
f 1539/628/1708 1699/663/1741 1759/629/1709
f 1650/606/1690 1539/628/1708 1680/664/1742
f 1554/665/1743 1659/390/1485 1536/666/1744
f 1735/406/1501 1706/538/1628 1579/667/1745
f 1646/668/1746 1542/669/1747 1555/548/1638
f 1785/670/1748 1791/529/1619 1624/528/1618
f 1643/671/1749 1860/621/1704 1733/620/1703
f 1622/672/1750 1565/673/1751 1499/674/1752
f 1843/675/1753 1565/673/1751 1622/672/1750
f 1865/676/1754 1715/561/1649 1833/677/1755
f 1777/597/1682 1616/678/1684 1511/679/1756
f 1712/416/1511 1517/453/1548 1838/417/1512
f 1547/539/1629 1647/680/1757 1751/540/1630
f 1560/637/1717 1508/635/1715 1613/638/1718
f 1561/681/1758 1508/635/1715 1560/637/1717
f 1561/681/1758 1483/508/1600 1786/507/1599
f 1579/667/1745 1706/538/1628 1604/682/1759
f 1562/461/1556 1816/683/1760 1505/605/1689
f 1504/465/1560 1790/497/1590 1562/461/1556
f 1707/684/1761 1516/502/1594 1563/631/1711
f 1563/631/1711 1516/502/1594 1681/685/1762
f 1482/478/1572 1564/411/1506 1711/686/1763
f 1744/480/1574 1714/485/1579 1482/478/1572
f 1543/439/1534 1565/673/1751 1843/675/1753
f 1543/439/1534 1609/441/1536 1811/472/1567
f 1690/687/1764 1566/490/1584 1790/497/1590
f 1848/464/1559 1566/490/1584 1690/687/1764
f 1593/688/1726 1567/689/1696 1486/422/1517
f 1567/613/1696 1768/518/1608 1736/690/1765
f 1777/597/1682 1713/598/1683 1568/691/1766
f 1601/692/1767 1657/693/1768 1621/420/1515
f 1569/694/1769 1809/509/1601 1686/695/1770
f 1632/696/1771 1724/697/1772 1663/698/1773
f 1515/407/1502 1664/699/1774 1559/418/1513
f 1523/555/1643 1745/558/1646 1599/471/1566
f 1484/700/1775 1641/701/1776 1571/702/1777
f 1740/446/1541 1686/695/1770 1484/700/1775
f 1546/585/1670 1572/583/1668 1799/658/1736
f 1674/703/1778 1516/511/1594 1573/589/1674
f 1573/589/1674 1792/588/1673 1674/703/1778
f 1574/704/1779 1785/705/1748 1781/706/1780
f 1500/609/1692 1741/431/1526 1620/389/1484
f 1517/453/1548 1489/707/1781 1817/708/1782
f 1550/659/1737 1817/708/1782 1682/709/1738
f 1576/463/1558 1485/460/1555 1780/710/1591
f 1562/461/1556 1485/460/1555 1576/463/1558
f 1531/711/1783 1772/712/1784 1546/585/1670
f 1772/713/1784 1531/714/1783 1568/691/1766
f 1804/715/1785 1514/523/1613 1512/534/1624
f 1788/716/1786 1669/527/1617 1836/526/1616
f 1579/667/1745 1604/682/1759 1635/717/1787
f 1827/718/1788 1602/719/1789 1524/720/1790
f 1708/610/1693 1539/628/1708 1580/721/1791
f 1539/628/1708 1507/630/1710 1580/721/1791
f 1861/487/1581 1717/722/1792 1656/488/1582
f 1851/723/1793 1804/715/1785 1578/724/1794
f 1814/442/1537 1622/672/1750 1499/674/1752
f 1798/725/1795 1692/469/1564 1599/471/1566
f 1528/423/1518 1486/422/1517 1583/726/1796
f 1486/422/1517 1567/689/1696 1583/726/1796
f 1859/536/1626 1667/535/1625 1792/588/1673
f 1792/588/1673 1684/590/1675 1859/536/1626
f 1611/395/1490 1585/727/1797 1648/448/1543
f 1853/728/1798 1688/729/1676 1540/730/1678
f 1852/731/1799 1681/685/1762 1697/732/1800
f 1589/733/1801 1771/662/1740 1799/658/1736
f 1689/560/1648 1587/562/1650 1526/734/1802
f 1601/692/1767 1526/734/1802 1657/693/1768
f 1521/405/1500 1801/537/1627 1735/406/1501
f 1521/405/1500 1625/554/1605 1801/537/1627
f 1507/630/1710 1844/735/1803 1741/431/1526
f 1822/736/1804 1844/735/1803 1697/732/1800
f 1515/407/1502 1590/737/1805 1664/699/1774
f 1841/738/1806 1813/578/1663 1606/739/1807
f 1555/548/1638 1542/669/1747 1591/399/1494
f 1716/740/1808 1542/669/1747 1679/614/1697
f 1562/461/1556 1592/741/1809 1816/683/1760
f 1592/741/1809 1749/493/1587 1660/524/1614
f 1701/466/1561 1693/649/1727 1593/648/1726
f 1826/467/1562 1830/424/1519 1528/423/1518
f 1723/742/1577 1538/623/1576 1840/646/1724
f 1840/646/1724 1532/602/1687 1544/645/1723
f 1518/425/1520 1704/427/1522 1864/547/1637
f 1657/693/1768 1518/425/1520 1847/743/1641
f 1569/694/1769 1596/449/1544 1809/509/1601
f 1634/744/1810 1742/394/1489 1619/393/1488
f 1597/479/1573 1767/745/1811 1537/619/1702
f 1860/621/1704 1643/671/1749 1597/479/1573
f 1758/582/1667 1721/746/1812 1614/747/1813
f 1655/432/1527 1741/431/1526 1721/746/1812
f 1599/471/1566 1590/737/1805 1515/407/1502
f 1798/725/1795 1599/471/1566 1515/407/1502
f 1536/666/1744 1600/456/1551 1842/748/1814
f 1696/616/1699 1779/647/1725 1866/617/1700
f 1568/691/1766 1713/598/1683 1601/692/1767
f 1568/691/1766 1854/749/1815 1753/750/1816
f 1827/718/1788 1782/751/1817 1602/719/1789
f 1602/719/1789 1782/751/1817 1600/456/1551
f 1694/752/1818 1854/749/1815 1568/691/1766
f 1652/575/1660 1700/753/1819 1675/484/1578
f 1820/754/1820 1554/665/1743 1604/682/1759
f 1829/755/1821 1820/754/1820 1604/682/1759
f 1525/570/1655 1737/462/1557 1605/756/1656
f 1769/473/1568 1609/441/1536 1670/757/1822
f 1606/739/1807 1813/578/1663 1570/577/1662
f 1673/758/1823 1570/577/1662 1623/759/1824
f 1607/760/1825 1549/517/1607 1558/519/1609
f 1607/760/1825 1677/761/1826 1511/679/1756
f 1608/458/1553 1501/762/1722 1770/763/1827
f 1803/764/1828 1501/765/1722 1617/766/1829
f 1609/441/1536 1780/499/1591 1670/757/1822
f 1506/440/1535 1780/499/1591 1609/441/1536
f 1550/767/1737 1682/660/1738 1610/443/1538
f 1610/443/1538 1814/442/1537 1550/767/1737
f 1685/768/1830 1585/727/1797 1611/395/1490
f 1742/394/1489 1685/768/1830 1611/395/1490
f 1612/769/1831 1600/456/1551 1536/666/1744
f 1612/769/1831 1594/603/1688 1600/456/1551
f 1552/634/1714 1613/638/1718 1508/635/1715
f 1775/636/1716 1613/638/1718 1552/634/1714
f 1758/582/1667 1614/747/1813 1572/583/1668
f 1860/621/1704 1784/770/1832 1615/622/1705
f 1743/607/1635 1650/606/1690 1680/664/1742
f 1607/771/1825 1616/599/1684 1649/601/1686
f 1616/678/1684 1607/760/1825 1511/679/1756
f 1608/772/1553 1617/766/1829 1501/765/1722
f 1795/413/1508 1608/772/1553 1710/773/1833
f 1728/774/1834 1618/388/1483 1598/387/1482
f 1596/449/1544 1619/393/1488 1611/395/1490
f 1596/449/1544 1634/744/1810 1619/393/1488
f 1618/388/1483 1662/475/1569 1789/775/1835
f 1789/775/1835 1574/704/1779 1781/706/1780
f 1847/743/1641 1518/425/1520 1595/776/1836
f 1847/551/1641 1595/777/1836 1793/455/1550
f 1557/444/1539 1622/672/1750 1814/442/1537
f 1591/399/1494 1755/401/1496 1760/778/1837
f 1623/759/1824 1725/779/1838 1579/667/1745
f 1579/667/1745 1635/717/1787 1827/718/1788
f 1831/780/1839 1502/457/1552 1556/486/1580
f 1710/781/1833 1608/458/1553 1502/457/1552
f 1521/405/1500 1519/397/1492 1625/554/1605
f 1519/495/1492 1630/525/1615 1625/515/1605
f 1815/782/1840 1626/414/1509 1710/773/1833
f 1710/773/1833 1626/414/1509 1795/413/1508
f 1522/654/1732 1627/574/1659 1732/653/1731
f 1828/533/1623 1629/532/1622 1522/654/1732
f 1522/654/1732 1729/573/1658 1627/574/1659
f 1729/573/1658 1748/783/1841 1627/574/1659
f 1630/525/1615 1497/447/1542 1625/515/1605
f 1630/525/1615 1669/527/1617 1497/447/1542
f 1631/419/1514 1601/692/1767 1621/420/1515
f 1694/752/1818 1568/691/1766 1601/692/1767
f 1569/694/1769 1724/697/1772 1632/696/1771
f 1742/394/1489 1634/744/1810 1767/745/1811
f 1541/565/1610 1629/532/1622 1633/640/1571
f 1671/476/1570 1541/520/1610 1633/477/1571
f 1767/745/1811 1634/744/1810 1569/694/1769
f 1634/744/1810 1596/449/1544 1569/694/1769
f 1635/717/1787 1604/682/1759 1554/665/1743
f 1842/748/1814 1554/665/1743 1536/666/1744
f 1636/784/1531 1498/785/1842 1509/513/1595
f 1509/513/1595 1764/512/1603 1848/464/1559
f 1784/786/1832 1637/787/1843 1708/610/1693
f 1534/544/1634 1839/543/1633 1637/788/1843
f 1638/652/1730 1821/651/1729 1547/539/1629
f 1640/581/1666 1678/550/1640 1850/789/1844
f 1639/505/1597 1528/423/1518 1583/726/1796
f 1651/468/1563 1528/423/1518 1639/505/1597
f 1547/539/1629 1802/580/1665 1640/581/1666
f 1547/539/1629 1640/581/1666 1850/789/1844
f 1571/790/1777 1641/791/1776 1794/792/1845
f 1738/633/1713 1508/635/1715 1794/792/1845
f 1802/580/1665 1642/452/1547 1640/581/1666
f 1802/580/1665 1806/450/1545 1642/452/1547
f 1714/485/1579 1744/480/1574 1556/486/1580
f 1744/480/1574 1733/620/1703 1785/670/1748
f 1644/793/1846 1631/419/1514 1698/403/1498
f 1694/752/1818 1601/692/1767 1631/419/1514
f 1645/592/1677 1775/636/1716 1540/593/1678
f 1530/615/1698 1720/618/1701 1797/392/1487
f 1535/641/1719 1542/669/1747 1646/668/1746
f 1677/761/1826 1535/641/1719 1646/668/1746
f 1754/454/1549 1517/453/1548 1712/416/1511
f 1540/730/1678 1552/794/1714 1855/795/1847
f 1855/795/1847 1853/728/1798 1540/730/1678
f 1551/655/1733 1765/657/1735 1649/601/1686
f 1607/771/1825 1649/601/1686 1765/657/1735
f 1650/606/1690 1658/608/1691 1661/632/1712
f 1539/628/1708 1650/606/1690 1699/663/1741
f 1832/504/1596 1509/503/1595 1651/468/1563
f 1509/503/1595 1718/796/1848 1651/468/1563
f 1854/749/1815 1694/752/1818 1739/797/1849
f 1729/573/1658 1854/749/1815 1748/783/1841
f 1491/546/1636 1653/798/1850 1717/722/1792
f 1491/546/1636 1743/545/1635 1824/799/1851
f 1716/740/1808 1679/614/1697 1654/400/1495
f 1654/400/1495 1843/675/1753 1622/672/1750
f 1655/432/1527 1721/746/1812 1758/582/1667
f 1598/387/1482 1620/389/1484 1655/432/1527
f 1578/724/1794 1667/535/1625 1656/488/1582
f 1717/722/1792 1578/724/1794 1656/488/1582
f 1587/562/1650 1518/425/1520 1657/693/1768
f 1587/562/1650 1657/693/1768 1526/734/1802
f 1553/435/1530 1658/608/1691 1503/433/1528
f 1820/754/1820 1659/390/1485 1554/665/1743
f 1561/681/1758 1560/637/1717 1659/390/1485
f 1819/494/1588 1862/496/1589 1660/524/1614
f 1592/741/1809 1660/524/1614 1808/800/1852
f 1553/435/1530 1709/434/1529 1661/632/1712
f 1658/608/1691 1553/435/1530 1661/632/1712
f 1662/475/1569 1513/801/1620 1574/704/1779
f 1574/704/1779 1789/775/1835 1662/475/1569
f 1824/799/1851 1637/788/1843 1727/802/1853
f 1653/798/1850 1731/429/1524 1581/428/1523
f 1590/737/1805 1606/739/1807 1664/699/1774
f 1606/739/1807 1570/577/1662 1673/758/1823
f 1665/549/1639 1555/548/1638 1807/803/1854
f 1610/443/1538 1682/660/1738 1665/549/1639
f 1632/696/1771 1839/543/1633 1666/542/1632
f 1632/696/1771 1767/745/1811 1569/694/1769
f 1667/535/1625 1578/724/1794 1512/534/1624
f 1667/535/1625 1512/534/1624 1660/524/1614
f 1538/482/1576 1668/404/1499 1752/627/1654
f 1538/482/1576 1700/753/1819 1668/404/1499
f 1494/804/1855 1497/447/1542 1669/527/1617
f 1834/445/1540 1686/695/1770 1740/446/1541
f 1605/756/1656 1670/805/1822 1525/570/1655
f 1520/572/1657 1670/806/1822 1605/571/1656
f 1662/475/1569 1618/388/1483 1671/476/1570
f 1618/388/1483 1728/774/1834 1691/521/1611
f 1523/807/1643 1505/605/1689 1672/808/1644
f 1505/605/1689 1533/809/1856 1672/808/1644
f 1664/699/1774 1606/739/1807 1673/758/1823
f 1664/699/1774 1673/758/1823 1762/810/1857
f 1492/491/1585 1674/703/1778 1792/588/1673
f 1848/464/1559 1764/512/1603 1492/491/1585
f 1538/482/1576 1778/481/1575 1675/484/1578
f 1700/753/1819 1538/482/1576 1675/484/1578
f 1608/458/1553 1770/763/1827 1774/459/1554
f 1688/729/1676 1703/410/1505 1488/412/1507
f 1558/519/1609 1768/518/1608 1677/761/1826
f 1607/760/1825 1558/519/1609 1677/761/1826
f 1754/454/1549 1678/550/1640 1793/455/1550
f 1678/550/1640 1750/650/1728 1638/652/1730
f 1693/649/1727 1493/438/1533 1545/643/1721
f 1654/400/1495 1693/649/1727 1843/675/1753
f 1784/786/1832 1708/610/1693 1615/811/1705
f 1500/609/1692 1615/811/1705 1708/610/1693
f 1681/685/1762 1516/502/1594 1586/501/1593
f 1832/504/1596 1639/505/1597 1771/662/1740
f 1682/709/1738 1489/707/1781 1595/777/1836
f 1682/709/1738 1817/708/1782 1489/707/1781
f 1496/451/1546 1766/625/1707 1683/624/1706
f 1763/812/1858 1642/452/1547 1496/451/1546
f 1573/813/1674 1503/433/1528 1684/814/1675
f 1529/587/1672 1684/590/1675 1776/489/1583
f 1482/478/1572 1711/686/1763 1685/768/1830
f 1685/768/1830 1597/479/1573 1482/478/1572
f 1569/694/1769 1686/695/1770 1724/697/1772
f 1686/695/1770 1494/804/1855 1857/430/1525
f 1560/637/1717 1530/615/1698 1687/391/1486
f 1687/391/1486 1659/390/1485 1560/637/1717
f 1645/592/1677 1688/591/1676 1676/596/1681
f 1488/412/1507 1676/815/1681 1688/729/1676
f 1511/679/1756 1689/560/1648 1777/597/1682
f 1689/560/1648 1833/677/1755 1715/561/1649
f 1790/497/1590 1504/465/1560 1690/687/1764
f 1690/687/1764 1504/465/1560 1848/464/1559
f 1618/388/1483 1691/521/1611 1671/476/1570
f 1541/520/1610 1671/476/1570 1691/521/1611
f 1692/474/1564 1814/442/1537 1499/674/1752
f 1499/674/1752 1811/472/1567 1692/474/1564
f 1693/649/1727 1654/400/1495 1679/614/1697
f 1679/614/1697 1593/648/1726 1693/649/1727
f 1644/793/1846 1694/752/1818 1631/419/1514
f 1694/752/1818 1644/793/1846 1739/797/1849
f 1769/816/1568 1695/817/1859 1692/469/1564
f 1520/572/1657 1523/555/1643 1695/817/1859
f 1532/602/1687 1696/616/1699 1720/618/1701
f 1696/616/1699 1532/602/1687 1840/646/1724
f 1852/731/1799 1697/732/1800 1507/630/1710
f 1844/735/1803 1507/630/1710 1697/732/1800
f 1631/419/1514 1495/421/1516 1698/403/1498
f 1495/568/1516 1640/581/1666 1705/818/1860
f 1759/629/1709 1699/663/1741 1661/632/1712
f 1650/606/1690 1661/632/1712 1699/663/1741
f 1644/793/1846 1698/403/1498 1761/402/1497
f 1701/466/1561 1498/819/1842 1636/436/1531
f 1718/796/1848 1509/503/1595 1498/820/1842
f 1595/776/1836 1702/661/1739 1682/660/1738
f 1518/425/1520 1702/661/1739 1595/776/1836
f 1711/686/1763 1564/411/1506 1703/410/1505
f 1703/410/1505 1688/729/1676 1853/728/1798
f 1646/668/1746 1704/427/1522 1677/761/1826
f 1704/427/1522 1646/668/1746 1555/548/1638
f 1698/403/1498 1705/821/1860 1668/404/1499
f 1495/421/1516 1705/821/1860 1698/403/1498
f 1829/755/1821 1604/682/1759 1706/538/1628
f 1588/822/1861 1829/755/1821 1706/538/1628
f 1573/813/1674 1516/502/1594 1707/684/1761
f 1563/631/1711 1835/823/1862 1707/684/1761
f 1680/664/1742 1708/610/1693 1637/787/1843
f 1539/628/1708 1708/610/1693 1680/664/1742
f 1647/680/1757 1787/824/1863 1673/758/1823
f 1503/433/1528 1573/813/1674 1709/434/1529
f 1573/813/1674 1707/684/1761 1835/823/1862
f 1831/780/1839 1710/781/1833 1502/457/1552
f 1710/781/1833 1624/528/1618 1815/825/1840
f 1585/727/1797 1685/768/1830 1711/686/1763
f 1711/686/1763 1703/410/1505 1853/728/1798
f 1712/416/1511 1787/824/1863 1647/680/1757
f 1526/734/1802 1713/598/1683 1689/560/1648
f 1601/692/1767 1713/598/1683 1526/734/1802
f 1714/485/1579 1564/411/1506 1482/478/1572
f 1564/411/1506 1714/485/1579 1488/412/1507
f 1587/562/1650 1715/561/1649 1518/425/1520
f 1591/399/1494 1542/669/1747 1716/740/1808
f 1716/740/1808 1654/400/1495 1591/399/1494
f 1653/798/1850 1581/428/1523 1717/722/1792
f 1804/715/1785 1851/723/1793 1788/716/1786
f 1718/826/1848 1701/466/1561 1593/648/1726
f 1498/819/1842 1701/466/1561 1718/826/1848
f 1672/808/1644 1533/809/1856 1719/604/1491
f 1672/556/1644 1719/396/1491 1628/579/1664
f 1726/595/1680 1532/602/1687 1720/618/1701
f 1530/615/1698 1645/592/1677 1720/618/1701
f 1589/733/1801 1799/658/1736 1614/747/1813
f 1844/735/1803 1771/662/1740 1589/733/1801
f 1625/554/1605 1722/506/1598 1588/822/1861
f 1588/822/1861 1722/506/1598 1829/755/1821
f 1544/645/1723 1723/742/1577 1840/646/1724
f 1501/644/1722 1803/827/1828 1544/645/1723
f 1669/527/1617 1857/430/1525 1494/804/1855
f 1857/430/1525 1669/527/1617 1788/716/1786
f 1570/577/1662 1773/576/1661 1725/779/1838
f 1725/779/1838 1623/759/1824 1570/577/1662
f 1720/618/1701 1645/592/1677 1726/595/1680
f 1645/592/1677 1676/596/1681 1726/595/1680
f 1839/543/1633 1632/696/1771 1663/698/1773
f 1663/698/1773 1724/697/1772 1731/429/1524
f 1746/828/1864 1728/774/1834 1490/584/1669
f 1598/387/1482 1490/584/1669 1728/774/1834
f 1729/573/1658 1629/532/1622 1541/565/1610
f 1810/642/1720 1730/829/1592 1506/440/1535
f 1730/829/1592 1576/498/1558 1506/440/1535
f 1727/802/1853 1731/429/1524 1812/830/1865
f 1731/429/1524 1727/802/1853 1663/698/1773
f 1732/653/1731 1548/415/1510 1828/533/1623
f 1675/484/1578 1548/415/1510 1732/653/1731
f 1615/811/1705 1500/609/1692 1733/831/1703
f 1733/831/1703 1500/609/1692 1785/705/1748
f 1849/832/1866 1571/790/1777 1510/559/1647
f 1849/833/1866 1484/700/1775 1571/702/1777
f 1487/398/1493 1735/406/1501 1725/779/1838
f 1735/406/1501 1579/667/1745 1725/779/1838
f 1736/834/1765 1583/726/1796 1567/689/1696
f 1823/656/1734 1837/835/1694 1765/657/1735
f 1523/807/1643 1605/756/1656 1737/462/1557
f 1737/462/1557 1505/605/1689 1523/807/1643
f 1738/633/1713 1846/836/1604 1756/837/1602
f 1794/792/1845 1846/836/1604 1738/633/1713
f 1627/574/1659 1761/402/1497 1652/575/1660
f 1652/575/1660 1761/402/1497 1700/753/1819
f 1484/700/1775 1849/833/1866 1740/446/1541
f 1497/447/1542 1740/446/1541 1849/833/1866
f 1580/721/1791 1507/630/1710 1741/431/1526
f 1741/431/1526 1708/610/1693 1580/721/1791
f 1767/745/1811 1597/479/1573 1742/394/1489
f 1742/394/1489 1597/479/1573 1685/768/1830
f 1680/664/1742 1637/787/1843 1743/607/1635
f 1824/799/1851 1743/545/1635 1637/788/1843
f 1597/479/1573 1643/671/1749 1744/480/1574
f 1744/480/1574 1643/671/1749 1733/620/1703
f 1527/838/1867 1712/416/1511 1647/680/1757
f 1647/680/1757 1547/539/1629 1821/651/1729
f 1599/471/1566 1745/558/1646 1590/737/1805
f 1590/737/1805 1841/738/1806 1606/739/1807
f 1691/521/1611 1728/774/1834 1746/828/1864
f 1783/522/1612 1691/521/1611 1746/828/1864
f 1730/829/1592 1810/642/1720 1747/437/1532
f 1636/436/1531 1730/829/1592 1747/437/1532
f 1748/783/1841 1854/749/1815 1739/797/1849
f 1761/402/1497 1739/797/1849 1644/793/1846
f 1584/492/1586 1667/535/1625 1749/493/1587
f 1667/535/1625 1660/524/1614 1749/493/1587
f 1712/416/1511 1527/838/1867 1754/454/1549
f 1787/824/1863 1762/810/1857 1673/758/1823
f 1623/759/1824 1751/540/1630 1673/758/1823
f 1563/631/1711 1759/629/1709 1661/632/1712
f 1538/623/1576 1752/567/1654 1683/624/1706
f 1763/812/1858 1496/451/1546 1683/624/1706
f 1783/522/1612 1746/828/1864 1577/586/1671
f 1577/586/1671 1546/585/1670 1772/712/1784
f 1754/454/1549 1527/838/1867 1750/650/1728
f 1754/454/1549 1750/650/1728 1678/550/1640
f 1557/444/1539 1755/401/1496 1622/672/1750
f 1654/400/1495 1622/672/1750 1755/401/1496
f 1756/510/1602 1648/448/1543 1552/794/1714
f 1738/633/1713 1756/837/1602 1552/634/1714
f 1751/540/1630 1623/759/1824 1757/541/1631
f 1827/718/1788 1524/720/1790 1757/541/1631
f 1655/432/1527 1758/582/1667 1598/387/1482
f 1598/387/1482 1758/582/1667 1490/584/1669
f 1759/629/1709 1852/731/1799 1507/630/1710
f 1760/778/1837 1755/401/1496 1557/444/1539
f 1760/778/1837 1557/444/1539 1807/803/1854
f 1700/753/1819 1761/402/1497 1668/404/1499
f 1664/699/1774 1762/810/1857 1559/418/1513
f 1559/418/1513 1762/810/1857 1712/416/1511
f 1752/567/1654 1763/812/1858 1683/624/1706
f 1763/812/1858 1752/567/1654 1642/452/1547
f 1674/703/1778 1492/491/1585 1764/512/1603
f 1674/703/1778 1764/512/1603 1516/511/1594
f 1607/771/1825 1765/657/1735 1549/839/1607
f 1549/839/1607 1765/657/1735 1837/835/1694
f 1496/451/1546 1594/603/1688 1766/625/1707
f 1779/647/1725 1766/625/1707 1594/603/1688
f 1767/745/1811 1632/696/1771 1666/542/1632
f 1767/745/1811 1666/542/1632 1537/619/1702
f 1677/761/1826 1768/518/1608 1535/641/1719
f 1520/572/1657 1695/817/1859 1769/816/1568
f 1769/816/1568 1670/806/1822 1520/572/1657
f 1488/412/1507 1770/763/1827 1676/815/1681
f 1676/815/1681 1770/763/1827 1867/840/1679
f 1771/662/1740 1844/735/1803 1822/736/1804
f 1753/841/1816 1577/586/1671 1772/712/1784
f 1772/713/1784 1568/691/1766 1753/750/1816
f 1586/501/1593 1771/662/1740 1822/736/1804
f 1773/576/1661 1487/398/1493 1725/779/1838
f 1719/396/1491 1487/398/1493 1773/576/1661
f 1774/459/1554 1770/763/1827 1488/412/1507
f 1502/457/1552 1774/459/1554 1488/412/1507
f 1560/637/1717 1775/636/1716 1530/615/1698
f 1530/615/1698 1775/636/1716 1645/592/1677
f 1503/433/1528 1776/842/1583 1684/814/1675
f 1776/842/1583 1503/433/1528 1658/608/1691
f 1531/714/1783 1777/597/1682 1568/691/1766
f 1531/711/1783 1546/585/1670 1868/600/1685
f 1778/481/1575 1803/764/1828 1617/766/1829
f 1795/413/1508 1617/766/1829 1608/772/1553
f 1594/603/1688 1612/769/1831 1779/647/1725
f 1612/769/1831 1866/617/1700 1779/647/1725
f 1780/710/1591 1485/460/1555 1525/570/1655
f 1670/805/1822 1780/710/1591 1525/570/1655
f 1500/609/1692 1620/389/1484 1781/706/1780
f 1500/609/1692 1781/706/1780 1785/705/1748
f 1635/717/1787 1554/665/1743 1842/748/1814
f 1635/717/1787 1842/748/1814 1827/718/1788
f 1783/522/1612 1577/586/1671 1753/841/1816
f 1863/843/1651 1541/520/1610 1783/522/1612
f 1534/544/1634 1637/788/1843 1784/770/1832
f 1537/619/1702 1534/544/1634 1784/770/1832
f 1785/670/1748 1556/486/1580 1744/480/1574
f 1624/528/1618 1556/486/1580 1785/670/1748
f 1794/792/1845 1508/635/1715 1786/507/1599
f 1786/507/1599 1508/635/1715 1561/681/1758
f 1751/540/1630 1647/680/1757 1673/758/1823
f 1762/810/1857 1787/824/1863 1712/416/1511
f 1717/722/1792 1581/428/1523 1788/716/1786
f 1788/716/1786 1581/428/1523 1857/430/1525
f 1620/389/1484 1618/388/1483 1789/775/1835
f 1781/706/1780 1620/389/1484 1789/775/1835
f 1790/497/1590 1749/493/1587 1592/741/1809
f 1790/497/1590 1592/741/1809 1562/461/1556
f 1513/801/1620 1791/844/1619 1574/704/1779
f 1791/844/1619 1785/705/1748 1574/704/1779
f 1584/492/1586 1792/588/1673 1667/535/1625
f 1584/492/1586 1492/491/1585 1792/588/1673
f 1793/455/1550 1595/777/1836 1489/707/1781
f 1517/453/1548 1793/455/1550 1489/707/1781
f 1510/559/1647 1794/792/1845 1786/507/1599
f 1510/559/1647 1571/790/1777 1794/792/1845
f 1778/481/1575 1795/413/1508 1675/484/1578
f 1795/413/1508 1778/481/1575 1617/766/1829
f 1668/404/1499 1705/821/1860 1796/626/1653
f 1796/566/1653 1705/818/1860 1640/581/1666
f 1659/390/1485 1797/392/1487 1536/666/1744
f 1612/769/1831 1536/666/1744 1866/617/1700
f 1798/725/1795 1814/845/1537 1692/469/1564
f 1798/725/1795 1515/407/1502 1582/409/1504
f 1771/662/1740 1551/655/1733 1799/658/1736
f 1799/658/1736 1551/655/1733 1649/601/1686
f 1800/557/1645 1672/556/1644 1628/579/1664
f 1773/576/1661 1800/557/1645 1628/579/1664
f 1625/554/1605 1588/822/1861 1801/537/1627
f 1801/537/1627 1588/822/1861 1706/538/1628
f 1802/580/1665 1524/720/1790 1806/450/1545
f 1757/541/1631 1524/720/1790 1802/580/1665
f 1778/481/1575 1723/483/1577 1803/764/1828
f 1803/827/1828 1723/742/1577 1544/645/1723
f 1514/523/1613 1836/526/1616 1630/525/1615
f 1513/801/1620 1662/475/1569 1805/639/1621
f 1828/533/1623 1815/782/1840 1805/531/1621
f 1602/719/1789 1600/456/1551 1806/450/1545
f 1602/719/1789 1806/450/1545 1524/720/1790
f 1610/443/1538 1807/803/1854 1557/444/1539
f 1807/803/1854 1610/443/1538 1665/549/1639
f 1592/741/1809 1808/800/1852 1816/683/1760
f 1808/800/1852 1660/524/1614 1533/809/1856
f 1484/700/1775 1809/509/1601 1846/514/1604
f 1686/695/1770 1809/509/1601 1484/700/1775
f 1810/642/1720 1506/440/1535 1543/439/1534
f 1810/642/1720 1543/439/1534 1843/675/1753
f 1543/439/1534 1811/472/1567 1565/673/1751
f 1565/673/1751 1811/472/1567 1499/674/1752
f 1824/799/1851 1727/802/1853 1812/830/1865
f 1812/830/1865 1731/429/1524 1653/798/1850
f 1841/738/1806 1745/558/1646 1813/578/1663
f 1745/558/1646 1800/557/1645 1813/578/1663
f 1814/845/1537 1798/725/1795 1582/409/1504
f 1582/409/1504 1550/659/1737 1814/845/1537
f 1805/531/1621 1815/782/1840 1513/846/1620
f 1815/825/1840 1624/528/1618 1513/530/1620
f 1614/747/1813 1721/746/1812 1589/733/1801
f 1799/658/1736 1572/583/1668 1614/747/1813
f 1816/683/1760 1533/809/1856 1505/605/1689
f 1808/800/1852 1533/809/1856 1816/683/1760
f 1817/708/1782 1845/847/1868 1517/453/1548
f 1817/708/1782 1550/659/1737 1575/408/1503
f 1677/761/1826 1704/427/1522 1818/426/1521
f 1677/761/1826 1818/426/1521 1833/677/1755
f 1514/523/1613 1630/525/1615 1819/494/1588
f 1819/494/1588 1630/525/1615 1519/495/1492
f 1820/754/1820 1561/681/1758 1659/390/1485
f 1561/681/1758 1820/754/1820 1483/508/1600
f 1527/838/1867 1647/680/1757 1821/651/1729
f 1821/651/1729 1750/650/1728 1527/838/1867
f 1697/732/1800 1681/685/1762 1822/736/1804
f 1586/501/1593 1822/736/1804 1681/685/1762
f 1823/656/1734 1583/726/1796 1736/834/1765
f 1639/505/1597 1583/726/1796 1823/656/1734
f 1653/798/1850 1491/546/1636 1824/799/1851
f 1653/798/1850 1824/799/1851 1812/830/1865
f 1695/817/1859 1523/555/1643 1825/470/1565
f 1695/817/1859 1825/470/1565 1692/469/1564
f 1718/796/1848 1830/424/1519 1826/467/1562
f 1718/796/1848 1826/467/1562 1651/468/1563
f 1827/718/1788 1623/759/1824 1579/667/1745
f 1623/759/1824 1827/718/1788 1757/541/1631
f 1815/782/1840 1828/533/1623 1626/414/1509
f 1626/414/1509 1828/533/1623 1548/415/1510
f 1829/755/1821 1722/506/1598 1483/508/1600
f 1483/508/1600 1820/754/1820 1829/755/1821
f 1830/424/1519 1718/796/1848 1593/688/1726
f 1830/424/1519 1593/688/1726 1486/422/1517
f 1710/781/1833 1831/780/1839 1624/528/1618
f 1586/501/1593 1509/503/1595 1832/504/1596
f 1586/501/1593 1832/504/1596 1771/662/1740
f 1689/560/1648 1511/679/1756 1833/677/1755
f 1511/679/1756 1677/761/1826 1833/677/1755
f 1497/447/1542 1494/804/1855 1834/445/1540
f 1686/695/1770 1834/445/1540 1494/804/1855
f 1709/434/1529 1835/823/1862 1563/631/1711
f 1709/434/1529 1573/813/1674 1835/823/1862
f 1788/716/1786 1836/526/1616 1804/715/1785
f 1836/526/1616 1514/523/1613 1804/715/1785
f 1736/834/1765 1837/835/1694 1823/656/1734
f 1768/518/1608 1837/611/1694 1736/690/1765
f 1575/408/1503 1559/418/1513 1838/417/1512
f 1838/417/1512 1517/453/1548 1845/847/1868
f 1663/698/1773 1727/802/1853 1839/543/1633
f 1839/543/1633 1727/802/1853 1637/788/1843
f 1779/647/1725 1840/646/1724 1766/625/1707
f 1840/646/1724 1538/623/1576 1766/625/1707
f 1745/558/1646 1841/738/1806 1590/737/1805
f 1800/557/1645 1773/576/1661 1813/578/1663
f 1827/718/1788 1842/748/1814 1782/751/1817
f 1600/456/1551 1782/751/1817 1842/748/1814
f 1545/643/1721 1810/642/1720 1843/675/1753
f 1843/675/1753 1693/649/1727 1545/643/1721
f 1741/431/1526 1844/735/1803 1721/746/1812
f 1721/746/1812 1844/735/1803 1589/733/1801
f 1627/574/1659 1748/783/1841 1761/402/1497
f 1748/783/1841 1739/797/1849 1761/402/1497
f 1575/408/1503 1838/417/1512 1845/847/1868
f 1845/847/1868 1817/708/1782 1575/408/1503
f 1794/792/1845 1641/791/1776 1846/836/1604
f 1641/701/1776 1484/700/1775 1846/514/1604
f 1847/551/1641 1678/550/1640 1621/569/1515
f 1657/693/1768 1847/743/1641 1621/420/1515
f 1730/500/1592 1636/784/1531 1848/464/1559
f 1509/513/1595 1848/464/1559 1636/784/1531
f 1734/552/1606 1849/832/1866 1858/553/1642
f 1497/447/1542 1849/833/1866 1734/516/1606
f 1638/652/1730 1547/539/1629 1850/789/1844
f 1678/550/1640 1638/652/1730 1850/789/1844
f 1578/724/1794 1717/722/1792 1851/723/1793
f 1717/722/1792 1788/716/1786 1851/723/1793
f 1563/631/1711 1852/731/1799 1759/629/1709
f 1563/631/1711 1681/685/1762 1852/731/1799
f 1585/727/1797 1853/728/1798 1855/795/1847
f 1585/727/1797 1711/686/1763 1853/728/1798
f 1854/749/1815 1603/564/1652 1753/750/1816
f 1603/564/1652 1854/749/1815 1729/573/1658
f 1552/794/1714 1648/448/1543 1855/795/1847
f 1648/448/1543 1585/727/1797 1855/795/1847
f 1542/669/1747 1856/612/1695 1679/614/1697
f 1535/641/1719 1856/612/1695 1542/669/1747
f 1724/697/1772 1686/695/1770 1857/430/1525
f 1724/697/1772 1857/430/1525 1731/429/1524
f 1858/553/1642 1849/832/1866 1510/559/1647
f 1858/553/1642 1510/559/1647 1722/506/1598
f 1684/590/1675 1529/587/1672 1859/536/1626
f 1859/536/1626 1529/587/1672 1656/488/1582
f 1860/621/1704 1597/479/1573 1537/619/1702
f 1860/621/1704 1537/619/1702 1784/770/1832
f 1717/722/1792 1861/487/1581 1491/546/1636
f 1776/489/1583 1491/546/1636 1861/487/1581
f 1533/809/1856 1862/496/1589 1719/604/1491
f 1660/524/1614 1862/496/1589 1533/809/1856
f 1783/522/1612 1753/841/1816 1863/843/1651
f 1863/563/1651 1753/750/1816 1603/564/1652
f 1702/661/1739 1864/547/1637 1665/549/1639
f 1518/425/1520 1864/547/1637 1702/661/1739
f 1831/780/1839 1556/486/1580 1624/528/1618
f 1818/426/1521 1715/561/1649 1865/676/1754
f 1818/426/1521 1865/676/1754 1833/677/1755
f 1818/426/1521 1518/425/1520 1715/561/1649
f 1591/399/1494 1760/778/1837 1807/803/1854
f 1591/399/1494 1807/803/1854 1555/548/1638
f 1797/392/1487 1720/618/1701 1866/617/1700
f 1536/666/1744 1797/392/1487 1866/617/1700
f 1770/763/1827 1501/762/1722 1867/840/1679
f 1867/594/1679 1501/644/1722 1532/602/1687
f 1868/600/1685 1616/599/1684 1777/848/1682
f 1531/711/1783 1868/600/1685 1777/848/1682
f 1629/532/1622 1729/573/1658 1522/654/1732
f 1804/715/1785 1512/534/1624 1578/724/1794
f 1490/584/1669 1577/586/1671 1746/828/1864
f 1776/842/1583 1658/608/1691 1743/607/1635
f 1768/518/1608 1567/613/1696 1856/612/1695
f 1985/387/1869 2005/388/1870 2007/389/1871
f 2046/390/1872 2074/391/1873 2184/392/1874
f 2006/393/1875 2129/394/1876 1998/395/1877
f 2106/396/1878 1906/397/1879 1874/398/1880
f 1978/399/1881 2041/400/1882 2142/401/1883
f 2148/402/1884 2085/403/1885 2055/404/1886
f 1874/398/1880 1908/405/1887 2122/406/1888
f 1902/407/1889 1962/408/1890 1969/409/1891
f 2090/410/1892 1951/411/1893 1875/412/1894
f 2182/413/1895 2013/414/1896 1935/415/1897
f 2099/416/1898 2225/417/1899 1946/418/1900
f 2018/419/1901 2008/420/1902 1882/421/1903
f 1873/422/1904 1915/423/1905 2217/424/1906
f 1905/425/1907 2205/426/1908 2091/427/1909
f 1968/428/1910 2118/429/1911 2244/430/1912
f 2128/431/1913 2042/432/1914 2007/389/1871
f 1890/433/1915 2096/434/1916 1940/435/1917
f 2023/436/1918 2134/437/1919 1880/438/1920
f 1930/439/1921 1893/440/1922 1996/441/1923
f 2201/442/1924 1997/443/1925 1944/444/1926
f 2221/445/1927 2127/446/1928 1884/447/1929
f 1998/395/1877 2035/448/1930 1983/449/1931
f 2193/450/1932 1883/451/1933 2029/452/1934
f 1904/453/1935 2141/454/1936 2180/455/1937
f 2193/450/1932 1987/456/1938 1883/451/1933
f 1889/457/1939 1995/458/1940 2161/459/1941
f 1872/460/1942 1949/461/1943 2124/462/1944
f 1963/463/1945 2235/464/1946 1891/465/1947
f 2088/466/1948 2023/436/1918 1880/438/1920
f 2213/467/1949 1915/423/1905 2038/468/1950
f 2079/469/1951 2212/470/1952 1986/471/1953
f 2198/472/1954 2156/473/1955 2079/474/1951
f 2049/475/1956 2058/476/1957 2020/477/1958
f 1869/478/1959 1984/479/1960 2131/480/1961
f 2165/481/1962 1925/482/1963 2110/483/1964
f 2062/484/1965 2182/413/1895 1935/415/1897
f 2101/485/1966 1889/457/1939 1875/412/1894
f 1889/457/1939 2101/485/1966 1943/486/1967
f 2248/487/1968 2043/488/1969 2163/489/1970
f 1953/490/1971 1879/491/1972 1971/492/1973
f 1963/463/1945 1891/465/1947 1949/461/1943
f 1953/490/1971 1971/492/1973 2136/493/1974
f 2206/494/1975 1906/495/1879 2249/496/1976
f 2177/497/1977 1953/490/1971 2136/493/1974
f 1893/440/1922 1963/498/1945 2167/499/1978
f 2235/464/1946 1963/463/1945 2117/500/1979
f 1973/501/1980 1903/502/1981 1896/503/1982
f 2219/504/1983 2038/468/1950 2026/505/1984
f 2109/506/1985 2173/507/1986 1870/508/1987
f 2196/509/1988 1983/449/1931 2143/510/1989
f 1903/511/1981 2151/512/1990 1896/513/1982
f 1953/490/1971 2235/464/1946 1879/491/1972
f 2233/514/1991 2196/509/1988 2143/510/1989
f 2012/515/1992 1884/447/1929 2121/516/1993
f 1936/517/1994 2155/518/1995 1945/519/1996
f 1928/520/1997 2078/521/1998 2170/522/1999
f 1901/523/2000 2206/494/1975 2047/524/2001
f 2017/525/2002 2223/526/2003 2056/527/2004
f 2011/528/2005 2178/529/2006 1900/530/2007
f 2192/531/2008 2016/532/2009 2215/533/2010
f 1899/534/2011 1901/523/2000 2047/524/2001
f 2043/488/1969 2054/535/2012 2246/536/2013
f 2122/406/1888 2188/537/2014 2093/538/2015
f 1934/539/2016 2138/540/2017 2144/541/2018
f 2053/542/2019 2226/543/2020 1921/544/2021
f 2163/489/1970 2130/545/2022 1878/546/2023
f 1962/408/1890 1902/407/1889 1946/418/1900
f 2251/547/2024 1942/548/2025 2052/549/2026
f 2180/455/1937 2065/550/2027 2234/551/2028
f 1874/398/1880 1906/397/1879 1908/405/1887
f 2121/552/1993 2245/553/2029 2012/554/1992
f 1910/555/2030 2059/556/2031 2187/557/2032
f 1910/555/2030 2187/557/2032 2132/558/2033
f 2109/506/1985 2012/554/1992 2245/553/2029
f 2109/506/1985 1897/559/2034 2173/507/1986
f 2076/560/2035 2102/561/2036 1974/562/2037
f 2250/563/2038 1990/564/2039 1928/565/1997
f 1910/555/2030 1986/471/1953 2212/470/1952
f 2198/472/1954 1996/441/1923 2156/473/1955
f 2183/566/2040 2029/452/1934 2139/567/2041
f 2065/550/2027 1882/568/1903 2008/569/1902
f 1912/570/2042 1872/460/1942 2124/462/1944
f 1992/571/2043 1910/555/2030 1907/572/2044
f 1928/565/1997 1990/564/2039 2116/573/2045
f 2014/574/2046 2039/575/2047 2062/484/1965
f 2160/576/2048 1957/577/2049 2200/578/2050
f 2015/579/2051 2106/396/1878 2160/576/2048
f 1934/539/2016 2144/541/2018 2189/580/2052
f 2183/566/2040 2027/581/2053 2029/452/1934
f 2145/582/2054 1959/583/2055 1877/584/2056
f 1877/584/2056 1933/585/2057 1964/586/2058
f 1916/587/2059 2163/489/1970 2043/488/1969
f 2179/588/2060 1960/589/2061 2071/590/2062
f 2075/591/2063 2032/592/2064 1927/593/2065
f 2254/594/2066 2113/595/2067 2063/596/2068
f 2164/597/2069 2076/560/2035 2100/598/2070
f 2003/599/2071 2255/600/2072 2036/601/2073
f 2113/595/2067 2254/594/2066 1919/602/2074
f 1987/456/1938 1981/603/2075 1883/451/1933
f 2249/496/1976 1906/495/1879 2106/604/1878
f 1949/461/1943 1892/605/2076 2124/462/1944
f 2037/606/2077 2130/607/2022 2045/608/2078
f 2128/431/1913 1887/609/2079 2095/610/2080
f 2155/518/1995 1936/517/1994 2224/611/2081
f 2243/612/2082 1954/613/2083 2066/614/2084
f 2074/391/1873 1917/615/2085 2184/392/1874
f 2083/616/2086 2253/617/2087 2107/618/2088
f 1924/619/2089 2053/542/2019 1921/544/2021
f 2120/620/2090 2247/621/2091 2002/622/2092
f 1925/623/1963 2070/624/2093 2153/625/2094
f 2055/404/1886 2183/626/2040 2139/627/2041
f 1926/628/2095 2146/629/2096 1894/630/2097
f 2096/434/1916 1950/631/2098 2048/632/2099
f 2125/633/2100 1939/634/2101 1895/635/2102
f 2162/636/2103 1947/637/2104 2000/638/2105
f 2192/639/2008 2049/475/1956 2020/477/1958
f 2020/640/1958 2016/532/2009 2192/531/2008
f 1922/641/2106 2155/518/1995 2243/612/2082
f 2091/427/1909 1942/548/2025 2251/547/2024
f 1880/438/1920 2197/642/2107 1932/643/2108
f 2134/437/1919 2197/642/2107 1880/438/1920
f 1888/644/2109 1931/645/2110 1919/602/2074
f 2083/616/2086 2227/646/2111 2166/647/2112
f 1980/648/2113 2066/614/2084 1954/613/2083
f 2080/649/2114 2088/466/1948 1880/438/1920
f 1877/584/2056 1959/583/2055 1933/585/2057
f 2036/601/2073 2255/600/2072 1933/585/2057
f 1882/568/1903 2065/550/2027 2027/581/2053
f 2137/650/2115 2208/651/2116 2025/652/2117
f 2119/653/2118 2215/533/2010 1909/654/2119
f 2119/653/2118 2014/574/2046 2062/484/1965
f 1938/655/2120 2210/656/2121 2152/657/2122
f 2186/658/2123 2036/601/2073 1933/585/2057
f 1937/659/2124 1969/409/1891 1962/408/1890
f 2069/660/2125 2089/661/2126 2052/549/2026
f 1938/655/2120 2158/662/2127 2026/505/1984
f 2026/505/1984 2210/656/2121 1938/655/2120
f 1939/634/2101 1927/593/2065 2162/636/2103
f 1983/449/1931 2035/448/1930 2143/510/1989
f 1926/628/2095 2086/663/2128 2146/629/2096
f 2037/606/2077 1926/628/2095 2067/664/2129
f 1941/665/2130 2046/390/1872 1923/666/2131
f 2122/406/1888 2093/538/2015 1966/667/2132
f 2033/668/2133 1929/669/2134 1942/548/2025
f 2172/670/2135 2178/529/2006 2011/528/2005
f 2030/671/2136 2247/621/2091 2120/620/2090
f 2009/672/2137 1952/673/2138 1886/674/2139
f 2230/675/2140 1952/673/2138 2009/672/2137
f 2252/676/2141 2102/561/2036 2220/677/2142
f 2164/597/2069 2003/678/2071 1898/679/2143
f 2099/416/1898 1904/453/1935 2225/417/1899
f 1934/539/2016 2034/680/2144 2138/540/2017
f 1947/637/2104 1895/635/2102 2000/638/2105
f 1948/681/2145 1895/635/2102 1947/637/2104
f 1948/681/2145 1870/508/1987 2173/507/1986
f 1966/667/2132 2093/538/2015 1991/682/2146
f 1949/461/1943 2203/683/2147 1892/605/2076
f 1891/465/1947 2177/497/1977 1949/461/1943
f 2094/684/2148 1903/502/1981 1950/631/2098
f 1950/631/2098 1903/502/1981 2068/685/2149
f 1869/478/1959 1951/411/1893 2098/686/2150
f 2131/480/1961 2101/485/1966 1869/478/1959
f 1930/439/1921 1952/673/2138 2230/675/2140
f 1930/439/1921 1996/441/1923 2198/472/1954
f 2077/687/2151 1953/490/1971 2177/497/1977
f 2235/464/1946 1953/490/1971 2077/687/2151
f 1980/688/2113 1954/689/2083 1873/422/1904
f 1954/613/2083 2155/518/1995 2123/690/2152
f 2164/597/2069 2100/598/2070 1955/691/2153
f 1988/692/2154 2044/693/2155 2008/420/1902
f 1956/694/2156 2196/509/1988 2073/695/2157
f 2019/696/2158 2111/697/2159 2050/698/2160
f 1902/407/1889 2051/699/2161 1946/418/1900
f 1910/555/2030 2132/558/2033 1986/471/1953
f 1871/700/2162 2028/701/2163 1958/702/2164
f 2127/446/1928 2073/695/2157 1871/700/2162
f 1933/585/2057 1959/583/2055 2186/658/2123
f 2061/703/2165 1903/511/1981 1960/589/2061
f 1960/589/2061 2179/588/2060 2061/703/2165
f 1961/704/2166 2172/705/2135 2168/706/2167
f 1887/609/2079 2128/431/1913 2007/389/1871
f 1904/453/1935 1876/707/2168 2204/708/2169
f 1937/659/2124 2204/708/2169 2069/709/2125
f 1963/463/1945 1872/460/1942 2167/710/1978
f 1949/461/1943 1872/460/1942 1963/463/1945
f 1918/711/2170 2159/712/2171 1933/585/2057
f 2159/713/2171 1918/714/2170 1955/691/2153
f 2191/715/2172 1901/523/2000 1899/534/2011
f 2175/716/2173 2056/527/2004 2223/526/2003
f 1966/667/2132 1991/682/2146 2022/717/2174
f 2214/718/2175 1989/719/2176 1911/720/2177
f 2095/610/2080 1926/628/2095 1967/721/2178
f 1926/628/2095 1894/630/2097 1967/721/2178
f 2248/487/1968 2104/722/2179 2043/488/1969
f 2238/723/2180 2191/715/2172 1965/724/2181
f 2201/442/1924 2009/672/2137 1886/674/2139
f 2185/725/2182 2079/469/1951 1986/471/1953
f 1915/423/1905 1873/422/1904 1970/726/2183
f 1873/422/1904 1954/689/2083 1970/726/2183
f 2246/536/2013 2054/535/2012 2179/588/2060
f 2179/588/2060 2071/590/2062 2246/536/2013
f 1998/395/1877 1972/727/2184 2035/448/1930
f 2240/728/2185 2075/729/2063 1927/730/2065
f 2239/731/2186 2068/685/2149 2084/732/2187
f 1976/733/2188 2158/662/2127 2186/658/2123
f 2076/560/2035 1974/562/2037 1913/734/2189
f 1988/692/2154 1913/734/2189 2044/693/2155
f 1908/405/1887 2188/537/2014 2122/406/1888
f 1908/405/1887 2012/554/1992 2188/537/2014
f 1894/630/2097 2231/735/2190 2128/431/1913
f 2209/736/2191 2231/735/2190 2084/732/2187
f 1902/407/1889 1977/737/2192 2051/699/2161
f 2228/738/2193 2200/578/2050 1993/739/2194
f 1942/548/2025 1929/669/2134 1978/399/1881
f 2103/740/2195 1929/669/2134 2066/614/2084
f 1949/461/1943 1979/741/2196 2203/683/2147
f 1979/741/2196 2136/493/1974 2047/524/2001
f 2088/466/1948 2080/649/2114 1980/648/2113
f 2213/467/1949 2217/424/1906 1915/423/1905
f 2110/742/1964 1925/623/1963 2227/646/2111
f 2227/646/2111 1919/602/2074 1931/645/2110
f 1905/425/1907 2091/427/1909 2251/547/2024
f 2044/693/2155 1905/425/1907 2234/743/2028
f 1956/694/2156 1983/449/1931 2196/509/1988
f 2021/744/2197 2129/394/1876 2006/393/1875
f 1984/479/1960 2154/745/2198 1924/619/2089
f 2247/621/2091 2030/671/2136 1984/479/1960
f 2145/582/2054 2108/746/2199 2001/747/2200
f 2042/432/1914 2128/431/1913 2108/746/2199
f 1986/471/1953 1977/737/2192 1902/407/1889
f 2185/725/2182 1986/471/1953 1902/407/1889
f 1923/666/2131 1987/456/1938 2229/748/2201
f 2083/616/2086 2166/647/2112 2253/617/2087
f 1955/691/2153 2100/598/2070 1988/692/2154
f 1955/691/2153 2241/749/2202 2140/750/2203
f 2214/718/2175 2169/751/2204 1989/719/2176
f 1989/719/2176 2169/751/2204 1987/456/1938
f 2081/752/2205 2241/749/2202 1955/691/2153
f 2039/575/2047 2087/753/2206 2062/484/1965
f 2207/754/2207 1941/665/2130 1991/682/2146
f 2216/755/2208 2207/754/2207 1991/682/2146
f 1912/570/2042 2124/462/1944 1992/756/2043
f 2156/473/1955 1996/441/1923 2057/757/2209
f 1993/739/2194 2200/578/2050 1957/577/2049
f 2060/758/2210 1957/577/2049 2010/759/2211
f 1994/760/2212 1936/517/1994 1945/519/1996
f 1994/760/2212 2064/761/2213 1898/679/2143
f 1995/458/1940 1888/762/2109 2157/763/2214
f 2190/764/2215 1888/765/2109 2004/766/2216
f 1996/441/1923 2167/499/1978 2057/757/2209
f 1893/440/1922 2167/499/1978 1996/441/1923
f 1937/767/2124 2069/660/2125 1997/443/1925
f 1997/443/1925 2201/442/1924 1937/767/2124
f 2072/768/2217 1972/727/2184 1998/395/1877
f 2129/394/1876 2072/768/2217 1998/395/1877
f 1999/769/2218 1987/456/1938 1923/666/2131
f 1999/769/2218 1981/603/2075 1987/456/1938
f 1939/634/2101 2000/638/2105 1895/635/2102
f 2162/636/2103 2000/638/2105 1939/634/2101
f 2145/582/2054 2001/747/2200 1959/583/2055
f 2247/621/2091 2171/770/2219 2002/622/2092
f 2130/607/2022 2037/606/2077 2067/664/2129
f 1994/771/2212 2003/599/2071 2036/601/2073
f 2003/678/2071 1994/760/2212 1898/679/2143
f 1995/772/1940 2004/766/2216 1888/765/2109
f 2182/413/1895 1995/772/1940 2097/773/2220
f 2115/774/2221 2005/388/1870 1985/387/1869
f 1983/449/1931 2006/393/1875 1998/395/1877
f 1983/449/1931 2021/744/2197 2006/393/1875
f 2005/388/1870 2049/475/1956 2176/775/2222
f 2176/775/2222 1961/704/2166 2168/706/2167
f 2234/743/2028 1905/425/1907 1982/776/2223
f 2234/551/2028 1982/777/2223 2180/455/1937
f 1944/444/1926 2009/672/2137 2201/442/1924
f 1978/399/1881 2142/401/1883 2147/778/2224
f 2010/759/2211 2112/779/2225 1966/667/2132
f 1966/667/2132 2022/717/2174 2214/718/2175
f 2218/780/2226 1889/457/1939 1943/486/1967
f 2097/781/2220 1995/458/1940 1889/457/1939
f 1908/405/1887 1906/397/1879 2012/554/1992
f 1906/495/1879 2017/525/2002 2012/515/1992
f 2202/782/2227 2013/414/1896 2097/773/2220
f 2097/773/2220 2013/414/1896 2182/413/1895
f 1909/654/2119 2014/574/2046 2119/653/2118
f 2215/533/2010 2016/532/2009 1909/654/2119
f 1909/654/2119 2116/573/2045 2014/574/2046
f 2116/573/2045 2135/783/2228 2014/574/2046
f 2017/525/2002 1884/447/1929 2012/515/1992
f 2017/525/2002 2056/527/2004 1884/447/1929
f 2018/419/1901 1988/692/2154 2008/420/1902
f 2081/752/2205 1955/691/2153 1988/692/2154
f 1956/694/2156 2111/697/2159 2019/696/2158
f 2129/394/1876 2021/744/2197 2154/745/2198
f 1928/565/1997 2016/532/2009 2020/640/1958
f 2058/476/1957 1928/520/1997 2020/477/1958
f 2154/745/2198 2021/744/2197 1956/694/2156
f 2021/744/2197 1983/449/1931 1956/694/2156
f 2022/717/2174 1991/682/2146 1941/665/2130
f 2229/748/2201 1941/665/2130 1923/666/2131
f 2023/784/1918 1885/785/2229 1896/513/1982
f 1896/513/1982 2151/512/1990 2235/464/1946
f 2171/786/2219 2024/787/2230 2095/610/2080
f 1921/544/2021 2226/543/2020 2024/788/2230
f 2025/652/2117 2208/651/2116 1934/539/2016
f 2027/581/2053 2065/550/2027 2237/789/2231
f 2026/505/1984 1915/423/1905 1970/726/2183
f 2038/468/1950 1915/423/1905 2026/505/1984
f 1934/539/2016 2189/580/2052 2027/581/2053
f 1934/539/2016 2027/581/2053 2237/789/2231
f 1958/790/2164 2028/791/2163 2181/792/2232
f 2125/633/2100 1895/635/2102 2181/792/2232
f 2189/580/2052 2029/452/1934 2027/581/2053
f 2189/580/2052 2193/450/1932 2029/452/1934
f 2101/485/1966 2131/480/1961 1943/486/1967
f 2131/480/1961 2120/620/2090 2172/670/2135
f 2031/793/2233 2018/419/1901 2085/403/1885
f 2081/752/2205 1988/692/2154 2018/419/1901
f 2032/592/2064 2162/636/2103 1927/593/2065
f 1917/615/2085 2107/618/2088 2184/392/1874
f 1922/641/2106 1929/669/2134 2033/668/2133
f 2064/761/2213 1922/641/2106 2033/668/2133
f 2141/454/1936 1904/453/1935 2099/416/1898
f 1927/730/2065 1939/794/2101 2242/795/2234
f 2242/795/2234 2240/728/2185 1927/730/2065
f 1938/655/2120 2152/657/2122 2036/601/2073
f 1994/771/2212 2036/601/2073 2152/657/2122
f 2037/606/2077 2045/608/2078 2048/632/2099
f 1926/628/2095 2037/606/2077 2086/663/2128
f 2219/504/1983 1896/503/1982 2038/468/1950
f 1896/503/1982 2105/796/2235 2038/468/1950
f 2241/749/2202 2081/752/2205 2126/797/2236
f 2116/573/2045 2241/749/2202 2135/783/2228
f 1878/546/2023 2040/798/2237 2104/722/2179
f 1878/546/2023 2130/545/2022 2211/799/2238
f 2103/740/2195 2066/614/2084 2041/400/1882
f 2041/400/1882 2230/675/2140 2009/672/2137
f 2042/432/1914 2108/746/2199 2145/582/2054
f 1985/387/1869 2007/389/1871 2042/432/1914
f 1965/724/2181 2054/535/2012 2043/488/1969
f 2104/722/2179 1965/724/2181 2043/488/1969
f 1974/562/2037 1905/425/1907 2044/693/2155
f 1974/562/2037 2044/693/2155 1913/734/2189
f 1940/435/1917 2045/608/2078 1890/433/1915
f 2207/754/2207 2046/390/1872 1941/665/2130
f 1948/681/2145 1947/637/2104 2046/390/1872
f 2206/494/1975 2249/496/1976 2047/524/2001
f 1979/741/2196 2047/524/2001 2195/800/2239
f 1940/435/1917 2096/434/1916 2048/632/2099
f 2045/608/2078 1940/435/1917 2048/632/2099
f 2049/475/1956 1900/801/2007 1961/704/2166
f 1961/704/2166 2176/775/2222 2049/475/1956
f 2211/799/2238 2024/788/2230 2114/802/2240
f 2040/798/2237 2118/429/1911 1968/428/1910
f 1977/737/2192 1993/739/2194 2051/699/2161
f 1993/739/2194 1957/577/2049 2060/758/2210
f 2052/549/2026 1942/548/2025 2194/803/2241
f 1997/443/1925 2069/660/2125 2052/549/2026
f 2019/696/2158 2226/543/2020 2053/542/2019
f 2019/696/2158 2154/745/2198 1956/694/2156
f 2054/535/2012 1965/724/2181 1899/534/2011
f 2054/535/2012 1899/534/2011 2047/524/2001
f 1925/482/1963 2055/404/1886 2139/627/2041
f 1925/482/1963 2087/753/2206 2055/404/1886
f 1881/804/2242 1884/447/1929 2056/527/2004
f 2221/445/1927 2073/695/2157 2127/446/1928
f 1992/756/2043 2057/805/2209 1912/570/2042
f 1907/572/2044 2057/806/2209 1992/571/2043
f 2049/475/1956 2005/388/1870 2058/476/1957
f 2005/388/1870 2115/774/2221 2078/521/1998
f 1910/807/2030 1892/605/2076 2059/808/2031
f 1892/605/2076 1920/809/2243 2059/808/2031
f 2051/699/2161 1993/739/2194 2060/758/2210
f 2051/699/2161 2060/758/2210 2149/810/2244
f 1879/491/1972 2061/703/2165 2179/588/2060
f 2235/464/1946 2151/512/1990 1879/491/1972
f 1925/482/1963 2165/481/1962 2062/484/1965
f 2087/753/2206 1925/482/1963 2062/484/1965
f 1995/458/1940 2157/763/2214 2161/459/1941
f 2075/729/2063 2090/410/1892 1875/412/1894
f 1945/519/1996 2155/518/1995 2064/761/2213
f 1994/760/2212 1945/519/1996 2064/761/2213
f 2141/454/1936 2065/550/2027 2180/455/1937
f 2065/550/2027 2137/650/2115 2025/652/2117
f 2080/649/2114 1880/438/1920 1932/643/2108
f 2041/400/1882 2080/649/2114 2230/675/2140
f 2171/786/2219 2095/610/2080 2002/811/2092
f 1887/609/2079 2002/811/2092 2095/610/2080
f 2068/685/2149 1903/502/1981 1973/501/1980
f 2219/504/1983 2026/505/1984 2158/662/2127
f 2069/709/2125 1876/707/2168 1982/777/2223
f 2069/709/2125 2204/708/2169 1876/707/2168
f 1883/451/1933 2153/625/2094 2070/624/2093
f 2150/812/2245 2029/452/1934 1883/451/1933
f 1960/813/2061 1890/433/1915 2071/814/2062
f 1916/587/2059 2071/590/2062 2163/489/1970
f 1869/478/1959 2098/686/2150 2072/768/2217
f 2072/768/2217 1984/479/1960 1869/478/1959
f 1956/694/2156 2073/695/2157 2111/697/2159
f 2073/695/2157 1881/804/2242 2244/430/1912
f 1947/637/2104 1917/615/2085 2074/391/1873
f 2074/391/1873 2046/390/1872 1947/637/2104
f 2032/592/2064 2075/591/2063 2063/596/2068
f 1875/412/1894 2063/815/2068 2075/729/2063
f 1898/679/2143 2076/560/2035 2164/597/2069
f 2076/560/2035 2220/677/2142 2102/561/2036
f 2177/497/1977 1891/465/1947 2077/687/2151
f 2077/687/2151 1891/465/1947 2235/464/1946
f 2005/388/1870 2078/521/1998 2058/476/1957
f 1928/520/1997 2058/476/1957 2078/521/1998
f 2079/474/1951 2201/442/1924 1886/674/2139
f 1886/674/2139 2198/472/1954 2079/474/1951
f 2080/649/2114 2041/400/1882 2066/614/2084
f 2066/614/2084 1980/648/2113 2080/649/2114
f 2031/793/2233 2081/752/2205 2018/419/1901
f 2081/752/2205 2031/793/2233 2126/797/2236
f 2156/816/1955 2082/817/2246 2079/469/1951
f 1907/572/2044 1910/555/2030 2082/817/2246
f 1919/602/2074 2083/616/2086 2107/618/2088
f 2083/616/2086 1919/602/2074 2227/646/2111
f 2239/731/2186 2084/732/2187 1894/630/2097
f 2231/735/2190 1894/630/2097 2084/732/2187
f 2018/419/1901 1882/421/1903 2085/403/1885
f 1882/568/1903 2027/581/2053 2092/818/2247
f 2146/629/2096 2086/663/2128 2048/632/2099
f 2037/606/2077 2048/632/2099 2086/663/2128
f 2031/793/2233 2085/403/1885 2148/402/1884
f 2088/466/1948 1885/819/2229 2023/436/1918
f 2105/796/2235 1896/503/1982 1885/820/2229
f 1982/776/2223 2089/661/2126 2069/660/2125
f 1905/425/1907 2089/661/2126 1982/776/2223
f 2098/686/2150 1951/411/1893 2090/410/1892
f 2090/410/1892 2075/729/2063 2240/728/2185
f 2033/668/2133 2091/427/1909 2064/761/2213
f 2091/427/1909 2033/668/2133 1942/548/2025
f 2085/403/1885 2092/821/2247 2055/404/1886
f 1882/421/1903 2092/821/2247 2085/403/1885
f 2216/755/2208 1991/682/2146 2093/538/2015
f 1975/822/2248 2216/755/2208 2093/538/2015
f 1960/813/2061 1903/502/1981 2094/684/2148
f 1950/631/2098 2222/823/2249 2094/684/2148
f 2067/664/2129 2095/610/2080 2024/787/2230
f 1926/628/2095 2095/610/2080 2067/664/2129
f 2034/680/2144 2174/824/2250 2060/758/2210
f 1890/433/1915 1960/813/2061 2096/434/1916
f 1960/813/2061 2094/684/2148 2222/823/2249
f 2218/780/2226 2097/781/2220 1889/457/1939
f 2097/781/2220 2011/528/2005 2202/825/2227
f 1972/727/2184 2072/768/2217 2098/686/2150
f 2098/686/2150 2090/410/1892 2240/728/2185
f 2099/416/1898 2174/824/2250 2034/680/2144
f 1913/734/2189 2100/598/2070 2076/560/2035
f 1988/692/2154 2100/598/2070 1913/734/2189
f 2101/485/1966 1951/411/1893 1869/478/1959
f 1951/411/1893 2101/485/1966 1875/412/1894
f 1974/562/2037 2102/561/2036 1905/425/1907
f 1978/399/1881 1929/669/2134 2103/740/2195
f 2103/740/2195 2041/400/1882 1978/399/1881
f 2040/798/2237 1968/428/1910 2104/722/2179
f 2191/715/2172 2238/723/2180 2175/716/2173
f 2105/826/2235 2088/466/1948 1980/648/2113
f 1885/819/2229 2088/466/1948 2105/826/2235
f 2059/808/2031 1920/809/2243 2106/604/1878
f 2059/556/2031 2106/396/1878 2015/579/2051
f 2113/595/2067 1919/602/2074 2107/618/2088
f 1917/615/2085 2032/592/2064 2107/618/2088
f 1976/733/2188 2186/658/2123 2001/747/2200
f 2231/735/2190 2158/662/2127 1976/733/2188
f 2012/554/1992 2109/506/1985 1975/822/2248
f 1975/822/2248 2109/506/1985 2216/755/2208
f 1931/645/2110 2110/742/1964 2227/646/2111
f 1888/644/2109 2190/827/2215 1931/645/2110
f 2056/527/2004 2244/430/1912 1881/804/2242
f 2244/430/1912 2056/527/2004 2175/716/2173
f 1957/577/2049 2160/576/2048 2112/779/2225
f 2112/779/2225 2010/759/2211 1957/577/2049
f 2107/618/2088 2032/592/2064 2113/595/2067
f 2032/592/2064 2063/596/2068 2113/595/2067
f 2226/543/2020 2019/696/2158 2050/698/2160
f 2050/698/2160 2111/697/2159 2118/429/1911
f 2133/828/2251 2115/774/2221 1877/584/2056
f 1985/387/1869 1877/584/2056 2115/774/2221
f 2116/573/2045 2016/532/2009 1928/565/1997
f 2197/642/2107 2117/829/1979 1893/440/1922
f 2117/829/1979 1963/498/1945 1893/440/1922
f 2114/802/2240 2118/429/1911 2199/830/2252
f 2118/429/1911 2114/802/2240 2050/698/2160
f 2119/653/2118 1935/415/1897 2215/533/2010
f 2062/484/1965 1935/415/1897 2119/653/2118
f 2002/811/2092 1887/609/2079 2120/831/2090
f 2120/831/2090 1887/609/2079 2172/705/2135
f 2236/832/2253 1958/790/2164 1897/559/2034
f 2236/833/2253 1871/700/2162 1958/702/2164
f 1874/398/1880 2122/406/1888 2112/779/2225
f 2122/406/1888 1966/667/2132 2112/779/2225
f 2123/834/2152 1970/726/2183 1954/689/2083
f 2210/656/2121 2224/835/2081 2152/657/2122
f 1910/807/2030 1992/756/2043 2124/462/1944
f 2124/462/1944 1892/605/2076 1910/807/2030
f 2125/633/2100 2233/836/1991 2143/837/1989
f 2181/792/2232 2233/836/1991 2125/633/2100
f 2014/574/2046 2148/402/1884 2039/575/2047
f 2039/575/2047 2148/402/1884 2087/753/2206
f 1871/700/2162 2236/833/2253 2127/446/1928
f 1884/447/1929 2127/446/1928 2236/833/2253
f 1967/721/2178 1894/630/2097 2128/431/1913
f 2128/431/1913 2095/610/2080 1967/721/2178
f 2154/745/2198 1984/479/1960 2129/394/1876
f 2129/394/1876 1984/479/1960 2072/768/2217
f 2067/664/2129 2024/787/2230 2130/607/2022
f 2211/799/2238 2130/545/2022 2024/788/2230
f 1984/479/1960 2030/671/2136 2131/480/1961
f 2131/480/1961 2030/671/2136 2120/620/2090
f 1914/838/2254 2099/416/1898 2034/680/2144
f 2034/680/2144 1934/539/2016 2208/651/2116
f 1986/471/1953 2132/558/2033 1977/737/2192
f 1977/737/2192 2228/738/2193 1993/739/2194
f 2078/521/1998 2115/774/2221 2133/828/2251
f 2170/522/1999 2078/521/1998 2133/828/2251
f 2117/829/1979 2197/642/2107 2134/437/1919
f 2023/436/1918 2117/829/1979 2134/437/1919
f 2135/783/2228 2241/749/2202 2126/797/2236
f 2148/402/1884 2126/797/2236 2031/793/2233
f 1971/492/1973 2054/535/2012 2136/493/1974
f 2054/535/2012 2047/524/2001 2136/493/1974
f 2099/416/1898 1914/838/2254 2141/454/1936
f 2174/824/2250 2149/810/2244 2060/758/2210
f 2010/759/2211 2138/540/2017 2060/758/2210
f 1950/631/2098 2146/629/2096 2048/632/2099
f 1925/623/1963 2139/567/2041 2070/624/2093
f 2150/812/2245 1883/451/1933 2070/624/2093
f 2170/522/1999 2133/828/2251 1964/586/2058
f 1964/586/2058 1933/585/2057 2159/712/2171
f 2141/454/1936 1914/838/2254 2137/650/2115
f 2141/454/1936 2137/650/2115 2065/550/2027
f 1944/444/1926 2142/401/1883 2009/672/2137
f 2041/400/1882 2009/672/2137 2142/401/1883
f 2143/510/1989 2035/448/1930 1939/794/2101
f 2125/633/2100 2143/837/1989 1939/634/2101
f 2138/540/2017 2010/759/2211 2144/541/2018
f 2214/718/2175 1911/720/2177 2144/541/2018
f 2042/432/1914 2145/582/2054 1985/387/1869
f 1985/387/1869 2145/582/2054 1877/584/2056
f 2146/629/2096 2239/731/2186 1894/630/2097
f 2147/778/2224 2142/401/1883 1944/444/1926
f 2147/778/2224 1944/444/1926 2194/803/2241
f 2087/753/2206 2148/402/1884 2055/404/1886
f 2051/699/2161 2149/810/2244 1946/418/1900
f 1946/418/1900 2149/810/2244 2099/416/1898
f 2139/567/2041 2150/812/2245 2070/624/2093
f 2150/812/2245 2139/567/2041 2029/452/1934
f 2061/703/2165 1879/491/1972 2151/512/1990
f 2061/703/2165 2151/512/1990 1903/511/1981
f 1994/771/2212 2152/657/2122 1936/839/1994
f 1936/839/1994 2152/657/2122 2224/835/2081
f 1883/451/1933 1981/603/2075 2153/625/2094
f 2166/647/2112 2153/625/2094 1981/603/2075
f 2154/745/2198 2019/696/2158 2053/542/2019
f 2154/745/2198 2053/542/2019 1924/619/2089
f 2064/761/2213 2155/518/1995 1922/641/2106
f 1907/572/2044 2082/817/2246 2156/816/1955
f 2156/816/1955 2057/806/2209 1907/572/2044
f 1875/412/1894 2157/763/2214 2063/815/2068
f 2063/815/2068 2157/763/2214 2254/840/2066
f 2158/662/2127 2231/735/2190 2209/736/2191
f 2140/841/2203 1964/586/2058 2159/712/2171
f 2159/713/2171 1955/691/2153 2140/750/2203
f 1973/501/1980 2158/662/2127 2209/736/2191
f 2160/576/2048 1874/398/1880 2112/779/2225
f 2106/396/1878 1874/398/1880 2160/576/2048
f 2161/459/1941 2157/763/2214 1875/412/1894
f 1889/457/1939 2161/459/1941 1875/412/1894
f 1947/637/2104 2162/636/2103 1917/615/2085
f 1917/615/2085 2162/636/2103 2032/592/2064
f 1890/433/1915 2163/842/1970 2071/814/2062
f 2163/842/1970 1890/433/1915 2045/608/2078
f 1918/714/2170 2164/597/2069 1955/691/2153
f 1918/711/2170 1933/585/2057 2255/600/2072
f 2165/481/1962 2190/764/2215 2004/766/2216
f 2182/413/1895 2004/766/2216 1995/772/1940
f 1981/603/2075 1999/769/2218 2166/647/2112
f 1999/769/2218 2253/617/2087 2166/647/2112
f 2167/710/1978 1872/460/1942 1912/570/2042
f 2057/805/2209 2167/710/1978 1912/570/2042
f 1887/609/2079 2007/389/1871 2168/706/2167
f 1887/609/2079 2168/706/2167 2172/705/2135
f 2022/717/2174 1941/665/2130 2229/748/2201
f 2022/717/2174 2229/748/2201 2214/718/2175
f 2170/522/1999 1964/586/2058 2140/841/2203
f 2250/843/2038 1928/520/1997 2170/522/1999
f 1921/544/2021 2024/788/2230 2171/770/2219
f 1924/619/2089 1921/544/2021 2171/770/2219
f 2172/670/2135 1943/486/1967 2131/480/1961
f 2011/528/2005 1943/486/1967 2172/670/2135
f 2181/792/2232 1895/635/2102 2173/507/1986
f 2173/507/1986 1895/635/2102 1948/681/2145
f 2138/540/2017 2034/680/2144 2060/758/2210
f 2149/810/2244 2174/824/2250 2099/416/1898
f 2104/722/2179 1968/428/1910 2175/716/2173
f 2175/716/2173 1968/428/1910 2244/430/1912
f 2007/389/1871 2005/388/1870 2176/775/2222
f 2168/706/2167 2007/389/1871 2176/775/2222
f 2177/497/1977 2136/493/1974 1979/741/2196
f 2177/497/1977 1979/741/2196 1949/461/1943
f 1900/801/2007 2178/844/2006 1961/704/2166
f 2178/844/2006 2172/705/2135 1961/704/2166
f 1971/492/1973 2179/588/2060 2054/535/2012
f 1971/492/1973 1879/491/1972 2179/588/2060
f 2180/455/1937 1982/777/2223 1876/707/2168
f 1904/453/1935 2180/455/1937 1876/707/2168
f 1897/559/2034 2181/792/2232 2173/507/1986
f 1897/559/2034 1958/790/2164 2181/792/2232
f 2165/481/1962 2182/413/1895 2062/484/1965
f 2182/413/1895 2165/481/1962 2004/766/2216
f 2055/404/1886 2092/821/2247 2183/626/2040
f 2183/566/2040 2092/818/2247 2027/581/2053
f 2046/390/1872 2184/392/1874 1923/666/2131
f 1999/769/2218 1923/666/2131 2253/617/2087
f 2185/725/2182 2201/845/1924 2079/469/1951
f 2185/725/2182 1902/407/1889 1969/409/1891
f 2158/662/2127 1938/655/2120 2186/658/2123
f 2186/658/2123 1938/655/2120 2036/601/2073
f 2187/557/2032 2059/556/2031 2015/579/2051
f 2160/576/2048 2187/557/2032 2015/579/2051
f 2012/554/1992 1975/822/2248 2188/537/2014
f 2188/537/2014 1975/822/2248 2093/538/2015
f 2189/580/2052 1911/720/2177 2193/450/1932
f 2144/541/2018 1911/720/2177 2189/580/2052
f 2165/481/1962 2110/483/1964 2190/764/2215
f 2190/827/2215 2110/742/1964 1931/645/2110
f 1901/523/2000 2223/526/2003 2017/525/2002
f 1900/801/2007 2049/475/1956 2192/639/2008
f 2215/533/2010 2202/782/2227 2192/531/2008
f 1989/719/2176 1987/456/1938 2193/450/1932
f 1989/719/2176 2193/450/1932 1911/720/2177
f 1997/443/1925 2194/803/2241 1944/444/1926
f 2194/803/2241 1997/443/1925 2052/549/2026
f 1979/741/2196 2195/800/2239 2203/683/2147
f 2195/800/2239 2047/524/2001 1920/809/2243
f 1871/700/2162 2196/509/1988 2233/514/1991
f 2073/695/2157 2196/509/1988 1871/700/2162
f 2197/642/2107 1893/440/1922 1930/439/1921
f 2197/642/2107 1930/439/1921 2230/675/2140
f 1930/439/1921 2198/472/1954 1952/673/2138
f 1952/673/2138 2198/472/1954 1886/674/2139
f 2211/799/2238 2114/802/2240 2199/830/2252
f 2199/830/2252 2118/429/1911 2040/798/2237
f 2228/738/2193 2132/558/2033 2200/578/2050
f 2132/558/2033 2187/557/2032 2200/578/2050
f 2201/845/1924 2185/725/2182 1969/409/1891
f 1969/409/1891 1937/659/2124 2201/845/1924
f 2192/531/2008 2202/782/2227 1900/846/2007
f 2202/825/2227 2011/528/2005 1900/530/2007
f 2001/747/2200 2108/746/2199 1976/733/2188
f 2186/658/2123 1959/583/2055 2001/747/2200
f 2203/683/2147 1920/809/2243 1892/605/2076
f 2195/800/2239 1920/809/2243 2203/683/2147
f 2204/708/2169 2232/847/2255 1904/453/1935
f 2204/708/2169 1937/659/2124 1962/408/1890
f 2064/761/2213 2091/427/1909 2205/426/1908
f 2064/761/2213 2205/426/1908 2220/677/2142
f 1901/523/2000 2017/525/2002 2206/494/1975
f 2206/494/1975 2017/525/2002 1906/495/1879
f 2207/754/2207 1948/681/2145 2046/390/1872
f 1948/681/2145 2207/754/2207 1870/508/1987
f 1914/838/2254 2034/680/2144 2208/651/2116
f 2208/651/2116 2137/650/2115 1914/838/2254
f 2084/732/2187 2068/685/2149 2209/736/2191
f 1973/501/1980 2209/736/2191 2068/685/2149
f 2210/656/2121 1970/726/2183 2123/834/2152
f 2026/505/1984 1970/726/2183 2210/656/2121
f 2040/798/2237 1878/546/2023 2211/799/2238
f 2040/798/2237 2211/799/2238 2199/830/2252
f 2082/817/2246 1910/555/2030 2212/470/1952
f 2082/817/2246 2212/470/1952 2079/469/1951
f 2105/796/2235 2217/424/1906 2213/467/1949
f 2105/796/2235 2213/467/1949 2038/468/1950
f 2214/718/2175 2010/759/2211 1966/667/2132
f 2010/759/2211 2214/718/2175 2144/541/2018
f 2202/782/2227 2215/533/2010 2013/414/1896
f 2013/414/1896 2215/533/2010 1935/415/1897
f 2216/755/2208 2109/506/1985 1870/508/1987
f 1870/508/1987 2207/754/2207 2216/755/2208
f 2217/424/1906 2105/796/2235 1980/688/2113
f 2217/424/1906 1980/688/2113 1873/422/1904
f 2097/781/2220 2218/780/2226 2011/528/2005
f 1973/501/1980 1896/503/1982 2219/504/1983
f 1973/501/1980 2219/504/1983 2158/662/2127
f 2076/560/2035 1898/679/2143 2220/677/2142
f 1898/679/2143 2064/761/2213 2220/677/2142
f 1884/447/1929 1881/804/2242 2221/445/1927
f 2073/695/2157 2221/445/1927 1881/804/2242
f 2096/434/1916 2222/823/2249 1950/631/2098
f 2096/434/1916 1960/813/2061 2222/823/2249
f 2175/716/2173 2223/526/2003 2191/715/2172
f 2223/526/2003 1901/523/2000 2191/715/2172
f 2123/834/2152 2224/835/2081 2210/656/2121
f 2155/518/1995 2224/611/2081 2123/690/2152
f 1962/408/1890 1946/418/1900 2225/417/1899
f 2225/417/1899 1904/453/1935 2232/847/2255
f 2050/698/2160 2114/802/2240 2226/543/2020
f 2226/543/2020 2114/802/2240 2024/788/2230
f 2166/647/2112 2227/646/2111 2153/625/2094
f 2227/646/2111 1925/623/1963 2153/625/2094
f 2132/558/2033 2228/738/2193 1977/737/2192
f 2187/557/2032 2160/576/2048 2200/578/2050
f 2214/718/2175 2229/748/2201 2169/751/2204
f 1987/456/1938 2169/751/2204 2229/748/2201
f 1932/643/2108 2197/642/2107 2230/675/2140
f 2230/675/2140 2080/649/2114 1932/643/2108
f 2128/431/1913 2231/735/2190 2108/746/2199
f 2108/746/2199 2231/735/2190 1976/733/2188
f 2014/574/2046 2135/783/2228 2148/402/1884
f 2135/783/2228 2126/797/2236 2148/402/1884
f 1962/408/1890 2225/417/1899 2232/847/2255
f 2232/847/2255 2204/708/2169 1962/408/1890
f 2181/792/2232 2028/791/2163 2233/836/1991
f 2028/701/2163 1871/700/2162 2233/514/1991
f 2234/551/2028 2065/550/2027 2008/569/1902
f 2044/693/2155 2234/743/2028 2008/420/1902
f 2117/500/1979 2023/784/1918 2235/464/1946
f 1896/513/1982 2235/464/1946 2023/784/1918
f 2121/552/1993 2236/832/2253 2245/553/2029
f 1884/447/1929 2236/833/2253 2121/516/1993
f 2025/652/2117 1934/539/2016 2237/789/2231
f 2065/550/2027 2025/652/2117 2237/789/2231
f 1965/724/2181 2104/722/2179 2238/723/2180
f 2104/722/2179 2175/716/2173 2238/723/2180
f 1950/631/2098 2239/731/2186 2146/629/2096
f 1950/631/2098 2068/685/2149 2239/731/2186
f 1972/727/2184 2240/728/2185 2242/795/2234
f 1972/727/2184 2098/686/2150 2240/728/2185
f 2241/749/2202 1990/564/2039 2140/750/2203
f 1990/564/2039 2241/749/2202 2116/573/2045
f 1939/794/2101 2035/448/1930 2242/795/2234
f 2035/448/1930 1972/727/2184 2242/795/2234
f 1929/669/2134 2243/612/2082 2066/614/2084
f 1922/641/2106 2243/612/2082 1929/669/2134
f 2111/697/2159 2073/695/2157 2244/430/1912
f 2111/697/2159 2244/430/1912 2118/429/1911
f 2245/553/2029 2236/832/2253 1897/559/2034
f 2245/553/2029 1897/559/2034 2109/506/1985
f 2071/590/2062 1916/587/2059 2246/536/2013
f 2246/536/2013 1916/587/2059 2043/488/1969
f 2247/621/2091 1984/479/1960 1924/619/2089
f 2247/621/2091 1924/619/2089 2171/770/2219
f 2104/722/2179 2248/487/1968 1878/546/2023
f 2163/489/1970 1878/546/2023 2248/487/1968
f 1920/809/2243 2249/496/1976 2106/604/1878
f 2047/524/2001 2249/496/1976 1920/809/2243
f 2170/522/1999 2140/841/2203 2250/843/2038
f 2250/563/2038 2140/750/2203 1990/564/2039
f 2089/661/2126 2251/547/2024 2052/549/2026
f 1905/425/1907 2251/547/2024 2089/661/2126
f 2218/780/2226 1943/486/1967 2011/528/2005
f 2205/426/1908 2102/561/2036 2252/676/2141
f 2205/426/1908 2252/676/2141 2220/677/2142
f 2205/426/1908 1905/425/1907 2102/561/2036
f 1978/399/1881 2147/778/2224 2194/803/2241
f 1978/399/1881 2194/803/2241 1942/548/2025
f 2184/392/1874 2107/618/2088 2253/617/2087
f 1923/666/2131 2184/392/1874 2253/617/2087
f 2157/763/2214 1888/762/2109 2254/840/2066
f 2254/594/2066 1888/644/2109 1919/602/2074
f 2255/600/2072 2003/599/2071 2164/848/2069
f 1918/711/2170 2255/600/2072 2164/848/2069
f 2016/532/2009 2116/573/2045 1909/654/2119
f 2191/715/2172 1899/534/2011 1965/724/2181
f 1877/584/2056 1964/586/2058 2133/828/2251
f 2163/842/1970 2045/608/2078 2130/607/2022
f 2155/518/1995 1954/613/2083 2243/612/2082
f 2372/387/2256 2392/388/2257 2394/389/2258
f 2433/390/1872 2461/391/1873 2571/392/1874
f 2393/393/1875 2516/394/2259 2385/395/2260
f 2493/396/2261 2293/397/2262 2261/398/2263
f 2365/399/2264 2428/400/2265 2529/401/2266
f 2535/402/2267 2472/403/2268 2442/404/2269
f 2261/398/2263 2295/405/2270 2509/406/2271
f 2289/407/2272 2349/408/2273 2356/409/2274
f 2477/410/2275 2338/411/2276 2262/412/2277
f 2569/413/2278 2400/414/2279 2322/415/2280
f 2486/416/2281 2612/417/2282 2333/418/2283
f 2405/419/2284 2395/420/2285 2269/421/2286
f 2260/422/2287 2302/423/2288 2604/424/2289
f 2292/425/2290 2592/426/2291 2478/427/2292
f 2355/428/2293 2505/429/2294 2631/430/2295
f 2515/431/2296 2429/432/2297 2394/389/2258
f 2277/433/2298 2483/434/2299 2327/435/2300
f 2410/436/2301 2521/437/2302 2267/438/2303
f 2317/439/2304 2280/440/2305 2383/441/2306
f 2588/442/2307 2384/443/2308 2331/444/2309
f 2608/445/1927 2514/446/1928 2271/447/1929
f 2385/395/2260 2422/448/2310 2370/449/1931
f 2580/450/1932 2270/451/1933 2416/452/1934
f 2291/453/2311 2528/454/2312 2567/455/2313
f 2580/450/1932 2374/456/1938 2270/451/1933
f 2276/457/2314 2382/458/2315 2548/459/2316
f 2259/460/2317 2336/461/2318 2511/462/2319
f 2350/463/2320 2622/464/2321 2278/465/2322
f 2475/466/2323 2410/436/2301 2267/438/2303
f 2600/467/2324 2302/423/2288 2425/468/2325
f 2466/469/2326 2599/470/2327 2373/471/2328
f 2585/472/2329 2543/473/2330 2466/474/2326
f 2436/475/2331 2445/476/2332 2407/477/2333
f 2256/478/2334 2371/479/2335 2518/480/2336
f 2552/481/2337 2312/482/2338 2497/483/2339
f 2449/484/2340 2569/413/2278 2322/415/2280
f 2488/485/2341 2276/457/2314 2262/412/2277
f 2276/457/2314 2488/485/2341 2330/486/2342
f 2635/487/2343 2430/488/2344 2550/489/2345
f 2340/490/2346 2266/491/2347 2358/492/2348
f 2350/463/2320 2278/465/2322 2336/461/2318
f 2340/490/2346 2358/492/2348 2523/493/2349
f 2593/494/2350 2293/495/2262 2636/496/2351
f 2564/497/2352 2340/490/2346 2523/493/2349
f 2280/440/2305 2350/498/2320 2554/499/2353
f 2622/464/2321 2350/463/2320 2504/500/2354
f 2360/501/2355 2290/502/2356 2283/503/2357
f 2606/504/2358 2425/468/2325 2413/505/2359
f 2496/506/1985 2560/507/1986 2257/508/1987
f 2583/509/1988 2370/449/1931 2530/510/2360
f 2290/511/2356 2538/512/2361 2283/513/2357
f 2340/490/2346 2622/464/2321 2266/491/2347
f 2620/514/1991 2583/509/1988 2530/510/2360
f 2399/515/1992 2271/447/1929 2508/516/1993
f 2323/517/2362 2542/518/2363 2332/519/2364
f 2315/520/2365 2465/521/2366 2557/522/2367
f 2288/523/2368 2593/494/2350 2434/524/2369
f 2404/525/2370 2610/526/2371 2443/527/2372
f 2398/528/2373 2565/529/2374 2287/530/2375
f 2579/531/2376 2403/532/2377 2602/533/2378
f 2286/534/2379 2288/523/2368 2434/524/2369
f 2430/488/2344 2441/535/2380 2633/536/2381
f 2509/406/2271 2575/537/2014 2480/538/2015
f 2321/539/2382 2525/540/2383 2531/541/2384
f 2440/542/2019 2613/543/2385 2308/544/2386
f 2550/489/2345 2517/545/2387 2265/546/2388
f 2349/408/2273 2289/407/2272 2333/418/2283
f 2638/547/2389 2329/548/2390 2439/549/2391
f 2567/455/2313 2452/550/2392 2621/551/2393
f 2261/398/2263 2293/397/2262 2295/405/2270
f 2508/552/1993 2632/553/2029 2399/554/1992
f 2297/555/2394 2446/556/2395 2574/557/2396
f 2297/555/2394 2574/557/2396 2519/558/2397
f 2496/506/1985 2399/554/1992 2632/553/2029
f 2496/506/1985 2284/559/2034 2560/507/1986
f 2463/560/2398 2489/561/2399 2361/562/2400
f 2637/563/2401 2377/564/2402 2315/565/2365
f 2297/555/2394 2373/471/2328 2599/470/2327
f 2585/472/2329 2383/441/2306 2543/473/2330
f 2570/566/2403 2416/452/1934 2526/567/2041
f 2452/550/2392 2269/568/2286 2395/569/2285
f 2299/570/2404 2259/460/2317 2511/462/2319
f 2379/571/2405 2297/555/2394 2294/572/2406
f 2315/565/2365 2377/564/2402 2503/573/2407
f 2401/574/2408 2426/575/2409 2449/484/2340
f 2547/576/2410 2344/577/2411 2587/578/2412
f 2402/579/2413 2493/396/2261 2547/576/2410
f 2321/539/2382 2531/541/2384 2576/580/2414
f 2570/566/2403 2414/581/2415 2416/452/1934
f 2532/582/2416 2346/583/2417 2264/584/2418
f 2264/584/2418 2320/585/2419 2351/586/2420
f 2303/587/2421 2550/489/2345 2430/488/2344
f 2566/588/2422 2347/589/2423 2458/590/2424
f 2462/591/2425 2419/592/2064 2314/593/2065
f 2641/594/2426 2500/595/2427 2450/596/2428
f 2551/597/2429 2463/560/2398 2487/598/2430
f 2390/599/2431 2642/600/2432 2423/601/2433
f 2500/595/2427 2641/594/2426 2306/602/2434
f 2374/456/1938 2368/603/2435 2270/451/1933
f 2636/496/2351 2293/495/2262 2493/604/2261
f 2336/461/2318 2279/605/2436 2511/462/2319
f 2424/606/2437 2517/607/2387 2432/608/2438
f 2515/431/2296 2274/609/2439 2482/610/2440
f 2542/518/2363 2323/517/2362 2611/611/2441
f 2630/612/2442 2341/613/2443 2453/614/2444
f 2461/391/1873 2304/615/2085 2571/392/1874
f 2470/616/2445 2640/617/2446 2494/618/2447
f 2311/619/2089 2440/542/2019 2308/544/2386
f 2507/620/2448 2634/621/2449 2389/622/2450
f 2312/623/2338 2457/624/2451 2540/625/2452
f 2442/404/2269 2570/626/2403 2526/627/2041
f 2313/628/2453 2533/629/2454 2281/630/2455
f 2483/434/2299 2337/631/2456 2435/632/2457
f 2512/633/2100 2326/634/2101 2282/635/2102
f 2549/636/2103 2334/637/2104 2387/638/2105
f 2579/639/2376 2436/475/2331 2407/477/2333
f 2407/640/2333 2403/532/2377 2579/531/2376
f 2309/641/2458 2542/518/2363 2630/612/2442
f 2478/427/2292 2329/548/2390 2638/547/2389
f 2267/438/2303 2584/642/2459 2319/643/2460
f 2521/437/2302 2584/642/2459 2267/438/2303
f 2275/644/2461 2318/645/2462 2306/602/2434
f 2470/616/2445 2614/646/2463 2553/647/2464
f 2367/648/2465 2453/614/2444 2341/613/2443
f 2467/649/2466 2475/466/2323 2267/438/2303
f 2264/584/2418 2346/583/2417 2320/585/2419
f 2423/601/2433 2642/600/2432 2320/585/2419
f 2269/568/2286 2452/550/2392 2414/581/2415
f 2524/650/2467 2595/651/2468 2412/652/2469
f 2506/653/2470 2602/533/2378 2296/654/2471
f 2506/653/2470 2401/574/2408 2449/484/2340
f 2325/655/2472 2597/656/2473 2539/657/2474
f 2573/658/2475 2423/601/2433 2320/585/2419
f 2324/659/2476 2356/409/2274 2349/408/2273
f 2456/660/2477 2476/661/2478 2439/549/2391
f 2325/655/2472 2545/662/2479 2413/505/2359
f 2413/505/2359 2597/656/2473 2325/655/2472
f 2326/634/2101 2314/593/2065 2549/636/2103
f 2370/449/1931 2422/448/2310 2530/510/2360
f 2313/628/2453 2473/663/2480 2533/629/2454
f 2424/606/2437 2313/628/2453 2454/664/2481
f 2328/665/2130 2433/390/1872 2310/666/2131
f 2509/406/2271 2480/538/2015 2353/667/2132
f 2420/668/2482 2316/669/2483 2329/548/2390
f 2559/670/2484 2565/529/2374 2398/528/2373
f 2417/671/2485 2634/621/2449 2507/620/2448
f 2396/672/2486 2339/673/2487 2273/674/2488
f 2617/675/2489 2339/673/2487 2396/672/2486
f 2639/676/2490 2489/561/2399 2607/677/2491
f 2551/597/2429 2390/678/2431 2285/679/2492
f 2486/416/2281 2291/453/2311 2612/417/2282
f 2321/539/2382 2421/680/2493 2525/540/2383
f 2334/637/2104 2282/635/2102 2387/638/2105
f 2335/681/2145 2282/635/2102 2334/637/2104
f 2335/681/2145 2257/508/1987 2560/507/1986
f 2353/667/2132 2480/538/2015 2378/682/2146
f 2336/461/2318 2590/683/2494 2279/605/2436
f 2278/465/2322 2564/497/2352 2336/461/2318
f 2481/684/2495 2290/502/2356 2337/631/2456
f 2337/631/2456 2290/502/2356 2455/685/2496
f 2256/478/2334 2338/411/2276 2485/686/2497
f 2518/480/2336 2488/485/2341 2256/478/2334
f 2317/439/2304 2339/673/2487 2617/675/2489
f 2317/439/2304 2383/441/2306 2585/472/2329
f 2464/687/2498 2340/490/2346 2564/497/2352
f 2622/464/2321 2340/490/2346 2464/687/2498
f 2367/688/2465 2341/689/2443 2260/422/2287
f 2341/613/2443 2542/518/2363 2510/690/2499
f 2551/597/2429 2487/598/2430 2342/691/2500
f 2375/692/2501 2431/693/2502 2395/420/2285
f 2343/694/2156 2583/509/1988 2460/695/2503
f 2406/696/2158 2498/697/2159 2437/698/2504
f 2289/407/2272 2438/699/2505 2333/418/2283
f 2297/555/2394 2519/558/2397 2373/471/2328
f 2258/700/2162 2415/701/2163 2345/702/2164
f 2514/446/1928 2460/695/2503 2258/700/2162
f 2320/585/2419 2346/583/2417 2573/658/2475
f 2448/703/2506 2290/511/2356 2347/589/2423
f 2347/589/2423 2566/588/2422 2448/703/2506
f 2348/704/2507 2559/705/2484 2555/706/2508
f 2274/609/2439 2515/431/2296 2394/389/2258
f 2291/453/2311 2263/707/2509 2591/708/2510
f 2324/659/2476 2591/708/2510 2456/709/2477
f 2350/463/2320 2259/460/2317 2554/710/2353
f 2336/461/2318 2259/460/2317 2350/463/2320
f 2305/711/2511 2546/712/2512 2320/585/2419
f 2546/713/2512 2305/714/2511 2342/691/2500
f 2578/715/2513 2288/523/2368 2286/534/2379
f 2562/716/2514 2443/527/2372 2610/526/2371
f 2353/667/2132 2378/682/2146 2409/717/2174
f 2601/718/2175 2376/719/2176 2298/720/2177
f 2482/610/2440 2313/628/2453 2354/721/2515
f 2313/628/2453 2281/630/2455 2354/721/2515
f 2635/487/2343 2491/722/2516 2430/488/2344
f 2625/723/2517 2578/715/2513 2352/724/2518
f 2588/442/2307 2396/672/2486 2273/674/2488
f 2572/725/2519 2466/469/2326 2373/471/2328
f 2302/423/2288 2260/422/2287 2357/726/2520
f 2260/422/2287 2341/689/2443 2357/726/2520
f 2633/536/2381 2441/535/2380 2566/588/2422
f 2566/588/2422 2458/590/2424 2633/536/2381
f 2385/395/2260 2359/727/2521 2422/448/2310
f 2627/728/2522 2462/729/2425 2314/730/2065
f 2626/731/2523 2455/685/2496 2471/732/2524
f 2363/733/2525 2545/662/2479 2573/658/2475
f 2463/560/2398 2361/562/2400 2300/734/2526
f 2375/692/2501 2300/734/2526 2431/693/2502
f 2295/405/2270 2575/537/2014 2509/406/2271
f 2295/405/2270 2399/554/1992 2575/537/2014
f 2281/630/2455 2618/735/2527 2515/431/2296
f 2596/736/2528 2618/735/2527 2471/732/2524
f 2289/407/2272 2364/737/2529 2438/699/2505
f 2615/738/2530 2587/578/2412 2380/739/2531
f 2329/548/2390 2316/669/2483 2365/399/2264
f 2490/740/2532 2316/669/2483 2453/614/2444
f 2336/461/2318 2366/741/2533 2590/683/2494
f 2366/741/2533 2523/493/2349 2434/524/2369
f 2475/466/2323 2467/649/2466 2367/648/2465
f 2600/467/2324 2604/424/2289 2302/423/2288
f 2497/742/2339 2312/623/2338 2614/646/2463
f 2614/646/2463 2306/602/2434 2318/645/2462
f 2292/425/2290 2478/427/2292 2638/547/2389
f 2431/693/2502 2292/425/2290 2621/743/2393
f 2343/694/2156 2370/449/1931 2583/509/1988
f 2408/744/2197 2516/394/2259 2393/393/1875
f 2371/479/2335 2541/745/2198 2311/619/2089
f 2634/621/2449 2417/671/2485 2371/479/2335
f 2532/582/2416 2495/746/2534 2388/747/2535
f 2429/432/2297 2515/431/2296 2495/746/2534
f 2373/471/2328 2364/737/2529 2289/407/2272
f 2572/725/2519 2373/471/2328 2289/407/2272
f 2310/666/2131 2374/456/1938 2616/748/2201
f 2470/616/2445 2553/647/2464 2640/617/2446
f 2342/691/2500 2487/598/2430 2375/692/2501
f 2342/691/2500 2628/749/2536 2527/750/2537
f 2601/718/2175 2556/751/2204 2376/719/2176
f 2376/719/2176 2556/751/2204 2374/456/1938
f 2468/752/2538 2628/749/2536 2342/691/2500
f 2426/575/2409 2474/753/2539 2449/484/2340
f 2594/754/2207 2328/665/2130 2378/682/2146
f 2603/755/2208 2594/754/2207 2378/682/2146
f 2299/570/2404 2511/462/2319 2379/756/2405
f 2543/473/2330 2383/441/2306 2444/757/2540
f 2380/739/2531 2587/578/2412 2344/577/2411
f 2447/758/2541 2344/577/2411 2397/759/2542
f 2381/760/2543 2323/517/2362 2332/519/2364
f 2381/760/2543 2451/761/2544 2285/679/2492
f 2382/458/2315 2275/762/2461 2544/763/2545
f 2577/764/2546 2275/765/2461 2391/766/2547
f 2383/441/2306 2554/499/2353 2444/757/2540
f 2280/440/2305 2554/499/2353 2383/441/2306
f 2324/767/2476 2456/660/2477 2384/443/2308
f 2384/443/2308 2588/442/2307 2324/767/2476
f 2459/768/2548 2359/727/2521 2385/395/2260
f 2516/394/2259 2459/768/2548 2385/395/2260
f 2386/769/2549 2374/456/1938 2310/666/2131
f 2386/769/2549 2368/603/2435 2374/456/1938
f 2326/634/2101 2387/638/2105 2282/635/2102
f 2549/636/2103 2387/638/2105 2326/634/2101
f 2532/582/2416 2388/747/2535 2346/583/2417
f 2634/621/2449 2558/770/2550 2389/622/2450
f 2517/607/2387 2424/606/2437 2454/664/2481
f 2381/771/2543 2390/599/2431 2423/601/2433
f 2390/678/2431 2381/760/2543 2285/679/2492
f 2382/772/2315 2391/766/2547 2275/765/2461
f 2569/413/2278 2382/772/2315 2484/773/2551
f 2502/774/2552 2392/388/2257 2372/387/2256
f 2370/449/1931 2393/393/1875 2385/395/2260
f 2370/449/1931 2408/744/2197 2393/393/1875
f 2392/388/2257 2436/475/2331 2563/775/2553
f 2563/775/2553 2348/704/2507 2555/706/2508
f 2621/743/2393 2292/425/2290 2369/776/2554
f 2621/551/2393 2369/777/2554 2567/455/2313
f 2331/444/2309 2396/672/2486 2588/442/2307
f 2365/399/2264 2529/401/2266 2534/778/2555
f 2397/759/2542 2499/779/2556 2353/667/2132
f 2353/667/2132 2409/717/2174 2601/718/2175
f 2605/780/2557 2276/457/2314 2330/486/2342
f 2484/781/2551 2382/458/2315 2276/457/2314
f 2295/405/2270 2293/397/2262 2399/554/1992
f 2293/495/2262 2404/525/2370 2399/515/1992
f 2589/782/2558 2400/414/2279 2484/773/2551
f 2484/773/2551 2400/414/2279 2569/413/2278
f 2296/654/2471 2401/574/2408 2506/653/2470
f 2602/533/2378 2403/532/2377 2296/654/2471
f 2296/654/2471 2503/573/2407 2401/574/2408
f 2503/573/2407 2522/783/2559 2401/574/2408
f 2404/525/2370 2271/447/1929 2399/515/1992
f 2404/525/2370 2443/527/2372 2271/447/1929
f 2405/419/2284 2375/692/2501 2395/420/2285
f 2468/752/2538 2342/691/2500 2375/692/2501
f 2343/694/2156 2498/697/2159 2406/696/2158
f 2516/394/2259 2408/744/2197 2541/745/2198
f 2315/565/2365 2403/532/2377 2407/640/2333
f 2445/476/2332 2315/520/2365 2407/477/2333
f 2541/745/2198 2408/744/2197 2343/694/2156
f 2408/744/2197 2370/449/1931 2343/694/2156
f 2409/717/2174 2378/682/2146 2328/665/2130
f 2616/748/2201 2328/665/2130 2310/666/2131
f 2410/784/2301 2272/785/2560 2283/513/2357
f 2283/513/2357 2538/512/2361 2622/464/2321
f 2558/786/2550 2411/787/2561 2482/610/2440
f 2308/544/2386 2613/543/2385 2411/788/2561
f 2412/652/2469 2595/651/2468 2321/539/2382
f 2414/581/2415 2452/550/2392 2624/789/2562
f 2413/505/2359 2302/423/2288 2357/726/2520
f 2425/468/2325 2302/423/2288 2413/505/2359
f 2321/539/2382 2576/580/2414 2414/581/2415
f 2321/539/2382 2414/581/2415 2624/789/2562
f 2345/790/2164 2415/791/2163 2568/792/2232
f 2512/633/2100 2282/635/2102 2568/792/2232
f 2576/580/2414 2416/452/1934 2414/581/2415
f 2576/580/2414 2580/450/1932 2416/452/1934
f 2488/485/2341 2518/480/2336 2330/486/2342
f 2518/480/2336 2507/620/2448 2559/670/2484
f 2418/793/2563 2405/419/2284 2472/403/2268
f 2468/752/2538 2375/692/2501 2405/419/2284
f 2419/592/2064 2549/636/2103 2314/593/2065
f 2304/615/2085 2494/618/2447 2571/392/1874
f 2309/641/2458 2316/669/2483 2420/668/2482
f 2451/761/2544 2309/641/2458 2420/668/2482
f 2528/454/2312 2291/453/2311 2486/416/2281
f 2314/730/2065 2326/794/2101 2629/795/2564
f 2629/795/2564 2627/728/2522 2314/730/2065
f 2325/655/2472 2539/657/2474 2423/601/2433
f 2381/771/2543 2423/601/2433 2539/657/2474
f 2424/606/2437 2432/608/2438 2435/632/2457
f 2313/628/2453 2424/606/2437 2473/663/2480
f 2606/504/2358 2283/503/2357 2425/468/2325
f 2283/503/2357 2492/796/2235 2425/468/2325
f 2628/749/2536 2468/752/2538 2513/797/2565
f 2503/573/2407 2628/749/2536 2522/783/2559
f 2265/546/2388 2427/798/2566 2491/722/2516
f 2265/546/2388 2517/545/2387 2598/799/2567
f 2490/740/2532 2453/614/2444 2428/400/2265
f 2428/400/2265 2617/675/2489 2396/672/2486
f 2429/432/2297 2495/746/2534 2532/582/2416
f 2372/387/2256 2394/389/2258 2429/432/2297
f 2352/724/2518 2441/535/2380 2430/488/2344
f 2491/722/2516 2352/724/2518 2430/488/2344
f 2361/562/2400 2292/425/2290 2431/693/2502
f 2361/562/2400 2431/693/2502 2300/734/2526
f 2327/435/2300 2432/608/2438 2277/433/2298
f 2594/754/2207 2433/390/1872 2328/665/2130
f 2335/681/2145 2334/637/2104 2433/390/1872
f 2593/494/2350 2636/496/2351 2434/524/2369
f 2366/741/2533 2434/524/2369 2582/800/2568
f 2327/435/2300 2483/434/2299 2435/632/2457
f 2432/608/2438 2327/435/2300 2435/632/2457
f 2436/475/2331 2287/801/2375 2348/704/2507
f 2348/704/2507 2563/775/2553 2436/475/2331
f 2598/799/2567 2411/788/2561 2501/802/2569
f 2427/798/2566 2505/429/2294 2355/428/2293
f 2364/737/2529 2380/739/2531 2438/699/2505
f 2380/739/2531 2344/577/2411 2447/758/2541
f 2439/549/2391 2329/548/2390 2581/803/2570
f 2384/443/2308 2456/660/2477 2439/549/2391
f 2406/696/2158 2613/543/2385 2440/542/2019
f 2406/696/2158 2541/745/2198 2343/694/2156
f 2441/535/2380 2352/724/2518 2286/534/2379
f 2441/535/2380 2286/534/2379 2434/524/2369
f 2312/482/2338 2442/404/2269 2526/627/2041
f 2312/482/2338 2474/753/2539 2442/404/2269
f 2268/804/2242 2271/447/1929 2443/527/2372
f 2608/445/1927 2460/695/2503 2514/446/1928
f 2379/756/2405 2444/805/2540 2299/570/2404
f 2294/572/2406 2444/806/2540 2379/571/2405
f 2436/475/2331 2392/388/2257 2445/476/2332
f 2392/388/2257 2502/774/2552 2465/521/2366
f 2297/807/2394 2279/605/2436 2446/808/2395
f 2279/605/2436 2307/809/2571 2446/808/2395
f 2438/699/2505 2380/739/2531 2447/758/2541
f 2438/699/2505 2447/758/2541 2536/810/2572
f 2266/491/2347 2448/703/2506 2566/588/2422
f 2622/464/2321 2538/512/2361 2266/491/2347
f 2312/482/2338 2552/481/2337 2449/484/2340
f 2474/753/2539 2312/482/2338 2449/484/2340
f 2382/458/2315 2544/763/2545 2548/459/2316
f 2462/729/2425 2477/410/2275 2262/412/2277
f 2332/519/2364 2542/518/2363 2451/761/2544
f 2381/760/2543 2332/519/2364 2451/761/2544
f 2528/454/2312 2452/550/2392 2567/455/2313
f 2452/550/2392 2524/650/2467 2412/652/2469
f 2467/649/2466 2267/438/2303 2319/643/2460
f 2428/400/2265 2467/649/2466 2617/675/2489
f 2558/786/2550 2482/610/2440 2389/811/2450
f 2274/609/2439 2389/811/2450 2482/610/2440
f 2455/685/2496 2290/502/2356 2360/501/2355
f 2606/504/2358 2413/505/2359 2545/662/2479
f 2456/709/2477 2263/707/2509 2369/777/2554
f 2456/709/2477 2591/708/2510 2263/707/2509
f 2270/451/1933 2540/625/2452 2457/624/2451
f 2537/812/2245 2416/452/1934 2270/451/1933
f 2347/813/2423 2277/433/2298 2458/814/2424
f 2303/587/2421 2458/590/2424 2550/489/2345
f 2256/478/2334 2485/686/2497 2459/768/2548
f 2459/768/2548 2371/479/2335 2256/478/2334
f 2343/694/2156 2460/695/2503 2498/697/2159
f 2460/695/2503 2268/804/2242 2631/430/2295
f 2334/637/2104 2304/615/2085 2461/391/1873
f 2461/391/1873 2433/390/1872 2334/637/2104
f 2419/592/2064 2462/591/2425 2450/596/2428
f 2262/412/2277 2450/815/2428 2462/729/2425
f 2285/679/2492 2463/560/2398 2551/597/2429
f 2463/560/2398 2607/677/2491 2489/561/2399
f 2564/497/2352 2278/465/2322 2464/687/2498
f 2464/687/2498 2278/465/2322 2622/464/2321
f 2392/388/2257 2465/521/2366 2445/476/2332
f 2315/520/2365 2445/476/2332 2465/521/2366
f 2466/474/2326 2588/442/2307 2273/674/2488
f 2273/674/2488 2585/472/2329 2466/474/2326
f 2467/649/2466 2428/400/2265 2453/614/2444
f 2453/614/2444 2367/648/2465 2467/649/2466
f 2418/793/2563 2468/752/2538 2405/419/2284
f 2468/752/2538 2418/793/2563 2513/797/2565
f 2543/816/2330 2469/817/2573 2466/469/2326
f 2294/572/2406 2297/555/2394 2469/817/2573
f 2306/602/2434 2470/616/2445 2494/618/2447
f 2470/616/2445 2306/602/2434 2614/646/2463
f 2626/731/2523 2471/732/2524 2281/630/2455
f 2618/735/2527 2281/630/2455 2471/732/2524
f 2405/419/2284 2269/421/2286 2472/403/2268
f 2269/568/2286 2414/581/2415 2479/818/2574
f 2533/629/2454 2473/663/2480 2435/632/2457
f 2424/606/2437 2435/632/2457 2473/663/2480
f 2418/793/2563 2472/403/2268 2535/402/2267
f 2475/466/2323 2272/819/2560 2410/436/2301
f 2492/796/2235 2283/503/2357 2272/820/2560
f 2369/776/2554 2476/661/2478 2456/660/2477
f 2292/425/2290 2476/661/2478 2369/776/2554
f 2485/686/2497 2338/411/2276 2477/410/2275
f 2477/410/2275 2462/729/2425 2627/728/2522
f 2420/668/2482 2478/427/2292 2451/761/2544
f 2478/427/2292 2420/668/2482 2329/548/2390
f 2472/403/2268 2479/821/2574 2442/404/2269
f 2269/421/2286 2479/821/2574 2472/403/2268
f 2603/755/2208 2378/682/2146 2480/538/2015
f 2362/822/2248 2603/755/2208 2480/538/2015
f 2347/813/2423 2290/502/2356 2481/684/2495
f 2337/631/2456 2609/823/2575 2481/684/2495
f 2454/664/2481 2482/610/2440 2411/787/2561
f 2313/628/2453 2482/610/2440 2454/664/2481
f 2421/680/2493 2561/824/2576 2447/758/2541
f 2277/433/2298 2347/813/2423 2483/434/2299
f 2347/813/2423 2481/684/2495 2609/823/2575
f 2605/780/2557 2484/781/2551 2276/457/2314
f 2484/781/2551 2398/528/2373 2589/825/2558
f 2359/727/2521 2459/768/2548 2485/686/2497
f 2485/686/2497 2477/410/2275 2627/728/2522
f 2486/416/2281 2561/824/2576 2421/680/2493
f 2300/734/2526 2487/598/2430 2463/560/2398
f 2375/692/2501 2487/598/2430 2300/734/2526
f 2488/485/2341 2338/411/2276 2256/478/2334
f 2338/411/2276 2488/485/2341 2262/412/2277
f 2361/562/2400 2489/561/2399 2292/425/2290
f 2365/399/2264 2316/669/2483 2490/740/2532
f 2490/740/2532 2428/400/2265 2365/399/2264
f 2427/798/2566 2355/428/2293 2491/722/2516
f 2578/715/2513 2625/723/2517 2562/716/2514
f 2492/826/2235 2475/466/2323 2367/648/2465
f 2272/819/2560 2475/466/2323 2492/826/2235
f 2446/808/2395 2307/809/2571 2493/604/2261
f 2446/556/2395 2493/396/2261 2402/579/2413
f 2500/595/2427 2306/602/2434 2494/618/2447
f 2304/615/2085 2419/592/2064 2494/618/2447
f 2363/733/2525 2573/658/2475 2388/747/2535
f 2618/735/2527 2545/662/2479 2363/733/2525
f 2399/554/1992 2496/506/1985 2362/822/2248
f 2362/822/2248 2496/506/1985 2603/755/2208
f 2318/645/2462 2497/742/2339 2614/646/2463
f 2275/644/2461 2577/827/2546 2318/645/2462
f 2443/527/2372 2631/430/2295 2268/804/2242
f 2631/430/2295 2443/527/2372 2562/716/2514
f 2344/577/2411 2547/576/2410 2499/779/2556
f 2499/779/2556 2397/759/2542 2344/577/2411
f 2494/618/2447 2419/592/2064 2500/595/2427
f 2419/592/2064 2450/596/2428 2500/595/2427
f 2613/543/2385 2406/696/2158 2437/698/2504
f 2437/698/2504 2498/697/2159 2505/429/2294
f 2520/828/2577 2502/774/2552 2264/584/2418
f 2372/387/2256 2264/584/2418 2502/774/2552
f 2503/573/2407 2403/532/2377 2315/565/2365
f 2584/642/2459 2504/829/2354 2280/440/2305
f 2504/829/2354 2350/498/2320 2280/440/2305
f 2501/802/2569 2505/429/2294 2586/830/2578
f 2505/429/2294 2501/802/2569 2437/698/2504
f 2506/653/2470 2322/415/2280 2602/533/2378
f 2449/484/2340 2322/415/2280 2506/653/2470
f 2389/811/2450 2274/609/2439 2507/831/2448
f 2507/831/2448 2274/609/2439 2559/705/2484
f 2623/832/2253 2345/790/2164 2284/559/2034
f 2623/833/2253 2258/700/2162 2345/702/2164
f 2261/398/2263 2509/406/2271 2499/779/2556
f 2509/406/2271 2353/667/2132 2499/779/2556
f 2510/834/2499 2357/726/2520 2341/689/2443
f 2597/656/2473 2611/835/2441 2539/657/2474
f 2297/807/2394 2379/756/2405 2511/462/2319
f 2511/462/2319 2279/605/2436 2297/807/2394
f 2512/633/2100 2620/836/1991 2530/837/2360
f 2568/792/2232 2620/836/1991 2512/633/2100
f 2401/574/2408 2535/402/2267 2426/575/2409
f 2426/575/2409 2535/402/2267 2474/753/2539
f 2258/700/2162 2623/833/2253 2514/446/1928
f 2271/447/1929 2514/446/1928 2623/833/2253
f 2354/721/2515 2281/630/2455 2515/431/2296
f 2515/431/2296 2482/610/2440 2354/721/2515
f 2541/745/2198 2371/479/2335 2516/394/2259
f 2516/394/2259 2371/479/2335 2459/768/2548
f 2454/664/2481 2411/787/2561 2517/607/2387
f 2598/799/2567 2517/545/2387 2411/788/2561
f 2371/479/2335 2417/671/2485 2518/480/2336
f 2518/480/2336 2417/671/2485 2507/620/2448
f 2301/838/2579 2486/416/2281 2421/680/2493
f 2421/680/2493 2321/539/2382 2595/651/2468
f 2373/471/2328 2519/558/2397 2364/737/2529
f 2364/737/2529 2615/738/2530 2380/739/2531
f 2465/521/2366 2502/774/2552 2520/828/2577
f 2557/522/2367 2465/521/2366 2520/828/2577
f 2504/829/2354 2584/642/2459 2521/437/2302
f 2410/436/2301 2504/829/2354 2521/437/2302
f 2522/783/2559 2628/749/2536 2513/797/2565
f 2535/402/2267 2513/797/2565 2418/793/2563
f 2358/492/2348 2441/535/2380 2523/493/2349
f 2441/535/2380 2434/524/2369 2523/493/2349
f 2486/416/2281 2301/838/2579 2528/454/2312
f 2561/824/2576 2536/810/2572 2447/758/2541
f 2397/759/2542 2525/540/2383 2447/758/2541
f 2337/631/2456 2533/629/2454 2435/632/2457
f 2312/623/2338 2526/567/2041 2457/624/2451
f 2537/812/2245 2270/451/1933 2457/624/2451
f 2557/522/2367 2520/828/2577 2351/586/2420
f 2351/586/2420 2320/585/2419 2546/712/2512
f 2528/454/2312 2301/838/2579 2524/650/2467
f 2528/454/2312 2524/650/2467 2452/550/2392
f 2331/444/2309 2529/401/2266 2396/672/2486
f 2428/400/2265 2396/672/2486 2529/401/2266
f 2530/510/2360 2422/448/2310 2326/794/2101
f 2512/633/2100 2530/837/2360 2326/634/2101
f 2525/540/2383 2397/759/2542 2531/541/2384
f 2601/718/2175 2298/720/2177 2531/541/2384
f 2429/432/2297 2532/582/2416 2372/387/2256
f 2372/387/2256 2532/582/2416 2264/584/2418
f 2533/629/2454 2626/731/2523 2281/630/2455
f 2534/778/2555 2529/401/2266 2331/444/2309
f 2534/778/2555 2331/444/2309 2581/803/2570
f 2474/753/2539 2535/402/2267 2442/404/2269
f 2438/699/2505 2536/810/2572 2333/418/2283
f 2333/418/2283 2536/810/2572 2486/416/2281
f 2526/567/2041 2537/812/2245 2457/624/2451
f 2537/812/2245 2526/567/2041 2416/452/1934
f 2448/703/2506 2266/491/2347 2538/512/2361
f 2448/703/2506 2538/512/2361 2290/511/2356
f 2381/771/2543 2539/657/2474 2323/839/2362
f 2323/839/2362 2539/657/2474 2611/835/2441
f 2270/451/1933 2368/603/2435 2540/625/2452
f 2553/647/2464 2540/625/2452 2368/603/2435
f 2541/745/2198 2406/696/2158 2440/542/2019
f 2541/745/2198 2440/542/2019 2311/619/2089
f 2451/761/2544 2542/518/2363 2309/641/2458
f 2294/572/2406 2469/817/2573 2543/816/2330
f 2543/816/2330 2444/806/2540 2294/572/2406
f 2262/412/2277 2544/763/2545 2450/815/2428
f 2450/815/2428 2544/763/2545 2641/840/2426
f 2545/662/2479 2618/735/2527 2596/736/2528
f 2527/841/2537 2351/586/2420 2546/712/2512
f 2546/713/2512 2342/691/2500 2527/750/2537
f 2360/501/2355 2545/662/2479 2596/736/2528
f 2547/576/2410 2261/398/2263 2499/779/2556
f 2493/396/2261 2261/398/2263 2547/576/2410
f 2548/459/2316 2544/763/2545 2262/412/2277
f 2276/457/2314 2548/459/2316 2262/412/2277
f 2334/637/2104 2549/636/2103 2304/615/2085
f 2304/615/2085 2549/636/2103 2419/592/2064
f 2277/433/2298 2550/842/2345 2458/814/2424
f 2550/842/2345 2277/433/2298 2432/608/2438
f 2305/714/2511 2551/597/2429 2342/691/2500
f 2305/711/2511 2320/585/2419 2642/600/2432
f 2552/481/2337 2577/764/2546 2391/766/2547
f 2569/413/2278 2391/766/2547 2382/772/2315
f 2368/603/2435 2386/769/2549 2553/647/2464
f 2386/769/2549 2640/617/2446 2553/647/2464
f 2554/710/2353 2259/460/2317 2299/570/2404
f 2444/805/2540 2554/710/2353 2299/570/2404
f 2274/609/2439 2394/389/2258 2555/706/2508
f 2274/609/2439 2555/706/2508 2559/705/2484
f 2409/717/2174 2328/665/2130 2616/748/2201
f 2409/717/2174 2616/748/2201 2601/718/2175
f 2557/522/2367 2351/586/2420 2527/841/2537
f 2637/843/2401 2315/520/2365 2557/522/2367
f 2308/544/2386 2411/788/2561 2558/770/2550
f 2311/619/2089 2308/544/2386 2558/770/2550
f 2559/670/2484 2330/486/2342 2518/480/2336
f 2398/528/2373 2330/486/2342 2559/670/2484
f 2568/792/2232 2282/635/2102 2560/507/1986
f 2560/507/1986 2282/635/2102 2335/681/2145
f 2525/540/2383 2421/680/2493 2447/758/2541
f 2536/810/2572 2561/824/2576 2486/416/2281
f 2491/722/2516 2355/428/2293 2562/716/2514
f 2562/716/2514 2355/428/2293 2631/430/2295
f 2394/389/2258 2392/388/2257 2563/775/2553
f 2555/706/2508 2394/389/2258 2563/775/2553
f 2564/497/2352 2523/493/2349 2366/741/2533
f 2564/497/2352 2366/741/2533 2336/461/2318
f 2287/801/2375 2565/844/2374 2348/704/2507
f 2565/844/2374 2559/705/2484 2348/704/2507
f 2358/492/2348 2566/588/2422 2441/535/2380
f 2358/492/2348 2266/491/2347 2566/588/2422
f 2567/455/2313 2369/777/2554 2263/707/2509
f 2291/453/2311 2567/455/2313 2263/707/2509
f 2284/559/2034 2568/792/2232 2560/507/1986
f 2284/559/2034 2345/790/2164 2568/792/2232
f 2552/481/2337 2569/413/2278 2449/484/2340
f 2569/413/2278 2552/481/2337 2391/766/2547
f 2442/404/2269 2479/821/2574 2570/626/2403
f 2570/566/2403 2479/818/2574 2414/581/2415
f 2433/390/1872 2571/392/1874 2310/666/2131
f 2386/769/2549 2310/666/2131 2640/617/2446
f 2572/725/2519 2588/845/2307 2466/469/2326
f 2572/725/2519 2289/407/2272 2356/409/2274
f 2545/662/2479 2325/655/2472 2573/658/2475
f 2573/658/2475 2325/655/2472 2423/601/2433
f 2574/557/2396 2446/556/2395 2402/579/2413
f 2547/576/2410 2574/557/2396 2402/579/2413
f 2399/554/1992 2362/822/2248 2575/537/2014
f 2575/537/2014 2362/822/2248 2480/538/2015
f 2576/580/2414 2298/720/2177 2580/450/1932
f 2531/541/2384 2298/720/2177 2576/580/2414
f 2552/481/2337 2497/483/2339 2577/764/2546
f 2577/827/2546 2497/742/2339 2318/645/2462
f 2288/523/2368 2610/526/2371 2404/525/2370
f 2287/801/2375 2436/475/2331 2579/639/2376
f 2602/533/2378 2589/782/2558 2579/531/2376
f 2376/719/2176 2374/456/1938 2580/450/1932
f 2376/719/2176 2580/450/1932 2298/720/2177
f 2384/443/2308 2581/803/2570 2331/444/2309
f 2581/803/2570 2384/443/2308 2439/549/2391
f 2366/741/2533 2582/800/2568 2590/683/2494
f 2582/800/2568 2434/524/2369 2307/809/2571
f 2258/700/2162 2583/509/1988 2620/514/1991
f 2460/695/2503 2583/509/1988 2258/700/2162
f 2584/642/2459 2280/440/2305 2317/439/2304
f 2584/642/2459 2317/439/2304 2617/675/2489
f 2317/439/2304 2585/472/2329 2339/673/2487
f 2339/673/2487 2585/472/2329 2273/674/2488
f 2598/799/2567 2501/802/2569 2586/830/2578
f 2586/830/2578 2505/429/2294 2427/798/2566
f 2615/738/2530 2519/558/2397 2587/578/2412
f 2519/558/2397 2574/557/2396 2587/578/2412
f 2588/845/2307 2572/725/2519 2356/409/2274
f 2356/409/2274 2324/659/2476 2588/845/2307
f 2579/531/2376 2589/782/2558 2287/846/2375
f 2589/825/2558 2398/528/2373 2287/530/2375
f 2388/747/2535 2495/746/2534 2363/733/2525
f 2573/658/2475 2346/583/2417 2388/747/2535
f 2590/683/2494 2307/809/2571 2279/605/2436
f 2582/800/2568 2307/809/2571 2590/683/2494
f 2591/708/2510 2619/847/2580 2291/453/2311
f 2591/708/2510 2324/659/2476 2349/408/2273
f 2451/761/2544 2478/427/2292 2592/426/2291
f 2451/761/2544 2592/426/2291 2607/677/2491
f 2288/523/2368 2404/525/2370 2593/494/2350
f 2593/494/2350 2404/525/2370 2293/495/2262
f 2594/754/2207 2335/681/2145 2433/390/1872
f 2335/681/2145 2594/754/2207 2257/508/1987
f 2301/838/2579 2421/680/2493 2595/651/2468
f 2595/651/2468 2524/650/2467 2301/838/2579
f 2471/732/2524 2455/685/2496 2596/736/2528
f 2360/501/2355 2596/736/2528 2455/685/2496
f 2597/656/2473 2357/726/2520 2510/834/2499
f 2413/505/2359 2357/726/2520 2597/656/2473
f 2427/798/2566 2265/546/2388 2598/799/2567
f 2427/798/2566 2598/799/2567 2586/830/2578
f 2469/817/2573 2297/555/2394 2599/470/2327
f 2469/817/2573 2599/470/2327 2466/469/2326
f 2492/796/2235 2604/424/2289 2600/467/2324
f 2492/796/2235 2600/467/2324 2425/468/2325
f 2601/718/2175 2397/759/2542 2353/667/2132
f 2397/759/2542 2601/718/2175 2531/541/2384
f 2589/782/2558 2602/533/2378 2400/414/2279
f 2400/414/2279 2602/533/2378 2322/415/2280
f 2603/755/2208 2496/506/1985 2257/508/1987
f 2257/508/1987 2594/754/2207 2603/755/2208
f 2604/424/2289 2492/796/2235 2367/688/2465
f 2604/424/2289 2367/688/2465 2260/422/2287
f 2484/781/2551 2605/780/2557 2398/528/2373
f 2360/501/2355 2283/503/2357 2606/504/2358
f 2360/501/2355 2606/504/2358 2545/662/2479
f 2463/560/2398 2285/679/2492 2607/677/2491
f 2285/679/2492 2451/761/2544 2607/677/2491
f 2271/447/1929 2268/804/2242 2608/445/1927
f 2460/695/2503 2608/445/1927 2268/804/2242
f 2483/434/2299 2609/823/2575 2337/631/2456
f 2483/434/2299 2347/813/2423 2609/823/2575
f 2562/716/2514 2610/526/2371 2578/715/2513
f 2610/526/2371 2288/523/2368 2578/715/2513
f 2510/834/2499 2611/835/2441 2597/656/2473
f 2542/518/2363 2611/611/2441 2510/690/2499
f 2349/408/2273 2333/418/2283 2612/417/2282
f 2612/417/2282 2291/453/2311 2619/847/2580
f 2437/698/2504 2501/802/2569 2613/543/2385
f 2613/543/2385 2501/802/2569 2411/788/2561
f 2553/647/2464 2614/646/2463 2540/625/2452
f 2614/646/2463 2312/623/2338 2540/625/2452
f 2519/558/2397 2615/738/2530 2364/737/2529
f 2574/557/2396 2547/576/2410 2587/578/2412
f 2601/718/2175 2616/748/2201 2556/751/2204
f 2374/456/1938 2556/751/2204 2616/748/2201
f 2319/643/2460 2584/642/2459 2617/675/2489
f 2617/675/2489 2467/649/2466 2319/643/2460
f 2515/431/2296 2618/735/2527 2495/746/2534
f 2495/746/2534 2618/735/2527 2363/733/2525
f 2401/574/2408 2522/783/2559 2535/402/2267
f 2522/783/2559 2513/797/2565 2535/402/2267
f 2349/408/2273 2612/417/2282 2619/847/2580
f 2619/847/2580 2591/708/2510 2349/408/2273
f 2568/792/2232 2415/791/2163 2620/836/1991
f 2415/701/2163 2258/700/2162 2620/514/1991
f 2621/551/2393 2452/550/2392 2395/569/2285
f 2431/693/2502 2621/743/2393 2395/420/2285
f 2504/500/2354 2410/784/2301 2622/464/2321
f 2283/513/2357 2622/464/2321 2410/784/2301
f 2508/552/1993 2623/832/2253 2632/553/2029
f 2271/447/1929 2623/833/2253 2508/516/1993
f 2412/652/2469 2321/539/2382 2624/789/2562
f 2452/550/2392 2412/652/2469 2624/789/2562
f 2352/724/2518 2491/722/2516 2625/723/2517
f 2491/722/2516 2562/716/2514 2625/723/2517
f 2337/631/2456 2626/731/2523 2533/629/2454
f 2337/631/2456 2455/685/2496 2626/731/2523
f 2359/727/2521 2627/728/2522 2629/795/2564
f 2359/727/2521 2485/686/2497 2627/728/2522
f 2628/749/2536 2377/564/2402 2527/750/2537
f 2377/564/2402 2628/749/2536 2503/573/2407
f 2326/794/2101 2422/448/2310 2629/795/2564
f 2422/448/2310 2359/727/2521 2629/795/2564
f 2316/669/2483 2630/612/2442 2453/614/2444
f 2309/641/2458 2630/612/2442 2316/669/2483
f 2498/697/2159 2460/695/2503 2631/430/2295
f 2498/697/2159 2631/430/2295 2505/429/2294
f 2632/553/2029 2623/832/2253 2284/559/2034
f 2632/553/2029 2284/559/2034 2496/506/1985
f 2458/590/2424 2303/587/2421 2633/536/2381
f 2633/536/2381 2303/587/2421 2430/488/2344
f 2634/621/2449 2371/479/2335 2311/619/2089
f 2634/621/2449 2311/619/2089 2558/770/2550
f 2491/722/2516 2635/487/2343 2265/546/2388
f 2550/489/2345 2265/546/2388 2635/487/2343
f 2307/809/2571 2636/496/2351 2493/604/2261
f 2434/524/2369 2636/496/2351 2307/809/2571
f 2557/522/2367 2527/841/2537 2637/843/2401
f 2637/563/2401 2527/750/2537 2377/564/2402
f 2476/661/2478 2638/547/2389 2439/549/2391
f 2292/425/2290 2638/547/2389 2476/661/2478
f 2605/780/2557 2330/486/2342 2398/528/2373
f 2592/426/2291 2489/561/2399 2639/676/2490
f 2592/426/2291 2639/676/2490 2607/677/2491
f 2592/426/2291 2292/425/2290 2489/561/2399
f 2365/399/2264 2534/778/2555 2581/803/2570
f 2365/399/2264 2581/803/2570 2329/548/2390
f 2571/392/1874 2494/618/2447 2640/617/2446
f 2310/666/2131 2571/392/1874 2640/617/2446
f 2544/763/2545 2275/762/2461 2641/840/2426
f 2641/594/2426 2275/644/2461 2306/602/2434
f 2642/600/2432 2390/599/2431 2551/848/2429
f 2305/711/2511 2642/600/2432 2551/848/2429
f 2403/532/2377 2503/573/2407 2296/654/2471
f 2578/715/2513 2286/534/2379 2352/724/2518
f 2264/584/2418 2351/586/2420 2520/828/2577
f 2550/842/2345 2432/608/2438 2517/607/2387
f 2542/518/2363 2341/613/2443 2630/612/2442
