# Blender 4.1.0
# www.blender.org
mtllib BackgroundHill3.mtl
o Background_Hill
v -0.355612 0.043093 -0.322602
v -0.279790 0.045954 -0.272971
v -0.164494 0.051087 -0.219309
v -0.403468 0.049046 -0.287744
v -0.320324 0.050849 -0.238316
v -0.208086 0.053851 -0.180456
v -0.473362 0.061827 -0.224249
v -0.550195 0.077458 -0.158561
v -0.637677 0.095759 -0.092872
v -0.543562 0.098795 -0.047456
v -0.466729 0.078262 -0.113145
v -0.389897 0.059650 -0.178834
v -0.423558 0.075362 0.008514
v -0.349717 0.077904 -0.056200
v -0.275877 0.059971 -0.120914
v 0.573222 0.043902 -0.195261
v -0.089713 0.052932 -0.207578
v -0.027859 0.052375 -0.207578
v 0.033995 0.052230 -0.207578
v 0.095849 0.052231 -0.207578
v 0.157702 0.052231 -0.207578
v 0.219556 0.052231 -0.207578
v 0.281410 0.052231 -0.207578
v 0.343264 0.052231 -0.207578
v 0.405118 0.052231 -0.207578
v 0.466972 0.052231 -0.207578
v 0.679839 -0.150818 0.092718
v 0.654690 -0.100056 0.017644
v 0.629541 -0.049294 -0.057430
v 0.604392 0.001468 -0.132504
v -0.321865 0.039967 0.031050
v -0.262012 0.043416 -0.030159
v -0.202160 0.045502 -0.091367
v -0.143517 0.056925 -0.151542
v -0.219653 0.011846 0.041013
v -0.171705 0.021262 -0.021135
v -0.123756 0.031628 -0.083282
v -0.075808 0.053029 -0.135011
v -0.137501 -0.013641 0.049084
v -0.094627 0.002253 -0.015081
v -0.051753 0.019004 -0.079247
v -0.008879 0.044542 -0.143413
v -0.073937 -0.034727 0.055746
v -0.031491 -0.013479 -0.010085
v 0.010956 0.008424 -0.075916
v 0.053402 0.030342 -0.141747
v 0.003788 -0.059631 0.063625
v 0.042266 -0.032053 -0.004176
v 0.080745 -0.003959 -0.071977
v 0.119224 0.024136 -0.139777
v 0.092239 -0.087071 0.072338
v 0.124068 -0.052572 0.002359
v 0.155898 -0.017638 -0.067620
v 0.187727 0.017296 -0.137599
v 0.165603 -0.107218 0.078441
v 0.194555 -0.067036 0.006937
v 0.223507 -0.027185 -0.064568
v 0.252459 0.012523 -0.136073
v 0.245759 -0.128596 0.084246
v 0.270135 -0.081969 0.011290
v 0.294512 -0.036221 -0.061666
v 0.318888 0.008005 -0.134622
v 0.326497 -0.147921 0.089449
v 0.346152 -0.095523 0.015192
v 0.365808 -0.044381 -0.059064
v 0.385463 0.003971 -0.133321
v 0.424086 -0.157220 0.092251
v 0.434807 -0.101965 0.017294
v 0.445529 -0.048638 -0.057663
v 0.456251 0.001824 -0.132621
v -0.251608 0.047314 -0.258445
v -0.221490 0.048731 -0.243614
v -0.191699 0.050042 -0.230046
v -0.665466 0.105224 -0.076515
v -0.685702 0.111748 -0.060554
v -0.697533 0.115056 -0.045382
v -0.307808 0.049393 -0.249016
v -0.297335 0.048136 -0.257971
v -0.288222 0.047012 -0.265762
v -0.195203 0.053228 -0.191867
v -0.184021 0.052547 -0.201822
v -0.173974 0.051827 -0.210808
v -0.367701 0.043462 -0.321849
v -0.378861 0.044429 -0.315995
v -0.390376 0.046410 -0.304177
v -0.370802 0.056932 -0.195159
v -0.352388 0.054581 -0.210902
v -0.335335 0.052565 -0.225482
v -0.257511 0.055720 -0.137012
v -0.239713 0.054930 -0.152625
v -0.223049 0.054407 -0.167268
v -0.292190 0.051895 -0.223724
v -0.262407 0.052911 -0.208434
v -0.233523 0.053646 -0.193620
v -0.418800 0.050913 -0.270910
v -0.435854 0.054249 -0.256318
v -0.454268 0.057949 -0.240575
v -0.492570 0.065734 -0.207827
v -0.511779 0.069642 -0.191405
v -0.530987 0.073550 -0.174983
v -0.569403 0.081366 -0.142138
v -0.588611 0.085273 -0.125716
v -0.610053 0.089183 -0.109294
v -0.606733 0.110689 0.001810
v -0.582760 0.109035 -0.014612
v -0.562770 0.105176 -0.031034
v -0.524354 0.094310 -0.063879
v -0.505146 0.089924 -0.080301
v -0.485938 0.084267 -0.096723
v -0.447521 0.073369 -0.129567
v -0.428313 0.068427 -0.145989
v -0.409105 0.063353 -0.162412
v -0.478938 0.070491 0.057050
v -0.460478 0.070905 0.040872
v -0.442018 0.072275 0.024693
v -0.405098 0.078984 -0.007664
v -0.386638 0.081915 -0.023843
v -0.368177 0.081190 -0.040021
v -0.331257 0.074943 -0.072379
v -0.312797 0.070964 -0.088557
v -0.294337 0.066341 -0.104736
v -0.361735 0.059723 -0.164241
v -0.331757 0.060480 -0.148944
v -0.302344 0.060445 -0.134112
v -0.438520 0.081075 -0.098568
v -0.408216 0.083026 -0.083377
v -0.377914 0.081454 -0.068835
v -0.515306 0.097342 -0.032894
v -0.484674 0.091823 -0.017810
v -0.453485 0.083586 -0.003557
v 0.482340 0.052098 -0.207383
v 0.497135 0.051173 -0.206014
v 0.510782 0.048661 -0.202299
v -0.141557 0.051748 -0.212527
v -0.122256 0.052195 -0.209045
v -0.105379 0.052910 -0.207761
v -0.074250 0.052454 -0.207578
v -0.058786 0.052499 -0.207578
v -0.043323 0.052588 -0.207578
v -0.012396 0.052393 -0.207578
v 0.003068 0.052531 -0.207578
v 0.018531 0.052353 -0.207578
v 0.049458 0.052230 -0.207578
v 0.064921 0.052230 -0.207578
v 0.080385 0.052231 -0.207578
v 0.111312 0.052231 -0.207578
v 0.126775 0.052231 -0.207578
v 0.142239 0.052231 -0.207578
v 0.173166 0.052231 -0.207578
v 0.188629 0.052231 -0.207578
v 0.204093 0.052231 -0.207578
v 0.235020 0.052231 -0.207578
v 0.250484 0.052231 -0.207578
v 0.265947 0.052231 -0.207578
v 0.296874 0.052231 -0.207578
v 0.312337 0.052231 -0.207578
v 0.327801 0.052231 -0.207578
v 0.358728 0.052231 -0.207578
v 0.374191 0.052231 -0.207578
v 0.389655 0.052231 -0.207578
v 0.420582 0.052231 -0.207578
v 0.436045 0.052231 -0.207578
v 0.451509 0.052231 -0.207578
v 0.598009 0.014027 -0.151077
v 0.591053 0.025792 -0.168477
v 0.582950 0.035971 -0.183531
v 0.677545 -0.185370 0.143745
v 0.686145 -0.175142 0.128691
v 0.685342 -0.163377 0.111291
v 0.673551 -0.138128 0.073950
v 0.667264 -0.125437 0.055181
v 0.660977 -0.112747 0.036413
v 0.648403 -0.087366 -0.001124
v 0.642115 -0.074675 -0.019893
v 0.635828 -0.061985 -0.038661
v 0.623254 -0.036603 -0.076198
v 0.616966 -0.023913 -0.094967
v 0.610679 -0.011222 -0.113735
v 0.458931 0.014425 -0.151360
v 0.461611 0.027027 -0.170099
v 0.464292 0.039629 -0.188839
v 0.390377 0.016036 -0.151885
v 0.395291 0.028101 -0.170450
v 0.400205 0.040166 -0.189014
v 0.324982 0.019061 -0.152861
v 0.331076 0.030118 -0.171100
v 0.337170 0.041174 -0.189339
v 0.259696 0.022450 -0.153949
v 0.266934 0.032377 -0.171826
v 0.274172 0.042304 -0.189702
v 0.195684 0.026030 -0.155094
v 0.203642 0.034763 -0.172589
v 0.211599 0.043497 -0.190083
v 0.128843 0.031160 -0.156728
v 0.138463 0.038183 -0.173678
v 0.148083 0.045207 -0.190628
v 0.064014 0.035803 -0.158205
v 0.074625 0.041279 -0.174663
v 0.085237 0.046755 -0.191120
v 0.001839 0.047054 -0.159454
v 0.012558 0.048753 -0.175495
v 0.023276 0.049579 -0.191537
v -0.063821 0.053171 -0.155749
v -0.051834 0.051645 -0.176079
v -0.039847 0.051662 -0.192041
v -0.129669 0.055808 -0.165890
v -0.116161 0.055229 -0.179948
v -0.102881 0.054566 -0.193811
v -0.366755 0.038686 0.076957
v -0.351792 0.039355 0.061654
v -0.336828 0.039895 0.046352
v -0.306902 0.040439 0.015748
v -0.291939 0.041341 0.000446
v -0.276976 0.042463 -0.014856
v -0.247049 0.044076 -0.045461
v -0.232086 0.044036 -0.060763
v -0.217123 0.044600 -0.076065
v -0.187215 0.047458 -0.106653
v -0.172384 0.051707 -0.121842
v -0.157780 0.055140 -0.136837
v -0.255614 0.006193 0.087624
v -0.243627 0.008347 0.072087
v -0.231640 0.010152 0.056550
v -0.207666 0.013691 0.025476
v -0.195679 0.016100 0.009939
v -0.183692 0.018681 -0.005598
v -0.159717 0.023842 -0.036672
v -0.147730 0.026423 -0.052208
v -0.135743 0.029004 -0.067745
v -0.111769 0.035656 -0.098608
v -0.099782 0.043098 -0.109281
v -0.087795 0.049149 -0.119379
v -0.169657 -0.023904 0.097208
v -0.158938 -0.020164 0.081167
v -0.148220 -0.016848 0.065126
v -0.126783 -0.010155 0.033043
v -0.116064 -0.006077 0.017001
v -0.105346 -0.001912 0.000960
v -0.083909 0.006418 -0.031123
v -0.073190 0.010582 -0.047164
v -0.062472 0.014747 -0.063206
v -0.105772 -0.048813 0.105119
v -0.095160 -0.043785 0.088661
v -0.084549 -0.039236 0.072204
v -0.063326 -0.029867 0.039288
v -0.052714 -0.024431 0.022830
v -0.042102 -0.018955 0.006373
v -0.020879 -0.008003 -0.026543
v -0.010267 -0.002527 -0.043001
v 0.000344 0.002948 -0.059458
v 0.021567 0.013900 -0.092374
v 0.032179 0.019376 -0.108832
v 0.042790 0.024865 -0.125289
v -0.025071 -0.078222 0.114475
v -0.015452 -0.071662 0.097525
v -0.005832 -0.065660 0.080575
v 0.013407 -0.053116 0.046674
v 0.023027 -0.046101 0.029724
v 0.032647 -0.039077 0.012774
v 0.051886 -0.025030 -0.021126
v 0.061506 -0.018006 -0.038077
v 0.071125 -0.010982 -0.055027
v 0.090365 0.003065 -0.088927
v 0.099984 0.010089 -0.105877
v 0.109604 0.017112 -0.122827
v 0.068367 -0.110710 0.124823
v 0.076324 -0.102456 0.107328
v 0.084282 -0.094771 0.089833
v 0.100196 -0.078773 0.054844
v 0.108154 -0.070039 0.037349
v 0.116111 -0.061305 0.019854
v 0.132026 -0.043838 -0.015136
v 0.139983 -0.035105 -0.032630
v 0.147940 -0.026371 -0.050125
v 0.163855 -0.008904 -0.085115
v 0.171812 -0.000171 -0.102609
v 0.179770 0.008563 -0.120104
v 0.143890 -0.134688 0.132070
v 0.151127 -0.125216 0.114194
v 0.158365 -0.116269 0.096318
v 0.172841 -0.097454 0.060565
v 0.180079 -0.087299 0.042689
v 0.187317 -0.077149 0.024813
v 0.201793 -0.056990 -0.010940
v 0.209031 -0.047039 -0.028816
v 0.216269 -0.037112 -0.046692
v 0.230745 -0.017258 -0.082445
v 0.237983 -0.007331 -0.100321
v 0.245221 0.002596 -0.118197
v 0.227477 -0.160319 0.138963
v 0.233571 -0.149503 0.120723
v 0.239665 -0.139149 0.102485
v 0.251853 -0.117222 0.066007
v 0.257947 -0.105471 0.047768
v 0.264041 -0.093706 0.029529
v 0.276229 -0.070305 -0.006949
v 0.282324 -0.058761 -0.025188
v 0.288418 -0.047384 -0.043427
v 0.300606 -0.025165 -0.079905
v 0.306700 -0.014108 -0.098144
v 0.312794 -0.003052 -0.116383
v 0.311755 -0.183678 0.145142
v 0.316669 -0.171575 0.126578
v 0.321583 -0.159884 0.108013
v 0.331411 -0.135068 0.070885
v 0.336325 -0.121880 0.052321
v 0.341238 -0.108681 0.033757
v 0.351066 -0.082460 -0.003372
v 0.355980 -0.069547 -0.021936
v 0.360894 -0.056835 -0.040500
v 0.370721 -0.032224 -0.077629
v 0.375635 -0.020159 -0.096193
v 0.380549 -0.008094 -0.114757
v 0.416045 -0.196087 0.148469
v 0.418725 -0.183150 0.129730
v 0.421405 -0.170387 0.110991
v 0.426766 -0.143427 0.073512
v 0.429447 -0.129576 0.054773
v 0.432127 -0.115737 0.036033
v 0.437488 -0.088314 -0.001445
v 0.440168 -0.074840 -0.020185
v 0.442849 -0.061596 -0.038924
v 0.448210 -0.035981 -0.076403
v 0.450890 -0.023380 -0.095142
v 0.453570 -0.010778 -0.113881
v -0.396228 0.069345 0.017413
v -0.370894 0.060422 0.023593
v -0.346469 0.049618 0.027867
v -0.296305 0.032772 0.033829
v -0.270242 0.025922 0.036381
v -0.244438 0.018879 0.038759
v -0.196518 0.005004 0.043184
v -0.175134 -0.001563 0.045265
v -0.155472 -0.007798 0.047238
v -0.121068 -0.019078 0.050801
v -0.105516 -0.024267 0.052439
v -0.090066 -0.029414 0.054065
v -0.056492 -0.040383 0.057535
v -0.037669 -0.046418 0.059445
v -0.017549 -0.052834 0.061475
v 0.026144 -0.066747 0.065877
v 0.048857 -0.073894 0.068149
v 0.071148 -0.080774 0.070336
v 0.111609 -0.092565 0.074084
v 0.129776 -0.097569 0.075627
v 0.147515 -0.102372 0.077052
v 0.184641 -0.112319 0.079864
v 0.204529 -0.117649 0.081318
v 0.224993 -0.123110 0.082785
v 0.266554 -0.133982 0.085678
v 0.287116 -0.139108 0.087048
v 0.307184 -0.143805 0.088317
v 0.345311 -0.151345 0.090412
v 0.365952 -0.154065 0.091200
v 0.391263 -0.156011 0.091813
v 0.571616 -0.153227 0.092711
v 0.516398 -0.155419 0.092660
v 0.466359 -0.156942 0.092521
v -0.325131 0.071827 -0.046424
v -0.303290 0.061877 -0.039221
v -0.282737 0.052111 -0.033998
v -0.240026 0.037017 -0.027178
v -0.217151 0.031792 -0.024803
v -0.194131 0.026513 -0.022850
v -0.150487 0.016157 -0.019506
v -0.130583 0.011258 -0.017946
v -0.111971 0.006609 -0.016466
v -0.078437 -0.001800 -0.013794
v -0.062907 -0.005670 -0.012565
v -0.047453 -0.009511 -0.011346
v -0.014541 -0.017701 -0.008743
v 0.003442 -0.022204 -0.007311
v 0.022398 -0.026988 -0.005789
v 0.062900 -0.037361 -0.002486
v 0.083800 -0.042710 -0.000783
v 0.104384 -0.047861 0.000858
v 0.142462 -0.056676 0.003669
v 0.159953 -0.060299 0.004826
v 0.177123 -0.063656 0.005894
v 0.212699 -0.070597 0.008004
v 0.231481 -0.074320 0.009094
v 0.250695 -0.078135 0.010194
v 0.289598 -0.085739 0.012364
v 0.308885 -0.089330 0.013391
v 0.327802 -0.092628 0.014343
v 0.364129 -0.097932 0.015915
v 0.383476 -0.099839 0.016506
v 0.406324 -0.101209 0.016966
v 0.557052 -0.100683 0.017639
v 0.511774 -0.101493 0.017600
v 0.470378 -0.102026 0.017497
v 0.542489 -0.049283 -0.057434
v 0.507149 -0.049205 -0.057459
v 0.474397 -0.049004 -0.057528
v 0.312641 -0.038455 -0.060950
v 0.330654 -0.040606 -0.060265
v 0.348420 -0.042604 -0.059630
v 0.382946 -0.045880 -0.058583
v 0.400999 -0.047090 -0.058189
v 0.421386 -0.048009 -0.057882
v 0.240757 -0.029403 -0.063857
v 0.258433 -0.031668 -0.063130
v 0.276397 -0.033950 -0.062396
v 0.099655 -0.007497 -0.070850
v 0.118743 -0.011063 -0.069715
v 0.137621 -0.014497 -0.068621
v 0.173315 -0.020374 -0.066747
v 0.190130 -0.022789 -0.065975
v 0.206731 -0.025015 -0.065263
v 0.027410 0.005609 -0.075021
v 0.044553 0.002608 -0.074067
v 0.062345 -0.000582 -0.073052
v -0.035805 0.016345 -0.078389
v -0.020297 0.013634 -0.077570
v -0.004841 0.011069 -0.076756
v -0.104457 0.028244 -0.082197
v -0.086033 0.024947 -0.081106
v -0.068470 0.021855 -0.080110
v -0.183746 0.042133 -0.088184
v -0.164061 0.038748 -0.085986
v -0.143824 0.035094 -0.084458
v -0.254033 0.056604 -0.110261
v -0.235686 0.052138 -0.102036
v -0.219005 0.048688 -0.095863
v -0.187889 0.054079 -0.169864
v -0.171711 0.055390 -0.161747
v -0.157579 0.056014 -0.155756
v -0.127977 0.057381 -0.148754
v -0.111121 0.056333 -0.145720
v -0.093535 0.053942 -0.139719
v -0.058426 0.051662 -0.135034
v -0.041483 0.050142 -0.138928
v -0.024970 0.048152 -0.142833
v 0.006827 0.040157 -0.142984
v 0.022312 0.036453 -0.142574
v 0.037772 0.032964 -0.142167
v 0.069361 0.028920 -0.141300
v 0.085664 0.027419 -0.140822
v 0.102292 0.025824 -0.140315
v 0.136410 0.022367 -0.139214
v 0.153686 0.020584 -0.138647
v 0.170857 0.018867 -0.138100
v 0.204167 0.015928 -0.137162
v 0.220307 0.014721 -0.136777
v 0.236339 0.013608 -0.136421
v 0.268816 0.011414 -0.135717
v 0.285385 0.010281 -0.135354
v 0.302099 0.009140 -0.134987
v 0.335685 0.006892 -0.134264
v 0.352423 0.005829 -0.133922
v 0.369037 0.004845 -0.133604
v 0.401764 0.003229 -0.133080
v 0.418522 0.002625 -0.132883
v 0.436447 0.002157 -0.132730
v 0.527926 0.001474 -0.132506
v 0.502524 0.001513 -0.132518
v 0.478417 0.001618 -0.132553
v -0.041035 0.025869 -0.094552
v -0.030316 0.033316 -0.109843
v -0.019598 0.039814 -0.126921
v -0.341024 0.043235 -0.318875
v -0.323931 0.043984 -0.308269
v -0.303908 0.045475 -0.289746
v -0.385094 0.049897 -0.279180
v -0.365848 0.050547 -0.267944
v -0.344694 0.050857 -0.253401
v -0.455118 0.061270 -0.214066
v -0.435826 0.060719 -0.203415
v -0.414435 0.060177 -0.191827
v -0.531951 0.076894 -0.148377
v -0.512658 0.076214 -0.137726
v -0.491267 0.076537 -0.126138
v -0.615767 0.094663 -0.082688
v -0.591771 0.095910 -0.072037
v -0.568100 0.098055 -0.060449
v -0.472377 0.082288 0.012762
v -0.503789 0.092108 -0.001419
v -0.534503 0.101641 -0.016476
v -0.491270 0.081997 0.029082
v -0.522903 0.094923 0.014973
v -0.553699 0.105233 -0.000057
v -0.510162 0.081788 0.045401
v -0.542018 0.095142 0.031365
v -0.572895 0.105547 0.016361
v -0.200573 0.050960 -0.222292
v -0.230053 0.049742 -0.236243
v -0.260056 0.048362 -0.251216
v -0.210080 0.051870 -0.213997
v -0.239283 0.050766 -0.228303
v -0.269183 0.049449 -0.243406
v -0.220853 0.052768 -0.204620
v -0.249845 0.051818 -0.219223
v -0.279668 0.050614 -0.234436
v -0.589432 0.104304 -0.044028
v -0.617255 0.102839 -0.055626
v -0.643484 0.103768 -0.066301
v -0.614613 0.109427 -0.027615
v -0.643414 0.110589 -0.039280
v -0.666157 0.111438 -0.050118
v -0.640188 0.114196 -0.011217
v -0.666175 0.116223 -0.023044
v -0.684588 0.116238 -0.034301
v -0.248514 0.054507 -0.180636
v -0.277412 0.054065 -0.195556
v -0.307200 0.053334 -0.210885
v -0.265403 0.055397 -0.166030
v -0.294416 0.055333 -0.180968
v -0.324247 0.054981 -0.196304
v -0.283557 0.056903 -0.150342
v -0.312754 0.057151 -0.165241
v -0.342652 0.056896 -0.180563
v -0.321237 0.066000 -0.117793
v -0.350872 0.065539 -0.132553
v -0.380931 0.064347 -0.147823
v -0.340129 0.071587 -0.101474
v -0.369986 0.072107 -0.116161
v -0.400128 0.070414 -0.131404
v -0.359022 0.077203 -0.085154
v -0.389101 0.078372 -0.099769
v -0.419324 0.076195 -0.114986
v -0.396807 0.082873 -0.052515
v -0.427330 0.085815 -0.066986
v -0.457717 0.086215 -0.082149
v -0.415700 0.084003 -0.036196
v -0.446445 0.088928 -0.050594
v -0.476913 0.090859 -0.065731
v -0.434592 0.084304 -0.019876
v -0.465559 0.091224 -0.034202
v -0.496110 0.094727 -0.049312
v -0.312298 0.046777 -0.283758
v -0.332691 0.045057 -0.302511
v -0.350843 0.044038 -0.314113
v -0.321443 0.048154 -0.276071
v -0.342149 0.046318 -0.294508
v -0.361005 0.045184 -0.306520
v -0.332023 0.049510 -0.266014
v -0.352921 0.048223 -0.283531
v -0.372106 0.047277 -0.295013
v -0.359871 0.051973 -0.238501
v -0.381237 0.051667 -0.250403
v -0.400518 0.051394 -0.261195
v -0.376926 0.054328 -0.223895
v -0.398317 0.054221 -0.235483
v -0.417610 0.054211 -0.246135
v -0.395340 0.057067 -0.208152
v -0.416731 0.057305 -0.219740
v -0.436024 0.057610 -0.230391
v -0.433643 0.063642 -0.175404
v -0.455034 0.064401 -0.186992
v -0.474327 0.065088 -0.197644
v -0.452851 0.067789 -0.158982
v -0.474242 0.068261 -0.170570
v -0.493535 0.069001 -0.181222
v -0.472059 0.072105 -0.142560
v -0.493450 0.072201 -0.154148
v -0.512743 0.072954 -0.164800
v -0.394268 0.046618 0.074266
v -0.378335 0.047618 0.058800
v -0.362402 0.049114 0.043333
v -0.421597 0.054379 0.070704
v -0.404696 0.055589 0.055000
v -0.387795 0.058338 0.039297
v -0.449552 0.062005 0.065291
v -0.431777 0.062920 0.049332
v -0.414003 0.065490 0.033373
v -0.282168 0.014504 0.084965
v -0.269591 0.016213 0.069563
v -0.257014 0.017608 0.054161
v -0.310060 0.022831 0.082269
v -0.296788 0.024092 0.066973
v -0.283515 0.025089 0.051677
v -0.338515 0.030936 0.079583
v -0.324445 0.031759 0.064332
v -0.310375 0.032380 0.049080
v -0.188097 -0.017007 0.095016
v -0.177222 -0.013626 0.079090
v -0.166347 -0.010659 0.063164
v -0.208546 -0.009645 0.092673
v -0.197409 -0.006651 0.076870
v -0.186271 -0.004055 0.061068
v -0.231040 -0.001889 0.090202
v -0.219533 0.000695 0.074530
v -0.208025 0.002902 0.058857
v -0.122026 -0.042531 0.103124
v -0.111373 -0.037828 0.086771
v -0.100719 -0.033583 0.070418
v -0.137473 -0.036448 0.101192
v -0.126821 -0.032059 0.084941
v -0.116169 -0.028115 0.068690
v -0.153042 -0.030321 0.099247
v -0.142384 -0.026248 0.083098
v -0.131726 -0.022610 0.066949
v -0.047509 -0.070202 0.111922
v -0.037523 -0.064061 0.095106
v -0.027536 -0.058476 0.078290
v -0.068503 -0.062627 0.109512
v -0.058225 -0.056881 0.092823
v -0.047947 -0.051683 0.076134
v -0.087956 -0.055498 0.107244
v -0.077468 -0.050123 0.090675
v -0.066980 -0.045257 0.074105
v 0.046221 -0.103251 0.122445
v 0.054530 -0.095384 0.105076
v 0.062839 -0.088083 0.087706
v 0.022650 -0.095096 0.119847
v 0.031386 -0.087654 0.102615
v 0.040121 -0.080775 0.085382
v -0.001423 -0.086626 0.117150
v 0.007766 -0.079626 0.100060
v 0.016955 -0.073188 0.082968
v 0.125309 -0.128911 0.130420
v 0.132711 -0.119731 0.112630
v 0.140113 -0.111091 0.094841
v 0.107143 -0.123191 0.128728
v 0.114687 -0.114299 0.111028
v 0.122232 -0.105961 0.093328
v 0.088469 -0.117229 0.126896
v 0.096183 -0.108639 0.109292
v 0.103896 -0.100616 0.091688
v 0.205717 -0.153719 0.137228
v 0.212142 -0.143257 0.119081
v 0.218568 -0.133272 0.100933
v 0.184315 -0.147163 0.135487
v 0.191053 -0.137047 0.117431
v 0.197791 -0.127424 0.099375
v 0.163597 -0.140780 0.133760
v 0.170612 -0.130996 0.115795
v 0.177626 -0.121722 0.097830
v 0.291721 -0.178688 0.143797
v 0.296875 -0.166865 0.125304
v 0.302030 -0.155464 0.106811
v 0.270790 -0.173003 0.142290
v 0.276232 -0.161496 0.123876
v 0.281674 -0.150423 0.105462
v 0.249272 -0.166813 0.140663
v 0.255033 -0.155645 0.122335
v 0.260794 -0.144924 0.104006
v 0.379967 -0.193672 0.147949
v 0.383732 -0.180935 0.129237
v 0.387498 -0.168611 0.110525
v 0.352809 -0.191211 0.147221
v 0.357190 -0.178652 0.128548
v 0.361571 -0.166501 0.109874
v 0.331198 -0.187848 0.146286
v 0.335902 -0.175503 0.127661
v 0.340607 -0.163565 0.109037
v 0.465338 -0.170569 0.111273
v 0.464219 -0.184042 0.130001
v 0.462936 -0.197307 0.148688
v 0.517424 -0.168777 0.111392
v 0.517666 -0.181910 0.129929
v 0.516602 -0.194735 0.148140
v 0.574848 -0.166207 0.111377
v 0.575632 -0.178782 0.129432
v 0.572075 -0.190732 0.146404
v -0.330536 0.050721 0.012401
v -0.314603 0.051311 -0.003065
v -0.298670 0.051817 -0.018532
v -0.353993 0.063244 0.007889
v -0.337092 0.064222 -0.007814
v -0.320191 0.062394 -0.023518
v -0.378454 0.073635 0.001454
v -0.360680 0.076132 -0.014505
v -0.342905 0.074237 -0.030465
v -0.231861 0.020272 0.023357
v -0.219284 0.022226 0.007955
v -0.206707 0.024369 -0.007448
v -0.256970 0.026864 0.021085
v -0.243697 0.028376 0.005789
v -0.230424 0.030084 -0.009507
v -0.282235 0.033325 0.018577
v -0.268165 0.034492 0.003325
v -0.254096 0.035803 -0.011926
v -0.144596 -0.004689 0.031312
v -0.133721 -0.000995 0.015386
v -0.122846 0.002807 -0.000540
v -0.163996 0.001144 0.029462
v -0.152859 0.004430 0.013660
v -0.141721 0.007844 -0.002143
v -0.185010 0.007289 0.027512
v -0.173502 0.010145 0.011839
v -0.161995 0.013151 -0.003834
v -0.079413 -0.024900 0.037713
v -0.068760 -0.019802 0.021360
v -0.058107 -0.014657 0.005007
v -0.094864 -0.020088 0.036188
v -0.084212 -0.015320 0.019937
v -0.073559 -0.010495 0.003686
v -0.110410 -0.015237 0.034652
v -0.099752 -0.010805 0.018503
v -0.089094 -0.006302 0.002355
v -0.025029 -0.023529 0.007827
v -0.035517 -0.029356 0.024396
v -0.046005 -0.035152 0.040966
v -0.006836 -0.028407 0.009378
v -0.017114 -0.034610 0.026067
v -0.027392 -0.040789 0.042756
v 0.012411 -0.033589 0.011027
v 0.002424 -0.040191 0.027843
v -0.007562 -0.046776 0.044659
v 0.053711 -0.044827 0.014605
v 0.044522 -0.052293 0.031696
v 0.035333 -0.059756 0.048787
v 0.075064 -0.050622 0.016450
v 0.066329 -0.058534 0.033683
v 0.057593 -0.066445 0.050916
v 0.096075 -0.056202 0.018227
v 0.087766 -0.064543 0.035597
v 0.079457 -0.072884 0.052967
v 0.134749 -0.065752 0.021273
v 0.127035 -0.074827 0.038877
v 0.119322 -0.083903 0.056481
v 0.152408 -0.069679 0.022526
v 0.144864 -0.079092 0.040227
v 0.137320 -0.088529 0.057927
v 0.169721 -0.073395 0.023683
v 0.162319 -0.083176 0.041473
v 0.154917 -0.092971 0.059262
v 0.205685 -0.081102 0.025969
v 0.198670 -0.091638 0.043934
v 0.191656 -0.102173 0.061899
v 0.224743 -0.085231 0.027150
v 0.218005 -0.096171 0.045207
v 0.211267 -0.107103 0.063263
v 0.244270 -0.089460 0.028342
v 0.237844 -0.100812 0.046490
v 0.231419 -0.112152 0.064637
v 0.283837 -0.097877 0.030692
v 0.278076 -0.110046 0.049021
v 0.272315 -0.122198 0.067349
v 0.303443 -0.101847 0.031805
v 0.298001 -0.114397 0.050219
v 0.292559 -0.126932 0.068633
v 0.322648 -0.105488 0.032837
v 0.317493 -0.118385 0.051330
v 0.312339 -0.131269 0.069824
v 0.359424 -0.111335 0.034539
v 0.354720 -0.124784 0.053164
v 0.350015 -0.138225 0.071788
v 0.379094 -0.113435 0.035179
v 0.374714 -0.127083 0.053853
v 0.370333 -0.140730 0.072527
v 0.402559 -0.114937 0.035678
v 0.398793 -0.128726 0.054389
v 0.395028 -0.142521 0.073101
v 0.560693 -0.113807 0.036407
v 0.512930 -0.114946 0.036365
v 0.469373 -0.115711 0.036253
v 0.564334 -0.126966 0.055175
v 0.514086 -0.128450 0.055130
v 0.468369 -0.129460 0.055009
v 0.567975 -0.140118 0.073943
v 0.515242 -0.141957 0.073895
v 0.467364 -0.143221 0.073765
v 0.546130 -0.061972 -0.038665
v 0.508305 -0.061953 -0.038694
v 0.473392 -0.061895 -0.038772
v 0.549771 -0.074720 -0.019897
v 0.509461 -0.074945 -0.019929
v 0.472388 -0.075065 -0.020016
v 0.553412 -0.087639 -0.001129
v 0.510617 -0.088142 -0.001164
v 0.471383 -0.088460 -0.001260
v 0.378242 -0.058550 -0.039958
v 0.373538 -0.071485 -0.021334
v 0.368833 -0.084631 -0.002710
v 0.396618 -0.059921 -0.039515
v 0.392237 -0.073027 -0.020841
v 0.387856 -0.086351 -0.002168
v 0.417621 -0.060942 -0.039170
v 0.413855 -0.074156 -0.020458
v 0.410090 -0.087597 -0.001746
v 0.306880 -0.049986 -0.042622
v 0.301120 -0.061744 -0.024293
v 0.295359 -0.073678 -0.005964
v 0.325212 -0.052483 -0.041851
v 0.319769 -0.064597 -0.023437
v 0.314327 -0.076897 -0.005023
v 0.343265 -0.054792 -0.041137
v 0.338111 -0.067228 -0.022643
v 0.332956 -0.079857 -0.004150
v 0.233743 -0.039607 -0.045892
v 0.226728 -0.049825 -0.027927
v 0.219714 -0.060158 -0.009961
v 0.251695 -0.042155 -0.045074
v 0.244957 -0.052740 -0.027018
v 0.238219 -0.063476 -0.008962
v 0.269972 -0.044754 -0.044249
v 0.263546 -0.055738 -0.026101
v 0.257121 -0.066880 -0.007953
v 0.165601 -0.029450 -0.049143
v 0.157888 -0.038525 -0.031539
v 0.150175 -0.047601 -0.013935
v 0.182585 -0.032166 -0.048275
v 0.175041 -0.041544 -0.030575
v 0.167497 -0.050921 -0.012874
v 0.199329 -0.034671 -0.047474
v 0.191927 -0.044327 -0.029685
v 0.184525 -0.053982 -0.011895
v 0.090466 -0.014963 -0.053759
v 0.081277 -0.022429 -0.036668
v 0.072088 -0.029895 -0.019577
v 0.110007 -0.018975 -0.052482
v 0.101272 -0.026887 -0.035249
v 0.092536 -0.034799 -0.018016
v 0.129312 -0.022838 -0.051251
v 0.121002 -0.031179 -0.033882
v 0.112694 -0.039520 -0.016512
v 0.016922 -0.000218 -0.058452
v 0.006434 -0.006046 -0.041882
v -0.004054 -0.011873 -0.025313
v 0.034275 -0.003595 -0.057378
v 0.023997 -0.009798 -0.040689
v 0.013720 -0.016001 -0.024000
v 0.052358 -0.007183 -0.056236
v 0.042371 -0.013785 -0.039420
v 0.032385 -0.020386 -0.022604
v -0.046463 0.011708 -0.062240
v -0.057121 0.007205 -0.046091
v -0.067779 0.002703 -0.029943
v -0.030950 0.008805 -0.061318
v -0.041602 0.003980 -0.045068
v -0.052254 -0.000845 -0.028816
v -0.015494 0.005924 -0.060404
v -0.026147 0.000779 -0.044051
v -0.036800 -0.004366 -0.027698
v -0.115964 0.025175 -0.066524
v -0.127472 0.022169 -0.050852
v -0.138980 0.019163 -0.035179
v -0.097171 0.021501 -0.065354
v -0.108308 0.018087 -0.049551
v -0.119446 0.014673 -0.033749
v -0.079345 0.018014 -0.064244
v -0.090221 0.014213 -0.048318
v -0.101096 0.010411 -0.032392
v -0.197816 0.040832 -0.072932
v -0.211886 0.039543 -0.057681
v -0.225956 0.038254 -0.042429
v -0.177333 0.036917 -0.070691
v -0.190606 0.035209 -0.055395
v -0.203879 0.033501 -0.040099
v -0.156400 0.032944 -0.069056
v -0.168977 0.030801 -0.053654
v -0.181554 0.028657 -0.038252
v -0.271808 0.062417 -0.094302
v -0.289582 0.067392 -0.078343
v -0.307357 0.070267 -0.062383
v -0.252587 0.055786 -0.086332
v -0.269488 0.059697 -0.070629
v -0.286389 0.060997 -0.054925
v -0.234938 0.049125 -0.080397
v -0.250871 0.051254 -0.064930
v -0.266804 0.052303 -0.049464
v -0.202800 0.053896 -0.156353
v -0.219104 0.053760 -0.141651
v -0.236336 0.053914 -0.126154
v -0.186514 0.054917 -0.147837
v -0.202338 0.052726 -0.133055
v -0.218842 0.051788 -0.117691
v -0.172178 0.055535 -0.141430
v -0.187427 0.052469 -0.126549
v -0.203108 0.049371 -0.111298
v -0.141752 0.054947 -0.133755
v -0.155670 0.049658 -0.118633
v -0.169684 0.045380 -0.103429
v -0.124306 0.053962 -0.131774
v -0.137534 0.047798 -0.116562
v -0.150790 0.042123 -0.101280
v -0.106101 0.051839 -0.126657
v -0.118672 0.045382 -0.114802
v -0.131247 0.038542 -0.099860
v 0.321375 0.041458 -0.189430
v 0.305599 0.041743 -0.189522
v 0.289859 0.042026 -0.189613
v 0.314950 0.030685 -0.171283
v 0.298861 0.031256 -0.171466
v 0.282845 0.031822 -0.171648
v 0.308524 0.019913 -0.153135
v 0.292123 0.020769 -0.153410
v 0.275830 0.021618 -0.153683
v 0.258545 0.042575 -0.189789
v 0.242939 0.042853 -0.189878
v 0.227307 0.043155 -0.189974
v 0.251143 0.032919 -0.171999
v 0.235395 0.033476 -0.172178
v 0.219594 0.034079 -0.172370
v 0.243741 0.023263 -0.154210
v 0.227851 0.024098 -0.154477
v 0.211881 0.025004 -0.154766
v 0.195784 0.043890 -0.190209
v 0.179894 0.044319 -0.190345
v 0.163977 0.044765 -0.190487
v 0.187475 0.035549 -0.172839
v 0.171158 0.036407 -0.173112
v 0.154788 0.037299 -0.173396
v 0.179166 0.027208 -0.155469
v 0.162422 0.028495 -0.155879
v 0.145599 0.029833 -0.156305
v 0.132252 0.045629 -0.190762
v 0.116498 0.046028 -0.190889
v 0.100824 0.046403 -0.191009
v 0.122265 0.039027 -0.173946
v 0.106220 0.039825 -0.174200
v 0.090336 0.040575 -0.174439
v 0.112279 0.032426 -0.157131
v 0.095942 0.033622 -0.157511
v 0.079849 0.034748 -0.157869
v 0.069732 0.047085 -0.191225
v 0.054269 0.047405 -0.191327
v 0.038800 0.048043 -0.191429
v 0.059079 0.041940 -0.174873
v 0.043617 0.043378 -0.175076
v 0.028142 0.046153 -0.175281
v 0.048425 0.037365 -0.158520
v 0.032964 0.040620 -0.158825
v 0.017484 0.044173 -0.159132
v 0.007656 0.050853 -0.191652
v -0.008070 0.051243 -0.191776
v -0.023904 0.051456 -0.191905
v -0.003219 0.050239 -0.175726
v -0.019208 0.051129 -0.175973
v -0.035411 0.051349 -0.176233
v -0.014094 0.049819 -0.159800
v -0.030345 0.051342 -0.159687
v -0.046919 0.051754 -0.157416
v 0.531567 -0.011215 -0.113738
v 0.503680 -0.011167 -0.113754
v 0.477412 -0.011035 -0.113797
v 0.535208 -0.023904 -0.094970
v 0.504836 -0.023846 -0.094989
v 0.476407 -0.023688 -0.095041
v 0.538849 -0.036594 -0.076202
v 0.505993 -0.036526 -0.076224
v 0.475402 -0.036341 -0.076285
v 0.481381 0.039509 -0.188720
v 0.480410 0.026902 -0.170033
v 0.479419 0.014269 -0.151305
v 0.498657 0.039000 -0.187999
v 0.500084 0.026695 -0.169788
v 0.501352 0.014170 -0.151251
v 0.515727 0.037776 -0.186199
v 0.520246 0.026301 -0.169227
v 0.524235 0.014094 -0.151172
v 0.397060 -0.009021 -0.114456
v 0.392355 -0.021271 -0.095832
v 0.387651 -0.033522 -0.077207
v 0.414141 -0.009776 -0.114210
v 0.409760 -0.022177 -0.095536
v 0.405380 -0.034579 -0.076862
v 0.432682 -0.010361 -0.114018
v 0.428917 -0.022879 -0.095306
v 0.425151 -0.035398 -0.076594
v 0.329924 -0.004443 -0.115936
v 0.324163 -0.015777 -0.097607
v 0.318402 -0.027112 -0.079279
v 0.346980 -0.005771 -0.115508
v 0.341538 -0.017372 -0.097093
v 0.336096 -0.028972 -0.078679
v 0.363883 -0.007001 -0.115111
v 0.358728 -0.018847 -0.096617
v 0.353574 -0.030694 -0.078124
v 0.261801 0.001210 -0.117752
v 0.254787 -0.008995 -0.099787
v 0.247772 -0.019199 -0.081822
v 0.278647 -0.000206 -0.117298
v 0.271909 -0.010693 -0.099242
v 0.265171 -0.021180 -0.081186
v 0.295673 -0.001632 -0.116840
v 0.289248 -0.012405 -0.098692
v 0.282822 -0.023177 -0.080544
v 0.196454 0.006853 -0.119559
v 0.188741 -0.002223 -0.101955
v 0.181028 -0.011298 -0.084351
v 0.212762 0.005343 -0.119077
v 0.205218 -0.004034 -0.101376
v 0.197674 -0.013412 -0.083676
v 0.228937 0.003952 -0.118631
v 0.221535 -0.005704 -0.100842
v 0.214133 -0.015359 -0.083053
v 0.127222 0.014901 -0.122123
v 0.118033 0.007435 -0.105032
v 0.108844 -0.000031 -0.087941
v 0.144951 0.012672 -0.121414
v 0.136215 0.004760 -0.104181
v 0.127479 -0.003152 -0.086948
v 0.162548 0.010526 -0.120730
v 0.154239 0.002185 -0.103360
v 0.145930 -0.006156 -0.085991
v 0.058873 0.023092 -0.124730
v 0.048385 0.017265 -0.108161
v 0.037898 0.011437 -0.091591
v 0.075386 0.021216 -0.124133
v 0.065109 0.015013 -0.107445
v 0.054831 0.008810 -0.090755
v 0.092305 0.019223 -0.123499
v 0.082318 0.012621 -0.106683
v 0.072332 0.006020 -0.089868
v 0.027119 0.027358 -0.125815
v 0.011660 0.030603 -0.126323
v -0.003831 0.035122 -0.126835
v 0.016466 0.021375 -0.109462
v 0.001007 0.024684 -0.110072
v -0.014489 0.029032 -0.110686
v 0.005813 0.016214 -0.093109
v -0.009645 0.019239 -0.093821
v -0.025147 0.022774 -0.094537
v -0.069934 0.047750 -0.115444
v -0.081442 0.040106 -0.103901
v -0.092949 0.032887 -0.095278
v -0.052620 0.046638 -0.117846
v -0.063758 0.038716 -0.102736
v -0.074896 0.030287 -0.092898
v -0.035845 0.044031 -0.123110
v -0.046720 0.037125 -0.105840
v -0.057595 0.028447 -0.093057
v -0.055872 0.052134 -0.192200
v -0.071835 0.053119 -0.192474
v -0.087562 0.054101 -0.192974
v -0.068422 0.053713 -0.175955
v -0.084897 0.055352 -0.176975
v -0.100922 0.056115 -0.178330
v -0.080976 0.055293 -0.156978
v -0.097988 0.056570 -0.160551
v -0.114378 0.055939 -0.163603
v -0.151979 0.052207 -0.202854
v -0.162866 0.052644 -0.192784
v -0.174681 0.053422 -0.181919
v -0.133769 0.052430 -0.197947
v -0.145623 0.052538 -0.186559
v -0.158157 0.053968 -0.174590
v -0.117888 0.053742 -0.195222
v -0.130614 0.053500 -0.182498
v -0.143772 0.054842 -0.169404
v 0.384500 0.040384 -0.189085
v 0.368749 0.040630 -0.189164
v 0.352967 0.040896 -0.189250
v 0.379346 0.028538 -0.170591
v 0.363307 0.029030 -0.170750
v 0.347206 0.029561 -0.170921
v 0.374192 0.016692 -0.152098
v 0.357865 0.017429 -0.152336
v 0.341445 0.018227 -0.152592
v 0.447743 0.039712 -0.188866
v 0.431665 0.039829 -0.188904
v 0.415877 0.039980 -0.188954
v 0.443978 0.027194 -0.170154
v 0.427284 0.027428 -0.170231
v 0.411173 0.027730 -0.170329
v 0.440213 0.014676 -0.151442
v 0.422903 0.015027 -0.151557
v 0.406468 0.015480 -0.151705
v -0.510475 0.082075 -0.109716
v -0.531866 0.081119 -0.121303
v -0.551159 0.080874 -0.131955
v -0.529683 0.087529 -0.093293
v -0.551074 0.086010 -0.104881
v -0.570367 0.085006 -0.115533
v -0.548892 0.092487 -0.076871
v -0.570282 0.090418 -0.088459
v -0.590126 0.088989 -0.099111
v -0.697533 0.146854 0.262672
v -0.606733 0.142487 0.309865
v -0.478938 0.102290 0.365104
v -0.366755 0.070484 0.385011
v -0.255614 0.037991 0.395678
v -0.169657 0.007894 0.405263
v -0.105772 -0.017015 0.413173
v -0.025071 -0.046424 0.422529
v 0.068367 -0.078912 0.432877
v 0.143890 -0.101586 0.440125
v 0.227477 -0.123337 0.447017
v 0.311755 -0.143400 0.453196
v -0.510162 0.113586 0.353455
v -0.542018 0.126940 0.339419
v -0.572895 0.137345 0.324415
v -0.640188 0.145994 0.296838
v -0.666175 0.148021 0.285010
v -0.684588 0.148036 0.273754
v -0.394268 0.078416 0.382320
v -0.421597 0.086177 0.378758
v -0.449552 0.093803 0.373346
v -0.282168 0.046302 0.393019
v -0.310060 0.054629 0.390323
v -0.338515 0.062734 0.387638
v -0.188097 0.014791 0.403070
v -0.208547 0.022153 0.400727
v -0.231040 0.029909 0.398256
v -0.122026 -0.010733 0.411178
v -0.137473 -0.004650 0.409246
v -0.153042 0.001477 0.407301
v -0.047509 -0.038404 0.419976
v -0.068503 -0.030829 0.417566
v -0.087956 -0.023700 0.415298
v 0.046221 -0.071453 0.430499
v 0.022650 -0.063298 0.427902
v -0.001423 -0.054828 0.425205
v 0.125309 -0.096433 0.438474
v 0.107143 -0.091146 0.436783
v 0.088470 -0.085410 0.434950
v 0.205717 -0.117758 0.445283
v 0.184315 -0.112240 0.443541
v 0.163597 -0.106854 0.441814
v 0.291721 -0.139056 0.451852
v 0.270790 -0.134154 0.450344
v 0.249272 -0.128857 0.448718
v 0.379967 -0.152301 0.456004
v 0.352809 -0.150037 0.455276
v 0.331198 -0.147064 0.454340
v 0.163597 -0.136867 0.195371
v 0.163597 -0.130112 0.256982
v 0.163597 -0.122209 0.318593
v 0.163597 -0.114197 0.380203
v 0.184315 -0.119988 0.381930
v 0.184315 -0.128365 0.320319
v 0.184315 -0.136516 0.258708
v 0.184315 -0.143354 0.197098
v -0.478938 0.074943 0.118661
v -0.478938 0.081413 0.180272
v -0.478938 0.088372 0.241883
v -0.478938 0.095331 0.303494
v -0.449552 0.086844 0.311735
v -0.449552 0.079885 0.250124
v -0.449552 0.072926 0.188513
v -0.449552 0.066456 0.126902
v -0.684588 0.121050 0.027310
v -0.684588 0.127160 0.088921
v -0.684588 0.134119 0.150532
v -0.684588 0.141077 0.212143
v -0.666175 0.141062 0.223399
v -0.666175 0.134104 0.161788
v -0.666175 0.127145 0.100177
v -0.666175 0.120901 0.038566
v -0.421597 0.079218 0.317147
v -0.421597 0.072259 0.255536
v -0.421597 0.065300 0.193925
v -0.421597 0.058830 0.132315
v 0.107143 -0.118947 0.190339
v 0.107143 -0.112387 0.251950
v 0.107143 -0.105150 0.313561
v 0.107143 -0.098105 0.375172
v 0.125309 -0.103395 0.376863
v 0.125309 -0.110714 0.315252
v 0.125309 -0.118163 0.253641
v 0.125309 -0.124780 0.192031
v 0.311755 -0.180339 0.206753
v 0.311755 -0.172882 0.268364
v 0.311755 -0.163312 0.329974
v 0.311755 -0.153121 0.391585
v 0.331198 -0.156934 0.392729
v 0.331198 -0.167281 0.331118
v 0.331198 -0.177003 0.269507
v 0.331198 -0.184554 0.207897
v -0.122026 -0.038080 0.164734
v -0.122026 -0.031610 0.226345
v -0.122026 -0.024651 0.287956
v -0.122026 -0.017692 0.349567
v -0.105772 -0.023974 0.351562
v -0.105772 -0.030933 0.289951
v -0.105772 -0.037892 0.228341
v -0.105772 -0.044362 0.166730
v -0.606733 0.115260 0.063421
v -0.606733 0.121610 0.125032
v -0.606733 0.128569 0.186643
v -0.606733 0.135528 0.248254
v -0.572895 0.130386 0.262805
v -0.572895 0.123427 0.201194
v -0.572895 0.116469 0.139583
v -0.572895 0.110148 0.077972
v 0.352809 -0.160014 0.393665
v 0.352809 -0.170478 0.332054
v 0.352809 -0.180321 0.270443
v 0.352809 -0.187959 0.208832
v -0.255614 0.010644 0.149235
v -0.255614 0.017114 0.210846
v -0.255614 0.024073 0.272457
v -0.255614 0.031032 0.334068
v -0.231040 0.022950 0.336645
v -0.231040 0.015991 0.275035
v -0.231040 0.009032 0.213424
v -0.231040 0.002562 0.151813
v -0.208547 0.015194 0.339116
v -0.208547 0.008235 0.277506
v -0.208546 0.001276 0.215895
v -0.208546 -0.005194 0.154284
v -0.510162 0.086252 0.107012
v -0.510162 0.092709 0.168623
v -0.510162 0.099668 0.230234
v -0.510162 0.106627 0.291845
v 0.270790 -0.169546 0.203901
v 0.270790 -0.162300 0.265512
v 0.270790 -0.153137 0.327122
v 0.270790 -0.143410 0.388733
v 0.291721 -0.148574 0.390241
v 0.291721 -0.158558 0.328630
v 0.291721 -0.167941 0.267019
v 0.291721 -0.175294 0.205408
v -0.310060 0.027282 0.143880
v -0.310060 0.033752 0.205490
v -0.310060 0.040711 0.267101
v -0.310060 0.047670 0.328712
v -0.282168 0.039343 0.331409
v -0.282168 0.032384 0.269798
v -0.282168 0.025425 0.208187
v -0.282168 0.018955 0.146576
v 0.046221 -0.098800 0.184056
v 0.046221 -0.092330 0.245667
v 0.046221 -0.085371 0.307278
v 0.046221 -0.078412 0.368889
v 0.068367 -0.085871 0.371266
v 0.068367 -0.092830 0.309655
v 0.068367 -0.099789 0.248044
v 0.068367 -0.106259 0.186434
v -0.087956 -0.030659 0.353687
v -0.087956 -0.037618 0.292077
v -0.087956 -0.044577 0.230466
v -0.087956 -0.051047 0.168855
v -0.068503 -0.037788 0.355955
v -0.068503 -0.044747 0.294344
v -0.068503 -0.051706 0.232733
v -0.068503 -0.058176 0.171122
v -0.137473 -0.031997 0.162803
v -0.137473 -0.025527 0.224414
v -0.137473 -0.018568 0.286025
v -0.137473 -0.011609 0.347636
v 0.205717 -0.150010 0.198839
v 0.205717 -0.143080 0.260450
v 0.205717 -0.134672 0.322061
v 0.205717 -0.125931 0.383672
v 0.227477 -0.131910 0.385406
v 0.227477 -0.141005 0.323795
v 0.227477 -0.149672 0.262184
v 0.227477 -0.156703 0.200573
v 0.088469 -0.092369 0.373339
v 0.088469 -0.099328 0.311729
v 0.088469 -0.106353 0.250118
v 0.088469 -0.112860 0.188507
v -0.394268 0.051069 0.135877
v -0.394268 0.057539 0.197488
v -0.394268 0.064498 0.259099
v -0.394268 0.071457 0.320709
v -0.366755 0.063525 0.323400
v -0.366755 0.056566 0.261789
v -0.366755 0.049607 0.200178
v -0.366755 0.043138 0.138567
v -0.697533 0.120043 0.016229
v -0.697533 0.125977 0.077840
v -0.697533 0.132936 0.139451
v -0.697533 0.139895 0.201062
v 0.022650 -0.090645 0.181458
v 0.022650 -0.084175 0.243069
v 0.022650 -0.077216 0.304680
v 0.022650 -0.070257 0.366291
v 0.249272 -0.137795 0.387107
v 0.249272 -0.147223 0.325496
v 0.249272 -0.156145 0.263885
v 0.249272 -0.163282 0.202274
v -0.188097 -0.012556 0.156626
v -0.188097 -0.006086 0.218237
v -0.188097 0.000873 0.279848
v -0.188097 0.007832 0.341459
v -0.169657 0.000935 0.343652
v -0.169657 -0.006024 0.282041
v -0.169657 -0.012983 0.220430
v -0.169657 -0.019453 0.158819
v -0.640188 0.118735 0.050394
v -0.640188 0.125117 0.112005
v -0.640188 0.132076 0.173616
v -0.640188 0.139035 0.235227
v -0.338515 0.055775 0.326027
v -0.338515 0.048816 0.264416
v -0.338515 0.041857 0.202805
v -0.338515 0.035387 0.141194
v -0.542018 0.099645 0.092976
v -0.542018 0.106063 0.154587
v -0.542018 0.113022 0.216198
v -0.542018 0.119981 0.277808
v -0.047509 -0.065750 0.173533
v -0.047509 -0.059280 0.235144
v -0.047509 -0.052321 0.296755
v -0.047509 -0.045363 0.358366
v -0.025071 -0.053383 0.360918
v -0.025071 -0.060342 0.299307
v -0.025071 -0.067301 0.237697
v -0.025071 -0.073771 0.176086
v -0.153042 -0.005481 0.345690
v -0.153042 -0.012440 0.284079
v -0.153042 -0.019399 0.222468
v -0.153042 -0.025869 0.160858
v 0.379967 -0.162323 0.394393
v 0.379967 -0.172840 0.332782
v 0.379967 -0.182744 0.271171
v 0.379967 -0.190440 0.209560
v 0.143890 -0.108659 0.378514
v 0.143890 -0.116317 0.316903
v 0.143890 -0.123985 0.255292
v 0.143890 -0.130666 0.193681
v -0.001423 -0.061787 0.363594
v -0.001423 -0.068746 0.301983
v -0.001423 -0.075705 0.240372
v -0.001423 -0.082175 0.178761
v -0.355612 0.057424 -0.322602
v -0.279790 0.060285 -0.272971
v -0.164494 0.065418 -0.219309
v -0.403468 0.063376 -0.287744
v -0.320324 0.065179 -0.238316
v -0.208086 0.068181 -0.180456
v -0.473362 0.076157 -0.224249
v -0.550195 0.091788 -0.158561
v -0.637677 0.110090 -0.092872
v -0.543562 0.113126 -0.047456
v -0.466729 0.092593 -0.113145
v -0.389897 0.073980 -0.178834
v -0.423558 0.089692 0.008514
v -0.349717 0.092235 -0.056200
v -0.275877 0.074301 -0.120914
v 0.573222 0.058233 -0.195261
v -0.089713 0.067262 -0.207578
v -0.027859 0.066706 -0.207578
v 0.033995 0.066561 -0.207578
v 0.095849 0.066561 -0.207578
v 0.157702 0.066561 -0.207578
v 0.219556 0.066561 -0.207578
v 0.281410 0.066561 -0.207578
v 0.343264 0.066561 -0.207578
v 0.405118 0.066561 -0.207578
v 0.466972 0.066561 -0.207578
v 0.679839 -0.136488 0.092718
v 0.654690 -0.085726 0.017644
v 0.629541 -0.034963 -0.057430
v 0.604392 0.015799 -0.132504
v -0.321865 0.054298 0.031050
v -0.262012 0.057746 -0.030159
v -0.202160 0.059833 -0.091367
v -0.143517 0.071256 -0.151542
v -0.219653 0.026176 0.041013
v -0.171705 0.035592 -0.021135
v -0.123756 0.045958 -0.083282
v -0.075808 0.067360 -0.135011
v -0.137501 0.000689 0.049084
v -0.094627 0.016583 -0.015081
v -0.051753 0.033335 -0.079247
v -0.008879 0.058872 -0.143413
v -0.073937 -0.020396 0.055746
v -0.031491 0.000852 -0.010085
v 0.010956 0.022755 -0.075916
v 0.053402 0.044672 -0.141747
v 0.003788 -0.045300 0.063625
v 0.042266 -0.017723 -0.004176
v 0.080745 0.010372 -0.071977
v 0.119224 0.038466 -0.139777
v 0.092239 -0.072740 0.072338
v 0.124068 -0.038241 0.002359
v 0.155898 -0.003307 -0.067620
v 0.187727 0.031627 -0.137599
v 0.165603 -0.092888 0.078441
v 0.194555 -0.052705 0.006937
v 0.223507 -0.012854 -0.064568
v 0.252459 0.026853 -0.136073
v 0.245759 -0.114265 0.084246
v 0.270135 -0.067639 0.011290
v 0.294512 -0.021890 -0.061666
v 0.318888 0.022335 -0.134622
v 0.326497 -0.133590 0.089449
v 0.346152 -0.081192 0.015192
v 0.365808 -0.030050 -0.059064
v 0.385463 0.018301 -0.133321
v 0.424086 -0.142890 0.092251
v 0.434807 -0.087634 0.017294
v 0.445529 -0.034307 -0.057663
v 0.456251 0.016154 -0.132621
v -0.251608 0.061645 -0.258445
v -0.221490 0.063061 -0.243614
v -0.191699 0.064373 -0.230046
v -0.665466 0.119554 -0.076515
v -0.685702 0.126078 -0.060554
v -0.697533 0.129386 -0.045382
v -0.307808 0.063723 -0.249016
v -0.297335 0.062466 -0.257971
v -0.288222 0.061342 -0.265762
v -0.195203 0.067558 -0.191867
v -0.184021 0.066877 -0.201822
v -0.173974 0.066157 -0.210808
v -0.367701 0.057792 -0.321849
v -0.378861 0.058760 -0.315995
v -0.390376 0.060740 -0.304177
v -0.370802 0.071262 -0.195159
v -0.352388 0.068912 -0.210902
v -0.335335 0.066896 -0.225482
v -0.257511 0.070051 -0.137012
v -0.239713 0.069261 -0.152625
v -0.223049 0.068738 -0.167268
v -0.292190 0.066226 -0.223724
v -0.262407 0.067241 -0.208434
v -0.233523 0.067976 -0.193620
v -0.418800 0.065244 -0.270910
v -0.435854 0.068580 -0.256318
v -0.454268 0.072279 -0.240575
v -0.492570 0.080065 -0.207827
v -0.511779 0.083973 -0.191405
v -0.530987 0.087880 -0.174983
v -0.569403 0.095696 -0.142138
v -0.588611 0.099604 -0.125716
v -0.610053 0.103514 -0.109294
v -0.606733 0.125020 0.001810
v -0.582760 0.123366 -0.014612
v -0.562770 0.119506 -0.031034
v -0.524354 0.108640 -0.063879
v -0.505146 0.104255 -0.080301
v -0.485938 0.098598 -0.096723
v -0.447521 0.087700 -0.129567
v -0.428313 0.082758 -0.145989
v -0.409105 0.077683 -0.162412
v -0.478938 0.084822 0.057050
v -0.460478 0.085236 0.040872
v -0.442018 0.086606 0.024693
v -0.405098 0.093314 -0.007664
v -0.386638 0.096245 -0.023843
v -0.368177 0.095520 -0.040021
v -0.331257 0.089274 -0.072378
v -0.312797 0.085294 -0.088557
v -0.294337 0.080671 -0.104736
v -0.361735 0.074054 -0.164241
v -0.331757 0.074810 -0.148944
v -0.302344 0.074775 -0.134112
v -0.438521 0.095406 -0.098568
v -0.408216 0.097356 -0.083377
v -0.377915 0.095784 -0.068835
v -0.515306 0.111672 -0.032894
v -0.484674 0.106154 -0.017810
v -0.453485 0.097916 -0.003557
v 0.482340 0.066429 -0.207383
v 0.497135 0.065504 -0.206014
v 0.510782 0.062992 -0.202299
v -0.141557 0.066079 -0.212527
v -0.122256 0.066526 -0.209045
v -0.105379 0.067241 -0.207761
v -0.074250 0.066784 -0.207578
v -0.058786 0.066829 -0.207578
v -0.043323 0.066919 -0.207578
v -0.012396 0.066724 -0.207578
v 0.003068 0.066862 -0.207578
v 0.018531 0.066683 -0.207578
v 0.049458 0.066561 -0.207578
v 0.064921 0.066561 -0.207578
v 0.080385 0.066561 -0.207578
v 0.111312 0.066561 -0.207578
v 0.126775 0.066561 -0.207578
v 0.142239 0.066561 -0.207578
v 0.173166 0.066561 -0.207578
v 0.188629 0.066561 -0.207578
v 0.204093 0.066561 -0.207578
v 0.235020 0.066561 -0.207578
v 0.250484 0.066561 -0.207578
v 0.265947 0.066561 -0.207578
v 0.296874 0.066561 -0.207578
v 0.312337 0.066561 -0.207578
v 0.327801 0.066561 -0.207578
v 0.358728 0.066561 -0.207578
v 0.374191 0.066561 -0.207578
v 0.389655 0.066561 -0.207578
v 0.420582 0.066561 -0.207578
v 0.436045 0.066561 -0.207578
v 0.451509 0.066561 -0.207578
v 0.598009 0.028357 -0.151077
v 0.591053 0.040122 -0.168477
v 0.582950 0.050301 -0.183531
v 0.677545 -0.171039 0.143745
v 0.686145 -0.160811 0.128691
v 0.685342 -0.149046 0.111291
v 0.673551 -0.123797 0.073950
v 0.667264 -0.111107 0.055181
v 0.660977 -0.098416 0.036413
v 0.648403 -0.073035 -0.001124
v 0.642115 -0.060345 -0.019893
v 0.635828 -0.047654 -0.038661
v 0.623254 -0.022273 -0.076198
v 0.616966 -0.009582 -0.094967
v 0.610679 0.003108 -0.113735
v 0.458931 0.028756 -0.151360
v 0.461611 0.041358 -0.170099
v 0.464292 0.053959 -0.188839
v 0.390377 0.030366 -0.151885
v 0.395291 0.042431 -0.170450
v 0.400205 0.054496 -0.189014
v 0.324982 0.033392 -0.152861
v 0.331076 0.044448 -0.171100
v 0.337170 0.055505 -0.189339
v 0.259696 0.036780 -0.153949
v 0.266934 0.046707 -0.171826
v 0.274172 0.056634 -0.189702
v 0.195684 0.040360 -0.155094
v 0.203642 0.049094 -0.172589
v 0.211599 0.057828 -0.190083
v 0.128843 0.045490 -0.156728
v 0.138463 0.052514 -0.173678
v 0.148083 0.059537 -0.190628
v 0.064014 0.050134 -0.158205
v 0.074625 0.055609 -0.174663
v 0.085237 0.061085 -0.191120
v 0.001839 0.061384 -0.159454
v 0.012558 0.063084 -0.175495
v 0.023276 0.063910 -0.191537
v -0.063821 0.067501 -0.155749
v -0.051834 0.065976 -0.176079
v -0.039847 0.065993 -0.192041
v -0.129669 0.070138 -0.165890
v -0.116161 0.069559 -0.179948
v -0.102881 0.068896 -0.193811
v -0.366755 0.053017 0.076957
v -0.351792 0.053686 0.061654
v -0.336828 0.054226 0.046352
v -0.306902 0.054769 0.015748
v -0.291939 0.055672 0.000446
v -0.276976 0.056794 -0.014856
v -0.247049 0.058407 -0.045461
v -0.232086 0.058366 -0.060763
v -0.217123 0.058931 -0.076065
v -0.187215 0.061788 -0.106653
v -0.172384 0.066037 -0.121842
v -0.157780 0.069471 -0.136837
v -0.255614 0.020524 0.087624
v -0.243627 0.022678 0.072087
v -0.231640 0.024482 0.056550
v -0.207666 0.028021 0.025476
v -0.195679 0.030431 0.009939
v -0.183692 0.033011 -0.005598
v -0.159717 0.038173 -0.036672
v -0.147730 0.040754 -0.052208
v -0.135743 0.043334 -0.067745
v -0.111769 0.049986 -0.098608
v -0.099782 0.057428 -0.109281
v -0.087795 0.063479 -0.119379
v -0.169657 -0.009574 0.097208
v -0.158938 -0.005833 0.081167
v -0.148220 -0.002517 0.065126
v -0.126783 0.004176 0.033043
v -0.116064 0.008254 0.017001
v -0.105346 0.012419 0.000960
v -0.083909 0.020748 -0.031123
v -0.073190 0.024913 -0.047164
v -0.062472 0.029078 -0.063206
v -0.105772 -0.034482 0.105119
v -0.095160 -0.029455 0.088661
v -0.084549 -0.024905 0.072204
v -0.063326 -0.015537 0.039288
v -0.052714 -0.010100 0.022830
v -0.042102 -0.004624 0.006373
v -0.020879 0.006327 -0.026543
v -0.010267 0.011803 -0.043001
v 0.000344 0.017279 -0.059458
v 0.021567 0.028231 -0.092374
v 0.032179 0.033706 -0.108832
v 0.042790 0.039195 -0.125289
v -0.025071 -0.063892 0.114475
v -0.015452 -0.057331 0.097525
v -0.005832 -0.051330 0.080575
v 0.013407 -0.038785 0.046674
v 0.023027 -0.031770 0.029724
v 0.032647 -0.024746 0.012774
v 0.051886 -0.010699 -0.021126
v 0.061506 -0.003676 -0.038077
v 0.071125 0.003348 -0.055027
v 0.090365 0.017395 -0.088927
v 0.099984 0.024419 -0.105877
v 0.109604 0.031443 -0.122827
v 0.068367 -0.096380 0.124823
v 0.076324 -0.088125 0.107328
v 0.084282 -0.080440 0.089833
v 0.100196 -0.064442 0.054844
v 0.108154 -0.055708 0.037349
v 0.116111 -0.046975 0.019854
v 0.132026 -0.029508 -0.015136
v 0.139983 -0.020774 -0.032630
v 0.147940 -0.012041 -0.050125
v 0.163855 0.005426 -0.085115
v 0.171812 0.014160 -0.102609
v 0.179770 0.022893 -0.120104
v 0.143890 -0.120357 0.132070
v 0.151127 -0.110885 0.114194
v 0.158365 -0.101938 0.096318
v 0.172841 -0.083124 0.060565
v 0.180079 -0.072968 0.042689
v 0.187317 -0.062819 0.024813
v 0.201793 -0.042659 -0.010940
v 0.209031 -0.032708 -0.028816
v 0.216269 -0.022781 -0.046692
v 0.230745 -0.002927 -0.082445
v 0.237983 0.007000 -0.100321
v 0.245221 0.016927 -0.118197
v 0.227477 -0.145988 0.138963
v 0.233571 -0.135173 0.120723
v 0.239665 -0.124819 0.102485
v 0.251853 -0.102891 0.066007
v 0.257947 -0.091141 0.047768
v 0.264041 -0.079376 0.029529
v 0.276229 -0.055975 -0.006949
v 0.282324 -0.044431 -0.025188
v 0.288418 -0.033053 -0.043427
v 0.300606 -0.010834 -0.079905
v 0.306700 0.000222 -0.098144
v 0.312794 0.011279 -0.116383
v 0.311755 -0.169347 0.145142
v 0.316669 -0.157244 0.126578
v 0.321583 -0.145554 0.108013
v 0.331411 -0.120737 0.070885
v 0.336325 -0.107549 0.052321
v 0.341238 -0.094350 0.033757
v 0.351066 -0.068130 -0.003372
v 0.355980 -0.055216 -0.021936
v 0.360894 -0.042505 -0.040500
v 0.370721 -0.017894 -0.077629
v 0.375635 -0.005829 -0.096193
v 0.380549 0.006236 -0.114757
v 0.416045 -0.181757 0.148469
v 0.418725 -0.168819 0.129730
v 0.421405 -0.156056 0.110991
v 0.426766 -0.129096 0.073512
v 0.429447 -0.115245 0.054773
v 0.432127 -0.101406 0.036033
v 0.437488 -0.073984 -0.001445
v 0.440168 -0.060509 -0.020185
v 0.442849 -0.047266 -0.038924
v 0.448210 -0.021651 -0.076403
v 0.450890 -0.009049 -0.095142
v 0.453570 0.003553 -0.113881
v -0.396228 0.083676 0.017413
v -0.370894 0.074753 0.023593
v -0.346469 0.063948 0.027867
v -0.296305 0.047103 0.033829
v -0.270242 0.040253 0.036381
v -0.244438 0.033209 0.038759
v -0.196518 0.019335 0.043184
v -0.175134 0.012768 0.045265
v -0.155472 0.006533 0.047238
v -0.121068 -0.004747 0.050801
v -0.105516 -0.009936 0.052439
v -0.090066 -0.015083 0.054065
v -0.056492 -0.026052 0.057535
v -0.037669 -0.032088 0.059445
v -0.017549 -0.038504 0.061475
v 0.026144 -0.052416 0.065877
v 0.048857 -0.059563 0.068149
v 0.071148 -0.066444 0.070336
v 0.111609 -0.078235 0.074084
v 0.129776 -0.083238 0.075627
v 0.147515 -0.088041 0.077052
v 0.184641 -0.097989 0.079864
v 0.204529 -0.103319 0.081318
v 0.224993 -0.108780 0.082785
v 0.266554 -0.119652 0.085678
v 0.287116 -0.124777 0.087048
v 0.307184 -0.129475 0.088317
v 0.345311 -0.137014 0.090412
v 0.365952 -0.139735 0.091200
v 0.391263 -0.141680 0.091813
v 0.571616 -0.138896 0.092711
v 0.516398 -0.141089 0.092660
v 0.466359 -0.142611 0.092521
v -0.325131 0.086157 -0.046424
v -0.303290 0.076208 -0.039221
v -0.282737 0.066441 -0.033998
v -0.240026 0.051348 -0.027178
v -0.217151 0.046123 -0.024803
v -0.194131 0.040844 -0.022850
v -0.150487 0.030488 -0.019506
v -0.130583 0.025589 -0.017946
v -0.111971 0.020940 -0.016466
v -0.078437 0.012531 -0.013794
v -0.062907 0.008661 -0.012565
v -0.047453 0.004819 -0.011346
v -0.014541 -0.003371 -0.008743
v 0.003442 -0.007873 -0.007311
v 0.022398 -0.012657 -0.005789
v 0.062900 -0.023030 -0.002486
v 0.083800 -0.028380 -0.000783
v 0.104384 -0.033530 0.000858
v 0.142462 -0.042346 0.003669
v 0.159953 -0.045968 0.004826
v 0.177123 -0.049326 0.005894
v 0.212699 -0.056266 0.008004
v 0.231481 -0.059989 0.009094
v 0.250695 -0.063805 0.010194
v 0.289598 -0.071408 0.012364
v 0.308885 -0.075000 0.013391
v 0.327802 -0.078297 0.014343
v 0.364129 -0.083602 0.015915
v 0.383476 -0.085508 0.016506
v 0.406324 -0.086878 0.016966
v 0.557052 -0.086353 0.017639
v 0.511774 -0.087162 0.017600
v 0.470378 -0.087696 0.017497
v 0.542489 -0.034952 -0.057434
v 0.507149 -0.034875 -0.057459
v 0.474397 -0.034673 -0.057528
v 0.312641 -0.024124 -0.060950
v 0.330654 -0.026276 -0.060265
v 0.348420 -0.028274 -0.059630
v 0.382946 -0.031549 -0.058583
v 0.400999 -0.032759 -0.058189
v 0.421386 -0.033678 -0.057882
v 0.240757 -0.015072 -0.063857
v 0.258433 -0.017337 -0.063130
v 0.276397 -0.019619 -0.062396
v 0.099655 0.006833 -0.070850
v 0.118743 0.003267 -0.069715
v 0.137621 -0.000167 -0.068621
v 0.173315 -0.006043 -0.066747
v 0.190130 -0.008458 -0.065975
v 0.206731 -0.010685 -0.065263
v 0.027410 0.019940 -0.075021
v 0.044553 0.016938 -0.074067
v 0.062345 0.013749 -0.073052
v -0.035805 0.030675 -0.078389
v -0.020297 0.027964 -0.077570
v -0.004841 0.025400 -0.076756
v -0.104457 0.042574 -0.082197
v -0.086033 0.039277 -0.081106
v -0.068470 0.036185 -0.080110
v -0.183746 0.056463 -0.088184
v -0.164061 0.053079 -0.085986
v -0.143824 0.049425 -0.084458
v -0.254033 0.070934 -0.110261
v -0.235686 0.066469 -0.102036
v -0.219005 0.063019 -0.095863
v -0.187889 0.068409 -0.169864
v -0.171711 0.069720 -0.161747
v -0.157579 0.070345 -0.155756
v -0.127977 0.071711 -0.148754
v -0.111121 0.070663 -0.145720
v -0.093535 0.068273 -0.139719
v -0.058426 0.065993 -0.135034
v -0.041483 0.064472 -0.138928
v -0.024970 0.062483 -0.142833
v 0.006827 0.054488 -0.142984
v 0.022312 0.050784 -0.142574
v 0.037772 0.047295 -0.142167
v 0.069361 0.043251 -0.141300
v 0.085664 0.041750 -0.140822
v 0.102292 0.040155 -0.140315
v 0.136410 0.036697 -0.139214
v 0.153686 0.034914 -0.138647
v 0.170857 0.033197 -0.138100
v 0.204167 0.030259 -0.137162
v 0.220307 0.029051 -0.136777
v 0.236339 0.027938 -0.136421
v 0.268816 0.025744 -0.135717
v 0.285385 0.024612 -0.135354
v 0.302099 0.023471 -0.134987
v 0.335685 0.021223 -0.134264
v 0.352423 0.020159 -0.133922
v 0.369037 0.019176 -0.133604
v 0.401764 0.017560 -0.133080
v 0.418522 0.016956 -0.132883
v 0.436447 0.016488 -0.132730
v 0.527926 0.015804 -0.132506
v 0.502524 0.015843 -0.132518
v 0.478417 0.015949 -0.132553
v -0.041035 0.040200 -0.094552
v -0.030316 0.047646 -0.109843
v -0.019598 0.054145 -0.126921
v -0.341024 0.057566 -0.318875
v -0.323931 0.058314 -0.308269
v -0.303908 0.059806 -0.289746
v -0.385094 0.064227 -0.279180
v -0.365848 0.064878 -0.267944
v -0.344694 0.065187 -0.253401
v -0.455118 0.075601 -0.214066
v -0.435826 0.075049 -0.203415
v -0.414435 0.074507 -0.191827
v -0.531951 0.091225 -0.148377
v -0.512658 0.090545 -0.137726
v -0.491267 0.090867 -0.126138
v -0.615767 0.108993 -0.082688
v -0.591771 0.110241 -0.072037
v -0.568100 0.112386 -0.060449
v -0.472377 0.096618 0.012762
v -0.503789 0.106439 -0.001419
v -0.534503 0.115972 -0.016476
v -0.491270 0.096328 0.029082
v -0.522903 0.109254 0.014973
v -0.553699 0.119563 -0.000057
v -0.510162 0.096118 0.045401
v -0.542018 0.109472 0.031365
v -0.572895 0.119878 0.016361
v -0.200573 0.065290 -0.222292
v -0.230053 0.064072 -0.236243
v -0.260056 0.062693 -0.251216
v -0.210080 0.066201 -0.213997
v -0.239283 0.065097 -0.228303
v -0.269183 0.063780 -0.243406
v -0.220853 0.067098 -0.204620
v -0.249845 0.066148 -0.219223
v -0.279668 0.064945 -0.234436
v -0.589432 0.118635 -0.044028
v -0.617255 0.117169 -0.055626
v -0.643484 0.118099 -0.066301
v -0.614613 0.123757 -0.027615
v -0.643414 0.124920 -0.039280
v -0.666157 0.125769 -0.050118
v -0.640188 0.128526 -0.011217
v -0.666175 0.130554 -0.023044
v -0.684588 0.130569 -0.034301
v -0.248514 0.068838 -0.180636
v -0.277412 0.068396 -0.195556
v -0.307200 0.067664 -0.210885
v -0.265403 0.069727 -0.166030
v -0.294416 0.069664 -0.180968
v -0.324247 0.069311 -0.196304
v -0.283557 0.071234 -0.150342
v -0.312754 0.071481 -0.165241
v -0.342652 0.071227 -0.180563
v -0.321237 0.080331 -0.117793
v -0.350872 0.079870 -0.132553
v -0.380931 0.078677 -0.147823
v -0.340129 0.085918 -0.101474
v -0.369986 0.086437 -0.116161
v -0.400128 0.084744 -0.131404
v -0.359022 0.091534 -0.085154
v -0.389101 0.092702 -0.099769
v -0.419324 0.090525 -0.114986
v -0.396807 0.097204 -0.052515
v -0.427330 0.100145 -0.066986
v -0.457717 0.100545 -0.082149
v -0.415700 0.098333 -0.036196
v -0.446445 0.103259 -0.050594
v -0.476913 0.105190 -0.065731
v -0.434592 0.098634 -0.019876
v -0.465559 0.105555 -0.034202
v -0.496110 0.109058 -0.049312
v -0.312298 0.061108 -0.283758
v -0.332691 0.059388 -0.302511
v -0.350843 0.058369 -0.314113
v -0.321443 0.062485 -0.276071
v -0.342149 0.060649 -0.294508
v -0.361005 0.059515 -0.306520
v -0.332023 0.063841 -0.266014
v -0.352921 0.062554 -0.283531
v -0.372106 0.061608 -0.295013
v -0.359871 0.066304 -0.238501
v -0.381237 0.065997 -0.250403
v -0.400518 0.065724 -0.261195
v -0.376926 0.068659 -0.223895
v -0.398317 0.068551 -0.235483
v -0.417610 0.068541 -0.246135
v -0.395340 0.071398 -0.208152
v -0.416731 0.071635 -0.219740
v -0.436024 0.071940 -0.230391
v -0.433643 0.077973 -0.175404
v -0.455034 0.078732 -0.186992
v -0.474327 0.079419 -0.197644
v -0.452851 0.082119 -0.158982
v -0.474242 0.082591 -0.170570
v -0.493535 0.083331 -0.181222
v -0.472059 0.086436 -0.142560
v -0.493450 0.086531 -0.154148
v -0.512743 0.087285 -0.164800
v -0.394268 0.060948 0.074266
v -0.378335 0.061948 0.058800
v -0.362402 0.063445 0.043333
v -0.421597 0.068710 0.070704
v -0.404696 0.069920 0.055000
v -0.387795 0.072668 0.039297
v -0.449552 0.076335 0.065291
v -0.431777 0.077251 0.049332
v -0.414003 0.079821 0.033373
v -0.282168 0.028834 0.084965
v -0.269591 0.030543 0.069563
v -0.257014 0.031939 0.054161
v -0.310060 0.037162 0.082269
v -0.296788 0.038422 0.066973
v -0.283515 0.039420 0.051677
v -0.338515 0.045266 0.079583
v -0.324445 0.046089 0.064332
v -0.310375 0.046711 0.049080
v -0.188097 -0.002676 0.095016
v -0.177222 0.000704 0.079090
v -0.166347 0.003672 0.063164
v -0.208546 0.004685 0.092673
v -0.197409 0.007679 0.076870
v -0.186271 0.010275 0.061068
v -0.231040 0.012442 0.090202
v -0.219533 0.015026 0.074530
v -0.208025 0.017232 0.058857
v -0.122026 -0.028200 0.103124
v -0.111373 -0.023497 0.086771
v -0.100719 -0.019253 0.070418
v -0.137473 -0.022118 0.101192
v -0.126821 -0.017728 0.084941
v -0.116169 -0.013785 0.068690
v -0.153042 -0.015990 0.099247
v -0.142384 -0.011917 0.083098
v -0.131726 -0.008279 0.066949
v -0.047509 -0.055871 0.111922
v -0.037523 -0.049730 0.095106
v -0.027536 -0.044145 0.078290
v -0.068503 -0.048297 0.109512
v -0.058225 -0.042551 0.092823
v -0.047947 -0.037352 0.076134
v -0.087956 -0.041167 0.107244
v -0.077468 -0.035793 0.090675
v -0.066980 -0.030926 0.074105
v 0.046221 -0.088920 0.122445
v 0.054530 -0.081054 0.105076
v 0.062839 -0.073753 0.087706
v 0.022650 -0.080765 0.119847
v 0.031386 -0.073323 0.102615
v 0.040121 -0.066445 0.085382
v -0.001423 -0.072296 0.117150
v 0.007766 -0.065296 0.100060
v 0.016955 -0.058857 0.082968
v 0.125309 -0.114580 0.130420
v 0.132711 -0.105401 0.112630
v 0.140113 -0.096760 0.094841
v 0.107143 -0.108860 0.128728
v 0.114687 -0.099969 0.111028
v 0.122232 -0.091630 0.093328
v 0.088469 -0.102898 0.126896
v 0.096183 -0.094308 0.109292
v 0.103896 -0.086285 0.091688
v 0.205717 -0.139388 0.137228
v 0.212142 -0.128926 0.119081
v 0.218568 -0.118941 0.100933
v 0.184315 -0.132832 0.135487
v 0.191053 -0.122716 0.117431
v 0.197791 -0.113094 0.099375
v 0.163597 -0.126450 0.133760
v 0.170612 -0.116666 0.115795
v 0.177626 -0.107391 0.097830
v 0.291721 -0.164357 0.143798
v 0.296875 -0.152535 0.125304
v 0.302030 -0.141134 0.106811
v 0.270790 -0.158673 0.142290
v 0.276232 -0.147166 0.123876
v 0.281674 -0.136092 0.105462
v 0.249272 -0.152483 0.140663
v 0.255033 -0.141315 0.122335
v 0.260794 -0.130594 0.104006
v 0.379967 -0.179341 0.147949
v 0.383732 -0.166605 0.129237
v 0.387498 -0.154280 0.110525
v 0.352809 -0.176880 0.147221
v 0.357190 -0.164322 0.128548
v 0.361571 -0.152171 0.109874
v 0.331198 -0.173518 0.146286
v 0.335902 -0.161172 0.127661
v 0.340607 -0.149235 0.109037
v 0.465338 -0.156238 0.111273
v 0.464219 -0.169711 0.130001
v 0.462936 -0.182976 0.148688
v 0.517424 -0.154446 0.111392
v 0.517666 -0.167580 0.129929
v 0.516602 -0.180405 0.148140
v 0.574848 -0.151877 0.111377
v 0.575632 -0.164452 0.129432
v 0.572075 -0.176402 0.146404
v -0.330536 0.065052 0.012401
v -0.314603 0.065642 -0.003065
v -0.298670 0.066148 -0.018532
v -0.353993 0.077575 0.007889
v -0.337092 0.078553 -0.007814
v -0.320191 0.076725 -0.023518
v -0.378454 0.087966 0.001454
v -0.360680 0.090463 -0.014505
v -0.342905 0.088568 -0.030465
v -0.231861 0.034602 0.023357
v -0.219284 0.036556 0.007955
v -0.206707 0.038700 -0.007448
v -0.256970 0.041195 0.021085
v -0.243697 0.042706 0.005789
v -0.230424 0.044415 -0.009507
v -0.282235 0.047656 0.018577
v -0.268165 0.048822 0.003325
v -0.254096 0.050134 -0.011926
v -0.144596 0.009641 0.031312
v -0.133721 0.013336 0.015386
v -0.122846 0.017138 -0.000540
v -0.163996 0.015474 0.029462
v -0.152859 0.018760 0.013660
v -0.141721 0.022175 -0.002143
v -0.185010 0.021620 0.027512
v -0.173502 0.024475 0.011839
v -0.161995 0.027482 -0.003834
v -0.079413 -0.010570 0.037713
v -0.068760 -0.005471 0.021360
v -0.058107 -0.000326 0.005007
v -0.094864 -0.005758 0.036188
v -0.084212 -0.000989 0.019937
v -0.073559 0.003836 0.003686
v -0.110410 -0.000906 0.034652
v -0.099752 0.003526 0.018503
v -0.089094 0.008028 0.002355
v -0.025029 -0.009198 0.007827
v -0.035517 -0.015026 0.024396
v -0.046005 -0.020822 0.040966
v -0.006836 -0.014076 0.009378
v -0.017114 -0.020279 0.026067
v -0.027392 -0.026458 0.042756
v 0.012411 -0.019259 0.011027
v 0.002424 -0.025860 0.027843
v -0.007562 -0.032446 0.044659
v 0.053711 -0.030496 0.014605
v 0.044522 -0.037962 0.031696
v 0.035333 -0.045425 0.048787
v 0.075064 -0.036292 0.016450
v 0.066329 -0.044203 0.033683
v 0.057593 -0.052114 0.050916
v 0.096075 -0.041871 0.018227
v 0.087766 -0.050212 0.035597
v 0.079457 -0.058553 0.052967
v 0.134749 -0.051421 0.021273
v 0.127035 -0.060497 0.038877
v 0.119322 -0.069572 0.056481
v 0.152408 -0.055348 0.022526
v 0.144864 -0.064761 0.040227
v 0.137320 -0.074199 0.057927
v 0.169721 -0.059065 0.023683
v 0.162319 -0.068845 0.041473
v 0.154917 -0.078640 0.059262
v 0.205685 -0.066771 0.025969
v 0.198670 -0.077308 0.043934
v 0.191656 -0.087843 0.061899
v 0.224743 -0.070900 0.027150
v 0.218005 -0.081840 0.045207
v 0.211267 -0.092772 0.063263
v 0.244270 -0.075129 0.028342
v 0.237844 -0.086482 0.046490
v 0.231419 -0.097822 0.064637
v 0.283837 -0.083546 0.030692
v 0.278076 -0.095715 0.049021
v 0.272315 -0.107868 0.067349
v 0.303443 -0.087516 0.031805
v 0.298001 -0.100067 0.050219
v 0.292559 -0.112601 0.068633
v 0.322648 -0.091158 0.032837
v 0.317493 -0.104055 0.051330
v 0.312339 -0.116938 0.069824
v 0.359424 -0.097005 0.034539
v 0.354720 -0.110454 0.053164
v 0.350015 -0.123895 0.071788
v 0.379094 -0.099104 0.035179
v 0.374714 -0.112753 0.053853
v 0.370333 -0.126400 0.072527
v 0.402559 -0.100606 0.035678
v 0.398793 -0.114395 0.054389
v 0.395028 -0.128190 0.073101
v 0.560693 -0.099477 0.036407
v 0.512930 -0.100615 0.036365
v 0.469373 -0.101380 0.036253
v 0.564334 -0.112636 0.055175
v 0.514086 -0.114119 0.055130
v 0.468369 -0.115129 0.055009
v 0.567975 -0.125788 0.073943
v 0.515242 -0.127626 0.073895
v 0.467364 -0.128890 0.073765
v 0.546130 -0.047642 -0.038665
v 0.508305 -0.047622 -0.038694
v 0.473392 -0.047564 -0.038772
v 0.549771 -0.060390 -0.019897
v 0.509461 -0.060614 -0.019929
v 0.472388 -0.060734 -0.020016
v 0.553412 -0.073308 -0.001129
v 0.510617 -0.073811 -0.001164
v 0.471383 -0.074129 -0.001260
v 0.378242 -0.044219 -0.039958
v 0.373538 -0.057154 -0.021334
v 0.368833 -0.070300 -0.002710
v 0.396618 -0.045591 -0.039515
v 0.392237 -0.058696 -0.020841
v 0.387856 -0.072021 -0.002168
v 0.417621 -0.046611 -0.039170
v 0.413855 -0.059825 -0.020458
v 0.410090 -0.073266 -0.001746
v 0.306880 -0.035656 -0.042622
v 0.301120 -0.047414 -0.024293
v 0.295359 -0.059347 -0.005964
v 0.325212 -0.038153 -0.041851
v 0.319769 -0.050267 -0.023437
v 0.314327 -0.062566 -0.005023
v 0.343265 -0.040462 -0.041137
v 0.338111 -0.052897 -0.022643
v 0.332956 -0.065526 -0.004150
v 0.233743 -0.025277 -0.045892
v 0.226728 -0.035494 -0.027927
v 0.219714 -0.045828 -0.009961
v 0.251695 -0.027825 -0.045074
v 0.244957 -0.038409 -0.027018
v 0.238219 -0.049145 -0.008962
v 0.269972 -0.030424 -0.044249
v 0.263546 -0.041407 -0.026101
v 0.257121 -0.052549 -0.007953
v 0.165601 -0.015119 -0.049143
v 0.157888 -0.024195 -0.031539
v 0.150175 -0.033270 -0.013935
v 0.182585 -0.017836 -0.048275
v 0.175041 -0.027213 -0.030575
v 0.167497 -0.036591 -0.012874
v 0.199329 -0.020340 -0.047474
v 0.191927 -0.029996 -0.029685
v 0.184525 -0.039652 -0.011895
v 0.090466 -0.000633 -0.053759
v 0.081277 -0.008099 -0.036668
v 0.072088 -0.015565 -0.019577
v 0.110007 -0.004645 -0.052482
v 0.101272 -0.012556 -0.035249
v 0.092536 -0.020468 -0.018016
v 0.129312 -0.008507 -0.051251
v 0.121002 -0.016848 -0.033882
v 0.112694 -0.025189 -0.016512
v 0.016922 0.014112 -0.058452
v 0.006434 0.008285 -0.041882
v -0.004054 0.002457 -0.025313
v 0.034275 0.010735 -0.057378
v 0.023997 0.004532 -0.040689
v 0.013720 -0.001670 -0.024000
v 0.052358 0.007147 -0.056236
v 0.042371 0.000546 -0.039420
v 0.032385 -0.006056 -0.022604
v -0.046463 0.026038 -0.062240
v -0.057121 0.021536 -0.046091
v -0.067779 0.017033 -0.029943
v -0.030950 0.023136 -0.061318
v -0.041602 0.018311 -0.045068
v -0.052255 0.013486 -0.028816
v -0.015494 0.020255 -0.060404
v -0.026147 0.015109 -0.044051
v -0.036800 0.009964 -0.027698
v -0.115964 0.039506 -0.066524
v -0.127472 0.036500 -0.050852
v -0.138980 0.033494 -0.035179
v -0.097171 0.035832 -0.065354
v -0.108308 0.032418 -0.049551
v -0.119446 0.029003 -0.033749
v -0.079345 0.032345 -0.064244
v -0.090221 0.028543 -0.048318
v -0.101096 0.024741 -0.032392
v -0.197816 0.055163 -0.072932
v -0.211886 0.053873 -0.057681
v -0.225956 0.052584 -0.042429
v -0.177333 0.051248 -0.070691
v -0.190606 0.049539 -0.055395
v -0.203879 0.047831 -0.040099
v -0.156400 0.047275 -0.069056
v -0.168977 0.045131 -0.053654
v -0.181554 0.042987 -0.038252
v -0.271808 0.076748 -0.094302
v -0.289582 0.081722 -0.078343
v -0.307357 0.084598 -0.062383
v -0.252587 0.070116 -0.086332
v -0.269488 0.074028 -0.070629
v -0.286389 0.075328 -0.054925
v -0.234938 0.063456 -0.080397
v -0.250871 0.065584 -0.064930
v -0.266804 0.066634 -0.049464
v -0.202800 0.068227 -0.156353
v -0.219104 0.068090 -0.141651
v -0.236336 0.068244 -0.126154
v -0.186514 0.069247 -0.147837
v -0.202338 0.067057 -0.133055
v -0.218842 0.066118 -0.117691
v -0.172178 0.069866 -0.141430
v -0.187427 0.066800 -0.126549
v -0.203108 0.063702 -0.111298
v -0.141752 0.069277 -0.133755
v -0.155670 0.063989 -0.118633
v -0.169684 0.059711 -0.103429
v -0.124306 0.068293 -0.131774
v -0.137534 0.062128 -0.116562
v -0.150790 0.056453 -0.101280
v -0.106101 0.066169 -0.126657
v -0.118672 0.059713 -0.114802
v -0.131247 0.052873 -0.099860
v 0.321375 0.055788 -0.189430
v 0.305599 0.056074 -0.189522
v 0.289859 0.056357 -0.189613
v 0.314950 0.045016 -0.171283
v 0.298861 0.045587 -0.171466
v 0.282845 0.046153 -0.171648
v 0.308524 0.034243 -0.153135
v 0.292123 0.035099 -0.153410
v 0.275830 0.035949 -0.153683
v 0.258545 0.056905 -0.189789
v 0.242939 0.057184 -0.189878
v 0.227307 0.057485 -0.189974
v 0.251143 0.047250 -0.171999
v 0.235395 0.047806 -0.172178
v 0.219594 0.048410 -0.172370
v 0.243741 0.037594 -0.154210
v 0.227851 0.038429 -0.154477
v 0.211881 0.039334 -0.154766
v 0.195784 0.058220 -0.190209
v 0.179894 0.058649 -0.190345
v 0.163977 0.059095 -0.190487
v 0.187475 0.049879 -0.172839
v 0.171158 0.050738 -0.173112
v 0.154788 0.051629 -0.173396
v 0.179166 0.041538 -0.155469
v 0.162422 0.042826 -0.155879
v 0.145599 0.044163 -0.156305
v 0.132252 0.059960 -0.190762
v 0.116498 0.060358 -0.190889
v 0.100824 0.060733 -0.191009
v 0.122265 0.053358 -0.173946
v 0.106220 0.054155 -0.174200
v 0.090336 0.054906 -0.174439
v 0.112279 0.046756 -0.157131
v 0.095942 0.047952 -0.157511
v 0.079849 0.049078 -0.157869
v 0.069732 0.061416 -0.191225
v 0.054269 0.061736 -0.191327
v 0.038800 0.062374 -0.191429
v 0.059079 0.056271 -0.174873
v 0.043617 0.057709 -0.175076
v 0.028142 0.060484 -0.175281
v 0.048425 0.051695 -0.158520
v 0.032964 0.054951 -0.158825
v 0.017484 0.058504 -0.159132
v 0.007656 0.065183 -0.191652
v -0.008070 0.065574 -0.191776
v -0.023904 0.065787 -0.191905
v -0.003219 0.064570 -0.175726
v -0.019208 0.065460 -0.175973
v -0.035411 0.065680 -0.176233
v -0.014094 0.064150 -0.159800
v -0.030345 0.065672 -0.159687
v -0.046919 0.066084 -0.157416
v 0.531567 0.003115 -0.113738
v 0.503680 0.003164 -0.113754
v 0.477412 0.003296 -0.113797
v 0.535208 -0.009574 -0.094970
v 0.504836 -0.009516 -0.094989
v 0.476407 -0.009357 -0.095041
v 0.538849 -0.022263 -0.076202
v 0.505993 -0.022195 -0.076224
v 0.475402 -0.022010 -0.076285
v 0.481381 0.053839 -0.188720
v 0.480410 0.041233 -0.170033
v 0.479419 0.028599 -0.151305
v 0.498657 0.053331 -0.187999
v 0.500084 0.041026 -0.169788
v 0.501352 0.028501 -0.151251
v 0.515727 0.052107 -0.186199
v 0.520246 0.040632 -0.169227
v 0.524235 0.028425 -0.151172
v 0.397060 0.005310 -0.114456
v 0.392355 -0.006941 -0.095832
v 0.387651 -0.019191 -0.077207
v 0.414141 0.004555 -0.114210
v 0.409760 -0.007847 -0.095536
v 0.405380 -0.020248 -0.076862
v 0.432682 0.003969 -0.114018
v 0.428917 -0.008549 -0.095306
v 0.425151 -0.021067 -0.076594
v 0.329924 0.009888 -0.115936
v 0.324163 -0.001447 -0.097607
v 0.318402 -0.012781 -0.079279
v 0.346980 0.008559 -0.115508
v 0.341538 -0.003041 -0.097093
v 0.336096 -0.014642 -0.078679
v 0.363883 0.007330 -0.115111
v 0.358728 -0.004517 -0.096617
v 0.353574 -0.016363 -0.078124
v 0.261801 0.015540 -0.117752
v 0.254787 0.005336 -0.099787
v 0.247772 -0.004868 -0.081822
v 0.278647 0.014125 -0.117298
v 0.271909 0.003637 -0.099242
v 0.265171 -0.006850 -0.081186
v 0.295673 0.012698 -0.116840
v 0.289248 0.001926 -0.098692
v 0.282822 -0.008847 -0.080544
v 0.196454 0.021183 -0.119559
v 0.188741 0.012108 -0.101955
v 0.181028 0.003032 -0.084351
v 0.212762 0.019674 -0.119077
v 0.205218 0.010296 -0.101376
v 0.197674 0.000919 -0.083676
v 0.228937 0.018282 -0.118631
v 0.221535 0.008627 -0.100842
v 0.214133 -0.001029 -0.083053
v 0.127222 0.029231 -0.122123
v 0.118033 0.021765 -0.105032
v 0.108844 0.014299 -0.087941
v 0.144951 0.027002 -0.121414
v 0.136215 0.019091 -0.104181
v 0.127479 0.011179 -0.086948
v 0.162548 0.024856 -0.120730
v 0.154239 0.016515 -0.103360
v 0.145930 0.008174 -0.085991
v 0.058873 0.037423 -0.124730
v 0.048385 0.031595 -0.108161
v 0.037898 0.025768 -0.091591
v 0.075386 0.035547 -0.124133
v 0.065109 0.029344 -0.107445
v 0.054831 0.023141 -0.090755
v 0.092305 0.033553 -0.123499
v 0.082318 0.026952 -0.106683
v 0.072332 0.020350 -0.089868
v 0.027119 0.041688 -0.125815
v 0.011660 0.044934 -0.126323
v -0.003831 0.049452 -0.126835
v 0.016466 0.035706 -0.109462
v 0.001007 0.039015 -0.110072
v -0.014489 0.043363 -0.110686
v 0.005813 0.030545 -0.093109
v -0.009645 0.033570 -0.093821
v -0.025147 0.037105 -0.094537
v -0.069934 0.062081 -0.115444
v -0.081442 0.054437 -0.103901
v -0.092949 0.047217 -0.095278
v -0.052620 0.060968 -0.117846
v -0.063758 0.053047 -0.102736
v -0.074896 0.044617 -0.092898
v -0.035845 0.058361 -0.123110
v -0.046720 0.051455 -0.105840
v -0.057595 0.042777 -0.093057
v -0.055872 0.066465 -0.192200
v -0.071835 0.067449 -0.192474
v -0.087562 0.068432 -0.192974
v -0.068422 0.068044 -0.175955
v -0.084897 0.069683 -0.176975
v -0.100922 0.070446 -0.178330
v -0.080976 0.069624 -0.156978
v -0.097988 0.070900 -0.160551
v -0.114378 0.070269 -0.163603
v -0.151979 0.066537 -0.202854
v -0.162866 0.066974 -0.192784
v -0.174681 0.067752 -0.181919
v -0.133769 0.066761 -0.197947
v -0.145623 0.066868 -0.186559
v -0.158157 0.068298 -0.174590
v -0.117888 0.068072 -0.195222
v -0.130614 0.067830 -0.182498
v -0.143772 0.069172 -0.169404
v 0.384500 0.054715 -0.189085
v 0.368749 0.054961 -0.189164
v 0.352967 0.055226 -0.189250
v 0.379346 0.042868 -0.170591
v 0.363307 0.043360 -0.170750
v 0.347206 0.043892 -0.170921
v 0.374192 0.031022 -0.152098
v 0.357865 0.031760 -0.152336
v 0.341445 0.032557 -0.152592
v 0.447743 0.054043 -0.188866
v 0.431665 0.054160 -0.188904
v 0.415877 0.054311 -0.188954
v 0.443978 0.041524 -0.170154
v 0.427284 0.041758 -0.170231
v 0.411173 0.042060 -0.170329
v 0.440213 0.029006 -0.151442
v 0.422903 0.029357 -0.151557
v 0.406468 0.029810 -0.151705
v -0.510475 0.096405 -0.109716
v -0.531866 0.095450 -0.121303
v -0.551159 0.095205 -0.131955
v -0.529683 0.101860 -0.093293
v -0.551074 0.100340 -0.104881
v -0.570367 0.099336 -0.115533
v -0.548892 0.106818 -0.076871
v -0.570282 0.104749 -0.088459
v -0.590126 0.103319 -0.099111
v -0.697533 0.161184 0.262672
v -0.606733 0.156818 0.309865
v -0.478938 0.116620 0.365104
v -0.366755 0.084815 0.385011
v -0.255614 0.052322 0.395678
v -0.169657 0.022224 0.405263
v -0.105772 -0.002684 0.413173
v -0.025071 -0.032094 0.422529
v 0.068367 -0.064581 0.432877
v 0.143890 -0.087255 0.440125
v 0.227477 -0.109006 0.447017
v 0.311755 -0.129069 0.453196
v -0.510162 0.127916 0.353455
v -0.542018 0.141270 0.339419
v -0.572895 0.151676 0.324415
v -0.640188 0.160324 0.296838
v -0.666175 0.162352 0.285010
v -0.684588 0.162367 0.273754
v -0.394268 0.092746 0.382320
v -0.421597 0.100508 0.378758
v -0.449552 0.108134 0.373346
v -0.282168 0.060632 0.393019
v -0.310060 0.068960 0.390323
v -0.338515 0.077065 0.387638
v -0.188097 0.029122 0.403070
v -0.208547 0.036483 0.400727
v -0.231040 0.044240 0.398256
v -0.122026 0.003598 0.411178
v -0.137473 0.009681 0.409246
v -0.153042 0.015808 0.407301
v -0.047509 -0.024073 0.419976
v -0.068503 -0.016498 0.417566
v -0.087956 -0.009369 0.415298
v 0.046221 -0.057122 0.430499
v 0.022650 -0.048967 0.427902
v -0.001423 -0.040497 0.425205
v 0.125309 -0.082103 0.438474
v 0.107143 -0.076816 0.436783
v 0.088470 -0.071080 0.434950
v 0.205717 -0.103428 0.445283
v 0.184315 -0.097910 0.443541
v 0.163597 -0.092524 0.441814
v 0.291721 -0.124725 0.451852
v 0.270790 -0.119824 0.450344
v 0.249272 -0.114527 0.448718
v 0.379967 -0.137970 0.456004
v 0.352809 -0.135707 0.455276
v 0.331198 -0.132733 0.454340
v 0.163597 -0.122536 0.195371
v 0.163597 -0.115781 0.256982
v 0.163597 -0.107878 0.318593
v 0.163597 -0.099867 0.380203
v 0.184315 -0.105658 0.381930
v 0.184315 -0.114034 0.320319
v 0.184315 -0.122185 0.258708
v 0.184315 -0.129024 0.197098
v -0.478938 0.089273 0.118661
v -0.478938 0.095743 0.180272
v -0.478938 0.102702 0.241883
v -0.478938 0.109661 0.303494
v -0.449552 0.101175 0.311735
v -0.449552 0.094216 0.250124
v -0.449552 0.087257 0.188513
v -0.449552 0.080787 0.126902
v -0.684588 0.135381 0.027310
v -0.684588 0.141490 0.088921
v -0.684588 0.148449 0.150532
v -0.684588 0.155408 0.212143
v -0.666175 0.155393 0.223399
v -0.666175 0.148434 0.161788
v -0.666175 0.141475 0.100177
v -0.666175 0.135231 0.038566
v -0.421597 0.093549 0.317147
v -0.421597 0.086590 0.255536
v -0.421597 0.079631 0.193925
v -0.421597 0.073161 0.132315
v 0.107143 -0.104616 0.190339
v 0.107143 -0.098056 0.251950
v 0.107143 -0.090819 0.313561
v 0.107143 -0.083775 0.375172
v 0.125309 -0.089064 0.376863
v 0.125309 -0.096384 0.315252
v 0.125309 -0.103833 0.253641
v 0.125309 -0.110450 0.192031
v 0.311755 -0.166008 0.206753
v 0.311755 -0.158551 0.268364
v 0.311755 -0.148981 0.329974
v 0.311755 -0.138790 0.391585
v 0.331198 -0.142603 0.392729
v 0.331198 -0.152950 0.331118
v 0.331198 -0.162673 0.269507
v 0.331198 -0.170224 0.207897
v -0.122026 -0.023749 0.164734
v -0.122026 -0.017279 0.226345
v -0.122026 -0.010320 0.287956
v -0.122026 -0.003361 0.349567
v -0.105772 -0.009643 0.351562
v -0.105772 -0.016602 0.289951
v -0.105772 -0.023561 0.228341
v -0.105772 -0.030031 0.166730
v -0.606733 0.129590 0.063421
v -0.606733 0.135941 0.125032
v -0.606733 0.142900 0.186643
v -0.606733 0.149859 0.248254
v -0.572895 0.144717 0.262805
v -0.572895 0.137758 0.201194
v -0.572895 0.130799 0.139583
v -0.572895 0.124478 0.077972
v 0.352809 -0.145684 0.393665
v 0.352809 -0.156147 0.332054
v 0.352809 -0.165990 0.270443
v 0.352809 -0.173629 0.208832
v -0.255614 0.024975 0.149235
v -0.255614 0.031445 0.210846
v -0.255614 0.038404 0.272457
v -0.255614 0.045363 0.334068
v -0.231040 0.037281 0.336645
v -0.231040 0.030322 0.275035
v -0.231040 0.023363 0.213424
v -0.231040 0.016893 0.151813
v -0.208547 0.029524 0.339116
v -0.208547 0.022565 0.277506
v -0.208546 0.015606 0.215895
v -0.208546 0.009136 0.154284
v -0.510162 0.100583 0.107012
v -0.510162 0.107040 0.168623
v -0.510162 0.113998 0.230234
v -0.510162 0.120957 0.291845
v 0.270790 -0.155216 0.203901
v 0.270790 -0.147970 0.265512
v 0.270790 -0.138807 0.327122
v 0.270790 -0.129079 0.388733
v 0.291721 -0.134243 0.390241
v 0.291721 -0.144228 0.328630
v 0.291721 -0.153610 0.267019
v 0.291721 -0.160964 0.205408
v -0.310060 0.041613 0.143880
v -0.310060 0.048083 0.205490
v -0.310060 0.055042 0.267101
v -0.310060 0.062001 0.328712
v -0.282168 0.053673 0.331409
v -0.282168 0.046714 0.269798
v -0.282168 0.039755 0.208187
v -0.282168 0.033285 0.146576
v 0.046221 -0.084469 0.184056
v 0.046221 -0.077999 0.245667
v 0.046221 -0.071040 0.307278
v 0.046221 -0.064081 0.368889
v 0.068367 -0.071540 0.371266
v 0.068367 -0.078499 0.309655
v 0.068367 -0.085458 0.248044
v 0.068367 -0.091928 0.186434
v -0.087956 -0.016328 0.353687
v -0.087956 -0.023287 0.292077
v -0.087956 -0.030246 0.230466
v -0.087956 -0.036716 0.168855
v -0.068503 -0.023457 0.355955
v -0.068503 -0.030416 0.294344
v -0.068503 -0.037375 0.232733
v -0.068503 -0.043845 0.171122
v -0.137473 -0.017666 0.162803
v -0.137473 -0.011196 0.224414
v -0.137473 -0.004237 0.286025
v -0.137473 0.002722 0.347636
v 0.205717 -0.135680 0.198839
v 0.205717 -0.128749 0.260450
v 0.205717 -0.120341 0.322061
v 0.205717 -0.111600 0.383672
v 0.227477 -0.117580 0.385406
v 0.227477 -0.126675 0.323795
v 0.227477 -0.135342 0.262184
v 0.227477 -0.142373 0.200573
v 0.088470 -0.078039 0.373339
v 0.088470 -0.084998 0.311729
v 0.088469 -0.092022 0.250118
v 0.088469 -0.098529 0.188507
v -0.394268 0.065400 0.135877
v -0.394268 0.071870 0.197488
v -0.394268 0.078829 0.259099
v -0.394268 0.085787 0.320709
v -0.366755 0.077856 0.323400
v -0.366755 0.070897 0.261789
v -0.366755 0.063938 0.200178
v -0.366755 0.057468 0.138567
v -0.697533 0.134373 0.016229
v -0.697533 0.140307 0.077840
v -0.697533 0.147266 0.139451
v -0.697533 0.154225 0.201062
v 0.022650 -0.076314 0.181458
v 0.022650 -0.069844 0.243069
v 0.022650 -0.062885 0.304680
v 0.022650 -0.055926 0.366291
v 0.249272 -0.123465 0.387107
v 0.249272 -0.132893 0.325496
v 0.249272 -0.141814 0.263885
v 0.249272 -0.148951 0.202274
v -0.188097 0.001775 0.156626
v -0.188097 0.008245 0.218237
v -0.188097 0.015204 0.279848
v -0.188097 0.022163 0.341459
v -0.169657 0.015266 0.343652
v -0.169657 0.008307 0.282041
v -0.169657 0.001348 0.220430
v -0.169657 -0.005122 0.158819
v -0.640188 0.133066 0.050394
v -0.640188 0.139447 0.112005
v -0.640188 0.146406 0.173616
v -0.640188 0.153365 0.235227
v -0.338515 0.070106 0.326027
v -0.338515 0.063147 0.264416
v -0.338515 0.056188 0.202805
v -0.338515 0.049718 0.141194
v -0.542018 0.113976 0.092976
v -0.542018 0.120393 0.154587
v -0.542018 0.127352 0.216198
v -0.542018 0.134311 0.277808
v -0.047509 -0.051420 0.173533
v -0.047509 -0.044950 0.235144
v -0.047509 -0.037991 0.296755
v -0.047509 -0.031032 0.358366
v -0.025071 -0.039053 0.360918
v -0.025071 -0.046012 0.299307
v -0.025071 -0.052970 0.237697
v -0.025071 -0.059440 0.176086
v -0.153042 0.008849 0.345690
v -0.153042 0.001890 0.284079
v -0.153042 -0.005069 0.222468
v -0.153042 -0.011539 0.160858
v 0.379967 -0.147993 0.394393
v 0.379967 -0.158509 0.332782
v 0.379967 -0.168413 0.271171
v 0.379967 -0.176109 0.209560
v 0.143890 -0.094329 0.378514
v 0.143890 -0.101986 0.316903
v 0.143890 -0.109655 0.255292
v 0.143890 -0.116336 0.193681
v -0.001423 -0.047456 0.363594
v -0.001423 -0.054415 0.301983
v -0.001423 -0.061374 0.240372
v -0.001423 -0.067844 0.178761
vn -0.1906 -0.9525 -0.2376
vn -0.2418 -0.9633 -0.1166
vn -0.2453 -0.9232 -0.2958
vn -0.2097 -0.9510 -0.2274
vn -0.2072 -0.9512 -0.2285
vn -0.2069 -0.9513 -0.2286
vn -0.1269 -0.9376 -0.3237
vn -0.1270 -0.9376 -0.3238
vn -0.1430 -0.9597 -0.2418
vn -0.1182 -0.9856 -0.1206
vn -0.1146 -0.9856 0.1241
vn -0.1149 -0.9855 0.1246
vn -0.1178 -0.9845 0.1302
vn -0.1520 -0.9873 0.0463
vn -0.1471 -0.9881 0.0449
vn -0.1466 -0.9882 0.0447
vn -0.0879 -0.9926 -0.0838
vn -0.2315 -0.9313 -0.2811
vn -0.2275 -0.9319 -0.2826
vn -0.2282 -0.9322 -0.2810
vn -0.1915 -0.9353 -0.2977
vn -0.1916 -0.9353 -0.2973
vn -0.1919 -0.9355 -0.2968
vn -0.0069 -0.9948 0.1014
vn -0.0166 -0.9930 0.1170
vn -0.0129 -0.9928 0.1189
vn -0.0154 -0.9924 0.1219
vn -0.0058 -0.9960 0.0887
vn -0.0156 -0.9952 0.0971
vn -0.0091 -0.9945 0.1046
vn -0.0095 -0.9945 0.1042
vn 0.0028 -0.9960 0.0898
vn -0.0118 -0.9945 0.1041
vn -0.0064 -0.9939 0.1102
vn -0.0069 -0.9939 0.1097
vn -0.0143 -0.9924 0.1225
vn -0.0131 -0.9926 0.1209
vn -0.0166 -0.9920 0.1249
vn -0.0165 -0.9925 0.1213
vn -0.0190 -0.9934 0.1127
vn -0.0146 -0.9932 0.1159
vn -0.0198 -0.9939 0.1085
vn -0.0131 -0.9942 0.1064
vn -0.0083 -0.9954 0.0957
vn -0.0151 -0.9951 0.0979
vn -0.0071 -0.9957 0.0926
vn -0.0144 -0.9967 0.0803
vn -0.0068 -0.9971 0.0755
vn -0.0047 -0.9972 0.0742
vn -0.0107 -0.9990 0.0425
vn -0.0059 -0.9988 0.0479
vn -0.0113 -0.9991 0.0412
vn -0.0039 -0.9980 0.0639
vn -0.0013 -0.9969 0.0784
vn -0.0459 -0.9714 0.2328
vn -0.1342 -0.9612 0.2409
vn -0.1329 -0.9609 0.2429
vn -0.1330 -0.9609 0.2428
vn -0.0956 -0.9859 0.1377
vn -0.1185 -0.9778 0.1728
vn -0.1057 -0.9792 0.1733
vn -0.1188 -0.9778 0.1727
vn -0.1043 -0.9621 0.2518
vn -0.0559 -0.9551 0.2909
vn -0.0765 -0.9556 0.2847
vn -0.0766 -0.9556 0.2845
vn -0.0740 -0.9547 0.2882
vn -0.1646 -0.9538 0.2515
vn -0.1667 -0.9607 0.2218
vn -0.1069 -0.9792 0.1726
vn -0.1074 -0.9792 0.1721
vn -0.0334 -0.9981 0.0518
vn -0.0506 -0.9842 0.1698
vn -0.0101 -0.9987 0.0491
vn -0.0126 -0.9973 0.0720
vn -0.0409 -0.9970 0.0656
vn -0.0281 -0.9978 0.0596
vn -0.0269 -0.9980 0.0565
vn -0.0331 -0.9961 0.0818
vn -0.0337 -0.9953 0.0913
vn -0.0288 -0.9965 0.0790
vn -0.0087 -0.9994 0.0323
vn -0.0054 -0.9982 0.0600
vn -0.0074 -0.9967 0.0807
vn -0.0204 -0.9959 0.0877
vn -0.0130 -0.9953 0.0964
vn -0.0132 -0.9953 0.0961
vn -0.0194 -0.9958 0.0898
vn -0.0320 -0.9960 0.0838
vn -0.0305 -0.9956 0.0886
vn -0.0521 -0.9931 0.1049
vn -0.0585 -0.9926 0.1061
vn -0.0563 -0.9928 0.1062
vn -0.0623 -0.9896 0.1296
vn -0.0596 -0.9894 0.1326
vn -0.0712 -0.9890 0.1296
vn -0.0682 -0.9896 0.1265
vn -0.0794 -0.9891 0.1240
vn -0.1123 -0.9849 0.1320
vn -0.0279 -0.9994 0.0187
vn -0.0282 -0.9994 0.0192
vn -0.0308 -0.9992 0.0243
vn -0.0142 -0.9997 0.0196
vn -0.0954 -0.9704 0.2218
vn -0.0986 -0.9581 0.2689
vn -0.1157 -0.9728 0.2008
vn -0.0827 -0.9593 0.2701
vn -0.0824 -0.9595 0.2695
vn -0.0793 -0.9614 0.2636
vn -0.1317 -0.9644 0.2294
vn -0.1061 -0.9723 0.2081
vn -0.0831 -0.9754 0.2042
vn -0.0809 -0.9751 0.2067
vn -0.0875 -0.9809 0.1739
vn -0.0938 -0.9645 0.2468
vn -0.0653 -0.9627 0.2626
vn -0.0670 -0.9631 0.2607
vn -0.0654 -0.9627 0.2625
vn -0.0322 -0.9679 0.2492
vn -0.0324 -0.9677 0.2500
vn -0.0333 -0.9672 0.2519
vn -0.0511 -0.9723 0.2281
vn -0.0443 -0.9732 0.2259
vn -0.0435 -0.9732 0.2256
vn -0.1043 -0.9852 0.1359
vn -0.1078 -0.9924 0.0587
vn -0.0891 -0.9860 0.1409
vn -0.0794 -0.9787 0.1891
vn -0.0831 -0.9962 -0.0272
vn -0.0677 -0.9917 0.1094
vn -0.1082 -0.9883 -0.1070
vn -0.0838 -0.9956 0.0417
vn -0.1419 -0.9891 0.0389
vn -0.0620 -0.9980 0.0150
vn -0.0601 -0.9980 0.0173
vn -0.0621 -0.9980 0.0149
vn -0.0131 -0.9882 0.1529
vn -0.0373 -0.9653 0.2585
vn -0.0369 -0.9655 0.2577
vn -0.0468 -0.9742 0.2208
vn -0.0543 -0.9842 0.1684
vn -0.0417 -0.9931 0.1094
vn -0.0837 -0.9946 -0.0613
vn -0.1287 -0.9730 -0.1918
vn -0.0571 -0.9584 -0.2797
vn 0.0034 -0.9847 -0.1745
vn -0.0522 -0.9985 -0.0149
vn -0.0380 -0.9905 0.1322
vn -0.0374 -0.9906 0.1313
vn -0.0364 -0.9908 0.1304
vn -0.0185 -0.9925 0.1210
vn -0.0238 -0.9920 0.1242
vn -0.0231 -0.9921 0.1234
vn -0.0161 -0.9930 0.1170
vn -0.0232 -0.9919 0.1248
vn -0.0367 -0.9890 0.1436
vn -0.0324 -0.9893 0.1422
vn -0.0307 -0.9894 0.1416
vn -0.0451 -0.9946 0.0932
vn -0.0545 -0.9888 0.1386
vn -0.0367 -0.9910 0.1290
vn -0.0363 -0.9909 0.1296
vn -0.0219 -0.9922 0.1228
vn -0.0219 -0.9922 0.1224
vn -0.0226 -0.9923 0.1214
vn -0.0221 -0.9922 0.1226
vn -0.0250 -0.9894 0.1428
vn -0.0346 -0.9888 0.1453
vn -0.0227 -0.9895 0.1428
vn -0.0216 -0.9895 0.1432
vn -0.0264 -0.9917 0.1259
vn -0.0151 -0.9957 0.0911
vn -0.0549 -0.9959 0.0713
vn -0.0552 -0.9959 0.0717
vn -0.0569 -0.9956 0.0742
vn -0.0565 -0.9957 0.0741
vn -0.0563 -0.9957 0.0739
vn -0.0521 -0.9952 0.0827
vn -0.0428 -0.9940 0.1010
vn -0.0454 -0.9932 0.1071
vn -0.0457 -0.9932 0.1068
vn -0.0594 -0.9919 0.1125
vn -0.0624 -0.9915 0.1144
vn -0.0535 -0.9926 0.1086
vn -0.0525 -0.9934 0.1021
vn -0.0560 -0.9927 0.1068
vn -0.0650 -0.9912 0.1156
vn -0.0647 -0.9909 0.1181
vn -0.0480 -0.9959 0.0770
vn -0.0471 -0.9960 0.0755
vn -0.0418 -0.9969 0.0671
vn -0.0145 -0.9986 0.0513
vn -0.0213 -0.9984 0.0527
vn -0.0216 -0.9984 0.0527
vn -0.0023 -0.9981 0.0617
vn 0.0054 -0.9961 0.0875
vn -0.0451 -0.9900 0.1339
vn -0.0734 -0.9891 0.1277
vn -0.0735 -0.9891 0.1279
vn -0.0774 -0.9878 0.1349
vn -0.0893 -0.9888 0.1198
vn -0.0953 -0.9881 0.1205
vn -0.0885 -0.9897 0.1128
vn -0.0827 -0.9897 0.1170
vn -0.0845 -0.9902 0.1112
vn -0.0697 -0.9918 0.1074
vn -0.0760 -0.9912 0.1082
vn -0.0573 -0.9935 0.0984
vn -0.0422 -0.9942 0.0991
vn -0.0458 -0.9933 0.1058
vn -0.0302 -0.9943 0.1022
vn -0.0329 -0.9945 0.0990
vn -0.1037 -0.9864 0.1274
vn -0.0895 -0.9888 0.1191
vn -0.1040 -0.9864 0.1274
vn -0.0986 -0.9882 0.1169
vn -0.0995 -0.9882 0.1166
vn -0.0991 -0.9848 0.1429
vn -0.1026 -0.9878 0.1170
vn -0.1017 -0.9879 0.1175
vn -0.1023 -0.9879 0.1166
vn -0.0758 -0.9898 0.1206
vn -0.0892 -0.9891 0.1172
vn -0.0860 -0.9888 0.1223
vn -0.0841 -0.9903 0.1106
vn -0.0997 -0.9881 0.1174
vn -0.1005 -0.9880 0.1176
vn -0.1013 -0.9877 0.1191
vn -0.0993 -0.9879 0.1194
vn -0.0993 -0.9877 0.1210
vn -0.0989 -0.9878 0.1201
vn -0.1041 -0.9874 0.1192
vn -0.0907 -0.9831 0.1592
vn -0.0639 -0.9744 0.2156
vn -0.0804 -0.9765 0.1998
vn -0.1060 -0.9782 0.1783
vn -0.2360 -0.9234 -0.3028
vn -0.2357 -0.9236 -0.3025
vn -0.2361 -0.9233 -0.3029
vn -0.2670 -0.8933 -0.3615
vn -0.2016 -0.9388 -0.2792
vn -0.1957 -0.9392 -0.2821
vn -0.1951 -0.9392 -0.2824
vn -0.1769 -0.9215 -0.3457
vn -0.1733 -0.9216 -0.3473
vn -0.1730 -0.9216 -0.3475
vn -0.2558 -0.9221 -0.2904
vn -0.2889 -0.9043 -0.3144
vn -0.2888 -0.9042 -0.3146
vn -0.2867 -0.9014 -0.3244
vn -0.3123 -0.8981 -0.3096
vn -0.3235 -0.8744 -0.3617
vn -0.2286 -0.9022 -0.3657
vn -0.0973 -0.9373 -0.3348
vn -0.0975 -0.9374 -0.3343
vn -0.1007 -0.9400 -0.3261
vn -0.1349 -0.9436 -0.3022
vn -0.1863 -0.9470 -0.2618
vn -0.2467 -0.9241 -0.2920
vn -0.2404 -0.9241 -0.2971
vn -0.2393 -0.9241 -0.2980
vn -0.2430 -0.9309 -0.2728
vn -0.2376 -0.9310 -0.2771
vn -0.2368 -0.9310 -0.2777
vn -0.2388 -0.9321 -0.2724
vn -0.2329 -0.9322 -0.2772
vn -0.2319 -0.9322 -0.2780
vn -0.2349 -0.9377 -0.2560
vn -0.2321 -0.9370 -0.2612
vn -0.2294 -0.9379 -0.2602
vn -0.2545 -0.9157 -0.3110
vn -0.2476 -0.9157 -0.3164
vn -0.2466 -0.9157 -0.3172
vn -0.2509 -0.9236 -0.2898
vn -0.2411 -0.9257 -0.2915
vn -0.2484 -0.9270 -0.2810
vn -0.2375 -0.9293 -0.2829
vn -0.2388 -0.9297 -0.2804
vn -0.2389 -0.9357 -0.2598
vn -0.2307 -0.9366 -0.2636
vn -0.2323 -0.9369 -0.2611
vn -0.2318 -0.9428 -0.2397
vn -0.2237 -0.9436 -0.2440
vn -0.2247 -0.9437 -0.2428
vn -0.2417 -0.9398 -0.2415
vn -0.2385 -0.9401 -0.2436
vn -0.2381 -0.9401 -0.2439
vn -0.2322 -0.9365 -0.2627
vn -0.2386 -0.9359 -0.2592
vn -0.2320 -0.9352 -0.2674
vn -0.2346 -0.9357 -0.2636
vn -0.2778 -0.8887 -0.3646
vn -0.2670 -0.8896 -0.3706
vn -0.2666 -0.8896 -0.3709
vn -0.2730 -0.8997 -0.3407
vn -0.2624 -0.9006 -0.3465
vn -0.2620 -0.9006 -0.3467
vn -0.2707 -0.8977 -0.3477
vn -0.2615 -0.8981 -0.3535
vn -0.2608 -0.8982 -0.3540
vn -0.2665 -0.9076 -0.3243
vn -0.2567 -0.9089 -0.3287
vn -0.2593 -0.9132 -0.3145
vn -0.2776 -0.8807 -0.3837
vn -0.2712 -0.8814 -0.3867
vn -0.2722 -0.8927 -0.3593
vn -0.2721 -0.8927 -0.3593
vn -0.2658 -0.8934 -0.3623
vn -0.2567 -0.9003 -0.3514
vn -0.2567 -0.9004 -0.3512
vn -0.2567 -0.9004 -0.3513
vn -0.2652 -0.9059 -0.3302
vn -0.2579 -0.9068 -0.3335
vn -0.2540 -0.9072 -0.3355
vn -0.2491 -0.9141 -0.3200
vn -0.2501 -0.9148 -0.3171
vn -0.2544 -0.9199 -0.2983
vn -0.2438 -0.9217 -0.3018
vn -0.2451 -0.9222 -0.2990
vn -0.2590 -0.9157 -0.3072
vn -0.2491 -0.9174 -0.3103
vn -0.2628 -0.9067 -0.3298
vn -0.2549 -0.9069 -0.3354
vn -0.2540 -0.9070 -0.3360
vn -0.2727 -0.8628 -0.4258
vn -0.2719 -0.8632 -0.4254
vn -0.2787 -0.8594 -0.4287
vn -0.2663 -0.8765 -0.4010
vn -0.2656 -0.8769 -0.4006
vn -0.2721 -0.8738 -0.4030
vn -0.2749 -0.8676 -0.4145
vn -0.2682 -0.8811 -0.3896
vn -0.2660 -0.8605 -0.4344
vn -0.2656 -0.8607 -0.4342
vn -0.2655 -0.8566 -0.4424
vn -0.2614 -0.8753 -0.4068
vn -0.2615 -0.8711 -0.4156
vn -0.2485 -0.8814 -0.4017
vn -0.2545 -0.8844 -0.3913
vn -0.2533 -0.8844 -0.3920
vn -0.2616 -0.8803 -0.3958
vn -0.2568 -0.8891 -0.3789
vn -0.2566 -0.8888 -0.3797
vn -0.2577 -0.8944 -0.3657
vn -0.2576 -0.8942 -0.3661
vn -0.2576 -0.8942 -0.3660
vn -0.2681 -0.8867 -0.3767
vn -0.2743 -0.8738 -0.4014
vn -0.2523 -0.8555 -0.4522
vn -0.2493 -0.8534 -0.4577
vn -0.2449 -0.8502 -0.4660
vn -0.2537 -0.8680 -0.4269
vn -0.2392 -0.8727 -0.4256
vn -0.2391 -0.8727 -0.4256
vn -0.2570 -0.8585 -0.4437
vn -0.2554 -0.8558 -0.4499
vn -0.2537 -0.8718 -0.4191
vn -0.2440 -0.8763 -0.4155
vn -0.2485 -0.8519 -0.4609
vn -0.2414 -0.8466 -0.4744
vn -0.2496 -0.8647 -0.4360
vn -0.2431 -0.8634 -0.4422
vn -0.2375 -0.8688 -0.4346
vn -0.2275 -0.8701 -0.4373
vn -0.2261 -0.8663 -0.4453
vn -0.2383 -0.8704 -0.4308
vn -0.2343 -0.8712 -0.4314
vn -0.2437 -0.8725 -0.4236
vn -0.2425 -0.8783 -0.4121
vn -0.2570 -0.8742 -0.4121
vn -0.2620 -0.8611 -0.4358
vn -0.2354 -0.8419 -0.4856
vn -0.2314 -0.8409 -0.4892
vn -0.2236 -0.8394 -0.4954
vn -0.2339 -0.8551 -0.4627
vn -0.2309 -0.8577 -0.4594
vn -0.2239 -0.8555 -0.4668
vn -0.2411 -0.8446 -0.4780
vn -0.2371 -0.8434 -0.4822
vn -0.2397 -0.8578 -0.4546
vn -0.2360 -0.8606 -0.4512
vn -0.2278 -0.8400 -0.4924
vn -0.2139 -0.8389 -0.5005
vn -0.2260 -0.8533 -0.4698
vn -0.2146 -0.8544 -0.4733
vn -0.2134 -0.8556 -0.4716
vn -0.2036 -0.8551 -0.4768
vn -0.2192 -0.8577 -0.4650
vn -0.2244 -0.8610 -0.4565
vn -0.2437 -0.8614 -0.4456
vn -0.2397 -0.8597 -0.4510
vn -0.2453 -0.8480 -0.4698
vn -0.2077 -0.8339 -0.5113
vn -0.2122 -0.8314 -0.5136
vn -0.2094 -0.8281 -0.5200
vn -0.2012 -0.8458 -0.4941
vn -0.2030 -0.8491 -0.4876
vn -0.1926 -0.8493 -0.4915
vn -0.2109 -0.8373 -0.5044
vn -0.2145 -0.8344 -0.5076
vn -0.2072 -0.8510 -0.4826
vn -0.2071 -0.8525 -0.4799
vn -0.2053 -0.8304 -0.5179
vn -0.2076 -0.8243 -0.5267
vn -0.1987 -0.8420 -0.5015
vn -0.2066 -0.8415 -0.4992
vn -0.1900 -0.8449 -0.5001
vn -0.1989 -0.8445 -0.4972
vn -0.1874 -0.8437 -0.5030
vn -0.1992 -0.8470 -0.4929
vn -0.1899 -0.8481 -0.4947
vn -0.2016 -0.8493 -0.4879
vn -0.2129 -0.8541 -0.4745
vn -0.2155 -0.8406 -0.4970
vn -0.2021 -0.8193 -0.5365
vn -0.2036 -0.8164 -0.5404
vn -0.2000 -0.8129 -0.5470
vn -0.1989 -0.8297 -0.5216
vn -0.1952 -0.8319 -0.5195
vn -0.1864 -0.8304 -0.5251
vn -0.2035 -0.8230 -0.5304
vn -0.2059 -0.8203 -0.5336
vn -0.1996 -0.8353 -0.5123
vn -0.1898 -0.8378 -0.5119
vn -0.2001 -0.8158 -0.5426
vn -0.1943 -0.8100 -0.5534
vn -0.1956 -0.8258 -0.5289
vn -0.1835 -0.8261 -0.5327
vn -0.1856 -0.8251 -0.5337
vn -0.1805 -0.8212 -0.5414
vn -0.1905 -0.8279 -0.5276
vn -0.1930 -0.8328 -0.5188
vn -0.1979 -0.8398 -0.5055
vn -0.2004 -0.8394 -0.5052
vn -0.2053 -0.8373 -0.5068
vn -0.2043 -0.8267 -0.5242
vn -0.1759 -0.8080 -0.5622
vn -0.1737 -0.8093 -0.5611
vn -0.1584 -0.8092 -0.5658
vn -0.1718 -0.8183 -0.5486
vn -0.1717 -0.8185 -0.5482
vn -0.1581 -0.8176 -0.5536
vn -0.1888 -0.8095 -0.5560
vn -0.1850 -0.8089 -0.5581
vn -0.1848 -0.8202 -0.5414
vn -0.1817 -0.8206 -0.5419
vn -0.1560 -0.8082 -0.5679
vn -0.1557 -0.8081 -0.5681
vn -0.1511 -0.8181 -0.5549
vn -0.1456 -0.8183 -0.5561
vn -0.1441 -0.8166 -0.5589
vn -0.1225 -0.8173 -0.5630
vn -0.1582 -0.8163 -0.5556
vn -0.1707 -0.8169 -0.5510
vn -0.1928 -0.8234 -0.5338
vn -0.1968 -0.8120 -0.5495
vn -0.0580 -0.8211 -0.5678
vn -0.0560 -0.8202 -0.5693
vn -0.0449 -0.8199 -0.5708
vn -0.0558 -0.8299 -0.5551
vn -0.0552 -0.8302 -0.5547
vn -0.0495 -0.8243 -0.5640
vn -0.0970 -0.8153 -0.5709
vn -0.0996 -0.8161 -0.5693
vn -0.0968 -0.8152 -0.5710
vn -0.0932 -0.8244 -0.5583
vn -0.0968 -0.8258 -0.5556
vn -0.0889 -0.8202 -0.5651
vn -0.0464 -0.8211 -0.5689
vn -0.0438 -0.8192 -0.5718
vn -0.0354 -0.8236 -0.5660
vn -0.0354 -0.8239 -0.5656
vn -0.0355 -0.8253 -0.5635
vn -0.0224 -0.8165 -0.5769
vn -0.0223 -0.8153 -0.5786
vn -0.0267 -0.8114 -0.5838
vn -0.0498 -0.8238 -0.5646
vn -0.0496 -0.8238 -0.5647
vn -0.0924 -0.8215 -0.5626
vn -0.0864 -0.8197 -0.5662
vn -0.1226 -0.8164 -0.5643
vn -0.1195 -0.8160 -0.5656
vn -0.1290 -0.8199 -0.5578
vn -0.1336 -0.8103 -0.5706
vn -0.1405 -0.8118 -0.5668
vn -0.1333 -0.8102 -0.5707
vn 0.0299 -0.8141 -0.5800
vn 0.0355 -0.8166 -0.5761
vn 0.0321 -0.8171 -0.5755
vn 0.0327 -0.8163 -0.5767
vn 0.0332 -0.8161 -0.5770
vn 0.0300 -0.8105 -0.5850
vn 0.0385 -0.8164 -0.5762
vn 0.0403 -0.8182 -0.5736
vn 0.0003 -0.8182 -0.5749
vn 0.0003 -0.8170 -0.5766
vn 0.0004 -0.8130 -0.5822
vn -0.0128 -0.8256 -0.5641
vn -0.0136 -0.8161 -0.5778
vn -0.0177 -0.8205 -0.5714
vn -0.0187 -0.8215 -0.5699
vn 0.0273 -0.8200 -0.5717
vn 0.0206 -0.8213 -0.5701
vn 0.0206 -0.8200 -0.5720
vn 0.0202 -0.8232 -0.5674
vn 0.0187 -0.8217 -0.5696
vn 0.0178 -0.8229 -0.5679
vn 0.0331 -0.8143 -0.5795
vn 0.0363 -0.8181 -0.5739
vn 0.0336 -0.8133 -0.5809
vn 0.0271 -0.8117 -0.5834
vn -0.3817 -0.8210 -0.4245
vn -0.3372 -0.8632 -0.3756
vn -0.3207 -0.8592 -0.3987
vn -0.3619 -0.8834 -0.2977
vn -0.3741 -0.8810 -0.2897
vn -0.3738 -0.8832 -0.2834
vn -0.3313 -0.8758 -0.3510
vn -0.3259 -0.8702 -0.3695
vn -0.3263 -0.8707 -0.3681
vn -0.3262 -0.8709 -0.3675
vn -0.3140 -0.8739 -0.3711
vn -0.3054 -0.8841 -0.3537
vn -0.3212 -0.8809 -0.3475
vn -0.3268 -0.8766 -0.3532
vn -0.3238 -0.8789 -0.3503
vn -0.3101 -0.9008 -0.3041
vn -0.2075 -0.9746 -0.0839
vn -0.2179 -0.9676 -0.1278
vn -0.1135 -0.9545 -0.2757
vn -0.0740 -0.9394 -0.3349
vn -0.2548 -0.8662 -0.4299
vn -0.2550 -0.8663 -0.4296
vn -0.2576 -0.8686 -0.4233
vn -0.3596 -0.8284 -0.4296
vn -0.3595 -0.8283 -0.4298
vn -0.3573 -0.8262 -0.4356
vn -0.2187 -0.9337 -0.2834
vn -0.2092 -0.9343 -0.2888
vn -0.2106 -0.9344 -0.2873
vn -0.1977 -0.9368 -0.2886
vn -0.2037 -0.9370 -0.2838
vn -0.2130 -0.9393 -0.2691
vn -0.2070 -0.9396 -0.2728
vn -0.2081 -0.9395 -0.2720
vn -0.1994 -0.9399 -0.2770
vn -0.1987 -0.9400 -0.2774
vn -0.2290 -0.9305 -0.2857
vn -0.2280 -0.9306 -0.2864
vn -0.2246 -0.9264 -0.3023
vn -0.2141 -0.9270 -0.3079
vn -0.2155 -0.9274 -0.3057
vn -0.2024 -0.9297 -0.3078
vn -0.2078 -0.9307 -0.3011
vn -0.1927 -0.9340 -0.3007
vn -0.1988 -0.9348 -0.2944
vn -0.1886 -0.9409 -0.2813
vn -0.1953 -0.9408 -0.2772
vn -0.1879 -0.9448 -0.2686
vn -0.2324 -0.9286 -0.2892
vn -0.2315 -0.9294 -0.2875
vn -0.2320 -0.9292 -0.2878
vn -0.2338 -0.9286 -0.2882
vn -0.2352 -0.9292 -0.2849
vn -0.2310 -0.9281 -0.2920
vn -0.2359 -0.9367 -0.2589
vn -0.2402 -0.9363 -0.2562
vn -0.2406 -0.9363 -0.2560
vn -0.2178 -0.9445 -0.2460
vn -0.2171 -0.9445 -0.2465
vn -0.2232 -0.9379 -0.2655
vn -0.2222 -0.9379 -0.2663
vn -0.2237 -0.9047 -0.3626
vn -0.2238 -0.9048 -0.3624
vn -0.2252 -0.9073 -0.3550
vn -0.2116 -0.9081 -0.3613
vn -0.2219 -0.9116 -0.3459
vn -0.2219 -0.9117 -0.3457
vn -0.2231 -0.9138 -0.3394
vn -0.2105 -0.9143 -0.3459
vn -0.2420 -0.9019 -0.3577
vn -0.2240 -0.8983 -0.3780
vn -0.2240 -0.8984 -0.3778
vn -0.2256 -0.9014 -0.3695
vn -0.2112 -0.9025 -0.3754
vn -0.2112 -0.9026 -0.3752
vn -0.2135 -0.9071 -0.3627
vn -0.1987 -0.9081 -0.3685
vn -0.2000 -0.9134 -0.3546
vn -0.1996 -0.9192 -0.3393
vn -0.2104 -0.9247 -0.3172
vn -0.1985 -0.9255 -0.3225
vn -0.1979 -0.9255 -0.3228
vn -0.2199 -0.9205 -0.3230
vn -0.2066 -0.9223 -0.3266
vn -0.2187 -0.9190 -0.3280
vn -0.2187 -0.9191 -0.3278
vn -0.2342 -0.9230 -0.3053
vn -0.2333 -0.9230 -0.3059
vn -0.2376 -0.9156 -0.3243
vn -0.2406 -0.9085 -0.3416
vn -0.2176 -0.8825 -0.4169
vn -0.2176 -0.8826 -0.4168
vn -0.2196 -0.8865 -0.4073
vn -0.2039 -0.8880 -0.4122
vn -0.2051 -0.8905 -0.4062
vn -0.2062 -0.8928 -0.4004
vn -0.2205 -0.8874 -0.4049
vn -0.2205 -0.8874 -0.4048
vn -0.2224 -0.8911 -0.3955
vn -0.2066 -0.8927 -0.4005
vn -0.2078 -0.8952 -0.3943
vn -0.2090 -0.8975 -0.3883
vn -0.2331 -0.8819 -0.4098
vn -0.2470 -0.8775 -0.4112
vn -0.2294 -0.8769 -0.4224
vn -0.2141 -0.8780 -0.4281
vn -0.2141 -0.8781 -0.4279
vn -0.2161 -0.8821 -0.4186
vn -0.2011 -0.8833 -0.4235
vn -0.2011 -0.8833 -0.4234
vn -0.2034 -0.8881 -0.4121
vn -0.1881 -0.8892 -0.4171
vn -0.1892 -0.8917 -0.4111
vn -0.1902 -0.8941 -0.4054
vn -0.1903 -0.8942 -0.4053
vn -0.1914 -0.8967 -0.3992
vn -0.1914 -0.8966 -0.3993
vn -0.1929 -0.8989 -0.3933
vn -0.1940 -0.9014 -0.3871
vn -0.1958 -0.9035 -0.3812
vn -0.1970 -0.9060 -0.3746
vn -0.1981 -0.9084 -0.3683
vn -0.2091 -0.8975 -0.3883
vn -0.2092 -0.8976 -0.3881
vn -0.2115 -0.9023 -0.3758
vn -0.2226 -0.8926 -0.3919
vn -0.2227 -0.8927 -0.3918
vn -0.2245 -0.8961 -0.3829
vn -0.2415 -0.8960 -0.3725
vn -0.2398 -0.8907 -0.3862
vn -0.2376 -0.8856 -0.3992
vn -0.2366 -0.8860 -0.3987
vn -0.2094 -0.8734 -0.4397
vn -0.2145 -0.8639 -0.4557
vn -0.2073 -0.8692 -0.4490
vn -0.2204 -0.8688 -0.4434
vn -0.2028 -0.8667 -0.4558
vn -0.1966 -0.8636 -0.4643
vn -0.2114 -0.8640 -0.4570
vn -0.2080 -0.8686 -0.4497
vn -0.2006 -0.8835 -0.4233
vn -0.2006 -0.8834 -0.4236
vn -0.1984 -0.8787 -0.4343
vn -0.2124 -0.8779 -0.4291
vn -0.2123 -0.8778 -0.4293
vn -0.2104 -0.8738 -0.4384
vn -0.2244 -0.8730 -0.4331
vn -0.2245 -0.8732 -0.4326
vn -0.2271 -0.8780 -0.4215
vn -0.2418 -0.8771 -0.4149
vn -0.2369 -0.8734 -0.4256
vn -0.2266 -0.8671 -0.4435
vn -0.2237 -0.8735 -0.4324
vn -0.2099 -0.8590 -0.4670
vn -0.1999 -0.8613 -0.4671
vn -0.1954 -0.8581 -0.4749
vn -0.1907 -0.8656 -0.4630
vn -0.1852 -0.8625 -0.4710
vn -0.1881 -0.8715 -0.4528
vn -0.1928 -0.8745 -0.4450
vn -0.1985 -0.8785 -0.4346
vn -0.1984 -0.8783 -0.4351
vn -0.1963 -0.8737 -0.4451
vn -0.1944 -0.8515 -0.4870
vn -0.1964 -0.8496 -0.4895
vn -0.2029 -0.8479 -0.4898
vn -0.2056 -0.8507 -0.4838
vn -0.2145 -0.8517 -0.4782
vn -0.1947 -0.8553 -0.4801
vn -0.1892 -0.8468 -0.4971
vn -0.2001 -0.8469 -0.4926
vn -0.1888 -0.8600 -0.4742
vn -0.1881 -0.8634 -0.4682
vn -0.1981 -0.8592 -0.4717
vn -0.1890 -0.8444 -0.5013
vn -0.1870 -0.8522 -0.4886
vn -0.1791 -0.8453 -0.5034
vn -0.1780 -0.8558 -0.4856
vn -0.1699 -0.8487 -0.5009
vn -0.1732 -0.8486 -0.5000
vn -0.1856 -0.8539 -0.4862
vn -0.1837 -0.8495 -0.4946
vn -0.1915 -0.8575 -0.4775
vn -0.1655 -0.8492 -0.5015
vn -0.1701 -0.8376 -0.5192
vn -0.1757 -0.8423 -0.5096
vn -0.1650 -0.8425 -0.5129
vn -0.1845 -0.8428 -0.5056
vn -0.1601 -0.8416 -0.5158
vn -0.1677 -0.8325 -0.5281
vn -0.1612 -0.8374 -0.5222
vn -0.1662 -0.8542 -0.4927
vn -0.1798 -0.8463 -0.5014
vn -0.1836 -0.8385 -0.5131
vn -0.1761 -0.8412 -0.5113
vn -0.1807 -0.8335 -0.5222
vn -0.1740 -0.8359 -0.5206
vn -0.1596 -0.8320 -0.5314
vn -0.1581 -0.8360 -0.5254
vn -0.1687 -0.8294 -0.5325
vn -0.1460 -0.8409 -0.5211
vn -0.1458 -0.8404 -0.5220
vn -0.1440 -0.8349 -0.5312
vn -0.1475 -0.8465 -0.5115
vn -0.1474 -0.8460 -0.5123
vn -0.1456 -0.8407 -0.5216
vn -0.1539 -0.8531 -0.4986
vn -0.1529 -0.8491 -0.5056
vn -0.1526 -0.8455 -0.5118
vn -0.1573 -0.8238 -0.5446
vn -0.1662 -0.8188 -0.5495
vn -0.1600 -0.8171 -0.5538
vn -0.1574 -0.8199 -0.5504
vn -0.1682 -0.8203 -0.5467
vn -0.1556 -0.8181 -0.5537
vn -0.1554 -0.8175 -0.5546
vn -0.1539 -0.8132 -0.5613
vn -0.1663 -0.8148 -0.5554
vn -0.1461 -0.8345 -0.5313
vn -0.1459 -0.8339 -0.5322
vn -0.1442 -0.8286 -0.5410
vn -0.1579 -0.8299 -0.5351
vn -0.1577 -0.8294 -0.5360
vn -0.1561 -0.8248 -0.5434
vn -0.1691 -0.8260 -0.5377
vn -0.1793 -0.8277 -0.5317
vn -0.1735 -0.8303 -0.5296
vn -0.1778 -0.8218 -0.5413
vn -0.1727 -0.8249 -0.5383
vn -0.1755 -0.8161 -0.5506
vn -0.1711 -0.8197 -0.5466
vn -0.1741 -0.8125 -0.5564
vn -0.1684 -0.8149 -0.5546
vn -0.1631 -0.8097 -0.5637
vn -0.1646 -0.8055 -0.5693
vn -0.1526 -0.8127 -0.5624
vn -0.1524 -0.8121 -0.5633
vn -0.1510 -0.8079 -0.5697
vn -0.1418 -0.8165 -0.5597
vn -0.1489 -0.8122 -0.5640
vn -0.1400 -0.8108 -0.5683
vn -0.1444 -0.8221 -0.5507
vn -0.1442 -0.8215 -0.5517
vn -0.1426 -0.8163 -0.5597
vn -0.1459 -0.8281 -0.5412
vn -0.1457 -0.8276 -0.5422
vn -0.1440 -0.8223 -0.5505
vn -0.1422 -0.8082 -0.5715
vn -0.1349 -0.8000 -0.5846
vn -0.1349 -0.8017 -0.5822
vn -0.1496 -0.8066 -0.5718
vn -0.1507 -0.8015 -0.5788
vn -0.1512 -0.8016 -0.5785
vn -0.1322 -0.8053 -0.5780
vn -0.1195 -0.8007 -0.5870
vn -0.1372 -0.7996 -0.5846
vn -0.1393 -0.7990 -0.5850
vn -0.1375 -0.8114 -0.5681
vn -0.1359 -0.8059 -0.5763
vn -0.1490 -0.8019 -0.5786
vn -0.1659 -0.8103 -0.5621
vn -0.1599 -0.8053 -0.5709
vn -0.1433 -0.8015 -0.5806
vn -0.1483 -0.8013 -0.5796
vn -0.1320 -0.8000 -0.5853
vn -0.1129 -0.7996 -0.5899
vn -0.1085 -0.8025 -0.5866
vn -0.1048 -0.7985 -0.5928
vn -0.1091 -0.8067 -0.5809
vn -0.0969 -0.8006 -0.5913
vn -0.1233 -0.8089 -0.5748
vn -0.1172 -0.8005 -0.5877
vn -0.1291 -0.8144 -0.5658
vn -0.1268 -0.8025 -0.5830
vn -0.0714 -0.8000 -0.5957
vn -0.0714 -0.7997 -0.5961
vn -0.0711 -0.7976 -0.5989
vn -0.0768 -0.7992 -0.5962
vn -0.0769 -0.7995 -0.5957
vn -0.0812 -0.8041 -0.5889
vn -0.0401 -0.8010 -0.5973
vn -0.0396 -0.8017 -0.5964
vn -0.0431 -0.8004 -0.5979
vn -0.0427 -0.8007 -0.5976
vn -0.0463 -0.8072 -0.5885
vn -0.0891 -0.8037 -0.5884
vn -0.0881 -0.8013 -0.5917
vn -0.0952 -0.7992 -0.5935
vn -0.1026 -0.7953 -0.5975
vn -0.1076 -0.8000 -0.5902
vn -0.0777 -0.8027 -0.5912
vn -0.0836 -0.8046 -0.5879
vn -0.0462 -0.8068 -0.5890
vn -0.0478 -0.8075 -0.5879
vn -0.0180 -0.8084 -0.5883
vn -0.0150 -0.8034 -0.5953
vn -0.0151 -0.8032 -0.5956
vn -0.0147 -0.8033 -0.5953
vn -0.0147 -0.8032 -0.5955
vn -0.0146 -0.8047 -0.5935
vn -0.0376 -0.8025 -0.5954
vn -0.0372 -0.8032 -0.5945
vn -0.0663 -0.8019 -0.5938
vn -0.0662 -0.8014 -0.5944
vn -0.0658 -0.7986 -0.5983
vn 0.0198 -0.8127 -0.5823
vn 0.0221 -0.8141 -0.5803
vn 0.0197 -0.8148 -0.5795
vn 0.0092 -0.8119 -0.5837
vn 0.0254 -0.8124 -0.5826
vn 0.0302 -0.8115 -0.5836
vn 0.0204 -0.8097 -0.5866
vn 0.0053 -0.8190 -0.5737
vn 0.0148 -0.8139 -0.5808
vn 0.0145 -0.8169 -0.5766
vn 0.0017 -0.8123 -0.5832
vn 0.0027 -0.8075 -0.5899
vn 0.0053 -0.8052 -0.5930
vn 0.0044 -0.8067 -0.5910
vn 0.0072 -0.8053 -0.5928
vn 0.0065 -0.8060 -0.5919
vn 0.0087 -0.8066 -0.5911
vn 0.0081 -0.8067 -0.5909
vn 0.0240 -0.8102 -0.5856
vn 0.0291 -0.8130 -0.5815
vn 0.0159 -0.8211 -0.5705
vn 0.0156 -0.8240 -0.5663
vn 0.0122 -0.8178 -0.5754
vn 0.0087 -0.8180 -0.5752
vn 0.0003 -0.8248 -0.5654
vn 0.0035 -0.8255 -0.5644
vn 0.0013 -0.8193 -0.5733
vn 0.0012 -0.8200 -0.5724
vn 0.0001 -0.8247 -0.5655
vn 0.0024 -0.8207 -0.5714
vn 0.0085 -0.8199 -0.5725
vn 0.0052 -0.8150 -0.5795
vn 0.0065 -0.8164 -0.5775
vn -0.0001 -0.8284 -0.5601
vn -0.0006 -0.8278 -0.5610
vn -0.0005 -0.8280 -0.5607
vn -0.0019 -0.8258 -0.5640
vn -0.0060 -0.8288 -0.5595
vn -0.0096 -0.8285 -0.5600
vn -0.0088 -0.8230 -0.5680
vn -0.0138 -0.8127 -0.5825
vn 0.0004 -0.8088 -0.5880
vn 0.0109 -0.8153 -0.5789
vn 0.0031 -0.8226 -0.5687
vn 0.0046 -0.8260 -0.5637
vn 0.0024 -0.8209 -0.5710
vn 0.0007 -0.8254 -0.5646
vn 0.0032 -0.8270 -0.5622
vn -0.0000 -0.8277 -0.5611
vn -0.0533 -0.8138 -0.5787
vn -0.0518 -0.8134 -0.5794
vn -0.0561 -0.8073 -0.5875
vn -0.0546 -0.8085 -0.5859
vn -0.0558 -0.8036 -0.5925
vn -0.0322 -0.8185 -0.5736
vn -0.0315 -0.8139 -0.5801
vn -0.0414 -0.8092 -0.5861
vn -0.0329 -0.8094 -0.5863
vn -0.0353 -0.8052 -0.5919
vn -0.0572 -0.8204 -0.5689
vn -0.0563 -0.8191 -0.5708
vn -0.0731 -0.8214 -0.5657
vn -0.0707 -0.8142 -0.5762
vn -0.0700 -0.8137 -0.5771
vn -0.0758 -0.8112 -0.5798
vn -0.0711 -0.8083 -0.5844
vn -0.0835 -0.8061 -0.5859
vn -0.0781 -0.8038 -0.5898
vn -0.0613 -0.8049 -0.5903
vn -0.0612 -0.8044 -0.5909
vn -0.0607 -0.8006 -0.5961
vn -0.0350 -0.8057 -0.5913
vn -0.0146 -0.8071 -0.5902
vn -0.0146 -0.8073 -0.5900
vn -0.0149 -0.8106 -0.5854
vn -0.0149 -0.8108 -0.5851
vn -0.0153 -0.8152 -0.5789
vn -0.0249 -0.8227 -0.5679
vn -0.0319 -0.8202 -0.5711
vn -0.0304 -0.8198 -0.5719
vn -0.0471 -0.8202 -0.5702
vn -0.0467 -0.8131 -0.5802
vn -0.0995 -0.8227 -0.5597
vn -0.0887 -0.8202 -0.5651
vn -0.1002 -0.8228 -0.5594
vn -0.1095 -0.8169 -0.5663
vn -0.1105 -0.8167 -0.5665
vn -0.1040 -0.8182 -0.5654
vn -0.0929 -0.8190 -0.5662
vn -0.1001 -0.8097 -0.5783
vn -0.0960 -0.8079 -0.5814
vn -0.0954 -0.8090 -0.5800
vn -0.0940 -0.8349 -0.5424
vn -0.0938 -0.8340 -0.5437
vn -0.0921 -0.8256 -0.5567
vn -0.1051 -0.8276 -0.5514
vn -0.1147 -0.8216 -0.5584
vn -0.1160 -0.8213 -0.5586
vn -0.1069 -0.8236 -0.5570
vn -0.1269 -0.8159 -0.5641
vn -0.1251 -0.8094 -0.5738
vn -0.1198 -0.8117 -0.5717
vn -0.1162 -0.8059 -0.5805
vn -0.1114 -0.8080 -0.5785
vn -0.1063 -0.8042 -0.5847
vn -0.1000 -0.8007 -0.5907
vn -0.0806 -0.8099 -0.5810
vn -0.0831 -0.8161 -0.5719
vn -0.0738 -0.8230 -0.5633
vn -0.0738 -0.8233 -0.5628
vn -0.0818 -0.8264 -0.5571
vn -0.0795 -0.8268 -0.5568
vn -0.0892 -0.8298 -0.5508
vn -0.0899 -0.8300 -0.5505
vn -0.1091 -0.8452 -0.5233
vn -0.1218 -0.8391 -0.5302
vn -0.1091 -0.8393 -0.5327
vn -0.1212 -0.8327 -0.5403
vn -0.0962 -0.8517 -0.5152
vn -0.0901 -0.8521 -0.5156
vn -0.1058 -0.8488 -0.5180
vn -0.0998 -0.8499 -0.5175
vn -0.1064 -0.8439 -0.5259
vn -0.1212 -0.8457 -0.5198
vn -0.1339 -0.8398 -0.5261
vn -0.1340 -0.8332 -0.5365
vn -0.1338 -0.8326 -0.5375
vn -0.1320 -0.8265 -0.5472
vn -0.1330 -0.8270 -0.5463
vn -0.1328 -0.8263 -0.5474
vn -0.1310 -0.8203 -0.5567
vn -0.1307 -0.8212 -0.5555
vn -0.1304 -0.8204 -0.5567
vn -0.1288 -0.8146 -0.5656
vn -0.1193 -0.8267 -0.5498
vn -0.1078 -0.8332 -0.5424
vn -0.0959 -0.8400 -0.5341
vn -0.0957 -0.8465 -0.5237
vn -0.0964 -0.8447 -0.5266
vn -0.0881 -0.8467 -0.5247
vn -0.0968 -0.8487 -0.5199
vn -0.0967 -0.8483 -0.5206
vn -0.0956 -0.8432 -0.5290
vn -0.1274 -0.8614 -0.4918
vn -0.1183 -0.8558 -0.5037
vn -0.1281 -0.8576 -0.4981
vn -0.1283 -0.8527 -0.5065
vn -0.1330 -0.8545 -0.5022
vn -0.1172 -0.8577 -0.5006
vn -0.1116 -0.8531 -0.5096
vn -0.1294 -0.8466 -0.5163
vn -0.1276 -0.8673 -0.4811
vn -0.1185 -0.8619 -0.4930
vn -0.1368 -0.8647 -0.4832
vn -0.1316 -0.8575 -0.4974
vn -0.1465 -0.8613 -0.4865
vn -0.1444 -0.8563 -0.4958
vn -0.1501 -0.8556 -0.4953
vn -0.1542 -0.8503 -0.5032
vn -0.1433 -0.8524 -0.5030
vn -0.1426 -0.8492 -0.5085
vn -0.1270 -0.8501 -0.5110
vn -0.1280 -0.8492 -0.5124
vn -0.1332 -0.8464 -0.5157
vn -0.1109 -0.8508 -0.5137
vn -0.1103 -0.8550 -0.5067
vn -0.1095 -0.8535 -0.5094
vn -0.1004 -0.8576 -0.5044
vn -0.1000 -0.8562 -0.5069
vn -0.0931 -0.8569 -0.5070
vn -0.1066 -0.8605 -0.4982
vn -0.0991 -0.8598 -0.5009
vn -0.1167 -0.8632 -0.4913
vn -0.1074 -0.8617 -0.4958
vn -0.1608 -0.8698 -0.4664
vn -0.1661 -0.8615 -0.4799
vn -0.1589 -0.8647 -0.4765
vn -0.1717 -0.8656 -0.4704
vn -0.1715 -0.8652 -0.4712
vn -0.1764 -0.8591 -0.4804
vn -0.1553 -0.8656 -0.4761
vn -0.1588 -0.8589 -0.4869
vn -0.1605 -0.8576 -0.4885
vn -0.1580 -0.8594 -0.4863
vn -0.1516 -0.8798 -0.4506
vn -0.1515 -0.8795 -0.4512
vn -0.1497 -0.8744 -0.4616
vn -0.1634 -0.8752 -0.4554
vn -0.1632 -0.8748 -0.4561
vn -0.1614 -0.8700 -0.4659
vn -0.1744 -0.8707 -0.4598
vn -0.1743 -0.8703 -0.4606
vn -0.1763 -0.8643 -0.4711
vn -0.1809 -0.8674 -0.4635
vn -0.1746 -0.8626 -0.4748
vn -0.1799 -0.8567 -0.4834
vn -0.1761 -0.8577 -0.4830
vn -0.1742 -0.8531 -0.4918
vn -0.1629 -0.8522 -0.4972
vn -0.1465 -0.8626 -0.4843
vn -0.1353 -0.8664 -0.4807
vn -0.1338 -0.8614 -0.4900
vn -0.1439 -0.8697 -0.4722
vn -0.1438 -0.8692 -0.4730
vn -0.1422 -0.8644 -0.4822
vn -0.1493 -0.8742 -0.4621
vn -0.1491 -0.8738 -0.4629
vn -0.1475 -0.8688 -0.4727
vn -0.1627 -0.8941 -0.4174
vn -0.1626 -0.8939 -0.4177
vn -0.1608 -0.8889 -0.4290
vn -0.1751 -0.8888 -0.4235
vn -0.1751 -0.8887 -0.4238
vn -0.1731 -0.8838 -0.4347
vn -0.1629 -0.8878 -0.4303
vn -0.1629 -0.8877 -0.4308
vn -0.1610 -0.8826 -0.4416
vn -0.1749 -0.8829 -0.4358
vn -0.1748 -0.8827 -0.4363
vn -0.1729 -0.8778 -0.4467
vn -0.1488 -0.9056 -0.3973
vn -0.1480 -0.9029 -0.4036
vn -0.1480 -0.9029 -0.4035
vn -0.1625 -0.9001 -0.4043
vn -0.1625 -0.9000 -0.4044
vn -0.1616 -0.8975 -0.4102
vn -0.1757 -0.8946 -0.4109
vn -0.1757 -0.8945 -0.4111
vn -0.1737 -0.8895 -0.4226
vn -0.1884 -0.8890 -0.4173
vn -0.1884 -0.8889 -0.4175
vn -0.1863 -0.8841 -0.4285
vn -0.1871 -0.8836 -0.4292
vn -0.1870 -0.8834 -0.4296
vn -0.1850 -0.8787 -0.4400
vn -0.1862 -0.8780 -0.4410
vn -0.1861 -0.8777 -0.4416
vn -0.1768 -0.8703 -0.4598
vn -0.1815 -0.8734 -0.4520
vn -0.1748 -0.8768 -0.4480
vn -0.1747 -0.8765 -0.4487
vn -0.1634 -0.8815 -0.4431
vn -0.1632 -0.8812 -0.4437
vn -0.1614 -0.8763 -0.4540
vn -0.1512 -0.8863 -0.4377
vn -0.1511 -0.8861 -0.4383
vn -0.1494 -0.8809 -0.4492
vn -0.1504 -0.8929 -0.4245
vn -0.1503 -0.8927 -0.4248
vn -0.1485 -0.8875 -0.4362
vn -0.1496 -0.8993 -0.4110
vn -0.1495 -0.8992 -0.4112
vn -0.1478 -0.8940 -0.4230
vn -0.1663 -0.9160 -0.3651
vn -0.1644 -0.9110 -0.3781
vn -0.1662 -0.9159 -0.3653
vn -0.1809 -0.9100 -0.3731
vn -0.1799 -0.9076 -0.3795
vn -0.1798 -0.9075 -0.3796
vn -0.1639 -0.9112 -0.3780
vn -0.1630 -0.9087 -0.3842
vn -0.1639 -0.9112 -0.3781
vn -0.1784 -0.9052 -0.3857
vn -0.1774 -0.9028 -0.3919
vn -0.1773 -0.9027 -0.3920
vn -0.1545 -0.9245 -0.3486
vn -0.1539 -0.9228 -0.3532
vn -0.1545 -0.9244 -0.3486
vn -0.1699 -0.9203 -0.3524
vn -0.1842 -0.9144 -0.3605
vn -0.1981 -0.9084 -0.3682
vn -0.1951 -0.9038 -0.3808
vn -0.1925 -0.8991 -0.3931
vn -0.1767 -0.9001 -0.3983
vn -0.1757 -0.8975 -0.4044
vn -0.1757 -0.8976 -0.4043
vn -0.1628 -0.9059 -0.3910
vn -0.1618 -0.9033 -0.3972
vn -0.1618 -0.9033 -0.3973
vn -0.1484 -0.9116 -0.3835
vn -0.1475 -0.9090 -0.3897
vn -0.1484 -0.9115 -0.3836
vn -0.1485 -0.9172 -0.3698
vn -0.1474 -0.9120 -0.3828
vn -0.1443 -0.9189 -0.3672
vn -0.1497 -0.9195 -0.3635
vn -0.1504 -0.9194 -0.3634
vn -0.1779 -0.9340 -0.3098
vn -0.1903 -0.9289 -0.3179
vn -0.1768 -0.9289 -0.3253
vn -0.1899 -0.9235 -0.3333
vn -0.1650 -0.9437 -0.2867
vn -0.1776 -0.9394 -0.2931
vn -0.1892 -0.9346 -0.3012
vn -0.2000 -0.9299 -0.3088
vn -0.2018 -0.9238 -0.3254
vn -0.2022 -0.9181 -0.3409
vn -0.2010 -0.9130 -0.3552
vn -0.1878 -0.9187 -0.3475
vn -0.1740 -0.9244 -0.3395
vn -0.1593 -0.9290 -0.3341
vn -0.1586 -0.9270 -0.3398
vn -0.1586 -0.9270 -0.3399
vn -0.1628 -0.9336 -0.3193
vn -0.1620 -0.9315 -0.3256
vn -0.1645 -0.9382 -0.3044
vn -0.1637 -0.9363 -0.3106
vn -0.1567 -0.9574 -0.2425
vn -0.1692 -0.9566 -0.2372
vn -0.1694 -0.9566 -0.2371
vn -0.1680 -0.9542 -0.2475
vn -0.1788 -0.9526 -0.2460
vn -0.1790 -0.9527 -0.2457
vn -0.1732 -0.9509 -0.2565
vn -0.1717 -0.9471 -0.2713
vn -0.1863 -0.9445 -0.2704
vn -0.1787 -0.9453 -0.2730
vn -0.1547 -0.9658 -0.2082
vn -0.1521 -0.9633 -0.2212
vn -0.1546 -0.9657 -0.2086
vn -0.1853 -0.9585 -0.2165
vn -0.1811 -0.9602 -0.2126
vn -0.1852 -0.9586 -0.2165
vn -0.2297 -0.9476 -0.2221
vn -0.2351 -0.9337 -0.2702
vn -0.1905 -0.9486 -0.2526
vn -0.1855 -0.9364 -0.2978
vn -0.1869 -0.9406 -0.2835
vn -0.1760 -0.9451 -0.2753
vn -0.1642 -0.9497 -0.2667
vn -0.1530 -0.9540 -0.2578
vn -0.1625 -0.9517 -0.2606
vn -0.1606 -0.9525 -0.2586
vn -0.1586 -0.9606 -0.2282
vn -0.3311 -0.9406 -0.0756
vn -0.3336 -0.9200 -0.2057
vn -0.3651 -0.9163 -0.1647
vn -0.3256 -0.9047 -0.2748
vn -0.3247 -0.9054 -0.2735
vn -0.3250 -0.9049 -0.2749
vn -0.2254 -0.9664 0.1233
vn -0.1825 -0.9806 0.0719
vn -0.1981 -0.9801 0.0151
vn -0.2145 -0.9745 -0.0664
vn -0.3234 -0.9065 -0.2716
vn -0.3403 -0.8854 -0.3166
vn -0.3072 -0.8921 -0.3313
vn -0.3077 -0.8910 -0.3338
vn -0.3089 -0.8922 -0.3294
vn -0.3245 -0.9057 -0.2728
vn -0.3228 -0.9069 -0.2710
vn -0.3137 -0.9292 -0.1953
vn -0.2009 -0.9630 -0.1797
vn -0.3149 -0.9415 -0.1202
vn -0.3213 -0.9469 -0.0129
vn -0.0362 -0.9981 -0.0494
vn -0.0816 -0.9934 -0.0809
vn -0.0817 -0.9934 -0.0807
vn -0.0864 -0.9937 -0.0710
vn 0.0321 -0.9931 -0.1128
vn -0.0882 -0.9840 -0.1548
vn -0.0297 -0.9995 0.0084
vn -0.0471 -0.9987 -0.0180
vn -0.0700 -0.9971 -0.0294
vn -0.1786 -0.9824 0.0557
vn -0.2078 -0.9759 -0.0663
vn -0.1506 -0.9786 -0.1401
vn -0.1540 -0.9793 -0.1311
vn -0.1506 -0.9786 -0.1400
vn -0.1354 -0.9738 -0.1826
vn -0.1338 -0.9730 -0.1880
vn -0.1354 -0.9738 -0.1828
vn -0.0455 -0.9688 -0.2435
vn 0.0103 -0.9814 -0.1917
vn -0.0126 -0.9988 -0.0463
vn 0.0397 -0.9992 0.0081
vn 0.0405 -0.9991 0.0081
vn 0.0395 -0.9992 0.0081
vn 0.0441 -0.9984 0.0352
vn -0.0526 -0.9266 -0.3724
vn -0.1172 -0.9225 -0.3677
vn -0.0751 -0.8997 -0.4299
vn -0.1304 -0.8872 -0.4426
vn 0.0095 -0.9937 -0.1115
vn -0.0634 -0.9576 -0.2810
vn -0.0546 -0.9468 -0.3173
vn -0.0550 -0.9468 -0.3172
vn -0.0538 -0.9468 -0.3174
vn -0.1320 -0.9588 -0.2517
vn -0.1262 -0.9401 -0.3168
vn -0.1263 -0.9401 -0.3167
vn -0.1452 -0.9329 -0.3296
vn -0.1443 -0.9335 -0.3283
vn -0.1435 -0.9329 -0.3303
vn -0.1446 -0.9338 -0.3272
vn -0.1424 -0.9347 -0.3255
vn -0.0981 -0.8710 -0.4813
vn 0.0254 -0.8890 -0.4572
vn 0.0259 -0.8892 -0.4567
vn 0.0255 -0.8890 -0.4572
vn -0.0590 -0.9751 -0.2138
vn -0.0585 -0.9752 -0.2133
vn -0.0571 -0.9751 -0.2144
vn -0.0562 -0.9750 -0.2150
vn -0.0531 -0.9750 -0.2159
vn -0.0334 -0.9812 -0.1903
vn -0.0268 -0.9811 -0.1917
vn -0.0338 -0.9812 -0.1902
vn -0.0150 -0.8585 -0.5126
vn -0.0126 -0.8626 -0.5057
vn -0.0026 -0.8604 -0.5096
vn -0.0150 -0.8631 -0.5048
vn -0.0126 -0.8673 -0.4975
vn -0.0269 -0.8565 -0.5154
vn -0.0339 -0.8576 -0.5131
vn -0.0270 -0.8611 -0.5078
vn -0.0247 -0.8651 -0.5010
vn -0.0026 -0.8557 -0.5174
vn -0.0111 -0.8576 -0.5142
vn -0.0000 -0.8551 -0.5184
vn -0.0101 -0.8622 -0.5064
vn -0.0000 -0.8599 -0.5104
vn -0.0102 -0.8670 -0.4981
vn -0.0102 -0.8718 -0.4897
vn -0.0125 -0.8720 -0.4893
vn -0.0269 -0.8656 -0.5000
vn -0.0246 -0.8697 -0.4929
vn -0.0384 -0.8634 -0.5030
vn -0.0363 -0.8674 -0.4963
vn -0.0385 -0.8589 -0.5106
vn -0.0455 -0.8598 -0.5085
vn -0.0381 -0.8545 -0.5180
vn -0.0450 -0.8553 -0.5161
vn -0.0375 -0.8502 -0.5251
vn -0.0441 -0.8509 -0.5234
vn -0.0264 -0.8521 -0.5227
vn -0.0333 -0.8531 -0.5207
vn -0.0148 -0.8539 -0.5202
vn -0.0219 -0.8553 -0.5177
vn -0.0153 -0.8768 -0.4805
vn -0.0123 -0.8849 -0.4657
vn -0.0025 -0.8791 -0.4766
vn -0.0141 -0.8811 -0.4728
vn -0.0142 -0.8837 -0.4679
vn -0.0142 -0.8836 -0.4680
vn -0.0278 -0.8745 -0.4842
vn -0.0356 -0.8760 -0.4810
vn -0.0277 -0.8784 -0.4772
vn -0.0277 -0.8784 -0.4770
vn -0.0280 -0.8834 -0.4678
vn -0.0112 -0.8764 -0.4815
vn -0.0105 -0.8812 -0.4726
vn -0.0000 -0.8789 -0.4770
vn -0.0000 -0.8836 -0.4681
vn -0.0000 -0.8888 -0.4582
vn -0.0161 -0.8858 -0.4637
vn -0.0162 -0.8888 -0.4581
vn -0.0162 -0.8887 -0.4582
vn -0.0314 -0.8827 -0.4689
vn -0.0314 -0.8828 -0.4688
vn -0.0318 -0.8883 -0.4582
vn -0.0461 -0.8795 -0.4736
vn -0.0371 -0.8864 -0.4615
vn -0.0467 -0.8850 -0.4633
vn -0.0409 -0.8756 -0.4813
vn -0.0409 -0.8757 -0.4811
vn -0.0414 -0.8805 -0.4723
vn -0.0399 -0.8721 -0.4877
vn -0.0476 -0.8733 -0.4849
vn -0.0384 -0.8679 -0.4953
vn -0.0457 -0.8690 -0.4927
vn -0.0342 -0.8716 -0.4891
vn -0.0224 -0.8741 -0.4853
vn -0.0204 -0.8974 -0.4407
vn -0.0215 -0.9044 -0.4261
vn -0.0395 -0.8932 -0.4478
vn -0.0415 -0.8999 -0.4342
vn -0.0000 -0.8947 -0.4466
vn -0.0000 -0.9015 -0.4329
vn -0.0000 -0.9088 -0.4172
vn -0.0000 -0.9164 -0.4003
vn -0.0217 -0.9118 -0.4100
vn -0.0419 -0.9071 -0.4188
vn -0.0607 -0.9023 -0.4268
vn -0.0600 -0.8953 -0.4414
vn -0.0572 -0.8890 -0.4543
vn -0.0524 -0.8837 -0.4650
vn -0.0525 -0.8839 -0.4648
vn -0.0531 -0.8899 -0.4531
vn -0.0360 -0.8875 -0.4594
vn -0.0456 -0.8853 -0.4627
vn -0.0185 -0.8912 -0.4533
vn -0.0204 -0.9265 -0.3758
vn -0.0196 -0.9332 -0.3589
vn -0.0397 -0.9219 -0.3855
vn -0.0383 -0.9287 -0.3688
vn -0.0000 -0.9238 -0.3828
vn -0.0000 -0.9308 -0.3654
vn -0.0000 -0.9374 -0.3484
vn -0.0000 -0.9434 -0.3318
vn -0.0187 -0.9394 -0.3423
vn -0.0369 -0.9352 -0.3522
vn -0.0544 -0.9307 -0.3617
vn -0.0562 -0.9241 -0.3781
vn -0.0579 -0.9171 -0.3944
vn -0.0596 -0.9098 -0.4108
vn -0.0410 -0.9146 -0.4023
vn -0.0212 -0.9193 -0.3930
vn -0.0176 -0.9504 -0.3105
vn -0.0380 -0.9638 -0.2638
vn -0.0378 -0.9611 -0.2735
vn -0.0380 -0.9637 -0.2643
vn -0.0839 -0.9441 -0.3188
vn -0.0836 -0.9442 -0.3186
vn -0.0877 -0.9430 -0.3210
vn -0.1665 -0.9483 -0.2701
vn -0.0000 -0.9489 -0.3157
vn -0.0000 -0.9539 -0.3001
vn -0.0000 -0.9586 -0.2846
vn -0.0000 -0.9680 -0.2510
vn -0.0957 -0.9794 -0.1778
vn -0.1575 -0.9623 -0.2219
vn -0.1637 -0.9266 -0.3384
vn -0.1978 -0.9093 -0.3661
vn -0.2071 -0.9084 -0.3631
vn -0.1899 -0.9132 -0.3607
vn -0.1858 -0.9121 -0.3656
vn -0.1848 -0.9121 -0.3659
vn -0.0856 -0.9278 -0.3631
vn -0.0355 -0.9412 -0.3360
vn -0.0179 -0.9452 -0.3260
vn -0.0244 -0.9982 -0.0551
vn -0.0133 -0.9998 -0.0166
vn -0.0132 -0.9998 -0.0165
vn -0.0545 -0.9965 -0.0635
vn -0.0146 -0.9999 0.0040
vn -0.0226 -0.9997 0.0086
vn -0.0137 -0.9999 0.0037
vn -0.0078 -0.9857 -0.1681
vn -0.0125 -0.9948 -0.1012
vn -0.0229 -0.9949 -0.0982
vn -0.0115 -0.9948 -0.1015
vn 0.0089 -0.9971 -0.0750
vn 0.0012 -0.9983 -0.0588
vn -0.0127 -0.9998 -0.0165
vn -0.0245 -0.9995 -0.0191
vn -0.0181 -0.9998 0.0104
vn -0.0179 -0.9998 0.0105
vn -0.0871 -0.9950 -0.0498
vn -0.0796 -0.9955 -0.0518
vn -0.0883 -0.9949 -0.0494
vn -0.0353 -0.9964 -0.0765
vn -0.0932 -0.9833 -0.1564
vn -0.1599 -0.9533 -0.2561
vn -0.0901 -0.9823 -0.1643
vn -0.0810 -0.9913 -0.1042
vn -0.0909 -0.9907 -0.1011
vn -0.0800 -0.9913 -0.1045
vn -0.0006 -0.8285 -0.5600
vn -0.0024 -0.8287 -0.5597
vn -0.0022 -0.8287 -0.5598
vn -0.0055 -0.8289 -0.5594
vn -0.0049 -0.8289 -0.5594
vn -0.0007 -0.8285 -0.5600
vn -0.0026 -0.8286 -0.5598
vn -0.0061 -0.8288 -0.5596
vn -0.0005 -0.8285 -0.5600
vn -0.0019 -0.8287 -0.5598
vn -0.0042 -0.8289 -0.5593
vn -0.0083 -0.8293 -0.5587
vn -0.0098 -0.8292 -0.5589
vn -0.0111 -0.8291 -0.5590
vn -0.0121 -0.8286 -0.5598
vn -0.0008 -0.8286 -0.5598
vn -0.0013 -0.8291 -0.5592
vn -0.0003 -0.8291 -0.5592
vn -0.0012 -0.8287 -0.5598
vn -0.0022 -0.8291 -0.5592
vn -0.0002 -0.8285 -0.5600
vn -0.0003 -0.8285 -0.5600
vn -0.0016 -0.8287 -0.5598
vn -0.0016 -0.8294 -0.5587
vn -0.0009 -0.8297 -0.5582
vn -0.0032 -0.8296 -0.5584
vn -0.0066 -0.8295 -0.5585
vn -0.0004 -0.8285 -0.5600
vn -0.0000 -0.8284 -0.5601
vn -0.0001 -0.8285 -0.5600
vn -0.0003 -0.8287 -0.5596
vn -0.0001 -0.8290 -0.5592
vn -0.0284 -0.8316 -0.5546
vn -0.0241 -0.8298 -0.5575
vn -0.0340 -0.8309 -0.5555
vn -0.0320 -0.8316 -0.5544
vn -0.0381 -0.8293 -0.5575
vn -0.0206 -0.8304 -0.5568
vn -0.0151 -0.8294 -0.5584
vn -0.0164 -0.8296 -0.5582
vn -0.0322 -0.8342 -0.5505
vn -0.0397 -0.8331 -0.5517
vn -0.0469 -0.8319 -0.5529
vn -0.0539 -0.8298 -0.5555
vn -0.0547 -0.8267 -0.5599
vn -0.0652 -0.8290 -0.5555
vn -0.0386 -0.8261 -0.5622
vn -0.0289 -0.8273 -0.5610
vn -0.0288 -0.8266 -0.5621
vn -0.0284 -0.8204 -0.5711
vn -0.0132 -0.8296 -0.5581
vn -0.0110 -0.8299 -0.5578
vn -0.0167 -0.8309 -0.5562
vn -0.0225 -0.8324 -0.5536
vn -0.0612 -0.8402 -0.5388
vn -0.0586 -0.8368 -0.5444
vn -0.0680 -0.8374 -0.5424
vn -0.0671 -0.8347 -0.5466
vn -0.0772 -0.8349 -0.5449
vn -0.0499 -0.8384 -0.5428
vn -0.0536 -0.8341 -0.5491
vn -0.0614 -0.8319 -0.5515
vn -0.0490 -0.8426 -0.5363
vn -0.0462 -0.8444 -0.5338
vn -0.0623 -0.8427 -0.5348
vn -0.0564 -0.8426 -0.5355
vn -0.0714 -0.8407 -0.5368
vn -0.0657 -0.8409 -0.5372
vn -0.0803 -0.8385 -0.5389
vn -0.0733 -0.8379 -0.5409
vn -0.0823 -0.8398 -0.5366
vn -0.0703 -0.8360 -0.5442
vn -0.0793 -0.8363 -0.5425
vn -0.0651 -0.8334 -0.5488
vn -0.0454 -0.8355 -0.5477
vn -0.0370 -0.8368 -0.5462
vn -0.0407 -0.8400 -0.5411
vn -0.0517 -0.8433 -0.5349
vn -0.0665 -0.8549 -0.5145
vn -0.0677 -0.8516 -0.5198
vn -0.0763 -0.8525 -0.5171
vn -0.0773 -0.8494 -0.5221
vn -0.0777 -0.8495 -0.5218
vn -0.0656 -0.8507 -0.5216
vn -0.0665 -0.8475 -0.5266
vn -0.0759 -0.8454 -0.5287
vn -0.0566 -0.8619 -0.5039
vn -0.0495 -0.8612 -0.5059
vn -0.0670 -0.8594 -0.5070
vn -0.0602 -0.8589 -0.5086
vn -0.0772 -0.8568 -0.5099
vn -0.0705 -0.8566 -0.5111
vn -0.0785 -0.8536 -0.5150
vn -0.0889 -0.8551 -0.5108
vn -0.0888 -0.8549 -0.5112
vn -0.0878 -0.8511 -0.5177
vn -0.0870 -0.8473 -0.5240
vn -0.0785 -0.8466 -0.5264
vn -0.0776 -0.8473 -0.5255
vn -0.0771 -0.8431 -0.5323
vn -0.0833 -0.8378 -0.5395
vn -0.0676 -0.8446 -0.5311
vn -0.0642 -0.8466 -0.5284
vn -0.0581 -0.8465 -0.5292
vn -0.0544 -0.8487 -0.5260
vn -0.0479 -0.8484 -0.5272
vn -0.0555 -0.8530 -0.5190
vn -0.0489 -0.8525 -0.5204
vn -0.0562 -0.8574 -0.5116
vn -0.0494 -0.8568 -0.5133
vn -0.0801 -0.8722 -0.4825
vn -0.0753 -0.8676 -0.4916
vn -0.0726 -0.8721 -0.4838
vn -0.0926 -0.8690 -0.4860
vn -0.0957 -0.8633 -0.4955
vn -0.0848 -0.8689 -0.4877
vn -0.0724 -0.8679 -0.4914
vn -0.0785 -0.8621 -0.5006
vn -0.0815 -0.8614 -0.5013
vn -0.0774 -0.8659 -0.4942
vn -0.0746 -0.8783 -0.4723
vn -0.0737 -0.8731 -0.4819
vn -0.0876 -0.8748 -0.4765
vn -0.0867 -0.8698 -0.4858
vn -0.1034 -0.8721 -0.4783
vn -0.1047 -0.8660 -0.4890
vn -0.0936 -0.8713 -0.4817
vn -0.1165 -0.8692 -0.4805
vn -0.1058 -0.8669 -0.4871
vn -0.0964 -0.8655 -0.4916
vn -0.0884 -0.8629 -0.4976
vn -0.0815 -0.8583 -0.5066
vn -0.0830 -0.8597 -0.5040
vn -0.0712 -0.8607 -0.5040
vn -0.0675 -0.8638 -0.4993
vn -0.0606 -0.8632 -0.5013
vn -0.0568 -0.8664 -0.4961
vn -0.0497 -0.8656 -0.4983
vn -0.0593 -0.8705 -0.4886
vn -0.0517 -0.8696 -0.4911
vn -0.0609 -0.8665 -0.4954
vn -0.0591 -0.8716 -0.4867
vn -0.0661 -0.8700 -0.4887
vn -0.1097 -0.8879 -0.4468
vn -0.1238 -0.8832 -0.4524
vn -0.1237 -0.8829 -0.4529
vn -0.1222 -0.8774 -0.4640
vn -0.1052 -0.8825 -0.4585
vn -0.1052 -0.8822 -0.4590
vn -0.1039 -0.8766 -0.4699
vn -0.1190 -0.8781 -0.4634
vn -0.1189 -0.8778 -0.4640
vn -0.1175 -0.8724 -0.4744
vn -0.0958 -0.8992 -0.4270
vn -0.1112 -0.8942 -0.4336
vn -0.1255 -0.8893 -0.4398
vn -0.1390 -0.8845 -0.4454
vn -0.1389 -0.8842 -0.4460
vn -0.1372 -0.8788 -0.4569
vn -0.1369 -0.8786 -0.4574
vn -0.1368 -0.8783 -0.4581
vn -0.1352 -0.8730 -0.4685
vn -0.1318 -0.8738 -0.4680
vn -0.1317 -0.8735 -0.4687
vn -0.1302 -0.8684 -0.4784
vn -0.1234 -0.8702 -0.4769
vn -0.1220 -0.8651 -0.4865
vn -0.1109 -0.8741 -0.4728
vn -0.1096 -0.8688 -0.4829
vn -0.0977 -0.8781 -0.4684
vn -0.0965 -0.8726 -0.4789
vn -0.0837 -0.8821 -0.4636
vn -0.0837 -0.8819 -0.4640
vn -0.0826 -0.8764 -0.4745
vn -0.0906 -0.8869 -0.4531
vn -0.0905 -0.8866 -0.4536
vn -0.0893 -0.8807 -0.4651
vn -0.0946 -0.8926 -0.4408
vn -0.1065 -0.9150 -0.3892
vn -0.1215 -0.9098 -0.3969
vn -0.1083 -0.9082 -0.4043
vn -0.1231 -0.9031 -0.4115
vn -0.0894 -0.9263 -0.3659
vn -0.1045 -0.9213 -0.3746
vn -0.1033 -0.9161 -0.3874
vn -0.1045 -0.9212 -0.3749
vn -0.1199 -0.9163 -0.3822
vn -0.1346 -0.9110 -0.3899
vn -0.1338 -0.9083 -0.3963
vn -0.1338 -0.9083 -0.3964
vn -0.1359 -0.9045 -0.4041
vn -0.1359 -0.9045 -0.4042
vn -0.1351 -0.9019 -0.4104
vn -0.1371 -0.8980 -0.4182
vn -0.1371 -0.8978 -0.4185
vn -0.1354 -0.8924 -0.4304
vn -0.1383 -0.8912 -0.4320
vn -0.1383 -0.8910 -0.4325
vn -0.1366 -0.8856 -0.4439
vn -0.1246 -0.8962 -0.4258
vn -0.1101 -0.9012 -0.4192
vn -0.0946 -0.9063 -0.4120
vn -0.0927 -0.9133 -0.3966
vn -0.0908 -0.9201 -0.3811
vn -0.1717 -0.8840 -0.4348
vn -0.1716 -0.8846 -0.4336
vn -0.1715 -0.8849 -0.4331
vn -0.2328 -0.8543 -0.4647
vn -0.2224 -0.8551 -0.4683
vn -0.2338 -0.8542 -0.4644
vn -0.1768 -0.8997 -0.3991
vn -0.2264 -0.8692 -0.4396
vn -0.1402 -0.9089 -0.3927
vn -0.1321 -0.9084 -0.3967
vn -0.1418 -0.9082 -0.3937
vn -0.1885 -0.8848 -0.4261
vn -0.1973 -0.8740 -0.4440
vn -0.2329 -0.8741 -0.4263
vn -0.2324 -0.8743 -0.4260
vn -0.2392 -0.8708 -0.4294
vn -0.2454 -0.8405 -0.4830
vn -0.2526 -0.8408 -0.4789
vn -0.2477 -0.8412 -0.4807
vn -0.2520 -0.8346 -0.4897
vn -0.2530 -0.8406 -0.4790
vn -0.1694 -0.8721 -0.4591
vn -0.1825 -0.8864 -0.4254
vn -0.1596 -0.9071 -0.3894
vn -0.1170 -0.9173 -0.3806
vn -0.1183 -0.9221 -0.3683
vn -0.1170 -0.9174 -0.3804
vn -0.1024 -0.9222 -0.3729
vn -0.1320 -0.9117 -0.3892
vn -0.1312 -0.9085 -0.3968
vn -0.0270 -0.8209 -0.5705
vn -0.0157 -0.7506 -0.6606
vn -0.0213 -0.7522 -0.6586
vn -0.0215 -0.7522 -0.6586
vn -0.1772 -0.8119 -0.5563
vn -0.0818 -0.7092 -0.7003
vn -0.0195 -0.9668 -0.2550
vn 0.0081 -0.8620 -0.5069
vn -0.0161 -0.8116 -0.5840
vn -0.1422 -0.9243 -0.3541
vn -0.1337 -0.8910 -0.4339
vn -0.1221 -0.8557 -0.5029
vn -0.1164 -0.8421 -0.5266
vn -0.1738 -0.7397 -0.6501
vn -0.3112 -0.7986 -0.5153
vn -0.3121 -0.8808 -0.3561
vn -0.2320 -0.9323 -0.2775
vn -0.0965 -0.9637 -0.2491
vn -0.0623 -0.9969 0.0488
vn -0.0639 -0.9940 0.0884
vn -0.0557 -0.9946 0.0870
vn -0.0649 -0.9940 0.0885
vn -0.1000 -0.9948 0.0167
vn -0.0504 -0.9982 0.0339
vn -0.0131 -0.9984 -0.0559
vn -0.0138 -0.9983 -0.0564
vn 0.0058 -0.9997 -0.0248
vn 0.0029 -0.9990 0.0435
vn -0.0312 -0.9959 0.0843
vn -0.0343 -0.9958 0.0848
vn -0.0308 -0.9960 0.0843
vn -0.0358 -0.9939 0.1040
vn 0.0541 -0.9978 0.0374
vn -0.0052 -0.9958 0.0919
vn 0.0356 -0.9992 0.0155
vn 0.0348 -0.9992 0.0198
vn 0.0356 -0.9992 0.0156
vn -0.0505 -0.9922 -0.1144
vn -0.1172 -0.9903 -0.0745
vn -0.1232 -0.9924 0.0014
vn -0.1235 -0.9923 0.0013
vn -0.1237 -0.9923 0.0012
vn -0.0236 -0.9995 -0.0188
vn -0.0292 -0.9993 -0.0230
vn -0.0157 -0.9995 0.0264
vn 0.0009 -0.9974 0.0724
vn 0.0479 -0.9971 0.0593
vn 0.0127 -0.9912 0.1318
vn -0.0101 -0.9971 0.0755
vn -0.0200 -0.9981 0.0576
vn -0.0197 -0.9982 0.0569
vn -0.0206 -0.9984 0.0520
vn -0.0152 -0.9985 0.0534
vn -0.0110 -0.9990 0.0423
vn 0.0345 -0.9952 0.0920
vn -0.0026 -0.9942 0.1074
vn -0.0019 -0.9941 0.1081
vn -0.0105 -0.9950 0.0991
vn 0.0341 -0.9925 0.1171
vn 0.0383 -0.9926 0.1152
vn 0.0222 -0.9939 0.1079
vn 0.0337 -0.9902 0.1354
vn 0.0340 -0.9902 0.1357
vn 0.0285 -0.9911 0.1303
vn 0.1036 -0.9910 0.0848
vn 0.0348 -0.9943 0.1006
vn 0.0442 -0.9930 0.1099
vn 0.0437 -0.9930 0.1095
vn 0.0666 -0.9937 0.0901
vn -0.0004 -0.9989 0.0469
vn -0.0192 -0.8396 -0.5429
vn -0.0108 -0.8447 -0.5351
vn -0.0023 -0.8427 -0.5383
vn -0.0128 -0.8433 -0.5373
vn -0.0116 -0.8489 -0.5285
vn -0.0283 -0.8382 -0.5446
vn -0.0231 -0.8417 -0.5395
vn -0.0227 -0.8471 -0.5309
vn -0.0293 -0.8429 -0.5373
vn -0.0027 -0.8378 -0.5460
vn -0.0082 -0.8406 -0.5416
vn -0.0061 -0.8370 -0.5472
vn -0.0082 -0.8441 -0.5362
vn -0.0000 -0.8421 -0.5394
vn -0.0090 -0.8483 -0.5295
vn -0.0108 -0.8530 -0.5218
vn -0.0212 -0.8508 -0.5251
vn -0.0246 -0.8456 -0.5332
vn -0.0233 -0.8472 -0.5308
vn -0.0350 -0.8438 -0.5356
vn -0.0342 -0.8454 -0.5331
vn -0.0418 -0.8450 -0.5331
vn -0.0390 -0.8414 -0.5390
vn -0.0245 -0.8353 -0.5492
vn -0.0113 -0.8368 -0.5474
vn -0.0163 -0.8390 -0.5439
vn -0.0052 -0.8305 -0.5570
vn -0.0018 -0.8326 -0.5539
vn -0.0014 -0.8309 -0.5565
vn -0.0074 -0.8320 -0.5547
vn -0.0023 -0.8349 -0.5505
vn -0.0084 -0.8302 -0.5574
vn -0.0123 -0.8314 -0.5555
vn -0.0094 -0.8341 -0.5516
vn -0.0026 -0.8305 -0.5570
vn -0.0036 -0.8321 -0.5546
vn -0.0048 -0.8343 -0.5513
vn -0.0162 -0.8333 -0.5527
vn -0.0803 -0.9703 0.2283
vn -0.0902 -0.9784 0.1859
vn -0.0548 -0.9718 0.2293
vn -0.0550 -0.9719 0.2290
vn -0.0504 -0.9718 0.2302
vn -0.0572 -0.9790 0.1959
vn -0.0570 -0.9790 0.1955
vn -0.0520 -0.9811 0.1866
vn -0.0724 -0.9611 0.2667
vn -0.0732 -0.9612 0.2659
vn -0.0725 -0.9611 0.2666
vn -0.0998 -0.9723 0.2112
vn -0.1193 -0.9809 0.1534
vn -0.0985 -0.9876 0.1222
vn -0.0961 -0.9877 0.1235
vn -0.0969 -0.9866 0.1315
vn -0.0901 -0.9871 0.1322
vn -0.0878 -0.9872 0.1329
vn -0.0806 -0.9878 0.1333
vn -0.1014 -0.9785 0.1797
vn -0.0609 -0.9679 0.2438
vn -0.0581 -0.9680 0.2440
vn -0.0611 -0.9679 0.2437
vn -0.0510 -0.9625 0.2664
vn -0.0471 -0.9628 0.2662
vn -0.0512 -0.9625 0.2664
vn -0.0424 -0.9753 0.2168
vn -0.0263 -0.9731 0.2291
vn -0.0468 -0.9630 0.2655
vn -0.0521 -0.9618 0.2687
vn -0.0533 -0.9633 0.2631
vn -0.2763 -0.9543 0.1137
vn -0.2739 -0.9550 0.1138
vn -0.2696 -0.9563 0.1131
vn -0.3034 -0.9468 0.1069
vn -0.0693 -0.9913 0.1120
vn -0.2828 -0.9531 0.1077
vn -0.2810 -0.9536 0.1077
vn -0.2916 -0.9502 0.1100
vn -0.2871 -0.9519 0.1075
vn -0.2997 -0.9479 0.1078
vn -0.1934 -0.9688 0.1550
vn -0.1973 -0.9683 0.1533
vn -0.2047 -0.9657 0.1599
vn -0.3650 -0.9251 0.1045
vn -0.3696 -0.9233 0.1043
vn -0.3726 -0.9221 0.1042
vn -0.1954 -0.9745 0.1101
vn -0.1422 -0.9772 0.1578
vn -0.1450 -0.9769 0.1569
vn -0.1503 -0.9749 0.1641
vn -0.3207 -0.9412 0.1063
vn -0.3410 -0.9341 0.1055
vn -0.3345 -0.9364 0.1058
vn -0.3725 -0.9222 0.1042
vn -0.2287 -0.9614 0.1532
vn -0.2476 -0.9582 0.1437
vn -0.2467 -0.9584 0.1432
vn -0.3003 -0.9478 0.1071
vn -0.2941 -0.9497 0.1073
vn -0.2878 -0.9516 0.1075
vn -0.3217 -0.9409 0.1063
vn -0.3275 -0.9389 0.1060
vn -0.3316 -0.9375 0.1059
vn -0.3566 -0.9283 0.1049
vn -0.3602 -0.9270 0.1047
vn -0.3506 -0.9306 0.1051
vn -0.3528 -0.9298 0.1050
vn -0.3756 -0.9209 0.1040
vn -0.2722 -0.9539 0.1265
vn -0.3148 -0.9432 0.1061
vn -0.3156 -0.9429 0.1065
vn -0.2788 -0.9543 0.1078
vn -0.2848 -0.9525 0.1076
vn -0.3015 -0.9474 0.1070
vn -0.0053 -0.9937 0.1122
vn -0.3355 -0.9361 0.1057
vn -0.3380 -0.9352 0.1056
vn -0.2680 -0.9542 0.1328
vn -0.2654 -0.9549 0.1329
vn -0.2587 -0.9567 0.1331
vn -0.3644 -0.9254 0.1045
vn -0.3595 -0.9272 0.1047
vn -0.3534 -0.9296 0.1050
vn -0.1463 -0.9830 0.1110
vn -0.2557 -0.9551 0.1499
vn -0.2583 -0.9560 0.1387
vn -0.2528 -0.9571 0.1418
vn -0.2771 -0.9548 0.1078
vn -0.2722 -0.9561 0.1080
vn -0.4224 -0.9007 0.1017
vn -0.2818 -0.9534 0.1077
vn -0.2747 -0.9540 0.1200
vn -0.2847 -0.9526 0.1076
vn -0.3629 -0.9260 0.1046
vn -0.3444 -0.9329 0.1054
vn -0.3453 -0.9326 0.1053
vn -0.3467 -0.9320 0.1053
vn -0.3724 -0.9222 0.1042
vn -0.0866 -0.9834 0.1595
vn -0.0875 -0.9833 0.1594
vn -0.0895 -0.9819 0.1672
vn -0.3477 -0.9317 0.1052
vn -0.2759 -0.9549 0.1093
vn -0.2761 -0.9551 0.1074
vn -0.3420 -0.9337 0.1055
vn -0.3436 -0.9332 0.1054
vn -0.3405 -0.9343 0.1055
vn -0.3482 -0.9315 0.1052
vn -0.2215 -0.9633 0.1517
vn -0.2321 -0.9615 0.1473
vn -0.1276 -0.9856 0.1113
vn -0.2767 -0.9546 0.1100
vn -0.3067 -0.9458 0.1068
vn -0.3069 -0.9457 0.1068
vn -0.3042 -0.9501 0.0686
vn -0.3044 -0.9501 0.0686
vn -0.2913 -0.9541 0.0689
vn -0.3063 -0.9467 0.0994
vn -0.2996 -0.9492 0.0958
vn -0.2933 -0.9508 0.0998
vn -0.3067 -0.9458 0.1069
vn -0.3024 -0.9512 0.0608
vn -0.3016 -0.9514 0.0617
vn -0.3044 -0.9505 0.0624
vn -0.3041 -0.9470 0.1036
vn -0.3071 -0.9463 0.1016
vn -0.3059 -0.9465 0.1026
vn -0.3040 -0.9454 0.1177
vn -0.3016 -0.9463 0.1167
vn -0.2981 -0.9472 0.1179
vn -0.2980 -0.9468 0.1214
vn -0.2907 -0.9495 0.1180
vn -0.2849 -0.9511 0.1194
vn -0.1149 -0.9907 0.0734
vn -0.1124 -0.9908 0.0748
vn -0.1116 -0.9909 0.0752
vn -0.1243 -0.9870 0.1018
vn -0.1292 -0.9864 0.1012
vn -0.1277 -0.9868 0.1000
vn -0.1280 -0.9854 0.1123
vn -0.2466 -0.9677 0.0526
vn -0.2452 -0.9680 0.0531
vn -0.2447 -0.9681 0.0533
vn -0.2461 -0.9623 0.1161
vn -0.2489 -0.9617 0.1151
vn -0.2498 -0.9615 0.1148
vn -0.2395 -0.9595 0.1484
vn -0.2458 -0.9576 0.1503
vn -0.2461 -0.9582 0.1459
vn -0.2319 -0.9600 0.1569
vn -0.3456 -0.9360 0.0676
vn -0.3454 -0.9360 0.0676
vn -0.3503 -0.9342 0.0675
vn -0.3477 -0.9325 0.0979
vn -0.3503 -0.9311 0.1015
vn -0.3525 -0.9307 0.0977
vn -0.3465 -0.9325 0.1016
vn -0.3468 -0.9320 0.1053
vn -0.3379 -0.9387 0.0678
vn -0.3378 -0.9388 0.0678
vn -0.3409 -0.9377 0.0677
vn -0.3401 -0.9352 0.0982
vn -0.3418 -0.9342 0.1018
vn -0.3431 -0.9342 0.0981
vn -0.3378 -0.9357 0.1020
vn -0.3427 -0.9370 0.0677
vn -0.3442 -0.9334 0.1017
vn -0.3450 -0.9335 0.0980
vn -0.3037 -0.9506 0.0634
vn -0.3081 -0.9492 0.0640
vn -0.3086 -0.9457 0.1016
vn -0.3082 -0.9459 0.1014
vn -0.3105 -0.9452 0.1011
vn -0.2919 -0.9496 0.1144
vn -0.3007 -0.9470 0.1134
vn -0.3445 -0.9363 0.0676
vn -0.3450 -0.9362 0.0676
vn -0.3317 -0.9409 0.0680
vn -0.3468 -0.9328 0.0980
vn -0.3470 -0.9327 0.0980
vn -0.3473 -0.9318 0.1053
vn -0.3366 -0.9353 0.1094
vn -0.0920 -0.9944 0.0523
vn -0.0916 -0.9944 0.0524
vn -0.0915 -0.9944 0.0525
vn -0.0919 -0.9881 0.1233
vn -0.0931 -0.9881 0.1227
vn -0.0935 -0.9881 0.1225
vn -0.0901 -0.9833 0.1579
vn -0.0913 -0.9833 0.1576
vn -0.0919 -0.9833 0.1571
vn -0.0885 -0.9820 0.1671
vn -0.3727 -0.9255 0.0669
vn -0.3728 -0.9255 0.0669
vn -0.3665 -0.9280 0.0670
vn -0.3750 -0.9219 0.0968
vn -0.3722 -0.9227 0.1006
vn -0.3689 -0.9244 0.0971
vn -0.3753 -0.9214 0.1004
vn -0.3668 -0.9279 0.0670
vn -0.3564 -0.9319 0.0673
vn -0.3641 -0.9259 0.1009
vn -0.3587 -0.9284 0.0975
vn -0.3426 -0.9370 0.0677
vn -0.3506 -0.9340 0.0685
vn -0.3492 -0.9345 0.0696
vn -0.3489 -0.9346 0.0698
vn -0.3601 -0.9279 0.0964
vn -0.3625 -0.9271 0.0950
vn -0.3617 -0.9274 0.0951
vn -0.3632 -0.9257 0.1054
vn -0.2810 -0.9572 0.0692
vn -0.2748 -0.9590 0.0693
vn -0.2842 -0.9535 0.1001
vn -0.2823 -0.9537 0.1040
vn -0.2797 -0.9548 0.1003
vn -0.2845 -0.9530 0.1039
vn -0.2990 -0.9525 0.0577
vn -0.2985 -0.9526 0.0585
vn -0.3010 -0.9518 0.0592
vn -0.2995 -0.9481 0.1066
vn -0.3026 -0.9473 0.1054
vn -0.3022 -0.9475 0.1049
vn -0.3002 -0.9456 0.1251
vn -0.2973 -0.9466 0.1247
vn -0.2952 -0.9473 0.1245
vn -0.2944 -0.9469 0.1291
vn -0.2870 -0.9492 0.1290
vn -0.2818 -0.9507 0.1294
vn -0.2791 -0.9578 0.0692
vn -0.2794 -0.9577 0.0692
vn -0.2699 -0.9604 0.0694
vn -0.2812 -0.9544 0.1002
vn -0.2769 -0.9553 0.1041
vn -0.2719 -0.9571 0.1005
vn -0.2816 -0.9535 0.1077
vn -0.4111 -0.9092 0.0660
vn -0.4107 -0.9094 0.0664
vn -0.4105 -0.9094 0.0665
vn -0.4200 -0.9026 0.0946
vn -0.4208 -0.9023 0.0935
vn -0.4208 -0.9023 0.0940
vn -0.4226 -0.9005 0.1023
vn -0.2827 -0.9567 0.0691
vn -0.2720 -0.9570 0.1004
vn -0.2720 -0.9570 0.1005
vn -0.2821 -0.9579 0.0540
vn -0.2814 -0.9580 0.0547
vn -0.2908 -0.9552 0.0550
vn -0.2818 -0.9525 0.1151
vn -0.2823 -0.9530 0.1102
vn -0.2938 -0.9495 0.1101
vn -0.2820 -0.9495 0.1375
vn -0.2822 -0.9495 0.1375
vn -0.2816 -0.9496 0.1375
vn -0.2693 -0.9521 0.1450
vn -0.2715 -0.9514 0.1456
vn -0.2694 -0.9521 0.1449
vn -0.1325 -0.9884 0.0747
vn -0.1319 -0.9886 0.0729
vn -0.1339 -0.9879 0.0780
vn -0.1426 -0.9846 0.1015
vn -0.1413 -0.9848 0.1013
vn -0.1420 -0.9846 0.1020
vn -0.1466 -0.9829 0.1118
vn -0.3567 -0.9318 0.0673
vn -0.3590 -0.9282 0.0975
vn -0.2907 -0.9552 0.0558
vn -0.2959 -0.9536 0.0563
vn -0.2955 -0.9493 0.1072
vn -0.2957 -0.9490 0.1095
vn -0.2917 -0.9472 0.1332
vn -0.2899 -0.9477 0.1336
vn -0.2878 -0.9483 0.1334
vn -0.2798 -0.9498 0.1402
vn -0.2759 -0.9510 0.1397
vn -0.3330 -0.9405 0.0679
vn -0.3328 -0.9405 0.0680
vn -0.3352 -0.9370 0.0984
vn -0.3313 -0.9380 0.1022
vn 0.0138 -0.9968 0.0786
vn 0.0192 -0.9966 0.0799
vn 0.0220 -0.9965 0.0807
vn 0.0036 -0.9952 0.0979
vn -0.0018 -0.9953 0.0966
vn -0.0046 -0.9954 0.0959
vn -0.3125 -0.9476 0.0657
vn -0.3118 -0.9478 0.0668
vn -0.3159 -0.9464 0.0674
vn -0.3163 -0.9433 0.1010
vn -0.3167 -0.9429 0.1035
vn -0.3183 -0.9428 0.0993
vn -0.3069 -0.9458 0.1061
vn -0.3162 -0.9426 0.1070
vn -0.3077 -0.9447 0.1131
vn -0.2824 -0.9568 0.0691
vn -0.2846 -0.9534 0.1001
vn -0.2851 -0.9524 0.1077
vn -0.3158 -0.9464 0.0681
vn -0.3252 -0.9432 0.0681
vn -0.3284 -0.9390 0.1016
vn -0.3272 -0.9398 0.0987
vn -0.3274 -0.9390 0.1056
vn -0.2956 -0.9536 0.0571
vn -0.2999 -0.9480 0.1068
vn -0.2969 -0.9461 0.1291
vn -0.2915 -0.9478 0.1293
vn -0.2842 -0.9492 0.1347
vn -0.2795 -0.9507 0.1346
vn -0.3730 -0.9254 0.0669
vn -0.3752 -0.9219 0.0968
vn -0.3724 -0.9226 0.1005
vn -0.3501 -0.9343 0.0675
vn -0.3577 -0.9314 0.0673
vn -0.3564 -0.9288 0.1012
vn -0.3599 -0.9279 0.0974
vn -0.3574 -0.9315 0.0673
vn -0.3670 -0.9278 0.0670
vn -0.3647 -0.9256 0.1009
vn -0.3693 -0.9242 0.0971
vn -0.3249 -0.9433 0.0682
vn -0.2917 -0.9540 0.0689
vn -0.2936 -0.9507 0.0998
vn -0.2675 -0.9621 0.0532
vn -0.2659 -0.9625 0.0538
vn -0.2653 -0.9626 0.0540
vn -0.2671 -0.9569 0.1138
vn -0.2700 -0.9566 0.1094
vn -0.2598 -0.9548 0.1447
vn -0.2711 -0.9521 0.1416
vn -0.2580 -0.9543 0.1506
vn -0.3617 -0.9299 0.0673
vn -0.3618 -0.9298 0.0672
vn -0.3616 -0.9299 0.0674
vn -0.3706 -0.9237 0.0969
vn -0.3706 -0.9238 0.0963
vn -0.3707 -0.9237 0.0968
vn -0.3726 -0.9221 0.1046
vn -0.3319 -0.9409 0.0680
vn -0.3340 -0.9374 0.0984
vn -0.3340 -0.9374 0.0983
vn -0.3182 -0.9456 0.0683
vn -0.3202 -0.9422 0.0989
vn -0.3207 -0.9412 0.1064
vn -0.1573 -0.9862 0.0522
vn -0.1561 -0.9863 0.0526
vn -0.1558 -0.9864 0.0527
vn -0.1566 -0.9802 0.1212
vn -0.1587 -0.9800 0.1204
vn -0.1596 -0.9799 0.1201
vn -0.1523 -0.9760 0.1555
vn -0.1548 -0.9757 0.1552
vn -0.1564 -0.9756 0.1540
vn -0.1478 -0.9753 0.1644
vn -0.1801 -0.9809 0.0729
vn -0.1799 -0.9810 0.0731
vn -0.1803 -0.9809 0.0728
vn -0.1914 -0.9764 0.1002
vn -0.1899 -0.9767 0.0999
vn -0.1908 -0.9765 0.1006
vn -0.1958 -0.9743 0.1110
vn -0.3667 -0.9279 0.0670
vn -0.2140 -0.9754 0.0523
vn -0.2128 -0.9757 0.0527
vn -0.2124 -0.9758 0.0529
vn -0.2135 -0.9697 0.1185
vn -0.2160 -0.9693 0.1176
vn -0.2170 -0.9691 0.1173
vn -0.2079 -0.9663 0.1520
vn -0.2111 -0.9656 0.1516
vn -0.2135 -0.9654 0.1500
vn -0.2015 -0.9662 0.1607
vn -0.3077 -0.9493 0.0650
vn -0.2750 -0.9589 0.0693
vn -0.2798 -0.9548 0.1000
vn -0.2799 -0.9548 0.1003
vn -0.0529 -0.9957 0.0761
vn -0.0498 -0.9958 0.0773
vn -0.0484 -0.9958 0.0778
vn -0.0637 -0.9929 0.1001
vn -0.0718 -0.9922 0.1021
vn -0.0682 -0.9928 0.0984
vn -0.0670 -0.9919 0.1083
vn -0.2946 -0.9531 0.0689
vn -0.3017 -0.9482 0.0996
vn -0.3017 -0.9482 0.0992
vn -0.3035 -0.9468 0.1073
vn -0.3002 -0.9520 0.0601
vn -0.3044 -0.9468 0.1040
vn -0.2958 -0.9475 0.1215
vn -0.2921 -0.9484 0.1233
vn 0.1906 0.9525 0.2376
vn 0.2418 0.9633 0.1166
vn 0.2453 0.9232 0.2958
vn 0.2072 0.9512 0.2285
vn 0.2097 0.9510 0.2274
vn 0.2069 0.9513 0.2286
vn 0.1270 0.9376 0.3238
vn 0.1269 0.9376 0.3237
vn 0.1430 0.9597 0.2418
vn 0.1182 0.9856 0.1206
vn 0.1149 0.9855 -0.1246
vn 0.1146 0.9856 -0.1241
vn 0.1177 0.9845 -0.1302
vn 0.1471 0.9881 -0.0449
vn 0.1520 0.9873 -0.0463
vn 0.1466 0.9882 -0.0447
vn 0.0879 0.9926 0.0838
vn 0.2276 0.9319 0.2825
vn 0.2316 0.9313 0.2810
vn 0.2282 0.9322 0.2810
vn 0.1914 0.9352 0.2978
vn 0.1915 0.9353 0.2977
vn 0.1919 0.9355 0.2968
vn 0.0084 0.9944 -0.1052
vn 0.0141 0.9941 -0.1077
vn 0.0069 0.9948 -0.1014
vn 0.0129 0.9928 -0.1189
vn 0.0166 0.9930 -0.1170
vn 0.0079 0.9959 -0.0903
vn 0.0140 0.9954 -0.0950
vn 0.0058 0.9960 -0.0887
vn 0.0097 0.9938 -0.1109
vn 0.0146 0.9939 -0.1091
vn 0.0091 0.9945 -0.1046
vn -0.0028 0.9960 -0.0898
vn 0.0088 0.9935 -0.1138
vn 0.0149 0.9933 -0.1146
vn 0.0069 0.9939 -0.1097
vn 0.0142 0.9924 -0.1224
vn 0.0161 0.9923 -0.1229
vn 0.0168 0.9920 -0.1251
vn 0.0153 0.9924 -0.1219
vn 0.0138 0.9931 -0.1162
vn 0.0176 0.9931 -0.1163
vn 0.0131 0.9942 -0.1065
vn 0.0198 0.9939 -0.1085
vn 0.0083 0.9954 -0.0957
vn 0.0152 0.9951 -0.0979
vn 0.0071 0.9957 -0.0926
vn 0.0068 0.9971 -0.0755
vn 0.0144 0.9967 -0.0803
vn 0.0047 0.9972 -0.0742
vn 0.0059 0.9988 -0.0479
vn 0.0107 0.9990 -0.0424
vn 0.0113 0.9991 -0.0412
vn 0.0039 0.9980 -0.0639
vn 0.0013 0.9969 -0.0784
vn 0.0459 0.9714 -0.2328
vn 0.1329 0.9609 -0.2429
vn 0.1342 0.9612 -0.2409
vn 0.1331 0.9609 -0.2427
vn 0.0956 0.9859 -0.1377
vn 0.1057 0.9792 -0.1733
vn 0.1185 0.9778 -0.1728
vn 0.1188 0.9778 -0.1727
vn 0.1043 0.9621 -0.2518
vn 0.0559 0.9551 -0.2909
vn 0.0766 0.9556 -0.2845
vn 0.0765 0.9556 -0.2847
vn 0.0740 0.9547 -0.2882
vn 0.1646 0.9538 -0.2515
vn 0.1667 0.9607 -0.2218
vn 0.1074 0.9792 -0.1721
vn 0.1069 0.9792 -0.1726
vn 0.0334 0.9981 -0.0518
vn 0.0506 0.9842 -0.1698
vn 0.0101 0.9987 -0.0491
vn 0.0126 0.9973 -0.0720
vn 0.0345 0.9971 -0.0677
vn 0.0409 0.9970 -0.0656
vn 0.0269 0.9980 -0.0564
vn 0.0287 0.9964 -0.0796
vn 0.0331 0.9961 -0.0818
vn 0.0289 0.9964 -0.0791
vn 0.0087 0.9994 -0.0323
vn 0.0054 0.9982 -0.0600
vn 0.0074 0.9967 -0.0807
vn 0.0130 0.9953 -0.0964
vn 0.0204 0.9959 -0.0877
vn 0.0132 0.9953 -0.0961
vn 0.0194 0.9958 -0.0898
vn 0.0303 0.9959 -0.0857
vn 0.0320 0.9960 -0.0838
vn 0.0585 0.9926 -0.1062
vn 0.0521 0.9931 -0.1050
vn 0.0563 0.9928 -0.1062
vn 0.0596 0.9894 -0.1326
vn 0.0736 0.9889 -0.1293
vn 0.0667 0.9899 -0.1249
vn 0.0794 0.9891 -0.1239
vn 0.1123 0.9849 -0.1320
vn 0.0282 0.9994 -0.0193
vn 0.0279 0.9994 -0.0187
vn 0.0308 0.9992 -0.0243
vn 0.0142 0.9997 -0.0196
vn 0.0954 0.9704 -0.2218
vn 0.0986 0.9581 -0.2689
vn 0.1157 0.9728 -0.2008
vn 0.0824 0.9595 -0.2694
vn 0.0827 0.9593 -0.2701
vn 0.0793 0.9613 -0.2637
vn 0.1317 0.9644 -0.2294
vn 0.1061 0.9723 -0.2081
vn 0.0809 0.9751 -0.2067
vn 0.0831 0.9754 -0.2042
vn 0.0875 0.9809 -0.1739
vn 0.0938 0.9645 -0.2468
vn 0.0670 0.9631 -0.2607
vn 0.0653 0.9627 -0.2626
vn 0.0654 0.9627 -0.2625
vn 0.0324 0.9677 -0.2500
vn 0.0322 0.9679 -0.2492
vn 0.0333 0.9672 -0.2518
vn 0.0443 0.9732 -0.2259
vn 0.0511 0.9723 -0.2281
vn 0.0435 0.9732 -0.2256
vn 0.1043 0.9852 -0.1359
vn 0.1078 0.9924 -0.0587
vn 0.0891 0.9860 -0.1409
vn 0.0794 0.9787 -0.1891
vn 0.0831 0.9962 0.0272
vn 0.0677 0.9917 -0.1094
vn 0.1082 0.9883 0.1070
vn 0.0838 0.9956 -0.0417
vn 0.1419 0.9891 -0.0389
vn 0.0601 0.9980 -0.0173
vn 0.0620 0.9980 -0.0150
vn 0.0621 0.9980 -0.0149
vn 0.0131 0.9882 -0.1529
vn 0.0369 0.9655 -0.2578
vn 0.0373 0.9653 -0.2585
vn 0.0468 0.9742 -0.2208
vn 0.0543 0.9842 -0.1684
vn 0.0417 0.9931 -0.1094
vn 0.0837 0.9946 0.0613
vn 0.1287 0.9730 0.1918
vn 0.0571 0.9584 0.2797
vn -0.0034 0.9847 0.1745
vn 0.0522 0.9985 0.0149
vn 0.0374 0.9906 -0.1312
vn 0.0380 0.9905 -0.1322
vn 0.0364 0.9908 -0.1305
vn 0.0238 0.9920 -0.1242
vn 0.0185 0.9925 -0.1210
vn 0.0231 0.9921 -0.1233
vn 0.0161 0.9930 -0.1170
vn 0.0232 0.9919 -0.1248
vn 0.0324 0.9893 -0.1422
vn 0.0366 0.9890 -0.1436
vn 0.0307 0.9894 -0.1416
vn 0.0451 0.9946 -0.0932
vn 0.0545 0.9888 -0.1386
vn 0.0367 0.9910 -0.1290
vn 0.0363 0.9909 -0.1296
vn 0.0218 0.9922 -0.1228
vn 0.0218 0.9922 -0.1225
vn 0.0221 0.9922 -0.1225
vn 0.0226 0.9923 -0.1214
vn 0.0346 0.9888 -0.1454
vn 0.0249 0.9894 -0.1428
vn 0.0215 0.9895 -0.1433
vn 0.0227 0.9895 -0.1428
vn 0.0264 0.9917 -0.1259
vn 0.0151 0.9957 -0.0911
vn 0.0552 0.9959 -0.0718
vn 0.0549 0.9959 -0.0713
vn 0.0569 0.9956 -0.0742
vn 0.0565 0.9957 -0.0741
vn 0.0563 0.9957 -0.0739
vn 0.0521 0.9952 -0.0827
vn 0.0521 0.9930 -0.1062
vn 0.0463 0.9938 -0.1008
vn 0.0457 0.9932 -0.1068
vn 0.0494 0.9923 -0.1133
vn 0.0508 0.9923 -0.1126
vn 0.0525 0.9934 -0.1021
vn 0.0647 0.9909 -0.1182
vn 0.0650 0.9912 -0.1157
vn 0.0679 0.9915 -0.1106
vn 0.0470 0.9960 -0.0755
vn 0.0480 0.9959 -0.0770
vn 0.0418 0.9969 -0.0671
vn 0.0213 0.9984 -0.0527
vn 0.0145 0.9986 -0.0513
vn 0.0216 0.9984 -0.0527
vn 0.0023 0.9981 -0.0617
vn -0.0053 0.9961 -0.0875
vn 0.0451 0.9900 -0.1339
vn 0.0734 0.9891 -0.1277
vn 0.0768 0.9891 -0.1254
vn 0.0806 0.9896 -0.1194
vn 0.0953 0.9881 -0.1205
vn 0.0893 0.9888 -0.1198
vn 0.0819 0.9901 -0.1137
vn 0.0845 0.9902 -0.1112
vn 0.0697 0.9918 -0.1074
vn 0.0760 0.9912 -0.1082
vn 0.0573 0.9935 -0.0984
vn 0.0424 0.9942 -0.0989
vn 0.0459 0.9936 -0.1034
vn 0.0302 0.9943 -0.1022
vn 0.0330 0.9945 -0.0989
vn 0.0329 0.9945 -0.0990
vn 0.0906 0.9878 -0.1265
vn 0.1037 0.9864 -0.1274
vn 0.1040 0.9864 -0.1274
vn 0.0995 0.9882 -0.1166
vn 0.1000 0.9882 -0.1161
vn 0.0933 0.9888 -0.1163
vn 0.0991 0.9848 -0.1429
vn 0.1017 0.9879 -0.1175
vn 0.1026 0.9878 -0.1170
vn 0.0892 0.9891 -0.1172
vn 0.0759 0.9898 -0.1206
vn 0.0860 0.9888 -0.1223
vn 0.0775 0.9906 -0.1124
vn 0.0998 0.9881 -0.1174
vn 0.1005 0.9880 -0.1176
vn 0.0993 0.9879 -0.1195
vn 0.1013 0.9877 -0.1191
vn 0.0989 0.9878 -0.1201
vn 0.0993 0.9877 -0.1210
vn 0.1042 0.9874 -0.1192
vn 0.0907 0.9831 -0.1592
vn 0.0639 0.9744 -0.2156
vn 0.0804 0.9765 -0.1998
vn 0.1060 0.9782 -0.1783
vn 0.2221 0.9244 0.3102
vn 0.2150 0.8961 0.3883
vn 0.2016 0.9388 0.2792
vn 0.1957 0.9392 0.2821
vn 0.2021 0.9388 0.2789
vn 0.1769 0.9215 0.3458
vn 0.1733 0.9216 0.3473
vn 0.1771 0.9215 0.3457
vn 0.2365 0.9231 0.3033
vn 0.2361 0.9233 0.3029
vn 0.2360 0.9234 0.3028
vn 0.2458 0.9074 0.3410
vn 0.2867 0.9014 0.3244
vn 0.2866 0.9014 0.3246
vn 0.2888 0.9042 0.3146
vn 0.2577 0.8821 0.3944
vn 0.1579 0.9052 0.3945
vn 0.1268 0.9377 0.3236
vn 0.1786 0.9422 0.2835
vn 0.2018 0.9458 0.2544
vn 0.2467 0.9241 0.2920
vn 0.2404 0.9241 0.2971
vn 0.2477 0.9241 0.2911
vn 0.2429 0.9309 0.2728
vn 0.2376 0.9310 0.2771
vn 0.2438 0.9309 0.2722
vn 0.2388 0.9321 0.2724
vn 0.2287 0.9358 0.2684
vn 0.2354 0.9330 0.2723
vn 0.2349 0.9377 0.2560
vn 0.2321 0.9370 0.2612
vn 0.2545 0.9157 0.3110
vn 0.2476 0.9157 0.3164
vn 0.2555 0.9157 0.3102
vn 0.2508 0.9236 0.2898
vn 0.2446 0.9238 0.2946
vn 0.2517 0.9236 0.2892
vn 0.2458 0.9284 0.2786
vn 0.2375 0.9293 0.2829
vn 0.2467 0.9284 0.2780
vn 0.2389 0.9357 0.2598
vn 0.2307 0.9366 0.2636
vn 0.2398 0.9356 0.2591
vn 0.2318 0.9428 0.2397
vn 0.2237 0.9436 0.2441
vn 0.2328 0.9427 0.2390
vn 0.2417 0.9398 0.2415
vn 0.2386 0.9401 0.2436
vn 0.2421 0.9398 0.2412
vn 0.2386 0.9359 0.2592
vn 0.2347 0.9357 0.2636
vn 0.2318 0.9352 0.2675
vn 0.2777 0.8887 0.3647
vn 0.2671 0.8896 0.3706
vn 0.2782 0.8887 0.3644
vn 0.2731 0.8997 0.3407
vn 0.2624 0.9006 0.3465
vn 0.2734 0.8996 0.3405
vn 0.2707 0.8977 0.3477
vn 0.2615 0.8981 0.3535
vn 0.2714 0.8976 0.3473
vn 0.2665 0.9076 0.3243
vn 0.2576 0.9082 0.3299
vn 0.2671 0.9076 0.3239
vn 0.2776 0.8807 0.3837
vn 0.2839 0.8800 0.3807
vn 0.2722 0.8927 0.3593
vn 0.2721 0.8927 0.3593
vn 0.2784 0.8919 0.3563
vn 0.2695 0.8989 0.3455
vn 0.2652 0.9059 0.3302
vn 0.2579 0.9068 0.3335
vn 0.2655 0.9059 0.3300
vn 0.2596 0.9133 0.3140
vn 0.2492 0.9141 0.3199
vn 0.2602 0.9132 0.3136
vn 0.2530 0.9208 0.2967
vn 0.2438 0.9217 0.3018
vn 0.2538 0.9208 0.2962
vn 0.2590 0.9157 0.3072
vn 0.2515 0.9160 0.3125
vn 0.2597 0.9157 0.3067
vn 0.2628 0.9067 0.3298
vn 0.2549 0.9069 0.3354
vn 0.2637 0.9067 0.3291
vn 0.2865 0.8610 0.4203
vn 0.2798 0.8747 0.3957
vn 0.2894 0.8653 0.4093
vn 0.2826 0.8788 0.3845
vn 0.2793 0.8590 0.4290
vn 0.2787 0.8594 0.4287
vn 0.2726 0.8628 0.4258
vn 0.2614 0.8753 0.4068
vn 0.2717 0.8721 0.4069
vn 0.2663 0.8765 0.4010
vn 0.2637 0.8795 0.3961
vn 0.2610 0.8807 0.3953
vn 0.2545 0.8844 0.3913
vn 0.2693 0.8826 0.3855
vn 0.2721 0.8868 0.3735
vn 0.2719 0.8924 0.3601
vn 0.2818 0.8847 0.3712
vn 0.2882 0.8719 0.3958
vn 0.2523 0.8555 0.4522
vn 0.2493 0.8534 0.4577
vn 0.2570 0.8585 0.4437
vn 0.2495 0.8693 0.4268
vn 0.2391 0.8727 0.4256
vn 0.2537 0.8718 0.4191
vn 0.2554 0.8558 0.4499
vn 0.2620 0.8611 0.4358
vn 0.2441 0.8743 0.4196
vn 0.2570 0.8742 0.4121
vn 0.2485 0.8519 0.4610
vn 0.2449 0.8502 0.4660
vn 0.2463 0.8655 0.4361
vn 0.2362 0.8676 0.4376
vn 0.2443 0.8663 0.4357
vn 0.2370 0.8673 0.4378
vn 0.2421 0.8712 0.4272
vn 0.2484 0.8746 0.4163
vn 0.2567 0.8772 0.4058
vn 0.2545 0.8779 0.4056
vn 0.2492 0.8811 0.4021
vn 0.2625 0.8702 0.4169
vn 0.2655 0.8566 0.4424
vn 0.2660 0.8606 0.4344
vn 0.2354 0.8419 0.4856
vn 0.2314 0.8409 0.4892
vn 0.2410 0.8446 0.4780
vn 0.2339 0.8551 0.4627
vn 0.2309 0.8577 0.4594
vn 0.2397 0.8578 0.4546
vn 0.2371 0.8434 0.4822
vn 0.2453 0.8480 0.4698
vn 0.2360 0.8606 0.4512
vn 0.2371 0.8602 0.4515
vn 0.2279 0.8400 0.4923
vn 0.2236 0.8394 0.4954
vn 0.2261 0.8533 0.4698
vn 0.2239 0.8555 0.4668
vn 0.2146 0.8544 0.4733
vn 0.2094 0.8513 0.4810
vn 0.2181 0.8584 0.4643
vn 0.2241 0.8617 0.4552
vn 0.2276 0.8659 0.4455
vn 0.2338 0.8620 0.4498
vn 0.2468 0.8609 0.4449
vn 0.2414 0.8465 0.4744
vn 0.2077 0.8340 0.5112
vn 0.2122 0.8314 0.5136
vn 0.2109 0.8373 0.5044
vn 0.2037 0.8473 0.4905
vn 0.2030 0.8491 0.4876
vn 0.2072 0.8510 0.4825
vn 0.2145 0.8344 0.5076
vn 0.2155 0.8405 0.4971
vn 0.2071 0.8525 0.4799
vn 0.2129 0.8541 0.4745
vn 0.2054 0.8304 0.5179
vn 0.2094 0.8281 0.5201
vn 0.2012 0.8435 0.4980
vn 0.2000 0.8453 0.4954
vn 0.2065 0.8408 0.5004
vn 0.1983 0.8450 0.4967
vn 0.1983 0.8456 0.4956
vn 0.2049 0.8531 0.4799
vn 0.2105 0.8558 0.4725
vn 0.2139 0.8389 0.5005
vn 0.2021 0.8194 0.5365
vn 0.2036 0.8164 0.5404
vn 0.2035 0.8230 0.5304
vn 0.1981 0.8313 0.5194
vn 0.1952 0.8319 0.5195
vn 0.1996 0.8353 0.5123
vn 0.2059 0.8203 0.5336
vn 0.2043 0.8267 0.5242
vn 0.1898 0.8378 0.5119
vn 0.1982 0.8372 0.5096
vn 0.2001 0.8158 0.5426
vn 0.2000 0.8129 0.5470
vn 0.1959 0.8274 0.5263
vn 0.1924 0.8276 0.5273
vn 0.1948 0.8246 0.5312
vn 0.1902 0.8264 0.5300
vn 0.1905 0.8279 0.5276
vn 0.1930 0.8328 0.5188
vn 0.1946 0.8379 0.5099
vn 0.1892 0.8416 0.5060
vn 0.2074 0.8386 0.5037
vn 0.2076 0.8243 0.5267
vn 0.1676 0.8076 0.5654
vn 0.1735 0.8087 0.5620
vn 0.1888 0.8095 0.5560
vn 0.1630 0.8181 0.5515
vn 0.1717 0.8185 0.5482
vn 0.1848 0.8202 0.5413
vn 0.1850 0.8089 0.5581
vn 0.1968 0.8120 0.5495
vn 0.1817 0.8206 0.5419
vn 0.1860 0.8215 0.5390
vn 0.1560 0.8082 0.5679
vn 0.1673 0.8100 0.5620
vn 0.1511 0.8181 0.5549
vn 0.1552 0.8184 0.5533
vn 0.1328 0.8193 0.5577
vn 0.1528 0.8167 0.5565
vn 0.1582 0.8163 0.5556
vn 0.1774 0.8195 0.5450
vn 0.1799 0.8167 0.5483
vn 0.1813 0.8232 0.5380
vn 0.1956 0.8233 0.5328
vn 0.1943 0.8100 0.5533
vn 0.0580 0.8211 0.5678
vn 0.0560 0.8202 0.5693
vn 0.0593 0.8218 0.5666
vn 0.0562 0.8311 0.5533
vn 0.0552 0.8303 0.5546
vn 0.0570 0.8306 0.5539
vn 0.0969 0.8153 0.5709
vn 0.0996 0.8161 0.5693
vn 0.1025 0.8170 0.5675
vn 0.0933 0.8244 0.5582
vn 0.0968 0.8258 0.5556
vn 0.0991 0.8262 0.5546
vn 0.0464 0.8211 0.5689
vn 0.0450 0.8199 0.5708
vn 0.0447 0.8301 0.5558
vn 0.0491 0.8241 0.5642
vn 0.0355 0.8252 0.5637
vn 0.0355 0.8256 0.5631
vn 0.0354 0.8240 0.5655
vn 0.0498 0.8239 0.5646
vn 0.0889 0.8202 0.5651
vn 0.0925 0.8216 0.5626
vn 0.1226 0.8165 0.5642
vn 0.1330 0.8194 0.5576
vn 0.1290 0.8199 0.5578
vn 0.1366 0.8216 0.5535
vn 0.1337 0.8103 0.5706
vn 0.1405 0.8118 0.5668
vn 0.1408 0.8119 0.5666
vn -0.0298 0.8149 0.5789
vn -0.0355 0.8166 0.5761
vn -0.0371 0.8182 0.5737
vn -0.0321 0.8171 0.5755
vn -0.0327 0.8163 0.5767
vn -0.0402 0.8179 0.5739
vn -0.0365 0.8184 0.5734
vn -0.0403 0.8182 0.5736
vn -0.0091 0.8086 0.5883
vn -0.0091 0.8092 0.5875
vn -0.0087 0.8065 0.5912
vn -0.0004 0.8130 0.5823
vn -0.0004 0.8118 0.5840
vn -0.0003 0.8170 0.5766
vn 0.0136 0.8161 0.5778
vn 0.0177 0.8205 0.5714
vn 0.0125 0.8150 0.5794
vn -0.0234 0.8292 0.5585
vn -0.0237 0.8332 0.5525
vn -0.0238 0.8327 0.5531
vn -0.0211 0.8224 0.5685
vn -0.0202 0.8232 0.5674
vn -0.0187 0.8217 0.5696
vn -0.0178 0.8229 0.5679
vn -0.0290 0.8102 0.5855
vn -0.0328 0.8137 0.5804
vn -0.0305 0.8091 0.5869
vn -0.0271 0.8117 0.5834
vn 0.3573 0.8262 0.4356
vn 0.3572 0.8261 0.4359
vn 0.3595 0.8282 0.4299
vn 0.4116 0.8437 0.3447
vn 0.2577 0.8686 0.4232
vn 0.2578 0.8687 0.4230
vn 0.2550 0.8663 0.4296
vn 0.3620 0.8834 0.2977
vn 0.3663 0.8817 0.2973
vn 0.3616 0.8835 0.2978
vn 0.2975 0.8804 0.3693
vn 0.3259 0.8702 0.3695
vn 0.3263 0.8707 0.3681
vn 0.3263 0.8701 0.3693
vn 0.3262 0.8709 0.3675
vn 0.3269 0.8716 0.3653
vn 0.3210 0.8810 0.3474
vn 0.3238 0.8789 0.3503
vn 0.3212 0.8809 0.3476
vn 0.3481 0.8713 0.3459
vn 0.3738 0.8832 0.2834
vn 0.3739 0.8832 0.2831
vn 0.2380 0.9684 0.0750
vn 0.1652 0.9756 0.1448
vn 0.0953 0.9548 0.2817
vn 0.1007 0.9399 0.3261
vn 0.1009 0.9401 0.3256
vn 0.0975 0.9374 0.3343
vn 0.1961 0.8700 0.4523
vn 0.2897 0.8380 0.4624
vn 0.2187 0.9337 0.2834
vn 0.2092 0.9343 0.2888
vn 0.2196 0.9337 0.2828
vn 0.2105 0.9344 0.2873
vn 0.1977 0.9368 0.2886
vn 0.2130 0.9393 0.2691
vn 0.2070 0.9395 0.2728
vn 0.2135 0.9392 0.2688
vn 0.2081 0.9395 0.2720
vn 0.1994 0.9399 0.2770
vn 0.2388 0.9297 0.2804
vn 0.2290 0.9305 0.2857
vn 0.2246 0.9264 0.3023
vn 0.2140 0.9270 0.3080
vn 0.2255 0.9264 0.3017
vn 0.2156 0.9274 0.3057
vn 0.2051 0.9279 0.3112
vn 0.2057 0.9319 0.2987
vn 0.1956 0.9321 0.3048
vn 0.2064 0.9319 0.2982
vn 0.2037 0.9370 0.2838
vn 0.1890 0.9402 0.2834
vn 0.2014 0.9441 0.2610
vn 0.2324 0.9286 0.2892
vn 0.2315 0.9294 0.2875
vn 0.2338 0.9286 0.2882
vn 0.2320 0.9292 0.2878
vn 0.2310 0.9281 0.2920
vn 0.2353 0.9292 0.2849
vn 0.2359 0.9367 0.2589
vn 0.2402 0.9363 0.2562
vn 0.2355 0.9367 0.2591
vn 0.2247 0.9437 0.2428
vn 0.2178 0.9445 0.2460
vn 0.2323 0.9369 0.2611
vn 0.2232 0.9379 0.2655
vn 0.2379 0.9039 0.3556
vn 0.2252 0.9074 0.3548
vn 0.2350 0.9111 0.3386
vn 0.2231 0.9138 0.3394
vn 0.2231 0.9139 0.3391
vn 0.2219 0.9117 0.3457
vn 0.2567 0.9004 0.3513
vn 0.2568 0.9005 0.3511
vn 0.2567 0.9004 0.3512
vn 0.2392 0.8971 0.3714
vn 0.2256 0.9014 0.3696
vn 0.2257 0.9015 0.3693
vn 0.2240 0.8984 0.3778
vn 0.2135 0.9071 0.3627
vn 0.2136 0.9072 0.3624
vn 0.2112 0.9026 0.3752
vn 0.2140 0.9127 0.3480
vn 0.2128 0.9188 0.3325
vn 0.2119 0.9238 0.3188
vn 0.1985 0.9255 0.3225
vn 0.2062 0.9225 0.3263
vn 0.2199 0.9205 0.3230
vn 0.2187 0.9191 0.3278
vn 0.2308 0.9187 0.3205
vn 0.2451 0.9222 0.2990
vn 0.2342 0.9230 0.3053
vn 0.2501 0.9148 0.3171
vn 0.2501 0.9148 0.3170
vn 0.2540 0.9072 0.3355
vn 0.2542 0.9074 0.3346
vn 0.2337 0.8809 0.4117
vn 0.2196 0.8865 0.4074
vn 0.2196 0.8865 0.4072
vn 0.2176 0.8826 0.4168
vn 0.2369 0.8856 0.3994
vn 0.2224 0.8911 0.3955
vn 0.2225 0.8912 0.3953
vn 0.2205 0.8874 0.4048
vn 0.2470 0.8808 0.4040
vn 0.2397 0.8848 0.3995
vn 0.2293 0.8768 0.4227
vn 0.2161 0.8822 0.4184
vn 0.2139 0.8792 0.4258
vn 0.2034 0.8882 0.4120
vn 0.2011 0.8834 0.4234
vn 0.2062 0.8928 0.4004
vn 0.2062 0.8929 0.4003
vn 0.2051 0.8905 0.4062
vn 0.2089 0.8975 0.3883
vn 0.2090 0.8976 0.3882
vn 0.2078 0.8952 0.3943
vn 0.2115 0.9023 0.3758
vn 0.2115 0.9023 0.3756
vn 0.2092 0.8976 0.3881
vn 0.2245 0.8961 0.3829
vn 0.2245 0.8962 0.3827
vn 0.2227 0.8927 0.3918
vn 0.2387 0.8911 0.3860
vn 0.2576 0.8942 0.3660
vn 0.2575 0.8941 0.3664
vn 0.2576 0.8942 0.3661
vn 0.2566 0.8888 0.3797
vn 0.2564 0.8885 0.3805
vn 0.2531 0.8840 0.3932
vn 0.2533 0.8844 0.3920
vn 0.2049 0.8729 0.4427
vn 0.1953 0.8722 0.4485
vn 0.2049 0.8675 0.4532
vn 0.2073 0.8690 0.4494
vn 0.2117 0.8706 0.4441
vn 0.2168 0.8645 0.4535
vn 0.1966 0.8636 0.4643
vn 0.2002 0.8613 0.4670
vn 0.2127 0.8627 0.4587
vn 0.1863 0.8841 0.4286
vn 0.1862 0.8840 0.4288
vn 0.1884 0.8889 0.4175
vn 0.1984 0.8785 0.4345
vn 0.1993 0.8781 0.4350
vn 0.2103 0.8737 0.4387
vn 0.2122 0.8749 0.4353
vn 0.2198 0.8691 0.4431
vn 0.2272 0.8782 0.4210
vn 0.2301 0.8776 0.4205
vn 0.2363 0.8737 0.4253
vn 0.2271 0.8739 0.4298
vn 0.2314 0.8675 0.4403
vn 0.2258 0.8697 0.4389
vn 0.2072 0.8576 0.4707
vn 0.2114 0.8526 0.4780
vn 0.1986 0.8646 0.4615
vn 0.1980 0.8560 0.4775
vn 0.1910 0.8657 0.4628
vn 0.1881 0.8690 0.4577
vn 0.1891 0.8600 0.4740
vn 0.1840 0.8729 0.4519
vn 0.1849 0.8725 0.4523
vn 0.1850 0.8787 0.4400
vn 0.1849 0.8786 0.4404
vn 0.1870 0.8834 0.4296
vn 0.1941 0.8515 0.4870
vn 0.2006 0.8478 0.4908
vn 0.1879 0.8482 0.4952
vn 0.2079 0.8480 0.4875
vn 0.2028 0.8497 0.4867
vn 0.1892 0.8468 0.4971
vn 0.1783 0.8464 0.5019
vn 0.1999 0.8475 0.4916
vn 0.1884 0.8634 0.4680
vn 0.1854 0.8552 0.4839
vn 0.1985 0.8592 0.4716
vn 0.2072 0.8545 0.4763
vn 0.2047 0.8492 0.4868
vn 0.1898 0.8460 0.4982
vn 0.1831 0.8438 0.5045
vn 0.1833 0.8476 0.4980
vn 0.1656 0.8465 0.5059
vn 0.1761 0.8486 0.4988
vn 0.1741 0.8513 0.4950
vn 0.1560 0.8498 0.5035
vn 0.1791 0.8517 0.4925
vn 0.1821 0.8543 0.4868
vn 0.1865 0.8585 0.4777
vn 0.1545 0.8443 0.5132
vn 0.1507 0.8445 0.5138
vn 0.1590 0.8420 0.5155
vn 0.1619 0.8405 0.5171
vn 0.1649 0.8406 0.5159
vn 0.1706 0.8374 0.5192
vn 0.1454 0.8402 0.5224
vn 0.1458 0.8371 0.5273
vn 0.1566 0.8365 0.5251
vn 0.1616 0.8357 0.5248
vn 0.1699 0.8349 0.5235
vn 0.1624 0.8500 0.5012
vn 0.1486 0.8545 0.4976
vn 0.1715 0.8472 0.5029
vn 0.1724 0.8427 0.5100
vn 0.1733 0.8441 0.5074
vn 0.1750 0.8418 0.5107
vn 0.1903 0.8509 0.4897
vn 0.1884 0.8435 0.5030
vn 0.1776 0.8437 0.5066
vn 0.1835 0.8402 0.5102
vn 0.1741 0.8389 0.5158
vn 0.1806 0.8353 0.5192
vn 0.1721 0.8335 0.5250
vn 0.1792 0.8298 0.5285
vn 0.1601 0.8302 0.5339
vn 0.1687 0.8294 0.5325
vn 0.1439 0.8344 0.5320
vn 0.1311 0.8392 0.5279
vn 0.1330 0.8450 0.5180
vn 0.1346 0.8445 0.5184
vn 0.1444 0.8414 0.5207
vn 0.1438 0.8502 0.5064
vn 0.1491 0.8477 0.5090
vn 0.1537 0.8216 0.5490
vn 0.1444 0.8212 0.5520
vn 0.1541 0.8185 0.5534
vn 0.1554 0.8183 0.5534
vn 0.1588 0.8185 0.5521
vn 0.1649 0.8152 0.5551
vn 0.1424 0.8157 0.5607
vn 0.1427 0.8117 0.5663
vn 0.1513 0.8131 0.5622
vn 0.1567 0.8130 0.5608
vn 0.1632 0.8138 0.5578
vn 0.1317 0.8325 0.5382
vn 0.1441 0.8280 0.5419
vn 0.1457 0.8275 0.5422
vn 0.1560 0.8243 0.5443
vn 0.1597 0.8243 0.5431
vn 0.1667 0.8208 0.5464
vn 0.1714 0.8277 0.5344
vn 0.1780 0.8241 0.5378
vn 0.1702 0.8219 0.5436
vn 0.1762 0.8186 0.5467
vn 0.1667 0.8222 0.5442
vn 0.1731 0.8134 0.5553
vn 0.1647 0.8113 0.5610
vn 0.1686 0.8088 0.5634
vn 0.1533 0.8079 0.5691
vn 0.1587 0.8091 0.5659
vn 0.1398 0.8101 0.5693
vn 0.1398 0.8064 0.5746
vn 0.1470 0.8081 0.5704
vn 0.1286 0.8138 0.5667
vn 0.1297 0.8135 0.5669
vn 0.1364 0.8117 0.5679
vn 0.1308 0.8196 0.5578
vn 0.1322 0.8192 0.5580
vn 0.1404 0.8169 0.5595
vn 0.1319 0.8258 0.5483
vn 0.1334 0.8254 0.5486
vn 0.1429 0.8226 0.5504
vn 0.1291 0.8012 0.5842
vn 0.1303 0.8015 0.5836
vn 0.1230 0.7982 0.5897
vn 0.1350 0.8018 0.5822
vn 0.1396 0.8027 0.5797
vn 0.1238 0.7953 0.5935
vn 0.1194 0.8009 0.5868
vn 0.1288 0.7977 0.5891
vn 0.1249 0.8087 0.5748
vn 0.1257 0.8085 0.5749
vn 0.1275 0.8037 0.5812
vn 0.1357 0.8052 0.5772
vn 0.1401 0.8040 0.5778
vn 0.1478 0.8035 0.5766
vn 0.1517 0.8052 0.5733
vn 0.1594 0.8068 0.5689
vn 0.1616 0.8049 0.5710
vn 0.1515 0.8033 0.5760
vn 0.1410 0.8010 0.5819
vn 0.1271 0.7997 0.5868
vn 0.1108 0.7992 0.5907
vn 0.1048 0.7985 0.5928
vn 0.0997 0.7961 0.5969
vn 0.1050 0.8035 0.5859
vn 0.0874 0.8044 0.5876
vn 0.1152 0.8063 0.5802
vn 0.1263 0.8078 0.5757
vn 0.0699 0.7986 0.5978
vn 0.0670 0.7994 0.5970
vn 0.0622 0.8014 0.5949
vn 0.0755 0.7979 0.5981
vn 0.0733 0.7979 0.5983
vn 0.0402 0.8010 0.5974
vn 0.0396 0.8017 0.5964
vn 0.0373 0.8032 0.5946
vn 0.0431 0.8004 0.5979
vn 0.0427 0.8007 0.5976
vn 0.0851 0.8003 0.5936
vn 0.0780 0.8038 0.5898
vn 0.0924 0.7977 0.5959
vn 0.1011 0.7956 0.5973
vn 0.1076 0.8000 0.5902
vn 0.0812 0.8041 0.5890
vn 0.0777 0.8028 0.5912
vn 0.0463 0.8072 0.5885
vn 0.0462 0.8068 0.5890
vn 0.0178 0.8084 0.5884
vn 0.0196 0.8066 0.5908
vn 0.0151 0.8032 0.5955
vn 0.0150 0.8034 0.5953
vn 0.0147 0.8032 0.5955
vn 0.0147 0.8034 0.5953
vn 0.0146 0.8047 0.5935
vn 0.0146 0.8072 0.5900
vn 0.0376 0.8026 0.5954
vn 0.0350 0.8057 0.5913
vn 0.0646 0.8005 0.5959
vn 0.0573 0.8045 0.5912
vn -0.0208 0.8128 0.5822
vn -0.0217 0.8144 0.5800
vn -0.0254 0.8124 0.5825
vn -0.0164 0.8104 0.5856
vn -0.0174 0.8150 0.5792
vn -0.0302 0.8115 0.5836
vn -0.0296 0.8129 0.5817
vn -0.0195 0.8097 0.5866
vn -0.0088 0.8270 0.5621
vn -0.0166 0.8141 0.5805
vn -0.0019 0.8113 0.5846
vn -0.0144 0.8162 0.5776
vn -0.0027 0.8075 0.5899
vn -0.0018 0.8065 0.5913
vn -0.0044 0.8066 0.5911
vn -0.0053 0.8052 0.5929
vn -0.0064 0.8060 0.5919
vn -0.0072 0.8053 0.5929
vn -0.0081 0.8067 0.5909
vn -0.0238 0.8102 0.5857
vn -0.0159 0.8211 0.5705
vn -0.0156 0.8259 0.5637
vn -0.0156 0.8240 0.5663
vn -0.0123 0.8264 0.5629
vn -0.0003 0.8248 0.5654
vn -0.0050 0.8267 0.5626
vn -0.0006 0.8281 0.5606
vn -0.0008 0.8280 0.5608
vn 0.0022 0.8191 0.5736
vn -0.0017 0.8155 0.5787
vn -0.0101 0.8228 0.5683
vn -0.0060 0.8195 0.5730
vn -0.0112 0.8164 0.5774
vn -0.0065 0.8160 0.5780
vn 0.0001 0.8284 0.5601
vn -0.0000 0.8277 0.5612
vn 0.0006 0.8277 0.5611
vn 0.0019 0.8258 0.5640
vn 0.0048 0.8243 0.5661
vn 0.0129 0.8221 0.5692
vn 0.0060 0.8288 0.5595
vn 0.0135 0.8174 0.5759
vn 0.0018 0.8124 0.5831
vn -0.0005 0.8091 0.5877
vn -0.0028 0.8235 0.5673
vn -0.0046 0.8260 0.5637
vn -0.0053 0.8276 0.5614
vn -0.0007 0.8254 0.5646
vn -0.0021 0.8260 0.5636
vn 0.0527 0.8133 0.5794
vn 0.0483 0.8137 0.5793
vn 0.0441 0.8199 0.5708
vn 0.0547 0.8076 0.5872
vn 0.0528 0.8085 0.5861
vn 0.0313 0.8138 0.5803
vn 0.0310 0.8143 0.5796
vn 0.0263 0.8223 0.5685
vn 0.0332 0.8090 0.5869
vn 0.0329 0.8095 0.5862
vn 0.0572 0.8204 0.5689
vn 0.0510 0.8214 0.5681
vn 0.0640 0.8139 0.5775
vn 0.0628 0.8125 0.5796
vn 0.0622 0.8123 0.5799
vn 0.0711 0.8083 0.5845
vn 0.0711 0.8083 0.5844
vn 0.0689 0.8068 0.5869
vn 0.0835 0.8061 0.5859
vn 0.0595 0.8035 0.5923
vn 0.0352 0.8052 0.5919
vn 0.0146 0.8071 0.5902
vn 0.0149 0.8108 0.5851
vn 0.0149 0.8106 0.5854
vn 0.0153 0.8155 0.5786
vn 0.0153 0.8154 0.5787
vn 0.0155 0.8155 0.5786
vn 0.0156 0.8212 0.5704
vn 0.0294 0.8200 0.5716
vn 0.0424 0.8188 0.5726
vn 0.0980 0.8205 0.5632
vn 0.0901 0.8234 0.5603
vn 0.0914 0.8163 0.5703
vn 0.1082 0.8139 0.5708
vn 0.1054 0.8109 0.5756
vn 0.1001 0.8097 0.5783
vn 0.0885 0.8198 0.5658
vn 0.0794 0.8126 0.5774
vn 0.0960 0.8079 0.5814
vn 0.0843 0.8080 0.5831
vn 0.0923 0.8332 0.5452
vn 0.0821 0.8338 0.5459
vn 0.0878 0.8280 0.5539
vn 0.0919 0.8248 0.5580
vn 0.0931 0.8245 0.5582
vn 0.1030 0.8185 0.5653
vn 0.1040 0.8182 0.5654
vn 0.1254 0.8140 0.5672
vn 0.1145 0.8155 0.5673
vn 0.1180 0.8083 0.5768
vn 0.0811 0.8144 0.5746
vn 0.0743 0.8203 0.5670
vn 0.0731 0.8214 0.5657
vn 0.0822 0.8239 0.5608
vn 0.0750 0.8270 0.5572
vn 0.0793 0.8299 0.5522
vn 0.0955 0.8428 0.5297
vn 0.1070 0.8366 0.5373
vn 0.0946 0.8365 0.5398
vn 0.0963 0.8361 0.5401
vn 0.1062 0.8336 0.5421
vn 0.1069 0.8300 0.5474
vn 0.1084 0.8296 0.5477
vn 0.1178 0.8271 0.5495
vn 0.0974 0.8526 0.5134
vn 0.0901 0.8520 0.5157
vn 0.0949 0.8476 0.5221
vn 0.0973 0.8483 0.5205
vn 0.0987 0.8479 0.5208
vn 0.1077 0.8455 0.5229
vn 0.1063 0.8434 0.5266
vn 0.1190 0.8376 0.5331
vn 0.1196 0.8308 0.5436
vn 0.1190 0.8244 0.5534
vn 0.1204 0.8240 0.5537
vn 0.1292 0.8216 0.5553
vn 0.1172 0.8184 0.5625
vn 0.1185 0.8181 0.5628
vn 0.1056 0.8239 0.5568
vn 0.1069 0.8236 0.5570
vn 0.1147 0.8216 0.5584
vn 0.0939 0.8303 0.5493
vn 0.0953 0.8300 0.5496
vn 0.1037 0.8280 0.5511
vn 0.0943 0.8384 0.5368
vn 0.0851 0.8389 0.5376
vn 0.0853 0.8425 0.5318
vn 0.0866 0.8422 0.5321
vn 0.0891 0.8482 0.5222
vn 0.0953 0.8449 0.5263
vn 0.1131 0.8622 0.4939
vn 0.1183 0.8558 0.5037
vn 0.1159 0.8567 0.5026
vn 0.1281 0.8576 0.4981
vn 0.1283 0.8527 0.5065
vn 0.1116 0.8531 0.5096
vn 0.1095 0.8537 0.5091
vn 0.1116 0.8522 0.5111
vn 0.1057 0.8669 0.4871
vn 0.1166 0.8632 0.4913
vn 0.1285 0.8628 0.4890
vn 0.1396 0.8592 0.4923
vn 0.1384 0.8543 0.5010
vn 0.1501 0.8556 0.4953
vn 0.1324 0.8514 0.5075
vn 0.1256 0.8505 0.5107
vn 0.1321 0.8467 0.5154
vn 0.1182 0.8445 0.5224
vn 0.1124 0.8499 0.5148
vn 0.1197 0.8461 0.5194
vn 0.1011 0.8533 0.5115
vn 0.1080 0.8514 0.5133
vn 0.0829 0.8597 0.5040
vn 0.0905 0.8547 0.5112
vn 0.0884 0.8629 0.4976
vn 0.1004 0.8576 0.5043
vn 0.0964 0.8654 0.4917
vn 0.1066 0.8605 0.4982
vn 0.1473 0.8684 0.4734
vn 0.1523 0.8612 0.4848
vn 0.1546 0.8658 0.4759
vn 0.1588 0.8643 0.4773
vn 0.1580 0.8594 0.4863
vn 0.1421 0.8641 0.4829
vn 0.1499 0.8614 0.4852
vn 0.1460 0.8627 0.4841
vn 0.1605 0.8576 0.4885
vn 0.1372 0.8789 0.4569
vn 0.1381 0.8782 0.4579
vn 0.1508 0.8773 0.4556
vn 0.1496 0.8740 0.4622
vn 0.1505 0.8737 0.4626
vn 0.1600 0.8701 0.4661
vn 0.1679 0.8702 0.4632
vn 0.1719 0.8655 0.4704
vn 0.1709 0.8659 0.4701
vn 0.1797 0.8647 0.4691
vn 0.1739 0.8670 0.4670
vn 0.1760 0.8627 0.4742
vn 0.1769 0.8627 0.4737
vn 0.1643 0.8562 0.4898
vn 0.1645 0.8548 0.4922
vn 0.1275 0.8648 0.4856
vn 0.1219 0.8648 0.4872
vn 0.1232 0.8644 0.4875
vn 0.1301 0.8681 0.4791
vn 0.1348 0.8665 0.4806
vn 0.1351 0.8727 0.4692
vn 0.1358 0.8725 0.4694
vn 0.1432 0.8699 0.4720
vn 0.1478 0.8940 0.4231
vn 0.1478 0.8939 0.4232
vn 0.1495 0.8992 0.4112
vn 0.1607 0.8888 0.4293
vn 0.1485 0.8875 0.4362
vn 0.1485 0.8873 0.4365
vn 0.1503 0.8927 0.4248
vn 0.1610 0.8826 0.4416
vn 0.1609 0.8824 0.4420
vn 0.1629 0.8876 0.4308
vn 0.1338 0.9083 0.3964
vn 0.1330 0.9056 0.4027
vn 0.1338 0.9083 0.3963
vn 0.1480 0.9029 0.4035
vn 0.1471 0.9003 0.4097
vn 0.1480 0.9029 0.4036
vn 0.1616 0.8975 0.4102
vn 0.1606 0.8949 0.4164
vn 0.1625 0.9000 0.4044
vn 0.1737 0.8895 0.4226
vn 0.1737 0.8894 0.4228
vn 0.1757 0.8945 0.4112
vn 0.1731 0.8838 0.4347
vn 0.1740 0.8832 0.4354
vn 0.1864 0.8801 0.4367
vn 0.1729 0.8779 0.4467
vn 0.1728 0.8776 0.4471
vn 0.1748 0.8826 0.4363
vn 0.1791 0.8718 0.4559
vn 0.1748 0.8727 0.4558
vn 0.1614 0.8763 0.4540
vn 0.1613 0.8760 0.4545
vn 0.1527 0.8824 0.4450
vn 0.1602 0.8797 0.4478
vn 0.1511 0.8860 0.4383
vn 0.1366 0.8856 0.4440
vn 0.1365 0.8854 0.4444
vn 0.1383 0.8910 0.4324
vn 0.1354 0.8924 0.4304
vn 0.1354 0.8923 0.4307
vn 0.1371 0.8978 0.4185
vn 0.1351 0.9019 0.4104
vn 0.1342 0.8990 0.4168
vn 0.1359 0.9045 0.4042
vn 0.1504 0.9194 0.3634
vn 0.1495 0.9168 0.3702
vn 0.1433 0.9191 0.3671
vn 0.1662 0.9159 0.3653
vn 0.1644 0.9110 0.3782
vn 0.1644 0.9111 0.3781
vn 0.1473 0.9120 0.3829
vn 0.1639 0.9111 0.3781
vn 0.1620 0.9062 0.3907
vn 0.1630 0.9087 0.3842
vn 0.1352 0.9251 0.3548
vn 0.1545 0.9244 0.3487
vn 0.1533 0.9211 0.3580
vn 0.1539 0.9228 0.3532
vn 0.1679 0.9153 0.3660
vn 0.1821 0.9095 0.3738
vn 0.1798 0.9075 0.3796
vn 0.1788 0.9050 0.3859
vn 0.1799 0.9076 0.3795
vn 0.1773 0.9027 0.3920
vn 0.1763 0.9002 0.3981
vn 0.1774 0.9028 0.3919
vn 0.1757 0.8976 0.4043
vn 0.1747 0.8950 0.4104
vn 0.1757 0.8975 0.4044
vn 0.1618 0.9033 0.3973
vn 0.1609 0.9008 0.4034
vn 0.1618 0.9033 0.3972
vn 0.1484 0.9115 0.3836
vn 0.1467 0.9064 0.3961
vn 0.1475 0.9090 0.3897
vn 0.1336 0.9170 0.3758
vn 0.1320 0.9119 0.3885
vn 0.1321 0.9120 0.3884
vn 0.1325 0.9175 0.3750
vn 0.1497 0.9195 0.3635
vn 0.1485 0.9172 0.3698
vn 0.1637 0.9363 0.3106
vn 0.1629 0.9344 0.3167
vn 0.1759 0.9293 0.3248
vn 0.1620 0.9315 0.3256
vn 0.1612 0.9294 0.3319
vn 0.1748 0.9241 0.3399
vn 0.1490 0.9441 0.2942
vn 0.1634 0.9398 0.3002
vn 0.1757 0.9349 0.3083
vn 0.1871 0.9302 0.3158
vn 0.1881 0.9242 0.3323
vn 0.1877 0.9187 0.3475
vn 0.1856 0.9138 0.3613
vn 0.1720 0.9194 0.3536
vn 0.1586 0.9270 0.3399
vn 0.1578 0.9250 0.3456
vn 0.1586 0.9270 0.3398
vn 0.1409 0.9295 0.3408
vn 0.1459 0.9340 0.3261
vn 0.1495 0.9386 0.3110
vn 0.1568 0.9574 0.2425
vn 0.1692 0.9566 0.2372
vn 0.1564 0.9574 0.2427
vn 0.1679 0.9542 0.2475
vn 0.1788 0.9526 0.2460
vn 0.1671 0.9533 0.2515
vn 0.1606 0.9525 0.2586
vn 0.1600 0.9514 0.2631
vn 0.1625 0.9517 0.2606
vn 0.1718 0.9471 0.2713
vn 0.1829 0.9467 0.2652
vn 0.1712 0.9471 0.2716
vn 0.1404 0.9672 0.2119
vn 0.1546 0.9657 0.2086
vn 0.1520 0.9632 0.2217
vn 0.1521 0.9633 0.2213
vn 0.1753 0.9542 0.2423
vn 0.1791 0.9527 0.2457
vn 0.2184 0.9356 0.2773
vn 0.1770 0.9494 0.2596
vn 0.1821 0.9429 0.2790
vn 0.1950 0.9412 0.2759
vn 0.1815 0.9429 0.2794
vn 0.1856 0.9364 0.2978
vn 0.1963 0.9362 0.2915
vn 0.1849 0.9364 0.2982
vn 0.1741 0.9409 0.2906
vn 0.1624 0.9455 0.2824
vn 0.1480 0.9501 0.2747
vn 0.1529 0.9540 0.2578
vn 0.1528 0.9540 0.2579
vn 0.1390 0.9618 0.2358
vn 0.2951 0.9521 0.0805
vn 0.2748 0.9364 0.2182
vn 0.2955 0.9391 0.1752
vn 0.3256 0.9047 0.2748
vn 0.3247 0.9054 0.2735
vn 0.3245 0.9057 0.2728
vn 0.2087 0.9705 -0.1211
vn 0.2050 0.9758 -0.0758
vn 0.1546 0.9880 -0.0058
vn 0.1588 0.9840 0.0807
vn 0.3045 0.9114 0.2767
vn 0.3060 0.8943 0.3264
vn 0.3089 0.8922 0.3294
vn 0.3072 0.8921 0.3313
vn 0.3077 0.8910 0.3338
vn 0.3035 0.8919 0.3353
vn 0.2894 0.9152 0.2806
vn 0.1894 0.9568 0.2205
vn 0.1852 0.9586 0.2165
vn 0.1853 0.9585 0.2165
vn 0.1354 0.9738 0.1827
vn 0.1338 0.9730 0.1882
vn 0.1339 0.9730 0.1880
vn 0.1506 0.9786 0.1400
vn 0.1541 0.9793 0.1310
vn 0.1540 0.9793 0.1311
vn 0.2282 0.9734 0.0195
vn -0.0894 0.9947 0.0517
vn 0.0195 0.9965 0.0818
vn -0.0918 0.9897 0.1099
vn -0.0487 0.9874 0.1505
vn -0.0116 0.9999 0.0007
vn 0.0127 0.9996 0.0233
vn 0.0389 0.9987 0.0334
vn 0.1088 0.9930 -0.0469
vn 0.0864 0.9937 0.0710
vn 0.0865 0.9937 0.0708
vn 0.0817 0.9934 0.0806
vn 0.0942 0.9856 0.1407
vn 0.0633 0.9803 0.1873
vn -0.0274 0.9693 0.2444
vn -0.0341 0.9809 0.1914
vn -0.0781 0.9959 0.0452
vn -0.0398 0.9992 -0.0081
vn -0.0405 0.9991 -0.0081
vn -0.0407 0.9991 -0.0081
vn -0.0638 0.9974 -0.0340
vn 0.0088 0.9241 0.3821
vn 0.0505 0.9212 0.3859
vn -0.0249 0.8888 0.4576
vn -0.0255 0.8890 0.4572
vn -0.0254 0.8890 0.4572
vn 0.0699 0.8835 0.4633
vn -0.0498 0.9921 0.1153
vn -0.0448 0.9551 0.2928
vn 0.0546 0.9468 0.3173
vn 0.0550 0.9468 0.3172
vn 0.0551 0.9468 0.3172
vn 0.0652 0.9620 0.2651
vn 0.1262 0.9401 0.3168
vn 0.1261 0.9401 0.3168
vn 0.1452 0.9329 0.3296
vn 0.1443 0.9335 0.3283
vn 0.1446 0.9338 0.3272
vn 0.1168 0.9343 0.3369
vn -0.0528 0.8460 0.5306
vn -0.0548 0.8839 0.4645
vn -0.0116 0.9725 0.2325
vn 0.0562 0.9750 0.2150
vn 0.0571 0.9751 0.2144
vn 0.0590 0.9751 0.2138
vn 0.0334 0.9812 0.1903
vn 0.0269 0.9811 0.1917
vn 0.0265 0.9811 0.1918
vn 0.0223 0.8600 0.5099
vn 0.0243 0.8559 0.5166
vn 0.0219 0.8553 0.5177
vn 0.0225 0.8647 0.5018
vn 0.0247 0.8605 0.5089
vn 0.0357 0.8538 0.5194
vn 0.0342 0.8623 0.5053
vn 0.0362 0.8583 0.5119
vn 0.0099 0.8575 0.5145
vn 0.0026 0.8557 0.5174
vn 0.0095 0.8528 0.5222
vn 0.0101 0.8622 0.5064
vn 0.0026 0.8604 0.5096
vn 0.0102 0.8671 0.4981
vn 0.0026 0.8651 0.5015
vn 0.0102 0.8718 0.4897
vn 0.0026 0.8699 0.4933
vn 0.0224 0.8694 0.4936
vn 0.0150 0.8678 0.4967
vn 0.0342 0.8669 0.4972
vn 0.0363 0.8628 0.5042
vn 0.0455 0.8644 0.5007
vn 0.0475 0.8605 0.5072
vn 0.0471 0.8561 0.5147
vn 0.0464 0.8517 0.5219
vn 0.0455 0.8484 0.5275
vn 0.0429 0.8467 0.5303
vn 0.0262 0.8521 0.5227
vn 0.0323 0.8488 0.5278
vn 0.0147 0.8539 0.5202
vn 0.0212 0.8508 0.5251
vn 0.0234 0.8786 0.4769
vn 0.0250 0.8743 0.4848
vn 0.0225 0.8741 0.4853
vn 0.0259 0.8823 0.4700
vn 0.0252 0.8822 0.4702
vn 0.0370 0.8718 0.4885
vn 0.0397 0.8794 0.4744
vn 0.0393 0.8760 0.4807
vn 0.0102 0.8765 0.4813
vn 0.0025 0.8745 0.4850
vn 0.0105 0.8812 0.4726
vn 0.0025 0.8791 0.4766
vn -0.0000 0.8837 0.4681
vn 0.0014 0.8834 0.4686
vn -0.0000 0.8888 0.4582
vn 0.0161 0.8858 0.4637
vn 0.0174 0.8856 0.4642
vn 0.0314 0.8827 0.4689
vn 0.0415 0.8833 0.4670
vn 0.0461 0.8795 0.4736
vn 0.0571 0.8771 0.4769
vn 0.0517 0.8733 0.4845
vn 0.0486 0.8693 0.4919
vn 0.0476 0.8650 0.4995
vn 0.0269 0.8702 0.4920
vn 0.0148 0.8724 0.4886
vn 0.0204 0.8974 0.4407
vn 0.0215 0.9044 0.4261
vn 0.0395 0.8932 0.4478
vn 0.0415 0.8999 0.4342
vn -0.0000 0.8947 0.4466
vn -0.0000 0.9015 0.4329
vn -0.0000 0.9088 0.4172
vn -0.0000 0.9164 0.4003
vn 0.0217 0.9118 0.4100
vn 0.0419 0.9071 0.4188
vn 0.0607 0.9023 0.4268
vn 0.0600 0.8953 0.4414
vn 0.0572 0.8890 0.4543
vn 0.0583 0.8887 0.4547
vn 0.0678 0.8863 0.4581
vn 0.0524 0.8837 0.4650
vn 0.0525 0.8827 0.4669
vn 0.0601 0.8819 0.4676
vn 0.0360 0.8875 0.4594
vn 0.0371 0.8873 0.4598
vn 0.0457 0.8853 0.4627
vn 0.0185 0.8912 0.4533
vn 0.0204 0.9265 0.3758
vn 0.0196 0.9332 0.3589
vn 0.0397 0.9219 0.3855
vn 0.0383 0.9287 0.3688
vn -0.0000 0.9238 0.3828
vn -0.0000 0.9308 0.3654
vn -0.0000 0.9374 0.3484
vn -0.0000 0.9434 0.3318
vn 0.0187 0.9394 0.3423
vn 0.0369 0.9352 0.3522
vn 0.0544 0.9307 0.3617
vn 0.0562 0.9241 0.3781
vn 0.0579 0.9171 0.3944
vn 0.0596 0.9098 0.4108
vn 0.0410 0.9146 0.4023
vn 0.0212 0.9193 0.3930
vn 0.0176 0.9504 0.3105
vn 0.0378 0.9611 0.2736
vn 0.0380 0.9638 0.2638
vn 0.0380 0.9637 0.2643
vn 0.0836 0.9442 0.3186
vn 0.0839 0.9441 0.3188
vn 0.0877 0.9430 0.3210
vn 0.1665 0.9483 0.2701
vn -0.0000 0.9489 0.3157
vn -0.0000 0.9539 0.3001
vn -0.0000 0.9586 0.2846
vn -0.0000 0.9680 0.2510
vn 0.0957 0.9794 0.1778
vn 0.1575 0.9623 0.2219
vn 0.1637 0.9266 0.3384
vn 0.2072 0.9084 0.3631
vn 0.1984 0.9098 0.3646
vn 0.1984 0.9104 0.3630
vn 0.1857 0.9121 0.3656
vn 0.1848 0.9121 0.3659
vn 0.0856 0.9278 0.3631
vn 0.0355 0.9412 0.3360
vn 0.0179 0.9452 0.3260
vn 0.0244 0.9982 0.0551
vn 0.0132 0.9998 0.0165
vn 0.0133 0.9998 0.0166
vn 0.0545 0.9965 0.0635
vn 0.0226 0.9997 -0.0086
vn 0.0147 0.9999 -0.0040
vn 0.0137 0.9999 -0.0037
vn 0.0078 0.9857 0.1681
vn 0.0229 0.9949 0.0982
vn 0.0125 0.9948 0.1012
vn 0.0115 0.9948 0.1015
vn -0.0089 0.9971 0.0750
vn 0.0140 0.9983 0.0557
vn -0.0000 0.9983 0.0585
vn -0.0012 0.9983 0.0588
vn 0.0268 0.9995 0.0195
vn 0.0126 0.9998 0.0165
vn 0.0179 0.9998 -0.0105
vn 0.0181 0.9998 -0.0104
vn 0.0796 0.9955 0.0517
vn 0.0870 0.9950 0.0498
vn 0.0883 0.9949 0.0494
vn 0.0353 0.9964 0.0765
vn 0.0932 0.9833 0.1564
vn 0.1599 0.9533 0.2561
vn 0.0901 0.9823 0.1643
vn 0.0909 0.9907 0.1012
vn 0.0810 0.9913 0.1042
vn 0.0800 0.9913 0.1045
vn 0.0006 0.8285 0.5600
vn 0.0024 0.8287 0.5597
vn 0.0007 0.8285 0.5600
vn 0.0022 0.8287 0.5598
vn 0.0055 0.8289 0.5594
vn 0.0026 0.8286 0.5598
vn 0.0061 0.8288 0.5596
vn 0.0005 0.8285 0.5600
vn 0.0019 0.8287 0.5598
vn 0.0049 0.8289 0.5594
vn 0.0083 0.8293 0.5587
vn 0.0042 0.8289 0.5593
vn 0.0098 0.8292 0.5589
vn 0.0111 0.8291 0.5590
vn 0.0121 0.8286 0.5598
vn 0.0013 0.8291 0.5592
vn 0.0008 0.8286 0.5598
vn 0.0003 0.8291 0.5592
vn 0.0021 0.8291 0.5592
vn 0.0012 0.8287 0.5598
vn 0.0002 0.8285 0.5600
vn 0.0016 0.8287 0.5598
vn 0.0003 0.8285 0.5600
vn 0.0016 0.8294 0.5587
vn 0.0001 0.8290 0.5592
vn 0.0009 0.8297 0.5582
vn 0.0032 0.8296 0.5584
vn 0.0066 0.8295 0.5585
vn 0.0004 0.8285 0.5600
vn -0.0000 0.8284 0.5601
vn 0.0001 0.8285 0.5600
vn 0.0003 0.8287 0.5596
vn 0.0284 0.8316 0.5546
vn 0.0241 0.8299 0.5575
vn 0.0206 0.8304 0.5568
vn 0.0340 0.8309 0.5554
vn 0.0265 0.8288 0.5589
vn 0.0151 0.8294 0.5584
vn 0.0132 0.8296 0.5581
vn 0.0164 0.8296 0.5582
vn 0.0322 0.8342 0.5505
vn 0.0224 0.8325 0.5536
vn 0.0397 0.8331 0.5517
vn 0.0469 0.8319 0.5529
vn 0.0381 0.8293 0.5576
vn 0.0539 0.8298 0.5555
vn 0.0547 0.8267 0.5599
vn 0.0348 0.8244 0.5650
vn 0.0282 0.8268 0.5618
vn 0.0109 0.8299 0.5578
vn 0.0167 0.8309 0.5562
vn 0.0450 0.8419 0.5378
vn 0.0586 0.8368 0.5444
vn 0.0499 0.8384 0.5428
vn 0.0544 0.8400 0.5398
vn 0.0671 0.8347 0.5466
vn 0.0536 0.8341 0.5491
vn 0.0454 0.8355 0.5477
vn 0.0614 0.8319 0.5515
vn 0.0445 0.8434 0.5355
vn 0.0506 0.8409 0.5388
vn 0.0467 0.8458 0.5314
vn 0.0611 0.8417 0.5365
vn 0.0565 0.8438 0.5337
vn 0.0713 0.8380 0.5409
vn 0.0701 0.8400 0.5380
vn 0.0658 0.8417 0.5360
vn 0.0735 0.8375 0.5414
vn 0.0703 0.8360 0.5442
vn 0.0652 0.8334 0.5488
vn 0.0651 0.8290 0.5555
vn 0.0370 0.8368 0.5462
vn 0.0329 0.8401 0.5415
vn 0.0475 0.8388 0.5424
vn 0.0665 0.8549 0.5144
vn 0.0677 0.8516 0.5198
vn 0.0656 0.8506 0.5216
vn 0.0763 0.8525 0.5171
vn 0.0773 0.8494 0.5221
vn 0.0665 0.8475 0.5266
vn 0.0651 0.8478 0.5263
vn 0.0759 0.8454 0.5287
vn 0.0495 0.8612 0.5059
vn 0.0670 0.8594 0.5070
vn 0.0602 0.8589 0.5086
vn 0.0771 0.8568 0.5099
vn 0.0695 0.8553 0.5134
vn 0.0869 0.8542 0.5126
vn 0.0804 0.8543 0.5134
vn 0.0867 0.8513 0.5174
vn 0.0787 0.8490 0.5225
vn 0.0782 0.8466 0.5265
vn 0.0765 0.8428 0.5327
vn 0.0822 0.8416 0.5339
vn 0.0731 0.8434 0.5323
vn 0.0559 0.8454 0.5312
vn 0.0632 0.8439 0.5327
vn 0.0487 0.8526 0.5204
vn 0.0494 0.8568 0.5133
vn 0.0661 0.8698 0.4890
vn 0.0753 0.8676 0.4916
vn 0.0716 0.8675 0.4922
vn 0.0726 0.8721 0.4838
vn 0.0774 0.8659 0.4942
vn 0.0708 0.8641 0.4984
vn 0.0680 0.8637 0.4994
vn 0.0819 0.8622 0.4999
vn 0.0609 0.8761 0.4783
vn 0.0737 0.8729 0.4823
vn 0.0782 0.8717 0.4837
vn 0.0807 0.8753 0.4769
vn 0.0848 0.8689 0.4877
vn 0.0926 0.8690 0.4860
vn 0.0935 0.8713 0.4817
vn 0.1048 0.8659 0.4890
vn 0.0957 0.8633 0.4955
vn 0.0794 0.8575 0.5083
vn 0.0806 0.8572 0.5086
vn 0.0712 0.8607 0.5040
vn 0.0606 0.8632 0.5013
vn 0.0497 0.8655 0.4984
vn 0.0514 0.8696 0.4911
vn 0.0551 0.8734 0.4839
vn 0.0932 0.8861 0.4541
vn 0.0942 0.8858 0.4544
vn 0.1042 0.8828 0.4581
vn 0.1082 0.8815 0.4595
vn 0.1067 0.8790 0.4648
vn 0.1181 0.8784 0.4631
vn 0.0893 0.8805 0.4655
vn 0.0879 0.8789 0.4689
vn 0.0969 0.8783 0.4681
vn 0.1038 0.8763 0.4705
vn 0.1015 0.8743 0.4746
vn 0.1103 0.8743 0.4726
vn 0.0782 0.8975 0.4341
vn 0.0944 0.8927 0.4407
vn 0.1096 0.8879 0.4468
vn 0.1239 0.8834 0.4519
vn 0.1238 0.8832 0.4524
vn 0.1255 0.8891 0.4402
vn 0.1221 0.8771 0.4646
vn 0.1229 0.8768 0.4649
vn 0.1310 0.8741 0.4677
vn 0.1180 0.8720 0.4751
vn 0.1267 0.8724 0.4720
vn 0.1165 0.8692 0.4805
vn 0.1034 0.8721 0.4783
vn 0.0826 0.8761 0.4749
vn 0.0871 0.8749 0.4764
vn 0.0680 0.8799 0.4702
vn 0.0687 0.8798 0.4704
vn 0.0739 0.8784 0.4721
vn 0.0738 0.8848 0.4602
vn 0.0747 0.8845 0.4605
vn 0.0828 0.8823 0.4633
vn 0.0772 0.8907 0.4480
vn 0.0896 0.9143 0.3950
vn 0.1052 0.9093 0.4027
vn 0.0915 0.9073 0.4105
vn 0.1069 0.9023 0.4177
vn 0.0721 0.9257 0.3712
vn 0.0883 0.9209 0.3797
vn 0.1045 0.9212 0.3748
vn 0.1033 0.9160 0.3876
vn 0.1033 0.9161 0.3873
vn 0.1184 0.9109 0.3953
vn 0.1200 0.9042 0.4100
vn 0.1215 0.8973 0.4244
vn 0.1230 0.8902 0.4387
vn 0.1086 0.8951 0.4325
vn 0.0933 0.9000 0.4259
vn 0.0770 0.9049 0.4186
vn 0.0752 0.9122 0.4028
vn 0.0733 0.9192 0.3868
vn 0.1716 0.8846 0.4336
vn 0.1717 0.8840 0.4348
vn 0.1715 0.8849 0.4331
vn 0.2224 0.8551 0.4683
vn 0.2328 0.8543 0.4647
vn 0.2338 0.8542 0.4644
vn 0.1768 0.8997 0.3991
vn 0.2264 0.8692 0.4396
vn 0.1322 0.9084 0.3967
vn 0.1402 0.9089 0.3927
vn 0.1418 0.9082 0.3937
vn 0.1885 0.8848 0.4261
vn 0.1973 0.8740 0.4440
vn 0.2324 0.8743 0.4260
vn 0.2330 0.8741 0.4263
vn 0.2392 0.8708 0.4294
vn 0.2527 0.8407 0.4789
vn 0.2454 0.8405 0.4830
vn 0.2477 0.8412 0.4807
vn 0.2530 0.8406 0.4789
vn 0.2520 0.8346 0.4897
vn 0.1694 0.8721 0.4591
vn 0.1825 0.8864 0.4254
vn 0.1596 0.9071 0.3894
vn 0.1183 0.9221 0.3684
vn 0.1170 0.9173 0.3806
vn 0.1170 0.9174 0.3804
vn 0.1024 0.9222 0.3729
vn 0.1312 0.9085 0.3967
vn 0.1320 0.9117 0.3892
vn 0.1277 0.8366 0.5327
vn 0.0157 0.7506 0.6606
vn 0.0213 0.7522 0.6586
vn 0.0155 0.7505 0.6606
vn 0.2851 0.8145 0.5052
vn 0.1878 0.7310 0.6560
vn 0.0764 0.9682 0.2383
vn -0.0473 0.8539 0.5183
vn -0.0472 0.7960 0.6035
vn 0.0672 0.9202 0.3857
vn 0.0663 0.8839 0.4629
vn 0.0954 0.8524 0.5141
vn 0.1771 0.8457 0.5034
vn 0.3162 0.7466 0.5853
vn 0.3261 0.7973 0.5080
vn 0.2146 0.8930 0.3955
vn 0.1831 0.9372 0.2968
vn 0.1401 0.9621 0.2339
vn 0.0623 0.9969 -0.0488
vn 0.0557 0.9946 -0.0870
vn 0.0639 0.9940 -0.0884
vn 0.0649 0.9940 -0.0885
vn 0.1000 0.9948 -0.0167
vn 0.0504 0.9982 -0.0339
vn 0.0138 0.9983 0.0564
vn 0.0131 0.9984 0.0559
vn -0.0058 0.9997 0.0248
vn -0.0029 0.9990 -0.0435
vn 0.0343 0.9958 -0.0848
vn 0.0312 0.9959 -0.0843
vn 0.0308 0.9960 -0.0843
vn 0.0358 0.9939 -0.1040
vn -0.0541 0.9978 -0.0374
vn 0.0052 0.9958 -0.0919
vn -0.0348 0.9992 -0.0198
vn -0.0356 0.9992 -0.0155
vn -0.0356 0.9992 -0.0156
vn 0.0505 0.9922 0.1144
vn 0.1172 0.9903 0.0745
vn 0.1235 0.9923 -0.0013
vn 0.1232 0.9924 -0.0014
vn 0.1237 0.9923 -0.0012
vn 0.0292 0.9993 0.0230
vn 0.0236 0.9995 0.0188
vn -0.0076 0.9998 -0.0174
vn 0.0356 0.9960 -0.0817
vn -0.0730 0.9959 -0.0541
vn -0.0284 0.9911 -0.1301
vn -0.0286 0.9911 -0.1303
vn -0.0337 0.9902 -0.1354
vn -0.0112 0.9982 -0.0594
vn -0.0011 0.9990 -0.0446
vn 0.0205 0.9984 -0.0520
vn 0.0152 0.9985 -0.0534
vn 0.0197 0.9982 -0.0569
vn 0.0110 0.9990 -0.0423
vn 0.0109 0.9951 -0.0987
vn 0.0105 0.9950 -0.0991
vn 0.0026 0.9942 -0.1073
vn -0.0217 0.9940 -0.1073
vn -0.0222 0.9939 -0.1078
vn -0.0243 0.9933 -0.1129
vn -0.0383 0.9926 -0.1152
vn -0.0393 0.9926 -0.1152
vn -0.0948 0.9867 -0.1317
vn -0.0460 0.9947 -0.0916
vn -0.0470 0.9946 -0.0926
vn -0.0469 0.9946 -0.0925
vn -0.0000 0.9930 -0.1178
vn -0.0345 0.9944 -0.1004
vn -0.0437 0.9930 -0.1095
vn -0.0348 0.9943 -0.1006
vn -0.0163 0.9991 -0.0380
vn 0.0185 0.8425 0.5384
vn 0.0192 0.8396 0.5429
vn 0.0030 0.8410 0.5410
vn 0.0201 0.8465 0.5321
vn 0.0212 0.8431 0.5373
vn 0.0283 0.8382 0.5446
vn 0.0308 0.8446 0.5345
vn 0.0312 0.8416 0.5392
vn 0.0072 0.8403 0.5421
vn 0.0027 0.8378 0.5460
vn 0.0060 0.8370 0.5472
vn 0.0083 0.8441 0.5362
vn -0.0000 0.8461 0.5330
vn 0.0015 0.8459 0.5333
vn 0.0025 0.8512 0.5249
vn 0.0099 0.8491 0.5282
vn 0.0142 0.8495 0.5274
vn 0.0246 0.8467 0.5315
vn 0.0359 0.8461 0.5317
vn 0.0415 0.8439 0.5349
vn 0.0245 0.8353 0.5492
vn 0.0113 0.8368 0.5474
vn 0.0018 0.8326 0.5539
vn 0.0052 0.8305 0.5570
vn 0.0014 0.8309 0.5565
vn 0.0022 0.8349 0.5505
vn 0.0073 0.8320 0.5547
vn 0.0084 0.8302 0.5574
vn 0.0094 0.8341 0.5516
vn 0.0123 0.8314 0.5555
vn 0.0026 0.8305 0.5570
vn 0.0036 0.8321 0.5546
vn 0.0049 0.8343 0.5513
vn 0.0162 0.8333 0.5527
vn 0.0803 0.9703 -0.2283
vn 0.0902 0.9784 -0.1859
vn 0.0550 0.9719 -0.2290
vn 0.0548 0.9718 -0.2293
vn 0.0504 0.9718 -0.2302
vn 0.0570 0.9790 -0.1956
vn 0.0572 0.9790 -0.1959
vn 0.0520 0.9811 -0.1866
vn 0.0732 0.9612 -0.2659
vn 0.0724 0.9611 -0.2667
vn 0.0725 0.9611 -0.2666
vn 0.0998 0.9723 -0.2112
vn 0.1193 0.9809 -0.1534
vn 0.0961 0.9877 -0.1235
vn 0.0985 0.9876 -0.1222
vn 0.0901 0.9871 -0.1322
vn 0.0968 0.9866 -0.1315
vn 0.0806 0.9878 -0.1333
vn 0.0877 0.9872 -0.1329
vn 0.1014 0.9785 -0.1797
vn 0.0582 0.9680 -0.2439
vn 0.0609 0.9679 -0.2438
vn 0.0611 0.9679 -0.2437
vn 0.0471 0.9628 -0.2662
vn 0.0510 0.9625 -0.2664
vn 0.0512 0.9625 -0.2664
vn 0.0424 0.9753 -0.2168
vn 0.0263 0.9731 -0.2291
vn 0.0521 0.9618 -0.2688
vn 0.0468 0.9630 -0.2655
vn 0.0532 0.9633 -0.2631
vn 0.2592 0.9583 -0.1205
vn 0.3034 0.9468 -0.1069
vn 0.0693 0.9913 -0.1120
vn 0.2828 0.9531 -0.1077
vn 0.2810 0.9536 -0.1077
vn 0.2847 0.9526 -0.1076
vn 0.2913 0.9502 -0.1104
vn 0.2871 0.9519 -0.1075
vn 0.2761 0.9551 -0.1074
vn 0.1934 0.9688 -0.1550
vn 0.1973 0.9683 -0.1533
vn 0.1918 0.9691 -0.1552
vn 0.3650 0.9251 -0.1045
vn 0.3696 0.9233 -0.1043
vn 0.3601 0.9270 -0.1047
vn 0.1954 0.9745 -0.1101
vn 0.1422 0.9772 -0.1579
vn 0.1451 0.9769 -0.1568
vn 0.1413 0.9772 -0.1583
vn 0.3207 0.9412 -0.1063
vn 0.3410 0.9341 -0.1055
vn 0.3345 0.9364 -0.1058
vn 0.3476 0.9317 -0.1052
vn 0.3725 0.9222 -0.1042
vn 0.2431 0.9587 -0.1476
vn 0.2476 0.9582 -0.1436
vn 0.2220 0.9639 -0.1469
vn 0.3003 0.9478 -0.1071
vn 0.2940 0.9498 -0.1073
vn 0.3068 0.9457 -0.1068
vn 0.3217 0.9409 -0.1063
vn 0.3275 0.9389 -0.1060
vn 0.3157 0.9429 -0.1065
vn 0.3566 0.9283 -0.1049
vn 0.3528 0.9298 -0.1050
vn 0.3506 0.9306 -0.1051
vn 0.3481 0.9315 -0.1052
vn 0.3726 0.9221 -0.1042
vn 0.3756 0.9209 -0.1040
vn 0.2561 0.9574 -0.1332
vn 0.3045 0.9465 -0.1070
vn 0.3158 0.9428 -0.1065
vn 0.2788 0.9543 -0.1078
vn 0.2848 0.9525 -0.1076
vn 0.2723 0.9561 -0.1080
vn 0.3006 0.9477 -0.1076
vn 0.3015 0.9474 -0.1070
vn 0.0053 0.9937 -0.1122
vn 0.3316 0.9375 -0.1059
vn 0.3354 0.9361 -0.1057
vn 0.2535 0.9571 -0.1405
vn 0.2533 0.9574 -0.1389
vn 0.2581 0.9559 -0.1399
vn 0.3644 0.9254 -0.1045
vn 0.3595 0.9272 -0.1047
vn 0.3695 0.9233 -0.1043
vn 0.1463 0.9830 -0.1110
vn 0.2468 0.9579 -0.1467
vn 0.2771 0.9548 -0.1078
vn 0.2819 0.9534 -0.1077
vn 0.4224 0.9007 -0.1017
vn 0.2878 0.9516 -0.1075
vn 0.2573 0.9579 -0.1271
vn 0.3629 0.9260 -0.1046
vn 0.3444 0.9329 -0.1054
vn 0.3452 0.9326 -0.1053
vn 0.3436 0.9332 -0.1054
vn 0.3724 0.9222 -0.1042
vn 0.0866 0.9834 -0.1596
vn 0.0876 0.9833 -0.1593
vn 0.0862 0.9833 -0.1600
vn 0.3534 0.9296 -0.1050
vn 0.2751 0.9552 -0.1092
vn 0.2766 0.9547 -0.1100
vn 0.3420 0.9337 -0.1055
vn 0.3405 0.9343 -0.1055
vn 0.3380 0.9352 -0.1056
vn 0.3468 0.9320 -0.1053
vn 0.2215 0.9633 -0.1517
vn 0.2192 0.9638 -0.1521
vn 0.1276 0.9856 -0.1113
vn 0.2696 0.9563 -0.1131
vn 0.2739 0.9550 -0.1138
vn 0.3067 0.9458 -0.1068
vn 0.3042 0.9501 -0.0686
vn 0.3044 0.9501 -0.0686
vn 0.3063 0.9467 -0.0994
vn 0.3064 0.9467 -0.0994
vn 0.3024 0.9512 -0.0608
vn 0.3016 0.9514 -0.0617
vn 0.3002 0.9520 -0.0601
vn 0.3040 0.9470 -0.1036
vn 0.3063 0.9464 -0.1027
vn 0.3043 0.9469 -0.1041
vn 0.2970 0.9472 -0.1207
vn 0.2873 0.9505 -0.1187
vn 0.2982 0.9467 -0.1216
vn 0.2783 0.9525 -0.1239
vn 0.1150 0.9907 -0.0734
vn 0.1124 0.9908 -0.0748
vn 0.1158 0.9906 -0.0730
vn 0.1244 0.9870 -0.1018
vn 0.1292 0.9864 -0.1011
vn 0.1280 0.9854 -0.1123
vn 0.2467 0.9677 -0.0526
vn 0.2453 0.9680 -0.0531
vn 0.2471 0.9676 -0.0524
vn 0.2462 0.9622 -0.1161
vn 0.2487 0.9617 -0.1152
vn 0.2452 0.9624 -0.1165
vn 0.2395 0.9595 -0.1484
vn 0.2418 0.9591 -0.1473
vn 0.2319 0.9600 -0.1569
vn 0.3455 0.9360 -0.0676
vn 0.3454 0.9360 -0.0676
vn 0.3426 0.9370 -0.0677
vn 0.3477 0.9325 -0.0979
vn 0.3503 0.9311 -0.1015
vn 0.3465 0.9325 -0.1016
vn 0.3467 0.9320 -0.1053
vn 0.3380 0.9387 -0.0678
vn 0.3378 0.9388 -0.0678
vn 0.3328 0.9406 -0.0680
vn 0.3401 0.9352 -0.0982
vn 0.3418 0.9342 -0.1018
vn 0.3378 0.9357 -0.1020
vn 0.3409 0.9377 -0.0677
vn 0.3431 0.9342 -0.0981
vn 0.3442 0.9334 -0.1017
vn 0.3044 0.9505 -0.0624
vn 0.3037 0.9506 -0.0634
vn 0.3062 0.9464 -0.1025
vn 0.3014 0.9473 -0.1084
vn 0.2992 0.9470 -0.1171
vn 0.2919 0.9496 -0.1144
vn 0.3445 0.9363 -0.0676
vn 0.3450 0.9362 -0.0676
vn 0.3568 0.9318 -0.0673
vn 0.3470 0.9327 -0.0980
vn 0.3472 0.9327 -0.0979
vn 0.3475 0.9318 -0.1052
vn 0.0917 0.9944 -0.0524
vn 0.0922 0.9944 -0.0522
vn 0.0917 0.9881 -0.1233
vn 0.0932 0.9881 -0.1226
vn 0.0915 0.9881 -0.1234
vn 0.0901 0.9833 -0.1579
vn 0.0913 0.9833 -0.1576
vn 0.0885 0.9820 -0.1671
vn 0.0894 0.9819 -0.1671
vn 0.3727 0.9255 -0.0669
vn 0.3728 0.9255 -0.0669
vn 0.3750 0.9219 -0.0968
vn 0.3722 0.9227 -0.1006
vn 0.3753 0.9214 -0.1004
vn 0.3665 0.9280 -0.0670
vn 0.3668 0.9279 -0.0670
vn 0.3688 0.9244 -0.0971
vn 0.3641 0.9259 -0.1009
vn 0.3427 0.9370 -0.0677
vn 0.3449 0.9335 -0.0980
vn 0.3505 0.9340 -0.0685
vn 0.3491 0.9345 -0.0696
vn 0.3508 0.9339 -0.0683
vn 0.3601 0.9279 -0.0964
vn 0.3625 0.9271 -0.0951
vn 0.3632 0.9258 -0.1053
vn 0.2809 0.9572 -0.0692
vn 0.2810 0.9572 -0.0692
vn 0.2823 0.9568 -0.0691
vn 0.2838 0.9536 -0.1001
vn 0.2823 0.9537 -0.1040
vn 0.2845 0.9530 -0.1039
vn 0.2990 0.9525 -0.0577
vn 0.2984 0.9526 -0.0585
vn 0.2956 0.9536 -0.0571
vn 0.2995 0.9481 -0.1066
vn 0.3025 0.9473 -0.1054
vn 0.3000 0.9480 -0.1067
vn 0.2926 0.9476 -0.1285
vn 0.2837 0.9503 -0.1280
vn 0.2932 0.9471 -0.1301
vn 0.2753 0.9518 -0.1350
vn 0.2791 0.9578 -0.0692
vn 0.2794 0.9577 -0.0692
vn 0.2917 0.9540 -0.0689
vn 0.2813 0.9544 -0.1002
vn 0.2769 0.9553 -0.1041
vn 0.2817 0.9534 -0.1078
vn 0.4111 0.9092 -0.0660
vn 0.4106 0.9094 -0.0664
vn 0.4113 0.9091 -0.0659
vn 0.4202 0.9025 -0.0945
vn 0.4208 0.9023 -0.0936
vn 0.4226 0.9005 -0.1023
vn 0.2699 0.9604 -0.0694
vn 0.2719 0.9571 -0.1005
vn 0.2718 0.9571 -0.1005
vn 0.2822 0.9578 -0.0540
vn 0.2814 0.9580 -0.0547
vn 0.2829 0.9577 -0.0537
vn 0.2824 0.9528 -0.1115
vn 0.2832 0.9526 -0.1108
vn 0.2675 0.9569 -0.1126
vn 0.2711 0.9521 -0.1416
vn 0.2692 0.9521 -0.1449
vn 0.2607 0.9538 -0.1495
vn 0.1325 0.9884 -0.0747
vn 0.1315 0.9886 -0.0732
vn 0.1313 0.9886 -0.0733
vn 0.1422 0.9846 -0.1018
vn 0.1413 0.9848 -0.1013
vn 0.1466 0.9829 -0.1119
vn 0.3564 0.9319 -0.0673
vn 0.3586 0.9284 -0.0975
vn 0.3588 0.9283 -0.0973
vn 0.2908 0.9552 -0.0550
vn 0.2907 0.9552 -0.0558
vn 0.2938 0.9495 -0.1101
vn 0.2955 0.9493 -0.1071
vn 0.2811 0.9498 -0.1377
vn 0.2775 0.9508 -0.1375
vn 0.2822 0.9495 -0.1375
vn 0.2685 0.9523 -0.1451
vn 0.2734 0.9510 -0.1447
vn 0.3330 0.9405 -0.0679
vn 0.3249 0.9433 -0.0682
vn 0.3351 0.9370 -0.0984
vn 0.3313 0.9380 -0.1022
vn -0.0138 0.9968 -0.0786
vn -0.0192 0.9966 -0.0799
vn -0.0109 0.9969 -0.0779
vn -0.0036 0.9952 -0.0980
vn 0.0018 0.9953 -0.0966
vn -0.0065 0.9951 -0.0987
vn 0.3125 0.9476 -0.0657
vn 0.3118 0.9478 -0.0668
vn 0.3077 0.9493 -0.0650
vn 0.3164 0.9432 -0.1010
vn 0.3167 0.9429 -0.1035
vn 0.3068 0.9458 -0.1061
vn 0.3162 0.9426 -0.1070
vn 0.3077 0.9452 -0.1095
vn 0.2827 0.9567 -0.0691
vn 0.2848 0.9533 -0.1001
vn 0.2853 0.9524 -0.1076
vn 0.3159 0.9464 -0.0674
vn 0.3158 0.9464 -0.0681
vn 0.3183 0.9428 -0.0993
vn 0.3284 0.9390 -0.1016
vn 0.3273 0.9390 -0.1056
vn 0.2958 0.9536 -0.0563
vn 0.2957 0.9490 -0.1095
vn 0.2886 0.9482 -0.1326
vn 0.2831 0.9495 -0.1354
vn 0.2722 0.9538 -0.1272
vn 0.3729 0.9255 -0.0669
vn 0.3752 0.9219 -0.0968
vn 0.3724 0.9226 -0.1005
vn 0.3503 0.9342 -0.0675
vn 0.3502 0.9343 -0.0675
vn 0.3525 0.9307 -0.0977
vn 0.3564 0.9288 -0.1012
vn 0.3576 0.9314 -0.0673
vn 0.3574 0.9315 -0.0673
vn 0.3599 0.9279 -0.0974
vn 0.3647 0.9256 -0.1009
vn 0.3252 0.9432 -0.0681
vn 0.3273 0.9398 -0.0987
vn 0.2913 0.9541 -0.0689
vn 0.2933 0.9508 -0.0998
vn 0.2935 0.9507 -0.0998
vn 0.2938 0.9498 -0.1073
vn 0.2674 0.9621 -0.0532
vn 0.2658 0.9625 -0.0538
vn 0.2680 0.9620 -0.0530
vn 0.2671 0.9569 -0.1138
vn 0.2661 0.9571 -0.1142
vn 0.2625 0.9541 -0.1444
vn 0.3617 0.9299 -0.0673
vn 0.3618 0.9298 -0.0672
vn 0.3706 0.9237 -0.0969
vn 0.3706 0.9238 -0.0964
vn 0.3726 0.9221 -0.1047
vn 0.3317 0.9409 -0.0680
vn 0.3319 0.9409 -0.0680
vn 0.3339 0.9375 -0.0984
vn 0.3340 0.9374 -0.0984
vn 0.3343 0.9365 -0.1058
vn 0.3182 0.9456 -0.0683
vn 0.3202 0.9422 -0.0989
vn 0.3207 0.9412 -0.1064
vn 0.1572 0.9862 -0.0522
vn 0.1561 0.9863 -0.0526
vn 0.1576 0.9861 -0.0520
vn 0.1566 0.9802 -0.1212
vn 0.1588 0.9799 -0.1204
vn 0.1558 0.9803 -0.1215
vn 0.1523 0.9760 -0.1555
vn 0.1548 0.9757 -0.1552
vn 0.1478 0.9753 -0.1644
vn 0.1503 0.9749 -0.1641
vn 0.1797 0.9810 -0.0733
vn 0.1799 0.9810 -0.0731
vn 0.1914 0.9764 -0.1002
vn 0.1900 0.9767 -0.0999
vn 0.1958 0.9743 -0.1110
vn 0.3670 0.9278 -0.0670
vn 0.3693 0.9242 -0.0971
vn 0.2140 0.9754 -0.0523
vn 0.2128 0.9757 -0.0527
vn 0.2145 0.9753 -0.0521
vn 0.2135 0.9697 -0.1185
vn 0.2161 0.9693 -0.1176
vn 0.2126 0.9699 -0.1189
vn 0.2079 0.9663 -0.1520
vn 0.2111 0.9656 -0.1516
vn 0.2015 0.9662 -0.1607
vn 0.2047 0.9657 -0.1599
vn 0.3081 0.9492 -0.0640
vn 0.3105 0.9452 -0.1011
vn 0.2875 0.9511 -0.1128
vn 0.2749 0.9590 -0.0693
vn 0.2750 0.9589 -0.0693
vn 0.2797 0.9548 -0.1003
vn 0.2798 0.9548 -0.1000
vn 0.0528 0.9957 -0.0761
vn 0.0497 0.9958 -0.0773
vn 0.0543 0.9957 -0.0756
vn 0.0637 0.9929 -0.1001
vn 0.0718 0.9922 -0.1021
vn 0.0670 0.9919 -0.1083
vn 0.2946 0.9531 -0.0689
vn 0.3017 0.9482 -0.0996
vn 0.3017 0.9482 -0.0992
vn 0.3035 0.9468 -0.1074
vn 0.3010 0.9518 -0.0592
vn 0.3022 0.9475 -0.1049
vn 0.2951 0.9473 -0.1245
vn 0.2769 0.9521 -0.1294
vn 0.2871 0.9492 -0.1290
vn -0.0000 -0.0000 -1.0000
vn -0.0583 -0.0000 0.9983
vn -0.0587 -0.0000 0.9983
vn -0.0673 -0.0000 0.9977
vn 0.4582 -0.0000 -0.8889
vn 0.4418 -0.0000 -0.8971
vn 0.4145 -0.0000 -0.9101
vn -0.4032 -0.0000 0.9151
vn 0.3671 -0.0000 -0.9302
vn -0.4370 -0.0000 0.8994
vn -0.5072 -0.0000 -0.8618
vn -0.5071 -0.0000 -0.8619
vn -0.5112 -0.0000 -0.8595
vn -0.3950 -0.0000 0.9187
vn -0.6193 -0.0000 -0.7852
vn -0.3495 -0.0000 0.9369
vn -0.7886 -0.0000 -0.6149
vn -0.4143 -0.0000 0.9102
vn -0.5216 -0.0000 0.8532
vn -0.6503 -0.0000 0.7597
vn -0.3628 -0.0000 0.9318
vn -0.1292 -0.0000 0.9916
vn -0.1901 -0.0000 0.9818
vn -0.0144 -0.0000 0.9999
vn -0.0145 -0.0000 0.9999
vn -0.0973 -0.0000 0.9953
vn -0.0977 -0.0000 0.9952
vn -0.2700 -0.0000 0.9629
vn -0.0964 -0.0000 0.9953
vn -0.0959 -0.0000 0.9954
vn -0.0938 -0.0000 0.9956
vn -0.0621 -0.0000 -0.9981
vn -0.0939 -0.0000 0.9956
vn -0.0926 -0.0000 0.9957
vn -0.4645 -0.0000 -0.8856
vn -0.0998 -0.0000 0.9950
vn -0.0993 -0.0000 0.9951
vn -0.7162 -0.0000 -0.6979
vn 0.0127 -0.0000 -0.9999
vn -0.0923 -0.0000 0.9957
vn -0.7821 -0.0000 -0.6231
vn 0.9457 -0.0000 -0.3250
vn 0.9477 -0.0000 -0.3192
vn 0.9462 -0.0000 -0.3234
vn -0.1141 -0.0000 0.9935
vn -0.1134 -0.0000 0.9935
vn -0.1088 -0.0000 0.9941
vn 0.9285 -0.0000 -0.3712
vn -0.1096 -0.0000 0.9940
vn -0.1040 -0.0000 0.9946
vn 0.8805 -0.0000 -0.4740
vn 1.0000 -0.0000 -0.0000
vn -0.1185 -0.0000 0.9930
vn -0.1178 -0.0000 0.9930
vn 0.7697 -0.0000 -0.6384
vn -0.1046 -0.0000 0.9945
vn 0.8683 -0.0000 0.4960
vn -0.1240 -0.0000 0.9923
vn -0.1243 -0.0000 0.9922
vn 0.9989 -0.0000 -0.0461
vn -0.1216 -0.0000 0.9926
vn 0.9588 -0.0000 -0.2841
vn -0.1222 -0.0000 0.9925
vn 0.0102 -0.0000 0.9999
vn 0.9482 -0.0000 -0.3176
vn 0.0921 -0.0000 -0.9957
vn -0.1147 -0.0000 0.9934
vn -0.1137 -0.0000 0.9935
vn -0.1151 -0.0000 0.9934
vn 0.2626 -0.0000 -0.9649
vn -0.1156 -0.0000 0.9933
vn -0.1186 -0.0000 0.9929
vn -1.0000 -0.0000 -0.0000
vn 0.1120 -0.0000 -0.9937
vn -0.1128 -0.0000 0.9936
vn 0.2836 -0.0000 -0.9590
vn -0.1181 -0.0000 0.9930
vn 0.0314 -0.0000 0.9995
vn 0.0313 -0.0000 0.9995
vn 0.1776 -0.0000 -0.9841
vn -0.1093 -0.0000 0.9940
vn -0.1097 -0.0000 0.9940
vn -0.1115 -0.0000 0.9938
vn -0.7393 -0.0000 -0.6733
vn 0.0758 -0.0000 -0.9971
vn -0.1118 -0.0000 0.9937
vn -0.1120 -0.0000 0.9937
vn -0.6500 -0.0000 -0.7599
vn -0.6501 -0.0000 -0.7598
vn 0.0058 -0.0000 -1.0000
vn 0.0117 -0.0000 -0.9999
vn 0.0059 -0.0000 -1.0000
vn -0.1065 -0.0000 0.9943
vn -0.1070 -0.0000 0.9943
vn -0.6498 -0.0000 -0.7601
vn -0.6500 -0.0000 -0.7600
vn -0.1127 -0.0000 0.9936
vn -0.0924 -0.0000 0.9957
vn -0.0929 -0.0000 0.9957
vn -0.0980 -0.0000 0.9952
vn -0.0045 -0.0000 1.0000
vn -0.0047 -0.0000 1.0000
vn -0.1029 -0.0000 0.9947
vn 0.0252 -0.0000 0.9997
vn -0.0882 -0.0000 0.9961
vn -0.0887 -0.0000 0.9961
vn -0.1023 -0.0000 0.9948
vn -0.0812 -0.0000 0.9967
vn -0.0811 -0.0000 0.9967
vn -0.0829 -0.0000 0.9966
vn -0.0830 -0.0000 0.9966
vn -0.0855 -0.0000 0.9963
vn -0.0794 -0.0000 0.9968
vn -0.0792 -0.0000 0.9969
vn -0.6080 -0.0000 -0.7939
vn -0.0854 -0.0000 0.9964
vn -0.5110 -0.0000 -0.8596
vn -0.0717 -0.0000 0.9974
vn -0.0720 -0.0000 0.9974
vn -0.0755 -0.0000 0.9971
vn 0.2475 -0.0000 -0.9689
vn -0.0752 -0.0000 0.9972
vn -0.0780 -0.0000 0.9970
vn 0.5272 -0.0000 -0.8497
vn -0.0667 -0.0000 0.9978
vn 0.6791 -0.0000 -0.7341
vn -0.0779 -0.0000 0.9970
vn 0.5710 -0.0000 -0.8210
vn -0.0268 -0.0000 0.9996
vn -0.0433 -0.0000 0.9991
vn -0.2987 -0.9357 -0.1876
vn -0.2691 -0.9573 -0.1053
vn -0.2588 -0.9215 -0.2895
vn -0.2100 -0.9509 -0.2273
vn -0.1920 -0.9355 -0.2966
vn -0.2006 -0.9553 -0.2173
vn -0.2681 -0.9614 -0.0617
vn -0.1967 -0.9694 0.1466
vn -0.1524 -0.9872 0.0465
vn -0.1188 -0.9902 -0.0737
vn -0.2322 -0.9313 -0.2807
vn -0.2283 -0.9322 -0.2809
vn -0.0161 -0.9939 0.1095
vn -0.0161 -0.9952 0.0966
vn -0.0161 -0.9938 0.1102
vn -0.0123 -0.9945 0.1036
vn -0.0151 -0.9928 0.1186
vn -0.0181 -0.9928 0.1182
vn -0.0206 -0.9936 0.1111
vn -0.0165 -0.9965 0.0817
vn -0.0208 -0.9982 0.0557
vn -0.0188 -0.9971 0.0738
vn -0.0164 -0.9958 0.0905
vn -0.1356 -0.9615 0.2389
vn -0.1512 -0.9583 0.2423
vn -0.1411 -0.9797 0.1421
vn -0.0902 -0.9641 0.2497
vn -0.0714 -0.9538 0.2918
vn -0.1470 -0.9491 0.2787
vn -0.1783 -0.9522 0.2480
vn -0.1347 -0.9653 0.2237
vn -0.0562 -0.9837 0.1707
vn -0.1340 -0.9879 0.0783
vn -0.0842 -0.9806 0.1768
vn -0.0265 -0.9981 0.0558
vn -0.0288 -0.9965 0.0789
vn -0.0422 -0.9969 0.0661
vn -0.0241 -0.9990 0.0384
vn -0.0193 -0.9976 0.0669
vn -0.0206 -0.9959 0.0875
vn -0.0260 -0.9944 0.1025
vn -0.0487 -0.9946 0.0915
vn -0.0392 -0.9913 0.1259
vn -0.0795 -0.9891 0.1238
vn -0.0593 -0.9979 0.0272
vn -0.0311 -0.9992 0.0249
vn -0.1313 -0.9636 0.2329
vn -0.0790 -0.9616 0.2630
vn -0.1388 -0.9682 0.2082
vn -0.0638 -0.9623 0.2643
vn -0.0948 -0.9707 0.2207
vn -0.0853 -0.9757 0.2017
vn -0.0634 -0.9775 0.2011
vn -0.0500 -0.9852 0.1637
vn -0.0540 -0.9701 0.2366
vn -0.0334 -0.9672 0.2520
vn -0.0519 -0.9722 0.2283
vn -0.1186 -0.9829 0.1408
vn -0.1573 -0.9847 0.0744
vn -0.1526 -0.9754 0.1590
vn -0.1161 -0.9731 0.1987
vn -0.1591 -0.9873 0.0020
vn -0.1268 -0.9834 0.1299
vn -0.1835 -0.9800 -0.0767
vn -0.1446 -0.9874 0.0635
vn -0.0642 -0.9979 0.0125
vn -0.1132 -0.9929 0.0370
vn -0.1045 -0.9774 0.1837
vn -0.0718 -0.9609 0.2674
vn -0.0874 -0.9689 0.2315
vn -0.0753 -0.9818 0.1741
vn -0.1180 -0.9844 0.1308
vn -0.1619 -0.9863 -0.0322
vn -0.1775 -0.9690 -0.1716
vn -0.1677 -0.9571 -0.2363
vn -0.1251 -0.9840 -0.1266
vn -0.0677 -0.9977 -0.0093
vn -0.0456 -0.9908 0.1272
vn -0.0739 -0.9910 0.1118
vn -0.0224 -0.9924 0.1213
vn -0.0205 -0.9896 0.1424
vn -0.0421 -0.9907 0.1294
vn -0.0556 -0.9932 0.1020
vn -0.0408 -0.9970 0.0654
vn -0.0709 -0.9931 0.0935
vn -0.0812 -0.9896 0.1187
vn -0.0101 -0.9979 0.0645
vn -0.0142 -0.9986 0.0513
vn -0.0219 -0.9977 0.0643
vn -0.0219 -0.9957 0.0905
vn -0.0776 -0.9878 0.1352
vn -0.0895 -0.9878 0.1274
vn -0.0749 -0.9920 0.1013
vn -0.0812 -0.9866 0.1417
vn -0.0951 -0.9893 0.1107
vn -0.0707 -0.9849 0.1580
vn -0.0437 -0.9762 0.2123
vn -0.0530 -0.9793 0.1954
vn -0.0653 -0.9830 0.1717
vn -0.2221 -0.9244 -0.3102
vn -0.2150 -0.8961 -0.3883
vn -0.2021 -0.9388 -0.2789
vn -0.1771 -0.9215 -0.3457
vn -0.2365 -0.9231 -0.3033
vn -0.2458 -0.9074 -0.3410
vn -0.2866 -0.9014 -0.3246
vn -0.2577 -0.8821 -0.3944
vn -0.1579 -0.9052 -0.3945
vn -0.1268 -0.9377 -0.3236
vn -0.1786 -0.9422 -0.2835
vn -0.2018 -0.9458 -0.2544
vn -0.2477 -0.9241 -0.2911
vn -0.2438 -0.9309 -0.2722
vn -0.2399 -0.9321 -0.2716
vn -0.2555 -0.9157 -0.3102
vn -0.2517 -0.9236 -0.2892
vn -0.2398 -0.9356 -0.2591
vn -0.2328 -0.9427 -0.2390
vn -0.2421 -0.9398 -0.2412
vn -0.2318 -0.9352 -0.2675
vn -0.2782 -0.8887 -0.3644
vn -0.2734 -0.8996 -0.3405
vn -0.2714 -0.8976 -0.3473
vn -0.2671 -0.9076 -0.3239
vn -0.2839 -0.8800 -0.3807
vn -0.2784 -0.8919 -0.3563
vn -0.2695 -0.8989 -0.3455
vn -0.2655 -0.9059 -0.3300
vn -0.2597 -0.9157 -0.3067
vn -0.2637 -0.9067 -0.3291
vn -0.2865 -0.8610 -0.4203
vn -0.2798 -0.8747 -0.3957
vn -0.2894 -0.8653 -0.4093
vn -0.2826 -0.8788 -0.3845
vn -0.2793 -0.8590 -0.4290
vn -0.2637 -0.8795 -0.3961
vn -0.2693 -0.8826 -0.3855
vn -0.2721 -0.8868 -0.3735
vn -0.2719 -0.8924 -0.3601
vn -0.2818 -0.8847 -0.3712
vn -0.2882 -0.8719 -0.3958
vn -0.2501 -0.8647 -0.4357
vn -0.2567 -0.8772 -0.4058
vn -0.2468 -0.8609 -0.4449
vn -0.2088 -0.8427 -0.4962
vn -0.2074 -0.8386 -0.5037
vn -0.0593 -0.8218 -0.5666
vn -0.0570 -0.8306 -0.5539
vn -0.1026 -0.8170 -0.5675
vn -0.0991 -0.8262 -0.5546
vn -0.0447 -0.8301 -0.5558
vn -0.0355 -0.8256 -0.5631
vn -0.1366 -0.8216 -0.5535
vn -0.1408 -0.8119 -0.5666
vn 0.0365 -0.8184 -0.5734
vn 0.0365 -0.8193 -0.5722
vn 0.0091 -0.8086 -0.5883
vn 0.0091 -0.8092 -0.5875
vn 0.0004 -0.8118 -0.5840
vn -0.0125 -0.8150 -0.5794
vn 0.0237 -0.8331 -0.5527
vn 0.0237 -0.8328 -0.5531
vn 0.0237 -0.8332 -0.5525
vn 0.0235 -0.8277 -0.5607
vn -0.3572 -0.8261 -0.4359
vn -0.4116 -0.8437 -0.3447
vn -0.2578 -0.8687 -0.4230
vn -0.3616 -0.8835 -0.2978
vn -0.2975 -0.8804 -0.3693
vn -0.3263 -0.8701 -0.3693
vn -0.3269 -0.8716 -0.3653
vn -0.3210 -0.8810 -0.3474
vn -0.3481 -0.8713 -0.3459
vn -0.3739 -0.8832 -0.2831
vn -0.2380 -0.9684 -0.0750
vn -0.1652 -0.9756 -0.1448
vn -0.0953 -0.9548 -0.2817
vn -0.1009 -0.9401 -0.3256
vn -0.1961 -0.8700 -0.4523
vn -0.2897 -0.8380 -0.4624
vn -0.2196 -0.9337 -0.2828
vn -0.2135 -0.9392 -0.2688
vn -0.2255 -0.9264 -0.3017
vn -0.2014 -0.9441 -0.2610
vn -0.2353 -0.9292 -0.2849
vn -0.2355 -0.9367 -0.2591
vn -0.2379 -0.9039 -0.3556
vn -0.2252 -0.9074 -0.3548
vn -0.2350 -0.9111 -0.3386
vn -0.2231 -0.9139 -0.3391
vn -0.2568 -0.9005 -0.3511
vn -0.2392 -0.8971 -0.3714
vn -0.2257 -0.9015 -0.3693
vn -0.2136 -0.9072 -0.3624
vn -0.2140 -0.9127 -0.3480
vn -0.2128 -0.9188 -0.3325
vn -0.2308 -0.9187 -0.3205
vn -0.2501 -0.9148 -0.3170
vn -0.2542 -0.9074 -0.3346
vn -0.2337 -0.8809 -0.4117
vn -0.2196 -0.8865 -0.4072
vn -0.2369 -0.8856 -0.3994
vn -0.2225 -0.8912 -0.3953
vn -0.2293 -0.8768 -0.4227
vn -0.2161 -0.8822 -0.4184
vn -0.2034 -0.8882 -0.4120
vn -0.2062 -0.8929 -0.4003
vn -0.2090 -0.8976 -0.3882
vn -0.2115 -0.9023 -0.3756
vn -0.2245 -0.8962 -0.3827
vn -0.2387 -0.8911 -0.3860
vn -0.2575 -0.8941 -0.3664
vn -0.2564 -0.8885 -0.3805
vn -0.2531 -0.8840 -0.3932
vn -0.1962 -0.8735 -0.4455
vn -0.1862 -0.8840 -0.4288
vn -0.1984 -0.8785 -0.4345
vn -0.2103 -0.8737 -0.4387
vn -0.2272 -0.8782 -0.4210
vn -0.2230 -0.8738 -0.4321
vn -0.1849 -0.8786 -0.4404
vn -0.1797 -0.8563 -0.4842
vn -0.1513 -0.8446 -0.5136
vn -0.1454 -0.8402 -0.5224
vn -0.1439 -0.8344 -0.5320
vn -0.1311 -0.8392 -0.5279
vn -0.1330 -0.8450 -0.5180
vn -0.1420 -0.8483 -0.5101
vn -0.1438 -0.8217 -0.5515
vn -0.1424 -0.8157 -0.5607
vn -0.1537 -0.8126 -0.5622
vn -0.1317 -0.8325 -0.5382
vn -0.1441 -0.8280 -0.5419
vn -0.1560 -0.8243 -0.5443
vn -0.1508 -0.8073 -0.5705
vn -0.1286 -0.8138 -0.5667
vn -0.1308 -0.8196 -0.5578
vn -0.1319 -0.8258 -0.5483
vn -0.0657 -0.7982 -0.5988
vn -0.0710 -0.7973 -0.5994
vn -0.0606 -0.8001 -0.5968
vn 0.0088 -0.8270 -0.5621
vn 0.0156 -0.8259 -0.5637
vn 0.0123 -0.8264 -0.5629
vn 0.0053 -0.8276 -0.5614
vn 0.0024 -0.8280 -0.5607
vn -0.0556 -0.8190 -0.5712
vn -0.0622 -0.8123 -0.5799
vn -0.0557 -0.8031 -0.5932
vn -0.0284 -0.8196 -0.5722
vn -0.0879 -0.8201 -0.5655
vn -0.0982 -0.8139 -0.5727
vn -0.0818 -0.8164 -0.5717
vn -0.0808 -0.8320 -0.5489
vn -0.0919 -0.8248 -0.5580
vn -0.1030 -0.8185 -0.5653
vn -0.1140 -0.8131 -0.5709
vn -0.1085 -0.8087 -0.5781
vn -0.0735 -0.8137 -0.5766
vn -0.0955 -0.8428 -0.5297
vn -0.1070 -0.8366 -0.5373
vn -0.0946 -0.8365 -0.5398
vn -0.1069 -0.8300 -0.5474
vn -0.1063 -0.8434 -0.5266
vn -0.1190 -0.8376 -0.5331
vn -0.1196 -0.8308 -0.5436
vn -0.1190 -0.8244 -0.5534
vn -0.1172 -0.8184 -0.5625
vn -0.1056 -0.8239 -0.5568
vn -0.0939 -0.8303 -0.5493
vn -0.0832 -0.8374 -0.5403
vn -0.0853 -0.8425 -0.5318
vn -0.1182 -0.8445 -0.5224
vn -0.0991 -0.8524 -0.5135
vn -0.0894 -0.8549 -0.5110
vn -0.1473 -0.8684 -0.4734
vn -0.1421 -0.8641 -0.4829
vn -0.1371 -0.8786 -0.4575
vn -0.1496 -0.8740 -0.4622
vn -0.1613 -0.8696 -0.4666
vn -0.1301 -0.8681 -0.4791
vn -0.1351 -0.8727 -0.4692
vn -0.1478 -0.8939 -0.4232
vn -0.1607 -0.8888 -0.4293
vn -0.1485 -0.8873 -0.4365
vn -0.1609 -0.8824 -0.4420
vn -0.1330 -0.9056 -0.4027
vn -0.1471 -0.9003 -0.4097
vn -0.1606 -0.8949 -0.4164
vn -0.1737 -0.8894 -0.4228
vn -0.1731 -0.8836 -0.4350
vn -0.1728 -0.8776 -0.4471
vn -0.1613 -0.8760 -0.4545
vn -0.1493 -0.8806 -0.4496
vn -0.1365 -0.8854 -0.4444
vn -0.1354 -0.8923 -0.4307
vn -0.1342 -0.8990 -0.4168
vn -0.1495 -0.9168 -0.3702
vn -0.1644 -0.9110 -0.3782
vn -0.1473 -0.9120 -0.3829
vn -0.1620 -0.9062 -0.3907
vn -0.1352 -0.9251 -0.3548
vn -0.1533 -0.9211 -0.3580
vn -0.1679 -0.9153 -0.3660
vn -0.1821 -0.9095 -0.3738
vn -0.1788 -0.9050 -0.3859
vn -0.1763 -0.9002 -0.3981
vn -0.1747 -0.8950 -0.4104
vn -0.1609 -0.9008 -0.4034
vn -0.1467 -0.9064 -0.3961
vn -0.1336 -0.9170 -0.3758
vn -0.1321 -0.9120 -0.3884
vn -0.1320 -0.9119 -0.3885
vn -0.1325 -0.9175 -0.3750
vn -0.1629 -0.9344 -0.3167
vn -0.1759 -0.9293 -0.3248
vn -0.1612 -0.9294 -0.3319
vn -0.1748 -0.9241 -0.3399
vn -0.1490 -0.9441 -0.2942
vn -0.1634 -0.9398 -0.3002
vn -0.1757 -0.9349 -0.3083
vn -0.1871 -0.9302 -0.3158
vn -0.1881 -0.9242 -0.3323
vn -0.1877 -0.9187 -0.3475
vn -0.1856 -0.9138 -0.3613
vn -0.1720 -0.9194 -0.3536
vn -0.1578 -0.9250 -0.3456
vn -0.1409 -0.9295 -0.3408
vn -0.1459 -0.9340 -0.3261
vn -0.1495 -0.9386 -0.3110
vn -0.1564 -0.9574 -0.2427
vn -0.1671 -0.9533 -0.2515
vn -0.1600 -0.9514 -0.2631
vn -0.1712 -0.9471 -0.2716
vn -0.1404 -0.9672 -0.2119
vn -0.1520 -0.9632 -0.2217
vn -0.1753 -0.9542 -0.2423
vn -0.2184 -0.9356 -0.2773
vn -0.1770 -0.9494 -0.2596
vn -0.1849 -0.9364 -0.2982
vn -0.1741 -0.9409 -0.2906
vn -0.1624 -0.9455 -0.2824
vn -0.1480 -0.9501 -0.2747
vn -0.1528 -0.9540 -0.2579
vn -0.1390 -0.9618 -0.2358
vn -0.2951 -0.9521 -0.0805
vn -0.2748 -0.9364 -0.2182
vn -0.2955 -0.9391 -0.1752
vn -0.2087 -0.9705 0.1211
vn -0.2050 -0.9758 0.0758
vn -0.1546 -0.9880 0.0058
vn -0.1588 -0.9840 -0.0807
vn -0.3045 -0.9114 -0.2767
vn -0.3060 -0.8943 -0.3264
vn -0.3035 -0.8919 -0.3353
vn -0.2894 -0.9152 -0.2806
vn -0.1894 -0.9568 -0.2205
vn -0.1338 -0.9730 -0.1882
vn -0.1541 -0.9793 -0.1310
vn -0.2282 -0.9734 -0.0195
vn 0.0894 -0.9947 -0.0517
vn -0.0195 -0.9965 -0.0818
vn 0.0918 -0.9897 -0.1099
vn 0.0487 -0.9874 -0.1505
vn 0.0116 -0.9999 -0.0007
vn -0.0127 -0.9996 -0.0233
vn -0.0389 -0.9987 -0.0334
vn -0.1088 -0.9930 0.0469
vn -0.0865 -0.9937 -0.0708
vn -0.0942 -0.9856 -0.1407
vn -0.0633 -0.9803 -0.1873
vn 0.0274 -0.9693 -0.2444
vn 0.0341 -0.9809 -0.1914
vn 0.0781 -0.9959 -0.0452
vn 0.0407 -0.9991 0.0081
vn 0.0638 -0.9974 0.0340
vn -0.0088 -0.9241 -0.3821
vn -0.0505 -0.9212 -0.3859
vn 0.0249 -0.8888 -0.4576
vn -0.0699 -0.8835 -0.4633
vn 0.0498 -0.9921 -0.1153
vn 0.0448 -0.9551 -0.2928
vn -0.0551 -0.9468 -0.3172
vn -0.0652 -0.9620 -0.2651
vn -0.1261 -0.9401 -0.3168
vn -0.1168 -0.9343 -0.3369
vn 0.0528 -0.8460 -0.5306
vn 0.0548 -0.8839 -0.4645
vn 0.0116 -0.9725 -0.2325
vn -0.0265 -0.9811 -0.1918
vn -0.0280 -0.8834 -0.4677
vn -0.0414 -0.8806 -0.4721
vn -0.0143 -0.8862 -0.4631
vn -0.0163 -0.8916 -0.4525
vn -0.0318 -0.8884 -0.4580
vn -0.0609 -0.8815 -0.4682
vn -0.0602 -0.8764 -0.4778
vn -0.0609 -0.8817 -0.4679
vn -0.0543 -0.8775 -0.4765
vn -0.0543 -0.8776 -0.4762
vn -0.0401 -0.9002 -0.4336
vn -0.0421 -0.9071 -0.4189
vn -0.0581 -0.8958 -0.4407
vn -0.0609 -0.9023 -0.4269
vn -0.0188 -0.8978 -0.4401
vn -0.0208 -0.9046 -0.4258
vn -0.0219 -0.9118 -0.4101
vn -0.0221 -0.9191 -0.3934
vn -0.0426 -0.9142 -0.4030
vn -0.0616 -0.9092 -0.4117
vn -0.0793 -0.9042 -0.4197
vn -0.0784 -0.8974 -0.4342
vn -0.0749 -0.8913 -0.4472
vn -0.0688 -0.8859 -0.4588
vn -0.0680 -0.8801 -0.4698
vn -0.0689 -0.8861 -0.4584
vn -0.0532 -0.8900 -0.4528
vn -0.0365 -0.8939 -0.4467
vn -0.0403 -0.9282 -0.3698
vn -0.0389 -0.9347 -0.3533
vn -0.0588 -0.9234 -0.3794
vn -0.0570 -0.9300 -0.3631
vn -0.0215 -0.9262 -0.3764
vn -0.0207 -0.9329 -0.3595
vn -0.0199 -0.9392 -0.3429
vn -0.0190 -0.9450 -0.3266
vn -0.0373 -0.9407 -0.3371
vn -0.0551 -0.9362 -0.3470
vn -0.0730 -0.9316 -0.3562
vn -0.0743 -0.9251 -0.3724
vn -0.0762 -0.9184 -0.3883
vn -0.0781 -0.9114 -0.4041
vn -0.0604 -0.9164 -0.3957
vn -0.0416 -0.9214 -0.3864
vn -0.0848 -0.9528 -0.2917
vn -0.1692 -0.9598 -0.2240
vn -0.1921 -0.9390 -0.2853
vn -0.2115 -0.9435 -0.2553
vn -0.0182 -0.9503 -0.3108
vn -0.0178 -0.9552 -0.2953
vn -0.0378 -0.9610 -0.2741
vn -0.0945 -0.9701 -0.2235
vn -0.1604 -0.9744 -0.1574
vn -0.1724 -0.9608 -0.2170
vn -0.2478 -0.9181 -0.3094
vn -0.2077 -0.9084 -0.3630
vn -0.1463 -0.9272 -0.3448
vn -0.0880 -0.9429 -0.3211
vn -0.0359 -0.9463 -0.3211
vn -0.0548 -0.9974 -0.0458
vn -0.0935 -0.9943 -0.0510
vn -0.0793 -0.9860 -0.1470
vn -0.0239 -0.9949 -0.0979
vn -0.0129 -0.9975 -0.0691
vn -0.0124 -0.9984 -0.0554
vn -0.0809 -0.9964 0.0271
vn -0.0784 -0.9956 -0.0521
vn -0.1021 -0.9932 -0.0566
vn -0.1504 -0.9790 -0.1373
vn -0.2209 -0.9467 -0.2346
vn -0.1664 -0.9762 -0.1394
vn -0.0918 -0.9907 -0.1009
vn -0.0784 -0.8534 -0.5153
vn -0.0609 -0.8664 -0.4956
vn -0.0602 -0.8762 -0.4781
vn -0.0932 -0.8861 -0.4541
vn -0.1082 -0.8815 -0.4595
vn -0.0893 -0.8805 -0.4655
vn -0.1038 -0.8763 -0.4705
vn -0.0782 -0.8975 -0.4341
vn -0.0944 -0.8927 -0.4407
vn -0.1096 -0.8879 -0.4468
vn -0.1221 -0.8771 -0.4646
vn -0.1174 -0.8721 -0.4750
vn -0.0826 -0.8761 -0.4749
vn -0.0680 -0.8799 -0.4702
vn -0.0738 -0.8848 -0.4602
vn -0.0772 -0.8907 -0.4480
vn -0.0896 -0.9143 -0.3950
vn -0.1052 -0.9093 -0.4027
vn -0.0915 -0.9073 -0.4105
vn -0.1069 -0.9023 -0.4177
vn -0.0721 -0.9257 -0.3712
vn -0.0883 -0.9209 -0.3797
vn -0.1033 -0.9160 -0.3876
vn -0.1184 -0.9109 -0.3953
vn -0.1200 -0.9042 -0.4100
vn -0.1215 -0.8973 -0.4244
vn -0.1230 -0.8902 -0.4387
vn -0.1086 -0.8951 -0.4325
vn -0.0933 -0.9000 -0.4259
vn -0.0770 -0.9049 -0.4186
vn -0.0752 -0.9122 -0.4028
vn -0.0733 -0.9192 -0.3868
vn -0.1721 -0.8840 -0.4347
vn -0.2214 -0.8552 -0.4686
vn -0.1576 -0.9006 -0.4050
vn -0.1779 -0.8723 -0.4554
vn -0.1717 -0.8857 -0.4314
vn -0.2397 -0.8706 -0.4297
vn -0.2572 -0.8717 -0.4170
vn -0.1626 -0.8374 -0.5218
vn -0.1198 -0.8718 -0.4750
vn -0.1320 -0.8879 -0.4406
vn -0.1297 -0.9081 -0.3982
vn -0.1336 -0.9171 -0.3756
vn -0.1183 -0.9222 -0.3681
vn -0.1000 -0.9116 -0.3987
vn -0.1277 -0.8366 -0.5327
vn -0.0155 -0.7505 -0.6606
vn -0.2851 -0.8145 -0.5052
vn -0.1878 -0.7310 -0.6560
vn -0.0764 -0.9682 -0.2383
vn 0.0473 -0.8539 -0.5183
vn 0.0472 -0.7960 -0.6035
vn -0.0672 -0.9202 -0.3857
vn -0.0663 -0.8839 -0.4629
vn -0.0954 -0.8524 -0.5141
vn -0.1771 -0.8457 -0.5034
vn -0.3162 -0.7466 -0.5853
vn -0.3261 -0.7973 -0.5080
vn -0.2146 -0.8930 -0.3955
vn -0.1831 -0.9372 -0.2968
vn -0.1401 -0.9621 -0.2339
vn -0.1023 -0.9931 0.0569
vn -0.0547 -0.9947 0.0869
vn -0.0774 -0.9969 0.0122
vn -0.0289 -0.9982 -0.0530
vn -0.0613 -0.9980 -0.0120
vn -0.0640 -0.9965 0.0541
vn -0.0348 -0.9958 0.0849
vn 0.0479 -0.9945 0.0935
vn 0.0470 -0.9946 0.0926
vn 0.0469 -0.9946 0.0925
vn 0.0021 -0.9991 0.0432
vn 0.0130 -0.9958 0.0901
vn -0.0682 -0.9971 0.0344
vn -0.0991 -0.9897 -0.1036
vn -0.0256 -0.9950 -0.0965
vn -0.1229 -0.9924 0.0013
vn -0.1237 -0.9923 0.0009
vn 0.0076 -0.9998 0.0174
vn -0.0356 -0.9960 0.0817
vn 0.0730 -0.9959 0.0541
vn 0.0284 -0.9911 0.1301
vn 0.0112 -0.9982 0.0594
vn 0.0011 -0.9990 0.0446
vn -0.0109 -0.9951 0.0987
vn 0.0217 -0.9940 0.1073
vn 0.0393 -0.9926 0.1152
vn 0.0948 -0.9867 0.1317
vn 0.0460 -0.9947 0.0916
vn -0.0000 -0.9930 0.1178
vn 0.0345 -0.9944 0.1004
vn 0.0163 -0.9991 0.0380
vn -0.0345 -0.8495 -0.5265
vn -0.0449 -0.8476 -0.5288
vn -0.0537 -0.9725 0.2267
vn -0.0518 -0.9811 0.1863
vn -0.0290 -0.9734 0.2274
vn -0.0346 -0.9800 0.1960
vn -0.0531 -0.9634 0.2628
vn -0.0699 -0.9753 0.2095
vn -0.0725 -0.9854 0.1540
vn -0.0779 -0.9880 0.1335
vn -0.1294 -0.9763 0.1733
vn -0.0580 -0.9681 0.2440
vn -0.0429 -0.9630 0.2659
vn -0.0895 -0.9704 0.2243
vn -0.0513 -0.9711 0.2331
vn -0.0465 -0.9630 0.2654
vn -0.2592 -0.9583 0.1205
vn -0.1918 -0.9691 0.1552
vn -0.1413 -0.9772 0.1583
vn -0.2561 -0.9574 0.1332
vn -0.3158 -0.9428 0.1065
vn -0.2533 -0.9574 0.1389
vn -0.2468 -0.9583 0.1440
vn -0.2573 -0.9579 0.1271
vn -0.0862 -0.9833 0.1600
vn -0.2192 -0.9638 0.1521
vn -0.2783 -0.9525 0.1239
vn -0.1158 -0.9906 0.0730
vn -0.2471 -0.9676 0.0524
vn -0.2452 -0.9624 0.1165
vn -0.2804 -0.9526 0.1184
vn -0.0922 -0.9944 0.0522
vn -0.0915 -0.9881 0.1234
vn -0.3508 -0.9339 0.0683
vn -0.2753 -0.9518 0.1350
vn -0.4113 -0.9091 0.0659
vn -0.2829 -0.9577 0.0537
vn -0.1313 -0.9886 0.0733
vn -0.2685 -0.9522 0.1457
vn 0.0109 -0.9969 0.0779
vn 0.0065 -0.9951 0.0987
vn -0.2727 -0.9518 0.1405
vn -0.2680 -0.9620 0.0530
vn -0.2661 -0.9571 0.1142
vn -0.1576 -0.9861 0.0520
vn -0.1558 -0.9803 0.1215
vn -0.1797 -0.9810 0.0733
vn -0.2145 -0.9753 0.0521
vn -0.2126 -0.9699 0.1189
vn -0.0543 -0.9957 0.0756
vn -0.2769 -0.9521 0.1294
vn 0.2987 0.9357 0.1876
vn 0.2691 0.9573 0.1053
vn 0.2588 0.9215 0.2895
vn 0.2100 0.9509 0.2273
vn 0.1920 0.9355 0.2966
vn 0.2006 0.9553 0.2173
vn 0.2681 0.9614 0.0617
vn 0.1967 0.9694 -0.1466
vn 0.1524 0.9872 -0.0465
vn 0.1188 0.9902 0.0737
vn 0.2322 0.9313 0.2807
vn 0.2283 0.9322 0.2809
vn 0.0161 0.9952 -0.0966
vn 0.0123 0.9945 -0.1036
vn 0.0181 0.9928 -0.1182
vn 0.0206 0.9936 -0.1111
vn 0.0165 0.9965 -0.0817
vn 0.0208 0.9982 -0.0557
vn 0.0188 0.9971 -0.0738
vn 0.0164 0.9958 -0.0905
vn 0.1356 0.9615 -0.2389
vn 0.1512 0.9583 -0.2423
vn 0.1411 0.9797 -0.1421
vn 0.0902 0.9641 -0.2497
vn 0.0714 0.9538 -0.2918
vn 0.1470 0.9491 -0.2787
vn 0.1783 0.9522 -0.2480
vn 0.1347 0.9653 -0.2237
vn 0.0562 0.9837 -0.1707
vn 0.1340 0.9879 -0.0783
vn 0.1339 0.9879 -0.0779
vn 0.0842 0.9806 -0.1768
vn 0.0265 0.9981 -0.0558
vn 0.0288 0.9965 -0.0789
vn 0.0422 0.9969 -0.0661
vn 0.0241 0.9990 -0.0384
vn 0.0193 0.9976 -0.0670
vn 0.0206 0.9959 -0.0875
vn 0.0260 0.9944 -0.1025
vn 0.0356 0.9948 -0.0959
vn 0.0487 0.9946 -0.0915
vn 0.0392 0.9913 -0.1259
vn 0.0649 0.9898 -0.1265
vn 0.0795 0.9891 -0.1238
vn 0.0593 0.9979 -0.0272
vn 0.0311 0.9992 -0.0249
vn 0.1313 0.9636 -0.2329
vn 0.0790 0.9616 -0.2630
vn 0.1388 0.9682 -0.2082
vn 0.0638 0.9623 -0.2643
vn 0.0948 0.9707 -0.2207
vn 0.0853 0.9757 -0.2017
vn 0.0634 0.9775 -0.2011
vn 0.0500 0.9852 -0.1637
vn 0.0540 0.9701 -0.2366
vn 0.0334 0.9672 -0.2520
vn 0.0519 0.9722 -0.2283
vn 0.1186 0.9829 -0.1408
vn 0.1573 0.9847 -0.0744
vn 0.1526 0.9754 -0.1590
vn 0.1161 0.9731 -0.1987
vn 0.1591 0.9873 -0.0020
vn 0.1268 0.9834 -0.1299
vn 0.1835 0.9800 0.0767
vn 0.1446 0.9874 -0.0635
vn 0.0642 0.9979 -0.0125
vn 0.1132 0.9929 -0.0370
vn 0.1045 0.9774 -0.1837
vn 0.0718 0.9609 -0.2674
vn 0.0874 0.9689 -0.2315
vn 0.0753 0.9818 -0.1741
vn 0.1180 0.9844 -0.1308
vn 0.1619 0.9863 0.0322
vn 0.1775 0.9690 0.1716
vn 0.1677 0.9571 0.2363
vn 0.1251 0.9840 0.1266
vn 0.0677 0.9977 0.0093
vn 0.0456 0.9908 -0.1272
vn 0.0739 0.9910 -0.1118
vn 0.0224 0.9924 -0.1213
vn 0.0205 0.9896 -0.1424
vn 0.0421 0.9907 -0.1294
vn 0.0556 0.9932 -0.1020
vn 0.0408 0.9970 -0.0654
vn 0.0709 0.9931 -0.0935
vn 0.0626 0.9915 -0.1144
vn 0.0101 0.9979 -0.0645
vn 0.0142 0.9986 -0.0513
vn 0.0219 0.9977 -0.0643
vn 0.0219 0.9957 -0.0905
vn 0.0776 0.9878 -0.1352
vn 0.0895 0.9878 -0.1274
vn 0.0749 0.9920 -0.1013
vn 0.0903 0.9878 -0.1265
vn 0.0812 0.9866 -0.1417
vn 0.0707 0.9849 -0.1580
vn 0.0437 0.9762 -0.2123
vn 0.0530 0.9793 -0.1954
vn 0.0653 0.9830 -0.1717
vn 0.2357 0.9236 0.3025
vn 0.2670 0.8933 0.3615
vn 0.1951 0.9392 0.2824
vn 0.1730 0.9216 0.3475
vn 0.2558 0.9221 0.2904
vn 0.2889 0.9043 0.3144
vn 0.3123 0.8981 0.3096
vn 0.3235 0.8744 0.3617
vn 0.2286 0.9022 0.3657
vn 0.0973 0.9373 0.3348
vn 0.1349 0.9436 0.3022
vn 0.1863 0.9470 0.2618
vn 0.2393 0.9241 0.2980
vn 0.2368 0.9310 0.2777
vn 0.2319 0.9322 0.2780
vn 0.2294 0.9379 0.2602
vn 0.2466 0.9157 0.3172
vn 0.2437 0.9238 0.2953
vn 0.2381 0.9401 0.2439
vn 0.2666 0.8896 0.3709
vn 0.2620 0.9006 0.3467
vn 0.2608 0.8982 0.3540
vn 0.2569 0.9083 0.3303
vn 0.2712 0.8814 0.3867
vn 0.2658 0.8934 0.3623
vn 0.2567 0.9003 0.3514
vn 0.2507 0.9161 0.3130
vn 0.2540 0.9070 0.3360
vn 0.2719 0.8632 0.4254
vn 0.2656 0.8769 0.4006
vn 0.2749 0.8676 0.4145
vn 0.2682 0.8811 0.3896
vn 0.2656 0.8607 0.4342
vn 0.2568 0.8891 0.3788
vn 0.2577 0.8944 0.3657
vn 0.2681 0.8867 0.3767
vn 0.2743 0.8738 0.4014
vn 0.2349 0.8812 0.4103
vn 0.1874 0.8437 0.5030
vn 0.1995 0.8552 0.4785
vn 0.1557 0.8081 0.5681
vn 0.1670 0.8173 0.5515
vn 0.0968 0.8152 0.5710
vn 0.0438 0.8192 0.5718
vn 0.0354 0.8236 0.5660
vn 0.0224 0.8165 0.5769
vn 0.0223 0.8154 0.5785
vn 0.0496 0.8238 0.5647
vn 0.0864 0.8197 0.5662
vn 0.1195 0.8160 0.5656
vn 0.1333 0.8102 0.5707
vn -0.0332 0.8161 0.5770
vn -0.0003 0.8182 0.5749
vn 0.0128 0.8256 0.5641
vn 0.0187 0.8215 0.5699
vn -0.0273 0.8200 0.5717
vn -0.0364 0.8175 0.5748
vn -0.0292 0.8094 0.5866
vn 0.3817 0.8210 0.4245
vn 0.3372 0.8632 0.3756
vn 0.3207 0.8592 0.3987
vn 0.3313 0.8758 0.3510
vn 0.3140 0.8739 0.3711
vn 0.3054 0.8841 0.3537
vn 0.3268 0.8766 0.3533
vn 0.3101 0.9008 0.3041
vn 0.2075 0.9746 0.0839
vn 0.2179 0.9676 0.1278
vn 0.1135 0.9545 0.2757
vn 0.0740 0.9394 0.3349
vn 0.2548 0.8662 0.4299
vn 0.3596 0.8284 0.4296
vn 0.1987 0.9400 0.2774
vn 0.2280 0.9306 0.2864
vn 0.2043 0.9279 0.3117
vn 0.1949 0.9321 0.3052
vn 0.1879 0.9448 0.2686
vn 0.2406 0.9363 0.2560
vn 0.2171 0.9445 0.2465
vn 0.2222 0.9379 0.2663
vn 0.2237 0.9047 0.3626
vn 0.2116 0.9081 0.3613
vn 0.2219 0.9116 0.3459
vn 0.2105 0.9143 0.3459
vn 0.2420 0.9019 0.3577
vn 0.2240 0.8983 0.3780
vn 0.2112 0.9025 0.3754
vn 0.1987 0.9081 0.3685
vn 0.2000 0.9134 0.3546
vn 0.1996 0.9192 0.3393
vn 0.1979 0.9255 0.3228
vn 0.2187 0.9190 0.3280
vn 0.2333 0.9230 0.3059
vn 0.2376 0.9156 0.3243
vn 0.2406 0.9085 0.3416
vn 0.2176 0.8825 0.4169
vn 0.2039 0.8880 0.4122
vn 0.2205 0.8874 0.4049
vn 0.2066 0.8927 0.4005
vn 0.2412 0.8775 0.4146
vn 0.2322 0.8820 0.4101
vn 0.2150 0.8776 0.4285
vn 0.2237 0.8733 0.4327
vn 0.2141 0.8780 0.4281
vn 0.2020 0.8828 0.4240
vn 0.1881 0.8892 0.4171
vn 0.1902 0.8941 0.4054
vn 0.1892 0.8917 0.4111
vn 0.1903 0.8942 0.4053
vn 0.1914 0.8966 0.3993
vn 0.1914 0.8967 0.3992
vn 0.1929 0.8989 0.3933
vn 0.1940 0.9014 0.3871
vn 0.1958 0.9035 0.3812
vn 0.1981 0.9084 0.3683
vn 0.1970 0.9060 0.3746
vn 0.2091 0.8975 0.3883
vn 0.2226 0.8926 0.3919
vn 0.2415 0.8960 0.3725
vn 0.2398 0.8907 0.3862
vn 0.2366 0.8860 0.3987
vn 0.2006 0.8835 0.4233
vn 0.2124 0.8779 0.4291
vn 0.2244 0.8730 0.4331
vn 0.1969 0.8732 0.4458
vn 0.1985 0.8785 0.4346
vn 0.1867 0.8404 0.5088
vn 0.1840 0.8353 0.5180
vn 0.1460 0.8409 0.5211
vn 0.1475 0.8465 0.5115
vn 0.1461 0.8345 0.5313
vn 0.1579 0.8299 0.5351
vn 0.1829 0.8298 0.5273
vn 0.1817 0.8242 0.5364
vn 0.1795 0.8188 0.5452
vn 0.1418 0.8165 0.5597
vn 0.1444 0.8221 0.5507
vn 0.1459 0.8281 0.5412
vn 0.1375 0.8114 0.5681
vn 0.1710 0.8094 0.5619
vn 0.1629 0.8058 0.5693
vn 0.1368 0.8018 0.5817
vn 0.1159 0.8020 0.5860
vn 0.0836 0.8046 0.5879
vn 0.0478 0.8075 0.5879
vn -0.0053 0.8190 0.5737
vn -0.0122 0.8178 0.5754
vn -0.0087 0.8180 0.5752
vn 0.0001 0.8184 0.5747
vn -0.0050 0.8178 0.5755
vn 0.1051 0.8276 0.5514
vn 0.1160 0.8213 0.5586
vn 0.1091 0.8452 0.5233
vn 0.1218 0.8391 0.5302
vn 0.1091 0.8393 0.5327
vn 0.1212 0.8327 0.5403
vn 0.1079 0.8500 0.5157
vn 0.1211 0.8457 0.5198
vn 0.1339 0.8398 0.5261
vn 0.1340 0.8332 0.5365
vn 0.1330 0.8270 0.5463
vn 0.1307 0.8212 0.5555
vn 0.1193 0.8267 0.5498
vn 0.1078 0.8332 0.5424
vn 0.0964 0.8447 0.5266
vn 0.1332 0.8464 0.5157
vn 0.1608 0.8698 0.4664
vn 0.1516 0.8798 0.4506
vn 0.1634 0.8752 0.4554
vn 0.1761 0.8577 0.4830
vn 0.1439 0.8697 0.4722
vn 0.1493 0.8742 0.4621
vn 0.1627 0.8941 0.4174
vn 0.1751 0.8888 0.4235
vn 0.1629 0.8878 0.4303
vn 0.1749 0.8829 0.4358
vn 0.1488 0.9056 0.3973
vn 0.1625 0.9001 0.4043
vn 0.1757 0.8946 0.4109
vn 0.1884 0.8890 0.4173
vn 0.1871 0.8836 0.4292
vn 0.1862 0.8780 0.4410
vn 0.1856 0.8722 0.4526
vn 0.1748 0.8768 0.4480
vn 0.1512 0.8863 0.4377
vn 0.1504 0.8929 0.4245
vn 0.1496 0.8993 0.4110
vn 0.1663 0.9160 0.3651
vn 0.1809 0.9100 0.3731
vn 0.1639 0.9112 0.3780
vn 0.1784 0.9052 0.3857
vn 0.1545 0.9245 0.3486
vn 0.1699 0.9203 0.3524
vn 0.1842 0.9144 0.3605
vn 0.1981 0.9084 0.3682
vn 0.1951 0.9038 0.3808
vn 0.1925 0.8991 0.3931
vn 0.1767 0.9001 0.3983
vn 0.1628 0.9059 0.3910
vn 0.1484 0.9116 0.3835
vn 0.1490 0.9170 0.3701
vn 0.1779 0.9340 0.3098
vn 0.1903 0.9289 0.3179
vn 0.1768 0.9289 0.3253
vn 0.1899 0.9235 0.3333
vn 0.1650 0.9437 0.2867
vn 0.1776 0.9394 0.2931
vn 0.1892 0.9346 0.3012
vn 0.2000 0.9299 0.3088
vn 0.2019 0.9238 0.3254
vn 0.2022 0.9181 0.3409
vn 0.2010 0.9130 0.3552
vn 0.1878 0.9187 0.3475
vn 0.1740 0.9244 0.3395
vn 0.1593 0.9290 0.3341
vn 0.1628 0.9336 0.3193
vn 0.1645 0.9382 0.3044
vn 0.1694 0.9566 0.2371
vn 0.1732 0.9509 0.2565
vn 0.1835 0.9467 0.2649
vn 0.1547 0.9658 0.2082
vn 0.1811 0.9602 0.2126
vn 0.2297 0.9476 0.2221
vn 0.2351 0.9337 0.2702
vn 0.1905 0.9486 0.2526
vn 0.1970 0.9362 0.2911
vn 0.1869 0.9406 0.2835
vn 0.1760 0.9451 0.2753
vn 0.1642 0.9497 0.2667
vn 0.1586 0.9606 0.2282
vn 0.3311 0.9406 0.0756
vn 0.3336 0.9200 0.2057
vn 0.3651 0.9163 0.1647
vn 0.3250 0.9049 0.2749
vn 0.2254 0.9664 -0.1233
vn 0.1825 0.9806 -0.0719
vn 0.1981 0.9801 -0.0151
vn 0.2145 0.9745 0.0664
vn 0.3234 0.9065 0.2716
vn 0.3403 0.8854 0.3166
vn 0.3228 0.9069 0.2710
vn 0.3137 0.9292 0.1953
vn 0.2009 0.9630 0.1797
vn 0.3149 0.9415 0.1202
vn 0.3213 0.9469 0.0129
vn 0.0362 0.9981 0.0494
vn 0.0816 0.9934 0.0809
vn -0.0321 0.9931 0.1128
vn 0.0882 0.9840 0.1548
vn 0.0297 0.9995 -0.0084
vn 0.0471 0.9987 0.0180
vn 0.0700 0.9971 0.0294
vn 0.1786 0.9824 -0.0557
vn 0.2078 0.9759 0.0663
vn 0.1506 0.9786 0.1401
vn 0.1354 0.9738 0.1826
vn 0.0455 0.9688 0.2435
vn -0.0103 0.9814 0.1917
vn 0.0126 0.9988 0.0463
vn -0.0395 0.9992 -0.0081
vn -0.0441 0.9984 -0.0352
vn 0.0526 0.9266 0.3724
vn 0.1172 0.9225 0.3677
vn 0.0751 0.8997 0.4299
vn 0.1304 0.8872 0.4426
vn -0.0095 0.9937 0.1115
vn 0.0634 0.9576 0.2810
vn 0.0538 0.9468 0.3174
vn 0.1320 0.9588 0.2517
vn 0.1263 0.9401 0.3167
vn 0.1435 0.9329 0.3303
vn 0.1424 0.9347 0.3255
vn 0.0981 0.8710 0.4813
vn -0.0259 0.8892 0.4567
vn 0.0585 0.9752 0.2133
vn 0.0531 0.9750 0.2159
vn 0.0338 0.9812 0.1902
vn 0.0143 0.8862 0.4631
vn 0.0163 0.8916 0.4525
vn 0.0318 0.8884 0.4580
vn 0.0467 0.8851 0.4631
vn 0.0401 0.9002 0.4336
vn 0.0421 0.9071 0.4189
vn 0.0581 0.8958 0.4407
vn 0.0609 0.9023 0.4269
vn 0.0188 0.8978 0.4401
vn 0.0208 0.9046 0.4258
vn 0.0219 0.9118 0.4101
vn 0.0221 0.9191 0.3934
vn 0.0426 0.9142 0.4030
vn 0.0616 0.9092 0.4117
vn 0.0793 0.9042 0.4197
vn 0.0784 0.8974 0.4342
vn 0.0749 0.8913 0.4472
vn 0.0689 0.8861 0.4584
vn 0.0532 0.8900 0.4528
vn 0.0365 0.8939 0.4467
vn 0.0403 0.9282 0.3698
vn 0.0389 0.9347 0.3533
vn 0.0588 0.9234 0.3794
vn 0.0570 0.9300 0.3631
vn 0.0215 0.9262 0.3764
vn 0.0207 0.9329 0.3595
vn 0.0199 0.9392 0.3429
vn 0.0190 0.9450 0.3266
vn 0.0373 0.9407 0.3371
vn 0.0551 0.9362 0.3470
vn 0.0730 0.9316 0.3562
vn 0.0743 0.9251 0.3724
vn 0.0762 0.9184 0.3883
vn 0.0781 0.9114 0.4041
vn 0.0604 0.9164 0.3957
vn 0.0416 0.9214 0.3864
vn 0.0848 0.9528 0.2917
vn 0.1692 0.9598 0.2240
vn 0.1921 0.9390 0.2853
vn 0.2115 0.9435 0.2553
vn 0.0182 0.9503 0.3108
vn 0.0178 0.9552 0.2953
vn 0.0378 0.9610 0.2741
vn 0.0945 0.9701 0.2235
vn 0.1604 0.9744 0.1574
vn 0.1724 0.9608 0.2170
vn 0.2478 0.9181 0.3094
vn 0.2077 0.9084 0.3630
vn 0.1463 0.9272 0.3448
vn 0.0880 0.9429 0.3211
vn 0.0359 0.9463 0.3211
vn 0.0548 0.9974 0.0458
vn 0.0935 0.9943 0.0510
vn 0.0793 0.9860 0.1470
vn 0.0239 0.9949 0.0979
vn 0.0129 0.9975 0.0691
vn 0.0809 0.9964 -0.0271
vn 0.0783 0.9956 0.0521
vn 0.1021 0.9932 0.0566
vn 0.1504 0.9790 0.1373
vn 0.2209 0.9467 0.2346
vn 0.1664 0.9762 0.1394
vn 0.0918 0.9907 0.1009
vn 0.0823 0.8398 0.5366
vn 0.0878 0.8511 0.5177
vn 0.0565 0.8496 0.5243
vn 0.0746 0.8783 0.4723
vn 0.1097 0.8879 0.4468
vn 0.1052 0.8825 0.4585
vn 0.0958 0.8992 0.4270
vn 0.1112 0.8942 0.4336
vn 0.1255 0.8893 0.4398
vn 0.1390 0.8845 0.4454
vn 0.1369 0.8786 0.4574
vn 0.1318 0.8738 0.4680
vn 0.1234 0.8702 0.4769
vn 0.0837 0.8821 0.4636
vn 0.0906 0.8869 0.4531
vn 0.0946 0.8926 0.4408
vn 0.1065 0.9150 0.3892
vn 0.1215 0.9098 0.3969
vn 0.1083 0.9082 0.4043
vn 0.1231 0.9031 0.4115
vn 0.0894 0.9263 0.3659
vn 0.1045 0.9213 0.3746
vn 0.1199 0.9163 0.3822
vn 0.1346 0.9110 0.3899
vn 0.1359 0.9045 0.4041
vn 0.1371 0.8980 0.4182
vn 0.1383 0.8912 0.4320
vn 0.1246 0.8962 0.4258
vn 0.1101 0.9012 0.4192
vn 0.0946 0.9063 0.4120
vn 0.0927 0.9133 0.3966
vn 0.0908 0.9201 0.3811
vn 0.1721 0.8840 0.4347
vn 0.2214 0.8552 0.4686
vn 0.1576 0.9006 0.4050
vn 0.1779 0.8723 0.4554
vn 0.1717 0.8857 0.4314
vn 0.2397 0.8706 0.4297
vn 0.2572 0.8717 0.4170
vn 0.1626 0.8374 0.5218
vn 0.1198 0.8718 0.4750
vn 0.1320 0.8879 0.4406
vn 0.1297 0.9081 0.3982
vn 0.1336 0.9171 0.3756
vn 0.1183 0.9222 0.3681
vn 0.1000 0.9116 0.3987
vn 0.0270 0.8209 0.5705
vn 0.0215 0.7522 0.6586
vn 0.1772 0.8119 0.5563
vn 0.0818 0.7092 0.7003
vn 0.0195 0.9668 0.2550
vn -0.0081 0.8620 0.5069
vn 0.0161 0.8116 0.5840
vn 0.1422 0.9243 0.3541
vn 0.1337 0.8910 0.4339
vn 0.1221 0.8557 0.5029
vn 0.1164 0.8421 0.5266
vn 0.1738 0.7397 0.6501
vn 0.3112 0.7986 0.5153
vn 0.3121 0.8808 0.3561
vn 0.2320 0.9323 0.2775
vn 0.0965 0.9637 0.2491
vn 0.1023 0.9931 -0.0569
vn 0.0547 0.9947 -0.0869
vn 0.0774 0.9969 -0.0122
vn 0.0289 0.9982 0.0530
vn 0.0613 0.9980 0.0120
vn 0.0640 0.9965 -0.0541
vn 0.0348 0.9958 -0.0849
vn -0.0479 0.9945 -0.0935
vn -0.0021 0.9991 -0.0432
vn -0.0130 0.9958 -0.0901
vn 0.0682 0.9971 -0.0344
vn 0.0991 0.9897 0.1036
vn 0.0256 0.9950 0.0965
vn 0.1229 0.9924 -0.0013
vn 0.1237 0.9923 -0.0009
vn 0.0157 0.9995 -0.0264
vn -0.0009 0.9974 -0.0724
vn -0.0479 0.9971 -0.0593
vn -0.0127 0.9912 -0.1318
vn 0.0101 0.9971 -0.0755
vn 0.0200 0.9981 -0.0576
vn -0.0345 0.9952 -0.0920
vn 0.0019 0.9941 -0.1081
vn -0.0340 0.9902 -0.1357
vn -0.1036 0.9910 -0.0848
vn -0.0442 0.9930 -0.1099
vn -0.0666 0.9937 -0.0901
vn 0.0004 0.9989 -0.0469
vn 0.0114 0.8488 0.5285
vn 0.0426 0.8437 0.5352
vn 0.0537 0.9725 -0.2267
vn 0.0518 0.9811 -0.1863
vn 0.0290 0.9734 -0.2274
vn 0.0346 0.9800 -0.1960
vn 0.0531 0.9634 -0.2628
vn 0.0699 0.9753 -0.2095
vn 0.0725 0.9854 -0.1540
vn 0.0779 0.9880 -0.1335
vn 0.1294 0.9763 -0.1733
vn 0.0580 0.9681 -0.2440
vn 0.0429 0.9630 -0.2659
vn 0.0895 0.9704 -0.2243
vn 0.0513 0.9711 -0.2331
vn 0.0465 0.9630 -0.2654
vn 0.2762 0.9543 -0.1137
vn 0.2722 0.9539 -0.1265
vn 0.2680 0.9542 -0.1328
vn 0.2747 0.9540 -0.1200
vn 0.2937 0.9486 -0.1179
vn 0.1116 0.9909 -0.0752
vn 0.1277 0.9868 -0.1000
vn 0.2447 0.9681 -0.0533
vn 0.2498 0.9615 -0.1148
vn 0.0915 0.9944 -0.0525
vn 0.0935 0.9881 -0.1225
vn 0.0919 0.9833 -0.1571
vn 0.3489 0.9346 -0.0698
vn 0.3617 0.9274 -0.0951
vn 0.4105 0.9094 -0.0665
vn 0.4208 0.9023 -0.0940
vn 0.2820 0.9495 -0.1375
vn 0.1420 0.9846 -0.1020
vn 0.3588 0.9283 -0.0975
vn 0.2817 0.9492 -0.1401
vn -0.0220 0.9965 -0.0807
vn 0.0046 0.9954 -0.0959
vn 0.2939 0.9498 -0.1073
vn 0.2653 0.9626 -0.0540
vn 0.3616 0.9299 -0.0674
vn 0.3707 0.9237 -0.0968
vn 0.1558 0.9864 -0.0527
vn 0.1596 0.9799 -0.1201
vn 0.1564 0.9756 -0.1540
vn 0.1803 0.9809 -0.0728
vn 0.1908 0.9765 -0.1006
vn 0.2124 0.9758 -0.0529
vn 0.2170 0.9691 -0.1173
vn 0.2135 0.9654 -0.1500
vn 0.2799 0.9548 -0.1003
vn 0.0484 0.9958 -0.0778
vn 0.0682 0.9928 -0.0984
vn 0.2921 0.9484 -0.1233
vt 0.220011 0.820967
vt 0.199424 0.831764
vt 0.208215 0.809045
vt 0.210474 0.844176
vt 0.190105 0.854023
vt 0.231786 0.832898
vt 0.222202 0.856300
vt 0.200976 0.866574
vt 0.215742 0.787104
vt 0.196156 0.797234
vt 0.203340 0.775775
vt 0.187714 0.819633
vt 0.179417 0.841393
vt 0.172308 0.861089
vt 0.182457 0.873957
vt 0.212702 0.878763
vt 0.193327 0.887070
vt 0.239401 0.810248
vt 0.227696 0.798623
vt 0.053296 0.639711
vt 0.041652 0.653793
vt 0.047584 0.633598
vt 0.047091 0.659747
vt 0.035170 0.674362
vt 0.059790 0.646624
vt 0.053343 0.666549
vt 0.040503 0.680261
vt 0.052309 0.615399
vt 0.042262 0.627885
vt 0.046426 0.609332
vt 0.036620 0.648261
vt 0.030245 0.668897
vt 0.023885 0.688230
vt 0.028794 0.693686
vt 0.046651 0.687028
vt 0.034105 0.699580
vt 0.054020 0.695097
vt 0.040218 0.706351
vt 0.060813 0.674621
vt 0.067457 0.654737
vt 0.073496 0.637170
vt 0.065490 0.628962
vt 0.058546 0.621823
vt 0.187762 0.908990
vt 0.172259 0.911219
vt 0.176798 0.892262
vt 0.182577 0.928896
vt 0.167539 0.929335
vt 0.198842 0.925943
vt 0.193098 0.944068
vt 0.177489 0.944676
vt 0.166440 0.877986
vt 0.161742 0.894088
vt 0.157419 0.910467
vt 0.152604 0.925689
vt 0.162618 0.944647
vt 0.187608 0.956875
vt 0.172527 0.958239
vt 0.205100 0.902604
vt 0.086811 0.675101
vt 0.069769 0.684248
vt 0.076554 0.664316
vt 0.079926 0.695152
vt 0.062879 0.704760
vt 0.097685 0.686754
vt 0.090758 0.706961
vt 0.072936 0.715735
vt 0.082798 0.646689
vt 0.047534 0.714437
vt 0.056317 0.724131
vt 0.083757 0.727600
vt 0.066277 0.735151
vt 0.094758 0.739995
vt 0.076988 0.747070
vt 0.101607 0.719360
vt 0.108418 0.699035
vt 0.114571 0.680702
vt 0.104139 0.668620
vt 0.093154 0.657280
vt 0.128957 0.724178
vt 0.112073 0.732020
vt 0.118692 0.711604
vt 0.122146 0.744848
vt 0.105361 0.752661
vt 0.139215 0.736755
vt 0.132297 0.757642
vt 0.115588 0.765487
vt 0.124509 0.693079
vt 0.088021 0.759461
vt 0.098867 0.772032
vt 0.125889 0.778281
vt 0.109355 0.784756
vt 0.136425 0.790976
vt 0.119879 0.797465
vt 0.142869 0.770258
vt 0.149828 0.749180
vt 0.156288 0.729373
vt 0.145462 0.717374
vt 0.134902 0.705262
vt 0.172605 0.773371
vt 0.153927 0.782667
vt 0.161179 0.761292
vt 0.164900 0.795112
vt 0.146894 0.803699
vt 0.184248 0.785359
vt 0.176085 0.807466
vt 0.157491 0.816367
vt 0.167029 0.741408
vt 0.130415 0.810168
vt 0.140661 0.822995
vt 0.168291 0.828949
vt 0.150998 0.835783
vt 0.161666 0.848430
vt 0.190799 0.764505
vt 0.178438 0.753159
vt 0.024825 0.716492
vt 0.010101 0.724802
vt 0.019642 0.710543
vt 0.015536 0.730934
vt 0.004644 0.737334
vt 0.031606 0.723297
vt 0.022764 0.737890
vt 0.009912 0.743942
vt 0.015560 0.705037
vt 0.006072 0.719063
vt 0.001078 0.730875
vt 0.000000 0.740783
vt 0.001372 0.748885
vt 0.017448 0.751117
vt 0.005686 0.756215
vt 0.027695 0.759429
vt 0.013479 0.763641
vt 0.032931 0.746139
vt 0.040155 0.731393
vt 0.060283 0.752102
vt 0.044831 0.755820
vt 0.050394 0.741044
vt 0.054865 0.766903
vt 0.039776 0.769157
vt 0.070892 0.764064
vt 0.065384 0.778904
vt 0.049831 0.780271
vt 0.024104 0.771999
vt 0.035365 0.781755
vt 0.060268 0.792306
vt 0.044989 0.792921
vt 0.071055 0.804801
vt 0.055348 0.804990
vt 0.076235 0.791371
vt 0.081823 0.776498
vt 0.103461 0.801664
vt 0.087087 0.803941
vt 0.092731 0.789044
vt 0.097892 0.816530
vt 0.081871 0.817385
vt 0.114147 0.814304
vt 0.108676 0.829128
vt 0.092663 0.829980
vt 0.066078 0.817509
vt 0.076871 0.830103
vt 0.103444 0.842580
vt 0.087664 0.842698
vt 0.114228 0.855178
vt 0.098457 0.855292
vt 0.119441 0.841734
vt 0.124804 0.826956
vt 0.249341 0.750187
vt 0.235872 0.758981
vt 0.238136 0.740288
vt 0.223983 0.748638
vt 0.226801 0.730445
vt 0.247360 0.769494
vt 0.232672 0.778164
vt 0.220598 0.767228
vt 0.250809 0.730774
vt 0.239872 0.721481
vt 0.228969 0.712174
vt 0.215724 0.720491
vt 0.218187 0.702815
vt 0.212267 0.738222
vt 0.208189 0.756434
vt 0.244314 0.789284
vt 0.255105 0.671126
vt 0.242614 0.682741
vt 0.244032 0.663550
vt 0.231735 0.674616
vt 0.233041 0.655940
vt 0.253562 0.690837
vt 0.241258 0.702218
vt 0.230439 0.693516
vt 0.256731 0.652315
vt 0.245507 0.645189
vt 0.234374 0.638025
vt 0.222082 0.648315
vt 0.223269 0.630848
vt 0.220899 0.666472
vt 0.219679 0.684788
vt 0.252130 0.710898
vt 0.261797 0.604230
vt 0.248573 0.612383
vt 0.250103 0.598001
vt 0.237138 0.605886
vt 0.238517 0.591726
vt 0.260111 0.618836
vt 0.247030 0.628107
vt 0.235747 0.621314
vt 0.263436 0.591027
vt 0.251589 0.584948
vt 0.239853 0.578821
vt 0.226958 0.585439
vt 0.228145 0.572683
vt 0.225730 0.599377
vt 0.224491 0.614509
vt 0.258411 0.634859
vt 0.268035 0.556825
vt 0.254383 0.561968
vt 0.255749 0.550909
vt 0.242359 0.555964
vt 0.243582 0.544942
vt 0.266524 0.567922
vt 0.253008 0.573109
vt 0.241126 0.567063
vt 0.269571 0.545162
vt 0.257138 0.539315
vt 0.244830 0.533414
vt 0.231435 0.538967
vt 0.232533 0.527509
vt 0.230359 0.549950
vt 0.229272 0.561006
vt 0.265003 0.579107
vt 0.274564 0.503498
vt 0.260089 0.512960
vt 0.261670 0.498208
vt 0.247495 0.507364
vt 0.248921 0.492855
vt 0.272824 0.518495
vt 0.258581 0.526682
vt 0.246131 0.520905
vt 0.276388 0.487479
vt 0.263332 0.482487
vt 0.250421 0.477432
vt 0.236157 0.487509
vt 0.237503 0.472380
vt 0.234885 0.501776
vt 0.233679 0.515128
vt 0.271163 0.532404
vt 0.281979 0.436639
vt 0.266796 0.449142
vt 0.268430 0.432687
vt 0.253554 0.444789
vt 0.255028 0.428671
vt 0.280185 0.453434
vt 0.265066 0.465953
vt 0.251989 0.461241
vt 0.283573 0.420886
vt 0.269873 0.417217
vt 0.256322 0.413485
vt 0.241623 0.424657
vt 0.242767 0.409755
vt 0.240311 0.440435
vt 0.238912 0.456529
vt 0.278289 0.470603
vt 0.287093 0.380510
vt 0.272092 0.390064
vt 0.273015 0.377328
vt 0.258277 0.386690
vt 0.259078 0.374086
vt 0.286052 0.393378
vt 0.271066 0.403154
vt 0.257379 0.399627
vt 0.288091 0.367361
vt 0.273896 0.364325
vt 0.259838 0.361230
vt 0.245120 0.370853
vt 0.245753 0.358147
vt 0.244448 0.383322
vt 0.243685 0.396104
vt 0.284900 0.406618
vt 0.291151 0.323642
vt 0.275694 0.336147
vt 0.276596 0.321271
vt 0.261389 0.333470
vt 0.262166 0.318847
vt 0.290127 0.338770
vt 0.274788 0.350572
vt 0.260608 0.347667
vt 0.292152 0.308269
vt 0.277475 0.306163
vt 0.262920 0.304006
vt 0.247689 0.316442
vt 0.248312 0.301870
vt 0.247045 0.330810
vt 0.246394 0.344777
vt 0.289101 0.353420
vt 0.294638 0.263019
vt 0.279037 0.276140
vt 0.279619 0.261664
vt 0.264238 0.274506
vt 0.264710 0.260263
vt 0.293948 0.277725
vt 0.278305 0.291046
vt 0.263625 0.289156
vt 0.295119 0.248996
vt 0.280003 0.247837
vt 0.264994 0.246632
vt 0.249733 0.258890
vt 0.249914 0.245456
vt 0.249377 0.272899
vt 0.248888 0.287291
vt 0.293101 0.292886
vt 0.293834 0.202105
vt 0.279725 0.219841
vt 0.278555 0.201790
vt 0.264571 0.219049
vt 0.263384 0.201430
vt 0.294984 0.220589
vt 0.280111 0.234480
vt 0.265018 0.233445
vt 0.291805 0.177662
vt 0.276547 0.178097
vt 0.261334 0.178513
vt 0.248141 0.201101
vt 0.246016 0.178974
vt 0.249344 0.218287
vt 0.249851 0.232441
vt 0.295311 0.235470
vt 0.257927 0.149070
vt 0.268171 0.111988
vt 0.273188 0.147530
vt 0.282937 0.110506
vt 0.288384 0.146125
vt 0.253229 0.114393
vt 0.262256 0.073550
vt 0.276229 0.073886
vt 0.264460 0.003984
vt 0.237882 0.002580
vt 0.247804 0.076235
vt 0.223502 0.008446
vt 0.233069 0.080631
vt 0.238172 0.117356
vt 0.242618 0.150693
vt 0.204492 0.710604
vt 0.188931 0.717348
vt 0.193393 0.700660
vt 0.178235 0.706498
vt 0.182316 0.690707
vt 0.200359 0.727887
vt 0.183612 0.734743
vt 0.172702 0.723312
vt 0.207301 0.693500
vt 0.196303 0.684233
vt 0.185248 0.674990
vt 0.171295 0.680730
vt 0.174237 0.665729
vt 0.167197 0.695794
vt 0.161926 0.711824
vt 0.195667 0.745688
vt 0.211091 0.640705
vt 0.199021 0.650273
vt 0.199954 0.633156
vt 0.187957 0.642227
vt 0.188768 0.625628
vt 0.210034 0.658341
vt 0.197916 0.667436
vt 0.186917 0.658811
vt 0.212126 0.623688
vt 0.200835 0.616590
vt 0.189499 0.609511
vt 0.177581 0.618101
vt 0.178164 0.602432
vt 0.176893 0.634180
vt 0.175943 0.650174
vt 0.208877 0.676078
vt 0.215335 0.579180
vt 0.202653 0.586472
vt 0.203559 0.572986
vt 0.191005 0.580066
vt 0.191755 0.566803
vt 0.214267 0.592892
vt 0.201736 0.601003
vt 0.190245 0.594298
vt 0.216365 0.566575
vt 0.204430 0.560533
vt 0.192472 0.554501
vt 0.179951 0.560621
vt 0.180515 0.548468
vt 0.179357 0.573659
vt 0.178754 0.587593
vt 0.213188 0.607724
vt 0.219199 0.533030
vt 0.206033 0.538060
vt 0.206810 0.527158
vt 0.193779 0.532154
vt 0.194409 0.521291
vt 0.218273 0.543972
vt 0.205249 0.549025
vt 0.193141 0.543075
vt 0.220144 0.521643
vt 0.207605 0.515841
vt 0.195056 0.510043
vt 0.182007 0.515424
vt 0.182506 0.504245
vt 0.181524 0.526248
vt 0.181034 0.537125
vt 0.217337 0.554983
vt 0.195742 0.498044
vt 0.209330 0.490742
vt 0.208442 0.503715
vt 0.222179 0.496229
vt 0.221134 0.509390
vt 0.196475 0.485258
vt 0.210275 0.476968
vt 0.223285 0.482209
vt 0.224458 0.467383
vt 0.197261 0.471728
vt 0.211283 0.462440
vt 0.184247 0.466489
vt 0.198106 0.457499
vt 0.183620 0.479774
vt 0.183041 0.492373
vt 0.199003 0.442682
vt 0.213409 0.431905
vt 0.212348 0.447280
vt 0.226920 0.436145
vt 0.225691 0.451879
vt 0.199897 0.427666
vt 0.214394 0.416806
vt 0.228067 0.420707
vt 0.184929 0.452557
vt 0.229056 0.406090
vt 0.200721 0.412906
vt 0.215232 0.402474
vt 0.187048 0.409006
vt 0.201408 0.398858
vt 0.186386 0.423427
vt 0.185659 0.438084
vt 0.201909 0.385828
vt 0.216348 0.376772
vt 0.215870 0.389238
vt 0.230450 0.380025
vt 0.229831 0.392648
vt 0.202253 0.373517
vt 0.216746 0.364581
vt 0.230984 0.367695
vt 0.187583 0.395242
vt 0.231482 0.355144
vt 0.202511 0.361466
vt 0.217109 0.352183
vt 0.188287 0.358345
vt 0.202738 0.349222
vt 0.188166 0.370258
vt 0.187948 0.382418
vt 0.202970 0.336438
vt 0.217854 0.325703
vt 0.217479 0.339203
vt 0.232500 0.328235
vt 0.231987 0.341968
vt 0.203206 0.323171
vt 0.218222 0.311852
vt 0.233006 0.314126
vt 0.188376 0.346257
vt 0.233490 0.299826
vt 0.203436 0.309580
vt 0.218570 0.297823
vt 0.188656 0.307304
vt 0.203647 0.295822
vt 0.188566 0.320637
vt 0.188469 0.333670
vt 0.203822 0.282058
vt 0.219112 0.269916
vt 0.218879 0.283788
vt 0.234291 0.271388
vt 0.233932 0.285519
vt 0.203929 0.268445
vt 0.219232 0.256377
vt 0.234528 0.257614
vt 0.188731 0.293818
vt 0.234602 0.244380
vt 0.203933 0.255141
vt 0.219203 0.243341
vt 0.188643 0.253902
vt 0.203801 0.242303
vt 0.188754 0.266972
vt 0.188773 0.280326
vt 0.203477 0.229800
vt 0.218340 0.216999
vt 0.218964 0.230668
vt 0.233883 0.217626
vt 0.234449 0.231537
vt 0.202796 0.216372
vt 0.217112 0.200673
vt 0.232666 0.200870
vt 0.188409 0.241260
vt 0.230535 0.179505
vt 0.201559 0.200476
vt 0.215038 0.180041
vt 0.186022 0.200271
vt 0.199545 0.180577
vt 0.187267 0.215739
vt 0.188001 0.228927
vt 0.188649 0.094704
vt 0.207972 0.123488
vt 0.192867 0.126556
vt 0.196596 0.155635
vt 0.203461 0.090011
vt 0.223078 0.120420
vt 0.211938 0.153987
vt 0.165618 0.034098
vt 0.173847 0.099393
vt 0.177776 0.129618
vt 0.181271 0.157276
vt 0.184069 0.181105
vt 0.227283 0.152338
vt 0.218271 0.085319
vt 0.209031 0.014859
vt 0.194560 0.021272
vt 0.180089 0.027685
vt 0.129612 0.113388
vt 0.147686 0.135703
vt 0.132715 0.138714
vt 0.150728 0.160512
vt 0.135537 0.162096
vt 0.144316 0.108740
vt 0.162711 0.132669
vt 0.165977 0.158904
vt 0.107734 0.059749
vt 0.114923 0.118029
vt 0.117807 0.141698
vt 0.120418 0.163649
vt 0.122625 0.183022
vt 0.137889 0.182584
vt 0.153227 0.182114
vt 0.168625 0.181619
vt 0.159065 0.104074
vt 0.151147 0.040510
vt 0.136676 0.046923
vt 0.122205 0.053336
vt 0.141790 0.226217
vt 0.156307 0.214432
vt 0.157144 0.227142
vt 0.171766 0.215094
vt 0.172552 0.228043
vt 0.140905 0.213745
vt 0.155053 0.199818
vt 0.170515 0.200054
vt 0.127232 0.236924
vt 0.142440 0.238045
vt 0.157715 0.239137
vt 0.173043 0.240206
vt 0.139650 0.199556
vt 0.124320 0.199264
vt 0.125575 0.213027
vt 0.126506 0.225264
vt 0.143799 0.275054
vt 0.158484 0.263991
vt 0.158749 0.276829
vt 0.173602 0.265489
vt 0.173744 0.278584
vt 0.143414 0.262472
vt 0.158147 0.251387
vt 0.173377 0.252652
vt 0.129378 0.285669
vt 0.144145 0.287737
vt 0.158968 0.289781
vt 0.173834 0.291806
vt 0.142968 0.250100
vt 0.127854 0.248786
vt 0.128406 0.260927
vt 0.128908 0.273254
vt 0.145103 0.325306
vt 0.159348 0.315541
vt 0.159529 0.328106
vt 0.173943 0.318095
vt 0.173985 0.330894
vt 0.144793 0.312970
vt 0.159164 0.302725
vt 0.173895 0.305021
vt 0.131086 0.334329
vt 0.145399 0.337315
vt 0.159712 0.340301
vt 0.174032 0.343284
vt 0.144473 0.300412
vt 0.129829 0.298079
vt 0.130263 0.310389
vt 0.130681 0.322504
vt 0.146064 0.372188
vt 0.159995 0.363739
vt 0.160025 0.375598
vt 0.174080 0.366999
vt 0.173986 0.379008
vt 0.145909 0.360480
vt 0.159878 0.352089
vt 0.174080 0.355218
vt 0.132286 0.380779
vt 0.146110 0.384395
vt 0.159935 0.388011
vt 0.173759 0.391626
vt 0.145676 0.348959
vt 0.131474 0.345830
vt 0.131823 0.357221
vt 0.132103 0.368778
vt 0.145625 0.424290
vt 0.159362 0.414948
vt 0.158970 0.428888
vt 0.172874 0.419188
vt 0.172314 0.433486
vt 0.145851 0.410709
vt 0.159701 0.401206
vt 0.173375 0.405106
vt 0.132220 0.432792
vt 0.145398 0.437733
vt 0.158575 0.442675
vt 0.171752 0.447616
vt 0.146028 0.397305
vt 0.132355 0.393405
vt 0.132339 0.406470
vt 0.132281 0.419692
vt 0.144940 0.475359
vt 0.157910 0.468806
vt 0.157641 0.481030
vt 0.170765 0.474290
vt 0.170341 0.486702
vt 0.145055 0.463322
vt 0.158220 0.456009
vt 0.171234 0.461249
vt 0.132309 0.481053
vt 0.144859 0.486851
vt 0.157408 0.492649
vt 0.169957 0.498447
vt 0.145206 0.450770
vt 0.132192 0.445530
vt 0.132200 0.457838
vt 0.132240 0.469688
vt 0.144713 0.519276
vt 0.157015 0.514435
vt 0.156820 0.525225
vt 0.169270 0.520341
vt 0.168927 0.531175
vt 0.144761 0.508529
vt 0.157205 0.503691
vt 0.169606 0.509558
vt 0.132662 0.524349
vt 0.144643 0.530371
vt 0.156600 0.536403
vt 0.168558 0.542436
vt 0.144804 0.497824
vt 0.132403 0.491957
vt 0.132506 0.502623
vt 0.132571 0.513340
vt 0.144281 0.567479
vt 0.156061 0.560847
vt 0.155772 0.574184
vt 0.167709 0.567253
vt 0.167263 0.580889
vt 0.144413 0.554440
vt 0.156343 0.548256
vt 0.168147 0.554438
vt 0.132811 0.574122
vt 0.144158 0.581196
vt 0.155493 0.588275
vt 0.166828 0.595354
vt 0.144540 0.542073
vt 0.132763 0.535893
vt 0.132789 0.548035
vt 0.132773 0.560781
vt 0.142977 0.624283
vt 0.154764 0.618088
vt 0.153970 0.632911
vt 0.165828 0.626134
vt 0.164963 0.641540
vt 0.143700 0.610041
vt 0.155209 0.603045
vt 0.166395 0.610573
vt 0.130642 0.628492
vt 0.141640 0.637759
vt 0.152550 0.647063
vt 0.163302 0.656435
vt 0.144022 0.595518
vt 0.132834 0.587991
vt 0.132603 0.602009
vt 0.131980 0.615656
vt 0.130164 0.677118
vt 0.145419 0.674258
vt 0.140272 0.688890
vt 0.156253 0.685049
vt 0.150928 0.700430
vt 0.135265 0.663177
vt 0.149628 0.660616
vt 0.160299 0.670742
vt 0.139237 0.650371
vt 0.128406 0.640313
vt 0.125043 0.652125
vt 0.120275 0.665253
vt 0.088052 0.632612
vt 0.102823 0.631183
vt 0.098588 0.642887
vt 0.113996 0.641475
vt 0.109619 0.653783
vt 0.091742 0.621461
vt 0.105708 0.620896
vt 0.117305 0.630402
vt 0.119382 0.619353
vt 0.094385 0.611660
vt 0.107593 0.610541
vt 0.084135 0.602548
vt 0.096157 0.601782
vt 0.081736 0.612194
vt 0.078361 0.623224
vt 0.096802 0.590899
vt 0.109019 0.586552
vt 0.108744 0.598988
vt 0.121106 0.594149
vt 0.120482 0.607250
vt 0.096850 0.579026
vt 0.109185 0.573583
vt 0.121308 0.580608
vt 0.085359 0.593055
vt 0.121230 0.567195
vt 0.099083 0.566386
vt 0.111656 0.560448
vt 0.089365 0.558762
vt 0.102802 0.553523
vt 0.086460 0.571055
vt 0.085691 0.582584
vt 0.042016 0.284059
vt 0.028553 0.292319
vt 0.027381 0.281722
vt 0.043083 0.294900
vt 0.029724 0.302892
vt 0.056652 0.286395
vt 0.057613 0.297482
vt 0.044146 0.305693
vt 0.026206 0.271112
vt 0.012745 0.279385
vt 0.011467 0.269033
vt 0.014023 0.289737
vt 0.015301 0.300090
vt 0.016579 0.310442
vt 0.030893 0.313428
vt 0.058569 0.308495
vt 0.045206 0.316414
vt 0.072991 0.311297
vt 0.059519 0.319400
vt 0.072143 0.300063
vt 0.071287 0.288732
vt 0.070423 0.277351
vt 0.055684 0.275271
vt 0.040945 0.273192
vt 0.046261 0.327053
vt 0.033221 0.334406
vt 0.032059 0.323924
vt 0.047307 0.337665
vt 0.034374 0.344909
vt 0.060464 0.330182
vt 0.061393 0.340924
vt 0.048336 0.348319
vt 0.017857 0.320794
vt 0.019135 0.331146
vt 0.020413 0.341499
vt 0.021691 0.351851
vt 0.035516 0.355467
vt 0.062297 0.351729
vt 0.049340 0.359083
vt 0.076258 0.355139
vt 0.063164 0.362699
vt 0.075479 0.344184
vt 0.074666 0.333312
vt 0.073832 0.322385
vt 0.050316 0.370004
vt 0.037759 0.376795
vt 0.036642 0.366104
vt 0.051270 0.381034
vt 0.038870 0.387506
vt 0.063989 0.373904
vt 0.064782 0.385273
vt 0.052214 0.392104
vt 0.022969 0.362204
vt 0.024247 0.372556
vt 0.025525 0.382908
vt 0.026803 0.393260
vt 0.039980 0.398202
vt 0.065559 0.396702
vt 0.053157 0.403143
vt 0.078903 0.401300
vt 0.066335 0.408085
vt 0.078293 0.389513
vt 0.077662 0.377804
vt 0.076989 0.366315
vt 0.054109 0.414092
vt 0.042214 0.419449
vt 0.041095 0.408852
vt 0.055069 0.424933
vt 0.043337 0.429989
vt 0.067123 0.419332
vt 0.067924 0.430417
vt 0.056038 0.435660
vt 0.028081 0.403613
vt 0.029359 0.413965
vt 0.030637 0.424317
vt 0.031915 0.434669
vt 0.044464 0.440467
vt 0.068738 0.441331
vt 0.057014 0.446265
vt 0.081439 0.447002
vt 0.069563 0.452063
vt 0.080779 0.435901
vt 0.080137 0.424571
vt 0.079512 0.413026
vt 0.057995 0.456756
vt 0.046725 0.461280
vt 0.045594 0.450889
vt 0.058772 0.467275
vt 0.047774 0.471711
vt 0.070248 0.462686
vt 0.070488 0.473410
vt 0.059200 0.477951
vt 0.033193 0.445022
vt 0.034471 0.455374
vt 0.035749 0.465726
vt 0.037027 0.476079
vt 0.048590 0.482279
vt 0.070650 0.484180
vt 0.059677 0.488681
vt 0.082630 0.490184
vt 0.070992 0.494987
vt 0.082571 0.479389
vt 0.082455 0.468635
vt 0.082108 0.457863
vt 0.060450 0.499418
vt 0.050598 0.503459
vt 0.049477 0.492882
vt 0.061386 0.510231
vt 0.051770 0.514088
vt 0.071373 0.505975
vt 0.072390 0.517018
vt 0.062506 0.521114
vt 0.038273 0.486444
vt 0.039505 0.496817
vt 0.040818 0.507154
vt 0.042101 0.517504
vt 0.052950 0.524790
vt 0.075066 0.528063
vt 0.063882 0.532134
vt 0.089974 0.534806
vt 0.077132 0.539464
vt 0.086546 0.523459
vt 0.083269 0.512350
vt 0.082519 0.501203
vt 0.070855 0.131952
vt 0.088027 0.147651
vt 0.073137 0.150627
vt 0.090303 0.166703
vt 0.075247 0.168230
vt 0.085544 0.127311
vt 0.102917 0.144674
vt 0.105360 0.165177
vt 0.049849 0.085401
vt 0.056166 0.136593
vt 0.058248 0.153604
vt 0.060191 0.169756
vt 0.061927 0.184621
vt 0.077098 0.184223
vt 0.092269 0.183824
vt 0.107440 0.183426
vt 0.100234 0.122670
vt 0.093262 0.066162
vt 0.078791 0.072575
vt 0.064320 0.078988
vt 0.014261 0.162704
vt 0.030106 0.172816
vt 0.015107 0.174357
vt 0.028686 0.159612
vt 0.045138 0.171284
vt 0.014290 0.151064
vt 0.027471 0.146046
vt 0.043385 0.156587
vt 0.001244 0.186214
vt 0.016414 0.185816
vt 0.031585 0.185418
vt 0.046756 0.185019
vt 0.041563 0.141256
vt 0.035542 0.091855
vt 0.022220 0.098555
vt 0.010865 0.105748
vt 0.002300 0.113638
vt 0.001839 0.156265
vt 0.000000 0.165838
vt 0.000130 0.175903
vt 0.080953 0.222274
vt 0.095109 0.211509
vt 0.096128 0.223274
vt 0.110328 0.212274
vt 0.111303 0.224275
vt 0.079891 0.210744
vt 0.093852 0.198597
vt 0.109074 0.198936
vt 0.066782 0.232279
vt 0.081888 0.233443
vt 0.096995 0.234606
vt 0.112102 0.235770
vt 0.078631 0.198259
vt 0.063409 0.197920
vt 0.064673 0.209979
vt 0.065778 0.221273
vt 0.084387 0.267789
vt 0.098526 0.257780
vt 0.099227 0.269611
vt 0.113462 0.259356
vt 0.114066 0.271433
vt 0.083590 0.256205
vt 0.097786 0.246088
vt 0.112812 0.247441
vt 0.085162 0.279430
vt 0.099901 0.281510
vt 0.114640 0.283589
vt 0.082761 0.244736
vt 0.067735 0.243384
vt 0.068654 0.254630
vt 0.069548 0.265968
vt 0.087413 0.314099
vt 0.101203 0.305226
vt 0.101836 0.316901
vt 0.115733 0.307808
vt 0.116258 0.319702
vt 0.086673 0.302645
vt 0.100558 0.293405
vt 0.115194 0.295742
vt 0.088146 0.325371
vt 0.102459 0.328357
vt 0.116772 0.331343
vt 0.085923 0.291069
vt 0.090219 0.358549
vt 0.103651 0.350702
vt 0.104180 0.361959
vt 0.117737 0.353962
vt 0.118142 0.365369
vt 0.089565 0.347443
vt 0.103070 0.339571
vt 0.117272 0.342700
vt 0.090813 0.369931
vt 0.104637 0.373547
vt 0.118462 0.377163
vt 0.088868 0.336442
vt 0.092247 0.405898
vt 0.105316 0.397991
vt 0.105592 0.410496
vt 0.118828 0.402231
vt 0.118936 0.415094
vt 0.091805 0.393752
vt 0.105008 0.385605
vt 0.118682 0.389505
vt 0.092689 0.417967
vt 0.105866 0.422909
vt 0.119043 0.427850
vt 0.091335 0.381704
vt 0.094139 0.452674
vt 0.106489 0.446869
vt 0.106839 0.458345
vt 0.119345 0.452353
vt 0.119540 0.464016
vt 0.093634 0.441385
vt 0.106164 0.435051
vt 0.119178 0.440290
vt 0.094658 0.463661
vt 0.107211 0.469457
vt 0.119760 0.475255
vt 0.093150 0.429811
vt 0.107596 0.480225
vt 0.095092 0.485181
vt 0.094977 0.474451
vt 0.107632 0.490966
vt 0.094877 0.496075
vt 0.120001 0.486090
vt 0.120048 0.496804
vt 0.107397 0.501849
vt 0.094903 0.507154
vt 0.119962 0.507604
vt 0.108114 0.512883
vt 0.120459 0.518584
vt 0.104140 0.541243
vt 0.113895 0.535568
vt 0.114269 0.547610
vt 0.123136 0.541672
vt 0.122469 0.554147
vt 0.101504 0.529631
vt 0.110969 0.524117
vt 0.122087 0.529893
vt 0.091069 0.546592
vt 0.097520 0.518336
vt 0.064791 0.543464
vt 0.054945 0.546384
vt 0.054052 0.535577
vt 0.065091 0.554718
vt 0.055677 0.557043
vt 0.077231 0.551237
vt 0.076080 0.562919
vt 0.065373 0.565588
vt 0.043324 0.527880
vt 0.044625 0.538222
vt 0.045915 0.548570
vt 0.047068 0.558975
vt 0.056301 0.567386
vt 0.075699 0.573951
vt 0.065856 0.575761
vt 0.075573 0.584271
vt 0.055344 0.600379
vt 0.064876 0.595467
vt 0.062399 0.607287
vt 0.072991 0.603508
vt 0.069936 0.614821
vt 0.056835 0.588004
vt 0.065913 0.585353
vt 0.074803 0.593755
vt 0.056877 0.577402
vt 0.048254 0.569468
vt 0.049037 0.580742
vt 0.048580 0.593762
vt 0.037684 0.240680
vt 0.023847 0.249904
vt 0.022659 0.239328
vt 0.038783 0.251479
vt 0.025029 0.260502
vt 0.052710 0.242032
vt 0.053719 0.253054
vt 0.039869 0.262324
vt 0.021462 0.228787
vt 0.007633 0.237976
vt 0.006355 0.227624
vt 0.008911 0.248328
vt 0.010189 0.258680
vt 0.054708 0.264146
vt 0.051675 0.231115
vt 0.036569 0.229951
vt 0.032965 0.197244
vt 0.019018 0.207684
vt 0.017743 0.196905
vt 0.034236 0.208449
vt 0.020253 0.218272
vt 0.048187 0.197582
vt 0.049454 0.209214
vt 0.035428 0.219272
vt 0.002522 0.196567
vt 0.003800 0.206919
vt 0.005078 0.217271
vt 0.050603 0.220273
vt 0.145561 0.852497
vt 0.129974 0.854438
vt 0.135172 0.839731
vt 0.140511 0.867142
vt 0.125002 0.867780
vt 0.156080 0.865208
vt 0.151173 0.879791
vt 0.135736 0.880399
vt 0.109249 0.867886
vt 0.120042 0.880481
vt 0.146555 0.893371
vt 0.130835 0.893075
vt 0.141811 0.907165
vt 0.436467 0.331308
vt 0.472037 0.344088
vt 0.435595 0.345893
vt 0.391263 0.781563
vt 0.422891 0.800680
vt 0.386350 0.802527
vt 0.340046 0.936347
vt 0.371099 0.947307
vt 0.334557 0.949154
vt 0.394309 0.761774
vt 0.427804 0.779716
vt 0.433866 0.372864
vt 0.469478 0.383837
vt 0.432936 0.385684
vt 0.440677 0.228422
vt 0.476400 0.240368
vt 0.440578 0.241909
vt 0.416519 0.537442
vt 0.451525 0.547257
vt 0.414983 0.549104
vt 0.359650 0.871042
vt 0.388591 0.893036
vt 0.352049 0.894883
vt 0.440276 0.213573
vt 0.476460 0.226898
vt 0.405359 0.627138
vt 0.440221 0.642748
vt 0.403680 0.644595
vt 0.407060 0.611115
vt 0.441901 0.625291
vt 0.415277 0.823330
vt 0.378735 0.825177
vt 0.440212 0.255883
vt 0.475602 0.268939
vt 0.439658 0.270532
vt 0.402053 0.663405
vt 0.437052 0.681269
vt 0.400510 0.683116
vt 0.430521 0.413165
vt 0.465470 0.427072
vt 0.428928 0.428919
vt 0.418111 0.524683
vt 0.453061 0.535594
vt 0.419773 0.510774
vt 0.454653 0.522836
vt 0.450015 0.558354
vt 0.413473 0.560202
vt 0.438170 0.300944
vt 0.473556 0.314535
vt 0.437331 0.316248
vt 0.431844 0.398899
vt 0.467063 0.411318
vt 0.397758 0.723054
vt 0.432832 0.740619
vt 0.396290 0.742466
vt 0.468386 0.397052
vt 0.365578 0.956313
vt 0.329036 0.958160
vt 0.463676 0.443866
vt 0.427134 0.445713
vt 0.438961 0.285628
vt 0.474291 0.299276
vt 0.410384 0.583307
vt 0.445288 0.594662
vt 0.408746 0.596509
vt 0.382332 0.916375
vt 0.345790 0.918222
vt 0.474987 0.284000
vt 0.399078 0.703177
vt 0.434300 0.721206
vt 0.405692 0.846732
vt 0.369150 0.848580
vt 0.435620 0.701330
vt 0.472803 0.329548
vt 0.430850 0.759926
vt 0.396192 0.869195
vt 0.423337 0.479759
vt 0.458054 0.493930
vt 0.421512 0.495778
vt 0.411952 0.571386
vt 0.446926 0.581460
vt 0.448494 0.569539
vt 0.439086 0.195105
vt 0.476031 0.212060
vt 0.443601 0.609268
vt 0.434729 0.359772
vt 0.470407 0.371018
vt 0.425237 0.462882
vt 0.459879 0.477912
vt 0.461779 0.461035
vt 0.456315 0.508927
vt 0.476087 0.254319
vt 0.376588 0.934500
vt 0.471241 0.357938
vt 0.438595 0.661558
vt 0.292300 0.669001
vt 0.293926 0.650190
vt 0.328970 0.667100
vt 0.330596 0.648289
vt 0.365512 0.665253
vt 0.367138 0.646442
vt 0.325398 0.365188
vt 0.326437 0.351236
vt 0.362012 0.363311
vt 0.363032 0.349366
vt 0.398369 0.361542
vt 0.399328 0.347623
vt 0.230234 0.941968
vt 0.236014 0.923828
vt 0.266962 0.940041
vt 0.272706 0.921917
vt 0.303504 0.938194
vt 0.309248 0.920070
vt 0.332109 0.260777
vt 0.332604 0.246748
vt 0.368548 0.258973
vt 0.369017 0.244956
vt 0.404458 0.257395
vt 0.404878 0.243398
vt 0.310020 0.516370
vt 0.311759 0.501373
vt 0.346689 0.514468
vt 0.348428 0.499472
vt 0.383231 0.512621
vt 0.384970 0.497625
vt 0.315484 0.468478
vt 0.317381 0.451309
vt 0.352154 0.466576
vt 0.354050 0.449407
vt 0.388696 0.464729
vt 0.390592 0.447560
vt 0.313584 0.485354
vt 0.350253 0.483453
vt 0.386795 0.481606
vt 0.324372 0.378350
vt 0.361003 0.376465
vt 0.397418 0.374672
vt 0.297306 0.616711
vt 0.298993 0.602105
vt 0.333976 0.614809
vt 0.335662 0.600204
vt 0.370518 0.612962
vt 0.372204 0.598357
vt 0.332492 0.218331
vt 0.331347 0.199844
vt 0.368857 0.216559
vt 0.367697 0.198079
vt 0.404647 0.215031
vt 0.403471 0.196558
vt 0.302199 0.576981
vt 0.303720 0.565797
vt 0.338868 0.575080
vt 0.340389 0.563896
vt 0.375410 0.573233
vt 0.376931 0.562049
vt 0.300631 0.588902
vt 0.337300 0.587001
vt 0.373842 0.585154
vt 0.249858 0.876654
vt 0.259383 0.854181
vt 0.286566 0.874736
vt 0.296066 0.852274
vt 0.323108 0.872889
vt 0.332608 0.850427
vt 0.284555 0.767369
vt 0.286537 0.748062
vt 0.321225 0.765468
vt 0.323206 0.746160
vt 0.357767 0.763621
vt 0.359748 0.744313
vt 0.327490 0.336574
vt 0.328540 0.321434
vt 0.364063 0.334713
vt 0.365089 0.319584
vt 0.400294 0.332998
vt 0.401253 0.317897
vt 0.289325 0.708773
vt 0.290757 0.688712
vt 0.325995 0.706872
vt 0.327426 0.686810
vt 0.362536 0.705025
vt 0.363968 0.684963
vt 0.268978 0.830774
vt 0.305651 0.828872
vt 0.342193 0.827024
vt 0.288005 0.728649
vt 0.324674 0.726748
vt 0.361216 0.724901
vt 0.330536 0.290659
vt 0.331403 0.275490
vt 0.367032 0.288832
vt 0.367870 0.273675
vt 0.403062 0.287202
vt 0.403837 0.272072
vt 0.242264 0.900492
vt 0.278965 0.898577
vt 0.315507 0.896730
vt 0.329565 0.306051
vt 0.366088 0.304212
vt 0.402185 0.302554
vt 0.319175 0.434514
vt 0.355844 0.432613
vt 0.392386 0.430766
vt 0.219143 0.963815
vt 0.182088 0.965881
vt 0.224710 0.954790
vt 0.255952 0.961854
vt 0.261473 0.952848
vt 0.292494 0.960007
vt 0.298015 0.951001
vt 0.322117 0.404483
vt 0.323301 0.391230
vt 0.358777 0.402586
vt 0.359947 0.389338
vt 0.395302 0.400746
vt 0.396416 0.387522
vt 0.320768 0.418761
vt 0.357437 0.416860
vt 0.393979 0.415012
vt 0.305230 0.554700
vt 0.341899 0.552798
vt 0.378441 0.550951
vt 0.308358 0.530279
vt 0.345028 0.528377
vt 0.381569 0.526530
vt 0.306766 0.543037
vt 0.343435 0.541136
vt 0.379977 0.539289
vt 0.276596 0.808123
vt 0.313266 0.806221
vt 0.349808 0.804374
vt 0.295606 0.632734
vt 0.332276 0.630833
vt 0.368817 0.628985
vt 0.332808 0.233216
vt 0.369196 0.231435
vt 0.405018 0.229894
vt 0.281509 0.787159
vt 0.318179 0.785257
vt 0.354721 0.783410
vt 0.757091 0.831209
vt 0.736602 0.820665
vt 0.748083 0.808595
vt 0.766599 0.853353
vt 0.746475 0.843767
vt 0.725145 0.832744
vt 0.756192 0.866051
vt 0.735084 0.856040
vt 0.759865 0.796636
vt 0.740297 0.786742
vt 0.752493 0.775266
vt 0.768461 0.818929
vt 0.776794 0.840577
vt 0.783788 0.860166
vt 0.774210 0.873180
vt 0.763817 0.886439
vt 0.744807 0.878388
vt 0.717215 0.810179
vt 0.728613 0.798408
vt 0.908555 0.651136
vt 0.897314 0.637229
vt 0.902827 0.631042
vt 0.914812 0.671597
vt 0.903314 0.657162
vt 0.891042 0.644226
vt 0.909676 0.677567
vt 0.897284 0.664046
vt 0.907959 0.625259
vt 0.898258 0.612923
vt 0.903944 0.606780
vt 0.913402 0.645539
vt 0.919553 0.666068
vt 0.925691 0.685296
vt 0.920966 0.690817
vt 0.915854 0.696781
vt 0.903753 0.684414
vt 0.909968 0.703632
vt 0.896646 0.692580
vt 0.890071 0.672215
vt 0.883628 0.652438
vt 0.877752 0.634967
vt 0.885507 0.626656
vt 0.892227 0.619428
vt 0.784049 0.910267
vt 0.769262 0.908268
vt 0.779687 0.891391
vt 0.788693 0.928309
vt 0.774370 0.928092
vt 0.758708 0.925371
vt 0.779369 0.943794
vt 0.764399 0.943410
vt 0.789473 0.876969
vt 0.793958 0.892988
vt 0.798117 0.909292
vt 0.802860 0.924441
vt 0.793556 0.943546
vt 0.784218 0.957280
vt 0.769748 0.956133
vt 0.752448 0.902124
vt 0.881416 0.681957
vt 0.864892 0.673050
vt 0.874824 0.662134
vt 0.888099 0.702358
vt 0.871600 0.692992
vt 0.854389 0.684845
vt 0.878397 0.713464
vt 0.861151 0.704943
vt 0.868734 0.644604
vt 0.902921 0.711813
vt 0.894460 0.721622
vt 0.884868 0.732773
vt 0.867963 0.725470
vt 0.874563 0.744834
vt 0.857396 0.738011
vt 0.850755 0.717487
vt 0.844114 0.697269
vt 0.838096 0.679033
vt 0.848046 0.666808
vt 0.858689 0.655328
vt 0.840809 0.730293
vt 0.824651 0.722702
vt 0.834378 0.709984
vt 0.847297 0.750823
vt 0.831313 0.743266
vt 0.814932 0.735423
vt 0.837629 0.763794
vt 0.821727 0.756205
vt 0.828723 0.691552
vt 0.863960 0.757370
vt 0.853583 0.770089
vt 0.843616 0.782958
vt 0.827876 0.776734
vt 0.833609 0.795813
vt 0.817854 0.789575
vt 0.811660 0.768966
vt 0.804807 0.747994
vt 0.798350 0.728279
vt 0.808741 0.716135
vt 0.818828 0.703879
vt 0.801037 0.781522
vt 0.782779 0.772479
vt 0.793836 0.760253
vt 0.807909 0.802444
vt 0.790510 0.794114
vt 0.771474 0.784614
vt 0.797817 0.815258
vt 0.779739 0.806615
vt 0.788056 0.740458
vt 0.823587 0.808662
vt 0.813897 0.821635
vt 0.804104 0.834568
vt 0.787493 0.827987
vt 0.793931 0.847362
vt 0.764849 0.763848
vt 0.776998 0.752355
vt 0.939083 0.721651
vt 0.924893 0.713554
vt 0.929869 0.707536
vt 0.944353 0.734096
vt 0.933856 0.727854
vt 0.918361 0.720449
vt 0.939284 0.740772
vt 0.926915 0.734907
vt 0.933778 0.701976
vt 0.942950 0.715859
vt 0.947783 0.727591
vt 0.948831 0.737477
vt 0.947518 0.745592
vt 0.943369 0.752976
vt 0.932052 0.748049
vt 0.935881 0.760507
vt 0.922206 0.756500
vt 0.917134 0.743293
vt 0.910111 0.728657
vt 0.905614 0.753129
vt 0.890699 0.749630
vt 0.900206 0.738441
vt 0.910527 0.766386
vt 0.895975 0.764346
vt 0.880510 0.761733
vt 0.900880 0.777635
vt 0.885888 0.776487
vt 0.925669 0.769009
vt 0.914805 0.778914
vt 0.905599 0.790210
vt 0.890887 0.789811
vt 0.895696 0.802419
vt 0.880565 0.802451
vt 0.875493 0.789100
vt 0.870023 0.774313
vt 0.865110 0.801816
vt 0.849331 0.799772
vt 0.859576 0.787005
vt 0.870223 0.815182
vt 0.854780 0.814552
vt 0.839138 0.812558
vt 0.859909 0.827924
vt 0.844474 0.827296
vt 0.885440 0.815084
vt 0.875124 0.827825
vt 0.864808 0.840566
vt 0.849607 0.840669
vt 0.854493 0.853306
vt 0.839301 0.853414
vt 0.834190 0.840049
vt 0.828978 0.825356
vt 0.706435 0.750227
vt 0.719947 0.758861
vt 0.708723 0.769516
vt 0.717374 0.740189
vt 0.731629 0.748376
vt 0.723402 0.778008
vt 0.712041 0.789272
vt 0.735256 0.766926
vt 0.704638 0.730825
vt 0.715302 0.721395
vt 0.728462 0.730206
vt 0.725928 0.711951
vt 0.739254 0.720114
vt 0.743114 0.737817
vt 0.747493 0.755987
vt 0.699335 0.671209
vt 0.711924 0.682676
vt 0.701223 0.690908
vt 0.710179 0.663496
vt 0.722547 0.674415
vt 0.713601 0.702143
vt 0.702993 0.710959
vt 0.724148 0.693305
vt 0.697368 0.652410
vt 0.708379 0.645146
vt 0.720929 0.655749
vt 0.719286 0.637843
vt 0.731642 0.647988
vt 0.733121 0.666135
vt 0.734627 0.684441
vt 0.736413 0.702456
vt 0.691367 0.604360
vt 0.704702 0.612361
vt 0.693347 0.618954
vt 0.702891 0.597990
vt 0.715938 0.605724
vt 0.706543 0.628074
vt 0.695360 0.634965
vt 0.717614 0.621142
vt 0.689455 0.591169
vt 0.701144 0.584947
vt 0.714292 0.591574
vt 0.712706 0.578678
vt 0.725660 0.585146
vt 0.727144 0.599075
vt 0.728654 0.614198
vt 0.730160 0.630528
vt 0.684122 0.556998
vt 0.697876 0.561987
vt 0.685872 0.568085
vt 0.696282 0.550937
vt 0.709747 0.555839
vt 0.699482 0.573118
vt 0.687634 0.579259
vt 0.711200 0.566929
vt 0.682338 0.545347
vt 0.694655 0.539353
vt 0.708304 0.544825
vt 0.706829 0.533306
vt 0.720304 0.538705
vt 0.721590 0.549680
vt 0.722887 0.560728
vt 0.724235 0.572398
vt 0.676494 0.503718
vt 0.691180 0.513018
vt 0.678536 0.518702
vt 0.689310 0.498277
vt 0.703661 0.507275
vt 0.692959 0.526730
vt 0.680481 0.532599
vt 0.705285 0.520805
vt 0.674348 0.487712
vt 0.687341 0.482568
vt 0.701959 0.492775
vt 0.700168 0.477363
vt 0.714626 0.487280
vt 0.716161 0.501538
vt 0.717614 0.514881
vt 0.718991 0.527255
vt 0.667753 0.436911
vt 0.683231 0.449248
vt 0.669875 0.453692
vt 0.681285 0.432804
vt 0.696420 0.444742
vt 0.685286 0.466046
vt 0.672111 0.470848
vt 0.698293 0.461183
vt 0.665857 0.421169
vt 0.679553 0.417344
vt 0.694648 0.428634
vt 0.693078 0.413457
vt 0.708014 0.424466
vt 0.709609 0.440235
vt 0.711302 0.456320
vt 0.713002 0.472161
vt 0.661589 0.380817
vt 0.676845 0.390207
vt 0.662868 0.393677
vt 0.675695 0.377477
vt 0.690657 0.386676
vt 0.678106 0.403290
vt 0.664264 0.406910
vt 0.691779 0.399607
vt 0.660352 0.367674
vt 0.674584 0.364479
vt 0.689640 0.374077
vt 0.688659 0.361226
vt 0.703608 0.370686
vt 0.704485 0.383151
vt 0.705460 0.395928
vt 0.706608 0.409572
vt 0.656492 0.323973
vt 0.672286 0.336312
vt 0.657792 0.339095
vt 0.671119 0.321441
vt 0.686632 0.333475
vt 0.673447 0.350732
vt 0.659086 0.353740
vt 0.687657 0.347668
vt 0.655212 0.308606
vt 0.669974 0.306338
vt 0.685604 0.318856
vt 0.684597 0.304019
vt 0.700142 0.316291
vt 0.701023 0.330655
vt 0.701904 0.344618
vt 0.702766 0.357985
vt 0.651939 0.263369
vt 0.667897 0.276323
vt 0.652875 0.278072
vt 0.667080 0.261851
vt 0.682789 0.274526
vt 0.668881 0.291225
vt 0.653987 0.293228
vt 0.683642 0.289173
vt 0.651238 0.249349
vt 0.666486 0.248025
vt 0.682095 0.260285
vt 0.681612 0.246656
vt 0.697188 0.258749
vt 0.697754 0.272756
vt 0.698469 0.287146
vt 0.699281 0.301722
vt 0.652010 0.202447
vt 0.666421 0.220027
vt 0.651013 0.220940
vt 0.667445 0.201968
vt 0.681708 0.219069
vt 0.666196 0.234668
vt 0.650855 0.235823
vt 0.681414 0.233468
vt 0.653859 0.177990
vt 0.669284 0.178260
vt 0.682757 0.201443
vt 0.684657 0.178512
vt 0.698152 0.200948
vt 0.697079 0.218143
vt 0.696718 0.232300
vt 0.696818 0.245316
vt 0.687945 0.149046
vt 0.677446 0.112097
vt 0.692573 0.114340
vt 0.672492 0.147671
vt 0.662504 0.110774
vt 0.683317 0.073620
vt 0.697942 0.076148
vt 0.669187 0.074106
vt 0.700150 0.178807
vt 0.703451 0.150505
vt 0.657113 0.146429
vt 0.680833 0.004120
vt 0.693690 -0.000000
vt 0.707675 0.002429
vt 0.722232 0.008136
vt 0.712862 0.080383
vt 0.707823 0.117140
vt 0.750224 0.710087
vt 0.765972 0.716659
vt 0.754818 0.727340
vt 0.761041 0.700005
vt 0.776289 0.705669
vt 0.771693 0.734006
vt 0.759861 0.745095
vt 0.782214 0.722432
vt 0.747018 0.693004
vt 0.757752 0.683600
vt 0.771833 0.689912
vt 0.768551 0.674220
vt 0.782562 0.679797
vt 0.786997 0.694824
vt 0.792582 0.710801
vt 0.742392 0.640240
vt 0.754504 0.649664
vt 0.743728 0.657868
vt 0.753309 0.632554
vt 0.765339 0.641481
vt 0.755865 0.666817
vt 0.745154 0.675595
vt 0.766618 0.658055
vt 0.741079 0.623230
vt 0.752167 0.615994
vt 0.764283 0.624889
vt 0.763305 0.608777
vt 0.775257 0.617224
vt 0.776174 0.633298
vt 0.777342 0.649282
vt 0.779299 0.664821
vt 0.737103 0.578745
vt 0.749855 0.585889
vt 0.738413 0.592450
vt 0.748721 0.572410
vt 0.761335 0.579343
vt 0.751012 0.600414
vt 0.739748 0.607275
vt 0.762322 0.593570
vt 0.735848 0.566148
vt 0.747638 0.559963
vt 0.760371 0.566086
vt 0.759453 0.553788
vt 0.772021 0.559762
vt 0.772816 0.572796
vt 0.773631 0.586726
vt 0.774444 0.601560
vt 0.732407 0.532623
vt 0.745649 0.537501
vt 0.733531 0.543558
vt 0.744685 0.526605
vt 0.757783 0.531451
vt 0.746621 0.548461
vt 0.734666 0.554562
vt 0.758598 0.542367
vt 0.731257 0.521242
vt 0.743696 0.515293
vt 0.756976 0.520593
vt 0.756146 0.509349
vt 0.769268 0.514580
vt 0.769917 0.525400
vt 0.770574 0.536274
vt 0.771269 0.547613
vt 0.755266 0.497355
vt 0.741545 0.490207
vt 0.754325 0.484574
vt 0.742653 0.503174
vt 0.728771 0.495842
vt 0.740366 0.476439
vt 0.753319 0.471050
vt 0.727417 0.481831
vt 0.768597 0.503404
vt 0.767879 0.491536
vt 0.730049 0.508996
vt 0.725981 0.467012
vt 0.739110 0.461919
vt 0.752241 0.456826
vt 0.766272 0.465660
vt 0.765373 0.451734
vt 0.767106 0.478941
vt 0.751101 0.442016
vt 0.736465 0.431399
vt 0.749962 0.427006
vt 0.737787 0.446767
vt 0.722968 0.435792
vt 0.735227 0.416307
vt 0.748900 0.412252
vt 0.721553 0.420362
vt 0.764415 0.437266
vt 0.724474 0.451517
vt 0.720317 0.405752
vt 0.734156 0.401981
vt 0.747994 0.398210
vt 0.762574 0.408198
vt 0.761832 0.394438
vt 0.763459 0.422614
vt 0.747298 0.385183
vt 0.732647 0.376287
vt 0.746779 0.372874
vt 0.733311 0.388749
vt 0.718506 0.379697
vt 0.732069 0.364099
vt 0.746354 0.360825
vt 0.717780 0.367371
vt 0.761285 0.381617
vt 0.719324 0.392316
vt 0.717086 0.354822
vt 0.731522 0.351703
vt 0.745957 0.348582
vt 0.760626 0.357546
vt 0.760380 0.345458
vt 0.760902 0.369458
vt 0.745546 0.335800
vt 0.730383 0.325227
vt 0.745122 0.322535
vt 0.730960 0.338725
vt 0.715645 0.327919
vt 0.729806 0.311378
vt 0.744700 0.308944
vt 0.714917 0.313813
vt 0.760122 0.332872
vt 0.716374 0.341650
vt 0.714209 0.299516
vt 0.729250 0.297351
vt 0.744295 0.295188
vt 0.759584 0.306507
vt 0.759331 0.293021
vt 0.759853 0.319840
vt 0.743928 0.281424
vt 0.728304 0.269446
vt 0.743637 0.267812
vt 0.728735 0.283317
vt 0.712976 0.271081
vt 0.728000 0.255907
vt 0.743462 0.254507
vt 0.712542 0.257309
vt 0.759112 0.279529
vt 0.713547 0.285211
vt 0.712291 0.244075
vt 0.727863 0.242870
vt 0.743438 0.241667
vt 0.758913 0.253103
vt 0.759002 0.240460
vt 0.758961 0.266174
vt 0.743627 0.229163
vt 0.728452 0.216522
vt 0.744185 0.215730
vt 0.727957 0.230196
vt 0.712719 0.217315
vt 0.729563 0.200189
vt 0.745312 0.199825
vt 0.713812 0.200552
vt 0.759283 0.228124
vt 0.712289 0.231230
vt 0.715831 0.179172
vt 0.731529 0.179543
vt 0.747223 0.179913
vt 0.761043 0.199455
vt 0.762897 0.180276
vt 0.759903 0.214931
vt 0.757854 0.093970
vt 0.738417 0.122945
vt 0.742851 0.089439
vt 0.750076 0.154953
vt 0.753720 0.125849
vt 0.723113 0.120040
vt 0.727850 0.084909
vt 0.734533 0.153469
vt 0.780839 0.033147
vt 0.766187 0.026894
vt 0.772847 0.098498
vt 0.765600 0.156429
vt 0.769007 0.128748
vt 0.718986 0.151985
vt 0.736884 0.014388
vt 0.751535 0.020641
vt 0.817627 0.112007
vt 0.799475 0.134506
vt 0.802746 0.107521
vt 0.814625 0.137354
vt 0.796527 0.159336
vt 0.784264 0.131635
vt 0.787815 0.103016
vt 0.781089 0.157892
vt 0.839446 0.058158
vt 0.824794 0.051905
vt 0.832490 0.116487
vt 0.829702 0.140175
vt 0.811897 0.160755
vt 0.825067 0.181532
vt 0.827185 0.162144
vt 0.809636 0.181259
vt 0.794119 0.180955
vt 0.778534 0.180625
vt 0.795491 0.039400
vt 0.810142 0.045652
vt 0.806005 0.224919
vt 0.791225 0.213292
vt 0.806796 0.212440
vt 0.790488 0.226008
vt 0.775588 0.214121
vt 0.792385 0.198670
vt 0.807963 0.198243
vt 0.776740 0.199072
vt 0.820810 0.235465
vt 0.821442 0.223800
vt 0.805457 0.236750
vt 0.790027 0.238007
vt 0.774909 0.227075
vt 0.774537 0.239241
vt 0.823456 0.197785
vt 0.822286 0.211557
vt 0.804466 0.273768
vt 0.789517 0.262866
vt 0.804721 0.261184
vt 0.789396 0.275706
vt 0.774259 0.264528
vt 0.789719 0.250260
vt 0.805043 0.248809
vt 0.774337 0.251689
vt 0.819120 0.284224
vt 0.819469 0.271806
vt 0.804255 0.286454
vt 0.789325 0.288660
vt 0.774273 0.277624
vt 0.774346 0.290847
vt 0.820293 0.247331
vt 0.819853 0.259476
vt 0.803696 0.324029
vt 0.789242 0.314423
vt 0.803875 0.311692
vt 0.789205 0.326989
vt 0.774563 0.317137
vt 0.789279 0.301606
vt 0.804062 0.299131
vt 0.774448 0.304063
vt 0.817896 0.332895
vt 0.818183 0.321068
vt 0.803528 0.336040
vt 0.789160 0.339185
vt 0.774679 0.329936
vt 0.774784 0.342327
vt 0.818791 0.296637
vt 0.818480 0.308950
vt 0.803247 0.370917
vt 0.789146 0.362625
vt 0.803269 0.359208
vt 0.789260 0.374484
vt 0.775024 0.366041
vt 0.789127 0.350973
vt 0.803375 0.347686
vt 0.774879 0.354261
vt 0.817186 0.379352
vt 0.817234 0.367351
vt 0.803348 0.383124
vt 0.789509 0.386895
vt 0.775273 0.378050
vt 0.775671 0.390667
vt 0.817623 0.344398
vt 0.817391 0.355792
vt 0.804358 0.423016
vt 0.790452 0.413829
vt 0.803949 0.409436
vt 0.791043 0.427766
vt 0.776955 0.418221
vt 0.789921 0.400088
vt 0.803595 0.396034
vt 0.776248 0.404143
vt 0.817898 0.431364
vt 0.817672 0.418265
vt 0.804766 0.436457
vt 0.791635 0.441549
vt 0.777729 0.432516
vt 0.778504 0.446642
vt 0.817268 0.391979
vt 0.817446 0.405044
vt 0.805719 0.474079
vt 0.792667 0.467675
vt 0.805448 0.462043
vt 0.793105 0.479898
vt 0.779887 0.473308
vt 0.792179 0.454881
vt 0.805132 0.449492
vt 0.779225 0.460271
vt 0.818398 0.479626
vt 0.818332 0.468260
vt 0.805948 0.485570
vt 0.793497 0.491515
vt 0.780492 0.485717
vt 0.781047 0.497459
vt 0.818085 0.444102
vt 0.818229 0.456410
vt 0.806503 0.517993
vt 0.794185 0.513298
vt 0.806320 0.507247
vt 0.794527 0.524087
vt 0.782051 0.519349
vt 0.793850 0.502555
vt 0.806142 0.496542
vt 0.781559 0.508568
vt 0.818558 0.522923
vt 0.818520 0.511915
vt 0.806715 0.529088
vt 0.794899 0.535263
vt 0.782551 0.530180
vt 0.783084 0.541438
vt 0.818433 0.490530
vt 0.818455 0.501197
vt 0.807559 0.566193
vt 0.795777 0.559702
vt 0.807257 0.553156
vt 0.796250 0.573037
vt 0.784296 0.566249
vt 0.795320 0.547114
vt 0.806970 0.540790
vt 0.783670 0.553438
vt 0.819011 0.572697
vt 0.818887 0.559356
vt 0.807860 0.579910
vt 0.796721 0.587126
vt 0.784941 0.579881
vt 0.785583 0.594343
vt 0.818595 0.534468
vt 0.818716 0.546611
vt 0.809567 0.622982
vt 0.797844 0.616932
vt 0.808679 0.608749
vt 0.798821 0.631747
vt 0.787009 0.625115
vt 0.797204 0.601895
vt 0.808178 0.594230
vt 0.786230 0.609560
vt 0.821779 0.627036
vt 0.820318 0.614218
vt 0.811045 0.636440
vt 0.800413 0.645882
vt 0.788074 0.640511
vt 0.789961 0.655390
vt 0.819153 0.586566
vt 0.819551 0.600580
vt 0.823034 0.675668
vt 0.808071 0.673006
vt 0.817766 0.661786
vt 0.813432 0.687582
vt 0.797597 0.683938
vt 0.803589 0.659406
vt 0.813594 0.649024
vt 0.793261 0.669670
vt 0.832386 0.663662
vt 0.803203 0.699264
vt 0.824105 0.638828
vt 0.827539 0.650596
vt 0.863590 0.630608
vt 0.849168 0.629374
vt 0.860040 0.619518
vt 0.853342 0.641016
vt 0.838263 0.639805
vt 0.846343 0.619134
vt 0.857490 0.609763
vt 0.834929 0.628778
vt 0.873020 0.621099
vt 0.842624 0.652050
vt 0.832815 0.617760
vt 0.844469 0.608810
vt 0.855743 0.599915
vt 0.867477 0.600522
vt 0.866322 0.591057
vt 0.869789 0.610127
vt 0.855100 0.589049
vt 0.842891 0.584848
vt 0.855001 0.577184
vt 0.843250 0.597276
vt 0.830882 0.592583
vt 0.842613 0.571884
vt 0.852725 0.564577
vt 0.830516 0.579045
vt 0.866012 0.580600
vt 0.831644 0.605675
vt 0.830454 0.565633
vt 0.840098 0.558786
vt 0.848978 0.551766
vt 0.862269 0.556835
vt 0.860562 0.544696
vt 0.865210 0.569087
vt 0.920710 0.289757
vt 0.907111 0.281650
vt 0.921831 0.279152
vt 0.919591 0.300338
vt 0.906106 0.292499
vt 0.892391 0.284148
vt 0.905104 0.303299
vt 0.891501 0.295241
vt 0.936551 0.276654
vt 0.922954 0.268535
vt 0.937788 0.266293
vt 0.935314 0.287015
vt 0.934078 0.297376
vt 0.932841 0.307737
vt 0.918473 0.310882
vt 0.904105 0.314027
vt 0.890617 0.306260
vt 0.889737 0.317171
vt 0.876130 0.309222
vt 0.876897 0.297982
vt 0.877671 0.286645
vt 0.878454 0.275258
vt 0.893287 0.273017
vt 0.908121 0.270776
vt 0.916246 0.331876
vt 0.903109 0.324673
vt 0.917357 0.321386
vt 0.915144 0.342386
vt 0.902124 0.335292
vt 0.888861 0.327961
vt 0.901157 0.345953
vt 0.888001 0.338709
vt 0.931604 0.318098
vt 0.930368 0.328459
vt 0.929131 0.338820
vt 0.927894 0.349181
vt 0.914056 0.352952
vt 0.900217 0.356724
vt 0.887170 0.349519
vt 0.886379 0.360495
vt 0.873182 0.353085
vt 0.873879 0.342125
vt 0.874614 0.331248
vt 0.875369 0.320316
vt 0.911924 0.374296
vt 0.899310 0.367651
vt 0.912984 0.363597
vt 0.910870 0.385014
vt 0.898427 0.378688
vt 0.885637 0.371706
vt 0.897556 0.389764
vt 0.884930 0.383081
vt 0.926658 0.359542
vt 0.925421 0.369903
vt 0.924184 0.380264
vt 0.922948 0.390625
vt 0.909816 0.395717
vt 0.896685 0.400810
vt 0.884242 0.394514
vt 0.883554 0.405902
vt 0.870928 0.399265
vt 0.871434 0.387473
vt 0.871963 0.375761
vt 0.872540 0.364267
vt 0.907694 0.416980
vt 0.895805 0.411765
vt 0.908758 0.406375
vt 0.906624 0.427527
vt 0.894913 0.422613
vt 0.882851 0.417154
vt 0.894011 0.433346
vt 0.882132 0.428245
vt 0.921711 0.400986
vt 0.920474 0.411347
vt 0.919238 0.421708
vt 0.918001 0.432069
vt 0.905551 0.438013
vt 0.893100 0.443958
vt 0.881398 0.439165
vt 0.880650 0.449903
vt 0.868785 0.444984
vt 0.869352 0.433878
vt 0.869898 0.422544
vt 0.870423 0.410995
vt 0.903393 0.458842
vt 0.892182 0.454455
vt 0.904473 0.448442
vt 0.902409 0.469280
vt 0.891497 0.464980
vt 0.880060 0.460530
vt 0.891212 0.475662
vt 0.879980 0.471259
vt 0.916764 0.442430
vt 0.915528 0.452791
vt 0.914291 0.463152
vt 0.913054 0.473513
vt 0.901691 0.479855
vt 0.890872 0.486398
vt 0.879988 0.482034
vt 0.879792 0.492845
vt 0.868157 0.488181
vt 0.868042 0.477382
vt 0.867991 0.466625
vt 0.868204 0.455849
vt 0.899825 0.501049
vt 0.890193 0.497141
vt 0.900891 0.490465
vt 0.898701 0.511686
vt 0.889329 0.507960
vt 0.879553 0.503838
vt 0.888257 0.518850
vt 0.878639 0.514890
vt 0.911854 0.483887
vt 0.910671 0.494268
vt 0.909393 0.504614
vt 0.908151 0.514973
vt 0.897569 0.522396
vt 0.886939 0.529881
vt 0.876061 0.525963
vt 0.874122 0.537387
vt 0.861558 0.532900
vt 0.864818 0.521512
vt 0.867910 0.510362
vt 0.868470 0.499202
vt 0.877078 0.129925
vt 0.859815 0.145802
vt 0.862215 0.125445
vt 0.874872 0.148615
vt 0.857620 0.164870
vt 0.844759 0.142988
vt 0.847352 0.120966
vt 0.842404 0.163508
vt 0.898053 0.083169
vt 0.883401 0.076916
vt 0.891941 0.134404
vt 0.889928 0.151429
vt 0.872837 0.166232
vt 0.886382 0.182471
vt 0.888053 0.167595
vt 0.871058 0.182238
vt 0.855733 0.182004
vt 0.840408 0.181771
vt 0.854098 0.064411
vt 0.868750 0.070664
vt 0.918458 0.170326
vt 0.934408 0.160048
vt 0.933616 0.171704
vt 0.903266 0.168958
vt 0.919821 0.157113
vt 0.934318 0.148414
vt 0.904957 0.154250
vt 0.920976 0.143541
vt 0.947681 0.183405
vt 0.948753 0.173087
vt 0.932357 0.183172
vt 0.917032 0.182938
vt 0.901707 0.182705
vt 0.906717 0.138906
vt 0.912539 0.089465
vt 0.926032 0.096017
vt 0.937540 0.103083
vt 0.946233 0.110876
vt 0.946923 0.153477
vt 0.948831 0.163025
vt 0.867411 0.220315
vt 0.853041 0.209709
vt 0.868402 0.208778
vt 0.852099 0.221480
vt 0.837680 0.210639
vt 0.854224 0.196788
vt 0.869594 0.196285
vt 0.838854 0.197292
vt 0.881786 0.230162
vt 0.882723 0.219150
vt 0.866549 0.231490
vt 0.851312 0.232818
vt 0.836786 0.222646
vt 0.836075 0.234147
vt 0.884964 0.195781
vt 0.883763 0.207848
vt 0.864304 0.265854
vt 0.849962 0.256003
vt 0.865012 0.254264
vt 0.849360 0.267838
vt 0.834913 0.257741
vt 0.850609 0.244306
vt 0.865757 0.242790
vt 0.835460 0.245822
vt 0.879248 0.263869
vt 0.863620 0.277500
vt 0.848787 0.279741
vt 0.834416 0.269823
vt 0.833953 0.281983
vt 0.880905 0.241274
vt 0.880062 0.252525
vt 0.861643 0.312183
vt 0.847688 0.303466
vt 0.862293 0.300724
vt 0.847156 0.315145
vt 0.833084 0.306208
vt 0.848231 0.291641
vt 0.862951 0.289143
vt 0.833511 0.294139
vt 0.861000 0.323461
vt 0.846632 0.326606
vt 0.832669 0.318106
vt 0.832264 0.329750
vt 0.859195 0.356652
vt 0.845635 0.348959
vt 0.859757 0.345542
vt 0.845208 0.360218
vt 0.831513 0.352375
vt 0.846118 0.337823
vt 0.860366 0.334536
vt 0.831870 0.341111
vt 0.858702 0.368038
vt 0.844863 0.371809
vt 0.831221 0.363785
vt 0.831025 0.375581
vt 0.857614 0.404015
vt 0.844440 0.396259
vt 0.857937 0.391866
vt 0.844300 0.408765
vt 0.830943 0.400651
vt 0.844616 0.383870
vt 0.858289 0.379815
vt 0.830942 0.387924
vt 0.857291 0.416087
vt 0.844160 0.421180
vt 0.830986 0.413515
vt 0.831029 0.426272
vt 0.856172 0.450803
vt 0.843790 0.445144
vt 0.856571 0.439511
vt 0.843558 0.456622
vt 0.831009 0.450777
vt 0.843992 0.433323
vt 0.856945 0.427934
vt 0.831038 0.438713
vt 0.855753 0.461793
vt 0.843299 0.467736
vt 0.830945 0.462441
vt 0.830848 0.473681
vt 0.855602 0.483320
vt 0.843020 0.478507
vt 0.855562 0.472587
vt 0.856022 0.494215
vt 0.843141 0.489250
vt 0.830724 0.484518
vt 0.843572 0.500134
vt 0.830822 0.495232
vt 0.856214 0.505300
vt 0.843074 0.511182
vt 0.831071 0.506034
vt 0.830733 0.517021
vt 0.847606 0.539511
vt 0.837707 0.533942
vt 0.850113 0.527869
vt 0.837413 0.545984
vt 0.828342 0.540139
vt 0.840475 0.522457
vt 0.853865 0.516521
vt 0.829273 0.528350
vt 0.829116 0.552604
vt 0.895708 0.544004
vt 0.886154 0.541220
vt 0.896525 0.533191
vt 0.895047 0.554668
vt 0.885943 0.552474
vt 0.874129 0.549158
vt 0.885710 0.563342
vt 0.875313 0.560819
vt 0.906978 0.525357
vt 0.905714 0.535708
vt 0.904464 0.546064
vt 0.903370 0.556478
vt 0.894467 0.565011
vt 0.885207 0.573510
vt 0.875662 0.571836
vt 0.875785 0.582144
vt 0.895313 0.597957
vt 0.886052 0.593178
vt 0.893864 0.585613
vt 0.888474 0.604956
vt 0.878227 0.601326
vt 0.885079 0.583090
vt 0.893875 0.575024
vt 0.876498 0.591607
vt 0.901868 0.591253
vt 0.881181 0.612588
vt 0.902222 0.566978
vt 0.901436 0.578252
vt 0.925211 0.247310
vt 0.911201 0.238242
vt 0.926350 0.236726
vt 0.924080 0.257916
vt 0.910162 0.249048
vt 0.896053 0.239758
vt 0.909136 0.259901
vt 0.895112 0.250787
vt 0.941498 0.235210
vt 0.927497 0.226177
vt 0.942735 0.224849
vt 0.940261 0.245571
vt 0.939025 0.255932
vt 0.894192 0.261885
vt 0.897023 0.228834
vt 0.912260 0.227506
vt 0.929847 0.205057
vt 0.915705 0.194773
vt 0.931075 0.194270
vt 0.928659 0.215653
vt 0.914486 0.205988
vt 0.900334 0.195277
vt 0.913347 0.216819
vt 0.899124 0.206918
vt 0.946445 0.193766
vt 0.945208 0.204127
vt 0.943971 0.214488
vt 0.898035 0.217984
vt 0.824172 0.852899
vt 0.809295 0.851188
vt 0.819149 0.838277
vt 0.829006 0.866163
vt 0.814149 0.865749
vt 0.799293 0.864045
vt 0.818758 0.878928
vt 0.803983 0.878545
vt 0.844177 0.866047
vt 0.833861 0.878788
vt 0.823546 0.891529
vt 0.808420 0.892046
vt 0.813052 0.905766
vt 0.516648 0.333685
vt 0.482644 0.346972
vt 0.481647 0.332438
vt 0.570201 0.783604
vt 0.540138 0.803177
vt 0.534964 0.782270
vt 0.622558 0.937742
vt 0.592671 0.949131
vt 0.587322 0.936408
vt 0.566883 0.763848
vt 0.531646 0.762514
vt 0.519951 0.375224
vt 0.485864 0.386703
vt 0.484715 0.373890
vt 0.510828 0.230825
vt 0.476692 0.243282
vt 0.476460 0.229812
vt 0.540498 0.539679
vt 0.507045 0.549996
vt 0.505261 0.538345
vt 0.602966 0.872720
vt 0.575371 0.895122
vt 0.567730 0.871386
vt 0.511070 0.215973
vt 0.476734 0.214972
vt 0.553519 0.629297
vt 0.520291 0.645408
vt 0.518283 0.627963
vt 0.551506 0.613286
vt 0.516270 0.611952
vt 0.575375 0.804511
vt 0.548068 0.825741
vt 0.511673 0.258283
vt 0.477902 0.271848
vt 0.477200 0.257231
vt 0.557495 0.665541
vt 0.524146 0.683906
vt 0.522258 0.664207
vt 0.524017 0.415501
vt 0.490675 0.429909
vt 0.488780 0.414167
vt 0.538640 0.526932
vt 0.503404 0.525597
vt 0.536695 0.513034
vt 0.501458 0.511699
vt 0.542281 0.551330
vt 0.508795 0.561083
vt 0.514437 0.303332
vt 0.480657 0.317430
vt 0.479682 0.302175
vt 0.522429 0.401244
vt 0.487193 0.399910
vt 0.562798 0.725158
vt 0.529358 0.743224
vt 0.527561 0.723823
vt 0.521101 0.388037
vt 0.627907 0.950465
vt 0.597994 0.958052
vt 0.525912 0.431243
vt 0.492798 0.446690
vt 0.513393 0.288021
vt 0.478747 0.286905
vt 0.547614 0.585501
vt 0.514289 0.597358
vt 0.512378 0.584167
vt 0.610607 0.896456
vt 0.581631 0.918369
vt 0.512453 0.272929
vt 0.561152 0.705291
vt 0.525916 0.703957
vt 0.583304 0.827076
vt 0.558007 0.849037
vt 0.559382 0.685241
vt 0.515531 0.318630
vt 0.564594 0.744559
vt 0.593243 0.850372
vt 0.532508 0.482044
vt 0.499417 0.496715
vt 0.497271 0.480709
vt 0.545793 0.573591
vt 0.510557 0.572257
vt 0.544031 0.562418
vt 0.512112 0.197498
vt 0.477790 0.196501
vt 0.549526 0.598692
vt 0.518866 0.362137
vt 0.483663 0.360816
vt 0.530271 0.465180
vt 0.495034 0.463846
vt 0.528034 0.448025
vt 0.534653 0.498050
vt 0.511104 0.244312
vt 0.616868 0.919703
vt 0.517766 0.348264
vt 0.555527 0.646742
vt 0.663350 0.669598
vt 0.661383 0.650799
vt 0.627968 0.668210
vt 0.626000 0.649411
vt 0.592731 0.666875
vt 0.590764 0.648076
vt 0.624238 0.366016
vt 0.622940 0.352069
vt 0.588919 0.364651
vt 0.587643 0.350712
vt 0.553894 0.363395
vt 0.552688 0.349482
vt 0.728481 0.941824
vt 0.722750 0.923770
vt 0.693031 0.940411
vt 0.687341 0.922372
vt 0.657795 0.939077
vt 0.652104 0.921038
vt 0.615638 0.261641
vt 0.614921 0.247616
vt 0.580520 0.260351
vt 0.579833 0.246336
vt 0.546006 0.259284
vt 0.545376 0.245290
vt 0.642551 0.517091
vt 0.640509 0.502107
vt 0.607168 0.515702
vt 0.605126 0.500718
vt 0.571931 0.514368
vt 0.569890 0.499384
vt 0.636126 0.469237
vt 0.633890 0.452082
vt 0.600744 0.467849
vt 0.598507 0.450693
vt 0.565507 0.466515
vt 0.563271 0.449359
vt 0.638363 0.486101
vt 0.602981 0.484712
vt 0.567744 0.483378
vt 0.625509 0.379171
vt 0.590170 0.377798
vt 0.555080 0.376518
vt 0.657362 0.617343
vt 0.655382 0.602749
vt 0.621980 0.615955
vt 0.619999 0.601361
vt 0.586743 0.614620
vt 0.584763 0.600027
vt 0.614670 0.219196
vt 0.615661 0.200702
vt 0.579636 0.217937
vt 0.580644 0.199449
vt 0.545261 0.216921
vt 0.546287 0.198440
vt 0.651649 0.577648
vt 0.649887 0.566474
vt 0.616266 0.576260
vt 0.614504 0.565086
vt 0.581030 0.574925
vt 0.579268 0.563752
vt 0.653470 0.589558
vt 0.618087 0.588170
vt 0.582851 0.586835
vt 0.708867 0.876794
vt 0.699114 0.854434
vt 0.673439 0.875389
vt 0.663716 0.853040
vt 0.638203 0.874055
vt 0.628480 0.851706
vt 0.672738 0.767905
vt 0.670450 0.748616
vt 0.637356 0.766517
vt 0.635067 0.747227
vt 0.602119 0.765182
vt 0.599831 0.745893
vt 0.621615 0.337413
vt 0.620285 0.322280
vt 0.586342 0.336066
vt 0.585040 0.320942
vt 0.551462 0.334863
vt 0.550236 0.319768
vt 0.667008 0.709348
vt 0.665238 0.689297
vt 0.631625 0.707960
vt 0.629855 0.687909
vt 0.596389 0.706626
vt 0.594619 0.686575
vt 0.689164 0.831134
vt 0.653777 0.829744
vt 0.618541 0.828410
vt 0.668653 0.729214
vt 0.633271 0.727826
vt 0.598034 0.726492
vt 0.617727 0.291516
vt 0.616593 0.276351
vt 0.582544 0.290201
vt 0.581442 0.275049
vt 0.547893 0.289083
vt 0.546863 0.273957
vt 0.716499 0.900526
vt 0.681080 0.899125
vt 0.645844 0.897790
vt 0.618977 0.306902
vt 0.583762 0.305576
vt 0.549036 0.304430
vt 0.631768 0.435300
vt 0.596385 0.433912
vt 0.561149 0.432577
vt 0.739246 0.963502
vt 0.733871 0.954562
vt 0.703703 0.962055
vt 0.698380 0.953134
vt 0.668467 0.960721
vt 0.663144 0.951799
vt 0.633230 0.959386
vt 0.628254 0.405290
vt 0.626821 0.392044
vt 0.592883 0.403905
vt 0.591466 0.390665
vt 0.557666 0.402578
vt 0.556312 0.389362
vt 0.629872 0.419558
vt 0.594490 0.418169
vt 0.559253 0.416835
vt 0.648137 0.555387
vt 0.612755 0.553999
vt 0.577518 0.552665
vt 0.644496 0.530988
vt 0.609114 0.529600
vt 0.573877 0.528266
vt 0.646353 0.543736
vt 0.610971 0.542347
vt 0.575734 0.541013
vt 0.681230 0.808568
vt 0.645848 0.807180
vt 0.610611 0.805845
vt 0.659375 0.633354
vt 0.623992 0.631966
vt 0.588756 0.630632
vt 0.614525 0.234084
vt 0.579465 0.232815
vt 0.545053 0.231786
vt 0.676056 0.787661
vt 0.640674 0.786273
vt 0.605437 0.784938
vt 0.987154 0.292932
vt 0.977392 0.282460
vt 0.987135 0.282442
vt 0.953464 0.046018
vt 0.964100 0.035367
vt 0.962822 0.048730
vt 0.977373 0.271970
vt 0.987116 0.271953
vt 0.977354 0.261481
vt 0.987098 0.261463
vt 0.990977 0.562430
vt 0.982194 0.582231
vt 0.981234 0.562447
vt 0.977336 0.250991
vt 0.987079 0.250974
vt 0.989976 0.541320
vt 0.980233 0.541337
vt 0.977317 0.240501
vt 0.987060 0.240484
vt 0.989047 0.520488
vt 0.979304 0.520506
vt 0.977298 0.230012
vt 0.987042 0.229995
vt 0.967058 0.659595
vt 0.974047 0.637859
vt 0.976417 0.662306
vt 0.988303 0.501541
vt 0.978560 0.501559
vt 0.977279 0.219522
vt 0.987023 0.219505
vt 0.967659 0.682944
vt 0.977017 0.685656
vt 0.997847 0.984043
vt 0.990385 0.967226
vt 0.999856 0.964940
vt 0.977261 0.209033
vt 0.987004 0.209015
vt 0.964280 0.707167
vt 0.973639 0.709879
vt 0.996584 0.997714
vt 0.988376 0.986329
vt 0.977242 0.198543
vt 0.986985 0.198526
vt 0.964688 0.635148
vt 0.972836 0.614437
vt 0.996804 0.609855
vt 0.988290 0.600363
vt 0.997982 0.599363
vt 0.977223 0.188053
vt 0.986967 0.188036
vt 0.956081 0.748990
vt 0.969306 0.733399
vt 0.965439 0.751701
vt 0.977205 0.177564
vt 0.986948 0.177546
vt 0.952333 0.761963
vt 0.961691 0.764674
vt 0.977186 0.167074
vt 0.986929 0.167057
vt 0.958189 0.773872
vt 0.948831 0.771161
vt 0.977167 0.156585
vt 0.986910 0.156567
vt 0.959948 0.730688
vt 0.977148 0.146095
vt 0.986892 0.146078
vt 0.964066 0.570330
vt 0.973570 0.553577
vt 0.973425 0.573041
vt 0.977130 0.135605
vt 0.986873 0.135588
vt 0.963664 0.590348
vt 0.973023 0.593060
vt 0.958570 0.773872
vt 0.951159 0.798409
vt 0.948831 0.774147
vt 0.977111 0.125116
vt 0.986854 0.125098
vt 0.964212 0.550865
vt 0.973615 0.534045
vt 0.977092 0.114626
vt 0.986836 0.114609
vt 0.963478 0.611726
vt 0.977073 0.104136
vt 0.986817 0.104119
vt 0.964660 0.491200
vt 0.973876 0.474059
vt 0.974019 0.493912
vt 0.986928 0.922107
vt 0.977369 0.914018
vt 0.987112 0.913940
vt 0.977055 0.093647
vt 0.986798 0.093630
vt 0.964553 0.511372
vt 0.973912 0.514084
vt 0.986328 0.929414
vt 0.977184 0.922186
vt 0.977036 0.083157
vt 0.986779 0.083140
vt 0.964517 0.471348
vt 0.973493 0.455079
vt 0.986413 0.937637
vt 0.976958 0.930879
vt 0.986602 0.929492
vt 0.977017 0.072668
vt 0.986761 0.072650
vt 0.964256 0.531333
vt 0.986230 0.948951
vt 0.976769 0.939024
vt 0.985934 0.847267
vt 0.977680 0.836717
vt 0.985863 0.831428
vt 0.962740 0.418481
vt 0.971184 0.406365
vt 0.972099 0.421193
vt 0.986104 0.862264
vt 0.977752 0.852556
vt 0.963527 0.434716
vt 0.972885 0.437428
vt 0.986469 0.875577
vt 0.977921 0.867553
vt 0.966404 0.976636
vt 0.974876 0.937270
vt 0.976053 0.977988
vt 0.961825 0.403654
vt 0.970191 0.392938
vt 0.987112 0.886506
vt 0.978287 0.880867
vt 0.965227 0.935918
vt 0.973366 0.896506
vt 0.964134 0.452367
vt 0.985697 0.609982
vt 0.978930 0.604652
vt 0.987112 0.599363
vt 0.963717 0.895154
vt 0.972269 0.855799
vt 0.958775 0.366681
vt 0.967106 0.358078
vt 0.968134 0.369393
vt 0.985221 0.623981
vt 0.977514 0.615272
vt 0.962619 0.854447
vt 0.972658 0.815301
vt 0.959809 0.378084
vt 0.969168 0.380795
vt 0.985200 0.639677
vt 0.977038 0.629270
vt 0.957748 0.355366
vt 0.966101 0.346198
vt 0.961890 0.865734
vt 0.952880 0.829933
vt 0.962619 0.829658
vt 0.985255 0.655656
vt 0.977017 0.644966
vt 0.977089 0.062234
vt 0.986832 0.062216
vt 0.960833 0.390226
vt 0.985310 0.671635
vt 0.977073 0.660946
vt 0.977700 0.052134
vt 0.987443 0.052117
vt 0.954819 0.316377
vt 0.963227 0.303862
vt 0.964177 0.319088
vt 0.985366 0.687615
vt 0.977128 0.676925
vt 0.979391 0.042702
vt 0.989134 0.042685
vt 0.955771 0.330509
vt 0.965129 0.333221
vt 0.997732 0.651871
vt 0.987112 0.610855
vt 0.985421 0.703594
vt 0.977183 0.692904
vt 0.982550 0.000017
vt 0.992293 -0.000000
vt 0.953868 0.301151
vt 0.962259 0.287605
vt 0.998020 0.693953
vt 0.988041 0.652871
vt 0.985476 0.719573
vt 0.977238 0.708883
vt 0.987826 0.485671
vt 0.978082 0.485689
vt 0.956743 0.343487
vt 0.960218 0.902933
vt 0.952150 0.866009
vt 0.997615 0.736107
vt 0.988328 0.694954
vt 0.985531 0.735552
vt 0.977293 0.724863
vt 0.987498 0.472419
vt 0.977755 0.472436
vt 0.950962 0.250359
vt 0.959479 0.236052
vt 0.960321 0.253071
vt 0.986602 0.960461
vt 0.976585 0.950338
vt 0.997210 0.778261
vt 0.987923 0.737108
vt 0.985587 0.751532
vt 0.977349 0.740842
vt 0.986991 0.460912
vt 0.977248 0.460929
vt 0.951913 0.267771
vt 0.961272 0.270482
vt 0.996935 0.832541
vt 0.987112 0.823702
vt 0.996584 0.821416
vt 0.985642 0.767511
vt 0.977404 0.756821
vt 0.996804 0.820415
vt 0.987518 0.779262
vt 0.986958 0.450277
vt 0.977214 0.450294
vt 0.950120 0.233341
vt 0.958818 0.220107
vt 0.997251 0.844570
vt 0.987464 0.834827
vt 0.985697 0.783490
vt 0.977459 0.772800
vt 0.977521 0.439804
vt 0.987264 0.439787
vt 0.952901 0.284894
vt 0.997551 0.857050
vt 0.987780 0.846856
vt 0.985752 0.799469
vt 0.977514 0.788779
vt 0.987215 0.429297
vt 0.977471 0.429315
vt 0.948836 0.189657
vt 0.958189 0.179471
vt 0.958195 0.192369
vt 0.960899 0.798133
vt 0.997848 0.869605
vt 0.988079 0.859336
vt 0.985807 0.815449
vt 0.977570 0.804759
vt 0.987135 0.418808
vt 0.977392 0.418825
vt 0.949036 0.202981
vt 0.958395 0.205693
vt 0.958570 0.973682
vt 0.950479 0.903209
vt 0.998145 0.882160
vt 0.988376 0.871891
vt 0.977625 0.820738
vt 0.977518 0.408335
vt 0.987261 0.408318
vt 0.948831 0.176760
vt 0.958348 0.166335
vt 0.998442 0.894715
vt 0.988673 0.884446
vt 0.987230 0.397828
vt 0.977487 0.397846
vt 0.949460 0.217395
vt 0.998739 0.907271
vt 0.988970 0.897001
vt 0.987118 0.387339
vt 0.977375 0.387356
vt 0.949692 0.135166
vt 0.959501 0.122841
vt 0.959051 0.137877
vt 0.999036 0.919826
vt 0.989267 0.909557
vt 0.977477 0.376866
vt 0.987220 0.376849
vt 0.949284 0.149734
vt 0.958643 0.152445
vt 0.999333 0.932381
vt 0.989564 0.922112
vt 0.977541 0.366377
vt 0.987285 0.366359
vt 0.950143 0.120129
vt 0.959979 0.107562
vt 0.999984 0.946409
vt 0.989861 0.934667
vt 0.977523 0.355887
vt 0.987266 0.355870
vt 0.948989 0.163624
vt 0.990512 0.948695
vt 0.977504 0.345397
vt 0.987247 0.345380
vt 0.951755 0.074505
vt 0.961872 0.062623
vt 0.961114 0.077216
vt 0.963009 0.813949
vt 0.976053 0.775224
vt 0.986935 0.903874
vt 0.977192 0.903953
vt 0.977485 0.334908
vt 0.987229 0.334890
vt 0.951142 0.089563
vt 0.960500 0.092275
vt 0.986328 0.891795
vt 0.976585 0.891874
vt 0.977467 0.324418
vt 0.987210 0.324401
vt 0.952514 0.059911
vt 0.476460 0.981031
vt 0.486184 0.965673
vt 0.486184 0.981650
vt 0.977448 0.313929
vt 0.987191 0.313911
vt 0.950621 0.104851
vt 0.991937 0.582214
vt 0.982550 0.599363
vt 0.977429 0.303439
vt 0.987173 0.303422
vt 0.956871 0.018042
vt 0.969855 0.002711
vt 0.966229 0.020753
vt 0.977410 0.292949
vt 0.954742 0.032656
vt 0.251713 -0.000000
vt 0.474830 0.193597
vt 0.775071 0.965054
vt 0.987112 1.000000
vt 0.976585 0.929492
vt 0.978930 0.891795
vt 0.976958 0.961848
vt 0.987112 0.821416
vt 0.948831 0.973957
vt 0.966404 0.773872
vt 0.476460 0.965054
vt 0.992293 0.599345
vt 0.960496 0.000000
s 1
usemtl Material.006
f 479/1/1 477/2/1 476/3/1
f 480/4/2 478/5/2 477/2/2
f 482/6/3 480/4/3 479/1/3
f 483/7/4 481/8/5 480/4/6
f 115/9/7 130/10/8 13/11/7
f 476/3/9 129/12/9 130/10/9
f 477/2/10 128/13/10 129/12/10
f 478/5/11 10/14/12 128/13/13
f 481/8/14 106/15/15 478/5/16
f 484/16/17 105/17/17 481/8/17
f 113/18/18 479/1/19 114/19/20
f 114/19/21 476/3/22 115/9/23
f 488/20/24 486/21/24 485/22/24
f 489/23/25 487/24/26 486/21/27
f 491/25/28 489/23/28 488/20/28
f 492/26/29 490/27/30 489/23/31
f 82/28/32 73/29/32 3/30/32
f 485/22/33 72/31/34 73/29/35
f 486/21/27 71/32/36 72/31/37
f 487/24/26 2/33/38 71/32/36
f 490/27/39 79/34/27 487/24/26
f 493/35/40 78/36/41 490/27/39
f 92/37/42 77/38/43 493/35/44
f 93/39/45 493/35/44 492/26/46
f 94/40/47 492/26/48 491/25/49
f 6/41/50 491/25/51 80/42/52
f 80/42/53 488/20/53 81/43/53
f 81/43/54 485/22/54 82/28/54
f 497/44/55 495/45/55 494/46/55
f 498/47/56 496/48/57 495/45/58
f 500/49/59 498/47/59 497/44/59
f 501/50/60 499/51/61 498/47/62
f 106/15/63 475/52/63 10/14/63
f 494/46/64 474/53/64 475/52/64
f 495/45/65 473/54/66 474/53/67
f 496/48/68 9/55/68 473/54/68
f 499/51/69 74/56/69 496/48/69
f 502/57/70 75/58/71 499/51/61
f 104/59/72 497/44/72 105/17/72
f 105/17/73 494/46/73 106/15/73
f 506/60/74 504/61/74 503/62/74
f 507/63/75 505/64/75 504/61/75
f 509/65/76 507/63/77 506/60/78
f 510/66/79 508/67/80 507/63/81
f 91/68/82 94/40/82 6/41/82
f 503/62/83 93/39/83 94/40/83
f 504/61/84 92/37/84 93/39/84
f 505/64/85 5/69/86 92/37/87
f 508/67/88 88/70/88 505/64/88
f 511/71/89 87/72/90 508/67/80
f 122/73/91 86/74/92 511/71/93
f 123/75/94 511/71/95 510/66/96
f 124/76/97 510/66/96 509/65/98
f 15/77/99 509/65/99 89/78/99
f 89/78/100 506/60/101 90/79/102
f 90/79/103 503/62/103 91/68/103
f 515/80/104 513/81/104 512/82/104
f 516/83/105 514/84/105 513/81/105
f 518/85/106 516/83/106 515/80/106
f 519/86/107 517/87/108 516/83/109
f 121/88/110 124/76/110 15/77/110
f 512/82/111 123/75/111 124/76/111
f 513/81/112 122/73/113 123/75/112
f 514/84/114 12/89/114 122/73/114
f 517/87/115 112/90/115 514/84/115
f 520/91/116 111/92/117 517/87/118
f 125/93/119 110/94/120 520/91/121
f 126/95/122 520/91/123 519/86/124
f 127/96/125 519/86/125 518/85/125
f 14/97/126 518/85/126 119/98/126
f 119/98/127 515/80/127 120/99/127
f 120/99/128 512/82/128 121/88/128
f 524/100/129 522/101/129 521/102/129
f 525/103/130 523/104/130 522/101/130
f 527/105/131 525/103/131 524/100/131
f 528/106/132 526/107/132 525/103/132
f 118/108/133 127/96/133 14/97/133
f 521/102/134 126/95/135 127/96/136
f 522/101/137 125/93/137 126/95/137
f 523/104/138 11/109/139 125/93/119
f 526/107/140 109/110/140 523/104/140
f 529/111/141 108/112/141 526/107/141
f 128/13/142 107/113/142 529/111/142
f 129/12/143 529/111/143 528/106/143
f 130/10/144 528/106/144 527/105/144
f 13/11/145 527/105/145 116/114/145
f 116/114/146 524/100/146 117/115/146
f 117/115/147 521/102/147 118/108/147
f 533/116/148 531/117/149 530/118/150
f 534/119/151 532/120/152 531/117/153
f 536/121/154 534/119/151 533/116/155
f 537/122/156 535/123/157 534/119/158
f 79/34/159 463/124/159 2/33/159
f 530/118/160 462/125/160 463/124/160
f 531/117/149 461/126/161 462/125/162
f 532/120/152 1/127/163 461/126/164
f 535/123/165 83/128/166 532/120/152
f 538/129/167 84/130/168 535/123/157
f 464/131/169 85/132/170 538/129/167
f 465/133/171 538/129/171 537/122/171
f 466/134/172 537/122/172 536/121/172
f 5/69/173 536/121/174 77/38/175
f 77/38/175 533/116/176 78/36/177
f 78/36/178 530/118/178 79/34/178
f 542/135/179 540/136/180 539/137/181
f 543/138/182 541/139/183 540/136/184
f 545/140/185 543/138/182 542/135/186
f 546/141/187 544/142/188 543/138/182
f 88/70/189 466/134/190 5/69/191
f 539/137/192 465/133/193 466/134/194
f 540/136/195 464/131/195 465/133/195
f 541/139/196 4/143/196 464/131/196
f 544/142/197 95/144/197 541/139/197
f 547/145/198 96/146/199 544/142/200
f 467/147/201 97/148/202 547/145/203
f 468/149/204 547/145/203 546/141/205
f 469/150/206 546/141/187 545/140/207
f 12/89/208 545/140/185 86/74/92
f 86/74/209 542/135/179 87/72/210
f 87/72/90 539/137/211 88/70/212
f 551/151/213 549/152/214 548/153/215
f 552/154/216 550/155/217 549/152/214
f 554/156/218 552/154/218 551/151/218
f 555/157/219 553/158/220 552/154/221
f 112/90/222 469/150/223 12/89/224
f 548/153/225 468/149/204 469/150/223
f 549/152/214 467/147/201 468/149/204
f 550/155/217 7/159/226 467/147/201
f 553/158/220 98/160/227 550/155/217
f 556/161/228 99/162/229 553/158/220
f 470/163/230 100/164/231 556/161/228
f 471/165/232 556/161/228 555/157/219
f 472/166/233 555/157/233 554/156/233
f 11/109/234 554/156/234 110/94/234
f 110/94/235 551/151/235 111/92/235
f 111/92/236 548/153/236 112/90/236
f 557/167/237 561/168/238 558/169/239
f 558/169/240 562/170/240 559/171/240
f 560/172/241 564/173/242 561/168/243
f 561/168/244 565/174/245 562/170/246
f 209/175/247 558/169/247 210/176/247
f 210/176/248 559/171/249 211/177/250
f 211/177/251 328/178/251 31/179/251
f 559/171/252 327/180/252 328/178/252
f 562/170/253 326/181/253 327/180/253
f 565/174/254 13/11/255 326/181/256
f 564/173/257 115/9/257 565/174/257
f 563/182/258 114/19/258 564/173/258
f 566/183/259 570/184/260 567/185/261
f 567/185/262 571/186/263 568/187/264
f 569/188/265 573/189/266 570/184/267
f 570/184/268 574/190/269 571/186/270
f 221/191/271 567/185/272 222/192/273
f 222/192/274 568/187/275 223/193/276
f 223/193/276 331/194/277 35/195/278
f 568/187/279 330/196/280 331/194/281
f 571/186/282 329/197/283 330/196/284
f 574/190/285 31/179/286 329/197/287
f 573/189/288 211/177/289 574/190/269
f 572/198/290 210/176/291 573/189/288
f 575/199/292 579/200/293 576/201/294
f 576/201/295 580/202/296 577/203/297
f 578/204/298 582/205/299 579/200/300
f 579/200/301 583/206/302 580/202/303
f 233/207/304 576/201/304 234/208/305
f 234/208/306 577/203/307 235/209/308
f 235/209/309 334/210/310 39/211/311
f 577/203/312 333/212/313 334/210/314
f 580/202/303 332/213/315 333/212/316
f 583/206/317 35/195/318 332/213/319
f 582/205/320 223/193/321 583/206/317
f 581/214/322 222/192/323 582/205/324
f 584/215/325 588/216/326 585/217/327
f 585/217/328 589/218/329 586/219/330
f 587/220/331 591/221/331 588/216/331
f 588/216/332 592/222/332 589/218/332
f 242/223/333 585/217/334 243/224/335
f 243/224/336 586/219/330 244/225/337
f 244/225/338 337/226/338 43/227/338
f 586/219/339 336/228/340 337/226/341
f 589/218/342 335/229/343 336/228/343
f 592/222/344 39/211/345 335/229/346
f 591/221/347 235/209/347 592/222/347
f 590/230/348 234/208/348 591/221/348
f 593/231/349 597/232/350 594/233/351
f 594/233/352 598/234/353 595/235/354
f 596/236/355 600/237/356 597/232/350
f 597/232/357 601/238/358 598/234/353
f 254/239/359 594/233/351 255/240/360
f 255/240/361 595/235/362 256/241/363
f 256/241/363 340/242/364 47/243/365
f 595/235/354 339/244/366 340/242/367
f 598/234/353 338/245/368 339/244/366
f 601/238/358 43/227/369 338/245/368
f 600/237/370 244/225/337 601/238/358
f 599/246/371 243/224/335 600/237/356
f 602/247/372 606/248/373 603/249/374
f 603/249/375 607/250/376 604/251/377
f 605/252/378 609/253/379 606/248/373
f 606/248/380 610/254/381 607/250/376
f 266/255/382 603/249/374 267/256/383
f 267/256/384 604/251/377 268/257/385
f 268/257/385 343/258/386 51/259/387
f 604/251/377 342/260/388 343/258/386
f 607/250/376 341/261/389 342/260/388
f 610/254/381 47/243/365 341/261/389
f 609/253/390 256/241/391 610/254/381
f 608/262/392 255/240/360 609/253/379
f 611/263/393 615/264/394 612/265/395
f 612/265/396 616/266/397 613/267/398
f 614/268/399 618/269/400 615/264/394
f 615/264/401 619/270/402 616/266/397
f 278/271/403 612/265/395 279/272/404
f 279/272/405 613/267/406 280/273/407
f 280/273/407 346/274/408 55/275/409
f 613/267/398 345/276/410 346/274/411
f 616/266/397 344/277/412 345/276/410
f 619/270/402 51/259/387 344/277/412
f 618/269/413 268/257/385 619/270/402
f 617/278/414 267/256/383 618/269/400
f 620/279/415 624/280/416 621/281/417
f 621/281/418 625/282/419 622/283/420
f 623/284/421 627/285/422 624/280/416
f 624/280/423 628/286/424 625/282/419
f 290/287/425 621/281/417 291/288/426
f 291/288/427 622/283/420 292/289/428
f 292/289/428 349/290/429 59/291/430
f 622/283/420 348/292/431 349/290/429
f 625/282/419 347/293/432 348/292/431
f 628/286/424 55/275/433 347/293/432
f 627/285/434 280/273/435 628/286/424
f 626/294/436 279/272/404 627/285/422
f 629/295/437 633/296/438 630/297/439
f 630/297/440 634/298/441 631/299/442
f 632/300/443 636/301/444 633/296/438
f 633/296/445 637/302/446 634/298/441
f 302/303/447 630/297/439 303/304/448
f 303/304/449 631/299/442 304/305/450
f 304/305/450 352/306/451 63/307/452
f 631/299/442 351/308/453 352/306/451
f 634/298/441 350/309/454 351/308/453
f 637/302/446 59/291/430 350/309/454
f 636/301/455 292/289/428 637/302/446
f 635/310/456 291/288/426 636/301/444
f 638/311/457 642/312/458 639/313/459
f 639/313/460 643/314/461 640/315/462
f 641/316/463 645/317/464 642/312/465
f 642/312/466 646/318/467 643/314/468
f 314/319/469 639/313/459 315/320/470
f 315/320/471 640/315/472 316/321/473
f 316/321/474 355/322/475 67/323/476
f 640/315/462 354/324/477 355/322/478
f 643/314/468 353/325/479 354/324/480
f 646/318/481 63/307/452 353/325/482
f 645/317/483 304/305/450 646/318/481
f 644/326/484 303/304/485 645/317/486
f 647/327/487 651/328/488 648/329/489
f 648/329/489 652/330/490 649/331/491
f 650/332/492 654/333/493 651/328/488
f 651/328/488 655/334/494 652/330/490
f 67/323/495 647/327/496 316/321/497
f 316/321/498 648/329/498 315/320/498
f 315/320/499 649/331/500 314/319/501
f 654/333/493 167/335/502 655/334/494
f 169/336/503 654/333/504 653/337/505
f 27/338/506 653/337/505 356/339/507
f 356/339/508 650/332/509 357/340/510
f 358/341/511 650/332/492 647/327/487
f 656/342/512 660/343/512 657/344/512
f 657/344/513 661/345/513 658/346/513
f 659/347/514 663/348/514 660/343/514
f 660/343/515 664/349/516 661/345/517
f 31/179/518 656/342/518 212/350/518
f 212/350/519 657/344/520 213/351/521
f 213/351/522 658/346/522 214/352/522
f 214/352/523 361/353/523 32/354/523
f 658/346/524 360/355/525 361/353/526
f 661/345/527 359/356/527 360/355/527
f 664/349/528 14/97/528 359/356/528
f 663/348/529 118/108/529 664/349/529
f 662/357/530 117/115/530 663/348/530
f 326/181/531 116/114/531 662/357/531
f 327/180/532 662/357/533 659/347/534
f 328/178/535 659/347/536 656/342/537
f 665/358/538 669/359/539 666/360/540
f 666/360/540 670/361/541 667/362/542
f 668/363/543 672/364/544 669/359/545
f 669/359/545 673/365/546 670/361/547
f 35/195/278 665/358/548 224/366/549
f 224/366/550 666/360/551 225/367/552
f 225/367/552 667/362/553 226/368/554
f 226/368/554 364/369/555 36/370/556
f 667/362/542 363/371/557 364/369/558
f 670/361/559 362/372/559 363/371/559
f 673/365/560 32/354/561 362/372/561
f 672/364/562 214/352/563 673/365/560
f 671/373/564 213/351/565 672/364/562
f 329/197/566 212/350/567 671/373/568
f 330/196/284 671/373/569 668/363/570
f 331/194/281 668/363/571 665/358/572
f 674/374/573 678/375/574 675/376/575
f 675/376/576 679/377/576 676/378/576
f 677/379/577 681/380/578 678/375/579
f 678/375/580 682/381/580 679/377/580
f 39/211/581 674/374/581 236/382/581
f 236/382/582 675/376/583 237/383/584
f 237/383/585 676/378/586 238/384/587
f 238/384/588 367/385/588 40/386/588
f 676/378/589 366/387/589 367/385/589
f 679/377/590 365/388/590 366/387/590
f 682/381/591 36/370/592 365/388/593
f 681/380/594 226/368/595 682/381/591
f 680/389/596 225/367/597 681/380/594
f 332/213/319 224/366/598 680/389/599
f 333/212/600 680/389/600 677/379/600
f 334/210/601 677/379/601 674/374/601
f 683/390/602 687/391/603 684/392/604
f 684/392/605 688/393/606 685/394/607
f 686/395/608 690/396/609 687/391/610
f 687/391/611 691/397/612 688/393/613
f 43/227/614 683/390/615 245/398/616
f 245/398/617 684/392/618 246/399/619
f 246/399/620 685/394/621 247/400/622
f 247/400/623 370/401/624 44/402/625
f 685/394/626 369/403/627 370/401/628
f 688/393/629 368/404/630 369/403/630
f 691/397/631 40/386/632 368/404/633
f 690/396/634 238/384/635 691/397/636
f 689/405/637 237/383/638 690/396/639
f 335/229/640 236/382/640 689/405/640
f 336/228/641 689/405/641 686/395/641
f 337/226/642 686/395/643 683/390/615
f 692/406/644 696/407/645 693/408/646
f 693/408/647 697/409/647 694/410/647
f 695/411/648 699/412/649 696/407/645
f 696/407/645 700/413/650 697/409/651
f 44/402/652 692/406/653 247/400/654
f 247/400/655 693/408/656 246/399/657
f 246/399/658 694/410/659 245/398/660
f 245/398/661 338/245/368 43/227/369
f 694/410/662 339/244/366 338/245/368
f 697/409/663 340/242/364 339/244/664
f 700/413/650 47/243/365 340/242/364
f 699/412/649 257/414/665 700/413/650
f 698/415/666 258/416/667 699/412/649
f 373/417/668 259/418/669 698/415/666
f 372/419/670 698/415/671 695/411/648
f 371/420/672 695/411/673 692/406/674
f 701/421/675 705/422/676 702/423/677
f 702/423/677 706/424/678 703/425/679
f 704/426/680 708/427/681 705/422/676
f 705/422/676 709/428/682 706/424/678
f 48/429/683 701/421/684 259/418/669
f 259/418/669 702/423/685 258/416/667
f 258/416/667 703/425/679 257/414/665
f 257/414/665 341/261/389 47/243/365
f 703/425/679 342/260/388 341/261/389
f 706/424/678 343/258/386 342/260/388
f 709/428/682 51/259/387 343/258/386
f 708/427/681 269/430/686 709/428/682
f 707/431/687 270/432/688 708/427/681
f 376/433/689 271/434/690 707/431/691
f 375/435/692 707/431/687 704/426/693
f 374/436/694 704/426/680 701/421/675
f 710/437/695 714/438/696 711/439/697
f 711/439/697 715/440/698 712/441/699
f 713/442/700 717/443/701 714/438/696
f 714/438/696 718/444/702 715/440/698
f 52/445/703 710/437/695 271/434/690
f 271/434/690 711/439/697 270/432/688
f 270/432/688 712/441/699 269/430/686
f 269/430/686 344/277/412 51/259/387
f 712/441/699 345/276/704 344/277/412
f 715/440/705 346/274/706 345/276/704
f 718/444/707 55/275/708 346/274/706
f 717/443/701 281/446/709 718/444/702
f 716/447/710 282/448/711 717/443/701
f 379/449/712 283/450/713 716/447/714
f 378/451/715 716/447/716 713/442/717
f 377/452/718 713/442/719 710/437/720
f 719/453/721 723/454/722 720/455/723
f 720/455/723 724/456/724 721/457/725
f 722/458/726 726/459/727 723/454/728
f 723/454/722 727/460/729 724/456/724
f 56/461/730 719/453/731 283/450/732
f 283/450/733 720/455/734 282/448/735
f 282/448/711 721/457/736 281/446/709
f 281/446/737 347/293/738 55/275/708
f 721/457/739 348/292/740 347/293/738
f 724/456/741 349/290/742 348/292/740
f 727/460/743 59/291/744 349/290/742
f 726/459/745 293/462/746 727/460/743
f 725/463/747 294/464/748 726/459/749
f 382/465/750 295/466/751 725/463/752
f 381/467/753 725/463/754 722/458/755
f 380/468/756 722/458/757 719/453/758
f 728/469/759 732/470/760 729/471/761
f 729/471/762 733/472/763 730/473/764
f 731/474/765 735/475/766 732/470/760
f 732/470/760 736/476/767 733/472/768
f 60/477/769 728/469/759 295/466/770
f 295/466/751 729/471/762 294/464/771
f 294/464/771 730/473/764 293/462/746
f 293/462/746 350/309/772 59/291/744
f 730/473/764 351/308/773 350/309/772
f 733/472/774 352/306/775 351/308/773
f 736/476/767 63/307/776 352/306/775
f 735/475/766 305/478/777 736/476/767
f 734/479/778 306/480/779 735/475/766
f 385/481/780 307/482/781 734/479/778
f 384/483/782 734/479/778 731/474/783
f 383/484/784 731/474/765 728/469/785
f 737/485/786 741/486/787 738/487/788
f 738/487/789 742/488/790 739/489/791
f 740/490/792 744/491/793 741/486/794
f 741/486/794 745/492/795 742/488/796
f 64/493/797 737/485/798 307/482/781
f 307/482/781 738/487/799 306/480/779
f 306/480/779 739/489/800 305/478/777
f 305/478/777 353/325/801 63/307/776
f 739/489/791 354/324/802 353/325/803
f 742/488/796 355/322/804 354/324/805
f 745/492/806 67/323/476 355/322/475
f 744/491/807 317/494/808 745/492/806
f 743/495/809 318/496/810 744/491/807
f 388/497/811 319/498/811 743/495/809
f 387/499/812 743/495/813 740/490/792
f 386/500/814 740/490/815 737/485/816
f 746/501/817 750/502/818 747/503/819
f 750/502/818 748/504/820 747/503/819
f 749/505/821 753/506/822 750/502/818
f 753/506/822 751/507/823 750/502/818
f 28/508/824 746/501/824 389/509/824
f 389/509/825 747/503/819 390/510/826
f 747/503/819 391/511/827 390/510/826
f 748/504/820 68/512/828 391/511/827
f 751/507/829 319/498/830 748/504/820
f 754/513/831 318/496/832 751/507/829
f 358/341/833 317/494/834 754/513/831
f 357/340/510 754/513/835 753/506/822
f 752/514/836 357/340/510 753/506/822
f 170/515/837 356/339/507 752/514/838
f 171/516/839 752/514/839 749/505/839
f 172/517/840 749/505/840 746/501/840
f 755/518/841 759/519/842 756/520/843
f 756/520/843 760/521/844 757/522/845
f 758/523/846 762/524/847 759/519/848
f 759/519/848 763/525/849 760/521/844
f 29/526/850 755/518/841 392/527/851
f 392/527/851 756/520/852 393/528/853
f 393/528/853 757/522/845 394/529/854
f 757/522/845 69/530/855 394/529/854
f 760/521/844 322/531/856 757/522/845
f 763/525/849 321/532/857 760/521/844
f 391/511/827 320/533/858 763/525/849
f 390/510/826 763/525/849 762/524/847
f 761/534/859 390/510/826 762/524/847
f 173/535/860 389/509/861 761/534/862
f 174/536/863 761/534/864 758/523/846
f 175/537/865 758/523/846 755/518/841
f 764/538/866 768/539/867 765/540/868
f 765/540/868 769/541/869 766/542/870
f 767/543/871 771/544/872 768/539/873
f 768/539/873 772/545/874 769/541/875
f 65/546/876 764/538/877 310/547/878
f 310/547/879 765/540/880 309/548/881
f 309/548/881 766/542/882 308/549/883
f 308/549/883 386/500/884 64/493/797
f 766/542/885 387/499/886 386/500/887
f 769/541/875 388/497/888 387/499/812
f 772/545/889 68/512/890 388/497/811
f 771/544/891 320/533/892 772/545/889
f 770/550/893 321/532/857 771/544/891
f 400/551/894 322/531/856 770/550/893
f 399/552/895 770/550/896 767/543/871
f 398/553/897 767/543/871 764/538/898
f 773/554/899 777/555/900 774/556/901
f 774/556/902 778/557/903 775/558/904
f 776/559/905 780/560/905 777/555/905
f 777/555/906 781/561/907 778/557/908
f 61/562/909 773/554/910 298/563/911
f 298/563/912 774/556/912 297/564/912
f 297/564/913 775/558/914 296/565/915
f 296/565/916 383/484/784 60/477/917
f 775/558/918 384/483/782 383/484/919
f 778/557/920 385/481/780 384/483/921
f 781/561/907 64/493/797 385/481/922
f 780/560/923 308/549/883 781/561/907
f 779/566/924 309/548/881 780/560/923
f 397/567/925 310/547/878 779/566/926
f 396/568/927 779/566/926 776/559/928
f 395/569/929 776/559/928 773/554/930
f 782/570/931 786/571/931 783/572/931
f 783/572/932 787/573/932 784/574/932
f 785/575/933 789/576/933 786/571/933
f 786/571/934 790/577/934 787/573/934
f 57/578/935 782/570/936 286/579/937
f 286/579/937 783/572/938 285/580/939
f 285/580/940 784/574/940 284/581/940
f 284/581/941 380/468/941 56/461/941
f 784/574/942 381/467/943 380/468/944
f 787/573/945 382/465/946 381/467/947
f 790/577/948 60/477/949 382/465/950
f 789/576/951 296/565/951 790/577/951
f 788/582/952 297/564/952 789/576/952
f 403/583/953 298/563/953 788/582/953
f 402/584/954 788/582/955 785/575/956
f 401/585/957 785/575/958 782/570/959
f 791/586/960 795/587/961 792/588/962
f 792/588/962 796/589/963 793/590/964
f 794/591/965 798/592/966 795/587/961
f 795/587/961 799/593/967 796/589/963
f 53/594/968 791/586/960 274/595/969
f 274/595/970 792/588/962 273/596/971
f 273/596/972 793/590/973 272/597/974
f 272/597/974 377/452/718 52/445/975
f 793/590/973 378/451/976 377/452/977
f 796/589/963 379/449/978 378/451/979
f 799/593/967 56/461/980 379/449/978
f 798/592/966 284/581/981 799/593/967
f 797/598/982 285/580/983 798/592/966
f 409/599/984 286/579/985 797/598/986
f 408/600/987 797/598/982 794/591/988
f 407/601/989 794/591/965 791/586/990
f 800/602/991 804/603/992 801/604/993
f 801/604/994 805/605/995 802/606/996
f 803/607/997 807/608/998 804/603/992
f 804/603/992 808/609/999 805/605/1000
f 49/610/1001 800/602/1002 262/611/1003
f 262/611/1004 801/604/1005 261/612/1006
f 261/612/1007 802/606/1008 260/613/1009
f 260/613/1009 374/436/1010 48/429/683
f 802/606/996 375/435/1011 374/436/1012
f 805/605/1013 376/433/689 375/435/1014
f 808/609/999 52/445/703 376/433/1015
f 807/608/998 272/597/974 808/609/999
f 806/614/1016 273/596/972 807/608/998
f 406/615/1017 274/595/970 806/614/1018
f 405/616/1019 806/614/1020 803/607/1021
f 404/617/1022 803/607/1023 800/602/1024
f 809/618/1025 813/619/1026 810/620/1027
f 810/620/1028 814/621/1029 811/622/1030
f 812/623/1031 816/624/1032 813/619/1033
f 813/619/1034 817/625/1035 814/621/1036
f 45/626/1037 809/618/1038 250/627/1039
f 250/627/1040 810/620/1041 249/628/1042
f 249/628/1043 811/622/1044 248/629/1045
f 248/629/1046 371/420/1047 44/402/1048
f 811/622/1049 372/419/1050 371/420/1051
f 814/621/1052 373/417/1053 372/419/670
f 817/625/1054 48/429/1055 373/417/668
f 816/624/1056 260/613/1057 817/625/1054
f 815/630/1058 261/612/1059 816/624/1060
f 412/631/1061 262/611/1062 815/630/1063
f 411/632/1064 815/630/1065 812/623/1066
f 410/633/1067 812/623/1068 809/618/1069
f 818/634/1070 822/635/1071 819/636/1072
f 819/636/1073 823/637/1074 820/638/1075
f 821/639/1076 825/640/1077 822/635/1078
f 822/635/1079 826/641/1080 823/637/1081
f 41/642/1082 818/634/1083 241/643/1084
f 241/643/1085 819/636/1085 240/644/1085
f 240/644/1086 820/638/1086 239/645/1086
f 239/645/1087 368/404/633 40/386/632
f 820/638/1088 369/403/630 368/404/630
f 823/637/1089 370/401/628 369/403/627
f 826/641/626 44/402/625 370/401/624
f 825/640/1090 248/629/1091 826/641/1092
f 824/646/1093 249/628/1094 825/640/1095
f 415/647/1096 250/627/1097 824/646/1098
f 414/648/1099 824/646/1100 821/639/1101
f 413/649/1102 821/639/1101 818/634/1103
f 827/650/1104 831/651/1104 828/652/1104
f 828/652/1105 832/653/1105 829/654/1105
f 830/655/1106 834/656/1106 831/651/1106
f 831/651/1107 835/657/1107 832/653/1107
f 37/658/1108 827/650/1108 229/659/1108
f 229/659/1109 828/652/1109 228/660/1109
f 228/660/1110 829/654/1110 227/661/1110
f 227/661/1111 365/388/1111 36/370/1111
f 829/654/1112 366/387/1112 365/388/1112
f 832/653/1113 367/385/1113 366/387/1113
f 835/657/1114 40/386/1114 367/385/1114
f 834/656/1115 239/645/1115 835/657/1115
f 833/662/1116 240/644/1116 834/656/1116
f 418/663/1117 241/643/1118 833/662/1119
f 417/664/1120 833/662/1121 830/655/1121
f 416/665/1122 830/655/1123 827/650/1123
f 836/666/1124 840/667/1125 837/668/1126
f 837/668/1127 841/669/1128 838/670/1129
f 839/671/1130 843/672/1130 840/667/1130
f 840/667/1131 844/673/1132 841/669/1133
f 33/674/1134 836/666/1135 217/675/1136
f 217/675/1137 837/668/1138 216/676/1139
f 216/676/1140 838/670/1140 215/677/1140
f 215/677/1141 362/372/1141 32/354/1141
f 838/670/1142 363/371/1142 362/372/1142
f 841/669/1133 364/369/558 363/371/557
f 844/673/1143 36/370/556 364/369/555
f 843/672/1144 227/661/1144 844/673/1144
f 842/678/1145 228/660/1145 843/672/1145
f 421/679/1146 229/659/1146 842/678/1146
f 420/680/1147 842/678/1148 839/671/1149
f 419/681/1150 839/671/1150 836/666/1150
f 845/682/1151 849/683/1151 846/684/1151
f 846/684/1152 850/685/1152 847/686/1152
f 848/687/1153 852/688/1153 849/683/1153
f 849/683/1154 853/689/1155 850/685/1156
f 15/77/1157 845/682/1157 121/88/1157
f 121/88/1158 846/684/1158 120/99/1158
f 120/99/1159 847/686/1159 119/98/1159
f 119/98/1160 359/356/1160 14/97/1160
f 847/686/1161 360/355/1161 359/356/1161
f 850/685/1162 361/353/1162 360/355/1162
f 853/689/1163 32/354/1164 361/353/1165
f 852/688/1166 215/677/1167 853/689/1155
f 851/690/1168 216/676/1168 852/688/1168
f 424/691/1169 217/675/1169 851/690/1169
f 423/692/1170 851/690/1170 848/687/1170
f 422/693/1171 848/687/1171 845/682/1171
f 854/694/1172 858/695/1172 855/696/1172
f 855/696/1173 859/697/1174 856/698/1175
f 857/699/1176 861/700/1176 858/695/1176
f 858/695/1177 862/701/1177 859/697/1177
f 6/41/1178 854/694/1178 91/68/1178
f 91/68/1179 855/696/1179 90/79/1179
f 90/79/1180 856/698/1180 89/78/1180
f 89/78/1181 422/693/1181 15/77/1181
f 856/698/1182 423/692/1182 422/693/1182
f 859/697/1183 424/691/1184 423/692/1185
f 862/701/1186 33/674/1187 424/691/1188
f 861/700/1189 218/702/1189 862/701/1189
f 860/703/1190 219/704/1190 861/700/1190
f 427/705/1191 220/706/1191 860/703/1191
f 426/707/1192 860/703/1193 857/699/1194
f 425/708/1195 857/699/1195 854/694/1195
f 863/709/1196 867/710/1196 864/711/1196
f 864/711/1197 868/712/1197 865/713/1197
f 866/714/1198 870/715/1198 867/710/1198
f 867/710/1199 871/716/1199 868/712/1199
f 34/717/1200 863/709/1200 220/706/1200
f 220/706/1201 864/711/1201 219/704/1201
f 219/704/1202 865/713/1203 218/702/1204
f 218/702/1205 419/681/1205 33/674/1205
f 865/713/1206 420/680/1206 419/681/1207
f 868/712/1208 421/679/1209 420/680/1210
f 871/716/1211 37/658/1212 421/679/1209
f 870/715/1213 230/718/1213 871/716/1213
f 869/719/1214 231/720/1215 870/715/1216
f 430/721/1217 232/722/1218 869/719/1219
f 429/723/1220 869/719/1219 866/714/1221
f 428/724/1222 866/714/1223 863/709/1224
f 875/725/1225 873/726/1226 872/727/1227
f 876/728/1228 874/729/1229 873/726/1226
f 878/730/1230 876/728/1231 875/725/1225
f 879/731/1232 877/732/1233 876/728/1228
f 187/733/1234 157/734/1235 24/735/1236
f 872/727/1227 156/736/1237 157/734/1238
f 873/726/1226 155/737/1239 156/736/1237
f 874/729/1229 23/738/1240 155/737/1239
f 877/732/1233 190/739/1241 874/729/1229
f 880/740/1242 189/741/1243 877/732/1233
f 446/742/1244 188/743/1245 880/740/1242
f 447/744/1246 880/740/1247 879/731/1232
f 448/745/1248 879/731/1249 878/730/1230
f 62/746/1250 878/730/1251 185/747/1252
f 185/747/1252 875/725/1253 186/748/1254
f 186/748/1254 872/727/1255 187/733/1234
f 884/749/1256 882/750/1257 881/751/1258
f 885/752/1259 883/753/1260 882/750/1261
f 887/754/1262 885/752/1263 884/749/1256
f 888/755/1264 886/756/1265 885/752/1266
f 190/739/1241 154/757/1267 23/738/1240
f 881/751/1258 153/758/1268 154/757/1269
f 882/750/1257 152/759/1270 153/758/1268
f 883/753/1271 22/760/1271 152/759/1271
f 886/756/1272 193/761/1273 883/753/1274
f 889/762/1275 192/763/1276 886/756/1277
f 443/764/1278 191/765/1279 889/762/1280
f 444/766/1281 889/762/1282 888/755/1283
f 445/767/1284 888/755/1285 887/754/1262
f 58/768/1286 887/754/1287 188/743/1245
f 188/743/1245 884/749/1288 189/741/1243
f 189/741/1243 881/751/1289 190/739/1241
f 893/769/1290 891/770/1290 890/771/1290
f 894/772/1291 892/773/1291 891/770/1291
f 896/774/1292 894/772/1292 893/769/1292
f 897/775/1293 895/776/1293 894/772/1293
f 193/761/1294 151/777/1294 22/760/1294
f 890/771/1295 150/778/1295 151/777/1295
f 891/770/1296 149/779/1296 150/778/1296
f 892/773/1297 21/780/1297 149/779/1297
f 895/776/1298 196/781/1298 892/773/1298
f 898/782/1299 195/783/1299 895/776/1299
f 440/784/1300 194/785/1300 898/782/1300
f 441/786/1301 898/782/1301 897/775/1301
f 442/787/1302 897/775/1302 896/774/1302
f 54/788/1303 896/774/1304 191/765/1305
f 191/765/1279 893/769/1306 192/763/1307
f 192/763/1308 890/771/1308 193/761/1308
f 902/789/1309 900/790/1309 899/791/1309
f 903/792/1310 901/793/1310 900/790/1310
f 905/794/1311 903/792/1311 902/789/1311
f 906/795/1312 904/796/1312 903/792/1312
f 196/781/1313 148/797/1313 21/780/1313
f 899/791/1314 147/798/1314 148/797/1314
f 900/790/1315 146/799/1315 147/798/1315
f 901/793/1316 20/800/1316 146/799/1316
f 904/796/1317 199/801/1317 901/793/1317
f 907/802/1318 198/803/1318 904/796/1318
f 437/804/1319 197/805/1319 907/802/1319
f 438/806/1320 907/802/1320 906/795/1320
f 439/807/1321 906/795/1321 905/794/1321
f 50/808/1322 905/794/1322 194/785/1322
f 194/785/1323 902/789/1323 195/783/1323
f 195/783/1324 899/791/1324 196/781/1324
f 911/809/1325 909/810/1325 908/811/1325
f 912/812/1326 910/813/1327 909/810/1328
f 914/814/1329 912/812/1330 911/809/1331
f 915/815/1332 913/816/1332 912/812/1332
f 199/801/1333 145/817/1333 20/800/1333
f 908/811/1334 144/818/1334 145/817/1334
f 909/810/1335 143/819/1335 144/818/1335
f 910/813/1336 19/820/1336 143/819/1336
f 913/816/1337 202/821/1337 910/813/1337
f 916/822/1338 201/823/1338 913/816/1338
f 434/824/1339 200/825/1339 916/822/1339
f 435/826/1340 916/822/1341 915/815/1342
f 436/827/1343 915/815/1342 914/814/1344
f 46/828/1345 914/814/1345 197/805/1345
f 197/805/1346 911/809/1346 198/803/1346
f 198/803/1347 908/811/1347 199/801/1347
f 920/829/1348 918/830/1348 917/831/1348
f 921/832/1349 919/833/1350 918/830/1349
f 923/834/1351 921/832/1351 920/829/1351
f 924/835/1352 922/836/1353 921/832/1354
f 202/821/1355 142/837/1355 19/820/1355
f 917/831/1356 141/838/1357 142/837/1358
f 918/830/1359 140/839/1359 141/838/1359
f 919/833/1360 18/840/1360 140/839/1360
f 922/836/1361 205/841/1362 919/833/1350
f 925/842/1363 204/843/1364 922/836/1353
f 431/844/1365 203/845/1366 925/842/1367
f 432/846/1368 925/842/1368 924/835/1368
f 433/847/1369 924/835/1369 923/834/1369
f 42/848/1370 923/834/1370 200/825/1370
f 200/825/1371 920/829/1371 201/823/1371
f 201/823/1372 917/831/1373 202/821/1374
f 926/849/1375 930/850/1376 927/851/1377
f 927/851/1377 931/852/1378 928/853/1379
f 929/854/1380 933/855/1381 930/850/1376
f 930/850/1376 934/856/1382 931/852/1378
f 30/857/850 926/849/1375 455/858/1383
f 455/858/1383 927/851/1377 456/859/1384
f 456/859/1384 928/853/1379 457/860/1385
f 928/853/1379 70/861/1386 457/860/1385
f 931/852/1378 325/862/1387 928/853/1379
f 934/856/1382 324/863/1388 931/852/1378
f 394/529/854 323/864/1389 934/856/1382
f 933/855/1381 394/529/854 934/856/1382
f 932/865/1380 393/528/853 933/855/1381
f 176/866/850 392/527/851 932/865/1380
f 177/867/850 932/865/1380 929/854/1380
f 178/868/850 929/854/1380 926/849/1375
f 938/869/1390 936/870/1391 935/871/1392
f 939/872/1393 937/873/1394 936/870/1391
f 941/874/1395 939/872/1393 938/869/1390
f 942/875/1396 940/876/1397 939/872/1393
f 26/877/1398 935/871/1392 181/878/1399
f 181/878/1399 936/870/1391 180/879/1400
f 180/879/1400 937/873/1394 179/880/1401
f 179/880/1401 457/860/1385 70/861/1386
f 940/876/1397 457/860/1385 937/873/1394
f 943/881/1402 456/859/1384 940/876/1397
f 164/882/1403 455/858/1383 943/881/1402
f 165/883/1403 943/881/1402 942/875/1396
f 166/884/1403 942/875/1396 941/874/1395
f 16/885/1403 941/874/1395 133/886/1404
f 133/886/1404 938/869/1390 132/887/1405
f 132/887/1405 935/871/1392 131/888/1406
f 944/889/1407 948/890/1408 945/891/1409
f 945/891/1409 949/892/1410 946/893/1411
f 947/894/1412 951/895/1413 948/890/1408
f 948/890/1408 952/896/1414 949/892/1410
f 66/897/1415 944/889/1407 313/898/1416
f 313/898/1416 945/891/1409 312/899/1417
f 312/899/1417 946/893/1411 311/900/1418
f 311/900/1418 398/553/1419 65/546/1420
f 946/893/1411 399/552/1421 398/553/1419
f 949/892/1422 400/551/1423 399/552/1424
f 952/896/1414 69/530/855 400/551/894
f 951/895/1413 323/864/1389 952/896/1414
f 950/901/1425 324/863/1388 951/895/1413
f 454/902/1426 325/862/1387 950/901/1425
f 453/903/1427 950/901/1425 947/894/1412
f 452/904/1428 947/894/1412 944/889/1407
f 953/905/1429 957/906/1430 954/907/1431
f 954/907/1431 958/908/1432 955/909/1433
f 956/910/1434 960/911/1435 957/906/1430
f 957/906/1430 961/912/1436 958/908/1432
f 62/746/1437 953/905/1438 301/913/1439
f 301/913/1439 954/907/1440 300/914/1441
f 300/914/1441 955/909/1442 299/915/1443
f 299/915/1443 395/569/1444 61/562/1445
f 955/909/1433 396/568/1446 395/569/1447
f 958/908/1432 397/567/1448 396/568/1446
f 961/912/1436 65/546/1420 397/567/1448
f 960/911/1435 311/900/1418 961/912/1436
f 959/916/1449 312/899/1417 960/911/1435
f 451/917/1450 313/898/1416 959/916/1449
f 450/918/1451 959/916/1449 956/910/1434
f 449/919/1452 956/910/1434 953/905/1438
f 962/920/1453 966/921/1454 963/922/1455
f 963/922/1455 967/923/1456 964/924/1457
f 965/925/1458 969/926/1459 966/921/1454
f 966/921/1454 970/927/1460 967/923/1456
f 58/768/1461 962/920/1462 289/928/1463
f 289/928/1463 963/922/1464 288/929/1465
f 288/929/1465 964/924/1466 287/930/1467
f 287/930/1468 401/585/1469 57/578/935
f 964/924/1470 402/584/954 401/585/1471
f 967/923/1456 403/583/1472 402/584/1473
f 970/927/1460 61/562/1474 403/583/1475
f 969/926/1459 299/915/1476 970/927/1460
f 968/931/1477 300/914/1478 969/926/1459
f 448/745/1479 301/913/1480 968/931/1477
f 447/744/1481 968/931/1482 965/925/1458
f 446/742/1483 965/925/1484 962/920/1453
f 971/932/1485 975/933/1486 972/934/1487
f 972/934/1488 976/935/1489 973/936/1490
f 974/937/1491 978/938/1492 975/933/1486
f 975/933/1486 979/939/1493 976/935/1494
f 54/788/1495 971/932/1485 277/940/1496
f 277/940/1497 972/934/1488 276/941/1498
f 276/941/1499 973/936/1500 275/942/1501
f 275/942/1502 407/601/989 53/594/1503
f 973/936/1500 408/600/987 407/601/1504
f 976/935/1489 409/599/984 408/600/1505
f 979/939/1493 57/578/1506 409/599/1507
f 978/938/1492 287/930/1508 979/939/1493
f 977/943/1509 288/929/1510 978/938/1492
f 445/767/1511 289/928/1512 977/943/1509
f 444/766/1513 977/943/1514 974/937/1515
f 443/764/1516 974/937/1491 971/932/1517
f 980/944/1518 984/945/1518 981/946/1518
f 981/946/1519 985/947/1520 982/948/1521
f 983/949/1522 987/950/1523 984/945/1524
f 984/945/1525 988/951/1526 985/947/1527
f 50/808/1528 980/944/1528 265/952/1528
f 265/952/1529 981/946/1529 264/953/1529
f 264/953/1530 982/948/1530 263/954/1530
f 263/954/1531 404/617/1532 49/610/1533
f 982/948/1534 405/616/1535 404/617/1536
f 985/947/1537 406/615/1538 405/616/1539
f 988/951/1540 53/594/968 406/615/1541
f 987/950/1542 275/942/1502 988/951/1543
f 986/955/1544 276/941/1499 987/950/1545
f 442/787/1546 277/940/1547 986/955/1548
f 441/786/1549 986/955/1550 983/949/1551
f 440/784/1552 983/949/1552 980/944/1552
f 989/956/1553 993/957/1553 990/958/1553
f 990/958/1554 994/959/1554 991/960/1554
f 992/961/1555 996/962/1555 993/957/1555
f 993/957/1556 997/963/1556 994/959/1556
f 46/828/1557 989/956/1557 253/964/1557
f 253/964/1558 990/958/1559 252/965/1560
f 252/965/1561 991/960/1561 251/966/1561
f 251/966/1562 410/633/1563 45/626/1564
f 991/960/1565 411/632/1566 410/633/1567
f 994/959/1568 412/631/1569 411/632/1570
f 997/963/1571 49/610/1572 412/631/1573
f 996/962/1574 263/954/1574 997/963/1574
f 995/967/1575 264/953/1575 996/962/1575
f 439/807/1576 265/952/1576 995/967/1576
f 438/806/1577 995/967/1577 992/961/1577
f 437/804/1578 992/961/1578 989/956/1578
f 1001/968/1579 999/969/1580 998/970/1581
f 1002/971/1582 1000/972/1583 999/969/1584
f 1004/973/1585 1002/971/1585 1001/968/1585
f 1005/974/1586 1003/975/1586 1002/971/1586
f 253/964/1587 436/827/1588 46/828/1589
f 998/970/1590 435/826/1590 436/827/1590
f 999/969/1591 434/824/1591 435/826/1591
f 1000/972/1592 42/848/1593 434/824/1594
f 1003/975/1595 460/976/1596 1000/972/1597
f 1006/977/1598 459/978/1599 1003/975/1595
f 413/649/1600 458/979/1600 1006/977/1600
f 414/648/1601 1006/977/1601 1005/974/1601
f 415/647/1602 1005/974/1602 1004/973/1602
f 45/626/1603 1004/973/1604 251/966/1605
f 251/966/1606 1001/968/1606 252/965/1606
f 252/965/1607 998/970/1608 253/964/1587
f 1007/980/1609 1011/981/1609 1008/982/1609
f 1008/982/1610 1012/983/1611 1009/984/1612
f 1010/985/1613 1014/986/1613 1011/981/1613
f 1011/981/1614 1015/987/1614 1012/983/1614
f 38/988/1615 1007/980/1615 232/722/1615
f 232/722/1616 1008/982/1616 231/720/1616
f 231/720/1617 1009/984/1617 230/718/1617
f 230/718/1618 416/665/1618 37/658/1618
f 1009/984/1619 417/664/1619 416/665/1619
f 1012/983/1620 418/663/1620 417/664/1620
f 1015/987/1621 41/642/1621 418/663/1621
f 1014/986/1622 458/979/1622 1015/987/1622
f 1013/989/1623 459/978/1623 1014/986/1623
f 433/847/1624 460/976/1624 1013/989/1624
f 432/846/1625 1013/989/1625 1010/985/1625
f 431/844/1626 1010/985/1626 1007/980/1626
f 1019/990/1627 1017/991/1627 1016/992/1627
f 1020/993/1628 1018/994/1629 1017/991/1630
f 1022/995/1631 1020/993/1631 1019/990/1631
f 1023/996/1632 1021/997/1632 1020/993/1632
f 205/841/1633 139/998/1634 18/840/1633
f 1016/992/1635 138/999/1635 139/998/1635
f 1017/991/1636 137/1000/1636 138/999/1636
f 1018/994/1637 17/1001/1638 137/1000/1639
f 1021/997/1640 208/1002/1640 1018/994/1640
f 1024/1003/1641 207/1004/1641 1021/997/1641
f 428/724/1642 206/1005/1642 1024/1003/1642
f 429/723/1643 1024/1003/1644 1023/996/1645
f 430/721/1646 1023/996/1646 1022/995/1646
f 38/988/1647 1022/995/1647 203/845/1647
f 203/845/1648 1019/990/1649 204/843/1650
f 204/843/1651 1016/992/1652 205/841/1362
f 1025/1006/1653 1029/1007/1653 1026/1008/1653
f 1026/1008/1654 1030/1009/1654 1027/1010/1654
f 1028/1011/1655 1032/1012/1655 1029/1007/1655
f 1029/1007/1656 1033/1013/1656 1030/1009/1656
f 3/30/1657 1025/1006/1657 82/28/1657
f 82/28/1658 1026/1008/1659 81/43/1660
f 81/43/1660 1027/1010/1661 80/42/52
f 80/42/52 425/708/1662 6/41/50
f 1027/1010/1663 426/707/1663 425/708/1663
f 1030/1009/1664 427/705/1665 426/707/1666
f 1033/1013/1667 34/717/1668 427/705/1669
f 1032/1012/1670 206/1005/1671 1033/1013/1672
f 1031/1014/1673 207/1004/1673 1032/1012/1673
f 136/1015/1674 208/1002/1675 1031/1014/1676
f 135/1016/1677 1031/1014/1677 1028/1011/1677
f 134/1017/1678 1028/1011/1678 1025/1006/1678
f 1037/1018/1679 1035/1019/1680 1034/1020/1681
f 1038/1021/1682 1036/1022/1683 1035/1019/1680
f 1040/1023/1684 1038/1021/1682 1037/1018/1679
f 1041/1024/1685 1039/1025/1686 1038/1021/1687
f 184/1026/1688 160/1027/1689 25/1028/1690
f 1034/1020/1681 159/1029/1691 160/1027/1692
f 1035/1019/1680 158/1030/1693 159/1029/1691
f 1036/1022/1683 24/735/1694 158/1030/1693
f 1039/1025/1686 187/733/1695 1036/1022/1683
f 1042/1031/1696 186/748/1697 1039/1025/1686
f 449/919/1698 185/747/1699 1042/1031/1700
f 450/918/1451 1042/1031/1696 1041/1024/1701
f 451/917/1450 1041/1024/1685 1040/1023/1684
f 66/897/1415 1040/1023/1684 182/1032/1702
f 182/1032/1702 1037/1018/1679 183/1033/1703
f 183/1033/1703 1034/1020/1704 184/1026/1688
f 1046/1034/1705 1044/1035/1706 1043/1036/1707
f 1047/1037/1708 1045/1038/1709 1044/1035/1706
f 1049/1039/1710 1047/1037/1708 1046/1034/1705
f 1050/1040/1711 1048/1041/1712 1047/1037/1708
f 181/878/1399 163/1042/1713 26/877/1398
f 1043/1036/1707 162/1043/1714 163/1042/1713
f 1044/1035/1706 161/1044/1715 162/1043/1714
f 1045/1038/1709 25/1028/1690 161/1044/1715
f 1048/1041/1712 184/1026/1688 1045/1038/1709
f 1051/1045/1716 183/1033/1703 1048/1041/1712
f 452/904/1428 182/1032/1702 1051/1045/1716
f 453/903/1427 1051/1045/1716 1050/1040/1711
f 454/902/1426 1050/1040/1711 1049/1039/1710
f 70/861/1386 1049/1039/1710 179/880/1401
f 179/880/1401 1046/1034/1705 180/879/1400
f 180/879/1400 1043/1036/1707 181/878/1399
f 1055/1046/1717 1053/1047/1717 1052/1048/1717
f 1056/1049/1718 1054/1050/1718 1053/1047/1718
f 1058/1051/1719 1056/1049/1720 1055/1046/1721
f 1059/1052/1722 1057/1053/1723 1056/1049/1724
f 109/110/1725 472/166/1726 11/109/1727
f 1052/1048/1728 471/165/1728 472/166/1728
f 1053/1047/1729 470/163/1729 471/165/1729
f 1054/1050/1730 8/1054/1731 470/163/230
f 1057/1053/1732 101/1055/1733 1054/1050/1730
f 1060/1056/1734 102/1057/1735 1057/1053/1732
f 473/54/1736 103/1058/1736 1060/1056/1736
f 474/53/1737 1060/1056/1738 1059/1052/1739
f 475/52/1740 1059/1052/1741 1058/1051/1742
f 10/14/1743 1058/1051/1743 107/113/1743
f 107/113/1744 1055/1046/1744 108/112/1744
f 108/112/1745 1052/1048/1746 109/110/1747
f 1113/1059/1748 1102/1060/1749 1112/1061/1750
f 1121/1062/1751 1063/1063/1751 1120/1064/1751
f 1129/1065/1752 1078/1066/1752 1128/1067/1752
f 1133/1068/1753 1081/1069/1754 1121/1062/1754
f 1141/1070/1755 1098/1071/1756 1140/1072/1757
f 1149/1073/1758 1072/1074/1759 1148/1075/1760
f 1157/1076/1761 1088/1077/1762 1156/1078/1763
f 1165/1079/1764 1062/1080/1764 1164/1081/1764
f 1169/1082/1765 1108/1083/1766 1149/1073/1767
f 1177/1084/1768 1065/1085/1768 1176/1086/1768
f 1181/1087/1769 1087/1088/1770 1177/1084/1770
f 1120/1064/1771 1073/1089/1771 1188/1090/1771
f 1193/1091/1772 1104/1092/1773 1192/1093/1774
f 1201/1094/1775 1083/1095/1776 1200/1096/1777
f 1209/1097/1778 1094/1098/1779 1208/1099/1780
f 1213/1100/1781 1067/1101/1782 1157/1076/1761
f 1217/1102/1783 1093/1103/1784 1213/1100/1781
f 1156/1078/1763 1089/1104/1785 1224/1105/1785
f 1229/1106/1786 1100/1107/1786 1228/1108/1786
f 1233/1109/1787 1069/1110/1788 1209/1097/1778
f 1241/1111/1789 1079/1112/1790 1240/1113/1790
f 1140/1072/1757 1099/1114/1791 1233/1109/1787
f 1128/1067/1792 1061/1115/1792 1248/1116/1792
f 1208/1099/1780 1095/1117/1793 1252/1118/1794
f 1253/1119/1795 1071/1120/1796 1229/1106/1797
f 1261/1121/1798 1085/1122/1799 1260/1123/1800
f 1164/1081/1801 1076/1124/1801 1268/1125/1801
f 1192/1093/1802 1105/1126/1803 1253/1119/1804
f 1269/1127/1805 1064/1128/1806 1241/1111/1789
f 1188/1090/1807 1074/1129/1807 1276/1130/1807
f 1200/1096/1777 1084/1131/1808 1269/1127/1805
f 1228/1108/1809 1101/1132/1809 1113/1059/1809
f 1240/1113/1790 1080/1133/1810 1133/1068/1753
f 1276/1130/1811 1075/1134/1811 1165/1079/1811
f 1281/1135/1812 1091/1136/1813 1280/1137/1814
f 1285/1138/1815 1066/1139/1762 1261/1121/1798
f 1224/1105/1785 1090/1140/1785 1285/1138/1815
f 1289/1141/1816 1107/1142/1817 1169/1082/1818
f 1260/1123/1800 1086/1143/1819 1181/1087/1769
f 1293/1144/1820 1097/1145/1821 1141/1070/1755
f 1297/1146/1822 1068/1147/1823 1281/1135/1812
f 1252/1118/1794 1096/1148/1824 1297/1146/1822
f 1280/1137/1814 1092/1149/1825 1217/1102/1783
f 1148/1075/1826 1103/1150/1827 1193/1091/1772
f 1268/1125/1828 1077/1151/1828 1129/1065/1828
f 1112/1061/1750 1070/1152/1829 1293/1144/1820
f 1176/1086/1830 1082/1153/1831 1201/1094/1775
f 221/191/1832 1204/1154/1833 566/183/1834
f 1173/1155/1835 1203/1156/1836 1204/1154/1837
f 1174/1157/1838 1202/1158/1775 1203/1156/1836
f 1175/1159/1830 1201/1094/1775 1202/1158/1775
f 626/294/1839 1296/1160/1840 278/271/1841
f 1109/1161/1842 1295/1162/1843 1296/1160/1844
f 1110/1163/1845 1294/1164/1846 1295/1162/1847
f 1111/1165/1848 1293/1144/1849 1294/1164/1850
f 500/49/1851 1132/1166/1852 501/50/1853
f 1265/1167/1854 1131/1168/1855 1132/1166/1856
f 1266/1169/1857 1130/1170/1828 1131/1168/1855
f 1267/1171/1828 1129/1065/1828 1130/1170/1828
f 302/303/1858 1196/1172/1859 629/295/1860
f 1145/1173/1861 1195/1174/1862 1196/1172/1863
f 1146/1175/1864 1194/1176/1865 1195/1174/1866
f 1147/1177/1867 1193/1091/1772 1194/1176/1865
f 593/231/1868 1220/1178/1869 596/236/1870
f 1277/1179/1871 1219/1180/1872 1220/1178/1873
f 1278/1181/1874 1218/1182/1783 1219/1180/1872
f 1279/1183/1875 1217/1102/1783 1218/1182/1783
f 605/252/1876 1300/1184/1877 608/262/1878
f 1249/1185/1879 1299/1186/1880 1300/1184/1881
f 1250/1187/1882 1298/1188/1822 1299/1186/1880
f 1251/1189/1794 1297/1146/1822 1298/1188/1822
f 608/262/1878 1284/1190/1878 254/239/1883
f 1300/1184/1881 1283/1191/1884 1284/1190/1885
f 1299/1186/1880 1282/1192/1812 1283/1191/1884
f 1298/1188/1822 1281/1135/1812 1282/1192/1812
f 278/271/1841 1144/1193/1886 611/263/1887
f 1296/1160/1888 1143/1194/1889 1144/1193/1890
f 1295/1162/1843 1142/1195/1891 1143/1194/1892
f 1294/1164/1846 1141/1070/1755 1142/1195/1891
f 575/199/1893 1184/1196/1894 578/204/1895
f 1257/1197/1896 1183/1198/1897 1184/1196/1897
f 1258/1199/1898 1182/1200/1769 1183/1198/1899
f 1259/1201/1800 1181/1087/1769 1182/1200/1769
f 638/311/1900 1172/1202/1901 641/316/1902
f 1292/1203/1903 1171/1204/1904 1172/1202/1905
f 1291/1205/1906 1170/1206/1907 1171/1204/1908
f 1290/1207/1909 1169/1082/1818 1170/1206/1907
f 587/220/1910 1288/1208/1911 590/230/1912
f 1221/1209/1913 1287/1210/1914 1288/1208/1915
f 1222/1211/1916 1286/1212/1815 1287/1210/1914
f 1223/1213/1785 1285/1138/1815 1286/1212/1815
f 590/230/1912 1264/1214/1917 233/207/1918
f 1288/1208/1915 1263/1215/1919 1264/1214/1920
f 1287/1210/1914 1262/1216/1798 1263/1215/1919
f 1286/1212/1815 1261/1121/1798 1262/1216/1798
f 254/239/1883 1277/1179/1921 593/231/1868
f 1284/1190/1885 1278/1181/1874 1277/1179/1871
f 1283/1191/1884 1279/1183/1875 1278/1181/1874
f 1282/1192/1812 1280/1137/1814 1279/1183/1875
f 483/7/1922 1168/1217/1923 484/16/1924
f 1273/1218/1925 1167/1219/1926 1168/1217/1927
f 1274/1220/1928 1166/1221/1811 1167/1219/1926
f 1275/1222/1811 1165/1079/1811 1166/1221/1811
f 557/167/1929 1136/1223/1929 560/172/1930
f 1237/1224/1931 1135/1225/1932 1136/1223/1933
f 1238/1226/1934 1134/1227/1753 1135/1225/1932
f 1239/1228/1790 1133/1068/1753 1134/1227/1753
f 620/279/1935 1116/1229/1936 623/284/1937
f 1225/1230/1938 1115/1231/1939 1116/1229/1940
f 1226/1232/1941 1114/1233/1942 1115/1231/1943
f 1227/1234/1944 1113/1059/1945 1114/1233/1946
f 569/188/1947 1272/1235/1948 572/198/1949
f 1197/1236/1950 1271/1237/1951 1272/1235/1952
f 1198/1238/1953 1270/1239/1805 1271/1237/1951
f 1199/1240/1777 1269/1127/1805 1270/1239/1805
f 482/6/1954 1273/1218/1955 483/7/1956
f 1185/1241/1957 1274/1220/1958 1273/1218/1959
f 1186/1242/1960 1275/1222/1807 1274/1220/1958
f 1187/1243/1807 1276/1130/1807 1275/1222/1807
f 572/198/1949 1244/1244/1949 209/175/1961
f 1272/1235/1952 1243/1245/1962 1244/1244/1963
f 1271/1237/1951 1242/1246/1789 1243/1245/1962
f 1270/1239/1805 1241/1111/1789 1242/1246/1789
f 632/300/1964 1256/1247/1965 635/310/1966
f 1189/1248/1967 1255/1249/1968 1256/1247/1969
f 1190/1250/1970 1254/1251/1971 1255/1249/1972
f 1191/1252/1973 1253/1119/1974 1254/1251/1975
f 104/59/1976 1265/1167/1977 500/49/1978
f 1161/1253/1979 1266/1169/1980 1265/1167/1981
f 1162/1254/1982 1267/1171/1801 1266/1169/1980
f 1163/1255/1801 1268/1125/1801 1267/1171/1801
f 233/207/1918 1257/1197/1983 575/199/1893
f 1264/1214/1920 1258/1199/1984 1257/1197/1896
f 1263/1215/1919 1259/1201/1800 1258/1199/1898
f 1262/1216/1798 1260/1123/1800 1259/1201/1800
f 635/310/1966 1232/1256/1985 290/287/1986
f 1256/1247/1969 1231/1257/1987 1232/1256/1988
f 1255/1249/1989 1230/1258/1990 1231/1257/1991
f 1254/1251/1971 1229/1106/1992 1230/1258/1993
f 602/247/1994 1249/1185/1995 605/252/1876
f 1205/1259/1996 1250/1187/1882 1249/1185/1879
f 1206/1260/1997 1251/1189/1794 1250/1187/1882
f 1207/1261/1780 1252/1118/1794 1251/1189/1794
f 502/57/1998 1245/1262/1999 76/1263/2000
f 1125/1264/2001 1246/1265/2002 1245/1262/2003
f 1126/1266/1792 1247/1267/1792 1246/1265/1792
f 1127/1268/1792 1248/1116/1792 1247/1267/1792
f 614/268/2004 1236/1269/2005 617/278/2006
f 1137/1270/2007 1235/1271/2008 1236/1269/2009
f 1138/1272/2010 1234/1273/2011 1235/1271/2008
f 1139/1274/2012 1233/1109/1787 1234/1273/2011
f 209/175/1961 1237/1224/2013 557/167/1929
f 1244/1244/2014 1238/1226/1934 1237/1224/1931
f 1243/1245/2015 1239/1228/1790 1238/1226/1934
f 1242/1246/1789 1240/1113/1790 1239/1228/1790
f 617/278/2006 1212/1275/2016 266/255/2017
f 1236/1269/2009 1211/1276/2018 1212/1275/2019
f 1235/1271/2008 1210/1277/2020 1211/1276/2018
f 1234/1273/2011 1209/1097/1778 1210/1277/2020
f 290/287/1986 1225/1230/2021 620/279/1935
f 1232/1256/1988 1226/1232/2022 1225/1230/1938
f 1231/1257/2023 1227/1234/1944 1226/1232/2024
f 1230/1258/1990 1228/1108/2025 1227/1234/2026
f 584/215/2027 1221/1209/1910 587/220/1910
f 1153/1278/2028 1222/1211/1916 1221/1209/1913
f 1154/1279/2029 1223/1213/1785 1222/1211/1916
f 1155/1280/1763 1224/1105/1785 1223/1213/1785
f 596/236/1870 1216/1281/2030 599/246/2031
f 1220/1178/1873 1215/1282/2032 1216/1281/2033
f 1219/1180/1872 1214/1283/1781 1215/1282/2032
f 1218/1182/1783 1213/1100/1781 1214/1283/1781
f 599/246/2031 1160/1284/2034 242/223/2035
f 1216/1281/2033 1159/1285/2036 1160/1284/2037
f 1215/1282/2032 1158/1286/1761 1159/1285/2036
f 1214/1283/1781 1157/1076/1761 1158/1286/1761
f 266/255/2017 1205/1259/2038 602/247/1994
f 1212/1275/2019 1206/1260/1997 1205/1259/1996
f 1211/1276/2018 1207/1261/1780 1206/1260/1997
f 1210/1277/2020 1208/1099/1780 1207/1261/1780
f 566/183/1834 1197/1236/2039 569/188/1947
f 1204/1154/1837 1198/1238/2040 1197/1236/1950
f 1203/1156/1836 1199/1240/1777 1198/1238/1953
f 1202/1158/1775 1200/1096/1777 1199/1240/1777
f 629/295/2041 1189/1248/2042 632/300/2043
f 1196/1172/2044 1190/1250/2045 1189/1248/1967
f 1195/1174/2046 1191/1252/1973 1190/1250/2047
f 1194/1176/2048 1192/1093/1802 1191/1252/1973
f 113/18/2049 1185/1241/2050 482/6/2051
f 1117/1287/2052 1186/1242/2053 1185/1241/2054
f 1118/1288/2055 1187/1243/1771 1186/1242/2053
f 1119/1289/1771 1188/1090/1771 1187/1243/1771
f 578/204/1895 1180/1290/2056 581/214/2056
f 1184/1196/2057 1179/1291/2058 1180/1290/2057
f 1183/1198/1899 1178/1292/1770 1179/1291/2058
f 1182/1200/1769 1177/1084/1770 1178/1292/1770
f 581/214/2059 1173/1155/2059 221/191/2059
f 1180/1290/2060 1174/1157/2060 1173/1155/2060
f 1179/1291/2061 1175/1159/1768 1174/1157/2060
f 1178/1292/1768 1176/1086/1768 1175/1159/1768
f 641/316/2062 1152/1293/2063 644/326/2064
f 1172/1202/2065 1151/1294/2066 1152/1293/2067
f 1171/1204/2068 1150/1295/2069 1151/1294/2070
f 1170/1206/2071 1149/1073/1767 1150/1295/2069
f 484/16/2072 1161/1253/2073 104/59/2074
f 1168/1217/2075 1162/1254/2076 1161/1253/2077
f 1167/1219/2078 1163/1255/1764 1162/1254/2076
f 1166/1221/1764 1164/1081/1764 1163/1255/1764
f 242/223/2035 1153/1278/2079 584/215/2027
f 1160/1284/2037 1154/1279/2029 1153/1278/2028
f 1159/1285/2036 1155/1280/1763 1154/1279/2029
f 1158/1286/1761 1156/1078/1763 1155/1280/1763
f 644/326/2080 1145/1173/2081 302/303/2082
f 1152/1293/2083 1146/1175/2084 1145/1173/2085
f 1151/1294/2086 1147/1177/2087 1146/1175/2088
f 1150/1295/2089 1148/1075/1760 1147/1177/2087
f 611/263/1887 1137/1270/2090 614/268/2004
f 1144/1193/1890 1138/1272/2010 1137/1270/2007
f 1143/1194/1889 1139/1274/2012 1138/1272/2010
f 1142/1195/1891 1140/1072/1757 1139/1274/2012
f 560/172/1930 1124/1296/2091 563/182/2091
f 1136/1223/1933 1123/1297/2092 1124/1296/2093
f 1135/1225/1932 1122/1298/1754 1123/1297/2092
f 1134/1227/1753 1121/1062/1754 1122/1298/1754
f 501/50/2094 1125/1264/2095 502/57/2096
f 1132/1166/2097 1126/1266/2098 1125/1264/2099
f 1131/1168/2100 1127/1268/1752 1126/1266/2098
f 1130/1170/1752 1128/1067/1752 1127/1268/1752
f 563/182/2101 1117/1287/2101 113/18/2101
f 1124/1296/2102 1118/1288/2103 1117/1287/2102
f 1123/1297/2104 1119/1289/1751 1118/1288/2103
f 1122/1298/1751 1120/1064/1751 1119/1289/1751
f 623/284/1937 1109/1161/2105 626/294/1839
f 1116/1229/1940 1110/1163/2106 1109/1161/1842
f 1115/1231/1943 1111/1165/1848 1110/1163/2107
f 1114/1233/1942 1112/1061/2108 1111/1165/1848
f 1777/1299/2109 1779/1300/2109 1776/1301/2109
f 1778/1302/2110 1780/1303/2110 1777/1299/2110
f 1780/1303/2111 1782/1304/2111 1779/1300/2111
f 1781/1305/2112 1783/1306/2113 1780/1303/2114
f 1430/1307/2115 1415/1308/2116 1313/1309/2116
f 1429/1310/2117 1776/1301/2117 1430/1307/2117
f 1428/1311/2118 1777/1299/2118 1429/1310/2118
f 1310/1312/2119 1778/1302/2120 1428/1311/2121
f 1406/1313/2122 1781/1305/2123 1778/1302/2124
f 1405/1314/2125 1784/1315/2125 1781/1305/2125
f 1779/1300/2126 1413/1316/2127 1414/1317/2128
f 1776/1301/2129 1414/1317/2130 1415/1308/2131
f 1786/1318/2132 1788/1319/2133 1785/1320/2134
f 1787/1321/2135 1789/1322/2136 1786/1318/2132
f 1789/1322/2137 1791/1323/2138 1788/1319/2139
f 1790/1324/2140 1792/1325/2141 1789/1322/2142
f 1373/1326/2143 1382/1327/2143 1303/1328/2143
f 1372/1329/2144 1785/1320/2145 1373/1326/2146
f 1371/1330/2147 1786/1318/2148 1372/1329/2144
f 1302/1331/2149 1787/1321/2135 1371/1330/2147
f 1379/1332/2150 1790/1324/2140 1787/1321/2135
f 1378/1333/2151 1793/1334/2152 1790/1324/2140
f 1377/1335/2153 1392/1336/2154 1793/1334/2155
f 1793/1334/2155 1393/1337/2156 1792/1325/2157
f 1792/1325/2158 1394/1338/2159 1791/1323/2160
f 1791/1323/2161 1306/1339/2162 1380/1340/2163
f 1788/1319/2164 1380/1340/2164 1381/1341/2164
f 1785/1320/2165 1381/1341/2165 1382/1327/2165
f 1795/1342/2166 1797/1343/2166 1794/1344/2166
f 1796/1345/2167 1798/1346/2168 1795/1342/2169
f 1798/1346/2170 1800/1347/2170 1797/1343/2170
f 1799/1348/2171 1801/1349/2172 1798/1346/2173
f 1775/1350/2174 1406/1313/2174 1310/1312/2174
f 1774/1351/2175 1794/1344/2175 1775/1350/2175
f 1773/1352/2176 1795/1342/2177 1774/1351/2178
f 1309/1353/2179 1796/1345/2179 1773/1352/2179
f 1374/1354/2180 1799/1348/2180 1796/1345/2180
f 1375/1355/2181 1802/1356/2182 1799/1348/2171
f 1797/1343/2183 1404/1357/2183 1405/1314/2183
f 1794/1344/2184 1405/1314/2184 1406/1313/2184
f 1804/1358/2185 1806/1359/2185 1803/1360/2185
f 1805/1361/2186 1807/1362/2186 1804/1358/2186
f 1807/1362/2187 1809/1363/2188 1806/1359/2189
f 1808/1364/2190 1810/1365/2191 1807/1362/2192
f 1394/1338/2193 1391/1366/2193 1306/1339/2193
f 1393/1337/2194 1803/1360/2194 1394/1338/2194
f 1392/1336/2195 1804/1358/2195 1393/1337/2195
f 1305/1367/2196 1805/1361/2197 1392/1336/2198
f 1388/1368/2199 1808/1364/2199 1805/1361/2199
f 1387/1369/2200 1811/1370/2201 1808/1364/2190
f 1386/1371/2202 1422/1372/2203 1811/1370/2204
f 1811/1370/2205 1423/1373/2205 1810/1365/2205
f 1810/1365/2206 1424/1374/2207 1809/1363/2208
f 1809/1363/2209 1315/1375/2209 1389/1376/2209
f 1806/1359/2210 1389/1376/2211 1390/1377/2212
f 1803/1360/2213 1390/1377/2213 1391/1366/2213
f 1813/1378/2214 1815/1379/2214 1812/1380/2214
f 1814/1381/2215 1816/1382/2215 1813/1378/2215
f 1816/1382/2216 1818/1383/2216 1815/1379/2216
f 1817/1384/2217 1819/1385/2218 1816/1382/2219
f 1424/1374/2220 1421/1386/2220 1315/1375/2220
f 1423/1373/2221 1812/1380/2221 1424/1374/2221
f 1422/1372/2222 1813/1378/2223 1423/1373/2223
f 1312/1387/2224 1814/1381/2224 1422/1372/2224
f 1412/1388/2225 1817/1384/2225 1814/1381/2225
f 1411/1389/2226 1820/1390/2227 1817/1384/2228
f 1410/1391/2229 1425/1392/2230 1820/1390/2231
f 1820/1390/2232 1426/1393/2233 1819/1385/2234
f 1819/1385/2235 1427/1394/2235 1818/1383/2235
f 1818/1383/2236 1314/1395/2236 1419/1396/2236
f 1815/1379/2237 1419/1396/2237 1420/1397/2237
f 1812/1380/2238 1420/1397/2238 1421/1386/2238
f 1822/1398/2239 1824/1399/2239 1821/1400/2239
f 1823/1401/2240 1825/1402/2240 1822/1398/2240
f 1825/1402/2241 1827/1403/2241 1824/1399/2241
f 1826/1404/2242 1828/1405/2242 1825/1402/2242
f 1427/1394/2243 1418/1406/2243 1314/1395/2243
f 1426/1393/2244 1821/1400/2245 1427/1394/2246
f 1425/1392/2247 1822/1398/2247 1426/1393/2247
f 1311/1407/2248 1823/1401/2249 1425/1392/2230
f 1409/1408/2250 1826/1404/2250 1823/1401/2250
f 1408/1409/2251 1829/1410/2251 1826/1404/2251
f 1407/1411/2252 1428/1311/2252 1829/1410/2252
f 1829/1410/2253 1429/1310/2253 1828/1405/2253
f 1828/1405/2254 1430/1307/2254 1827/1403/2254
f 1827/1403/2255 1313/1309/2255 1416/1412/2255
f 1824/1399/2256 1416/1412/2256 1417/1413/2256
f 1821/1400/2257 1417/1413/2257 1418/1406/2257
f 1831/1414/2258 1833/1415/2259 1830/1416/2260
f 1832/1417/2261 1834/1418/2262 1831/1414/2263
f 1834/1418/2262 1836/1419/2264 1833/1415/2265
f 1835/1420/2266 1837/1421/2267 1834/1418/2268
f 1763/1422/2269 1379/1332/2269 1302/1331/2269
f 1762/1423/2270 1830/1416/2270 1763/1422/2270
f 1761/1424/2271 1831/1414/2258 1762/1423/2272
f 1301/1425/2273 1832/1417/2261 1761/1424/2274
f 1383/1426/2275 1835/1420/2276 1832/1417/2261
f 1384/1427/2277 1838/1428/2278 1835/1420/2266
f 1385/1429/2279 1764/1430/2280 1838/1428/2278
f 1838/1428/2281 1765/1431/2281 1837/1421/2281
f 1837/1421/2282 1766/1432/2282 1836/1419/2282
f 1836/1419/2283 1305/1367/2284 1377/1335/2285
f 1833/1415/2286 1377/1335/2285 1378/1333/2287
f 1830/1416/2288 1378/1333/2288 1379/1332/2288
f 1840/1433/2289 1842/1434/2290 1839/1435/2291
f 1841/1436/2292 1843/1437/2293 1840/1433/2289
f 1843/1437/2293 1845/1438/2294 1842/1434/2290
f 1844/1439/2295 1846/1440/2296 1843/1437/2297
f 1766/1432/2298 1388/1368/2299 1305/1367/2300
f 1765/1431/2301 1839/1435/2302 1766/1432/2303
f 1764/1430/2304 1840/1433/2304 1765/1431/2304
f 1304/1441/2305 1841/1436/2305 1764/1430/2305
f 1395/1442/2306 1844/1439/2306 1841/1436/2306
f 1396/1443/2307 1847/1444/2308 1844/1439/2309
f 1397/1445/2310 1767/1446/2311 1847/1444/2308
f 1847/1444/2308 1768/1447/2312 1846/1440/2313
f 1846/1440/2296 1769/1448/2314 1845/1438/2315
f 1845/1438/2294 1312/1387/2316 1386/1371/2202
f 1842/1434/2290 1386/1371/2317 1387/1369/2318
f 1839/1435/2319 1387/1369/2320 1388/1368/2321
f 1849/1449/2322 1851/1450/2323 1848/1451/2324
f 1850/1452/2325 1852/1453/2326 1849/1449/2327
f 1852/1453/2328 1854/1454/2328 1851/1450/2328
f 1853/1455/2329 1855/1456/2330 1852/1453/2326
f 1769/1448/2331 1412/1388/2332 1312/1387/2333
f 1768/1447/2312 1848/1451/2334 1769/1448/2331
f 1767/1446/2311 1849/1449/2327 1768/1447/2312
f 1307/1457/2335 1850/1452/2325 1767/1446/2311
f 1398/1458/2336 1853/1455/2329 1850/1452/2325
f 1399/1459/2337 1856/1460/2338 1853/1455/2329
f 1400/1461/2339 1770/1462/2340 1856/1460/2338
f 1856/1460/2338 1771/1463/2341 1855/1456/2330
f 1855/1456/2342 1772/1464/2342 1854/1454/2342
f 1854/1454/2343 1311/1407/2343 1410/1391/2343
f 1851/1450/2344 1410/1391/2344 1411/1389/2344
f 1848/1451/2345 1411/1389/2345 1412/1388/2345
f 1857/1465/2346 1861/1466/2346 1860/1467/2346
f 1858/1468/2347 1862/1469/2347 1861/1466/2347
f 1860/1467/2348 1864/1470/2349 1863/1471/2350
f 1861/1466/2351 1865/1472/2352 1864/1470/2353
f 1509/1473/2354 1858/1468/2355 1857/1465/2356
f 1510/1474/2357 1859/1475/2357 1858/1468/2357
f 1511/1476/2358 1628/1477/2359 1859/1475/2360
f 1859/1475/2361 1627/1478/2361 1862/1469/2361
f 1862/1469/2362 1626/1479/2362 1865/1472/2362
f 1865/1472/2363 1313/1309/2116 1415/1308/2116
f 1864/1470/2364 1415/1308/2364 1414/1317/2364
f 1863/1471/2365 1414/1317/2365 1413/1316/2365
f 1866/1480/2366 1870/1481/2367 1869/1482/2368
f 1867/1483/2369 1871/1484/2370 1870/1481/2371
f 1869/1482/2372 1873/1485/2373 1872/1486/2374
f 1870/1481/2375 1874/1487/2376 1873/1485/2373
f 1521/1488/2377 1867/1483/2378 1866/1480/2379
f 1522/1489/2380 1868/1490/2381 1867/1483/2382
f 1523/1491/2383 1631/1492/2384 1868/1490/2385
f 1868/1490/2386 1630/1493/2387 1871/1484/2388
f 1871/1484/2389 1629/1494/2390 1874/1487/2391
f 1874/1487/2392 1331/1495/2393 1511/1476/2394
f 1873/1485/2373 1511/1476/2395 1510/1474/2396
f 1872/1486/2374 1510/1474/2396 1509/1473/2397
f 1875/1496/2398 1879/1497/2399 1878/1498/2400
f 1876/1499/2401 1880/1500/2402 1879/1497/2403
f 1878/1498/2404 1882/1501/2405 1881/1502/2406
f 1879/1497/2407 1883/1503/2408 1882/1501/2409
f 1533/1504/2410 1876/1499/2410 1875/1496/2411
f 1534/1505/2412 1877/1506/2413 1876/1499/2414
f 1535/1507/2415 1634/1508/2415 1877/1506/2415
f 1877/1506/2416 1633/1509/2417 1880/1500/2418
f 1880/1500/2419 1632/1510/2420 1883/1503/2421
f 1883/1503/2422 1335/1511/2423 1523/1491/2424
f 1882/1501/2425 1523/1491/2426 1522/1489/2427
f 1881/1502/2428 1522/1489/2429 1521/1488/2430
f 1884/1512/2431 1888/1513/2431 1887/1514/2431
f 1885/1515/2432 1889/1516/2432 1888/1513/2432
f 1887/1514/2433 1891/1517/2433 1890/1518/2433
f 1888/1513/2434 1892/1519/2434 1891/1517/2434
f 1542/1520/2435 1885/1515/2436 1884/1512/2437
f 1543/1521/2438 1886/1522/2439 1885/1515/2440
f 1544/1523/2441 1637/1524/2442 1886/1522/2443
f 1886/1522/2444 1636/1525/2444 1889/1516/2444
f 1889/1516/2445 1635/1526/2445 1892/1519/2445
f 1892/1519/2446 1339/1527/2446 1535/1507/2446
f 1891/1517/2447 1535/1507/2447 1534/1505/2447
f 1890/1518/2448 1534/1505/2448 1533/1504/2448
f 1893/1528/2449 1897/1529/2450 1896/1530/2451
f 1894/1531/2452 1898/1532/2453 1897/1529/2454
f 1896/1530/2451 1900/1533/2455 1899/1534/2456
f 1897/1529/2454 1901/1535/2457 1900/1533/2458
f 1554/1536/2459 1894/1531/2460 1893/1528/2449
f 1555/1537/2461 1895/1538/2462 1894/1531/2452
f 1556/1539/2463 1640/1540/2464 1895/1538/2462
f 1895/1538/2462 1639/1541/2465 1898/1532/2453
f 1898/1532/2453 1638/1542/2466 1901/1535/2457
f 1901/1535/2467 1343/1543/2468 1544/1523/2469
f 1900/1533/2458 1544/1523/2470 1543/1521/2438
f 1899/1534/2456 1543/1521/2471 1542/1520/2472
f 1902/1544/2473 1906/1545/2474 1905/1546/2475
f 1903/1547/2476 1907/1548/2477 1906/1545/2478
f 1905/1546/2475 1909/1549/2479 1908/1550/2480
f 1906/1545/2478 1910/1551/2481 1909/1549/2482
f 1566/1552/2483 1903/1547/2484 1902/1544/2473
f 1567/1553/2485 1904/1554/2486 1903/1547/2476
f 1568/1555/2487 1643/1556/2488 1904/1554/2486
f 1904/1554/2486 1642/1557/2489 1907/1548/2477
f 1907/1548/2477 1641/1558/2490 1910/1551/2481
f 1910/1551/2481 1347/1559/2491 1556/1539/2492
f 1909/1549/2493 1556/1539/2463 1555/1537/2461
f 1908/1550/2480 1555/1537/2494 1554/1536/2459
f 1911/1560/2495 1915/1561/2496 1914/1562/2497
f 1912/1563/2498 1916/1564/2499 1915/1561/2500
f 1914/1562/2497 1918/1565/2501 1917/1566/2502
f 1915/1561/2500 1919/1567/2503 1918/1565/2504
f 1578/1568/2505 1912/1563/2506 1911/1560/2495
f 1579/1569/2507 1913/1570/2508 1912/1563/2498
f 1580/1571/2509 1646/1572/2510 1913/1570/2508
f 1913/1570/2508 1645/1573/2511 1916/1564/2499
f 1916/1564/2499 1644/1574/2512 1919/1567/2503
f 1919/1567/2503 1351/1575/2513 1568/1555/2487
f 1918/1565/2504 1568/1555/2487 1567/1553/2485
f 1917/1566/2502 1567/1553/2514 1566/1552/2483
f 1920/1576/2515 1924/1577/2516 1923/1578/2517
f 1921/1579/2518 1925/1580/2519 1924/1577/2520
f 1923/1578/2517 1927/1581/2521 1926/1582/2522
f 1924/1577/2520 1928/1583/2523 1927/1581/2524
f 1590/1584/2525 1921/1579/2526 1920/1576/2515
f 1591/1585/2527 1922/1586/2528 1921/1579/2518
f 1592/1587/2529 1649/1588/2530 1922/1586/2528
f 1922/1586/2528 1648/1589/2531 1925/1580/2519
f 1925/1580/2519 1647/1590/2532 1928/1583/2523
f 1928/1583/2523 1355/1591/2533 1580/1571/2534
f 1927/1581/2535 1580/1571/2509 1579/1569/2507
f 1926/1582/2522 1579/1569/2536 1578/1568/2505
f 1929/1592/2537 1933/1593/2538 1932/1594/2539
f 1930/1595/2540 1934/1596/2541 1933/1593/2542
f 1932/1594/2539 1936/1597/2543 1935/1598/2544
f 1933/1593/2542 1937/1599/2545 1936/1597/2546
f 1602/1600/2547 1930/1595/2548 1929/1592/2537
f 1603/1601/2549 1931/1602/2550 1930/1595/2540
f 1604/1603/2551 1652/1604/2552 1931/1602/2550
f 1931/1602/2550 1651/1605/2553 1934/1596/2541
f 1934/1596/2541 1650/1606/2554 1937/1599/2545
f 1937/1599/2545 1359/1607/2555 1592/1587/2556
f 1936/1597/2557 1592/1587/2529 1591/1585/2527
f 1935/1598/2544 1591/1585/2558 1590/1584/2525
f 1938/1608/2559 1942/1609/2560 1941/1610/2561
f 1939/1611/2562 1943/1612/2563 1942/1609/2564
f 1941/1610/2565 1945/1613/2566 1944/1614/2567
f 1942/1609/2568 1946/1615/2569 1945/1613/2570
f 1614/1616/2571 1939/1611/2572 1938/1608/2559
f 1615/1617/2573 1940/1618/2574 1939/1611/2562
f 1616/1619/2575 1655/1620/2576 1940/1618/2577
f 1940/1618/2574 1654/1621/2578 1943/1612/2563
f 1943/1612/2579 1653/1622/2580 1946/1615/2569
f 1946/1615/2581 1363/1623/2582 1604/1603/2551
f 1945/1613/2583 1604/1603/2551 1603/1601/2584
f 1944/1614/2585 1603/1601/2586 1602/1600/2587
f 1947/1624/2588 1951/1625/2589 1950/1626/2590
f 1948/1627/2591 1952/1628/2592 1951/1625/2589
f 1950/1626/2590 1954/1629/2593 1953/1630/2594
f 1951/1625/2589 1955/1631/2595 1954/1629/2593
f 1367/1632/2596 1947/1624/2597 1658/1633/2598
f 1616/1619/2599 1948/1627/2600 1947/1624/2601
f 1615/1617/2602 1949/1634/2603 1948/1627/2604
f 1954/1629/2605 1467/1635/2606 1468/1636/2607
f 1954/1629/2605 1469/1637/2608 1953/1630/2609
f 1953/1630/2609 1327/1638/2610 1656/1639/2611
f 1950/1626/2612 1656/1639/2613 1657/1640/2614
f 1658/1633/2615 1950/1626/2612 1657/1640/2614
f 1956/1641/2616 1960/1642/2617 1959/1643/2618
f 1957/1644/2619 1961/1645/2619 1960/1642/2619
f 1959/1643/2620 1963/1646/2621 1962/1647/2622
f 1960/1642/2623 1964/1648/2624 1963/1646/2625
f 1331/1495/2626 1956/1641/2626 1628/1477/2626
f 1512/1649/2627 1957/1644/2628 1956/1641/2629
f 1513/1650/2630 1958/1651/2631 1957/1644/2628
f 1514/1652/2632 1661/1653/2633 1958/1651/2634
f 1958/1651/2635 1660/1654/2635 1961/1645/2635
f 1961/1645/2636 1659/1655/2637 1964/1648/2624
f 1964/1648/2638 1314/1395/2638 1418/1406/2638
f 1963/1646/2639 1418/1406/2639 1417/1413/2639
f 1962/1647/2640 1417/1413/2640 1416/1412/2640
f 1626/1479/2641 1416/1412/2642 1313/1309/2643
f 1627/1478/2644 1962/1647/2644 1626/1479/2644
f 1628/1477/2645 1959/1643/2645 1627/1478/2645
f 1965/1656/2646 1969/1657/2647 1968/1658/2648
f 1966/1659/2649 1970/1660/2650 1969/1657/2647
f 1968/1658/2651 1972/1661/2652 1971/1662/2653
f 1969/1657/2654 1973/1663/2655 1972/1661/2652
f 1335/1511/2656 1965/1656/2657 1631/1492/2384
f 1524/1664/2658 1966/1659/2659 1965/1656/2660
f 1525/1665/2661 1967/1666/2662 1966/1659/2659
f 1526/1667/2663 1664/1668/2664 1967/1666/2665
f 1967/1666/2666 1663/1669/2667 1970/1660/2650
f 1970/1660/2668 1662/1670/2668 1973/1663/2668
f 1973/1663/2669 1332/1671/2670 1514/1652/2671
f 1972/1661/2672 1514/1652/2671 1513/1650/2673
f 1971/1662/2674 1513/1650/2673 1512/1649/2674
f 1629/1494/2675 1512/1649/2676 1331/1495/2677
f 1630/1493/2678 1971/1662/2679 1629/1494/2390
f 1631/1492/2680 1968/1658/2681 1630/1493/2387
f 1974/1672/2682 1978/1673/2682 1977/1674/2682
f 1975/1675/2683 1979/1676/2683 1978/1673/2683
f 1977/1674/2684 1981/1677/2684 1980/1678/2684
f 1978/1673/2685 1982/1679/2686 1981/1677/2687
f 1339/1527/2688 1974/1672/2689 1634/1508/2690
f 1536/1680/2691 1975/1675/2691 1974/1672/2691
f 1537/1681/2692 1976/1682/2693 1975/1675/2694
f 1538/1683/2695 1667/1684/2696 1976/1682/2697
f 1976/1682/2698 1666/1685/2698 1979/1676/2698
f 1979/1676/2699 1665/1686/2699 1982/1679/2699
f 1982/1679/2700 1336/1687/2701 1526/1667/2702
f 1981/1677/2703 1526/1667/2702 1525/1665/2704
f 1980/1678/2705 1525/1665/2705 1524/1664/2705
f 1632/1510/2706 1524/1664/2707 1335/1511/2423
f 1633/1509/2708 1980/1678/2709 1632/1510/2420
f 1634/1508/2710 1977/1674/2711 1633/1509/2417
f 1983/1688/2712 1987/1689/2712 1986/1690/2712
f 1984/1691/2713 1988/1692/2714 1987/1689/2715
f 1986/1690/2716 1990/1693/2716 1989/1694/2716
f 1987/1689/2717 1991/1695/2718 1990/1693/2719
f 1343/1543/2468 1983/1688/2720 1637/1524/2721
f 1545/1696/2722 1984/1691/2722 1983/1688/2722
f 1546/1697/2723 1985/1698/2723 1984/1691/2723
f 1547/1699/2724 1670/1700/2725 1985/1698/2726
f 1985/1698/2727 1669/1701/2728 1988/1692/2729
f 1988/1692/2730 1668/1702/2731 1991/1695/2732
f 1991/1695/2733 1340/1703/2734 1538/1683/2735
f 1990/1693/2736 1538/1683/2737 1537/1681/2738
f 1989/1694/2739 1537/1681/2739 1536/1680/2739
f 1635/1526/2740 1536/1680/2741 1339/1527/2742
f 1636/1525/2743 1989/1694/2744 1635/1526/2743
f 1637/1524/2442 1986/1690/2745 1636/1525/2746
f 1992/1704/2747 1996/1705/2748 1995/1706/2749
f 1993/1707/2750 1997/1708/2751 1996/1705/2752
f 1995/1706/2749 1999/1709/2753 1998/1710/2754
f 1996/1705/2748 2000/1711/2755 1999/1709/2753
f 1344/1712/2756 1992/1704/2757 1671/1713/2758
f 1547/1699/2759 1993/1707/2760 1992/1704/2747
f 1546/1697/2761 1994/1714/2762 1993/1707/2763
f 1545/1696/2764 1638/1542/2765 1994/1714/2766
f 1994/1714/2762 1639/1541/2767 1997/1708/2768
f 1997/1708/2751 1640/1540/2769 2000/1711/2755
f 2000/1711/2755 1347/1559/2491 1557/1715/2770
f 1999/1709/2753 1557/1715/2770 1558/1716/2771
f 1998/1710/2754 1558/1716/2772 1559/1717/2773
f 1673/1718/2774 1559/1717/2775 1348/1719/2776
f 1672/1720/2777 1998/1710/2778 1673/1718/2774
f 1671/1713/2779 1995/1706/2780 1672/1720/2781
f 2001/1721/2782 2005/1722/2783 2004/1723/2784
f 2002/1724/2785 2006/1725/2786 2005/1722/2783
f 2004/1723/2784 2008/1726/2787 2007/1727/2788
f 2005/1722/2783 2009/1728/2789 2008/1726/2787
f 1348/1719/2776 2001/1721/2790 1674/1729/2791
f 1559/1717/2773 2002/1724/2792 2001/1721/2782
f 1558/1716/2771 2003/1730/2793 2002/1724/2785
f 1557/1715/2770 1641/1558/2490 2003/1730/2793
f 2003/1730/2793 1642/1557/2489 2006/1725/2786
f 2006/1725/2786 1643/1556/2488 2009/1728/2789
f 2009/1728/2789 1351/1575/2794 1569/1731/2795
f 2008/1726/2787 1569/1731/2795 1570/1732/2796
f 2007/1727/2788 1570/1732/2797 1571/1733/2798
f 1676/1734/2799 1571/1733/2800 1352/1735/2801
f 1675/1736/2802 2007/1727/2803 1676/1734/2799
f 1674/1729/2791 2004/1723/2804 1675/1736/2802
f 2010/1737/2805 2014/1738/2806 2013/1739/2807
f 2011/1740/2808 2015/1741/2809 2014/1738/2810
f 2013/1739/2811 2017/1742/2812 2016/1743/2813
f 2014/1738/2806 2018/1744/2814 2017/1742/2815
f 1352/1735/2801 2010/1737/2816 1677/1745/2817
f 1571/1733/2798 2011/1740/2818 2010/1737/2805
f 1570/1732/2819 2012/1746/2820 2011/1740/2821
f 1569/1731/2795 1644/1574/2822 2012/1746/2823
f 2012/1746/2820 1645/1573/2824 2015/1741/2825
f 2015/1741/2809 1646/1572/2826 2018/1744/2827
f 2018/1744/2814 1355/1591/2828 1581/1747/2829
f 2017/1742/2812 1581/1747/2830 1582/1748/2831
f 2016/1743/2832 1582/1748/2832 1583/1749/2832
f 1679/1750/2833 1583/1749/2833 1356/1751/2833
f 1678/1752/2834 2016/1743/2835 1679/1750/2836
f 1677/1745/2817 2013/1739/2837 1678/1752/2838
f 2019/1753/2839 2023/1754/2840 2022/1755/2841
f 2020/1756/2842 2024/1757/2843 2023/1754/2844
f 2022/1755/2845 2026/1758/2846 2025/1759/2847
f 2023/1754/2840 2027/1760/2848 2026/1758/2849
f 1356/1751/2850 2019/1753/2850 1680/1761/2850
f 1583/1749/2851 2020/1756/2852 2019/1753/2839
f 1582/1748/2853 2021/1762/2854 2020/1756/2855
f 1581/1747/2830 1647/1590/2856 2021/1762/2857
f 2021/1762/2854 1648/1589/2858 2024/1757/2859
f 2024/1757/2843 1649/1588/2860 2027/1760/2861
f 2027/1760/2848 1359/1607/2862 1593/1763/2863
f 2026/1758/2846 1593/1763/2864 1594/1764/2865
f 2025/1759/2866 1594/1764/2867 1595/1765/2868
f 1682/1766/2869 1595/1765/2870 1360/1767/2871
f 1681/1768/2872 2025/1759/2873 1682/1766/2874
f 1680/1761/2875 2022/1755/2876 1681/1768/2877
f 2028/1769/2878 2032/1770/2879 2031/1771/2880
f 2029/1772/2881 2033/1773/2882 2032/1770/2879
f 2031/1771/2880 2035/1774/2883 2034/1775/2884
f 2032/1770/2879 2036/1776/2885 2035/1774/2883
f 1360/1767/2886 2028/1769/2887 1683/1777/2888
f 1595/1765/2889 2029/1772/2881 2028/1769/2890
f 1594/1764/2867 2030/1778/2891 2029/1772/2892
f 1593/1763/2864 1650/1606/2893 2030/1778/2894
f 2030/1778/2891 1651/1605/2895 2033/1773/2882
f 2033/1773/2882 1652/1604/2896 2036/1776/2885
f 2036/1776/2885 1363/1623/2897 1605/1779/2898
f 2035/1774/2883 1605/1779/2898 1606/1780/2899
f 2034/1775/2884 1606/1780/2899 1607/1781/2900
f 1685/1782/2901 1607/1781/2900 1364/1783/2902
f 1684/1784/2903 2034/1775/2884 1685/1782/2901
f 1683/1777/2888 2031/1771/2904 1684/1784/2903
f 2037/1785/2905 2041/1786/2906 2040/1787/2907
f 2038/1788/2908 2042/1789/2909 2041/1786/2906
f 2040/1787/2910 2044/1790/2911 2043/1791/2912
f 2041/1786/2913 2045/1792/2914 2044/1790/2911
f 1364/1783/2902 2037/1785/2915 1686/1793/2916
f 1607/1781/2900 2038/1788/2917 2037/1785/2915
f 1606/1780/2899 2039/1794/2918 2038/1788/2917
f 1605/1779/2898 1653/1622/2919 2039/1794/2918
f 2039/1794/2920 1654/1621/2921 2042/1789/2909
f 2042/1789/2922 1655/1620/2923 2045/1792/2914
f 2045/1792/2924 1367/1632/2925 1617/1795/2926
f 2044/1790/2927 1617/1795/2926 1618/1796/2928
f 2043/1791/2929 1618/1796/2928 1619/1797/2930
f 1688/1798/2930 1619/1797/2930 1368/1799/2931
f 1687/1800/2932 2043/1791/2912 1688/1798/2933
f 1686/1793/2934 2040/1787/2907 1687/1800/2935
f 2046/1801/2936 2050/1802/2937 2049/1803/2938
f 2048/1804/2939 2050/1802/2937 2047/1805/2940
f 2049/1803/2938 2053/1806/2941 2052/1807/2942
f 2051/1808/2943 2053/1806/2941 2050/1802/2937
f 1328/1809/2944 2046/1801/2944 1472/1810/2944
f 1689/1811/2945 2047/1805/2940 2046/1801/2936
f 1691/1812/2946 2047/1805/2940 1690/1813/2947
f 1368/1799/2948 2048/1804/2949 1691/1812/2946
f 1619/1797/2950 2051/1808/2951 2048/1804/2949
f 1618/1796/2952 2054/1814/2953 2051/1808/2951
f 1617/1795/2954 1658/1633/2598 2054/1814/2953
f 2054/1814/2955 1657/1640/2614 2053/1806/2941
f 2052/1807/2942 1657/1640/2614 1656/1639/2613
f 1470/1815/2956 1656/1639/2611 1327/1638/2610
f 1471/1816/2957 2052/1807/2958 1470/1815/2956
f 1472/1810/2959 2049/1803/2959 1471/1816/2959
f 2055/1817/2960 2059/1818/2961 2058/1819/2962
f 2056/1820/2963 2060/1821/2964 2059/1818/2965
f 2058/1819/2966 2062/1822/2967 2061/1823/2968
f 2059/1818/2965 2063/1824/2969 2062/1822/2967
f 1329/1825/2970 2055/1817/2960 1475/1826/2971
f 1692/1827/2972 2056/1820/2963 2055/1817/2960
f 1693/1828/2973 2057/1829/2974 2056/1820/2963
f 1369/1830/2975 2057/1829/2974 1694/1831/2976
f 1622/1832/2977 2060/1821/2964 2057/1829/2974
f 1621/1833/2978 2063/1824/2969 2060/1821/2964
f 1620/1834/2979 1691/1812/2946 2063/1824/2969
f 2063/1824/2969 1690/1813/2947 2062/1822/2967
f 2061/1823/2968 1690/1813/2947 1689/1811/2945
f 1473/1835/2980 1689/1811/2981 1328/1809/2982
f 1474/1836/2983 2061/1823/2984 1473/1835/2980
f 1475/1826/2971 2058/1819/2962 1474/1836/2983
f 2064/1837/2985 2068/1838/2986 2067/1839/2987
f 2065/1840/2988 2069/1841/2989 2068/1838/2986
f 2067/1839/2990 2071/1842/2991 2070/1843/2992
f 2068/1838/2993 2072/1844/2994 2071/1842/2991
f 1365/1845/2995 2064/1837/2985 1698/1846/2996
f 1610/1847/2997 2065/1840/2998 2064/1837/2999
f 1609/1848/3000 2066/1849/3001 2065/1840/3002
f 1608/1850/3003 1686/1793/2916 2066/1849/3001
f 2066/1849/3004 1687/1800/2935 2069/1841/2989
f 2069/1841/3005 1688/1798/2933 2072/1844/2994
f 2072/1844/3006 1368/1799/2931 1620/1834/3007
f 2071/1842/3008 1620/1834/3007 1621/1833/3009
f 2070/1843/3010 1621/1833/3009 1622/1832/3011
f 1700/1851/3012 1622/1832/2977 1369/1830/2975
f 1699/1852/3013 2070/1843/2992 1700/1851/3012
f 1698/1846/2996 2067/1839/2987 1699/1852/3014
f 2073/1853/3015 2077/1854/3016 2076/1855/3017
f 2074/1856/3018 2078/1857/3019 2077/1854/3020
f 2076/1855/3017 2080/1858/3021 2079/1859/3022
f 2077/1854/3020 2081/1860/3023 2080/1858/3024
f 1361/1861/3025 2073/1853/3026 1695/1862/3027
f 1598/1863/3028 2074/1856/3029 2073/1853/3015
f 1597/1864/3030 2075/1865/3031 2074/1856/3018
f 1596/1866/3032 1683/1777/3033 2075/1865/3034
f 2075/1865/3034 1684/1784/2903 2078/1857/3019
f 2078/1857/3019 1685/1782/2901 2081/1860/3023
f 2081/1860/3023 1364/1783/2902 1608/1850/3003
f 2080/1858/3024 1608/1850/3003 1609/1848/3000
f 2079/1859/3022 1609/1848/3035 1610/1847/2997
f 1697/1867/3036 1610/1847/3037 1365/1845/2995
f 1696/1868/3038 2079/1859/3039 1697/1867/3036
f 1695/1862/3027 2076/1855/3040 1696/1868/3038
f 2082/1869/3041 2086/1870/3041 2085/1871/3041
f 2083/1872/3042 2087/1873/3042 2086/1870/3042
f 2085/1871/3043 2089/1874/3044 2088/1875/3045
f 2086/1870/3046 2090/1876/3047 2089/1874/3048
f 1357/1877/3049 2082/1869/3050 1701/1878/3051
f 1586/1879/3052 2083/1872/3053 2082/1869/3054
f 1585/1880/3055 2084/1881/3055 2083/1872/3055
f 1584/1882/3056 1680/1761/3056 2084/1881/3056
f 2084/1881/3057 1681/1768/3057 2087/1873/3057
f 2087/1873/3058 1682/1766/3059 2090/1876/3060
f 2090/1876/3061 1360/1767/3062 1596/1866/3032
f 2089/1874/3063 1596/1866/3064 1597/1864/3065
f 2088/1875/3066 1597/1864/3067 1598/1863/3068
f 1703/1883/3069 1598/1863/3070 1361/1861/3025
f 1702/1884/3071 2088/1875/3072 1703/1883/3069
f 1701/1878/3051 2085/1871/3073 1702/1884/3074
f 2091/1885/3075 2095/1886/3076 2094/1887/3077
f 2092/1888/3078 2096/1889/3079 2095/1886/3076
f 2094/1887/3077 2098/1890/3080 2097/1891/3081
f 2095/1886/3076 2099/1892/3082 2098/1890/3080
f 1353/1893/3083 2091/1885/3075 1707/1894/3084
f 1574/1895/3085 2092/1888/3078 2091/1885/3075
f 1573/1896/3086 2093/1897/3087 2092/1888/3078
f 1572/1898/3088 1677/1745/2817 2093/1897/3087
f 2093/1897/3087 1678/1752/3089 2096/1889/3079
f 2096/1889/3079 1679/1750/3090 2099/1892/3091
f 2099/1892/3082 1356/1751/3092 1584/1882/3093
f 2098/1890/3080 1584/1882/3093 1585/1880/3094
f 2097/1891/3081 1585/1880/3095 1586/1879/3096
f 1709/1899/3097 1586/1879/3098 1357/1877/3049
f 1708/1900/3099 2097/1891/3081 1709/1899/3100
f 1707/1894/3101 2094/1887/3077 1708/1900/3102
f 2100/1901/3103 2104/1902/3104 2103/1903/3105
f 2101/1904/3106 2105/1905/3107 2104/1902/3104
f 2103/1903/3108 2107/1906/3109 2106/1907/3110
f 2104/1902/3104 2108/1908/3111 2107/1906/3109
f 1349/1909/3112 2100/1901/3113 1704/1910/3114
f 1562/1911/3115 2101/1904/3116 2100/1901/3117
f 1561/1912/3118 2102/1913/3119 2101/1904/3120
f 1560/1914/3121 1674/1729/3122 2102/1913/3119
f 2102/1913/3119 1675/1736/3123 2105/1905/3124
f 2105/1905/3107 1676/1734/3125 2108/1908/3111
f 2108/1908/3111 1352/1735/3126 1572/1898/3088
f 2107/1906/3109 1572/1898/3088 1573/1896/3086
f 2106/1907/3127 1573/1896/3086 1574/1895/3085
f 1706/1915/3128 1574/1895/3085 1353/1893/3129
f 1705/1916/3130 2106/1907/3127 1706/1915/3131
f 1704/1910/3132 2103/1903/3133 1705/1916/3134
f 2109/1917/3135 2113/1918/3136 2112/1919/3137
f 2110/1920/3138 2114/1921/3138 2113/1918/3138
f 2112/1919/3139 2116/1922/3140 2115/1923/3141
f 2113/1918/3142 2117/1924/3143 2116/1922/3144
f 1345/1925/3145 2109/1917/3146 1710/1926/3147
f 1550/1927/3148 2110/1920/3149 2109/1917/3150
f 1549/1928/3151 2111/1929/3152 2110/1920/3153
f 1548/1930/3154 1671/1713/3155 2111/1929/3156
f 2111/1929/3157 1672/1720/3158 2114/1921/3159
f 2114/1921/3160 1673/1718/3161 2117/1924/3162
f 2117/1924/3163 1348/1719/3164 1560/1914/3121
f 2116/1922/3165 1560/1914/3166 1561/1912/3167
f 2115/1923/3168 1561/1912/3167 1562/1911/3169
f 1712/1931/3170 1562/1911/3171 1349/1909/3172
f 1711/1932/3173 2115/1923/3174 1712/1931/3175
f 1710/1926/3176 2112/1919/3177 1711/1932/3178
f 2118/1933/3179 2122/1934/3180 2121/1935/3181
f 2119/1936/3182 2123/1937/3183 2122/1934/3184
f 2121/1935/3185 2125/1938/3185 2124/1939/3185
f 2122/1934/3186 2126/1940/3187 2125/1938/3188
f 1341/1941/3189 2118/1933/3189 1713/1942/3189
f 1541/1943/3190 2119/1936/3191 2118/1933/3192
f 1540/1944/3193 2120/1945/3193 2119/1936/3193
f 1539/1946/3194 1668/1702/3194 2120/1945/3194
f 2120/1945/3195 1669/1701/3196 2123/1937/3197
f 2123/1937/3198 1670/1700/3199 2126/1940/3200
f 2126/1940/3201 1344/1712/3202 1548/1930/3203
f 2125/1938/3204 1548/1930/3205 1549/1928/3206
f 2124/1939/3207 1549/1928/3208 1550/1927/3209
f 1715/1947/3210 1550/1927/3211 1345/1925/3212
f 1714/1948/3213 2124/1939/3213 1715/1947/3213
f 1713/1942/3214 2121/1935/3181 1714/1948/3215
f 2127/1949/3216 2131/1950/3217 2130/1951/3216
f 2128/1952/3218 2132/1953/3218 2131/1950/3218
f 2130/1951/3219 2134/1954/3220 2133/1955/3219
f 2131/1950/3221 2135/1956/3221 2134/1954/3221
f 1337/1957/3222 2127/1949/3222 1716/1958/3222
f 1529/1959/3223 2128/1952/3223 2127/1949/3223
f 1528/1960/3224 2129/1961/3224 2128/1952/3224
f 1527/1962/3225 1665/1686/3225 2129/1961/3225
f 2129/1961/3226 1666/1685/3226 2132/1953/3226
f 2132/1953/3227 1667/1684/3227 2135/1956/3227
f 2135/1956/3228 1340/1703/3228 1539/1946/3228
f 2134/1954/3229 1539/1946/3229 1540/1944/3229
f 2133/1955/3230 1540/1944/3231 1541/1943/3232
f 1718/1963/3233 1541/1943/3233 1341/1941/3233
f 1717/1964/3234 2133/1955/3234 1718/1963/3234
f 1716/1958/3235 2130/1951/3235 1717/1964/3235
f 2136/1965/3236 2140/1966/3237 2139/1967/3238
f 2137/1968/3239 2141/1969/3240 2140/1966/3241
f 2139/1967/3242 2143/1970/3243 2142/1971/3244
f 2140/1966/3245 2144/1972/3246 2143/1970/3247
f 1333/1973/3248 2136/1965/3248 1719/1974/3248
f 1517/1975/3249 2137/1968/3250 2136/1965/3251
f 1516/1976/3252 2138/1977/3253 2137/1968/3239
f 1515/1978/3254 1662/1670/3254 2138/1977/3254
f 2138/1977/3255 1663/1669/3255 2141/1969/3255
f 2141/1969/3256 1664/1668/3257 2144/1972/3258
f 2144/1972/3259 1336/1687/3260 1527/1962/3261
f 2143/1970/3262 1527/1962/3262 1528/1960/3262
f 2142/1971/3263 1528/1960/3263 1529/1959/3263
f 1721/1979/3264 1529/1959/3264 1337/1957/3264
f 1720/1980/3265 2142/1971/3244 1721/1979/3266
f 1719/1974/3267 2139/1967/3267 1720/1980/3267
f 2145/1981/3268 2149/1982/3268 2148/1983/3268
f 2146/1984/3269 2150/1985/3269 2149/1982/3269
f 2148/1983/3270 2152/1986/3270 2151/1987/3270
f 2149/1982/3271 2153/1988/3272 2152/1986/3273
f 1315/1375/3274 2145/1981/3274 1722/1989/3274
f 1421/1386/3275 2146/1984/3275 2145/1981/3275
f 1420/1397/3276 2147/1990/3276 2146/1984/3276
f 1419/1396/3277 1659/1655/3277 2147/1990/3277
f 2147/1990/3278 1660/1654/3278 2150/1985/3278
f 2150/1985/3279 1661/1653/3280 2153/1988/3281
f 2153/1988/3281 1332/1671/3282 1515/1978/3283
f 2152/1986/3284 1515/1978/3284 1516/1976/3284
f 2151/1987/3285 1516/1976/3286 1517/1975/3287
f 1724/1991/3288 1517/1975/3289 1333/1973/3290
f 1723/1992/3291 2151/1987/3292 1724/1991/3293
f 1722/1989/3294 2148/1983/3294 1723/1992/3294
f 2154/1993/3295 2158/1994/3295 2157/1995/3295
f 2155/1996/3296 2159/1997/3296 2158/1994/3296
f 2157/1995/3297 2161/1998/3297 2160/1999/3297
f 2158/1994/3298 2162/2000/3298 2161/1998/3298
f 1306/1339/3299 2154/1993/3299 1725/2001/3299
f 1391/1366/3300 2155/1996/3300 2154/1993/3300
f 1390/1377/3301 2156/2002/3301 2155/1996/3301
f 1389/1376/3302 1722/1989/3302 2156/2002/3302
f 2156/2002/3303 1723/1992/3304 2159/1997/3305
f 2159/1997/3306 1724/1991/3306 2162/2000/3306
f 2162/2000/3307 1333/1973/3307 1518/2003/3307
f 2161/1998/3308 1518/2003/3308 1519/2004/3308
f 2160/1999/3309 1519/2004/3309 1520/2005/3309
f 1727/2006/3310 1520/2005/3310 1334/2007/3310
f 1726/2008/3311 2160/1999/3312 1727/2006/3313
f 1725/2001/3314 2157/1995/3314 1726/2008/3314
f 2163/2009/3315 2167/2010/3315 2166/2011/3315
f 2164/2012/3316 2168/2013/3316 2167/2010/3316
f 2166/2011/3317 2170/2014/3318 2169/2015/3319
f 2167/2010/3320 2171/2016/3320 2170/2014/3320
f 1334/2007/3321 2163/2009/3321 1728/2017/3321
f 1520/2005/3322 2164/2012/3322 2163/2009/3322
f 1519/2004/3323 2165/2018/3324 2164/2012/3325
f 1518/2003/3326 1719/1974/3326 2165/2018/3326
f 2165/2018/3327 1720/1980/3327 2168/2013/3328
f 2168/2013/3329 1721/1979/3330 2171/2016/3331
f 2171/2016/3332 1337/1957/3332 1530/2019/3332
f 2170/2014/3333 1530/2019/3333 1531/2020/3333
f 2169/2015/3334 1531/2020/3334 1532/2021/3334
f 1730/2022/3335 1532/2021/3335 1338/2023/3335
f 1729/2024/3336 2169/2015/3337 1730/2022/3338
f 1728/2017/3339 2166/2011/3340 1729/2024/3341
f 2173/2025/3342 2175/2026/3343 2172/2027/3344
f 2174/2028/3345 2176/2029/3346 2173/2025/3342
f 2176/2029/3346 2178/2030/3347 2175/2026/3343
f 2177/2031/3348 2179/2032/3349 2176/2029/3346
f 1457/2033/3350 1487/2034/3351 1324/2035/3352
f 1456/2036/3353 2172/2027/3354 1457/2033/3350
f 1455/2037/3355 2173/2025/3356 1456/2036/3353
f 1323/2038/3357 2174/2028/3358 1455/2037/3355
f 1490/2039/3359 2177/2031/3360 2174/2028/3345
f 1489/2040/3361 2180/2041/3362 2177/2031/3348
f 1488/2042/3363 1746/2043/3364 2180/2041/3362
f 2180/2041/3362 1747/2044/3365 2179/2032/3349
f 2179/2032/3349 1748/2045/3366 2178/2030/3347
f 2178/2030/3347 1362/2046/3367 1485/2047/3368
f 2175/2026/3343 1485/2047/3369 1486/2048/3370
f 2172/2027/3344 1486/2048/3371 1487/2034/3372
f 2182/2049/3373 2184/2050/3374 2181/2051/3375
f 2183/2052/3376 2185/2053/3377 2182/2049/3373
f 2185/2053/3377 2187/2054/3378 2184/2050/3374
f 2186/2055/3379 2188/2056/3380 2185/2053/3377
f 1454/2057/3381 1490/2039/3382 1323/2038/3357
f 1453/2058/3383 2181/2051/3384 1454/2057/3381
f 1452/2059/3385 2182/2049/3386 1453/2058/3383
f 1322/2060/3387 2183/2052/3387 1452/2059/3387
f 1493/2061/3388 2186/2055/3389 2183/2052/3376
f 1492/2062/3390 2189/2063/3391 2186/2055/3379
f 1491/2064/3392 1743/2065/3393 2189/2063/3391
f 2189/2063/3391 1744/2066/3394 2188/2056/3380
f 2188/2056/3380 1745/2067/3395 2187/2054/3378
f 2187/2054/3378 1358/2068/3396 1488/2042/3363
f 2184/2050/3374 1488/2042/3397 1489/2040/3361
f 2181/2051/3375 1489/2040/3398 1490/2039/3359
f 2191/2069/3399 2193/2070/3399 2190/2071/3399
f 2192/2072/3400 2194/2073/3400 2191/2069/3400
f 2194/2073/3401 2196/2074/3401 2193/2070/3401
f 2195/2075/3402 2197/2076/3402 2194/2073/3402
f 1451/2077/3403 1493/2061/3403 1322/2060/3403
f 1450/2078/3404 2190/2071/3404 1451/2077/3404
f 1449/2079/3405 2191/2069/3405 1450/2078/3405
f 1321/2080/3406 2192/2072/3406 1449/2079/3406
f 1496/2081/3407 2195/2075/3407 2192/2072/3407
f 1495/2082/3408 2198/2083/3408 2195/2075/3408
f 1494/2084/3409 1740/2085/3409 2198/2083/3409
f 2198/2083/3410 1741/2086/3410 2197/2076/3410
f 2197/2076/3411 1742/2087/3412 2196/2074/3413
f 2196/2074/3414 1354/2088/3415 1491/2064/3416
f 2193/2070/3417 1491/2064/3418 1492/2062/3419
f 2190/2071/3420 1492/2062/3420 1493/2061/3420
f 2200/2089/3421 2202/2090/3421 2199/2091/3421
f 2201/2092/3422 2203/2093/3422 2200/2089/3422
f 2203/2093/3423 2205/2094/3423 2202/2090/3423
f 2204/2095/3424 2206/2096/3424 2203/2093/3424
f 1448/2097/3425 1496/2081/3425 1321/2080/3425
f 1447/2098/3426 2199/2091/3426 1448/2097/3426
f 1446/2099/3427 2200/2089/3427 1447/2098/3427
f 1320/2100/3428 2201/2092/3428 1446/2099/3428
f 1499/2101/3429 2204/2095/3429 2201/2092/3429
f 1498/2102/3430 2207/2103/3430 2204/2095/3430
f 1497/2104/3431 1737/2105/3431 2207/2103/3431
f 2207/2103/3432 1738/2106/3432 2206/2096/3432
f 2206/2096/3433 1739/2107/3433 2205/2094/3433
f 2205/2094/3434 1350/2108/3434 1494/2084/3434
f 2202/2090/3435 1494/2084/3435 1495/2082/3435
f 2199/2091/3436 1495/2082/3436 1496/2081/3436
f 2209/2109/3437 2211/2110/3437 2208/2111/3437
f 2210/2112/3438 2212/2113/3439 2209/2109/3440
f 2212/2113/3441 2214/2114/3442 2211/2110/3443
f 2213/2115/3444 2215/2116/3444 2212/2113/3444
f 1445/2117/3445 1499/2101/3445 1320/2100/3445
f 1444/2118/3446 2208/2111/3446 1445/2117/3446
f 1443/2119/3447 2209/2109/3447 1444/2118/3447
f 1319/2120/3448 2210/2112/3448 1443/2119/3448
f 1502/2121/3449 2213/2115/3449 2210/2112/3449
f 1501/2122/3450 2216/2123/3450 2213/2115/3450
f 1500/2124/3451 1734/2125/3451 2216/2123/3451
f 2216/2123/3452 1735/2126/3453 2215/2116/3454
f 2215/2116/3454 1736/2127/3455 2214/2114/3456
f 2214/2114/3457 1346/2128/3457 1497/2104/3457
f 2211/2110/3458 1497/2104/3458 1498/2102/3458
f 2208/2111/3459 1498/2102/3459 1499/2101/3459
f 2218/2129/3460 2220/2130/3460 2217/2131/3460
f 2219/2132/3461 2221/2133/3462 2218/2129/3462
f 2221/2133/3463 2223/2134/3463 2220/2130/3463
f 2222/2135/3464 2224/2136/3465 2221/2133/3466
f 1442/2137/3467 1502/2121/3467 1319/2120/3467
f 1441/2138/3468 2217/2131/3469 1442/2137/3470
f 1440/2139/3471 2218/2129/3471 1441/2138/3471
f 1318/2140/3472 2219/2132/3473 1440/2139/3474
f 1505/2141/3475 2222/2135/3476 2219/2132/3461
f 1504/2142/3477 2225/2143/3478 2222/2135/3464
f 1503/2144/3479 1731/2145/3480 2225/2143/3481
f 2225/2143/3482 1732/2146/3482 2224/2136/3482
f 2224/2136/3483 1733/2147/3483 2223/2134/3483
f 2223/2134/3484 1342/2148/3484 1500/2124/3484
f 2220/2130/3485 1500/2124/3485 1501/2122/3485
f 2217/2131/3486 1501/2122/3487 1502/2121/3488
f 2226/2149/3489 2230/2150/3490 2229/2151/3491
f 2227/2152/3492 2231/2153/3493 2230/2150/3490
f 2229/2151/3491 2233/2154/3494 2232/2155/3491
f 2230/2150/3490 2234/2156/3495 2233/2154/3494
f 1330/2157/2970 2226/2149/3489 1478/2158/2970
f 1755/2159/3496 2227/2152/3492 2226/2149/3489
f 1756/2160/3497 2228/2161/3498 2227/2152/3492
f 1370/2162/3499 2228/2161/3498 1757/2163/3500
f 1625/2164/3501 2231/2153/3493 2228/2161/3498
f 1624/2165/3502 2234/2156/3495 2231/2153/3493
f 1623/2166/3503 1694/1831/2976 2234/2156/3495
f 2233/2154/3494 1694/1831/2976 1693/1828/2973
f 2232/2155/3491 1693/1828/2973 1692/1827/2972
f 1476/2167/2970 1692/1827/2972 1329/1825/2970
f 1477/2168/2970 2232/2155/3491 1476/2167/2970
f 1478/2158/2970 2229/2151/3491 1477/2168/2970
f 2236/2169/3504 2238/2170/3505 2235/2171/3506
f 2237/2172/3507 2239/2173/3508 2236/2169/3504
f 2239/2173/3508 2241/2174/3509 2238/2170/3505
f 2240/2175/3510 2242/2176/3511 2239/2173/3508
f 1326/2177/3512 2235/2171/3506 1431/2178/3513
f 1481/2179/3514 2236/2169/3504 2235/2171/3506
f 1480/2180/3515 2237/2172/3507 2236/2169/3504
f 1479/2181/3516 1757/2163/3500 2237/2172/3507
f 1757/2163/3500 2240/2175/3510 2237/2172/3507
f 1756/2160/3497 2243/2182/3517 2240/2175/3510
f 1755/2159/3496 1464/2183/3518 2243/2182/3517
f 2243/2182/3517 1465/2184/3518 2242/2176/3511
f 2242/2176/3511 1466/2185/3518 2241/2174/3509
f 2241/2174/3509 1316/2186/3518 1433/2187/3519
f 2238/2170/3505 1433/2187/3519 1432/2188/3520
f 2235/2171/3506 1432/2188/3520 1431/2178/3513
f 2244/2189/3521 2248/2190/3522 2247/2191/3523
f 2245/2192/3524 2249/2193/3525 2248/2190/3522
f 2247/2191/3523 2251/2194/3526 2250/2195/3527
f 2248/2190/3522 2252/2196/3528 2251/2194/3526
f 1366/2197/3529 2244/2189/3521 1752/2198/3530
f 1613/2199/3531 2245/2192/3524 2244/2189/3521
f 1612/2200/3532 2246/2201/3533 2245/2192/3524
f 1611/2202/3534 1698/1846/3535 2246/2201/3533
f 2246/2201/3533 1699/1852/3536 2249/2193/3525
f 2249/2193/3525 1700/1851/3537 2252/2196/3528
f 2252/2196/3528 1369/1830/2975 1623/2166/3503
f 2251/2194/3526 1623/2166/3503 1624/2165/3502
f 2250/2195/3527 1624/2165/3502 1625/2164/3501
f 1754/2203/3538 1625/2164/3501 1370/2162/3499
f 1753/2204/3539 2250/2195/3527 1754/2203/3538
f 1752/2198/3530 2247/2191/3523 1753/2204/3539
f 2253/2205/3540 2257/2206/3541 2256/2207/3542
f 2254/2208/3543 2258/2209/3544 2257/2206/3541
f 2256/2207/3542 2260/2210/3545 2259/2211/3546
f 2257/2206/3541 2261/2212/3547 2260/2210/3545
f 1362/2046/3548 2253/2205/3540 1749/2213/3549
f 1601/2214/3550 2254/2208/3543 2253/2205/3551
f 1600/2215/3552 2255/2216/3553 2254/2208/3554
f 1599/2217/3555 1695/1862/3556 2255/2216/3553
f 2255/2216/3553 1696/1868/3557 2258/2209/3544
f 2258/2209/3544 1697/1867/3558 2261/2212/3547
f 2261/2212/3547 1365/1845/3559 1611/2202/3534
f 2260/2210/3545 1611/2202/3534 1612/2200/3532
f 2259/2211/3546 1612/2200/3532 1613/2199/3531
f 1751/2218/3560 1613/2199/3531 1366/2197/3529
f 1750/2219/3561 2259/2211/3546 1751/2218/3560
f 1749/2213/3549 2256/2207/3542 1750/2219/3562
f 2262/2220/3563 2266/2221/3564 2265/2222/3565
f 2263/2223/3566 2267/2224/3567 2266/2221/3564
f 2265/2222/3565 2269/2225/3568 2268/2226/3569
f 2266/2221/3564 2270/2227/3570 2269/2225/3568
f 1358/2068/3396 2262/2220/3571 1746/2043/3364
f 1589/2228/3572 2263/2223/3573 2262/2220/3563
f 1588/2229/3574 2264/2230/3575 2263/2223/3566
f 1587/2231/3576 1701/1878/3577 2264/2230/3578
f 2264/2230/3575 1702/1884/3579 2267/2224/3567
f 2267/2224/3567 1703/1883/3580 2270/2227/3570
f 2270/2227/3570 1361/1861/3581 1599/2217/3582
f 2269/2225/3568 1599/2217/3555 1600/2215/3583
f 2268/2226/3584 1600/2215/3552 1601/2214/3585
f 1748/2045/3366 1601/2214/3550 1362/2046/3367
f 1747/2044/3365 2268/2226/3586 1748/2045/3366
f 1746/2043/3364 2265/2222/3587 1747/2044/3365
f 2271/2232/3588 2275/2233/3589 2274/2234/3590
f 2272/2235/3591 2276/2236/3592 2275/2233/3589
f 2274/2234/3590 2278/2237/3593 2277/2238/3594
f 2275/2233/3589 2279/2239/3595 2278/2237/3593
f 1354/2088/3415 2271/2232/3596 1743/2065/3393
f 1577/2240/3597 2272/2235/3591 2271/2232/3598
f 1576/2241/3599 2273/2242/3600 2272/2235/3601
f 1575/2243/3602 1707/1894/3101 2273/2242/3603
f 2273/2242/3600 1708/1900/3099 2276/2236/3604
f 2276/2236/3592 1709/1899/3097 2279/2239/3595
f 2279/2239/3605 1357/1877/3606 1587/2231/3576
f 2278/2237/3593 1587/2231/3607 1588/2229/3574
f 2277/2238/3594 1588/2229/3608 1589/2228/3572
f 1745/2067/3395 1589/2228/3609 1358/2068/3396
f 1744/2066/3394 2277/2238/3610 1745/2067/3395
f 1743/2065/3393 2274/2234/3611 1744/2066/3394
f 2280/2244/3612 2284/2245/3613 2283/2246/3614
f 2281/2247/3615 2285/2248/3616 2284/2245/3617
f 2283/2246/3618 2287/2249/3619 2286/2250/3620
f 2284/2245/3621 2288/2251/3622 2287/2249/3623
f 1350/2108/3624 2280/2244/3624 1740/2085/3624
f 1565/2252/3625 2281/2247/3625 2280/2244/3625
f 1564/2253/3626 2282/2254/3626 2281/2247/3626
f 1563/2255/3627 1704/1910/3628 2282/2254/3629
f 2282/2254/3630 1705/1916/3631 2285/2248/3632
f 2285/2248/3616 1706/1915/3633 2288/2251/3634
f 2288/2251/3622 1353/1893/3083 1575/2243/3635
f 2287/2249/3619 1575/2243/3602 1576/2241/3636
f 2286/2250/3637 1576/2241/3599 1577/2240/3638
f 1742/2087/3639 1577/2240/3640 1354/2088/3641
f 1741/2086/3642 2286/2250/3643 1742/2087/3644
f 1740/2085/3645 2283/2246/3645 1741/2086/3645
f 2289/2256/3646 2293/2257/3646 2292/2258/3646
f 2290/2259/3647 2294/2260/3647 2293/2257/3647
f 2292/2258/3648 2296/2261/3648 2295/2262/3648
f 2293/2257/3649 2297/2263/3649 2296/2261/3649
f 1346/2128/3650 2289/2256/3650 1737/2105/3650
f 1553/2264/3651 2290/2259/3651 2289/2256/3651
f 1552/2265/3652 2291/2266/3653 2290/2259/3654
f 1551/2267/3655 1710/1926/3655 2291/2266/3655
f 2291/2266/3656 1711/1932/3656 2294/2260/3656
f 2294/2260/3657 1712/1931/3657 2297/2263/3657
f 2297/2263/3658 1349/1909/3658 1563/2255/3658
f 2296/2261/3659 1563/2255/3659 1564/2253/3659
f 2295/2262/3660 1564/2253/3660 1565/2252/3660
f 1739/2107/3661 1565/2252/3661 1350/2108/3661
f 1738/2106/3662 2295/2262/3662 1739/2107/3662
f 1737/2105/3663 2292/2258/3663 1738/2106/3663
f 2299/2268/3664 2301/2269/3665 2298/2270/3666
f 2300/2271/3667 2302/2272/3668 2299/2268/3669
f 2302/2272/3670 2304/2273/3670 2301/2269/3670
f 2303/2274/3671 2305/2275/3671 2302/2272/3671
f 1736/2127/3672 1553/2264/3673 1346/2128/3674
f 1735/2126/3675 2298/2270/3675 1736/2127/3675
f 1734/2125/3676 2299/2268/3676 1735/2126/3676
f 1342/2148/3677 2300/2271/3678 1734/2125/3679
f 1760/2276/3680 2303/2274/3681 2300/2271/3682
f 1759/2277/3683 2306/2278/3684 2303/2274/3681
f 1758/2279/3685 1713/1942/3685 2306/2278/3685
f 2306/2278/3686 1714/1948/3686 2305/2275/3686
f 2305/2275/3687 1715/1947/3687 2304/2273/3687
f 2304/2273/3688 1345/1925/3689 1551/2267/3690
f 2301/2269/3691 1551/2267/3691 1552/2265/3691
f 2298/2270/3692 1552/2265/3693 1553/2264/3673
f 2307/2280/3694 2311/2281/3694 2310/2282/3694
f 2308/2283/3695 2312/2284/3696 2311/2281/3697
f 2310/2282/3698 2314/2285/3698 2313/2286/3698
f 2311/2281/3699 2315/2287/3699 2314/2285/3699
f 1338/2023/3700 2307/2280/3700 1731/2145/3700
f 1532/2021/3701 2308/2283/3701 2307/2280/3701
f 1531/2020/3702 2309/2288/3702 2308/2283/3702
f 1530/2019/3703 1716/1958/3703 2309/2288/3703
f 2309/2288/3704 1717/1964/3704 2312/2284/3704
f 2312/2284/3705 1718/1963/3705 2315/2287/3705
f 2315/2287/3706 1341/1941/3706 1758/2279/3706
f 2314/2285/3707 1758/2279/3707 1759/2277/3707
f 2313/2286/3708 1759/2277/3708 1760/2276/3708
f 1733/2147/3709 1760/2276/3709 1342/2148/3709
f 1732/2146/3710 2313/2286/3710 1733/2147/3710
f 1731/2145/3711 2310/2282/3711 1732/2146/3711
f 2317/2289/3712 2319/2290/3712 2316/2291/3712
f 2318/2292/3713 2320/2293/3714 2317/2289/3715
f 2320/2293/3716 2322/2294/3716 2319/2290/3716
f 2321/2295/3717 2323/2296/3717 2320/2293/3717
f 1439/2297/3718 1505/2141/3719 1318/2140/3472
f 1438/2298/3720 2316/2291/3720 1439/2297/3720
f 1437/2299/3721 2317/2289/3721 1438/2298/3721
f 1317/2300/3722 2318/2292/3723 1437/2299/3724
f 1508/2301/3725 2321/2295/3725 2318/2292/3725
f 1507/2302/3726 2324/2303/3726 2321/2295/3726
f 1506/2304/3727 1728/2017/3727 2324/2303/3727
f 2324/2303/3728 1729/2024/3729 2323/2296/3730
f 2323/2296/3731 1730/2022/3731 2322/2294/3731
f 2322/2294/3732 1338/2023/3732 1503/2144/3732
f 2319/2290/3733 1503/2144/3734 1504/2142/3735
f 2316/2291/3736 1504/2142/3737 1505/2141/3475
f 2325/2305/3738 2329/2306/3738 2328/2307/3738
f 2326/2308/3739 2330/2309/3739 2329/2306/3739
f 2328/2307/3740 2332/2310/3740 2331/2311/3740
f 2329/2306/3741 2333/2312/3742 2332/2310/3743
f 1303/1328/3744 2325/2305/3744 1434/2313/3744
f 1382/1327/3745 2326/2308/3745 2325/2305/3745
f 1381/1341/3746 2327/2314/3747 2326/2308/3748
f 1380/1340/2163 1725/2001/3749 2327/2314/3747
f 2327/2314/3750 1726/2008/3751 2330/2309/3752
f 2330/2309/3753 1727/2006/3754 2333/2312/3755
f 2333/2312/3755 1334/2007/3756 1506/2304/3757
f 2332/2310/3758 1506/2304/3758 1507/2302/3758
f 2331/2311/3759 1507/2302/3760 1508/2301/3761
f 1436/2315/3762 1508/2301/3762 1317/2300/3762
f 1435/2316/3763 2331/2311/3764 1436/2315/3765
f 1434/2313/3766 2328/2307/3766 1435/2316/3766
f 2335/2317/3767 2337/2318/3768 2334/2319/3769
f 2336/2320/3770 2338/2321/3771 2335/2317/3767
f 2338/2321/3771 2340/2322/3772 2337/2318/3768
f 2339/2323/3773 2341/2324/3774 2338/2321/3771
f 1460/2325/3775 1484/2326/3776 1325/2327/3777
f 1459/2328/3778 2334/2319/3769 1460/2325/3775
f 1458/2329/3779 2335/2317/3780 1459/2328/3778
f 1324/2035/3352 2336/2320/3781 1458/2329/3782
f 1487/2034/3372 2339/2323/3783 2336/2320/3770
f 1486/2048/3370 2342/2330/3784 2339/2323/3773
f 1485/2047/3368 1749/2213/3785 2342/2330/3786
f 2342/2330/3784 1750/2219/3561 2341/2324/3774
f 2341/2324/3774 1751/2218/3560 2340/2322/3772
f 2340/2322/3772 1366/2197/3529 1482/2331/3787
f 2337/2318/3768 1482/2331/3787 1483/2332/3788
f 2334/2319/3769 1483/2332/3788 1484/2326/3776
f 2344/2333/3789 2346/2334/3790 2343/2335/3791
f 2345/2336/3792 2347/2337/3793 2344/2333/3789
f 2347/2337/3793 2349/2338/3794 2346/2334/3790
f 2348/2339/3795 2350/2340/3796 2347/2337/3793
f 1463/2341/3797 1481/2179/3514 1326/2177/3512
f 1462/2342/3798 2343/2335/3791 1463/2341/3797
f 1461/2343/3799 2344/2333/3789 1462/2342/3798
f 1325/2327/3777 2345/2336/3792 1461/2343/3799
f 1484/2326/3776 2348/2339/3795 2345/2336/3792
f 1483/2332/3788 2351/2344/3800 2348/2339/3795
f 1482/2331/3787 1752/2198/3530 2351/2344/3800
f 2351/2344/3800 1753/2204/3539 2350/2340/3796
f 2350/2340/3796 1754/2203/3538 2349/2338/3794
f 2349/2338/3794 1370/2162/3499 1479/2181/3516
f 2346/2334/3790 1479/2181/3516 1480/2180/3515
f 2343/2335/3791 1480/2180/3515 1481/2179/3514
f 2353/2345/3801 2355/2346/3801 2352/2347/3801
f 2354/2348/3802 2356/2349/3802 2353/2345/3802
f 2356/2349/3803 2358/2350/3804 2355/2346/3805
f 2357/2351/3806 2359/2352/3807 2356/2349/3808
f 1772/1464/3809 1409/1408/3810 1311/1407/3811
f 1771/1463/3812 2352/2347/3812 1772/1464/3812
f 1770/1462/3813 2353/2345/3813 1771/1463/3813
f 1308/2353/3814 2354/2348/3815 1770/1462/2340
f 1401/2354/3816 2357/2351/3817 2354/2348/3815
f 1402/2355/3818 2360/2356/3819 2357/2351/3817
f 1403/2357/3820 1773/1352/3820 2360/2356/3820
f 2360/2356/3821 1774/1351/3822 2359/2352/3823
f 2359/2352/3824 1775/1350/3825 2358/2350/3826
f 2358/2350/3827 1310/1312/3827 1407/1411/3827
f 2355/2346/3828 1407/1411/3828 1408/1409/3828
f 2352/2347/3829 1408/1409/3830 1409/1408/3831
f 2413/2358/3832 2402/2359/3832 2401/2360/3832
f 2421/2361/3833 2363/2362/3833 2381/2363/3833
f 2429/2364/3834 2378/2365/3834 2377/2366/3834
f 2433/2367/3835 2381/2363/3836 2380/2368/3837
f 2441/2369/3838 2398/2370/3839 2397/2371/3840
f 2449/2372/3841 2372/2373/3842 2408/2374/3843
f 2457/2375/3844 2388/2376/3845 2367/2377/3846
f 2465/2378/3847 2362/2379/3847 2375/2380/3847
f 2469/2381/3848 2408/2374/3849 2407/2382/3850
f 2477/2383/3851 2365/2384/3851 2387/2385/3851
f 2481/2386/3852 2387/2385/3853 2386/2387/3854
f 2420/2388/3855 2373/2389/3855 2363/2362/3855
f 2493/2390/3856 2404/2391/3857 2403/2392/3858
f 2501/2393/3859 2383/2394/3860 2382/2395/3861
f 2509/2396/3862 2394/2397/3863 2369/2398/3864
f 2513/2399/3865 2367/2377/3846 2393/2400/3866
f 2517/2401/3867 2393/2400/3866 2392/2402/3868
f 2456/2403/3869 2389/2404/3870 2388/2376/3845
f 2529/2405/3871 2400/2406/3871 2371/2407/3871
f 2533/2408/3872 2369/2398/3864 2399/2409/3873
f 2541/2410/3874 2379/2411/3875 2364/2412/3876
f 2440/2413/3877 2399/2409/3878 2398/2370/3878
f 2428/2414/3879 2361/2415/3879 2378/2365/3879
f 2508/2416/3880 2395/2417/3881 2394/2397/3863
f 2553/2418/3882 2371/2407/3883 2405/2419/3884
f 2561/2420/3885 2385/2421/3886 2366/2422/3887
f 2464/2423/3888 2376/2424/3888 2362/2379/3888
f 2492/2425/3889 2405/2419/3884 2404/2391/3857
f 2569/2426/3890 2364/2412/3876 2384/2427/3891
f 2488/2428/3892 2374/2429/3892 2373/2389/3892
f 2500/2430/3893 2384/2427/3891 2383/2394/3860
f 2528/2431/3894 2401/2360/3894 2400/2406/3894
f 2540/2432/3875 2380/2368/3837 2379/2411/3875
f 2576/2433/3895 2375/2380/3895 2374/2429/3895
f 2581/2434/3896 2391/2435/3897 2368/2436/3898
f 2585/2437/3899 2366/2422/3887 2390/2438/3870
f 2524/2439/3870 2390/2438/3870 2389/2404/3870
f 2589/2440/3900 2407/2382/3901 2406/2441/3902
f 2560/2442/3903 2386/2387/3854 2385/2421/3886
f 2593/2443/3904 2397/2371/3840 2370/2444/3905
f 2597/2445/3906 2368/2436/3898 2396/2446/3907
f 2552/2447/3908 2396/2446/3907 2395/2417/3881
f 2580/2448/3909 2392/2402/3868 2391/2435/3897
f 2448/2449/3910 2403/2392/3858 2372/2373/3911
f 2568/2450/3912 2377/2366/3912 2376/2424/3912
f 2412/2451/3913 2370/2444/3905 2402/2359/3914
f 2476/2452/3915 2382/2395/3861 2365/2384/3915
f 1521/1488/3916 2504/2453/3917 2473/2454/3916
f 2473/2454/3918 2503/2455/3919 2474/2456/3918
f 2474/2456/3915 2502/2457/3859 2475/2458/3915
f 2475/2458/3915 2501/2393/3859 2476/2452/3915
f 1926/1582/3920 2596/2459/3921 2409/2460/3922
f 2409/2460/3923 2595/2461/3924 2410/2462/3925
f 2410/2462/3926 2594/2463/3927 2411/2464/3928
f 2411/2464/3929 2593/2443/3929 2412/2451/3929
f 1800/1347/3930 2432/2465/3931 2565/2466/3932
f 2565/2466/3933 2431/2467/3934 2566/2468/3935
f 2566/2468/3935 2430/2469/3912 2567/2470/3912
f 2567/2470/3912 2429/2364/3912 2568/2450/3912
f 1602/1600/3936 2496/2471/3937 2445/2472/3938
f 2445/2472/3939 2495/2473/3940 2446/2474/3941
f 2446/2474/3942 2494/2475/3943 2447/2476/3944
f 2447/2476/3944 2493/2390/3856 2448/2449/3910
f 1893/1528/3945 2520/2477/3946 2577/2478/3947
f 2577/2478/3948 2519/2479/3949 2578/2480/3950
f 2578/2480/3950 2518/2481/3867 2579/2482/3951
f 2579/2482/3951 2517/2401/3867 2580/2448/3909
f 1905/1546/3952 2600/2483/3953 2549/2484/3954
f 2549/2484/3955 2599/2485/3956 2550/2486/3957
f 2550/2486/3957 2598/2487/3906 2551/2488/3908
f 2551/2488/3908 2597/2445/3906 2552/2447/3908
f 1908/1550/3958 2584/2489/3958 2600/2483/3953
f 2600/2483/3959 2583/2490/3960 2599/2485/3956
f 2599/2485/3956 2582/2491/3896 2598/2487/3906
f 2598/2487/3906 2581/2434/3896 2597/2445/3906
f 1578/1568/3961 2444/2492/3962 2596/2459/3921
f 2596/2459/3963 2443/2493/3964 2595/2461/3924
f 2595/2461/3965 2442/2494/3966 2594/2463/3927
f 2594/2463/3927 2441/2369/3838 2593/2443/3904
f 1875/1496/3967 2484/2495/3968 2557/2496/3969
f 2557/2496/3970 2483/2497/3971 2558/2498/3970
f 2558/2498/3972 2482/2499/3852 2559/2500/3903
f 2559/2500/3903 2481/2386/3852 2560/2442/3903
f 1938/1608/3973 2472/2501/3973 2592/2502/3974
f 2592/2502/3975 2471/2503/3976 2591/2504/3977
f 2591/2504/3978 2470/2505/3979 2590/2506/3980
f 2590/2506/3980 2469/2381/3981 2589/2440/3900
f 1887/1514/3982 2588/2507/3983 2521/2508/3982
f 2521/2508/3984 2587/2509/3985 2522/2510/3986
f 2522/2510/3986 2586/2511/3899 2523/2512/3870
f 2523/2512/3870 2585/2437/3899 2524/2439/3870
f 1890/1518/3987 2564/2513/3988 2588/2507/3983
f 2588/2507/3989 2563/2514/3990 2587/2509/3985
f 2587/2509/3985 2562/2515/3885 2586/2511/3899
f 2586/2511/3899 2561/2420/3885 2585/2437/3899
f 1554/1536/3991 2577/2478/3947 2584/2489/3958
f 2584/2489/3992 2578/2480/3950 2583/2490/3960
f 2583/2490/3960 2579/2482/3951 2582/2491/3896
f 2582/2491/3896 2580/2448/3909 2581/2434/3896
f 1783/1306/3993 2468/2516/3994 2573/2517/3995
f 2573/2517/3996 2467/2518/3997 2574/2519/3998
f 2574/2519/3998 2466/2520/3895 2575/2521/3895
f 2575/2521/3895 2465/2378/3895 2576/2433/3895
f 1857/1465/3999 2436/2522/4000 2537/2523/4001
f 2537/2523/4002 2435/2524/4003 2538/2525/4004
f 2538/2525/4004 2434/2526/3835 2539/2527/3875
f 2539/2527/3875 2433/2367/3835 2540/2432/3875
f 1920/1576/4005 2416/2528/4006 2525/2529/4007
f 2525/2529/4008 2415/2530/4009 2526/2531/4010
f 2526/2531/4011 2414/2532/4012 2527/2533/4013
f 2527/2533/4014 2413/2358/4014 2528/2431/4014
f 1869/1482/4015 2572/2534/4016 2497/2535/4017
f 2497/2535/4018 2571/2536/4019 2498/2537/4020
f 2498/2537/4020 2570/2538/3890 2499/2539/3893
f 2499/2539/3893 2569/2426/3890 2500/2430/3893
f 1782/1304/4021 2573/2517/4022 2485/2540/4023
f 2485/2540/4024 2574/2519/4025 2486/2541/4026
f 2486/2541/4026 2575/2521/3892 2487/2542/3892
f 2487/2542/3892 2576/2433/3892 2488/2428/3892
f 1872/1486/4027 2544/2543/4027 2572/2534/4016
f 2572/2534/4028 2543/2544/4029 2571/2536/4019
f 2571/2536/4019 2542/2545/3874 2570/2538/3890
f 2570/2538/3890 2541/2410/3874 2569/2426/3890
f 1932/1594/4030 2556/2546/4031 2489/2547/4032
f 2489/2547/4033 2555/2548/4034 2490/2549/4035
f 2490/2549/4036 2554/2550/4037 2491/2551/4038
f 2491/2551/4038 2553/2418/3882 2492/2425/3889
f 1404/1357/4039 2565/2466/4040 2461/2552/4041
f 2461/2552/4042 2566/2468/4043 2462/2553/4044
f 2462/2553/4044 2567/2470/3888 2463/2554/3888
f 2463/2554/3888 2568/2450/3888 2464/2423/3888
f 1533/1504/4045 2557/2496/3969 2564/2513/3988
f 2564/2513/4046 2558/2498/4047 2563/2514/3990
f 2563/2514/3990 2559/2500/3903 2562/2515/3885
f 2562/2515/3885 2560/2442/3903 2561/2420/3885
f 1935/1598/4048 2532/2555/4049 2556/2546/4031
f 2556/2546/4050 2531/2556/4051 2555/2548/4034
f 2555/2548/4052 2530/2557/4053 2554/2550/4054
f 2554/2550/4037 2529/2405/4055 2553/2418/4056
f 1902/1544/4057 2549/2484/3954 2505/2558/4058
f 2505/2558/4059 2550/2486/3957 2506/2559/4060
f 2506/2559/4060 2551/2488/3908 2507/2560/3880
f 2507/2560/3880 2552/2447/3908 2508/2416/3880
f 1802/1356/4061 2545/2561/4062 2425/2562/4063
f 2425/2562/4064 2546/2563/4065 2426/2564/4066
f 2426/2564/3879 2547/2565/3879 2427/2566/3879
f 2427/2566/3879 2548/2567/3879 2428/2414/3879
f 1914/1562/4067 2536/2568/4068 2437/2569/4069
f 2437/2569/4070 2535/2570/4071 2438/2571/4072
f 2438/2571/4072 2534/2572/4073 2439/2573/4074
f 2439/2573/4074 2533/2408/3872 2440/2413/3877
f 1509/1473/4075 2537/2523/4001 2544/2543/4027
f 2544/2543/4076 2538/2525/4004 2543/2544/4029
f 2543/2544/4077 2539/2527/3875 2542/2545/3874
f 2542/2545/3874 2540/2432/3875 2541/2410/3874
f 1917/1566/4078 2512/2574/4079 2536/2568/4068
f 2536/2568/4080 2511/2575/4081 2535/2570/4071
f 2535/2570/4071 2510/2576/4082 2534/2572/4073
f 2534/2572/4073 2509/2396/3862 2533/2408/3872
f 1590/1584/4083 2525/2529/4007 2532/2555/4049
f 2532/2555/4084 2526/2531/4010 2531/2556/4051
f 2531/2556/4085 2527/2533/4013 2530/2557/4053
f 2530/2557/4053 2528/2431/4086 2529/2405/4087
f 1884/1512/4088 2521/2508/3982 2453/2577/3988
f 2453/2577/4089 2522/2510/3986 2454/2578/4090
f 2454/2578/4090 2523/2512/3870 2455/2579/3869
f 2455/2579/3869 2524/2439/3870 2456/2403/3869
f 1896/1530/4091 2516/2580/4092 2520/2477/3946
f 2520/2477/4093 2515/2581/4094 2519/2479/3949
f 2519/2479/3949 2514/2582/3865 2518/2481/3867
f 2518/2481/3867 2513/2399/3865 2517/2401/3867
f 1899/1534/4095 2460/2583/4096 2516/2580/4092
f 2516/2580/4097 2459/2584/4098 2515/2581/4094
f 2515/2581/4094 2458/2585/3844 2514/2582/3865
f 2514/2582/3865 2457/2375/3844 2513/2399/3865
f 1566/1552/4099 2505/2558/4058 2512/2574/4079
f 2512/2574/4100 2506/2559/4060 2511/2575/4081
f 2511/2575/4081 2507/2560/3880 2510/2576/4082
f 2510/2576/4082 2508/2416/3880 2509/2396/3862
f 1866/1480/4101 2497/2535/4017 2504/2453/3917
f 2504/2453/4102 2498/2537/4103 2503/2455/3919
f 2503/2455/4104 2499/2539/3893 2502/2457/3859
f 2502/2457/3859 2500/2430/3893 2501/2393/3859
f 1929/1592/4105 2489/2547/4106 2496/2471/4107
f 2496/2471/4108 2490/2549/4035 2495/2473/4109
f 2495/2473/4110 2491/2551/4038 2494/2475/3943
f 2494/2475/3943 2492/2425/3889 2493/2390/3856
f 1413/1316/4111 2485/2540/4112 2417/2586/4112
f 2417/2586/4113 2486/2541/4114 2418/2587/4115
f 2418/2587/4115 2487/2542/3855 2419/2588/3855
f 2419/2588/3855 2488/2428/3855 2420/2388/3855
f 1878/1498/4116 2480/2589/4117 2484/2495/3968
f 2484/2495/4118 2479/2590/4119 2483/2497/3971
f 2483/2497/4120 2478/2591/3853 2482/2499/3852
f 2482/2499/3852 2477/2383/3853 2481/2386/3852
f 1881/1502/4121 2473/2454/4121 2480/2589/4121
f 2480/2589/4122 2474/2456/4122 2479/2590/4123
f 2479/2590/4123 2475/2458/3851 2478/2591/3851
f 2478/2591/3851 2476/2452/3851 2477/2383/3851
f 1941/1610/4124 2452/2592/4125 2472/2501/4126
f 2472/2501/4127 2451/2593/4128 2471/2503/4129
f 2471/2503/4130 2450/2594/4131 2470/2505/4132
f 2470/2505/4132 2449/2372/4133 2469/2381/3848
f 1784/1315/4134 2461/2552/4135 2468/2516/4134
f 2468/2516/4136 2462/2553/4137 2467/2518/4138
f 2467/2518/4138 2463/2554/3847 2466/2520/3847
f 2466/2520/3847 2464/2423/3847 2465/2378/3847
f 1542/1520/4139 2453/2577/3988 2460/2583/4096
f 2460/2583/4140 2454/2578/4090 2459/2584/4098
f 2459/2584/4098 2455/2579/3869 2458/2585/3844
f 2458/2585/3844 2456/2403/3869 2457/2375/3844
f 1944/1614/4141 2445/2472/4142 2452/2592/4143
f 2452/2592/4144 2446/2474/4145 2451/2593/4146
f 2451/2593/4147 2447/2476/4148 2450/2594/4149
f 2450/2594/4149 2448/2449/4150 2449/2372/3841
f 1911/1560/4151 2437/2569/4069 2444/2492/3962
f 2444/2492/4152 2438/2571/4072 2443/2493/3964
f 2443/2493/3964 2439/2573/4074 2442/2494/3966
f 2442/2494/3966 2440/2413/4153 2441/2369/3838
f 1860/1467/4154 2424/2595/4155 2436/2522/4000
f 2436/2522/4156 2423/2596/4157 2435/2524/4003
f 2435/2524/4003 2422/2597/3836 2434/2526/3835
f 2434/2526/3835 2421/2361/3836 2433/2367/3835
f 1801/1349/4158 2425/2562/4159 2432/2465/4160
f 2432/2465/4161 2426/2564/4162 2431/2467/4163
f 2431/2467/4163 2427/2566/3834 2430/2469/3834
f 2430/2469/3834 2428/2414/3834 2429/2364/3834
f 1863/1471/4164 2417/2586/4164 2424/2595/4164
f 2424/2595/4165 2418/2587/4166 2423/2596/4167
f 2423/2596/4167 2419/2588/3833 2422/2597/3833
f 2422/2597/3833 2420/2388/3833 2421/2361/3833
f 1923/1578/4168 2409/2460/3922 2416/2528/4006
f 2416/2528/4169 2410/2462/3925 2415/2530/4009
f 2415/2530/4170 2411/2464/3928 2414/2532/4012
f 2414/2532/4012 2412/2451/4171 2413/2358/4172
f 148/2598/4173 1321/2599/4173 21/2600/4173
f 1072/2601/4174 2408/2602/4175 2372/2603/4176
f 21/2600/4173 1449/2604/4173 149/2605/4173
f 149/2605/4173 1450/2606/4173 150/2607/4173
f 71/2608/4177 1302/2609/4177 1371/2610/4177
f 150/2607/4173 1451/2611/4173 151/2612/4173
f 72/2613/4178 1371/2610/4178 1372/2614/4178
f 151/2612/4173 1322/2615/4173 22/2616/4173
f 73/2617/4179 1372/2614/4179 1373/2618/4179
f 22/2616/4173 1452/2619/4173 152/2620/4173
f 1074/2621/4180 2373/2622/4180 2374/2623/4180
f 3/2624/4181 1373/2618/4181 1303/2625/4181
f 152/2620/4173 1453/2626/4173 153/2627/4173
f 1075/2628/4182 2374/2623/4182 2375/2629/4182
f 74/2630/4183 1309/2631/4184 9/2632/4185
f 153/2627/4173 1454/2633/4173 154/2634/4173
f 1062/2635/4186 2375/2629/4186 2362/2636/4186
f 75/2637/4187 1374/2638/4187 74/2630/4187
f 154/2634/4173 1323/2639/4173 23/2640/4173
f 1073/2641/4188 2363/2642/4188 2373/2622/4188
f 76/2643/4189 1375/2644/4189 75/2645/4189
f 23/2640/4173 1455/2646/4173 155/2647/4173
f 1077/2648/4190 2376/2649/4190 2377/2650/4190
f 155/2647/4173 1456/2651/4173 156/2652/4173
f 1078/2653/4191 2377/2650/4191 2378/2654/4191
f 156/2652/4173 1457/2655/4173 157/2656/4173
f 1078/2653/4192 2361/2657/4192 1061/2658/4192
f 157/2656/4173 1324/2659/4173 24/2660/4173
f 1076/2661/4193 2362/2636/4193 2376/2649/4193
f 24/2660/4173 1458/2662/4173 158/2663/4173
f 1080/2664/4194 2379/2665/4194 2380/2666/4194
f 158/2663/4173 1459/2667/4173 159/2668/4173
f 1081/2669/4195 2380/2666/4195 2381/2670/4195
f 638/2671/4196 1614/2672/4197 1938/2673/4196
f 159/2668/4173 1460/2674/4173 160/2675/4173
f 1079/2676/4198 2364/2677/4199 2379/2665/4198
f 160/2675/4173 1325/2678/4173 25/2679/4173
f 1063/2680/4200 2381/2670/4200 2363/2642/4200
f 25/2679/4173 1461/2681/4173 161/2682/4173
f 1083/2683/4201 2382/2684/4202 2383/2685/4203
f 83/2686/4204 1301/2687/4204 1/2688/4204
f 161/2682/4173 1462/2689/4173 162/2690/4173
f 1084/2691/4205 2383/2685/4203 2384/2692/4206
f 84/2693/4207 1383/2694/4207 83/2686/4207
f 162/2690/4173 1463/2695/4173 163/2696/4173
f 1082/2697/4208 2365/2698/4209 2382/2684/4202
f 85/2699/4210 1384/2700/4210 84/2701/4210
f 163/2696/4173 1326/2702/4173 26/2703/4211
f 1064/2704/4212 2384/2692/4206 2364/2677/4199
f 4/2705/4213 1385/2706/4213 85/2699/4213
f 164/2707/4214 1330/2708/4215 30/2709/4216
f 1086/2710/4217 2385/2711/4218 2386/2712/4219
f 165/2713/4220 1464/2714/4220 164/2707/4220
f 1087/2715/4221 2386/2712/4219 2387/2716/4222
f 166/2717/4223 1465/2718/4223 165/2713/4223
f 1106/2719/4224 2589/2720/4224 2406/2721/4224
f 1085/2722/4225 2366/2723/4226 2385/2711/4218
f 16/2724/4227 1466/2725/4227 166/2717/4227
f 1289/2726/4224 2590/2727/4224 2589/2720/4224
f 1065/2728/4228 2387/2716/4222 2365/2698/4209
f 168/2729/4229 1467/2730/4229 167/2731/4229
f 1290/2732/4224 2591/2733/4224 2590/2727/4224
f 1089/2734/4230 2388/2735/4231 2389/2736/4230
f 169/2737/4232 1468/2738/4232 168/2729/4232
f 1291/2739/4224 2592/2740/4224 2591/2733/4224
f 1090/2741/4230 2389/2736/4230 2390/2742/4233
f 27/2743/4234 1469/2744/4234 169/2737/4234
f 1088/2745/4233 2367/2746/4235 2388/2735/4231
f 652/2747/4236 1949/2748/4236 649/2749/4236
f 170/2750/4237 1327/2751/4237 27/2743/4237
f 26/2703/4211 1431/2752/4211 131/2753/4211
f 1066/2754/4235 2390/2742/4233 2366/2723/4226
f 171/2755/4237 1470/2756/4237 170/2750/4237
f 131/2753/4238 1432/2757/4238 132/2758/4238
f 1092/2759/4239 2391/2760/4240 2392/2761/4241
f 172/2762/4237 1471/2763/4237 171/2755/4237
f 132/2758/4242 1433/2764/4242 133/2765/4242
f 1093/2766/4243 2392/2761/4241 2393/2767/4244
f 1245/2768/4245 1376/2769/4245 76/2643/4245
f 28/2770/4237 1472/2771/4237 172/2762/4237
f 133/2765/4246 1316/2772/4246 16/2773/4246
f 1091/2774/4218 2368/2775/4247 2391/2760/4240
f 1246/2776/4245 2545/2777/4245 1245/2768/4245
f 173/2778/4237 1328/2779/4237 28/2770/4237
f 134/2780/4248 1303/2625/4248 1434/2781/4248
f 1067/2782/4249 2393/2767/4244 2367/2746/4235
f 655/2783/4250 1952/2784/4251 652/2747/4251
f 1247/2785/4245 2546/2786/4245 1246/2776/4245
f 174/2787/4237 1473/2788/4237 173/2778/4237
f 135/2789/4252 1434/2781/4252 1435/2790/4252
f 1095/2791/4253 2394/2792/4254 2395/2793/4255
f 95/2794/4256 1304/2795/4256 4/2705/4256
f 1248/2796/4245 2547/2797/4245 1247/2785/4245
f 175/2798/4237 1474/2799/4237 174/2787/4237
f 136/2800/4257 1435/2790/4257 1436/2801/4257
f 1096/2802/4258 2395/2793/4255 2396/2803/4259
f 96/2804/4260 1395/2805/4261 95/2806/4261
f 29/2807/4237 1475/2808/4237 175/2798/4237
f 1061/2809/4245 2548/2810/4245 1248/2796/4245
f 17/2811/4262 1436/2801/4263 1317/2812/4264
f 1094/2813/4265 2369/2814/4266 2394/2792/4254
f 97/2815/4267 1396/2816/4268 96/2804/4260
f 176/2817/4237 1329/2818/4237 29/2807/4237
f 17/2811/4262 1437/2819/4173 137/2820/4173
f 1068/2821/4269 2396/2803/4259 2368/2775/4247
f 7/2822/4267 1397/2823/4267 97/2815/4267
f 177/2824/4237 1476/2825/4237 176/2817/4237
f 138/2826/4173 1437/2819/4173 1438/2827/4173
f 1098/2828/4270 2397/2829/4271 2398/2830/4272
f 314/2831/4273 1949/2748/4274 1614/2672/4197
f 98/2832/4267 1307/2833/4267 7/2822/4267
f 178/2834/4237 1477/2835/4237 177/2824/4237
f 139/2836/4173 1438/2827/4173 1439/2837/4173
f 1099/2838/4198 2398/2830/4272 2399/2839/4275
f 167/2840/4276 1955/2841/4276 655/2783/4250
f 99/2842/4267 1398/2843/4267 98/2832/4267
f 30/2709/4216 1478/2844/4237 178/2834/4237
f 139/2836/4173 1318/2845/4173 18/2846/4173
f 1097/2847/4277 2370/2848/4278 2397/2829/4271
f 100/2849/4267 1399/2850/4267 99/2842/4267
f 140/2851/4173 1318/2845/4173 1440/2852/4173
f 1069/2853/4279 2399/2839/4275 2369/2814/4266
f 8/2854/4267 1400/2855/4267 100/2849/4267
f 141/2856/4173 1440/2852/4173 1441/2857/4173
f 1101/2858/4280 2400/2859/4281 2401/2860/4282
f 101/2861/4267 1308/2862/4267 8/2854/4267
f 141/2856/4173 1442/2863/4173 142/2864/4173
f 1102/2865/4283 2401/2860/4282 2402/2866/4284
f 102/2867/4267 1401/2868/4267 101/2861/4267
f 142/2864/4173 1319/2869/4173 19/2870/4173
f 1100/2871/4285 2371/2872/4286 2400/2859/4281
f 103/2873/4287 1402/2874/4287 102/2867/4287
f 19/2870/4173 1443/2875/4173 143/2876/4173
f 1070/2877/4288 2402/2866/4284 2370/2848/4278
f 9/2632/4185 1403/2878/4289 103/2873/4289
f 143/2876/4173 1444/2879/4173 144/2880/4173
f 1104/2881/4290 2403/2882/4291 2404/2883/4292
f 1292/2884/4224 1938/2885/4224 2592/2740/4224
f 461/2886/4293 1301/2687/4293 1761/2887/4293
f 144/2880/4173 1445/2888/4173 145/2889/4173
f 1105/2890/4294 2404/2883/4292 2405/2891/4295
f 462/2892/4296 1761/2887/4296 1762/2893/4296
f 145/2889/4173 1320/2894/4173 20/2895/4173
f 1103/2896/4297 2372/2603/4176 2403/2882/4291
f 463/2897/4298 1762/2898/4298 1763/2899/4298
f 20/2895/4173 1446/2900/4173 146/2901/4173
f 1071/2902/4299 2405/2891/4295 2371/2872/4286
f 2/2903/4300 1763/2904/4300 1302/2609/4300
f 146/2901/4173 1447/2905/4173 147/2906/4173
f 1107/2907/4301 2406/2908/4301 2407/2909/4301
f 147/2906/4173 1448/2910/4173 148/2598/4173
f 1108/2911/4302 2407/2909/4302 2408/2602/4302
f 479/1/4303 480/4/4303 477/2/4303
f 480/4/4304 481/8/4304 478/5/4304
f 482/6/4305 483/7/4305 480/4/4305
f 483/7/4 484/16/4306 481/8/5
f 115/9/23 476/3/22 130/10/4307
f 476/3/4308 477/2/4308 129/12/4308
f 477/2/4309 478/5/4309 128/13/4309
f 478/5/4310 106/15/4310 10/14/4310
f 481/8/14 105/17/4311 106/15/15
f 484/16/4312 104/59/4312 105/17/4312
f 113/18/18 482/6/4313 479/1/19
f 114/19/20 479/1/19 476/3/4314
f 488/20/4315 489/23/25 486/21/27
f 489/23/25 490/27/39 487/24/26
f 491/25/4316 492/26/29 489/23/31
f 492/26/4317 493/35/40 490/27/39
f 82/28/4318 485/22/33 73/29/35
f 485/22/4319 486/21/27 72/31/37
f 486/21/27 487/24/26 71/32/36
f 487/24/26 79/34/27 2/33/38
f 490/27/39 78/36/41 79/34/27
f 493/35/40 77/38/4320 78/36/41
f 92/37/42 5/69/4321 77/38/43
f 93/39/45 92/37/42 493/35/44
f 94/40/47 93/39/4322 492/26/48
f 6/41/4323 94/40/4323 491/25/4323
f 80/42/4324 491/25/4324 488/20/4324
f 81/43/4325 488/20/4325 485/22/4325
f 497/44/4326 498/47/56 495/45/58
f 498/47/4327 499/51/4327 496/48/4327
f 500/49/4328 501/50/4328 498/47/4328
f 501/50/60 502/57/70 499/51/61
f 106/15/4329 494/46/4329 475/52/4329
f 494/46/4330 495/45/65 474/53/67
f 495/45/4331 496/48/4331 473/54/4331
f 496/48/4332 74/56/4332 9/55/4332
f 499/51/4333 75/58/4333 74/56/4333
f 502/57/4334 76/1263/4334 75/58/4334
f 104/59/1976 500/49/1978 497/44/4335
f 105/17/4336 497/44/4336 494/46/4336
f 506/60/78 507/63/77 504/61/4337
f 507/63/81 508/67/80 505/64/4338
f 509/65/76 510/66/4339 507/63/77
f 510/66/79 511/71/89 508/67/80
f 91/68/4340 503/62/4340 94/40/4340
f 503/62/4341 504/61/4341 93/39/4341
f 504/61/4342 505/64/85 92/37/87
f 505/64/4343 88/70/4343 5/69/4343
f 508/67/80 87/72/90 88/70/212
f 511/71/4344 86/74/4344 87/72/4344
f 122/73/91 12/89/208 86/74/92
f 123/75/4345 122/73/4345 511/71/4345
f 124/76/97 123/75/94 510/66/96
f 15/77/4346 124/76/97 509/65/98
f 89/78/4347 509/65/4347 506/60/4347
f 90/79/102 506/60/101 503/62/4348
f 515/80/4349 516/83/4349 513/81/4349
f 516/83/109 517/87/108 514/84/4350
f 518/85/4351 519/86/4351 516/83/4351
f 519/86/4352 520/91/116 517/87/118
f 121/88/4353 512/82/4353 124/76/4353
f 512/82/4354 513/81/112 123/75/112
f 513/81/4355 514/84/4355 122/73/4355
f 514/84/4356 112/90/4356 12/89/4356
f 517/87/4357 111/92/4357 112/90/4357
f 520/91/121 110/94/120 111/92/4358
f 125/93/119 11/109/139 110/94/120
f 126/95/122 125/93/4359 520/91/123
f 127/96/4360 126/95/4360 519/86/4360
f 14/97/4361 127/96/4361 518/85/4361
f 119/98/4362 518/85/4362 515/80/4362
f 120/99/4363 515/80/4363 512/82/4363
f 524/100/4364 525/103/4364 522/101/4364
f 525/103/4365 526/107/4365 523/104/4365
f 527/105/4366 528/106/4366 525/103/4366
f 528/106/4367 529/111/4367 526/107/4367
f 118/108/4368 521/102/134 127/96/136
f 521/102/4369 522/101/4369 126/95/4369
f 522/101/4370 523/104/4370 125/93/4370
f 523/104/4371 109/110/1725 11/109/1727
f 526/107/4372 108/112/4372 109/110/4372
f 529/111/4373 107/113/4373 108/112/4373
f 128/13/13 10/14/12 107/113/4374
f 129/12/4375 128/13/4375 529/111/4375
f 130/10/4376 129/12/4376 528/106/4376
f 13/11/4377 130/10/4377 527/105/4377
f 116/114/4378 527/105/4378 524/100/4378
f 117/115/4379 524/100/4379 521/102/4379
f 533/116/155 534/119/151 531/117/153
f 534/119/151 535/123/165 532/120/152
f 536/121/4380 537/122/4380 534/119/4380
f 537/122/156 538/129/167 535/123/157
f 79/34/4381 530/118/4381 463/124/4381
f 530/118/150 531/117/149 462/125/162
f 531/117/153 532/120/152 461/126/164
f 532/120/152 83/128/166 1/127/163
f 535/123/165 84/130/4382 83/128/166
f 538/129/167 85/132/170 84/130/168
f 464/131/169 4/143/4383 85/132/170
f 465/133/4384 464/131/4384 538/129/4384
f 466/134/4385 465/133/4385 537/122/4385
f 5/69/191 466/134/190 536/121/4386
f 77/38/175 536/121/174 533/116/176
f 78/36/4387 533/116/4387 530/118/4387
f 542/135/186 543/138/182 540/136/184
f 543/138/182 544/142/188 541/139/183
f 545/140/207 546/141/187 543/138/182
f 546/141/205 547/145/203 544/142/4388
f 88/70/4389 539/137/4389 466/134/4389
f 539/137/192 540/136/4390 465/133/193
f 540/136/4391 541/139/4391 464/131/4391
f 541/139/4392 95/144/4392 4/143/4392
f 544/142/200 96/146/199 95/144/4393
f 547/145/203 97/148/202 96/146/4394
f 467/147/201 7/159/226 97/148/202
f 468/149/204 467/147/201 547/145/203
f 469/150/223 468/149/204 546/141/205
f 12/89/4395 469/150/206 545/140/207
f 86/74/92 545/140/185 542/135/186
f 87/72/210 542/135/179 539/137/181
f 551/151/213 552/154/216 549/152/214
f 552/154/221 553/158/220 550/155/217
f 554/156/4396 555/157/4396 552/154/4396
f 555/157/219 556/161/228 553/158/220
f 112/90/222 548/153/225 469/150/223
f 548/153/4397 549/152/214 468/149/204
f 549/152/214 550/155/217 467/147/201
f 550/155/217 98/160/227 7/159/226
f 553/158/220 99/162/229 98/160/227
f 556/161/228 100/164/231 99/162/229
f 470/163/230 8/1054/1731 100/164/231
f 471/165/232 470/163/230 556/161/228
f 472/166/4398 471/165/4398 555/157/4398
f 11/109/4399 472/166/4399 554/156/4399
f 110/94/4400 554/156/4400 551/151/4400
f 111/92/4401 551/151/4401 548/153/4401
f 557/167/4402 560/172/4402 561/168/4402
f 558/169/4403 561/168/4403 562/170/4403
f 560/172/241 563/182/4404 564/173/242
f 561/168/244 564/173/4405 565/174/245
f 209/175/4406 557/167/237 558/169/239
f 210/176/4407 558/169/4407 559/171/4407
f 211/177/250 559/171/249 328/178/4408
f 559/171/4409 562/170/4409 327/180/4409
f 562/170/4410 565/174/4410 326/181/4410
f 565/174/4411 115/9/7 13/11/7
f 564/173/4412 114/19/4412 115/9/4412
f 563/182/4413 113/18/4413 114/19/4413
f 566/183/259 569/188/4414 570/184/260
f 567/185/262 570/184/4415 571/186/263
f 569/188/265 572/198/4416 573/189/266
f 570/184/268 573/189/288 574/190/269
f 221/191/271 566/183/4417 567/185/272
f 222/192/274 567/185/4418 568/187/275
f 223/193/276 568/187/275 331/194/277
f 568/187/279 571/186/4419 330/196/280
f 571/186/282 574/190/4420 329/197/283
f 574/190/285 211/177/4421 31/179/286
f 573/189/288 210/176/291 211/177/289
f 572/198/290 209/175/4422 210/176/291
f 575/199/292 578/204/4423 579/200/293
f 576/201/295 579/200/4424 580/202/296
f 578/204/298 581/214/4425 582/205/299
f 579/200/301 582/205/4426 583/206/302
f 233/207/304 575/199/4427 576/201/304
f 234/208/306 576/201/4428 577/203/307
f 235/209/4429 577/203/4429 334/210/4429
f 577/203/312 580/202/4430 333/212/313
f 580/202/303 583/206/302 332/213/315
f 583/206/317 223/193/321 35/195/318
f 582/205/320 222/192/4431 223/193/321
f 581/214/322 221/191/4432 222/192/323
f 584/215/4433 587/220/4433 588/216/4433
f 585/217/4434 588/216/4434 589/218/4434
f 587/220/4435 590/230/4435 591/221/4435
f 588/216/4436 591/221/4436 592/222/4436
f 242/223/4437 584/215/325 585/217/327
f 243/224/336 585/217/328 586/219/330
f 244/225/4438 586/219/339 337/226/341
f 586/219/4439 589/218/4439 336/228/4439
f 589/218/4440 592/222/4440 335/229/4440
f 592/222/4441 235/209/4441 39/211/4441
f 591/221/4442 234/208/4442 235/209/4442
f 590/230/4443 233/207/4443 234/208/4443
f 593/231/349 596/236/355 597/232/350
f 594/233/352 597/232/357 598/234/353
f 596/236/355 599/246/371 600/237/356
f 597/232/357 600/237/370 601/238/358
f 254/239/359 593/231/349 594/233/351
f 255/240/361 594/233/4444 595/235/362
f 256/241/363 595/235/362 340/242/364
f 595/235/354 598/234/353 339/244/366
f 598/234/353 601/238/358 338/245/368
f 601/238/358 244/225/337 43/227/4445
f 600/237/370 243/224/336 244/225/337
f 599/246/371 242/223/333 243/224/335
f 602/247/372 605/252/378 606/248/373
f 603/249/375 606/248/380 607/250/376
f 605/252/378 608/262/392 609/253/379
f 606/248/380 609/253/390 610/254/381
f 266/255/382 602/247/372 603/249/374
f 267/256/384 603/249/375 604/251/377
f 268/257/385 604/251/377 343/258/386
f 604/251/377 607/250/376 342/260/388
f 607/250/376 610/254/381 341/261/389
f 610/254/381 256/241/391 47/243/365
f 609/253/390 255/240/4446 256/241/391
f 608/262/392 254/239/359 255/240/360
f 611/263/393 614/268/399 615/264/394
f 612/265/396 615/264/401 616/266/397
f 614/268/399 617/278/414 618/269/400
f 615/264/401 618/269/413 619/270/402
f 278/271/403 611/263/393 612/265/395
f 279/272/405 612/265/4447 613/267/406
f 280/273/407 613/267/406 346/274/408
f 613/267/398 616/266/397 345/276/410
f 616/266/397 619/270/402 344/277/412
f 619/270/402 268/257/385 51/259/387
f 618/269/413 267/256/384 268/257/385
f 617/278/414 266/255/382 267/256/383
f 620/279/415 623/284/421 624/280/416
f 621/281/418 624/280/423 625/282/419
f 623/284/421 626/294/436 627/285/422
f 624/280/423 627/285/434 628/286/424
f 290/287/425 620/279/415 621/281/417
f 291/288/427 621/281/418 622/283/420
f 292/289/428 622/283/420 349/290/429
f 622/283/420 625/282/419 348/292/431
f 625/282/419 628/286/424 347/293/432
f 628/286/424 280/273/435 55/275/433
f 627/285/434 279/272/4448 280/273/435
f 626/294/436 278/271/403 279/272/404
f 629/295/437 632/300/443 633/296/438
f 630/297/440 633/296/445 634/298/441
f 632/300/443 635/310/456 636/301/444
f 633/296/445 636/301/455 637/302/446
f 302/303/447 629/295/437 630/297/439
f 303/304/449 630/297/440 631/299/442
f 304/305/450 631/299/442 352/306/451
f 631/299/442 634/298/441 351/308/453
f 634/298/441 637/302/446 350/309/454
f 637/302/446 292/289/428 59/291/430
f 636/301/455 291/288/427 292/289/428
f 635/310/456 290/287/425 291/288/426
f 638/311/457 641/316/4449 642/312/458
f 639/313/460 642/312/4450 643/314/461
f 641/316/463 644/326/4451 645/317/464
f 642/312/466 645/317/4452 646/318/467
f 314/319/469 638/311/457 639/313/459
f 315/320/4453 639/313/460 640/315/462
f 316/321/473 640/315/472 355/322/4454
f 640/315/462 643/314/461 354/324/477
f 643/314/468 646/318/467 353/325/479
f 646/318/481 304/305/450 63/307/452
f 645/317/483 303/304/4455 304/305/450
f 644/326/484 302/303/4456 303/304/485
f 647/327/487 650/332/492 651/328/488
f 648/329/489 651/328/488 652/330/490
f 650/332/509 653/337/4457 654/333/4458
f 651/328/488 654/333/493 655/334/494
f 67/323/4459 358/341/833 647/327/4460
f 316/321/497 647/327/496 648/329/4461
f 315/320/499 648/329/4462 649/331/500
f 654/333/4463 168/2912/4464 167/335/4465
f 169/336/4466 168/2912/4464 654/333/4463
f 27/338/506 169/336/503 653/337/505
f 356/339/508 653/337/4457 650/332/509
f 358/341/511 357/340/510 650/332/492
f 656/342/537 659/347/536 660/343/4467
f 657/344/4468 660/343/4468 661/345/4468
f 659/347/534 662/357/533 663/348/4469
f 660/343/515 663/348/4470 664/349/516
f 31/179/4471 328/178/4471 656/342/4471
f 212/350/519 656/342/4472 657/344/520
f 213/351/521 657/344/520 658/346/4473
f 214/352/4474 658/346/524 361/353/526
f 658/346/4475 661/345/4475 360/355/4475
f 661/345/517 664/349/516 359/356/4476
f 664/349/4477 118/108/4477 14/97/4477
f 663/348/4478 117/115/4478 118/108/4478
f 662/357/4479 116/114/4479 117/115/4479
f 326/181/256 13/11/255 116/114/4480
f 327/180/4481 326/181/4481 662/357/4481
f 328/178/4482 327/180/4482 659/347/4482
f 665/358/538 668/363/4483 669/359/539
f 666/360/540 669/359/539 670/361/541
f 668/363/543 671/373/4484 672/364/544
f 669/359/545 672/364/544 673/365/546
f 35/195/278 331/194/277 665/358/548
f 224/366/550 665/358/4485 666/360/551
f 225/367/552 666/360/551 667/362/553
f 226/368/554 667/362/553 364/369/555
f 667/362/542 670/361/541 363/371/557
f 670/361/4486 673/365/4486 362/372/4486
f 673/365/560 214/352/563 32/354/561
f 672/364/562 213/351/565 214/352/563
f 671/373/564 212/350/4487 213/351/565
f 329/197/566 31/179/4488 212/350/567
f 330/196/284 329/197/283 671/373/569
f 331/194/281 330/196/280 668/363/571
f 674/374/4489 677/379/4489 678/375/4489
f 675/376/575 678/375/574 679/377/4490
f 677/379/4491 680/389/4491 681/380/4491
f 678/375/579 681/380/578 682/381/4492
f 39/211/311 334/210/310 674/374/4493
f 236/382/4494 674/374/4494 675/376/4494
f 237/383/584 675/376/583 676/378/4495
f 238/384/587 676/378/586 367/385/4496
f 676/378/4497 679/377/4497 366/387/4497
f 679/377/4498 682/381/4498 365/388/4498
f 682/381/591 226/368/595 36/370/592
f 681/380/594 225/367/597 226/368/595
f 680/389/4499 224/366/4499 225/367/4499
f 332/213/319 35/195/318 224/366/598
f 333/212/316 332/213/315 680/389/4500
f 334/210/314 333/212/313 677/379/4501
f 683/390/4502 686/395/4502 687/391/4502
f 684/392/604 687/391/603 688/393/4503
f 686/395/4504 689/405/4504 690/396/4504
f 687/391/610 690/396/609 691/397/4505
f 43/227/614 337/226/642 683/390/615
f 245/398/616 683/390/615 684/392/4506
f 246/399/619 684/392/618 685/394/4507
f 247/400/622 685/394/621 370/401/4508
f 685/394/607 688/393/606 369/403/4509
f 688/393/613 691/397/612 368/404/4510
f 691/397/636 238/384/635 40/386/4511
f 690/396/639 237/383/638 238/384/4512
f 689/405/4513 236/382/4513 237/383/4513
f 335/229/346 39/211/345 236/382/4514
f 336/228/343 335/229/343 689/405/4515
f 337/226/341 336/228/340 686/395/4516
f 692/406/674 695/411/673 696/407/4517
f 693/408/646 696/407/645 697/409/651
f 695/411/648 698/415/671 699/412/649
f 696/407/645 699/412/649 700/413/650
f 44/402/1048 371/420/1047 692/406/4518
f 247/400/654 692/406/653 693/408/4519
f 246/399/657 693/408/656 694/410/4520
f 245/398/660 694/410/659 338/245/4521
f 694/410/4522 697/409/663 339/244/664
f 697/409/663 700/413/650 340/242/364
f 700/413/650 257/414/665 47/243/365
f 699/412/649 258/416/667 257/414/665
f 698/415/666 259/418/669 258/416/667
f 373/417/668 48/429/1055 259/418/669
f 372/419/670 373/417/1053 698/415/671
f 371/420/1051 372/419/1050 695/411/4523
f 701/421/675 704/426/680 705/422/676
f 702/423/677 705/422/676 706/424/678
f 704/426/693 707/431/687 708/427/681
f 705/422/676 708/427/681 709/428/682
f 48/429/683 374/436/1010 701/421/684
f 259/418/669 701/421/684 702/423/685
f 258/416/667 702/423/685 703/425/679
f 257/414/665 703/425/679 341/261/389
f 703/425/679 706/424/678 342/260/388
f 706/424/678 709/428/682 343/258/386
f 709/428/682 269/430/686 51/259/387
f 708/427/681 270/432/688 269/430/686
f 707/431/691 271/434/690 270/432/688
f 376/433/1015 52/445/703 271/434/690
f 375/435/1014 376/433/689 707/431/691
f 374/436/1012 375/435/1011 704/426/4524
f 710/437/720 713/442/719 714/438/4525
f 711/439/697 714/438/696 715/440/698
f 713/442/717 716/447/716 717/443/4526
f 714/438/696 717/443/701 718/444/702
f 52/445/975 377/452/718 710/437/720
f 271/434/690 710/437/695 711/439/697
f 270/432/688 711/439/697 712/441/699
f 269/430/686 712/441/699 344/277/412
f 712/441/699 715/440/705 345/276/704
f 715/440/705 718/444/707 346/274/706
f 718/444/707 281/446/737 55/275/708
f 717/443/701 282/448/711 281/446/709
f 716/447/714 283/450/713 282/448/4527
f 379/449/4528 56/461/4528 283/450/4528
f 378/451/979 379/449/978 716/447/4529
f 377/452/977 378/451/976 713/442/4530
f 719/453/758 722/458/757 723/454/4531
f 720/455/723 723/454/722 724/456/724
f 722/458/755 725/463/754 726/459/4532
f 723/454/728 726/459/727 727/460/4533
f 56/461/4534 380/468/4534 719/453/4534
f 283/450/732 719/453/731 720/455/4535
f 282/448/735 720/455/734 721/457/4536
f 281/446/737 721/457/739 347/293/738
f 721/457/739 724/456/741 348/292/740
f 724/456/741 727/460/743 349/290/742
f 727/460/743 293/462/746 59/291/744
f 726/459/749 294/464/748 293/462/4537
f 725/463/752 295/466/751 294/464/771
f 382/465/950 60/477/949 295/466/4538
f 381/467/947 382/465/946 725/463/4539
f 380/468/944 381/467/943 722/458/4540
f 728/469/785 731/474/765 732/470/760
f 729/471/761 732/470/760 733/472/768
f 731/474/783 734/479/778 735/475/766
f 732/470/760 735/475/766 736/476/767
f 60/477/917 383/484/784 728/469/785
f 295/466/770 728/469/759 729/471/761
f 294/464/771 729/471/762 730/473/764
f 293/462/746 730/473/764 350/309/772
f 730/473/764 733/472/774 351/308/773
f 733/472/774 736/476/767 352/306/775
f 736/476/767 305/478/777 63/307/776
f 735/475/766 306/480/779 305/478/777
f 734/479/778 307/482/781 306/480/779
f 385/481/922 64/493/797 307/482/781
f 384/483/921 385/481/780 734/479/778
f 383/484/919 384/483/782 731/474/783
f 737/485/816 740/490/815 741/486/4541
f 738/487/788 741/486/787 742/488/4542
f 740/490/792 743/495/813 744/491/793
f 741/486/794 744/491/793 745/492/795
f 64/493/797 386/500/884 737/485/798
f 307/482/781 737/485/798 738/487/799
f 306/480/779 738/487/799 739/489/800
f 305/478/777 739/489/800 353/325/801
f 739/489/791 742/488/790 354/324/802
f 742/488/796 745/492/795 355/322/804
f 745/492/806 317/494/808 67/323/476
f 744/491/807 318/496/810 317/494/808
f 743/495/809 319/498/811 318/496/810
f 388/497/811 68/512/890 319/498/811
f 387/499/812 388/497/888 743/495/813
f 386/500/887 387/499/886 740/490/4543
f 746/501/817 749/505/821 750/502/818
f 750/502/818 751/507/823 748/504/820
f 749/505/821 752/514/836 753/506/822
f 753/506/822 754/513/835 751/507/823
f 28/508/4544 172/517/4544 746/501/4544
f 389/509/825 746/501/817 747/503/819
f 747/503/819 748/504/820 391/511/827
f 748/504/820 319/498/830 68/512/828
f 751/507/829 318/496/832 319/498/830
f 754/513/831 317/494/834 318/496/832
f 358/341/833 67/323/4459 317/494/834
f 357/340/510 358/341/511 754/513/835
f 752/514/836 356/339/508 357/340/510
f 170/515/837 27/338/506 356/339/507
f 171/516/4545 170/515/837 752/514/838
f 172/517/4546 171/516/4546 749/505/4546
f 755/518/841 758/523/846 759/519/842
f 756/520/843 759/519/842 760/521/844
f 758/523/846 761/534/864 762/524/847
f 759/519/848 762/524/847 763/525/849
f 29/526/850 175/537/865 755/518/841
f 392/527/851 755/518/841 756/520/852
f 393/528/853 756/520/852 757/522/845
f 757/522/845 322/531/856 69/530/855
f 760/521/844 321/532/857 322/531/856
f 763/525/849 320/533/858 321/532/857
f 391/511/827 68/512/828 320/533/858
f 390/510/826 391/511/827 763/525/849
f 761/534/859 389/509/825 390/510/826
f 173/535/860 28/508/4547 389/509/861
f 174/536/863 173/535/4548 761/534/864
f 175/537/865 174/536/863 758/523/846
f 764/538/898 767/543/871 768/539/873
f 765/540/868 768/539/867 769/541/869
f 767/543/871 770/550/896 771/544/872
f 768/539/873 771/544/872 772/545/874
f 65/546/876 398/553/4549 764/538/877
f 310/547/4550 764/538/866 765/540/868
f 309/548/881 765/540/880 766/542/882
f 308/549/883 766/542/882 386/500/884
f 766/542/870 769/541/869 387/499/4551
f 769/541/875 772/545/874 388/497/888
f 772/545/889 320/533/892 68/512/890
f 771/544/891 321/532/857 320/533/892
f 770/550/893 322/531/856 321/532/857
f 400/551/894 69/530/855 322/531/856
f 399/552/1424 400/551/1423 770/550/4552
f 398/553/897 399/552/895 767/543/871
f 773/554/899 776/559/4553 777/555/900
f 774/556/4554 777/555/906 778/557/908
f 776/559/4555 779/566/924 780/560/923
f 777/555/906 780/560/923 781/561/907
f 61/562/4556 395/569/4556 773/554/4556
f 298/563/911 773/554/910 774/556/4557
f 297/564/4558 774/556/902 775/558/904
f 296/565/4559 775/558/918 383/484/919
f 775/558/4560 778/557/920 384/483/921
f 778/557/908 781/561/907 385/481/922
f 781/561/907 308/549/883 64/493/797
f 780/560/923 309/548/881 308/549/883
f 779/566/4561 310/547/879 309/548/881
f 397/567/925 65/546/876 310/547/878
f 396/568/927 397/567/925 779/566/926
f 395/569/929 396/568/927 776/559/928
f 782/570/959 785/575/958 786/571/4562
f 783/572/4563 786/571/4563 787/573/4563
f 785/575/4564 788/582/4564 789/576/4564
f 786/571/4565 789/576/4565 790/577/4565
f 57/578/935 401/585/1469 782/570/936
f 286/579/937 782/570/936 783/572/938
f 285/580/939 783/572/938 784/574/4566
f 284/581/4567 784/574/4567 380/468/4567
f 784/574/4568 787/573/4568 381/467/4568
f 787/573/4569 790/577/4569 382/465/4569
f 790/577/4570 296/565/4570 60/477/4570
f 789/576/4571 297/564/913 296/565/915
f 788/582/4572 298/563/4572 297/564/4572
f 403/583/1475 61/562/1474 298/563/4573
f 402/584/1473 403/583/1472 788/582/4574
f 401/585/1471 402/584/954 785/575/956
f 791/586/990 794/591/965 795/587/961
f 792/588/962 795/587/961 796/589/963
f 794/591/988 797/598/982 798/592/966
f 795/587/961 798/592/966 799/593/967
f 53/594/1503 407/601/989 791/586/990
f 274/595/969 791/586/960 792/588/962
f 273/596/971 792/588/962 793/590/964
f 272/597/974 793/590/973 377/452/977
f 793/590/964 796/589/963 378/451/979
f 796/589/963 799/593/967 379/449/978
f 799/593/967 284/581/981 56/461/4575
f 798/592/966 285/580/983 284/581/981
f 797/598/986 286/579/985 285/580/4576
f 409/599/1507 57/578/1506 286/579/4577
f 408/600/1505 409/599/984 797/598/986
f 407/601/1504 408/600/987 794/591/988
f 800/602/1024 803/607/1023 804/603/4578
f 801/604/993 804/603/992 805/605/1000
f 803/607/1021 806/614/1020 807/608/4579
f 804/603/992 807/608/998 808/609/999
f 49/610/1533 404/617/1532 800/602/4580
f 262/611/1003 800/602/1002 801/604/4581
f 261/612/1006 801/604/1005 802/606/4582
f 260/613/1009 802/606/1008 374/436/1010
f 802/606/996 805/605/995 375/435/1011
f 805/605/1000 808/609/999 376/433/1015
f 808/609/999 272/597/974 52/445/975
f 807/608/998 273/596/972 272/597/974
f 806/614/1018 274/595/970 273/596/971
f 406/615/1541 53/594/968 274/595/969
f 405/616/1539 406/615/1538 806/614/4583
f 404/617/1536 405/616/1535 803/607/4584
f 809/618/1069 812/623/1068 813/619/4585
f 810/620/1027 813/619/1026 814/621/4586
f 812/623/1066 815/630/1065 816/624/4587
f 813/619/1033 816/624/1032 817/625/4588
f 45/626/1564 410/633/1563 809/618/4589
f 250/627/1039 809/618/1038 810/620/4590
f 249/628/1042 810/620/1041 811/622/4591
f 248/629/1045 811/622/1044 371/420/4592
f 811/622/1030 814/621/1029 372/419/4593
f 814/621/1036 817/625/1035 373/417/4594
f 817/625/1054 260/613/1057 48/429/1055
f 816/624/1060 261/612/1059 260/613/4595
f 815/630/1063 262/611/1062 261/612/4596
f 412/631/1573 49/610/1572 262/611/4597
f 411/632/1570 412/631/1569 815/630/4598
f 410/633/1567 411/632/1566 812/623/4599
f 818/634/1103 821/639/1101 822/635/4600
f 819/636/1072 822/635/1071 823/637/4601
f 821/639/1101 824/646/1100 825/640/4602
f 822/635/1078 825/640/1077 826/641/4603
f 41/642/4604 413/649/4604 818/634/4604
f 241/643/1084 818/634/1083 819/636/4605
f 240/644/4606 819/636/4606 820/638/4606
f 239/645/4607 820/638/4607 368/404/4607
f 820/638/1075 823/637/1074 369/403/4608
f 823/637/1081 826/641/1080 370/401/4609
f 826/641/1092 248/629/1091 44/402/4610
f 825/640/1095 249/628/1094 248/629/4611
f 824/646/1098 250/627/1097 249/628/4612
f 415/647/4613 45/626/4614 250/627/4615
f 414/648/4616 415/647/4616 824/646/4616
f 413/649/1102 414/648/1099 821/639/1101
f 827/650/1123 830/655/1123 831/651/4617
f 828/652/4618 831/651/4618 832/653/4618
f 830/655/1121 833/662/1121 834/656/4619
f 831/651/4620 834/656/4620 835/657/4620
f 37/658/4621 416/665/4621 827/650/4621
f 229/659/4622 827/650/4622 828/652/4622
f 228/660/4623 828/652/4623 829/654/4623
f 227/661/4624 829/654/4624 365/388/4624
f 829/654/4625 832/653/4625 366/387/4625
f 832/653/4626 835/657/4626 367/385/4626
f 835/657/4627 239/645/4627 40/386/4627
f 834/656/4628 240/644/4628 239/645/4628
f 833/662/1119 241/643/1118 240/644/4629
f 418/663/4630 41/642/4630 241/643/4630
f 417/664/4631 418/663/4631 833/662/4631
f 416/665/4632 417/664/4632 830/655/4632
f 836/666/1124 839/671/4633 840/667/1125
f 837/668/1127 840/667/4634 841/669/1128
f 839/671/1149 842/678/1148 843/672/4635
f 840/667/1131 843/672/4636 844/673/1132
f 33/674/4637 419/681/4637 836/666/4637
f 217/675/1136 836/666/1135 837/668/4638
f 216/676/4639 837/668/1127 838/670/1129
f 215/677/4640 838/670/4640 362/372/4640
f 838/670/4641 841/669/4641 363/371/4641
f 841/669/1133 844/673/1132 364/369/558
f 844/673/1143 227/661/4642 36/370/556
f 843/672/4643 228/660/4643 227/661/4643
f 842/678/4644 229/659/4644 228/660/4644
f 421/679/4645 37/658/4645 229/659/4645
f 420/680/1147 421/679/4646 842/678/1148
f 419/681/4647 420/680/4647 839/671/4647
f 845/682/4648 848/687/4648 849/683/4648
f 846/684/4649 849/683/4649 850/685/4649
f 848/687/4650 851/690/4650 852/688/4650
f 849/683/1154 852/688/1166 853/689/1155
f 15/77/4651 422/693/4651 845/682/4651
f 121/88/4652 845/682/4652 846/684/4652
f 120/99/4653 846/684/4653 847/686/4653
f 119/98/4654 847/686/4654 359/356/4654
f 847/686/4655 850/685/4655 360/355/4655
f 850/685/4656 853/689/1163 361/353/1165
f 853/689/1163 215/677/4657 32/354/1164
f 852/688/4658 216/676/4658 215/677/4658
f 851/690/4659 217/675/1137 216/676/1139
f 424/691/1188 33/674/1187 217/675/4660
f 423/692/1185 424/691/1184 851/690/4661
f 422/693/4662 423/692/4662 848/687/4662
f 854/694/4663 857/699/4663 858/695/4663
f 855/696/4664 858/695/4664 859/697/4664
f 857/699/4665 860/703/4665 861/700/4665
f 858/695/4666 861/700/4666 862/701/4666
f 6/41/4667 425/708/4667 854/694/4667
f 91/68/4668 854/694/4668 855/696/4668
f 90/79/4669 855/696/4669 856/698/4669
f 89/78/4670 856/698/4670 422/693/4670
f 856/698/1175 859/697/1174 423/692/4671
f 859/697/4672 862/701/4672 424/691/4672
f 862/701/4673 218/702/4673 33/674/4673
f 861/700/4674 219/704/4674 218/702/4674
f 860/703/4675 220/706/4675 219/704/4675
f 427/705/4676 34/717/4676 220/706/4676
f 426/707/1192 427/705/4677 860/703/1193
f 425/708/4678 426/707/4678 857/699/4678
f 863/709/4679 866/714/4679 867/710/4679
f 864/711/4680 867/710/4680 868/712/4680
f 866/714/4681 869/719/1214 870/715/1216
f 867/710/4682 870/715/4682 871/716/4682
f 34/717/4683 428/724/4683 863/709/4683
f 220/706/4684 863/709/4684 864/711/4684
f 219/704/1202 864/711/4685 865/713/1203
f 218/702/4686 865/713/4686 419/681/4686
f 865/713/1206 868/712/4687 420/680/1206
f 868/712/1208 871/716/1211 421/679/1209
f 871/716/4688 230/718/4688 37/658/4688
f 870/715/4689 231/720/4689 230/718/4689
f 869/719/4690 232/722/4690 231/720/4690
f 430/721/4691 38/988/4691 232/722/4691
f 429/723/1220 430/721/1217 869/719/1219
f 428/724/1222 429/723/4692 866/714/1223
f 875/725/1225 876/728/1231 873/726/1226
f 876/728/1228 877/732/1233 874/729/1229
f 878/730/1230 879/731/1249 876/728/1231
f 879/731/1232 880/740/1247 877/732/1233
f 187/733/1234 872/727/1255 157/734/1235
f 872/727/1227 873/726/1226 156/736/1237
f 873/726/1226 874/729/1229 155/737/1239
f 874/729/1229 190/739/1241 23/738/1240
f 877/732/1233 189/741/1243 190/739/1241
f 880/740/1242 188/743/1245 189/741/1243
f 446/742/1244 58/768/1461 188/743/1245
f 447/744/1246 446/742/1483 880/740/1247
f 448/745/1248 447/744/1481 879/731/1249
f 62/746/1250 448/745/1479 878/730/1251
f 185/747/1252 878/730/1251 875/725/1253
f 186/748/1254 875/725/1253 872/727/1255
f 884/749/1256 885/752/1263 882/750/1257
f 885/752/1266 886/756/1265 883/753/4693
f 887/754/1262 888/755/1285 885/752/1263
f 888/755/1283 889/762/1282 886/756/4694
f 190/739/1241 881/751/1289 154/757/1267
f 881/751/1258 882/750/1257 153/758/1268
f 882/750/1261 883/753/1260 152/759/4695
f 883/753/1274 193/761/1273 22/760/4696
f 886/756/1277 192/763/1276 193/761/4697
f 889/762/1280 191/765/1279 192/763/1307
f 443/764/4698 54/788/4699 191/765/4700
f 444/766/4701 443/764/1516 889/762/4702
f 445/767/1284 444/766/1513 888/755/1285
f 58/768/1286 445/767/1511 887/754/1287
f 188/743/1245 887/754/1287 884/749/1288
f 189/741/1243 884/749/1288 881/751/1289
f 893/769/4703 894/772/4703 891/770/4703
f 894/772/4704 895/776/4704 892/773/4704
f 896/774/4705 897/775/4705 894/772/4705
f 897/775/4706 898/782/4706 895/776/4706
f 193/761/4707 890/771/4707 151/777/4707
f 890/771/4708 891/770/4708 150/778/4708
f 891/770/4709 892/773/4709 149/779/4709
f 892/773/4710 196/781/4710 21/780/4710
f 895/776/4711 195/783/4711 196/781/4711
f 898/782/4712 194/785/4712 195/783/4712
f 440/784/4713 50/808/4713 194/785/4713
f 441/786/4714 440/784/4714 898/782/4714
f 442/787/4715 441/786/4715 897/775/4715
f 54/788/4716 442/787/4717 896/774/4718
f 191/765/1305 896/774/1304 893/769/4719
f 192/763/4720 893/769/4720 890/771/4720
f 902/789/4721 903/792/4721 900/790/4721
f 903/792/4722 904/796/4722 901/793/4722
f 905/794/4723 906/795/4723 903/792/4723
f 906/795/4724 907/802/4724 904/796/4724
f 196/781/4725 899/791/4725 148/797/4725
f 899/791/4726 900/790/4726 147/798/4726
f 900/790/4727 901/793/4727 146/799/4727
f 901/793/4728 199/801/4728 20/800/4728
f 904/796/4729 198/803/4729 199/801/4729
f 907/802/4730 197/805/4730 198/803/4730
f 437/804/4731 46/828/4731 197/805/4731
f 438/806/4732 437/804/4732 907/802/4732
f 439/807/4733 438/806/4733 906/795/4733
f 50/808/4734 439/807/4734 905/794/4734
f 194/785/4735 905/794/4735 902/789/4735
f 195/783/4736 902/789/4736 899/791/4736
f 911/809/4737 912/812/4737 909/810/4737
f 912/812/4738 913/816/4738 910/813/4738
f 914/814/4739 915/815/4739 912/812/4739
f 915/815/4740 916/822/4740 913/816/4740
f 199/801/4741 908/811/4741 145/817/4741
f 908/811/4742 909/810/4742 144/818/4742
f 909/810/1328 910/813/1327 143/819/4743
f 910/813/4744 202/821/4744 19/820/4744
f 913/816/4745 201/823/4745 202/821/4745
f 916/822/4746 200/825/4746 201/823/4746
f 434/824/4747 42/848/4747 200/825/4747
f 435/826/1340 434/824/4748 916/822/1341
f 436/827/1343 435/826/1340 915/815/1342
f 46/828/4749 436/827/4749 914/814/4749
f 197/805/4750 914/814/1329 911/809/1331
f 198/803/4751 911/809/4751 908/811/4751
f 920/829/4752 921/832/4752 918/830/4752
f 921/832/1349 922/836/1361 919/833/1350
f 923/834/4753 924/835/4753 921/832/4753
f 924/835/1352 925/842/1363 922/836/1353
f 202/821/4754 917/831/4754 142/837/4754
f 917/831/1356 918/830/4755 141/838/1357
f 918/830/4756 919/833/4756 140/839/4756
f 919/833/4757 205/841/1633 18/840/1633
f 922/836/1361 204/843/1651 205/841/1362
f 925/842/4758 203/845/4758 204/843/4758
f 431/844/1365 38/988/4759 203/845/1366
f 432/846/4760 431/844/4760 925/842/4760
f 433/847/4761 432/846/4761 924/835/4761
f 42/848/4762 433/847/4762 923/834/4762
f 200/825/4763 923/834/4763 920/829/4763
f 201/823/1372 920/829/4764 917/831/1373
f 926/849/1375 929/854/1380 930/850/1376
f 927/851/1377 930/850/1376 931/852/1378
f 929/854/1380 932/865/1380 933/855/1381
f 930/850/1376 933/855/1381 934/856/1382
f 30/857/850 178/868/850 926/849/1375
f 455/858/1383 926/849/1375 927/851/1377
f 456/859/1384 927/851/1377 928/853/1379
f 928/853/1379 325/862/1387 70/861/1386
f 931/852/1378 324/863/1388 325/862/1387
f 934/856/1382 323/864/1389 324/863/1388
f 394/529/854 69/530/855 323/864/1389
f 933/855/1381 393/528/853 394/529/854
f 932/865/1380 392/527/851 393/528/853
f 176/866/850 29/526/850 392/527/851
f 177/867/850 176/866/850 932/865/1380
f 178/868/850 177/867/850 929/854/1380
f 938/869/1390 939/872/1393 936/870/1391
f 939/872/1393 940/876/1397 937/873/1394
f 941/874/1395 942/875/1396 939/872/1393
f 942/875/1396 943/881/1402 940/876/1397
f 26/877/1398 131/888/1406 935/871/1392
f 181/878/1399 935/871/1392 936/870/1391
f 180/879/1400 936/870/1391 937/873/1394
f 179/880/1401 937/873/1394 457/860/1385
f 940/876/1397 456/859/1384 457/860/1385
f 943/881/1402 455/858/1383 456/859/1384
f 164/882/1403 30/857/850 455/858/1383
f 165/883/1403 164/882/1403 943/881/1402
f 166/884/1403 165/883/1403 942/875/1396
f 16/885/1403 166/884/1403 941/874/1395
f 133/886/1404 941/874/1395 938/869/1390
f 132/887/1405 938/869/1390 935/871/1392
f 944/889/1407 947/894/1412 948/890/1408
f 945/891/1409 948/890/1408 949/892/1410
f 947/894/1412 950/901/1425 951/895/1413
f 948/890/1408 951/895/1413 952/896/1414
f 66/897/1415 452/904/1428 944/889/1407
f 313/898/1416 944/889/1407 945/891/1409
f 312/899/1417 945/891/1409 946/893/1411
f 311/900/1418 946/893/1411 398/553/1419
f 946/893/1411 949/892/1410 399/552/1421
f 949/892/1410 952/896/1414 400/551/894
f 952/896/1414 323/864/1389 69/530/855
f 951/895/1413 324/863/1388 323/864/1389
f 950/901/1425 325/862/1387 324/863/1388
f 454/902/1426 70/861/1386 325/862/1387
f 453/903/1427 454/902/1426 950/901/1425
f 452/904/1428 453/903/1427 947/894/1412
f 953/905/1438 956/910/1434 957/906/1430
f 954/907/1431 957/906/1430 958/908/1432
f 956/910/1434 959/916/1449 960/911/1435
f 957/906/1430 960/911/1435 961/912/1436
f 62/746/1437 449/919/1452 953/905/1438
f 301/913/1439 953/905/1438 954/907/1440
f 300/914/1441 954/907/1440 955/909/1442
f 299/915/1443 955/909/1442 395/569/1444
f 955/909/1433 958/908/1432 396/568/1446
f 958/908/1432 961/912/1436 397/567/1448
f 961/912/1436 311/900/1418 65/546/1420
f 960/911/1435 312/899/1417 311/900/1418
f 959/916/1449 313/898/1416 312/899/1417
f 451/917/1450 66/897/1415 313/898/1416
f 450/918/1451 451/917/1450 959/916/1449
f 449/919/1698 450/918/1451 956/910/1434
f 962/920/1453 965/925/1484 966/921/1454
f 963/922/1455 966/921/1454 967/923/1456
f 965/925/1458 968/931/1482 969/926/1459
f 966/921/1454 969/926/1459 970/927/1460
f 58/768/1461 446/742/1244 962/920/1462
f 289/928/1463 962/920/1462 963/922/1464
f 288/929/1465 963/922/1464 964/924/1466
f 287/930/1467 964/924/1466 401/585/4765
f 964/924/1457 967/923/1456 402/584/1473
f 967/923/1456 970/927/1460 403/583/1472
f 970/927/1460 299/915/1476 61/562/1474
f 969/926/1459 300/914/1478 299/915/1476
f 968/931/1477 301/913/1480 300/914/1478
f 448/745/1479 62/746/1250 301/913/1480
f 447/744/1481 448/745/1248 968/931/1482
f 446/742/1483 447/744/1246 965/925/1484
f 971/932/1517 974/937/1491 975/933/1486
f 972/934/1487 975/933/1486 976/935/1494
f 974/937/1515 977/943/1514 978/938/4766
f 975/933/1486 978/938/1492 979/939/1493
f 54/788/4699 443/764/4698 971/932/4767
f 277/940/1496 971/932/1485 972/934/1487
f 276/941/1498 972/934/1488 973/936/1490
f 275/942/1501 973/936/1500 407/601/1504
f 973/936/1490 976/935/1489 408/600/1505
f 976/935/1494 979/939/1493 409/599/1507
f 979/939/1493 287/930/1508 57/578/1506
f 978/938/1492 288/929/1510 287/930/1508
f 977/943/1509 289/928/1512 288/929/1510
f 445/767/1511 58/768/1286 289/928/1512
f 444/766/1513 445/767/1284 977/943/1514
f 443/764/1516 444/766/4701 974/937/1491
f 980/944/4768 983/949/4768 984/945/4768
f 981/946/4769 984/945/4769 985/947/4769
f 983/949/1551 986/955/1550 987/950/4770
f 984/945/1524 987/950/1523 988/951/4771
f 50/808/4772 440/784/4772 980/944/4772
f 265/952/4773 980/944/4773 981/946/4773
f 264/953/4774 981/946/4774 982/948/4774
f 263/954/1519 982/948/1519 404/617/1519
f 982/948/1521 985/947/1520 405/616/4775
f 985/947/1527 988/951/1526 406/615/4776
f 988/951/1543 275/942/1502 53/594/1503
f 987/950/1545 276/941/1499 275/942/1501
f 986/955/1548 277/940/1547 276/941/4777
f 442/787/4717 54/788/4716 277/940/4778
f 441/786/4779 442/787/4779 986/955/4779
f 440/784/4780 441/786/4780 983/949/4780
f 989/956/4781 992/961/4781 993/957/4781
f 990/958/4782 993/957/4782 994/959/4782
f 992/961/4783 995/967/4783 996/962/4783
f 993/957/4784 996/962/4784 997/963/4784
f 46/828/4785 437/804/4785 989/956/4785
f 253/964/4786 989/956/4786 990/958/4786
f 252/965/1560 990/958/1559 991/960/4787
f 251/966/4788 991/960/4788 410/633/4788
f 991/960/4789 994/959/4789 411/632/4789
f 994/959/4790 997/963/4790 412/631/4790
f 997/963/4791 263/954/4791 49/610/4791
f 996/962/4792 264/953/4792 263/954/4792
f 995/967/4793 265/952/4793 264/953/4793
f 439/807/4794 50/808/4794 265/952/4794
f 438/806/4795 439/807/4795 995/967/4795
f 437/804/4796 438/806/4796 992/961/4796
f 1001/968/1579 1002/971/4797 999/969/1580
f 1002/971/1582 1003/975/4798 1000/972/1583
f 1004/973/4799 1005/974/4799 1002/971/4799
f 1005/974/4800 1006/977/4800 1003/975/4800
f 253/964/1587 998/970/1608 436/827/1588
f 998/970/1581 999/969/1580 435/826/4801
f 999/969/4802 1000/972/1592 434/824/1594
f 1000/972/4803 460/976/4803 42/848/4803
f 1003/975/1595 459/978/1599 460/976/1596
f 1006/977/4804 458/979/4804 459/978/4804
f 413/649/4805 41/642/4805 458/979/4805
f 414/648/4806 413/649/4806 1006/977/4806
f 415/647/4807 414/648/4807 1005/974/4807
f 45/626/4614 415/647/4613 1004/973/4808
f 251/966/1605 1004/973/1604 1001/968/4809
f 252/965/4810 1001/968/4810 998/970/4810
f 1007/980/4811 1010/985/4811 1011/981/4811
f 1008/982/1610 1011/981/4812 1012/983/1611
f 1010/985/4813 1013/989/4813 1014/986/4813
f 1011/981/4814 1014/986/4814 1015/987/4814
f 38/988/4815 431/844/4815 1007/980/4815
f 232/722/4816 1007/980/4816 1008/982/4816
f 231/720/4817 1008/982/4817 1009/984/4817
f 230/718/4818 1009/984/4818 416/665/4818
f 1009/984/4819 1012/983/4819 417/664/4819
f 1012/983/4820 1015/987/4820 418/663/4820
f 1015/987/4821 458/979/4821 41/642/4821
f 1014/986/4822 459/978/4822 458/979/4822
f 1013/989/4823 460/976/4823 459/978/4823
f 433/847/4824 42/848/4824 460/976/4824
f 432/846/4825 433/847/4825 1013/989/4825
f 431/844/4826 432/846/4826 1010/985/4826
f 1019/990/4827 1020/993/4827 1017/991/4827
f 1020/993/1628 1021/997/4828 1018/994/1629
f 1022/995/4829 1023/996/4829 1020/993/4829
f 1023/996/1645 1024/1003/1644 1021/997/1644
f 205/841/4830 1016/992/4830 139/998/4830
f 1016/992/4831 1017/991/4831 138/999/4831
f 1017/991/4832 1018/994/4832 137/1000/4832
f 1018/994/1637 208/1002/4833 17/1001/1638
f 1021/997/4834 207/1004/4835 208/1002/4836
f 1024/1003/4837 206/1005/4837 207/1004/4837
f 428/724/4838 34/717/4838 206/1005/4838
f 429/723/4839 428/724/4839 1024/1003/4839
f 430/721/4840 429/723/4840 1023/996/4840
f 38/988/4841 430/721/4841 1022/995/4841
f 203/845/1648 1022/995/4842 1019/990/1649
f 204/843/1650 1019/990/1649 1016/992/4843
f 1025/1006/4844 1028/1011/4844 1029/1007/4844
f 1026/1008/4845 1029/1007/4845 1030/1009/4845
f 1028/1011/4846 1031/1014/4846 1032/1012/4846
f 1029/1007/4847 1032/1012/1670 1033/1013/1672
f 3/30/4848 134/1017/4848 1025/1006/4848
f 82/28/4849 1025/1006/4849 1026/1008/4849
f 81/43/1660 1026/1008/1659 1027/1010/1661
f 80/42/52 1027/1010/1661 425/708/1662
f 1027/1010/4850 1030/1009/1664 426/707/1666
f 1030/1009/4851 1033/1013/1667 427/705/1669
f 1033/1013/1667 206/1005/4852 34/717/1668
f 1032/1012/4853 207/1004/4853 206/1005/4853
f 1031/1014/4854 208/1002/4836 207/1004/4835
f 136/1015/4855 17/1001/4855 208/1002/4855
f 135/1016/4856 136/1015/1674 1031/1014/1676
f 134/1017/4857 135/1016/4857 1028/1011/4857
f 1037/1018/1679 1038/1021/1682 1035/1019/1680
f 1038/1021/1687 1039/1025/1686 1036/1022/1683
f 1040/1023/1684 1041/1024/1685 1038/1021/1687
f 1041/1024/1701 1042/1031/1696 1039/1025/1686
f 184/1026/1688 1034/1020/1704 160/1027/1689
f 1034/1020/1681 1035/1019/1680 159/1029/1691
f 1035/1019/1680 1036/1022/1683 158/1030/1693
f 1036/1022/1683 187/733/1695 24/735/1694
f 1039/1025/1686 186/748/1697 187/733/1695
f 1042/1031/1700 185/747/1699 186/748/4858
f 449/919/1452 62/746/1437 185/747/4859
f 450/918/1451 449/919/1698 1042/1031/1700
f 451/917/1450 450/918/1451 1041/1024/1701
f 66/897/1415 451/917/1450 1040/1023/1684
f 182/1032/1702 1040/1023/1684 1037/1018/1679
f 183/1033/1703 1037/1018/1679 1034/1020/1704
f 1046/1034/1705 1047/1037/1708 1044/1035/1706
f 1047/1037/1708 1048/1041/1712 1045/1038/1709
f 1049/1039/1710 1050/1040/1711 1047/1037/1708
f 1050/1040/1711 1051/1045/1716 1048/1041/1712
f 181/878/1399 1043/1036/1707 163/1042/1713
f 1043/1036/1707 1044/1035/1706 162/1043/1714
f 1044/1035/1706 1045/1038/1709 161/1044/1715
f 1045/1038/1709 184/1026/1688 25/1028/1690
f 1048/1041/1712 183/1033/1703 184/1026/1688
f 1051/1045/1716 182/1032/1702 183/1033/1703
f 452/904/1428 66/897/1415 182/1032/1702
f 453/903/1427 452/904/1428 1051/1045/1716
f 454/902/1426 453/903/1427 1050/1040/1711
f 70/861/1386 454/902/1426 1049/1039/1710
f 179/880/1401 1049/1039/1710 1046/1034/1705
f 180/879/1400 1046/1034/1705 1043/1036/1707
f 1055/1046/1721 1056/1049/1720 1053/1047/4860
f 1056/1049/1724 1057/1053/1723 1054/1050/4861
f 1058/1051/4862 1059/1052/4862 1056/1049/4862
f 1059/1052/4863 1060/1056/4863 1057/1053/4863
f 109/110/1747 1052/1048/1746 472/166/4864
f 1052/1048/4865 1053/1047/4865 471/165/4865
f 1053/1047/4866 1054/1050/4866 470/163/4866
f 1054/1050/1730 101/1055/1733 8/1054/1731
f 1057/1053/1732 102/1057/1735 101/1055/1733
f 1060/1056/1734 103/1058/4867 102/1057/1735
f 473/54/4868 9/55/4868 103/1058/4868
f 474/53/1737 473/54/4869 1060/1056/1738
f 475/52/1740 474/53/4870 1059/1052/1741
f 10/14/4871 475/52/4871 1058/1051/4871
f 107/113/4872 1058/1051/1719 1055/1046/1721
f 108/112/1745 1055/1046/4873 1052/1048/1746
f 1113/1059/4874 1101/1132/4874 1102/1060/4874
f 1121/1062/1751 1081/1069/1751 1063/1063/1751
f 1129/1065/1752 1077/1151/1752 1078/1066/1752
f 1133/1068/1753 1080/1133/1810 1081/1069/1754
f 1141/1070/1755 1097/1145/1821 1098/1071/1756
f 1149/1073/1758 1108/1083/4875 1072/1074/1759
f 1157/1076/1761 1067/1101/1782 1088/1077/1762
f 1165/1079/1764 1075/1134/1764 1062/1080/1764
f 1169/1082/1765 1107/1142/4876 1108/1083/1766
f 1177/1084/1768 1087/1088/1768 1065/1085/1768
f 1181/1087/1769 1086/1143/1819 1087/1088/1770
f 1120/1064/1771 1063/1063/1771 1073/1089/1771
f 1193/1091/1772 1103/1150/1827 1104/1092/1773
f 1201/1094/1775 1082/1153/1831 1083/1095/1776
f 1209/1097/1778 1069/1110/1788 1094/1098/1779
f 1213/1100/1781 1093/1103/1784 1067/1101/1782
f 1217/1102/1783 1092/1149/1825 1093/1103/1784
f 1156/1078/1763 1088/1077/1762 1089/1104/1785
f 1229/1106/1797 1071/1120/1796 1100/1107/4877
f 1233/1109/1787 1099/1114/4878 1069/1110/1788
f 1241/1111/1789 1064/1128/1806 1079/1112/1790
f 1140/1072/1757 1098/1071/1791 1099/1114/1791
f 1128/1067/1792 1078/1066/1792 1061/1115/1792
f 1208/1099/1780 1094/1098/1779 1095/1117/1793
f 1253/1119/1804 1105/1126/1803 1071/1120/4879
f 1261/1121/1798 1066/1139/1762 1085/1122/1799
f 1164/1081/1801 1062/1080/1801 1076/1124/1801
f 1192/1093/1774 1104/1092/1773 1105/1126/4880
f 1269/1127/1805 1084/1131/1808 1064/1128/1806
f 1188/1090/1807 1073/1089/1807 1074/1129/1807
f 1200/1096/1777 1083/1095/1776 1084/1131/1808
f 1228/1108/4881 1100/1107/4881 1101/1132/4881
f 1240/1113/1790 1079/1112/1790 1080/1133/1810
f 1276/1130/1811 1074/1129/1811 1075/1134/1811
f 1281/1135/1812 1068/1147/1823 1091/1136/1813
f 1285/1138/1815 1090/1140/1785 1066/1139/1762
f 1224/1105/1785 1089/1104/1785 1090/1140/1785
f 1289/1141/1816 1106/2913/4882 1107/1142/1817
f 1260/1123/1800 1085/1122/1799 1086/1143/1819
f 1293/1144/1820 1070/1152/1829 1097/1145/1821
f 1297/1146/1822 1096/1148/1824 1068/1147/1823
f 1252/1118/1794 1095/1117/1793 1096/1148/1824
f 1280/1137/1814 1091/1136/1813 1092/1149/1825
f 1148/1075/1826 1072/1074/4883 1103/1150/1827
f 1268/1125/1828 1076/1124/1828 1077/1151/1828
f 1112/1061/1750 1102/1060/1749 1070/1152/1829
f 1176/1086/1830 1065/1085/1830 1082/1153/1831
f 221/191/1832 1173/1155/1832 1204/1154/1833
f 1173/1155/1835 1174/1157/1838 1203/1156/1836
f 1174/1157/1838 1175/1159/1830 1202/1158/1775
f 1175/1159/1830 1176/1086/1830 1201/1094/1775
f 626/294/1839 1109/1161/2105 1296/1160/1840
f 1109/1161/1842 1110/1163/2106 1295/1162/1843
f 1110/1163/2107 1111/1165/1848 1294/1164/1850
f 1111/1165/4884 1112/1061/4884 1293/1144/4884
f 500/49/1851 1265/1167/4885 1132/1166/1852
f 1265/1167/1854 1266/1169/1857 1131/1168/1855
f 1266/1169/1857 1267/1171/1828 1130/1170/1828
f 1267/1171/1828 1268/1125/1828 1129/1065/1828
f 302/303/1858 1145/1173/4886 1196/1172/1859
f 1145/1173/1861 1146/1175/4887 1195/1174/1862
f 1146/1175/1864 1147/1177/1867 1194/1176/1865
f 1147/1177/1867 1148/1075/1826 1193/1091/1772
f 593/231/1868 1277/1179/1921 1220/1178/1869
f 1277/1179/1871 1278/1181/1874 1219/1180/1872
f 1278/1181/1874 1279/1183/1875 1218/1182/1783
f 1279/1183/1875 1280/1137/1814 1217/1102/1783
f 605/252/1876 1249/1185/1995 1300/1184/1877
f 1249/1185/1879 1250/1187/1882 1299/1186/1880
f 1250/1187/1882 1251/1189/1794 1298/1188/1822
f 1251/1189/1794 1252/1118/1794 1297/1146/1822
f 608/262/1878 1300/1184/1877 1284/1190/1878
f 1300/1184/1881 1299/1186/1880 1283/1191/1884
f 1299/1186/1880 1298/1188/1822 1282/1192/1812
f 1298/1188/1822 1297/1146/1822 1281/1135/1812
f 278/271/1841 1296/1160/1840 1144/1193/1886
f 1296/1160/1844 1295/1162/1843 1143/1194/1892
f 1295/1162/1847 1294/1164/1846 1142/1195/1891
f 1294/1164/1850 1293/1144/1849 1141/1070/4888
f 575/199/1893 1257/1197/1983 1184/1196/1894
f 1257/1197/1896 1258/1199/1984 1183/1198/1897
f 1258/1199/1898 1259/1201/1800 1182/1200/1769
f 1259/1201/1800 1260/1123/1800 1181/1087/1769
f 638/311/1900 1292/1203/4889 1172/1202/1901
f 1292/1203/1903 1291/1205/4890 1171/1204/1904
f 1291/1205/1906 1290/1207/1909 1170/1206/1907
f 1290/1207/1909 1289/1141/1816 1169/1082/1818
f 587/220/1910 1221/1209/1910 1288/1208/1911
f 1221/1209/1913 1222/1211/1916 1287/1210/1914
f 1222/1211/1916 1223/1213/1785 1286/1212/1815
f 1223/1213/1785 1224/1105/1785 1285/1138/1815
f 590/230/1912 1288/1208/1911 1264/1214/1917
f 1288/1208/1915 1287/1210/1914 1263/1215/1919
f 1287/1210/1914 1286/1212/1815 1262/1216/1798
f 1286/1212/1815 1285/1138/1815 1261/1121/1798
f 254/239/1883 1284/1190/1878 1277/1179/1921
f 1284/1190/1885 1283/1191/1884 1278/1181/1874
f 1283/1191/1884 1282/1192/1812 1279/1183/1875
f 1282/1192/1812 1281/1135/1812 1280/1137/1814
f 483/7/1922 1273/1218/4891 1168/1217/1923
f 1273/1218/1925 1274/1220/1928 1167/1219/1926
f 1274/1220/1928 1275/1222/1811 1166/1221/1811
f 1275/1222/1811 1276/1130/1811 1165/1079/1811
f 557/167/1929 1237/1224/2013 1136/1223/1929
f 1237/1224/1931 1238/1226/1934 1135/1225/1932
f 1238/1226/1934 1239/1228/1790 1134/1227/1753
f 1239/1228/1790 1240/1113/1790 1133/1068/1753
f 620/279/1935 1225/1230/2021 1116/1229/1936
f 1225/1230/1938 1226/1232/2022 1115/1231/1939
f 1226/1232/2024 1227/1234/1944 1114/1233/1946
f 1227/1234/2026 1228/1108/2025 1113/1059/4892
f 569/188/1947 1197/1236/2039 1272/1235/1948
f 1197/1236/1950 1198/1238/2040 1271/1237/1951
f 1198/1238/1953 1199/1240/1777 1270/1239/1805
f 1199/1240/1777 1200/1096/1777 1269/1127/1805
f 482/6/1954 1185/1241/4893 1273/1218/1955
f 1185/1241/1957 1186/1242/1960 1274/1220/1958
f 1186/1242/1960 1187/1243/1807 1275/1222/1807
f 1187/1243/1807 1188/1090/1807 1276/1130/1807
f 572/198/1949 1272/1235/1948 1244/1244/1949
f 1272/1235/1952 1271/1237/1951 1243/1245/1962
f 1271/1237/1951 1270/1239/1805 1242/1246/1789
f 1270/1239/1805 1269/1127/1805 1241/1111/1789
f 632/300/1964 1189/1248/4894 1256/1247/1965
f 1189/1248/1967 1190/1250/2045 1255/1249/1968
f 1190/1250/2047 1191/1252/1973 1254/1251/1975
f 1191/1252/1973 1192/1093/1802 1253/1119/1804
f 104/59/1976 1161/1253/4895 1265/1167/1977
f 1161/1253/1979 1162/1254/1982 1266/1169/1980
f 1162/1254/1982 1163/1255/1801 1267/1171/1801
f 1163/1255/1801 1164/1081/1801 1268/1125/1801
f 233/207/1918 1264/1214/1917 1257/1197/1983
f 1264/1214/1920 1263/1215/1919 1258/1199/1984
f 1263/1215/1919 1262/1216/1798 1259/1201/1800
f 1262/1216/1798 1261/1121/1798 1260/1123/1800
f 635/310/1966 1256/1247/1965 1232/1256/1985
f 1256/1247/1969 1255/1249/1968 1231/1257/1987
f 1255/1249/1972 1254/1251/1971 1230/1258/1993
f 1254/1251/1975 1253/1119/1974 1229/1106/4896
f 602/247/1994 1205/1259/2038 1249/1185/1995
f 1205/1259/1996 1206/1260/1997 1250/1187/1882
f 1206/1260/1997 1207/1261/1780 1251/1189/1794
f 1207/1261/1780 1208/1099/1780 1252/1118/1794
f 502/57/1998 1125/1264/4897 1245/1262/1999
f 1125/1264/2001 1126/1266/4898 1246/1265/2002
f 1126/1266/1792 1127/1268/1792 1247/1267/1792
f 1127/1268/1792 1128/1067/1792 1248/1116/1792
f 614/268/2004 1137/1270/2090 1236/1269/2005
f 1137/1270/2007 1138/1272/2010 1235/1271/2008
f 1138/1272/2010 1139/1274/2012 1234/1273/2011
f 1139/1274/2012 1140/1072/1757 1233/1109/1787
f 209/175/1961 1244/1244/1949 1237/1224/2013
f 1244/1244/2014 1243/1245/2015 1238/1226/1934
f 1243/1245/2015 1242/1246/1789 1239/1228/1790
f 1242/1246/1789 1241/1111/1789 1240/1113/1790
f 617/278/2006 1236/1269/2005 1212/1275/2016
f 1236/1269/2009 1235/1271/2008 1211/1276/2018
f 1235/1271/2008 1234/1273/2011 1210/1277/2020
f 1234/1273/2011 1233/1109/1787 1209/1097/1778
f 290/287/1986 1232/1256/1985 1225/1230/2021
f 1232/1256/1988 1231/1257/1987 1226/1232/2022
f 1231/1257/1991 1230/1258/1990 1227/1234/2026
f 1230/1258/1993 1229/1106/1992 1228/1108/4899
f 584/215/2027 1153/1278/2079 1221/1209/1910
f 1153/1278/2028 1154/1279/2029 1222/1211/1916
f 1154/1279/2029 1155/1280/1763 1223/1213/1785
f 1155/1280/1763 1156/1078/1763 1224/1105/1785
f 596/236/1870 1220/1178/1869 1216/1281/2030
f 1220/1178/1873 1219/1180/1872 1215/1282/2032
f 1219/1180/1872 1218/1182/1783 1214/1283/1781
f 1218/1182/1783 1217/1102/1783 1213/1100/1781
f 599/246/2031 1216/1281/2030 1160/1284/2034
f 1216/1281/2033 1215/1282/2032 1159/1285/2036
f 1215/1282/2032 1214/1283/1781 1158/1286/1761
f 1214/1283/1781 1213/1100/1781 1157/1076/1761
f 266/255/2017 1212/1275/2016 1205/1259/2038
f 1212/1275/2019 1211/1276/2018 1206/1260/1997
f 1211/1276/2018 1210/1277/2020 1207/1261/1780
f 1210/1277/2020 1209/1097/1778 1208/1099/1780
f 566/183/1834 1204/1154/1833 1197/1236/2039
f 1204/1154/1837 1203/1156/1836 1198/1238/2040
f 1203/1156/1836 1202/1158/1775 1199/1240/1777
f 1202/1158/1775 1201/1094/1775 1200/1096/1777
f 629/295/2041 1196/1172/4900 1189/1248/2042
f 1196/1172/2044 1195/1174/4901 1190/1250/2045
f 1195/1174/2046 1194/1176/2048 1191/1252/1973
f 1194/1176/1865 1193/1091/1772 1192/1093/1774
f 113/18/2049 1117/1287/2050 1185/1241/2050
f 1117/1287/2052 1118/1288/2055 1186/1242/2053
f 1118/1288/2055 1119/1289/1771 1187/1243/1771
f 1119/1289/1771 1120/1064/1771 1188/1090/1771
f 578/204/1895 1184/1196/1894 1180/1290/2056
f 1184/1196/2057 1183/1198/1899 1179/1291/2058
f 1183/1198/1899 1182/1200/1769 1178/1292/1770
f 1182/1200/1769 1181/1087/1769 1177/1084/1770
f 581/214/2059 1180/1290/2059 1173/1155/2059
f 1180/1290/2060 1179/1291/2061 1174/1157/2060
f 1179/1291/2061 1178/1292/1768 1175/1159/1768
f 1178/1292/1768 1177/1084/1768 1176/1086/1768
f 641/316/2062 1172/1202/4902 1152/1293/2063
f 1172/1202/2065 1171/1204/4903 1151/1294/2066
f 1171/1204/2068 1170/1206/2071 1150/1295/2069
f 1170/1206/2071 1169/1082/1765 1149/1073/1767
f 484/16/2072 1168/1217/4904 1161/1253/2073
f 1168/1217/2075 1167/1219/2078 1162/1254/2076
f 1167/1219/2078 1166/1221/1764 1163/1255/1764
f 1166/1221/1764 1165/1079/1764 1164/1081/1764
f 242/223/2035 1160/1284/2034 1153/1278/2079
f 1160/1284/2037 1159/1285/2036 1154/1279/2029
f 1159/1285/2036 1158/1286/1761 1155/1280/1763
f 1158/1286/1761 1157/1076/1761 1156/1078/1763
f 644/326/2080 1152/1293/4905 1145/1173/2081
f 1152/1293/2083 1151/1294/4906 1146/1175/2084
f 1151/1294/2086 1150/1295/2089 1147/1177/2087
f 1150/1295/2089 1149/1073/1758 1148/1075/1760
f 611/263/1887 1144/1193/1886 1137/1270/2090
f 1144/1193/1890 1143/1194/1889 1138/1272/2010
f 1143/1194/1892 1142/1195/1891 1139/1274/2012
f 1142/1195/1891 1141/1070/1755 1140/1072/1757
f 560/172/1930 1136/1223/1929 1124/1296/2091
f 1136/1223/1933 1135/1225/1932 1123/1297/2092
f 1135/1225/1932 1134/1227/1753 1122/1298/1754
f 1134/1227/1753 1133/1068/1753 1121/1062/1754
f 501/50/2094 1132/1166/4907 1125/1264/2095
f 1132/1166/2097 1131/1168/2100 1126/1266/2098
f 1131/1168/2100 1130/1170/1752 1127/1268/1752
f 1130/1170/1752 1129/1065/1752 1128/1067/1752
f 563/182/2101 1124/1296/2101 1117/1287/2101
f 1124/1296/2102 1123/1297/2104 1118/1288/2103
f 1123/1297/2104 1122/1298/1751 1119/1289/1751
f 1122/1298/1751 1121/1062/1751 1120/1064/1751
f 623/284/1937 1116/1229/1936 1109/1161/2105
f 1116/1229/1940 1115/1231/1939 1110/1163/2106
f 1115/1231/1943 1114/1233/1942 1111/1165/1848
f 1114/1233/1946 1113/1059/1945 1112/1061/4908
f 1777/1299/4909 1780/1303/4909 1779/1300/4909
f 1778/1302/4910 1781/1305/4910 1780/1303/4910
f 1780/1303/4911 1783/1306/4911 1782/1304/4911
f 1781/1305/2112 1784/1315/4912 1783/1306/2113
f 1430/1307/4913 1776/1301/2129 1415/1308/2131
f 1429/1310/4914 1777/1299/4914 1776/1301/4914
f 1428/1311/4915 1778/1302/4915 1777/1299/4915
f 1310/1312/4916 1406/1313/4916 1778/1302/4916
f 1406/1313/2122 1405/1314/4917 1781/1305/2123
f 1405/1314/4918 1404/1357/4918 1784/1315/4918
f 1779/1300/2126 1782/1304/4919 1413/1316/2127
f 1776/1301/4920 1779/1300/2126 1414/1317/2128
f 1786/1318/2132 1789/1322/2136 1788/1319/2133
f 1787/1321/2135 1790/1324/2140 1789/1322/2136
f 1789/1322/2137 1792/1325/4921 1791/1323/2138
f 1790/1324/2140 1793/1334/2152 1792/1325/2141
f 1373/1326/2146 1785/1320/2145 1382/1327/4922
f 1372/1329/2144 1786/1318/2148 1785/1320/2145
f 1371/1330/2147 1787/1321/2135 1786/1318/2148
f 1302/1331/2149 1379/1332/2150 1787/1321/2135
f 1379/1332/2150 1378/1333/2151 1790/1324/2140
f 1378/1333/2151 1377/1335/4923 1793/1334/2152
f 1377/1335/2153 1305/1367/4924 1392/1336/2154
f 1793/1334/2155 1392/1336/2154 1393/1337/2156
f 1792/1325/2158 1393/1337/4925 1394/1338/2159
f 1791/1323/4926 1394/1338/4926 1306/1339/4926
f 1788/1319/4927 1791/1323/4927 1380/1340/4927
f 1785/1320/4928 1788/1319/4928 1381/1341/4928
f 1795/1342/2169 1798/1346/2168 1797/1343/4929
f 1796/1345/4930 1799/1348/4930 1798/1346/4930
f 1798/1346/4931 1801/1349/4931 1800/1347/4931
f 1799/1348/2171 1802/1356/2182 1801/1349/2172
f 1775/1350/4932 1794/1344/4932 1406/1313/4932
f 1774/1351/2178 1795/1342/2177 1794/1344/4933
f 1773/1352/4934 1796/1345/4934 1795/1342/4934
f 1309/1353/4935 1374/1354/4935 1796/1345/4935
f 1374/1354/4936 1375/1355/4936 1799/1348/4936
f 1375/1355/4937 1376/2914/4937 1802/1356/4937
f 1797/1343/4938 1800/1347/4939 1404/1357/4039
f 1794/1344/4940 1797/1343/4940 1405/1314/4940
f 1804/1358/4941 1807/1362/2187 1806/1359/2189
f 1805/1361/4942 1808/1364/2190 1807/1362/2192
f 1807/1362/2187 1810/1365/4943 1809/1363/2188
f 1808/1364/2190 1811/1370/2201 1810/1365/2191
f 1394/1338/4944 1803/1360/4944 1391/1366/4944
f 1393/1337/4945 1804/1358/4945 1803/1360/4945
f 1392/1336/2198 1805/1361/2197 1804/1358/4946
f 1305/1367/4947 1388/1368/4947 1805/1361/4947
f 1388/1368/2321 1387/1369/2320 1808/1364/4948
f 1387/1369/2318 1386/1371/2317 1811/1370/4949
f 1386/1371/2202 1312/1387/2316 1422/1372/2203
f 1811/1370/4950 1422/1372/4950 1423/1373/4950
f 1810/1365/2206 1423/1373/4951 1424/1374/2207
f 1809/1363/2208 1424/1374/2207 1315/1375/4952
f 1806/1359/4953 1809/1363/4953 1389/1376/4953
f 1803/1360/4954 1806/1359/2210 1390/1377/2212
f 1813/1378/4955 1816/1382/4955 1815/1379/4955
f 1814/1381/4956 1817/1384/2217 1816/1382/2219
f 1816/1382/4957 1819/1385/4957 1818/1383/4957
f 1817/1384/2228 1820/1390/2227 1819/1385/4958
f 1424/1374/4959 1812/1380/4959 1421/1386/4959
f 1423/1373/2223 1813/1378/2223 1812/1380/4960
f 1422/1372/4961 1814/1381/4961 1813/1378/4961
f 1312/1387/4962 1412/1388/4962 1814/1381/4962
f 1412/1388/4963 1411/1389/4963 1817/1384/4963
f 1411/1389/4964 1410/1391/2229 1820/1390/2231
f 1410/1391/2229 1311/1407/2248 1425/1392/2230
f 1820/1390/2232 1425/1392/4965 1426/1393/2233
f 1819/1385/4966 1426/1393/4966 1427/1394/4966
f 1818/1383/4967 1427/1394/4967 1314/1395/4967
f 1815/1379/4968 1818/1383/4968 1419/1396/4968
f 1812/1380/4969 1815/1379/4969 1420/1397/4969
f 1822/1398/4970 1825/1402/4970 1824/1399/4970
f 1823/1401/4971 1826/1404/4971 1825/1402/4971
f 1825/1402/4972 1828/1405/4972 1827/1403/4972
f 1826/1404/4973 1829/1410/4973 1828/1405/4973
f 1427/1394/2246 1821/1400/2245 1418/1406/4974
f 1426/1393/4975 1822/1398/4975 1821/1400/4975
f 1425/1392/4976 1823/1401/4976 1822/1398/4976
f 1311/1407/3811 1409/1408/3810 1823/1401/4977
f 1409/1408/4978 1408/1409/4978 1826/1404/4978
f 1408/1409/4979 1407/1411/4979 1829/1410/4979
f 1407/1411/4980 1310/1312/2119 1428/1311/2121
f 1829/1410/4981 1428/1311/4981 1429/1310/4981
f 1828/1405/4982 1429/1310/4982 1430/1307/4982
f 1827/1403/4983 1430/1307/4983 1313/1309/4983
f 1824/1399/4984 1827/1403/4984 1416/1412/4984
f 1821/1400/4985 1824/1399/4985 1417/1413/4985
f 1831/1414/2263 1834/1418/2262 1833/1415/2265
f 1832/1417/2261 1835/1420/2276 1834/1418/2262
f 1834/1418/4986 1837/1421/4986 1836/1419/4986
f 1835/1420/2266 1838/1428/2278 1837/1421/2267
f 1763/1422/4987 1830/1416/4987 1379/1332/4987
f 1762/1423/2272 1831/1414/2258 1830/1416/2260
f 1761/1424/2274 1832/1417/2261 1831/1414/2263
f 1301/1425/2273 1383/1426/2275 1832/1417/2261
f 1383/1426/2275 1384/1427/4988 1835/1420/2276
f 1384/1427/2277 1385/1429/2279 1838/1428/2278
f 1385/1429/2279 1304/1441/4989 1764/1430/2280
f 1838/1428/4990 1764/1430/4990 1765/1431/4990
f 1837/1421/4991 1765/1431/4991 1766/1432/4991
f 1836/1419/4992 1766/1432/2298 1305/1367/2300
f 1833/1415/2286 1836/1419/2283 1377/1335/2285
f 1830/1416/4993 1833/1415/4993 1378/1333/4993
f 1840/1433/2289 1843/1437/2293 1842/1434/2290
f 1841/1436/4994 1844/1439/2295 1843/1437/2297
f 1843/1437/2297 1846/1440/2296 1845/1438/2315
f 1844/1439/2309 1847/1444/2308 1846/1440/2313
f 1766/1432/4995 1839/1435/4995 1388/1368/4995
f 1765/1431/2301 1840/1433/4996 1839/1435/2302
f 1764/1430/4997 1841/1436/4997 1840/1433/4997
f 1304/1441/4998 1395/1442/4998 1841/1436/4998
f 1395/1442/4999 1396/1443/4999 1844/1439/4999
f 1396/1443/5000 1397/1445/2310 1847/1444/2308
f 1397/1445/2310 1307/1457/2335 1767/1446/2311
f 1847/1444/2308 1767/1446/2311 1768/1447/2312
f 1846/1440/2313 1768/1447/2312 1769/1448/2331
f 1845/1438/2315 1769/1448/2314 1312/1387/5001
f 1842/1434/2290 1845/1438/2294 1386/1371/2202
f 1839/1435/2291 1842/1434/2290 1387/1369/2318
f 1849/1449/2322 1852/1453/5002 1851/1450/2323
f 1850/1452/2325 1853/1455/2329 1852/1453/2326
f 1852/1453/5003 1855/1456/5003 1854/1454/5003
f 1853/1455/2329 1856/1460/2338 1855/1456/2330
f 1769/1448/2331 1848/1451/2334 1412/1388/2332
f 1768/1447/2312 1849/1449/2327 1848/1451/2334
f 1767/1446/2311 1850/1452/2325 1849/1449/2327
f 1307/1457/2335 1398/1458/2336 1850/1452/2325
f 1398/1458/2336 1399/1459/2337 1853/1455/2329
f 1399/1459/2337 1400/1461/2339 1856/1460/2338
f 1400/1461/2339 1308/2353/3814 1770/1462/2340
f 1856/1460/2338 1770/1462/2340 1771/1463/2341
f 1855/1456/5004 1771/1463/5004 1772/1464/5004
f 1854/1454/5005 1772/1464/5005 1311/1407/5005
f 1851/1450/5006 1854/1454/5006 1410/1391/5006
f 1848/1451/5007 1851/1450/5007 1411/1389/5007
f 1857/1465/2356 1858/1468/2355 1861/1466/5008
f 1858/1468/5009 1859/1475/5009 1862/1469/5009
f 1860/1467/2348 1861/1466/5010 1864/1470/2349
f 1861/1466/2351 1862/1469/5011 1865/1472/2352
f 1509/1473/5012 1510/1474/5012 1858/1468/5012
f 1510/1474/5013 1511/1476/2358 1859/1475/2360
f 1511/1476/5014 1331/1495/5014 1628/1477/5014
f 1859/1475/5015 1628/1477/5015 1627/1478/5015
f 1862/1469/5016 1627/1478/5016 1626/1479/5016
f 1865/1472/5017 1626/1479/2641 1313/1309/2643
f 1864/1470/5018 1865/1472/5018 1415/1308/5018
f 1863/1471/5019 1864/1470/5019 1414/1317/5019
f 1866/1480/2366 1867/1483/5020 1870/1481/2367
f 1867/1483/2369 1868/1490/5021 1871/1484/2370
f 1869/1482/2372 1870/1481/5022 1873/1485/2373
f 1870/1481/2375 1871/1484/5023 1874/1487/2376
f 1521/1488/2377 1522/1489/5024 1867/1483/2378
f 1522/1489/2380 1523/1491/5025 1868/1490/2381
f 1523/1491/2383 1335/1511/2656 1631/1492/2384
f 1868/1490/2386 1631/1492/2680 1630/1493/2387
f 1871/1484/2389 1630/1493/2678 1629/1494/2390
f 1874/1487/2392 1629/1494/5026 1331/1495/2393
f 1873/1485/2373 1874/1487/2376 1511/1476/2395
f 1872/1486/2374 1873/1485/2373 1510/1474/2396
f 1875/1496/2398 1876/1499/5027 1879/1497/2399
f 1876/1499/2401 1877/1506/5028 1880/1500/2402
f 1878/1498/2404 1879/1497/5029 1882/1501/2405
f 1879/1497/2407 1880/1500/5030 1883/1503/2408
f 1533/1504/2410 1534/1505/5031 1876/1499/2410
f 1534/1505/2412 1535/1507/5032 1877/1506/2413
f 1535/1507/5033 1339/1527/2688 1634/1508/2690
f 1877/1506/2416 1634/1508/2710 1633/1509/2417
f 1880/1500/2419 1633/1509/2708 1632/1510/2420
f 1883/1503/2422 1632/1510/2706 1335/1511/2423
f 1882/1501/2425 1883/1503/5034 1523/1491/2426
f 1881/1502/2428 1882/1501/5035 1522/1489/2429
f 1884/1512/2437 1885/1515/2436 1888/1513/5036
f 1885/1515/2440 1886/1522/2439 1889/1516/5037
f 1887/1514/5038 1888/1513/5038 1891/1517/5038
f 1888/1513/5039 1889/1516/5039 1892/1519/5039
f 1542/1520/2472 1543/1521/2471 1885/1515/5040
f 1543/1521/2438 1544/1523/2470 1886/1522/2439
f 1544/1523/2469 1343/1543/2468 1637/1524/2721
f 1886/1522/2443 1637/1524/2442 1636/1525/2746
f 1889/1516/5041 1636/1525/2743 1635/1526/2743
f 1892/1519/5042 1635/1526/2740 1339/1527/2742
f 1891/1517/5043 1892/1519/5043 1535/1507/5043
f 1890/1518/5044 1891/1517/5044 1534/1505/5044
f 1893/1528/2449 1894/1531/2460 1897/1529/2450
f 1894/1531/2452 1895/1538/2462 1898/1532/2453
f 1896/1530/2451 1897/1529/2450 1900/1533/2455
f 1897/1529/2454 1898/1532/2453 1901/1535/2457
f 1554/1536/2459 1555/1537/2494 1894/1531/2460
f 1555/1537/2461 1556/1539/2463 1895/1538/2462
f 1556/1539/2492 1347/1559/2491 1640/1540/2769
f 1895/1538/2462 1640/1540/2464 1639/1541/2767
f 1898/1532/2453 1639/1541/2465 1638/1542/2765
f 1901/1535/2457 1638/1542/2466 1343/1543/5045
f 1900/1533/2458 1901/1535/2457 1544/1523/2470
f 1899/1534/2456 1900/1533/2455 1543/1521/2471
f 1902/1544/2473 1903/1547/2484 1906/1545/2474
f 1903/1547/2476 1904/1554/2486 1907/1548/2477
f 1905/1546/2475 1906/1545/2474 1909/1549/2479
f 1906/1545/2478 1907/1548/2477 1910/1551/2481
f 1566/1552/2483 1567/1553/2514 1903/1547/2484
f 1567/1553/2485 1568/1555/2487 1904/1554/2486
f 1568/1555/2487 1351/1575/2513 1643/1556/2488
f 1904/1554/2486 1643/1556/2488 1642/1557/2489
f 1907/1548/2477 1642/1557/2489 1641/1558/2490
f 1910/1551/2481 1641/1558/2490 1347/1559/2491
f 1909/1549/2482 1910/1551/2481 1556/1539/2492
f 1908/1550/2480 1909/1549/2479 1555/1537/2494
f 1911/1560/2495 1912/1563/2506 1915/1561/2496
f 1912/1563/2498 1913/1570/2508 1916/1564/2499
f 1914/1562/2497 1915/1561/2496 1918/1565/2501
f 1915/1561/2500 1916/1564/2499 1919/1567/2503
f 1578/1568/2505 1579/1569/2536 1912/1563/2506
f 1579/1569/2507 1580/1571/2509 1913/1570/2508
f 1580/1571/2534 1355/1591/2533 1646/1572/5046
f 1913/1570/2508 1646/1572/2510 1645/1573/2511
f 1916/1564/2499 1645/1573/2511 1644/1574/2822
f 1919/1567/2503 1644/1574/2512 1351/1575/5047
f 1918/1565/2504 1919/1567/2503 1568/1555/2487
f 1917/1566/2502 1918/1565/2501 1567/1553/2514
f 1920/1576/2515 1921/1579/2526 1924/1577/2516
f 1921/1579/2518 1922/1586/2528 1925/1580/2519
f 1923/1578/2517 1924/1577/2516 1927/1581/2521
f 1924/1577/2520 1925/1580/2519 1928/1583/2523
f 1590/1584/2525 1591/1585/2558 1921/1579/2526
f 1591/1585/2527 1592/1587/2529 1922/1586/2528
f 1592/1587/2556 1359/1607/2555 1649/1588/2860
f 1922/1586/2528 1649/1588/2530 1648/1589/2531
f 1925/1580/2519 1648/1589/2531 1647/1590/2532
f 1928/1583/2523 1647/1590/2532 1355/1591/2533
f 1927/1581/2524 1928/1583/2523 1580/1571/2534
f 1926/1582/2522 1927/1581/2521 1579/1569/2536
f 1929/1592/2537 1930/1595/2548 1933/1593/2538
f 1930/1595/2540 1931/1602/2550 1934/1596/2541
f 1932/1594/2539 1933/1593/2538 1936/1597/2543
f 1933/1593/2542 1934/1596/2541 1937/1599/2545
f 1602/1600/2547 1603/1601/5048 1930/1595/2548
f 1603/1601/2549 1604/1603/2551 1931/1602/2550
f 1604/1603/2551 1363/1623/2582 1652/1604/2552
f 1931/1602/2550 1652/1604/2552 1651/1605/2553
f 1934/1596/2541 1651/1605/2553 1650/1606/5049
f 1937/1599/2545 1650/1606/2554 1359/1607/2555
f 1936/1597/2546 1937/1599/2545 1592/1587/2556
f 1935/1598/2544 1936/1597/2543 1591/1585/2558
f 1938/1608/2559 1939/1611/2572 1942/1609/2560
f 1939/1611/2562 1940/1618/2574 1943/1612/2563
f 1941/1610/2565 1942/1609/5050 1945/1613/2566
f 1942/1609/2568 1943/1612/2579 1946/1615/2569
f 1614/1616/2571 1615/1617/5051 1939/1611/2572
f 1615/1617/5052 1616/1619/2575 1940/1618/2577
f 1616/1619/5053 1367/1632/2925 1655/1620/5054
f 1940/1618/2574 1655/1620/5055 1654/1621/2578
f 1943/1612/2579 1654/1621/5056 1653/1622/2580
f 1946/1615/2581 1653/1622/5057 1363/1623/2582
f 1945/1613/2583 1946/1615/2581 1604/1603/2551
f 1944/1614/2585 1945/1613/5058 1603/1601/2586
f 1947/1624/2588 1948/1627/2591 1951/1625/2589
f 1948/1627/2591 1949/1634/5059 1952/1628/2592
f 1950/1626/2590 1951/1625/2589 1954/1629/2593
f 1951/1625/2589 1952/1628/2592 1955/1631/2595
f 1367/1632/5060 1616/1619/2599 1947/1624/2601
f 1616/1619/5061 1615/1617/5061 1948/1627/5061
f 1615/1617/2602 1614/1616/5062 1949/1634/2603
f 1954/1629/2593 1955/1631/2595 1467/1635/5063
f 1954/1629/2605 1468/1636/2607 1469/1637/2608
f 1953/1630/2609 1469/1637/2608 1327/1638/2610
f 1950/1626/2590 1953/1630/2594 1656/1639/5064
f 1658/1633/2615 1947/1624/5065 1950/1626/2612
f 1956/1641/5066 1957/1644/5066 1960/1642/5066
f 1957/1644/5067 1958/1651/5067 1961/1645/5067
f 1959/1643/5068 1960/1642/5068 1963/1646/5068
f 1960/1642/2623 1961/1645/2636 1964/1648/2624
f 1331/1495/5069 1512/1649/5069 1956/1641/5069
f 1512/1649/2627 1513/1650/2630 1957/1644/2628
f 1513/1650/5070 1514/1652/5070 1958/1651/5070
f 1514/1652/5071 1332/1671/5071 1661/1653/5071
f 1958/1651/2634 1661/1653/2633 1660/1654/5072
f 1961/1645/5073 1660/1654/5073 1659/1655/5073
f 1964/1648/5074 1659/1655/5074 1314/1395/5074
f 1963/1646/5075 1964/1648/5075 1418/1406/5075
f 1962/1647/5076 1963/1646/5076 1417/1413/5076
f 1626/1479/5077 1962/1647/5077 1416/1412/5077
f 1627/1478/5078 1959/1643/2620 1962/1647/2622
f 1628/1477/5079 1956/1641/2616 1959/1643/2618
f 1965/1656/2646 1966/1659/2649 1969/1657/2647
f 1966/1659/2649 1967/1666/2666 1970/1660/2650
f 1968/1658/2651 1969/1657/2654 1972/1661/2652
f 1969/1657/2654 1970/1660/5080 1973/1663/2655
f 1335/1511/2656 1524/1664/5081 1965/1656/2657
f 1524/1664/2658 1525/1665/2661 1966/1659/2659
f 1525/1665/2661 1526/1667/5082 1967/1666/2662
f 1526/1667/2663 1336/1687/5083 1664/1668/2664
f 1967/1666/2666 1664/1668/3257 1663/1669/2667
f 1970/1660/5084 1663/1669/5084 1662/1670/5084
f 1973/1663/2669 1662/1670/2670 1332/1671/2670
f 1972/1661/2672 1973/1663/2669 1514/1652/2671
f 1971/1662/2674 1972/1661/2672 1513/1650/2673
f 1629/1494/2675 1971/1662/5085 1512/1649/2676
f 1630/1493/2678 1968/1658/5086 1971/1662/2679
f 1631/1492/2680 1965/1656/5087 1968/1658/2681
f 1974/1672/5088 1975/1675/5088 1978/1673/5088
f 1975/1675/5089 1976/1682/5089 1979/1676/5089
f 1977/1674/5090 1978/1673/2685 1981/1677/2687
f 1978/1673/5091 1979/1676/5091 1982/1679/5091
f 1339/1527/5092 1536/1680/5092 1974/1672/5092
f 1536/1680/5093 1537/1681/2692 1975/1675/2694
f 1537/1681/5094 1538/1683/2695 1976/1682/2697
f 1538/1683/5095 1340/1703/5095 1667/1684/5095
f 1976/1682/5096 1667/1684/5096 1666/1685/5096
f 1979/1676/5097 1666/1685/5097 1665/1686/5097
f 1982/1679/2700 1665/1686/5098 1336/1687/2701
f 1981/1677/2703 1982/1679/2700 1526/1667/2702
f 1980/1678/5099 1981/1677/2703 1525/1665/2704
f 1632/1510/2706 1980/1678/5100 1524/1664/2707
f 1633/1509/5101 1977/1674/5101 1980/1678/5101
f 1634/1508/5102 1974/1672/5102 1977/1674/5102
f 1983/1688/5103 1984/1691/2713 1987/1689/2715
f 1984/1691/5104 1985/1698/2727 1988/1692/2729
f 1986/1690/5105 1987/1689/2717 1990/1693/2719
f 1987/1689/5106 1988/1692/2730 1991/1695/2732
f 1343/1543/5045 1545/1696/5107 1983/1688/5108
f 1545/1696/5109 1546/1697/5110 1984/1691/5111
f 1546/1697/5112 1547/1699/2724 1985/1698/2726
f 1547/1699/5113 1344/1712/5114 1670/1700/5115
f 1985/1698/5116 1670/1700/5117 1669/1701/5118
f 1988/1692/5119 1669/1701/5120 1668/1702/5120
f 1991/1695/5121 1668/1702/5122 1340/1703/5123
f 1990/1693/5124 1991/1695/2733 1538/1683/2735
f 1989/1694/5125 1990/1693/2736 1537/1681/2738
f 1635/1526/5126 1989/1694/5126 1536/1680/5126
f 1636/1525/5127 1986/1690/5127 1989/1694/5127
f 1637/1524/2721 1983/1688/2720 1986/1690/5128
f 1992/1704/2747 1993/1707/2760 1996/1705/2748
f 1993/1707/2763 1994/1714/2762 1997/1708/2768
f 1995/1706/2749 1996/1705/2748 1999/1709/2753
f 1996/1705/2752 1997/1708/2751 2000/1711/2755
f 1344/1712/5129 1547/1699/5129 1992/1704/5129
f 1547/1699/2724 1546/1697/5112 1993/1707/5130
f 1546/1697/5110 1545/1696/5109 1994/1714/5131
f 1545/1696/5107 1343/1543/5045 1638/1542/2466
f 1994/1714/2766 1638/1542/2765 1639/1541/2465
f 1997/1708/2768 1639/1541/2767 1640/1540/2464
f 2000/1711/2755 1640/1540/2769 1347/1559/2491
f 1999/1709/2753 2000/1711/2755 1557/1715/2770
f 1998/1710/2754 1999/1709/2753 1558/1716/2772
f 1673/1718/2774 1998/1710/2778 1559/1717/2775
f 1672/1720/5132 1995/1706/5132 1998/1710/5132
f 1671/1713/5133 1992/1704/2747 1995/1706/2749
f 2001/1721/2782 2002/1724/2792 2005/1722/2783
f 2002/1724/2785 2003/1730/2793 2006/1725/2786
f 2004/1723/2784 2005/1722/2783 2008/1726/2787
f 2005/1722/2783 2006/1725/2786 2009/1728/2789
f 1348/1719/2776 1559/1717/2775 2001/1721/2790
f 1559/1717/2773 1558/1716/2772 2002/1724/2792
f 1558/1716/2771 1557/1715/2770 2003/1730/2793
f 1557/1715/2770 1347/1559/2491 1641/1558/2490
f 2003/1730/2793 1641/1558/2490 1642/1557/2489
f 2006/1725/2786 1642/1557/2489 1643/1556/2488
f 2009/1728/2789 1643/1556/2488 1351/1575/2794
f 2008/1726/2787 2009/1728/2789 1569/1731/2795
f 2007/1727/2788 2008/1726/2787 1570/1732/2797
f 1676/1734/2799 2007/1727/2803 1571/1733/2800
f 1675/1736/2802 2004/1723/2804 2007/1727/2803
f 1674/1729/2791 2001/1721/2790 2004/1723/2804
f 2010/1737/2805 2011/1740/2818 2014/1738/2806
f 2011/1740/2821 2012/1746/2820 2015/1741/2825
f 2013/1739/2807 2014/1738/2806 2017/1742/2815
f 2014/1738/2810 2015/1741/2809 2018/1744/2827
f 1352/1735/2801 1571/1733/2800 2010/1737/2816
f 1571/1733/2798 1570/1732/2797 2011/1740/2818
f 1570/1732/2796 1569/1731/2795 2012/1746/2823
f 1569/1731/2795 1351/1575/2794 1644/1574/2822
f 2012/1746/2823 1644/1574/2822 1645/1573/2511
f 2015/1741/2825 1645/1573/2824 1646/1572/5134
f 2018/1744/2827 1646/1572/2826 1355/1591/5135
f 2017/1742/2815 2018/1744/2814 1581/1747/2829
f 2016/1743/2813 2017/1742/2812 1582/1748/2831
f 1679/1750/2836 2016/1743/2835 1583/1749/5136
f 1678/1752/2838 2013/1739/2837 2016/1743/5137
f 1677/1745/2817 2010/1737/2816 2013/1739/2837
f 2019/1753/2839 2020/1756/2852 2023/1754/2840
f 2020/1756/2855 2021/1762/2854 2024/1757/2859
f 2022/1755/2841 2023/1754/2840 2026/1758/2849
f 2023/1754/2844 2024/1757/2843 2027/1760/2861
f 1356/1751/5138 1583/1749/5138 2019/1753/5138
f 1583/1749/5139 1582/1748/5139 2020/1756/5139
f 1582/1748/2831 1581/1747/2830 2021/1762/2857
f 1581/1747/2829 1355/1591/2828 1647/1590/5140
f 2021/1762/2857 1647/1590/2856 1648/1589/5141
f 2024/1757/2859 1648/1589/2858 1649/1588/5142
f 2027/1760/2861 1649/1588/2860 1359/1607/2555
f 2026/1758/2849 2027/1760/2848 1593/1763/2863
f 2025/1759/2847 2026/1758/2846 1594/1764/2865
f 1682/1766/2874 2025/1759/2873 1595/1765/5143
f 1681/1768/2877 2022/1755/2876 2025/1759/5144
f 1680/1761/5145 2019/1753/5145 2022/1755/5145
f 2028/1769/2890 2029/1772/2881 2032/1770/2879
f 2029/1772/2892 2030/1778/2891 2033/1773/2882
f 2031/1771/2880 2032/1770/2879 2035/1774/2883
f 2032/1770/2879 2033/1773/2882 2036/1776/2885
f 1360/1767/2871 1595/1765/2870 2028/1769/5146
f 1595/1765/2868 1594/1764/2867 2029/1772/2892
f 1594/1764/2865 1593/1763/2864 2030/1778/2894
f 1593/1763/2863 1359/1607/2862 1650/1606/5147
f 2030/1778/2894 1650/1606/2893 1651/1605/5148
f 2033/1773/2882 1651/1605/2895 1652/1604/2896
f 2036/1776/2885 1652/1604/5149 1363/1623/2897
f 2035/1774/2883 2036/1776/2885 1605/1779/2898
f 2034/1775/2884 2035/1774/2883 1606/1780/2899
f 1685/1782/2901 2034/1775/2884 1607/1781/2900
f 1684/1784/2903 2031/1771/2904 2034/1775/2884
f 1683/1777/2888 2028/1769/2887 2031/1771/2904
f 2037/1785/2905 2038/1788/2908 2041/1786/2906
f 2038/1788/2908 2039/1794/2920 2042/1789/2909
f 2040/1787/2910 2041/1786/2913 2044/1790/2911
f 2041/1786/2913 2042/1789/2922 2045/1792/2914
f 1364/1783/2902 1607/1781/2900 2037/1785/2915
f 1607/1781/2900 1606/1780/2899 2038/1788/2917
f 1606/1780/2899 1605/1779/2898 2039/1794/2918
f 1605/1779/2898 1363/1623/5150 1653/1622/2919
f 2039/1794/2920 1653/1622/5151 1654/1621/2921
f 2042/1789/2922 1654/1621/5152 1655/1620/2923
f 2045/1792/2924 1655/1620/5054 1367/1632/2925
f 2044/1790/2927 2045/1792/2924 1617/1795/2926
f 2043/1791/2929 2044/1790/2927 1618/1796/2928
f 1688/1798/2930 2043/1791/2929 1619/1797/2930
f 1687/1800/2932 2040/1787/2910 2043/1791/2912
f 1686/1793/2934 2037/1785/2905 2040/1787/2907
f 2046/1801/2936 2047/1805/2940 2050/1802/2937
f 2048/1804/2939 2051/1808/2943 2050/1802/2937
f 2049/1803/2938 2050/1802/2937 2053/1806/2941
f 2051/1808/2943 2054/1814/2955 2053/1806/2941
f 1328/1809/5153 1689/1811/5153 2046/1801/5153
f 1689/1811/2945 1690/1813/2947 2047/1805/2940
f 1691/1812/2946 2048/1804/2949 2047/1805/2940
f 1368/1799/2948 1619/1797/2950 2048/1804/2949
f 1619/1797/2950 1618/1796/2952 2051/1808/2951
f 1618/1796/2952 1617/1795/2954 2054/1814/2953
f 1617/1795/2954 1367/1632/2596 1658/1633/2598
f 2054/1814/2955 1658/1633/2615 1657/1640/2614
f 2052/1807/2942 2053/1806/2941 1657/1640/2614
f 1470/1815/2956 2052/1807/2958 1656/1639/2611
f 1471/1816/5154 2049/1803/5154 2052/1807/5154
f 1472/1810/5155 2046/1801/5155 2049/1803/5155
f 2055/1817/2960 2056/1820/2963 2059/1818/2965
f 2056/1820/5156 2057/1829/2974 2060/1821/2964
f 2058/1819/5157 2059/1818/2965 2062/1822/2967
f 2059/1818/2965 2060/1821/2964 2063/1824/2969
f 1329/1825/2970 1692/1827/2972 2055/1817/2960
f 1692/1827/2972 1693/1828/2973 2056/1820/2963
f 1693/1828/2973 1694/1831/2976 2057/1829/2974
f 1369/1830/2975 1622/1832/2977 2057/1829/2974
f 1622/1832/2977 1621/1833/2978 2060/1821/2964
f 1621/1833/2978 1620/1834/2979 2063/1824/2969
f 1620/1834/2979 1368/1799/2948 1691/1812/2946
f 2063/1824/2969 1691/1812/2946 1690/1813/2947
f 2061/1823/2968 2062/1822/2967 1690/1813/2947
f 1473/1835/2980 2061/1823/2984 1689/1811/2981
f 1474/1836/2983 2058/1819/2962 2061/1823/2984
f 1475/1826/2971 2055/1817/2960 2058/1819/2962
f 2064/1837/2985 2065/1840/2988 2068/1838/2986
f 2065/1840/2988 2066/1849/3004 2069/1841/2989
f 2067/1839/2990 2068/1838/2993 2071/1842/2991
f 2068/1838/2993 2069/1841/3005 2072/1844/2994
f 1365/1845/2995 1610/1847/3037 2064/1837/2985
f 1610/1847/2997 1609/1848/3035 2065/1840/2998
f 1609/1848/3000 1608/1850/3003 2066/1849/3001
f 1608/1850/3003 1364/1783/2902 1686/1793/2916
f 2066/1849/3004 1686/1793/2934 1687/1800/2935
f 2069/1841/3005 1687/1800/2932 1688/1798/2933
f 2072/1844/3006 1688/1798/2930 1368/1799/2931
f 2071/1842/3008 2072/1844/3006 1620/1834/3007
f 2070/1843/3010 2071/1842/3008 1621/1833/3009
f 1700/1851/3012 2070/1843/2992 1622/1832/2977
f 1699/1852/3013 2067/1839/2990 2070/1843/2992
f 1698/1846/2996 2064/1837/2985 2067/1839/2987
f 2073/1853/3015 2074/1856/3029 2077/1854/3016
f 2074/1856/3018 2075/1865/3031 2078/1857/3019
f 2076/1855/3017 2077/1854/3016 2080/1858/3021
f 2077/1854/3020 2078/1857/3019 2081/1860/3023
f 1361/1861/3025 1598/1863/3070 2073/1853/3026
f 1598/1863/3068 1597/1864/3067 2074/1856/5158
f 1597/1864/3065 1596/1866/3064 2075/1865/5159
f 1596/1866/3032 1360/1767/3062 1683/1777/3033
f 2075/1865/3034 1683/1777/3033 1684/1784/2903
f 2078/1857/3019 1684/1784/2903 1685/1782/2901
f 2081/1860/3023 1685/1782/2901 1364/1783/2902
f 2080/1858/3024 2081/1860/3023 1608/1850/3003
f 2079/1859/3022 2080/1858/3021 1609/1848/3035
f 1697/1867/3036 2079/1859/3039 1610/1847/3037
f 1696/1868/3038 2076/1855/3040 2079/1859/3039
f 1695/1862/3027 2073/1853/3026 2076/1855/3040
f 2082/1869/3054 2083/1872/3053 2086/1870/5160
f 2083/1872/5161 2084/1881/5161 2087/1873/5161
f 2085/1871/5162 2086/1870/5162 2089/1874/5162
f 2086/1870/5163 2087/1873/5163 2090/1876/5163
f 1357/1877/3049 1586/1879/3098 2082/1869/3050
f 1586/1879/3096 1585/1880/3095 2083/1872/5164
f 1585/1880/3094 1584/1882/3093 2084/1881/5165
f 1584/1882/5166 1356/1751/5166 1680/1761/5166
f 2084/1881/5167 1680/1761/5167 1681/1768/5167
f 2087/1873/5168 1681/1768/5168 1682/1766/5168
f 2090/1876/3060 1682/1766/3059 1360/1767/5169
f 2089/1874/3048 2090/1876/3047 1596/1866/5170
f 2088/1875/3045 2089/1874/3044 1597/1864/5171
f 1703/1883/3069 2088/1875/3072 1598/1863/3070
f 1702/1884/3074 2085/1871/3073 2088/1875/5172
f 1701/1878/3051 2082/1869/3050 2085/1871/3073
f 2091/1885/3075 2092/1888/3078 2095/1886/3076
f 2092/1888/3078 2093/1897/3087 2096/1889/3079
f 2094/1887/3077 2095/1886/3076 2098/1890/3080
f 2095/1886/3076 2096/1889/3079 2099/1892/3082
f 1353/1893/3129 1574/1895/3085 2091/1885/3075
f 1574/1895/3085 1573/1896/3086 2092/1888/3078
f 1573/1896/3086 1572/1898/3088 2093/1897/3087
f 1572/1898/3088 1352/1735/3126 1677/1745/2817
f 2093/1897/3087 1677/1745/2817 1678/1752/2838
f 2096/1889/3079 1678/1752/3089 1679/1750/3090
f 2099/1892/3091 1679/1750/3090 1356/1751/5173
f 2098/1890/3080 2099/1892/3082 1584/1882/3093
f 2097/1891/3081 2098/1890/3080 1585/1880/3095
f 1709/1899/3100 2097/1891/3081 1586/1879/3096
f 1708/1900/3102 2094/1887/3077 2097/1891/3081
f 1707/1894/3084 2091/1885/3075 2094/1887/3077
f 2100/1901/3117 2101/1904/3116 2104/1902/5174
f 2101/1904/3120 2102/1913/3119 2105/1905/3124
f 2103/1903/3105 2104/1902/3104 2107/1906/3109
f 2104/1902/3104 2105/1905/3107 2108/1908/3111
f 1349/1909/5175 1562/1911/5175 2100/1901/5175
f 1562/1911/5176 1561/1912/5176 2101/1904/5176
f 1561/1912/3118 1560/1914/3121 2102/1913/3119
f 1560/1914/3121 1348/1719/3164 1674/1729/3122
f 2102/1913/3119 1674/1729/3122 1675/1736/3123
f 2105/1905/3124 1675/1736/3123 1676/1734/5177
f 2108/1908/3111 1676/1734/3125 1352/1735/3126
f 2107/1906/3109 2108/1908/3111 1572/1898/3088
f 2106/1907/3110 2107/1906/3109 1573/1896/3086
f 1706/1915/3131 2106/1907/3127 1574/1895/3085
f 1705/1916/3134 2103/1903/3133 2106/1907/5178
f 1704/1910/3114 2100/1901/3113 2103/1903/5179
f 2109/1917/5180 2110/1920/5180 2113/1918/5180
f 2110/1920/5181 2111/1929/3157 2114/1921/3159
f 2112/1919/5182 2113/1918/3142 2116/1922/3144
f 2113/1918/5183 2114/1921/3160 2117/1924/3162
f 1345/1925/5184 1550/1927/3148 2109/1917/3150
f 1550/1927/5185 1549/1928/3151 2110/1920/3153
f 1549/1928/5186 1548/1930/3154 2111/1929/3156
f 1548/1930/5187 1344/1712/2756 1671/1713/2758
f 2111/1929/5188 1671/1713/2779 1672/1720/2781
f 2114/1921/3159 1672/1720/3158 1673/1718/5189
f 2117/1924/3163 1673/1718/5190 1348/1719/3164
f 2116/1922/5191 2117/1924/5191 1560/1914/5191
f 2115/1923/3168 2116/1922/3165 1561/1912/3167
f 1712/1931/5192 2115/1923/3168 1562/1911/3169
f 1711/1932/5193 2112/1919/3139 2115/1923/3141
f 1710/1926/5194 2109/1917/3135 2112/1919/3137
f 2118/1933/5195 2119/1936/3182 2122/1934/3184
f 2119/1936/5196 2120/1945/3195 2123/1937/3197
f 2121/1935/5197 2122/1934/3186 2125/1938/3188
f 2122/1934/5198 2123/1937/3198 2126/1940/3200
f 1341/1941/5199 1541/1943/3190 2118/1933/3192
f 1541/1943/5200 1540/1944/5200 2119/1936/5200
f 1540/1944/5201 1539/1946/5201 2120/1945/5201
f 1539/1946/5202 1340/1703/5123 1668/1702/5122
f 2120/1945/5203 1668/1702/5120 1669/1701/5120
f 2123/1937/5204 1669/1701/5118 1670/1700/5117
f 2126/1940/5116 1670/1700/5115 1344/1712/5114
f 2125/1938/5205 2126/1940/3201 1548/1930/3203
f 2124/1939/5206 2125/1938/3204 1549/1928/3206
f 1715/1947/5207 2124/1939/3207 1550/1927/3209
f 1714/1948/3215 2121/1935/3181 2124/1939/5208
f 1713/1942/3214 2118/1933/3179 2121/1935/3181
f 2127/1949/5209 2128/1952/5209 2131/1950/5209
f 2128/1952/5210 2129/1961/5210 2132/1953/5210
f 2130/1951/5211 2131/1950/5211 2134/1954/5211
f 2131/1950/5212 2132/1953/5212 2135/1956/5212
f 1337/1957/5213 1529/1959/5213 2127/1949/5213
f 1529/1959/5214 1528/1960/5214 2128/1952/5214
f 1528/1960/5215 1527/1962/5215 2129/1961/5215
f 1527/1962/5216 1336/1687/5216 1665/1686/5216
f 2129/1961/5217 1665/1686/5217 1666/1685/5217
f 2132/1953/5218 1666/1685/5218 1667/1684/5218
f 2135/1956/5219 1667/1684/5219 1340/1703/5219
f 2134/1954/5220 2135/1956/5220 1539/1946/5220
f 2133/1955/5221 2134/1954/5221 1540/1944/5221
f 1718/1963/5222 2133/1955/3230 1541/1943/3232
f 1717/1964/5223 2130/1951/3219 2133/1955/3219
f 1716/1958/5224 2127/1949/3216 2130/1951/3216
f 2136/1965/3236 2137/1968/5225 2140/1966/3237
f 2137/1968/3239 2138/1977/3253 2141/1969/3240
f 2139/1967/5226 2140/1966/5226 2143/1970/5226
f 2140/1966/3245 2141/1969/5227 2144/1972/3246
f 1333/1973/5228 1517/1975/3249 2136/1965/3251
f 1517/1975/3287 1516/1976/3286 2137/1968/5229
f 1516/1976/5230 1515/1978/5230 2138/1977/5230
f 1515/1978/5231 1332/1671/5231 1662/1670/5231
f 2138/1977/5232 1662/1670/5232 1663/1669/5232
f 2141/1969/3256 1663/1669/2667 1664/1668/3257
f 2144/1972/3259 1664/1668/5233 1336/1687/3260
f 2143/1970/5234 2144/1972/5234 1527/1962/5234
f 2142/1971/5235 2143/1970/5235 1528/1960/5235
f 1721/1979/5236 2142/1971/5236 1529/1959/5236
f 1720/1980/3265 2139/1967/3242 2142/1971/3244
f 1719/1974/5237 2136/1965/5237 2139/1967/5237
f 2145/1981/5238 2146/1984/5238 2149/1982/5238
f 2146/1984/5239 2147/1990/5239 2150/1985/5239
f 2148/1983/5240 2149/1982/5240 2152/1986/5240
f 2149/1982/3271 2150/1985/5241 2153/1988/3272
f 1315/1375/5242 1421/1386/5242 2145/1981/5242
f 1421/1386/5243 1420/1397/5243 2146/1984/5243
f 1420/1397/5244 1419/1396/5244 2147/1990/5244
f 1419/1396/5245 1314/1395/5245 1659/1655/5245
f 2147/1990/5246 1659/1655/5246 1660/1654/5246
f 2150/1985/5247 1660/1654/5247 1661/1653/5247
f 2153/1988/3281 1661/1653/3280 1332/1671/3282
f 2152/1986/3273 2153/1988/3272 1515/1978/5248
f 2151/1987/5249 2152/1986/5249 1516/1976/5249
f 1724/1991/5250 2151/1987/5250 1517/1975/5250
f 1723/1992/5251 2148/1983/5251 2151/1987/5251
f 1722/1989/5252 2145/1981/5252 2148/1983/5252
f 2154/1993/5253 2155/1996/5253 2158/1994/5253
f 2155/1996/5254 2156/2002/3303 2159/1997/3305
f 2157/1995/5255 2158/1994/5255 2161/1998/5255
f 2158/1994/5256 2159/1997/5256 2162/2000/5256
f 1306/1339/5257 1391/1366/5257 2154/1993/5257
f 1391/1366/5258 1390/1377/5258 2155/1996/5258
f 1390/1377/5259 1389/1376/5259 2156/2002/5259
f 1389/1376/5260 1315/1375/5260 1722/1989/5260
f 2156/2002/5261 1722/1989/5261 1723/1992/5261
f 2159/1997/5262 1723/1992/3291 1724/1991/3293
f 2162/2000/5263 1724/1991/3288 1333/1973/3290
f 2161/1998/5264 2162/2000/5264 1518/2003/5264
f 2160/1999/5265 2161/1998/5265 1519/2004/5265
f 1727/2006/5266 2160/1999/5266 1520/2005/5266
f 1726/2008/3311 2157/1995/5267 2160/1999/3312
f 1725/2001/5268 2154/1993/5268 2157/1995/5268
f 2163/2009/5269 2164/2012/5269 2167/2010/5269
f 2164/2012/5270 2165/2018/5270 2168/2013/5270
f 2166/2011/5271 2167/2010/5271 2170/2014/5271
f 2167/2010/5272 2168/2013/5272 2171/2016/5272
f 1334/2007/5273 1520/2005/5273 2163/2009/5273
f 1520/2005/5274 1519/2004/5274 2164/2012/5274
f 1519/2004/3323 1518/2003/5275 2165/2018/3324
f 1518/2003/5276 1333/1973/5276 1719/1974/5276
f 2165/2018/3327 1719/1974/5277 1720/1980/3327
f 2168/2013/3329 1720/1980/5278 1721/1979/3330
f 2171/2016/3331 1721/1979/3330 1337/1957/5279
f 2170/2014/5280 2171/2016/5280 1530/2019/5280
f 2169/2015/3319 2170/2014/3318 1531/2020/5281
f 1730/2022/3338 2169/2015/3337 1532/2021/5282
f 1729/2024/3336 2166/2011/5283 2169/2015/3337
f 1728/2017/3339 2163/2009/5284 2166/2011/3340
f 2173/2025/3342 2176/2029/3346 2175/2026/3343
f 2174/2028/3345 2177/2031/3360 2176/2029/3346
f 2176/2029/3346 2179/2032/3349 2178/2030/3347
f 2177/2031/3348 2180/2041/3362 2179/2032/3349
f 1457/2033/3350 2172/2027/3354 1487/2034/3351
f 1456/2036/3353 2173/2025/3356 2172/2027/3354
f 1455/2037/3355 2174/2028/3358 2173/2025/3356
f 1323/2038/3357 1490/2039/3382 2174/2028/3358
f 1490/2039/3359 1489/2040/3398 2177/2031/3360
f 1489/2040/3361 1488/2042/3397 2180/2041/3362
f 1488/2042/3363 1358/2068/3396 1746/2043/3364
f 2180/2041/3362 1746/2043/3364 1747/2044/3365
f 2179/2032/3349 1747/2044/3365 1748/2045/3366
f 2178/2030/3347 1748/2045/3366 1362/2046/3367
f 2175/2026/3343 2178/2030/3347 1485/2047/3369
f 2172/2027/3344 2175/2026/3343 1486/2048/3371
f 2182/2049/3373 2185/2053/3377 2184/2050/3374
f 2183/2052/3376 2186/2055/3389 2185/2053/3377
f 2185/2053/3377 2188/2056/3380 2187/2054/3378
f 2186/2055/3379 2189/2063/3391 2188/2056/3380
f 1454/2057/3381 2181/2051/3384 1490/2039/3382
f 1453/2058/3383 2182/2049/3386 2181/2051/3384
f 1452/2059/5285 2183/2052/5285 2182/2049/5285
f 1322/2060/5286 1493/2061/5286 2183/2052/5286
f 1493/2061/5287 1492/2062/5287 2186/2055/5287
f 1492/2062/3419 1491/2064/3418 2189/2063/5288
f 1491/2064/3416 1354/2088/3415 1743/2065/3393
f 2189/2063/3391 1743/2065/3393 1744/2066/3394
f 2188/2056/3380 1744/2066/3394 1745/2067/3395
f 2187/2054/3378 1745/2067/3395 1358/2068/3396
f 2184/2050/3374 2187/2054/3378 1488/2042/3397
f 2181/2051/3375 2184/2050/3374 1489/2040/3398
f 2191/2069/5289 2194/2073/5289 2193/2070/5289
f 2192/2072/5290 2195/2075/5290 2194/2073/5290
f 2194/2073/5291 2197/2076/5291 2196/2074/5291
f 2195/2075/5292 2198/2083/5292 2197/2076/5292
f 1451/2077/5293 2190/2071/5293 1493/2061/5293
f 1450/2078/5294 2191/2069/5294 2190/2071/5294
f 1449/2079/5295 2192/2072/5295 2191/2069/5295
f 1321/2080/5296 1496/2081/5296 2192/2072/5296
f 1496/2081/5297 1495/2082/5297 2195/2075/5297
f 1495/2082/5298 1494/2084/5298 2198/2083/5298
f 1494/2084/5299 1350/2108/5299 1740/2085/5299
f 2198/2083/5300 1740/2085/5300 1741/2086/5300
f 2197/2076/5301 1741/2086/5301 1742/2087/5301
f 2196/2074/3413 1742/2087/3412 1354/2088/5302
f 2193/2070/5303 2196/2074/5303 1491/2064/5303
f 2190/2071/5304 2193/2070/5304 1492/2062/5304
f 2200/2089/5305 2203/2093/5305 2202/2090/5305
f 2201/2092/5306 2204/2095/5306 2203/2093/5306
f 2203/2093/5307 2206/2096/5307 2205/2094/5307
f 2204/2095/5308 2207/2103/5308 2206/2096/5308
f 1448/2097/5309 2199/2091/5309 1496/2081/5309
f 1447/2098/5310 2200/2089/5310 2199/2091/5310
f 1446/2099/5311 2201/2092/5311 2200/2089/5311
f 1320/2100/5312 1499/2101/5312 2201/2092/5312
f 1499/2101/5313 1498/2102/5313 2204/2095/5313
f 1498/2102/5314 1497/2104/5314 2207/2103/5314
f 1497/2104/5315 1346/2128/5315 1737/2105/5315
f 2207/2103/5316 1737/2105/5316 1738/2106/5316
f 2206/2096/5317 1738/2106/5317 1739/2107/5317
f 2205/2094/5318 1739/2107/5318 1350/2108/5318
f 2202/2090/5319 2205/2094/5319 1494/2084/5319
f 2199/2091/5320 2202/2090/5320 1495/2082/5320
f 2209/2109/5321 2212/2113/5321 2211/2110/5321
f 2210/2112/5322 2213/2115/5322 2212/2113/5322
f 2212/2113/5323 2215/2116/5323 2214/2114/5323
f 2213/2115/5324 2216/2123/5324 2215/2116/5324
f 1445/2117/5325 2208/2111/5325 1499/2101/5325
f 1444/2118/5326 2209/2109/5326 2208/2111/5326
f 1443/2119/5327 2210/2112/3438 2209/2109/3440
f 1319/2120/5328 1502/2121/5328 2210/2112/5328
f 1502/2121/5329 1501/2122/5329 2213/2115/5329
f 1501/2122/5330 1500/2124/5330 2216/2123/5330
f 1500/2124/5331 1342/2148/5331 1734/2125/5331
f 2216/2123/3452 1734/2125/5332 1735/2126/3453
f 2215/2116/3454 1735/2126/3453 1736/2127/3455
f 2214/2114/5333 1736/2127/5333 1346/2128/5333
f 2211/2110/3443 2214/2114/3442 1497/2104/5334
f 2208/2111/5335 2211/2110/5335 1498/2102/5335
f 2218/2129/5336 2221/2133/5336 2220/2130/5336
f 2219/2132/3461 2222/2135/3476 2221/2133/3462
f 2221/2133/5337 2224/2136/5337 2223/2134/5337
f 2222/2135/3464 2225/2143/3478 2224/2136/3465
f 1442/2137/5338 2217/2131/5338 1502/2121/5338
f 1441/2138/3468 2218/2129/5339 2217/2131/3469
f 1440/2139/5340 2219/2132/5340 2218/2129/5340
f 1318/2140/3472 1505/2141/3719 2219/2132/3473
f 1505/2141/3475 1504/2142/3737 2222/2135/3476
f 1504/2142/5341 1503/2144/5341 2225/2143/5341
f 1503/2144/3479 1338/2023/5342 1731/2145/3480
f 2225/2143/5343 1731/2145/5343 1732/2146/5343
f 2224/2136/5344 1732/2146/5344 1733/2147/5344
f 2223/2134/5345 1733/2147/5345 1342/2148/5345
f 2220/2130/5346 2223/2134/5346 1500/2124/5346
f 2217/2131/3486 2220/2130/5347 1501/2122/3487
f 2226/2149/3489 2227/2152/3492 2230/2150/3490
f 2227/2152/3492 2228/2161/3498 2231/2153/3493
f 2229/2151/3491 2230/2150/3490 2233/2154/3494
f 2230/2150/3490 2231/2153/3493 2234/2156/3495
f 1330/2157/2970 1755/2159/3496 2226/2149/3489
f 1755/2159/3496 1756/2160/3497 2227/2152/3492
f 1756/2160/3497 1757/2163/3500 2228/2161/3498
f 1370/2162/3499 1625/2164/3501 2228/2161/3498
f 1625/2164/3501 1624/2165/3502 2231/2153/3493
f 1624/2165/3502 1623/2166/3503 2234/2156/3495
f 1623/2166/3503 1369/1830/2975 1694/1831/2976
f 2233/2154/3494 2234/2156/3495 1694/1831/2976
f 2232/2155/3491 2233/2154/3494 1693/1828/2973
f 1476/2167/2970 2232/2155/3491 1692/1827/2972
f 1477/2168/2970 2229/2151/3491 2232/2155/3491
f 1478/2158/2970 2226/2149/3489 2229/2151/3491
f 2236/2169/3504 2239/2173/3508 2238/2170/3505
f 2237/2172/3507 2240/2175/3510 2239/2173/3508
f 2239/2173/3508 2242/2176/3511 2241/2174/3509
f 2240/2175/3510 2243/2182/3517 2242/2176/3511
f 1326/2177/3512 1481/2179/3514 2235/2171/3506
f 1481/2179/3514 1480/2180/3515 2236/2169/3504
f 1480/2180/3515 1479/2181/3516 2237/2172/3507
f 1479/2181/3516 1370/2162/3499 1757/2163/3500
f 1757/2163/3500 1756/2160/3497 2240/2175/3510
f 1756/2160/3497 1755/2159/3496 2243/2182/3517
f 1755/2159/3496 1330/2157/2970 1464/2183/3518
f 2243/2182/3517 1464/2183/3518 1465/2184/3518
f 2242/2176/3511 1465/2184/3518 1466/2185/3518
f 2241/2174/3509 1466/2185/3518 1316/2186/3518
f 2238/2170/3505 2241/2174/3509 1433/2187/3519
f 2235/2171/3506 2238/2170/3505 1432/2188/3520
f 2244/2189/3521 2245/2192/3524 2248/2190/3522
f 2245/2192/3524 2246/2201/3533 2249/2193/3525
f 2247/2191/3523 2248/2190/3522 2251/2194/3526
f 2248/2190/3522 2249/2193/3525 2252/2196/3528
f 1366/2197/3529 1613/2199/3531 2244/2189/3521
f 1613/2199/3531 1612/2200/3532 2245/2192/3524
f 1612/2200/3532 1611/2202/3534 2246/2201/3533
f 1611/2202/3534 1365/1845/3559 1698/1846/3535
f 2246/2201/3533 1698/1846/3535 1699/1852/3536
f 2249/2193/3525 1699/1852/3536 1700/1851/3537
f 2252/2196/3528 1700/1851/3537 1369/1830/2975
f 2251/2194/3526 2252/2196/3528 1623/2166/3503
f 2250/2195/3527 2251/2194/3526 1624/2165/3502
f 1754/2203/3538 2250/2195/3527 1625/2164/3501
f 1753/2204/3539 2247/2191/3523 2250/2195/3527
f 1752/2198/3530 2244/2189/3521 2247/2191/3523
f 2253/2205/3551 2254/2208/3543 2257/2206/3541
f 2254/2208/3554 2255/2216/3553 2258/2209/3544
f 2256/2207/3542 2257/2206/3541 2260/2210/3545
f 2257/2206/3541 2258/2209/3544 2261/2212/3547
f 1362/2046/3367 1601/2214/3550 2253/2205/3551
f 1601/2214/3585 1600/2215/3552 2254/2208/3554
f 1600/2215/3583 1599/2217/3555 2255/2216/3553
f 1599/2217/3582 1361/1861/3581 1695/1862/5348
f 2255/2216/3553 1695/1862/3556 1696/1868/3557
f 2258/2209/3544 1696/1868/3557 1697/1867/3558
f 2261/2212/3547 1697/1867/3558 1365/1845/3559
f 2260/2210/3545 2261/2212/3547 1611/2202/3534
f 2259/2211/3546 2260/2210/3545 1612/2200/3532
f 1751/2218/3560 2259/2211/3546 1613/2199/3531
f 1750/2219/3562 2256/2207/3542 2259/2211/3546
f 1749/2213/3549 2253/2205/3540 2256/2207/3542
f 2262/2220/3563 2263/2223/3573 2266/2221/3564
f 2263/2223/3566 2264/2230/3575 2267/2224/3567
f 2265/2222/3565 2266/2221/3564 2269/2225/3568
f 2266/2221/3564 2267/2224/3567 2270/2227/3570
f 1358/2068/3396 1589/2228/3609 2262/2220/3571
f 1589/2228/3572 1588/2229/3608 2263/2223/3573
f 1588/2229/3574 1587/2231/3607 2264/2230/3575
f 1587/2231/3576 1357/1877/3606 1701/1878/3577
f 2264/2230/3578 1701/1878/3577 1702/1884/5349
f 2267/2224/3567 1702/1884/3579 1703/1883/3580
f 2270/2227/3570 1703/1883/3580 1361/1861/3581
f 2269/2225/3568 2270/2227/3570 1599/2217/3582
f 2268/2226/3569 2269/2225/3568 1600/2215/3583
f 1748/2045/3366 2268/2226/3586 1601/2214/5350
f 1747/2044/3365 2265/2222/3587 2268/2226/3586
f 1746/2043/3364 2262/2220/3571 2265/2222/3587
f 2271/2232/3598 2272/2235/3591 2275/2233/3589
f 2272/2235/3601 2273/2242/3600 2276/2236/3604
f 2274/2234/3590 2275/2233/3589 2278/2237/3593
f 2275/2233/3589 2276/2236/3592 2279/2239/3595
f 1354/2088/3641 1577/2240/3640 2271/2232/5351
f 1577/2240/3638 1576/2241/3599 2272/2235/3601
f 1576/2241/3636 1575/2243/3602 2273/2242/3603
f 1575/2243/3635 1353/1893/3083 1707/1894/3084
f 2273/2242/3603 1707/1894/3101 1708/1900/3102
f 2276/2236/3604 1708/1900/3099 1709/1899/3100
f 2279/2239/3595 1709/1899/3097 1357/1877/3049
f 2278/2237/3593 2279/2239/3595 1587/2231/3607
f 2277/2238/3594 2278/2237/3593 1588/2229/3608
f 1745/2067/3395 2277/2238/3610 1589/2228/3609
f 1744/2066/3394 2274/2234/3611 2277/2238/3610
f 1743/2065/3393 2271/2232/3596 2274/2234/3611
f 2280/2244/5352 2281/2247/5352 2284/2245/5352
f 2281/2247/3628 2282/2254/3628 2285/2248/3628
f 2283/2246/3614 2284/2245/3613 2287/2249/5353
f 2284/2245/3617 2285/2248/3616 2288/2251/3634
f 1350/2108/5354 1565/2252/5354 2280/2244/5354
f 1565/2252/5355 1564/2253/5355 2281/2247/5355
f 1564/2253/5356 1563/2255/3627 2282/2254/3629
f 1563/2255/5357 1349/1909/3112 1704/1910/3114
f 2282/2254/5358 1704/1910/5358 1705/1916/5358
f 2285/2248/3632 1705/1916/3631 1706/1915/5359
f 2288/2251/3634 1706/1915/3633 1353/1893/5360
f 2287/2249/3623 2288/2251/3622 1575/2243/3635
f 2286/2250/3620 2287/2249/3619 1576/2241/3636
f 1742/2087/3644 2286/2250/3643 1577/2240/5361
f 1741/2086/5362 2283/2246/5362 2286/2250/5362
f 1740/2085/5363 2280/2244/5363 2283/2246/5363
f 2289/2256/5364 2290/2259/5364 2293/2257/5364
f 2290/2259/5365 2291/2266/5365 2294/2260/5365
f 2292/2258/5366 2293/2257/5366 2296/2261/5366
f 2293/2257/5367 2294/2260/5367 2297/2263/5367
f 1346/2128/5368 1553/2264/5368 2289/2256/5368
f 1553/2264/5369 1552/2265/3652 2290/2259/3654
f 1552/2265/5370 1551/2267/5370 2291/2266/5370
f 1551/2267/5371 1345/1925/3145 1710/1926/3147
f 2291/2266/5372 1710/1926/3176 1711/1932/3178
f 2294/2260/5373 1711/1932/3173 1712/1931/3175
f 2297/2263/5374 1712/1931/3170 1349/1909/3172
f 2296/2261/5375 2297/2263/5375 1563/2255/5375
f 2295/2262/5376 2296/2261/5376 1564/2253/5376
f 1739/2107/5377 2295/2262/5377 1565/2252/5377
f 1738/2106/5378 2292/2258/5378 2295/2262/5378
f 1737/2105/5379 2289/2256/5379 2292/2258/5379
f 2299/2268/3664 2302/2272/5380 2301/2269/3665
f 2300/2271/3667 2303/2274/5381 2302/2272/3668
f 2302/2272/5382 2305/2275/5382 2304/2273/5382
f 2303/2274/5383 2306/2278/5383 2305/2275/5383
f 1736/2127/3672 2298/2270/3692 1553/2264/3673
f 1735/2126/5384 2299/2268/3664 2298/2270/3666
f 1734/2125/3679 2300/2271/3678 2299/2268/5385
f 1342/2148/5386 1760/2276/5386 2300/2271/5386
f 1760/2276/3680 1759/2277/3683 2303/2274/3681
f 1759/2277/5387 1758/2279/5387 2306/2278/5387
f 1758/2279/5388 1341/1941/5388 1713/1942/5388
f 2306/2278/5389 1713/1942/5389 1714/1948/5389
f 2305/2275/5390 1714/1948/5390 1715/1947/5390
f 2304/2273/5391 1715/1947/3210 1345/1925/3212
f 2301/2269/5392 2304/2273/3688 1551/2267/3690
f 2298/2270/5393 2301/2269/5393 1552/2265/5393
f 2307/2280/5394 2308/2283/5394 2311/2281/5394
f 2308/2283/3695 2309/2288/5395 2312/2284/3696
f 2310/2282/5396 2311/2281/5396 2314/2285/5396
f 2311/2281/5397 2312/2284/5397 2315/2287/5397
f 1338/2023/5398 1532/2021/5398 2307/2280/5398
f 1532/2021/5399 1531/2020/5399 2308/2283/5399
f 1531/2020/5400 1530/2019/5400 2309/2288/5400
f 1530/2019/5401 1337/1957/5401 1716/1958/5401
f 2309/2288/5402 1716/1958/5402 1717/1964/5402
f 2312/2284/5403 1717/1964/5403 1718/1963/5403
f 2315/2287/5404 1718/1963/5404 1341/1941/5404
f 2314/2285/5405 2315/2287/5405 1758/2279/5405
f 2313/2286/5406 2314/2285/5406 1759/2277/5406
f 1733/2147/5407 2313/2286/5407 1760/2276/5407
f 1732/2146/5408 2310/2282/5408 2313/2286/5408
f 1731/2145/5409 2307/2280/5409 2310/2282/5409
f 2317/2289/5410 2320/2293/5410 2319/2290/5410
f 2318/2292/3713 2321/2295/5411 2320/2293/3714
f 2320/2293/5412 2323/2296/5412 2322/2294/5412
f 2321/2295/3728 2324/2303/3728 2323/2296/3730
f 1439/2297/5413 2316/2291/5413 1505/2141/5413
f 1438/2298/5414 2317/2289/5414 2316/2291/5414
f 1437/2299/5415 2318/2292/5415 2317/2289/5415
f 1317/2300/3722 1508/2301/5416 2318/2292/3723
f 1508/2301/3761 1507/2302/3760 2321/2295/5417
f 1507/2302/5418 1506/2304/5418 2324/2303/5418
f 1506/2304/5419 1334/2007/5419 1728/2017/5419
f 2324/2303/5420 1728/2017/5420 1729/2024/5420
f 2323/2296/5421 1729/2024/5421 1730/2022/5421
f 2322/2294/5422 1730/2022/5422 1338/2023/5422
f 2319/2290/3733 2322/2294/5423 1503/2144/3734
f 2316/2291/5424 2319/2290/3733 1504/2142/3735
f 2325/2305/5425 2326/2308/5425 2329/2306/5425
f 2326/2308/5426 2327/2314/5426 2330/2309/5426
f 2328/2307/5427 2329/2306/5427 2332/2310/5427
f 2329/2306/5428 2330/2309/5428 2333/2312/5428
f 1303/1328/5429 1382/1327/5429 2325/2305/5429
f 1382/1327/5430 1381/1341/3746 2326/2308/3748
f 1381/1341/3746 1380/1340/2163 2327/2314/3747
f 1380/1340/2163 1306/1339/2162 1725/2001/3749
f 2327/2314/5431 1725/2001/5431 1726/2008/5431
f 2330/2309/3752 1726/2008/3751 1727/2006/5432
f 2333/2312/3755 1727/2006/3754 1334/2007/3756
f 2332/2310/3743 2333/2312/3742 1506/2304/5433
f 2331/2311/5434 2332/2310/5434 1507/2302/5434
f 1436/2315/3765 2331/2311/3764 1508/2301/5435
f 1435/2316/5436 2328/2307/5436 2331/2311/5436
f 1434/2313/5437 2325/2305/5437 2328/2307/5437
f 2335/2317/3767 2338/2321/3771 2337/2318/3768
f 2336/2320/3770 2339/2323/3783 2338/2321/3771
f 2338/2321/3771 2341/2324/3774 2340/2322/3772
f 2339/2323/3773 2342/2330/3784 2341/2324/3774
f 1460/2325/3775 2334/2319/3769 1484/2326/3776
f 1459/2328/3778 2335/2317/3780 2334/2319/3769
f 1458/2329/3782 2336/2320/3781 2335/2317/5438
f 1324/2035/3352 1487/2034/3351 2336/2320/3781
f 1487/2034/3372 1486/2048/3371 2339/2323/3783
f 1486/2048/3370 1485/2047/3369 2342/2330/3784
f 1485/2047/3368 1362/2046/3367 1749/2213/3785
f 2342/2330/3786 1749/2213/3785 1750/2219/5439
f 2341/2324/3774 1750/2219/3561 1751/2218/3560
f 2340/2322/3772 1751/2218/3560 1366/2197/3529
f 2337/2318/3768 2340/2322/3772 1482/2331/3787
f 2334/2319/3769 2337/2318/3768 1483/2332/3788
f 2344/2333/3789 2347/2337/3793 2346/2334/3790
f 2345/2336/3792 2348/2339/3795 2347/2337/3793
f 2347/2337/3793 2350/2340/3796 2349/2338/3794
f 2348/2339/3795 2351/2344/3800 2350/2340/3796
f 1463/2341/3797 2343/2335/3791 1481/2179/3514
f 1462/2342/3798 2344/2333/3789 2343/2335/3791
f 1461/2343/3799 2345/2336/3792 2344/2333/3789
f 1325/2327/3777 1484/2326/3776 2345/2336/3792
f 1484/2326/3776 1483/2332/3788 2348/2339/3795
f 1483/2332/3788 1482/2331/3787 2351/2344/3800
f 1482/2331/3787 1366/2197/3529 1752/2198/3530
f 2351/2344/3800 1752/2198/3530 1753/2204/3539
f 2350/2340/3796 1753/2204/3539 1754/2203/3538
f 2349/2338/3794 1754/2203/3538 1370/2162/3499
f 2346/2334/3790 2349/2338/3794 1479/2181/3516
f 2343/2335/3791 2346/2334/3790 1480/2180/3515
f 2353/2345/5440 2356/2349/3803 2355/2346/3805
f 2354/2348/5441 2357/2351/3806 2356/2349/3808
f 2356/2349/5442 2359/2352/5442 2358/2350/5442
f 2357/2351/5443 2360/2356/5443 2359/2352/5443
f 1772/1464/5444 2352/2347/3829 1409/1408/3831
f 1771/1463/5445 2353/2345/5445 2352/2347/5445
f 1770/1462/5446 2354/2348/5446 2353/2345/5446
f 1308/2353/3814 1401/2354/3816 2354/2348/3815
f 1401/2354/3816 1402/2355/3818 2357/2351/3817
f 1402/2355/3818 1403/2357/5447 2360/2356/3819
f 1403/2357/5448 1309/1353/5448 1773/1352/5448
f 2360/2356/3821 1773/1352/5449 1774/1351/3822
f 2359/2352/3824 1774/1351/5450 1775/1350/3825
f 2358/2350/5451 1775/1350/5451 1310/1312/5451
f 2355/2346/3805 2358/2350/3804 1407/1411/5452
f 2352/2347/3829 2355/2346/5453 1408/1409/3830
f 2413/2358/5454 2412/2451/3913 2402/2359/3914
f 2421/2361/3833 2420/2388/3833 2363/2362/3833
f 2429/2364/3834 2428/2414/3834 2378/2365/3834
f 2433/2367/3835 2421/2361/3836 2381/2363/3836
f 2441/2369/3838 2440/2413/4153 2398/2370/3839
f 2449/2372/3841 2448/2449/4150 2372/2373/3842
f 2457/2375/3844 2456/2403/3869 2388/2376/3845
f 2465/2378/3847 2464/2423/3847 2362/2379/3847
f 2469/2381/3848 2449/2372/4133 2408/2374/3849
f 2477/2383/3851 2476/2452/3851 2365/2384/3851
f 2481/2386/3852 2477/2383/3853 2387/2385/3853
f 2420/2388/3855 2488/2428/3855 2373/2389/3855
f 2493/2390/3856 2492/2425/3889 2404/2391/3857
f 2501/2393/3859 2500/2430/3893 2383/2394/3860
f 2509/2396/3862 2508/2416/3880 2394/2397/3863
f 2513/2399/3865 2457/2375/3844 2367/2377/3846
f 2517/2401/3867 2513/2399/3865 2393/2400/3866
f 2456/2403/3869 2524/2439/3870 2389/2404/3870
f 2529/2405/4087 2528/2431/4086 2400/2406/5455
f 2533/2408/3872 2509/2396/3862 2369/2398/3864
f 2541/2410/3874 2540/2432/3875 2379/2411/3875
f 2440/2413/3877 2533/2408/3872 2399/2409/3878
f 2428/2414/3879 2548/2567/3879 2361/2415/3879
f 2508/2416/3880 2552/2447/3908 2395/2417/3881
f 2553/2418/4056 2529/2405/4055 2371/2407/5456
f 2561/2420/3885 2560/2442/3903 2385/2421/3886
f 2464/2423/3888 2568/2450/3888 2376/2424/3888
f 2492/2425/3889 2553/2418/3882 2405/2419/3884
f 2569/2426/3890 2541/2410/3874 2364/2412/3876
f 2488/2428/3892 2576/2433/3892 2374/2429/3892
f 2500/2430/3893 2569/2426/3890 2384/2427/3891
f 2528/2431/5457 2413/2358/5457 2401/2360/5457
f 2540/2432/3875 2433/2367/3835 2380/2368/3837
f 2576/2433/3895 2465/2378/3895 2375/2380/3895
f 2581/2434/3896 2580/2448/3909 2391/2435/3897
f 2585/2437/3899 2561/2420/3885 2366/2422/3887
f 2524/2439/3870 2585/2437/3899 2390/2438/3870
f 2589/2440/3900 2469/2381/3981 2407/2382/3901
f 2560/2442/3903 2481/2386/3852 2386/2387/3854
f 2593/2443/3904 2441/2369/3838 2397/2371/3840
f 2597/2445/3906 2581/2434/3896 2368/2436/3898
f 2552/2447/3908 2597/2445/3906 2396/2446/3907
f 2580/2448/3909 2517/2401/3867 2392/2402/3868
f 2448/2449/3910 2493/2390/3856 2403/2392/3858
f 2568/2450/3912 2429/2364/3912 2377/2366/3912
f 2412/2451/3913 2593/2443/3904 2370/2444/3905
f 2476/2452/3915 2501/2393/3859 2382/2395/3861
f 1521/1488/3916 1866/1480/4101 2504/2453/3917
f 2473/2454/3918 2504/2453/4102 2503/2455/3919
f 2474/2456/3915 2503/2455/4104 2502/2457/3859
f 2475/2458/3915 2502/2457/3859 2501/2393/3859
f 1926/1582/3920 1578/1568/3961 2596/2459/3921
f 2409/2460/3923 2596/2459/3963 2595/2461/3924
f 2410/2462/3926 2595/2461/3965 2594/2463/3927
f 2411/2464/3928 2594/2463/3927 2593/2443/5458
f 1800/1347/3930 1801/1349/5459 2432/2465/3931
f 2565/2466/3933 2432/2465/5460 2431/2467/3934
f 2566/2468/3935 2431/2467/3934 2430/2469/3912
f 2567/2470/3912 2430/2469/3912 2429/2364/3912
f 1602/1600/3936 1929/1592/5461 2496/2471/3937
f 2445/2472/3939 2496/2471/5462 2495/2473/3940
f 2446/2474/3942 2495/2473/4110 2494/2475/3943
f 2447/2476/3944 2494/2475/3943 2493/2390/3856
f 1893/1528/3945 1896/1530/4091 2520/2477/3946
f 2577/2478/3948 2520/2477/4093 2519/2479/3949
f 2578/2480/3950 2519/2479/3949 2518/2481/3867
f 2579/2482/3951 2518/2481/3867 2517/2401/3867
f 1905/1546/3952 1908/1550/3958 2600/2483/3953
f 2549/2484/3955 2600/2483/3959 2599/2485/3956
f 2550/2486/3957 2599/2485/3956 2598/2487/3906
f 2551/2488/3908 2598/2487/3906 2597/2445/3906
f 1908/1550/3958 1554/1536/3991 2584/2489/3958
f 2600/2483/3959 2584/2489/3992 2583/2490/3960
f 2599/2485/3956 2583/2490/3960 2582/2491/3896
f 2598/2487/3906 2582/2491/3896 2581/2434/3896
f 1578/1568/3961 1911/1560/4151 2444/2492/3962
f 2596/2459/3963 2444/2492/4152 2443/2493/3964
f 2595/2461/3965 2443/2493/3964 2442/2494/3966
f 2594/2463/3927 2442/2494/3966 2441/2369/3838
f 1875/1496/3967 1878/1498/4116 2484/2495/3968
f 2557/2496/3970 2484/2495/4118 2483/2497/3971
f 2558/2498/3972 2483/2497/4120 2482/2499/3852
f 2559/2500/3903 2482/2499/3852 2481/2386/3852
f 1938/1608/3973 1941/1610/5463 2472/2501/3973
f 2592/2502/3975 2472/2501/5464 2471/2503/3976
f 2591/2504/3978 2471/2503/5465 2470/2505/3979
f 2590/2506/3980 2470/2505/3979 2469/2381/3981
f 1887/1514/3982 1890/1518/3987 2588/2507/3983
f 2521/2508/3984 2588/2507/3989 2587/2509/3985
f 2522/2510/3986 2587/2509/3985 2586/2511/3899
f 2523/2512/3870 2586/2511/3899 2585/2437/3899
f 1890/1518/3987 1533/1504/4045 2564/2513/3988
f 2588/2507/3989 2564/2513/4046 2563/2514/3990
f 2587/2509/3985 2563/2514/3990 2562/2515/3885
f 2586/2511/3899 2562/2515/3885 2561/2420/3885
f 1554/1536/3991 1893/1528/3945 2577/2478/3947
f 2584/2489/3992 2577/2478/3948 2578/2480/3950
f 2583/2490/3960 2578/2480/3950 2579/2482/3951
f 2582/2491/3896 2579/2482/3951 2580/2448/3909
f 1783/1306/3993 1784/1315/5466 2468/2516/3994
f 2573/2517/3996 2468/2516/5467 2467/2518/3997
f 2574/2519/3998 2467/2518/3997 2466/2520/3895
f 2575/2521/3895 2466/2520/3895 2465/2378/3895
f 1857/1465/3999 1860/1467/4154 2436/2522/4000
f 2537/2523/4002 2436/2522/4156 2435/2524/4003
f 2538/2525/4004 2435/2524/4003 2434/2526/3835
f 2539/2527/3875 2434/2526/3835 2433/2367/3835
f 1920/1576/4005 1923/1578/4168 2416/2528/4006
f 2525/2529/4008 2416/2528/4169 2415/2530/4009
f 2526/2531/4011 2415/2530/4170 2414/2532/4012
f 2527/2533/4013 2414/2532/4012 2413/2358/4172
f 1869/1482/4015 1872/1486/4027 2572/2534/4016
f 2497/2535/4018 2572/2534/4028 2571/2536/4019
f 2498/2537/4020 2571/2536/4019 2570/2538/3890
f 2499/2539/3893 2570/2538/3890 2569/2426/3890
f 1782/1304/4021 1783/1306/5468 2573/2517/4022
f 2485/2540/4024 2573/2517/5469 2574/2519/4025
f 2486/2541/4026 2574/2519/4025 2575/2521/3892
f 2487/2542/3892 2575/2521/3892 2576/2433/3892
f 1872/1486/4027 1509/1473/4075 2544/2543/4027
f 2572/2534/4028 2544/2543/4076 2543/2544/4029
f 2571/2536/4019 2543/2544/4077 2542/2545/3874
f 2570/2538/3890 2542/2545/3874 2541/2410/3874
f 1932/1594/4030 1935/1598/4048 2556/2546/4031
f 2489/2547/4033 2556/2546/4050 2555/2548/4034
f 2490/2549/5470 2555/2548/4052 2554/2550/4054
f 2491/2551/4038 2554/2550/4037 2553/2418/4056
f 1404/1357/4039 1800/1347/4939 2565/2466/4040
f 2461/2552/4042 2565/2466/5471 2566/2468/4043
f 2462/2553/4044 2566/2468/4043 2567/2470/3888
f 2463/2554/3888 2567/2470/3888 2568/2450/3888
f 1533/1504/4045 1875/1496/3967 2557/2496/3969
f 2564/2513/4046 2557/2496/5472 2558/2498/4047
f 2563/2514/3990 2558/2498/4047 2559/2500/3903
f 2562/2515/3885 2559/2500/3903 2560/2442/3903
f 1935/1598/4048 1590/1584/4083 2532/2555/4049
f 2556/2546/4050 2532/2555/4084 2531/2556/4051
f 2555/2548/4052 2531/2556/4085 2530/2557/4053
f 2554/2550/4054 2530/2557/4053 2529/2405/5473
f 1902/1544/4057 1905/1546/3952 2549/2484/3954
f 2505/2558/4059 2549/2484/3955 2550/2486/3957
f 2506/2559/4060 2550/2486/3957 2551/2488/3908
f 2507/2560/3880 2551/2488/3908 2552/2447/3908
f 1802/1356/4061 1376/2914/5474 2545/2561/4062
f 2425/2562/4064 2545/2561/5475 2546/2563/4065
f 2426/2564/3879 2546/2563/3879 2547/2565/3879
f 2427/2566/3879 2547/2565/3879 2548/2567/3879
f 1914/1562/4067 1917/1566/4078 2536/2568/4068
f 2437/2569/4070 2536/2568/4080 2535/2570/4071
f 2438/2571/4072 2535/2570/4071 2534/2572/4073
f 2439/2573/4074 2534/2572/4073 2533/2408/3872
f 1509/1473/4075 1857/1465/3999 2537/2523/4001
f 2544/2543/4076 2537/2523/4002 2538/2525/4004
f 2543/2544/4077 2538/2525/4004 2539/2527/3875
f 2542/2545/3874 2539/2527/3875 2540/2432/3875
f 1917/1566/4078 1566/1552/4099 2512/2574/4079
f 2536/2568/4080 2512/2574/4100 2511/2575/4081
f 2535/2570/4071 2511/2575/4081 2510/2576/4082
f 2534/2572/4073 2510/2576/4082 2509/2396/3862
f 1590/1584/4083 1920/1576/4005 2525/2529/4007
f 2532/2555/4084 2525/2529/4008 2526/2531/4010
f 2531/2556/4085 2526/2531/4011 2527/2533/4013
f 2530/2557/4053 2527/2533/4013 2528/2431/4086
f 1884/1512/4088 1887/1514/3982 2521/2508/3982
f 2453/2577/4089 2521/2508/3984 2522/2510/3986
f 2454/2578/4090 2522/2510/3986 2523/2512/3870
f 2455/2579/3869 2523/2512/3870 2524/2439/3870
f 1896/1530/4091 1899/1534/4095 2516/2580/4092
f 2520/2477/4093 2516/2580/4097 2515/2581/4094
f 2519/2479/3949 2515/2581/4094 2514/2582/3865
f 2518/2481/3867 2514/2582/3865 2513/2399/3865
f 1899/1534/4095 1542/1520/4139 2460/2583/4096
f 2516/2580/4097 2460/2583/4140 2459/2584/4098
f 2515/2581/4094 2459/2584/4098 2458/2585/3844
f 2514/2582/3865 2458/2585/3844 2457/2375/3844
f 1566/1552/4099 1902/1544/4057 2505/2558/4058
f 2512/2574/4100 2505/2558/4059 2506/2559/4060
f 2511/2575/4081 2506/2559/4060 2507/2560/3880
f 2510/2576/4082 2507/2560/3880 2508/2416/3880
f 1866/1480/4101 1869/1482/4015 2497/2535/4017
f 2504/2453/4102 2497/2535/4103 2498/2537/4103
f 2503/2455/4104 2498/2537/5476 2499/2539/3893
f 2502/2457/3859 2499/2539/3893 2500/2430/3893
f 1929/1592/4105 1932/1594/5477 2489/2547/4106
f 2496/2471/4108 2489/2547/4033 2490/2549/4035
f 2495/2473/4110 2490/2549/4036 2491/2551/4038
f 2494/2475/3943 2491/2551/4038 2492/2425/3889
f 1413/1316/4111 1782/1304/5478 2485/2540/4112
f 2417/2586/4113 2485/2540/5479 2486/2541/4114
f 2418/2587/4115 2486/2541/4114 2487/2542/3855
f 2419/2588/3855 2487/2542/3855 2488/2428/3855
f 1878/1498/4116 1881/1502/4117 2480/2589/4117
f 2484/2495/4118 2480/2589/4119 2479/2590/4119
f 2483/2497/4120 2479/2590/3853 2478/2591/3853
f 2482/2499/3852 2478/2591/3853 2477/2383/3853
f 1881/1502/4121 1521/1488/4121 2473/2454/4121
f 2480/2589/4122 2473/2454/4122 2474/2456/4122
f 2479/2590/4123 2474/2456/4122 2475/2458/3851
f 2478/2591/3851 2475/2458/3851 2476/2452/3851
f 1941/1610/4124 1944/1614/5480 2452/2592/4125
f 2472/2501/4127 2452/2592/5481 2451/2593/4128
f 2471/2503/4130 2451/2593/5482 2450/2594/4131
f 2470/2505/4132 2450/2594/4131 2449/2372/4133
f 1784/1315/4134 1404/1357/5483 2461/2552/4135
f 2468/2516/4136 2461/2552/5484 2462/2553/4137
f 2467/2518/4138 2462/2553/4137 2463/2554/3847
f 2466/2520/3847 2463/2554/3847 2464/2423/3847
f 1542/1520/4139 1884/1512/4088 2453/2577/3988
f 2460/2583/4140 2453/2577/4089 2454/2578/4090
f 2459/2584/4098 2454/2578/4090 2455/2579/3869
f 2458/2585/3844 2455/2579/3869 2456/2403/3869
f 1944/1614/4141 1602/1600/5485 2445/2472/4142
f 2452/2592/4144 2445/2472/5486 2446/2474/4145
f 2451/2593/4147 2446/2474/5487 2447/2476/4148
f 2450/2594/4149 2447/2476/4148 2448/2449/4150
f 1911/1560/4151 1914/1562/4067 2437/2569/4069
f 2444/2492/4152 2437/2569/4070 2438/2571/4072
f 2443/2493/3964 2438/2571/4072 2439/2573/4074
f 2442/2494/3966 2439/2573/4074 2440/2413/3877
f 1860/1467/4154 1863/1471/4155 2424/2595/4155
f 2436/2522/4156 2424/2595/5488 2423/2596/4157
f 2435/2524/4003 2423/2596/4157 2422/2597/3836
f 2434/2526/3835 2422/2597/3836 2421/2361/3836
f 1801/1349/4158 1802/1356/5489 2425/2562/4159
f 2432/2465/4161 2425/2562/5490 2426/2564/4162
f 2431/2467/4163 2426/2564/4162 2427/2566/3834
f 2430/2469/3834 2427/2566/3834 2428/2414/3834
f 1863/1471/4164 1413/1316/4164 2417/2586/4164
f 2424/2595/4165 2417/2586/4165 2418/2587/4166
f 2423/2596/4167 2418/2587/4166 2419/2588/3833
f 2422/2597/3833 2419/2588/3833 2420/2388/3833
f 1923/1578/4168 1926/1582/3920 2409/2460/3922
f 2416/2528/4169 2409/2460/3923 2410/2462/3925
f 2415/2530/4170 2410/2462/3926 2411/2464/3928
f 2414/2532/4012 2411/2464/3928 2412/2451/5491
f 148/2598/4173 1448/2910/4173 1321/2599/4173
f 1072/2601/4174 1108/2911/4175 2408/2602/4175
f 21/2600/4173 1321/2599/4173 1449/2604/4173
f 149/2605/4173 1449/2604/4173 1450/2606/4173
f 71/2608/4177 2/2903/4177 1302/2609/4177
f 150/2607/4173 1450/2606/4173 1451/2611/4173
f 72/2613/4178 71/2608/4178 1371/2610/4178
f 151/2612/4173 1451/2611/4173 1322/2615/4173
f 73/2617/4179 72/2613/4179 1372/2614/4179
f 22/2616/4173 1322/2615/4173 1452/2619/4173
f 1074/2621/4180 1073/2641/4180 2373/2622/4180
f 3/2624/4181 73/2617/4181 1373/2618/4181
f 152/2620/4173 1452/2619/4173 1453/2626/4173
f 1075/2628/4182 1074/2621/4182 2374/2623/4182
f 74/2630/4183 1374/2638/4183 1309/2631/4184
f 153/2627/4173 1453/2626/4173 1454/2633/4173
f 1062/2635/4186 1075/2628/4186 2375/2629/4186
f 75/2637/4187 1375/2915/4187 1374/2638/4187
f 154/2634/4173 1454/2633/4173 1323/2639/4173
f 1073/2641/4188 1063/2680/4188 2363/2642/4188
f 76/2643/4189 1376/2769/4189 1375/2644/4189
f 23/2640/4173 1323/2639/4173 1455/2646/4173
f 1077/2648/4190 1076/2661/4190 2376/2649/4190
f 155/2647/4173 1455/2646/4173 1456/2651/4173
f 1078/2653/4191 1077/2648/4191 2377/2650/4191
f 156/2652/4173 1456/2651/4173 1457/2655/4173
f 1078/2653/4192 2378/2654/4192 2361/2657/4192
f 157/2656/4173 1457/2655/4173 1324/2659/4173
f 1076/2661/4193 1062/2635/4193 2362/2636/4193
f 24/2660/4173 1324/2659/4173 1458/2662/4173
f 1080/2664/4194 1079/2676/4194 2379/2665/4194
f 158/2663/4173 1458/2662/4173 1459/2667/4173
f 1081/2669/4195 1080/2664/4195 2380/2666/4195
f 638/2671/4196 314/2831/4273 1614/2672/4197
f 159/2668/4173 1459/2667/4173 1460/2674/4173
f 1079/2676/4198 1064/2704/4212 2364/2677/4199
f 160/2675/4173 1460/2674/4173 1325/2678/4173
f 1063/2680/4200 1081/2669/4200 2381/2670/4200
f 25/2679/4173 1325/2678/4173 1461/2681/4173
f 1083/2683/4201 1082/2697/4208 2382/2684/4202
f 83/2686/4204 1383/2694/4204 1301/2687/4204
f 161/2682/4173 1461/2681/4173 1462/2689/4173
f 1084/2691/4205 1083/2683/4201 2383/2685/4203
f 84/2693/4207 1384/2916/4207 1383/2694/4207
f 162/2690/4173 1462/2689/4173 1463/2695/4173
f 1082/2697/4208 1065/2728/4228 2365/2698/4209
f 85/2699/4210 1385/2706/4210 1384/2700/4210
f 163/2696/4173 1463/2695/4173 1326/2702/4173
f 1064/2704/4212 1084/2691/4205 2384/2692/4206
f 4/2705/4213 1304/2795/4213 1385/2706/4213
f 164/2707/4214 1464/2714/4214 1330/2708/4215
f 1086/2710/4217 1085/2722/4225 2385/2711/4218
f 165/2713/4220 1465/2718/4220 1464/2714/4220
f 1087/2715/4221 1086/2710/4217 2386/2712/4219
f 166/2717/4223 1466/2725/4223 1465/2718/4223
f 1106/2719/4224 1289/2726/4224 2589/2720/4224
f 1085/2722/4225 1066/2754/4235 2366/2723/4226
f 16/2724/4227 1316/2917/4227 1466/2725/4227
f 1289/2726/4224 1290/2732/4224 2590/2727/4224
f 1065/2728/4228 1087/2715/4221 2387/2716/4222
f 168/2729/4229 1468/2738/4229 1467/2730/4229
f 1290/2732/4224 1291/2739/4224 2591/2733/4224
f 1089/2734/4230 1088/2745/4233 2388/2735/4231
f 169/2737/4232 1469/2744/4232 1468/2738/4232
f 1291/2739/4224 1292/2884/4224 2592/2740/4224
f 1090/2741/4230 1089/2734/4230 2389/2736/4230
f 27/2743/4234 1327/2751/4234 1469/2744/4234
f 1088/2745/4233 1067/2782/4249 2367/2746/4235
f 652/2747/4236 1952/2784/4236 1949/2748/4236
f 170/2750/4237 1470/2756/4237 1327/2751/4237
f 26/2703/4211 1326/2702/4173 1431/2752/4211
f 1066/2754/4235 1090/2741/4230 2390/2742/4233
f 171/2755/4237 1471/2763/4237 1470/2756/4237
f 131/2753/4238 1431/2752/4238 1432/2757/4238
f 1092/2759/4239 1091/2774/4218 2391/2760/4240
f 172/2762/4237 1472/2771/4237 1471/2763/4237
f 132/2758/4242 1432/2757/4242 1433/2764/4242
f 1093/2766/4243 1092/2759/4239 2392/2761/4241
f 1245/2768/4245 2545/2777/4245 1376/2769/4245
f 28/2770/4237 1328/2779/4237 1472/2771/4237
f 133/2765/4246 1433/2764/4246 1316/2772/4246
f 1091/2774/4218 1068/2821/4269 2368/2775/4247
f 1246/2776/4245 2546/2786/4245 2545/2777/4245
f 173/2778/4237 1473/2788/4237 1328/2779/4237
f 134/2780/4248 3/2624/4248 1303/2625/4248
f 1067/2782/4249 1093/2766/4243 2393/2767/4244
f 655/2783/4250 1955/2841/4276 1952/2784/4251
f 1247/2785/4245 2547/2797/4245 2546/2786/4245
f 174/2787/4237 1474/2799/4237 1473/2788/4237
f 135/2789/4252 134/2780/4252 1434/2781/4252
f 1095/2791/4253 1094/2813/4265 2394/2792/4254
f 95/2794/4256 1395/2918/4256 1304/2795/4256
f 1248/2796/4245 2548/2810/4245 2547/2797/4245
f 175/2798/4237 1475/2808/4237 1474/2799/4237
f 136/2800/4257 135/2789/4257 1435/2790/4257
f 1096/2802/4258 1095/2791/4253 2395/2793/4255
f 96/2804/4260 1396/2816/4268 1395/2805/4261
f 29/2807/4237 1329/2818/4237 1475/2808/4237
f 1061/2809/4245 2361/2919/4245 2548/2810/4245
f 17/2811/4262 136/2800/4263 1436/2801/4263
f 1094/2813/4265 1069/2853/4279 2369/2814/4266
f 97/2815/4267 1397/2823/4267 1396/2816/4268
f 176/2817/4237 1476/2825/4237 1329/2818/4237
f 17/2811/4262 1317/2812/4264 1437/2819/4173
f 1068/2821/4269 1096/2802/4258 2396/2803/4259
f 7/2822/4267 1307/2833/4267 1397/2823/4267
f 177/2824/4237 1477/2835/4237 1476/2825/4237
f 138/2826/4173 137/2820/4173 1437/2819/4173
f 1098/2828/4270 1097/2847/4277 2397/2829/4271
f 314/2831/4273 649/2749/4274 1949/2748/4274
f 98/2832/4267 1398/2843/4267 1307/2833/4267
f 178/2834/4237 1478/2844/4237 1477/2835/4237
f 139/2836/4173 138/2826/4173 1438/2827/4173
f 1099/2838/4198 1098/2828/4270 2398/2830/4272
f 167/2840/4276 1467/2920/4276 1955/2841/4276
f 99/2842/4267 1399/2850/4267 1398/2843/4267
f 30/2709/4216 1330/2708/4215 1478/2844/4237
f 139/2836/4173 1439/2837/4173 1318/2845/4173
f 1097/2847/4277 1070/2877/4288 2370/2848/4278
f 100/2849/4267 1400/2855/4267 1399/2850/4267
f 140/2851/4173 18/2846/4173 1318/2845/4173
f 1069/2853/4279 1099/2838/4198 2399/2839/4275
f 8/2854/4267 1308/2862/4267 1400/2855/4267
f 141/2856/4173 140/2851/4173 1440/2852/4173
f 1101/2858/4280 1100/2871/4285 2400/2859/4281
f 101/2861/4267 1401/2868/4267 1308/2862/4267
f 141/2856/4173 1441/2857/4173 1442/2863/4173
f 1102/2865/4283 1101/2858/4280 2401/2860/4282
f 102/2867/4267 1402/2874/4267 1401/2868/4267
f 142/2864/4173 1442/2863/4173 1319/2869/4173
f 1100/2871/4285 1071/2902/4299 2371/2872/4286
f 103/2873/4287 1403/2878/4287 1402/2874/4287
f 19/2870/4173 1319/2869/4173 1443/2875/4173
f 1070/2877/4288 1102/2865/4283 2402/2866/4284
f 9/2632/4185 1309/2631/4184 1403/2878/4289
f 143/2876/4173 1443/2875/4173 1444/2879/4173
f 1104/2881/4290 1103/2896/4297 2403/2882/4291
f 1292/2884/4224 638/2921/4224 1938/2885/4224
f 461/2886/4293 1/2688/4293 1301/2687/4293
f 144/2880/4173 1444/2879/4173 1445/2888/4173
f 1105/2890/4294 1104/2881/4290 2404/2883/4292
f 462/2892/4296 461/2886/4296 1761/2887/4296
f 145/2889/4173 1445/2888/4173 1320/2894/4173
f 1103/2896/4297 1072/2601/4174 2372/2603/4176
f 463/2897/4298 462/2922/4298 1762/2898/4298
f 20/2895/4173 1320/2894/4173 1446/2900/4173
f 1071/2902/4299 1105/2890/4294 2405/2891/4295
f 2/2903/4300 463/2923/4300 1763/2904/4300
f 146/2901/4173 1446/2900/4173 1447/2905/4173
f 1107/2907/4301 1106/2924/4301 2406/2908/4301
f 147/2906/4173 1447/2905/4173 1448/2910/4173
f 1108/2911/4302 1107/2907/4302 2407/2909/4302
