# Blender 4.1.0
# www.blender.org
mtllib SideHill_Grass.mtl
o Grass_SideHill
v -0.299000 -0.031179 -0.068821
v -0.300699 -0.026857 -0.066668
v -0.304032 -0.021021 -0.058441
v -0.307512 -0.018159 -0.054745
v -0.300593 -0.033430 -0.066956
v -0.302293 -0.029108 -0.064803
v -0.305625 -0.023272 -0.056576
v -0.309106 -0.020410 -0.052880
v -0.307361 -0.031487 -0.049711
v -0.308588 -0.028843 -0.048525
v -0.310229 -0.024963 -0.048564
v -0.311202 -0.023086 -0.047819
v -0.306068 -0.029992 -0.051211
v -0.307295 -0.027348 -0.050025
v -0.308936 -0.023468 -0.050064
v -0.309910 -0.021591 -0.049320
v -0.311703 -0.036466 -0.049874
v -0.311013 -0.032542 -0.051591
v -0.311414 -0.029122 -0.052197
v -0.312030 -0.025358 -0.052061
v -0.313011 -0.037160 -0.050861
v -0.312322 -0.033236 -0.052578
v -0.313307 -0.029494 -0.052975
v -0.313339 -0.026052 -0.053048
v -0.312077 -0.037422 -0.055956
v -0.311710 -0.033966 -0.053885
v -0.310776 -0.029675 -0.050940
v -0.311037 -0.025816 -0.051165
v -0.310936 -0.036198 -0.057773
v -0.310569 -0.032742 -0.055702
v -0.309635 -0.028451 -0.052757
v -0.309896 -0.024592 -0.052983
v -0.310274 -0.039515 -0.059975
v -0.310288 -0.034036 -0.054223
v -0.310503 -0.031018 -0.052471
v -0.311881 -0.024565 -0.051757
v -0.308043 -0.037695 -0.061421
v -0.308036 -0.032168 -0.055598
v -0.308354 -0.028961 -0.053896
v -0.309753 -0.022556 -0.053253
v -0.312497 -0.039929 -0.054733
v -0.310964 -0.035785 -0.052332
v -0.309978 -0.029497 -0.050350
v -0.311424 -0.025435 -0.049980
v -0.312553 -0.039227 -0.057971
v -0.311020 -0.035083 -0.055570
v -0.310034 -0.028795 -0.053588
v -0.311480 -0.024733 -0.053218
v -0.304264 -0.038072 -0.047200
v -0.305891 -0.030028 -0.046881
v -0.307804 -0.025664 -0.048587
v -0.309326 -0.022934 -0.045698
v -0.306715 -0.040085 -0.046577
v -0.308342 -0.032041 -0.046258
v -0.310254 -0.027677 -0.047965
v -0.311777 -0.024947 -0.045076
v -0.299257 -0.035839 -0.055174
v -0.303483 -0.033264 -0.056902
v -0.307272 -0.026451 -0.052515
v -0.308081 -0.020892 -0.048502
v -0.300325 -0.037395 -0.052423
v -0.304552 -0.034820 -0.054151
v -0.308341 -0.028007 -0.049764
v -0.308960 -0.022149 -0.045013
v -0.311434 -0.042422 -0.050025
v -0.310305 -0.037721 -0.049781
v -0.309561 -0.030475 -0.050772
v -0.311391 -0.025546 -0.049667
v -0.313492 -0.043420 -0.052205
v -0.312362 -0.038719 -0.051961
v -0.311618 -0.031473 -0.052952
v -0.313448 -0.026545 -0.051847
v -0.300654 -0.040439 -0.036579
v -0.305213 -0.035036 -0.042496
v -0.309183 -0.027673 -0.047503
v -0.309294 -0.023427 -0.047317
v -0.302004 -0.038135 -0.033808
v -0.306214 -0.032742 -0.039294
v -0.310620 -0.028821 -0.044757
v -0.311081 -0.024565 -0.045003
v -0.306532 -0.034905 -0.040424
v -0.305231 -0.030446 -0.042202
v -0.305104 -0.024692 -0.045853
v -0.306365 -0.021546 -0.048060
v -0.307744 -0.036320 -0.043171
v -0.306443 -0.031860 -0.044949
v -0.306317 -0.026107 -0.048600
v -0.308594 -0.022973 -0.051300
v -0.305956 -0.037432 -0.039112
v -0.305603 -0.029708 -0.039221
v -0.305984 -0.026485 -0.040334
v -0.308508 -0.021748 -0.044823
v -0.304596 -0.036927 -0.041810
v -0.304244 -0.029203 -0.041919
v -0.304787 -0.025875 -0.043199
v -0.306443 -0.020973 -0.045215
v -0.306880 -0.032307 -0.039000
v -0.309263 -0.031667 -0.042568
v -0.311868 -0.029585 -0.044571
v -0.313517 -0.027719 -0.046949
v -0.308010 -0.033042 -0.037836
v -0.310392 -0.032402 -0.041405
v -0.312997 -0.030320 -0.043408
v -0.314646 -0.028454 -0.045786
v -0.298377 -0.023380 -0.040667
v -0.302234 -0.023376 -0.044673
v -0.307058 -0.023043 -0.048111
v -0.309493 -0.022786 -0.049873
v -0.300171 -0.024601 -0.038444
v -0.303522 -0.025235 -0.043679
v -0.307293 -0.025270 -0.047488
v -0.310780 -0.024645 -0.048879
v -0.288445 -0.022558 -0.037459
v -0.293127 -0.020580 -0.044227
v -0.301583 -0.020274 -0.047302
v -0.307802 -0.019521 -0.048269
v -0.290088 -0.025326 -0.037318
v -0.294782 -0.023353 -0.044103
v -0.303446 -0.022989 -0.047132
v -0.309653 -0.022231 -0.048081
v -0.299851 -0.023869 -0.039271
v -0.302617 -0.025406 -0.045212
v -0.308305 -0.026097 -0.048619
v -0.312426 -0.025289 -0.048683
v -0.299583 -0.026467 -0.039396
v -0.303814 -0.026647 -0.042338
v -0.309483 -0.027361 -0.045791
v -0.313604 -0.026553 -0.045856
v -0.290584 -0.029478 -0.034772
v -0.300257 -0.028446 -0.035757
v -0.307300 -0.025015 -0.037523
v -0.309176 -0.022615 -0.040561
v -0.288911 -0.026810 -0.034046
v -0.298583 -0.025779 -0.035030
v -0.305626 -0.022348 -0.036797
v -0.307502 -0.019948 -0.039835
v -0.291281 -0.029162 -0.034024
v -0.294715 -0.026179 -0.031418
v -0.301304 -0.021602 -0.035374
v -0.306411 -0.019709 -0.040629
v -0.289518 -0.026978 -0.035829
v -0.292952 -0.023996 -0.033223
v -0.299542 -0.019419 -0.037179
v -0.304649 -0.017526 -0.042434
v -0.293131 -0.029108 -0.037817
v -0.299320 -0.030992 -0.039666
v -0.309728 -0.030008 -0.041621
v -0.314064 -0.027953 -0.042889
v -0.292804 -0.027977 -0.034885
v -0.298993 -0.029860 -0.036734
v -0.309401 -0.028877 -0.038689
v -0.313737 -0.026822 -0.039957
v -0.284235 -0.019330 -0.032100
v -0.288641 -0.017453 -0.032240
v -0.297893 -0.016560 -0.036606
v -0.302254 -0.014123 -0.040224
v -0.284173 -0.019658 -0.035334
v -0.288580 -0.017781 -0.035474
v -0.297832 -0.016888 -0.039840
v -0.300609 -0.012900 -0.041871
v -0.289657 -0.024389 -0.035114
v -0.294369 -0.023075 -0.036626
v -0.301453 -0.019753 -0.043810
v -0.305115 -0.016337 -0.046791
v -0.287841 -0.022334 -0.037001
v -0.292552 -0.021020 -0.038513
v -0.299637 -0.017698 -0.045697
v -0.303298 -0.014282 -0.048678
v -0.284043 -0.011280 -0.043513
v -0.290264 -0.011264 -0.048968
v -0.292901 -0.011367 -0.050196
v -0.298128 -0.010564 -0.051890
v -0.285404 -0.013865 -0.042154
v -0.291625 -0.013850 -0.047608
v -0.294455 -0.013881 -0.048757
v -0.299682 -0.013078 -0.050450
v -0.284519 -0.008565 -0.048453
v -0.288689 -0.010392 -0.050590
v -0.294992 -0.012004 -0.052040
v -0.299209 -0.011093 -0.051851
v -0.284855 -0.008923 -0.045176
v -0.289024 -0.010750 -0.047313
v -0.295328 -0.012362 -0.048763
v -0.299299 -0.011856 -0.048912
v -0.286151 -0.016103 -0.056578
v -0.294281 -0.015559 -0.056038
v -0.298064 -0.014508 -0.053523
v -0.301175 -0.013228 -0.055585
v -0.284535 -0.013356 -0.057117
v -0.292665 -0.012813 -0.056577
v -0.296448 -0.011762 -0.054062
v -0.299687 -0.010316 -0.056357
v -0.289612 -0.009397 -0.059841
v -0.291732 -0.010909 -0.056928
v -0.294747 -0.011070 -0.052736
v -0.297109 -0.009274 -0.050628
v -0.288173 -0.007587 -0.058971
v -0.290293 -0.009098 -0.056057
v -0.293308 -0.009260 -0.051866
v -0.295670 -0.007463 -0.049757
v -0.293196 -0.013581 -0.064475
v -0.293521 -0.010487 -0.062398
v -0.294207 -0.008419 -0.060784
v -0.297674 -0.006800 -0.059903
v -0.293401 -0.013067 -0.066213
v -0.293725 -0.009973 -0.064135
v -0.296112 -0.008009 -0.063459
v -0.297879 -0.006286 -0.061641
v -0.300999 -0.032731 -0.077029
v -0.302394 -0.027955 -0.075827
v -0.303962 -0.019950 -0.069023
v -0.306599 -0.016105 -0.065525
v -0.301927 -0.034329 -0.074259
v -0.303323 -0.029552 -0.073058
v -0.304890 -0.021547 -0.066253
v -0.307527 -0.017703 -0.062755
v -0.297337 -0.018855 -0.058457
v -0.297265 -0.015627 -0.056198
v -0.297732 -0.010967 -0.054120
v -0.298032 -0.008563 -0.052718
v -0.297368 -0.016903 -0.059055
v -0.296681 -0.014452 -0.058291
v -0.297160 -0.009787 -0.056222
v -0.297448 -0.007388 -0.054812
v -0.299323 -0.020827 -0.064951
v -0.299756 -0.017444 -0.066489
v -0.301833 -0.013807 -0.066032
v -0.302599 -0.010875 -0.065728
v -0.300744 -0.021833 -0.065494
v -0.301177 -0.018450 -0.067031
v -0.303254 -0.014813 -0.066575
v -0.304020 -0.011881 -0.066271
v -0.297881 -0.030606 -0.063898
v -0.296361 -0.024832 -0.059514
v -0.296940 -0.014523 -0.055423
v -0.298889 -0.010329 -0.053078
v -0.297714 -0.029352 -0.066903
v -0.298284 -0.022642 -0.064289
v -0.296983 -0.013630 -0.058815
v -0.298723 -0.009075 -0.056083
v -0.293496 -0.028823 -0.065647
v -0.294479 -0.022832 -0.067581
v -0.298955 -0.016526 -0.063672
v -0.300811 -0.012457 -0.060382
v -0.295979 -0.030943 -0.065752
v -0.296962 -0.024952 -0.067686
v -0.301438 -0.018646 -0.063777
v -0.304318 -0.015434 -0.058744
v -0.295523 -0.031410 -0.065449
v -0.295774 -0.022464 -0.061723
v -0.298768 -0.014613 -0.058566
v -0.301530 -0.013404 -0.056345
v -0.297453 -0.032181 -0.067801
v -0.297704 -0.023234 -0.064075
v -0.300698 -0.015383 -0.060917
v -0.303302 -0.014119 -0.058755
v -0.301725 -0.025090 -0.063554
v -0.301604 -0.023896 -0.060147
v -0.301872 -0.019608 -0.054856
v -0.302535 -0.016045 -0.052804
v -0.299707 -0.024116 -0.063373
v -0.299563 -0.021630 -0.061349
v -0.299773 -0.017416 -0.056198
v -0.300373 -0.014323 -0.053904
v -0.301024 -0.032632 -0.072785
v -0.304881 -0.030153 -0.066222
v -0.305410 -0.022940 -0.060856
v -0.306107 -0.017342 -0.057853
v -0.298703 -0.031530 -0.071117
v -0.302560 -0.029051 -0.064553
v -0.303101 -0.021583 -0.059169
v -0.304957 -0.017514 -0.055879
v -0.300837 -0.022436 -0.061718
v -0.299762 -0.018240 -0.061962
v -0.300656 -0.013679 -0.061236
v -0.300702 -0.010368 -0.060291
v -0.301835 -0.022724 -0.063163
v -0.300759 -0.018528 -0.063408
v -0.301654 -0.013967 -0.062682
v -0.301700 -0.010656 -0.061737
v -0.300982 -0.023785 -0.060887
v -0.301203 -0.021107 -0.057862
v -0.301244 -0.016832 -0.052477
v -0.301428 -0.013081 -0.051732
v -0.299401 -0.020762 -0.062897
v -0.299639 -0.019492 -0.058885
v -0.299680 -0.015217 -0.053500
v -0.299863 -0.011465 -0.052756
v -0.300394 -0.032850 -0.066457
v -0.302398 -0.029137 -0.058914
v -0.303208 -0.021528 -0.055207
v -0.304357 -0.015618 -0.053609
v -0.297881 -0.030847 -0.066686
v -0.299884 -0.027134 -0.059143
v -0.300782 -0.019323 -0.055452
v -0.302638 -0.015254 -0.052162
v -0.299295 -0.022859 -0.061098
v -0.298180 -0.018940 -0.057897
v -0.297810 -0.013575 -0.053958
v -0.299351 -0.009712 -0.052766
v -0.297876 -0.022016 -0.065186
v -0.297466 -0.017240 -0.060508
v -0.297023 -0.011966 -0.056746
v -0.298565 -0.008103 -0.055554
v -0.294135 -0.029512 -0.069627
v -0.295868 -0.021155 -0.067731
v -0.299909 -0.014881 -0.064784
v -0.302161 -0.013660 -0.061328
v -0.296643 -0.031446 -0.070270
v -0.298376 -0.023088 -0.068374
v -0.302417 -0.016815 -0.065427
v -0.304670 -0.015594 -0.061971
v -0.294613 -0.028835 -0.070187
v -0.298265 -0.025588 -0.072084
v -0.303137 -0.020089 -0.066981
v -0.305036 -0.015825 -0.061053
v -0.296349 -0.031042 -0.068385
v -0.300001 -0.027795 -0.070282
v -0.304873 -0.022296 -0.065179
v -0.306771 -0.018034 -0.059274
v -0.294487 -0.027420 -0.066211
v -0.293172 -0.020995 -0.063797
v -0.295169 -0.011027 -0.060611
v -0.297579 -0.007146 -0.058667
v -0.295892 -0.027603 -0.069036
v -0.294577 -0.021178 -0.066621
v -0.296574 -0.011210 -0.063435
v -0.298984 -0.007329 -0.061491
v -0.303666 -0.036902 -0.071910
v -0.306113 -0.033015 -0.070773
v -0.307630 -0.024440 -0.065330
v -0.310084 -0.020627 -0.061340
v -0.302972 -0.037238 -0.068752
v -0.305419 -0.033351 -0.067615
v -0.306936 -0.024777 -0.062172
v -0.309390 -0.020963 -0.058182
v -0.295760 -0.015314 -0.058303
v -0.299638 -0.016521 -0.057702
v -0.302629 -0.016635 -0.056982
v -0.304473 -0.014914 -0.056006
v -0.295488 -0.015196 -0.056425
v -0.299366 -0.016403 -0.055824
v -0.302618 -0.015847 -0.054519
v -0.304207 -0.014780 -0.054114
v -0.295358 -0.018293 -0.049214
v -0.296045 -0.016335 -0.051796
v -0.298848 -0.014362 -0.054109
v -0.300777 -0.013203 -0.054737
v -0.297408 -0.019607 -0.048080
v -0.297612 -0.018259 -0.051837
v -0.300415 -0.016286 -0.054150
v -0.303809 -0.015405 -0.053642
v -0.288134 -0.023275 -0.049469
v -0.291237 -0.018078 -0.052489
v -0.298045 -0.015776 -0.052227
v -0.303351 -0.013954 -0.050478
v -0.290078 -0.025614 -0.050813
v -0.293190 -0.020414 -0.053849
v -0.300179 -0.018053 -0.053434
v -0.305475 -0.016234 -0.051668
v -0.292511 -0.016361 -0.052715
v -0.295292 -0.015194 -0.055310
v -0.299657 -0.013954 -0.056947
v -0.301810 -0.012727 -0.055428
v -0.294080 -0.018530 -0.050730
v -0.296861 -0.017363 -0.053325
v -0.301227 -0.016123 -0.054962
v -0.303554 -0.014803 -0.053061
v -0.292609 -0.026143 -0.064632
v -0.300106 -0.024014 -0.061927
v -0.305953 -0.018961 -0.058693
v -0.305828 -0.015756 -0.059642
v -0.290750 -0.024259 -0.062601
v -0.298247 -0.022130 -0.059895
v -0.304094 -0.017077 -0.056661
v -0.303969 -0.013873 -0.057610
v -0.291525 -0.027469 -0.054857
v -0.294931 -0.024950 -0.052395
v -0.302546 -0.021188 -0.052554
v -0.305815 -0.017190 -0.052307
v -0.291173 -0.026422 -0.057992
v -0.294579 -0.023902 -0.055530
v -0.302194 -0.020140 -0.055690
v -0.305463 -0.016143 -0.055443
v -0.290324 -0.015801 -0.058655
v -0.294278 -0.015825 -0.059579
v -0.300805 -0.016144 -0.059175
v -0.303462 -0.013823 -0.057728
v -0.290162 -0.016049 -0.055332
v -0.294117 -0.016074 -0.056257
v -0.300644 -0.016393 -0.055852
v -0.303305 -0.014032 -0.054371
v -0.297068 -0.031850 -0.063196
v -0.299910 -0.029839 -0.057567
v -0.304581 -0.023272 -0.055566
v -0.308239 -0.018753 -0.057165
v -0.294935 -0.029356 -0.063798
v -0.297778 -0.027345 -0.058168
v -0.302448 -0.020777 -0.056167
v -0.306107 -0.016258 -0.057766
v -0.294211 -0.031135 -0.039398
v -0.297522 -0.023785 -0.040987
v -0.303134 -0.018593 -0.043233
v -0.306325 -0.019044 -0.042091
v -0.296070 -0.033019 -0.041430
v -0.299381 -0.025669 -0.043019
v -0.304993 -0.020477 -0.045265
v -0.308184 -0.020927 -0.044123
v -0.293973 -0.030876 -0.049394
v -0.297149 -0.027609 -0.051198
v -0.301769 -0.020616 -0.049813
v -0.306137 -0.017899 -0.049296
v -0.294611 -0.031672 -0.046230
v -0.297787 -0.028405 -0.048034
v -0.302407 -0.021412 -0.046649
v -0.306775 -0.018695 -0.046132
v -0.304893 -0.034248 -0.044634
v -0.305273 -0.030487 -0.043280
v -0.305578 -0.024463 -0.043004
v -0.308844 -0.020682 -0.043965
v -0.305001 -0.034046 -0.047962
v -0.305381 -0.030285 -0.046608
v -0.305686 -0.024261 -0.046332
v -0.308952 -0.020480 -0.047293
v -0.231092 0.012758 -0.339549
v -0.230490 0.018122 -0.336788
v -0.232111 0.026055 -0.327161
v -0.234572 0.031176 -0.323244
v -0.234577 0.011618 -0.338102
v -0.233975 0.016981 -0.335340
v -0.235596 0.024914 -0.325713
v -0.238057 0.030036 -0.321796
v -0.244445 0.018032 -0.319445
v -0.244220 0.021438 -0.317950
v -0.243254 0.026329 -0.317769
v -0.243165 0.028815 -0.316842
v -0.241835 0.018633 -0.320656
v -0.241610 0.022039 -0.319160
v -0.240645 0.026930 -0.318980
v -0.240556 0.029416 -0.318053
v -0.251768 0.016054 -0.321369
v -0.248099 0.019435 -0.322593
v -0.246096 0.023049 -0.322859
v -0.244277 0.027144 -0.322264
v -0.253197 0.016248 -0.322906
v -0.249528 0.019628 -0.324131
v -0.247929 0.023947 -0.324237
v -0.245705 0.027338 -0.323802
v -0.251094 0.015369 -0.328609
v -0.249063 0.018506 -0.325612
v -0.246188 0.022082 -0.321351
v -0.243871 0.026033 -0.321080
v -0.248719 0.015806 -0.330261
v -0.246688 0.018942 -0.327263
v -0.243813 0.022519 -0.323002
v -0.241497 0.026470 -0.322731
v -0.249644 0.012118 -0.333157
v -0.247663 0.017489 -0.325693
v -0.246385 0.020586 -0.323260
v -0.243702 0.027820 -0.321759
v -0.245944 0.012412 -0.334045
v -0.243931 0.017815 -0.326487
v -0.242615 0.021166 -0.324106
v -0.239965 0.028367 -0.322700
v -0.253453 0.013195 -0.327677
v -0.249955 0.016228 -0.323932
v -0.245473 0.021725 -0.320465
v -0.244315 0.026664 -0.319743
v -0.252171 0.013920 -0.331315
v -0.248673 0.016953 -0.327569
v -0.244192 0.022449 -0.324102
v -0.243033 0.027388 -0.323380
v -0.246451 0.009523 -0.316863
v -0.242866 0.018480 -0.315631
v -0.241392 0.024026 -0.317359
v -0.241856 0.027713 -0.313953
v -0.250261 0.009187 -0.317003
v -0.246676 0.018144 -0.315771
v -0.245202 0.023690 -0.317499
v -0.245665 0.027377 -0.314093
v -0.238066 0.008370 -0.324589
v -0.239952 0.013707 -0.327136
v -0.240331 0.022901 -0.321887
v -0.238583 0.028881 -0.316594
v -0.240841 0.007560 -0.321896
v -0.242727 0.012897 -0.324443
v -0.243105 0.022091 -0.319194
v -0.241183 0.028237 -0.312962
v -0.255337 0.010047 -0.322393
v -0.251276 0.013895 -0.321140
v -0.245596 0.020490 -0.321007
v -0.244440 0.026533 -0.319390
v -0.257353 0.010442 -0.325521
v -0.253292 0.014289 -0.324267
v -0.247611 0.020884 -0.324135
v -0.246456 0.026928 -0.322518
v -0.247432 0.004799 -0.304173
v -0.246661 0.013127 -0.311190
v -0.244304 0.022980 -0.316726
v -0.241705 0.027209 -0.315888
v -0.247975 0.007954 -0.300929
v -0.246995 0.016039 -0.307373
v -0.247164 0.022814 -0.314059
v -0.244774 0.027286 -0.313795
v -0.248395 0.014134 -0.309078
v -0.243779 0.017631 -0.310153
v -0.238933 0.023177 -0.313454
v -0.237493 0.027096 -0.315799
v -0.249723 0.013558 -0.312732
v -0.245106 0.017055 -0.313808
v -0.240260 0.022602 -0.317108
v -0.239662 0.027186 -0.320252
v -0.249843 0.011277 -0.307822
v -0.244464 0.018601 -0.306688
v -0.242433 0.022009 -0.307563
v -0.240543 0.028328 -0.312580
v -0.247487 0.010865 -0.310550
v -0.242109 0.018189 -0.309416
v -0.240119 0.021808 -0.310504
v -0.237967 0.027709 -0.312450
v -0.247427 0.016909 -0.307116
v -0.248312 0.019125 -0.311666
v -0.248899 0.022899 -0.314241
v -0.248613 0.025824 -0.317068
v -0.249296 0.016943 -0.306141
v -0.250181 0.019158 -0.310692
v -0.250768 0.022933 -0.313267
v -0.250482 0.025858 -0.316093
v -0.233081 0.019976 -0.305766
v -0.235665 0.022552 -0.311248
v -0.239111 0.026093 -0.316243
v -0.240784 0.027969 -0.318781
v -0.236185 0.019977 -0.303792
v -0.238368 0.021591 -0.310675
v -0.240949 0.024071 -0.315918
v -0.243487 0.027008 -0.318207
v -0.223957 0.014157 -0.299714
v -0.225296 0.019215 -0.308263
v -0.232318 0.025153 -0.313658
v -0.237490 0.030036 -0.316053
v -0.227358 0.012544 -0.300343
v -0.228706 0.017605 -0.308915
v -0.235901 0.023739 -0.314295
v -0.241064 0.028619 -0.316666
v -0.235182 0.020480 -0.304563
v -0.237201 0.020819 -0.312266
v -0.242142 0.023937 -0.317574
v -0.245526 0.027475 -0.318450
v -0.236578 0.017759 -0.305042
v -0.239927 0.020404 -0.309411
v -0.244852 0.023484 -0.314773
v -0.248237 0.027023 -0.315649
v -0.231216 0.008812 -0.298155
v -0.239493 0.016271 -0.301302
v -0.243496 0.024325 -0.304394
v -0.242900 0.027925 -0.307950
v -0.228088 0.010306 -0.296535
v -0.236364 0.017766 -0.299681
v -0.240367 0.025819 -0.302773
v -0.239771 0.029419 -0.306329
v -0.231878 0.009586 -0.297400
v -0.233921 0.014794 -0.294711
v -0.236153 0.023667 -0.300050
v -0.238362 0.028925 -0.306963
v -0.228292 0.010547 -0.298751
v -0.230335 0.015756 -0.296062
v -0.232567 0.024628 -0.301401
v -0.234776 0.029886 -0.308314
v -0.232575 0.010872 -0.302179
v -0.239192 0.013155 -0.305987
v -0.247936 0.021058 -0.310425
v -0.250389 0.025960 -0.312546
v -0.232326 0.011761 -0.298553
v -0.238942 0.014045 -0.302361
v -0.247687 0.021947 -0.306800
v -0.250139 0.026849 -0.308920
v -0.219307 0.014509 -0.292099
v -0.222249 0.019284 -0.292962
v -0.229297 0.026327 -0.299934
v -0.230886 0.031619 -0.304710
v -0.218584 0.014147 -0.295863
v -0.221525 0.018922 -0.296726
v -0.228573 0.025965 -0.303697
v -0.228078 0.031719 -0.306052
v -0.226938 0.013174 -0.297563
v -0.230162 0.017601 -0.300161
v -0.232804 0.025576 -0.309524
v -0.233265 0.031361 -0.313260
v -0.223361 0.013974 -0.299016
v -0.226586 0.018401 -0.301615
v -0.229228 0.026376 -0.310977
v -0.229689 0.032160 -0.314713
v -0.210801 0.022259 -0.303980
v -0.215236 0.026422 -0.311661
v -0.217481 0.028080 -0.313684
v -0.221478 0.032351 -0.316686
v -0.214144 0.020636 -0.303114
v -0.218579 0.024800 -0.310795
v -0.220984 0.026657 -0.312758
v -0.224981 0.030927 -0.315760
v -0.208151 0.025233 -0.309366
v -0.212728 0.026226 -0.313044
v -0.219385 0.028851 -0.316376
v -0.222862 0.032554 -0.316965
v -0.209593 0.025107 -0.305718
v -0.214170 0.026100 -0.309397
v -0.220827 0.028724 -0.312729
v -0.224241 0.031868 -0.313714
v -0.212392 0.018945 -0.320250
v -0.219930 0.024898 -0.321368
v -0.223534 0.028449 -0.319158
v -0.225107 0.031776 -0.322037
v -0.208923 0.020555 -0.320089
v -0.216462 0.026508 -0.321207
v -0.220066 0.030058 -0.318997
v -0.221590 0.033633 -0.322148
v -0.210451 0.027815 -0.323762
v -0.214242 0.027749 -0.321111
v -0.218357 0.029602 -0.316981
v -0.220013 0.032935 -0.314806
v -0.208141 0.028627 -0.322159
v -0.211933 0.028562 -0.319508
v -0.216047 0.030414 -0.315378
v -0.217704 0.033747 -0.313203
v -0.215321 0.026110 -0.330547
v -0.214187 0.029355 -0.327753
v -0.213937 0.031836 -0.325731
v -0.216428 0.035732 -0.325245
v -0.214711 0.026750 -0.332518
v -0.213576 0.029994 -0.329723
v -0.214758 0.033508 -0.329178
v -0.215817 0.036372 -0.327216
v -0.231775 0.012572 -0.349696
v -0.230331 0.018177 -0.347894
v -0.228476 0.027057 -0.339179
v -0.229442 0.032577 -0.335151
v -0.234448 0.011628 -0.346956
v -0.233003 0.017233 -0.345154
v -0.231149 0.026112 -0.336439
v -0.232115 0.031633 -0.332411
v -0.224323 0.023710 -0.325346
v -0.222773 0.026821 -0.322232
v -0.220758 0.031693 -0.319230
v -0.219864 0.034245 -0.317314
v -0.222924 0.025642 -0.325745
v -0.220885 0.027582 -0.324335
v -0.218875 0.032466 -0.321344
v -0.217976 0.035007 -0.319416
v -0.225732 0.023105 -0.333579
v -0.223531 0.026704 -0.334931
v -0.223273 0.031648 -0.334315
v -0.222182 0.035028 -0.333688
v -0.227591 0.023068 -0.334677
v -0.225390 0.026667 -0.336029
v -0.225132 0.031611 -0.335413
v -0.224042 0.034991 -0.334786
v -0.230991 0.012573 -0.333536
v -0.226986 0.017211 -0.327260
v -0.221957 0.027684 -0.321098
v -0.221729 0.033089 -0.318190
v -0.229203 0.013689 -0.336771
v -0.226099 0.020635 -0.332860
v -0.220497 0.028588 -0.324881
v -0.219940 0.034205 -0.321425
v -0.225182 0.011394 -0.334295
v -0.221705 0.017913 -0.335830
v -0.222937 0.027068 -0.331364
v -0.222957 0.032288 -0.327367
v -0.228894 0.010975 -0.335298
v -0.225418 0.017494 -0.336832
v -0.226650 0.026649 -0.332367
v -0.228675 0.031713 -0.326721
v -0.228846 0.010214 -0.334918
v -0.224290 0.019137 -0.329312
v -0.222904 0.028816 -0.325144
v -0.225353 0.031841 -0.323020
v -0.230545 0.010747 -0.338179
v -0.225990 0.019670 -0.332573
v -0.224603 0.029349 -0.328405
v -0.226850 0.032322 -0.326304
v -0.231166 0.020534 -0.333159
v -0.231201 0.021622 -0.329022
v -0.230110 0.025997 -0.322328
v -0.228986 0.029926 -0.319566
v -0.228661 0.020141 -0.332349
v -0.227460 0.022478 -0.329603
v -0.226323 0.026743 -0.323069
v -0.225511 0.030170 -0.320086
v -0.232887 0.012687 -0.344795
v -0.236734 0.017685 -0.337717
v -0.234013 0.025095 -0.330547
v -0.231859 0.031038 -0.326387
v -0.230414 0.012217 -0.342183
v -0.234261 0.017215 -0.335104
v -0.231391 0.024884 -0.327877
v -0.231411 0.030104 -0.323880
v -0.229096 0.022540 -0.330437
v -0.225282 0.025929 -0.329836
v -0.223371 0.030989 -0.328503
v -0.221523 0.034260 -0.326918
v -0.229841 0.022924 -0.332372
v -0.226027 0.026312 -0.331770
v -0.224116 0.031373 -0.330438
v -0.222268 0.034643 -0.328852
v -0.230335 0.021317 -0.329719
v -0.229629 0.024084 -0.325873
v -0.228356 0.028296 -0.319021
v -0.226298 0.032089 -0.317630
v -0.226321 0.023220 -0.331219
v -0.226813 0.024621 -0.326453
v -0.225539 0.028833 -0.319601
v -0.223481 0.032627 -0.318211
v -0.234147 0.012053 -0.337393
v -0.235693 0.017023 -0.328580
v -0.232533 0.025009 -0.323326
v -0.230226 0.031559 -0.320838
v -0.230390 0.012337 -0.336786
v -0.231936 0.017306 -0.327974
v -0.228725 0.025549 -0.322727
v -0.228745 0.030770 -0.318729
v -0.228070 0.021097 -0.329442
v -0.225334 0.024189 -0.324903
v -0.222568 0.029192 -0.319459
v -0.221853 0.034001 -0.317841
v -0.225061 0.020976 -0.333707
v -0.222841 0.025377 -0.327493
v -0.220018 0.030243 -0.322251
v -0.219303 0.035052 -0.320632
v -0.225157 0.011146 -0.339132
v -0.221899 0.020480 -0.336058
v -0.222476 0.029314 -0.332609
v -0.224768 0.032011 -0.328944
v -0.228627 0.010926 -0.340732
v -0.225368 0.020260 -0.337657
v -0.225946 0.029094 -0.334208
v -0.228237 0.031791 -0.330543
v -0.225021 0.012127 -0.339782
v -0.225878 0.017740 -0.342291
v -0.228335 0.026370 -0.336661
v -0.228985 0.031809 -0.329603
v -0.228596 0.011125 -0.338431
v -0.229453 0.016737 -0.340941
v -0.231910 0.025368 -0.335311
v -0.232555 0.030805 -0.328279
v -0.225062 0.013429 -0.334954
v -0.220295 0.018839 -0.330894
v -0.216593 0.029925 -0.326145
v -0.216897 0.035331 -0.323853
v -0.225753 0.014186 -0.338553
v -0.220985 0.019597 -0.334493
v -0.217283 0.030683 -0.329744
v -0.217588 0.036088 -0.327451
v -0.238413 0.010269 -0.345032
v -0.238529 0.015705 -0.343677
v -0.235887 0.025108 -0.336432
v -0.236833 0.030476 -0.331801
v -0.238827 0.009477 -0.341287
v -0.238943 0.014913 -0.339932
v -0.236302 0.024316 -0.332687
v -0.237248 0.029684 -0.328056
v -0.220564 0.026124 -0.324274
v -0.225205 0.027529 -0.324636
v -0.228323 0.029412 -0.324494
v -0.229228 0.032325 -0.323520
v -0.220739 0.026058 -0.322030
v -0.225379 0.027463 -0.322392
v -0.228471 0.030175 -0.321532
v -0.229402 0.032279 -0.321258
v -0.224583 0.022940 -0.314162
v -0.223266 0.025315 -0.316993
v -0.224027 0.029115 -0.319987
v -0.224942 0.031535 -0.320967
v -0.227697 0.023022 -0.313515
v -0.225996 0.024477 -0.317686
v -0.226757 0.028277 -0.320680
v -0.229557 0.031402 -0.320721
v -0.220866 0.013249 -0.313597
v -0.219629 0.020403 -0.316980
v -0.224691 0.027196 -0.317853
v -0.229037 0.032517 -0.316749
v -0.223871 0.012255 -0.315939
v -0.222636 0.019419 -0.319343
v -0.227874 0.026390 -0.320072
v -0.232218 0.031702 -0.318947
v -0.219666 0.022933 -0.317264
v -0.220853 0.025929 -0.320701
v -0.223762 0.030054 -0.323377
v -0.225429 0.032689 -0.321922
v -0.223108 0.021857 -0.315659
v -0.224295 0.024853 -0.319096
v -0.227204 0.028978 -0.321773
v -0.229081 0.031821 -0.319902
v -0.222873 0.013426 -0.332518
v -0.229367 0.020508 -0.330756
v -0.232535 0.029352 -0.327567
v -0.230079 0.032405 -0.328144
v -0.220431 0.014029 -0.329471
v -0.226925 0.021112 -0.327709
v -0.230093 0.029956 -0.324520
v -0.227637 0.033008 -0.325097
v -0.225355 0.011405 -0.321209
v -0.227633 0.016142 -0.318750
v -0.232402 0.024901 -0.320068
v -0.232988 0.030993 -0.319906
v -0.223489 0.012195 -0.324584
v -0.225767 0.016932 -0.322125
v -0.230535 0.025691 -0.323443
v -0.231122 0.031783 -0.323281
v -0.215606 0.022023 -0.323533
v -0.219139 0.024636 -0.325491
v -0.225672 0.028676 -0.326537
v -0.227089 0.032719 -0.325111
v -0.216516 0.021672 -0.319705
v -0.220049 0.024285 -0.321662
v -0.226583 0.028325 -0.322709
v -0.227987 0.032409 -0.321238
v -0.231214 0.010814 -0.332735
v -0.234145 0.014677 -0.326577
v -0.234875 0.024218 -0.324314
v -0.234993 0.031080 -0.326288
v -0.227401 0.011833 -0.332569
v -0.230331 0.015696 -0.326410
v -0.231061 0.025237 -0.324147
v -0.231179 0.032099 -0.326121
v -0.234490 0.009608 -0.304554
v -0.232443 0.019009 -0.306005
v -0.233809 0.027831 -0.309059
v -0.237451 0.029519 -0.308527
v -0.236932 0.009004 -0.307601
v -0.234884 0.018405 -0.309052
v -0.236250 0.027228 -0.312106
v -0.239893 0.028915 -0.311574
v -0.231382 0.009703 -0.315983
v -0.231797 0.015018 -0.318275
v -0.232034 0.024942 -0.316646
v -0.234573 0.030514 -0.316615
v -0.233365 0.009350 -0.312601
v -0.233781 0.014664 -0.314893
v -0.234018 0.024589 -0.313264
v -0.236556 0.030160 -0.313233
v -0.245265 0.013685 -0.313462
v -0.243554 0.017618 -0.311411
v -0.240009 0.023717 -0.310241
v -0.240406 0.029595 -0.311504
v -0.244333 0.013955 -0.317291
v -0.242622 0.017888 -0.315241
v -0.239077 0.023987 -0.314071
v -0.239474 0.029865 -0.315333
v -0.224191 0.018925 -0.308664
v -0.223589 0.024288 -0.305903
v -0.225210 0.032221 -0.296276
v -0.227671 0.037343 -0.292359
v -0.227676 0.017785 -0.307217
v -0.227074 0.023148 -0.304455
v -0.228695 0.031081 -0.294828
v -0.231156 0.036203 -0.290912
v -0.237543 0.024199 -0.288561
v -0.237318 0.027605 -0.287065
v -0.236353 0.032495 -0.286884
v -0.236264 0.034982 -0.285958
v -0.234934 0.024800 -0.289771
v -0.234709 0.028206 -0.288276
v -0.233744 0.033097 -0.288095
v -0.233655 0.035583 -0.287168
v -0.244867 0.022221 -0.290484
v -0.241197 0.025602 -0.291709
v -0.239195 0.029216 -0.291974
v -0.237375 0.033311 -0.291379
v -0.246296 0.022415 -0.292022
v -0.242626 0.025795 -0.293246
v -0.241028 0.030114 -0.293352
v -0.238804 0.033504 -0.292917
v -0.244193 0.021536 -0.297725
v -0.242162 0.024673 -0.294727
v -0.239287 0.028249 -0.290466
v -0.236970 0.032200 -0.290195
v -0.241818 0.021972 -0.299376
v -0.239787 0.025109 -0.296378
v -0.236912 0.028686 -0.292118
v -0.234595 0.032637 -0.291846
v -0.242743 0.018285 -0.302272
v -0.240761 0.023656 -0.294808
v -0.239483 0.026753 -0.292375
v -0.236801 0.033987 -0.290874
v -0.239043 0.018578 -0.303160
v -0.237030 0.023982 -0.295602
v -0.235714 0.027333 -0.293221
v -0.233063 0.034534 -0.291815
v -0.246552 0.019362 -0.296792
v -0.243054 0.022395 -0.293047
v -0.238572 0.027891 -0.289580
v -0.237413 0.032831 -0.288858
v -0.245270 0.020086 -0.300430
v -0.241772 0.023120 -0.296684
v -0.237290 0.028616 -0.293217
v -0.236132 0.033555 -0.292495
v -0.239550 0.015689 -0.285978
v -0.235965 0.024647 -0.284746
v -0.234491 0.030193 -0.286475
v -0.234955 0.033879 -0.283069
v -0.243360 0.015354 -0.286118
v -0.239775 0.024311 -0.284886
v -0.238301 0.029857 -0.286615
v -0.238764 0.033544 -0.283209
v -0.231165 0.014536 -0.293704
v -0.233051 0.019874 -0.296251
v -0.233429 0.029068 -0.291002
v -0.231682 0.035047 -0.285709
v -0.233940 0.013726 -0.291011
v -0.235826 0.019064 -0.293558
v -0.236204 0.028257 -0.288309
v -0.234282 0.034404 -0.282077
v -0.248436 0.016214 -0.291508
v -0.244375 0.020062 -0.290255
v -0.238695 0.026656 -0.290122
v -0.237539 0.032700 -0.288506
v -0.250452 0.016609 -0.294636
v -0.246391 0.020456 -0.293382
v -0.240710 0.027051 -0.293250
v -0.239555 0.033094 -0.291633
v -0.240531 0.010966 -0.273288
v -0.239760 0.019294 -0.280305
v -0.237403 0.029146 -0.285841
v -0.234804 0.033376 -0.285003
v -0.241074 0.014120 -0.270044
v -0.240094 0.022206 -0.276488
v -0.240263 0.028981 -0.283175
v -0.237873 0.033453 -0.282910
v -0.241494 0.020301 -0.278193
v -0.236877 0.023798 -0.279269
v -0.232032 0.029344 -0.282569
v -0.230592 0.033263 -0.284914
v -0.242821 0.019725 -0.281847
v -0.238205 0.023222 -0.282923
v -0.233359 0.028768 -0.286223
v -0.232761 0.033353 -0.289367
v -0.242942 0.017444 -0.276937
v -0.237563 0.024768 -0.275803
v -0.235532 0.028176 -0.276678
v -0.233642 0.034494 -0.281695
v -0.240586 0.017032 -0.279665
v -0.235208 0.024356 -0.278531
v -0.233217 0.027975 -0.279619
v -0.231066 0.033876 -0.281565
v -0.240526 0.023076 -0.276231
v -0.241411 0.025291 -0.280782
v -0.241998 0.029066 -0.283357
v -0.241712 0.031991 -0.286183
v -0.242395 0.023110 -0.275257
v -0.243280 0.025325 -0.279807
v -0.243867 0.029100 -0.282382
v -0.243581 0.032025 -0.285208
v -0.226180 0.026142 -0.274881
v -0.228764 0.028718 -0.280364
v -0.232210 0.032260 -0.285358
v -0.233883 0.034136 -0.287896
v -0.229284 0.026143 -0.272908
v -0.231466 0.027758 -0.279790
v -0.234047 0.030238 -0.285033
v -0.236586 0.033175 -0.287322
v -0.217056 0.020324 -0.268829
v -0.218395 0.025382 -0.277378
v -0.225416 0.031320 -0.282773
v -0.230589 0.036203 -0.285168
v -0.220456 0.018711 -0.269458
v -0.221805 0.023771 -0.278030
v -0.228999 0.029905 -0.283410
v -0.234163 0.034786 -0.285781
v -0.228280 0.026647 -0.273678
v -0.230299 0.026986 -0.281381
v -0.235241 0.030103 -0.286689
v -0.238625 0.033642 -0.287565
v -0.229677 0.023926 -0.274158
v -0.233025 0.026571 -0.278526
v -0.237951 0.029651 -0.283888
v -0.241335 0.033190 -0.284764
v -0.224315 0.014979 -0.267270
v -0.232592 0.022438 -0.270417
v -0.236594 0.030492 -0.273509
v -0.235998 0.034091 -0.277065
v -0.221187 0.016473 -0.265650
v -0.229463 0.023932 -0.268797
v -0.233466 0.031986 -0.271888
v -0.232870 0.035586 -0.275444
v -0.224976 0.015752 -0.266515
v -0.227019 0.020961 -0.263826
v -0.229252 0.029834 -0.269165
v -0.231461 0.035092 -0.276078
v -0.221390 0.016714 -0.267866
v -0.223433 0.021922 -0.265177
v -0.225665 0.030795 -0.270516
v -0.227875 0.036053 -0.277429
v -0.225674 0.017039 -0.271295
v -0.232290 0.019322 -0.275102
v -0.241035 0.027225 -0.279541
v -0.243487 0.032126 -0.281661
v -0.225425 0.017928 -0.267669
v -0.232041 0.020211 -0.271476
v -0.240786 0.028114 -0.275915
v -0.243238 0.033016 -0.278035
v -0.212406 0.020675 -0.261214
v -0.215348 0.025450 -0.262077
v -0.222396 0.032494 -0.269049
v -0.223985 0.037786 -0.273825
v -0.211683 0.020313 -0.264978
v -0.214624 0.025088 -0.265841
v -0.221672 0.032132 -0.272813
v -0.221177 0.037886 -0.275167
v -0.220036 0.019341 -0.266678
v -0.223261 0.023768 -0.269276
v -0.225903 0.031743 -0.278639
v -0.226364 0.037527 -0.282375
v -0.216460 0.020140 -0.268131
v -0.219685 0.024567 -0.270730
v -0.222326 0.032542 -0.280092
v -0.222788 0.038327 -0.283828
v -0.203900 0.028426 -0.273096
v -0.208335 0.032589 -0.280776
v -0.210580 0.034247 -0.282799
v -0.214577 0.038518 -0.285801
v -0.207243 0.026803 -0.272229
v -0.211678 0.030966 -0.279910
v -0.214083 0.032823 -0.281873
v -0.218080 0.037094 -0.284875
v -0.201250 0.031400 -0.278481
v -0.205827 0.032393 -0.282159
v -0.212484 0.035018 -0.285491
v -0.215961 0.038721 -0.286080
v -0.202692 0.031274 -0.274833
v -0.207269 0.032266 -0.278512
v -0.213926 0.034891 -0.281844
v -0.217340 0.038035 -0.282829
v -0.205491 0.025112 -0.289365
v -0.213029 0.031065 -0.290483
v -0.216633 0.034615 -0.288273
v -0.218206 0.037943 -0.291152
v -0.202022 0.026722 -0.289204
v -0.209561 0.032674 -0.290322
v -0.213165 0.036225 -0.288112
v -0.214688 0.039800 -0.291263
v -0.203549 0.033981 -0.292877
v -0.207341 0.033916 -0.290226
v -0.211456 0.035769 -0.286096
v -0.213112 0.039101 -0.283921
v -0.201240 0.034794 -0.291274
v -0.205032 0.034728 -0.288623
v -0.209146 0.036581 -0.284493
v -0.210802 0.039914 -0.282318
v -0.208420 0.032277 -0.299662
v -0.207286 0.035522 -0.296868
v -0.207036 0.038003 -0.294846
v -0.209526 0.041899 -0.294361
v -0.207810 0.032917 -0.301633
v -0.206675 0.036161 -0.298838
v -0.207857 0.039674 -0.298293
v -0.208916 0.042539 -0.296331
v -0.224874 0.018739 -0.318811
v -0.223429 0.024344 -0.317009
v -0.221575 0.033223 -0.308294
v -0.222541 0.038744 -0.304266
v -0.227547 0.017795 -0.316071
v -0.226102 0.023400 -0.314269
v -0.224248 0.032279 -0.305554
v -0.225214 0.037800 -0.301526
v -0.217422 0.029877 -0.294461
v -0.215872 0.032988 -0.291348
v -0.213857 0.037860 -0.288345
v -0.212963 0.040412 -0.286429
v -0.216022 0.031808 -0.294860
v -0.213984 0.033749 -0.293450
v -0.211974 0.038633 -0.290459
v -0.211075 0.041173 -0.288532
v -0.218830 0.029272 -0.302694
v -0.216630 0.032871 -0.304046
v -0.216372 0.037815 -0.303430
v -0.215281 0.041195 -0.302803
v -0.220690 0.029235 -0.303792
v -0.218489 0.032834 -0.305144
v -0.218231 0.037778 -0.304528
v -0.217140 0.041158 -0.303902
v -0.224090 0.018739 -0.302651
v -0.220085 0.023377 -0.296375
v -0.215056 0.033851 -0.290213
v -0.214827 0.039256 -0.287305
v -0.222302 0.019856 -0.305886
v -0.219198 0.026802 -0.301975
v -0.213596 0.034754 -0.293996
v -0.213039 0.040372 -0.290540
v -0.218281 0.017561 -0.303411
v -0.214804 0.024080 -0.304945
v -0.216036 0.033235 -0.300479
v -0.216056 0.038455 -0.296482
v -0.221993 0.017142 -0.304413
v -0.218517 0.023661 -0.305947
v -0.219749 0.032816 -0.301482
v -0.221774 0.037879 -0.295836
v -0.221945 0.016380 -0.304034
v -0.217389 0.025304 -0.298428
v -0.216002 0.034983 -0.294259
v -0.218452 0.038008 -0.292135
v -0.223644 0.016913 -0.307295
v -0.219088 0.025836 -0.301689
v -0.217702 0.035516 -0.297520
v -0.219949 0.038489 -0.295419
v -0.224265 0.026701 -0.302274
v -0.224300 0.027789 -0.298137
v -0.223208 0.032164 -0.291443
v -0.222085 0.036093 -0.288682
v -0.221759 0.026308 -0.301464
v -0.220559 0.028645 -0.298718
v -0.219421 0.032910 -0.292184
v -0.218610 0.036337 -0.289201
v -0.225986 0.018854 -0.313910
v -0.229833 0.023851 -0.306832
v -0.227112 0.031262 -0.299662
v -0.224957 0.037205 -0.295502
v -0.223513 0.018384 -0.311298
v -0.227360 0.023382 -0.304219
v -0.224490 0.031050 -0.296992
v -0.224510 0.036271 -0.292995
v -0.222195 0.028707 -0.299553
v -0.218381 0.032096 -0.298951
v -0.216470 0.037156 -0.297618
v -0.214621 0.040427 -0.296033
v -0.222940 0.029090 -0.301487
v -0.219126 0.032479 -0.300886
v -0.217215 0.037540 -0.299553
v -0.215366 0.040810 -0.297967
v -0.223434 0.027483 -0.298834
v -0.222728 0.030251 -0.294988
v -0.221455 0.034463 -0.288136
v -0.219397 0.038256 -0.286745
v -0.219420 0.029387 -0.300334
v -0.219912 0.030788 -0.295568
v -0.218638 0.035000 -0.288717
v -0.216580 0.038794 -0.287327
v -0.227246 0.018220 -0.306509
v -0.228792 0.023189 -0.297696
v -0.225632 0.031175 -0.292441
v -0.223325 0.037726 -0.289953
v -0.223489 0.018504 -0.305902
v -0.225035 0.023473 -0.297089
v -0.221824 0.031716 -0.291842
v -0.221844 0.036936 -0.287844
v -0.221169 0.027264 -0.298557
v -0.218433 0.030356 -0.294018
v -0.215667 0.035359 -0.288575
v -0.214952 0.040168 -0.286956
v -0.218160 0.027143 -0.302822
v -0.215940 0.031544 -0.296608
v -0.213117 0.036409 -0.291366
v -0.212401 0.041218 -0.289747
v -0.218256 0.017313 -0.308248
v -0.214997 0.026647 -0.305173
v -0.215575 0.035481 -0.301724
v -0.217866 0.038178 -0.298059
v -0.221726 0.017092 -0.309847
v -0.218467 0.026427 -0.306772
v -0.219045 0.035260 -0.303323
v -0.221336 0.037957 -0.299658
v -0.218120 0.018294 -0.308897
v -0.218977 0.023906 -0.311407
v -0.221434 0.032537 -0.305777
v -0.222084 0.037975 -0.298718
v -0.221695 0.017291 -0.307547
v -0.222552 0.022904 -0.310056
v -0.225009 0.031534 -0.304426
v -0.225654 0.036971 -0.297394
v -0.218161 0.019595 -0.304070
v -0.213394 0.025006 -0.300009
v -0.209692 0.036092 -0.295261
v -0.209996 0.041498 -0.292968
v -0.218851 0.020353 -0.307668
v -0.214084 0.025763 -0.303608
v -0.210382 0.036849 -0.298859
v -0.210687 0.042255 -0.296566
v -0.231512 0.016436 -0.314147
v -0.231628 0.021871 -0.312792
v -0.228986 0.031275 -0.305547
v -0.229932 0.036643 -0.300916
v -0.231926 0.015644 -0.310403
v -0.232042 0.021080 -0.309047
v -0.229401 0.030483 -0.301803
v -0.230346 0.035851 -0.297171
v -0.213663 0.032291 -0.293389
v -0.218304 0.033696 -0.293751
v -0.221422 0.035578 -0.293609
v -0.222327 0.038492 -0.292635
v -0.213837 0.032225 -0.291145
v -0.218478 0.033629 -0.291507
v -0.221570 0.036342 -0.290647
v -0.222501 0.038446 -0.290374
v -0.217682 0.029107 -0.283277
v -0.216365 0.031481 -0.286108
v -0.217126 0.035282 -0.289102
v -0.218041 0.037702 -0.290082
v -0.220795 0.029189 -0.282631
v -0.219095 0.030643 -0.286801
v -0.219856 0.034444 -0.289795
v -0.222656 0.037569 -0.289836
v -0.213965 0.019415 -0.282712
v -0.212728 0.026570 -0.286095
v -0.217790 0.033363 -0.286969
v -0.222136 0.038684 -0.285864
v -0.216970 0.018421 -0.285055
v -0.215735 0.025586 -0.288458
v -0.220973 0.032557 -0.289187
v -0.225317 0.037868 -0.288062
v -0.212765 0.029100 -0.286379
v -0.213952 0.032096 -0.289816
v -0.216861 0.036221 -0.292492
v -0.218528 0.038856 -0.291037
v -0.216207 0.028024 -0.284774
v -0.217394 0.031020 -0.288211
v -0.220303 0.035144 -0.290888
v -0.222180 0.037988 -0.289017
v -0.215972 0.019593 -0.301633
v -0.222466 0.026675 -0.299871
v -0.225634 0.035519 -0.296683
v -0.223178 0.038571 -0.297259
v -0.213530 0.020196 -0.298586
v -0.220024 0.027279 -0.296824
v -0.223192 0.036123 -0.293636
v -0.220736 0.039175 -0.294212
v -0.218454 0.017572 -0.290324
v -0.220732 0.022308 -0.287865
v -0.225500 0.031068 -0.289183
v -0.226087 0.037160 -0.289021
v -0.216588 0.018362 -0.293699
v -0.218865 0.023099 -0.291240
v -0.223634 0.031858 -0.292558
v -0.224221 0.037950 -0.292396
v -0.208705 0.028190 -0.292649
v -0.212237 0.030803 -0.294606
v -0.218771 0.034843 -0.295653
v -0.220188 0.038886 -0.294226
v -0.209615 0.027839 -0.288820
v -0.213147 0.030451 -0.290777
v -0.219681 0.034492 -0.291824
v -0.221086 0.038576 -0.290353
v -0.224313 0.016980 -0.301851
v -0.227244 0.020844 -0.295692
v -0.227974 0.030385 -0.293429
v -0.228092 0.037247 -0.295403
v -0.220500 0.017999 -0.301684
v -0.223430 0.021863 -0.295525
v -0.224160 0.031404 -0.293263
v -0.224278 0.038266 -0.295236
v -0.227589 0.015775 -0.273669
v -0.225541 0.025176 -0.275120
v -0.226907 0.033998 -0.278174
v -0.230550 0.035686 -0.277642
v -0.230031 0.015171 -0.276716
v -0.227983 0.024572 -0.278167
v -0.229349 0.033395 -0.281221
v -0.232992 0.035082 -0.280689
v -0.224481 0.015870 -0.285098
v -0.224896 0.021185 -0.287390
v -0.225133 0.031109 -0.285762
v -0.227672 0.036680 -0.285730
v -0.226464 0.015517 -0.281716
v -0.226879 0.020831 -0.284008
v -0.227117 0.030756 -0.282380
v -0.229655 0.036327 -0.282348
v -0.238363 0.019852 -0.282577
v -0.236653 0.023785 -0.280527
v -0.233108 0.029884 -0.279356
v -0.233504 0.035762 -0.280619
v -0.237431 0.020122 -0.286406
v -0.235721 0.024055 -0.284356
v -0.232176 0.030153 -0.283186
v -0.232572 0.036031 -0.284448
v -0.223808 0.020856 -0.258062
v -0.222589 0.026219 -0.255512
v -0.221959 0.034152 -0.245770
v -0.223456 0.039274 -0.241393
v -0.226868 0.019715 -0.255853
v -0.225649 0.025078 -0.253304
v -0.225019 0.033011 -0.243562
v -0.226517 0.038133 -0.239185
v -0.232195 0.026129 -0.235432
v -0.231633 0.029535 -0.234028
v -0.230652 0.034426 -0.234073
v -0.230353 0.036912 -0.233192
v -0.229933 0.026730 -0.237209
v -0.229371 0.030136 -0.235804
v -0.228390 0.035027 -0.235850
v -0.228091 0.037513 -0.234968
v -0.239765 0.024152 -0.235625
v -0.236474 0.027532 -0.237658
v -0.234585 0.031146 -0.238376
v -0.232678 0.035241 -0.238214
v -0.241508 0.024345 -0.236794
v -0.238217 0.027725 -0.238827
v -0.236685 0.032045 -0.239297
v -0.234421 0.035435 -0.239383
v -0.240768 0.023466 -0.242827
v -0.238104 0.026603 -0.240375
v -0.234329 0.030180 -0.236887
v -0.232012 0.034131 -0.237154
v -0.238836 0.023903 -0.244979
v -0.236172 0.027040 -0.242527
v -0.232396 0.030616 -0.239039
v -0.230079 0.034567 -0.239306
v -0.240400 0.020216 -0.247586
v -0.236760 0.025586 -0.240775
v -0.234958 0.028683 -0.238700
v -0.232003 0.035917 -0.237854
v -0.237002 0.020509 -0.249299
v -0.233310 0.025913 -0.242403
v -0.231483 0.029264 -0.240388
v -0.228581 0.036464 -0.239627
v -0.242851 0.021292 -0.241379
v -0.238587 0.024326 -0.238535
v -0.233430 0.029822 -0.236188
v -0.232137 0.034761 -0.235751
v -0.242437 0.022017 -0.245213
v -0.238174 0.025050 -0.242370
v -0.233017 0.030546 -0.240023
v -0.231723 0.035485 -0.239585
v -0.233556 0.017620 -0.232458
v -0.229784 0.026577 -0.232081
v -0.228746 0.032123 -0.234101
v -0.228416 0.035810 -0.230680
v -0.237296 0.017284 -0.231721
v -0.233525 0.026242 -0.231343
v -0.232486 0.031788 -0.233364
v -0.232156 0.035474 -0.229943
v -0.227166 0.016467 -0.241901
v -0.229586 0.021804 -0.243948
v -0.228751 0.030998 -0.238752
v -0.225836 0.036978 -0.234000
v -0.229250 0.015657 -0.238643
v -0.231669 0.020994 -0.240690
v -0.230834 0.030188 -0.235494
v -0.227534 0.036334 -0.229869
v -0.243473 0.018144 -0.235803
v -0.239233 0.021992 -0.235515
v -0.233674 0.028587 -0.236688
v -0.232178 0.034630 -0.235379
v -0.246152 0.018539 -0.238386
v -0.241912 0.022387 -0.238097
v -0.236353 0.028981 -0.239270
v -0.234857 0.035025 -0.237961
v -0.231601 0.012897 -0.219881
v -0.232460 0.021225 -0.226888
v -0.231435 0.031077 -0.232817
v -0.228713 0.035306 -0.232597
v -0.231386 0.016051 -0.216599
v -0.231909 0.024137 -0.223096
v -0.233607 0.030912 -0.229566
v -0.231220 0.035383 -0.229856
v -0.233664 0.022231 -0.224435
v -0.229416 0.025728 -0.226540
v -0.225456 0.031275 -0.230864
v -0.224593 0.035194 -0.233477
v -0.235793 0.021655 -0.227687
v -0.231546 0.025152 -0.229793
v -0.227586 0.030699 -0.234116
v -0.227724 0.035284 -0.237313
v -0.234785 0.019374 -0.222880
v -0.229289 0.026698 -0.223010
v -0.227513 0.030106 -0.224327
v -0.226824 0.036425 -0.229644
v -0.233117 0.018962 -0.226076
v -0.227622 0.026286 -0.226205
v -0.225934 0.029906 -0.227721
v -0.224286 0.035806 -0.230108
v -0.232271 0.025007 -0.222747
v -0.234176 0.027222 -0.226973
v -0.235338 0.030996 -0.229345
v -0.235707 0.033922 -0.232162
v -0.233867 0.025040 -0.221370
v -0.235772 0.027255 -0.225596
v -0.236933 0.031030 -0.227968
v -0.237303 0.033955 -0.230784
v -0.217998 0.028073 -0.224722
v -0.221770 0.030649 -0.229466
v -0.226269 0.034191 -0.233538
v -0.228480 0.036066 -0.235624
v -0.220567 0.028074 -0.222090
v -0.224269 0.029688 -0.228288
v -0.227984 0.032169 -0.232800
v -0.230979 0.035106 -0.234446
v -0.207730 0.022254 -0.220923
v -0.210993 0.027312 -0.228938
v -0.219064 0.033250 -0.232579
v -0.224648 0.038133 -0.233724
v -0.211183 0.020641 -0.220756
v -0.214462 0.025702 -0.228791
v -0.222698 0.031836 -0.232378
v -0.228267 0.036716 -0.233502
v -0.219767 0.028577 -0.223069
v -0.223498 0.028916 -0.230104
v -0.229525 0.032034 -0.234138
v -0.233019 0.035573 -0.234215
v -0.221236 0.025856 -0.223216
v -0.225497 0.028501 -0.226700
v -0.231521 0.031582 -0.230790
v -0.235016 0.035120 -0.230867
v -0.214438 0.016909 -0.217742
v -0.223215 0.024368 -0.218907
v -0.227820 0.032422 -0.220999
v -0.228055 0.036022 -0.224597
v -0.211021 0.018403 -0.216882
v -0.219799 0.025863 -0.218047
v -0.224404 0.033917 -0.220139
v -0.224639 0.037516 -0.223737
v -0.214908 0.017683 -0.216855
v -0.216280 0.022891 -0.213769
v -0.219677 0.031764 -0.218454
v -0.223413 0.037022 -0.224676
v -0.211728 0.018644 -0.218992
v -0.213100 0.023853 -0.215906
v -0.216496 0.032726 -0.220592
v -0.220232 0.037983 -0.226814
v -0.216683 0.018969 -0.221347
v -0.223996 0.021252 -0.223536
v -0.233526 0.029155 -0.225852
v -0.236399 0.034057 -0.227353
v -0.215609 0.019858 -0.217875
v -0.222922 0.022142 -0.220064
v -0.232452 0.030044 -0.222379
v -0.235325 0.034946 -0.223881
v -0.201458 0.022606 -0.214577
v -0.204518 0.027381 -0.214743
v -0.212977 0.034424 -0.219913
v -0.215619 0.039717 -0.224198
v -0.201616 0.022244 -0.218407
v -0.204677 0.027019 -0.218573
v -0.213136 0.034062 -0.223742
v -0.213194 0.039816 -0.226148
v -0.210137 0.021271 -0.218146
v -0.213872 0.025698 -0.219936
v -0.218590 0.033673 -0.228444
v -0.219895 0.039458 -0.231974
v -0.206989 0.022071 -0.220381
v -0.210724 0.026498 -0.222171
v -0.215442 0.034473 -0.230678
v -0.216748 0.040257 -0.234209
v -0.195902 0.030356 -0.228093
v -0.201980 0.034520 -0.234552
v -0.204629 0.036177 -0.236006
v -0.209208 0.040448 -0.238012
v -0.198958 0.028734 -0.226483
v -0.205035 0.032897 -0.232942
v -0.207826 0.034754 -0.234302
v -0.212405 0.039025 -0.236307
v -0.194557 0.033330 -0.233942
v -0.199856 0.034323 -0.236473
v -0.207100 0.036948 -0.238190
v -0.210619 0.040651 -0.237966
v -0.195125 0.033204 -0.230061
v -0.200423 0.034197 -0.232592
v -0.207667 0.036822 -0.234309
v -0.211215 0.039965 -0.234486
v -0.201181 0.027042 -0.243564
v -0.208775 0.032995 -0.242924
v -0.211776 0.036546 -0.239946
v -0.213967 0.039873 -0.242388
v -0.197768 0.028652 -0.244202
v -0.205362 0.034605 -0.243563
v -0.208363 0.038155 -0.240585
v -0.210569 0.041730 -0.243303
v -0.200096 0.035912 -0.247428
v -0.203179 0.035846 -0.243978
v -0.206237 0.037699 -0.239014
v -0.207351 0.041032 -0.236517
v -0.197481 0.036724 -0.246397
v -0.200564 0.036659 -0.242947
v -0.203622 0.038512 -0.237983
v -0.204735 0.041844 -0.235487
v -0.206393 0.034207 -0.252915
v -0.204648 0.037452 -0.250455
v -0.203941 0.039933 -0.248545
v -0.206254 0.043829 -0.247501
v -0.206251 0.034847 -0.254973
v -0.204506 0.038092 -0.252513
v -0.205531 0.041605 -0.251712
v -0.206112 0.044469 -0.249559
v -0.226799 0.020670 -0.267781
v -0.224980 0.026274 -0.266359
v -0.221176 0.035154 -0.258301
v -0.221194 0.040674 -0.254159
v -0.228773 0.019725 -0.264502
v -0.226953 0.025330 -0.263079
v -0.223150 0.034210 -0.255021
v -0.223167 0.039730 -0.250879
v -0.213963 0.031807 -0.245789
v -0.211740 0.034918 -0.243114
v -0.209090 0.039790 -0.240653
v -0.207781 0.042343 -0.238993
v -0.212692 0.033739 -0.246498
v -0.210384 0.035679 -0.245593
v -0.207742 0.040564 -0.243143
v -0.206425 0.043104 -0.241472
v -0.217221 0.031202 -0.253479
v -0.215389 0.034801 -0.255300
v -0.214997 0.039745 -0.254760
v -0.213791 0.043125 -0.254400
v -0.219283 0.031165 -0.254122
v -0.217451 0.034765 -0.255942
v -0.217059 0.039709 -0.255402
v -0.215853 0.043089 -0.255042
v -0.222331 0.020670 -0.252232
v -0.216993 0.025308 -0.247041
v -0.210686 0.035781 -0.242196
v -0.209797 0.041186 -0.239418
v -0.221332 0.021786 -0.255790
v -0.217414 0.028732 -0.252695
v -0.210132 0.036685 -0.246213
v -0.208797 0.042302 -0.242977
v -0.216850 0.019491 -0.254303
v -0.213818 0.026010 -0.256593
v -0.213993 0.035165 -0.251964
v -0.213096 0.040385 -0.248069
v -0.220694 0.019072 -0.254427
v -0.217662 0.025591 -0.256718
v -0.217837 0.034746 -0.252089
v -0.218514 0.039810 -0.246129
v -0.220560 0.018311 -0.254069
v -0.214840 0.027234 -0.249657
v -0.212535 0.036913 -0.245918
v -0.214432 0.039938 -0.243288
v -0.222961 0.018844 -0.256854
v -0.217242 0.027767 -0.252442
v -0.214936 0.037446 -0.248702
v -0.216642 0.040419 -0.246142
v -0.222414 0.028631 -0.251824
v -0.221500 0.029720 -0.247790
v -0.218903 0.034094 -0.241525
v -0.217176 0.038024 -0.239094
v -0.219790 0.028239 -0.251610
v -0.217992 0.030576 -0.249213
v -0.215387 0.034840 -0.243114
v -0.213913 0.038267 -0.240397
v -0.226758 0.020784 -0.262756
v -0.228879 0.025782 -0.254984
v -0.224587 0.033193 -0.248630
v -0.221536 0.039136 -0.245074
v -0.223751 0.020315 -0.260781
v -0.225873 0.025313 -0.253008
v -0.221423 0.032981 -0.246632
v -0.220526 0.038201 -0.242736
v -0.219776 0.030637 -0.249650
v -0.215925 0.034026 -0.249939
v -0.213759 0.039087 -0.249080
v -0.211597 0.042357 -0.247961
v -0.220945 0.031021 -0.251362
v -0.217094 0.034409 -0.251651
v -0.214928 0.039470 -0.250792
v -0.212766 0.042740 -0.249673
v -0.220817 0.029414 -0.248666
v -0.219248 0.032182 -0.245085
v -0.216437 0.036393 -0.238707
v -0.214116 0.040186 -0.237825
v -0.217254 0.031317 -0.251047
v -0.216640 0.032719 -0.246296
v -0.213829 0.036930 -0.239918
v -0.211507 0.040724 -0.239037
v -0.226287 0.020150 -0.255263
v -0.225771 0.025120 -0.246330
v -0.221491 0.033106 -0.241940
v -0.218674 0.039657 -0.240048
v -0.222491 0.020434 -0.255533
v -0.221975 0.025404 -0.246601
v -0.217647 0.033646 -0.242230
v -0.216749 0.038867 -0.238334
v -0.218549 0.029194 -0.248917
v -0.214845 0.032286 -0.245125
v -0.210905 0.037290 -0.240461
v -0.209838 0.042098 -0.239050
v -0.216598 0.029074 -0.253758
v -0.213012 0.033474 -0.248218
v -0.209063 0.038340 -0.243763
v -0.207995 0.043149 -0.242352
v -0.217935 0.019243 -0.259017
v -0.214059 0.028578 -0.256771
v -0.213830 0.037411 -0.253282
v -0.215220 0.040108 -0.249189
v -0.221679 0.019023 -0.259778
v -0.217803 0.028357 -0.257532
v -0.217574 0.037191 -0.254043
v -0.218964 0.039888 -0.249950
v -0.217952 0.020224 -0.259680
v -0.219361 0.025837 -0.261926
v -0.220462 0.034467 -0.255883
v -0.219477 0.039906 -0.248864
v -0.221122 0.019222 -0.257546
v -0.222531 0.024835 -0.259792
v -0.223632 0.033465 -0.253749
v -0.222648 0.038902 -0.246756
v -0.216885 0.021526 -0.254972
v -0.211314 0.026936 -0.252113
v -0.206621 0.038022 -0.248339
v -0.206392 0.043428 -0.246038
v -0.218382 0.022283 -0.258316
v -0.212811 0.027694 -0.255457
v -0.208119 0.038780 -0.251684
v -0.207889 0.044186 -0.249382
v -0.232190 0.018366 -0.261720
v -0.231993 0.023802 -0.260374
v -0.227761 0.033205 -0.253928
v -0.227619 0.038573 -0.249203
v -0.231735 0.017575 -0.257980
v -0.231538 0.023010 -0.256634
v -0.227306 0.032413 -0.250188
v -0.227164 0.037782 -0.245464
v -0.210058 0.034221 -0.245607
v -0.214658 0.035626 -0.244895
v -0.217661 0.037509 -0.244042
v -0.218318 0.040422 -0.242887
v -0.209713 0.034155 -0.243383
v -0.214313 0.035560 -0.242671
v -0.217126 0.038272 -0.241125
v -0.217969 0.040376 -0.240646
v -0.211651 0.031037 -0.234843
v -0.211018 0.033412 -0.237901
v -0.212446 0.037213 -0.240640
v -0.213561 0.039632 -0.241384
v -0.214534 0.031119 -0.233500
v -0.213835 0.032574 -0.237949
v -0.215262 0.036375 -0.240689
v -0.217996 0.039499 -0.240087
v -0.207904 0.021346 -0.235145
v -0.207475 0.028500 -0.238722
v -0.212603 0.035293 -0.238411
v -0.216580 0.040614 -0.236340
v -0.211366 0.020352 -0.236736
v -0.210944 0.027516 -0.240333
v -0.216210 0.034488 -0.239841
v -0.220180 0.039799 -0.237750
v -0.207577 0.031030 -0.238989
v -0.209520 0.034027 -0.242063
v -0.212965 0.038151 -0.244001
v -0.214254 0.040787 -0.242202
v -0.210559 0.029954 -0.236639
v -0.212502 0.032950 -0.239712
v -0.215948 0.037075 -0.241650
v -0.217346 0.039918 -0.239398
v -0.214195 0.021523 -0.253102
v -0.220113 0.028606 -0.249898
v -0.222465 0.037449 -0.246068
v -0.220206 0.040502 -0.247192
v -0.211120 0.022127 -0.250696
v -0.217037 0.029209 -0.247492
v -0.219390 0.038053 -0.243662
v -0.217131 0.041105 -0.244786
v -0.214019 0.019502 -0.241525
v -0.215672 0.024239 -0.238610
v -0.220616 0.032998 -0.238799
v -0.221149 0.039090 -0.238507
v -0.212976 0.020292 -0.245238
v -0.214629 0.025029 -0.242323
v -0.219573 0.033788 -0.242512
v -0.220107 0.039880 -0.242219
v -0.205063 0.030120 -0.246023
v -0.208949 0.032733 -0.247118
v -0.215549 0.036773 -0.246639
v -0.216601 0.040816 -0.244926
v -0.205071 0.029769 -0.242088
v -0.208957 0.032382 -0.243183
v -0.215557 0.036422 -0.242704
v -0.216587 0.040506 -0.240950
v -0.222365 0.018911 -0.251401
v -0.223805 0.022774 -0.244735
v -0.223997 0.032315 -0.242365
v -0.224564 0.039177 -0.244259
v -0.218614 0.019930 -0.252113
v -0.220055 0.023793 -0.245447
v -0.220246 0.033334 -0.243077
v -0.220814 0.040196 -0.244971
v -0.219092 0.017705 -0.223219
v -0.217431 0.027106 -0.225101
v -0.219461 0.035929 -0.227761
v -0.222884 0.037616 -0.226408
v -0.222167 0.017102 -0.225625
v -0.220507 0.026502 -0.227507
v -0.222536 0.035325 -0.230167
v -0.225960 0.037012 -0.228814
v -0.218686 0.017801 -0.235057
v -0.219616 0.023115 -0.237192
v -0.219474 0.033040 -0.235553
v -0.221938 0.038611 -0.234940
v -0.219841 0.017447 -0.231310
v -0.220771 0.022762 -0.233445
v -0.220629 0.032686 -0.231806
v -0.223093 0.038257 -0.231194
v -0.231621 0.021782 -0.229419
v -0.229486 0.025715 -0.227816
v -0.225768 0.031814 -0.227490
v -0.226443 0.037692 -0.228628
v -0.231592 0.022052 -0.233361
v -0.229457 0.025985 -0.231757
v -0.225739 0.032084 -0.231431
v -0.226414 0.037962 -0.232569
v -0.219683 0.020856 -0.215592
v -0.218465 0.026219 -0.213042
v -0.217835 0.034152 -0.203300
v -0.219332 0.039274 -0.198923
v -0.222744 0.019715 -0.213384
v -0.221525 0.025078 -0.210834
v -0.220895 0.033011 -0.201092
v -0.222392 0.038133 -0.196715
v -0.228071 0.026129 -0.192962
v -0.227509 0.029535 -0.191558
v -0.226528 0.034426 -0.191603
v -0.226229 0.036912 -0.190722
v -0.225809 0.026730 -0.194739
v -0.225247 0.030136 -0.193335
v -0.224266 0.035027 -0.193380
v -0.223967 0.037513 -0.192499
v -0.235641 0.024152 -0.193155
v -0.232349 0.027532 -0.195188
v -0.230461 0.031146 -0.195906
v -0.228554 0.035241 -0.195744
v -0.237384 0.024345 -0.194324
v -0.234093 0.027725 -0.196358
v -0.232561 0.032045 -0.196827
v -0.230297 0.035435 -0.196914
v -0.236644 0.023466 -0.200357
v -0.233980 0.026603 -0.197905
v -0.230205 0.030180 -0.194417
v -0.227887 0.034131 -0.194684
v -0.234711 0.023903 -0.202510
v -0.232047 0.027040 -0.200057
v -0.228272 0.030616 -0.196569
v -0.225955 0.034567 -0.196836
v -0.236276 0.020216 -0.205116
v -0.232636 0.025586 -0.198306
v -0.230834 0.028683 -0.196231
v -0.227879 0.035917 -0.195385
v -0.232878 0.020509 -0.206829
v -0.229186 0.025913 -0.199933
v -0.227359 0.029264 -0.197918
v -0.224456 0.036464 -0.197157
v -0.238727 0.021292 -0.198909
v -0.234463 0.024326 -0.196065
v -0.229306 0.029822 -0.193718
v -0.228013 0.034761 -0.193281
v -0.238313 0.022017 -0.202743
v -0.234049 0.025050 -0.199900
v -0.228892 0.030546 -0.197553
v -0.227599 0.035485 -0.197116
v -0.229432 0.017620 -0.189988
v -0.225660 0.026577 -0.189611
v -0.224622 0.032123 -0.191631
v -0.224292 0.035810 -0.188210
v -0.233172 0.017284 -0.189251
v -0.229400 0.026242 -0.188874
v -0.228362 0.031788 -0.190894
v -0.228032 0.035474 -0.187473
v -0.223042 0.016467 -0.199431
v -0.225461 0.021804 -0.201478
v -0.224626 0.030998 -0.196282
v -0.221711 0.036978 -0.191530
v -0.225125 0.015657 -0.196173
v -0.227545 0.020994 -0.198220
v -0.226710 0.030188 -0.193024
v -0.223410 0.036334 -0.187399
v -0.239349 0.018144 -0.193334
v -0.235109 0.021992 -0.193045
v -0.229550 0.028587 -0.194218
v -0.228054 0.034630 -0.192910
v -0.242028 0.018539 -0.195916
v -0.237788 0.022387 -0.195627
v -0.232229 0.028981 -0.196800
v -0.230733 0.035025 -0.195492
v -0.227477 0.012897 -0.177411
v -0.228336 0.021225 -0.184419
v -0.227311 0.031077 -0.190347
v -0.224589 0.035306 -0.190128
v -0.227261 0.016051 -0.174129
v -0.227785 0.024137 -0.180626
v -0.229483 0.030912 -0.187096
v -0.227096 0.035383 -0.187386
v -0.229539 0.022231 -0.181965
v -0.225292 0.025728 -0.184070
v -0.221332 0.031275 -0.188394
v -0.220468 0.035194 -0.191007
v -0.231669 0.021655 -0.185218
v -0.227422 0.025152 -0.187323
v -0.223462 0.030699 -0.191647
v -0.223600 0.035284 -0.194843
v -0.230661 0.019374 -0.180411
v -0.225165 0.026698 -0.180540
v -0.223389 0.030106 -0.181858
v -0.222699 0.036425 -0.187174
v -0.228993 0.018962 -0.183606
v -0.223498 0.026286 -0.183735
v -0.221810 0.029906 -0.185251
v -0.220162 0.035806 -0.187638
v -0.228147 0.025007 -0.180278
v -0.230052 0.027222 -0.184504
v -0.231213 0.030996 -0.186876
v -0.231583 0.033922 -0.189692
v -0.229743 0.025040 -0.178900
v -0.231648 0.027255 -0.183126
v -0.232809 0.031030 -0.185498
v -0.233179 0.033955 -0.188314
v -0.213874 0.028073 -0.182253
v -0.217646 0.030649 -0.186996
v -0.222145 0.034191 -0.191068
v -0.224356 0.036066 -0.193154
v -0.216443 0.028074 -0.179620
v -0.220145 0.029688 -0.185818
v -0.223859 0.032169 -0.190330
v -0.226855 0.035106 -0.191976
v -0.203605 0.022254 -0.178454
v -0.206869 0.027312 -0.186468
v -0.214940 0.033250 -0.190109
v -0.220524 0.038133 -0.191254
v -0.207059 0.020641 -0.178286
v -0.210337 0.025702 -0.186321
v -0.218574 0.031836 -0.189908
v -0.224143 0.036716 -0.191032
v -0.215642 0.028577 -0.180599
v -0.219374 0.028916 -0.187635
v -0.225400 0.032034 -0.191668
v -0.228895 0.035573 -0.191745
v -0.217112 0.025856 -0.180746
v -0.221373 0.028501 -0.184230
v -0.227397 0.031582 -0.188320
v -0.230891 0.035120 -0.188397
v -0.210314 0.016909 -0.175272
v -0.219091 0.024368 -0.176437
v -0.223696 0.032422 -0.178529
v -0.223931 0.036022 -0.182127
v -0.206897 0.018403 -0.174412
v -0.215674 0.025863 -0.175577
v -0.220279 0.033917 -0.177669
v -0.220515 0.037516 -0.181267
v -0.210784 0.017683 -0.174385
v -0.212156 0.022891 -0.171299
v -0.215553 0.031764 -0.175984
v -0.219289 0.037022 -0.182207
v -0.207603 0.018644 -0.176523
v -0.208975 0.023853 -0.173437
v -0.212372 0.032726 -0.178122
v -0.216108 0.037983 -0.184344
v -0.212559 0.018969 -0.178877
v -0.219872 0.021252 -0.181067
v -0.229402 0.029155 -0.183382
v -0.232275 0.034057 -0.184884
v -0.211485 0.019858 -0.175405
v -0.218798 0.022142 -0.177595
v -0.228328 0.030044 -0.179910
v -0.231201 0.034946 -0.181411
v -0.197333 0.022606 -0.172108
v -0.200394 0.027381 -0.172273
v -0.208853 0.034424 -0.177443
v -0.211495 0.039717 -0.181728
v -0.197492 0.022244 -0.175937
v -0.200553 0.027019 -0.176103
v -0.209012 0.034062 -0.181273
v -0.209069 0.039816 -0.183678
v -0.206013 0.021271 -0.175676
v -0.209748 0.025698 -0.177466
v -0.214466 0.033673 -0.185974
v -0.215771 0.039458 -0.189504
v -0.202865 0.022071 -0.177911
v -0.206600 0.026498 -0.179701
v -0.211318 0.034473 -0.188208
v -0.212623 0.040257 -0.191739
v -0.191778 0.030356 -0.185623
v -0.197856 0.034520 -0.192082
v -0.200505 0.036177 -0.193536
v -0.205084 0.040448 -0.195542
v -0.194833 0.028733 -0.184013
v -0.200911 0.032897 -0.190472
v -0.203702 0.034754 -0.191832
v -0.208281 0.039025 -0.193838
v -0.190433 0.033330 -0.191472
v -0.195732 0.034323 -0.194003
v -0.202976 0.036948 -0.195720
v -0.206495 0.040651 -0.195496
v -0.191001 0.033204 -0.187591
v -0.196299 0.034197 -0.190123
v -0.203543 0.036822 -0.191840
v -0.207091 0.039965 -0.192016
v -0.197056 0.027042 -0.201094
v -0.204650 0.032995 -0.200454
v -0.207652 0.036546 -0.197476
v -0.209842 0.039873 -0.199918
v -0.193644 0.028652 -0.201733
v -0.201237 0.034605 -0.201093
v -0.204239 0.038155 -0.198115
v -0.206444 0.041730 -0.200833
v -0.195972 0.035912 -0.204958
v -0.199055 0.035846 -0.201508
v -0.202113 0.037699 -0.196544
v -0.203226 0.041032 -0.194048
v -0.193357 0.036724 -0.203927
v -0.196439 0.036659 -0.200477
v -0.199498 0.038512 -0.195514
v -0.200611 0.041844 -0.193017
v -0.202269 0.034207 -0.210445
v -0.200524 0.037452 -0.207986
v -0.199817 0.039933 -0.206075
v -0.202130 0.043829 -0.205031
v -0.202127 0.034847 -0.212503
v -0.200382 0.038092 -0.210043
v -0.201407 0.041605 -0.209242
v -0.201988 0.044469 -0.207089
v -0.222675 0.020670 -0.225312
v -0.220856 0.026274 -0.223889
v -0.217052 0.035154 -0.215831
v -0.217069 0.040674 -0.211689
v -0.224648 0.019725 -0.222032
v -0.222829 0.025330 -0.220609
v -0.219026 0.034210 -0.212551
v -0.219043 0.039730 -0.208409
v -0.209839 0.031807 -0.203319
v -0.207616 0.034918 -0.200644
v -0.204966 0.039790 -0.198183
v -0.203657 0.042343 -0.196523
v -0.208568 0.033739 -0.204028
v -0.206260 0.035679 -0.203123
v -0.203618 0.040564 -0.200673
v -0.202301 0.043104 -0.199003
v -0.213097 0.031202 -0.211009
v -0.211265 0.034801 -0.212830
v -0.210873 0.039745 -0.212290
v -0.209667 0.043125 -0.211930
v -0.215159 0.031165 -0.211652
v -0.213327 0.034765 -0.213473
v -0.212934 0.039709 -0.212932
v -0.211729 0.043089 -0.212572
v -0.218207 0.020670 -0.209762
v -0.212869 0.025308 -0.204571
v -0.206561 0.035781 -0.199726
v -0.205672 0.041186 -0.196949
v -0.217208 0.021786 -0.213320
v -0.213290 0.028732 -0.210226
v -0.206007 0.036685 -0.203744
v -0.204673 0.042302 -0.200507
v -0.212726 0.019491 -0.211833
v -0.209694 0.026010 -0.214124
v -0.209869 0.035165 -0.209495
v -0.208972 0.040385 -0.205599
v -0.216570 0.019072 -0.211958
v -0.213537 0.025591 -0.214248
v -0.213713 0.034746 -0.209619
v -0.214390 0.039810 -0.203659
v -0.216435 0.018311 -0.211599
v -0.210716 0.027234 -0.207187
v -0.208410 0.036913 -0.203448
v -0.210308 0.039938 -0.200818
v -0.218837 0.018844 -0.214384
v -0.213118 0.027767 -0.209972
v -0.210812 0.037446 -0.206232
v -0.212518 0.040419 -0.203672
v -0.218290 0.028631 -0.209355
v -0.217376 0.029720 -0.205320
v -0.214779 0.034094 -0.199055
v -0.213052 0.038024 -0.196624
v -0.215666 0.028239 -0.209141
v -0.213868 0.030576 -0.206743
v -0.211262 0.034840 -0.200644
v -0.209788 0.038267 -0.197927
v -0.222633 0.020784 -0.220287
v -0.224755 0.025782 -0.212514
v -0.220463 0.033193 -0.206160
v -0.217412 0.039136 -0.202604
v -0.219627 0.020315 -0.218311
v -0.221749 0.025313 -0.210539
v -0.217299 0.032981 -0.204162
v -0.216402 0.038201 -0.200266
v -0.215652 0.030637 -0.207180
v -0.211801 0.034026 -0.207469
v -0.209635 0.039087 -0.206610
v -0.207473 0.042357 -0.205491
v -0.216820 0.031021 -0.208893
v -0.212970 0.034409 -0.209182
v -0.210804 0.039470 -0.208322
v -0.208642 0.042740 -0.207203
v -0.216693 0.029414 -0.206197
v -0.215124 0.032182 -0.202615
v -0.212313 0.036393 -0.196238
v -0.209992 0.040186 -0.195355
v -0.213129 0.031317 -0.208577
v -0.212516 0.032719 -0.203826
v -0.209705 0.036930 -0.197449
v -0.207383 0.040724 -0.196568
v -0.222163 0.020150 -0.212793
v -0.221647 0.025120 -0.203860
v -0.217367 0.033106 -0.199470
v -0.214550 0.039657 -0.197578
v -0.218367 0.020434 -0.213064
v -0.217851 0.025404 -0.204131
v -0.213522 0.033646 -0.199760
v -0.212625 0.038867 -0.195865
v -0.214424 0.029194 -0.206447
v -0.210720 0.032286 -0.202656
v -0.206781 0.037290 -0.197991
v -0.205713 0.042098 -0.196580
v -0.212474 0.029074 -0.211288
v -0.208888 0.033474 -0.205748
v -0.204938 0.038340 -0.201293
v -0.203871 0.043149 -0.199882
v -0.213811 0.019243 -0.216547
v -0.209934 0.028578 -0.214301
v -0.209706 0.037411 -0.210812
v -0.211096 0.040108 -0.206719
v -0.217555 0.019023 -0.217308
v -0.213679 0.028357 -0.215062
v -0.213450 0.037191 -0.211573
v -0.214840 0.039888 -0.207480
v -0.213828 0.020224 -0.217210
v -0.215237 0.025837 -0.219457
v -0.216338 0.034467 -0.213413
v -0.215353 0.039906 -0.206394
v -0.216998 0.019222 -0.215076
v -0.218407 0.024835 -0.217322
v -0.219508 0.033465 -0.211279
v -0.218524 0.038902 -0.204287
v -0.212761 0.021526 -0.212502
v -0.207189 0.026936 -0.209643
v -0.202497 0.038022 -0.205869
v -0.202268 0.043428 -0.203568
v -0.214258 0.022283 -0.215846
v -0.208687 0.027694 -0.212987
v -0.203994 0.038780 -0.209214
v -0.203765 0.044186 -0.206912
v -0.228066 0.018366 -0.219250
v -0.227869 0.023802 -0.217904
v -0.223636 0.033205 -0.211458
v -0.223495 0.038573 -0.206734
v -0.227611 0.017575 -0.215510
v -0.227414 0.023010 -0.214164
v -0.223181 0.032413 -0.207718
v -0.223040 0.037782 -0.202994
v -0.205934 0.034221 -0.203137
v -0.210534 0.035626 -0.202426
v -0.213537 0.037509 -0.201573
v -0.214194 0.040422 -0.200417
v -0.205589 0.034155 -0.200913
v -0.210189 0.035560 -0.200201
v -0.213001 0.038272 -0.198656
v -0.213845 0.040376 -0.198176
v -0.207527 0.031037 -0.192373
v -0.206894 0.033412 -0.195431
v -0.208321 0.037213 -0.198171
v -0.209437 0.039632 -0.198914
v -0.210409 0.031119 -0.191030
v -0.209710 0.032574 -0.195479
v -0.211138 0.036375 -0.198219
v -0.213872 0.039499 -0.197617
v -0.203780 0.021346 -0.192675
v -0.203351 0.028500 -0.196252
v -0.208479 0.035293 -0.195942
v -0.212456 0.040614 -0.193870
v -0.207241 0.020352 -0.194267
v -0.206820 0.027516 -0.197863
v -0.212085 0.034488 -0.197371
v -0.216056 0.039799 -0.195280
v -0.203453 0.031030 -0.196520
v -0.205396 0.034027 -0.199593
v -0.208841 0.038151 -0.201531
v -0.210130 0.040787 -0.199732
v -0.206435 0.029954 -0.194169
v -0.208378 0.032950 -0.197242
v -0.211823 0.037075 -0.199180
v -0.213221 0.039918 -0.196929
v -0.210071 0.021523 -0.210632
v -0.215988 0.028606 -0.207428
v -0.218341 0.037449 -0.203598
v -0.216082 0.040502 -0.204723
v -0.206996 0.022127 -0.208226
v -0.212913 0.029209 -0.205022
v -0.215265 0.038053 -0.201192
v -0.213007 0.041105 -0.202317
v -0.209895 0.019502 -0.199056
v -0.211548 0.024239 -0.196140
v -0.216492 0.032998 -0.196329
v -0.217025 0.039090 -0.196037
v -0.208852 0.020292 -0.202768
v -0.210505 0.025029 -0.199853
v -0.215449 0.033788 -0.200042
v -0.215982 0.039880 -0.199750
v -0.200938 0.030120 -0.203553
v -0.204825 0.032733 -0.204648
v -0.211425 0.036773 -0.204169
v -0.212477 0.040816 -0.202456
v -0.200946 0.029769 -0.199618
v -0.204833 0.032382 -0.200713
v -0.211433 0.036422 -0.200234
v -0.212463 0.040506 -0.198480
v -0.218240 0.018911 -0.208932
v -0.219681 0.022774 -0.202265
v -0.219872 0.032315 -0.199895
v -0.220440 0.039177 -0.201789
v -0.214490 0.019930 -0.209644
v -0.215931 0.023793 -0.202977
v -0.216122 0.033334 -0.200607
v -0.216689 0.040196 -0.202501
v -0.214967 0.017705 -0.180750
v -0.213307 0.027106 -0.182631
v -0.215337 0.035929 -0.185291
v -0.218760 0.037616 -0.183938
v -0.218043 0.017102 -0.183156
v -0.216382 0.026502 -0.185037
v -0.218412 0.035325 -0.187697
v -0.221836 0.037012 -0.186344
v -0.214562 0.017801 -0.192587
v -0.215492 0.023115 -0.194722
v -0.215350 0.033040 -0.193083
v -0.217813 0.038611 -0.192471
v -0.215717 0.017447 -0.188840
v -0.216647 0.022762 -0.190976
v -0.216505 0.032686 -0.189336
v -0.218968 0.038257 -0.188724
v -0.227497 0.021782 -0.186950
v -0.225362 0.025715 -0.185346
v -0.221643 0.031814 -0.185020
v -0.222319 0.037692 -0.186158
v -0.227468 0.022052 -0.190891
v -0.225333 0.025985 -0.189288
v -0.221614 0.032084 -0.188961
v -0.222290 0.037962 -0.190099
v -0.219683 0.020856 -0.138385
v -0.218465 0.026219 -0.135835
v -0.217835 0.034152 -0.126093
v -0.219332 0.039274 -0.121716
v -0.222744 0.019715 -0.136177
v -0.221525 0.025078 -0.133627
v -0.220895 0.033011 -0.123885
v -0.222392 0.038133 -0.119508
v -0.228071 0.026129 -0.115755
v -0.227509 0.029535 -0.114351
v -0.226528 0.034426 -0.114396
v -0.226229 0.036912 -0.113515
v -0.225809 0.026730 -0.117532
v -0.225247 0.030136 -0.116128
v -0.224266 0.035027 -0.116173
v -0.223967 0.037513 -0.115292
v -0.235641 0.024152 -0.115948
v -0.232349 0.027532 -0.117982
v -0.230461 0.031146 -0.118699
v -0.228554 0.035241 -0.118538
v -0.237384 0.024345 -0.117117
v -0.234093 0.027725 -0.119151
v -0.232561 0.032045 -0.119621
v -0.230297 0.035435 -0.119707
v -0.236644 0.023466 -0.123151
v -0.233980 0.026603 -0.120698
v -0.230205 0.030180 -0.117210
v -0.227887 0.034131 -0.117478
v -0.234711 0.023903 -0.125303
v -0.232047 0.027040 -0.122850
v -0.228272 0.030616 -0.119362
v -0.225955 0.034567 -0.119630
v -0.236275 0.020216 -0.127909
v -0.232636 0.025586 -0.121099
v -0.230834 0.028683 -0.119024
v -0.227879 0.035917 -0.118178
v -0.232878 0.020509 -0.129622
v -0.229186 0.025913 -0.122727
v -0.227359 0.029263 -0.120711
v -0.224456 0.036464 -0.119950
v -0.238727 0.021292 -0.121702
v -0.234463 0.024326 -0.118859
v -0.229306 0.029822 -0.116512
v -0.228013 0.034761 -0.116074
v -0.238313 0.022017 -0.125537
v -0.234049 0.025050 -0.122693
v -0.228892 0.030546 -0.120346
v -0.227599 0.035485 -0.119909
v -0.229432 0.017620 -0.112781
v -0.225660 0.026577 -0.112404
v -0.224622 0.032123 -0.114425
v -0.224292 0.035810 -0.111003
v -0.233172 0.017284 -0.112044
v -0.229400 0.026242 -0.111667
v -0.228362 0.031788 -0.113687
v -0.228032 0.035474 -0.110266
v -0.223042 0.016467 -0.122224
v -0.225461 0.021804 -0.124271
v -0.224626 0.030998 -0.119075
v -0.221711 0.036978 -0.114324
v -0.225125 0.015657 -0.118967
v -0.227545 0.020994 -0.121014
v -0.226710 0.030188 -0.115818
v -0.223410 0.036334 -0.110192
v -0.239349 0.018144 -0.116127
v -0.235109 0.021992 -0.115838
v -0.229550 0.028587 -0.117011
v -0.228054 0.034630 -0.115703
v -0.242028 0.018539 -0.118709
v -0.237788 0.022387 -0.118420
v -0.232229 0.028981 -0.119594
v -0.230733 0.035025 -0.118285
v -0.227477 0.012897 -0.100205
v -0.228336 0.021225 -0.107212
v -0.227311 0.031077 -0.113141
v -0.224589 0.035306 -0.112921
v -0.227261 0.016051 -0.096922
v -0.227785 0.024137 -0.103420
v -0.229483 0.030912 -0.109889
v -0.227096 0.035383 -0.110180
v -0.229539 0.022231 -0.104758
v -0.225292 0.025728 -0.106864
v -0.221332 0.031274 -0.111187
v -0.220468 0.035194 -0.113800
v -0.231669 0.021655 -0.108011
v -0.227422 0.025152 -0.110116
v -0.223462 0.030699 -0.114440
v -0.223600 0.035284 -0.117637
v -0.230661 0.019374 -0.103204
v -0.225165 0.026698 -0.103333
v -0.223389 0.030106 -0.104651
v -0.222699 0.036425 -0.109967
v -0.228993 0.018962 -0.106399
v -0.223498 0.026286 -0.106529
v -0.221810 0.029906 -0.108044
v -0.220162 0.035806 -0.110431
v -0.228147 0.025006 -0.103071
v -0.230052 0.027222 -0.107297
v -0.231213 0.030996 -0.109669
v -0.231583 0.033922 -0.112485
v -0.229743 0.025040 -0.101693
v -0.231648 0.027255 -0.105919
v -0.232809 0.031030 -0.108291
v -0.233179 0.033955 -0.111108
v -0.213874 0.028073 -0.105046
v -0.217646 0.030649 -0.109790
v -0.222145 0.034191 -0.113861
v -0.224356 0.036066 -0.115948
v -0.216443 0.028074 -0.102413
v -0.220145 0.029688 -0.108612
v -0.223859 0.032169 -0.113123
v -0.226855 0.035106 -0.114770
v -0.203605 0.022254 -0.101247
v -0.206869 0.027312 -0.109261
v -0.214940 0.033250 -0.112903
v -0.220524 0.038133 -0.114047
v -0.207059 0.020641 -0.101079
v -0.210337 0.025702 -0.109114
v -0.218574 0.031836 -0.112701
v -0.224143 0.036716 -0.113825
v -0.215642 0.028577 -0.103393
v -0.219374 0.028916 -0.110428
v -0.225400 0.032034 -0.114462
v -0.228895 0.035573 -0.114539
v -0.217112 0.025856 -0.103540
v -0.221373 0.028501 -0.107024
v -0.227397 0.031582 -0.111114
v -0.230891 0.035120 -0.111190
v -0.210314 0.016909 -0.098065
v -0.219091 0.024368 -0.099230
v -0.223696 0.032422 -0.101322
v -0.223931 0.036022 -0.104920
v -0.206897 0.018403 -0.097205
v -0.215674 0.025863 -0.098370
v -0.220279 0.033917 -0.100462
v -0.220514 0.037516 -0.104060
v -0.210784 0.017683 -0.097178
v -0.212156 0.022891 -0.094092
v -0.215553 0.031764 -0.098778
v -0.219289 0.037022 -0.105000
v -0.207603 0.018644 -0.099316
v -0.208975 0.023853 -0.096230
v -0.212372 0.032726 -0.100915
v -0.216108 0.037983 -0.107137
v -0.212559 0.018969 -0.101671
v -0.219872 0.021252 -0.103860
v -0.229402 0.029155 -0.106175
v -0.232275 0.034057 -0.107677
v -0.211485 0.019858 -0.098199
v -0.218798 0.022142 -0.100388
v -0.228328 0.030044 -0.102703
v -0.231201 0.034946 -0.104205
v -0.197333 0.022606 -0.094901
v -0.200394 0.027381 -0.095067
v -0.208853 0.034424 -0.100236
v -0.211495 0.039717 -0.104521
v -0.197492 0.022244 -0.098730
v -0.200553 0.027019 -0.098896
v -0.209012 0.034062 -0.104066
v -0.209069 0.039816 -0.106471
v -0.206013 0.021271 -0.098470
v -0.209748 0.025698 -0.100260
v -0.214466 0.033673 -0.108767
v -0.215771 0.039458 -0.112298
v -0.202865 0.022071 -0.100704
v -0.206600 0.026498 -0.102494
v -0.211318 0.034473 -0.111002
v -0.212623 0.040257 -0.114532
v -0.191778 0.030356 -0.108416
v -0.197856 0.034520 -0.114875
v -0.200505 0.036177 -0.116330
v -0.205084 0.040448 -0.118335
v -0.194833 0.028733 -0.106807
v -0.200911 0.032897 -0.113266
v -0.203702 0.034754 -0.114625
v -0.208281 0.039025 -0.116631
v -0.190433 0.033330 -0.114266
v -0.195732 0.034323 -0.116797
v -0.202976 0.036948 -0.118514
v -0.206495 0.040651 -0.118290
v -0.191000 0.033204 -0.110385
v -0.196299 0.034197 -0.112916
v -0.203543 0.036822 -0.114633
v -0.207091 0.039965 -0.114809
v -0.197056 0.027042 -0.123888
v -0.204650 0.032995 -0.123248
v -0.207652 0.036546 -0.120270
v -0.209842 0.039873 -0.122712
v -0.193644 0.028652 -0.124526
v -0.201237 0.034605 -0.123886
v -0.204239 0.038155 -0.120908
v -0.206444 0.041730 -0.123626
v -0.195972 0.035912 -0.127751
v -0.199055 0.035846 -0.124301
v -0.202113 0.037699 -0.119338
v -0.203226 0.041032 -0.116841
v -0.193357 0.036724 -0.126720
v -0.196439 0.036659 -0.123270
v -0.199498 0.038512 -0.118307
v -0.200611 0.041844 -0.115810
v -0.202269 0.034207 -0.133239
v -0.200524 0.037452 -0.130779
v -0.199817 0.039933 -0.128868
v -0.202130 0.043829 -0.127825
v -0.202127 0.034847 -0.135297
v -0.200382 0.038092 -0.132837
v -0.201407 0.041605 -0.132035
v -0.201988 0.044469 -0.129882
v -0.222675 0.020670 -0.148105
v -0.220856 0.026274 -0.146682
v -0.217052 0.035154 -0.138624
v -0.217069 0.040674 -0.134482
v -0.224648 0.019725 -0.144825
v -0.222829 0.025330 -0.143402
v -0.219026 0.034210 -0.135344
v -0.219043 0.039730 -0.131202
v -0.209839 0.031807 -0.126112
v -0.207616 0.034918 -0.123437
v -0.204966 0.039790 -0.120976
v -0.203657 0.042343 -0.119316
v -0.208568 0.033739 -0.126821
v -0.206260 0.035679 -0.125916
v -0.203618 0.040564 -0.123466
v -0.202301 0.043104 -0.121796
v -0.213097 0.031202 -0.133803
v -0.211265 0.034801 -0.135623
v -0.210873 0.039745 -0.135083
v -0.209667 0.043125 -0.134723
v -0.215159 0.031165 -0.134445
v -0.213327 0.034765 -0.136266
v -0.212934 0.039709 -0.135726
v -0.211729 0.043089 -0.135366
v -0.218207 0.020670 -0.132555
v -0.212869 0.025308 -0.127365
v -0.206561 0.035781 -0.122519
v -0.205672 0.041186 -0.119742
v -0.217208 0.021786 -0.136114
v -0.213290 0.028732 -0.133019
v -0.206007 0.036685 -0.126537
v -0.204673 0.042302 -0.123301
v -0.212726 0.019491 -0.134626
v -0.209694 0.026010 -0.136917
v -0.209869 0.035165 -0.132288
v -0.208972 0.040385 -0.128392
v -0.216570 0.019072 -0.134751
v -0.213537 0.025591 -0.137041
v -0.213713 0.034746 -0.132412
v -0.214390 0.039810 -0.126453
v -0.216435 0.018311 -0.134393
v -0.210716 0.027234 -0.129980
v -0.208410 0.036913 -0.126241
v -0.210308 0.039938 -0.123612
v -0.218837 0.018844 -0.137177
v -0.213118 0.027767 -0.132765
v -0.210812 0.037446 -0.129026
v -0.212518 0.040419 -0.126465
v -0.218290 0.028631 -0.132148
v -0.217376 0.029720 -0.128113
v -0.214779 0.034094 -0.121848
v -0.213052 0.038024 -0.119418
v -0.215666 0.028239 -0.131934
v -0.213868 0.030576 -0.129537
v -0.211262 0.034840 -0.123438
v -0.209788 0.038267 -0.120720
v -0.222633 0.020784 -0.143080
v -0.224755 0.025782 -0.135308
v -0.220463 0.033193 -0.128953
v -0.217412 0.039136 -0.125398
v -0.219627 0.020315 -0.141104
v -0.221749 0.025312 -0.133332
v -0.217299 0.032981 -0.126955
v -0.216401 0.038201 -0.123060
v -0.215652 0.030637 -0.129974
v -0.211801 0.034026 -0.130263
v -0.209635 0.039087 -0.129404
v -0.207473 0.042357 -0.128284
v -0.216820 0.031021 -0.131686
v -0.212970 0.034409 -0.131975
v -0.210804 0.039470 -0.131116
v -0.208641 0.042740 -0.129996
v -0.216693 0.029414 -0.128990
v -0.215124 0.032181 -0.125408
v -0.212313 0.036393 -0.119031
v -0.209992 0.040186 -0.118149
v -0.213129 0.031317 -0.131370
v -0.212516 0.032719 -0.126619
v -0.209705 0.036930 -0.120242
v -0.207383 0.040724 -0.119361
v -0.222163 0.020150 -0.135586
v -0.221647 0.025120 -0.126654
v -0.217367 0.033106 -0.122263
v -0.214550 0.039657 -0.120371
v -0.218367 0.020434 -0.135857
v -0.217851 0.025404 -0.126924
v -0.213522 0.033646 -0.122553
v -0.212625 0.038867 -0.118658
v -0.214424 0.029194 -0.129240
v -0.210720 0.032286 -0.125449
v -0.206781 0.037290 -0.120785
v -0.205713 0.042098 -0.119374
v -0.212474 0.029074 -0.134081
v -0.208888 0.033474 -0.128542
v -0.204938 0.038340 -0.124086
v -0.203871 0.043149 -0.122675
v -0.213811 0.019243 -0.139340
v -0.209934 0.028578 -0.137095
v -0.209706 0.037411 -0.133605
v -0.211096 0.040108 -0.129512
v -0.217555 0.019023 -0.140101
v -0.213679 0.028357 -0.137856
v -0.213450 0.037191 -0.134366
v -0.214840 0.039888 -0.130273
v -0.213828 0.020224 -0.140004
v -0.215237 0.025837 -0.142250
v -0.216338 0.034467 -0.136206
v -0.215353 0.039906 -0.129187
v -0.216998 0.019222 -0.137869
v -0.218407 0.024835 -0.140115
v -0.219508 0.033465 -0.134072
v -0.218524 0.038902 -0.127080
v -0.212761 0.021526 -0.135295
v -0.207189 0.026936 -0.132436
v -0.202497 0.038022 -0.128663
v -0.202268 0.043428 -0.126361
v -0.214258 0.022283 -0.138640
v -0.208687 0.027694 -0.135781
v -0.203994 0.038780 -0.132007
v -0.203765 0.044186 -0.129706
v -0.228066 0.018366 -0.142043
v -0.227869 0.023802 -0.140698
v -0.223636 0.033205 -0.134251
v -0.223495 0.038573 -0.129527
v -0.227611 0.017575 -0.138304
v -0.227413 0.023010 -0.136958
v -0.223181 0.032413 -0.130512
v -0.223040 0.037782 -0.125787
v -0.205934 0.034221 -0.125930
v -0.210534 0.035626 -0.125219
v -0.213537 0.037509 -0.124366
v -0.214194 0.040422 -0.123210
v -0.205589 0.034155 -0.123706
v -0.210189 0.035560 -0.122995
v -0.213001 0.038272 -0.121449
v -0.213845 0.040376 -0.120969
v -0.207527 0.031037 -0.115166
v -0.206894 0.033412 -0.118224
v -0.208321 0.037213 -0.120964
v -0.209437 0.039632 -0.121708
v -0.210409 0.031119 -0.113823
v -0.209710 0.032574 -0.118273
v -0.211138 0.036375 -0.121012
v -0.213872 0.039499 -0.120410
v -0.203780 0.021346 -0.115469
v -0.203351 0.028500 -0.119045
v -0.208479 0.035293 -0.118735
v -0.212456 0.040614 -0.116663
v -0.207241 0.020352 -0.117060
v -0.206820 0.027516 -0.120656
v -0.212085 0.034488 -0.120164
v -0.216056 0.039799 -0.118073
v -0.203453 0.031030 -0.119313
v -0.205396 0.034026 -0.122386
v -0.208841 0.038151 -0.124324
v -0.210130 0.040787 -0.122525
v -0.206435 0.029954 -0.116962
v -0.208378 0.032950 -0.120035
v -0.211823 0.037075 -0.121973
v -0.213221 0.039918 -0.119722
v -0.210071 0.021523 -0.133425
v -0.215988 0.028606 -0.130221
v -0.218341 0.037449 -0.126392
v -0.216082 0.040502 -0.127516
v -0.206996 0.022127 -0.131019
v -0.212913 0.029209 -0.127815
v -0.215265 0.038053 -0.123986
v -0.213007 0.041105 -0.125110
v -0.209895 0.019502 -0.121849
v -0.211548 0.024239 -0.118933
v -0.216492 0.032998 -0.119123
v -0.217025 0.039090 -0.118830
v -0.208852 0.020292 -0.125562
v -0.210505 0.025029 -0.122646
v -0.215449 0.033788 -0.122836
v -0.215982 0.039880 -0.122543
v -0.200938 0.030120 -0.126347
v -0.204825 0.032733 -0.127442
v -0.211425 0.036773 -0.126962
v -0.212477 0.040816 -0.125249
v -0.200946 0.029769 -0.122412
v -0.204833 0.032382 -0.123507
v -0.211433 0.036422 -0.123027
v -0.212463 0.040506 -0.121273
v -0.218240 0.018911 -0.131725
v -0.219681 0.022774 -0.125058
v -0.219872 0.032315 -0.122689
v -0.220440 0.039177 -0.124582
v -0.214490 0.019930 -0.132437
v -0.215931 0.023793 -0.125771
v -0.216122 0.033334 -0.123401
v -0.216689 0.040196 -0.125295
v -0.214967 0.017705 -0.103543
v -0.213307 0.027106 -0.105425
v -0.215337 0.035929 -0.108085
v -0.218760 0.037616 -0.106732
v -0.218043 0.017102 -0.105949
v -0.216382 0.026502 -0.107830
v -0.218412 0.035325 -0.110491
v -0.221836 0.037012 -0.109137
v -0.214562 0.017801 -0.115380
v -0.215492 0.023115 -0.117516
v -0.215350 0.033040 -0.115876
v -0.217813 0.038611 -0.115264
v -0.215717 0.017447 -0.111633
v -0.216647 0.022762 -0.113769
v -0.216505 0.032686 -0.112130
v -0.218968 0.038257 -0.111517
v -0.227497 0.021782 -0.109743
v -0.225362 0.025715 -0.108140
v -0.221643 0.031814 -0.107813
v -0.222319 0.037692 -0.108951
v -0.227468 0.022052 -0.113684
v -0.225333 0.025985 -0.112081
v -0.221614 0.032084 -0.111754
v -0.222290 0.037962 -0.112892
v -0.219683 0.020856 -0.178889
v -0.218465 0.026219 -0.176339
v -0.217835 0.034152 -0.166597
v -0.219332 0.039274 -0.162220
v -0.222744 0.019715 -0.176680
v -0.221525 0.025078 -0.174131
v -0.220895 0.033011 -0.164389
v -0.222392 0.038133 -0.160012
v -0.228071 0.026129 -0.156259
v -0.227509 0.029535 -0.154855
v -0.226528 0.034426 -0.154900
v -0.226229 0.036912 -0.154019
v -0.225809 0.026730 -0.158036
v -0.225247 0.030136 -0.156631
v -0.224266 0.035027 -0.156677
v -0.223967 0.037513 -0.155795
v -0.235641 0.024152 -0.156452
v -0.232349 0.027532 -0.158485
v -0.230461 0.031146 -0.159203
v -0.228554 0.035241 -0.159041
v -0.237384 0.024345 -0.157621
v -0.234093 0.027725 -0.159654
v -0.232561 0.032045 -0.160124
v -0.230297 0.035435 -0.160210
v -0.236644 0.023466 -0.163654
v -0.233980 0.026603 -0.161202
v -0.230205 0.030180 -0.157714
v -0.227887 0.034131 -0.157981
v -0.234711 0.023903 -0.165806
v -0.232047 0.027040 -0.163354
v -0.228272 0.030616 -0.159866
v -0.225955 0.034567 -0.160133
v -0.236276 0.020216 -0.168413
v -0.232636 0.025586 -0.161602
v -0.230834 0.028683 -0.159527
v -0.227879 0.035917 -0.158681
v -0.232878 0.020509 -0.170126
v -0.229186 0.025913 -0.163230
v -0.227359 0.029263 -0.161215
v -0.224456 0.036464 -0.160454
v -0.238727 0.021292 -0.162206
v -0.234463 0.024326 -0.159362
v -0.229306 0.029822 -0.157015
v -0.228013 0.034761 -0.156578
v -0.238313 0.022017 -0.166040
v -0.234049 0.025050 -0.163197
v -0.228892 0.030546 -0.160850
v -0.227599 0.035485 -0.160412
v -0.229432 0.017620 -0.153285
v -0.225660 0.026577 -0.152908
v -0.224622 0.032123 -0.154928
v -0.224292 0.035810 -0.151507
v -0.233172 0.017284 -0.152548
v -0.229400 0.026242 -0.152170
v -0.228362 0.031788 -0.154191
v -0.228032 0.035474 -0.150770
v -0.223042 0.016467 -0.162728
v -0.225461 0.021804 -0.164775
v -0.224626 0.030998 -0.159579
v -0.221711 0.036978 -0.154827
v -0.225125 0.015657 -0.159470
v -0.227545 0.020994 -0.161517
v -0.226710 0.030188 -0.156321
v -0.223410 0.036334 -0.150696
v -0.239349 0.018144 -0.156631
v -0.235109 0.021992 -0.156342
v -0.229550 0.028587 -0.157515
v -0.228054 0.034630 -0.156206
v -0.242028 0.018539 -0.159213
v -0.237788 0.022387 -0.158924
v -0.232229 0.028981 -0.160097
v -0.230733 0.035025 -0.158789
v -0.227477 0.012897 -0.140708
v -0.228336 0.021225 -0.147715
v -0.227311 0.031077 -0.153644
v -0.224589 0.035306 -0.153424
v -0.227261 0.016051 -0.137426
v -0.227785 0.024137 -0.143923
v -0.229483 0.030912 -0.150393
v -0.227096 0.035383 -0.150683
v -0.229539 0.022231 -0.145262
v -0.225292 0.025728 -0.147367
v -0.221332 0.031275 -0.151691
v -0.220468 0.035194 -0.154304
v -0.231669 0.021655 -0.148514
v -0.227422 0.025152 -0.150620
v -0.223462 0.030699 -0.154943
v -0.223600 0.035284 -0.158140
v -0.230661 0.019374 -0.143707
v -0.225165 0.026698 -0.143837
v -0.223389 0.030106 -0.145154
v -0.222699 0.036425 -0.150471
v -0.228993 0.018962 -0.146903
v -0.223498 0.026286 -0.147032
v -0.221810 0.029906 -0.148548
v -0.220162 0.035806 -0.150935
v -0.228147 0.025007 -0.143574
v -0.230052 0.027222 -0.147800
v -0.231213 0.030996 -0.150172
v -0.231583 0.033922 -0.152989
v -0.229743 0.025040 -0.142197
v -0.231648 0.027255 -0.146423
v -0.232809 0.031030 -0.148795
v -0.233179 0.033955 -0.151611
v -0.213874 0.028073 -0.145549
v -0.217646 0.030649 -0.150293
v -0.222145 0.034191 -0.154365
v -0.224356 0.036066 -0.156451
v -0.216443 0.028074 -0.142917
v -0.220145 0.029688 -0.149115
v -0.223859 0.032169 -0.153627
v -0.226855 0.035106 -0.155273
v -0.203605 0.022254 -0.141750
v -0.206869 0.027312 -0.149765
v -0.214940 0.033250 -0.153406
v -0.220524 0.038133 -0.154551
v -0.207059 0.020641 -0.141583
v -0.210337 0.025702 -0.149618
v -0.218574 0.031836 -0.153205
v -0.224143 0.036716 -0.154329
v -0.215642 0.028577 -0.143896
v -0.219374 0.028916 -0.150931
v -0.225400 0.032034 -0.154965
v -0.228895 0.035573 -0.155042
v -0.217112 0.025856 -0.144043
v -0.221373 0.028501 -0.147527
v -0.227397 0.031582 -0.151617
v -0.230891 0.035120 -0.151694
v -0.210314 0.016909 -0.138569
v -0.219091 0.024368 -0.139734
v -0.223696 0.032422 -0.141826
v -0.223931 0.036022 -0.145424
v -0.206897 0.018403 -0.137709
v -0.215674 0.025863 -0.138874
v -0.220279 0.033917 -0.140966
v -0.220514 0.037516 -0.144564
v -0.210784 0.017683 -0.137682
v -0.212156 0.022891 -0.134596
v -0.215553 0.031764 -0.139281
v -0.219289 0.037022 -0.145503
v -0.207603 0.018644 -0.139819
v -0.208975 0.023853 -0.136733
v -0.212372 0.032726 -0.141419
v -0.216108 0.037983 -0.147641
v -0.212559 0.018969 -0.142174
v -0.219872 0.021252 -0.144364
v -0.229402 0.029155 -0.146679
v -0.232275 0.034057 -0.148180
v -0.211485 0.019858 -0.138702
v -0.218798 0.022142 -0.140891
v -0.228328 0.030044 -0.143206
v -0.231201 0.034946 -0.144708
v -0.197333 0.022606 -0.135404
v -0.200394 0.027381 -0.135570
v -0.208853 0.034424 -0.140740
v -0.211495 0.039717 -0.145025
v -0.197492 0.022244 -0.139234
v -0.200553 0.027019 -0.139400
v -0.209012 0.034062 -0.144569
v -0.209069 0.039816 -0.146975
v -0.206013 0.021271 -0.138973
v -0.209748 0.025698 -0.140763
v -0.214466 0.033673 -0.149271
v -0.215771 0.039458 -0.152801
v -0.202865 0.022071 -0.141208
v -0.206600 0.026498 -0.142998
v -0.211318 0.034473 -0.151505
v -0.212623 0.040257 -0.155036
v -0.191778 0.030356 -0.148920
v -0.197856 0.034520 -0.155379
v -0.200505 0.036177 -0.156833
v -0.205084 0.040448 -0.158839
v -0.194833 0.028733 -0.147310
v -0.200911 0.032897 -0.153769
v -0.203702 0.034754 -0.155129
v -0.208281 0.039025 -0.157134
v -0.190433 0.033330 -0.154769
v -0.195732 0.034323 -0.157300
v -0.202976 0.036948 -0.159017
v -0.206495 0.040651 -0.158793
v -0.191000 0.033204 -0.150888
v -0.196299 0.034197 -0.153419
v -0.203543 0.036822 -0.155136
v -0.207091 0.039965 -0.155313
v -0.197056 0.027042 -0.164391
v -0.204650 0.032995 -0.163751
v -0.207652 0.036546 -0.160773
v -0.209842 0.039873 -0.163215
v -0.193644 0.028652 -0.165029
v -0.201237 0.034605 -0.164390
v -0.204239 0.038155 -0.161412
v -0.206444 0.041730 -0.164130
v -0.195972 0.035912 -0.168255
v -0.199055 0.035846 -0.164805
v -0.202113 0.037699 -0.159841
v -0.203226 0.041032 -0.157344
v -0.193357 0.036724 -0.167224
v -0.196439 0.036659 -0.163774
v -0.199498 0.038512 -0.158810
v -0.200611 0.041844 -0.156314
v -0.202269 0.034207 -0.173742
v -0.200524 0.037452 -0.171282
v -0.199817 0.039933 -0.169372
v -0.202130 0.043829 -0.168328
v -0.202127 0.034847 -0.175800
v -0.200382 0.038092 -0.173340
v -0.201407 0.041605 -0.172539
v -0.201988 0.044469 -0.170386
v -0.222675 0.020670 -0.188608
v -0.220856 0.026274 -0.187186
v -0.217052 0.035154 -0.179128
v -0.217069 0.040674 -0.174986
v -0.224648 0.019725 -0.185329
v -0.222829 0.025330 -0.183906
v -0.219026 0.034210 -0.175848
v -0.219043 0.039730 -0.171706
v -0.209839 0.031807 -0.166616
v -0.207616 0.034918 -0.163941
v -0.204966 0.039790 -0.161480
v -0.203657 0.042343 -0.159820
v -0.208568 0.033739 -0.167325
v -0.206260 0.035679 -0.166420
v -0.203618 0.040564 -0.163970
v -0.202301 0.043104 -0.162299
v -0.213097 0.031202 -0.174306
v -0.211265 0.034801 -0.176127
v -0.210873 0.039745 -0.175587
v -0.209667 0.043125 -0.175227
v -0.215159 0.031165 -0.174949
v -0.213327 0.034765 -0.176769
v -0.212934 0.039709 -0.176229
v -0.211729 0.043089 -0.175869
v -0.218207 0.020670 -0.173059
v -0.212869 0.025308 -0.167868
v -0.206561 0.035781 -0.163023
v -0.205672 0.041186 -0.160245
v -0.217208 0.021786 -0.176617
v -0.213290 0.028732 -0.173522
v -0.206007 0.036685 -0.167040
v -0.204673 0.042302 -0.163804
v -0.212726 0.019491 -0.175130
v -0.209694 0.026010 -0.177420
v -0.209869 0.035165 -0.172791
v -0.208972 0.040385 -0.168896
v -0.216570 0.019072 -0.175254
v -0.213537 0.025591 -0.177545
v -0.213713 0.034746 -0.172916
v -0.214390 0.039810 -0.166956
v -0.216435 0.018311 -0.174896
v -0.210716 0.027234 -0.170484
v -0.208410 0.036913 -0.166745
v -0.210308 0.039938 -0.164115
v -0.218837 0.018844 -0.177681
v -0.213118 0.027767 -0.173269
v -0.210812 0.037446 -0.169529
v -0.212518 0.040419 -0.166969
v -0.218290 0.028631 -0.172651
v -0.217376 0.029720 -0.168617
v -0.214779 0.034094 -0.162352
v -0.213052 0.038024 -0.159921
v -0.215666 0.028239 -0.172437
v -0.213868 0.030576 -0.170040
v -0.211262 0.034840 -0.163941
v -0.209788 0.038267 -0.161224
v -0.222633 0.020784 -0.183583
v -0.224755 0.025782 -0.175811
v -0.220463 0.033193 -0.169457
v -0.217412 0.039136 -0.165901
v -0.219627 0.020315 -0.181608
v -0.221749 0.025312 -0.173835
v -0.217299 0.032981 -0.167459
v -0.216402 0.038201 -0.163563
v -0.215652 0.030637 -0.170477
v -0.211801 0.034026 -0.170766
v -0.209635 0.039087 -0.169907
v -0.207473 0.042357 -0.168788
v -0.216820 0.031021 -0.172189
v -0.212970 0.034409 -0.172478
v -0.210804 0.039470 -0.171619
v -0.208641 0.042740 -0.170500
v -0.216693 0.029414 -0.169493
v -0.215124 0.032181 -0.165912
v -0.212313 0.036393 -0.159534
v -0.209992 0.040186 -0.158652
v -0.213129 0.031317 -0.171874
v -0.212516 0.032719 -0.167123
v -0.209705 0.036930 -0.160745
v -0.207383 0.040724 -0.159864
v -0.222163 0.020150 -0.176090
v -0.221647 0.025120 -0.167157
v -0.217367 0.033106 -0.162767
v -0.214550 0.039657 -0.160875
v -0.218367 0.020434 -0.176360
v -0.217851 0.025404 -0.167428
v -0.213522 0.033646 -0.163057
v -0.212625 0.038867 -0.159161
v -0.214424 0.029194 -0.169744
v -0.210720 0.032286 -0.165952
v -0.206781 0.037290 -0.161288
v -0.205713 0.042098 -0.159877
v -0.212474 0.029074 -0.174585
v -0.208888 0.033474 -0.169045
v -0.204938 0.038340 -0.164590
v -0.203871 0.043149 -0.163179
v -0.213811 0.019243 -0.179844
v -0.209934 0.028578 -0.177598
v -0.209706 0.037411 -0.174109
v -0.211096 0.040108 -0.170016
v -0.217555 0.019023 -0.180605
v -0.213679 0.028357 -0.178359
v -0.213450 0.037191 -0.174870
v -0.214840 0.039888 -0.170777
v -0.213828 0.020224 -0.180507
v -0.215237 0.025837 -0.182753
v -0.216338 0.034467 -0.176710
v -0.215353 0.039906 -0.169691
v -0.216998 0.019222 -0.178373
v -0.218407 0.024835 -0.180619
v -0.219508 0.033465 -0.174576
v -0.218524 0.038902 -0.167583
v -0.212761 0.021526 -0.175799
v -0.207189 0.026936 -0.172940
v -0.202497 0.038022 -0.169166
v -0.202268 0.043428 -0.166865
v -0.214258 0.022283 -0.179143
v -0.208687 0.027694 -0.176284
v -0.203994 0.038780 -0.172511
v -0.203765 0.044186 -0.170209
v -0.228066 0.018366 -0.182547
v -0.227869 0.023802 -0.181201
v -0.223636 0.033205 -0.174755
v -0.223495 0.038573 -0.170030
v -0.227611 0.017575 -0.178807
v -0.227414 0.023010 -0.177461
v -0.223181 0.032413 -0.171015
v -0.223040 0.037782 -0.166291
v -0.205934 0.034221 -0.166434
v -0.210534 0.035626 -0.165722
v -0.213537 0.037509 -0.164869
v -0.214194 0.040422 -0.163714
v -0.205589 0.034155 -0.164210
v -0.210189 0.035560 -0.163498
v -0.213001 0.038272 -0.161952
v -0.213845 0.040376 -0.161473
v -0.207527 0.031037 -0.155670
v -0.206894 0.033412 -0.158728
v -0.208321 0.037213 -0.161467
v -0.209437 0.039632 -0.162211
v -0.210409 0.031119 -0.154327
v -0.209710 0.032574 -0.158776
v -0.211138 0.036375 -0.161516
v -0.213872 0.039499 -0.160914
v -0.203780 0.021346 -0.155972
v -0.203351 0.028500 -0.159549
v -0.208479 0.035293 -0.159238
v -0.212456 0.040614 -0.157167
v -0.207241 0.020352 -0.157563
v -0.206820 0.027516 -0.161160
v -0.212085 0.034488 -0.160668
v -0.216056 0.039799 -0.158577
v -0.203453 0.031030 -0.159816
v -0.205396 0.034026 -0.162890
v -0.208841 0.038151 -0.164828
v -0.210130 0.040787 -0.163029
v -0.206435 0.029954 -0.157466
v -0.208378 0.032950 -0.160539
v -0.211823 0.037075 -0.162477
v -0.213221 0.039918 -0.160226
v -0.210071 0.021523 -0.173929
v -0.215988 0.028606 -0.170725
v -0.218341 0.037449 -0.166895
v -0.216082 0.040502 -0.168019
v -0.206996 0.022127 -0.171523
v -0.212913 0.029209 -0.168319
v -0.215265 0.038053 -0.164489
v -0.213007 0.041105 -0.165613
v -0.209895 0.019502 -0.162352
v -0.211548 0.024239 -0.159437
v -0.216492 0.032998 -0.159626
v -0.217025 0.039090 -0.159334
v -0.208852 0.020292 -0.166065
v -0.210505 0.025029 -0.163150
v -0.215449 0.033788 -0.163339
v -0.215982 0.039880 -0.163047
v -0.200938 0.030120 -0.166850
v -0.204825 0.032733 -0.167945
v -0.211425 0.036773 -0.167466
v -0.212477 0.040816 -0.165753
v -0.200946 0.029769 -0.162915
v -0.204833 0.032382 -0.164010
v -0.211433 0.036422 -0.163531
v -0.212463 0.040506 -0.161777
v -0.218240 0.018911 -0.172228
v -0.219681 0.022774 -0.165562
v -0.219872 0.032315 -0.163192
v -0.220440 0.039177 -0.165086
v -0.214490 0.019930 -0.172941
v -0.215931 0.023793 -0.166274
v -0.216122 0.033334 -0.163904
v -0.216689 0.040196 -0.165798
v -0.214967 0.017705 -0.144046
v -0.213307 0.027106 -0.145928
v -0.215337 0.035929 -0.148588
v -0.218760 0.037616 -0.147235
v -0.218043 0.017102 -0.146452
v -0.216382 0.026502 -0.148334
v -0.218412 0.035325 -0.150994
v -0.221836 0.037012 -0.149641
v -0.214562 0.017801 -0.155884
v -0.215492 0.023115 -0.158019
v -0.215350 0.033040 -0.156380
v -0.217813 0.038611 -0.155767
v -0.215717 0.017447 -0.152137
v -0.216647 0.022762 -0.154272
v -0.216505 0.032686 -0.152633
v -0.218968 0.038257 -0.152021
v -0.227497 0.021782 -0.150247
v -0.225362 0.025715 -0.148643
v -0.221643 0.031814 -0.148317
v -0.222319 0.037692 -0.149455
v -0.227468 0.022052 -0.154188
v -0.225333 0.025985 -0.152584
v -0.221614 0.032084 -0.152258
v -0.222290 0.037962 -0.153396
v -0.244560 0.005214 -0.138385
v -0.245479 0.010637 -0.135835
v -0.247923 0.018210 -0.126093
v -0.251261 0.022374 -0.121716
v -0.246954 0.002993 -0.136177
v -0.247873 0.008415 -0.133627
v -0.250317 0.015989 -0.123885
v -0.253655 0.020152 -0.119508
v -0.254325 0.006890 -0.115755
v -0.255105 0.010253 -0.114351
v -0.256063 0.015148 -0.114397
v -0.256735 0.017561 -0.113515
v -0.252463 0.008308 -0.117532
v -0.253243 0.011671 -0.116128
v -0.254202 0.016566 -0.116173
v -0.254873 0.018979 -0.115292
v -0.260568 0.002175 -0.115948
v -0.258815 0.006555 -0.117982
v -0.258448 0.010616 -0.118699
v -0.258247 0.015129 -0.118538
v -0.262253 0.001688 -0.117117
v -0.260500 0.006068 -0.119151
v -0.260732 0.010646 -0.119621
v -0.259932 0.014643 -0.119707
v -0.261234 0.001158 -0.123151
v -0.259968 0.005074 -0.120698
v -0.257843 0.009820 -0.117210
v -0.257207 0.014356 -0.117478
v -0.259614 0.002299 -0.125303
v -0.258348 0.006215 -0.122851
v -0.256223 0.010961 -0.119362
v -0.255587 0.015497 -0.119630
v -0.259654 -0.001706 -0.127909
v -0.258338 0.004647 -0.121099
v -0.257853 0.008197 -0.119024
v -0.257881 0.016011 -0.118178
v -0.256625 -0.000139 -0.129622
v -0.255273 0.006264 -0.122727
v -0.254862 0.010059 -0.120711
v -0.254926 0.017822 -0.119950
v -0.262330 -0.001646 -0.121702
v -0.259546 0.002785 -0.118859
v -0.256875 0.009832 -0.116512
v -0.257564 0.014891 -0.116074
v -0.262224 -0.000818 -0.125537
v -0.259440 0.003612 -0.122693
v -0.256769 0.010660 -0.120346
v -0.257458 0.015719 -0.119909
v -0.252337 -0.001495 -0.112781
v -0.252267 0.008224 -0.112404
v -0.253423 0.013746 -0.114425
v -0.254524 0.017280 -0.111003
v -0.255667 -0.003232 -0.112044
v -0.255597 0.006487 -0.111667
v -0.256753 0.012010 -0.113687
v -0.257854 0.015543 -0.110266
v -0.245991 -0.000124 -0.122224
v -0.250263 0.003888 -0.124271
v -0.252998 0.012704 -0.119075
v -0.252584 0.019344 -0.114324
v -0.247608 -0.001667 -0.118967
v -0.251880 0.002344 -0.121014
v -0.254615 0.011161 -0.115818
v -0.253909 0.018102 -0.110192
v -0.261705 -0.004793 -0.116127
v -0.259253 0.000381 -0.115838
v -0.256629 0.008598 -0.117011
v -0.257552 0.014755 -0.115703
v -0.264332 -0.005450 -0.118709
v -0.261880 -0.000276 -0.118420
v -0.259256 0.007941 -0.119594
v -0.260179 0.014098 -0.118285
v -0.248728 -0.005116 -0.100205
v -0.252699 0.002255 -0.107212
v -0.255510 0.011753 -0.113141
v -0.254607 0.016702 -0.112921
v -0.249732 -0.002118 -0.096923
v -0.253301 0.005157 -0.103420
v -0.257454 0.010772 -0.109889
v -0.256954 0.015816 -0.110180
v -0.254196 0.002726 -0.104758
v -0.251603 0.007579 -0.106864
v -0.250058 0.014217 -0.111187
v -0.250755 0.018169 -0.113800
v -0.255945 0.001382 -0.108011
v -0.253352 0.006234 -0.110116
v -0.251807 0.012872 -0.114440
v -0.253684 0.017058 -0.117637
v -0.254142 -0.000342 -0.103204
v -0.251856 0.008524 -0.103333
v -0.251514 0.012352 -0.104651
v -0.253287 0.018456 -0.109967
v -0.252444 -0.000087 -0.106399
v -0.250157 0.008780 -0.106529
v -0.249978 0.012769 -0.108044
v -0.250705 0.018852 -0.110431
v -0.253967 0.005823 -0.103071
v -0.256573 0.007144 -0.107297
v -0.259086 0.010191 -0.109669
v -0.260544 0.012754 -0.112485
v -0.255455 0.005246 -0.101693
v -0.258061 0.006567 -0.105919
v -0.260574 0.009613 -0.108291
v -0.262032 0.012176 -0.111108
v -0.241943 0.014102 -0.105046
v -0.246412 0.015044 -0.109790
v -0.251922 0.016602 -0.113861
v -0.254681 0.017493 -0.115948
v -0.244318 0.013123 -0.102413
v -0.248356 0.013203 -0.108612
v -0.252735 0.014079 -0.113123
v -0.256625 0.015652 -0.114770
v -0.230231 0.012640 -0.101247
v -0.235177 0.016071 -0.109261
v -0.244903 0.018481 -0.112903
v -0.251927 0.020865 -0.114047
v -0.232809 0.009831 -0.101079
v -0.237769 0.013259 -0.109114
v -0.247722 0.015788 -0.112701
v -0.254732 0.018175 -0.113825
v -0.243770 0.013894 -0.103393
v -0.247349 0.012784 -0.110428
v -0.254109 0.013367 -0.114462
v -0.258689 0.015305 -0.114539
v -0.244090 0.010818 -0.103540
v -0.249038 0.011638 -0.107024
v -0.255781 0.012187 -0.111114
v -0.260362 0.014126 -0.111190
v -0.234393 0.005140 -0.098065
v -0.245353 0.008687 -0.099230
v -0.252681 0.014376 -0.101322
v -0.254272 0.017614 -0.104920
v -0.231805 0.007825 -0.097205
v -0.242764 0.011372 -0.098370
v -0.250093 0.017061 -0.100462
v -0.251683 0.020298 -0.104060
v -0.235123 0.005676 -0.097178
v -0.238378 0.009967 -0.094093
v -0.244903 0.016874 -0.098778
v -0.250362 0.020309 -0.105000
v -0.232550 0.007778 -0.099316
v -0.235805 0.012069 -0.096230
v -0.242329 0.018976 -0.100915
v -0.247788 0.022411 -0.107137
v -0.237255 0.006188 -0.101671
v -0.244886 0.005509 -0.103860
v -0.256709 0.009180 -0.106175
v -0.261235 0.012615 -0.107677
v -0.236601 0.007420 -0.098199
v -0.244232 0.006741 -0.100388
v -0.256056 0.010411 -0.102703
v -0.260581 0.013846 -0.104205
v -0.224567 0.015357 -0.094901
v -0.229218 0.018604 -0.095067
v -0.239724 0.021888 -0.100237
v -0.244185 0.025773 -0.104521
v -0.224576 0.014962 -0.098730
v -0.229227 0.018209 -0.098896
v -0.239733 0.021493 -0.104066
v -0.241981 0.026790 -0.106471
v -0.232082 0.010813 -0.098470
v -0.237223 0.013480 -0.100260
v -0.244626 0.019053 -0.108767
v -0.248039 0.023902 -0.112298
v -0.229477 0.012753 -0.100704
v -0.234618 0.015420 -0.102494
v -0.242021 0.020993 -0.111002
v -0.245434 0.025842 -0.114532
v -0.222388 0.024641 -0.108416
v -0.229594 0.026171 -0.114875
v -0.232676 0.026693 -0.116330
v -0.238538 0.028895 -0.118336
v -0.224594 0.021975 -0.106807
v -0.231800 0.023506 -0.113266
v -0.235088 0.024158 -0.114625
v -0.240950 0.026359 -0.116631
v -0.222280 0.027903 -0.114266
v -0.227556 0.026800 -0.116797
v -0.235254 0.026463 -0.118514
v -0.239919 0.028544 -0.118290
v -0.222756 0.027570 -0.110385
v -0.228032 0.026467 -0.112916
v -0.235730 0.026130 -0.114633
v -0.240209 0.027682 -0.114809
v -0.226004 0.019564 -0.123888
v -0.235294 0.022170 -0.123248
v -0.239423 0.024308 -0.120270
v -0.242717 0.026548 -0.122712
v -0.223463 0.022354 -0.124526
v -0.232753 0.024960 -0.123886
v -0.236882 0.027097 -0.120908
v -0.240284 0.029561 -0.123626
v -0.228385 0.028177 -0.127751
v -0.231209 0.026940 -0.124301
v -0.234743 0.027486 -0.119338
v -0.237043 0.030143 -0.116841
v -0.226277 0.029925 -0.126721
v -0.229101 0.028689 -0.123270
v -0.232635 0.029235 -0.118307
v -0.234935 0.031891 -0.115810
v -0.233555 0.024199 -0.133239
v -0.233180 0.027864 -0.130779
v -0.233473 0.030427 -0.128868
v -0.237097 0.033147 -0.127825
v -0.233668 0.024845 -0.135297
v -0.233292 0.028510 -0.132837
v -0.235580 0.031366 -0.132035
v -0.237209 0.033792 -0.129882
v -0.247255 0.003901 -0.148105
v -0.247711 0.009776 -0.146682
v -0.247582 0.019435 -0.138624
v -0.249703 0.024532 -0.134482
v -0.248719 0.002276 -0.144825
v -0.249175 0.008151 -0.143402
v -0.249046 0.017810 -0.135344
v -0.251167 0.022906 -0.131202
v -0.239637 0.019093 -0.126112
v -0.238769 0.022817 -0.123437
v -0.238178 0.028331 -0.120976
v -0.237941 0.031190 -0.119316
v -0.239199 0.021364 -0.126821
v -0.237806 0.024037 -0.125916
v -0.237227 0.029560 -0.123466
v -0.236978 0.032411 -0.121796
v -0.242418 0.017291 -0.133803
v -0.242098 0.021317 -0.135623
v -0.243621 0.026036 -0.135083
v -0.243795 0.029621 -0.134723
v -0.244310 0.016471 -0.134445
v -0.243989 0.020497 -0.136266
v -0.245513 0.025216 -0.135726
v -0.245687 0.028801 -0.135366
v -0.243124 0.005606 -0.132555
v -0.239959 0.011929 -0.127365
v -0.238123 0.024017 -0.122519
v -0.239363 0.029352 -0.119742
v -0.242626 0.007019 -0.136114
v -0.241655 0.014934 -0.133019
v -0.237956 0.025063 -0.126537
v -0.238865 0.030765 -0.123301
v -0.237608 0.006607 -0.134626
v -0.237292 0.013789 -0.136917
v -0.240946 0.022186 -0.132288
v -0.242108 0.027353 -0.128392
v -0.241001 0.004753 -0.134751
v -0.240685 0.011936 -0.137041
v -0.244339 0.020332 -0.132412
v -0.246896 0.024755 -0.126453
v -0.240587 0.004101 -0.134393
v -0.238703 0.014531 -0.129980
v -0.240264 0.024358 -0.126241
v -0.243172 0.026430 -0.123612
v -0.243011 0.003677 -0.137177
v -0.241127 0.014108 -0.132765
v -0.242688 0.023934 -0.129026
v -0.245399 0.026032 -0.126465
v -0.246238 0.012934 -0.132148
v -0.245808 0.014288 -0.128113
v -0.245076 0.019323 -0.121848
v -0.244978 0.023614 -0.119418
v -0.243663 0.013572 -0.131934
v -0.242892 0.016418 -0.129537
v -0.242110 0.021354 -0.123438
v -0.242055 0.025084 -0.120720
v -0.247260 0.004023 -0.143080
v -0.251127 0.007834 -0.135308
v -0.249986 0.016321 -0.128953
v -0.249433 0.022979 -0.125398
v -0.244302 0.004736 -0.141104
v -0.248169 0.008547 -0.133332
v -0.246981 0.017333 -0.126955
v -0.248143 0.022500 -0.123060
v -0.244564 0.015795 -0.129974
v -0.242297 0.020396 -0.130263
v -0.242226 0.025900 -0.129404
v -0.241474 0.029748 -0.128284
v -0.245791 0.015703 -0.131686
v -0.243524 0.020304 -0.131975
v -0.243452 0.025808 -0.131116
v -0.242701 0.029656 -0.129996
v -0.245060 0.014266 -0.128990
v -0.244666 0.017423 -0.125408
v -0.243674 0.022388 -0.119031
v -0.242975 0.026780 -0.118149
v -0.242492 0.017385 -0.131370
v -0.242459 0.018914 -0.126619
v -0.241468 0.023880 -0.120242
v -0.240768 0.028273 -0.119361
v -0.246583 0.003617 -0.135586
v -0.248002 0.008407 -0.126654
v -0.247091 0.017422 -0.122263
v -0.246986 0.024552 -0.120371
v -0.243182 0.005327 -0.135857
v -0.244601 0.010117 -0.126924
v -0.243744 0.019388 -0.122553
v -0.244906 0.024556 -0.118658
v -0.242879 0.014928 -0.129240
v -0.240635 0.019199 -0.125449
v -0.238901 0.025327 -0.120785
v -0.239749 0.030180 -0.119374
v -0.241030 0.015561 -0.134081
v -0.239394 0.020997 -0.128542
v -0.237599 0.027001 -0.124086
v -0.238446 0.031853 -0.122675
v -0.238516 0.005964 -0.139340
v -0.238494 0.016071 -0.137095
v -0.241652 0.024324 -0.133605
v -0.243965 0.026287 -0.129512
v -0.241893 0.004332 -0.140101
v -0.241871 0.014440 -0.137856
v -0.245029 0.022692 -0.134366
v -0.247342 0.024655 -0.130273
v -0.238906 0.006864 -0.140004
v -0.242350 0.011515 -0.142250
v -0.246659 0.019073 -0.136206
v -0.247823 0.024476 -0.129187
v -0.241455 0.004728 -0.137869
v -0.244898 0.009379 -0.140115
v -0.249208 0.016937 -0.134072
v -0.250371 0.022339 -0.127080
v -0.238416 0.008474 -0.135295
v -0.235330 0.015601 -0.132436
v -0.235221 0.027639 -0.128663
v -0.237071 0.032723 -0.126361
v -0.240089 0.008603 -0.138640
v -0.237003 0.015730 -0.135781
v -0.236894 0.027768 -0.132007
v -0.238744 0.032852 -0.129706
v -0.251360 -0.000284 -0.142043
v -0.253250 0.004816 -0.140698
v -0.252925 0.015122 -0.134251
v -0.254842 0.020139 -0.129527
v -0.250637 -0.000842 -0.138304
v -0.252528 0.004257 -0.136958
v -0.252202 0.014564 -0.130512
v -0.254119 0.019580 -0.125787
v -0.236948 0.022814 -0.125930
v -0.241736 0.022358 -0.125219
v -0.245230 0.022953 -0.124366
v -0.246949 0.025396 -0.123210
v -0.236604 0.022884 -0.123706
v -0.241392 0.022428 -0.122995
v -0.245027 0.023863 -0.121449
v -0.246608 0.025486 -0.120969
v -0.237206 0.019263 -0.115166
v -0.237527 0.021700 -0.118224
v -0.240296 0.024669 -0.120964
v -0.242250 0.026480 -0.121708
v -0.239902 0.018239 -0.113823
v -0.239811 0.019851 -0.118273
v -0.242580 0.022820 -0.121012
v -0.246300 0.024665 -0.120410
v -0.230046 0.011734 -0.115469
v -0.232379 0.018511 -0.119045
v -0.239709 0.022834 -0.118735
v -0.245416 0.026236 -0.116663
v -0.232867 0.009495 -0.117060
v -0.235210 0.016278 -0.120656
v -0.242736 0.020714 -0.120164
v -0.248432 0.024109 -0.118073
v -0.233437 0.020811 -0.119313
v -0.236377 0.022839 -0.122386
v -0.241135 0.025338 -0.124324
v -0.243331 0.027283 -0.122525
v -0.235783 0.018679 -0.116962
v -0.238723 0.020707 -0.120035
v -0.243481 0.023206 -0.121973
v -0.245858 0.025301 -0.119722
v -0.235929 0.009498 -0.133425
v -0.244101 0.013788 -0.130221
v -0.249648 0.021066 -0.126392
v -0.248725 0.024749 -0.127516
v -0.233317 0.011229 -0.131019
v -0.241488 0.015519 -0.127815
v -0.247036 0.022797 -0.123986
v -0.246112 0.026480 -0.125110
v -0.234995 0.007697 -0.121849
v -0.238330 0.011445 -0.118933
v -0.246241 0.017656 -0.119123
v -0.249058 0.023084 -0.118830
v -0.234332 0.008825 -0.125562
v -0.237667 0.012573 -0.122646
v -0.245579 0.018785 -0.122836
v -0.248396 0.024212 -0.122543
v -0.230766 0.020929 -0.126347
v -0.235356 0.021861 -0.127442
v -0.242998 0.023079 -0.126962
v -0.245512 0.026415 -0.125249
v -0.230640 0.020601 -0.122412
v -0.235229 0.021534 -0.123507
v -0.242871 0.022751 -0.123027
v -0.245381 0.026134 -0.121273
v -0.242484 0.003967 -0.131725
v -0.245290 0.006989 -0.125058
v -0.249106 0.015735 -0.122689
v -0.252248 0.021862 -0.124582
v -0.239406 0.006340 -0.132437
v -0.242211 0.009361 -0.125771
v -0.246028 0.018108 -0.123401
v -0.249170 0.024235 -0.125295
v -0.238999 0.004101 -0.103543
v -0.241050 0.013424 -0.105425
v -0.246292 0.020806 -0.108085
v -0.250100 0.021060 -0.106732
v -0.241612 0.002370 -0.105949
v -0.243662 0.011693 -0.107830
v -0.248904 0.019075 -0.110491
v -0.252712 0.019329 -0.109137
v -0.238661 0.004344 -0.115380
v -0.241547 0.008902 -0.117516
v -0.245201 0.018130 -0.115876
v -0.249604 0.022341 -0.115264
v -0.239594 0.003576 -0.111633
v -0.242480 0.008134 -0.113769
v -0.246134 0.017363 -0.112130
v -0.250537 0.021573 -0.111517
v -0.252136 0.003091 -0.109743
v -0.251663 0.007541 -0.108140
v -0.250552 0.014597 -0.107813
v -0.253418 0.019773 -0.108951
v -0.252212 0.003351 -0.113684
v -0.251739 0.007801 -0.112081
v -0.250628 0.014857 -0.111755
v -0.253494 0.020033 -0.112892
v -0.244560 0.005214 -0.178889
v -0.245479 0.010637 -0.176339
v -0.247923 0.018210 -0.166597
v -0.251261 0.022374 -0.162220
v -0.246954 0.002993 -0.176680
v -0.247873 0.008415 -0.174131
v -0.250317 0.015989 -0.164389
v -0.253655 0.020152 -0.160012
v -0.254325 0.006890 -0.156259
v -0.255105 0.010253 -0.154855
v -0.256063 0.015148 -0.154900
v -0.256735 0.017561 -0.154019
v -0.252463 0.008308 -0.158036
v -0.253243 0.011671 -0.156631
v -0.254202 0.016566 -0.156677
v -0.254873 0.018979 -0.155795
v -0.260568 0.002175 -0.156452
v -0.258815 0.006555 -0.158485
v -0.258448 0.010616 -0.159203
v -0.258247 0.015129 -0.159041
v -0.262253 0.001688 -0.157621
v -0.260500 0.006068 -0.159654
v -0.260732 0.010646 -0.160124
v -0.259932 0.014643 -0.160210
v -0.261234 0.001158 -0.163654
v -0.259968 0.005074 -0.161202
v -0.257843 0.009820 -0.157714
v -0.257207 0.014356 -0.157981
v -0.259614 0.002299 -0.165806
v -0.258348 0.006215 -0.163354
v -0.256223 0.010961 -0.159866
v -0.255587 0.015497 -0.160133
v -0.259654 -0.001706 -0.168413
v -0.258338 0.004647 -0.161602
v -0.257853 0.008197 -0.159527
v -0.257881 0.016011 -0.158681
v -0.256625 -0.000139 -0.170126
v -0.255273 0.006264 -0.163230
v -0.254862 0.010059 -0.161215
v -0.254926 0.017822 -0.160454
v -0.262330 -0.001646 -0.162206
v -0.259546 0.002785 -0.159362
v -0.256875 0.009832 -0.157015
v -0.257564 0.014891 -0.156578
v -0.262224 -0.000818 -0.166040
v -0.259440 0.003612 -0.163197
v -0.256769 0.010660 -0.160850
v -0.257458 0.015719 -0.160412
v -0.252337 -0.001495 -0.153285
v -0.252267 0.008224 -0.152908
v -0.253423 0.013746 -0.154928
v -0.254524 0.017280 -0.151507
v -0.255667 -0.003232 -0.152548
v -0.255597 0.006487 -0.152170
v -0.256753 0.012010 -0.154191
v -0.257854 0.015543 -0.150770
v -0.245991 -0.000124 -0.162728
v -0.250263 0.003888 -0.164775
v -0.252998 0.012704 -0.159579
v -0.252584 0.019344 -0.154827
v -0.247608 -0.001667 -0.159470
v -0.251880 0.002344 -0.161517
v -0.254615 0.011161 -0.156321
v -0.253909 0.018102 -0.150696
v -0.261705 -0.004793 -0.156631
v -0.259253 0.000381 -0.156342
v -0.256629 0.008598 -0.157515
v -0.257552 0.014755 -0.156206
v -0.264332 -0.005450 -0.159213
v -0.261880 -0.000276 -0.158924
v -0.259256 0.007941 -0.160097
v -0.260179 0.014098 -0.158789
v -0.248728 -0.005116 -0.140708
v -0.252699 0.002255 -0.147715
v -0.255510 0.011753 -0.153644
v -0.254607 0.016702 -0.153424
v -0.249732 -0.002118 -0.137426
v -0.253301 0.005157 -0.143923
v -0.257454 0.010772 -0.150393
v -0.256954 0.015816 -0.150683
v -0.254196 0.002727 -0.145262
v -0.251603 0.007579 -0.147367
v -0.250058 0.014217 -0.151691
v -0.250755 0.018169 -0.154304
v -0.255945 0.001382 -0.148514
v -0.253352 0.006234 -0.150620
v -0.251807 0.012872 -0.154943
v -0.253684 0.017058 -0.158140
v -0.254142 -0.000342 -0.143707
v -0.251856 0.008524 -0.143837
v -0.251514 0.012352 -0.145154
v -0.253287 0.018456 -0.150471
v -0.252444 -0.000087 -0.146903
v -0.250157 0.008780 -0.147032
v -0.249978 0.012769 -0.148548
v -0.250705 0.018852 -0.150935
v -0.253967 0.005823 -0.143574
v -0.256573 0.007144 -0.147800
v -0.259086 0.010191 -0.150172
v -0.260544 0.012754 -0.152989
v -0.255455 0.005246 -0.142197
v -0.258061 0.006567 -0.146423
v -0.260574 0.009613 -0.148795
v -0.262032 0.012176 -0.151611
v -0.241943 0.014102 -0.145549
v -0.246412 0.015044 -0.150293
v -0.251922 0.016602 -0.154365
v -0.254681 0.017493 -0.156451
v -0.244318 0.013123 -0.142917
v -0.248356 0.013203 -0.149115
v -0.252735 0.014079 -0.153627
v -0.256625 0.015652 -0.155273
v -0.230231 0.012640 -0.141750
v -0.235177 0.016071 -0.149765
v -0.244903 0.018481 -0.153406
v -0.251927 0.020865 -0.154551
v -0.232809 0.009831 -0.141583
v -0.237769 0.013259 -0.149618
v -0.247722 0.015788 -0.153205
v -0.254732 0.018175 -0.154329
v -0.243770 0.013894 -0.143896
v -0.247349 0.012784 -0.150931
v -0.254109 0.013367 -0.154965
v -0.258689 0.015305 -0.155042
v -0.244090 0.010818 -0.144043
v -0.249038 0.011638 -0.147527
v -0.255781 0.012187 -0.151617
v -0.260362 0.014126 -0.151694
v -0.234393 0.005140 -0.138569
v -0.245353 0.008687 -0.139734
v -0.252681 0.014376 -0.141826
v -0.254272 0.017614 -0.145424
v -0.231805 0.007825 -0.137709
v -0.242764 0.011372 -0.138874
v -0.250093 0.017061 -0.140966
v -0.251683 0.020298 -0.144564
v -0.235123 0.005676 -0.137682
v -0.238378 0.009967 -0.134596
v -0.244903 0.016874 -0.139281
v -0.250362 0.020309 -0.145503
v -0.232550 0.007778 -0.139819
v -0.235805 0.012069 -0.136733
v -0.242329 0.018976 -0.141419
v -0.247788 0.022411 -0.147641
v -0.237255 0.006188 -0.142174
v -0.244886 0.005509 -0.144364
v -0.256709 0.009180 -0.146679
v -0.261235 0.012615 -0.148180
v -0.236601 0.007420 -0.138702
v -0.244232 0.006741 -0.140891
v -0.256056 0.010411 -0.143206
v -0.260581 0.013846 -0.144708
v -0.224567 0.015357 -0.135404
v -0.229218 0.018604 -0.135570
v -0.239724 0.021888 -0.140740
v -0.244185 0.025773 -0.145025
v -0.224576 0.014962 -0.139234
v -0.229227 0.018209 -0.139400
v -0.239733 0.021493 -0.144569
v -0.241981 0.026790 -0.146975
v -0.232082 0.010813 -0.138973
v -0.237223 0.013480 -0.140763
v -0.244626 0.019053 -0.149271
v -0.248039 0.023902 -0.152801
v -0.229477 0.012753 -0.141208
v -0.234618 0.015420 -0.142998
v -0.242021 0.020993 -0.151505
v -0.245434 0.025842 -0.155036
v -0.222388 0.024641 -0.148920
v -0.229594 0.026171 -0.155379
v -0.232676 0.026693 -0.156833
v -0.238538 0.028895 -0.158839
v -0.224594 0.021975 -0.147310
v -0.231800 0.023506 -0.153769
v -0.235088 0.024158 -0.155129
v -0.240950 0.026359 -0.157134
v -0.222280 0.027903 -0.154769
v -0.227556 0.026800 -0.157300
v -0.235254 0.026463 -0.159017
v -0.239919 0.028544 -0.158793
v -0.222756 0.027570 -0.150888
v -0.228032 0.026467 -0.153419
v -0.235730 0.026130 -0.155136
v -0.240209 0.027682 -0.155313
v -0.226004 0.019564 -0.164391
v -0.235294 0.022170 -0.163751
v -0.239423 0.024308 -0.160773
v -0.242717 0.026548 -0.163215
v -0.223463 0.022354 -0.165029
v -0.232753 0.024960 -0.164390
v -0.236882 0.027097 -0.161412
v -0.240284 0.029561 -0.164130
v -0.228385 0.028177 -0.168255
v -0.231209 0.026940 -0.164805
v -0.234743 0.027486 -0.159841
v -0.237043 0.030143 -0.157344
v -0.226277 0.029925 -0.167224
v -0.229101 0.028689 -0.163774
v -0.232635 0.029235 -0.158810
v -0.234935 0.031891 -0.156314
v -0.233555 0.024199 -0.173742
v -0.233180 0.027864 -0.171282
v -0.233473 0.030427 -0.169372
v -0.237097 0.033147 -0.168328
v -0.233668 0.024845 -0.175800
v -0.233292 0.028510 -0.173340
v -0.235580 0.031366 -0.172539
v -0.237209 0.033792 -0.170386
v -0.247255 0.003901 -0.188608
v -0.247711 0.009776 -0.187186
v -0.247582 0.019435 -0.179128
v -0.249703 0.024532 -0.174986
v -0.248719 0.002276 -0.185329
v -0.249175 0.008151 -0.183906
v -0.249046 0.017810 -0.175848
v -0.251167 0.022906 -0.171706
v -0.239637 0.019093 -0.166616
v -0.238769 0.022817 -0.163941
v -0.238178 0.028331 -0.161480
v -0.237941 0.031190 -0.159820
v -0.239199 0.021364 -0.167325
v -0.237806 0.024037 -0.166420
v -0.237227 0.029560 -0.163970
v -0.236978 0.032411 -0.162299
v -0.242418 0.017291 -0.174306
v -0.242098 0.021317 -0.176127
v -0.243621 0.026036 -0.175587
v -0.243795 0.029621 -0.175227
v -0.244310 0.016471 -0.174949
v -0.243989 0.020497 -0.176769
v -0.245513 0.025216 -0.176229
v -0.245687 0.028801 -0.175869
v -0.243124 0.005606 -0.173059
v -0.239959 0.011929 -0.167868
v -0.238123 0.024017 -0.163023
v -0.239363 0.029352 -0.160246
v -0.242626 0.007019 -0.176617
v -0.241655 0.014934 -0.173522
v -0.237956 0.025063 -0.167040
v -0.238865 0.030765 -0.163804
v -0.237608 0.006607 -0.175130
v -0.237292 0.013789 -0.177420
v -0.240946 0.022186 -0.172791
v -0.242108 0.027353 -0.168896
v -0.241001 0.004753 -0.175254
v -0.240685 0.011936 -0.177545
v -0.244339 0.020332 -0.172916
v -0.246896 0.024755 -0.166956
v -0.240587 0.004101 -0.174896
v -0.238703 0.014531 -0.170484
v -0.240264 0.024358 -0.166745
v -0.243172 0.026430 -0.164115
v -0.243011 0.003677 -0.177681
v -0.241127 0.014108 -0.173269
v -0.242688 0.023934 -0.169529
v -0.245399 0.026032 -0.166969
v -0.246238 0.012934 -0.172651
v -0.245808 0.014288 -0.168617
v -0.245076 0.019323 -0.162352
v -0.244978 0.023614 -0.159921
v -0.243663 0.013572 -0.172437
v -0.242892 0.016418 -0.170040
v -0.242110 0.021354 -0.163941
v -0.242055 0.025084 -0.161224
v -0.247260 0.004023 -0.183583
v -0.251127 0.007834 -0.175811
v -0.249986 0.016321 -0.169457
v -0.249433 0.022979 -0.165901
v -0.244302 0.004736 -0.181608
v -0.248169 0.008547 -0.173835
v -0.246981 0.017333 -0.167459
v -0.248143 0.022500 -0.163563
v -0.244564 0.015795 -0.170477
v -0.242297 0.020396 -0.170766
v -0.242226 0.025900 -0.169907
v -0.241474 0.029748 -0.168788
v -0.245791 0.015703 -0.172189
v -0.243524 0.020304 -0.172478
v -0.243452 0.025808 -0.171619
v -0.242701 0.029656 -0.170500
v -0.245060 0.014266 -0.169493
v -0.244666 0.017423 -0.165912
v -0.243674 0.022388 -0.159534
v -0.242975 0.026780 -0.158652
v -0.242492 0.017385 -0.171874
v -0.242459 0.018914 -0.167123
v -0.241468 0.023880 -0.160745
v -0.240768 0.028273 -0.159864
v -0.246583 0.003617 -0.176090
v -0.248002 0.008407 -0.167157
v -0.247091 0.017422 -0.162767
v -0.246986 0.024552 -0.160875
v -0.243182 0.005327 -0.176360
v -0.244601 0.010117 -0.167428
v -0.243744 0.019388 -0.163057
v -0.244906 0.024556 -0.159161
v -0.242879 0.014928 -0.169744
v -0.240635 0.019199 -0.165952
v -0.238901 0.025327 -0.161288
v -0.239749 0.030180 -0.159877
v -0.241030 0.015561 -0.174585
v -0.239394 0.020997 -0.169045
v -0.237599 0.027001 -0.164590
v -0.238446 0.031853 -0.163179
v -0.238516 0.005964 -0.179844
v -0.238494 0.016071 -0.177598
v -0.241652 0.024324 -0.174109
v -0.243965 0.026287 -0.170016
v -0.241893 0.004332 -0.180605
v -0.241871 0.014440 -0.178359
v -0.245029 0.022692 -0.174870
v -0.247343 0.024655 -0.170777
v -0.238906 0.006864 -0.180507
v -0.242350 0.011515 -0.182753
v -0.246659 0.019073 -0.176710
v -0.247823 0.024476 -0.169691
v -0.241455 0.004728 -0.178373
v -0.244898 0.009379 -0.180619
v -0.249208 0.016937 -0.174576
v -0.250371 0.022339 -0.167583
v -0.238416 0.008474 -0.175799
v -0.235330 0.015601 -0.172940
v -0.235221 0.027639 -0.169166
v -0.237071 0.032723 -0.166865
v -0.240089 0.008604 -0.179143
v -0.237003 0.015730 -0.176284
v -0.236894 0.027768 -0.172511
v -0.238744 0.032852 -0.170209
v -0.251360 -0.000284 -0.182547
v -0.253250 0.004816 -0.181201
v -0.252925 0.015122 -0.174755
v -0.254842 0.020139 -0.170030
v -0.250637 -0.000842 -0.178807
v -0.252528 0.004257 -0.177461
v -0.252202 0.014564 -0.171015
v -0.254119 0.019580 -0.166291
v -0.236948 0.022814 -0.166434
v -0.241736 0.022358 -0.165722
v -0.245230 0.022953 -0.164869
v -0.246949 0.025396 -0.163714
v -0.236604 0.022884 -0.164210
v -0.241392 0.022428 -0.163498
v -0.245027 0.023863 -0.161952
v -0.246609 0.025486 -0.161473
v -0.237206 0.019263 -0.155670
v -0.237527 0.021700 -0.158728
v -0.240296 0.024669 -0.161467
v -0.242251 0.026480 -0.162211
v -0.239902 0.018239 -0.154327
v -0.239811 0.019851 -0.158776
v -0.242580 0.022820 -0.161516
v -0.246300 0.024665 -0.160914
v -0.230046 0.011734 -0.155972
v -0.232379 0.018511 -0.159549
v -0.239709 0.022834 -0.159238
v -0.245416 0.026236 -0.157167
v -0.232867 0.009495 -0.157563
v -0.235210 0.016278 -0.161160
v -0.242736 0.020714 -0.160668
v -0.248432 0.024109 -0.158577
v -0.233437 0.020811 -0.159816
v -0.236377 0.022839 -0.162890
v -0.241135 0.025338 -0.164828
v -0.243331 0.027283 -0.163029
v -0.235783 0.018679 -0.157466
v -0.238723 0.020707 -0.160539
v -0.243481 0.023206 -0.162477
v -0.245858 0.025301 -0.160226
v -0.235929 0.009498 -0.173929
v -0.244101 0.013788 -0.170725
v -0.249648 0.021066 -0.166895
v -0.248725 0.024749 -0.168019
v -0.233317 0.011229 -0.171523
v -0.241488 0.015519 -0.168319
v -0.247036 0.022797 -0.164489
v -0.246112 0.026480 -0.165613
v -0.234995 0.007697 -0.162352
v -0.238330 0.011445 -0.159437
v -0.246241 0.017656 -0.159626
v -0.249058 0.023084 -0.159334
v -0.234332 0.008825 -0.166065
v -0.237667 0.012573 -0.163150
v -0.245579 0.018785 -0.163339
v -0.248396 0.024213 -0.163047
v -0.230766 0.020929 -0.166850
v -0.235356 0.021861 -0.167945
v -0.242998 0.023079 -0.167466
v -0.245512 0.026415 -0.165753
v -0.230640 0.020601 -0.162915
v -0.235229 0.021534 -0.164010
v -0.242871 0.022751 -0.163531
v -0.245381 0.026134 -0.161777
v -0.242484 0.003967 -0.172228
v -0.245290 0.006989 -0.165562
v -0.249106 0.015735 -0.163192
v -0.252248 0.021862 -0.165086
v -0.239406 0.006340 -0.172941
v -0.242211 0.009361 -0.166274
v -0.246028 0.018108 -0.163904
v -0.249170 0.024235 -0.165798
v -0.238999 0.004101 -0.144046
v -0.241050 0.013424 -0.145928
v -0.246292 0.020806 -0.148588
v -0.250100 0.021060 -0.147235
v -0.241612 0.002370 -0.146452
v -0.243662 0.011693 -0.148334
v -0.248904 0.019075 -0.150994
v -0.252712 0.019329 -0.149641
v -0.238661 0.004344 -0.155884
v -0.241548 0.008902 -0.158019
v -0.245201 0.018130 -0.156380
v -0.249604 0.022341 -0.155767
v -0.239594 0.003576 -0.152137
v -0.242480 0.008134 -0.154272
v -0.246134 0.017363 -0.152633
v -0.250537 0.021573 -0.152021
v -0.252136 0.003091 -0.150247
v -0.251663 0.007541 -0.148643
v -0.250552 0.014597 -0.148317
v -0.253418 0.019773 -0.149455
v -0.252212 0.003351 -0.154188
v -0.251739 0.007801 -0.152584
v -0.250628 0.014857 -0.152258
v -0.253494 0.020033 -0.153396
v -0.227328 0.023144 -0.095571
v -0.226109 0.028507 -0.093021
v -0.225479 0.036440 -0.083279
v -0.226976 0.041562 -0.078902
v -0.230388 0.022003 -0.093363
v -0.229169 0.027366 -0.090813
v -0.228539 0.035300 -0.081071
v -0.230037 0.040421 -0.076694
v -0.235715 0.028417 -0.072942
v -0.235153 0.031824 -0.071537
v -0.234172 0.036714 -0.071583
v -0.233873 0.039201 -0.070701
v -0.233453 0.029018 -0.074718
v -0.232891 0.032425 -0.073314
v -0.231910 0.037315 -0.073359
v -0.231611 0.039802 -0.072478
v -0.243285 0.026440 -0.073134
v -0.239994 0.029820 -0.075168
v -0.238105 0.033434 -0.075885
v -0.236198 0.037530 -0.075724
v -0.245028 0.026633 -0.074303
v -0.241737 0.030014 -0.076337
v -0.240205 0.034333 -0.076807
v -0.237941 0.037723 -0.076893
v -0.244288 0.025755 -0.080337
v -0.241624 0.028891 -0.077885
v -0.237849 0.032468 -0.074396
v -0.235532 0.036419 -0.074664
v -0.242356 0.026191 -0.082489
v -0.239692 0.029328 -0.080037
v -0.235916 0.032904 -0.076548
v -0.233599 0.036855 -0.076816
v -0.243920 0.022504 -0.085096
v -0.240280 0.027874 -0.078285
v -0.238478 0.030971 -0.076210
v -0.235523 0.038205 -0.075364
v -0.240523 0.022797 -0.086808
v -0.236830 0.028201 -0.079913
v -0.235003 0.031552 -0.077898
v -0.232101 0.038753 -0.077136
v -0.246371 0.023581 -0.078888
v -0.242107 0.026614 -0.076045
v -0.236950 0.032110 -0.073698
v -0.235657 0.037049 -0.073261
v -0.245957 0.024305 -0.082723
v -0.241694 0.027338 -0.079879
v -0.236537 0.032834 -0.077532
v -0.235243 0.037774 -0.077095
v -0.237076 0.019908 -0.069968
v -0.233304 0.028865 -0.069590
v -0.232266 0.034411 -0.071611
v -0.231936 0.038098 -0.068189
v -0.240816 0.019573 -0.069230
v -0.237045 0.028530 -0.068853
v -0.236006 0.034076 -0.070874
v -0.235676 0.037763 -0.067452
v -0.230686 0.018755 -0.079411
v -0.233106 0.024093 -0.081458
v -0.232271 0.033286 -0.076262
v -0.229356 0.039266 -0.071510
v -0.232770 0.017945 -0.076153
v -0.235189 0.023283 -0.078200
v -0.234354 0.032476 -0.073004
v -0.231054 0.038623 -0.067378
v -0.246993 0.020433 -0.073313
v -0.242753 0.024280 -0.073024
v -0.237194 0.030875 -0.074197
v -0.235698 0.036919 -0.072889
v -0.249672 0.020827 -0.075895
v -0.245432 0.024675 -0.075606
v -0.239873 0.031270 -0.076780
v -0.238377 0.037313 -0.075471
v -0.235121 0.015185 -0.057391
v -0.235980 0.023513 -0.064398
v -0.234955 0.033365 -0.070327
v -0.232233 0.037595 -0.070107
v -0.234906 0.018339 -0.054109
v -0.235429 0.026425 -0.060606
v -0.237127 0.033200 -0.067076
v -0.234740 0.037672 -0.067366
v -0.237184 0.024519 -0.061944
v -0.232936 0.028016 -0.064050
v -0.228976 0.033563 -0.068373
v -0.228113 0.037482 -0.070986
v -0.239313 0.023944 -0.065197
v -0.235066 0.027440 -0.067302
v -0.231106 0.032987 -0.071626
v -0.231244 0.037572 -0.074823
v -0.238305 0.021663 -0.060390
v -0.232810 0.028986 -0.060519
v -0.231033 0.032395 -0.061837
v -0.230344 0.038713 -0.067153
v -0.236637 0.021251 -0.063585
v -0.231142 0.028574 -0.063715
v -0.229454 0.032194 -0.065230
v -0.227806 0.038095 -0.067617
v -0.235791 0.027295 -0.060257
v -0.237696 0.029510 -0.064483
v -0.238858 0.033285 -0.066855
v -0.239227 0.036210 -0.069671
v -0.237387 0.027329 -0.058880
v -0.239292 0.029544 -0.063106
v -0.240453 0.033318 -0.065478
v -0.240823 0.036244 -0.068294
v -0.221518 0.030361 -0.062232
v -0.225290 0.032937 -0.066976
v -0.229789 0.036479 -0.071047
v -0.232000 0.038355 -0.073134
v -0.224087 0.030362 -0.059599
v -0.227789 0.031976 -0.065798
v -0.231504 0.034457 -0.070309
v -0.234499 0.037394 -0.071956
v -0.211250 0.024542 -0.058433
v -0.214513 0.029601 -0.066447
v -0.222584 0.035538 -0.070089
v -0.228168 0.040422 -0.071233
v -0.214704 0.022929 -0.058265
v -0.217982 0.027990 -0.066300
v -0.226218 0.034124 -0.069887
v -0.231787 0.039004 -0.071011
v -0.223287 0.030865 -0.060579
v -0.227018 0.031205 -0.067614
v -0.233045 0.034322 -0.071648
v -0.236539 0.037861 -0.071725
v -0.224756 0.028144 -0.060726
v -0.229017 0.030789 -0.064210
v -0.235041 0.033870 -0.068300
v -0.238536 0.037409 -0.068377
v -0.217958 0.019197 -0.055251
v -0.226735 0.026657 -0.056417
v -0.231340 0.034711 -0.058508
v -0.231575 0.038310 -0.062106
v -0.214541 0.020691 -0.054391
v -0.223319 0.028151 -0.055557
v -0.227924 0.036205 -0.057648
v -0.228159 0.039804 -0.061246
v -0.218428 0.019971 -0.054365
v -0.219800 0.025180 -0.051279
v -0.223197 0.034052 -0.055964
v -0.226933 0.039310 -0.062186
v -0.215248 0.020932 -0.056502
v -0.216620 0.026141 -0.053416
v -0.220016 0.035014 -0.058101
v -0.223752 0.040272 -0.064323
v -0.220203 0.021257 -0.058857
v -0.227516 0.023541 -0.061046
v -0.237046 0.031443 -0.063361
v -0.239919 0.036345 -0.064863
v -0.219129 0.022147 -0.055385
v -0.226442 0.024430 -0.057574
v -0.235972 0.032333 -0.059889
v -0.238845 0.037234 -0.061391
v -0.204978 0.024894 -0.052087
v -0.208038 0.029669 -0.052253
v -0.216497 0.036712 -0.057423
v -0.219139 0.042005 -0.061707
v -0.205136 0.024532 -0.055916
v -0.208197 0.029307 -0.056082
v -0.216656 0.036350 -0.061252
v -0.216714 0.042105 -0.063657
v -0.213657 0.023559 -0.055656
v -0.217392 0.027986 -0.057446
v -0.222110 0.035961 -0.065953
v -0.223415 0.041746 -0.069484
v -0.210509 0.024359 -0.057890
v -0.214244 0.028786 -0.059680
v -0.218962 0.036761 -0.068188
v -0.220268 0.042546 -0.071718
v -0.199422 0.032645 -0.065602
v -0.205500 0.036808 -0.072061
v -0.208149 0.038466 -0.073516
v -0.212728 0.042737 -0.075522
v -0.202478 0.031022 -0.063993
v -0.208555 0.035185 -0.070452
v -0.211346 0.037042 -0.071811
v -0.215925 0.041313 -0.073817
v -0.198077 0.035619 -0.071452
v -0.203376 0.036611 -0.073983
v -0.210620 0.039236 -0.075700
v -0.214139 0.042939 -0.075476
v -0.198645 0.035492 -0.067571
v -0.203943 0.036485 -0.070102
v -0.211187 0.039110 -0.071819
v -0.214735 0.042253 -0.071995
v -0.204701 0.029331 -0.081074
v -0.212295 0.035283 -0.080434
v -0.215296 0.038834 -0.077456
v -0.217487 0.042162 -0.079898
v -0.201288 0.030940 -0.081712
v -0.208882 0.036893 -0.081072
v -0.211883 0.040444 -0.078094
v -0.214089 0.044019 -0.080812
v -0.203616 0.038200 -0.084937
v -0.206699 0.038135 -0.081487
v -0.209757 0.039987 -0.076524
v -0.210871 0.043320 -0.074027
v -0.201001 0.039012 -0.083907
v -0.204084 0.038947 -0.080457
v -0.207142 0.040800 -0.075493
v -0.208255 0.044133 -0.072996
v -0.209913 0.036495 -0.090425
v -0.208168 0.039740 -0.087965
v -0.207461 0.042221 -0.086054
v -0.209774 0.046117 -0.085011
v -0.209771 0.037135 -0.092483
v -0.208026 0.040380 -0.090023
v -0.209051 0.043893 -0.089221
v -0.209632 0.046757 -0.087069
v -0.230319 0.022958 -0.105291
v -0.228500 0.028563 -0.103868
v -0.224697 0.037442 -0.095810
v -0.224714 0.042962 -0.091668
v -0.232293 0.022014 -0.102011
v -0.230473 0.027618 -0.100589
v -0.226670 0.036498 -0.092531
v -0.226687 0.042018 -0.088389
v -0.217483 0.034095 -0.083298
v -0.215260 0.037206 -0.080623
v -0.212610 0.042079 -0.078162
v -0.211301 0.044631 -0.076503
v -0.216212 0.036027 -0.084007
v -0.213905 0.037968 -0.083102
v -0.211262 0.042852 -0.080652
v -0.209945 0.045392 -0.078982
v -0.220741 0.033490 -0.090989
v -0.218909 0.037089 -0.092810
v -0.218517 0.042033 -0.092269
v -0.217311 0.045413 -0.091909
v -0.222803 0.033454 -0.091631
v -0.220971 0.037053 -0.093452
v -0.220579 0.041997 -0.092912
v -0.219373 0.045377 -0.092552
v -0.225851 0.022958 -0.089741
v -0.220513 0.027596 -0.084551
v -0.214206 0.038070 -0.079706
v -0.213317 0.043475 -0.076928
v -0.224852 0.024074 -0.093300
v -0.220935 0.031021 -0.090205
v -0.213652 0.038973 -0.083723
v -0.212317 0.044591 -0.080487
v -0.220370 0.021779 -0.091812
v -0.217338 0.028298 -0.094103
v -0.217513 0.037453 -0.089474
v -0.216616 0.042674 -0.085578
v -0.224214 0.021360 -0.091937
v -0.221182 0.027879 -0.094227
v -0.221357 0.037034 -0.089599
v -0.222034 0.042098 -0.083639
v -0.224080 0.020599 -0.091579
v -0.218360 0.029522 -0.087167
v -0.216055 0.039201 -0.083427
v -0.217952 0.042226 -0.080798
v -0.226482 0.021132 -0.094363
v -0.220762 0.030055 -0.089951
v -0.218456 0.039734 -0.086212
v -0.220162 0.042708 -0.083652
v -0.225934 0.030919 -0.089334
v -0.225020 0.032008 -0.085299
v -0.222423 0.036382 -0.079034
v -0.220696 0.040312 -0.076604
v -0.223310 0.030527 -0.089120
v -0.221512 0.032864 -0.086723
v -0.218907 0.037128 -0.080624
v -0.217433 0.040555 -0.077906
v -0.230278 0.023072 -0.100266
v -0.232399 0.028070 -0.092494
v -0.228107 0.035481 -0.086139
v -0.225056 0.041424 -0.082584
v -0.227272 0.022603 -0.098290
v -0.229393 0.027601 -0.090518
v -0.224943 0.035269 -0.084141
v -0.224046 0.040489 -0.080246
v -0.223296 0.032926 -0.087160
v -0.219445 0.036314 -0.087449
v -0.217279 0.041375 -0.086590
v -0.215117 0.044645 -0.085470
v -0.224465 0.033309 -0.088872
v -0.220614 0.036698 -0.089161
v -0.218448 0.041758 -0.088302
v -0.216286 0.045029 -0.087182
v -0.224337 0.031702 -0.086176
v -0.222768 0.034470 -0.082594
v -0.219958 0.038681 -0.076217
v -0.217636 0.042474 -0.075335
v -0.220774 0.033606 -0.088557
v -0.220160 0.035007 -0.083805
v -0.217349 0.039218 -0.077428
v -0.215027 0.043013 -0.076547
v -0.229807 0.022438 -0.092772
v -0.229291 0.027408 -0.083840
v -0.225011 0.035394 -0.079449
v -0.222194 0.041945 -0.077557
v -0.226011 0.022722 -0.093043
v -0.225495 0.027692 -0.084110
v -0.221167 0.035935 -0.079739
v -0.220269 0.041155 -0.075844
v -0.222069 0.031482 -0.086426
v -0.218365 0.034574 -0.082635
v -0.214425 0.039578 -0.077971
v -0.213358 0.044387 -0.076560
v -0.220118 0.031362 -0.091267
v -0.216532 0.035763 -0.085728
v -0.212583 0.040628 -0.081272
v -0.211515 0.045437 -0.079861
v -0.221455 0.021531 -0.096526
v -0.217579 0.030866 -0.094281
v -0.217350 0.039699 -0.090791
v -0.218740 0.042396 -0.086698
v -0.225199 0.021311 -0.097287
v -0.221323 0.030646 -0.095042
v -0.221094 0.039479 -0.091552
v -0.222484 0.042176 -0.087460
v -0.221472 0.022512 -0.097190
v -0.222881 0.028125 -0.099436
v -0.223982 0.036755 -0.093392
v -0.222997 0.042194 -0.086373
v -0.224642 0.021510 -0.095055
v -0.226051 0.027123 -0.097302
v -0.227152 0.035753 -0.091258
v -0.226168 0.041190 -0.084266
v -0.220405 0.023814 -0.092481
v -0.214834 0.029225 -0.089622
v -0.210142 0.040311 -0.085849
v -0.209912 0.045716 -0.083547
v -0.221902 0.024571 -0.095826
v -0.216331 0.029982 -0.092967
v -0.211639 0.041068 -0.089193
v -0.211409 0.046474 -0.086892
v -0.235711 0.020655 -0.099229
v -0.235513 0.026090 -0.097884
v -0.231281 0.035493 -0.091438
v -0.231139 0.040861 -0.086713
v -0.235255 0.019863 -0.095490
v -0.235058 0.025298 -0.094144
v -0.230826 0.034702 -0.087698
v -0.230684 0.040070 -0.082973
v -0.213578 0.036510 -0.083116
v -0.218178 0.037914 -0.082405
v -0.221181 0.039797 -0.081552
v -0.221838 0.042711 -0.080396
v -0.213233 0.036443 -0.080892
v -0.217833 0.037848 -0.080181
v -0.220646 0.040560 -0.078635
v -0.221489 0.042664 -0.078155
v -0.215171 0.033325 -0.072352
v -0.214539 0.035700 -0.075410
v -0.215966 0.039501 -0.078150
v -0.217081 0.041921 -0.078894
v -0.218054 0.033407 -0.071010
v -0.217355 0.034862 -0.075459
v -0.218782 0.038663 -0.078198
v -0.221516 0.041787 -0.077596
v -0.211424 0.023634 -0.072655
v -0.210995 0.030788 -0.076232
v -0.216123 0.037582 -0.075921
v -0.220100 0.042903 -0.073849
v -0.214886 0.022640 -0.074246
v -0.214465 0.029805 -0.077842
v -0.219730 0.036776 -0.077350
v -0.223700 0.042087 -0.075259
v -0.211097 0.033318 -0.076499
v -0.213040 0.036315 -0.079572
v -0.216486 0.040439 -0.081511
v -0.217774 0.043075 -0.079712
v -0.214079 0.032242 -0.074148
v -0.216022 0.035239 -0.077221
v -0.219468 0.039363 -0.079160
v -0.220866 0.042207 -0.076908
v -0.217715 0.023811 -0.090611
v -0.223633 0.030894 -0.087407
v -0.225985 0.039738 -0.083578
v -0.223726 0.042790 -0.084702
v -0.214640 0.024415 -0.088206
v -0.220557 0.031497 -0.085001
v -0.222910 0.040341 -0.081172
v -0.220651 0.043394 -0.082296
v -0.217539 0.021790 -0.079035
v -0.219192 0.026527 -0.076119
v -0.224136 0.035286 -0.076309
v -0.224669 0.041378 -0.076016
v -0.216496 0.022581 -0.082748
v -0.218149 0.027317 -0.079832
v -0.223093 0.036076 -0.080022
v -0.223627 0.042169 -0.079729
v -0.208583 0.032408 -0.083533
v -0.212469 0.035021 -0.084628
v -0.219069 0.039061 -0.084149
v -0.220121 0.043104 -0.082435
v -0.208591 0.032057 -0.079598
v -0.212477 0.034670 -0.080693
v -0.219077 0.038710 -0.080214
v -0.220107 0.042795 -0.078459
v -0.225885 0.021199 -0.088911
v -0.227325 0.025062 -0.082244
v -0.227517 0.034603 -0.079875
v -0.228084 0.041465 -0.081769
v -0.222134 0.022218 -0.089623
v -0.223575 0.026081 -0.082957
v -0.223766 0.035622 -0.080587
v -0.224334 0.042484 -0.082481
v -0.222612 0.019993 -0.060729
v -0.220951 0.029394 -0.062611
v -0.222981 0.038217 -0.065271
v -0.226404 0.039904 -0.063918
v -0.225687 0.019390 -0.063135
v -0.224027 0.028791 -0.065017
v -0.226057 0.037613 -0.067677
v -0.229480 0.039301 -0.066324
v -0.222206 0.020089 -0.072566
v -0.223136 0.025403 -0.074702
v -0.222994 0.035328 -0.073063
v -0.225458 0.040899 -0.072450
v -0.223361 0.019735 -0.068819
v -0.224291 0.025050 -0.070955
v -0.224149 0.034974 -0.069316
v -0.226613 0.040546 -0.068703
v -0.235141 0.024071 -0.066929
v -0.233006 0.028004 -0.065326
v -0.229288 0.034102 -0.064999
v -0.229963 0.039980 -0.066137
v -0.235112 0.024340 -0.070870
v -0.232977 0.028273 -0.069267
v -0.229259 0.034372 -0.068941
v -0.229934 0.040250 -0.070079
v -0.254594 0.005214 -0.095571
v -0.255513 0.010637 -0.093021
v -0.257957 0.018210 -0.083279
v -0.261295 0.022374 -0.078902
v -0.256988 0.002993 -0.093363
v -0.257907 0.008415 -0.090813
v -0.260351 0.015989 -0.081071
v -0.263689 0.020152 -0.076694
v -0.264359 0.006890 -0.072942
v -0.265139 0.010253 -0.071537
v -0.266097 0.015148 -0.071583
v -0.266769 0.017561 -0.070701
v -0.262497 0.008308 -0.074718
v -0.263277 0.011671 -0.073314
v -0.264236 0.016566 -0.073359
v -0.264907 0.018979 -0.072478
v -0.270602 0.002175 -0.073134
v -0.268849 0.006555 -0.075168
v -0.268482 0.010616 -0.075885
v -0.268281 0.015129 -0.075724
v -0.272288 0.001688 -0.074303
v -0.270535 0.006068 -0.076337
v -0.270766 0.010646 -0.076807
v -0.269966 0.014643 -0.076893
v -0.271268 0.001158 -0.080337
v -0.270002 0.005074 -0.077885
v -0.267877 0.009820 -0.074396
v -0.267242 0.014356 -0.074664
v -0.269648 0.002299 -0.082489
v -0.268382 0.006215 -0.080037
v -0.266257 0.010961 -0.076548
v -0.265621 0.015497 -0.076816
v -0.269688 -0.001706 -0.085096
v -0.268372 0.004647 -0.078285
v -0.267887 0.008197 -0.076210
v -0.267915 0.016011 -0.075364
v -0.266659 -0.000139 -0.086808
v -0.265307 0.006264 -0.079913
v -0.264896 0.010059 -0.077898
v -0.264960 0.017822 -0.077136
v -0.272364 -0.001646 -0.078888
v -0.269580 0.002784 -0.076045
v -0.266909 0.009832 -0.073698
v -0.267598 0.014891 -0.073261
v -0.272258 -0.000818 -0.082723
v -0.269474 0.003612 -0.079879
v -0.266803 0.010660 -0.077532
v -0.267492 0.015719 -0.077095
v -0.262371 -0.001495 -0.069968
v -0.262301 0.008224 -0.069590
v -0.263457 0.013746 -0.071611
v -0.264558 0.017280 -0.068189
v -0.265701 -0.003232 -0.069230
v -0.265631 0.006487 -0.068853
v -0.266787 0.012009 -0.070874
v -0.267888 0.015543 -0.067452
v -0.256025 -0.000124 -0.079411
v -0.260297 0.003888 -0.081458
v -0.263032 0.012704 -0.076262
v -0.262618 0.019344 -0.071510
v -0.257642 -0.001667 -0.076153
v -0.261914 0.002344 -0.078200
v -0.264649 0.011161 -0.073004
v -0.263943 0.018102 -0.067378
v -0.271739 -0.004793 -0.073313
v -0.269287 0.000381 -0.073024
v -0.266663 0.008598 -0.074197
v -0.267586 0.014755 -0.072889
v -0.274366 -0.005450 -0.075895
v -0.271914 -0.000276 -0.075606
v -0.269290 0.007941 -0.076780
v -0.270213 0.014098 -0.075471
v -0.258762 -0.005116 -0.057391
v -0.262733 0.002255 -0.064398
v -0.265544 0.011753 -0.070327
v -0.264641 0.016702 -0.070107
v -0.259767 -0.002118 -0.054109
v -0.263335 0.005157 -0.060606
v -0.267488 0.010772 -0.067076
v -0.266988 0.015816 -0.067366
v -0.264230 0.002726 -0.061944
v -0.261637 0.007579 -0.064050
v -0.260092 0.014217 -0.068373
v -0.260789 0.018169 -0.070986
v -0.265979 0.001382 -0.065197
v -0.263386 0.006234 -0.067302
v -0.261841 0.012872 -0.071626
v -0.263718 0.017058 -0.074823
v -0.264176 -0.000342 -0.060390
v -0.261890 0.008524 -0.060519
v -0.261548 0.012352 -0.061837
v -0.263321 0.018456 -0.067153
v -0.262478 -0.000087 -0.063585
v -0.260191 0.008779 -0.063715
v -0.260012 0.012769 -0.065230
v -0.260739 0.018852 -0.067617
v -0.264001 0.005823 -0.060257
v -0.266607 0.007144 -0.064483
v -0.269120 0.010191 -0.066855
v -0.270578 0.012754 -0.069671
v -0.265489 0.005246 -0.058880
v -0.268095 0.006567 -0.063106
v -0.270608 0.009613 -0.065478
v -0.272066 0.012176 -0.068294
v -0.251977 0.014102 -0.062232
v -0.256446 0.015044 -0.066976
v -0.261956 0.016602 -0.071047
v -0.264715 0.017493 -0.073134
v -0.254352 0.013123 -0.059599
v -0.258390 0.013203 -0.065798
v -0.262769 0.014079 -0.070309
v -0.266659 0.015652 -0.071956
v -0.240265 0.012640 -0.058433
v -0.245211 0.016071 -0.066447
v -0.254937 0.018481 -0.070089
v -0.261961 0.020865 -0.071233
v -0.242843 0.009831 -0.058265
v -0.247803 0.013259 -0.066300
v -0.257756 0.015788 -0.069887
v -0.264766 0.018175 -0.071011
v -0.253804 0.013894 -0.060579
v -0.257383 0.012784 -0.067614
v -0.264143 0.013367 -0.071648
v -0.268723 0.015305 -0.071725
v -0.254124 0.010818 -0.060726
v -0.259072 0.011638 -0.064210
v -0.265815 0.012187 -0.068300
v -0.270396 0.014126 -0.068377
v -0.244427 0.005140 -0.055251
v -0.255387 0.008687 -0.056417
v -0.262715 0.014376 -0.058508
v -0.264306 0.017614 -0.062106
v -0.241839 0.007825 -0.054391
v -0.252798 0.011372 -0.055557
v -0.260127 0.017061 -0.057648
v -0.261717 0.020298 -0.061246
v -0.245157 0.005676 -0.054365
v -0.248412 0.009967 -0.051279
v -0.254937 0.016874 -0.055964
v -0.260396 0.020309 -0.062186
v -0.242584 0.007778 -0.056502
v -0.245839 0.012069 -0.053416
v -0.252363 0.018976 -0.058101
v -0.257822 0.022411 -0.064323
v -0.247289 0.006188 -0.058857
v -0.254920 0.005509 -0.061046
v -0.266743 0.009180 -0.063361
v -0.271269 0.012615 -0.064863
v -0.246635 0.007420 -0.055385
v -0.254266 0.006741 -0.057574
v -0.266090 0.010411 -0.059889
v -0.270615 0.013846 -0.061391
v -0.234601 0.015357 -0.052087
v -0.239252 0.018604 -0.052253
v -0.249758 0.021888 -0.057423
v -0.254219 0.025773 -0.061707
v -0.234610 0.014962 -0.055916
v -0.239261 0.018209 -0.056082
v -0.249767 0.021493 -0.061252
v -0.252015 0.026790 -0.063657
v -0.242116 0.010813 -0.055656
v -0.247257 0.013480 -0.057446
v -0.254660 0.019053 -0.065953
v -0.258073 0.023902 -0.069484
v -0.239511 0.012753 -0.057890
v -0.244652 0.015420 -0.059680
v -0.252055 0.020993 -0.068188
v -0.255468 0.025842 -0.071718
v -0.232422 0.024641 -0.065602
v -0.239629 0.026171 -0.072061
v -0.242710 0.026693 -0.073516
v -0.248572 0.028895 -0.075522
v -0.234628 0.021975 -0.063993
v -0.241834 0.023506 -0.070452
v -0.245122 0.024158 -0.071811
v -0.250984 0.026359 -0.073817
v -0.232314 0.027903 -0.071452
v -0.237590 0.026800 -0.073983
v -0.245288 0.026463 -0.075700
v -0.249953 0.028544 -0.075476
v -0.232790 0.027570 -0.067571
v -0.238066 0.026467 -0.070102
v -0.245764 0.026130 -0.071819
v -0.250243 0.027682 -0.071995
v -0.236038 0.019564 -0.081074
v -0.245328 0.022170 -0.080434
v -0.249457 0.024308 -0.077456
v -0.252751 0.026548 -0.079898
v -0.233497 0.022354 -0.081712
v -0.242787 0.024960 -0.081072
v -0.246916 0.027097 -0.078094
v -0.250318 0.029561 -0.080812
v -0.238419 0.028177 -0.084937
v -0.241243 0.026940 -0.081487
v -0.244777 0.027486 -0.076524
v -0.247077 0.030143 -0.074027
v -0.236311 0.029925 -0.083907
v -0.239135 0.028689 -0.080457
v -0.242669 0.029235 -0.075493
v -0.244969 0.031891 -0.072996
v -0.243589 0.024199 -0.090425
v -0.243214 0.027864 -0.087965
v -0.243507 0.030427 -0.086054
v -0.247131 0.033147 -0.085011
v -0.243702 0.024845 -0.092483
v -0.243326 0.028510 -0.090023
v -0.245614 0.031366 -0.089221
v -0.247243 0.033792 -0.087069
v -0.257289 0.003901 -0.105291
v -0.257745 0.009776 -0.103868
v -0.257616 0.019435 -0.095810
v -0.259737 0.024532 -0.091668
v -0.258753 0.002276 -0.102011
v -0.259209 0.008151 -0.100589
v -0.259080 0.017810 -0.092531
v -0.261201 0.022906 -0.088389
v -0.249671 0.019093 -0.083298
v -0.248803 0.022817 -0.080623
v -0.248212 0.028331 -0.078162
v -0.247975 0.031190 -0.076503
v -0.249233 0.021364 -0.084007
v -0.247840 0.024037 -0.083103
v -0.247261 0.029560 -0.080652
v -0.247012 0.032411 -0.078982
v -0.252452 0.017291 -0.090989
v -0.252132 0.021317 -0.092810
v -0.253655 0.026036 -0.092269
v -0.253830 0.029621 -0.091909
v -0.254344 0.016471 -0.091631
v -0.254023 0.020496 -0.093452
v -0.255547 0.025216 -0.092912
v -0.255721 0.028801 -0.092552
v -0.253158 0.005606 -0.089741
v -0.249993 0.011929 -0.084551
v -0.248157 0.024017 -0.079706
v -0.249397 0.029352 -0.076928
v -0.252660 0.007019 -0.093300
v -0.251689 0.014934 -0.090205
v -0.247990 0.025063 -0.083723
v -0.248899 0.030765 -0.080487
v -0.247642 0.006607 -0.091812
v -0.247326 0.013789 -0.094103
v -0.250980 0.022185 -0.089474
v -0.252142 0.027353 -0.085578
v -0.251035 0.004753 -0.091937
v -0.250719 0.011936 -0.094227
v -0.254373 0.020332 -0.089599
v -0.256930 0.024755 -0.083639
v -0.250621 0.004101 -0.091579
v -0.248737 0.014531 -0.087167
v -0.250298 0.024358 -0.083427
v -0.253206 0.026430 -0.080798
v -0.253045 0.003677 -0.094363
v -0.251161 0.014108 -0.089951
v -0.252722 0.023934 -0.086212
v -0.255433 0.026032 -0.083652
v -0.256272 0.012934 -0.089334
v -0.255842 0.014288 -0.085299
v -0.255110 0.019323 -0.079034
v -0.255012 0.023614 -0.076604
v -0.253697 0.013572 -0.089120
v -0.252926 0.016418 -0.086723
v -0.252144 0.021354 -0.080624
v -0.252089 0.025084 -0.077906
v -0.257294 0.004023 -0.100266
v -0.261161 0.007834 -0.092494
v -0.260020 0.016321 -0.086139
v -0.259467 0.022979 -0.082584
v -0.254336 0.004736 -0.098290
v -0.258203 0.008547 -0.090518
v -0.257015 0.017333 -0.084141
v -0.258177 0.022500 -0.080246
v -0.254598 0.015795 -0.087160
v -0.252331 0.020396 -0.087449
v -0.252260 0.025900 -0.086590
v -0.251508 0.029748 -0.085470
v -0.255825 0.015703 -0.088872
v -0.253558 0.020304 -0.089161
v -0.253486 0.025808 -0.088302
v -0.252735 0.029656 -0.087182
v -0.255094 0.014266 -0.086176
v -0.254700 0.017423 -0.082594
v -0.253708 0.022388 -0.076217
v -0.253009 0.026780 -0.075335
v -0.252526 0.017385 -0.088557
v -0.252494 0.018914 -0.083805
v -0.251502 0.023880 -0.077428
v -0.250802 0.028273 -0.076547
v -0.256617 0.003617 -0.092772
v -0.258036 0.008407 -0.083840
v -0.257125 0.017422 -0.079449
v -0.257020 0.024552 -0.077557
v -0.253216 0.005327 -0.093043
v -0.254635 0.010117 -0.084110
v -0.253778 0.019388 -0.079739
v -0.254940 0.024556 -0.075844
v -0.252913 0.014928 -0.086426
v -0.250669 0.019199 -0.082635
v -0.248935 0.025327 -0.077971
v -0.249783 0.030180 -0.076560
v -0.251064 0.015561 -0.091267
v -0.249428 0.020997 -0.085728
v -0.247633 0.027001 -0.081273
v -0.248481 0.031853 -0.079861
v -0.248550 0.005964 -0.096526
v -0.248528 0.016071 -0.094281
v -0.251686 0.024324 -0.090791
v -0.253999 0.026287 -0.086698
v -0.251927 0.004332 -0.097287
v -0.251905 0.014440 -0.095042
v -0.255063 0.022692 -0.091552
v -0.257377 0.024655 -0.087460
v -0.248940 0.006864 -0.097190
v -0.252384 0.011515 -0.099436
v -0.256694 0.019073 -0.093392
v -0.257857 0.024476 -0.086373
v -0.251489 0.004728 -0.095055
v -0.254932 0.009379 -0.097302
v -0.259242 0.016937 -0.091258
v -0.260406 0.022339 -0.084266
v -0.248450 0.008474 -0.092481
v -0.245364 0.015601 -0.089622
v -0.245255 0.027639 -0.085849
v -0.247105 0.032723 -0.083547
v -0.250123 0.008603 -0.095826
v -0.247037 0.015730 -0.092967
v -0.246928 0.027768 -0.089193
v -0.248778 0.032852 -0.086892
v -0.261394 -0.000284 -0.099229
v -0.263284 0.004816 -0.097884
v -0.262959 0.015122 -0.091438
v -0.264876 0.020139 -0.086713
v -0.260671 -0.000842 -0.095490
v -0.262562 0.004257 -0.094144
v -0.262236 0.014564 -0.087698
v -0.264153 0.019580 -0.082973
v -0.246982 0.022814 -0.083116
v -0.251770 0.022358 -0.082405
v -0.255264 0.022953 -0.081552
v -0.256983 0.025396 -0.080396
v -0.246638 0.022884 -0.080892
v -0.251426 0.022428 -0.080181
v -0.255061 0.023863 -0.078635
v -0.256643 0.025486 -0.078155
v -0.247240 0.019263 -0.072352
v -0.247561 0.021700 -0.075410
v -0.250330 0.024669 -0.078150
v -0.252285 0.026480 -0.078894
v -0.249936 0.018239 -0.071010
v -0.249845 0.019851 -0.075459
v -0.252614 0.022820 -0.078198
v -0.256334 0.024665 -0.077596
v -0.240080 0.011734 -0.072655
v -0.242413 0.018511 -0.076232
v -0.249743 0.022834 -0.075921
v -0.255450 0.026236 -0.073849
v -0.242901 0.009495 -0.074246
v -0.245244 0.016278 -0.077842
v -0.252770 0.020714 -0.077350
v -0.258466 0.024109 -0.075259
v -0.243471 0.020811 -0.076499
v -0.246411 0.022839 -0.079572
v -0.251169 0.025338 -0.081511
v -0.253365 0.027283 -0.079712
v -0.245817 0.018678 -0.074148
v -0.248757 0.020707 -0.077221
v -0.253515 0.023205 -0.079160
v -0.255892 0.025301 -0.076908
v -0.245963 0.009498 -0.090612
v -0.254135 0.013788 -0.087407
v -0.259682 0.021066 -0.083578
v -0.258759 0.024749 -0.084702
v -0.243351 0.011229 -0.088206
v -0.251522 0.015519 -0.085001
v -0.257070 0.022797 -0.081172
v -0.256146 0.026480 -0.082296
v -0.245029 0.007697 -0.079035
v -0.248364 0.011445 -0.076119
v -0.256275 0.017656 -0.076309
v -0.259092 0.023084 -0.076016
v -0.244367 0.008825 -0.082748
v -0.247701 0.012573 -0.079832
v -0.255613 0.018785 -0.080022
v -0.258430 0.024212 -0.079729
v -0.240800 0.020928 -0.083533
v -0.245390 0.021861 -0.084628
v -0.253032 0.023079 -0.084149
v -0.255546 0.026415 -0.082435
v -0.240674 0.020601 -0.079598
v -0.245263 0.021534 -0.080693
v -0.252905 0.022751 -0.080214
v -0.255415 0.026134 -0.078459
v -0.252518 0.003967 -0.088911
v -0.255324 0.006989 -0.082244
v -0.259140 0.015735 -0.079875
v -0.262282 0.021862 -0.081769
v -0.249440 0.006340 -0.089623
v -0.252246 0.009361 -0.082957
v -0.256062 0.018108 -0.080587
v -0.259204 0.024235 -0.082481
v -0.249033 0.004101 -0.060729
v -0.251084 0.013424 -0.062611
v -0.256326 0.020806 -0.065271
v -0.260134 0.021060 -0.063918
v -0.251646 0.002370 -0.063135
v -0.253696 0.011693 -0.065017
v -0.258938 0.019075 -0.067677
v -0.262746 0.019329 -0.066324
v -0.248695 0.004344 -0.072566
v -0.251582 0.008902 -0.074702
v -0.255235 0.018130 -0.073063
v -0.259638 0.022341 -0.072450
v -0.249628 0.003576 -0.068819
v -0.252514 0.008134 -0.070955
v -0.256168 0.017363 -0.069316
v -0.260571 0.021573 -0.068703
v -0.262170 0.003091 -0.066929
v -0.261697 0.007541 -0.065326
v -0.260586 0.014597 -0.064999
v -0.263452 0.019773 -0.066137
v -0.262247 0.003351 -0.070870
v -0.261773 0.007801 -0.069267
v -0.260662 0.014857 -0.068941
v -0.263528 0.020033 -0.070079
v -0.271763 -0.009699 -0.138044
v -0.272219 -0.005308 -0.135539
v -0.273693 0.000756 -0.125914
v -0.276223 0.003995 -0.121646
v -0.273854 -0.011640 -0.135899
v -0.274310 -0.007249 -0.133394
v -0.275784 -0.001184 -0.123769
v -0.278314 0.002054 -0.119501
v -0.279440 -0.008848 -0.115755
v -0.279905 -0.006134 -0.114382
v -0.280483 -0.002172 -0.114460
v -0.280915 -0.000230 -0.113604
v -0.277830 -0.007592 -0.117482
v -0.278295 -0.004878 -0.116109
v -0.278873 -0.000916 -0.116187
v -0.279306 0.001026 -0.115330
v -0.284983 -0.013013 -0.116088
v -0.283328 -0.009336 -0.118079
v -0.282835 -0.005991 -0.118792
v -0.282440 -0.002285 -0.118635
v -0.286468 -0.013491 -0.117292
v -0.284813 -0.009815 -0.119283
v -0.284798 -0.006076 -0.119765
v -0.283926 -0.002763 -0.119839
v -0.285773 -0.013864 -0.123272
v -0.284446 -0.010600 -0.120808
v -0.282323 -0.006616 -0.117294
v -0.281569 -0.002870 -0.117554
v -0.284392 -0.012846 -0.125378
v -0.283065 -0.009583 -0.122914
v -0.280942 -0.005599 -0.119399
v -0.280187 -0.001852 -0.119659
v -0.284683 -0.016123 -0.127966
v -0.283090 -0.010870 -0.121167
v -0.282455 -0.007943 -0.119096
v -0.282078 -0.001546 -0.118270
v -0.282073 -0.014689 -0.129601
v -0.280444 -0.009392 -0.122717
v -0.279862 -0.006268 -0.120708
v -0.279519 0.000085 -0.119967
v -0.286807 -0.016216 -0.121852
v -0.284154 -0.012458 -0.118962
v -0.281483 -0.006560 -0.116575
v -0.281811 -0.002451 -0.116166
v -0.286769 -0.015526 -0.125668
v -0.284116 -0.011768 -0.122778
v -0.281445 -0.005870 -0.120391
v -0.281774 -0.001761 -0.119983
v -0.278086 -0.015624 -0.112730
v -0.277544 -0.007661 -0.112372
v -0.278306 -0.003191 -0.114422
v -0.278988 -0.000357 -0.111049
v -0.280984 -0.017210 -0.112073
v -0.280442 -0.009248 -0.111715
v -0.281205 -0.004777 -0.113765
v -0.281886 -0.001943 -0.110392
v -0.272850 -0.014173 -0.121980
v -0.276337 -0.011092 -0.124129
v -0.278108 -0.004014 -0.119039
v -0.277318 0.001434 -0.114312
v -0.274222 -0.015522 -0.118773
v -0.277709 -0.012441 -0.120922
v -0.279480 -0.005363 -0.115832
v -0.278405 0.000344 -0.110229
v -0.286294 -0.018775 -0.116280
v -0.283950 -0.014418 -0.115943
v -0.281346 -0.007559 -0.117064
v -0.281799 -0.002564 -0.115796
v -0.288622 -0.019436 -0.118913
v -0.286278 -0.015079 -0.118576
v -0.283675 -0.008220 -0.119697
v -0.284128 -0.003225 -0.118428
v -0.274890 -0.018438 -0.100116
v -0.278077 -0.012581 -0.107202
v -0.280147 -0.004927 -0.113190
v -0.279133 -0.000831 -0.112959
v -0.275519 -0.016038 -0.096878
v -0.278356 -0.010241 -0.103447
v -0.281770 -0.005832 -0.109998
v -0.281106 -0.001676 -0.110285
v -0.279267 -0.012272 -0.104796
v -0.276877 -0.008168 -0.106839
v -0.275344 -0.002648 -0.111119
v -0.275807 0.000560 -0.113744
v -0.280899 -0.013453 -0.108074
v -0.278508 -0.009348 -0.110117
v -0.276975 -0.003828 -0.114396
v -0.278445 -0.000485 -0.117632
v -0.279334 -0.014786 -0.103241
v -0.276961 -0.007413 -0.103332
v -0.276515 -0.004258 -0.104643
v -0.277854 0.000664 -0.109990
v -0.277954 -0.014488 -0.106382
v -0.275581 -0.007115 -0.106473
v -0.275270 -0.003836 -0.107985
v -0.275650 0.001116 -0.110391
v -0.278882 -0.009729 -0.103117
v -0.281135 -0.008765 -0.107389
v -0.283181 -0.006388 -0.109817
v -0.284364 -0.004355 -0.112661
v -0.280142 -0.010277 -0.101780
v -0.282395 -0.009313 -0.106053
v -0.284441 -0.006936 -0.108481
v -0.285624 -0.004903 -0.111324
v -0.268300 -0.002358 -0.104809
v -0.272169 -0.001795 -0.109641
v -0.276877 -0.000780 -0.113830
v -0.279230 -0.000181 -0.115976
v -0.270304 -0.003281 -0.102243
v -0.273883 -0.003400 -0.108512
v -0.277674 -0.002887 -0.113110
v -0.280945 -0.001786 -0.114846
v -0.258320 -0.002992 -0.100742
v -0.262552 -0.000408 -0.108846
v -0.270794 0.001099 -0.112710
v -0.276678 0.002712 -0.114024
v -0.260645 -0.005419 -0.100632
v -0.264890 -0.002837 -0.108757
v -0.273318 -0.001244 -0.112572
v -0.279189 0.000371 -0.113865
v -0.269824 -0.002621 -0.103207
v -0.273091 -0.003691 -0.110295
v -0.278909 -0.003535 -0.114475
v -0.282711 -0.002171 -0.114665
v -0.270250 -0.005156 -0.103355
v -0.274502 -0.004718 -0.106944
v -0.280308 -0.004589 -0.111180
v -0.284111 -0.003225 -0.111370
v -0.262149 -0.009344 -0.097660
v -0.271323 -0.006970 -0.099091
v -0.277329 -0.002664 -0.101362
v -0.278610 -0.000083 -0.104988
v -0.259796 -0.007021 -0.096747
v -0.268971 -0.004647 -0.098178
v -0.274976 -0.000341 -0.100448
v -0.276258 0.002240 -0.104075
v -0.262722 -0.008942 -0.096796
v -0.265206 -0.005592 -0.093811
v -0.270531 -0.000245 -0.098646
v -0.275156 0.002315 -0.104979
v -0.260483 -0.007091 -0.098866
v -0.262967 -0.003741 -0.095881
v -0.268292 0.001606 -0.100716
v -0.272917 0.004166 -0.107048
v -0.264618 -0.008618 -0.101321
v -0.271193 -0.009541 -0.103683
v -0.281125 -0.007107 -0.106280
v -0.284842 -0.004511 -0.107891
v -0.263918 -0.007584 -0.097851
v -0.270494 -0.008508 -0.100213
v -0.280425 -0.006073 -0.102810
v -0.284142 -0.003478 -0.104421
v -0.253218 -0.000503 -0.094293
v -0.257019 0.001929 -0.094577
v -0.265918 0.004117 -0.099983
v -0.269625 0.007090 -0.104364
v -0.253337 -0.000820 -0.098105
v -0.257138 0.001613 -0.098388
v -0.266037 0.003801 -0.103795
v -0.267749 0.008034 -0.106254
v -0.259916 -0.004584 -0.098018
v -0.264201 -0.002647 -0.099929
v -0.270430 0.001573 -0.108588
v -0.273182 0.005385 -0.112194
v -0.257660 -0.002864 -0.100184
v -0.261945 -0.000926 -0.102095
v -0.268174 0.003293 -0.110753
v -0.270926 0.007105 -0.114360
v -0.251239 0.007233 -0.107713
v -0.257448 0.008148 -0.114320
v -0.260078 0.008428 -0.115843
v -0.265004 0.009949 -0.117986
v -0.253205 0.004939 -0.106159
v -0.259415 0.005854 -0.112766
v -0.262212 0.006230 -0.114200
v -0.267138 0.007751 -0.116342
v -0.251128 0.009921 -0.113540
v -0.255730 0.008765 -0.116185
v -0.262334 0.008118 -0.118079
v -0.266195 0.009594 -0.117973
v -0.251456 0.009617 -0.109688
v -0.256058 0.008462 -0.112332
v -0.262662 0.007814 -0.114227
v -0.266399 0.008868 -0.114513
v -0.254934 0.002929 -0.123192
v -0.262692 0.004609 -0.122785
v -0.266027 0.006153 -0.119924
v -0.268778 0.007832 -0.122439
v -0.252652 0.005339 -0.123772
v -0.260410 0.007019 -0.123364
v -0.263746 0.008563 -0.120503
v -0.266585 0.010420 -0.123296
v -0.256632 0.009874 -0.127113
v -0.259011 0.008717 -0.123744
v -0.261870 0.008982 -0.118889
v -0.263636 0.011041 -0.116464
v -0.254729 0.011407 -0.126040
v -0.257109 0.010250 -0.122671
v -0.259967 0.010515 -0.117816
v -0.261734 0.012574 -0.115391
v -0.261355 0.006375 -0.132693
v -0.260798 0.009390 -0.130242
v -0.260876 0.011472 -0.128352
v -0.263800 0.013520 -0.127406
v -0.261469 0.006902 -0.134745
v -0.260912 0.009918 -0.132295
v -0.262699 0.012144 -0.131558
v -0.263914 0.014047 -0.129459
v -0.274353 -0.010887 -0.147783
v -0.274420 -0.006101 -0.146389
v -0.273645 0.001800 -0.138383
v -0.275101 0.005863 -0.134321
v -0.275598 -0.012296 -0.144550
v -0.275665 -0.007510 -0.143156
v -0.274890 0.000391 -0.135150
v -0.276346 0.004454 -0.131088
v -0.266604 0.001883 -0.125735
v -0.265620 0.004970 -0.123058
v -0.264789 0.009510 -0.120605
v -0.264408 0.011860 -0.118952
v -0.266138 0.003765 -0.126434
v -0.264801 0.006021 -0.125506
v -0.263981 0.010568 -0.123063
v -0.263590 0.012911 -0.121400
v -0.269242 0.000286 -0.133454
v -0.268818 0.003603 -0.135267
v -0.269870 0.007393 -0.134775
v -0.269835 0.010319 -0.134428
v -0.270907 -0.000476 -0.134138
v -0.270482 0.002840 -0.135951
v -0.271534 0.006630 -0.135459
v -0.271499 0.009557 -0.135112
v -0.270382 -0.009320 -0.132207
v -0.267257 -0.003997 -0.126975
v -0.264990 0.005982 -0.122131
v -0.265718 0.010286 -0.119407
v -0.269976 -0.008132 -0.135740
v -0.268689 -0.001608 -0.132651
v -0.264894 0.006855 -0.126129
v -0.265311 0.011474 -0.122940
v -0.265693 -0.008228 -0.134137
v -0.265129 -0.002325 -0.136424
v -0.267715 0.004364 -0.131921
v -0.268358 0.008532 -0.128081
v -0.268672 -0.009911 -0.134340
v -0.268108 -0.004008 -0.136626
v -0.270694 0.002681 -0.132123
v -0.272510 0.006167 -0.126260
v -0.268342 -0.010426 -0.133972
v -0.266126 -0.001800 -0.129554
v -0.266884 0.006164 -0.125889
v -0.269192 0.007715 -0.123345
v -0.270491 -0.010885 -0.136801
v -0.268275 -0.002260 -0.132384
v -0.269033 0.005705 -0.128718
v -0.271174 0.007286 -0.126239
v -0.272663 -0.003471 -0.131891
v -0.272135 -0.002349 -0.127867
v -0.271115 0.001798 -0.121622
v -0.270764 0.005312 -0.119208
v -0.270437 -0.002824 -0.131617
v -0.269585 -0.000460 -0.129217
v -0.268533 0.003609 -0.123136
v -0.268238 0.006661 -0.120437
v -0.274230 -0.010798 -0.142781
v -0.277146 -0.007880 -0.135144
v -0.275609 -0.000886 -0.128807
v -0.274728 0.004587 -0.125267
v -0.271632 -0.010074 -0.140744
v -0.274548 -0.007156 -0.133107
v -0.272955 0.000085 -0.126748
v -0.273598 0.004253 -0.122908
v -0.271048 -0.001051 -0.129691
v -0.268903 0.002828 -0.129933
v -0.268553 0.007338 -0.129087
v -0.267700 0.010524 -0.127962
v -0.272137 -0.001182 -0.131425
v -0.269992 0.002697 -0.131667
v -0.269642 0.007207 -0.130821
v -0.268788 0.010393 -0.129696
v -0.271520 -0.002329 -0.128721
v -0.270945 0.000269 -0.125152
v -0.269706 0.004371 -0.118789
v -0.268876 0.008000 -0.117903
v -0.269242 0.000355 -0.131035
v -0.269025 0.001600 -0.126307
v -0.267786 0.005703 -0.119944
v -0.266956 0.009333 -0.119059
v -0.273493 -0.011112 -0.135304
v -0.274251 -0.007275 -0.126455
v -0.272932 0.000144 -0.122080
v -0.272449 0.005984 -0.120208
v -0.270525 -0.009545 -0.135494
v -0.271283 -0.005708 -0.126646
v -0.269996 0.001918 -0.122292
v -0.270638 0.006086 -0.118452
v -0.269640 -0.001680 -0.128919
v -0.267431 0.001920 -0.125099
v -0.265546 0.007014 -0.120426
v -0.265996 0.010944 -0.119051
v -0.268153 -0.001062 -0.133695
v -0.266363 0.003459 -0.128151
v -0.264437 0.008455 -0.123685
v -0.264887 0.012385 -0.122310
v -0.266610 -0.008789 -0.138851
v -0.266044 -0.000515 -0.136634
v -0.268243 0.006084 -0.133253
v -0.270016 0.007570 -0.129238
v -0.269580 -0.010289 -0.139687
v -0.269014 -0.002014 -0.137470
v -0.271213 0.004584 -0.134089
v -0.272986 0.006071 -0.130074
v -0.266914 -0.008070 -0.139522
v -0.269670 -0.004424 -0.141851
v -0.272820 0.001544 -0.135953
v -0.273377 0.005899 -0.129004
v -0.269133 -0.009947 -0.137455
v -0.271889 -0.006301 -0.139783
v -0.275040 -0.000334 -0.133886
v -0.275598 0.004020 -0.126964
v -0.266305 -0.006736 -0.134827
v -0.263264 -0.000755 -0.131920
v -0.262494 0.009102 -0.128184
v -0.263764 0.013172 -0.125948
v -0.267802 -0.006705 -0.138197
v -0.264761 -0.000724 -0.135290
v -0.263991 0.009133 -0.131554
v -0.265261 0.013202 -0.129318
v -0.277902 -0.014527 -0.141839
v -0.279228 -0.010445 -0.140555
v -0.278294 -0.002001 -0.134150
v -0.279565 0.002005 -0.129503
v -0.277224 -0.014956 -0.138098
v -0.278551 -0.010874 -0.136814
v -0.277616 -0.002430 -0.130409
v -0.278888 0.001576 -0.125761
v -0.264132 0.005061 -0.125496
v -0.268209 0.004453 -0.124903
v -0.271130 0.004768 -0.124139
v -0.272445 0.006683 -0.123035
v -0.263782 0.005131 -0.123274
v -0.267859 0.004523 -0.122680
v -0.270842 0.005518 -0.121232
v -0.272097 0.006769 -0.120796
v -0.264265 0.002119 -0.114780
v -0.264493 0.004105 -0.117837
v -0.266769 0.006407 -0.120636
v -0.268360 0.007797 -0.121428
v -0.266575 0.001147 -0.113506
v -0.266526 0.002480 -0.117936
v -0.268802 0.004782 -0.120736
v -0.271861 0.006111 -0.120230
v -0.258550 -0.003698 -0.114894
v -0.260290 0.001746 -0.118524
v -0.266305 0.004929 -0.118400
v -0.270942 0.007433 -0.116482
v -0.261096 -0.005666 -0.116541
v -0.262845 -0.000217 -0.120191
v -0.269017 0.003048 -0.119892
v -0.273645 0.005547 -0.117954
v -0.261084 0.003579 -0.118820
v -0.263559 0.005103 -0.121954
v -0.267530 0.006921 -0.124004
v -0.269260 0.008403 -0.122269
v -0.263127 0.001713 -0.116532
v -0.265601 0.003238 -0.119666
v -0.269573 0.005056 -0.121716
v -0.271438 0.006651 -0.119536
v -0.264095 -0.005780 -0.132907
v -0.270758 -0.002671 -0.129923
v -0.275028 0.003011 -0.126258
v -0.274091 0.006075 -0.127363
v -0.261731 -0.004240 -0.130452
v -0.268393 -0.001131 -0.127468
v -0.272664 0.004552 -0.123804
v -0.271726 0.007615 -0.124908
v -0.263109 -0.007232 -0.121356
v -0.265692 -0.004331 -0.118542
v -0.272122 0.000371 -0.118933
v -0.274246 0.004678 -0.118721
v -0.262580 -0.006269 -0.125039
v -0.265163 -0.003367 -0.122224
v -0.271593 0.001334 -0.122616
v -0.273717 0.005642 -0.122403
v -0.258976 0.003819 -0.125758
v -0.262860 0.004361 -0.126961
v -0.269288 0.004985 -0.126670
v -0.271223 0.007591 -0.125032
v -0.258790 0.003549 -0.121837
v -0.262674 0.004092 -0.123040
v -0.269102 0.004715 -0.122749
v -0.271029 0.007360 -0.121070
v -0.269898 -0.010633 -0.131361
v -0.271976 -0.008308 -0.124798
v -0.274737 -0.001335 -0.122548
v -0.277156 0.003533 -0.124522
v -0.267182 -0.008538 -0.132001
v -0.269260 -0.006214 -0.125438
v -0.272021 0.000759 -0.123188
v -0.274440 0.005628 -0.125161
v -0.266248 -0.010408 -0.103222
v -0.267583 -0.002869 -0.105163
v -0.271745 0.002926 -0.107952
v -0.274938 0.002946 -0.106697
v -0.268612 -0.011949 -0.105677
v -0.269947 -0.004409 -0.107618
v -0.274109 0.001386 -0.110407
v -0.277302 0.001405 -0.109152
v -0.266234 -0.010170 -0.114999
v -0.268518 -0.006573 -0.117203
v -0.271136 0.000803 -0.115677
v -0.274660 0.004036 -0.115182
v -0.266974 -0.010851 -0.111290
v -0.269259 -0.007255 -0.113494
v -0.271876 0.000122 -0.111968
v -0.275400 0.003354 -0.111473
v -0.277619 -0.011864 -0.109709
v -0.276960 -0.008199 -0.108111
v -0.275664 -0.002367 -0.107773
v -0.277876 0.001735 -0.108985
v -0.277766 -0.011647 -0.113635
v -0.277108 -0.007982 -0.112036
v -0.275811 -0.002150 -0.111699
v -0.278024 0.001952 -0.112911
v -0.279254 -0.012753 -0.095571
v -0.280173 -0.007331 -0.093021
v -0.282617 0.000243 -0.083279
v -0.285955 0.004406 -0.078902
v -0.281648 -0.014975 -0.093363
v -0.282567 -0.009552 -0.090813
v -0.285011 -0.001979 -0.081071
v -0.288349 0.002185 -0.076694
v -0.289019 -0.011078 -0.072942
v -0.289799 -0.007714 -0.071537
v -0.290758 -0.002819 -0.071583
v -0.291429 -0.000407 -0.070701
v -0.287157 -0.009659 -0.074718
v -0.287937 -0.006296 -0.073314
v -0.288896 -0.001401 -0.073359
v -0.289568 0.001012 -0.072478
v -0.295262 -0.015793 -0.073134
v -0.293509 -0.011413 -0.075168
v -0.293142 -0.007352 -0.075885
v -0.292941 -0.002838 -0.075724
v -0.296948 -0.016279 -0.074303
v -0.295195 -0.011899 -0.076337
v -0.295426 -0.007322 -0.076807
v -0.294627 -0.003325 -0.076893
v -0.295928 -0.016809 -0.080337
v -0.294662 -0.012893 -0.077885
v -0.292537 -0.008147 -0.074396
v -0.291902 -0.003611 -0.074664
v -0.294308 -0.015668 -0.082489
v -0.293042 -0.011753 -0.080037
v -0.290917 -0.007006 -0.076548
v -0.290282 -0.002470 -0.076816
v -0.294348 -0.019674 -0.085096
v -0.293032 -0.013321 -0.078285
v -0.292547 -0.009771 -0.076210
v -0.292575 -0.001956 -0.075364
v -0.291319 -0.018107 -0.086808
v -0.289967 -0.011703 -0.079913
v -0.289556 -0.007908 -0.077898
v -0.289620 -0.000145 -0.077136
v -0.297024 -0.019613 -0.078888
v -0.294240 -0.015183 -0.076045
v -0.291569 -0.008135 -0.073698
v -0.292258 -0.003076 -0.073261
v -0.296918 -0.018786 -0.082723
v -0.294134 -0.014356 -0.079879
v -0.291463 -0.007308 -0.077532
v -0.292152 -0.002249 -0.077095
v -0.287031 -0.019463 -0.069968
v -0.286961 -0.009744 -0.069590
v -0.288117 -0.004221 -0.071611
v -0.289218 -0.000687 -0.068189
v -0.290361 -0.021199 -0.069230
v -0.290291 -0.011481 -0.068853
v -0.291447 -0.005958 -0.070874
v -0.292548 -0.002424 -0.067452
v -0.280685 -0.018091 -0.079411
v -0.284957 -0.014080 -0.081458
v -0.287692 -0.005263 -0.076262
v -0.287279 0.001377 -0.071510
v -0.282302 -0.019635 -0.076153
v -0.286574 -0.015623 -0.078200
v -0.289309 -0.006806 -0.073004
v -0.288603 0.000134 -0.067378
v -0.296399 -0.022761 -0.073313
v -0.293947 -0.017587 -0.073024
v -0.291324 -0.009370 -0.074197
v -0.292246 -0.003213 -0.072889
v -0.299026 -0.023418 -0.075895
v -0.296574 -0.018244 -0.075606
v -0.293950 -0.010027 -0.076780
v -0.294873 -0.003870 -0.075471
v -0.283423 -0.023083 -0.057391
v -0.287393 -0.015712 -0.064398
v -0.290204 -0.006214 -0.070327
v -0.289301 -0.001266 -0.070107
v -0.284427 -0.020085 -0.054109
v -0.287995 -0.012810 -0.060606
v -0.292148 -0.007195 -0.067076
v -0.291648 -0.002151 -0.067366
v -0.288890 -0.015241 -0.061944
v -0.286298 -0.010388 -0.064050
v -0.284753 -0.003751 -0.068373
v -0.285449 0.000201 -0.070986
v -0.290639 -0.016586 -0.065197
v -0.288047 -0.011733 -0.067302
v -0.286502 -0.005095 -0.071626
v -0.288378 -0.000910 -0.074823
v -0.288836 -0.018309 -0.060390
v -0.286550 -0.009443 -0.060519
v -0.286208 -0.005615 -0.061837
v -0.287981 0.000489 -0.067153
v -0.287138 -0.018054 -0.063585
v -0.284852 -0.009188 -0.063715
v -0.284672 -0.005198 -0.065230
v -0.285400 0.000885 -0.067617
v -0.288661 -0.012144 -0.060257
v -0.291267 -0.010823 -0.064483
v -0.293781 -0.007777 -0.066855
v -0.295238 -0.005214 -0.069671
v -0.290149 -0.012722 -0.058880
v -0.292755 -0.011401 -0.063106
v -0.295268 -0.008354 -0.065478
v -0.296726 -0.005791 -0.068294
v -0.276637 -0.003866 -0.062232
v -0.281106 -0.002923 -0.066976
v -0.286616 -0.001365 -0.071047
v -0.289375 -0.000474 -0.073134
v -0.279012 -0.004844 -0.059599
v -0.283050 -0.004764 -0.065798
v -0.287430 -0.003888 -0.070309
v -0.291319 -0.002316 -0.071956
v -0.264925 -0.005327 -0.058433
v -0.269871 -0.001896 -0.066447
v -0.279597 0.000514 -0.070089
v -0.286622 0.002898 -0.071233
v -0.267503 -0.008136 -0.058265
v -0.272463 -0.004708 -0.066300
v -0.282417 -0.002180 -0.069887
v -0.289426 0.000207 -0.071011
v -0.278464 -0.004074 -0.060579
v -0.282043 -0.005184 -0.067614
v -0.288803 -0.004601 -0.071648
v -0.293383 -0.002662 -0.071725
v -0.278784 -0.007150 -0.060726
v -0.283732 -0.006330 -0.064210
v -0.290476 -0.005780 -0.068300
v -0.295056 -0.003842 -0.068377
v -0.269087 -0.012827 -0.055251
v -0.280047 -0.009280 -0.056417
v -0.287376 -0.003591 -0.058508
v -0.288966 -0.000354 -0.062106
v -0.266499 -0.010143 -0.054391
v -0.277458 -0.006595 -0.055557
v -0.284787 -0.000907 -0.057648
v -0.286377 0.002331 -0.061246
v -0.269818 -0.012292 -0.054365
v -0.273073 -0.008000 -0.051279
v -0.279597 -0.001094 -0.055964
v -0.285056 0.002342 -0.062186
v -0.267244 -0.010190 -0.056502
v -0.270499 -0.005898 -0.053416
v -0.277023 0.001008 -0.058101
v -0.282482 0.004444 -0.064323
v -0.271949 -0.011779 -0.058857
v -0.279580 -0.012458 -0.061046
v -0.291403 -0.008788 -0.063361
v -0.295929 -0.005353 -0.064863
v -0.271295 -0.010548 -0.055385
v -0.278926 -0.011226 -0.057574
v -0.290750 -0.007556 -0.059889
v -0.295275 -0.004121 -0.061391
v -0.259262 -0.002610 -0.052087
v -0.263912 0.000636 -0.052253
v -0.274418 0.003921 -0.057423
v -0.278879 0.007805 -0.061707
v -0.259270 -0.003005 -0.055916
v -0.263921 0.000241 -0.056082
v -0.274427 0.003526 -0.061252
v -0.276675 0.008823 -0.063657
v -0.266776 -0.007155 -0.055656
v -0.271917 -0.004487 -0.057446
v -0.279320 0.001086 -0.065953
v -0.282733 0.005935 -0.069484
v -0.264171 -0.005215 -0.057890
v -0.269312 -0.002547 -0.059680
v -0.276715 0.003026 -0.068188
v -0.280129 0.007875 -0.071718
v -0.257082 0.006674 -0.065602
v -0.264289 0.008204 -0.072061
v -0.267370 0.008726 -0.073516
v -0.273232 0.010927 -0.075522
v -0.259288 0.004008 -0.063993
v -0.266494 0.005538 -0.070452
v -0.269782 0.006190 -0.071811
v -0.275644 0.008392 -0.073817
v -0.256974 0.009936 -0.071452
v -0.262250 0.008832 -0.073983
v -0.269948 0.008496 -0.075700
v -0.274613 0.010577 -0.075476
v -0.257450 0.009602 -0.067571
v -0.262727 0.008499 -0.070102
v -0.270424 0.008162 -0.071819
v -0.274903 0.009715 -0.071995
v -0.260698 0.001597 -0.081074
v -0.269988 0.004203 -0.080434
v -0.274117 0.006340 -0.077456
v -0.277411 0.008581 -0.079898
v -0.258157 0.004386 -0.081712
v -0.267447 0.006993 -0.081072
v -0.271576 0.009130 -0.078094
v -0.274979 0.011593 -0.080812
v -0.263079 0.010209 -0.084937
v -0.265903 0.008973 -0.081487
v -0.269437 0.009519 -0.076524
v -0.271737 0.012175 -0.074027
v -0.260971 0.011958 -0.083907
v -0.263796 0.010722 -0.080457
v -0.267329 0.011268 -0.075493
v -0.269630 0.013924 -0.072996
v -0.268249 0.006232 -0.090425
v -0.267874 0.009897 -0.087965
v -0.268167 0.012460 -0.086054
v -0.271791 0.015179 -0.085011
v -0.268362 0.006877 -0.092483
v -0.267986 0.010542 -0.090023
v -0.270274 0.013399 -0.089221
v -0.271904 0.015825 -0.087069
v -0.281949 -0.014066 -0.105291
v -0.282405 -0.008191 -0.103868
v -0.282276 0.001468 -0.095810
v -0.284397 0.006564 -0.091668
v -0.283413 -0.015692 -0.102011
v -0.283869 -0.009817 -0.100589
v -0.283740 -0.000158 -0.092531
v -0.285861 0.004939 -0.088389
v -0.274331 0.001126 -0.083298
v -0.273463 0.004849 -0.080623
v -0.272872 0.010364 -0.078162
v -0.272635 0.013223 -0.076503
v -0.273893 0.003396 -0.084007
v -0.272500 0.006070 -0.083103
v -0.271921 0.011593 -0.080652
v -0.271672 0.014443 -0.078982
v -0.277112 -0.000677 -0.090989
v -0.276792 0.003349 -0.092810
v -0.278315 0.008069 -0.092269
v -0.278490 0.011653 -0.091909
v -0.279004 -0.001497 -0.091631
v -0.278684 0.002529 -0.093452
v -0.280207 0.007249 -0.092912
v -0.280382 0.010833 -0.092552
v -0.277818 -0.012361 -0.089741
v -0.274653 -0.006038 -0.084551
v -0.272817 0.006049 -0.079706
v -0.274057 0.011385 -0.076928
v -0.277321 -0.010949 -0.093300
v -0.276349 -0.003033 -0.090205
v -0.272650 0.007096 -0.083723
v -0.273559 0.012798 -0.080487
v -0.272302 -0.011361 -0.091812
v -0.271986 -0.004178 -0.094103
v -0.275640 0.004218 -0.089474
v -0.276802 0.009386 -0.085578
v -0.275696 -0.013214 -0.091937
v -0.275379 -0.006031 -0.094227
v -0.279033 0.002365 -0.089599
v -0.281591 0.006787 -0.083639
v -0.275281 -0.013866 -0.091579
v -0.273398 -0.003436 -0.087167
v -0.274958 0.006390 -0.083427
v -0.277866 0.008463 -0.080798
v -0.277705 -0.014290 -0.094363
v -0.275821 -0.003860 -0.089951
v -0.277382 0.005967 -0.086212
v -0.280093 0.008065 -0.083652
v -0.280932 -0.005034 -0.089334
v -0.280502 -0.003679 -0.085299
v -0.279770 0.001355 -0.079034
v -0.279672 0.005647 -0.076604
v -0.278357 -0.004396 -0.089120
v -0.277586 -0.001550 -0.086723
v -0.276804 0.003386 -0.080624
v -0.276749 0.007116 -0.077906
v -0.281954 -0.013945 -0.100266
v -0.285821 -0.010134 -0.092494
v -0.284680 -0.001646 -0.086139
v -0.284127 0.005011 -0.082584
v -0.278996 -0.013232 -0.098290
v -0.282863 -0.009421 -0.090518
v -0.281675 -0.000635 -0.084141
v -0.282837 0.004533 -0.080246
v -0.279259 -0.002173 -0.087160
v -0.276992 0.002428 -0.087449
v -0.276920 0.007932 -0.086590
v -0.276168 0.011780 -0.085470
v -0.280485 -0.002264 -0.088872
v -0.278218 0.002337 -0.089161
v -0.278146 0.007841 -0.088302
v -0.277395 0.011689 -0.087182
v -0.279754 -0.003701 -0.086176
v -0.279360 -0.000544 -0.082594
v -0.278368 0.004421 -0.076217
v -0.277669 0.008813 -0.075335
v -0.277186 -0.000582 -0.088557
v -0.277154 0.000947 -0.083805
v -0.276162 0.005912 -0.077428
v -0.275462 0.010305 -0.076547
v -0.281277 -0.014351 -0.092772
v -0.282696 -0.009560 -0.083840
v -0.281785 -0.000545 -0.079449
v -0.281680 0.006585 -0.077557
v -0.277876 -0.012641 -0.093043
v -0.279295 -0.007850 -0.084110
v -0.278438 0.001421 -0.079739
v -0.279600 0.006589 -0.075844
v -0.277573 -0.003039 -0.086426
v -0.275329 0.001232 -0.082635
v -0.273596 0.007360 -0.077971
v -0.274443 0.012212 -0.076560
v -0.275724 -0.002406 -0.091267
v -0.274088 0.003029 -0.085728
v -0.272293 0.009034 -0.081273
v -0.273141 0.013886 -0.079861
v -0.273211 -0.012004 -0.096526
v -0.273188 -0.001896 -0.094281
v -0.276346 0.006356 -0.090791
v -0.278660 0.008319 -0.086698
v -0.276588 -0.013635 -0.097287
v -0.276565 -0.003528 -0.095042
v -0.279723 0.004725 -0.091552
v -0.282037 0.006688 -0.087460
v -0.273600 -0.011103 -0.097190
v -0.277044 -0.006452 -0.099436
v -0.281354 0.001105 -0.093392
v -0.282517 0.006509 -0.086373
v -0.276149 -0.013239 -0.095055
v -0.279592 -0.008588 -0.097302
v -0.283902 -0.001030 -0.091258
v -0.285066 0.004371 -0.084266
v -0.273110 -0.009493 -0.092481
v -0.270024 -0.002366 -0.089622
v -0.269916 0.009671 -0.085849
v -0.271766 0.014756 -0.083547
v -0.274783 -0.009364 -0.095826
v -0.271697 -0.002237 -0.092967
v -0.271588 0.009800 -0.089193
v -0.273438 0.014885 -0.086892
v -0.286054 -0.018252 -0.099229
v -0.287944 -0.013152 -0.097884
v -0.287619 -0.002845 -0.091438
v -0.289536 0.002171 -0.086713
v -0.285331 -0.018810 -0.095490
v -0.287222 -0.013710 -0.094144
v -0.286896 -0.003403 -0.087698
v -0.288813 0.001613 -0.082973
v -0.271642 0.004847 -0.083116
v -0.276430 0.004391 -0.082405
v -0.279924 0.004986 -0.081552
v -0.281643 0.007428 -0.080396
v -0.271298 0.004917 -0.080892
v -0.276086 0.004461 -0.080181
v -0.279721 0.005895 -0.078635
v -0.281303 0.007519 -0.078155
v -0.271901 0.001296 -0.072352
v -0.272222 0.003732 -0.075410
v -0.274990 0.006701 -0.078150
v -0.276945 0.008513 -0.078894
v -0.274596 0.000272 -0.071010
v -0.274505 0.001883 -0.075459
v -0.277274 0.004852 -0.078198
v -0.280994 0.006698 -0.077596
v -0.264740 -0.006234 -0.072655
v -0.267073 0.000543 -0.076232
v -0.274404 0.004867 -0.075921
v -0.280110 0.008269 -0.073849
v -0.267561 -0.008473 -0.074246
v -0.269904 -0.001689 -0.077842
v -0.277430 0.002747 -0.077350
v -0.283126 0.006142 -0.075259
v -0.268132 0.002843 -0.076499
v -0.271071 0.004872 -0.079572
v -0.275829 0.007370 -0.081511
v -0.278025 0.009315 -0.079712
v -0.270478 0.000711 -0.074148
v -0.273417 0.002740 -0.077221
v -0.278175 0.005238 -0.079160
v -0.280552 0.007333 -0.076908
v -0.270623 -0.008470 -0.090612
v -0.278795 -0.004180 -0.087407
v -0.284343 0.003098 -0.083578
v -0.283419 0.006781 -0.084702
v -0.268011 -0.006739 -0.088206
v -0.276182 -0.002448 -0.085001
v -0.281730 0.004829 -0.081172
v -0.280806 0.008513 -0.082296
v -0.269689 -0.010270 -0.079035
v -0.273024 -0.006522 -0.076119
v -0.280935 -0.000311 -0.076309
v -0.283752 0.005117 -0.076016
v -0.269027 -0.009142 -0.082748
v -0.272362 -0.005394 -0.079832
v -0.280273 0.000817 -0.080022
v -0.283090 0.006245 -0.079729
v -0.265460 0.002961 -0.083533
v -0.270050 0.003894 -0.084628
v -0.277692 0.005111 -0.084149
v -0.280206 0.008447 -0.082435
v -0.265334 0.002633 -0.079598
v -0.269923 0.003566 -0.080693
v -0.277565 0.004784 -0.080214
v -0.280075 0.008166 -0.078459
v -0.277179 -0.014000 -0.088911
v -0.279984 -0.010979 -0.082244
v -0.283800 -0.002232 -0.079875
v -0.286942 0.003895 -0.081769
v -0.274100 -0.011628 -0.089623
v -0.276906 -0.008606 -0.082957
v -0.280722 0.000141 -0.080587
v -0.283864 0.006267 -0.082481
v -0.273693 -0.013866 -0.060729
v -0.275744 -0.004543 -0.062611
v -0.280986 0.002838 -0.065271
v -0.284794 0.003092 -0.063918
v -0.276306 -0.015597 -0.063135
v -0.278357 -0.006274 -0.065017
v -0.283598 0.001107 -0.067677
v -0.287407 0.001361 -0.066324
v -0.273355 -0.013624 -0.072566
v -0.276242 -0.009066 -0.074702
v -0.279896 0.000163 -0.073063
v -0.284298 0.004373 -0.072450
v -0.274288 -0.014391 -0.068819
v -0.277175 -0.009833 -0.070955
v -0.280828 -0.000605 -0.069316
v -0.285231 0.003606 -0.068703
v -0.286831 -0.014877 -0.066929
v -0.286357 -0.010427 -0.065326
v -0.285246 -0.003371 -0.064999
v -0.288112 0.001805 -0.066137
v -0.286907 -0.014616 -0.070870
v -0.286433 -0.010166 -0.069267
v -0.285322 -0.003110 -0.068941
v -0.288188 0.002066 -0.070079
v -0.303711 -0.038524 -0.095571
v -0.305723 -0.033406 -0.093021
v -0.309670 -0.026495 -0.083279
v -0.313791 -0.023106 -0.078902
v -0.305598 -0.041190 -0.093363
v -0.307610 -0.036071 -0.090813
v -0.311557 -0.029161 -0.081071
v -0.315678 -0.025771 -0.076694
v -0.313612 -0.038889 -0.072942
v -0.315065 -0.035757 -0.071537
v -0.317008 -0.031164 -0.071583
v -0.318161 -0.028940 -0.070701
v -0.312081 -0.037118 -0.074718
v -0.313534 -0.033987 -0.073314
v -0.315477 -0.029393 -0.073359
v -0.316630 -0.027170 -0.072478
v -0.318754 -0.044785 -0.073134
v -0.317937 -0.040139 -0.075168
v -0.318412 -0.036089 -0.075885
v -0.319142 -0.031630 -0.075724
v -0.320304 -0.045607 -0.074303
v -0.319487 -0.040960 -0.076337
v -0.320653 -0.036528 -0.076807
v -0.320691 -0.032452 -0.076893
v -0.319197 -0.045917 -0.080337
v -0.318762 -0.041824 -0.077885
v -0.317656 -0.036743 -0.074396
v -0.317966 -0.032173 -0.074664
v -0.317846 -0.044468 -0.082489
v -0.317411 -0.040375 -0.080037
v -0.316305 -0.035294 -0.076548
v -0.316614 -0.030724 -0.076816
v -0.317062 -0.048396 -0.085096
v -0.317078 -0.041908 -0.078285
v -0.317333 -0.038334 -0.076210
v -0.318964 -0.030692 -0.075364
v -0.314420 -0.046240 -0.086808
v -0.314411 -0.039696 -0.079913
v -0.314788 -0.035898 -0.077898
v -0.316444 -0.028312 -0.077136
v -0.319694 -0.048886 -0.078888
v -0.317878 -0.043978 -0.076045
v -0.316712 -0.036533 -0.073698
v -0.318424 -0.031723 -0.073261
v -0.319760 -0.048054 -0.082723
v -0.317945 -0.043147 -0.079879
v -0.316778 -0.035701 -0.077532
v -0.318490 -0.030891 -0.077095
v -0.309945 -0.046687 -0.069968
v -0.311871 -0.037161 -0.069590
v -0.314136 -0.031993 -0.071611
v -0.315940 -0.028761 -0.068189
v -0.312847 -0.049070 -0.069230
v -0.314774 -0.039544 -0.068853
v -0.317039 -0.034377 -0.070874
v -0.318842 -0.031144 -0.067452
v -0.304015 -0.044042 -0.079411
v -0.309020 -0.040993 -0.081458
v -0.313507 -0.032926 -0.076262
v -0.314465 -0.026343 -0.071510
v -0.305281 -0.045885 -0.076153
v -0.310286 -0.042836 -0.078200
v -0.314772 -0.034768 -0.073004
v -0.315506 -0.027830 -0.067378
v -0.318436 -0.051838 -0.073313
v -0.317099 -0.046271 -0.073024
v -0.316218 -0.037690 -0.074197
v -0.318385 -0.031854 -0.072889
v -0.320872 -0.053020 -0.075895
v -0.319535 -0.047453 -0.075606
v -0.318654 -0.038873 -0.076780
v -0.320821 -0.033036 -0.075471
v -0.305670 -0.049490 -0.057391
v -0.311069 -0.043091 -0.064398
v -0.315770 -0.034372 -0.070327
v -0.315902 -0.029344 -0.070107
v -0.307268 -0.046762 -0.054109
v -0.312254 -0.040375 -0.060606
v -0.317471 -0.035732 -0.067076
v -0.318017 -0.030692 -0.067366
v -0.312630 -0.042937 -0.061944
v -0.311090 -0.037656 -0.064050
v -0.310940 -0.030842 -0.068373
v -0.312433 -0.027117 -0.070986
v -0.314066 -0.044612 -0.065197
v -0.312525 -0.039331 -0.067302
v -0.312376 -0.032517 -0.071626
v -0.315072 -0.028806 -0.074823
v -0.311948 -0.045929 -0.060390
v -0.311531 -0.036782 -0.060519
v -0.311982 -0.032965 -0.061837
v -0.314970 -0.027356 -0.067153
v -0.310338 -0.045331 -0.063585
v -0.309921 -0.036184 -0.063715
v -0.310564 -0.032243 -0.065230
v -0.312525 -0.026438 -0.067617
v -0.313043 -0.039859 -0.060257
v -0.315864 -0.039101 -0.064483
v -0.318949 -0.036636 -0.066855
v -0.320902 -0.034427 -0.069671
v -0.314380 -0.040730 -0.058880
v -0.317202 -0.039972 -0.063106
v -0.320287 -0.037506 -0.065478
v -0.322240 -0.035297 -0.068294
v -0.302974 -0.029289 -0.062232
v -0.307541 -0.029283 -0.066976
v -0.313254 -0.028890 -0.071047
v -0.316137 -0.028585 -0.073134
v -0.305097 -0.030734 -0.059599
v -0.309066 -0.031485 -0.065798
v -0.313532 -0.031526 -0.070309
v -0.317661 -0.030786 -0.071956
v -0.291211 -0.028315 -0.058433
v -0.296757 -0.025972 -0.066447
v -0.306770 -0.025610 -0.070089
v -0.314134 -0.024719 -0.071233
v -0.293157 -0.031593 -0.058265
v -0.298716 -0.029257 -0.066300
v -0.308976 -0.028825 -0.069887
v -0.316327 -0.027928 -0.071011
v -0.304719 -0.029867 -0.060579
v -0.307994 -0.031688 -0.067614
v -0.314730 -0.032506 -0.071648
v -0.319610 -0.031549 -0.071725
v -0.304401 -0.032944 -0.060726
v -0.309412 -0.033157 -0.064210
v -0.316125 -0.034003 -0.068300
v -0.321005 -0.033046 -0.068377
v -0.293745 -0.036510 -0.055251
v -0.305199 -0.035288 -0.056417
v -0.313540 -0.031225 -0.058508
v -0.315761 -0.028382 -0.062106
v -0.291763 -0.033351 -0.054391
v -0.303217 -0.032129 -0.055557
v -0.311558 -0.028066 -0.057648
v -0.313779 -0.025224 -0.061246
v -0.294570 -0.036135 -0.054365
v -0.298636 -0.032603 -0.051279
v -0.306440 -0.027183 -0.055964
v -0.312488 -0.024942 -0.062186
v -0.292483 -0.033550 -0.056502
v -0.296549 -0.030018 -0.053416
v -0.304353 -0.024598 -0.058101
v -0.310400 -0.022356 -0.064324
v -0.296761 -0.036071 -0.058857
v -0.304090 -0.038302 -0.061046
v -0.316415 -0.037137 -0.063361
v -0.321550 -0.034704 -0.064863
v -0.296374 -0.034732 -0.055385
v -0.303703 -0.036963 -0.057574
v -0.316028 -0.035798 -0.059889
v -0.321163 -0.033365 -0.061391
v -0.286226 -0.024493 -0.052087
v -0.291444 -0.022270 -0.052253
v -0.302401 -0.021212 -0.057423
v -0.307564 -0.018326 -0.061707
v -0.286153 -0.024881 -0.055916
v -0.291372 -0.022659 -0.056082
v -0.302328 -0.021601 -0.061252
v -0.305616 -0.016878 -0.063657
v -0.292648 -0.030483 -0.055656
v -0.298227 -0.028928 -0.057446
v -0.306616 -0.024994 -0.065953
v -0.310952 -0.020948 -0.069484
v -0.290496 -0.028050 -0.057890
v -0.296075 -0.026494 -0.059680
v -0.304465 -0.022560 -0.068188
v -0.308801 -0.018515 -0.071718
v -0.285999 -0.014960 -0.065602
v -0.293366 -0.014941 -0.072061
v -0.296489 -0.015063 -0.073516
v -0.302678 -0.014112 -0.075522
v -0.287611 -0.018021 -0.063993
v -0.294977 -0.018003 -0.070452
v -0.298330 -0.018040 -0.071811
v -0.304518 -0.017089 -0.073817
v -0.286563 -0.011745 -0.071452
v -0.291500 -0.013908 -0.073983
v -0.298965 -0.015817 -0.075700
v -0.303958 -0.014738 -0.075476
v -0.286960 -0.012169 -0.067571
v -0.291898 -0.014331 -0.070102
v -0.299362 -0.016241 -0.071819
v -0.304065 -0.015641 -0.071995
v -0.288496 -0.020670 -0.081074
v -0.298123 -0.020027 -0.080434
v -0.302603 -0.018783 -0.077456
v -0.306287 -0.017266 -0.079898
v -0.286581 -0.017419 -0.081712
v -0.296209 -0.016775 -0.081072
v -0.300689 -0.015531 -0.078094
v -0.304524 -0.013818 -0.080812
v -0.292594 -0.012730 -0.084937
v -0.295104 -0.014520 -0.081487
v -0.298675 -0.014711 -0.076524
v -0.301472 -0.012584 -0.074027
v -0.290890 -0.010586 -0.083907
v -0.293400 -0.012376 -0.080457
v -0.296971 -0.012567 -0.075493
v -0.299768 -0.010439 -0.072996
v -0.296838 -0.017684 -0.090425
v -0.297222 -0.014020 -0.087965
v -0.298036 -0.011572 -0.086054
v -0.302141 -0.009655 -0.085011
v -0.297080 -0.017076 -0.092483
v -0.297465 -0.013412 -0.090023
v -0.300291 -0.011086 -0.089221
v -0.302383 -0.009046 -0.087069
v -0.306078 -0.040362 -0.105291
v -0.307731 -0.034706 -0.103868
v -0.309587 -0.025226 -0.095810
v -0.312710 -0.020674 -0.091668
v -0.307177 -0.042254 -0.102011
v -0.308830 -0.036597 -0.100589
v -0.310687 -0.027118 -0.092531
v -0.313809 -0.022565 -0.088389
v -0.301742 -0.023930 -0.083298
v -0.301656 -0.020108 -0.080623
v -0.302210 -0.014589 -0.078162
v -0.302565 -0.011743 -0.076503
v -0.301779 -0.021618 -0.084007
v -0.300965 -0.018715 -0.083103
v -0.301532 -0.013191 -0.080652
v -0.301873 -0.010350 -0.078982
v -0.304094 -0.026265 -0.090989
v -0.304606 -0.022259 -0.092810
v -0.307066 -0.017953 -0.092269
v -0.307973 -0.014480 -0.091909
v -0.305777 -0.027456 -0.091631
v -0.306290 -0.023450 -0.093452
v -0.308749 -0.019144 -0.092912
v -0.309656 -0.015672 -0.092552
v -0.302386 -0.037846 -0.089741
v -0.300586 -0.031008 -0.084551
v -0.301271 -0.018801 -0.079706
v -0.303580 -0.013833 -0.076928
v -0.302189 -0.036361 -0.093300
v -0.302863 -0.028415 -0.090205
v -0.301322 -0.017742 -0.083723
v -0.303383 -0.012348 -0.080487
v -0.297193 -0.035734 -0.091812
v -0.298358 -0.028639 -0.094103
v -0.303658 -0.021172 -0.089474
v -0.305856 -0.016353 -0.085578
v -0.300133 -0.038245 -0.091937
v -0.301298 -0.031150 -0.094227
v -0.306598 -0.023683 -0.089599
v -0.310009 -0.019879 -0.083639
v -0.299594 -0.038798 -0.091579
v -0.299891 -0.028203 -0.087167
v -0.303436 -0.018906 -0.083427
v -0.306708 -0.017475 -0.080798
v -0.301879 -0.039710 -0.094363
v -0.302176 -0.029115 -0.089951
v -0.305721 -0.019818 -0.086212
v -0.308805 -0.018322 -0.083652
v -0.306938 -0.031314 -0.089334
v -0.306795 -0.029900 -0.085300
v -0.307112 -0.024822 -0.079034
v -0.307897 -0.020602 -0.076604
v -0.304548 -0.030161 -0.089120
v -0.304378 -0.027217 -0.086723
v -0.304626 -0.022226 -0.080624
v -0.305338 -0.018563 -0.077906
v -0.306108 -0.040244 -0.100266
v -0.310676 -0.037309 -0.092494
v -0.311301 -0.028767 -0.086139
v -0.312127 -0.022138 -0.082584
v -0.303360 -0.038939 -0.098290
v -0.307927 -0.036004 -0.090518
v -0.308568 -0.027161 -0.084141
v -0.310766 -0.022342 -0.080246
v -0.305887 -0.028170 -0.087160
v -0.304613 -0.023201 -0.087449
v -0.305673 -0.017800 -0.086590
v -0.305727 -0.013880 -0.085470
v -0.307069 -0.028511 -0.088872
v -0.305795 -0.023543 -0.089161
v -0.306854 -0.018141 -0.088302
v -0.306909 -0.014221 -0.087182
v -0.306058 -0.029767 -0.086176
v -0.306320 -0.026597 -0.082594
v -0.306369 -0.021534 -0.076217
v -0.306586 -0.017092 -0.075335
v -0.304185 -0.026188 -0.088557
v -0.304467 -0.024684 -0.083805
v -0.304516 -0.019621 -0.077428
v -0.304733 -0.015178 -0.076547
v -0.305362 -0.040503 -0.092772
v -0.307734 -0.036106 -0.083840
v -0.308694 -0.027096 -0.079449
v -0.310055 -0.020096 -0.077557
v -0.302385 -0.038131 -0.093043
v -0.304757 -0.033734 -0.084110
v -0.305822 -0.024484 -0.079739
v -0.308020 -0.019665 -0.075844
v -0.304060 -0.028672 -0.086426
v -0.302740 -0.024031 -0.082635
v -0.302302 -0.017678 -0.077971
v -0.304127 -0.013103 -0.076560
v -0.302380 -0.027673 -0.091267
v -0.301895 -0.022017 -0.085728
v -0.301370 -0.015772 -0.081273
v -0.303196 -0.011197 -0.079861
v -0.297950 -0.036550 -0.096526
v -0.300002 -0.026653 -0.094281
v -0.304787 -0.019224 -0.090791
v -0.307455 -0.017778 -0.086698
v -0.300920 -0.038840 -0.097287
v -0.302973 -0.028943 -0.095042
v -0.307758 -0.021515 -0.091552
v -0.310425 -0.020068 -0.087460
v -0.298516 -0.035749 -0.097190
v -0.302841 -0.031904 -0.099436
v -0.308610 -0.025392 -0.093392
v -0.310859 -0.020342 -0.086373
v -0.300572 -0.038362 -0.095055
v -0.304897 -0.034517 -0.097302
v -0.310666 -0.028005 -0.091258
v -0.312914 -0.022958 -0.084266
v -0.298367 -0.034072 -0.092481
v -0.296810 -0.026464 -0.089622
v -0.299174 -0.014660 -0.085849
v -0.302029 -0.010064 -0.083547
v -0.300031 -0.034289 -0.095826
v -0.298473 -0.026681 -0.092967
v -0.300838 -0.014877 -0.089193
v -0.303693 -0.010281 -0.086892
v -0.309237 -0.045301 -0.099229
v -0.312134 -0.040698 -0.097884
v -0.313931 -0.030544 -0.091438
v -0.316837 -0.026028 -0.086713
v -0.308415 -0.045699 -0.095490
v -0.311312 -0.041096 -0.094144
v -0.313109 -0.030942 -0.087698
v -0.316015 -0.026426 -0.082973
v -0.299874 -0.019736 -0.083116
v -0.304467 -0.021166 -0.082405
v -0.308008 -0.021301 -0.081552
v -0.310192 -0.019263 -0.080396
v -0.299552 -0.019597 -0.080892
v -0.304144 -0.021026 -0.080181
v -0.307996 -0.020368 -0.078635
v -0.309877 -0.019104 -0.078155
v -0.299398 -0.023265 -0.072352
v -0.300212 -0.020946 -0.075410
v -0.303532 -0.018609 -0.078150
v -0.305816 -0.017237 -0.078894
v -0.301826 -0.024820 -0.071010
v -0.302067 -0.023224 -0.075459
v -0.305387 -0.020887 -0.078198
v -0.309406 -0.019845 -0.077596
v -0.290844 -0.029164 -0.072655
v -0.294518 -0.023010 -0.076232
v -0.302581 -0.020283 -0.075921
v -0.308864 -0.018126 -0.073849
v -0.293145 -0.031934 -0.074246
v -0.296831 -0.025777 -0.077842
v -0.305108 -0.022980 -0.077350
v -0.311379 -0.020827 -0.075259
v -0.296027 -0.020976 -0.076499
v -0.299320 -0.019594 -0.079572
v -0.304490 -0.018126 -0.081511
v -0.307038 -0.016673 -0.079712
v -0.297885 -0.023545 -0.074148
v -0.301178 -0.022163 -0.077221
v -0.306348 -0.020695 -0.079160
v -0.309104 -0.019132 -0.076908
v -0.296143 -0.032560 -0.090612
v -0.305021 -0.030039 -0.087407
v -0.311945 -0.024055 -0.083578
v -0.311797 -0.020261 -0.084702
v -0.293941 -0.030330 -0.088206
v -0.302820 -0.027808 -0.085001
v -0.309743 -0.021824 -0.081172
v -0.309596 -0.018030 -0.082296
v -0.294859 -0.034131 -0.079035
v -0.298892 -0.031147 -0.076119
v -0.307910 -0.026692 -0.076309
v -0.311782 -0.021958 -0.076016
v -0.294442 -0.032890 -0.082748
v -0.298476 -0.029907 -0.079832
v -0.307493 -0.025452 -0.080022
v -0.311365 -0.020718 -0.079729
v -0.293436 -0.020313 -0.083533
v -0.298120 -0.020342 -0.084628
v -0.305849 -0.020720 -0.084149
v -0.308995 -0.017971 -0.082435
v -0.293245 -0.020607 -0.079598
v -0.297929 -0.020637 -0.080693
v -0.305658 -0.021014 -0.080214
v -0.308809 -0.018219 -0.078459
v -0.301423 -0.039319 -0.088911
v -0.304789 -0.036937 -0.082244
v -0.310320 -0.029160 -0.079875
v -0.314652 -0.023809 -0.081769
v -0.298898 -0.036365 -0.089623
v -0.302264 -0.033983 -0.082957
v -0.307794 -0.026206 -0.080587
v -0.312127 -0.020855 -0.082481
v -0.298040 -0.038472 -0.060729
v -0.301961 -0.029768 -0.062611
v -0.308606 -0.023620 -0.065271
v -0.312385 -0.024153 -0.063918
v -0.300241 -0.040703 -0.063135
v -0.304162 -0.031999 -0.065017
v -0.310808 -0.025851 -0.067677
v -0.314587 -0.026384 -0.066324
v -0.297758 -0.038165 -0.072566
v -0.301519 -0.034297 -0.074702
v -0.306990 -0.026015 -0.073063
v -0.312163 -0.022798 -0.072450
v -0.298514 -0.039108 -0.068819
v -0.302275 -0.035239 -0.070955
v -0.307745 -0.026957 -0.069316
v -0.312918 -0.023741 -0.068703
v -0.310690 -0.042158 -0.066929
v -0.311140 -0.037705 -0.065326
v -0.311501 -0.030571 -0.064999
v -0.315369 -0.026094 -0.066137
v -0.310818 -0.041919 -0.070870
v -0.311268 -0.037466 -0.069267
v -0.311629 -0.030332 -0.068941
v -0.315497 -0.025855 -0.070079
v -0.235013 0.028879 -0.046683
v -0.233794 0.034242 -0.044134
v -0.233164 0.042175 -0.034392
v -0.234661 0.047297 -0.030015
v -0.238073 0.027738 -0.044475
v -0.236854 0.033101 -0.041925
v -0.236225 0.041034 -0.032183
v -0.237722 0.046156 -0.027806
v -0.243400 0.034152 -0.024054
v -0.242838 0.037559 -0.022649
v -0.241857 0.042449 -0.022695
v -0.241558 0.044936 -0.021813
v -0.241138 0.034753 -0.025830
v -0.240576 0.038160 -0.024426
v -0.239595 0.043050 -0.024472
v -0.239296 0.045537 -0.023590
v -0.250970 0.032175 -0.024246
v -0.247679 0.035555 -0.026280
v -0.245790 0.039169 -0.026997
v -0.243883 0.043264 -0.026836
v -0.252713 0.032368 -0.025416
v -0.249422 0.035749 -0.027449
v -0.247890 0.040068 -0.027919
v -0.245626 0.043458 -0.028005
v -0.251974 0.031489 -0.031449
v -0.249309 0.034626 -0.028997
v -0.245534 0.038203 -0.025509
v -0.243217 0.042154 -0.025776
v -0.250041 0.031926 -0.033601
v -0.247377 0.035063 -0.031149
v -0.243602 0.038639 -0.027661
v -0.241284 0.042590 -0.027928
v -0.251605 0.028239 -0.036208
v -0.247965 0.033609 -0.029397
v -0.246163 0.036706 -0.027322
v -0.243208 0.043940 -0.026476
v -0.248208 0.028532 -0.037920
v -0.244515 0.033936 -0.031025
v -0.242688 0.037287 -0.029010
v -0.239786 0.044488 -0.028249
v -0.254056 0.029316 -0.030001
v -0.249792 0.032349 -0.027157
v -0.244635 0.037845 -0.024810
v -0.243342 0.042784 -0.024373
v -0.253643 0.030040 -0.033835
v -0.249379 0.033073 -0.030991
v -0.244222 0.038569 -0.028644
v -0.242928 0.043509 -0.028207
v -0.244761 0.025643 -0.021080
v -0.240989 0.034600 -0.020702
v -0.239951 0.040146 -0.022723
v -0.239621 0.043833 -0.019302
v -0.248501 0.025307 -0.020342
v -0.244730 0.034265 -0.019965
v -0.243692 0.039811 -0.021986
v -0.243362 0.043497 -0.018564
v -0.238371 0.024490 -0.030523
v -0.240791 0.029828 -0.032570
v -0.239956 0.039021 -0.027374
v -0.237041 0.045001 -0.022622
v -0.240455 0.023680 -0.027265
v -0.242874 0.029018 -0.029312
v -0.242039 0.038211 -0.024116
v -0.238739 0.044358 -0.018490
v -0.254679 0.026168 -0.024425
v -0.250439 0.030015 -0.024136
v -0.244879 0.036610 -0.025310
v -0.243384 0.042653 -0.024001
v -0.257358 0.026562 -0.027007
v -0.253118 0.030410 -0.026718
v -0.247558 0.037005 -0.027892
v -0.246063 0.043048 -0.026583
v -0.242806 0.020920 -0.008503
v -0.243665 0.029248 -0.015510
v -0.242640 0.039100 -0.021439
v -0.239918 0.043330 -0.021219
v -0.242591 0.024074 -0.005221
v -0.243115 0.032160 -0.011718
v -0.244812 0.038935 -0.018188
v -0.242425 0.043407 -0.018478
v -0.244869 0.030254 -0.013056
v -0.240622 0.033751 -0.015162
v -0.236662 0.039298 -0.019485
v -0.235798 0.043217 -0.022098
v -0.246998 0.029678 -0.016309
v -0.242751 0.033175 -0.018415
v -0.238791 0.038722 -0.022738
v -0.238930 0.043307 -0.025935
v -0.245990 0.027397 -0.011502
v -0.240495 0.034721 -0.011632
v -0.238718 0.038129 -0.012949
v -0.238029 0.044448 -0.018265
v -0.244322 0.026985 -0.014698
v -0.238827 0.034309 -0.014827
v -0.237139 0.037929 -0.016343
v -0.235491 0.043830 -0.018729
v -0.243477 0.033030 -0.011369
v -0.245382 0.035245 -0.015595
v -0.246543 0.039020 -0.017967
v -0.246913 0.041945 -0.020783
v -0.245072 0.033063 -0.009992
v -0.246977 0.035279 -0.014218
v -0.248138 0.039053 -0.016590
v -0.248508 0.041979 -0.019406
v -0.229203 0.036096 -0.013344
v -0.232975 0.038672 -0.018088
v -0.237474 0.042214 -0.022159
v -0.239685 0.044090 -0.024246
v -0.231772 0.036097 -0.010711
v -0.235474 0.037711 -0.016910
v -0.239189 0.040192 -0.021422
v -0.242184 0.043129 -0.023068
v -0.218935 0.030277 -0.009545
v -0.222198 0.035336 -0.017559
v -0.230269 0.041273 -0.021201
v -0.235853 0.046156 -0.022346
v -0.222389 0.028664 -0.009378
v -0.225667 0.033725 -0.017413
v -0.233903 0.039859 -0.020999
v -0.239472 0.044739 -0.022124
v -0.230972 0.036600 -0.011691
v -0.234703 0.036940 -0.018726
v -0.240730 0.040057 -0.022760
v -0.244225 0.043596 -0.022837
v -0.232441 0.033879 -0.011838
v -0.236702 0.036524 -0.015322
v -0.242726 0.039605 -0.019412
v -0.246221 0.043144 -0.019489
v -0.225643 0.024932 -0.006363
v -0.234421 0.032392 -0.007529
v -0.239026 0.040445 -0.009620
v -0.239261 0.044045 -0.013218
v -0.222226 0.026426 -0.005503
v -0.231004 0.033886 -0.006669
v -0.235609 0.041940 -0.008760
v -0.235844 0.045539 -0.012358
v -0.226114 0.025706 -0.005477
v -0.227485 0.030914 -0.002391
v -0.230882 0.039787 -0.007076
v -0.234618 0.045045 -0.013298
v -0.222933 0.026667 -0.007614
v -0.224305 0.031876 -0.004528
v -0.227702 0.040749 -0.009213
v -0.231437 0.046007 -0.015436
v -0.227888 0.026992 -0.009969
v -0.235201 0.029276 -0.012158
v -0.244731 0.037178 -0.014473
v -0.247604 0.042080 -0.015975
v -0.226814 0.027882 -0.006497
v -0.234127 0.030165 -0.008686
v -0.243657 0.038068 -0.011001
v -0.246530 0.042969 -0.012503
v -0.212663 0.030629 -0.003199
v -0.215724 0.035404 -0.003365
v -0.224182 0.042447 -0.008535
v -0.226824 0.047740 -0.012820
v -0.212821 0.030267 -0.007028
v -0.215882 0.035042 -0.007194
v -0.224341 0.042085 -0.012364
v -0.224399 0.047840 -0.014770
v -0.221342 0.029294 -0.006768
v -0.225077 0.033721 -0.008558
v -0.229795 0.041696 -0.017065
v -0.231101 0.047481 -0.020596
v -0.218195 0.030094 -0.009002
v -0.221929 0.034521 -0.010792
v -0.226647 0.042496 -0.019300
v -0.227953 0.048281 -0.022830
v -0.207107 0.038380 -0.016714
v -0.213185 0.042543 -0.023173
v -0.215834 0.044201 -0.024628
v -0.220413 0.048471 -0.026634
v -0.210163 0.036757 -0.015105
v -0.216240 0.040920 -0.021564
v -0.219031 0.042777 -0.022923
v -0.223610 0.047048 -0.024929
v -0.205763 0.041353 -0.022564
v -0.211061 0.042346 -0.025095
v -0.218305 0.044971 -0.026812
v -0.221824 0.048674 -0.026588
v -0.206330 0.041227 -0.018683
v -0.211628 0.042220 -0.021214
v -0.218872 0.044845 -0.022931
v -0.222421 0.047988 -0.023107
v -0.212386 0.035066 -0.032186
v -0.219980 0.041018 -0.031546
v -0.222981 0.044569 -0.028568
v -0.225172 0.047897 -0.031010
v -0.208973 0.036675 -0.032824
v -0.216567 0.042628 -0.032184
v -0.219568 0.046179 -0.029206
v -0.221774 0.049754 -0.031924
v -0.211302 0.043935 -0.036050
v -0.214384 0.043870 -0.032599
v -0.217443 0.045722 -0.027636
v -0.218556 0.049055 -0.025139
v -0.208686 0.044747 -0.035019
v -0.211769 0.044682 -0.031569
v -0.214827 0.046535 -0.026605
v -0.215940 0.049868 -0.024108
v -0.217598 0.042230 -0.041537
v -0.215853 0.045475 -0.039077
v -0.215147 0.047956 -0.037166
v -0.217459 0.051852 -0.036123
v -0.217456 0.042870 -0.043595
v -0.215711 0.046115 -0.041135
v -0.216737 0.049628 -0.040334
v -0.217317 0.052492 -0.038181
v -0.238004 0.028693 -0.056403
v -0.236185 0.034298 -0.054980
v -0.232382 0.043177 -0.046922
v -0.232399 0.048697 -0.042780
v -0.239978 0.027748 -0.053123
v -0.238158 0.033353 -0.051701
v -0.234355 0.042233 -0.043643
v -0.234372 0.047753 -0.039501
v -0.225168 0.039830 -0.034411
v -0.222945 0.042941 -0.031735
v -0.220295 0.047813 -0.029275
v -0.218986 0.050366 -0.027615
v -0.223897 0.041762 -0.035119
v -0.221590 0.043702 -0.034215
v -0.218947 0.048587 -0.031764
v -0.217630 0.051127 -0.030094
v -0.228426 0.039225 -0.042101
v -0.226594 0.042824 -0.043922
v -0.226202 0.047768 -0.043381
v -0.224997 0.051148 -0.043021
v -0.230488 0.039189 -0.042744
v -0.228656 0.042788 -0.044564
v -0.228264 0.047732 -0.044024
v -0.227058 0.051112 -0.043664
v -0.233536 0.028693 -0.040853
v -0.228198 0.033331 -0.035663
v -0.221891 0.043804 -0.030818
v -0.221002 0.049209 -0.028040
v -0.232537 0.029809 -0.044412
v -0.228620 0.036756 -0.041317
v -0.221337 0.044708 -0.034835
v -0.220003 0.050326 -0.031599
v -0.228055 0.027514 -0.042925
v -0.225023 0.034033 -0.045215
v -0.225198 0.043188 -0.040586
v -0.224301 0.048408 -0.036691
v -0.231899 0.027095 -0.043049
v -0.228867 0.033614 -0.045340
v -0.229042 0.042769 -0.040711
v -0.229719 0.047833 -0.034751
v -0.231765 0.026334 -0.042691
v -0.226045 0.035257 -0.038279
v -0.223740 0.044936 -0.034539
v -0.225637 0.047961 -0.031910
v -0.234167 0.026867 -0.045475
v -0.228447 0.035790 -0.041063
v -0.226142 0.045469 -0.037324
v -0.227847 0.048443 -0.034764
v -0.233620 0.036654 -0.040446
v -0.232705 0.037743 -0.036412
v -0.230108 0.042117 -0.030146
v -0.228381 0.046047 -0.027716
v -0.230995 0.036262 -0.040232
v -0.229197 0.038599 -0.037835
v -0.226592 0.042863 -0.031736
v -0.225118 0.046290 -0.029018
v -0.237963 0.028807 -0.051378
v -0.240084 0.033805 -0.043606
v -0.235792 0.041216 -0.037251
v -0.232741 0.047159 -0.033696
v -0.234957 0.028338 -0.049402
v -0.237078 0.033336 -0.041630
v -0.232628 0.041004 -0.035253
v -0.231731 0.046224 -0.031358
v -0.230981 0.038661 -0.038272
v -0.227130 0.042049 -0.038561
v -0.224965 0.047110 -0.037702
v -0.222802 0.050380 -0.036582
v -0.232150 0.039044 -0.039984
v -0.228299 0.042433 -0.040273
v -0.226133 0.047493 -0.039414
v -0.223971 0.050763 -0.038295
v -0.232022 0.037437 -0.037288
v -0.230453 0.040205 -0.033706
v -0.227643 0.044416 -0.027329
v -0.225321 0.048209 -0.026447
v -0.228459 0.039341 -0.039669
v -0.227845 0.040742 -0.034917
v -0.225035 0.044953 -0.028540
v -0.222712 0.048748 -0.027659
v -0.237492 0.028173 -0.043885
v -0.236976 0.033143 -0.034952
v -0.232696 0.041129 -0.030561
v -0.229880 0.047680 -0.028669
v -0.233696 0.028457 -0.044155
v -0.233181 0.033427 -0.035223
v -0.228852 0.041670 -0.030852
v -0.227955 0.046890 -0.026956
v -0.229754 0.037217 -0.037538
v -0.226050 0.040309 -0.033747
v -0.222110 0.045313 -0.029083
v -0.221043 0.050122 -0.027672
v -0.227803 0.037097 -0.042379
v -0.224217 0.041498 -0.036840
v -0.220268 0.046363 -0.032385
v -0.219200 0.051172 -0.030973
v -0.229140 0.027266 -0.047639
v -0.225264 0.036601 -0.045393
v -0.225035 0.045434 -0.041903
v -0.226425 0.048131 -0.037811
v -0.232884 0.027046 -0.048400
v -0.229008 0.036381 -0.046154
v -0.228780 0.045214 -0.042665
v -0.230169 0.047911 -0.038572
v -0.229157 0.028247 -0.048302
v -0.230566 0.033860 -0.050548
v -0.231667 0.042490 -0.044505
v -0.230682 0.047929 -0.037485
v -0.232327 0.027245 -0.046168
v -0.233737 0.032858 -0.048414
v -0.234838 0.041488 -0.042370
v -0.233853 0.046925 -0.035378
v -0.228090 0.029549 -0.043594
v -0.222519 0.034959 -0.040734
v -0.217827 0.046045 -0.036961
v -0.217597 0.051451 -0.034660
v -0.229587 0.030306 -0.046938
v -0.224016 0.035717 -0.044079
v -0.219324 0.046803 -0.040305
v -0.219095 0.052209 -0.038004
v -0.243396 0.026389 -0.050342
v -0.243198 0.031825 -0.048996
v -0.238966 0.041228 -0.042550
v -0.238824 0.046596 -0.037825
v -0.242941 0.025598 -0.046602
v -0.242743 0.031033 -0.045256
v -0.238511 0.040436 -0.038810
v -0.238369 0.045805 -0.034085
v -0.221263 0.042244 -0.034229
v -0.225863 0.043649 -0.033517
v -0.228866 0.045532 -0.032664
v -0.229523 0.048446 -0.031508
v -0.220918 0.042178 -0.032004
v -0.225519 0.043583 -0.031293
v -0.228331 0.046295 -0.029747
v -0.229174 0.048399 -0.029267
v -0.222856 0.039060 -0.023465
v -0.222224 0.041435 -0.026523
v -0.223651 0.045236 -0.029262
v -0.224766 0.047656 -0.030006
v -0.225739 0.039142 -0.022122
v -0.225040 0.040597 -0.026571
v -0.226467 0.044398 -0.029310
v -0.229202 0.047522 -0.028708
v -0.219109 0.029369 -0.023767
v -0.218681 0.036523 -0.027344
v -0.223808 0.043316 -0.027033
v -0.227785 0.048637 -0.024961
v -0.222571 0.028375 -0.025358
v -0.222150 0.035540 -0.028954
v -0.227415 0.042511 -0.028463
v -0.231385 0.047822 -0.026371
v -0.218782 0.039053 -0.027611
v -0.220725 0.042050 -0.030685
v -0.224171 0.046174 -0.032623
v -0.225459 0.048810 -0.030824
v -0.221764 0.037977 -0.025260
v -0.223707 0.040974 -0.028334
v -0.227153 0.045098 -0.030272
v -0.228551 0.047942 -0.028020
v -0.225401 0.029546 -0.041724
v -0.231318 0.036629 -0.038519
v -0.233670 0.045472 -0.034690
v -0.231412 0.048525 -0.035814
v -0.222325 0.030150 -0.039318
v -0.228242 0.037232 -0.036113
v -0.230595 0.046076 -0.032284
v -0.228336 0.049129 -0.033408
v -0.225224 0.027525 -0.030147
v -0.226877 0.032262 -0.027231
v -0.231821 0.041021 -0.027421
v -0.232355 0.047113 -0.027128
v -0.224181 0.028315 -0.033860
v -0.225834 0.033052 -0.030944
v -0.230778 0.041811 -0.031134
v -0.231312 0.047904 -0.030841
v -0.216268 0.038143 -0.034645
v -0.220154 0.040756 -0.035740
v -0.226754 0.044796 -0.035261
v -0.227806 0.048839 -0.033547
v -0.216276 0.037792 -0.030710
v -0.220163 0.040405 -0.031805
v -0.226762 0.044445 -0.031326
v -0.227792 0.048529 -0.029572
v -0.233570 0.026934 -0.040023
v -0.235010 0.030797 -0.033357
v -0.235202 0.040338 -0.030987
v -0.235769 0.047200 -0.032881
v -0.229819 0.027953 -0.040735
v -0.231260 0.031816 -0.034069
v -0.231451 0.041357 -0.031699
v -0.232019 0.048219 -0.033593
v -0.230297 0.025728 -0.011841
v -0.228636 0.035129 -0.013723
v -0.230666 0.043952 -0.016383
v -0.234090 0.045639 -0.015030
v -0.233372 0.025125 -0.014247
v -0.231712 0.034525 -0.016129
v -0.233742 0.043348 -0.018789
v -0.237165 0.045035 -0.017436
v -0.229892 0.025824 -0.023678
v -0.230821 0.031138 -0.025814
v -0.230679 0.041063 -0.024175
v -0.233143 0.046634 -0.023562
v -0.231047 0.025470 -0.019932
v -0.231977 0.030785 -0.022067
v -0.231834 0.040709 -0.020428
v -0.234298 0.046280 -0.019815
v -0.242826 0.029806 -0.018041
v -0.240691 0.033739 -0.016438
v -0.236973 0.039837 -0.016112
v -0.237648 0.045715 -0.017249
v -0.242797 0.030075 -0.021983
v -0.240662 0.034008 -0.020379
v -0.236944 0.040107 -0.020053
v -0.237619 0.045985 -0.021191
v -0.262279 0.013108 -0.046683
v -0.263198 0.018530 -0.044134
v -0.265642 0.026104 -0.034392
v -0.268980 0.030267 -0.030015
v -0.264673 0.010886 -0.044475
v -0.265592 0.016309 -0.041925
v -0.268036 0.023882 -0.032183
v -0.271374 0.028046 -0.027806
v -0.272044 0.014783 -0.024054
v -0.272824 0.018146 -0.022649
v -0.273783 0.023041 -0.022695
v -0.274454 0.025454 -0.021813
v -0.270182 0.016201 -0.025830
v -0.270962 0.019565 -0.024426
v -0.271921 0.024460 -0.024472
v -0.272593 0.026872 -0.023590
v -0.278287 0.010068 -0.024246
v -0.276534 0.014448 -0.026280
v -0.276167 0.018509 -0.026997
v -0.275966 0.023022 -0.026836
v -0.279973 0.009582 -0.025416
v -0.278220 0.013962 -0.027449
v -0.278451 0.018539 -0.027919
v -0.277652 0.022536 -0.028005
v -0.278954 0.009052 -0.031449
v -0.277687 0.012967 -0.028997
v -0.275562 0.017713 -0.025509
v -0.274927 0.022250 -0.025776
v -0.277333 0.010192 -0.033601
v -0.276067 0.014108 -0.031149
v -0.273942 0.018854 -0.027661
v -0.273307 0.023390 -0.027928
v -0.277373 0.006187 -0.036208
v -0.276057 0.012540 -0.029397
v -0.275572 0.016090 -0.027322
v -0.275600 0.023904 -0.026476
v -0.274344 0.007754 -0.037920
v -0.272992 0.014158 -0.031025
v -0.272581 0.017952 -0.029010
v -0.272645 0.025716 -0.028249
v -0.280049 0.006248 -0.030001
v -0.277265 0.010678 -0.027157
v -0.274594 0.017726 -0.024810
v -0.275283 0.022785 -0.024373
v -0.279943 0.007075 -0.033835
v -0.277159 0.011505 -0.030991
v -0.274488 0.018553 -0.028644
v -0.275177 0.023612 -0.028207
v -0.270056 0.006398 -0.021080
v -0.269986 0.016117 -0.020702
v -0.271142 0.021640 -0.022723
v -0.272243 0.025173 -0.019302
v -0.273386 0.004661 -0.020342
v -0.273316 0.014380 -0.019965
v -0.274472 0.019903 -0.021986
v -0.275573 0.023437 -0.018564
v -0.263710 0.007769 -0.030523
v -0.267982 0.011781 -0.032570
v -0.270717 0.020598 -0.027374
v -0.270304 0.027237 -0.022622
v -0.265327 0.006226 -0.027265
v -0.269599 0.010237 -0.029312
v -0.272334 0.019054 -0.024116
v -0.271628 0.025995 -0.018490
v -0.279424 0.003100 -0.024425
v -0.276972 0.008274 -0.024136
v -0.274349 0.016491 -0.025310
v -0.275271 0.022648 -0.024001
v -0.282051 0.002443 -0.027007
v -0.279599 0.007617 -0.026718
v -0.276975 0.015834 -0.027892
v -0.277898 0.021991 -0.026583
v -0.266448 0.002778 -0.008503
v -0.270418 0.010148 -0.015510
v -0.273229 0.019647 -0.021439
v -0.272326 0.024595 -0.021219
v -0.267452 0.005776 -0.005221
v -0.271020 0.013050 -0.011718
v -0.275174 0.018665 -0.018188
v -0.274673 0.023710 -0.018478
v -0.271915 0.010620 -0.013056
v -0.269323 0.015472 -0.015162
v -0.267778 0.022110 -0.019485
v -0.268474 0.026062 -0.022098
v -0.273664 0.009275 -0.016309
v -0.271072 0.014128 -0.018415
v -0.269527 0.020765 -0.022738
v -0.271403 0.024951 -0.025935
v -0.271861 0.007551 -0.011502
v -0.269575 0.016418 -0.011632
v -0.269233 0.020246 -0.012949
v -0.271006 0.026349 -0.018265
v -0.270163 0.007807 -0.014698
v -0.267877 0.016673 -0.014827
v -0.267697 0.020662 -0.016343
v -0.268425 0.026745 -0.018729
v -0.271687 0.013716 -0.011369
v -0.274292 0.015037 -0.015595
v -0.276806 0.018084 -0.017967
v -0.278263 0.020647 -0.020783
v -0.273174 0.013139 -0.009992
v -0.275780 0.014460 -0.014218
v -0.278293 0.017506 -0.016590
v -0.279751 0.020069 -0.019406
v -0.259662 0.021995 -0.013344
v -0.264131 0.022938 -0.018088
v -0.269641 0.024496 -0.022159
v -0.272400 0.025386 -0.024246
v -0.262037 0.021016 -0.010711
v -0.266075 0.021096 -0.016910
v -0.270455 0.021972 -0.021422
v -0.274344 0.023545 -0.023068
v -0.247950 0.020533 -0.009545
v -0.252897 0.023964 -0.017559
v -0.262622 0.026375 -0.021201
v -0.269647 0.028759 -0.022346
v -0.250528 0.017725 -0.009378
v -0.255488 0.021152 -0.017413
v -0.265442 0.023681 -0.020999
v -0.272451 0.026068 -0.022124
v -0.261489 0.021787 -0.011691
v -0.265068 0.020677 -0.018726
v -0.271828 0.021260 -0.022760
v -0.276408 0.023198 -0.022837
v -0.261809 0.018711 -0.011838
v -0.266757 0.019531 -0.015322
v -0.273501 0.020081 -0.019412
v -0.278081 0.022019 -0.019489
v -0.252113 0.013033 -0.006363
v -0.263072 0.016581 -0.007529
v -0.270401 0.022269 -0.009620
v -0.271991 0.025507 -0.013218
v -0.249524 0.015718 -0.005503
v -0.260483 0.019265 -0.006669
v -0.267812 0.024954 -0.008760
v -0.269402 0.028192 -0.012358
v -0.252843 0.013569 -0.005477
v -0.256098 0.017861 -0.002391
v -0.262622 0.024767 -0.007076
v -0.268081 0.028202 -0.013298
v -0.250269 0.015671 -0.007614
v -0.253524 0.019963 -0.004528
v -0.260049 0.026869 -0.009213
v -0.265507 0.030304 -0.015436
v -0.254974 0.014081 -0.009969
v -0.262605 0.013403 -0.012158
v -0.274428 0.017073 -0.014473
v -0.278954 0.020508 -0.015975
v -0.254320 0.015313 -0.006497
v -0.261952 0.014634 -0.008686
v -0.273775 0.018305 -0.011001
v -0.278300 0.021740 -0.012503
v -0.242287 0.023251 -0.003199
v -0.246937 0.026497 -0.003365
v -0.257443 0.029782 -0.008535
v -0.261904 0.033666 -0.012820
v -0.242295 0.022855 -0.007028
v -0.246946 0.026102 -0.007194
v -0.257452 0.029386 -0.012364
v -0.259700 0.034684 -0.014770
v -0.249801 0.018706 -0.006768
v -0.254942 0.021374 -0.008558
v -0.262345 0.026946 -0.017065
v -0.265758 0.031796 -0.020596
v -0.247196 0.020646 -0.009002
v -0.252337 0.023314 -0.010792
v -0.259740 0.028886 -0.019300
v -0.263154 0.033736 -0.022830
v -0.240108 0.032534 -0.016714
v -0.247314 0.034065 -0.023173
v -0.250395 0.034587 -0.024628
v -0.256257 0.036788 -0.026634
v -0.242313 0.029869 -0.015105
v -0.249519 0.031399 -0.021564
v -0.252807 0.032051 -0.022923
v -0.258669 0.034252 -0.024929
v -0.239999 0.035796 -0.022564
v -0.245275 0.034693 -0.025095
v -0.252973 0.034356 -0.026812
v -0.257638 0.036437 -0.026588
v -0.240475 0.035463 -0.018683
v -0.245752 0.034360 -0.021214
v -0.253449 0.034023 -0.022931
v -0.257928 0.035576 -0.023107
v -0.243723 0.027457 -0.032186
v -0.253013 0.030064 -0.031546
v -0.257142 0.032201 -0.028568
v -0.260437 0.034441 -0.031010
v -0.241182 0.030247 -0.032824
v -0.250472 0.032853 -0.032184
v -0.254601 0.034991 -0.029206
v -0.258004 0.037454 -0.031924
v -0.246104 0.036070 -0.036050
v -0.248929 0.034834 -0.032599
v -0.252462 0.035380 -0.027636
v -0.254763 0.038036 -0.025139
v -0.243996 0.037819 -0.035019
v -0.246821 0.036582 -0.031569
v -0.250354 0.037128 -0.026605
v -0.252655 0.039785 -0.024108
v -0.251274 0.032092 -0.041537
v -0.250899 0.035757 -0.039077
v -0.251192 0.038321 -0.037166
v -0.254816 0.041040 -0.036123
v -0.251387 0.032738 -0.043595
v -0.251011 0.036403 -0.041135
v -0.253299 0.039259 -0.040334
v -0.254929 0.041685 -0.038181
v -0.264974 0.011795 -0.056403
v -0.265430 0.017670 -0.054980
v -0.265301 0.027328 -0.046922
v -0.267422 0.032425 -0.042780
v -0.266438 0.010169 -0.053123
v -0.266894 0.016044 -0.051701
v -0.266765 0.025703 -0.043643
v -0.268886 0.030799 -0.039501
v -0.257356 0.026986 -0.034411
v -0.256488 0.030710 -0.031735
v -0.255897 0.036225 -0.029275
v -0.255660 0.039083 -0.027615
v -0.256918 0.029257 -0.035119
v -0.255525 0.031931 -0.034215
v -0.254946 0.037454 -0.031764
v -0.254697 0.040304 -0.030094
v -0.260137 0.025184 -0.042101
v -0.259817 0.029210 -0.043922
v -0.261340 0.033930 -0.043381
v -0.261515 0.037514 -0.043021
v -0.262029 0.024364 -0.042744
v -0.261709 0.028390 -0.044564
v -0.263232 0.033110 -0.044024
v -0.263407 0.036694 -0.043664
v -0.260844 0.013499 -0.040853
v -0.257678 0.019822 -0.035663
v -0.255843 0.031910 -0.030818
v -0.257082 0.037246 -0.028040
v -0.260346 0.014912 -0.044412
v -0.259374 0.022828 -0.041317
v -0.255675 0.032957 -0.034835
v -0.256585 0.038658 -0.031599
v -0.255327 0.014500 -0.042925
v -0.255011 0.021683 -0.045215
v -0.258665 0.030079 -0.040586
v -0.259827 0.035247 -0.036691
v -0.258721 0.012647 -0.043049
v -0.258404 0.019830 -0.045340
v -0.262058 0.028226 -0.040711
v -0.264616 0.032648 -0.034751
v -0.258306 0.011994 -0.042691
v -0.256423 0.022424 -0.038279
v -0.257983 0.032251 -0.034539
v -0.260891 0.034324 -0.031910
v -0.260730 0.011571 -0.045475
v -0.258846 0.022001 -0.041063
v -0.260407 0.031828 -0.037324
v -0.263118 0.033926 -0.034764
v -0.263957 0.020827 -0.040446
v -0.263527 0.022182 -0.036412
v -0.262795 0.027216 -0.030146
v -0.262697 0.031507 -0.027716
v -0.261382 0.021465 -0.040232
v -0.260611 0.024311 -0.037835
v -0.259829 0.029247 -0.031736
v -0.259774 0.032977 -0.029018
v -0.264979 0.011916 -0.051378
v -0.268846 0.015727 -0.043606
v -0.267705 0.024215 -0.037251
v -0.267152 0.030872 -0.033696
v -0.262021 0.012629 -0.049402
v -0.265888 0.016440 -0.041630
v -0.264700 0.025226 -0.035253
v -0.265862 0.030394 -0.031358
v -0.262284 0.023688 -0.038272
v -0.260017 0.028289 -0.038561
v -0.259945 0.033793 -0.037702
v -0.259193 0.037641 -0.036583
v -0.263510 0.023596 -0.039984
v -0.261243 0.028198 -0.040273
v -0.261171 0.033702 -0.039414
v -0.260420 0.037550 -0.038295
v -0.262779 0.022160 -0.037288
v -0.262385 0.025316 -0.033706
v -0.261393 0.030282 -0.027329
v -0.260694 0.034673 -0.026447
v -0.260211 0.025278 -0.039669
v -0.260179 0.026808 -0.034917
v -0.259187 0.031773 -0.028540
v -0.258487 0.036166 -0.027659
v -0.264302 0.011510 -0.043885
v -0.265721 0.016301 -0.034952
v -0.264810 0.025315 -0.030561
v -0.264706 0.032445 -0.028669
v -0.260901 0.013220 -0.044155
v -0.262320 0.018011 -0.035223
v -0.261463 0.027282 -0.030852
v -0.262625 0.032449 -0.026956
v -0.260598 0.022822 -0.037538
v -0.258354 0.027093 -0.033747
v -0.256621 0.033221 -0.029083
v -0.257468 0.038073 -0.027672
v -0.258749 0.023454 -0.042379
v -0.257113 0.028890 -0.036840
v -0.255318 0.034894 -0.032385
v -0.256166 0.039747 -0.030973
v -0.256236 0.013857 -0.047639
v -0.256213 0.023965 -0.045393
v -0.259371 0.032217 -0.041903
v -0.261685 0.034180 -0.037811
v -0.259613 0.012225 -0.048400
v -0.259590 0.022333 -0.046154
v -0.262748 0.030585 -0.042665
v -0.265062 0.032548 -0.038572
v -0.256625 0.014757 -0.048302
v -0.260069 0.019408 -0.050548
v -0.264379 0.026966 -0.044505
v -0.265542 0.032370 -0.037485
v -0.259174 0.012622 -0.046168
v -0.262617 0.017273 -0.048414
v -0.266927 0.024830 -0.042370
v -0.268091 0.030232 -0.035378
v -0.256136 0.016368 -0.043594
v -0.253049 0.023494 -0.040734
v -0.252941 0.035532 -0.036961
v -0.254791 0.040617 -0.034660
v -0.257808 0.016497 -0.046938
v -0.254722 0.023623 -0.044079
v -0.254613 0.035661 -0.040305
v -0.256463 0.040746 -0.038004
v -0.269079 0.007609 -0.050342
v -0.270969 0.012709 -0.048996
v -0.270644 0.023016 -0.042550
v -0.272561 0.028032 -0.037825
v -0.268356 0.007051 -0.046602
v -0.270247 0.012151 -0.045256
v -0.269921 0.022457 -0.038810
v -0.271838 0.027474 -0.034085
v -0.254667 0.030707 -0.034229
v -0.259456 0.030251 -0.033517
v -0.262949 0.030846 -0.032664
v -0.264668 0.033289 -0.031508
v -0.254323 0.030778 -0.032004
v -0.259111 0.030322 -0.031293
v -0.262746 0.031756 -0.029747
v -0.264328 0.033380 -0.029267
v -0.254926 0.027156 -0.023465
v -0.255247 0.029593 -0.026523
v -0.258016 0.032562 -0.029262
v -0.259970 0.034373 -0.030006
v -0.257621 0.026133 -0.022122
v -0.257530 0.027744 -0.026571
v -0.260299 0.030713 -0.029310
v -0.264019 0.032558 -0.028708
v -0.247765 0.019627 -0.023767
v -0.250098 0.026404 -0.027344
v -0.257429 0.030728 -0.027033
v -0.263135 0.034129 -0.024961
v -0.250586 0.017388 -0.025358
v -0.252929 0.024171 -0.028954
v -0.260456 0.028607 -0.028463
v -0.266151 0.032002 -0.026371
v -0.251157 0.028704 -0.027611
v -0.254096 0.030733 -0.030685
v -0.258854 0.033231 -0.032623
v -0.261050 0.035176 -0.030824
v -0.253503 0.026572 -0.025260
v -0.256442 0.028600 -0.028334
v -0.261200 0.031099 -0.030272
v -0.263577 0.033194 -0.028020
v -0.253648 0.017391 -0.041724
v -0.261820 0.021681 -0.038519
v -0.267368 0.028959 -0.034690
v -0.266444 0.032642 -0.035814
v -0.251036 0.019122 -0.039318
v -0.259207 0.023412 -0.036113
v -0.264755 0.030690 -0.032284
v -0.263832 0.034373 -0.033408
v -0.252714 0.015590 -0.030147
v -0.256049 0.019338 -0.027231
v -0.263960 0.025550 -0.027421
v -0.266777 0.030977 -0.027128
v -0.252052 0.016719 -0.033860
v -0.255387 0.020467 -0.030944
v -0.263298 0.026678 -0.031134
v -0.266115 0.032106 -0.030841
v -0.248485 0.028822 -0.034645
v -0.253075 0.029755 -0.035740
v -0.260717 0.030972 -0.035261
v -0.263231 0.034308 -0.033547
v -0.248359 0.028494 -0.030710
v -0.252948 0.029427 -0.031805
v -0.260590 0.030644 -0.031326
v -0.263100 0.034027 -0.029572
v -0.260204 0.011860 -0.040023
v -0.263009 0.014882 -0.033357
v -0.266825 0.023629 -0.030987
v -0.269967 0.029756 -0.032881
v -0.257125 0.014233 -0.040735
v -0.259931 0.017254 -0.034069
v -0.263747 0.026001 -0.031699
v -0.266889 0.032128 -0.033593
v -0.256718 0.011994 -0.011841
v -0.258769 0.021318 -0.013723
v -0.264011 0.028699 -0.016383
v -0.267819 0.028953 -0.015030
v -0.259331 0.010263 -0.014247
v -0.261382 0.019587 -0.016129
v -0.266623 0.026968 -0.018789
v -0.270432 0.027222 -0.017436
v -0.256380 0.012237 -0.023678
v -0.259267 0.016795 -0.025814
v -0.262921 0.026023 -0.024175
v -0.267323 0.030234 -0.023562
v -0.257313 0.011470 -0.019932
v -0.260200 0.016028 -0.022067
v -0.263854 0.025256 -0.020428
v -0.268256 0.029466 -0.019815
v -0.269856 0.010984 -0.018041
v -0.269382 0.015434 -0.016438
v -0.268271 0.022490 -0.016112
v -0.271137 0.027666 -0.017249
v -0.269932 0.011244 -0.021983
v -0.269458 0.015695 -0.020379
v -0.268347 0.022750 -0.020053
v -0.271213 0.027927 -0.021191
v -0.293388 -0.009328 -0.046683
v -0.294307 -0.003906 -0.044134
v -0.296751 0.003668 -0.034392
v -0.300088 0.007831 -0.030015
v -0.295782 -0.011550 -0.044475
v -0.296701 -0.006127 -0.041926
v -0.299145 0.001446 -0.032183
v -0.302482 0.005610 -0.027807
v -0.303153 -0.007653 -0.024054
v -0.303932 -0.004290 -0.022649
v -0.304891 0.000605 -0.022695
v -0.305563 0.003018 -0.021813
v -0.301291 -0.006235 -0.025830
v -0.302071 -0.002871 -0.024426
v -0.303029 0.002024 -0.024472
v -0.303701 0.004436 -0.023590
v -0.309396 -0.012368 -0.024246
v -0.307643 -0.007988 -0.026280
v -0.307276 -0.003927 -0.026997
v -0.307075 0.000586 -0.026836
v -0.311081 -0.012854 -0.025416
v -0.309328 -0.008474 -0.027449
v -0.309559 -0.003897 -0.027919
v -0.308760 0.000100 -0.028005
v -0.310062 -0.013385 -0.031449
v -0.308796 -0.009469 -0.028997
v -0.306670 -0.004723 -0.025509
v -0.306035 -0.000186 -0.025776
v -0.308442 -0.012244 -0.033601
v -0.307176 -0.008328 -0.031149
v -0.305050 -0.003582 -0.027661
v -0.304415 0.000954 -0.027928
v -0.308481 -0.016249 -0.036208
v -0.307165 -0.009896 -0.029397
v -0.306681 -0.006346 -0.027322
v -0.306709 0.001468 -0.026476
v -0.305453 -0.014682 -0.037921
v -0.304101 -0.008278 -0.031025
v -0.303690 -0.004484 -0.029010
v -0.303754 0.003280 -0.028249
v -0.311158 -0.016188 -0.030001
v -0.308373 -0.011758 -0.027157
v -0.305703 -0.004711 -0.024810
v -0.306391 0.000349 -0.024373
v -0.311052 -0.015361 -0.033835
v -0.308267 -0.010931 -0.030991
v -0.305597 -0.003883 -0.028644
v -0.306285 0.001176 -0.028207
v -0.301165 -0.016038 -0.021080
v -0.301095 -0.006319 -0.020702
v -0.302251 -0.000796 -0.022723
v -0.303352 0.002737 -0.019302
v -0.304494 -0.017775 -0.020342
v -0.304424 -0.008056 -0.019965
v -0.305580 -0.002533 -0.021986
v -0.306681 0.001001 -0.018564
v -0.294818 -0.014667 -0.030523
v -0.299091 -0.010655 -0.032570
v -0.301826 -0.001838 -0.027374
v -0.301412 0.004801 -0.022622
v -0.296435 -0.016210 -0.027265
v -0.300708 -0.012199 -0.029312
v -0.303443 -0.003382 -0.024116
v -0.302736 0.003559 -0.018490
v -0.310533 -0.019336 -0.024425
v -0.308081 -0.014162 -0.024136
v -0.305457 -0.005945 -0.025310
v -0.306380 0.000212 -0.024001
v -0.313159 -0.019993 -0.027007
v -0.310708 -0.014819 -0.026719
v -0.308084 -0.006602 -0.027892
v -0.309007 -0.000445 -0.026583
v -0.297556 -0.019658 -0.008503
v -0.301527 -0.012288 -0.015510
v -0.304337 -0.002789 -0.021439
v -0.303434 0.002159 -0.021219
v -0.298560 -0.016660 -0.005221
v -0.302129 -0.009386 -0.011718
v -0.306282 -0.003771 -0.018188
v -0.305781 0.001274 -0.018478
v -0.303023 -0.011816 -0.013056
v -0.300431 -0.006964 -0.015162
v -0.298886 -0.000326 -0.019485
v -0.299582 0.003626 -0.022098
v -0.304772 -0.013161 -0.016309
v -0.302180 -0.008308 -0.018415
v -0.300635 -0.001671 -0.022738
v -0.302512 0.002515 -0.025935
v -0.302970 -0.014885 -0.011502
v -0.300684 -0.006018 -0.011632
v -0.300341 -0.002190 -0.012949
v -0.302114 0.003913 -0.018265
v -0.301271 -0.014630 -0.014698
v -0.298985 -0.005763 -0.014827
v -0.298806 -0.001774 -0.016343
v -0.299533 0.004309 -0.018729
v -0.302795 -0.008720 -0.011369
v -0.305401 -0.007399 -0.015595
v -0.307914 -0.004352 -0.017967
v -0.309372 -0.001789 -0.020783
v -0.304283 -0.009297 -0.009992
v -0.306889 -0.007976 -0.014218
v -0.309402 -0.004930 -0.016590
v -0.310859 -0.002367 -0.019406
v -0.290771 -0.000441 -0.013344
v -0.295240 0.000502 -0.018088
v -0.300749 0.002059 -0.022159
v -0.303509 0.002950 -0.024246
v -0.293145 -0.001420 -0.010711
v -0.297183 -0.001340 -0.016910
v -0.301563 -0.000464 -0.021422
v -0.305453 0.001109 -0.023068
v -0.279059 -0.001903 -0.009545
v -0.284005 0.001528 -0.017559
v -0.293731 0.003938 -0.021201
v -0.300755 0.006322 -0.022346
v -0.281636 -0.004712 -0.009378
v -0.286597 -0.001284 -0.017413
v -0.296550 0.001245 -0.020999
v -0.303560 0.003632 -0.022124
v -0.292598 -0.000649 -0.011691
v -0.296176 -0.001759 -0.018726
v -0.302936 -0.001176 -0.022760
v -0.307517 0.000762 -0.022837
v -0.292918 -0.003725 -0.011838
v -0.297865 -0.002905 -0.015322
v -0.304609 -0.002355 -0.019412
v -0.309189 -0.000417 -0.019489
v -0.283221 -0.009403 -0.006363
v -0.294180 -0.005855 -0.007529
v -0.301509 -0.000167 -0.009620
v -0.303099 0.003071 -0.013218
v -0.280632 -0.006718 -0.005504
v -0.291592 -0.003171 -0.006669
v -0.298921 0.002518 -0.008760
v -0.300511 0.005755 -0.012358
v -0.283951 -0.008867 -0.005477
v -0.287206 -0.004575 -0.002391
v -0.293730 0.002331 -0.007076
v -0.299189 0.005766 -0.013298
v -0.281378 -0.006765 -0.007614
v -0.284633 -0.002473 -0.004528
v -0.291157 0.004433 -0.009213
v -0.296616 0.007868 -0.015436
v -0.286082 -0.008355 -0.009969
v -0.293714 -0.009033 -0.012158
v -0.305537 -0.005363 -0.014473
v -0.310062 -0.001928 -0.015975
v -0.285429 -0.007123 -0.006497
v -0.293060 -0.007802 -0.008686
v -0.304883 -0.004132 -0.011001
v -0.309409 -0.000696 -0.012503
v -0.273395 0.000815 -0.003199
v -0.278046 0.004061 -0.003365
v -0.288552 0.007346 -0.008535
v -0.293013 0.011230 -0.012820
v -0.273404 0.000419 -0.007028
v -0.278054 0.003666 -0.007194
v -0.288560 0.006950 -0.012364
v -0.290809 0.012247 -0.014770
v -0.280909 -0.003730 -0.006768
v -0.286050 -0.001062 -0.008558
v -0.293453 0.004510 -0.017065
v -0.296867 0.009360 -0.020596
v -0.278305 -0.001790 -0.009002
v -0.283446 0.000878 -0.010792
v -0.290849 0.006450 -0.019300
v -0.294262 0.011300 -0.022830
v -0.271216 0.010098 -0.016714
v -0.278422 0.011629 -0.023173
v -0.281503 0.012150 -0.024628
v -0.287365 0.014352 -0.026634
v -0.273421 0.007433 -0.015105
v -0.280628 0.008963 -0.021564
v -0.283916 0.009615 -0.022924
v -0.289778 0.011816 -0.024929
v -0.271107 0.013360 -0.022564
v -0.276384 0.012257 -0.025095
v -0.284081 0.011920 -0.026812
v -0.288747 0.014001 -0.026588
v -0.271583 0.013027 -0.018683
v -0.276860 0.011924 -0.021214
v -0.284557 0.011587 -0.022931
v -0.289037 0.013140 -0.023107
v -0.274831 0.005021 -0.032186
v -0.284122 0.007627 -0.031546
v -0.288251 0.009765 -0.028568
v -0.291545 0.012005 -0.031010
v -0.272290 0.007811 -0.032824
v -0.281581 0.010417 -0.032184
v -0.285710 0.012555 -0.029206
v -0.289112 0.015018 -0.031924
v -0.277212 0.013634 -0.036050
v -0.280037 0.012397 -0.032599
v -0.283571 0.012944 -0.027636
v -0.285871 0.015600 -0.025139
v -0.275104 0.015383 -0.035019
v -0.277929 0.014146 -0.031569
v -0.281463 0.014692 -0.026605
v -0.283763 0.017349 -0.024108
v -0.282383 0.009656 -0.041537
v -0.282007 0.013321 -0.039077
v -0.282300 0.015885 -0.037166
v -0.285925 0.018604 -0.036123
v -0.282495 0.010302 -0.043595
v -0.282120 0.013967 -0.041135
v -0.284408 0.016823 -0.040334
v -0.286037 0.019249 -0.038181
v -0.296082 -0.010641 -0.056403
v -0.296538 -0.004766 -0.054980
v -0.296409 0.004892 -0.046922
v -0.298531 0.009989 -0.042780
v -0.297546 -0.012267 -0.053124
v -0.298002 -0.006392 -0.051701
v -0.297873 0.003267 -0.043643
v -0.299995 0.008363 -0.039501
v -0.288464 0.004550 -0.034411
v -0.287596 0.008274 -0.031735
v -0.287005 0.013789 -0.029275
v -0.286769 0.016647 -0.027615
v -0.288026 0.006821 -0.035119
v -0.286634 0.009495 -0.034215
v -0.286054 0.015018 -0.031765
v -0.285806 0.017868 -0.030094
v -0.291246 0.002748 -0.042101
v -0.290925 0.006774 -0.043922
v -0.292448 0.011494 -0.043381
v -0.292623 0.015078 -0.043021
v -0.293138 0.001928 -0.042744
v -0.292817 0.005954 -0.044564
v -0.294340 0.010674 -0.044024
v -0.294515 0.014258 -0.043664
v -0.291952 -0.008937 -0.040853
v -0.288787 -0.002614 -0.035663
v -0.286951 0.009474 -0.030818
v -0.288191 0.014810 -0.028040
v -0.291454 -0.007524 -0.044412
v -0.290482 0.000392 -0.041317
v -0.286784 0.010521 -0.034835
v -0.287693 0.016222 -0.031599
v -0.286436 -0.007936 -0.042925
v -0.286119 -0.000753 -0.045215
v -0.289774 0.007643 -0.040586
v -0.290935 0.012811 -0.036691
v -0.289829 -0.009789 -0.043049
v -0.289513 -0.002607 -0.045340
v -0.293167 0.005790 -0.040711
v -0.295724 0.010212 -0.034751
v -0.289415 -0.010442 -0.042691
v -0.287531 -0.000012 -0.038279
v -0.289092 0.009815 -0.034539
v -0.292000 0.011888 -0.031910
v -0.291838 -0.010865 -0.045476
v -0.289955 -0.000435 -0.041063
v -0.291515 0.009392 -0.037324
v -0.294226 0.011490 -0.034764
v -0.295066 -0.001609 -0.040446
v -0.294636 -0.000254 -0.036412
v -0.293904 0.004780 -0.030146
v -0.293806 0.009071 -0.027716
v -0.292490 -0.000971 -0.040232
v -0.291719 0.001875 -0.037835
v -0.290938 0.006811 -0.031736
v -0.290882 0.010541 -0.029019
v -0.296087 -0.010520 -0.051378
v -0.299955 -0.006709 -0.043606
v -0.298814 0.001779 -0.037251
v -0.298261 0.008436 -0.033696
v -0.293130 -0.009807 -0.049402
v -0.296997 -0.005996 -0.041630
v -0.295808 0.002790 -0.035253
v -0.296970 0.007958 -0.031358
v -0.293392 0.001252 -0.038272
v -0.291125 0.005853 -0.038561
v -0.291053 0.011357 -0.037702
v -0.290302 0.015205 -0.036583
v -0.294619 0.001160 -0.039984
v -0.292352 0.005762 -0.040273
v -0.292280 0.011266 -0.039414
v -0.291528 0.015114 -0.038295
v -0.293888 -0.000276 -0.037288
v -0.293493 0.002880 -0.033706
v -0.292501 0.007846 -0.027329
v -0.291802 0.012237 -0.026447
v -0.291320 0.002842 -0.039669
v -0.291287 0.004372 -0.034917
v -0.290295 0.009337 -0.028540
v -0.289596 0.013730 -0.027659
v -0.295410 -0.010926 -0.043885
v -0.296829 -0.006135 -0.034952
v -0.295919 0.002879 -0.030561
v -0.295814 0.010009 -0.028669
v -0.292010 -0.009216 -0.044155
v -0.293429 -0.004425 -0.035223
v -0.292571 0.004845 -0.030852
v -0.293733 0.010013 -0.026956
v -0.291707 0.000386 -0.037539
v -0.289462 0.004657 -0.033747
v -0.287729 0.010785 -0.029083
v -0.288577 0.015637 -0.027672
v -0.289858 0.001018 -0.042379
v -0.288222 0.006454 -0.036840
v -0.286427 0.012458 -0.032385
v -0.287274 0.017311 -0.030973
v -0.287344 -0.008579 -0.047639
v -0.287321 0.001528 -0.045393
v -0.290479 0.009781 -0.041903
v -0.292793 0.011744 -0.037811
v -0.290721 -0.010211 -0.048400
v -0.290698 -0.000103 -0.046154
v -0.293857 0.008149 -0.042665
v -0.296170 0.010112 -0.038572
v -0.287734 -0.007679 -0.048302
v -0.291177 -0.003028 -0.050548
v -0.295487 0.004530 -0.044505
v -0.296651 0.009933 -0.037485
v -0.290282 -0.009814 -0.046168
v -0.293726 -0.005163 -0.048414
v -0.298035 0.002394 -0.042370
v -0.299199 0.007796 -0.035378
v -0.287244 -0.006068 -0.043594
v -0.284158 0.001058 -0.040734
v -0.284049 0.013096 -0.036961
v -0.285899 0.018181 -0.034660
v -0.288917 -0.005939 -0.046938
v -0.285831 0.001187 -0.044079
v -0.285722 0.013225 -0.040305
v -0.287572 0.018310 -0.038004
v -0.300187 -0.014827 -0.050342
v -0.302078 -0.009727 -0.048996
v -0.301752 0.000580 -0.042550
v -0.303669 0.005596 -0.037825
v -0.299465 -0.015385 -0.046602
v -0.301355 -0.010285 -0.045256
v -0.301030 0.000021 -0.038810
v -0.302947 0.005038 -0.034085
v -0.285776 0.008271 -0.034229
v -0.290564 0.007815 -0.033517
v -0.294058 0.008410 -0.032664
v -0.295777 0.010853 -0.031508
v -0.285432 0.008342 -0.032004
v -0.290220 0.007885 -0.031293
v -0.293854 0.009320 -0.029747
v -0.295436 0.010944 -0.029267
v -0.286034 0.004720 -0.023465
v -0.286355 0.007157 -0.026523
v -0.289124 0.010126 -0.029262
v -0.291078 0.011937 -0.030006
v -0.288730 0.003696 -0.022122
v -0.288638 0.005308 -0.026571
v -0.291407 0.008277 -0.029310
v -0.295127 0.010122 -0.028708
v -0.278873 -0.002809 -0.023767
v -0.281206 0.003968 -0.027344
v -0.288537 0.008292 -0.027033
v -0.294243 0.011693 -0.024961
v -0.281694 -0.005048 -0.025358
v -0.284038 0.001735 -0.028954
v -0.291564 0.006171 -0.028463
v -0.297260 0.009566 -0.026371
v -0.282265 0.006268 -0.027611
v -0.285204 0.008297 -0.030685
v -0.289962 0.010795 -0.032623
v -0.292159 0.012740 -0.030824
v -0.284611 0.004136 -0.025260
v -0.287550 0.006164 -0.028334
v -0.292309 0.008663 -0.030272
v -0.294685 0.010758 -0.028020
v -0.284757 -0.005045 -0.041724
v -0.292928 -0.000755 -0.038519
v -0.298476 0.006523 -0.034690
v -0.297553 0.010206 -0.035814
v -0.282144 -0.003314 -0.039318
v -0.290316 0.000976 -0.036113
v -0.295863 0.008254 -0.032284
v -0.294940 0.011937 -0.033408
v -0.283823 -0.006846 -0.030147
v -0.287158 -0.003098 -0.027231
v -0.295069 0.003113 -0.027421
v -0.297886 0.008541 -0.027128
v -0.283160 -0.005718 -0.033860
v -0.286495 -0.001969 -0.030944
v -0.294406 0.004242 -0.031134
v -0.297223 0.009670 -0.030841
v -0.279594 0.006386 -0.034645
v -0.284183 0.007319 -0.035740
v -0.291825 0.008536 -0.035261
v -0.294340 0.011872 -0.033547
v -0.279467 0.006058 -0.030710
v -0.284057 0.006991 -0.031805
v -0.291699 0.008208 -0.031326
v -0.294209 0.011591 -0.029572
v -0.291312 -0.010576 -0.040023
v -0.294117 -0.007554 -0.033357
v -0.297933 0.001193 -0.030987
v -0.301075 0.007319 -0.032881
v -0.288234 -0.008203 -0.040735
v -0.291039 -0.005182 -0.034069
v -0.294855 0.003565 -0.031699
v -0.297997 0.009692 -0.033593
v -0.287827 -0.010442 -0.011841
v -0.289877 -0.001118 -0.013723
v -0.295119 0.006263 -0.016383
v -0.298927 0.006517 -0.015030
v -0.290439 -0.012173 -0.014247
v -0.292490 -0.002849 -0.016129
v -0.297732 0.004532 -0.018789
v -0.301540 0.004786 -0.017436
v -0.287488 -0.010199 -0.023678
v -0.290375 -0.005641 -0.025814
v -0.294029 0.003587 -0.024175
v -0.298432 0.007798 -0.023562
v -0.288421 -0.010966 -0.019932
v -0.291308 -0.006408 -0.022067
v -0.294962 0.002820 -0.020428
v -0.299364 0.007030 -0.019815
v -0.300964 -0.011452 -0.018041
v -0.300491 -0.007002 -0.016438
v -0.299379 0.000054 -0.016112
v -0.302246 0.005230 -0.017249
v -0.301040 -0.011192 -0.021983
v -0.300567 -0.006742 -0.020379
v -0.299456 0.000314 -0.020053
v -0.302322 0.005491 -0.021191
v -0.318969 -0.040992 -0.046683
v -0.320981 -0.035874 -0.044134
v -0.324928 -0.028963 -0.034392
v -0.329049 -0.025573 -0.030015
v -0.320856 -0.043658 -0.044475
v -0.322868 -0.038539 -0.041926
v -0.326815 -0.031629 -0.032183
v -0.330936 -0.028239 -0.027807
v -0.328870 -0.041357 -0.024054
v -0.330323 -0.038225 -0.022649
v -0.332266 -0.033631 -0.022695
v -0.333419 -0.031408 -0.021813
v -0.327339 -0.039586 -0.025830
v -0.328792 -0.036455 -0.024426
v -0.330735 -0.031861 -0.024472
v -0.331888 -0.029638 -0.023590
v -0.334012 -0.047253 -0.024246
v -0.333195 -0.042607 -0.026280
v -0.333670 -0.038557 -0.026997
v -0.334399 -0.034098 -0.026836
v -0.335561 -0.048075 -0.025416
v -0.334745 -0.043428 -0.027449
v -0.335911 -0.038996 -0.027919
v -0.335949 -0.034920 -0.028005
v -0.334455 -0.048385 -0.031449
v -0.334020 -0.044292 -0.028997
v -0.332914 -0.039211 -0.025509
v -0.333223 -0.034641 -0.025776
v -0.333104 -0.046936 -0.033601
v -0.332668 -0.042843 -0.031149
v -0.331562 -0.037762 -0.027661
v -0.331872 -0.033192 -0.027928
v -0.332320 -0.050864 -0.036208
v -0.332336 -0.044376 -0.029397
v -0.332591 -0.040802 -0.027322
v -0.334222 -0.033160 -0.026476
v -0.329678 -0.048708 -0.037921
v -0.329669 -0.042163 -0.031025
v -0.330046 -0.038365 -0.029010
v -0.331702 -0.030780 -0.028249
v -0.334952 -0.051354 -0.030001
v -0.333136 -0.046446 -0.027157
v -0.331969 -0.039001 -0.024810
v -0.333682 -0.034191 -0.024373
v -0.335018 -0.050522 -0.033835
v -0.333203 -0.045615 -0.030991
v -0.332036 -0.038169 -0.028644
v -0.333748 -0.033359 -0.028207
v -0.325203 -0.049155 -0.021080
v -0.327129 -0.039629 -0.020702
v -0.329394 -0.034461 -0.022723
v -0.331197 -0.031229 -0.019302
v -0.328105 -0.051538 -0.020342
v -0.330032 -0.042012 -0.019965
v -0.332296 -0.036845 -0.021986
v -0.334100 -0.033612 -0.018564
v -0.319273 -0.046510 -0.030523
v -0.324278 -0.043461 -0.032570
v -0.328765 -0.035394 -0.027374
v -0.329723 -0.028811 -0.022622
v -0.320539 -0.048353 -0.027265
v -0.325543 -0.045304 -0.029312
v -0.330030 -0.037236 -0.024116
v -0.330764 -0.030298 -0.018490
v -0.333694 -0.054306 -0.024425
v -0.332356 -0.048739 -0.024136
v -0.331475 -0.040158 -0.025310
v -0.333643 -0.034322 -0.024001
v -0.336130 -0.055488 -0.027007
v -0.334793 -0.049921 -0.026719
v -0.333912 -0.041341 -0.027892
v -0.336079 -0.035504 -0.026583
v -0.320928 -0.051958 -0.008503
v -0.326327 -0.045559 -0.015510
v -0.331027 -0.036840 -0.021439
v -0.331159 -0.031812 -0.021219
v -0.322526 -0.049230 -0.005221
v -0.327512 -0.042842 -0.011718
v -0.332729 -0.038200 -0.018188
v -0.333275 -0.033160 -0.018478
v -0.327888 -0.045405 -0.013056
v -0.326347 -0.040123 -0.015162
v -0.326198 -0.033310 -0.019485
v -0.327691 -0.029585 -0.022098
v -0.329324 -0.047080 -0.016309
v -0.327783 -0.041799 -0.018415
v -0.327634 -0.034985 -0.022738
v -0.330330 -0.031274 -0.025935
v -0.327206 -0.048397 -0.011502
v -0.326789 -0.039250 -0.011632
v -0.327240 -0.035433 -0.012949
v -0.330228 -0.029824 -0.018265
v -0.325596 -0.047799 -0.014698
v -0.325179 -0.038652 -0.014827
v -0.325822 -0.034710 -0.016343
v -0.327783 -0.028906 -0.018729
v -0.328301 -0.042327 -0.011369
v -0.331122 -0.041569 -0.015595
v -0.334207 -0.039104 -0.017967
v -0.336160 -0.036895 -0.020783
v -0.329638 -0.043198 -0.009992
v -0.332460 -0.042440 -0.014218
v -0.335545 -0.039974 -0.016590
v -0.337497 -0.037765 -0.019406
v -0.318232 -0.031757 -0.013344
v -0.322799 -0.031751 -0.018088
v -0.328511 -0.031358 -0.022159
v -0.331395 -0.031053 -0.024246
v -0.320355 -0.033202 -0.010711
v -0.324323 -0.033953 -0.016910
v -0.328790 -0.033994 -0.021422
v -0.332919 -0.033254 -0.023068
v -0.306469 -0.030783 -0.009545
v -0.312014 -0.028440 -0.017559
v -0.322028 -0.028078 -0.021201
v -0.329392 -0.027187 -0.022346
v -0.308415 -0.034061 -0.009378
v -0.313974 -0.031725 -0.017413
v -0.324234 -0.031293 -0.020999
v -0.331585 -0.030396 -0.022124
v -0.319977 -0.032335 -0.011691
v -0.323252 -0.034156 -0.018726
v -0.329987 -0.034973 -0.022760
v -0.334868 -0.034017 -0.022837
v -0.319659 -0.035411 -0.011838
v -0.324670 -0.035625 -0.015322
v -0.331382 -0.036471 -0.019412
v -0.336263 -0.035514 -0.019489
v -0.309003 -0.038978 -0.006363
v -0.320457 -0.037756 -0.007529
v -0.328798 -0.033693 -0.009620
v -0.331019 -0.030850 -0.013218
v -0.307021 -0.035819 -0.005503
v -0.318475 -0.034597 -0.006669
v -0.326816 -0.030534 -0.008761
v -0.329037 -0.027692 -0.012358
v -0.309828 -0.038603 -0.005477
v -0.313894 -0.035071 -0.002391
v -0.321698 -0.029651 -0.007076
v -0.327746 -0.027410 -0.013298
v -0.307741 -0.036018 -0.007614
v -0.311807 -0.032486 -0.004528
v -0.319610 -0.027066 -0.009213
v -0.325658 -0.024824 -0.015436
v -0.312019 -0.038539 -0.009969
v -0.319348 -0.040770 -0.012158
v -0.331673 -0.039605 -0.014473
v -0.336807 -0.037172 -0.015975
v -0.311632 -0.037200 -0.006497
v -0.318961 -0.039431 -0.008686
v -0.331286 -0.038266 -0.011001
v -0.336421 -0.035833 -0.012503
v -0.301484 -0.026961 -0.003199
v -0.306702 -0.024738 -0.003365
v -0.317659 -0.023680 -0.008535
v -0.322822 -0.020794 -0.012820
v -0.301411 -0.027349 -0.007028
v -0.306630 -0.025127 -0.007194
v -0.317586 -0.024069 -0.012364
v -0.320874 -0.019346 -0.014770
v -0.307905 -0.032951 -0.006768
v -0.313485 -0.031396 -0.008558
v -0.321874 -0.027462 -0.017065
v -0.326210 -0.023416 -0.020596
v -0.305754 -0.030518 -0.009002
v -0.311333 -0.028962 -0.010792
v -0.319723 -0.025028 -0.019300
v -0.324059 -0.020983 -0.022830
v -0.301257 -0.017427 -0.016714
v -0.308624 -0.017409 -0.023173
v -0.311747 -0.017531 -0.024628
v -0.317936 -0.016580 -0.026634
v -0.302869 -0.020489 -0.015105
v -0.310235 -0.020471 -0.021564
v -0.313587 -0.020508 -0.022924
v -0.319776 -0.019557 -0.024929
v -0.301821 -0.014213 -0.022564
v -0.306758 -0.016376 -0.025095
v -0.314223 -0.018285 -0.026812
v -0.319216 -0.017206 -0.026588
v -0.302218 -0.014636 -0.018683
v -0.307156 -0.016799 -0.021214
v -0.314620 -0.018709 -0.022931
v -0.319323 -0.018109 -0.023107
v -0.303753 -0.023138 -0.032186
v -0.313381 -0.022495 -0.031546
v -0.317861 -0.021251 -0.028568
v -0.321545 -0.019734 -0.031010
v -0.301839 -0.019886 -0.032824
v -0.311467 -0.019243 -0.032184
v -0.315947 -0.017999 -0.029206
v -0.319782 -0.016286 -0.031924
v -0.307852 -0.015198 -0.036050
v -0.310362 -0.016988 -0.032599
v -0.313933 -0.017179 -0.027636
v -0.316729 -0.015052 -0.025139
v -0.306148 -0.013054 -0.035019
v -0.308658 -0.014844 -0.031569
v -0.312229 -0.015035 -0.026605
v -0.315025 -0.012907 -0.024108
v -0.312095 -0.020152 -0.041537
v -0.312480 -0.016488 -0.039077
v -0.313293 -0.014040 -0.037166
v -0.317399 -0.012123 -0.036123
v -0.312338 -0.019544 -0.043595
v -0.312723 -0.015880 -0.041135
v -0.315549 -0.013554 -0.040334
v -0.317641 -0.011514 -0.038181
v -0.321336 -0.042830 -0.056403
v -0.322989 -0.037174 -0.054980
v -0.324845 -0.027694 -0.046922
v -0.327968 -0.023142 -0.042780
v -0.322435 -0.044722 -0.053124
v -0.324088 -0.039065 -0.051701
v -0.325944 -0.029586 -0.043643
v -0.329067 -0.025033 -0.039501
v -0.316999 -0.026398 -0.034411
v -0.316914 -0.022575 -0.031735
v -0.317468 -0.017057 -0.029275
v -0.317823 -0.014211 -0.027615
v -0.317037 -0.024086 -0.035119
v -0.316223 -0.021183 -0.034215
v -0.316789 -0.015659 -0.031765
v -0.317131 -0.012818 -0.030094
v -0.319352 -0.028733 -0.042101
v -0.319864 -0.024727 -0.043922
v -0.322324 -0.020421 -0.043381
v -0.323231 -0.016948 -0.043021
v -0.321035 -0.029924 -0.042744
v -0.321547 -0.025918 -0.044564
v -0.324007 -0.021612 -0.044024
v -0.324914 -0.018140 -0.043664
v -0.317644 -0.040314 -0.040853
v -0.315844 -0.033476 -0.035663
v -0.316529 -0.021269 -0.030818
v -0.318838 -0.016301 -0.028040
v -0.317447 -0.038829 -0.044412
v -0.318121 -0.030883 -0.041317
v -0.316580 -0.020210 -0.034835
v -0.318640 -0.014816 -0.031599
v -0.312451 -0.038202 -0.042925
v -0.313616 -0.031107 -0.045215
v -0.318916 -0.023640 -0.040586
v -0.321114 -0.018821 -0.036691
v -0.315391 -0.040713 -0.043049
v -0.316556 -0.033618 -0.045340
v -0.321856 -0.026151 -0.040711
v -0.325267 -0.022347 -0.034751
v -0.314852 -0.041266 -0.042691
v -0.315149 -0.030671 -0.038279
v -0.318694 -0.021374 -0.034539
v -0.321965 -0.019943 -0.031910
v -0.317137 -0.042178 -0.045476
v -0.317434 -0.031583 -0.041063
v -0.320979 -0.022286 -0.037324
v -0.324063 -0.020790 -0.034764
v -0.322196 -0.033782 -0.040446
v -0.322053 -0.032367 -0.036412
v -0.322370 -0.027290 -0.030146
v -0.323155 -0.023070 -0.027716
v -0.319806 -0.032629 -0.040232
v -0.319636 -0.029685 -0.037835
v -0.319884 -0.024693 -0.031736
v -0.320595 -0.021031 -0.029019
v -0.321366 -0.042712 -0.051378
v -0.325934 -0.039777 -0.043606
v -0.326559 -0.031235 -0.037251
v -0.327385 -0.024606 -0.033696
v -0.318618 -0.041407 -0.049402
v -0.323185 -0.038472 -0.041630
v -0.323825 -0.029629 -0.035253
v -0.326023 -0.024810 -0.031358
v -0.321145 -0.030638 -0.038272
v -0.319871 -0.025669 -0.038561
v -0.320930 -0.020268 -0.037702
v -0.320985 -0.016348 -0.036583
v -0.322326 -0.030979 -0.039984
v -0.321052 -0.026011 -0.040273
v -0.322112 -0.020609 -0.039414
v -0.322167 -0.016689 -0.038295
v -0.321316 -0.032235 -0.037288
v -0.321578 -0.029065 -0.033706
v -0.321627 -0.024002 -0.027329
v -0.321844 -0.019560 -0.026447
v -0.319443 -0.028656 -0.039669
v -0.319725 -0.027152 -0.034917
v -0.319774 -0.022089 -0.028540
v -0.319991 -0.017646 -0.027659
v -0.320620 -0.042971 -0.043885
v -0.322992 -0.038574 -0.034952
v -0.323952 -0.029564 -0.030561
v -0.325313 -0.022564 -0.028669
v -0.317643 -0.040599 -0.044155
v -0.320015 -0.036202 -0.035223
v -0.321079 -0.026952 -0.030852
v -0.323277 -0.022133 -0.026956
v -0.319318 -0.031140 -0.037539
v -0.317998 -0.026499 -0.033747
v -0.317560 -0.020146 -0.029083
v -0.319385 -0.015571 -0.027672
v -0.317638 -0.030141 -0.042379
v -0.317153 -0.024485 -0.036840
v -0.316628 -0.018240 -0.032385
v -0.318454 -0.013665 -0.030973
v -0.313208 -0.039018 -0.047639
v -0.315260 -0.029121 -0.045393
v -0.320045 -0.021692 -0.041903
v -0.322713 -0.020246 -0.037811
v -0.316178 -0.041308 -0.048400
v -0.318230 -0.031411 -0.046154
v -0.323016 -0.023983 -0.042665
v -0.325683 -0.022536 -0.038572
v -0.313774 -0.038217 -0.048302
v -0.318099 -0.034372 -0.050548
v -0.323868 -0.027860 -0.044505
v -0.326117 -0.022810 -0.037485
v -0.315830 -0.040830 -0.046168
v -0.320154 -0.036985 -0.048414
v -0.325924 -0.030473 -0.042370
v -0.328172 -0.025426 -0.035378
v -0.313625 -0.036540 -0.043594
v -0.312068 -0.028932 -0.040734
v -0.314432 -0.017128 -0.036961
v -0.317287 -0.012532 -0.034660
v -0.315289 -0.036757 -0.046938
v -0.313731 -0.029149 -0.044079
v -0.316096 -0.017345 -0.040305
v -0.318950 -0.012749 -0.038004
v -0.324495 -0.047769 -0.050342
v -0.327392 -0.043166 -0.048996
v -0.329189 -0.033012 -0.042550
v -0.332095 -0.028496 -0.037825
v -0.323673 -0.048167 -0.046602
v -0.326570 -0.043564 -0.045256
v -0.328367 -0.033410 -0.038810
v -0.331273 -0.028894 -0.034085
v -0.315132 -0.022204 -0.034229
v -0.319724 -0.023634 -0.033517
v -0.323266 -0.023769 -0.032664
v -0.325450 -0.021731 -0.031508
v -0.314810 -0.022065 -0.032004
v -0.319402 -0.023494 -0.031293
v -0.323254 -0.022836 -0.029747
v -0.325135 -0.021572 -0.029267
v -0.314656 -0.025733 -0.023465
v -0.315470 -0.023414 -0.026523
v -0.318790 -0.021077 -0.029262
v -0.321074 -0.019705 -0.030006
v -0.317084 -0.027288 -0.022122
v -0.317325 -0.025692 -0.026571
v -0.320645 -0.023355 -0.029310
v -0.324664 -0.022313 -0.028708
v -0.306102 -0.031632 -0.023767
v -0.309776 -0.025478 -0.027344
v -0.317839 -0.022751 -0.027033
v -0.324122 -0.020594 -0.024961
v -0.308403 -0.034402 -0.025358
v -0.312089 -0.028245 -0.028954
v -0.320366 -0.025448 -0.028463
v -0.326637 -0.023295 -0.026371
v -0.311285 -0.023444 -0.027611
v -0.314578 -0.022062 -0.030685
v -0.319747 -0.020594 -0.032623
v -0.322296 -0.019141 -0.030824
v -0.313143 -0.026013 -0.025260
v -0.316436 -0.024631 -0.028334
v -0.321606 -0.023162 -0.030272
v -0.324362 -0.021600 -0.028020
v -0.311401 -0.035028 -0.041724
v -0.320279 -0.032507 -0.038519
v -0.327203 -0.026523 -0.034690
v -0.327055 -0.022729 -0.035814
v -0.309199 -0.032797 -0.039318
v -0.318077 -0.030276 -0.036113
v -0.325001 -0.024292 -0.032284
v -0.324853 -0.020498 -0.033408
v -0.310117 -0.036599 -0.030147
v -0.314150 -0.033615 -0.027231
v -0.323168 -0.029160 -0.027421
v -0.327039 -0.024426 -0.027128
v -0.309700 -0.035358 -0.033860
v -0.313733 -0.032375 -0.030944
v -0.322751 -0.027920 -0.031134
v -0.326623 -0.023186 -0.030841
v -0.308694 -0.022781 -0.034645
v -0.313378 -0.022810 -0.035740
v -0.321107 -0.023187 -0.035261
v -0.324252 -0.020439 -0.033547
v -0.308503 -0.023075 -0.030710
v -0.313187 -0.023105 -0.031805
v -0.320916 -0.023482 -0.031326
v -0.324067 -0.020687 -0.029572
v -0.316681 -0.041787 -0.040023
v -0.320047 -0.039405 -0.033357
v -0.325577 -0.031628 -0.030987
v -0.329910 -0.026277 -0.032881
v -0.314156 -0.038833 -0.040735
v -0.317521 -0.036451 -0.034069
v -0.323052 -0.028674 -0.031699
v -0.327385 -0.023323 -0.033593
v -0.313298 -0.040940 -0.011841
v -0.317219 -0.032236 -0.013723
v -0.323864 -0.026088 -0.016383
v -0.327643 -0.026621 -0.015030
v -0.315499 -0.043170 -0.014247
v -0.319420 -0.034467 -0.016129
v -0.326066 -0.028319 -0.018789
v -0.329845 -0.028852 -0.017436
v -0.313016 -0.040633 -0.023678
v -0.316777 -0.036765 -0.025814
v -0.322248 -0.028483 -0.024175
v -0.327421 -0.025266 -0.023562
v -0.313772 -0.041575 -0.019932
v -0.317533 -0.037707 -0.022067
v -0.323003 -0.029425 -0.020428
v -0.328176 -0.026209 -0.019815
v -0.325948 -0.044626 -0.018041
v -0.326398 -0.040173 -0.016438
v -0.326759 -0.033039 -0.016112
v -0.330627 -0.028562 -0.017249
v -0.326076 -0.044387 -0.021983
v -0.326526 -0.039934 -0.020379
v -0.326887 -0.032800 -0.020053
v -0.330755 -0.028323 -0.021191
v -0.320872 -0.039082 -0.005532
v -0.323946 -0.033963 -0.004482
v -0.332545 -0.027053 0.001562
v -0.338382 -0.023663 0.003004
v -0.323655 -0.041747 -0.004700
v -0.326729 -0.036629 -0.003650
v -0.335328 -0.029718 0.002394
v -0.341165 -0.026329 0.003836
v -0.341464 -0.039447 0.008110
v -0.343447 -0.036315 0.008501
v -0.345055 -0.031721 0.007409
v -0.346501 -0.029498 0.007524
v -0.339214 -0.037676 0.007447
v -0.341197 -0.034545 0.007839
v -0.342805 -0.029951 0.006747
v -0.344251 -0.027727 0.006862
v -0.345680 -0.045343 0.005159
v -0.343891 -0.040696 0.003893
v -0.343900 -0.036646 0.003033
v -0.344601 -0.032188 0.002773
v -0.346347 -0.046165 0.003336
v -0.344558 -0.041518 0.002070
v -0.345283 -0.037086 0.001043
v -0.345268 -0.033010 0.000950
v -0.342146 -0.046474 -0.001133
v -0.343110 -0.042382 0.001163
v -0.344073 -0.037301 0.004694
v -0.344188 -0.032731 0.004301
v -0.339843 -0.045025 -0.002208
v -0.340807 -0.040933 0.000088
v -0.341770 -0.035852 0.003619
v -0.341885 -0.031282 0.003226
v -0.337771 -0.048953 -0.003973
v -0.341478 -0.042465 0.001740
v -0.342818 -0.038892 0.003345
v -0.344647 -0.031249 0.003171
v -0.334622 -0.046798 -0.003979
v -0.338355 -0.040253 0.001819
v -0.339764 -0.036455 0.003308
v -0.341569 -0.028870 0.003049
v -0.343349 -0.049443 -0.000186
v -0.343366 -0.044536 0.003188
v -0.343658 -0.037090 0.005793
v -0.345334 -0.032280 0.005231
v -0.341324 -0.048612 -0.003443
v -0.341341 -0.043705 -0.000069
v -0.341634 -0.036259 0.002536
v -0.343310 -0.031449 0.001974
v -0.339997 -0.047245 0.012597
v -0.341820 -0.037719 0.011869
v -0.342627 -0.032551 0.008943
v -0.345997 -0.029318 0.010839
v -0.342835 -0.049628 0.011642
v -0.344658 -0.040102 0.010914
v -0.345465 -0.034934 0.007988
v -0.348835 -0.031702 0.009885
v -0.329893 -0.044600 0.007880
v -0.332988 -0.041551 0.003445
v -0.339575 -0.033483 0.005377
v -0.342957 -0.026900 0.008850
v -0.332723 -0.046442 0.009930
v -0.335818 -0.043393 0.005496
v -0.342405 -0.035326 0.007428
v -0.346073 -0.028388 0.011756
v -0.345316 -0.052396 0.005181
v -0.344349 -0.046828 0.006149
v -0.342972 -0.038248 0.005641
v -0.345503 -0.032412 0.005565
v -0.345962 -0.053578 0.001690
v -0.344995 -0.048011 0.002658
v -0.343618 -0.039430 0.002150
v -0.346149 -0.033594 0.002074
v -0.343226 -0.050047 0.025482
v -0.343962 -0.043649 0.016666
v -0.344695 -0.034930 0.009136
v -0.344925 -0.029902 0.009249
v -0.346349 -0.047319 0.027372
v -0.347014 -0.040932 0.019210
v -0.347888 -0.036289 0.010944
v -0.348189 -0.031250 0.010404
v -0.346605 -0.043495 0.017881
v -0.344168 -0.038213 0.016948
v -0.341697 -0.031400 0.013397
v -0.341534 -0.027675 0.010392
v -0.346046 -0.045170 0.014369
v -0.343610 -0.039888 0.013436
v -0.341139 -0.033075 0.009885
v -0.341670 -0.029364 0.005737
v -0.346874 -0.046487 0.019557
v -0.346454 -0.037340 0.019674
v -0.346118 -0.033523 0.018323
v -0.345745 -0.027913 0.012236
v -0.343789 -0.045888 0.017745
v -0.343368 -0.036741 0.017863
v -0.343086 -0.032800 0.016241
v -0.343439 -0.026996 0.013172
v -0.347866 -0.040417 0.019075
v -0.347944 -0.039659 0.013994
v -0.349250 -0.037193 0.010328
v -0.349363 -0.034984 0.006903
v -0.349737 -0.041288 0.019506
v -0.349815 -0.040530 0.014426
v -0.351121 -0.038064 0.010760
v -0.351233 -0.035855 0.007334
v -0.338336 -0.029846 0.022877
v -0.339600 -0.029841 0.016414
v -0.342191 -0.029448 0.009895
v -0.343481 -0.029142 0.006578
v -0.341548 -0.031292 0.023937
v -0.341519 -0.032042 0.016577
v -0.342825 -0.032084 0.010364
v -0.345401 -0.031344 0.006741
v -0.330514 -0.028872 0.032448
v -0.330826 -0.026530 0.022708
v -0.337264 -0.026168 0.014217
v -0.342829 -0.025276 0.009261
v -0.332240 -0.032151 0.031534
v -0.332552 -0.029814 0.021768
v -0.339226 -0.029383 0.013190
v -0.344792 -0.028485 0.008258
v -0.340699 -0.030425 0.023319
v -0.339634 -0.032246 0.015632
v -0.343105 -0.033063 0.008590
v -0.347164 -0.032106 0.005878
v -0.340352 -0.033501 0.023368
v -0.342672 -0.033714 0.017723
v -0.346093 -0.034561 0.010646
v -0.350152 -0.033604 0.007934
v -0.334369 -0.037067 0.033747
v -0.343360 -0.035845 0.026555
v -0.349232 -0.031782 0.020274
v -0.349147 -0.028940 0.016047
v -0.333170 -0.033908 0.035544
v -0.342161 -0.032686 0.028353
v -0.348033 -0.028624 0.022072
v -0.347948 -0.025781 0.017844
v -0.335543 -0.036693 0.034045
v -0.340633 -0.033161 0.034432
v -0.344647 -0.027741 0.026263
v -0.346353 -0.025499 0.017755
v -0.332630 -0.034107 0.033381
v -0.337720 -0.030575 0.033768
v -0.341734 -0.025155 0.025599
v -0.343441 -0.022914 0.017092
v -0.334947 -0.036629 0.029082
v -0.339917 -0.038860 0.023268
v -0.349016 -0.037695 0.014638
v -0.352515 -0.035262 0.010591
v -0.336505 -0.035289 0.032209
v -0.341475 -0.037520 0.026394
v -0.350574 -0.036355 0.017764
v -0.354073 -0.033922 0.013718
v -0.329768 -0.025050 0.040484
v -0.334062 -0.022828 0.037514
v -0.340463 -0.021770 0.027228
v -0.342477 -0.018884 0.020828
v -0.327630 -0.025439 0.037306
v -0.331924 -0.023216 0.034336
v -0.338325 -0.022159 0.024050
v -0.339782 -0.017436 0.020246
v -0.333227 -0.031041 0.034003
v -0.336944 -0.029485 0.029473
v -0.339377 -0.025551 0.017775
v -0.341105 -0.021506 0.012457
v -0.330208 -0.028607 0.033292
v -0.333924 -0.027052 0.028762
v -0.336358 -0.023118 0.017064
v -0.338086 -0.019072 0.011746
v -0.322247 -0.015517 0.029252
v -0.324933 -0.015499 0.019830
v -0.326767 -0.015621 0.016914
v -0.330879 -0.014669 0.011872
v -0.324474 -0.018579 0.029730
v -0.327160 -0.018560 0.020308
v -0.329238 -0.018597 0.017348
v -0.333350 -0.017646 0.012306
v -0.319548 -0.012302 0.024032
v -0.322323 -0.014465 0.019228
v -0.327663 -0.016375 0.013737
v -0.331979 -0.015296 0.011216
v -0.321987 -0.012726 0.027077
v -0.324762 -0.014889 0.022272
v -0.330102 -0.016799 0.016781
v -0.333957 -0.016199 0.014083
v -0.315953 -0.021228 0.014900
v -0.324388 -0.020585 0.010216
v -0.329767 -0.019340 0.010288
v -0.331537 -0.017824 0.006238
v -0.313998 -0.017976 0.015402
v -0.322434 -0.017333 0.010718
v -0.327812 -0.016088 0.010790
v -0.329561 -0.014376 0.006426
v -0.317300 -0.013288 0.009432
v -0.321281 -0.015078 0.010968
v -0.326972 -0.015269 0.013202
v -0.330676 -0.013141 0.013782
v -0.316427 -0.011144 0.011222
v -0.320408 -0.012934 0.012758
v -0.326100 -0.013125 0.014992
v -0.329804 -0.010997 0.015572
v -0.317889 -0.018242 0.002519
v -0.319546 -0.014578 0.004377
v -0.321266 -0.012130 0.005542
v -0.325281 -0.010212 0.004192
v -0.316977 -0.017633 0.000659
v -0.318634 -0.013969 0.002517
v -0.321443 -0.011644 0.001658
v -0.324368 -0.009603 0.002331
v -0.317589 -0.040920 -0.014982
v -0.319749 -0.035264 -0.014683
v -0.325679 -0.025784 -0.008920
v -0.330549 -0.021232 -0.007134
v -0.320291 -0.042811 -0.012823
v -0.322451 -0.037155 -0.012524
v -0.328382 -0.027676 -0.006761
v -0.333252 -0.023123 -0.004975
v -0.325874 -0.024488 0.005847
v -0.327254 -0.020665 0.008140
v -0.329054 -0.015147 0.009908
v -0.330252 -0.012300 0.011109
v -0.325521 -0.022176 0.005231
v -0.325328 -0.019273 0.006433
v -0.327133 -0.013749 0.008184
v -0.328326 -0.010908 0.009402
v -0.323679 -0.026823 -0.001890
v -0.323122 -0.022817 -0.003698
v -0.325482 -0.018510 -0.004578
v -0.326439 -0.015038 -0.004767
v -0.324745 -0.028014 -0.003343
v -0.324188 -0.024008 -0.005150
v -0.326547 -0.019701 -0.006031
v -0.327504 -0.016229 -0.006220
v -0.322921 -0.038404 0.000084
v -0.324224 -0.031565 0.005421
v -0.327428 -0.019358 0.009120
v -0.330874 -0.014391 0.010201
v -0.320825 -0.036919 -0.002798
v -0.323070 -0.028972 -0.000564
v -0.325291 -0.018300 0.005717
v -0.328778 -0.012906 0.007319
v -0.317435 -0.036292 0.001161
v -0.317171 -0.029197 -0.001395
v -0.324134 -0.021730 -0.000381
v -0.328094 -0.016911 0.001700
v -0.319838 -0.038802 -0.000538
v -0.319574 -0.031707 -0.003095
v -0.326537 -0.024240 -0.002080
v -0.332635 -0.020437 0.001077
v -0.319579 -0.039356 0.000055
v -0.322222 -0.028761 0.003600
v -0.327228 -0.019464 0.004819
v -0.331403 -0.018033 0.005254
v -0.319988 -0.040268 -0.003524
v -0.322631 -0.029673 0.000022
v -0.327638 -0.020376 0.001240
v -0.331617 -0.018879 0.001719
v -0.326966 -0.031871 -0.002042
v -0.329035 -0.030457 0.001425
v -0.332699 -0.025380 0.006516
v -0.334677 -0.021160 0.008132
v -0.325074 -0.030718 -0.000566
v -0.326232 -0.027774 0.001540
v -0.329748 -0.022783 0.006529
v -0.331820 -0.019121 0.008426
v -0.320340 -0.040802 -0.010777
v -0.328393 -0.037866 -0.006724
v -0.332365 -0.029325 -0.001725
v -0.334987 -0.022696 0.000814
v -0.319102 -0.039497 -0.007626
v -0.327155 -0.036561 -0.003574
v -0.331152 -0.027718 0.001436
v -0.335111 -0.022899 0.003517
v -0.327263 -0.028728 0.000354
v -0.326035 -0.023759 0.000802
v -0.327392 -0.018358 0.000949
v -0.328045 -0.014437 0.001860
v -0.327327 -0.029069 -0.001725
v -0.326099 -0.024100 -0.001277
v -0.327456 -0.018699 -0.001130
v -0.328109 -0.014779 -0.000219
v -0.327940 -0.030325 0.001088
v -0.330103 -0.027155 0.003955
v -0.333603 -0.022091 0.009286
v -0.334264 -0.017650 0.009909
v -0.325075 -0.026746 0.000104
v -0.327889 -0.025242 0.003942
v -0.331389 -0.020179 0.009274
v -0.332050 -0.015736 0.009896
v -0.323778 -0.041060 -0.004077
v -0.330615 -0.036663 0.002141
v -0.333803 -0.027653 0.005309
v -0.335973 -0.020654 0.006161
v -0.321130 -0.038689 -0.002689
v -0.327968 -0.034291 0.003529
v -0.331232 -0.025042 0.006624
v -0.335192 -0.020223 0.008704
v -0.326125 -0.029230 0.001961
v -0.327073 -0.024589 0.005862
v -0.329234 -0.018235 0.010019
v -0.331534 -0.013660 0.010214
v -0.322088 -0.028231 -0.001194
v -0.324685 -0.022575 0.003723
v -0.326661 -0.016330 0.007750
v -0.328960 -0.011755 0.007945
v -0.315514 -0.037108 -0.003210
v -0.318456 -0.027211 -0.002436
v -0.324369 -0.019782 -0.002100
v -0.328830 -0.018336 -0.000109
v -0.317596 -0.039398 -0.005460
v -0.320539 -0.029501 -0.004687
v -0.326452 -0.022072 -0.004351
v -0.330912 -0.020626 -0.002359
v -0.315630 -0.036306 -0.004074
v -0.318045 -0.032461 -0.008307
v -0.326170 -0.025949 -0.006359
v -0.331866 -0.020900 -0.001682
v -0.318514 -0.038920 -0.003396
v -0.320930 -0.035075 -0.007629
v -0.329055 -0.028563 -0.005681
v -0.334735 -0.023515 -0.001026
v -0.318058 -0.034630 -0.000038
v -0.318301 -0.027021 0.003209
v -0.322334 -0.015218 0.005096
v -0.325980 -0.010621 0.005482
v -0.317642 -0.034847 -0.003750
v -0.317885 -0.027238 -0.000503
v -0.321918 -0.015435 0.001384
v -0.325564 -0.010838 0.001770
v -0.323530 -0.045859 -0.011603
v -0.326694 -0.041256 -0.012044
v -0.331701 -0.031102 -0.007603
v -0.336704 -0.026586 -0.005210
v -0.324868 -0.046257 -0.008015
v -0.328032 -0.041654 -0.008456
v -0.333039 -0.031500 -0.004015
v -0.338042 -0.026984 -0.001622
v -0.324404 -0.020294 0.007012
v -0.328648 -0.021723 0.005119
v -0.332086 -0.021858 0.003915
v -0.334548 -0.019821 0.003701
v -0.325340 -0.020155 0.009056
v -0.329584 -0.021584 0.007163
v -0.333658 -0.020926 0.006372
v -0.335499 -0.019662 0.005755
v -0.329842 -0.023823 0.016314
v -0.328868 -0.021504 0.013303
v -0.330171 -0.019166 0.009201
v -0.331686 -0.017795 0.007337
v -0.332610 -0.025378 0.016125
v -0.330400 -0.023782 0.012256
v -0.331703 -0.021445 0.008154
v -0.335406 -0.020402 0.006480
v -0.322492 -0.029721 0.020699
v -0.323639 -0.023568 0.015701
v -0.330581 -0.020841 0.011590
v -0.336983 -0.018683 0.009922
v -0.323562 -0.032492 0.018114
v -0.324708 -0.026334 0.013094
v -0.331928 -0.023538 0.009018
v -0.338331 -0.021384 0.007373
v -0.324761 -0.021534 0.014659
v -0.325861 -0.020152 0.010291
v -0.329153 -0.018684 0.005858
v -0.332270 -0.017231 0.005987
v -0.327597 -0.024103 0.015626
v -0.328697 -0.022721 0.011258
v -0.331989 -0.021252 0.006825
v -0.335526 -0.019689 0.007222
v -0.317204 -0.033118 0.002739
v -0.326401 -0.030596 0.000616
v -0.334295 -0.024612 0.000078
v -0.333561 -0.020818 -0.000787
v -0.316660 -0.030887 0.005955
v -0.325856 -0.028366 0.003831
v -0.333750 -0.022382 0.003293
v -0.333016 -0.018588 0.002429
v -0.322405 -0.034688 0.013162
v -0.327374 -0.031705 0.013423
v -0.334848 -0.027250 0.008373
v -0.338259 -0.022516 0.006519
v -0.320041 -0.033448 0.010268
v -0.325010 -0.030464 0.010530
v -0.332484 -0.026010 0.005480
v -0.335895 -0.021276 0.003626
v -0.318770 -0.020870 0.010154
v -0.322110 -0.020900 0.006694
v -0.328864 -0.021277 0.002905
v -0.332436 -0.018528 0.002638
v -0.320744 -0.021165 0.013564
v -0.324084 -0.021194 0.010104
v -0.330838 -0.021572 0.006314
v -0.334436 -0.018777 0.006079
v -0.322563 -0.039876 0.001304
v -0.329006 -0.037495 0.005079
v -0.334938 -0.029718 0.004070
v -0.337551 -0.024366 0.000129
v -0.320055 -0.036922 0.002076
v -0.326498 -0.034541 0.005851
v -0.332430 -0.026764 0.004842
v -0.335043 -0.021413 0.000901
v -0.335006 -0.039030 0.026816
v -0.337279 -0.030326 0.023108
v -0.341419 -0.024178 0.017269
v -0.345328 -0.024711 0.016356
v -0.335550 -0.041260 0.023600
v -0.337824 -0.032556 0.019893
v -0.341964 -0.026408 0.014053
v -0.345873 -0.026942 0.013140
v -0.328349 -0.038723 0.017023
v -0.330350 -0.034854 0.013189
v -0.335835 -0.026573 0.011599
v -0.340514 -0.023356 0.009308
v -0.331016 -0.039665 0.019761
v -0.333017 -0.035797 0.015927
v -0.338502 -0.027515 0.014337
v -0.343181 -0.024298 0.012046
v -0.342270 -0.042715 0.014745
v -0.343518 -0.038263 0.015848
v -0.343999 -0.031129 0.015927
v -0.346631 -0.026652 0.012873
v -0.340240 -0.042476 0.011365
v -0.341488 -0.038024 0.012468
v -0.341968 -0.030890 0.012546
v -0.344601 -0.026412 0.009492
v -0.290455 -0.004718 -0.005532
v -0.293528 0.000400 -0.004482
v -0.302128 0.007311 0.001562
v -0.307965 0.010700 0.003004
v -0.293238 -0.007384 -0.004700
v -0.296311 -0.002265 -0.003650
v -0.304911 0.004645 0.002394
v -0.310747 0.008035 0.003836
v -0.311047 -0.005083 0.008110
v -0.313030 -0.001952 0.008501
v -0.314637 0.002642 0.007409
v -0.316084 0.004866 0.007524
v -0.308797 -0.003313 0.007447
v -0.310780 -0.000181 0.007839
v -0.312388 0.004413 0.006747
v -0.313834 0.006636 0.006862
v -0.315262 -0.010980 0.005159
v -0.313473 -0.006333 0.003893
v -0.313483 -0.002283 0.003033
v -0.314183 0.002176 0.002773
v -0.315930 -0.011801 0.003336
v -0.314141 -0.007155 0.002070
v -0.314866 -0.002723 0.001043
v -0.314851 0.001354 0.000950
v -0.311728 -0.012111 -0.001133
v -0.312693 -0.008019 0.001163
v -0.313655 -0.002937 0.004694
v -0.313771 0.001633 0.004301
v -0.309426 -0.010662 -0.002208
v -0.310390 -0.006570 0.000088
v -0.311353 -0.001488 0.003619
v -0.311468 0.003082 0.003226
v -0.307353 -0.014590 -0.003973
v -0.311061 -0.008102 0.001740
v -0.312401 -0.004528 0.003345
v -0.314230 0.003114 0.003171
v -0.304204 -0.012435 -0.003979
v -0.307937 -0.005890 0.001819
v -0.309347 -0.002092 0.003308
v -0.311151 0.005493 0.003049
v -0.312931 -0.015080 -0.000186
v -0.312948 -0.010173 0.003188
v -0.313241 -0.002727 0.005793
v -0.314917 0.002083 0.005231
v -0.310907 -0.014249 -0.003443
v -0.310924 -0.009341 -0.000069
v -0.311217 -0.001895 0.002536
v -0.312892 0.002915 0.001974
v -0.309579 -0.012881 0.012597
v -0.311403 -0.003355 0.011869
v -0.312209 0.001813 0.008943
v -0.315580 0.005045 0.010839
v -0.312417 -0.015265 0.011642
v -0.314241 -0.005739 0.010914
v -0.315047 -0.000571 0.007988
v -0.318418 0.002662 0.009885
v -0.299476 -0.010236 0.007880
v -0.302570 -0.007187 0.003445
v -0.309158 0.000880 0.005377
v -0.312540 0.007463 0.008850
v -0.302306 -0.012079 0.009930
v -0.305400 -0.009030 0.005496
v -0.311988 -0.000962 0.007428
v -0.315656 0.005975 0.011756
v -0.314898 -0.018032 0.005181
v -0.313931 -0.012465 0.006149
v -0.312555 -0.003885 0.005641
v -0.315085 0.001952 0.005565
v -0.315544 -0.019214 0.001690
v -0.314577 -0.013647 0.002658
v -0.313201 -0.005067 0.002150
v -0.315731 0.000769 0.002074
v -0.312809 -0.015684 0.025482
v -0.313545 -0.009285 0.016666
v -0.314278 -0.000566 0.009136
v -0.314508 0.004462 0.009249
v -0.315932 -0.012956 0.027372
v -0.316597 -0.006569 0.019210
v -0.317471 -0.001926 0.010944
v -0.317772 0.003114 0.010404
v -0.316187 -0.009131 0.017881
v -0.313751 -0.003850 0.016948
v -0.311280 0.002964 0.013397
v -0.311117 0.006689 0.010392
v -0.315629 -0.010806 0.014369
v -0.313193 -0.005525 0.013436
v -0.310722 0.001289 0.009885
v -0.311253 0.005000 0.005737
v -0.316457 -0.012123 0.019557
v -0.316036 -0.002977 0.019674
v -0.315700 0.000840 0.018323
v -0.315327 0.006450 0.012236
v -0.313371 -0.011525 0.017745
v -0.312951 -0.002378 0.017863
v -0.312669 0.001563 0.016241
v -0.313022 0.007368 0.013172
v -0.317449 -0.006054 0.019075
v -0.317527 -0.005296 0.013994
v -0.318832 -0.002830 0.010328
v -0.318945 -0.000621 0.006903
v -0.319320 -0.006924 0.019506
v -0.319398 -0.006166 0.014426
v -0.320703 -0.003701 0.010760
v -0.320816 -0.001491 0.007334
v -0.307918 0.004517 0.022877
v -0.309183 0.004522 0.016414
v -0.311773 0.004916 0.009895
v -0.313064 0.005221 0.006578
v -0.311130 0.003072 0.023937
v -0.311102 0.002321 0.016577
v -0.312407 0.002280 0.010364
v -0.314984 0.003020 0.006741
v -0.300097 0.005491 0.032448
v -0.300409 0.007833 0.022708
v -0.306846 0.008196 0.014217
v -0.312412 0.009087 0.009261
v -0.301823 0.002213 0.031534
v -0.302135 0.004549 0.021768
v -0.308809 0.004981 0.013190
v -0.314375 0.005878 0.008258
v -0.310281 0.003938 0.023319
v -0.309217 0.002118 0.015632
v -0.312688 0.001300 0.008590
v -0.316747 0.002257 0.005878
v -0.309935 0.000862 0.023368
v -0.312254 0.000649 0.017723
v -0.315676 -0.000197 0.010646
v -0.319734 0.000759 0.007934
v -0.303952 -0.002704 0.033747
v -0.312942 -0.001482 0.026555
v -0.318815 0.002581 0.020274
v -0.318729 0.005423 0.016047
v -0.302753 0.000455 0.035545
v -0.311744 0.001677 0.028353
v -0.317616 0.005740 0.022072
v -0.317531 0.008582 0.017844
v -0.305125 -0.002329 0.034045
v -0.310216 0.001203 0.034432
v -0.314230 0.006622 0.026263
v -0.315936 0.008864 0.017755
v -0.302212 0.000256 0.033381
v -0.307303 0.003788 0.033768
v -0.311317 0.009208 0.025599
v -0.313023 0.011450 0.017091
v -0.304529 -0.002265 0.029082
v -0.309500 -0.004496 0.023268
v -0.318598 -0.003331 0.014638
v -0.322097 -0.000898 0.010591
v -0.306088 -0.000926 0.032209
v -0.311058 -0.003157 0.026394
v -0.320157 -0.001992 0.017764
v -0.323656 0.000441 0.013718
v -0.299351 0.009313 0.040484
v -0.303645 0.011536 0.037514
v -0.310045 0.012593 0.027228
v -0.312059 0.015479 0.020828
v -0.297213 0.008925 0.037306
v -0.301507 0.011147 0.034336
v -0.307907 0.012205 0.024050
v -0.309365 0.016928 0.020246
v -0.302810 0.003323 0.034003
v -0.306526 0.004878 0.029473
v -0.308960 0.008812 0.017775
v -0.310688 0.012858 0.012457
v -0.299791 0.005756 0.033292
v -0.303507 0.007312 0.028762
v -0.305941 0.011246 0.017064
v -0.307669 0.015291 0.011746
v -0.291830 0.018846 0.029252
v -0.294515 0.018865 0.019830
v -0.296350 0.018743 0.016914
v -0.300462 0.019694 0.011872
v -0.294056 0.015785 0.029730
v -0.296742 0.015803 0.020308
v -0.298821 0.015766 0.017348
v -0.302932 0.016717 0.012306
v -0.289130 0.022061 0.024032
v -0.291906 0.019898 0.019228
v -0.297245 0.017988 0.013737
v -0.301562 0.019067 0.011216
v -0.291569 0.021637 0.027077
v -0.294345 0.019474 0.022272
v -0.299684 0.017565 0.016781
v -0.303539 0.018164 0.014083
v -0.285535 0.013135 0.014900
v -0.293971 0.013779 0.010216
v -0.299349 0.015023 0.010288
v -0.301120 0.016539 0.006238
v -0.283581 0.016387 0.015402
v -0.292016 0.017031 0.010718
v -0.297395 0.018275 0.010790
v -0.299143 0.019987 0.006426
v -0.286883 0.021076 0.009431
v -0.290863 0.019286 0.010968
v -0.296555 0.019095 0.013202
v -0.300259 0.021222 0.013782
v -0.286010 0.023220 0.011222
v -0.289991 0.021430 0.012758
v -0.295683 0.021239 0.014992
v -0.299386 0.023366 0.015572
v -0.287472 0.016121 0.002519
v -0.289129 0.019785 0.004377
v -0.290849 0.022234 0.005542
v -0.294864 0.024151 0.004192
v -0.286559 0.016730 0.000659
v -0.288217 0.020394 0.002517
v -0.291025 0.022720 0.001658
v -0.293951 0.024760 0.002331
v -0.287172 -0.006556 -0.014982
v -0.289332 -0.000900 -0.014683
v -0.295262 0.008579 -0.008920
v -0.300132 0.013132 -0.007134
v -0.289874 -0.008448 -0.012823
v -0.292034 -0.002792 -0.012524
v -0.297964 0.006688 -0.006761
v -0.302834 0.011240 -0.004975
v -0.295457 0.009876 0.005847
v -0.296836 0.013698 0.008140
v -0.298636 0.019217 0.009908
v -0.299835 0.022063 0.011109
v -0.295104 0.012188 0.005231
v -0.294911 0.015091 0.006433
v -0.296716 0.020615 0.008184
v -0.297909 0.023455 0.009402
v -0.293262 0.007541 -0.001890
v -0.292705 0.011547 -0.003698
v -0.295064 0.015853 -0.004578
v -0.296022 0.019325 -0.004767
v -0.294327 0.006350 -0.003343
v -0.293771 0.010356 -0.005150
v -0.296130 0.014662 -0.006031
v -0.297087 0.018134 -0.006220
v -0.292504 -0.004040 0.000084
v -0.293807 0.002798 0.005421
v -0.297010 0.015005 0.009120
v -0.300457 0.019972 0.010201
v -0.290408 -0.002555 -0.002798
v -0.292653 0.005391 -0.000564
v -0.294874 0.016064 0.005717
v -0.298361 0.021457 0.007319
v -0.287017 -0.001928 0.001161
v -0.286754 0.005166 -0.001395
v -0.293717 0.012633 -0.000381
v -0.297677 0.017453 0.001700
v -0.289420 -0.004439 -0.000538
v -0.289157 0.002656 -0.003095
v -0.296120 0.010123 -0.002080
v -0.302218 0.013926 0.001077
v -0.289161 -0.004992 0.000055
v -0.291805 0.005602 0.003600
v -0.296811 0.014899 0.004819
v -0.300985 0.016331 0.005254
v -0.289571 -0.005904 -0.003524
v -0.292214 0.004690 0.000022
v -0.297220 0.013987 0.001241
v -0.301200 0.015484 0.001719
v -0.296549 0.002492 -0.002042
v -0.298617 0.003906 0.001424
v -0.302282 0.008984 0.006516
v -0.304260 0.013204 0.008132
v -0.294657 0.003645 -0.000566
v -0.295814 0.006589 0.001540
v -0.299331 0.011580 0.006529
v -0.301403 0.015242 0.008426
v -0.289923 -0.006439 -0.010777
v -0.297975 -0.003503 -0.006724
v -0.301948 0.005038 -0.001725
v -0.304569 0.011668 0.000814
v -0.288685 -0.005134 -0.007626
v -0.296738 -0.002198 -0.003574
v -0.300734 0.006645 0.001436
v -0.304694 0.011464 0.003517
v -0.296845 0.005636 0.000354
v -0.295618 0.010604 0.000802
v -0.296974 0.016006 0.000949
v -0.297627 0.019926 0.001860
v -0.296909 0.005294 -0.001725
v -0.295682 0.010263 -0.001277
v -0.297038 0.015665 -0.001130
v -0.297691 0.019585 -0.000219
v -0.297523 0.004038 0.001088
v -0.299686 0.007209 0.003955
v -0.303185 0.012272 0.009286
v -0.303846 0.016714 0.009909
v -0.294658 0.007618 0.000104
v -0.297472 0.009121 0.003942
v -0.300972 0.014184 0.009274
v -0.301632 0.018628 0.009896
v -0.293360 -0.006697 -0.004077
v -0.300198 -0.002300 0.002141
v -0.303386 0.006710 0.005309
v -0.305555 0.013709 0.006161
v -0.290712 -0.004325 -0.002689
v -0.297550 0.000072 0.003529
v -0.300815 0.009321 0.006624
v -0.304774 0.014141 0.008704
v -0.295708 0.005134 0.001961
v -0.296656 0.009775 0.005862
v -0.298817 0.016128 0.010019
v -0.301116 0.020703 0.010214
v -0.291671 0.006133 -0.001194
v -0.294268 0.011789 0.003723
v -0.296244 0.018034 0.007750
v -0.298543 0.022609 0.007945
v -0.285096 -0.002744 -0.003210
v -0.288039 0.007153 -0.002436
v -0.293952 0.014581 -0.002100
v -0.298413 0.016028 -0.000109
v -0.287179 -0.005034 -0.005460
v -0.290122 0.004863 -0.004687
v -0.296034 0.012291 -0.004351
v -0.300495 0.013737 -0.002359
v -0.285213 -0.001943 -0.004074
v -0.287628 0.001902 -0.008307
v -0.295753 0.008414 -0.006359
v -0.301449 0.013464 -0.001682
v -0.288097 -0.004556 -0.003396
v -0.290512 -0.000711 -0.007629
v -0.298637 0.005801 -0.005681
v -0.304318 0.010848 -0.001026
v -0.287641 -0.000266 -0.000038
v -0.287883 0.007342 0.003209
v -0.291917 0.019146 0.005096
v -0.295563 0.023742 0.005482
v -0.287225 -0.000483 -0.003750
v -0.287467 0.007125 -0.000503
v -0.291501 0.018929 0.001384
v -0.295147 0.023525 0.001770
v -0.293113 -0.011496 -0.011603
v -0.296277 -0.006892 -0.012044
v -0.301283 0.003262 -0.007603
v -0.306287 0.007777 -0.005210
v -0.294451 -0.011894 -0.008015
v -0.297615 -0.007290 -0.008456
v -0.302621 0.002864 -0.004015
v -0.307625 0.007379 -0.001622
v -0.293987 0.014069 0.007012
v -0.298231 0.012640 0.005119
v -0.301669 0.012505 0.003915
v -0.304130 0.014543 0.003701
v -0.294922 0.014209 0.009056
v -0.299167 0.012779 0.007163
v -0.303241 0.013437 0.006372
v -0.305082 0.014701 0.005755
v -0.299425 0.010541 0.016314
v -0.298450 0.012860 0.013303
v -0.299753 0.015197 0.009201
v -0.301269 0.016569 0.007337
v -0.302193 0.008985 0.016125
v -0.299983 0.010581 0.012256
v -0.301286 0.012919 0.008154
v -0.304989 0.013961 0.006480
v -0.292075 0.004642 0.020699
v -0.293222 0.010796 0.015701
v -0.300163 0.013522 0.011590
v -0.306566 0.015680 0.009922
v -0.293145 0.001871 0.018114
v -0.294291 0.008029 0.013094
v -0.301511 0.010826 0.009018
v -0.307914 0.012979 0.007373
v -0.294344 0.012829 0.014659
v -0.295443 0.014211 0.010291
v -0.298735 0.015680 0.005858
v -0.301852 0.017132 0.005987
v -0.297180 0.010261 0.015626
v -0.298280 0.011643 0.011258
v -0.301572 0.013111 0.006825
v -0.305109 0.014674 0.007222
v -0.286787 0.001246 0.002739
v -0.295984 0.003767 0.000616
v -0.303877 0.009751 0.000078
v -0.303144 0.013545 -0.000787
v -0.286242 0.003476 0.005955
v -0.295439 0.005998 0.003831
v -0.303333 0.011981 0.003293
v -0.302599 0.015776 0.002429
v -0.291987 -0.000325 0.013162
v -0.296957 0.002659 0.013423
v -0.304430 0.007114 0.008373
v -0.307842 0.011848 0.006519
v -0.289623 0.000915 0.010268
v -0.294593 0.003899 0.010530
v -0.302066 0.008354 0.005480
v -0.305478 0.013088 0.003626
v -0.288353 0.013493 0.010154
v -0.291693 0.013464 0.006694
v -0.298446 0.013086 0.002905
v -0.302019 0.015835 0.002638
v -0.290326 0.013198 0.013564
v -0.293667 0.013169 0.010104
v -0.300420 0.012792 0.006314
v -0.304019 0.015587 0.006079
v -0.292145 -0.005513 0.001304
v -0.298589 -0.003131 0.005079
v -0.304521 0.004646 0.004070
v -0.307133 0.009997 0.000129
v -0.289637 -0.002559 0.002076
v -0.296081 -0.000178 0.005851
v -0.302013 0.007600 0.004842
v -0.304625 0.012951 0.000901
v -0.304588 -0.004666 0.026816
v -0.306862 0.004038 0.023108
v -0.311002 0.010186 0.017269
v -0.314911 0.009652 0.016356
v -0.305133 -0.006897 0.023600
v -0.307407 0.001807 0.019893
v -0.311547 0.007955 0.014053
v -0.315456 0.007422 0.013140
v -0.297932 -0.004359 0.017023
v -0.299933 -0.000491 0.013189
v -0.305418 0.007791 0.011599
v -0.310096 0.011008 0.009308
v -0.300599 -0.005302 0.019761
v -0.302600 -0.001433 0.015927
v -0.308085 0.006848 0.014337
v -0.312763 0.010065 0.012046
v -0.311853 -0.008352 0.014745
v -0.313101 -0.003899 0.015848
v -0.313581 0.003234 0.015927
v -0.316214 0.007712 0.012873
v -0.309823 -0.008113 0.011365
v -0.311071 -0.003660 0.012468
v -0.311551 0.003474 0.012546
v -0.314183 0.007951 0.009492
v -0.257334 0.017109 -0.005532
v -0.258769 0.022904 -0.004482
v -0.264961 0.032035 0.001562
v -0.269544 0.036989 0.003004
v -0.260777 0.015378 -0.004700
v -0.262212 0.021173 -0.003650
v -0.268404 0.030304 0.002394
v -0.272987 0.035258 0.003836
v -0.277125 0.022807 0.008110
v -0.278101 0.026383 0.008501
v -0.278289 0.031246 0.007409
v -0.279019 0.033796 0.007524
v -0.274455 0.023838 0.007447
v -0.275431 0.027414 0.007839
v -0.275619 0.032278 0.006747
v -0.276349 0.034828 0.006862
v -0.282887 0.018408 0.005159
v -0.279812 0.022325 0.003893
v -0.278632 0.026199 0.003033
v -0.277992 0.030666 0.002773
v -0.283766 0.017819 0.003336
v -0.280692 0.021735 0.002070
v -0.280083 0.026185 0.001043
v -0.278872 0.030077 0.000950
v -0.279841 0.016289 -0.001133
v -0.279561 0.020484 0.001163
v -0.278989 0.025624 0.004694
v -0.277757 0.030026 0.004301
v -0.277214 0.016998 -0.002208
v -0.276934 0.021193 0.000088
v -0.276362 0.026333 0.003619
v -0.275131 0.030735 0.003226
v -0.276386 0.012635 -0.003973
v -0.278026 0.019925 0.001740
v -0.278257 0.023735 0.003345
v -0.277761 0.031577 0.003171
v -0.272743 0.013770 -0.003979
v -0.274390 0.021123 0.001819
v -0.274622 0.025167 0.003308
v -0.274120 0.032948 0.003049
v -0.281862 0.013804 -0.000186
v -0.280438 0.018500 0.003188
v -0.278531 0.025703 0.005793
v -0.278720 0.030794 0.005231
v -0.279683 0.014004 -0.003443
v -0.278259 0.018700 -0.000069
v -0.276352 0.025904 0.002536
v -0.276541 0.030994 0.001974
v -0.278012 0.014921 0.012597
v -0.276958 0.024563 0.011869
v -0.276212 0.029740 0.008943
v -0.278485 0.033820 0.010839
v -0.281425 0.013476 0.011642
v -0.280371 0.023118 0.010914
v -0.279625 0.028295 0.007988
v -0.281898 0.032375 0.009885
v -0.267578 0.014483 0.007880
v -0.269641 0.018306 0.003445
v -0.273569 0.027952 0.005377
v -0.274869 0.035238 0.008850
v -0.270824 0.013553 0.009930
v -0.272887 0.017376 0.005496
v -0.276815 0.027022 0.007428
v -0.278284 0.034731 0.011756
v -0.284610 0.011560 0.005181
v -0.282051 0.016597 0.006149
v -0.278215 0.024395 0.005641
v -0.278920 0.030717 0.005565
v -0.285574 0.010619 0.001690
v -0.283015 0.015657 0.002658
v -0.279180 0.023455 0.002150
v -0.279885 0.029777 0.002074
v -0.281923 0.013191 0.025482
v -0.280747 0.019523 0.016666
v -0.278888 0.028073 0.009136
v -0.277631 0.032947 0.009249
v -0.284107 0.016715 0.027372
v -0.282867 0.023016 0.019210
v -0.282339 0.027711 0.010944
v -0.281147 0.032617 0.010404
v -0.283228 0.020447 0.017881
v -0.279348 0.024780 0.016948
v -0.274986 0.030567 0.013397
v -0.273736 0.034080 0.010392
v -0.283186 0.018682 0.014369
v -0.279306 0.023015 0.013436
v -0.274944 0.028802 0.009885
v -0.274362 0.032506 0.005737
v -0.284365 0.017666 0.019557
v -0.281277 0.026286 0.019674
v -0.279835 0.029836 0.018323
v -0.277831 0.035088 0.012236
v -0.281239 0.017332 0.017745
v -0.278151 0.025952 0.017863
v -0.276724 0.029637 0.016241
v -0.275357 0.035288 0.013172
v -0.283530 0.023759 0.019075
v -0.283382 0.024506 0.013994
v -0.283906 0.027247 0.010328
v -0.283366 0.029392 0.006903
v -0.285574 0.023476 0.019506
v -0.285426 0.024224 0.014426
v -0.285950 0.026964 0.010760
v -0.285410 0.029109 0.007334
v -0.271316 0.031065 0.022877
v -0.272523 0.031441 0.016414
v -0.274884 0.032578 0.009895
v -0.276028 0.033249 0.006578
v -0.274811 0.030627 0.023937
v -0.275004 0.029901 0.016577
v -0.276264 0.030244 0.010364
v -0.278510 0.031709 0.006741
v -0.263554 0.029699 0.032448
v -0.263164 0.032030 0.022708
v -0.269211 0.034267 0.014217
v -0.274270 0.036753 0.009261
v -0.266166 0.027072 0.031534
v -0.265778 0.029397 0.021768
v -0.272031 0.031770 0.013190
v -0.277088 0.034262 0.008258
v -0.273745 0.031206 0.023319
v -0.273262 0.029153 0.015632
v -0.276820 0.029391 0.008590
v -0.280419 0.031497 0.005878
v -0.274316 0.028163 0.023368
v -0.276597 0.028641 0.017723
v -0.280116 0.028836 0.010646
v -0.283715 0.030943 0.007934
v -0.269644 0.022998 0.033747
v -0.277880 0.026806 0.026555
v -0.282301 0.032414 0.020274
v -0.281384 0.035106 0.016047
v -0.267571 0.025665 0.035545
v -0.275806 0.029473 0.028353
v -0.280227 0.035082 0.022072
v -0.279311 0.037773 0.017844
v -0.270656 0.023700 0.034045
v -0.274485 0.028571 0.034432
v -0.276731 0.034931 0.026263
v -0.277704 0.037575 0.017755
v -0.267113 0.025317 0.033381
v -0.270941 0.030188 0.033768
v -0.273188 0.036547 0.025599
v -0.274160 0.039191 0.017091
v -0.270068 0.023586 0.029082
v -0.275474 0.022913 0.023268
v -0.283830 0.026699 0.014638
v -0.286460 0.030052 0.010591
v -0.271164 0.025325 0.032209
v -0.276570 0.024651 0.026394
v -0.284926 0.028437 0.017764
v -0.287556 0.031790 0.013718
v -0.261718 0.033134 0.040484
v -0.265170 0.036519 0.037514
v -0.270978 0.039410 0.027228
v -0.272055 0.042760 0.020828
v -0.259788 0.032135 0.037306
v -0.263240 0.035520 0.034336
v -0.269048 0.038411 0.024050
v -0.269055 0.043353 0.020246
v -0.266783 0.028423 0.034003
v -0.269879 0.031001 0.029473
v -0.271050 0.035477 0.017775
v -0.271514 0.039851 0.012457
v -0.263183 0.029863 0.033292
v -0.266279 0.032441 0.028762
v -0.267450 0.036916 0.017064
v -0.267914 0.041291 0.011746
v -0.251729 0.040038 0.029252
v -0.254291 0.040845 0.019830
v -0.256080 0.041267 0.016914
v -0.259731 0.043383 0.011872
v -0.254757 0.037766 0.029730
v -0.257318 0.038572 0.020308
v -0.259316 0.039147 0.017348
v -0.262967 0.041263 0.012306
v -0.248205 0.042319 0.024032
v -0.251493 0.041066 0.019228
v -0.257158 0.040809 0.013737
v -0.260967 0.043107 0.011216
v -0.250660 0.042630 0.027077
v -0.253949 0.041377 0.022272
v -0.259614 0.041120 0.016781
v -0.263123 0.042825 0.014083
v -0.247389 0.032731 0.014900
v -0.255263 0.035823 0.010216
v -0.260040 0.038592 0.010288
v -0.261287 0.040561 0.006238
v -0.244566 0.035266 0.015402
v -0.252440 0.038358 0.010718
v -0.257217 0.041126 0.010790
v -0.258385 0.043277 0.006426
v -0.246345 0.040717 0.009431
v -0.250676 0.040175 0.010968
v -0.256173 0.041663 0.013202
v -0.259089 0.044785 0.013782
v -0.244882 0.042510 0.011222
v -0.249212 0.041968 0.012758
v -0.254709 0.043457 0.014992
v -0.257625 0.046578 0.015572
v -0.248363 0.036154 0.002519
v -0.248872 0.040143 0.004377
v -0.249796 0.042989 0.005542
v -0.253071 0.046000 0.004192
v -0.247312 0.036468 0.000659
v -0.247821 0.040457 0.002517
v -0.249823 0.043505 0.001658
v -0.252020 0.046314 0.002331
v -0.254736 0.014388 -0.014982
v -0.255139 0.020429 -0.014683
v -0.258025 0.031232 -0.008920
v -0.261343 0.037014 -0.007134
v -0.257874 0.013373 -0.012823
v -0.258278 0.019414 -0.012524
v -0.261163 0.030217 -0.006761
v -0.264482 0.035999 -0.004975
v -0.257830 0.032528 0.005847
v -0.258027 0.036587 0.008140
v -0.258127 0.042391 0.009908
v -0.258437 0.045464 0.011109
v -0.256814 0.034635 0.005231
v -0.255777 0.037353 0.006433
v -0.255880 0.043164 0.008184
v -0.256187 0.046229 0.009402
v -0.256418 0.029652 -0.001890
v -0.254709 0.033318 -0.003698
v -0.255700 0.038127 -0.004578
v -0.255595 0.041727 -0.004767
v -0.257786 0.028826 -0.003343
v -0.256077 0.032492 -0.005150
v -0.257068 0.037301 -0.006031
v -0.256964 0.040902 -0.006220
v -0.259094 0.018359 0.000084
v -0.258332 0.025278 0.005421
v -0.257809 0.037888 0.009120
v -0.259645 0.043648 0.010201
v -0.256654 0.019163 -0.002798
v -0.256467 0.027418 -0.000564
v -0.255456 0.038272 0.005717
v -0.257205 0.044452 0.007319
v -0.253229 0.018766 0.001161
v -0.250894 0.025471 -0.001395
v -0.255357 0.034654 -0.000381
v -0.257727 0.040423 0.001700
v -0.256263 0.017072 -0.000538
v -0.253928 0.023777 -0.003095
v -0.258392 0.032959 -0.002080
v -0.263104 0.038386 0.001077
v -0.256178 0.016467 0.000055
v -0.255594 0.027371 0.003600
v -0.257649 0.037728 0.004819
v -0.261220 0.040322 0.005254
v -0.256837 0.015716 -0.003524
v -0.256253 0.026619 0.000022
v -0.258309 0.036976 0.001240
v -0.261673 0.039576 0.001719
v -0.261042 0.025791 -0.002042
v -0.262604 0.027750 0.001424
v -0.264616 0.033680 0.006516
v -0.265268 0.038295 0.008132
v -0.258895 0.026338 -0.000566
v -0.259137 0.029492 0.001540
v -0.261033 0.035295 0.006529
v -0.261938 0.039404 0.008426
v -0.257331 0.015308 -0.010777
v -0.264166 0.020479 -0.006724
v -0.265455 0.029810 -0.001725
v -0.266015 0.036917 0.000814
v -0.255764 0.016192 -0.007626
v -0.262600 0.021363 -0.003574
v -0.263824 0.030990 0.001436
v -0.266194 0.036759 0.003517
v -0.260403 0.028883 0.000354
v -0.257770 0.033272 0.000802
v -0.257481 0.038834 0.000949
v -0.256954 0.042773 0.001860
v -0.260564 0.028575 -0.001725
v -0.257932 0.032965 -0.001277
v -0.257642 0.038526 -0.001130
v -0.257115 0.042466 -0.000219
v -0.261519 0.027555 0.001088
v -0.262656 0.031221 0.003955
v -0.264514 0.037088 0.009286
v -0.263842 0.041528 0.009909
v -0.257730 0.030135 0.000104
v -0.259978 0.032399 0.003942
v -0.261837 0.038267 0.009274
v -0.261164 0.042708 0.009896
v -0.260693 0.016070 -0.004077
v -0.265938 0.022282 0.002141
v -0.266339 0.031830 0.005309
v -0.266358 0.039158 0.006161
v -0.257465 0.017560 -0.002689
v -0.262710 0.023771 0.003529
v -0.263115 0.033572 0.006624
v -0.265485 0.039341 0.008704
v -0.259463 0.028069 0.001961
v -0.259006 0.032784 0.005862
v -0.259206 0.039492 0.010019
v -0.260061 0.044540 0.010214
v -0.255311 0.027839 -0.001194
v -0.256132 0.034008 0.003723
v -0.256187 0.040558 0.007750
v -0.257042 0.045606 0.007945
v -0.251632 0.017423 -0.003210
v -0.251539 0.027747 -0.002436
v -0.255010 0.036585 -0.002100
v -0.258849 0.039277 -0.000109
v -0.254296 0.015845 -0.005460
v -0.254202 0.026170 -0.004687
v -0.257673 0.035007 -0.004351
v -0.261513 0.037699 -0.002359
v -0.251508 0.018222 -0.004074
v -0.252688 0.022607 -0.008307
v -0.258542 0.031218 -0.006359
v -0.262504 0.037717 -0.001682
v -0.255033 0.016571 -0.003396
v -0.256212 0.020956 -0.007629
v -0.262067 0.029567 -0.005681
v -0.266015 0.036060 -0.001026
v -0.253337 0.020538 -0.000038
v -0.251335 0.027883 0.003209
v -0.251724 0.040350 0.005096
v -0.253860 0.045815 0.005482
v -0.253003 0.020209 -0.003750
v -0.251001 0.027553 -0.000503
v -0.251390 0.040020 0.001384
v -0.253526 0.045485 0.001770
v -0.261865 0.011411 -0.011603
v -0.263538 0.016740 -0.012044
v -0.265342 0.027917 -0.007603
v -0.268799 0.033703 -0.005210
v -0.263261 0.011423 -0.008015
v -0.264934 0.016753 -0.008456
v -0.266738 0.027929 -0.004015
v -0.270195 0.033715 -0.001622
v -0.255193 0.036105 0.007012
v -0.259670 0.035985 0.005119
v -0.262996 0.036866 0.003915
v -0.264751 0.039537 0.003701
v -0.256047 0.036513 0.009056
v -0.260524 0.036393 0.007163
v -0.264225 0.038219 0.006372
v -0.265614 0.039967 0.005755
v -0.261428 0.034329 0.016314
v -0.259816 0.036260 0.013303
v -0.260375 0.038877 0.009201
v -0.261421 0.040633 0.007337
v -0.264531 0.033655 0.016125
v -0.261949 0.034532 0.012256
v -0.262509 0.037149 0.008154
v -0.265743 0.039233 0.006480
v -0.256134 0.026532 0.020699
v -0.255423 0.032751 0.015701
v -0.261259 0.037396 0.011590
v -0.266745 0.041339 0.009922
v -0.257971 0.024198 0.018114
v -0.257258 0.030421 0.013094
v -0.263339 0.035214 0.009018
v -0.268827 0.039153 0.007373
v -0.255899 0.035025 0.014659
v -0.256544 0.036669 0.010291
v -0.259260 0.039039 0.005858
v -0.261813 0.041343 0.005987
v -0.259364 0.033403 0.015626
v -0.260010 0.035047 0.011258
v -0.262726 0.037417 0.006825
v -0.265648 0.039949 0.007222
v -0.252077 0.021733 0.002739
v -0.260128 0.026844 0.000616
v -0.265916 0.034882 0.000078
v -0.264101 0.038293 -0.000787
v -0.250901 0.023705 0.005955
v -0.258952 0.028816 0.003831
v -0.264741 0.036854 0.003293
v -0.262925 0.040265 0.002429
v -0.257509 0.021759 0.013162
v -0.261384 0.026070 0.013423
v -0.267219 0.032523 0.008373
v -0.269090 0.038050 0.006519
v -0.254885 0.022250 0.010268
v -0.258760 0.026561 0.010530
v -0.264595 0.033014 0.005480
v -0.266466 0.038541 0.003626
v -0.249977 0.033900 0.010154
v -0.253179 0.034853 0.006694
v -0.259745 0.036475 0.002905
v -0.262353 0.040152 0.002638
v -0.251950 0.034198 0.013564
v -0.255152 0.035151 0.010104
v -0.261719 0.036773 0.006314
v -0.264338 0.040502 0.006079
v -0.259183 0.016846 0.001304
v -0.264644 0.021014 0.005079
v -0.268030 0.030190 0.004070
v -0.268956 0.036073 0.000129
v -0.255919 0.018933 0.002076
v -0.261379 0.023101 0.005851
v -0.264765 0.032277 0.004842
v -0.265692 0.038160 0.000901
v -0.270829 0.021309 0.026816
v -0.270447 0.030297 0.023108
v -0.272599 0.037389 0.017269
v -0.276492 0.038027 0.016356
v -0.272005 0.019337 0.023600
v -0.271622 0.028324 0.019893
v -0.273775 0.035417 0.014053
v -0.277668 0.036055 0.013140
v -0.264376 0.019648 0.017023
v -0.265153 0.023933 0.013189
v -0.267965 0.033460 0.011599
v -0.271492 0.037909 0.009308
v -0.267202 0.019530 0.019761
v -0.267979 0.023815 0.015927
v -0.270791 0.033343 0.014337
v -0.274318 0.037791 0.012046
v -0.278856 0.019919 0.014745
v -0.278741 0.024542 0.015848
v -0.277106 0.031502 0.015927
v -0.278307 0.036555 0.012873
v -0.276845 0.019551 0.011365
v -0.276730 0.024174 0.012468
v -0.275095 0.031134 0.012546
v -0.276296 0.036187 0.009492
v -0.304844 0.002224 0.028395
v -0.307918 0.007342 0.029445
v -0.316517 0.014253 0.035489
v -0.322354 0.017642 0.036931
v -0.307627 -0.000442 0.029226
v -0.310700 0.004677 0.030277
v -0.319300 0.011587 0.036321
v -0.325136 0.014977 0.037763
v -0.325436 0.001859 0.042036
v -0.327419 0.004991 0.042428
v -0.329027 0.009584 0.041336
v -0.330473 0.011808 0.041451
v -0.323186 0.003630 0.041374
v -0.325169 0.006761 0.041765
v -0.326777 0.011355 0.040673
v -0.328223 0.013578 0.040789
v -0.329651 -0.004037 0.039085
v -0.327863 0.000609 0.037820
v -0.327872 0.004659 0.036960
v -0.328573 0.009118 0.036700
v -0.330319 -0.004859 0.037263
v -0.328530 -0.000213 0.035997
v -0.329255 0.004220 0.034970
v -0.329240 0.008296 0.034877
v -0.326117 -0.005169 0.032794
v -0.327082 -0.001076 0.035090
v -0.328044 0.004005 0.038621
v -0.328160 0.008575 0.038228
v -0.323815 -0.003720 0.031719
v -0.324779 0.000373 0.034015
v -0.325742 0.005454 0.037545
v -0.325857 0.010024 0.037153
v -0.321742 -0.007648 0.029954
v -0.325450 -0.001160 0.035667
v -0.326790 0.002414 0.037272
v -0.328619 0.010056 0.037098
v -0.318594 -0.005492 0.029948
v -0.322326 0.001052 0.035746
v -0.323736 0.004850 0.037235
v -0.325540 0.012436 0.036976
v -0.327320 -0.008138 0.033741
v -0.327337 -0.003230 0.037115
v -0.327630 0.004215 0.039720
v -0.329306 0.009025 0.039158
v -0.325296 -0.007306 0.030484
v -0.325313 -0.002399 0.033858
v -0.325606 0.005047 0.036462
v -0.327282 0.009857 0.035901
v -0.323968 -0.005939 0.046524
v -0.325792 0.003587 0.045796
v -0.326598 0.008755 0.042870
v -0.329969 0.011987 0.044766
v -0.326806 -0.008323 0.045569
v -0.328630 0.001204 0.044841
v -0.329437 0.006371 0.041915
v -0.332807 0.009604 0.043811
v -0.313865 -0.003294 0.041807
v -0.316959 -0.000245 0.037372
v -0.323547 0.007822 0.039304
v -0.326929 0.014405 0.042776
v -0.316695 -0.005137 0.043857
v -0.319790 -0.002088 0.039423
v -0.326377 0.005980 0.041355
v -0.330045 0.012918 0.045683
v -0.329287 -0.011090 0.039107
v -0.328321 -0.005523 0.040076
v -0.326944 0.003058 0.039568
v -0.329474 0.008894 0.039492
v -0.329933 -0.012272 0.035617
v -0.328967 -0.006705 0.036585
v -0.327590 0.001875 0.036077
v -0.330120 0.007712 0.036001
v -0.327198 -0.008742 0.059409
v -0.327934 -0.002343 0.050593
v -0.328667 0.006376 0.043063
v -0.328897 0.011404 0.043176
v -0.330321 -0.006014 0.061299
v -0.330986 0.000373 0.053136
v -0.331860 0.005016 0.044871
v -0.332161 0.010056 0.044331
v -0.330576 -0.002189 0.051808
v -0.328140 0.003092 0.050875
v -0.325669 0.009906 0.047323
v -0.325506 0.013631 0.044318
v -0.330018 -0.003864 0.048296
v -0.327582 0.001417 0.047363
v -0.325111 0.008231 0.043812
v -0.325642 0.011942 0.039664
v -0.330846 -0.005181 0.053483
v -0.330425 0.003966 0.053601
v -0.330089 0.007782 0.052249
v -0.329717 0.013392 0.046162
v -0.327760 -0.004583 0.051672
v -0.327340 0.004564 0.051790
v -0.327058 0.008505 0.050168
v -0.327411 0.014310 0.047099
v -0.331838 0.000888 0.053002
v -0.331916 0.001647 0.047921
v -0.333221 0.004112 0.044255
v -0.333334 0.006321 0.040830
v -0.333709 0.000018 0.053433
v -0.333787 0.000776 0.048352
v -0.335092 0.003242 0.044686
v -0.335205 0.005451 0.041261
v -0.322308 0.011459 0.056804
v -0.323572 0.011465 0.050341
v -0.326162 0.011858 0.043822
v -0.327453 0.012163 0.040505
v -0.325519 0.010014 0.057864
v -0.325491 0.009263 0.050504
v -0.326797 0.009222 0.044291
v -0.329373 0.009962 0.040668
v -0.314486 0.012433 0.066375
v -0.314798 0.014776 0.056634
v -0.321235 0.015138 0.048144
v -0.326801 0.016029 0.043188
v -0.316212 0.009155 0.065460
v -0.316524 0.011491 0.055695
v -0.323198 0.011923 0.047117
v -0.328764 0.012820 0.042185
v -0.324671 0.010881 0.057246
v -0.323606 0.009060 0.049559
v -0.327077 0.008242 0.042517
v -0.331136 0.009199 0.039805
v -0.324324 0.007804 0.057295
v -0.326643 0.007591 0.051650
v -0.330065 0.006745 0.044573
v -0.334123 0.007702 0.041861
v -0.318341 0.004238 0.067674
v -0.327332 0.005460 0.060482
v -0.333204 0.009523 0.054201
v -0.333119 0.012366 0.049974
v -0.317142 0.007397 0.069471
v -0.326133 0.008619 0.062280
v -0.332005 0.012682 0.055999
v -0.331920 0.015524 0.051771
v -0.319514 0.004613 0.067971
v -0.324605 0.008145 0.068358
v -0.328619 0.013565 0.060190
v -0.330325 0.015806 0.051682
v -0.316602 0.007198 0.067308
v -0.321692 0.010730 0.067695
v -0.325706 0.016150 0.059526
v -0.327412 0.018392 0.051018
v -0.318919 0.004677 0.063009
v -0.323889 0.002446 0.057194
v -0.332988 0.003611 0.048564
v -0.336487 0.006044 0.044518
v -0.320477 0.006016 0.066136
v -0.325447 0.003785 0.060321
v -0.334546 0.004950 0.051691
v -0.338045 0.007383 0.047645
v -0.313740 0.016255 0.074410
v -0.318034 0.018478 0.071441
v -0.324435 0.019536 0.061155
v -0.326448 0.022422 0.054755
v -0.311602 0.015867 0.071233
v -0.315896 0.018089 0.068263
v -0.322296 0.019147 0.057977
v -0.323754 0.023870 0.054173
v -0.317199 0.010265 0.067929
v -0.320915 0.011820 0.063400
v -0.323349 0.015754 0.051702
v -0.325077 0.019800 0.046384
v -0.314180 0.012698 0.067219
v -0.317896 0.014254 0.062689
v -0.320330 0.018188 0.050991
v -0.322058 0.022233 0.045673
v -0.306219 0.025788 0.063179
v -0.308905 0.025807 0.053757
v -0.310739 0.025685 0.050841
v -0.314851 0.026636 0.045799
v -0.308446 0.022727 0.063657
v -0.311131 0.022745 0.054235
v -0.313210 0.022708 0.051275
v -0.317322 0.023659 0.046233
v -0.303519 0.029003 0.057959
v -0.306295 0.026840 0.053154
v -0.311635 0.024931 0.047663
v -0.315951 0.026010 0.045143
v -0.305958 0.028579 0.061004
v -0.308734 0.026417 0.056199
v -0.314074 0.024507 0.050708
v -0.317929 0.025107 0.048009
v -0.299924 0.020078 0.048827
v -0.308360 0.020721 0.044143
v -0.313738 0.021965 0.044215
v -0.315509 0.023482 0.040165
v -0.297970 0.023329 0.049329
v -0.306405 0.023973 0.044645
v -0.311784 0.025217 0.044717
v -0.313532 0.026930 0.040353
v -0.301272 0.028018 0.043358
v -0.305252 0.026228 0.044895
v -0.310944 0.026037 0.047128
v -0.314648 0.028164 0.047709
v -0.300399 0.030162 0.045148
v -0.304380 0.028372 0.046685
v -0.310072 0.028181 0.048918
v -0.313775 0.030309 0.049499
v -0.301861 0.023064 0.036446
v -0.303518 0.026728 0.038304
v -0.305238 0.029176 0.039468
v -0.309253 0.031093 0.038118
v -0.300948 0.023672 0.034586
v -0.302606 0.027336 0.036444
v -0.305415 0.029662 0.035584
v -0.308340 0.031702 0.036258
v -0.301561 0.000386 0.018945
v -0.303721 0.006042 0.019244
v -0.309651 0.015522 0.025006
v -0.314521 0.020074 0.026793
v -0.304263 -0.001506 0.021104
v -0.306423 0.004151 0.021403
v -0.312353 0.013630 0.027166
v -0.317223 0.018183 0.028952
v -0.309846 0.016818 0.039773
v -0.311226 0.020640 0.042067
v -0.313025 0.026159 0.043834
v -0.314224 0.029005 0.045036
v -0.309493 0.019130 0.039158
v -0.309300 0.022033 0.040359
v -0.311105 0.027557 0.042110
v -0.312298 0.030398 0.043328
v -0.307651 0.014483 0.032037
v -0.307094 0.018489 0.030229
v -0.309453 0.022795 0.029349
v -0.310411 0.026268 0.029160
v -0.308716 0.013292 0.030584
v -0.308160 0.017298 0.028776
v -0.310519 0.021604 0.027896
v -0.311476 0.025076 0.027707
v -0.306893 0.002902 0.034011
v -0.308196 0.009740 0.039348
v -0.311399 0.021947 0.043047
v -0.314846 0.026915 0.044128
v -0.304797 0.004387 0.031128
v -0.307042 0.012333 0.033363
v -0.309263 0.023006 0.039644
v -0.312750 0.028400 0.041246
v -0.301407 0.005014 0.035088
v -0.301143 0.012109 0.032532
v -0.308106 0.019576 0.033546
v -0.312066 0.024395 0.035626
v -0.303809 0.002503 0.033388
v -0.303546 0.009598 0.030832
v -0.310509 0.017065 0.031846
v -0.316607 0.020869 0.035004
v -0.303550 0.001950 0.033982
v -0.306194 0.012545 0.037527
v -0.311200 0.021842 0.038746
v -0.315374 0.023273 0.039181
v -0.303960 0.001038 0.030403
v -0.306603 0.011633 0.033948
v -0.311609 0.020930 0.035167
v -0.315589 0.022426 0.035645
v -0.310938 0.009434 0.031884
v -0.313006 0.010848 0.035351
v -0.316671 0.015926 0.040443
v -0.318649 0.020146 0.042059
v -0.309046 0.010587 0.033360
v -0.310204 0.013531 0.035467
v -0.313720 0.018522 0.040456
v -0.315792 0.022184 0.042353
v -0.304312 0.000504 0.023150
v -0.312364 0.003439 0.027202
v -0.316337 0.011981 0.032202
v -0.318958 0.018610 0.034741
v -0.303074 0.001809 0.026301
v -0.311127 0.004744 0.030353
v -0.315124 0.013587 0.035363
v -0.319083 0.018406 0.037444
v -0.311234 0.012578 0.034281
v -0.310007 0.017547 0.034729
v -0.311363 0.022948 0.034876
v -0.312016 0.026868 0.035787
v -0.311298 0.012237 0.032202
v -0.310071 0.017205 0.032650
v -0.311427 0.022607 0.032797
v -0.312080 0.026527 0.033708
v -0.311912 0.010981 0.035014
v -0.314075 0.014151 0.037882
v -0.317575 0.019214 0.043213
v -0.318236 0.023656 0.043836
v -0.309047 0.014560 0.034030
v -0.311861 0.016064 0.037869
v -0.315361 0.021127 0.043201
v -0.316021 0.025570 0.043823
v -0.307749 0.000245 0.029850
v -0.314587 0.004642 0.036068
v -0.317775 0.013652 0.039236
v -0.319944 0.020652 0.040088
v -0.305102 0.002617 0.031238
v -0.311939 0.007014 0.037456
v -0.315204 0.016264 0.040551
v -0.319164 0.021083 0.042631
v -0.310097 0.012076 0.035888
v -0.311045 0.016717 0.039789
v -0.313206 0.023070 0.043946
v -0.315505 0.027645 0.044141
v -0.306060 0.013075 0.032732
v -0.308657 0.018731 0.037649
v -0.310633 0.024976 0.041677
v -0.312932 0.029551 0.041872
v -0.299486 0.004198 0.030717
v -0.302428 0.014095 0.031490
v -0.308341 0.021524 0.031826
v -0.312802 0.022970 0.033818
v -0.301568 0.001908 0.028467
v -0.304511 0.011805 0.029240
v -0.310423 0.019233 0.029576
v -0.314884 0.020680 0.031568
v -0.299602 0.004999 0.029852
v -0.302017 0.008844 0.025620
v -0.310142 0.015356 0.027568
v -0.315838 0.020406 0.032245
v -0.302486 0.002386 0.030531
v -0.304901 0.006231 0.026298
v -0.313026 0.012743 0.028246
v -0.318707 0.017790 0.032901
v -0.302030 0.006676 0.033889
v -0.302273 0.014284 0.037136
v -0.306306 0.026088 0.039023
v -0.309952 0.030684 0.039408
v -0.301614 0.006459 0.030177
v -0.301856 0.014067 0.033424
v -0.305890 0.025871 0.035311
v -0.309536 0.030467 0.035696
v -0.307502 -0.004553 0.022324
v -0.310666 0.000050 0.021883
v -0.315672 0.010204 0.026324
v -0.320676 0.014720 0.028717
v -0.308840 -0.004951 0.025912
v -0.312004 -0.000348 0.025471
v -0.317010 0.009806 0.029912
v -0.322014 0.014322 0.032305
v -0.308376 0.021012 0.040939
v -0.312620 0.019582 0.039046
v -0.316058 0.019447 0.037842
v -0.318520 0.021485 0.037628
v -0.309311 0.021151 0.042983
v -0.313556 0.019722 0.041090
v -0.317630 0.020380 0.040299
v -0.319471 0.021644 0.039682
v -0.313814 0.017483 0.050241
v -0.312839 0.019802 0.047230
v -0.314142 0.022139 0.043128
v -0.315658 0.023511 0.041264
v -0.316582 0.015928 0.050052
v -0.314372 0.017524 0.046183
v -0.315675 0.019861 0.042081
v -0.319378 0.020903 0.040407
v -0.306464 0.011584 0.054626
v -0.307611 0.017738 0.049628
v -0.314552 0.020465 0.045516
v -0.320955 0.022622 0.043849
v -0.307534 0.008814 0.052041
v -0.308680 0.014971 0.047021
v -0.315900 0.017768 0.042945
v -0.322303 0.019921 0.041300
v -0.308733 0.019772 0.048585
v -0.309832 0.021154 0.044217
v -0.313124 0.022622 0.039785
v -0.316241 0.024075 0.039914
v -0.311569 0.017203 0.049553
v -0.312669 0.018585 0.045184
v -0.315961 0.020053 0.040752
v -0.319498 0.021616 0.041149
v -0.301176 0.008188 0.036666
v -0.310373 0.010709 0.034543
v -0.318267 0.016693 0.034005
v -0.317533 0.020487 0.033140
v -0.300631 0.010418 0.039882
v -0.309828 0.012940 0.037758
v -0.317722 0.018924 0.037220
v -0.316988 0.022718 0.036356
v -0.306376 0.006617 0.047088
v -0.311346 0.009601 0.047350
v -0.318820 0.014056 0.042300
v -0.322231 0.018790 0.040446
v -0.304012 0.007858 0.044195
v -0.308982 0.010841 0.044457
v -0.316456 0.015296 0.039407
v -0.319867 0.020030 0.037553
v -0.302742 0.020435 0.044081
v -0.306082 0.020406 0.040621
v -0.312836 0.020028 0.036831
v -0.316408 0.022777 0.036565
v -0.304715 0.020141 0.047491
v -0.308056 0.020111 0.044031
v -0.314809 0.019734 0.040241
v -0.318408 0.022529 0.040006
v -0.306534 0.001429 0.035231
v -0.312978 0.003811 0.039006
v -0.318910 0.011588 0.037997
v -0.321522 0.016939 0.034056
v -0.304026 0.004383 0.036002
v -0.310470 0.006765 0.039777
v -0.316402 0.014542 0.038769
v -0.319014 0.019893 0.034828
v -0.318977 0.002276 0.060743
v -0.321251 0.010980 0.057035
v -0.325391 0.017128 0.051196
v -0.329300 0.016595 0.050283
v -0.319522 0.000045 0.057527
v -0.321796 0.008749 0.053820
v -0.325936 0.014897 0.047980
v -0.329845 0.014364 0.047067
v -0.312321 0.002583 0.050950
v -0.314322 0.006451 0.047116
v -0.319807 0.014733 0.045526
v -0.324485 0.017950 0.043235
v -0.314988 0.001640 0.053688
v -0.316989 0.005509 0.049854
v -0.322474 0.013791 0.048264
v -0.327152 0.017007 0.045973
v -0.326242 -0.001410 0.048672
v -0.327490 0.003043 0.049775
v -0.327970 0.010177 0.049854
v -0.330603 0.014654 0.046800
v -0.324212 -0.001171 0.045292
v -0.325460 0.003282 0.046395
v -0.325940 0.010416 0.046473
v -0.328572 0.014893 0.043419
v -0.264443 0.024051 0.028395
v -0.265878 0.029846 0.029445
v -0.272069 0.038977 0.035489
v -0.276653 0.043931 0.036931
v -0.267886 0.022320 0.029226
v -0.269321 0.028115 0.030277
v -0.275512 0.037246 0.036321
v -0.280096 0.042200 0.037763
v -0.284234 0.029749 0.042036
v -0.285210 0.033325 0.042428
v -0.285398 0.038188 0.041336
v -0.286128 0.040738 0.041451
v -0.281563 0.030781 0.041374
v -0.282539 0.034356 0.041765
v -0.282727 0.039220 0.040673
v -0.283457 0.041770 0.040789
v -0.289995 0.025350 0.039085
v -0.286921 0.029267 0.037820
v -0.285740 0.033141 0.036960
v -0.285101 0.037609 0.036700
v -0.290875 0.024761 0.037263
v -0.287800 0.028677 0.035997
v -0.287192 0.033127 0.034970
v -0.285981 0.037019 0.034877
v -0.286949 0.023231 0.032794
v -0.286669 0.027426 0.035090
v -0.286097 0.032566 0.038621
v -0.284866 0.036969 0.038228
v -0.284323 0.023940 0.031719
v -0.284043 0.028135 0.034015
v -0.283471 0.033275 0.037545
v -0.282239 0.037678 0.037153
v -0.283495 0.019577 0.029954
v -0.285134 0.026867 0.035667
v -0.285365 0.030677 0.037272
v -0.284870 0.038519 0.037098
v -0.279852 0.020712 0.029948
v -0.281498 0.028065 0.035746
v -0.281731 0.032109 0.037235
v -0.281228 0.039890 0.036976
v -0.288971 0.020746 0.033741
v -0.287546 0.025442 0.037115
v -0.285640 0.032646 0.039720
v -0.285829 0.037736 0.039158
v -0.286792 0.020947 0.030484
v -0.285367 0.025643 0.033858
v -0.283460 0.032846 0.036462
v -0.283650 0.037936 0.035901
v -0.285121 0.021864 0.046524
v -0.284067 0.031505 0.045796
v -0.283321 0.036682 0.042870
v -0.285593 0.040762 0.044766
v -0.288534 0.020419 0.045569
v -0.287480 0.030060 0.044841
v -0.286733 0.035237 0.041915
v -0.289006 0.039317 0.043811
v -0.274686 0.021425 0.041807
v -0.276749 0.025248 0.037372
v -0.280677 0.034895 0.039304
v -0.281977 0.042181 0.042776
v -0.277933 0.020495 0.043857
v -0.279996 0.024318 0.039423
v -0.283924 0.033964 0.041355
v -0.285393 0.041673 0.045683
v -0.291718 0.018502 0.039107
v -0.289159 0.023540 0.040076
v -0.285324 0.031337 0.039568
v -0.286029 0.037660 0.039492
v -0.292683 0.017561 0.035617
v -0.290124 0.022599 0.036585
v -0.286288 0.030397 0.036077
v -0.286994 0.036719 0.036001
v -0.289032 0.020133 0.059409
v -0.287856 0.026465 0.050593
v -0.285996 0.035015 0.043063
v -0.284740 0.039889 0.043176
v -0.291216 0.023658 0.061299
v -0.289976 0.029958 0.053136
v -0.289448 0.034654 0.044871
v -0.288256 0.039559 0.044331
v -0.290337 0.027389 0.051808
v -0.286457 0.031722 0.050875
v -0.282094 0.037509 0.047323
v -0.280845 0.041022 0.044318
v -0.290295 0.025624 0.048296
v -0.286415 0.029957 0.047363
v -0.282053 0.035744 0.043812
v -0.281471 0.039448 0.039664
v -0.291473 0.024608 0.053483
v -0.288385 0.033228 0.053601
v -0.286943 0.036778 0.052249
v -0.284939 0.042031 0.046162
v -0.288348 0.024274 0.051672
v -0.285260 0.032894 0.051790
v -0.283833 0.036579 0.050168
v -0.282466 0.042231 0.047099
v -0.290639 0.030701 0.053002
v -0.290491 0.031449 0.047921
v -0.291015 0.034189 0.044255
v -0.290474 0.036334 0.040830
v -0.292683 0.030418 0.053433
v -0.292535 0.031166 0.048352
v -0.293059 0.033906 0.044686
v -0.292518 0.036051 0.041261
v -0.278425 0.038007 0.056804
v -0.279631 0.038384 0.050341
v -0.281992 0.039520 0.043822
v -0.283137 0.040191 0.040505
v -0.281919 0.037569 0.057864
v -0.282113 0.036843 0.050504
v -0.283373 0.037187 0.044291
v -0.285618 0.038651 0.040668
v -0.270662 0.036642 0.066375
v -0.270272 0.038972 0.056634
v -0.276320 0.041209 0.048144
v -0.281378 0.043695 0.043188
v -0.273274 0.034015 0.065460
v -0.272886 0.036340 0.055695
v -0.279140 0.038712 0.047117
v -0.284197 0.041204 0.042185
v -0.280853 0.038148 0.057246
v -0.280370 0.036095 0.049559
v -0.283928 0.036333 0.042517
v -0.287527 0.038439 0.039805
v -0.281425 0.035106 0.057295
v -0.283705 0.035583 0.051650
v -0.287224 0.035778 0.044573
v -0.290823 0.037885 0.041861
v -0.276753 0.029940 0.067674
v -0.284989 0.033748 0.060482
v -0.289409 0.039356 0.054201
v -0.288493 0.042048 0.049974
v -0.274679 0.032607 0.069471
v -0.282915 0.036416 0.062280
v -0.287336 0.042024 0.055999
v -0.286419 0.044716 0.051771
v -0.277765 0.030643 0.067971
v -0.281594 0.035513 0.068358
v -0.283840 0.041873 0.060190
v -0.284812 0.044517 0.051682
v -0.274221 0.032259 0.067308
v -0.278050 0.037130 0.067695
v -0.280296 0.043489 0.059526
v -0.281269 0.046133 0.051018
v -0.277177 0.030529 0.063009
v -0.282583 0.029855 0.057194
v -0.290938 0.033641 0.048564
v -0.293569 0.036994 0.044518
v -0.278273 0.032267 0.066136
v -0.283679 0.031593 0.060321
v -0.292035 0.035379 0.051691
v -0.294665 0.038732 0.047645
v -0.268827 0.040076 0.074410
v -0.272279 0.043462 0.071441
v -0.278086 0.046352 0.061155
v -0.279164 0.049702 0.054755
v -0.266897 0.039077 0.071233
v -0.270349 0.042462 0.068263
v -0.276157 0.045353 0.057977
v -0.276163 0.050295 0.054173
v -0.273892 0.035365 0.067929
v -0.276988 0.037944 0.063400
v -0.278159 0.042419 0.051702
v -0.278623 0.046793 0.046384
v -0.270291 0.036805 0.067219
v -0.273387 0.039383 0.062689
v -0.274558 0.043858 0.050991
v -0.275022 0.048233 0.045673
v -0.258838 0.046981 0.063179
v -0.261400 0.047787 0.053757
v -0.263189 0.048209 0.050841
v -0.266840 0.050326 0.045799
v -0.261865 0.044708 0.063657
v -0.264427 0.045514 0.054235
v -0.266425 0.046089 0.051275
v -0.270076 0.048205 0.046233
v -0.255313 0.049261 0.057959
v -0.258601 0.048008 0.053154
v -0.264266 0.047751 0.047663
v -0.268076 0.050050 0.045143
v -0.257769 0.049572 0.061004
v -0.261057 0.048319 0.056199
v -0.266722 0.048062 0.050708
v -0.270231 0.049767 0.048009
v -0.254497 0.039673 0.048827
v -0.262372 0.042765 0.044143
v -0.267148 0.045534 0.044215
v -0.268396 0.047503 0.040165
v -0.251674 0.042208 0.049329
v -0.259549 0.045300 0.044645
v -0.264325 0.048069 0.044717
v -0.265494 0.050219 0.040353
v -0.253454 0.047659 0.043358
v -0.257785 0.047117 0.044895
v -0.263282 0.048606 0.047128
v -0.266197 0.051727 0.047709
v -0.251990 0.049452 0.045148
v -0.256321 0.048910 0.046685
v -0.261818 0.050399 0.048918
v -0.264734 0.053520 0.049499
v -0.255472 0.043096 0.036446
v -0.255980 0.047085 0.038304
v -0.256905 0.049931 0.039468
v -0.260180 0.052942 0.038118
v -0.254421 0.043410 0.034586
v -0.254929 0.047399 0.036444
v -0.256931 0.050447 0.035584
v -0.259129 0.053256 0.036258
v -0.261844 0.021330 0.018945
v -0.262248 0.027371 0.019244
v -0.265133 0.038174 0.025006
v -0.268452 0.043956 0.026793
v -0.264983 0.020315 0.021104
v -0.265387 0.026356 0.021403
v -0.268272 0.037160 0.027166
v -0.271590 0.042941 0.028952
v -0.264939 0.039470 0.039773
v -0.265135 0.043530 0.042067
v -0.265235 0.049333 0.043834
v -0.265545 0.052406 0.045036
v -0.263923 0.041577 0.039158
v -0.262885 0.044295 0.040359
v -0.262989 0.050106 0.042110
v -0.263295 0.053172 0.043328
v -0.263526 0.036594 0.032037
v -0.261818 0.040260 0.030229
v -0.262808 0.045069 0.029349
v -0.262704 0.048669 0.029160
v -0.264895 0.035768 0.030584
v -0.263186 0.039434 0.028776
v -0.264177 0.044244 0.027896
v -0.264072 0.047844 0.027707
v -0.266202 0.025301 0.034011
v -0.265440 0.032221 0.039348
v -0.264918 0.044830 0.043047
v -0.266753 0.050590 0.044128
v -0.263763 0.026105 0.031128
v -0.263575 0.034360 0.033363
v -0.262565 0.045215 0.039644
v -0.264314 0.051394 0.041246
v -0.260338 0.025709 0.035088
v -0.258002 0.032413 0.032532
v -0.262466 0.041596 0.033546
v -0.264836 0.047365 0.035626
v -0.263372 0.024015 0.033388
v -0.261036 0.030719 0.030832
v -0.265500 0.039902 0.031846
v -0.270212 0.045328 0.035004
v -0.263287 0.023409 0.033982
v -0.262702 0.034313 0.037527
v -0.264758 0.044670 0.038746
v -0.268328 0.047264 0.039181
v -0.263946 0.022658 0.030403
v -0.263361 0.033561 0.033948
v -0.265417 0.043919 0.035167
v -0.268782 0.046518 0.035645
v -0.268151 0.032733 0.031884
v -0.269713 0.034692 0.035351
v -0.271725 0.040622 0.040443
v -0.272376 0.045237 0.042059
v -0.266004 0.033280 0.033360
v -0.266246 0.036434 0.035467
v -0.268142 0.042238 0.040456
v -0.269047 0.046346 0.042353
v -0.264439 0.022250 0.023150
v -0.271275 0.027421 0.027202
v -0.272564 0.036752 0.032202
v -0.273123 0.043859 0.034741
v -0.262873 0.023134 0.026301
v -0.269709 0.028305 0.030353
v -0.270932 0.037932 0.035363
v -0.273302 0.043701 0.037444
v -0.267511 0.035825 0.034281
v -0.264879 0.040214 0.034729
v -0.264589 0.045776 0.034876
v -0.264062 0.049715 0.035787
v -0.267672 0.035518 0.032202
v -0.265040 0.039907 0.032650
v -0.264751 0.045469 0.032797
v -0.264224 0.049408 0.033708
v -0.268628 0.034497 0.035014
v -0.269764 0.038163 0.037882
v -0.271623 0.044030 0.043213
v -0.270951 0.048471 0.043836
v -0.264838 0.037078 0.034030
v -0.267087 0.039341 0.037869
v -0.268946 0.045209 0.043201
v -0.268272 0.049650 0.043823
v -0.267801 0.023013 0.029850
v -0.273046 0.029224 0.036068
v -0.273448 0.038773 0.039236
v -0.273466 0.046100 0.040088
v -0.264574 0.024502 0.031238
v -0.269819 0.030714 0.037456
v -0.270224 0.040514 0.040551
v -0.272593 0.046283 0.042631
v -0.266571 0.035011 0.035888
v -0.266114 0.039726 0.039789
v -0.266315 0.046434 0.043946
v -0.267169 0.051482 0.044141
v -0.262419 0.034781 0.032732
v -0.263241 0.040950 0.037649
v -0.263296 0.047500 0.041677
v -0.264150 0.052548 0.041872
v -0.258741 0.024365 0.030717
v -0.258648 0.034689 0.031490
v -0.262118 0.043527 0.031826
v -0.265958 0.046219 0.033818
v -0.261404 0.022787 0.028467
v -0.261311 0.033112 0.029240
v -0.264782 0.041949 0.029576
v -0.268621 0.044641 0.031568
v -0.258617 0.025165 0.029852
v -0.259796 0.029549 0.025620
v -0.265651 0.038160 0.027568
v -0.269613 0.044660 0.032245
v -0.262141 0.023514 0.030531
v -0.263321 0.027898 0.026298
v -0.269176 0.036509 0.028246
v -0.273124 0.043002 0.032901
v -0.260446 0.027481 0.033889
v -0.258443 0.034825 0.037136
v -0.258833 0.047292 0.039023
v -0.260969 0.052757 0.039408
v -0.260112 0.027151 0.030177
v -0.258109 0.034495 0.033424
v -0.258499 0.046963 0.035311
v -0.260635 0.052427 0.035696
v -0.268974 0.018353 0.022324
v -0.270647 0.023682 0.021883
v -0.272451 0.034859 0.026324
v -0.275908 0.040645 0.028717
v -0.270370 0.018366 0.025912
v -0.272042 0.023695 0.025471
v -0.273847 0.034871 0.029912
v -0.277304 0.040657 0.032305
v -0.262302 0.043048 0.040939
v -0.266779 0.042927 0.039046
v -0.270105 0.043808 0.037842
v -0.271860 0.046479 0.037628
v -0.263155 0.043456 0.042983
v -0.267632 0.043335 0.041090
v -0.271334 0.045161 0.040299
v -0.272722 0.046910 0.039682
v -0.268537 0.041271 0.050241
v -0.266924 0.043202 0.047230
v -0.267483 0.045819 0.043128
v -0.268529 0.047575 0.041264
v -0.271640 0.040598 0.050052
v -0.269058 0.041474 0.046183
v -0.269617 0.044091 0.042081
v -0.272851 0.046175 0.040407
v -0.263242 0.033474 0.054626
v -0.262532 0.039694 0.049628
v -0.268367 0.044338 0.045516
v -0.273854 0.048281 0.043849
v -0.265079 0.031140 0.052041
v -0.264367 0.037363 0.047021
v -0.270447 0.042156 0.042945
v -0.275936 0.046095 0.041300
v -0.263007 0.041967 0.048585
v -0.263653 0.043611 0.044217
v -0.266368 0.045981 0.039785
v -0.268921 0.048285 0.039914
v -0.266473 0.040345 0.049553
v -0.267118 0.041989 0.045184
v -0.269834 0.044359 0.040752
v -0.272756 0.046891 0.041149
v -0.259185 0.028675 0.036666
v -0.267236 0.033786 0.034543
v -0.273025 0.041824 0.034005
v -0.271209 0.045235 0.033140
v -0.258010 0.030647 0.039882
v -0.266061 0.035758 0.037758
v -0.271849 0.043796 0.037220
v -0.270034 0.047208 0.036356
v -0.264618 0.028701 0.047088
v -0.268492 0.033012 0.047350
v -0.274328 0.039465 0.042300
v -0.276199 0.044992 0.040446
v -0.261994 0.029192 0.044195
v -0.265868 0.033504 0.044457
v -0.271704 0.039957 0.039407
v -0.273575 0.045484 0.037553
v -0.257086 0.040842 0.044081
v -0.260287 0.041795 0.040621
v -0.266854 0.043417 0.036831
v -0.269461 0.047094 0.036565
v -0.259059 0.041140 0.047491
v -0.262261 0.042093 0.044031
v -0.268827 0.043715 0.040241
v -0.271446 0.047444 0.040006
v -0.266292 0.023788 0.035231
v -0.271752 0.027956 0.039006
v -0.275139 0.037132 0.037997
v -0.276065 0.043015 0.034056
v -0.263027 0.025875 0.036002
v -0.268487 0.030044 0.039777
v -0.271874 0.039220 0.038769
v -0.272800 0.045102 0.034828
v -0.277938 0.028251 0.060743
v -0.277555 0.037239 0.057035
v -0.279708 0.044331 0.051196
v -0.283601 0.044970 0.050283
v -0.279113 0.026279 0.057527
v -0.278731 0.035266 0.053820
v -0.280883 0.042359 0.047980
v -0.284777 0.042997 0.047067
v -0.271484 0.026590 0.050950
v -0.272262 0.030875 0.047116
v -0.275073 0.040403 0.045526
v -0.278601 0.044851 0.043235
v -0.274311 0.026472 0.053688
v -0.275088 0.030757 0.049854
v -0.277899 0.040285 0.048264
v -0.281427 0.044734 0.045973
v -0.285965 0.026861 0.048672
v -0.285850 0.031484 0.049775
v -0.284214 0.038444 0.049854
v -0.285416 0.043497 0.046800
v -0.283954 0.026493 0.045292
v -0.283839 0.031116 0.046395
v -0.282204 0.038077 0.046473
v -0.283405 0.043130 0.043419
v -0.328862 0.002224 0.071873
v -0.331936 0.007342 0.072924
v -0.340535 0.014253 0.078968
v -0.346372 0.017642 0.080409
v -0.331645 -0.000442 0.072705
v -0.334718 0.004677 0.073755
v -0.343318 0.011587 0.079799
v -0.349154 0.014977 0.081241
v -0.349454 0.001859 0.085515
v -0.351437 0.004991 0.085906
v -0.353045 0.009584 0.084814
v -0.354491 0.011808 0.084929
v -0.347204 0.003629 0.084852
v -0.349187 0.006761 0.085244
v -0.350795 0.011355 0.084152
v -0.352241 0.013578 0.084267
v -0.353669 -0.004037 0.082564
v -0.351880 0.000609 0.081298
v -0.351890 0.004659 0.080438
v -0.352591 0.009118 0.080178
v -0.354337 -0.004859 0.080741
v -0.352548 -0.000213 0.079475
v -0.353273 0.004220 0.078448
v -0.353258 0.008296 0.078355
v -0.350135 -0.005169 0.076272
v -0.351100 -0.001076 0.078568
v -0.352062 0.004005 0.082099
v -0.352178 0.008575 0.081706
v -0.347833 -0.003720 0.075197
v -0.348797 0.000373 0.077493
v -0.349760 0.005454 0.081024
v -0.349875 0.010024 0.080631
v -0.345760 -0.007648 0.073432
v -0.349468 -0.001160 0.079145
v -0.350808 0.002414 0.080750
v -0.352637 0.010056 0.080576
v -0.342612 -0.005492 0.073426
v -0.346344 0.001052 0.079224
v -0.347754 0.004850 0.080713
v -0.349558 0.012435 0.080454
v -0.351338 -0.008138 0.077219
v -0.351355 -0.003231 0.080593
v -0.351648 0.004215 0.083198
v -0.353324 0.009025 0.082637
v -0.349314 -0.007306 0.073962
v -0.349331 -0.002399 0.077336
v -0.349624 0.005047 0.079941
v -0.351300 0.009857 0.079379
v -0.347986 -0.005939 0.090002
v -0.349810 0.003587 0.089274
v -0.350616 0.008755 0.086348
v -0.353987 0.011987 0.088244
v -0.350824 -0.008323 0.089047
v -0.352648 0.001204 0.088319
v -0.353455 0.006371 0.085393
v -0.356825 0.009604 0.087290
v -0.337883 -0.003294 0.085285
v -0.340977 -0.000245 0.080851
v -0.347565 0.007822 0.082782
v -0.350947 0.014405 0.086255
v -0.340713 -0.005137 0.087336
v -0.343808 -0.002088 0.082901
v -0.350395 0.005980 0.084833
v -0.354063 0.012918 0.089161
v -0.353305 -0.011090 0.082586
v -0.352338 -0.005523 0.083554
v -0.350962 0.003058 0.083046
v -0.353492 0.008894 0.082970
v -0.353951 -0.012272 0.079095
v -0.352985 -0.006705 0.080063
v -0.351608 0.001875 0.079555
v -0.354138 0.007712 0.079479
v -0.351216 -0.008742 0.102887
v -0.351952 -0.002343 0.094071
v -0.352685 0.006376 0.086541
v -0.352915 0.011404 0.086654
v -0.354339 -0.006014 0.104778
v -0.355004 0.000373 0.096615
v -0.355878 0.005016 0.088349
v -0.356179 0.010056 0.087810
v -0.354594 -0.002189 0.095286
v -0.352158 0.003092 0.094353
v -0.349687 0.009906 0.090802
v -0.349524 0.013631 0.087797
v -0.354036 -0.003864 0.091775
v -0.351600 0.001417 0.090841
v -0.349129 0.008231 0.087290
v -0.349660 0.011942 0.083142
v -0.354864 -0.005181 0.096962
v -0.354443 0.003966 0.097079
v -0.354107 0.007782 0.095728
v -0.353734 0.013392 0.089641
v -0.351778 -0.004583 0.095151
v -0.351358 0.004564 0.095268
v -0.351076 0.008505 0.093646
v -0.351429 0.014310 0.090577
v -0.355856 0.000888 0.096480
v -0.355934 0.001647 0.091399
v -0.357239 0.004112 0.087733
v -0.357352 0.006321 0.084308
v -0.357727 0.000018 0.096912
v -0.357805 0.000776 0.091831
v -0.359110 0.003242 0.088165
v -0.359223 0.005451 0.084740
v -0.346325 0.011459 0.100282
v -0.347590 0.011464 0.093819
v -0.350180 0.011858 0.087300
v -0.351471 0.012163 0.083983
v -0.349537 0.010014 0.101342
v -0.349509 0.009263 0.093982
v -0.350815 0.009222 0.087769
v -0.353391 0.009962 0.084146
v -0.338504 0.012433 0.109853
v -0.338816 0.014775 0.100113
v -0.345253 0.015138 0.091622
v -0.350819 0.016029 0.086666
v -0.340230 0.009155 0.108939
v -0.340542 0.011491 0.099173
v -0.347216 0.011923 0.090595
v -0.352782 0.012820 0.085664
v -0.348688 0.010881 0.100724
v -0.347624 0.009060 0.093038
v -0.351095 0.008242 0.085995
v -0.355154 0.009199 0.083283
v -0.348342 0.007804 0.100773
v -0.350661 0.007591 0.095128
v -0.354083 0.006745 0.088051
v -0.358141 0.007701 0.085340
v -0.342359 0.004238 0.111152
v -0.351349 0.005460 0.103960
v -0.357222 0.009523 0.097679
v -0.357137 0.012365 0.093452
v -0.341160 0.007397 0.112950
v -0.350151 0.008619 0.105758
v -0.356023 0.012682 0.099477
v -0.355938 0.015524 0.095249
v -0.343532 0.004613 0.111450
v -0.348623 0.008145 0.111837
v -0.352637 0.013565 0.103668
v -0.354343 0.015806 0.095160
v -0.340620 0.007198 0.110786
v -0.345710 0.010730 0.111173
v -0.349724 0.016150 0.103004
v -0.351430 0.018392 0.094497
v -0.342937 0.004677 0.106487
v -0.347907 0.002446 0.100673
v -0.357005 0.003611 0.092043
v -0.360504 0.006044 0.087996
v -0.344495 0.006016 0.109614
v -0.349465 0.003785 0.103800
v -0.358564 0.004950 0.095170
v -0.362063 0.007383 0.091123
v -0.337758 0.016255 0.117889
v -0.342052 0.018478 0.114919
v -0.348453 0.019535 0.104633
v -0.350466 0.022422 0.098233
v -0.335620 0.015867 0.114711
v -0.339914 0.018089 0.111741
v -0.346314 0.019147 0.101456
v -0.347772 0.023870 0.097651
v -0.341217 0.010265 0.111408
v -0.344933 0.011820 0.106878
v -0.347367 0.015754 0.095180
v -0.349095 0.019800 0.089862
v -0.338198 0.012698 0.110697
v -0.341914 0.014254 0.106167
v -0.344348 0.018188 0.094470
v -0.346076 0.022233 0.089152
v -0.330237 0.025788 0.106657
v -0.332923 0.025807 0.097235
v -0.334757 0.025685 0.094319
v -0.338869 0.026636 0.089277
v -0.332464 0.022727 0.107136
v -0.335149 0.022745 0.097714
v -0.337228 0.022708 0.094753
v -0.341339 0.023659 0.089711
v -0.327537 0.029003 0.101437
v -0.330313 0.026840 0.096633
v -0.335653 0.024931 0.091142
v -0.339969 0.026010 0.088622
v -0.329976 0.028579 0.104482
v -0.332752 0.026417 0.099678
v -0.338091 0.024507 0.094187
v -0.341946 0.025107 0.091488
v -0.323942 0.020078 0.092305
v -0.332378 0.020721 0.087621
v -0.337756 0.021965 0.087693
v -0.339527 0.023482 0.083643
v -0.321988 0.023329 0.092807
v -0.330423 0.023973 0.088123
v -0.335802 0.025217 0.088195
v -0.337550 0.026930 0.083831
v -0.325290 0.028018 0.086837
v -0.329270 0.026228 0.088373
v -0.334962 0.026037 0.090607
v -0.338666 0.028164 0.091187
v -0.324417 0.030162 0.088627
v -0.328398 0.028372 0.090163
v -0.334090 0.028181 0.092397
v -0.337793 0.030309 0.092978
v -0.325879 0.023063 0.079925
v -0.327536 0.026728 0.081783
v -0.329256 0.029176 0.082947
v -0.333271 0.031093 0.081597
v -0.324966 0.023672 0.078064
v -0.326624 0.027336 0.079922
v -0.329433 0.029662 0.079063
v -0.332358 0.031702 0.079736
v -0.325579 0.000386 0.062423
v -0.327739 0.006042 0.062722
v -0.333669 0.015522 0.068485
v -0.338539 0.020074 0.070271
v -0.328281 -0.001506 0.064582
v -0.330441 0.004151 0.064881
v -0.336371 0.013630 0.070644
v -0.341241 0.018183 0.072430
v -0.333864 0.016818 0.083252
v -0.335244 0.020640 0.085545
v -0.337043 0.026159 0.087313
v -0.338242 0.029005 0.088514
v -0.333511 0.019130 0.082636
v -0.333318 0.022033 0.083838
v -0.335123 0.027557 0.085589
v -0.336316 0.030398 0.086807
v -0.331669 0.014483 0.075515
v -0.331112 0.018489 0.073707
v -0.333471 0.022795 0.072827
v -0.334429 0.026267 0.072638
v -0.332734 0.013292 0.074062
v -0.332178 0.017298 0.072255
v -0.334537 0.021604 0.071375
v -0.335494 0.025076 0.071185
v -0.330911 0.002902 0.077490
v -0.332214 0.009740 0.082826
v -0.335417 0.021947 0.086525
v -0.338864 0.026915 0.087607
v -0.328815 0.004387 0.074607
v -0.331060 0.012333 0.076841
v -0.333281 0.023006 0.083123
v -0.336768 0.028400 0.084724
v -0.325425 0.005014 0.078566
v -0.325161 0.012109 0.076010
v -0.332124 0.019576 0.077024
v -0.336084 0.024395 0.079105
v -0.327827 0.002503 0.076867
v -0.327564 0.009598 0.074311
v -0.334527 0.017065 0.075325
v -0.340625 0.020869 0.078482
v -0.327568 0.001950 0.077460
v -0.330212 0.012545 0.081006
v -0.335218 0.021842 0.082224
v -0.339392 0.023273 0.082659
v -0.327978 0.001038 0.073882
v -0.330621 0.011633 0.077427
v -0.335627 0.020930 0.078646
v -0.339607 0.022426 0.079124
v -0.334956 0.009434 0.075363
v -0.337024 0.010848 0.078830
v -0.340689 0.015926 0.083921
v -0.342667 0.020146 0.085537
v -0.333064 0.010587 0.076839
v -0.334222 0.013531 0.078945
v -0.337738 0.018522 0.083934
v -0.339810 0.022184 0.085831
v -0.328330 0.000504 0.066628
v -0.336382 0.003439 0.070681
v -0.340355 0.011980 0.075680
v -0.342976 0.018610 0.078219
v -0.327092 0.001809 0.069779
v -0.335145 0.004744 0.073831
v -0.339141 0.013587 0.078841
v -0.343101 0.018406 0.080922
v -0.335252 0.012578 0.077759
v -0.334025 0.017547 0.078208
v -0.335381 0.022948 0.078355
v -0.336034 0.026868 0.079265
v -0.335316 0.012237 0.075680
v -0.334089 0.017205 0.076128
v -0.335445 0.022607 0.076275
v -0.336098 0.026527 0.077186
v -0.335930 0.010980 0.078493
v -0.338093 0.014151 0.081360
v -0.341592 0.019214 0.086691
v -0.342254 0.023656 0.087314
v -0.333065 0.014560 0.077509
v -0.335879 0.016063 0.081348
v -0.339379 0.021127 0.086679
v -0.340039 0.025570 0.087301
v -0.331767 0.000245 0.073329
v -0.338605 0.004642 0.079546
v -0.341793 0.013652 0.082715
v -0.343962 0.020652 0.083566
v -0.329120 0.002617 0.074716
v -0.335957 0.007014 0.080934
v -0.339222 0.016264 0.084029
v -0.343182 0.021083 0.086109
v -0.334115 0.012076 0.079367
v -0.335063 0.016717 0.083268
v -0.337224 0.023070 0.087424
v -0.339523 0.027645 0.087619
v -0.330078 0.013075 0.076211
v -0.332675 0.018731 0.081128
v -0.334651 0.024976 0.085155
v -0.336950 0.029551 0.085350
v -0.323503 0.004198 0.074195
v -0.326446 0.014095 0.074969
v -0.332359 0.021523 0.075305
v -0.336820 0.022970 0.077297
v -0.325586 0.001908 0.071945
v -0.328529 0.011805 0.072718
v -0.334441 0.019233 0.073054
v -0.338902 0.020680 0.075046
v -0.323620 0.004999 0.073331
v -0.326035 0.008844 0.069098
v -0.334160 0.015356 0.071046
v -0.339856 0.020406 0.075724
v -0.326504 0.002386 0.074009
v -0.328919 0.006231 0.069776
v -0.337044 0.012743 0.071724
v -0.342725 0.017790 0.076379
v -0.326048 0.006676 0.077367
v -0.326291 0.014284 0.080614
v -0.330324 0.026088 0.082502
v -0.333970 0.030684 0.082887
v -0.325632 0.006459 0.073655
v -0.325874 0.014067 0.076902
v -0.329908 0.025871 0.078789
v -0.333554 0.030467 0.079175
v -0.331520 -0.004553 0.065802
v -0.334684 0.000050 0.065362
v -0.339690 0.010204 0.069802
v -0.344694 0.014720 0.072195
v -0.332858 -0.004951 0.069390
v -0.336022 -0.000348 0.068949
v -0.341028 0.009806 0.073390
v -0.346032 0.014322 0.075783
v -0.332394 0.021012 0.084418
v -0.336638 0.019582 0.082524
v -0.340076 0.019447 0.081320
v -0.342538 0.021485 0.081107
v -0.333329 0.021151 0.086461
v -0.337574 0.019722 0.084568
v -0.341648 0.020380 0.083777
v -0.343489 0.021644 0.083160
v -0.337832 0.017483 0.093719
v -0.336857 0.019802 0.090708
v -0.338160 0.022139 0.086606
v -0.339676 0.023511 0.084742
v -0.340600 0.015928 0.093530
v -0.338390 0.017524 0.089661
v -0.339693 0.019861 0.085559
v -0.343396 0.020903 0.083885
v -0.330482 0.011584 0.098105
v -0.331629 0.017738 0.093107
v -0.338570 0.020465 0.088995
v -0.344973 0.022622 0.087327
v -0.331552 0.008813 0.095520
v -0.332698 0.014971 0.090499
v -0.339918 0.017768 0.086423
v -0.346321 0.019921 0.084778
v -0.332751 0.019771 0.092064
v -0.333850 0.021154 0.087696
v -0.337142 0.022622 0.083263
v -0.340259 0.024075 0.083392
v -0.335587 0.017203 0.093031
v -0.336687 0.018585 0.088663
v -0.339979 0.020053 0.084230
v -0.343516 0.021616 0.084627
v -0.325194 0.008188 0.080144
v -0.334391 0.010709 0.078021
v -0.342285 0.016693 0.077483
v -0.341551 0.020487 0.076619
v -0.324649 0.010418 0.083360
v -0.333846 0.012940 0.081237
v -0.341740 0.018924 0.080698
v -0.341006 0.022718 0.079834
v -0.330394 0.006617 0.090567
v -0.335364 0.009601 0.090828
v -0.342838 0.014056 0.085778
v -0.346249 0.018790 0.083924
v -0.328030 0.007858 0.087673
v -0.333000 0.010841 0.087935
v -0.340473 0.015296 0.082885
v -0.343885 0.020030 0.081031
v -0.326760 0.020435 0.087560
v -0.330100 0.020406 0.084099
v -0.336854 0.020028 0.080310
v -0.340426 0.022777 0.080043
v -0.328733 0.020140 0.090969
v -0.332074 0.020111 0.087509
v -0.338827 0.019734 0.083719
v -0.342426 0.022529 0.083484
v -0.330552 0.001429 0.078709
v -0.336996 0.003811 0.082484
v -0.342928 0.011588 0.081476
v -0.345540 0.016939 0.077534
v -0.328044 0.004383 0.079481
v -0.334488 0.006765 0.083256
v -0.340420 0.014542 0.082247
v -0.343032 0.019893 0.078306
v -0.342995 0.002276 0.104221
v -0.345269 0.010980 0.100513
v -0.349409 0.017128 0.094674
v -0.353318 0.016595 0.093761
v -0.343540 0.000045 0.101005
v -0.345814 0.008749 0.097298
v -0.349954 0.014897 0.091459
v -0.353863 0.014364 0.090546
v -0.336339 0.002583 0.094429
v -0.338340 0.006451 0.090595
v -0.343825 0.014733 0.089005
v -0.348503 0.017950 0.086713
v -0.339006 0.001640 0.097167
v -0.341007 0.005509 0.093332
v -0.346492 0.013791 0.091743
v -0.351170 0.017007 0.089451
v -0.350260 -0.001410 0.092151
v -0.351508 0.003043 0.093253
v -0.351988 0.010177 0.093332
v -0.354621 0.014654 0.090278
v -0.348230 -0.001171 0.088770
v -0.349478 0.003282 0.089873
v -0.349958 0.010416 0.089951
v -0.352590 0.014893 0.086897
v -0.288461 0.024051 0.071873
v -0.289896 0.029846 0.072923
v -0.296087 0.038977 0.078968
v -0.300671 0.043931 0.080409
v -0.291904 0.022320 0.072705
v -0.293339 0.028115 0.073755
v -0.299530 0.037246 0.079799
v -0.304114 0.042200 0.081241
v -0.308252 0.029749 0.085515
v -0.309228 0.033325 0.085906
v -0.309416 0.038188 0.084814
v -0.310146 0.040738 0.084929
v -0.305581 0.030781 0.084852
v -0.306557 0.034356 0.085244
v -0.306745 0.039220 0.084152
v -0.307475 0.041770 0.084267
v -0.314013 0.025350 0.082564
v -0.310939 0.029267 0.081298
v -0.309758 0.033141 0.080438
v -0.309119 0.037609 0.080178
v -0.314893 0.024761 0.080741
v -0.311818 0.028677 0.079475
v -0.311210 0.033127 0.078448
v -0.309999 0.037019 0.078355
v -0.310967 0.023231 0.076272
v -0.310687 0.027426 0.078568
v -0.310115 0.032566 0.082099
v -0.308884 0.036968 0.081706
v -0.308340 0.023940 0.075197
v -0.308061 0.028135 0.077493
v -0.307489 0.033275 0.081024
v -0.306257 0.037678 0.080631
v -0.307513 0.019577 0.073432
v -0.309152 0.026867 0.079145
v -0.309383 0.030677 0.080750
v -0.308888 0.038519 0.080576
v -0.303870 0.020712 0.073426
v -0.305516 0.028065 0.079224
v -0.305749 0.032109 0.080713
v -0.305246 0.039890 0.080454
v -0.312989 0.020746 0.077219
v -0.311564 0.025442 0.080593
v -0.309657 0.032646 0.083198
v -0.309847 0.037736 0.082637
v -0.310810 0.020946 0.073962
v -0.309385 0.025643 0.077336
v -0.307478 0.032846 0.079941
v -0.307668 0.037936 0.079379
v -0.309139 0.021864 0.090002
v -0.308085 0.031505 0.089274
v -0.307339 0.036682 0.086348
v -0.309611 0.040762 0.088244
v -0.312552 0.020419 0.089047
v -0.311498 0.030060 0.088319
v -0.310751 0.035237 0.085393
v -0.313024 0.039317 0.087290
v -0.298704 0.021425 0.085285
v -0.300767 0.025248 0.080851
v -0.304695 0.034895 0.082782
v -0.305995 0.042181 0.086255
v -0.301951 0.020495 0.087336
v -0.304014 0.024318 0.082901
v -0.307942 0.033964 0.084833
v -0.309411 0.041673 0.089161
v -0.315736 0.018502 0.082586
v -0.313177 0.023539 0.083554
v -0.309342 0.031337 0.083046
v -0.310047 0.037660 0.082970
v -0.316701 0.017561 0.079095
v -0.314142 0.022599 0.080063
v -0.310306 0.030397 0.079555
v -0.311011 0.036719 0.079479
v -0.313049 0.020133 0.102887
v -0.311874 0.026465 0.094071
v -0.310014 0.035015 0.086541
v -0.308758 0.039889 0.086654
v -0.315234 0.023658 0.104778
v -0.313993 0.029958 0.096615
v -0.313466 0.034653 0.088349
v -0.312274 0.039559 0.087810
v -0.314355 0.027389 0.095286
v -0.310475 0.031722 0.094353
v -0.306112 0.037509 0.090802
v -0.304863 0.041022 0.087797
v -0.314313 0.025624 0.091775
v -0.310433 0.029957 0.090841
v -0.306071 0.035744 0.087290
v -0.305489 0.039448 0.083142
v -0.315491 0.024608 0.096962
v -0.312403 0.033228 0.097079
v -0.310961 0.036778 0.095728
v -0.308957 0.042031 0.089641
v -0.312366 0.024274 0.095151
v -0.309277 0.032894 0.095268
v -0.307851 0.036579 0.093646
v -0.306484 0.042231 0.090577
v -0.314657 0.030701 0.096480
v -0.314509 0.031449 0.091399
v -0.315033 0.034189 0.087733
v -0.314492 0.036334 0.084308
v -0.316701 0.030418 0.096912
v -0.316553 0.031166 0.091831
v -0.317077 0.033906 0.088165
v -0.316536 0.036051 0.084740
v -0.302443 0.038007 0.100282
v -0.303649 0.038383 0.093819
v -0.306010 0.039520 0.087300
v -0.307155 0.040191 0.083983
v -0.305937 0.037569 0.101342
v -0.306131 0.036843 0.093982
v -0.307391 0.037187 0.087769
v -0.309636 0.038651 0.084146
v -0.294680 0.036642 0.109853
v -0.294290 0.038972 0.100113
v -0.300338 0.041209 0.091622
v -0.305396 0.043695 0.086666
v -0.297292 0.034015 0.108939
v -0.296904 0.036340 0.099173
v -0.303158 0.038712 0.090595
v -0.308215 0.041204 0.085664
v -0.304871 0.038148 0.100724
v -0.304388 0.036095 0.093038
v -0.307946 0.036333 0.085995
v -0.311545 0.038439 0.083283
v -0.305443 0.035106 0.100773
v -0.307723 0.035583 0.095128
v -0.311242 0.035778 0.088051
v -0.314841 0.037885 0.085340
v -0.300771 0.029940 0.111152
v -0.309007 0.033748 0.103960
v -0.313427 0.039356 0.097679
v -0.312511 0.042048 0.093452
v -0.298697 0.032607 0.112950
v -0.306933 0.036416 0.105758
v -0.311354 0.042024 0.099477
v -0.310437 0.044716 0.095249
v -0.301783 0.030643 0.111450
v -0.305612 0.035513 0.111837
v -0.307858 0.041873 0.103668
v -0.308830 0.044517 0.095160
v -0.298239 0.032259 0.110786
v -0.302068 0.037130 0.111173
v -0.304314 0.043489 0.103004
v -0.305287 0.046133 0.094497
v -0.301195 0.030529 0.106487
v -0.306601 0.029855 0.100673
v -0.314956 0.033641 0.092043
v -0.317587 0.036994 0.087996
v -0.302291 0.032267 0.109614
v -0.307697 0.031593 0.103800
v -0.316053 0.035379 0.095170
v -0.318683 0.038732 0.091123
v -0.292845 0.040076 0.117889
v -0.296297 0.043461 0.114919
v -0.302104 0.046352 0.104633
v -0.303182 0.049702 0.098233
v -0.290915 0.039077 0.114711
v -0.294367 0.042462 0.111741
v -0.300174 0.045353 0.101455
v -0.300181 0.050295 0.097651
v -0.297910 0.035365 0.111408
v -0.301006 0.037944 0.106878
v -0.302177 0.042419 0.095180
v -0.302641 0.046793 0.089862
v -0.294309 0.036805 0.110697
v -0.297405 0.039383 0.106167
v -0.298576 0.043858 0.094469
v -0.299040 0.048233 0.089152
v -0.282855 0.046981 0.106657
v -0.285417 0.047787 0.097235
v -0.287207 0.048209 0.094319
v -0.290858 0.050326 0.089277
v -0.285883 0.044708 0.107136
v -0.288445 0.045514 0.097714
v -0.290443 0.046089 0.094753
v -0.294094 0.048205 0.089711
v -0.279331 0.049261 0.101437
v -0.282619 0.048008 0.096633
v -0.288284 0.047751 0.091142
v -0.292094 0.050050 0.088622
v -0.281787 0.049572 0.104482
v -0.285075 0.048319 0.099678
v -0.290740 0.048062 0.094187
v -0.294249 0.049767 0.091488
v -0.278515 0.039673 0.092305
v -0.286390 0.042765 0.087621
v -0.291166 0.045534 0.087693
v -0.292414 0.047503 0.083643
v -0.275692 0.042208 0.092807
v -0.283567 0.045300 0.088123
v -0.288343 0.048069 0.088195
v -0.289512 0.050219 0.083831
v -0.277472 0.047659 0.086837
v -0.281803 0.047117 0.088373
v -0.287300 0.048606 0.090607
v -0.290215 0.051727 0.091187
v -0.276008 0.049452 0.088627
v -0.280339 0.048910 0.090163
v -0.285836 0.050399 0.092397
v -0.288752 0.053520 0.092978
v -0.279490 0.043096 0.079925
v -0.279998 0.047085 0.081782
v -0.280923 0.049931 0.082947
v -0.284198 0.052942 0.081597
v -0.278439 0.043410 0.078064
v -0.278947 0.047399 0.079922
v -0.280949 0.050447 0.079063
v -0.283147 0.053256 0.079736
v -0.285862 0.021330 0.062423
v -0.286266 0.027371 0.062722
v -0.289151 0.038174 0.068485
v -0.292470 0.043956 0.070271
v -0.289001 0.020315 0.064582
v -0.289404 0.026356 0.064881
v -0.292290 0.037159 0.070644
v -0.295608 0.042941 0.072430
v -0.288957 0.039470 0.083252
v -0.289153 0.043530 0.085545
v -0.289253 0.049333 0.087313
v -0.289563 0.052406 0.088514
v -0.287941 0.041577 0.082636
v -0.286903 0.044295 0.083838
v -0.287007 0.050106 0.085589
v -0.287313 0.053171 0.086807
v -0.287544 0.036594 0.075515
v -0.285836 0.040260 0.073707
v -0.286826 0.045069 0.072827
v -0.286722 0.048669 0.072638
v -0.288913 0.035768 0.074062
v -0.287204 0.039434 0.072255
v -0.288195 0.044244 0.071375
v -0.288090 0.047844 0.071185
v -0.290220 0.025301 0.077490
v -0.289458 0.032220 0.082826
v -0.288936 0.044830 0.086525
v -0.290771 0.050590 0.087607
v -0.287781 0.026105 0.074607
v -0.287593 0.034360 0.076841
v -0.286583 0.045215 0.083123
v -0.288332 0.051394 0.084724
v -0.284356 0.025709 0.078566
v -0.282020 0.032413 0.076010
v -0.286484 0.041596 0.077024
v -0.288854 0.047365 0.079105
v -0.287390 0.024014 0.076867
v -0.285054 0.030719 0.074311
v -0.289518 0.039902 0.075325
v -0.294230 0.045328 0.078482
v -0.287305 0.023409 0.077460
v -0.286720 0.034313 0.081006
v -0.288776 0.044670 0.082224
v -0.292346 0.047264 0.082659
v -0.287964 0.022658 0.073881
v -0.287379 0.033561 0.077427
v -0.289435 0.043919 0.078646
v -0.292800 0.046518 0.079124
v -0.292169 0.032733 0.075363
v -0.293731 0.034692 0.078830
v -0.295743 0.040622 0.083921
v -0.296394 0.045237 0.085537
v -0.290022 0.033280 0.076839
v -0.290264 0.036434 0.078945
v -0.292160 0.042237 0.083934
v -0.293065 0.046346 0.085831
v -0.288457 0.022250 0.066628
v -0.295293 0.027421 0.070681
v -0.296582 0.036752 0.075680
v -0.297141 0.043859 0.078219
v -0.286891 0.023134 0.069779
v -0.293727 0.028305 0.073831
v -0.294950 0.037932 0.078841
v -0.297320 0.043701 0.080922
v -0.291529 0.035825 0.077759
v -0.288897 0.040214 0.078208
v -0.288607 0.045776 0.078355
v -0.288080 0.049715 0.079265
v -0.291690 0.035518 0.075680
v -0.289058 0.039907 0.076128
v -0.288769 0.045469 0.076275
v -0.288242 0.049408 0.077186
v -0.292646 0.034497 0.078493
v -0.293782 0.038163 0.081360
v -0.295641 0.044030 0.086691
v -0.294969 0.048470 0.087314
v -0.288856 0.037078 0.077509
v -0.291105 0.039341 0.081348
v -0.292964 0.045209 0.086679
v -0.292290 0.049650 0.087301
v -0.291819 0.023013 0.073329
v -0.297064 0.029224 0.079546
v -0.297466 0.038772 0.082715
v -0.297484 0.046100 0.083566
v -0.288592 0.024502 0.074716
v -0.293837 0.030714 0.080934
v -0.294241 0.040514 0.084029
v -0.296611 0.046283 0.086109
v -0.290589 0.035011 0.079367
v -0.290132 0.039726 0.083268
v -0.290333 0.046434 0.087424
v -0.291187 0.051482 0.087619
v -0.286437 0.034781 0.076211
v -0.287259 0.040950 0.081128
v -0.287314 0.047500 0.085155
v -0.288168 0.052548 0.085350
v -0.282759 0.024365 0.074195
v -0.282666 0.034689 0.074969
v -0.286136 0.043527 0.075305
v -0.289976 0.046219 0.077297
v -0.285422 0.022787 0.071945
v -0.285329 0.033112 0.072718
v -0.288800 0.041949 0.073054
v -0.292639 0.044641 0.075046
v -0.282635 0.025165 0.073331
v -0.283814 0.029549 0.069098
v -0.289669 0.038160 0.071046
v -0.293631 0.044660 0.075724
v -0.286159 0.023514 0.074009
v -0.287339 0.027898 0.069776
v -0.293194 0.036509 0.071724
v -0.297142 0.043002 0.076379
v -0.284464 0.027480 0.077367
v -0.282461 0.034825 0.080614
v -0.282851 0.047292 0.082502
v -0.284987 0.052757 0.082887
v -0.284130 0.027151 0.073655
v -0.282127 0.034495 0.076902
v -0.282517 0.046962 0.078789
v -0.284653 0.052427 0.079175
v -0.292992 0.018353 0.065802
v -0.294665 0.023682 0.065362
v -0.296469 0.034859 0.069802
v -0.299926 0.040645 0.072195
v -0.294388 0.018365 0.069390
v -0.296060 0.023695 0.068949
v -0.297864 0.034871 0.073390
v -0.301322 0.040657 0.075783
v -0.286320 0.043048 0.084418
v -0.290797 0.042927 0.082524
v -0.294123 0.043808 0.081320
v -0.295878 0.046479 0.081107
v -0.287173 0.043456 0.086461
v -0.291650 0.043335 0.084568
v -0.295352 0.045161 0.083777
v -0.296740 0.046910 0.083160
v -0.292555 0.041271 0.093719
v -0.290942 0.043202 0.090708
v -0.291501 0.045819 0.086606
v -0.292547 0.047575 0.084742
v -0.295658 0.040597 0.093530
v -0.293076 0.041474 0.089661
v -0.293635 0.044091 0.085559
v -0.296869 0.046175 0.083885
v -0.287260 0.033474 0.098105
v -0.286550 0.039693 0.093107
v -0.292385 0.044338 0.088995
v -0.297871 0.048281 0.087327
v -0.289097 0.031140 0.095520
v -0.288385 0.037363 0.090499
v -0.294465 0.042156 0.086423
v -0.299954 0.046095 0.084778
v -0.287025 0.041967 0.092064
v -0.287671 0.043611 0.087696
v -0.290386 0.045981 0.083263
v -0.292939 0.048285 0.083392
v -0.290491 0.040345 0.093031
v -0.291136 0.041989 0.088663
v -0.293852 0.044359 0.084230
v -0.296774 0.046891 0.084627
v -0.283203 0.028675 0.080144
v -0.291254 0.033786 0.078021
v -0.297043 0.041824 0.077483
v -0.295227 0.045235 0.076619
v -0.282028 0.030647 0.083360
v -0.290078 0.035758 0.081237
v -0.295867 0.043796 0.080698
v -0.294052 0.047208 0.079834
v -0.288636 0.028701 0.090567
v -0.292510 0.033012 0.090828
v -0.298346 0.039465 0.085778
v -0.300217 0.044992 0.083924
v -0.286012 0.029192 0.087673
v -0.289886 0.033504 0.087935
v -0.295722 0.039957 0.082885
v -0.297593 0.045483 0.081031
v -0.281103 0.040842 0.087560
v -0.284305 0.041795 0.084099
v -0.290872 0.043417 0.080310
v -0.293479 0.047094 0.080043
v -0.283077 0.041140 0.090969
v -0.286279 0.042093 0.087509
v -0.292845 0.043715 0.083719
v -0.295464 0.047444 0.083484
v -0.290310 0.023788 0.078709
v -0.295770 0.027956 0.082484
v -0.299157 0.037132 0.081476
v -0.300083 0.043015 0.077534
v -0.287045 0.025875 0.079481
v -0.292505 0.030044 0.083256
v -0.295892 0.039220 0.082247
v -0.296818 0.045102 0.078306
v -0.301956 0.028251 0.104221
v -0.301573 0.037239 0.100513
v -0.303726 0.044331 0.094674
v -0.307619 0.044969 0.093761
v -0.303131 0.026279 0.101005
v -0.302749 0.035266 0.097298
v -0.304901 0.042359 0.091459
v -0.308794 0.042997 0.090546
v -0.295502 0.026590 0.094429
v -0.296280 0.030875 0.090595
v -0.299091 0.040403 0.089005
v -0.302619 0.044851 0.086713
v -0.298329 0.026472 0.097167
v -0.299106 0.030757 0.093332
v -0.301917 0.040285 0.091743
v -0.305445 0.044733 0.089451
v -0.309983 0.026861 0.092151
v -0.309868 0.031484 0.093253
v -0.308232 0.038444 0.093332
v -0.309434 0.043497 0.090278
v -0.307972 0.026493 0.088770
v -0.307857 0.031116 0.089873
v -0.306221 0.038076 0.089951
v -0.307423 0.043129 0.086897
v -0.357021 0.000255 0.109122
v -0.360095 0.005374 0.110172
v -0.368695 0.012284 0.116216
v -0.374531 0.015674 0.117658
v -0.359804 -0.002410 0.109953
v -0.362878 0.002708 0.111004
v -0.371478 0.009619 0.117048
v -0.377314 0.013008 0.118490
v -0.377613 -0.000110 0.122763
v -0.379596 0.003022 0.123155
v -0.381204 0.007616 0.122063
v -0.382651 0.009839 0.122178
v -0.375363 0.001661 0.122101
v -0.377346 0.004792 0.122492
v -0.378954 0.009386 0.121400
v -0.380401 0.011610 0.121515
v -0.381829 -0.006006 0.119812
v -0.380040 -0.001359 0.118547
v -0.380049 0.002691 0.117687
v -0.380750 0.007149 0.117426
v -0.382497 -0.006828 0.117990
v -0.380708 -0.002181 0.116724
v -0.381433 0.002251 0.115697
v -0.381418 0.006327 0.115604
v -0.378295 -0.007137 0.113521
v -0.379259 -0.003045 0.115817
v -0.380222 0.002036 0.119347
v -0.380337 0.006606 0.118955
v -0.375992 -0.005688 0.112446
v -0.376957 -0.001596 0.114742
v -0.377919 0.003485 0.118272
v -0.378035 0.008055 0.117880
v -0.373920 -0.009616 0.110681
v -0.377628 -0.003128 0.116394
v -0.378967 0.000445 0.117999
v -0.380797 0.008088 0.117825
v -0.370771 -0.007461 0.110675
v -0.374504 -0.000916 0.116473
v -0.375914 0.002882 0.117961
v -0.377718 0.010467 0.117703
v -0.379498 -0.010106 0.114468
v -0.379515 -0.005199 0.117842
v -0.379808 0.002247 0.120447
v -0.381483 0.007057 0.119885
v -0.377474 -0.009275 0.111211
v -0.377491 -0.004368 0.114585
v -0.377783 0.003078 0.117189
v -0.379459 0.007888 0.116628
v -0.376146 -0.007908 0.127251
v -0.377969 0.001618 0.126523
v -0.378776 0.006786 0.123597
v -0.382147 0.010019 0.125493
v -0.378984 -0.010291 0.126296
v -0.380807 -0.000765 0.125568
v -0.381614 0.004403 0.122642
v -0.384985 0.007635 0.124538
v -0.366042 -0.005263 0.122534
v -0.369137 -0.002214 0.118099
v -0.375724 0.005854 0.120031
v -0.379107 0.012437 0.123503
v -0.368873 -0.007105 0.124584
v -0.371967 -0.004056 0.120150
v -0.378555 0.004011 0.122082
v -0.382222 0.010949 0.126410
v -0.381465 -0.013059 0.119834
v -0.380498 -0.007491 0.120803
v -0.379121 0.001089 0.120295
v -0.381652 0.006925 0.120219
v -0.382111 -0.014241 0.116344
v -0.381144 -0.008674 0.117312
v -0.379768 -0.000093 0.116804
v -0.382298 0.005743 0.116728
v -0.379376 -0.010710 0.140136
v -0.380111 -0.004312 0.131320
v -0.380844 0.004407 0.123790
v -0.381075 0.009435 0.123903
v -0.382499 -0.007982 0.142026
v -0.383163 -0.001595 0.133863
v -0.384038 0.003048 0.125598
v -0.384339 0.008087 0.125058
v -0.382754 -0.004158 0.132535
v -0.380317 0.001124 0.131601
v -0.377847 0.007937 0.128050
v -0.377684 0.011662 0.125045
v -0.382196 -0.005833 0.129023
v -0.379759 -0.000551 0.128090
v -0.377289 0.006262 0.124539
v -0.377820 0.009973 0.120391
v -0.383024 -0.007150 0.134210
v -0.382603 0.001997 0.134328
v -0.382267 0.005814 0.132976
v -0.381894 0.011424 0.126889
v -0.379938 -0.006551 0.132399
v -0.379517 0.002596 0.132517
v -0.379236 0.006537 0.130894
v -0.379588 0.012341 0.127826
v -0.384015 -0.001080 0.133729
v -0.384094 -0.000322 0.128648
v -0.385399 0.002144 0.124982
v -0.385512 0.004353 0.121557
v -0.385886 -0.001951 0.134160
v -0.385964 -0.001193 0.129079
v -0.387270 0.001273 0.125413
v -0.387383 0.003482 0.121988
v -0.374485 0.009491 0.137530
v -0.375749 0.009496 0.131068
v -0.378340 0.009889 0.124549
v -0.379631 0.010195 0.121232
v -0.377697 0.008045 0.138591
v -0.377669 0.007295 0.131231
v -0.378974 0.007253 0.125018
v -0.381550 0.007993 0.121395
v -0.366664 0.010464 0.147102
v -0.366975 0.012807 0.137361
v -0.373413 0.013169 0.128871
v -0.378979 0.014061 0.123915
v -0.368389 0.007186 0.146187
v -0.368701 0.009523 0.136422
v -0.375376 0.009954 0.127843
v -0.380941 0.010852 0.122912
v -0.376848 0.008912 0.137973
v -0.375783 0.007091 0.130286
v -0.379254 0.006274 0.123244
v -0.383313 0.007231 0.120532
v -0.376501 0.005836 0.138022
v -0.378821 0.005623 0.132377
v -0.382242 0.004776 0.125300
v -0.386301 0.005733 0.122588
v -0.370518 0.002270 0.148401
v -0.379509 0.003492 0.141209
v -0.385382 0.007555 0.134928
v -0.385296 0.010397 0.130700
v -0.369319 0.005429 0.150198
v -0.378310 0.006651 0.143007
v -0.384183 0.010713 0.136725
v -0.384097 0.013556 0.132498
v -0.371692 0.002644 0.148698
v -0.376782 0.006176 0.149085
v -0.380797 0.011596 0.140917
v -0.382503 0.013838 0.132409
v -0.368779 0.005230 0.148035
v -0.373869 0.008762 0.148422
v -0.377884 0.014182 0.140253
v -0.379590 0.016423 0.131745
v -0.371096 0.002708 0.143736
v -0.376066 0.000477 0.137921
v -0.385165 0.001642 0.129291
v -0.388664 0.004075 0.125245
v -0.372654 0.004048 0.146863
v -0.377624 0.001817 0.141048
v -0.386723 0.002982 0.132418
v -0.390222 0.005415 0.128372
v -0.365918 0.014287 0.155137
v -0.370211 0.016509 0.152168
v -0.376612 0.017567 0.141882
v -0.378626 0.020453 0.135481
v -0.363779 0.013898 0.151960
v -0.368073 0.016121 0.148990
v -0.374474 0.017178 0.138704
v -0.375932 0.021901 0.134900
v -0.369377 0.008296 0.148656
v -0.373093 0.009852 0.144126
v -0.375527 0.013786 0.132429
v -0.377255 0.017831 0.127111
v -0.366357 0.010730 0.147946
v -0.370074 0.012285 0.143416
v -0.372507 0.016219 0.131718
v -0.374235 0.020265 0.126400
v -0.358396 0.023820 0.143906
v -0.361082 0.023838 0.134484
v -0.362917 0.023716 0.131568
v -0.367028 0.024668 0.126526
v -0.360623 0.020758 0.144384
v -0.363309 0.020777 0.134962
v -0.365387 0.020740 0.132002
v -0.369499 0.021691 0.126960
v -0.355697 0.027035 0.138686
v -0.358472 0.024872 0.133881
v -0.363812 0.022962 0.128390
v -0.368129 0.024041 0.125870
v -0.358136 0.026611 0.141731
v -0.360911 0.024448 0.136926
v -0.366251 0.022538 0.131435
v -0.370106 0.023138 0.128736
v -0.352102 0.018109 0.129554
v -0.360537 0.018752 0.124870
v -0.365916 0.019997 0.124942
v -0.367687 0.021513 0.120892
v -0.350147 0.021361 0.130056
v -0.358583 0.022004 0.125372
v -0.363962 0.023249 0.125444
v -0.365710 0.024961 0.121080
v -0.353449 0.026049 0.124085
v -0.357430 0.024259 0.125622
v -0.363122 0.024068 0.127855
v -0.366825 0.026196 0.128436
v -0.352577 0.028193 0.125875
v -0.356557 0.026403 0.127412
v -0.362249 0.026212 0.129645
v -0.365953 0.028340 0.130226
v -0.354038 0.021095 0.117173
v -0.355696 0.024759 0.119031
v -0.357415 0.027207 0.120195
v -0.361430 0.029125 0.118845
v -0.353126 0.021704 0.115313
v -0.354783 0.025368 0.117171
v -0.357592 0.027693 0.116311
v -0.360518 0.029734 0.116985
v -0.353738 -0.001583 0.099672
v -0.355898 0.004073 0.099971
v -0.361829 0.013553 0.105733
v -0.366699 0.018105 0.107519
v -0.356441 -0.003474 0.101831
v -0.358601 0.002182 0.102130
v -0.364531 0.011661 0.107893
v -0.369401 0.016214 0.109679
v -0.362023 0.014849 0.120500
v -0.363403 0.018672 0.122794
v -0.365203 0.024190 0.124561
v -0.366401 0.027037 0.125763
v -0.361670 0.017161 0.119885
v -0.361477 0.020064 0.121086
v -0.363282 0.025588 0.122837
v -0.364476 0.028429 0.124055
v -0.359828 0.012514 0.112764
v -0.359272 0.016520 0.110956
v -0.361631 0.020827 0.110076
v -0.362588 0.024299 0.109886
v -0.360894 0.011323 0.111311
v -0.360337 0.015329 0.109503
v -0.362697 0.019636 0.108623
v -0.363654 0.023108 0.108434
v -0.359070 0.000933 0.114738
v -0.360374 0.007772 0.120075
v -0.363577 0.019979 0.123774
v -0.367023 0.024946 0.124855
v -0.356974 0.002418 0.111855
v -0.359219 0.010365 0.114090
v -0.361441 0.021037 0.120371
v -0.364927 0.026431 0.121972
v -0.353584 0.003045 0.115815
v -0.353320 0.010140 0.113259
v -0.360284 0.017607 0.114273
v -0.364243 0.022426 0.116353
v -0.355987 0.000535 0.114115
v -0.355723 0.007630 0.111559
v -0.362687 0.015097 0.112573
v -0.368784 0.018900 0.115730
v -0.355728 -0.000019 0.114709
v -0.358371 0.010576 0.118254
v -0.363378 0.019873 0.119473
v -0.367552 0.021304 0.119908
v -0.356137 -0.000931 0.111130
v -0.358781 0.009664 0.114675
v -0.363787 0.018961 0.115894
v -0.367766 0.020458 0.116372
v -0.363115 0.007466 0.112611
v -0.365184 0.008880 0.116078
v -0.368848 0.013957 0.121170
v -0.370826 0.018177 0.122786
v -0.361224 0.008619 0.114087
v -0.362381 0.011563 0.116194
v -0.365898 0.016554 0.121183
v -0.367969 0.020216 0.123080
v -0.356489 -0.001465 0.103877
v -0.364542 0.001471 0.107929
v -0.368514 0.010012 0.112929
v -0.371136 0.016641 0.115468
v -0.355252 -0.000160 0.107028
v -0.363304 0.002776 0.111080
v -0.367301 0.011619 0.116090
v -0.371261 0.016438 0.118170
v -0.363412 0.010609 0.115008
v -0.362185 0.015578 0.115456
v -0.363541 0.020979 0.115603
v -0.364194 0.024900 0.116514
v -0.363476 0.010268 0.112929
v -0.362249 0.015237 0.113377
v -0.363605 0.020638 0.113524
v -0.364258 0.024558 0.114435
v -0.364089 0.009012 0.115741
v -0.366252 0.012182 0.118609
v -0.369752 0.017246 0.123940
v -0.370413 0.021687 0.124563
v -0.361225 0.012591 0.114757
v -0.364039 0.014095 0.118596
v -0.367539 0.019158 0.123928
v -0.368199 0.023601 0.124550
v -0.359927 -0.001723 0.110577
v -0.366765 0.002674 0.116795
v -0.369952 0.011684 0.119963
v -0.372122 0.018683 0.120814
v -0.357279 0.000648 0.111965
v -0.364117 0.005046 0.118182
v -0.367382 0.014295 0.121277
v -0.371341 0.019114 0.123358
v -0.362275 0.010107 0.116615
v -0.363222 0.014748 0.120516
v -0.365384 0.021102 0.124672
v -0.367683 0.025677 0.124868
v -0.358238 0.011106 0.113459
v -0.360835 0.016762 0.118376
v -0.362811 0.023007 0.122404
v -0.365110 0.027582 0.122599
v -0.351663 0.002229 0.111444
v -0.354606 0.012126 0.112217
v -0.360518 0.019555 0.112553
v -0.364979 0.021001 0.114545
v -0.353746 -0.000061 0.109193
v -0.356688 0.009836 0.109967
v -0.362601 0.017265 0.110303
v -0.367062 0.018711 0.112295
v -0.351779 0.003031 0.110579
v -0.354194 0.006876 0.106347
v -0.362319 0.013388 0.108295
v -0.368015 0.018437 0.112972
v -0.354664 0.000417 0.111258
v -0.357079 0.004262 0.107025
v -0.365204 0.010774 0.108973
v -0.370885 0.015822 0.113628
v -0.354208 0.004707 0.114616
v -0.354450 0.012316 0.117863
v -0.358483 0.024119 0.119750
v -0.362130 0.028716 0.120135
v -0.353792 0.004490 0.110904
v -0.354034 0.012099 0.114150
v -0.358067 0.023902 0.116038
v -0.361714 0.028499 0.116423
v -0.359680 -0.006522 0.103051
v -0.362844 -0.001919 0.102610
v -0.367850 0.008235 0.107051
v -0.372854 0.012751 0.109444
v -0.361018 -0.006920 0.106639
v -0.364182 -0.002317 0.106198
v -0.369188 0.007837 0.110639
v -0.374192 0.012353 0.113032
v -0.360553 0.019043 0.121666
v -0.364797 0.017614 0.119773
v -0.368236 0.017479 0.118569
v -0.370697 0.019516 0.118355
v -0.361489 0.019182 0.123710
v -0.365733 0.017753 0.121816
v -0.369807 0.018411 0.121026
v -0.371648 0.019675 0.120409
v -0.365991 0.015514 0.130968
v -0.365017 0.017833 0.127957
v -0.366320 0.020171 0.123855
v -0.367836 0.021542 0.121991
v -0.368760 0.013959 0.130779
v -0.366549 0.015555 0.126910
v -0.367852 0.017892 0.122808
v -0.371556 0.018935 0.121134
v -0.358641 0.009616 0.135353
v -0.359788 0.015769 0.130355
v -0.366730 0.018496 0.126243
v -0.373132 0.020654 0.124576
v -0.359711 0.006845 0.132768
v -0.360858 0.013003 0.127748
v -0.368078 0.015799 0.123672
v -0.374481 0.017953 0.122027
v -0.360910 0.017803 0.129312
v -0.362010 0.019185 0.124944
v -0.365302 0.020653 0.120512
v -0.368419 0.022106 0.120641
v -0.363747 0.015234 0.130279
v -0.364846 0.016616 0.125911
v -0.368138 0.018085 0.121479
v -0.371675 0.019648 0.121876
v -0.353354 0.006219 0.117393
v -0.362550 0.008741 0.115270
v -0.370444 0.014725 0.114732
v -0.369710 0.018519 0.113867
v -0.352809 0.008450 0.120609
v -0.362006 0.010971 0.118485
v -0.369899 0.016955 0.117947
v -0.369166 0.020749 0.117083
v -0.358554 0.004649 0.127815
v -0.363524 0.007632 0.128077
v -0.370997 0.012087 0.123027
v -0.374408 0.016821 0.121173
v -0.356190 0.005889 0.124922
v -0.361160 0.008873 0.125184
v -0.368633 0.013327 0.120134
v -0.372044 0.018061 0.118280
v -0.354919 0.018467 0.124808
v -0.358260 0.018437 0.121348
v -0.365013 0.018060 0.117558
v -0.368585 0.020809 0.117292
v -0.356893 0.018172 0.128218
v -0.360234 0.018143 0.124757
v -0.366987 0.017765 0.120968
v -0.370585 0.020560 0.120733
v -0.358712 -0.000539 0.115958
v -0.365155 0.001842 0.119733
v -0.371087 0.009619 0.118724
v -0.373700 0.014970 0.114783
v -0.356204 0.002415 0.116729
v -0.362647 0.004796 0.120504
v -0.368579 0.012573 0.119496
v -0.371192 0.017924 0.115554
v -0.371155 0.000307 0.141469
v -0.373429 0.009011 0.137762
v -0.377569 0.015159 0.131923
v -0.381478 0.014626 0.131010
v -0.371700 -0.001923 0.138254
v -0.373973 0.006781 0.134546
v -0.378113 0.012929 0.128707
v -0.382022 0.012395 0.127794
v -0.364498 0.000614 0.131677
v -0.366500 0.004483 0.127843
v -0.371985 0.012764 0.126253
v -0.376663 0.015981 0.123962
v -0.367165 -0.000328 0.134415
v -0.369167 0.003540 0.130581
v -0.374652 0.011822 0.128991
v -0.379330 0.015039 0.126700
v -0.378420 -0.003378 0.129399
v -0.379668 0.001074 0.130502
v -0.380148 0.008208 0.130580
v -0.382780 0.012685 0.127527
v -0.376390 -0.003139 0.126019
v -0.377637 0.001313 0.127121
v -0.378118 0.008447 0.127200
v -0.380750 0.012925 0.124146
v -0.321950 0.027088 0.106406
v -0.323385 0.032883 0.107456
v -0.329577 0.042014 0.113500
v -0.334160 0.046968 0.114942
v -0.325393 0.025357 0.107238
v -0.326828 0.031152 0.108288
v -0.333020 0.040283 0.114332
v -0.337603 0.045237 0.115774
v -0.341741 0.032785 0.120047
v -0.342717 0.036361 0.120439
v -0.342905 0.041225 0.119347
v -0.343635 0.043775 0.119462
v -0.339071 0.033817 0.119385
v -0.340047 0.037393 0.119777
v -0.340235 0.042256 0.118684
v -0.340965 0.044806 0.118800
v -0.347503 0.028387 0.117097
v -0.344428 0.032303 0.115831
v -0.343248 0.036178 0.114971
v -0.342608 0.040645 0.114711
v -0.348382 0.027797 0.115274
v -0.345308 0.031714 0.114008
v -0.344699 0.036163 0.112981
v -0.343488 0.040056 0.112888
v -0.344456 0.026267 0.110805
v -0.344177 0.030463 0.113101
v -0.343605 0.035603 0.116632
v -0.342373 0.040005 0.116239
v -0.341830 0.026976 0.109730
v -0.341550 0.031172 0.112026
v -0.340978 0.036312 0.115557
v -0.339747 0.040714 0.115164
v -0.341002 0.022613 0.107965
v -0.342641 0.029904 0.113678
v -0.342873 0.033713 0.115283
v -0.342377 0.041556 0.115109
v -0.337359 0.023749 0.107959
v -0.339006 0.031101 0.113757
v -0.339238 0.035146 0.115246
v -0.338736 0.042926 0.114987
v -0.346478 0.023782 0.111752
v -0.345054 0.028479 0.115126
v -0.343147 0.035682 0.117731
v -0.343336 0.040772 0.117169
v -0.344299 0.023983 0.108495
v -0.342874 0.028679 0.111869
v -0.340968 0.035883 0.114474
v -0.341157 0.040973 0.113912
v -0.342628 0.024900 0.124535
v -0.341574 0.034542 0.123807
v -0.340828 0.039718 0.120881
v -0.343101 0.043798 0.122777
v -0.346041 0.023455 0.123580
v -0.344987 0.033097 0.122852
v -0.344241 0.038274 0.119926
v -0.346514 0.042353 0.121822
v -0.332194 0.024462 0.119818
v -0.334256 0.028285 0.115383
v -0.338185 0.037931 0.117315
v -0.339485 0.045217 0.120788
v -0.335440 0.023531 0.121868
v -0.337503 0.027354 0.117434
v -0.341431 0.037001 0.119366
v -0.342900 0.044710 0.123694
v -0.349226 0.021538 0.117119
v -0.346667 0.026576 0.118087
v -0.342831 0.034374 0.117579
v -0.343536 0.040696 0.117503
v -0.350190 0.020598 0.113628
v -0.347631 0.025635 0.114596
v -0.343796 0.033433 0.114088
v -0.344501 0.039756 0.114012
v -0.346539 0.023169 0.137420
v -0.345363 0.029502 0.128604
v -0.343504 0.038052 0.121074
v -0.342247 0.042926 0.121187
v -0.348723 0.026694 0.139310
v -0.347483 0.032995 0.131147
v -0.346955 0.037690 0.122882
v -0.345763 0.042596 0.122342
v -0.347844 0.030425 0.129819
v -0.343964 0.034758 0.128886
v -0.339602 0.040546 0.125334
v -0.338352 0.044059 0.122329
v -0.347802 0.028660 0.126307
v -0.343922 0.032993 0.125374
v -0.339560 0.038781 0.121823
v -0.338978 0.042484 0.117675
v -0.348981 0.027644 0.131494
v -0.345892 0.036264 0.131612
v -0.344451 0.039814 0.130261
v -0.342447 0.045067 0.124173
v -0.345855 0.027310 0.129683
v -0.342767 0.035930 0.129801
v -0.341340 0.039615 0.128179
v -0.339973 0.045267 0.125110
v -0.348146 0.033737 0.131013
v -0.347998 0.034485 0.125932
v -0.348522 0.037225 0.122266
v -0.347982 0.039370 0.118841
v -0.350190 0.033455 0.131444
v -0.350042 0.034202 0.126364
v -0.350566 0.036942 0.122697
v -0.350025 0.039087 0.119272
v -0.335932 0.041044 0.134815
v -0.337139 0.041420 0.128352
v -0.339500 0.042557 0.121833
v -0.340644 0.043228 0.118516
v -0.339427 0.040605 0.135875
v -0.339620 0.039879 0.128515
v -0.340880 0.040223 0.122302
v -0.343125 0.041687 0.118679
v -0.328169 0.039678 0.144386
v -0.327780 0.042009 0.134646
v -0.333827 0.044245 0.126155
v -0.338886 0.046732 0.121199
v -0.330782 0.037051 0.143471
v -0.330394 0.039376 0.133706
v -0.336647 0.041749 0.125128
v -0.341704 0.044241 0.120196
v -0.338361 0.041184 0.135257
v -0.337878 0.039131 0.127570
v -0.341436 0.039369 0.120528
v -0.345034 0.041476 0.117816
v -0.338932 0.038142 0.135306
v -0.341213 0.038619 0.129661
v -0.344732 0.038815 0.122584
v -0.348330 0.040921 0.119872
v -0.334260 0.032976 0.145685
v -0.342496 0.036785 0.138493
v -0.346917 0.042393 0.132212
v -0.346000 0.045085 0.127985
v -0.332187 0.035644 0.147482
v -0.340422 0.039452 0.140291
v -0.344843 0.045060 0.134010
v -0.343927 0.047752 0.129782
v -0.335272 0.033679 0.145983
v -0.339101 0.038550 0.146369
v -0.341347 0.044910 0.138201
v -0.342320 0.047553 0.129693
v -0.331729 0.035295 0.145319
v -0.335557 0.040166 0.145706
v -0.337803 0.046526 0.137537
v -0.338776 0.049170 0.129029
v -0.334684 0.033565 0.141020
v -0.340090 0.032892 0.135205
v -0.348446 0.036677 0.126575
v -0.351076 0.040030 0.122529
v -0.335780 0.035303 0.144147
v -0.341186 0.034630 0.138332
v -0.349542 0.038415 0.129702
v -0.352172 0.041769 0.125656
v -0.326334 0.043112 0.152422
v -0.329786 0.046498 0.149452
v -0.335594 0.049389 0.139166
v -0.336671 0.052739 0.132766
v -0.324404 0.042113 0.149244
v -0.327856 0.045499 0.146274
v -0.333664 0.048389 0.135988
v -0.333671 0.053332 0.132184
v -0.331399 0.038402 0.145941
v -0.334495 0.040980 0.141411
v -0.335666 0.045455 0.129713
v -0.336130 0.049830 0.124395
v -0.327799 0.039841 0.145230
v -0.330894 0.042420 0.140700
v -0.332066 0.046895 0.129002
v -0.332530 0.051269 0.123684
v -0.316345 0.050017 0.141190
v -0.318907 0.050823 0.131768
v -0.320696 0.051246 0.128852
v -0.324347 0.053362 0.123810
v -0.319372 0.047744 0.141668
v -0.321934 0.048550 0.132246
v -0.323932 0.049125 0.129286
v -0.327583 0.051242 0.124244
v -0.312820 0.052297 0.135970
v -0.316109 0.051045 0.131166
v -0.321774 0.050787 0.125675
v -0.325583 0.053086 0.123154
v -0.315276 0.052608 0.139015
v -0.318565 0.051356 0.134210
v -0.324230 0.051098 0.128719
v -0.327739 0.052804 0.126021
v -0.312005 0.042710 0.126838
v -0.319879 0.045801 0.122154
v -0.324656 0.048570 0.122226
v -0.325903 0.050540 0.118176
v -0.309182 0.045244 0.127340
v -0.317056 0.048336 0.122656
v -0.321833 0.051105 0.122728
v -0.323001 0.053255 0.118364
v -0.310961 0.050695 0.121369
v -0.315292 0.050153 0.122906
v -0.320789 0.051642 0.125139
v -0.323705 0.054763 0.125720
v -0.309498 0.052489 0.123160
v -0.313828 0.051947 0.124696
v -0.319325 0.053435 0.126930
v -0.322241 0.056557 0.127510
v -0.312979 0.046132 0.114457
v -0.313488 0.050122 0.116315
v -0.314412 0.052967 0.117479
v -0.317687 0.055979 0.116130
v -0.311928 0.046446 0.112597
v -0.312437 0.050436 0.114455
v -0.314439 0.053484 0.113595
v -0.316636 0.056293 0.114269
v -0.319352 0.024366 0.096956
v -0.319755 0.030408 0.097255
v -0.322641 0.041211 0.103017
v -0.325959 0.046992 0.104804
v -0.322490 0.023352 0.099115
v -0.322894 0.029393 0.099414
v -0.325779 0.040196 0.105177
v -0.329098 0.045978 0.106963
v -0.322446 0.042507 0.117785
v -0.322643 0.046566 0.120078
v -0.322743 0.052370 0.121845
v -0.323052 0.055443 0.123047
v -0.321430 0.044613 0.117169
v -0.320393 0.047331 0.118370
v -0.320496 0.053142 0.120121
v -0.320803 0.056208 0.121339
v -0.321034 0.039630 0.110048
v -0.319325 0.043296 0.108240
v -0.320316 0.048106 0.107360
v -0.320211 0.051706 0.107171
v -0.322402 0.038805 0.108595
v -0.320693 0.042471 0.106787
v -0.321684 0.047280 0.105907
v -0.321580 0.050880 0.105718
v -0.323710 0.028337 0.112022
v -0.322948 0.035257 0.117359
v -0.322425 0.047867 0.121058
v -0.324261 0.053627 0.122139
v -0.321270 0.029141 0.109140
v -0.321083 0.037397 0.111374
v -0.320072 0.048251 0.117655
v -0.321821 0.054431 0.119257
v -0.317845 0.028745 0.113099
v -0.315510 0.035450 0.110543
v -0.319973 0.044632 0.111557
v -0.322343 0.050402 0.113638
v -0.320879 0.027051 0.111399
v -0.318544 0.033755 0.108843
v -0.323007 0.042938 0.109857
v -0.327720 0.048364 0.113015
v -0.320794 0.026446 0.111993
v -0.320210 0.037350 0.115538
v -0.322265 0.047707 0.116757
v -0.325836 0.050301 0.117192
v -0.321453 0.025694 0.108414
v -0.320869 0.036598 0.111960
v -0.322925 0.046955 0.113178
v -0.326289 0.049554 0.113657
v -0.325658 0.035769 0.109895
v -0.327220 0.037729 0.113362
v -0.329232 0.043658 0.118454
v -0.329884 0.048273 0.120070
v -0.323511 0.036316 0.111372
v -0.323753 0.039470 0.113478
v -0.325649 0.045274 0.118467
v -0.326554 0.049383 0.120364
v -0.321947 0.025287 0.101161
v -0.328782 0.030458 0.105213
v -0.330071 0.039789 0.110213
v -0.330631 0.046896 0.112752
v -0.320380 0.026171 0.104312
v -0.327216 0.031342 0.108364
v -0.328440 0.040968 0.113374
v -0.330810 0.046738 0.115455
v -0.325018 0.038862 0.112292
v -0.322386 0.043251 0.112740
v -0.322097 0.048812 0.112887
v -0.321570 0.052752 0.113798
v -0.325180 0.038554 0.110213
v -0.322548 0.042943 0.110661
v -0.322258 0.048505 0.110808
v -0.321731 0.052444 0.111719
v -0.326135 0.037534 0.113026
v -0.327272 0.041199 0.115893
v -0.329130 0.047067 0.121224
v -0.328458 0.051507 0.121847
v -0.322346 0.040114 0.112041
v -0.324594 0.042378 0.115880
v -0.326453 0.048245 0.121212
v -0.325780 0.052686 0.121834
v -0.325309 0.026049 0.107861
v -0.330554 0.032260 0.114079
v -0.330955 0.041809 0.117247
v -0.330974 0.049137 0.118099
v -0.322081 0.027539 0.109249
v -0.327326 0.033750 0.115467
v -0.327731 0.043550 0.118562
v -0.330101 0.049320 0.120642
v -0.324079 0.038048 0.113899
v -0.323622 0.042762 0.117800
v -0.323822 0.049470 0.121957
v -0.324677 0.054519 0.122152
v -0.319927 0.037817 0.110744
v -0.320748 0.043986 0.115660
v -0.320803 0.050536 0.119688
v -0.321658 0.055585 0.119883
v -0.316248 0.027401 0.108728
v -0.316155 0.037726 0.109501
v -0.319626 0.046563 0.109838
v -0.323465 0.049256 0.111829
v -0.318912 0.025824 0.106478
v -0.318818 0.036148 0.107251
v -0.322289 0.044985 0.107587
v -0.326129 0.047678 0.109579
v -0.316124 0.028201 0.107864
v -0.317304 0.032586 0.103631
v -0.323158 0.041197 0.105579
v -0.327120 0.047696 0.110256
v -0.319649 0.026550 0.108542
v -0.320828 0.030935 0.104309
v -0.326683 0.039545 0.106257
v -0.330631 0.046039 0.110912
v -0.317953 0.030517 0.111900
v -0.315951 0.037861 0.115147
v -0.316340 0.050329 0.117034
v -0.318476 0.055793 0.117420
v -0.317619 0.030187 0.108188
v -0.315617 0.037531 0.111435
v -0.316006 0.049999 0.113322
v -0.318142 0.055464 0.113707
v -0.326481 0.021390 0.100335
v -0.328154 0.026719 0.099894
v -0.329958 0.037895 0.104335
v -0.333415 0.043681 0.106728
v -0.327877 0.021402 0.103923
v -0.329550 0.026731 0.103482
v -0.331354 0.037908 0.107923
v -0.334811 0.043694 0.110316
v -0.319809 0.046084 0.118950
v -0.324286 0.045964 0.117057
v -0.327612 0.046845 0.115853
v -0.329367 0.049515 0.115639
v -0.320663 0.046492 0.120994
v -0.325140 0.046372 0.119101
v -0.328841 0.048197 0.118310
v -0.330230 0.049946 0.117693
v -0.326044 0.044308 0.128252
v -0.324432 0.046238 0.125241
v -0.324991 0.048855 0.121139
v -0.326037 0.050611 0.119275
v -0.329147 0.043634 0.128063
v -0.326565 0.044510 0.124194
v -0.327125 0.047127 0.120092
v -0.330359 0.049211 0.118418
v -0.320750 0.036511 0.132637
v -0.320039 0.042730 0.127639
v -0.325875 0.047375 0.123527
v -0.331361 0.051317 0.121860
v -0.322587 0.034177 0.130052
v -0.321874 0.040400 0.125032
v -0.327955 0.045193 0.120956
v -0.333443 0.049132 0.119311
v -0.320515 0.045003 0.126597
v -0.321160 0.046647 0.122228
v -0.323876 0.049018 0.117796
v -0.326429 0.051322 0.117925
v -0.323980 0.043381 0.127564
v -0.324626 0.045025 0.123196
v -0.327341 0.047395 0.118763
v -0.330264 0.049928 0.119160
v -0.316693 0.031712 0.114677
v -0.324744 0.036822 0.112554
v -0.330532 0.044860 0.112016
v -0.328717 0.048272 0.111151
v -0.315517 0.033684 0.117893
v -0.323568 0.038794 0.115769
v -0.329357 0.046833 0.115231
v -0.327541 0.050244 0.114367
v -0.322125 0.031737 0.125099
v -0.326000 0.036049 0.125361
v -0.331835 0.042502 0.120311
v -0.333706 0.048029 0.118457
v -0.319501 0.032229 0.122206
v -0.323376 0.036540 0.122468
v -0.329211 0.042993 0.117418
v -0.331082 0.048520 0.115564
v -0.314593 0.043879 0.122092
v -0.317795 0.044832 0.118632
v -0.324361 0.046454 0.114843
v -0.326969 0.050130 0.114576
v -0.316566 0.044177 0.125502
v -0.319768 0.045130 0.122042
v -0.326335 0.046752 0.118252
v -0.328954 0.050480 0.118017
v -0.323799 0.026824 0.113242
v -0.329260 0.030993 0.117017
v -0.332646 0.040169 0.116008
v -0.333572 0.046051 0.112067
v -0.320535 0.028912 0.114014
v -0.325995 0.033080 0.117789
v -0.329381 0.042256 0.116780
v -0.330308 0.048139 0.112839
v -0.335445 0.031287 0.138754
v -0.335063 0.040275 0.135046
v -0.337215 0.047368 0.129207
v -0.341108 0.048006 0.128294
v -0.336621 0.029315 0.135538
v -0.336238 0.038303 0.131831
v -0.338391 0.045396 0.125991
v -0.342284 0.046034 0.125078
v -0.328992 0.029626 0.128961
v -0.329769 0.033912 0.125127
v -0.332581 0.043439 0.123537
v -0.336108 0.047888 0.121246
v -0.331818 0.029508 0.131699
v -0.332595 0.033794 0.127865
v -0.335407 0.043321 0.126275
v -0.338934 0.047770 0.123984
v -0.343472 0.029897 0.126683
v -0.343357 0.034520 0.127786
v -0.341722 0.041480 0.127865
v -0.342923 0.046533 0.124811
v -0.341461 0.029530 0.123303
v -0.341346 0.034153 0.124406
v -0.339711 0.041113 0.124484
v -0.340912 0.046166 0.121430
v -0.234498 0.020896 -0.068821
v -0.233469 0.025425 -0.066668
v -0.232937 0.032124 -0.058441
v -0.234201 0.036449 -0.054745
v -0.237082 0.019933 -0.066956
v -0.236053 0.024462 -0.064803
v -0.235521 0.031161 -0.056576
v -0.236786 0.035486 -0.052880
v -0.241581 0.025350 -0.049711
v -0.241106 0.028226 -0.048525
v -0.240278 0.032356 -0.048564
v -0.240025 0.034456 -0.047819
v -0.239671 0.025857 -0.051211
v -0.239196 0.028734 -0.050025
v -0.238368 0.032863 -0.050064
v -0.238115 0.034963 -0.049320
v -0.247973 0.023680 -0.049874
v -0.245194 0.026534 -0.051591
v -0.243599 0.029586 -0.052197
v -0.241989 0.033044 -0.052061
v -0.249445 0.023843 -0.050861
v -0.246666 0.026698 -0.052578
v -0.245372 0.030345 -0.052975
v -0.243461 0.033208 -0.053048
v -0.248820 0.023101 -0.055956
v -0.246571 0.025750 -0.053885
v -0.243383 0.028770 -0.050940
v -0.241426 0.032106 -0.051165
v -0.247188 0.023470 -0.057773
v -0.244939 0.026119 -0.055702
v -0.241751 0.029139 -0.052757
v -0.239794 0.032475 -0.052983
v -0.248509 0.020356 -0.059975
v -0.245436 0.024891 -0.054223
v -0.243914 0.027506 -0.052471
v -0.241419 0.033615 -0.051757
v -0.245640 0.020603 -0.061421
v -0.242522 0.025167 -0.055598
v -0.240979 0.027996 -0.053896
v -0.238529 0.034077 -0.053253
v -0.250579 0.021265 -0.054733
v -0.246979 0.023827 -0.052332
v -0.242624 0.028468 -0.050350
v -0.241532 0.032639 -0.049980
v -0.250230 0.021877 -0.057971
v -0.246629 0.024438 -0.055570
v -0.242275 0.029080 -0.053588
v -0.241182 0.033251 -0.053218
v -0.242730 0.018164 -0.047200
v -0.239545 0.025728 -0.046881
v -0.238668 0.030411 -0.048587
v -0.238390 0.033524 -0.045698
v -0.245889 0.017881 -0.046577
v -0.242704 0.025445 -0.046258
v -0.241827 0.030128 -0.047965
v -0.241548 0.033241 -0.045076
v -0.237334 0.017190 -0.055174
v -0.239377 0.021698 -0.056902
v -0.238672 0.029461 -0.052515
v -0.236211 0.034511 -0.048502
v -0.239094 0.016506 -0.052423
v -0.241137 0.021014 -0.054151
v -0.240431 0.028777 -0.049764
v -0.237645 0.033968 -0.045013
v -0.251105 0.018607 -0.050025
v -0.247524 0.021856 -0.049781
v -0.242830 0.027425 -0.050772
v -0.241567 0.032528 -0.049667
v -0.253367 0.018940 -0.052205
v -0.249787 0.022189 -0.051961
v -0.245092 0.027758 -0.052952
v -0.243829 0.032862 -0.051847
v -0.241079 0.014175 -0.036579
v -0.241805 0.021208 -0.042496
v -0.240939 0.029528 -0.047503
v -0.238640 0.033099 -0.047317
v -0.240897 0.016839 -0.033808
v -0.241340 0.023667 -0.039294
v -0.242773 0.029388 -0.044757
v -0.240758 0.033164 -0.045003
v -0.242821 0.022058 -0.040424
v -0.239234 0.025011 -0.042202
v -0.235890 0.029695 -0.045853
v -0.235161 0.033004 -0.048060
v -0.244619 0.021572 -0.043171
v -0.241033 0.024525 -0.044949
v -0.237689 0.029208 -0.048600
v -0.237806 0.033080 -0.051300
v -0.243768 0.019646 -0.039112
v -0.239127 0.025830 -0.039221
v -0.237627 0.028708 -0.040334
v -0.237045 0.034044 -0.044823
v -0.242359 0.019298 -0.041810
v -0.237719 0.025482 -0.041919
v -0.236294 0.028539 -0.043199
v -0.234902 0.033522 -0.045215
v -0.241645 0.024402 -0.039000
v -0.243254 0.026272 -0.042568
v -0.244235 0.029460 -0.044571
v -0.244547 0.031930 -0.046949
v -0.242993 0.024430 -0.037836
v -0.244601 0.026301 -0.041405
v -0.245582 0.029488 -0.043408
v -0.245894 0.031958 -0.045786
v -0.229592 0.026991 -0.040667
v -0.232777 0.029166 -0.044673
v -0.236577 0.032157 -0.048111
v -0.238444 0.033741 -0.049873
v -0.231761 0.026992 -0.038444
v -0.234888 0.028355 -0.043678
v -0.238024 0.030450 -0.047488
v -0.240554 0.032930 -0.048879
v -0.220921 0.022078 -0.037459
v -0.223677 0.026349 -0.044227
v -0.230492 0.031363 -0.047302
v -0.235208 0.035487 -0.048269
v -0.223838 0.020715 -0.037318
v -0.226606 0.024989 -0.044103
v -0.233561 0.030169 -0.047132
v -0.238264 0.034290 -0.048081
v -0.231086 0.027417 -0.039271
v -0.234237 0.027703 -0.045212
v -0.239326 0.030336 -0.048619
v -0.242277 0.033324 -0.048683
v -0.232326 0.025119 -0.039395
v -0.235924 0.027353 -0.042338
v -0.241011 0.029954 -0.045791
v -0.243963 0.032942 -0.045856
v -0.226586 0.017564 -0.034772
v -0.233998 0.023863 -0.035756
v -0.237887 0.030664 -0.037523
v -0.238085 0.033703 -0.040561
v -0.223700 0.018826 -0.034046
v -0.231113 0.025125 -0.035030
v -0.235001 0.031926 -0.036797
v -0.235200 0.034965 -0.039835
v -0.226983 0.018217 -0.034024
v -0.228142 0.022615 -0.031418
v -0.231010 0.030108 -0.035374
v -0.234165 0.034548 -0.040629
v -0.224297 0.019029 -0.035829
v -0.225456 0.023427 -0.033223
v -0.228324 0.030920 -0.037179
v -0.231479 0.035360 -0.042434
v -0.228482 0.019303 -0.037817
v -0.234657 0.021232 -0.039666
v -0.242705 0.027905 -0.041621
v -0.245131 0.032044 -0.042889
v -0.227575 0.020054 -0.034885
v -0.233750 0.021982 -0.036734
v -0.241798 0.028656 -0.038689
v -0.244224 0.032795 -0.039957
v -0.215625 0.022374 -0.032100
v -0.218209 0.026407 -0.032240
v -0.225352 0.032354 -0.036606
v -0.227583 0.036824 -0.040224
v -0.215759 0.022069 -0.035334
v -0.218343 0.026101 -0.035474
v -0.225486 0.032049 -0.039840
v -0.225535 0.036908 -0.041871
v -0.222954 0.021247 -0.035114
v -0.226108 0.024986 -0.036626
v -0.230092 0.031720 -0.043810
v -0.231194 0.036605 -0.046791
v -0.220296 0.021923 -0.037001
v -0.223450 0.025661 -0.038513
v -0.227434 0.032395 -0.045697
v -0.228536 0.037280 -0.048678
v -0.210933 0.028919 -0.043513
v -0.216065 0.032435 -0.048968
v -0.218303 0.033835 -0.050196
v -0.222169 0.037441 -0.051890
v -0.213514 0.027549 -0.042154
v -0.218646 0.031065 -0.047608
v -0.221003 0.032633 -0.048757
v -0.224869 0.036239 -0.050450
v -0.209798 0.031431 -0.048453
v -0.214272 0.032269 -0.050590
v -0.220389 0.034486 -0.052040
v -0.223361 0.037613 -0.051851
v -0.210277 0.031324 -0.045176
v -0.214751 0.032162 -0.047313
v -0.220868 0.034379 -0.048763
v -0.223865 0.037033 -0.048912
v -0.215391 0.026121 -0.056578
v -0.221803 0.031148 -0.056038
v -0.224338 0.034146 -0.053523
v -0.226188 0.036956 -0.055585
v -0.212509 0.027480 -0.057117
v -0.218921 0.032507 -0.056577
v -0.221456 0.035505 -0.054062
v -0.223318 0.038524 -0.056357
v -0.214475 0.033611 -0.059841
v -0.217078 0.033555 -0.056928
v -0.219661 0.035120 -0.052736
v -0.220601 0.037934 -0.050628
v -0.212266 0.034297 -0.058970
v -0.214870 0.034241 -0.056057
v -0.217452 0.035806 -0.051866
v -0.218392 0.038620 -0.049757
v -0.219792 0.032171 -0.064475
v -0.218319 0.034911 -0.062398
v -0.217722 0.037007 -0.060784
v -0.219675 0.040297 -0.059903
v -0.219672 0.032711 -0.066213
v -0.218199 0.035451 -0.064135
v -0.219065 0.038418 -0.063459
v -0.219555 0.040837 -0.061641
v -0.237024 0.020739 -0.077029
v -0.235488 0.025472 -0.075827
v -0.232276 0.032971 -0.069023
v -0.232291 0.037632 -0.065525
v -0.238691 0.019942 -0.074259
v -0.237154 0.024675 -0.073058
v -0.233943 0.032173 -0.066253
v -0.233957 0.036835 -0.062755
v -0.226185 0.030144 -0.058457
v -0.224308 0.032772 -0.056198
v -0.222070 0.036886 -0.054120
v -0.220964 0.039041 -0.052718
v -0.225111 0.031776 -0.059055
v -0.223163 0.033414 -0.058291
v -0.220932 0.037539 -0.056222
v -0.219820 0.039684 -0.054812
v -0.228936 0.029633 -0.064951
v -0.227389 0.032673 -0.066489
v -0.227058 0.036848 -0.066032
v -0.226040 0.039702 -0.065728
v -0.230677 0.029603 -0.065494
v -0.229130 0.032642 -0.067031
v -0.228799 0.036817 -0.066575
v -0.227781 0.039671 -0.066271
v -0.233251 0.020740 -0.063898
v -0.228744 0.024656 -0.059514
v -0.223417 0.033500 -0.055423
v -0.222666 0.038065 -0.053078
v -0.232407 0.021682 -0.066903
v -0.229099 0.027548 -0.064289
v -0.222949 0.034263 -0.058815
v -0.221823 0.039007 -0.056083
v -0.228623 0.019744 -0.065647
v -0.226062 0.025249 -0.067581
v -0.226210 0.032980 -0.063672
v -0.225453 0.037388 -0.060382
v -0.231869 0.019390 -0.065752
v -0.229308 0.024895 -0.067686
v -0.229456 0.032626 -0.063777
v -0.230028 0.036902 -0.058744
v -0.231755 0.018748 -0.065449
v -0.226925 0.026283 -0.061723
v -0.224978 0.034456 -0.058566
v -0.226581 0.037011 -0.056345
v -0.233784 0.019198 -0.067801
v -0.228954 0.026733 -0.064075
v -0.227007 0.034906 -0.060917
v -0.228447 0.037417 -0.058755
v -0.233322 0.027463 -0.063554
v -0.232550 0.028382 -0.060147
v -0.230356 0.032076 -0.054856
v -0.228898 0.035394 -0.052804
v -0.231106 0.027131 -0.063373
v -0.229587 0.029105 -0.061349
v -0.227387 0.032706 -0.056198
v -0.226142 0.035599 -0.053904
v -0.236989 0.020836 -0.072785
v -0.238781 0.025056 -0.066222
v -0.235156 0.031314 -0.060856
v -0.232580 0.036333 -0.057853
v -0.234451 0.020440 -0.071117
v -0.236242 0.024660 -0.064553
v -0.232484 0.031136 -0.059169
v -0.231727 0.035544 -0.055879
v -0.231093 0.029157 -0.061718
v -0.227842 0.032018 -0.061962
v -0.226013 0.036292 -0.061236
v -0.224187 0.039053 -0.060291
v -0.232080 0.029480 -0.063163
v -0.228829 0.032342 -0.063408
v -0.227000 0.036615 -0.062682
v -0.225174 0.039377 -0.061737
v -0.231973 0.028123 -0.060887
v -0.230648 0.030461 -0.057862
v -0.228274 0.034017 -0.052477
v -0.226314 0.037220 -0.051732
v -0.228964 0.029731 -0.062897
v -0.228445 0.030914 -0.058885
v -0.226072 0.034471 -0.053500
v -0.224111 0.037675 -0.052756
v -0.236592 0.020301 -0.066457
v -0.236156 0.024497 -0.058914
v -0.232542 0.031241 -0.055207
v -0.230163 0.036773 -0.053609
v -0.233386 0.020540 -0.066686
v -0.232951 0.024737 -0.059143
v -0.229295 0.031698 -0.055452
v -0.228538 0.036106 -0.052162
v -0.230057 0.027938 -0.061098
v -0.226929 0.030549 -0.057897
v -0.223602 0.034774 -0.053958
v -0.222701 0.038835 -0.052766
v -0.228410 0.027836 -0.065186
v -0.225382 0.031552 -0.060508
v -0.222047 0.035661 -0.056746
v -0.221145 0.039722 -0.055554
v -0.229539 0.019535 -0.069627
v -0.226266 0.027417 -0.067731
v -0.226073 0.034877 -0.064784
v -0.227246 0.037154 -0.061328
v -0.232701 0.019349 -0.070270
v -0.229427 0.027231 -0.068374
v -0.229234 0.034691 -0.065427
v -0.230408 0.036968 -0.061971
v -0.229553 0.020363 -0.070187
v -0.230743 0.025103 -0.072084
v -0.231673 0.032390 -0.066981
v -0.230841 0.036983 -0.061053
v -0.232230 0.019517 -0.068385
v -0.233420 0.024256 -0.070282
v -0.234350 0.031544 -0.065178
v -0.233519 0.036135 -0.059274
v -0.228652 0.021462 -0.066211
v -0.223947 0.026031 -0.063797
v -0.219985 0.035393 -0.060611
v -0.219792 0.039958 -0.058667
v -0.229916 0.022102 -0.069036
v -0.225212 0.026671 -0.066621
v -0.221250 0.036032 -0.063435
v -0.221056 0.040597 -0.061491
v -0.241577 0.018794 -0.071910
v -0.241410 0.023384 -0.070773
v -0.237836 0.031325 -0.065330
v -0.237717 0.035858 -0.061340
v -0.241193 0.018126 -0.068752
v -0.241026 0.022716 -0.067615
v -0.237452 0.030656 -0.062172
v -0.237332 0.035190 -0.058182
v -0.222887 0.032183 -0.058303
v -0.226772 0.033369 -0.057702
v -0.229307 0.034959 -0.056982
v -0.229862 0.037420 -0.056006
v -0.222596 0.032127 -0.056425
v -0.226481 0.033313 -0.055824
v -0.228855 0.035604 -0.054519
v -0.229567 0.037381 -0.054114
v -0.224233 0.029494 -0.049214
v -0.223698 0.031500 -0.051796
v -0.224903 0.034709 -0.054109
v -0.225845 0.036752 -0.054737
v -0.226667 0.029563 -0.048080
v -0.226076 0.030792 -0.051837
v -0.227282 0.034001 -0.054150
v -0.229591 0.036640 -0.053642
v -0.221068 0.021310 -0.049469
v -0.220706 0.027352 -0.052489
v -0.225036 0.033088 -0.052227
v -0.228395 0.037582 -0.050478
v -0.223991 0.020471 -0.050813
v -0.223636 0.026521 -0.053849
v -0.228082 0.032408 -0.053434
v -0.231435 0.036893 -0.051668
v -0.220792 0.029488 -0.052715
v -0.222433 0.032019 -0.055310
v -0.225342 0.035501 -0.056947
v -0.226430 0.037727 -0.055428
v -0.223310 0.028580 -0.050730
v -0.224951 0.031110 -0.053325
v -0.227861 0.034593 -0.054962
v -0.229041 0.036994 -0.053061
v -0.226381 0.021460 -0.064632
v -0.231378 0.027441 -0.061927
v -0.233364 0.034909 -0.058693
v -0.231457 0.037487 -0.059642
v -0.223784 0.021970 -0.062601
v -0.228781 0.027951 -0.059895
v -0.230767 0.035419 -0.056661
v -0.228860 0.037996 -0.057610
v -0.226232 0.019753 -0.054857
v -0.227628 0.023753 -0.052395
v -0.231803 0.031150 -0.052554
v -0.232253 0.036295 -0.052307
v -0.225351 0.020421 -0.057992
v -0.226747 0.024421 -0.055530
v -0.230922 0.031817 -0.055690
v -0.231373 0.036962 -0.055443
v -0.218669 0.028720 -0.058655
v -0.221951 0.030926 -0.059579
v -0.227524 0.034338 -0.059175
v -0.228412 0.037752 -0.057728
v -0.218676 0.028423 -0.055332
v -0.221958 0.030630 -0.056257
v -0.227531 0.034042 -0.055852
v -0.228401 0.037490 -0.054371
v -0.233280 0.019254 -0.063196
v -0.234496 0.022516 -0.057567
v -0.234658 0.030573 -0.055566
v -0.235137 0.036368 -0.057165
v -0.230113 0.020115 -0.063798
v -0.231329 0.023377 -0.058168
v -0.231491 0.031434 -0.056167
v -0.231970 0.037229 -0.057766
v -0.230516 0.018236 -0.039398
v -0.229113 0.026174 -0.040987
v -0.230828 0.033625 -0.043233
v -0.233718 0.035050 -0.042091
v -0.233113 0.017726 -0.041430
v -0.231710 0.025665 -0.043019
v -0.233425 0.033115 -0.045265
v -0.236315 0.034540 -0.044123
v -0.230173 0.018317 -0.049394
v -0.230959 0.022804 -0.051198
v -0.230838 0.031185 -0.049813
v -0.232919 0.035890 -0.049296
v -0.231149 0.018018 -0.046230
v -0.231934 0.022506 -0.048034
v -0.231814 0.030887 -0.046649
v -0.233894 0.035591 -0.046132
v -0.241096 0.021679 -0.044634
v -0.239293 0.025000 -0.043280
v -0.236153 0.030150 -0.043004
v -0.236723 0.035114 -0.043965
v -0.241072 0.021907 -0.047962
v -0.239269 0.025228 -0.046608
v -0.236129 0.030378 -0.046332
v -0.236699 0.035342 -0.047293
v -0.257523 0.005756 -0.068821
v -0.258299 0.010335 -0.066668
v -0.260363 0.016730 -0.058441
v -0.263181 0.020246 -0.054745
v -0.259545 0.003880 -0.066956
v -0.260321 0.008459 -0.064803
v -0.262385 0.014854 -0.056576
v -0.265203 0.018370 -0.052880
v -0.265769 0.007171 -0.049711
v -0.266428 0.010011 -0.048525
v -0.267237 0.014144 -0.048564
v -0.267805 0.016182 -0.047819
v -0.264197 0.008368 -0.051211
v -0.264855 0.011209 -0.050025
v -0.265665 0.015342 -0.050064
v -0.266232 0.017379 -0.049320
v -0.271041 0.003189 -0.049874
v -0.269561 0.006888 -0.051591
v -0.269251 0.010317 -0.052197
v -0.269081 0.014128 -0.052061
v -0.272464 0.002778 -0.050861
v -0.270984 0.006477 -0.052578
v -0.271179 0.010342 -0.052975
v -0.270504 0.013718 -0.053048
v -0.271604 0.002331 -0.055956
v -0.270535 0.005637 -0.053885
v -0.268740 0.009645 -0.050940
v -0.268203 0.013476 -0.051165
v -0.270236 0.003294 -0.057773
v -0.269166 0.006601 -0.055703
v -0.267372 0.010609 -0.052757
v -0.266835 0.014439 -0.052983
v -0.270269 -0.000088 -0.059975
v -0.269158 0.005277 -0.054223
v -0.268749 0.008274 -0.052471
v -0.268772 0.014873 -0.051757
v -0.267711 0.001235 -0.061421
v -0.266570 0.006643 -0.055598
v -0.266223 0.009847 -0.053896
v -0.266277 0.016403 -0.053253
v -0.272529 -0.000037 -0.054733
v -0.270178 0.003704 -0.052332
v -0.267923 0.009655 -0.050350
v -0.268504 0.013928 -0.049980
v -0.272440 0.000662 -0.057971
v -0.270088 0.004403 -0.055570
v -0.267833 0.010354 -0.053588
v -0.268415 0.014626 -0.053218
v -0.264090 0.000090 -0.047200
v -0.264031 0.008297 -0.046881
v -0.265007 0.012961 -0.048587
v -0.265937 0.015945 -0.045698
v -0.266902 -0.001377 -0.046577
v -0.266843 0.006830 -0.046258
v -0.267819 0.011494 -0.047965
v -0.268749 0.014478 -0.045076
v -0.258731 0.001248 -0.055174
v -0.262339 0.004635 -0.056902
v -0.264649 0.012081 -0.052515
v -0.264299 0.017688 -0.048502
v -0.260097 -0.000055 -0.052423
v -0.263705 0.003332 -0.054151
v -0.266014 0.010778 -0.049764
v -0.265418 0.016639 -0.045013
v -0.272001 -0.002695 -0.050025
v -0.269931 0.001674 -0.049781
v -0.267715 0.008613 -0.050772
v -0.268494 0.013812 -0.049667
v -0.274219 -0.003250 -0.052205
v -0.272149 0.001119 -0.051961
v -0.269933 0.008058 -0.052952
v -0.270713 0.013257 -0.051847
v -0.261043 -0.002967 -0.036579
v -0.264396 0.003257 -0.042496
v -0.266770 0.011278 -0.047503
v -0.266007 0.015456 -0.047317
v -0.261891 -0.000436 -0.033808
v -0.264904 0.005707 -0.039294
v -0.268412 0.010449 -0.044758
v -0.267989 0.014709 -0.045003
v -0.265660 0.003655 -0.040424
v -0.263471 0.007753 -0.042202
v -0.262166 0.013358 -0.045853
v -0.262754 0.016695 -0.048060
v -0.267137 0.002519 -0.043171
v -0.264948 0.006617 -0.044949
v -0.263643 0.012222 -0.048600
v -0.265228 0.015757 -0.051300
v -0.265615 0.001064 -0.039112
v -0.263684 0.008551 -0.039221
v -0.263395 0.011784 -0.040334
v -0.264892 0.016938 -0.044823
v -0.264180 0.001279 -0.041810
v -0.262250 0.008766 -0.041919
v -0.262098 0.012135 -0.043199
v -0.262713 0.017272 -0.045215
v -0.265467 0.006270 -0.039000
v -0.267668 0.007385 -0.042568
v -0.269790 0.009958 -0.044571
v -0.271021 0.012122 -0.046949
v -0.266724 0.005782 -0.037836
v -0.268924 0.006898 -0.041405
v -0.271046 0.009470 -0.043408
v -0.272277 0.011635 -0.045786
v -0.255313 0.013261 -0.040667
v -0.259087 0.014057 -0.044673
v -0.263740 0.015372 -0.048111
v -0.266070 0.016125 -0.049873
v -0.257319 0.012434 -0.038444
v -0.260728 0.012502 -0.043679
v -0.264427 0.013242 -0.047488
v -0.267711 0.014570 -0.048879
v -0.245423 0.012027 -0.037459
v -0.249600 0.014924 -0.044227
v -0.257813 0.016959 -0.047302
v -0.263745 0.018972 -0.048269
v -0.247600 0.009655 -0.037318
v -0.251789 0.012549 -0.044103
v -0.260194 0.014685 -0.047132
v -0.266113 0.016700 -0.048081
v -0.256856 0.013085 -0.039271
v -0.259878 0.012148 -0.045212
v -0.265587 0.012640 -0.048619
v -0.269454 0.014277 -0.048683
v -0.257126 0.010488 -0.039396
v -0.261304 0.011180 -0.042338
v -0.266999 0.011644 -0.045791
v -0.270867 0.013281 -0.045856
v -0.248938 0.005693 -0.034772
v -0.258192 0.008689 -0.035757
v -0.264381 0.013492 -0.037523
v -0.265724 0.016226 -0.040561
v -0.246752 0.007960 -0.034046
v -0.256007 0.010956 -0.035030
v -0.262195 0.015759 -0.036797
v -0.263538 0.018493 -0.039835
v -0.249554 0.006146 -0.034024
v -0.252303 0.009770 -0.031418
v -0.257813 0.015602 -0.035374
v -0.262422 0.018503 -0.040629
v -0.247381 0.007921 -0.035829
v -0.250130 0.011545 -0.033223
v -0.255639 0.017377 -0.037179
v -0.260249 0.020278 -0.042434
v -0.251354 0.006578 -0.037817
v -0.257798 0.006005 -0.039666
v -0.267783 0.009104 -0.041621
v -0.271604 0.012005 -0.042889
v -0.250802 0.007618 -0.034885
v -0.257246 0.007045 -0.036734
v -0.267231 0.010144 -0.038689
v -0.271052 0.013045 -0.039957
v -0.240640 0.014321 -0.032100
v -0.244568 0.017063 -0.032240
v -0.253439 0.019836 -0.036606
v -0.257206 0.023116 -0.040224
v -0.240648 0.013987 -0.035334
v -0.244575 0.016729 -0.035474
v -0.253447 0.019502 -0.039840
v -0.255345 0.023976 -0.041871
v -0.246986 0.010483 -0.035114
v -0.251327 0.012736 -0.036626
v -0.257579 0.017442 -0.043810
v -0.260461 0.021537 -0.046791
v -0.244786 0.012122 -0.037001
v -0.249127 0.014374 -0.038513
v -0.255379 0.019080 -0.045697
v -0.258262 0.023175 -0.048678
v -0.238800 0.022161 -0.043513
v -0.244886 0.023453 -0.048968
v -0.247487 0.023894 -0.050196
v -0.252438 0.025753 -0.051890
v -0.240663 0.019910 -0.042154
v -0.246748 0.021202 -0.047608
v -0.249525 0.021752 -0.048757
v -0.254475 0.023611 -0.050450
v -0.238709 0.024915 -0.048453
v -0.243164 0.023984 -0.050590
v -0.249664 0.023699 -0.052040
v -0.253604 0.025457 -0.051851
v -0.239111 0.024634 -0.045176
v -0.243566 0.023702 -0.047313
v -0.250067 0.023418 -0.048763
v -0.253849 0.024729 -0.048912
v -0.241853 0.017874 -0.056578
v -0.249699 0.020074 -0.056038
v -0.253185 0.021879 -0.053523
v -0.255967 0.023771 -0.055585
v -0.239708 0.020229 -0.057117
v -0.247553 0.022430 -0.056577
v -0.251040 0.024235 -0.054062
v -0.253913 0.026315 -0.056357
v -0.243864 0.025146 -0.059841
v -0.246249 0.024102 -0.056928
v -0.249233 0.024563 -0.052736
v -0.251176 0.026806 -0.050628
v -0.242084 0.026623 -0.058971
v -0.244469 0.025579 -0.056057
v -0.247453 0.026040 -0.051866
v -0.249396 0.028283 -0.049757
v -0.248230 0.021787 -0.064475
v -0.247913 0.024882 -0.062398
v -0.248161 0.027047 -0.060784
v -0.251221 0.029343 -0.059903
v -0.248325 0.022333 -0.066213
v -0.248008 0.025428 -0.064135
v -0.249940 0.027840 -0.063459
v -0.251316 0.029888 -0.061641
v -0.259799 0.004647 -0.077029
v -0.260184 0.009608 -0.075827
v -0.260075 0.017765 -0.069023
v -0.261866 0.022068 -0.065525
v -0.261035 0.003274 -0.074259
v -0.261420 0.008236 -0.073058
v -0.261311 0.016392 -0.066253
v -0.263103 0.020696 -0.062755
v -0.253366 0.017476 -0.058457
v -0.252633 0.020620 -0.056198
v -0.252134 0.025277 -0.054120
v -0.251934 0.027691 -0.052718
v -0.252996 0.019393 -0.059055
v -0.251820 0.021651 -0.058291
v -0.251331 0.026315 -0.056222
v -0.251121 0.028722 -0.054812
v -0.255714 0.015954 -0.064951
v -0.255444 0.019353 -0.066489
v -0.256730 0.023339 -0.066032
v -0.256878 0.026366 -0.065728
v -0.257312 0.015261 -0.065494
v -0.257041 0.018661 -0.067031
v -0.258328 0.022646 -0.066575
v -0.258475 0.025673 -0.066271
v -0.256311 0.006087 -0.063898
v -0.253638 0.011426 -0.059514
v -0.252088 0.021634 -0.055423
v -0.253135 0.026139 -0.053078
v -0.255890 0.007280 -0.066903
v -0.255070 0.013964 -0.064289
v -0.251946 0.022517 -0.058815
v -0.252714 0.027332 -0.056083
v -0.251653 0.006932 -0.065647
v -0.251385 0.012997 -0.067581
v -0.254471 0.020087 -0.063672
v -0.255452 0.024451 -0.060382
v -0.254518 0.005367 -0.065752
v -0.254251 0.011432 -0.067686
v -0.257337 0.018522 -0.063777
v -0.259496 0.022257 -0.058744
v -0.254168 0.004816 -0.065449
v -0.252578 0.013623 -0.061723
v -0.253896 0.021922 -0.058566
v -0.256351 0.023672 -0.056345
v -0.256215 0.004458 -0.067801
v -0.254624 0.013266 -0.064075
v -0.255942 0.021564 -0.060917
v -0.258232 0.023336 -0.058755
v -0.258940 0.012274 -0.063554
v -0.258577 0.013418 -0.060147
v -0.257959 0.017670 -0.054856
v -0.257876 0.021293 -0.052804
v -0.256765 0.012813 -0.063373
v -0.256114 0.015217 -0.061349
v -0.255454 0.019385 -0.056198
v -0.255407 0.022535 -0.053904
v -0.259803 0.004750 -0.072785
v -0.263069 0.007968 -0.066222
v -0.262105 0.015135 -0.060856
v -0.261638 0.020757 -0.057853
v -0.257305 0.005352 -0.071117
v -0.260571 0.008570 -0.064553
v -0.259567 0.015989 -0.059169
v -0.260548 0.020353 -0.055879
v -0.257527 0.014690 -0.061718
v -0.255613 0.018576 -0.061962
v -0.255552 0.023224 -0.061236
v -0.254917 0.026473 -0.060291
v -0.258563 0.014613 -0.063163
v -0.256648 0.018499 -0.063408
v -0.256588 0.023146 -0.062682
v -0.255953 0.026396 -0.061737
v -0.257945 0.013400 -0.060887
v -0.257612 0.016066 -0.057862
v -0.256775 0.020258 -0.052477
v -0.256184 0.023967 -0.051732
v -0.255777 0.016033 -0.062897
v -0.255749 0.017325 -0.058885
v -0.254912 0.021518 -0.053500
v -0.254321 0.025228 -0.052756
v -0.259231 0.004407 -0.066457
v -0.260429 0.008452 -0.058914
v -0.259661 0.016065 -0.055207
v -0.259572 0.022085 -0.053609
v -0.256360 0.005851 -0.066686
v -0.257558 0.009896 -0.059143
v -0.256834 0.017725 -0.055452
v -0.257815 0.022089 -0.052162
v -0.256104 0.013959 -0.061098
v -0.254209 0.017565 -0.057897
v -0.252745 0.022740 -0.053958
v -0.253460 0.026838 -0.052766
v -0.254542 0.014493 -0.065186
v -0.253161 0.019083 -0.060508
v -0.251645 0.024154 -0.056746
v -0.252361 0.028251 -0.055554
v -0.252420 0.006389 -0.069627
v -0.252400 0.014924 -0.067731
v -0.255067 0.021893 -0.064784
v -0.257021 0.023551 -0.061328
v -0.255271 0.005011 -0.070270
v -0.255252 0.013546 -0.068374
v -0.257919 0.020515 -0.065427
v -0.259873 0.022173 -0.061971
v -0.252749 0.007149 -0.070187
v -0.255657 0.011076 -0.072084
v -0.259296 0.017459 -0.066981
v -0.260279 0.022022 -0.061053
v -0.254901 0.005345 -0.068385
v -0.257809 0.009273 -0.070282
v -0.261448 0.015655 -0.065179
v -0.262431 0.020216 -0.059274
v -0.252335 0.008509 -0.066211
v -0.249729 0.014527 -0.063797
v -0.249637 0.024692 -0.060611
v -0.251199 0.028986 -0.058667
v -0.253748 0.008618 -0.069036
v -0.251142 0.014636 -0.066621
v -0.251050 0.024801 -0.063435
v -0.252612 0.029095 -0.061491
v -0.263265 0.001113 -0.071910
v -0.264862 0.005419 -0.070773
v -0.264587 0.014123 -0.065330
v -0.266205 0.018359 -0.061340
v -0.262655 0.000641 -0.068752
v -0.264251 0.004948 -0.067615
v -0.263977 0.013651 -0.062172
v -0.265595 0.017887 -0.058182
v -0.251095 0.020618 -0.058303
v -0.255139 0.020233 -0.057702
v -0.258089 0.020735 -0.056982
v -0.259541 0.022798 -0.056006
v -0.250805 0.020677 -0.056425
v -0.254848 0.020292 -0.055824
v -0.257917 0.021504 -0.054519
v -0.259253 0.022874 -0.054114
v -0.251313 0.017619 -0.049214
v -0.251584 0.019677 -0.051796
v -0.253923 0.022184 -0.054109
v -0.255573 0.023714 -0.054737
v -0.253590 0.016755 -0.048080
v -0.253513 0.018116 -0.051837
v -0.255851 0.020623 -0.054150
v -0.258992 0.022181 -0.053642
v -0.245267 0.011261 -0.049469
v -0.247237 0.016984 -0.052489
v -0.253427 0.020635 -0.052227
v -0.258246 0.023508 -0.050478
v -0.247649 0.009370 -0.050813
v -0.249628 0.015099 -0.053849
v -0.255983 0.018844 -0.053434
v -0.260793 0.021711 -0.051668
v -0.248131 0.018926 -0.052715
v -0.250613 0.020639 -0.055310
v -0.254631 0.022749 -0.056947
v -0.256485 0.024391 -0.055428
v -0.250112 0.017126 -0.050730
v -0.252594 0.018839 -0.053325
v -0.256612 0.020948 -0.054962
v -0.258619 0.022718 -0.053061
v -0.250235 0.009373 -0.064632
v -0.257135 0.012996 -0.061927
v -0.261820 0.019142 -0.058693
v -0.261040 0.022252 -0.059642
v -0.248029 0.010835 -0.062601
v -0.254929 0.014458 -0.059895
v -0.259614 0.020603 -0.056661
v -0.258834 0.023714 -0.057610
v -0.249446 0.007852 -0.054857
v -0.252262 0.011017 -0.052395
v -0.258943 0.016262 -0.052554
v -0.261322 0.020846 -0.052307
v -0.248887 0.008805 -0.057992
v -0.251703 0.011970 -0.055530
v -0.258383 0.017215 -0.055690
v -0.260762 0.021799 -0.055443
v -0.245875 0.019026 -0.058655
v -0.249750 0.019813 -0.059579
v -0.256204 0.020841 -0.059175
v -0.258327 0.023658 -0.057728
v -0.245768 0.018749 -0.055332
v -0.249644 0.019537 -0.056257
v -0.256097 0.020565 -0.055852
v -0.258216 0.023421 -0.054371
v -0.255770 0.004703 -0.063196
v -0.258139 0.007254 -0.057567
v -0.261362 0.014640 -0.055566
v -0.264015 0.019814 -0.057165
v -0.253171 0.006706 -0.063798
v -0.255540 0.009258 -0.058168
v -0.258763 0.016644 -0.056167
v -0.261416 0.021818 -0.057766
v -0.252827 0.004816 -0.039398
v -0.254559 0.012689 -0.040987
v -0.258985 0.018922 -0.043233
v -0.262201 0.019136 -0.042091
v -0.255033 0.003354 -0.041430
v -0.256765 0.011227 -0.043019
v -0.261192 0.017460 -0.045265
v -0.264407 0.017675 -0.044123
v -0.252541 0.005021 -0.049394
v -0.254979 0.008870 -0.051198
v -0.258065 0.016663 -0.049813
v -0.261782 0.020218 -0.049296
v -0.253329 0.004373 -0.046230
v -0.255767 0.008222 -0.048034
v -0.258853 0.016015 -0.046649
v -0.262570 0.019570 -0.046132
v -0.263921 0.003963 -0.044634
v -0.263521 0.007720 -0.043280
v -0.262583 0.013679 -0.043004
v -0.265003 0.018050 -0.043965
v -0.263985 0.004182 -0.047962
v -0.263585 0.007940 -0.046608
v -0.262647 0.013899 -0.046332
v -0.265068 0.018270 -0.047293
v -0.278347 -0.009417 -0.068821
v -0.279124 -0.004838 -0.066668
v -0.281187 0.001558 -0.058441
v -0.284006 0.005074 -0.054745
v -0.280369 -0.011293 -0.066956
v -0.281145 -0.006714 -0.064803
v -0.283209 -0.000318 -0.056576
v -0.286027 0.003198 -0.052880
v -0.286593 -0.008002 -0.049711
v -0.287252 -0.005162 -0.048525
v -0.288061 -0.001028 -0.048564
v -0.288629 0.001009 -0.047819
v -0.285021 -0.006804 -0.051211
v -0.285680 -0.003964 -0.050026
v -0.286489 0.000169 -0.050064
v -0.287057 0.002207 -0.049320
v -0.291865 -0.011984 -0.049874
v -0.290385 -0.008285 -0.051591
v -0.290075 -0.004855 -0.052197
v -0.289905 -0.001044 -0.052061
v -0.293289 -0.012394 -0.050861
v -0.291808 -0.008695 -0.052578
v -0.292004 -0.004830 -0.052975
v -0.291329 -0.001455 -0.053048
v -0.292428 -0.012842 -0.055956
v -0.291359 -0.009535 -0.053885
v -0.289564 -0.005527 -0.050940
v -0.289028 -0.001697 -0.051165
v -0.291060 -0.011879 -0.057773
v -0.289991 -0.008572 -0.055703
v -0.288196 -0.004564 -0.052757
v -0.287660 -0.000733 -0.052983
v -0.291093 -0.015261 -0.059975
v -0.289982 -0.009896 -0.054223
v -0.289573 -0.006898 -0.052471
v -0.289596 -0.000299 -0.051757
v -0.288536 -0.013938 -0.061421
v -0.287394 -0.008530 -0.055598
v -0.287047 -0.005326 -0.053896
v -0.287101 0.001230 -0.053253
v -0.293353 -0.015210 -0.054733
v -0.291002 -0.011469 -0.052332
v -0.288747 -0.005517 -0.050350
v -0.289328 -0.001245 -0.049980
v -0.293264 -0.014511 -0.057971
v -0.290913 -0.010770 -0.055570
v -0.288657 -0.004818 -0.053588
v -0.289239 -0.000546 -0.053218
v -0.284915 -0.015083 -0.047200
v -0.284856 -0.006876 -0.046881
v -0.285832 -0.002212 -0.048587
v -0.286762 0.000772 -0.045698
v -0.287726 -0.016549 -0.046577
v -0.287667 -0.008342 -0.046258
v -0.288643 -0.003679 -0.047965
v -0.289573 -0.000694 -0.045076
v -0.279556 -0.013925 -0.055174
v -0.283163 -0.010537 -0.056902
v -0.285473 -0.003092 -0.052515
v -0.285124 0.002515 -0.048502
v -0.280921 -0.015228 -0.052423
v -0.284529 -0.011841 -0.054151
v -0.286838 -0.004395 -0.049764
v -0.286242 0.001466 -0.045013
v -0.292825 -0.017867 -0.050025
v -0.290755 -0.013498 -0.049781
v -0.288539 -0.006560 -0.050772
v -0.289319 -0.001360 -0.049667
v -0.295044 -0.018422 -0.052205
v -0.292973 -0.014053 -0.051961
v -0.290758 -0.007114 -0.052952
v -0.291537 -0.001915 -0.051847
v -0.281867 -0.018140 -0.036579
v -0.285221 -0.011916 -0.042496
v -0.287594 -0.003895 -0.047503
v -0.286831 0.000284 -0.047318
v -0.282715 -0.015608 -0.033808
v -0.285729 -0.009465 -0.039294
v -0.289236 -0.004723 -0.044758
v -0.288813 -0.000464 -0.045003
v -0.286484 -0.011518 -0.040424
v -0.284295 -0.007420 -0.042202
v -0.282991 -0.001815 -0.045853
v -0.283579 0.001523 -0.048060
v -0.287961 -0.012653 -0.043171
v -0.285772 -0.008555 -0.044949
v -0.284467 -0.002950 -0.048600
v -0.286052 0.000584 -0.051300
v -0.286439 -0.014109 -0.039112
v -0.284509 -0.006622 -0.039221
v -0.284220 -0.003389 -0.040334
v -0.285717 0.001765 -0.044823
v -0.285005 -0.013893 -0.041810
v -0.283074 -0.006406 -0.041919
v -0.282923 -0.003037 -0.043199
v -0.283537 0.002100 -0.045215
v -0.286291 -0.008903 -0.039000
v -0.288492 -0.007787 -0.042568
v -0.290614 -0.005215 -0.044571
v -0.291845 -0.003050 -0.046949
v -0.287548 -0.009390 -0.037836
v -0.289748 -0.008275 -0.041405
v -0.291871 -0.005702 -0.043408
v -0.293101 -0.003538 -0.045786
v -0.276137 -0.001912 -0.040667
v -0.279911 -0.001116 -0.044673
v -0.284564 0.000200 -0.048111
v -0.286894 0.000952 -0.049873
v -0.278143 -0.002738 -0.038444
v -0.281553 -0.002671 -0.043679
v -0.285251 -0.001931 -0.047488
v -0.288536 -0.000603 -0.048879
v -0.266247 -0.003146 -0.037459
v -0.270424 -0.000249 -0.044227
v -0.278637 0.001787 -0.047302
v -0.284569 0.003800 -0.048269
v -0.268424 -0.005518 -0.037318
v -0.272613 -0.002623 -0.044103
v -0.281018 -0.000488 -0.047132
v -0.286937 0.001528 -0.048081
v -0.277680 -0.002088 -0.039271
v -0.280702 -0.003025 -0.045212
v -0.286411 -0.002532 -0.048619
v -0.290279 -0.000896 -0.048683
v -0.277951 -0.004685 -0.039396
v -0.282129 -0.003993 -0.042338
v -0.287823 -0.003528 -0.045791
v -0.291691 -0.001892 -0.045856
v -0.269762 -0.009479 -0.034772
v -0.279017 -0.006484 -0.035757
v -0.285206 -0.001680 -0.037523
v -0.286548 0.001054 -0.040561
v -0.267576 -0.007212 -0.034046
v -0.276831 -0.004217 -0.035030
v -0.283020 0.000587 -0.036797
v -0.284363 0.003321 -0.039835
v -0.270379 -0.009027 -0.034024
v -0.273127 -0.005403 -0.031418
v -0.278637 0.000429 -0.035374
v -0.283247 0.003330 -0.040629
v -0.268206 -0.007252 -0.035829
v -0.270954 -0.003628 -0.033223
v -0.276464 0.002204 -0.037179
v -0.281073 0.005105 -0.042434
v -0.272178 -0.008594 -0.037817
v -0.278623 -0.009168 -0.039666
v -0.288607 -0.006068 -0.041621
v -0.292428 -0.003167 -0.042889
v -0.271627 -0.007554 -0.034885
v -0.278071 -0.008128 -0.036734
v -0.288055 -0.005028 -0.038689
v -0.291876 -0.002127 -0.039957
v -0.261465 -0.000852 -0.032100
v -0.265392 0.001890 -0.032240
v -0.274264 0.004664 -0.036606
v -0.278031 0.007944 -0.040224
v -0.261472 -0.001185 -0.035334
v -0.265399 0.001556 -0.035474
v -0.274271 0.004330 -0.039840
v -0.276170 0.008803 -0.041871
v -0.267810 -0.004689 -0.035114
v -0.272151 -0.002436 -0.036626
v -0.278403 0.002269 -0.043810
v -0.281285 0.006364 -0.046791
v -0.265610 -0.003051 -0.037001
v -0.269952 -0.000798 -0.038513
v -0.276203 0.003908 -0.045697
v -0.279086 0.008003 -0.048678
v -0.259625 0.006988 -0.043513
v -0.265710 0.008280 -0.048968
v -0.268312 0.008721 -0.050196
v -0.273262 0.010580 -0.051890
v -0.261487 0.004737 -0.042154
v -0.267572 0.006029 -0.047608
v -0.270349 0.006580 -0.048757
v -0.275299 0.008439 -0.050450
v -0.259533 0.009743 -0.048453
v -0.263989 0.008811 -0.050590
v -0.270489 0.008527 -0.052040
v -0.274428 0.010284 -0.051851
v -0.259935 0.009461 -0.045176
v -0.264391 0.008530 -0.047313
v -0.270891 0.008245 -0.048763
v -0.274673 0.009556 -0.048912
v -0.262678 0.002701 -0.056578
v -0.270523 0.004902 -0.056038
v -0.274009 0.006707 -0.053523
v -0.276791 0.008599 -0.055585
v -0.260532 0.005057 -0.057117
v -0.268377 0.007257 -0.056577
v -0.271864 0.009062 -0.054062
v -0.274737 0.011143 -0.056357
v -0.264688 0.009974 -0.059841
v -0.267073 0.008930 -0.056928
v -0.270057 0.009391 -0.052736
v -0.272000 0.011634 -0.050628
v -0.262908 0.011450 -0.058971
v -0.265293 0.010406 -0.056057
v -0.268277 0.010868 -0.051866
v -0.270220 0.013111 -0.049757
v -0.269054 0.006615 -0.064475
v -0.268737 0.009710 -0.062398
v -0.268985 0.011874 -0.060784
v -0.272045 0.014171 -0.059903
v -0.269149 0.007160 -0.066213
v -0.268832 0.010255 -0.064135
v -0.270764 0.012667 -0.063459
v -0.272140 0.014716 -0.061641
v -0.280623 -0.010526 -0.077029
v -0.281008 -0.005564 -0.075827
v -0.280899 0.002592 -0.069023
v -0.282691 0.006896 -0.065525
v -0.281859 -0.011898 -0.074259
v -0.282244 -0.006937 -0.073058
v -0.282135 0.001219 -0.066253
v -0.283927 0.005523 -0.062755
v -0.274190 0.002303 -0.058457
v -0.273457 0.005448 -0.056198
v -0.272958 0.010104 -0.054120
v -0.272758 0.012519 -0.052718
v -0.273820 0.004221 -0.059055
v -0.272644 0.006478 -0.058291
v -0.272155 0.011142 -0.056222
v -0.271945 0.013549 -0.054812
v -0.276539 0.000781 -0.064951
v -0.276268 0.004181 -0.066489
v -0.277554 0.008167 -0.066032
v -0.277702 0.011193 -0.065728
v -0.278136 0.000089 -0.065494
v -0.277866 0.003488 -0.067031
v -0.279152 0.007474 -0.066575
v -0.279299 0.010501 -0.066271
v -0.277135 -0.009086 -0.063898
v -0.274462 -0.003746 -0.059514
v -0.272912 0.006461 -0.055423
v -0.273959 0.010967 -0.053078
v -0.276715 -0.007893 -0.066903
v -0.275894 -0.001209 -0.064289
v -0.272771 0.007345 -0.058816
v -0.273539 0.012160 -0.056083
v -0.272477 -0.008241 -0.065647
v -0.272210 -0.002175 -0.067581
v -0.275296 0.004915 -0.063672
v -0.276277 0.009278 -0.060382
v -0.275342 -0.009806 -0.065752
v -0.275075 -0.003740 -0.067686
v -0.278161 0.003350 -0.063777
v -0.280320 0.007084 -0.058744
v -0.274992 -0.010357 -0.065449
v -0.273402 -0.001549 -0.061723
v -0.274720 0.006749 -0.058566
v -0.277175 0.008499 -0.056345
v -0.277039 -0.010715 -0.067801
v -0.275448 -0.001907 -0.064075
v -0.276766 0.006391 -0.060917
v -0.279056 0.008163 -0.058755
v -0.279765 -0.002898 -0.063554
v -0.279401 -0.001754 -0.060147
v -0.278783 0.002497 -0.054856
v -0.278701 0.006121 -0.052804
v -0.277590 -0.002359 -0.063373
v -0.276939 0.000044 -0.061349
v -0.276279 0.004212 -0.056198
v -0.276232 0.007362 -0.053904
v -0.280627 -0.010423 -0.072785
v -0.283893 -0.007205 -0.066222
v -0.282930 -0.000037 -0.060856
v -0.282462 0.005584 -0.057853
v -0.278129 -0.009821 -0.071117
v -0.281395 -0.006603 -0.064553
v -0.280392 0.000817 -0.059169
v -0.281373 0.005180 -0.055879
v -0.278351 -0.000482 -0.061718
v -0.276437 0.003403 -0.061962
v -0.276376 0.008051 -0.061236
v -0.275742 0.011301 -0.060291
v -0.279387 -0.000560 -0.063163
v -0.277472 0.003326 -0.063408
v -0.277412 0.007974 -0.062682
v -0.276777 0.011223 -0.061737
v -0.278770 -0.001773 -0.060887
v -0.278437 0.000893 -0.057862
v -0.277599 0.005086 -0.052477
v -0.277009 0.008794 -0.051732
v -0.276601 0.000861 -0.062897
v -0.276574 0.002152 -0.058885
v -0.275736 0.006345 -0.053500
v -0.275145 0.010055 -0.052756
v -0.280055 -0.010766 -0.066457
v -0.281254 -0.006720 -0.058914
v -0.280485 0.000892 -0.055207
v -0.280396 0.006913 -0.053609
v -0.277184 -0.009322 -0.066686
v -0.278382 -0.005276 -0.059143
v -0.277658 0.002552 -0.055452
v -0.278639 0.006916 -0.052162
v -0.276928 -0.001214 -0.061098
v -0.275033 0.002393 -0.057897
v -0.273569 0.007568 -0.053958
v -0.274285 0.011665 -0.052766
v -0.275367 -0.000679 -0.065186
v -0.273985 0.003911 -0.060508
v -0.272469 0.008981 -0.056746
v -0.273185 0.013079 -0.055554
v -0.273244 -0.008784 -0.069627
v -0.273225 -0.000249 -0.067731
v -0.275892 0.006720 -0.064784
v -0.277845 0.008378 -0.061328
v -0.276096 -0.010162 -0.070270
v -0.276076 -0.001627 -0.068374
v -0.278743 0.005342 -0.065427
v -0.280697 0.007000 -0.061971
v -0.273573 -0.008024 -0.070187
v -0.276481 -0.004096 -0.072084
v -0.280120 0.002286 -0.066981
v -0.281103 0.006849 -0.061053
v -0.275725 -0.009827 -0.068385
v -0.278633 -0.005900 -0.070282
v -0.282272 0.000483 -0.065178
v -0.283255 0.005044 -0.059274
v -0.273159 -0.006664 -0.066211
v -0.270553 -0.000646 -0.063797
v -0.270461 0.009519 -0.060611
v -0.272024 0.013813 -0.058667
v -0.274572 -0.006555 -0.069036
v -0.271966 -0.000537 -0.066621
v -0.271874 0.009629 -0.063435
v -0.273436 0.013922 -0.061491
v -0.284089 -0.014060 -0.071910
v -0.285686 -0.009753 -0.070773
v -0.285411 -0.001050 -0.065330
v -0.287030 0.003186 -0.061340
v -0.283479 -0.014531 -0.068752
v -0.285076 -0.010225 -0.067615
v -0.284801 -0.001521 -0.062172
v -0.286420 0.002715 -0.058182
v -0.271920 0.005445 -0.058303
v -0.275963 0.005060 -0.057702
v -0.278913 0.005563 -0.056982
v -0.280365 0.007625 -0.056006
v -0.271629 0.005505 -0.056425
v -0.275672 0.005120 -0.055824
v -0.278741 0.006331 -0.054519
v -0.280077 0.007702 -0.054114
v -0.272138 0.002447 -0.049214
v -0.272409 0.004504 -0.051796
v -0.274747 0.007011 -0.054109
v -0.276397 0.008541 -0.054737
v -0.274414 0.001582 -0.048080
v -0.274337 0.002943 -0.051837
v -0.276675 0.005450 -0.054150
v -0.279816 0.007008 -0.053642
v -0.266091 -0.003911 -0.049469
v -0.268061 0.001811 -0.052489
v -0.274251 0.005463 -0.052227
v -0.279070 0.008335 -0.050478
v -0.268473 -0.005802 -0.050813
v -0.270452 -0.000074 -0.053849
v -0.276807 0.003672 -0.053434
v -0.281617 0.006539 -0.051668
v -0.268955 0.003754 -0.052715
v -0.271437 0.005467 -0.055310
v -0.275455 0.007576 -0.056947
v -0.277310 0.009219 -0.055428
v -0.270936 0.001953 -0.050730
v -0.273418 0.003666 -0.053325
v -0.277436 0.005776 -0.054962
v -0.279443 0.007545 -0.053061
v -0.271059 -0.005800 -0.064632
v -0.277959 -0.002177 -0.061927
v -0.282644 0.003969 -0.058693
v -0.281865 0.007079 -0.059642
v -0.268853 -0.004338 -0.062601
v -0.275753 -0.000715 -0.059895
v -0.280438 0.005431 -0.056661
v -0.279658 0.008541 -0.057610
v -0.270270 -0.007320 -0.054857
v -0.273086 -0.004155 -0.052395
v -0.279767 0.001090 -0.052554
v -0.282146 0.005673 -0.052307
v -0.269711 -0.006367 -0.057992
v -0.272527 -0.003202 -0.055530
v -0.279207 0.002043 -0.055690
v -0.281586 0.006626 -0.055443
v -0.266699 0.003853 -0.058655
v -0.270575 0.004641 -0.059579
v -0.277028 0.005669 -0.059175
v -0.279151 0.008486 -0.057728
v -0.266592 0.003576 -0.055332
v -0.270468 0.004364 -0.056257
v -0.276921 0.005392 -0.055852
v -0.279041 0.008248 -0.054371
v -0.276595 -0.010470 -0.063196
v -0.278964 -0.007918 -0.057567
v -0.282186 -0.000532 -0.055566
v -0.284839 0.004642 -0.057165
v -0.273995 -0.008467 -0.063798
v -0.276364 -0.005915 -0.058168
v -0.279587 0.001471 -0.056167
v -0.282240 0.006645 -0.057766
v -0.273651 -0.010357 -0.039398
v -0.275383 -0.002484 -0.040987
v -0.279810 0.003749 -0.043233
v -0.283025 0.003964 -0.042091
v -0.275858 -0.011819 -0.041430
v -0.277589 -0.003946 -0.043019
v -0.282016 0.002288 -0.045265
v -0.285232 0.002502 -0.044123
v -0.273366 -0.010152 -0.049394
v -0.275803 -0.006303 -0.051198
v -0.278889 0.001490 -0.049813
v -0.282607 0.005045 -0.049296
v -0.274154 -0.010800 -0.046230
v -0.276591 -0.006951 -0.048034
v -0.279677 0.000842 -0.046649
v -0.283395 0.004398 -0.046132
v -0.284745 -0.011210 -0.044634
v -0.284345 -0.007452 -0.043280
v -0.283407 -0.001494 -0.043004
v -0.285828 0.002877 -0.043965
v -0.284810 -0.010990 -0.047962
v -0.284410 -0.007232 -0.046608
v -0.283471 -0.001274 -0.046333
v -0.285892 0.003097 -0.047293
vn 0.7694 -0.0156 0.6386
vn 0.8258 -0.1304 0.5487
vn 0.8256 -0.1235 0.5506
vn 0.8249 -0.1282 0.5506
vn 0.7401 0.0325 0.6717
vn 0.8085 -0.0848 0.5824
vn -0.6756 -0.1431 -0.7232
vn -0.7371 -0.0396 -0.6746
vn -0.6367 -0.2024 -0.7441
vn -0.6545 -0.1739 -0.7358
vn -0.7085 -0.0898 -0.7000
vn -0.6537 -0.1790 -0.7353
vn -0.6775 0.3916 0.6227
vn -0.6291 0.2295 0.7426
vn -0.6774 0.3916 0.6227
vn -0.4063 -0.0393 0.9129
vn -0.6531 0.1944 0.7319
vn -0.5197 -0.0284 0.8539
vn -0.4058 -0.0330 0.9134
vn -0.8855 0.3045 -0.3510
vn -0.8805 0.3542 -0.3150
vn -0.8839 0.2306 -0.4069
vn -0.8811 0.3499 -0.3183
vn -0.8156 -0.0887 -0.5718
vn -0.8746 0.1340 -0.4659
vn -0.7187 0.5042 -0.4787
vn -0.7032 0.4359 -0.5617
vn -0.7201 0.5037 -0.4772
vn -0.6375 0.1374 -0.7581
vn -0.6982 0.4686 -0.5412
vn -0.5480 -0.0328 -0.8358
vn -0.6050 0.0495 -0.7947
vn -0.9493 0.3036 0.0822
vn -0.9755 0.2117 0.0606
vn -0.9799 0.1914 0.0564
vn -0.9967 -0.0813 0.0005
vn -0.9422 -0.3304 -0.0554
vn -0.9970 -0.0769 0.0015
vn 0.2386 0.0098 0.9711
vn 0.1430 0.1118 0.9834
vn 0.3127 -0.0750 0.9469
vn 0.0695 0.1989 0.9775
vn 0.5463 -0.4458 0.7091
vn 0.2411 0.0192 0.9703
vn 0.2589 0.7942 0.5498
vn 0.6595 0.5103 0.5520
vn 0.9094 0.0830 0.4076
vn 0.6731 0.4953 0.5493
vn 0.9668 -0.0784 0.2434
vn 0.9243 0.0542 0.3779
vn -0.7522 0.1474 0.6422
vn -0.7527 0.1560 0.6396
vn -0.6822 -0.1478 0.7161
vn -0.7532 0.1602 0.6380
vn -0.5811 -0.3774 0.7210
vn -0.7104 -0.0576 0.7015
vn 0.8649 0.4938 -0.0904
vn 0.8160 0.5697 -0.0982
vn 0.8078 0.5824 -0.0907
vn 0.7968 0.4470 0.4066
vn 0.8377 0.5439 -0.0494
vn 0.8223 0.0458 0.5672
vn 0.5166 0.7402 0.4305
vn -0.9095 0.3529 0.2197
vn -0.9247 0.2666 0.2717
vn -0.9315 0.1021 0.3492
vn -0.9253 0.2622 0.2741
vn -0.8478 -0.0712 0.5254
vn -0.9096 0.0641 0.4105
vn -0.8951 0.0346 -0.4446
vn -0.8752 -0.1138 -0.4702
vn -0.7575 -0.4064 -0.5109
vn -0.8779 -0.0426 -0.4770
vn -0.1281 -0.6635 -0.7372
vn -0.7957 -0.4164 -0.4398
vn -0.0238 0.8526 0.5219
vn -0.2512 0.9096 0.3309
vn 0.1030 0.7918 0.6020
vn -0.0733 0.8712 0.4854
vn 0.0740 0.8089 0.5832
vn 0.1136 0.7855 0.6084
vn -0.4537 0.8559 0.2480
vn -0.5277 0.7059 0.4726
vn -0.4151 0.8961 0.1572
vn -0.5478 0.6194 0.5624
vn -0.4653 0.3366 0.8187
vn -0.4608 0.3556 0.8131
vn -0.3758 0.4998 0.7803
vn -0.6778 0.4323 0.5948
vn -0.4720 0.3291 0.8179
vn -0.6777 0.4326 0.5946
vn -0.2599 0.2266 0.9387
vn -0.5341 0.3590 0.7654
vn -0.1314 0.1560 0.9790
vn -0.2037 0.1955 0.9593
vn -0.6878 0.2163 0.6929
vn -0.4288 0.8718 0.2367
vn -0.5654 -0.0976 0.8190
vn -0.1014 0.9242 0.3682
vn -0.2940 0.9449 0.1441
vn 0.1639 0.8732 0.4589
vn -0.0784 0.9220 0.3792
vn 0.1194 0.1903 -0.9744
vn 0.1836 0.1483 -0.9718
vn 0.4628 -0.0665 -0.8840
vn 0.2157 0.1272 -0.9681
vn 0.7103 -0.2686 -0.6506
vn 0.4444 -0.0535 -0.8942
vn -0.6526 -0.0946 -0.7517
vn -0.3124 -0.4363 -0.8438
vn 0.1332 -0.6920 -0.7095
vn -0.2960 -0.4486 -0.8433
vn 0.3245 -0.7444 -0.5836
vn 0.1702 -0.7047 -0.6888
vn -0.1808 0.9242 -0.3364
vn -0.0059 0.9379 -0.3468
vn 0.3164 0.8681 -0.3824
vn 0.0715 0.9328 -0.3532
vn 0.4835 0.7972 -0.3614
vn 0.2695 0.8832 -0.3837
vn -0.3927 -0.9157 0.0854
vn -0.2323 -0.9677 0.0982
vn -0.2986 -0.9500 0.0912
vn -0.2641 -0.9596 0.0967
vn -0.2667 -0.8504 -0.4536
vn -0.5906 -0.7916 0.1565
vn 0.0374 -0.6936 -0.7193
vn 0.1676 -0.7429 -0.6481
vn 0.1606 -0.7434 -0.6493
vn 0.1651 -0.7421 -0.6497
vn -0.0173 -0.6679 -0.7440
vn 0.1168 -0.7285 -0.6750
vn -0.5286 0.5960 0.6045
vn -0.4689 0.5882 0.6589
vn -0.2433 0.5857 0.7731
vn -0.5010 0.5786 0.6436
vn -0.1735 0.5679 0.8046
vn -0.2051 0.5880 0.7824
vn -0.4242 0.9039 0.0552
vn -0.3343 0.9398 0.0705
vn -0.3145 0.9464 0.0731
vn -0.0743 0.9899 0.1205
vn 0.1582 0.9672 0.1987
vn -0.0542 0.9938 0.0967
vn -0.0755 -0.1491 -0.9859
vn -0.2098 -0.0476 -0.9766
vn -0.3256 0.0278 -0.9451
vn -0.1477 -0.1175 -0.9820
vn 0.3921 -0.4078 -0.8246
vn -0.0371 -0.1773 -0.9835
vn -0.7249 0.6641 -0.1830
vn -0.6576 0.6808 -0.3226
vn -0.4609 0.6543 -0.5996
vn -0.6415 0.6818 -0.3517
vn -0.2551 0.5761 -0.7766
vn -0.4480 0.6506 -0.6133
vn -0.9599 -0.2770 0.0426
vn -0.9859 -0.1515 0.0714
vn -0.5800 -0.7972 0.1677
vn -0.9064 -0.4022 0.1291
vn -0.5803 -0.8141 0.0218
vn -0.5295 -0.8329 0.1608
vn 0.9030 0.1639 0.3971
vn 0.9428 0.0275 0.3321
vn 0.9427 0.0346 0.3320
vn 0.9423 0.0301 0.3335
vn 0.8797 0.2198 0.4216
vn 0.9314 0.0810 0.3548
vn -0.9736 0.0877 -0.2107
vn -0.9951 0.0990 -0.0081
vn -0.9993 -0.0045 0.0382
vn -0.9670 0.0187 -0.2540
vn -0.9628 0.1230 -0.2405
vn -0.9676 0.0286 -0.2510
vn -0.9670 0.0197 -0.2540
vn -0.3453 -0.0360 0.9378
vn -0.5173 0.2983 0.8021
vn -0.2258 -0.1980 0.9538
vn -0.3908 0.0390 0.9196
vn -0.2485 -0.1639 0.9547
vn -0.2178 -0.2090 0.9533
vn -0.9550 -0.1312 0.2659
vn -0.9875 0.0529 0.1485
vn -0.9734 0.2257 0.0402
vn -0.9798 -0.1792 0.0891
vn -0.9494 -0.1576 0.2717
vn -0.9420 -0.3065 -0.1367
vn -0.9970 -0.0487 0.0596
vn -0.2595 0.2579 0.9307
vn -0.0246 -0.0470 0.9986
vn 0.3119 -0.4218 0.8514
vn 0.0863 -0.1794 0.9800
vn 0.5748 -0.4375 0.6915
vn 0.3722 -0.4082 0.8335
vn -0.6890 -0.2950 0.6620
vn -0.6550 -0.3715 0.6580
vn -0.3755 -0.7204 0.5831
vn -0.6298 -0.4203 0.6532
vn -0.1181 -0.9190 0.3763
vn -0.4435 -0.6530 0.6139
vn -0.7602 0.4944 -0.4214
vn -0.5859 0.7087 -0.3930
vn -0.3944 0.8715 -0.2915
vn -0.7555 0.4025 -0.5168
vn -0.8066 0.4006 -0.4345
vn -0.6658 0.3235 -0.6724
vn -0.7358 0.4055 -0.5424
vn -0.1286 0.9004 -0.4157
vn 0.1204 0.7337 -0.6688
vn 0.2499 0.5932 -0.7653
vn 0.0168 0.8190 -0.5735
vn 0.6720 0.4693 -0.5728
vn 0.1480 0.6354 -0.7579
vn -0.8206 0.2406 0.5183
vn -0.8277 -0.0018 0.5611
vn -0.7855 -0.2102 0.5820
vn -0.8194 -0.0713 0.5687
vn -0.7931 -0.1774 0.5827
vn -0.7822 -0.2223 0.5821
vn -0.8739 0.4014 -0.2743
vn -0.8022 0.4663 -0.3730
vn -0.9151 0.3657 -0.1700
vn -0.7568 0.4825 -0.4410
vn -0.7195 0.3324 -0.6098
vn -0.6282 0.1217 -0.7685
vn -0.7446 0.4098 -0.5269
vn -0.5731 0.6647 -0.4794
vn -0.4763 0.5044 -0.7202
vn -0.3779 0.3769 -0.8457
vn -0.5059 0.5548 -0.6605
vn 0.2869 0.3970 -0.8718
vn -0.4797 0.3806 -0.7906
vn -0.9267 0.3219 -0.1939
vn -0.9571 0.2523 -0.1422
vn -0.9127 0.3232 -0.2500
vn -0.9625 -0.0080 -0.2712
vn -0.9651 0.2408 -0.1034
vn -0.8911 -0.2360 -0.3875
vn -0.9614 -0.0096 -0.2751
vn -0.0679 -0.2342 0.9698
vn -0.0136 -0.2994 0.9540
vn 0.2251 -0.5388 0.8118
vn 0.0135 -0.3311 0.9435
vn 0.4255 -0.7297 0.5352
vn 0.2116 -0.5239 0.8251
vn 0.0982 0.5820 0.8072
vn 0.4870 0.2828 0.8264
vn 0.7781 -0.1087 0.6187
vn 0.5010 0.2684 0.8228
vn 0.8376 -0.2785 0.4699
vn 0.7924 -0.1413 0.5934
vn -0.8956 0.0163 0.4445
vn -0.8864 -0.1521 0.4371
vn -0.7755 -0.4635 0.4286
vn -0.8719 -0.2259 0.4345
vn -0.6872 -0.6180 0.3820
vn -0.7960 -0.4191 0.4367
vn 0.8235 0.5540 -0.1220
vn 0.9103 0.3793 -0.1657
vn 0.9100 0.3787 -0.1687
vn 0.8938 0.4197 -0.1577
vn 0.7818 0.6144 -0.1064
vn 0.8651 0.4791 -0.1487
vn -0.2995 0.9540 -0.0164
vn -0.1423 0.9849 -0.0986
vn 0.2112 0.9464 -0.2445
vn -0.1742 0.9839 -0.0401
vn 0.5621 0.8034 -0.1967
vn 0.3630 0.8977 -0.2496
vn -0.4821 0.7665 0.4243
vn -0.5132 0.4696 0.7184
vn -0.3722 0.8670 0.3312
vn -0.5424 0.3712 0.7537
vn -0.1863 0.2635 0.9465
vn 0.0043 0.1877 0.9822
vn -0.3517 0.2598 0.8993
vn -0.6280 0.0760 0.7745
vn -0.3639 -0.2136 0.9066
vn -0.6278 0.0766 0.7746
vn -0.0228 -0.4604 0.8874
vn -0.4093 -0.1772 0.8951
vn 0.0969 -0.5318 0.8413
vn 0.0181 -0.4827 0.8756
vn -0.2580 0.7472 0.6124
vn -0.1573 0.7259 0.6695
vn 0.2041 0.5631 0.8008
vn -0.1454 0.7228 0.6756
vn 0.6634 0.2124 0.7175
vn 0.3415 0.4909 0.8015
vn -0.0284 0.7459 -0.6655
vn 0.0647 0.7017 -0.7095
vn 0.3855 0.5045 -0.7726
vn 0.0632 0.7025 -0.7089
vn 0.8072 -0.1964 -0.5566
vn 0.5298 0.3536 -0.7709
vn -0.6971 -0.6528 -0.2963
vn -0.5538 -0.7667 -0.3249
vn -0.5602 -0.7643 -0.3195
vn -0.5217 -0.7874 -0.3284
vn -0.7509 -0.5965 -0.2836
vn -0.5812 -0.7495 -0.3170
vn -0.0240 0.9968 0.0758
vn -0.0353 0.9965 0.0764
vn 0.2512 0.9656 0.0674
vn -0.0368 0.9964 0.0764
vn 0.6668 0.7450 0.0190
vn 0.3317 0.9415 0.0594
vn -0.7049 0.4759 -0.5259
vn -0.5169 0.2487 -0.8191
vn -0.1797 -0.0796 -0.9805
vn -0.5142 0.2458 -0.8217
vn 0.0648 -0.2859 -0.9561
vn -0.1271 -0.1254 -0.9839
vn -0.6627 -0.1395 0.7358
vn -0.6165 -0.2101 0.7588
vn -0.3887 -0.4988 0.7746
vn -0.6177 -0.2083 0.7583
vn 0.2920 -0.8197 0.4927
vn -0.2232 -0.6267 0.7466
vn 0.5922 0.7451 0.3068
vn 0.7251 0.6160 0.3078
vn 0.7213 0.6226 0.3034
vn 0.7498 0.5868 0.3055
vn 0.5286 0.7919 0.3058
vn 0.7039 0.6416 0.3047
vn -0.9936 -0.1097 0.0256
vn -0.9966 -0.0779 0.0275
vn -0.9386 -0.3448 0.0095
vn -0.9969 -0.0732 0.0278
vn -0.7547 -0.6559 -0.0153
vn -0.9162 -0.4007 0.0054
vn -0.6060 0.0112 0.7954
vn -0.5514 -0.0368 -0.8334
vn 0.9730 -0.0742 0.2185
vn 0.7931 -0.0058 0.6091
vn -0.8050 -0.0782 0.5881
vn 0.1036 -0.6546 -0.7489
vn -0.4081 0.6341 0.6568
vn -0.1306 0.1570 0.9789
vn 0.0256 -0.8146 -0.5795
vn 0.1131 0.9609 0.2527
vn 0.3934 -0.4182 -0.8187
vn -0.7478 -0.6555 -0.1057
vn -0.9672 0.0318 -0.2520
vn -0.9503 -0.2651 -0.1633
vn 0.6498 -0.4151 0.6368
vn -0.1363 -0.9180 0.3725
vn -0.6396 0.3741 -0.6715
vn 0.8242 0.3439 -0.4499
vn -0.6283 0.1216 -0.7684
vn 0.5710 0.3159 -0.7578
vn 0.8372 -0.2789 0.4704
vn 0.5289 0.8381 -0.1336
vn 0.1970 0.2058 0.9586
vn 0.0983 -0.5310 0.8417
vn 0.6877 0.2133 0.6939
vn 0.6683 0.7438 0.0152
vn 0.4639 -0.4461 0.7654
vn 0.4670 -0.5727 0.6737
vn 0.4701 -0.5669 0.6764
vn 0.4670 -0.5704 0.6757
vn 0.4591 -0.3899 0.7982
vn 0.4703 -0.5253 0.7091
vn -0.4561 0.2622 -0.8504
vn -0.4600 0.3823 -0.8014
vn -0.4524 0.1913 -0.8711
vn -0.4531 0.2249 -0.8626
vn -0.4586 0.3247 -0.8272
vn -0.4553 0.2201 -0.8627
vn -0.4731 0.7050 0.5283
vn -0.5506 0.5439 0.6333
vn -0.5577 0.1964 0.8065
vn -0.5867 0.5284 0.6137
vn -0.6294 0.2692 0.7290
vn -0.5539 0.2012 0.8079
vn -0.4649 0.7502 -0.4701
vn -0.4419 0.7885 -0.4277
vn -0.4913 0.6882 -0.5338
vn -0.4440 0.7853 -0.4315
vn -0.5735 0.3859 -0.7226
vn -0.5233 0.6032 -0.6019
vn -0.1920 0.8214 -0.5371
vn -0.1979 0.7562 -0.6237
vn -0.1938 0.8218 -0.5359
vn -0.2637 0.4725 -0.8409
vn -0.1807 0.7804 -0.5986
vn -0.2672 0.2814 -0.9216
vn -0.2773 0.3815 -0.8818
vn -0.6160 0.7854 -0.0606
vn -0.6825 0.7242 -0.0985
vn -0.6962 0.7099 -0.1061
vn -0.8464 0.4940 -0.1988
vn -0.9263 0.2575 -0.2751
vn -0.8445 0.4979 -0.1974
vn -0.0253 -0.1263 0.9917
vn -0.0492 0.0119 0.9987
vn -0.0067 -0.2381 0.9712
vn -0.0592 0.1252 0.9904
vn 0.0325 -0.6760 0.7362
vn -0.0180 -0.1199 0.9926
vn 0.5175 0.5105 0.6867
vn 0.6836 0.0504 0.7282
vn 0.6835 -0.4435 0.5798
vn 0.6869 0.0303 0.7261
vn 0.6789 -0.6092 0.4099
vn 0.6865 -0.4756 0.5500
vn -0.6716 0.5454 0.5016
vn -0.6667 0.5527 0.5001
vn -0.7939 0.2620 0.5486
vn -0.6643 0.5565 0.4990
vn -0.8396 0.0153 0.5430
vn -0.7638 0.3524 0.5407
vn 0.9870 -0.0789 0.1397
vn 0.9911 0.0113 0.1326
vn 0.9898 0.0264 0.1400
vn 0.7927 -0.0792 0.6044
vn 0.9833 -0.0222 0.1808
vn 0.5565 -0.4252 0.7138
vn 0.7225 0.3208 0.6124
vn -0.5885 0.8038 0.0871
vn -0.6600 0.7410 0.1236
vn -0.7734 0.6089 0.1766
vn -0.6634 0.7377 0.1254
vn -0.8415 0.4185 0.3416
vn -0.7907 0.5652 0.2355
vn -0.5991 0.5326 -0.5978
vn -0.6586 0.3987 -0.6382
vn -0.7149 0.0907 -0.6933
vn -0.6201 0.4591 -0.6361
vn -0.2976 -0.4762 -0.8275
vn -0.7674 0.1039 -0.6326
vn 0.3285 0.7180 0.6136
vn 0.2206 0.8932 0.3919
vn 0.3788 0.5963 0.7077
vn 0.3072 0.7612 0.5711
vn 0.3692 0.6268 0.6861
vn 0.3824 0.5851 0.7151
vn 0.0473 0.9628 0.2659
vn -0.1459 0.8805 0.4511
vn 0.1212 0.9743 0.1901
vn -0.2301 0.8203 0.5236
vn -0.3774 0.5402 0.7522
vn -0.3623 0.5533 0.7501
vn -0.2073 0.6247 0.7529
vn -0.4446 0.7389 0.5063
vn -0.3869 0.5377 0.7491
vn -0.4443 0.7391 0.5062
vn -0.3001 0.3337 0.8937
vn -0.4083 0.5974 0.6902
vn -0.2447 0.2029 0.9481
vn -0.2767 0.2763 0.9204
vn -0.5936 0.5660 0.5721
vn 0.0787 0.9619 0.2617
vn -0.6960 0.2377 0.6775
vn 0.3405 0.8209 0.4585
vn 0.2483 0.9464 0.2066
vn 0.5052 0.6293 0.5905
vn 0.3553 0.8060 0.4733
vn 0.4238 0.0900 -0.9013
vn 0.4518 0.0192 -0.8919
vn 0.5385 -0.3156 -0.7813
vn 0.4652 -0.0163 -0.8851
vn 0.5733 -0.6219 -0.5334
vn 0.5331 -0.2944 -0.7931
vn -0.4045 0.2893 -0.8676
vn -0.2969 -0.1847 -0.9369
vn -0.1094 -0.6468 -0.7547
vn -0.2906 -0.2040 -0.9348
vn -0.0132 -0.7979 -0.6027
vn -0.0914 -0.6781 -0.7292
vn 0.4382 0.8656 -0.2424
vn 0.5888 0.7784 -0.2176
vn 0.8180 0.5393 -0.2001
vn 0.6497 0.7306 -0.2098
vn 0.9087 0.3866 -0.1573
vn 0.7888 0.5782 -0.2084
vn -0.8374 -0.5356 -0.1095
vn -0.7398 -0.6689 -0.0734
vn -0.7818 -0.6170 -0.0905
vn -0.7605 -0.6444 -0.0798
vn -0.5766 -0.5526 -0.6019
vn -0.9449 -0.3216 -0.0618
vn -0.1852 -0.5943 -0.7826
vn -0.1238 -0.7083 -0.6950
vn -0.1294 -0.7047 -0.6976
vn -0.1250 -0.7062 -0.6969
vn -0.2094 -0.5422 -0.8137
vn -0.1506 -0.6678 -0.7290
vn -0.2371 0.7901 0.5652
vn -0.2059 0.7501 0.6285
vn -0.0520 0.6211 0.7820
vn -0.2334 0.7603 0.6062
vn -0.0127 0.5670 0.8236
vn -0.0222 0.6014 0.7986
vn 0.1415 0.9858 0.0901
vn 0.2300 0.9649 0.1266
vn 0.2490 0.9592 0.1338
vn 0.4551 0.8599 0.2310
vn 0.6118 0.7103 0.3483
vn 0.4789 0.8518 0.2121
vn 0.0836 -0.0807 -0.9932
vn 0.0290 0.0788 -0.9965
vn -0.0300 0.2063 -0.9780
vn 0.0420 -0.0140 -0.9990
vn 0.2809 -0.5578 -0.7810
vn 0.0985 -0.1256 -0.9872
vn -0.1772 0.9570 -0.2298
vn -0.0819 0.9329 -0.3508
vn 0.1253 0.8002 -0.5865
vn -0.0617 0.9246 -0.3758
vn 0.2886 0.6197 -0.7299
vn 0.1368 0.7899 -0.5978
vn -0.9337 0.3116 -0.1761
vn -0.8924 0.4299 -0.1368
vn -0.9419 -0.3322 -0.0496
vn -0.9791 0.1780 -0.0980
vn -0.9180 -0.3460 -0.1939
vn -0.9193 -0.3902 -0.0513
vn 0.7251 -0.3730 0.5788
vn 0.6973 -0.5082 0.5054
vn 0.7011 -0.5022 0.5062
vn 0.6980 -0.5057 0.5070
vn 0.7315 -0.3137 0.6054
vn 0.7123 -0.4576 0.5323
vn -0.6868 0.6207 -0.3783
vn -0.7443 0.6421 -0.1837
vn -0.8150 0.5590 -0.1528
vn -0.7093 0.5601 -0.4280
vn -0.6519 0.6438 -0.4006
vn -0.7051 0.5684 -0.4239
vn -0.7088 0.5607 -0.4280
vn -0.5125 0.1647 0.8427
vn -0.4365 0.5378 0.7212
vn -0.5088 -0.0365 0.8601
vn -0.5039 0.2523 0.8261
vn -0.5086 0.0045 0.8610
vn -0.5084 -0.0502 0.8597
vn -0.9011 0.4293 0.0610
vn -0.7994 0.5998 -0.0358
vn -0.6685 0.7346 -0.1162
vn -0.9068 0.4036 -0.1221
vn -0.9124 0.4043 0.0642
vn -0.8944 0.2771 -0.3511
vn -0.8424 0.5211 -0.1372
vn -0.2808 0.3592 0.8900
vn -0.2745 -0.0250 0.9613
vn -0.1755 -0.5242 0.8333
vn -0.2536 -0.1968 0.9471
vn 0.0640 -0.6852 0.7255
vn -0.1155 -0.5470 0.8292
vn -0.8677 0.1441 0.4757
vn -0.8814 0.0618 0.4683
vn -0.8306 -0.3839 0.4034
vn -0.8867 0.0074 0.4623
vn -0.6849 -0.6929 0.2252
vn -0.8554 -0.2899 0.4292
vn -0.2439 0.8367 -0.4904
vn 0.0072 0.9156 -0.4021
vn 0.2272 0.9423 -0.2460
vn -0.2686 0.7581 -0.5943
vn -0.3296 0.7853 -0.5241
vn -0.2040 0.6422 -0.7388
vn -0.2452 0.7494 -0.6150
vn 0.4853 0.8165 -0.3127
vn 0.6523 0.5385 -0.5334
vn 0.7016 0.3495 -0.6210
vn 0.5939 0.6674 -0.4493
vn 0.9291 0.0095 -0.3697
vn 0.6411 0.4417 -0.6276
vn -0.6471 0.6609 0.3801
vn -0.7954 0.4646 0.3891
vn -0.8805 0.2686 0.3905
vn -0.8286 0.4025 0.3891
vn -0.8688 0.3000 0.3940
vn -0.8845 0.2567 0.3897
vn -0.4200 0.8238 -0.3807
vn -0.3042 0.8370 -0.4548
vn -0.4966 0.8175 -0.2917
vn -0.2432 0.8248 -0.5104
vn -0.2567 0.6798 -0.6870
vn -0.2624 0.4543 -0.8513
vn -0.2535 0.7579 -0.6011
vn 0.0132 0.8720 -0.4894
vn 0.0584 0.6850 -0.7262
vn 0.0965 0.5242 -0.8461
vn 0.0486 0.7434 -0.6671
vn 0.6482 0.1665 -0.7430
vn 0.0040 0.5847 -0.8113
vn -0.5246 0.7878 -0.3228
vn -0.5990 0.7475 -0.2872
vn -0.4997 0.7810 -0.3746
vn -0.7165 0.5353 -0.4474
vn -0.6207 0.7423 -0.2524
vn -0.7573 0.3067 -0.5765
vn -0.7155 0.5334 -0.4512
vn -0.4054 -0.1553 0.9009
vn -0.3938 -0.2398 0.8874
vn -0.3004 -0.5720 0.7633
vn -0.3869 -0.2812 0.8782
vn -0.1804 -0.8427 0.5073
vn -0.3061 -0.5521 0.7756
vn 0.2129 0.4257 0.8795
vn 0.3572 -0.0405 0.9331
vn 0.4245 -0.5280 0.7356
vn 0.3614 -0.0603 0.9305
vn 0.4134 -0.7018 0.5801
vn 0.4239 -0.5630 0.7095
vn -0.8134 0.5178 0.2651
vn -0.8967 0.3734 0.2379
vn -0.9761 0.0537 0.2104
vn -0.9248 0.3042 0.2285
vn -0.9790 -0.1238 0.1618
vn -0.9701 0.1019 0.2202
vn 0.9940 -0.0059 0.1088
vn 0.9781 -0.1991 0.0602
vn 0.9782 -0.1994 0.0572
vn 0.9852 -0.1564 0.0700
vn 0.9900 0.0675 0.1239
vn 0.9925 -0.0912 0.0810
vn 0.2857 0.9570 0.0505
vn 0.4480 0.8940 0.0043
vn 0.7447 0.6631 -0.0758
vn 0.4083 0.9112 0.0550
vn 0.9375 0.3474 0.0188
vn 0.8413 0.5375 -0.0583
vn -0.0650 0.9049 0.4206
vn -0.3201 0.6771 0.6626
vn 0.0999 0.9261 0.3638
vn -0.4057 0.6122 0.6787
vn -0.2225 0.3227 0.9200
vn -0.1188 0.1527 0.9811
vn -0.3467 0.4128 0.8423
vn -0.6410 0.4165 0.6447
vn -0.6177 0.0284 0.7859
vn -0.6406 0.4168 0.6449
vn -0.4741 -0.3677 0.8000
vn -0.6315 0.0840 0.7708
vn -0.4064 -0.4940 0.7686
vn -0.4507 -0.4091 0.7934
vn 0.0616 0.7628 0.6437
vn 0.1178 0.6885 0.7156
vn 0.2892 0.3505 0.8908
vn 0.1243 0.6792 0.7233
vn 0.4855 -0.1980 0.8515
vn 0.3599 0.2134 0.9082
vn 0.5385 0.6324 -0.5569
vn 0.5993 0.5434 -0.5878
vn 0.7637 0.1999 -0.6139
vn 0.5984 0.5449 -0.5873
vn 0.6693 -0.6168 -0.4142
vn 0.7967 -0.0061 -0.6043
vn -0.8506 -0.1470 -0.5048
vn -0.7911 -0.3217 -0.5202
vn -0.8506 -0.1469 -0.5048
vn -0.7962 -0.3162 -0.5158
vn -0.7759 -0.3570 -0.5201
vn -0.8659 -0.0702 -0.4953
vn -0.8056 -0.2921 -0.5154
vn 0.5097 0.8373 0.1979
vn 0.5002 0.8433 0.1963
vn 0.7159 0.6565 0.2378
vn 0.4990 0.8441 0.1961
vn 0.9403 0.2401 0.2410
vn 0.7693 0.5913 0.2422
vn -0.1856 0.7902 -0.5840
vn -0.0917 0.4966 -0.8631
vn 0.0367 0.0354 -0.9987
vn -0.0905 0.4927 -0.8655
vn 0.1146 -0.2728 -0.9552
vn 0.0546 -0.0321 -0.9980
vn -0.7782 0.2579 0.5726
vn -0.7850 0.1734 0.5947
vn -0.7637 -0.1934 0.6159
vn -0.7849 0.1757 0.5942
vn -0.3273 -0.8419 0.4291
vn -0.6942 -0.3922 0.6035
vn 0.8143 0.2823 0.5071
vn 0.8503 0.1008 0.5165
vn 0.8519 0.1083 0.5123
vn 0.8547 0.0628 0.5152
vn 0.7891 0.3567 0.5000
vn 0.8480 0.1338 0.5128
vn -0.8652 0.4689 -0.1775
vn -0.8507 0.4967 -0.1721
vn -0.9461 0.2437 -0.2131
vn -0.8484 0.5008 -0.1713
vn -0.9630 -0.1170 -0.2426
vn -0.9579 0.1846 -0.2201
vn -0.6637 0.3505 0.6608
vn -0.2726 0.2801 -0.9204
vn 0.6919 -0.6092 0.3874
vn 0.4951 -0.4513 0.7424
vn -0.8252 0.3886 0.4098
vn -0.1038 -0.5992 -0.7938
vn -0.1313 0.7538 0.6438
vn -0.2434 0.2033 0.9484
vn -0.0132 -0.7979 -0.6026
vn -0.2930 -0.6876 -0.6644
vn 0.5597 0.7304 0.3915
vn 0.2750 -0.5672 -0.7764
vn -0.9365 -0.1206 -0.3292
vn -0.7028 0.5709 -0.4244
vn -0.8722 0.3161 -0.3732
vn 0.1492 -0.7089 0.6893
vn -0.6981 -0.6819 0.2183
vn -0.1555 0.6693 -0.7265
vn 0.9546 -0.1799 -0.2373
vn -0.2625 0.4543 -0.8513
vn 0.8061 -0.0605 -0.5886
vn 0.4127 -0.7019 0.5805
vn 0.9154 0.3947 0.0784
vn 0.0515 0.0592 0.9969
vn -0.4049 -0.4942 0.7693
vn 0.5110 -0.2110 0.8333
vn 0.9417 0.2384 0.2374
vn 0.7891 0.3567 0.5001
vn -0.4731 0.7051 0.5283
vn -0.5540 0.2012 0.8079
vn -0.4440 0.7853 -0.4316
vn -0.2671 0.2814 -0.9216
vn -0.6160 0.7854 -0.0607
vn -0.8464 0.4940 -0.1989
vn -0.0592 0.1253 0.9904
vn 0.6836 0.0503 0.7282
vn 0.6835 -0.4434 0.5798
vn 0.6789 -0.6092 0.4100
vn -0.6715 0.5454 0.5016
vn -0.7940 0.2620 0.5486
vn -0.7639 0.3524 0.5407
vn 0.3788 0.5963 0.7078
vn 0.3824 0.5852 0.7151
vn -0.3869 0.5378 0.7491
vn -0.3001 0.3336 0.8937
vn -0.7606 -0.6444 -0.0798
vn -0.1851 -0.5943 -0.7827
vn 0.4552 0.8599 0.2310
vn 0.0984 -0.1256 -0.9872
vn -0.9338 0.3116 -0.1761
vn -0.7094 0.5600 -0.4280
vn -0.6519 0.6438 -0.4007
vn -0.7051 0.5685 -0.4239
vn -0.7088 0.5608 -0.4279
vn -0.8867 0.0075 0.4623
vn 0.9291 0.0095 -0.3696
vn -0.2567 0.6799 -0.6869
vn 0.6483 0.1665 -0.7430
vn -0.7165 0.5353 -0.4473
vn -0.4054 -0.1552 0.9009
vn -0.1189 0.1526 0.9811
vn 0.5993 0.5435 -0.5878
vn 0.5386 0.6324 -0.5569
vn 0.7637 0.1998 -0.6139
vn -0.7759 -0.3569 -0.5201
vn 0.5097 0.8373 0.1980
vn 0.7158 0.6565 0.2378
vn 0.4989 0.8442 0.1961
vn 0.9403 0.2402 0.2410
vn 0.8144 0.2823 0.5071
vn -0.8507 0.4968 -0.1721
vn -0.9462 0.2436 -0.2131
vn -0.9579 0.1845 -0.2201
vn 0.4951 -0.4514 0.7424
vn -0.2434 0.2032 0.9484
vn -0.8722 0.3160 -0.3732
vn 0.8061 -0.0604 -0.5886
vn 0.0514 0.0592 0.9969
vn -0.4049 -0.4941 0.7693
vn 0.1146 -0.2727 -0.9552
vn 0.6270 -0.4461 0.6386
vn 0.6090 -0.5727 0.5487
vn 0.6127 -0.5669 0.5506
vn 0.6095 -0.5704 0.5506
vn 0.6299 -0.3899 0.6717
vn 0.6203 -0.5253 0.5824
vn -0.6389 0.2622 -0.7232
vn -0.6315 0.3823 -0.6746
vn -0.6401 0.1913 -0.7441
vn -0.6388 0.2249 -0.7357
vn -0.6361 0.3247 -0.7000
vn -0.6410 0.2201 -0.7353
vn -0.3394 0.7051 0.6227
vn -0.3907 0.5439 0.7426
vn -0.3579 0.1964 0.9129
vn -0.4303 0.5284 0.7319
vn -0.4455 0.2692 0.8539
vn -0.3540 0.2012 0.9134
vn -0.5603 0.7502 -0.3510
vn -0.5282 0.7885 -0.3150
vn -0.6006 0.6882 -0.4069
vn -0.5311 0.7853 -0.3183
vn -0.7239 0.3859 -0.5718
vn -0.6474 0.6032 -0.4659
vn -0.3101 0.8214 -0.4787
vn -0.3356 0.7562 -0.5617
vn -0.3115 0.8218 -0.4772
vn -0.4495 0.4725 -0.7581
vn -0.3131 0.7804 -0.5412
vn -0.4713 0.2814 -0.8358
vn -0.4721 0.3815 -0.7947
vn -0.6135 0.7854 0.0822
vn -0.6869 0.7242 0.0606
vn -0.7020 0.7099 0.0564
vn -0.8694 0.4940 0.0005
vn -0.9647 0.2575 -0.0554
vn -0.8672 0.4979 0.0015
vn 0.2027 -0.1263 0.9711
vn 0.1811 0.0119 0.9834
vn 0.2162 -0.2381 0.9469
vn 0.1695 0.1253 0.9775
vn 0.2004 -0.6760 0.7091
vn 0.2101 -0.1199 0.9703
vn 0.6612 0.5105 0.5498
vn 0.8323 0.0503 0.5520
vn 0.7982 -0.4434 0.4076
vn 0.8351 0.0303 0.5492
vn 0.7548 -0.6092 0.2434
vn 0.7943 -0.4756 0.3779
vn -0.5387 0.5454 0.6422
vn -0.5343 0.5527 0.6396
vn -0.6470 0.2620 0.7161
vn -0.5321 0.5566 0.6380
vn -0.6927 0.0153 0.7210
vn -0.6195 0.3524 0.7015
vn 0.9928 -0.0789 -0.0904
vn 0.9951 0.0113 -0.0982
vn 0.9955 0.0264 -0.0907
vn 0.9102 -0.0792 0.4066
vn 0.9985 -0.0222 -0.0494
vn 0.7053 -0.4252 0.5672
vn 0.8437 0.3208 0.4305
vn -0.5529 0.8038 0.2197
vn -0.6141 0.7410 0.2717
vn -0.7123 0.6089 0.3492
vn -0.6170 0.7377 0.2741
vn -0.7408 0.4185 0.5254
vn -0.7156 0.5652 0.4105
vn -0.7202 0.5326 -0.4446
vn -0.7874 0.3987 -0.4702
vn -0.8548 0.0907 -0.5109
vn -0.7495 0.4591 -0.4770
vn -0.4794 -0.4762 -0.7372
vn -0.8920 0.1039 -0.4398
vn 0.4605 0.7180 0.5219
vn 0.3045 0.8932 0.3309
vn 0.5310 0.5963 0.6020
vn 0.4300 0.7612 0.4854
vn 0.5167 0.6268 0.5832
vn 0.5362 0.5851 0.6084
vn 0.1070 0.9628 0.2480
vn -0.0386 0.8805 0.4725
vn 0.1616 0.9743 0.1572
vn -0.1039 0.8203 0.5624
vn -0.1949 0.5402 0.8187
vn -0.1806 0.5533 0.8131
vn -0.0291 0.6247 0.7803
vn -0.3167 0.7389 0.5948
vn -0.2048 0.5377 0.8179
vn -0.3164 0.7391 0.5946
vn -0.0872 0.3336 0.9387
vn -0.2392 0.5974 0.7654
vn -0.0208 0.2029 0.9790
vn -0.0583 0.2763 0.9593
vn -0.4466 0.5660 0.6929
vn 0.1366 0.9619 0.2367
vn -0.5222 0.2377 0.8190
vn 0.4366 0.8209 0.3682
vn 0.2891 0.9464 0.1441
vn 0.6272 0.6293 0.4589
vn 0.4544 0.8060 0.3792
vn 0.2059 0.0900 -0.9744
vn 0.2352 0.0192 -0.9718
vn 0.3450 -0.3156 -0.8840
vn 0.2498 -0.0163 -0.9681
vn 0.4357 -0.6219 -0.6506
vn 0.3371 -0.2944 -0.8942
vn -0.5926 0.2893 -0.7517
vn -0.5038 -0.1847 -0.8438
vn -0.2795 -0.6468 -0.7095
vn -0.4972 -0.2040 -0.8433
vn -0.1510 -0.7979 -0.5836
vn -0.2561 -0.6781 -0.6888
vn 0.3710 0.8656 -0.3364
vn 0.5232 0.7784 -0.3468
vn 0.7503 0.5393 -0.3824
vn 0.5843 0.7306 -0.3532
vn 0.8485 0.3866 -0.3615
vn 0.7201 0.5782 -0.3837
vn -0.8402 -0.5356 0.0854
vn -0.7369 -0.6689 0.0982
vn -0.7817 -0.6170 0.0912
vn -0.7586 -0.6444 0.0967
vn -0.6992 -0.5526 -0.4536
vn -0.9338 -0.3216 0.1565
vn -0.3597 -0.5943 -0.7193
vn -0.2798 -0.7083 -0.6481
vn -0.3597 -0.5943 -0.7194
vn -0.2859 -0.7047 -0.6493
vn -0.2814 -0.7062 -0.6497
vn -0.3904 -0.5422 -0.7440
vn -0.3137 -0.6678 -0.6750
vn -0.1012 0.7901 0.6045
vn -0.0563 0.7501 0.6589
vn 0.1287 0.6211 0.7731
vn -0.0882 0.7603 0.6436
vn 0.1764 0.5670 0.8046
vn 0.1615 0.6014 0.7824
vn 0.1584 0.9858 0.0552
vn 0.2529 0.9649 0.0705
vn 0.2730 0.9592 0.0732
vn 0.4960 0.8599 0.1205
vn 0.6753 0.7103 0.1987
vn 0.5148 0.8518 0.0967
vn -0.1464 -0.0807 -0.9859
vn -0.2002 0.0788 -0.9766
vn -0.2535 0.2063 -0.9451
vn -0.1882 -0.0140 -0.9820
vn 0.0944 -0.5578 -0.8246
vn -0.1305 -0.1256 -0.9835
vn -0.2251 0.9570 -0.1830
vn -0.1601 0.9329 -0.3226
vn -0.0125 0.8002 -0.5996
vn -0.1462 0.9246 -0.3517
vn 0.1135 0.6197 -0.7766
vn -0.0039 0.7899 -0.6133
vn -0.9493 0.3116 0.0426
vn -0.9000 0.4299 0.0714
vn -0.9282 -0.3322 0.1677
vn -0.9755 0.1780 0.1291
vn -0.9380 -0.3460 0.0218
vn -0.9066 -0.3902 0.1608
vn 0.8385 -0.3730 0.3971
vn 0.7946 -0.5082 0.3321
vn 0.7985 -0.5022 0.3320
vn 0.7957 -0.5057 0.3335
vn 0.8508 -0.3137 0.4216
vn 0.8153 -0.4576 0.3548
vn -0.7552 0.6207 -0.2107
vn -0.7666 0.6421 -0.0082
vn -0.8283 0.5590 0.0382
vn -0.7886 0.5600 -0.2540
vn -0.7264 0.6438 -0.2405
vn -0.7835 0.5685 -0.2509
vn -0.7881 0.5607 -0.2540
vn -0.3056 0.1647 0.9378
vn -0.2595 0.5378 0.8021
vn -0.2981 -0.0365 0.9538
vn -0.3010 0.2523 0.9196
vn -0.2976 0.0045 0.9547
vn -0.2977 -0.0501 0.9533
vn -0.8631 0.4293 0.2659
vn -0.7863 0.5998 0.1485
vn -0.6773 0.7346 0.0402
vn -0.9106 0.4036 0.0890
vn -0.8733 0.4043 0.2717
vn -0.9511 0.2771 -0.1367
vn -0.8514 0.5211 0.0596
vn -0.0693 0.3592 0.9307
vn -0.0467 -0.0250 0.9986
vn 0.0202 -0.5242 0.8514
vn -0.0297 -0.1968 0.9800
vn 0.2287 -0.6852 0.6915
vn 0.0777 -0.5470 0.8335
vn -0.7355 0.1441 0.6620
vn -0.7505 0.0618 0.6580
vn -0.7160 -0.3839 0.5831
vn -0.7571 0.0074 0.6533
vn -0.6150 -0.6929 0.3763
vn -0.7342 -0.2899 0.6139
vn -0.3498 0.8367 -0.4214
vn -0.0852 0.9156 -0.3930
vn 0.1648 0.9423 -0.2915
vn -0.3977 0.7581 -0.5168
vn -0.4410 0.7853 -0.4345
vn -0.3680 0.6422 -0.6724
vn -0.3797 0.7494 -0.5424
vn 0.4007 0.8165 -0.4157
vn 0.5126 0.5385 -0.6688
vn 0.5406 0.3494 -0.7653
vn 0.4751 0.6674 -0.5735
vn 0.8196 0.0095 -0.5728
vn 0.4801 0.4417 -0.7579
vn -0.5427 0.6609 0.5184
vn -0.6850 0.4646 0.5611
vn -0.7675 0.2686 0.5820
vn -0.7173 0.4025 0.5687
vn -0.7553 0.3000 0.5827
vn -0.7716 0.2567 0.5821
vn -0.4961 0.8238 -0.2743
vn -0.4004 0.8370 -0.3730
vn -0.5503 0.8175 -0.1700
vn -0.3537 0.8248 -0.4410
vn -0.4074 0.6798 -0.6098
vn -0.4506 0.4543 -0.7685
vn -0.3846 0.7579 -0.5269
vn -0.0993 0.8720 -0.4794
vn -0.1096 0.6850 -0.7202
vn -0.0994 0.8720 -0.4794
vn -0.1001 0.5242 -0.8457
vn -0.1056 0.7434 -0.6605
vn 0.4606 0.1665 -0.8718
vn -0.1821 0.5847 -0.7906
vn -0.5846 0.7878 -0.1939
vn -0.6489 0.7475 -0.1422
vn -0.5723 0.7810 -0.2500
vn -0.7999 0.5353 -0.2712
vn -0.6620 0.7423 -0.1034
vn -0.8693 0.3067 -0.3876
vn -0.7999 0.5334 -0.2751
vn -0.1880 -0.1553 0.9698
vn -0.1798 -0.2398 0.9540
vn -0.1174 -0.5720 0.8118
vn -0.1752 -0.2812 0.9435
vn -0.0592 -0.8427 0.5352
vn -0.1201 -0.5521 0.8251
vn 0.4089 0.4257 0.8072
vn 0.5617 -0.0405 0.8264
vn 0.5818 -0.5280 0.6187
vn 0.5651 -0.0603 0.8228
vn 0.5354 -0.7018 0.4699
vn 0.5753 -0.5630 0.5934
vn -0.7310 0.5178 0.4445
vn -0.8182 0.3734 0.4371
vn -0.9019 0.0537 0.4286
vn -0.8478 0.3042 0.4345
vn -0.9159 -0.1238 0.3820
vn -0.8938 0.1019 0.4367
vn 0.9925 -0.0059 -0.1220
vn 0.9659 -0.1991 -0.1657
vn 0.9653 -0.1994 -0.1687
vn 0.9750 -0.1564 -0.1577
vn 0.9920 0.0675 -0.1064
vn 0.9847 -0.0912 -0.1487
vn 0.2897 0.9570 -0.0164
vn 0.4370 0.8940 -0.0986
vn 0.7074 0.6631 -0.2445
vn 0.4100 0.9112 -0.0401
vn 0.9168 0.3474 -0.1967
vn 0.8055 0.5375 -0.2496
vn 0.0332 0.9049 0.4244
vn -0.1597 0.6770 0.7184
vn 0.1806 0.9261 0.3312
vn -0.2393 0.6122 0.7537
vn -0.0056 0.3227 0.9465
vn 0.1093 0.1527 0.9822
vn -0.1444 0.4128 0.8993
vn -0.4761 0.4165 0.7745
vn -0.4210 0.0284 0.9066
vn -0.4757 0.4168 0.7746
vn -0.2781 -0.3677 0.8874
vn -0.4380 0.0840 0.8951
vn -0.2193 -0.4940 0.8413
vn -0.2568 -0.4091 0.8756
vn 0.2076 0.7628 0.6124
vn 0.2787 0.6885 0.6695
vn 0.4857 0.3505 0.8008
vn 0.2868 0.6792 0.6756
vn 0.6678 -0.1980 0.7175
vn 0.5586 0.2134 0.8015
vn 0.3965 0.6324 -0.6655
vn 0.4486 0.5434 -0.7096
vn 0.6026 0.1998 -0.7726
vn 0.4478 0.5449 -0.7089
vn 0.5565 -0.6168 -0.5566
vn 0.6370 -0.0061 -0.7709
vn -0.9437 -0.1470 -0.2963
vn -0.8893 -0.3217 -0.3249
vn -0.9437 -0.1469 -0.2963
vn -0.8933 -0.3162 -0.3195
vn -0.8745 -0.3570 -0.3284
vn -0.9564 -0.0702 -0.2835
vn -0.9023 -0.2921 -0.3169
vn 0.5415 0.8373 0.0758
vn 0.5319 0.8433 0.0764
vn 0.7513 0.6565 0.0674
vn 0.5306 0.8441 0.0764
vn 0.9706 0.2401 0.0190
vn 0.8043 0.5912 0.0594
vn -0.3146 0.7902 -0.5259
vn -0.2872 0.4966 -0.8191
vn -0.1933 0.0354 -0.9805
vn -0.2865 0.4927 -0.8217
vn -0.1074 -0.2728 -0.9561
vn -0.1756 -0.0321 -0.9839
vn -0.6262 0.2579 0.7358
vn -0.6277 0.1735 0.7588
vn -0.6021 -0.1934 0.7746
vn -0.6277 0.1757 0.7583
vn -0.2202 -0.8419 0.4927
vn -0.5373 -0.3922 0.7466
vn 0.9089 0.2823 0.3069
vn 0.9461 0.1008 0.3078
vn 0.9467 0.1083 0.3034
vn 0.9501 0.0628 0.3055
vn 0.8827 0.3567 0.3058
vn 0.9430 0.1338 0.3047
vn -0.8829 0.4689 0.0256
vn -0.8675 0.4968 0.0275
vn -0.9699 0.2435 0.0095
vn -0.8651 0.5008 0.0278
vn -0.9930 -0.1170 -0.0153
vn -0.9828 0.1846 0.0054
vn -0.4945 0.3505 0.7954
vn -0.4764 0.2801 -0.8334
vn 0.7623 -0.6092 0.2185
vn 0.6521 -0.4514 0.6091
vn -0.7093 0.3886 0.5881
vn -0.2830 -0.5992 -0.7489
vn 0.0198 0.7538 0.6568
vn -0.0195 0.2032 0.9789
vn -0.4376 -0.6876 -0.5795
vn 0.6345 0.7304 0.2527
vn 0.0896 -0.5672 -0.8187
vn -0.9871 -0.1206 -0.1057
vn -0.7814 0.5709 -0.2520
vn -0.9346 0.3161 -0.1633
vn 0.3033 -0.7089 0.6367
vn -0.6295 -0.6819 0.3725
vn -0.3180 0.6693 -0.6715
vn 0.8748 -0.1799 -0.4499
vn -0.4507 0.4543 -0.7684
vn 0.6497 -0.0605 -0.7578
vn 0.5348 -0.7019 0.4705
vn 0.9090 0.3947 -0.1336
vn 0.2787 0.0592 0.9586
vn -0.2177 -0.4942 0.8417
vn 0.6885 -0.2110 0.6939
vn -0.9564 -0.0702 -0.2836
vn 0.9711 0.2384 0.0152
vn -0.3394 0.7050 0.6227
vn -0.4714 0.2814 -0.8358
vn -0.8695 0.4940 0.0005
vn 0.1695 0.1252 0.9775
vn 0.8351 0.0303 0.5493
vn -0.5322 0.5565 0.6380
vn -0.7202 0.5326 -0.4445
vn 0.5310 0.5963 0.6021
vn 0.5362 0.5851 0.6085
vn -0.5222 0.2377 0.8191
vn -0.7835 0.5684 -0.2509
vn -0.3057 0.1647 0.9378
vn -0.2977 -0.0502 0.9533
vn -0.9106 0.4036 0.0891
vn -0.8514 0.5211 0.0597
vn -0.7571 0.0075 0.6533
vn 0.5405 0.3495 -0.7653
vn 0.4750 0.6674 -0.5735
vn 0.4801 0.4418 -0.7579
vn -0.1000 0.5242 -0.8457
vn 0.5818 -0.5279 0.6187
vn -0.8477 0.3042 0.4345
vn 0.9750 -0.1564 -0.1578
vn 0.0331 0.9049 0.4244
vn -0.1597 0.6771 0.7184
vn 0.2787 0.6885 0.6696
vn 0.4486 0.5434 -0.7095
vn 0.6026 0.1999 -0.7726
vn -0.8893 -0.3218 -0.3249
vn -0.9023 -0.2921 -0.3170
vn 0.8043 0.5913 0.0594
vn -0.6278 0.1732 0.7589
vn 0.9089 0.2823 0.3068
vn -0.9698 0.2437 0.0096
vn -0.9827 0.1850 0.0054
vn 0.6521 -0.4513 0.6091
vn 0.3033 -0.7089 0.6368
vn 0.6497 -0.0604 -0.7578
vn 0.5348 -0.7019 0.4704
vn 0.9090 0.3948 -0.1336
vn 0.9711 0.2383 0.0152
vn -0.1074 -0.2727 -0.9561
vn -0.6314 0.3823 -0.6746
vn -0.5603 0.7503 -0.3510
vn -0.5343 0.5526 0.6396
vn -0.7156 0.5651 0.4105
vn 0.5362 0.5852 0.6083
vn -0.1039 0.8204 0.5623
vn -0.2048 0.5378 0.8179
vn 0.7200 0.5782 -0.3837
vn -0.2815 -0.7062 -0.6497
vn 0.8153 -0.4575 0.3548
vn -0.7835 0.5685 -0.2510
vn -0.8734 0.4042 0.2717
vn -0.7715 0.2568 0.5821
vn -0.8693 0.3067 -0.3875
vn 0.4486 0.5435 -0.7095
vn 0.5306 0.8442 0.0764
vn -0.6277 0.1734 0.7589
vn -0.9698 0.2436 0.0096
vn -0.9828 0.1848 0.0054
vn -0.6388 0.2249 -0.7358
vn -0.6195 0.3524 0.7014
vn 0.3046 0.8932 0.3309
vn 0.4357 -0.6219 -0.6507
vn -0.7886 0.5600 -0.2539
vn -0.7571 0.0073 0.6532
vn -0.6620 0.7424 -0.1034
vn 0.0332 0.9049 0.4243
vn 0.5319 0.8434 0.0764
vn 0.9501 0.0627 0.3055
vn -0.9828 0.1845 0.0054
vn -0.9346 0.3160 -0.1633
vn 0.7498 -0.1732 0.6386
vn 0.7814 -0.2971 0.5487
vn 0.7826 -0.2904 0.5506
vn 0.7810 -0.2948 0.5506
vn 0.7310 -0.1201 0.6717
vn 0.7738 -0.2490 0.5824
vn -0.6906 -0.0013 -0.7232
vn -0.7295 0.1125 -0.6746
vn -0.6646 -0.0674 -0.7441
vn -0.6763 -0.0358 -0.7358
vn -0.7118 0.0575 -0.7000
vn -0.6765 -0.0410 -0.7353
vn -0.5826 0.5223 0.6227
vn -0.5686 0.3538 0.7426
vn -0.4057 0.0450 0.9129
vn -0.5993 0.3243 0.7319
vn -0.5145 0.0789 0.8539
vn -0.4039 0.0510 0.9134
vn -0.8041 0.4798 -0.3510
vn -0.7890 0.5274 -0.3150
vn -0.8177 0.4071 -0.4069
vn -0.7905 0.5233 -0.3183
vn -0.8164 0.0806 -0.5718
vn -0.8285 0.3107 -0.4659
vn -0.5999 0.6410 -0.4787
vn -0.5987 0.5710 -0.5617
vn -0.6014 0.6408 -0.4772
vn -0.5958 0.2653 -0.7581
vn -0.5871 0.6020 -0.5412
vn -0.5431 0.0804 -0.8358
vn -0.5819 0.1726 -0.7947
vn -0.8667 0.4920 0.0822
vn -0.9112 0.4074 0.0606
vn -0.9197 0.3885 0.0564
vn -0.9922 0.1250 0.0005
vn -0.9900 -0.1299 -0.0554
vn -0.9916 0.1295 0.0015
vn 0.2356 -0.0394 0.9711
vn 0.1629 0.0801 0.9834
vn 0.2906 -0.1376 0.9469
vn 0.1089 0.1804 0.9775
vn 0.4431 -0.5485 0.7091
vn 0.2399 -0.0307 0.9703
vn 0.4165 0.7241 0.5498
vn 0.7502 0.3640 0.5520
vn 0.9070 -0.1054 0.4076
vn 0.7604 0.3465 0.5493
vn 0.9301 -0.2752 0.2434
vn 0.9157 -0.1367 0.3779
vn -0.7060 0.2987 0.6422
vn -0.7047 0.3071 0.6396
vn -0.6980 -0.0046 0.7161
vn -0.7042 0.3114 0.6380
vn -0.6462 -0.2501 0.7210
vn -0.7071 0.0894 0.7014
vn 0.9478 0.3057 -0.0904
vn 0.9155 0.3900 -0.0982
vn 0.9102 0.4041 -0.0907
vn 0.8716 0.2739 0.4065
vn 0.9315 0.3603 -0.0494
vn 0.8142 -0.1240 0.5672
vn 0.6575 0.6184 0.4305
vn -0.8177 0.5321 0.2197
vn -0.8503 0.4507 0.2717
vn -0.8907 0.2912 0.3492
vn -0.8517 0.4466 0.2741
vn -0.8444 0.1043 0.5254
vn -0.8771 0.2495 0.4105
vn -0.8689 0.2176 -0.4446
vn -0.8799 0.0683 -0.4702
vn -0.8248 -0.2422 -0.5109
vn -0.8679 0.1385 -0.4770
vn -0.2615 -0.6230 -0.7372
vn -0.8642 -0.2442 -0.4398
vn 0.1518 0.8394 0.5219
vn -0.0592 0.9418 0.3309
vn 0.2634 0.7538 0.6021
vn 0.1071 0.8677 0.4854
vn 0.2385 0.7765 0.5832
vn 0.2724 0.7454 0.6084
vn -0.2684 0.9309 0.2480
vn -0.3715 0.7992 0.4725
vn -0.2223 0.9622 0.1572
vn -0.4090 0.7187 0.5624
vn -0.3862 0.4250 0.8187
vn -0.3780 0.4426 0.8131
vn -0.2652 0.5663 0.7803
vn -0.5746 0.5622 0.5948
vn -0.3944 0.4190 0.8179
vn -0.5744 0.5625 0.5946
vn -0.2078 0.2752 0.9387
vn -0.4490 0.4610 0.7654
vn -0.0966 0.1796 0.9790
vn -0.1593 0.2332 0.9593
vn -0.6287 0.3529 0.6929
vn -0.2407 0.9413 0.2367
vn -0.5734 0.0206 0.8191
vn 0.0904 0.9253 0.3682
vn -0.0937 0.9851 0.1441
vn 0.3397 0.8210 0.4589
vn 0.1126 0.9184 0.3792
vn 0.1560 0.1617 -0.9744
vn 0.2101 0.1075 -0.9718
vn 0.4393 -0.1601 -0.8840
vn 0.2372 0.0802 -0.9681
vn 0.6400 -0.4087 -0.6506
vn 0.4239 -0.1436 -0.8942
vn -0.6582 0.0414 -0.7517
vn -0.3953 -0.3629 -0.8438
vn -0.0117 -0.7046 -0.7095
vn -0.3818 -0.3782 -0.8433
vn 0.1648 -0.7952 -0.5836
vn 0.0219 -0.7246 -0.6888
vn 0.0127 0.9416 -0.3364
vn 0.1867 0.9192 -0.3468
vn 0.4879 0.7847 -0.3824
vn 0.2614 0.8983 -0.3532
vn 0.6369 0.6810 -0.3615
vn 0.4451 0.8091 -0.3837
vn -0.5724 -0.8155 0.0854
vn -0.4260 -0.8994 0.0982
vn -0.4873 -0.8685 0.0912
vn -0.4554 -0.8850 0.0967
vn -0.4355 -0.7775 -0.4536
vn -0.7406 -0.6535 0.1565
vn -0.1058 -0.6865 -0.7193
vn 0.0115 -0.7614 -0.6481
vn 0.0045 -0.7605 -0.6493
vn 0.0092 -0.7602 -0.6497
vn -0.1541 -0.6501 -0.7440
vn -0.0353 -0.7370 -0.6750
vn -0.3949 0.6918 0.6045
vn -0.3382 0.6719 0.6589
vn -0.1179 0.6232 0.7731
vn -0.3715 0.6691 0.6436
vn -0.0532 0.5915 0.8046
vn -0.0801 0.6175 0.7824
vn -0.2297 0.9717 0.0552
vn -0.1343 0.9884 0.0705
vn -0.1135 0.9908 0.0732
vn 0.1305 0.9841 0.1205
vn 0.3533 0.9141 0.1987
vn 0.1510 0.9838 0.0967
vn -0.1045 -0.1304 -0.9859
vn -0.2152 -0.0035 -0.9766
vn -0.3130 0.0940 -0.9451
vn -0.1687 -0.0847 -0.9820
vn 0.3000 -0.4796 -0.8246
vn -0.0727 -0.1659 -0.9835
vn -0.5731 0.7987 -0.1830
vn -0.5039 0.8013 -0.3226
vn -0.5732 0.7987 -0.1830
vn -0.3168 0.7349 -0.5996
vn -0.4879 0.7989 -0.3517
vn -0.1314 0.6161 -0.7766
vn -0.3049 0.7287 -0.6133
vn -0.9963 -0.0741 0.0426
vn -0.9960 0.0541 0.0714
vn -0.7313 -0.6612 0.1677
vn -0.9697 -0.2076 0.1291
vn -0.7351 -0.6776 0.0218
vn -0.6892 -0.7065 0.1608
vn 0.9174 -0.0250 0.3971
vn 0.9284 -0.1667 0.3321
vn 0.9297 -0.1597 0.3320
vn 0.9284 -0.1640 0.3335
vn 0.9061 0.0346 0.4216
vn 0.9282 -0.1120 0.3548
vn -0.9349 0.2857 -0.2107
vn -0.9536 0.3011 -0.0082
vn -0.9789 0.2008 0.0382
vn -0.9426 0.2168 -0.2540
vn -0.9171 0.3181 -0.2405
vn -0.9411 0.2266 -0.2510
vn -0.9424 0.2178 -0.2540
vn -0.3454 0.0357 0.9378
vn -0.4450 0.3982 0.8021
vn -0.2616 -0.1474 0.9538
vn -0.3745 0.1184 0.9196
vn -0.2768 -0.1094 0.9547
vn -0.2561 -0.1599 0.9533
vn -0.9616 0.0676 0.2659
vn -0.9556 0.2545 0.1485
vn -0.9063 0.4207 0.0402
vn -0.9957 0.0257 0.0891
vn -0.9615 0.0405 0.2717
vn -0.9849 -0.1066 -0.1367
vn -0.9858 0.1570 0.0597
vn -0.2011 0.3056 0.9307
vn -0.0337 -0.0409 0.9986
vn 0.2187 -0.4768 0.8514
vn 0.0476 -0.1932 0.9800
vn 0.4728 -0.5462 0.6915
vn 0.2805 -0.4760 0.8335
vn -0.7349 -0.1473 0.6620
vn -0.7173 -0.2291 0.6580
vn -0.5154 -0.6280 0.5831
vn -0.7027 -0.2819 0.6533
vn -0.3042 -0.8751 0.3763
vn -0.5681 -0.5480 0.6139
vn -0.6425 0.6400 -0.4214
vn -0.4280 0.8138 -0.3931
vn -0.2071 0.9339 -0.2915
vn -0.6568 0.5491 -0.5168
vn -0.7072 0.5577 -0.4345
vn -0.5852 0.4533 -0.6724
vn -0.6368 0.5479 -0.5424
vn 0.0589 0.9076 -0.4157
vn 0.2684 0.6933 -0.6688
vn 0.3664 0.5292 -0.7653
vn 0.1846 0.7981 -0.5735
vn 0.7540 0.3214 -0.5728
vn 0.2753 0.5915 -0.7579
vn -0.7538 0.4039 0.5184
vn -0.8105 0.1682 0.5611
vn -0.8120 -0.0444 0.5820
vn -0.8166 0.0985 0.5687
vn -0.8126 -0.0108 0.5827
vn -0.8111 -0.0569 0.5821
vn -0.7728 0.5723 -0.2743
vn -0.6894 0.6210 -0.3730
vn -0.8205 0.5458 -0.1700
vn -0.6416 0.6276 -0.4410
vn -0.6359 0.4731 -0.6098
vn -0.5898 0.2481 -0.7685
vn -0.6446 0.5539 -0.5269
vn -0.4244 0.7681 -0.4794
vn -0.3626 0.5914 -0.7202
vn -0.2924 0.4464 -0.8457
vn -0.3812 0.6469 -0.6605
vn 0.3623 0.3296 -0.8718
vn -0.3914 0.4710 -0.7906
vn -0.8409 0.5052 -0.1939
vn -0.8850 0.4434 -0.1422
vn -0.8269 0.5037 -0.2500
vn -0.9437 0.1897 -0.2712
vn -0.8951 0.4337 -0.1034
vn -0.9206 -0.0481 -0.3875
vn -0.9429 0.1879 -0.2751
vn -0.1146 -0.2152 0.9698
vn -0.0748 -0.2902 0.9540
vn 0.1097 -0.5735 0.8118
vn -0.0547 -0.3268 0.9435
vn 0.2667 -0.8015 0.5352
vn 0.0995 -0.5562 0.8251
vn 0.2156 0.5495 0.8072
vn 0.5347 0.1768 0.8264
vn 0.7392 -0.2661 0.6187
vn 0.5454 0.1598 0.8228
vn 0.7626 -0.4445 0.4699
vn 0.7466 -0.3010 0.5934
vn -0.8732 0.1998 0.4445
vn -0.8988 0.0331 0.4371
vn -0.8542 -0.2944 0.4286
vn -0.8997 -0.0421 0.4345
vn -0.7994 -0.4637 0.3820
vn -0.8651 -0.2467 0.4367
vn 0.9197 0.3731 -0.1220
vn 0.9688 0.1844 -0.1657
vn 0.9684 0.1839 -0.1687
vn 0.9610 0.2273 -0.1578
vn 0.8913 0.4408 -0.1064
vn 0.9450 0.2913 -0.1487
vn -0.0972 0.9951 -0.0164
vn 0.0629 0.9931 -0.0986
vn 0.4010 0.8828 -0.2445
vn 0.0315 0.9987 -0.0401
vn 0.7150 0.6709 -0.1967
vn 0.5396 0.8041 -0.2496
vn -0.3145 0.8491 0.4244
vn -0.4058 0.5650 0.7184
vn -0.1863 0.9250 0.3312
vn -0.4547 0.4746 0.7537
vn -0.1283 0.2961 0.9465
vn 0.0428 0.1828 0.9822
vn -0.2909 0.3265 0.8993
vn -0.5990 0.2034 0.7745
vn -0.4000 -0.1344 0.9066
vn -0.5987 0.2038 0.7746
vn -0.1168 -0.4459 0.8874
vn -0.4369 -0.0894 0.8951
vn -0.0143 -0.5404 0.8413
vn -0.0813 -0.4761 0.8756
vn -0.0991 0.7843 0.6124
vn -0.0050 0.7428 0.6696
vn 0.3153 0.5092 0.8008
vn 0.0061 0.7373 0.6756
vn 0.6929 0.0717 0.7175
vn 0.4350 0.4103 0.8015
vn 0.1253 0.7358 -0.6655
vn 0.2074 0.6735 -0.7095
vn 0.4808 0.4146 -0.7726
vn 0.2061 0.6745 -0.7089
vn 0.7497 -0.3579 -0.5566
vn 0.5911 0.2373 -0.7709
vn -0.8163 -0.4958 -0.2963
vn -0.6994 -0.6366 -0.3249
vn -0.7052 -0.6330 -0.3195
vn -0.6722 -0.6635 -0.3284
vn -0.8573 -0.4297 -0.2836
vn -0.7227 -0.6142 -0.3170
vn 0.1812 0.9805 0.0758
vn 0.1701 0.9825 0.0764
vn 0.4441 0.8934 0.0674
vn 0.1685 0.9827 0.0764
vn 0.8056 0.5922 0.0190
vn 0.5180 0.8533 0.0594
vn -0.5922 0.6105 -0.5259
vn -0.4548 0.3495 -0.8191
vn -0.1922 -0.0410 -0.9805
vn -0.4528 0.3461 -0.8217
vn 0.0047 -0.2931 -0.9561
vn -0.1501 -0.0967 -0.9839
vn -0.6772 -0.0005 0.7358
vn -0.6463 -0.0794 0.7589
vn -0.4828 -0.4084 0.7746
vn -0.6473 -0.0770 0.7583
vn 0.1175 -0.8622 0.4927
vn -0.3471 -0.5675 0.7466
vn 0.7325 0.6077 0.3068
vn 0.8361 0.4541 0.3078
vn 0.8338 0.4613 0.3034
vn 0.8543 0.4204 0.3055
vn 0.6799 0.6665 0.3058
vn 0.8207 0.4834 0.3047
vn -0.9950 0.0967 0.0256
vn -0.9914 0.1283 0.0275
vn -0.9894 -0.1448 0.0095
vn -0.9907 0.1330 0.0278
vn -0.8733 -0.4870 -0.0153
vn -0.9789 -0.2042 0.0054
vn -0.5908 0.1353 0.7954
vn -0.5472 0.0772 -0.8334
vn 0.9370 -0.2724 0.2185
vn 0.7750 -0.1685 0.6091
vn -0.8039 0.0887 0.5881
vn -0.0330 -0.6619 -0.7489
vn -0.2692 0.7044 0.6568
vn -0.0956 0.1804 0.9789
vn 0.6369 0.6810 -0.3614
vn -0.1422 -0.8025 -0.5795
vn 0.3080 0.9172 0.2527
vn 0.2992 -0.4901 -0.8187
vn -0.8664 -0.4880 -0.1057
vn -0.9401 0.2297 -0.2520
vn -0.9845 -0.0643 -0.1633
vn 0.5508 -0.5396 0.6368
vn -0.3218 -0.8704 0.3725
vn -0.5492 0.4974 -0.6715
vn 0.8773 0.1673 -0.4499
vn -0.5899 0.2480 -0.7684
vn 0.6236 0.1919 -0.7578
vn 0.7621 -0.4448 0.4705
vn 0.6897 0.7116 -0.1336
vn 0.2350 0.1610 0.9586
vn -0.0128 -0.5398 0.8417
vn 0.7169 0.0676 0.6939
vn -0.8573 -0.4297 -0.2835
vn 0.8067 0.5907 0.0152
vn -0.7890 0.5275 -0.3150
vn -0.7047 0.3070 0.6396
vn -0.7042 0.3115 0.6380
vn 0.8716 0.2739 0.4066
vn 0.2634 0.7538 0.6020
vn -0.0938 0.9851 0.1441
vn 0.2102 0.1074 -0.9717
vn -0.3818 -0.3783 -0.8433
vn -0.5723 -0.8155 0.0854
vn -0.1058 -0.6865 -0.7194
vn -0.1314 0.6162 -0.7766
vn -0.9963 -0.0740 0.0426
vn -0.9426 0.2169 -0.2540
vn -0.9171 0.3180 -0.2405
vn -0.9424 0.2177 -0.2541
vn -0.9615 0.0406 0.2717
vn -0.9858 0.1570 0.0596
vn 0.2186 -0.4768 0.8514
vn 0.4727 -0.5462 0.6915
vn -0.4280 0.8139 -0.3930
vn -0.8120 -0.0445 0.5820
vn -0.8111 -0.0570 0.5821
vn 0.0996 -0.5562 0.8251
vn -0.1283 0.2962 0.9465
vn -0.5990 0.2033 0.7745
vn -0.0814 -0.4761 0.8756
vn -0.0050 0.7428 0.6695
vn 0.2074 0.6734 -0.7096
vn 0.1700 0.9825 0.0764
vn -0.6464 -0.0793 0.7589
vn -0.9894 -0.1448 0.0096
vn -0.9790 -0.2037 0.0054
vn -0.5908 0.1354 0.7954
vn 0.9371 -0.2724 0.2185
vn -0.2693 0.7044 0.6568
vn 0.3079 0.9172 0.2527
vn -0.9401 0.2296 -0.2520
vn 0.7621 -0.4448 0.4704
vn 0.8485 0.3866 -0.3614
vn 0.9169 0.3474 -0.1967
vn 0.5320 0.8433 0.0764
vn 0.9706 0.2402 0.0190
vn -0.6277 0.1739 0.7588
vn -0.9828 0.1847 0.0054
vn -0.4058 0.0450 0.9129
vn -0.7043 0.3114 0.6380
vn -0.8689 0.2176 -0.4445
vn -0.8643 -0.2442 -0.4398
vn -0.5744 0.5626 0.5946
vn -0.5734 0.0206 0.8190
vn -0.0801 0.6176 0.7824
vn -0.2616 -0.1475 0.9538
vn -0.8988 0.0331 0.4372
vn 0.9610 0.2273 -0.1577
vn 0.0314 0.9987 -0.0401
vn -0.6464 -0.0794 0.7589
vn -0.9790 -0.2039 0.0054
vn 0.8773 0.1674 -0.4499
vn 0.7941 -0.2369 0.5597
vn 0.8106 -0.3637 0.4589
vn 0.8129 -0.3579 0.4594
vn 0.8101 -0.3526 0.4684
vn 0.7806 -0.1793 0.5987
vn 0.8085 -0.3025 0.5047
vn -0.7458 0.0407 -0.6650
vn -0.7797 0.1710 -0.6024
vn -0.7214 -0.0355 -0.6916
vn -0.7319 0.0003 -0.6814
vn -0.7655 0.1092 -0.6341
vn -0.7336 -0.0037 -0.6796
vn -0.6201 0.5707 0.5384
vn -0.6194 0.4046 0.6727
vn -0.4787 0.0789 0.8745
vn -0.6515 0.3812 0.6559
vn -0.5781 0.1191 0.8072
vn -0.4766 0.0925 0.8742
vn -0.8032 0.5307 -0.2705
vn -0.7857 0.5703 -0.2396
vn -0.8286 0.4500 -0.3331
vn -0.7854 0.5710 -0.2391
vn -0.8574 0.1384 -0.4956
vn -0.8464 0.3693 -0.3836
vn -0.6161 0.6876 -0.3842
vn -0.6227 0.6302 -0.4637
vn -0.6174 0.6873 -0.3828
vn -0.6440 0.3343 -0.6881
vn -0.6095 0.6556 -0.4458
vn -0.5976 0.1281 -0.7915
vn -0.6344 0.2327 -0.7372
vn -0.8443 0.5287 0.0872
vn -0.8877 0.4552 0.0691
vn -0.9009 0.4292 0.0644
vn -0.9819 0.1878 0.0261
vn -0.9967 -0.0773 -0.0239
vn -0.9849 0.1713 0.0231
vn 0.2521 -0.0606 0.9658
vn 0.1613 0.0832 0.9834
vn 0.3220 -0.1852 0.9284
vn 0.0777 0.2292 0.9703
vn 0.4803 -0.6213 0.6191
vn 0.2406 -0.0194 0.9704
vn 0.3854 0.7800 0.4930
vn 0.7742 0.3819 0.5047
vn 0.9272 -0.1540 0.3414
vn 0.7852 0.3624 0.5021
vn 0.9247 -0.3346 0.1815
vn 0.9303 -0.2057 0.3036
vn -0.7426 0.3558 0.5674
vn -0.7408 0.3639 0.5646
vn -0.7488 0.0206 0.6625
vn -0.7401 0.3683 0.5628
vn -0.6980 -0.2351 0.6764
vn -0.7562 0.1422 0.6387
vn 0.9608 0.2593 -0.0977
vn 0.9262 0.3610 -0.1086
vn 0.9203 0.3779 -0.1015
vn 0.9170 0.2040 0.3429
vn 0.9407 0.3310 -0.0737
vn 0.8559 -0.1806 0.4845
vn 0.6499 0.6616 0.3740
vn -0.8019 0.5644 0.1959
vn -0.8384 0.4869 0.2449
vn -0.8858 0.3514 0.3031
vn -0.8369 0.4905 0.2428
vn -0.8704 0.1628 0.4647
vn -0.8815 0.2903 0.3725
vn -0.8881 0.2814 -0.3635
vn -0.9098 0.1128 -0.3994
vn -0.8701 -0.2069 -0.4474
vn -0.8929 0.2010 -0.4029
vn -0.2369 -0.6916 -0.6823
vn -0.8993 -0.2209 -0.3776
vn 0.1144 0.8729 0.4742
vn -0.1197 0.9531 0.2780
vn 0.2133 0.8157 0.5377
vn 0.0378 0.9085 0.4163
vn 0.1872 0.8342 0.5187
vn 0.2291 0.8045 0.5480
vn -0.3080 0.9295 0.2029
vn -0.4147 0.8175 0.3997
vn -0.2672 0.9542 0.1344
vn -0.4533 0.7521 0.4784
vn -0.4481 0.4828 0.7524
vn -0.4462 0.5059 0.7382
vn -0.3312 0.6295 0.7029
vn -0.6092 0.6064 0.5111
vn -0.4484 0.4739 0.7579
vn -0.6090 0.6067 0.5109
vn -0.2769 0.3371 0.8998
vn -0.5057 0.5205 0.6880
vn -0.1509 0.2250 0.9626
vn -0.2171 0.2828 0.9343
vn -0.6755 0.3737 0.6357
vn -0.2835 0.9397 0.1916
vn -0.6400 0.0628 0.7658
vn 0.0495 0.9463 0.3196
vn -0.1189 0.9850 0.1254
vn 0.2914 0.8683 0.4015
vn 0.0465 0.9462 0.3202
vn 0.1968 0.1796 -0.9639
vn 0.2576 0.1146 -0.9594
vn 0.5106 -0.2232 -0.8304
vn 0.2987 0.0700 -0.9518
vn 0.6787 -0.4635 -0.5697
vn 0.4742 -0.1767 -0.8625
vn -0.7146 0.0885 -0.6940
vn -0.4205 -0.3890 -0.8197
vn 0.0388 -0.7626 -0.6457
vn -0.4041 -0.4070 -0.8192
vn 0.2257 -0.8347 -0.5023
vn 0.0870 -0.7849 -0.6135
vn -0.0346 0.9597 -0.2789
vn 0.1325 0.9475 -0.2909
vn 0.4850 0.8003 -0.3526
vn 0.2320 0.9241 -0.3036
vn 0.6327 0.6979 -0.3355
vn 0.4110 0.8413 -0.3510
vn -0.5416 -0.8362 0.0863
vn -0.3762 -0.9217 0.0945
vn -0.4231 -0.8999 0.1051
vn -0.4257 -0.8999 0.0942
vn -0.4306 -0.8166 -0.3843
vn -0.7734 -0.6117 0.1664
vn -0.0505 -0.7557 -0.6529
vn 0.0748 -0.8183 -0.5699
vn 0.0685 -0.8188 -0.5699
vn 0.0635 -0.8136 -0.5779
vn -0.1052 -0.7224 -0.6834
vn 0.0129 -0.7941 -0.6077
vn -0.4435 0.7313 0.5181
vn -0.3957 0.7201 0.5699
vn -0.1815 0.6904 0.7003
vn -0.4240 0.7146 0.5564
vn -0.1158 0.6646 0.7382
vn -0.1452 0.6878 0.7112
vn -0.2716 0.9610 0.0527
vn -0.1874 0.9801 0.0657
vn -0.1585 0.9850 0.0684
vn 0.0602 0.9931 0.1002
vn 0.3046 0.9391 0.1590
vn 0.1071 0.9911 0.0796
vn -0.0855 -0.1558 -0.9841
vn -0.2175 0.0009 -0.9761
vn -0.3552 0.1462 -0.9233
vn -0.1864 -0.0743 -0.9797
vn 0.3684 -0.5477 -0.7512
vn -0.0389 -0.2064 -0.9777
vn -0.5765 0.8067 -0.1301
vn -0.5138 0.8170 -0.2618
vn -0.3495 0.7888 -0.5056
vn -0.5070 0.8172 -0.2741
vn -0.1602 0.6919 -0.7040
vn -0.3224 0.7784 -0.5387
vn -0.9980 -0.0266 0.0568
vn -0.9898 0.1145 0.0843
vn -0.9898 0.1144 0.0843
vn -0.7133 -0.6831 0.1565
vn -0.9759 -0.1670 0.1402
vn -0.7010 -0.7115 0.0499
vn -0.6889 -0.7060 0.1644
vn 0.9415 -0.0820 0.3269
vn 0.9379 -0.2313 0.2586
vn 0.9398 -0.2274 0.2552
vn 0.9396 -0.2149 0.2664
vn 0.9356 -0.0174 0.3527
vn 0.9449 -0.1560 0.2879
vn -0.9264 0.3361 -0.1695
vn -0.9339 0.3573 0.0158
vn -0.9642 0.2593 0.0554
vn -0.9413 0.2783 -0.1910
vn -0.9055 0.3828 -0.1831
vn -0.9392 0.2873 -0.1880
vn -0.9412 0.2785 -0.1913
vn -0.4097 0.0537 0.9107
vn -0.5098 0.4620 0.7257
vn -0.3176 -0.1506 0.9362
vn -0.4455 0.1601 0.8809
vn -0.3354 -0.1071 0.9360
vn -0.3084 -0.1704 0.9359
vn -0.9605 0.1236 0.2495
vn -0.9433 0.2942 0.1538
vn -0.8836 0.4650 0.0547
vn -0.9927 0.0526 0.1081
vn -0.9626 0.0974 0.2527
vn -0.9940 -0.0591 -0.0917
vn -0.9706 0.2226 0.0919
vn -0.2695 0.3702 0.8890
vn -0.0784 -0.0181 0.9968
vn 0.2526 -0.5588 0.7899
vn 0.0428 -0.2375 0.9704
vn 0.5084 -0.6176 0.6001
vn 0.3102 -0.5519 0.7741
vn -0.7825 -0.1126 0.6124
vn -0.7660 -0.1964 0.6121
vn -0.4900 -0.6877 0.5357
vn -0.7445 -0.2746 0.6085
vn -0.2645 -0.9058 0.3310
vn -0.5941 -0.5440 0.5926
vn -0.6636 0.6691 -0.3347
vn -0.4380 0.8456 -0.3053
vn -0.2455 0.9416 -0.2304
vn -0.6762 0.6005 -0.4268
vn -0.7185 0.6034 -0.3460
vn -0.6224 0.5244 -0.5810
vn -0.6588 0.6068 -0.4448
vn 0.0150 0.9359 -0.3518
vn 0.2827 0.7193 -0.6346
vn 0.3877 0.5714 -0.7233
vn 0.1407 0.8571 -0.4956
vn 0.7724 0.3244 -0.5460
vn 0.2802 0.6517 -0.7048
vn -0.7698 0.4537 0.4490
vn -0.8370 0.2272 0.4977
vn -0.8481 0.0067 0.5297
vn -0.8482 0.1405 0.5107
vn -0.8476 0.0402 0.5292
vn -0.8475 -0.0112 0.5306
vn -0.7672 0.6097 -0.1993
vn -0.6899 0.6618 -0.2933
vn -0.8045 0.5825 -0.1164
vn -0.6517 0.6730 -0.3497
vn -0.6649 0.5322 -0.5241
vn -0.6409 0.3171 -0.6990
vn -0.6642 0.6022 -0.4430
vn -0.4497 0.8048 -0.3875
vn -0.3941 0.6508 -0.6490
vn -0.3232 0.5257 -0.7869
vn -0.4146 0.7085 -0.5710
vn 0.3758 0.3729 -0.8483
vn -0.4303 0.5512 -0.7149
vn -0.8261 0.5470 -0.1354
vn -0.8649 0.4933 -0.0930
vn -0.8163 0.5478 -0.1832
vn -0.9494 0.2267 -0.2173
vn -0.8782 0.4737 -0.0655
vn -0.9471 0.0037 -0.3208
vn -0.9450 0.2535 -0.2066
vn -0.1451 -0.2467 0.9582
vn -0.0968 -0.3315 0.9385
vn 0.1451 -0.6522 0.7440
vn -0.0633 -0.3874 0.9197
vn 0.3006 -0.8435 0.4451
vn 0.1146 -0.6098 0.7842
vn 0.1816 0.6231 0.7608
vn 0.5646 0.1967 0.8016
vn 0.7746 -0.3226 0.5440
vn 0.5770 0.1761 0.7975
vn 0.7760 -0.5040 0.3792
vn 0.7790 -0.3707 0.5058
vn -0.8823 0.2569 0.3943
vn -0.9153 0.0990 0.3903
vn -0.8709 -0.2837 0.4013
vn -0.9203 -0.0006 0.3913
vn -0.8167 -0.4520 0.3587
vn -0.8890 -0.2013 0.4112
vn 0.9304 0.3430 -0.1291
vn 0.9767 0.1300 -0.1705
vn 0.9770 0.1210 -0.1756
vn 0.9665 0.2001 -0.1606
vn 0.9006 0.4193 -0.1150
vn 0.9488 0.2760 -0.1536
vn -0.1487 0.9889 -0.0077
vn 0.0135 0.9959 -0.0899
vn 0.3659 0.9065 -0.2108
vn -0.0245 0.9992 -0.0313
vn 0.7125 0.6730 -0.1985
vn 0.5143 0.8279 -0.2238
vn -0.3503 0.8687 0.3502
vn -0.4613 0.6012 0.6525
vn -0.2388 0.9306 0.2774
vn -0.5105 0.5340 0.6739
vn -0.1588 0.3457 0.9248
vn -0.0069 0.2245 0.9744
vn -0.3614 0.3905 0.8467
vn -0.6589 0.2608 0.7056
vn -0.4458 -0.1513 0.8823
vn -0.6586 0.2613 0.7057
vn -0.1271 -0.5088 0.8514
vn -0.5075 -0.0645 0.8592
vn -0.0031 -0.6147 0.7888
vn -0.0820 -0.5450 0.8344
vn -0.1625 0.8308 0.5323
vn -0.0700 0.8017 0.5936
vn 0.3103 0.5627 0.7662
vn -0.0508 0.7947 0.6049
vn 0.7463 0.0402 0.6644
vn 0.4678 0.4343 0.7698
vn 0.1030 0.7948 -0.5980
vn 0.2018 0.7303 -0.6526
vn 0.5209 0.4310 -0.7368
vn 0.1936 0.7362 -0.6484
vn 0.7717 -0.4111 -0.4853
vn 0.6455 0.2170 -0.7322
vn -0.8308 -0.4975 -0.2495
vn -0.7034 -0.6528 -0.2813
vn -0.7059 -0.6535 -0.2730
vn -0.6628 -0.6921 -0.2859
vn -0.8762 -0.4204 -0.2358
vn -0.7277 -0.6305 -0.2701
vn 0.1190 0.9909 0.0625
vn 0.1080 0.9921 0.0631
vn 0.4034 0.9134 0.0546
vn 0.1058 0.9924 0.0632
vn 0.8052 0.5930 -0.0009
vn 0.5003 0.8647 0.0441
vn -0.6128 0.6636 -0.4291
vn -0.4909 0.4062 -0.7707
vn -0.1954 -0.0407 -0.9799
vn -0.4914 0.4070 -0.7700
vn 0.0521 -0.3528 -0.9343
vn -0.1360 -0.1190 -0.9835
vn -0.7334 0.0447 0.6783
vn -0.7044 -0.0476 0.7082
vn -0.5197 -0.4331 0.7364
vn -0.7075 -0.0387 0.7057
vn 0.1565 -0.8974 0.4124
vn -0.3478 -0.6245 0.6993
vn 0.7341 0.6266 0.2616
vn 0.8488 0.4587 0.2631
vn 0.8495 0.4619 0.2550
vn 0.8751 0.4086 0.2593
vn 0.6722 0.6927 0.2614
vn 0.8334 0.4893 0.2569
vn -0.9865 0.1573 0.0457
vn -0.9811 0.1877 0.0472
vn -0.9947 -0.0981 0.0318
vn -0.9798 0.1943 0.0475
vn -0.8809 -0.4732 0.0068
vn -0.9848 -0.1716 0.0274
vn -0.6543 0.1888 0.7323
vn -0.6023 0.1244 -0.7885
vn 0.9300 -0.3313 0.1592
vn 0.8163 -0.2320 0.5290
vn -0.8364 0.1442 0.5287
vn 0.0262 -0.7322 -0.6806
vn -0.3287 0.7525 0.5707
vn -0.1498 0.2260 0.9626
vn -0.0832 -0.8559 -0.5104
vn 0.2499 0.9445 0.2132
vn 0.3672 -0.5579 -0.7442
vn -0.8756 -0.4774 -0.0741
vn -0.9381 0.2904 -0.1889
vn -0.9931 -0.0088 -0.1172
vn 0.5827 -0.6064 0.5410
vn -0.2847 -0.9006 0.3285
vn -0.5849 0.5683 -0.5788
vn 0.9017 0.1230 -0.4146
vn -0.6410 0.3170 -0.6990
vn 0.6807 0.1720 -0.7120
vn 0.7756 -0.5043 0.3796
vn 0.6763 0.7245 -0.1331
vn 0.2377 0.1840 0.9538
vn -0.0012 -0.6142 0.7891
vn 0.7713 0.0331 0.6356
vn 0.8067 0.5910 -0.0049
vn -0.7295 0.1126 -0.6746
vn -0.6980 -0.0046 0.7160
vn 0.2634 0.7537 0.6021
vn 0.6400 -0.4087 -0.6507
vn 0.4239 -0.1436 -0.8943
vn 0.9061 0.0345 0.4216
vn -0.9411 0.2266 -0.2509
vn -0.9616 0.0676 0.2660
vn -0.9615 0.0407 0.2717
vn -0.9206 -0.0481 -0.3876
vn 0.1686 0.9827 0.0764
vn -0.4549 0.3495 -0.8191
vn -0.6465 -0.0791 0.7588
vn -0.9895 -0.1445 0.0096
vn -0.9789 -0.2043 0.0054
vn -0.6292 0.2295 0.7426
vn -0.6532 0.1944 0.7319
vn -0.6376 0.1374 -0.7581
vn -0.9970 -0.0768 0.0015
vn 0.6731 0.4953 0.5492
vn -0.7527 0.1559 0.6396
vn -0.7104 -0.0576 0.7014
vn -0.8478 -0.0713 0.5254
vn -0.0238 0.8527 0.5219
vn 0.1030 0.7918 0.6021
vn 0.0741 0.8089 0.5832
vn -0.5277 0.7059 0.4725
vn -0.1314 0.1559 0.9790
vn -0.0783 0.9220 0.3792
vn 0.7103 -0.2686 -0.6507
vn -0.5285 0.5960 0.6045
vn -0.3145 0.9464 0.0732
vn -0.2551 0.5760 -0.7766
vn -0.9951 0.0990 -0.0082
vn -0.9670 0.0188 -0.2539
vn -0.2178 -0.2091 0.9533
vn -0.9550 -0.1313 0.2660
vn -0.0245 -0.0470 0.9986
vn -0.6298 -0.4202 0.6533
vn -0.5859 0.7087 -0.3931
vn -0.7555 0.4025 -0.5169
vn -0.7822 -0.2222 0.5821
vn -0.9651 0.2407 -0.1034
vn -0.8864 -0.1522 0.4371
vn -0.1423 0.9849 -0.0985
vn -0.4821 0.7665 0.4244
vn -0.6280 0.0761 0.7745
vn 0.3854 0.5045 -0.7726
vn -0.6167 -0.2098 0.7588
vn -0.9386 -0.3448 0.0096
vn -0.9161 -0.4008 0.0054
vn 0.7930 -0.0058 0.6091
vn 0.5709 0.3159 -0.7578
vn -0.8911 -0.2361 -0.3875
vn 0.8072 -0.1963 -0.5566
vn -0.1040 0.8203 0.5624
vn -0.7881 0.5607 -0.2541
vn 0.9705 0.2402 0.0190
vn -0.8675 0.4967 0.0275
vn 0.6300 -0.3899 0.6717
vn -0.2177 -0.4941 0.8417
vn 0.6884 -0.2110 0.6939
vn -0.8444 0.1043 0.5255
vn -0.8679 0.1386 -0.4770
vn 0.1560 0.1618 -0.9744
vn 0.2371 0.0802 -0.9682
vn 0.3000 -0.4797 -0.8246
vn -0.3168 0.7350 -0.5996
vn -0.9789 0.2008 0.0381
vn -0.9426 0.2169 -0.2539
vn -0.9424 0.2177 -0.2540
vn -0.4451 0.3982 0.8021
vn -0.4280 0.8138 -0.3930
vn -0.6568 0.5490 -0.5168
vn -0.8166 0.0984 0.5687
vn -0.6416 0.6275 -0.4410
vn -0.3145 0.8491 0.4243
vn -0.6466 -0.0787 0.7588
vn -0.9894 -0.1447 0.0095
vn -0.9789 -0.2041 0.0054
vn -0.6763 -0.0358 -0.7357
vn -0.5827 0.5223 0.6227
vn 0.7604 0.3465 0.5492
vn -0.7071 0.0894 0.7015
vn -0.4090 0.7186 0.5624
vn 0.9284 -0.1639 0.3335
vn -0.8112 -0.0570 0.5820
vn -0.8951 0.4338 -0.1034
vn -0.0050 0.7427 0.6696
vn -0.6464 -0.0792 0.7589
vn -0.6757 -0.1431 -0.7232
vn -0.8811 0.3499 -0.3182
vn -0.2513 0.9096 0.3309
vn 0.1136 0.7854 0.6084
vn -0.5478 0.6194 0.5623
vn -0.4653 0.3367 0.8187
vn 0.4444 -0.0535 -0.8943
vn 0.1332 -0.6919 -0.7095
vn 0.4835 0.7972 -0.3615
vn 0.9428 0.0274 0.3321
vn -0.9670 0.0196 -0.2541
vn -0.9494 -0.1577 0.2717
vn 0.0863 -0.1793 0.9800
vn -0.6298 -0.4202 0.6532
vn -0.8206 0.2406 0.5184
vn -0.7446 0.4098 -0.5270
vn 0.3318 0.9415 0.0594
vn -0.9387 -0.3447 0.0096
vn 0.6498 -0.4151 0.6367
vn 0.3000 -0.0156 0.9538
vn 0.3961 -0.1304 0.9089
vn 0.3949 -0.1235 0.9104
vn 0.3943 -0.1282 0.9100
vn 0.2575 0.0325 0.9657
vn 0.3633 -0.0848 0.9278
vn -0.1754 -0.1431 -0.9741
vn -0.2534 -0.0396 -0.9666
vn -0.1313 -0.2024 -0.9705
vn -0.1508 -0.1739 -0.9731
vn -0.2155 -0.0899 -0.9724
vn -0.1503 -0.1790 -0.9723
vn -0.9069 0.3916 0.1557
vn -0.9314 0.2295 0.2826
vn -0.8365 -0.0393 0.5465
vn -0.9457 0.1944 0.2606
vn -0.8998 -0.0284 0.4355
vn -0.8363 -0.0330 0.5472
vn -0.5536 0.3045 -0.7751
vn -0.5689 0.3542 -0.7422
vn -0.5219 0.2306 -0.8213
vn -0.5676 0.3499 -0.7453
vn -0.3750 -0.0887 -0.9228
vn -0.4821 0.1340 -0.8658
vn -0.3442 0.5042 -0.7920
vn -0.2861 0.4359 -0.8533
vn -0.3462 0.5037 -0.7915
vn -0.1245 0.1374 -0.9827
vn -0.2930 0.4686 -0.8334
vn -0.0070 -0.0328 -0.9994
vn -0.0772 0.0495 -0.9958
vn -0.8421 0.3036 -0.4458
vn -0.8524 0.2117 -0.4781
vn -0.8538 0.1914 -0.4841
vn -0.8376 -0.0813 -0.5402
vn -0.7615 -0.3304 -0.5576
vn -0.8384 -0.0768 -0.5395
vn -0.3262 0.0098 0.9452
vn -0.4132 0.1118 0.9037
vn -0.2509 -0.0750 0.9651
vn -0.4718 0.1989 0.8590
vn 0.0743 -0.4458 0.8920
vn -0.3237 0.0192 0.9460
vn -0.0806 0.7942 0.6023
vn 0.2546 0.5103 0.8215
vn 0.5429 0.0830 0.8357
vn 0.2676 0.4953 0.8265
vn 0.6802 -0.0784 0.7288
vn 0.5715 0.0542 0.8188
vn -0.9803 0.1474 0.1315
vn -0.9793 0.1559 0.1291
vn -0.9615 -0.1478 0.2316
vn -0.9788 0.1602 0.1275
vn -0.8793 -0.3774 0.2906
vn -0.9773 -0.0576 0.2040
vn 0.7756 0.4938 0.3932
vn 0.7388 0.5697 0.3601
vn 0.7279 0.5824 0.3620
vn 0.4489 0.4470 0.7737
vn 0.7306 0.5439 0.4128
vn 0.3832 0.0458 0.9225
vn 0.2005 0.7402 0.6418
vn -0.8832 0.3529 -0.3087
vn -0.9242 0.2666 -0.2733
vn -0.9720 0.1021 -0.2118
vn -0.9260 0.2622 -0.2715
vn -0.9973 -0.0712 -0.0184
vn -0.9868 0.0641 -0.1485
vn -0.5109 0.0346 -0.8590
vn -0.4803 -0.1138 -0.8697
vn -0.3593 -0.4064 -0.8401
vn -0.4788 -0.0426 -0.8769
vn 0.2923 -0.6635 -0.6888
vn -0.4299 -0.4164 -0.8011
vn -0.3031 0.8526 0.4256
vn -0.3906 0.9096 0.1417
vn -0.2400 0.7918 0.5617
vn -0.3249 0.8712 0.3681
vn -0.2541 0.8089 0.5301
vn -0.2345 0.7855 0.5727
vn -0.5157 0.8559 -0.0378
vn -0.6996 0.7058 0.1108
vn -0.4340 0.8961 -0.0931
vn -0.7653 0.6194 0.1754
vn -0.8349 0.3366 0.4354
vn -0.8282 0.3556 0.4332
vn -0.7390 0.4998 0.4517
vn -0.8920 0.4323 0.1321
vn -0.8402 0.3291 0.4311
vn -0.8918 0.4327 0.1320
vn -0.7275 0.2266 0.6476
vn -0.8638 0.3590 0.3534
vn -0.6414 0.1560 0.7512
vn -0.6915 0.1955 0.6954
vn -0.9537 0.2163 0.2091
vn -0.4886 0.8718 -0.0337
vn -0.9192 -0.0976 0.3815
vn -0.2849 0.9242 0.2543
vn -0.3252 0.9449 -0.0384
vn -0.1112 0.8732 0.4745
vn -0.2715 0.9220 0.2761
vn 0.6289 0.1903 -0.7539
vn 0.6813 0.1483 -0.7168
vn 0.8683 -0.0665 -0.4916
vn 0.7063 0.1272 -0.6964
vn 0.9496 -0.2686 -0.1614
vn 0.8583 -0.0535 -0.5103
vn -0.1406 -0.0946 -0.9855
vn 0.1953 -0.4363 -0.8784
vn 0.4968 -0.6920 -0.5239
vn 0.2087 -0.4486 -0.8690
vn 0.5892 -0.7444 -0.3143
vn 0.5166 -0.7047 -0.4864
vn 0.0305 0.9242 -0.3807
vn 0.1831 0.9379 -0.2946
vn 0.4732 0.8681 -0.1496
vn 0.2516 0.9328 -0.2580
vn 0.6023 0.7972 -0.0414
vn 0.4345 0.8832 -0.1762
vn -0.3763 -0.9157 -0.1413
vn -0.2484 -0.9677 -0.0435
vn -0.3003 -0.9500 -0.0854
vn -0.2743 -0.9596 -0.0620
vn 0.0220 -0.8504 -0.5257
vn -0.5811 -0.7916 -0.1889
vn 0.4216 -0.6936 -0.5841
vn 0.4923 -0.7429 -0.4536
vn 0.4871 -0.7434 -0.4584
vn 0.4910 -0.7421 -0.4563
vn 0.3890 -0.6679 -0.6345
vn 0.4642 -0.7285 -0.5038
vn -0.7719 0.5960 0.2212
vn -0.7513 0.5882 0.2993
vn -0.6238 0.5857 0.5175
vn -0.7700 0.5786 0.2690
vn -0.5821 0.5679 0.5819
vn -0.5967 0.5880 0.5461
vn -0.3864 0.9039 -0.1837
vn -0.3191 0.9398 -0.1221
vn -0.3039 0.9464 -0.1091
vn -0.1278 0.9899 0.0609
vn 0.0251 0.9672 0.2527
vn -0.0980 0.9938 0.0518
vn 0.4713 -0.1491 -0.8693
vn 0.3534 -0.0476 -0.9343
vn 0.2390 0.0278 -0.9706
vn 0.4086 -0.1175 -0.9051
vn 0.7767 -0.4078 -0.4801
vn 0.5022 -0.1773 -0.8464
vn -0.5097 0.6641 -0.5470
vn -0.3775 0.6808 -0.6277
vn -0.0620 0.6543 -0.7537
vn -0.3482 0.6818 -0.6434
vn 0.2069 0.5760 -0.7908
vn -0.0437 0.6506 -0.7582
vn -0.8296 -0.2770 -0.4848
vn -0.8670 -0.1515 -0.4747
vn -0.5782 -0.7972 -0.1737
vn -0.8315 -0.4022 -0.3832
vn -0.4994 -0.8141 -0.2965
vn -0.5321 -0.8329 -0.1521
vn 0.5432 0.1639 0.8234
vn 0.6120 0.0274 0.7904
vn 0.6119 0.0346 0.7902
vn 0.6108 0.0301 0.7912
vn 0.5104 0.2198 0.8314
vn 0.5901 0.0810 0.8033
vn -0.7037 0.0877 -0.7051
vn -0.8315 0.0989 -0.5466
vn -0.8602 -0.0045 -0.5099
vn -0.6747 0.0187 -0.7379
vn -0.6785 0.1230 -0.7243
vn -0.6768 0.0286 -0.7356
vn -0.6746 0.0196 -0.7379
vn -0.7988 -0.0360 0.6006
vn -0.8697 0.2983 0.3933
vn -0.7070 -0.1980 0.6789
vn -0.8271 0.0390 0.5606
vn -0.7265 -0.1639 0.6673
vn -0.7001 -0.2090 0.6828
vn -0.9466 -0.1312 -0.2946
vn -0.9101 0.0529 -0.4109
vn -0.8396 0.2257 -0.4942
vn -0.8714 -0.1793 -0.4566
vn -0.9450 -0.1576 -0.2867
vn -0.7173 -0.3065 -0.6258
vn -0.8700 -0.0487 -0.4906
vn -0.7228 0.2579 0.6411
vn -0.5623 -0.0470 0.8256
vn -0.1997 -0.4218 0.8844
vn -0.4590 -0.1794 0.8701
vn 0.1078 -0.4375 0.8927
vn -0.1394 -0.4082 0.9022
vn -0.9379 -0.2950 0.1825
vn -0.9072 -0.3715 0.1975
vn -0.6318 -0.7204 0.2862
vn -0.8835 -0.4202 0.2072
vn -0.3033 -0.9190 0.2521
vn -0.7056 -0.6530 0.2752
vn -0.4101 0.4944 -0.7664
vn -0.2791 0.7087 -0.6480
vn -0.1732 0.8715 -0.4588
vn -0.3544 0.4025 -0.8440
vn -0.4420 0.4006 -0.8026
vn -0.1946 0.3235 -0.9260
vn -0.3239 0.4055 -0.8548
vn 0.1174 0.9004 -0.4190
vn 0.4638 0.7337 -0.4966
vn 0.6251 0.5932 -0.5074
vn 0.3252 0.8190 -0.4727
vn 0.8753 0.4693 -0.1167
vn 0.5354 0.6354 -0.5564
vn -0.9706 0.2406 -0.0096
vn -0.9997 -0.0018 0.0225
vn -0.9756 -0.2102 0.0629
vn -0.9969 -0.0713 0.0333
vn -0.9823 -0.1774 0.0594
vn -0.9728 -0.2223 0.0648
vn -0.5854 0.4014 -0.7044
vn -0.4716 0.4663 -0.7484
vn -0.6766 0.3657 -0.6392
vn -0.3966 0.4825 -0.7810
vn -0.2737 0.3324 -0.9025
vn -0.1110 0.1217 -0.9863
vn -0.3397 0.4098 -0.8466
vn -0.2215 0.6647 -0.7136
vn -0.0095 0.5044 -0.8634
vn 0.1412 0.3769 -0.9154
vn -0.0667 0.5548 -0.8293
vn 0.7139 0.3970 -0.5768
vn 0.0257 0.3806 -0.9244
vn -0.6734 0.3219 -0.6655
vn -0.7270 0.2523 -0.6386
vn -0.6312 0.3232 -0.7051
vn -0.6615 -0.0080 -0.7499
vn -0.7547 0.2407 -0.6103
vn -0.5384 -0.2360 -0.8089
vn -0.6585 -0.0096 -0.7525
vn -0.5831 -0.2342 0.7779
vn -0.5289 -0.2994 0.7941
vn -0.2512 -0.5388 0.8041
vn -0.5004 -0.3311 0.8000
vn 0.0672 -0.7297 0.6804
vn -0.2698 -0.5239 0.8079
vn -0.3553 0.5820 0.7314
vn -0.0391 0.2828 0.9584
vn 0.3181 -0.1087 0.9418
vn -0.0254 0.2684 0.9630
vn 0.4488 -0.2785 0.8491
vn 0.3439 -0.1413 0.9283
vn -0.9935 0.0163 -0.1123
vn -0.9818 -0.1522 -0.1135
vn -0.8840 -0.4635 -0.0605
vn -0.9682 -0.2259 -0.1079
vn -0.7845 -0.6180 -0.0518
vn -0.9056 -0.4191 -0.0649
vn 0.7581 0.5540 0.3442
vn 0.8546 0.3793 0.3546
vn 0.8560 0.3787 0.3519
vn 0.8365 0.4197 0.3523
vn 0.7145 0.6144 0.3346
vn 0.8074 0.4791 0.3443
vn -0.2427 0.9540 -0.1762
vn -0.0661 0.9849 -0.1600
vn 0.3101 0.9464 -0.0908
vn -0.1246 0.9839 -0.1282
vn 0.5789 0.8034 0.1396
vn 0.4404 0.8977 -0.0128
vn -0.6352 0.7665 0.0950
vn -0.8208 0.4696 0.3252
vn -0.4923 0.8670 0.0764
vn -0.8645 0.3712 0.3390
vn -0.6699 0.2635 0.6941
vn -0.5291 0.1877 0.8275
vn -0.7833 0.2598 0.5648
vn -0.9477 0.0761 0.3101
vn -0.7975 -0.2136 0.5643
vn -0.9476 0.0766 0.3103
vn -0.5004 -0.4604 0.7332
vn -0.8293 -0.1772 0.5300
vn -0.3749 -0.5318 0.7594
vn -0.4597 -0.4827 0.7454
vn -0.5489 0.7472 0.3746
vn -0.4953 0.7259 0.4772
vn -0.2629 0.5631 0.7834
vn -0.4886 0.7228 0.4887
vn 0.1682 0.2124 0.9626
vn -0.1478 0.4909 0.8586
vn 0.3371 0.7459 -0.5745
vn 0.4392 0.7017 -0.5610
vn 0.7429 0.5045 -0.4400
vn 0.4375 0.7025 -0.5613
vn 0.9801 -0.1963 -0.0298
vn 0.8632 0.3536 -0.3603
vn -0.4250 -0.6528 -0.6271
vn -0.2890 -0.7667 -0.5733
vn -0.2973 -0.7643 -0.5723
vn -0.2602 -0.7874 -0.5588
vn -0.4770 -0.5965 -0.6455
vn -0.3164 -0.7495 -0.5815
vn -0.0612 0.9968 0.0507
vn -0.0711 0.9965 0.0450
vn 0.1745 0.9656 0.1929
vn -0.0724 0.9964 0.0443
vn 0.5499 0.7450 0.3776
vn 0.2465 0.9415 0.2298
vn -0.3070 0.4759 -0.8242
vn 0.0100 0.2487 -0.9685
vn 0.3809 -0.0796 -0.9212
vn 0.0137 0.2458 -0.9692
vn 0.5730 -0.2859 -0.7681
vn 0.4269 -0.1254 -0.8956
vn -0.9558 -0.1395 0.2587
vn -0.9296 -0.2098 0.3030
vn -0.7467 -0.4988 0.4400
vn -0.9303 -0.2082 0.3021
vn -0.0219 -0.8197 0.5723
vn -0.5925 -0.6267 0.5062
vn 0.3311 0.7451 0.5790
vn 0.4422 0.6160 0.6519
vn 0.4415 0.6226 0.6461
vn 0.4642 0.5868 0.6634
vn 0.2783 0.7919 0.5436
vn 0.4261 0.6416 0.6378
vn -0.8487 -0.1097 -0.5174
vn -0.8522 -0.0779 -0.5174
vn -0.7937 -0.3449 -0.5011
vn -0.8526 -0.0732 -0.5173
vn -0.6258 -0.6559 -0.4222
vn -0.7726 -0.4008 -0.4924
vn -0.9405 0.0112 0.3395
vn -0.0112 -0.0368 -0.9993
vn 0.6990 -0.0742 0.7113
vn 0.3359 -0.0058 0.9419
vn -0.9953 -0.0782 0.0575
vn 0.4932 -0.6546 -0.5730
vn -0.6991 0.6341 0.3304
vn -0.6406 0.1570 0.7516
vn 0.6022 0.7972 -0.0414
vn 0.3358 -0.8146 -0.4730
vn -0.0421 0.9609 0.2737
vn 0.7746 -0.4182 -0.4744
vn -0.5709 -0.6555 -0.4944
vn -0.6759 0.0318 -0.7363
vn -0.7098 -0.2651 -0.6526
vn 0.2006 -0.4151 0.8874
vn -0.3165 -0.9180 0.2391
vn -0.1731 0.3741 -0.9111
vn 0.9365 0.3439 0.0691
vn -0.1110 0.1216 -0.9863
vn 0.8907 0.3159 -0.3270
vn 0.4482 -0.2789 0.8493
vn 0.5168 0.8381 0.1747
vn -0.3545 0.2058 0.9121
vn -0.3739 -0.5310 0.7604
vn 0.2014 0.2133 0.9560
vn 0.5532 0.7438 0.3752
vn -0.9314 0.2295 0.2827
vn -0.8363 -0.0330 0.5473
vn -0.8385 -0.0768 -0.5395
vn -0.9793 0.1558 0.1291
vn -0.9615 -0.1478 0.2315
vn -0.9973 -0.0713 -0.0184
vn -0.3031 0.8527 0.4256
vn -0.3249 0.8712 0.3680
vn -0.6996 0.7059 0.1108
vn -0.8918 0.4326 0.1320
vn -0.4993 -0.8141 -0.2965
vn -0.6784 0.1230 -0.7243
vn -0.9466 -0.1313 -0.2946
vn -0.9102 0.0529 -0.4109
vn -0.8714 -0.1792 -0.4566
vn -0.9450 -0.1577 -0.2867
vn -0.8700 -0.0487 -0.4907
vn -0.1998 -0.4218 0.8844
vn -0.4590 -0.1793 0.8701
vn -0.9072 -0.3716 0.1975
vn -0.8835 -0.4201 0.2072
vn 0.8753 0.4693 -0.1168
vn 0.0258 0.3806 -0.9244
vn -0.5384 -0.2361 -0.8089
vn -0.9477 0.0760 0.3101
vn -0.1479 0.4909 0.8586
vn 0.4376 0.7025 -0.5613
vn -0.2890 -0.7667 -0.5734
vn -0.0724 0.9964 0.0442
vn -0.9294 -0.2102 0.3032
vn -0.7467 -0.4988 0.4399
vn -0.9303 -0.2083 0.3020
vn -0.7938 -0.3447 -0.5011
vn -0.7726 -0.4009 -0.4923
vn -0.0113 -0.0368 -0.9993
vn -0.6407 0.1570 0.7516
vn 0.9801 -0.1964 -0.0298
vn 0.2822 -0.1030 0.9538
vn 0.3404 -0.2410 0.9089
vn 0.3412 -0.2340 0.9104
vn 0.3393 -0.2383 0.9100
vn 0.2557 -0.0445 0.9657
vn 0.3224 -0.1878 0.9278
vn -0.2096 -0.0853 -0.9741
vn -0.2538 0.0365 -0.9666
vn -0.1849 -0.1549 -0.9705
vn -0.1952 -0.1219 -0.9731
vn -0.2324 -0.0226 -0.9724
vn -0.1963 -0.1270 -0.9723
vn -0.7519 0.6406 0.1557
vn -0.8229 0.4929 0.2827
vn -0.8112 0.2081 0.5465
vn -0.8469 0.4635 0.2606
vn -0.8684 0.2371 0.4355
vn -0.8092 0.2140 0.5472
vn -0.4397 0.4536 -0.7751
vn -0.4398 0.5057 -0.7422
vn -0.4312 0.3736 -0.8213
vn -0.4398 0.5011 -0.7453
vn -0.3845 0.0253 -0.9228
vn -0.4215 0.2696 -0.8658
vn -0.1810 0.5830 -0.7920
vn -0.1455 0.5007 -0.8533
vn -0.1830 0.5831 -0.7915
vn -0.0786 0.1679 -0.9827
vn -0.1425 0.5340 -0.8334
vn -0.0164 -0.0293 -0.9994
vn -0.0593 0.0700 -0.9958
vn -0.7158 0.5375 -0.4458
vn -0.7527 0.4526 -0.4781
vn -0.7600 0.4337 -0.4841
vn -0.8246 0.1682 -0.5402
vn -0.8250 -0.0922 -0.5576
vn -0.8241 0.1727 -0.5395
vn -0.3089 0.1052 0.9452
vn -0.3622 0.2282 0.9037
vn -0.2619 0.0020 0.9651
vn -0.3926 0.3287 0.8590
vn -0.0599 -0.4480 0.8920
vn -0.3038 0.1134 0.9460
vn 0.1561 0.7828 0.6023
vn 0.3932 0.4130 0.8215
vn 0.5433 -0.0801 0.8357
vn 0.4012 0.3949 0.8265
vn 0.6272 -0.2747 0.7288
vn 0.5622 -0.1160 0.8188
vn -0.8938 0.4287 0.1315
vn -0.8904 0.4366 0.1291
vn -0.9625 0.1411 0.2315
vn -0.8886 0.4405 0.1275
vn -0.9513 -0.1026 0.2906
vn -0.9511 0.2319 0.2040
vn 0.8864 0.2443 0.3932
vn 0.8735 0.3276 0.3601
vn 0.8668 0.3430 0.3620
vn 0.5604 0.2955 0.7737
vn 0.8581 0.3054 0.4128
vn 0.3797 -0.0688 0.9225
vn 0.4090 0.6487 0.6418
vn -0.7407 0.5967 -0.3087
vn -0.8052 0.5262 -0.2733
vn -0.8991 0.3830 -0.2118
vn -0.8082 0.5226 -0.2715
vn -0.9742 0.2247 -0.0184
vn -0.9245 0.3510 -0.1485
vn -0.4782 0.1830 -0.8590
vn -0.4925 0.0322 -0.8697
vn -0.4628 -0.2829 -0.8401
vn -0.4702 0.0999 -0.8769
vn 0.0846 -0.7200 -0.6888
vn -0.5333 -0.2718 -0.8011
vn -0.0393 0.9041 0.4256
vn -0.1062 0.9842 0.1417
vn 0.0031 0.8273 0.5617
vn -0.0547 0.9282 0.3680
vn -0.0054 0.8479 0.5301
vn 0.0065 0.8197 0.5727
vn -0.2416 0.9696 -0.0378
vn -0.4615 0.8802 0.1108
vn -0.1517 0.9840 -0.0931
vn -0.5496 0.8168 0.1753
vn -0.6993 0.5670 0.4354
vn -0.6873 0.5831 0.4332
vn -0.5596 0.6948 0.4517
vn -0.7257 0.6752 0.1321
vn -0.7065 0.5613 0.4311
vn -0.7255 0.6755 0.1320
vn -0.6289 0.4303 0.6476
vn -0.7203 0.5969 0.3534
vn -0.5673 0.3374 0.7512
vn -0.6036 0.3899 0.6954
vn -0.8481 0.4868 0.2091
vn -0.2111 0.9769 -0.0337
vn -0.9073 0.1766 0.3815
vn -0.0010 0.9671 0.2543
vn -0.0334 0.9987 -0.0384
vn 0.1501 0.8674 0.4745
vn 0.0112 0.9611 0.2761
vn 0.6570 -0.0027 -0.7539
vn 0.6948 -0.0583 -0.7168
vn 0.8104 -0.3186 -0.4916
vn 0.7125 -0.0858 -0.6964
vn 0.8289 -0.5356 -0.1614
vn 0.8048 -0.3032 -0.5103
vn -0.1622 -0.0492 -0.9855
vn 0.0586 -0.4744 -0.8784
vn 0.2717 -0.8073 -0.5239
vn 0.0678 -0.4901 -0.8690
vn 0.3446 -0.8846 -0.3143
vn 0.2869 -0.8253 -0.4864
vn 0.3006 0.8745 -0.3807
vn 0.4505 0.8428 -0.2946
vn 0.7073 0.6909 -0.1496
vn 0.5145 0.8178 -0.2580
vn 0.8098 0.5852 -0.0414
vn 0.6747 0.7167 -0.1762
vn -0.6286 -0.7648 -0.1413
vn -0.5216 -0.8521 -0.0435
vn -0.5660 -0.8200 -0.0854
vn -0.5440 -0.8368 -0.0620
vn -0.2286 -0.8193 -0.5257
vn -0.7879 -0.5861 -0.1889
vn 0.1993 -0.7869 -0.5841
vn 0.2525 -0.8547 -0.4536
vn 0.2473 -0.8536 -0.4584
vn 0.2515 -0.8536 -0.4563
vn 0.1757 -0.7527 -0.6345
vn 0.2298 -0.8327 -0.5038
vn -0.5629 0.7964 0.2212
vn -0.5455 0.7829 0.2993
vn -0.4243 0.7431 0.5175
vn -0.5661 0.7792 0.2690
vn -0.3897 0.7138 0.5819
vn -0.3978 0.7373 0.5461
vn -0.1039 0.9775 -0.1837
vn -0.0291 0.9921 -0.1221
vn -0.0126 0.9939 -0.1091
vn 0.1685 0.9838 0.0609
vn 0.1982 0.9788 0.0518
vn 0.4068 -0.2809 -0.8693
vn 0.3238 -0.1493 -0.9343
vn 0.2367 -0.0436 -0.9706
vn 0.3561 -0.2323 -0.9051
vn 0.6227 -0.6179 -0.4801
vn 0.4280 -0.3170 -0.8464
vn -0.2923 0.7845 -0.5470
vn -0.1609 0.7616 -0.6277
vn 0.1329 0.6436 -0.7537
vn -0.1326 0.7540 -0.6434
vn 0.3669 0.4899 -0.7908
vn 0.1493 0.6347 -0.7582
vn -0.8743 -0.0212 -0.4848
vn -0.8733 0.1098 -0.4747
vn -0.7868 -0.5923 -0.1737
vn -0.9130 -0.1403 -0.3832
vn -0.7164 -0.6316 -0.2965
vn -0.7532 -0.6400 -0.1521
vn 0.5674 -0.0028 0.8234
vn 0.5931 -0.1535 0.7904
vn 0.5951 -0.1466 0.7902
vn 0.5927 -0.1505 0.7912
vn 0.5525 0.0603 0.8314
vn 0.5879 -0.0959 0.8033
vn -0.6469 0.2905 -0.7051
vn -0.7658 0.3388 -0.5466
vn -0.8236 0.2483 -0.5099
vn -0.6394 0.2160 -0.7379
vn -0.6124 0.3168 -0.7243
vn -0.6385 0.2261 -0.7356
vn -0.6391 0.2168 -0.7379
vn -0.7741 0.2001 0.6006
vn -0.7437 0.5406 0.3933
vn -0.7340 0.0183 0.6789
vn -0.7792 0.2802 0.5606
vn -0.7426 0.0567 0.6673
vn -0.7306 0.0057 0.6828
vn -0.9434 0.1525 -0.2946
vn -0.8545 0.3179 -0.4109
vn -0.7363 0.4622 -0.4942
vn -0.8857 0.0846 -0.4566
vn -0.9496 0.1268 -0.2867
vn -0.7756 -0.0824 -0.6258
vn -0.8460 0.2089 -0.4906
vn -0.6153 0.4587 0.6411
vn -0.5513 0.1202 0.8256
vn -0.3148 -0.3445 0.8844
vn -0.4915 -0.0367 0.8701
vn -0.0254 -0.4499 0.8927
vn -0.2531 -0.3493 0.9022
vn -0.9832 -0.0066 0.1825
vn -0.9763 -0.0888 0.1975
vn -0.8154 -0.5031 0.2862
vn -0.9679 -0.1422 0.2072
vn -0.5598 -0.7894 0.2521
vn -0.8662 -0.4170 0.2752
vn -0.2468 0.5931 -0.7664
vn -0.0587 0.7594 -0.6480
vn 0.0903 0.8839 -0.4588
vn -0.2206 0.4888 -0.8440
vn -0.3049 0.5128 -0.8026
vn -0.0910 0.3664 -0.9260
vn -0.1906 0.4828 -0.8548
vn 0.3766 0.8262 -0.4190
vn 0.6588 0.5651 -0.4966
vn 0.7717 0.3835 -0.5074
vn 0.5514 0.6874 -0.4727
vn 0.9745 0.1916 -0.1168
vn 0.6984 0.4502 -0.5564
vn -0.8572 0.5150 -0.0096
vn -0.9562 0.2919 0.0225
vn -0.9943 0.0855 0.0629
vn -0.9739 0.2246 0.0333
vn -0.9911 0.1189 0.0594
vn -0.9952 0.0732 0.0648
vn -0.4417 0.5556 -0.7044
vn -0.3139 0.5842 -0.7484
vn -0.5393 0.5483 -0.6392
vn -0.2374 0.5777 -0.7810
vn -0.1640 0.3982 -0.9025
vn -0.0703 0.1489 -0.9863
vn -0.2044 0.4915 -0.8466
vn -0.0165 0.7004 -0.7136
vn 0.1390 0.4849 -0.8634
vn 0.2457 0.3188 -0.9154
vn 0.0991 0.5500 -0.8293
vn 0.7990 0.1699 -0.5768
vn 0.1364 0.3563 -0.9244
vn -0.5492 0.5054 -0.6655
vn -0.6208 0.4547 -0.6386
vn -0.5084 0.4943 -0.7051
vn -0.6347 0.1866 -0.7499
vn -0.6508 0.4517 -0.6103
vn -0.5840 -0.0675 -0.8089
vn -0.6323 0.1842 -0.7525
vn -0.6262 -0.0526 0.7779
vn -0.5935 -0.1309 0.7941
vn -0.3984 -0.4413 0.8041
vn -0.5755 -0.1695 0.8000
vn -0.1500 -0.7173 0.6804
vn -0.4117 -0.4216 0.8079
vn -0.1688 0.6607 0.7314
vn 0.0457 0.2818 0.9584
vn 0.2722 -0.1973 0.9418
vn 0.0545 0.2640 0.9630
vn 0.3473 -0.3980 0.8491
vn 0.2873 -0.2360 0.9283
vn -0.9449 0.3073 -0.1123
vn -0.9832 0.1429 -0.1135
vn -0.9812 -0.1834 -0.0605
vn -0.9918 0.0683 -0.1079
vn -0.9314 -0.3604 -0.0518
vn -0.9888 -0.1347 -0.0648
vn 0.8873 0.3070 0.3442
vn 0.9283 0.1116 0.3546
vn 0.9295 0.1107 0.3519
vn 0.9229 0.1556 0.3523
vn 0.8634 0.3775 0.3346
vn 0.9125 0.2209 0.3443
vn 0.0481 0.9832 -0.1762
vn 0.2260 0.9609 -0.1600
vn 0.5743 0.8136 -0.0908
vn 0.1698 0.9771 -0.1282
vn 0.7893 0.5980 0.1396
vn 0.6846 0.7288 -0.0128
vn -0.3821 0.9192 0.0950
vn -0.6467 0.6900 0.3252
vn -0.2160 0.9734 0.0764
vn -0.7174 0.6087 0.3390
vn -0.5630 0.4486 0.6941
vn -0.4507 0.3348 0.8275
vn -0.6725 0.4784 0.5648
vn -0.8836 0.3510 0.3101
vn -0.8251 0.0300 0.5643
vn -0.8833 0.3514 0.3103
vn -0.6136 -0.2932 0.7332
vn -0.8448 0.0742 0.5300
vn -0.5145 -0.3983 0.7594
vn -0.5812 -0.3264 0.7454
vn -0.3053 0.8755 0.3746
vn -0.2603 0.8394 0.4772
vn -0.0859 0.6155 0.7834
vn -0.2548 0.8344 0.4887
vn 0.2231 0.1536 0.9626
vn 0.0028 0.5126 0.8586
vn 0.5413 0.6140 -0.5745
vn 0.6259 0.5418 -0.5610
vn 0.8583 0.2641 -0.4400
vn 0.6246 0.5430 -0.5613
vn 0.8792 -0.4755 -0.0298
vn 0.9290 0.0846 -0.3603
vn -0.5979 -0.4993 -0.6271
vn -0.5014 -0.6480 -0.5733
vn -0.5087 -0.6433 -0.5723
vn -0.4799 -0.6763 -0.5588
vn -0.6311 -0.4301 -0.6455
vn -0.5225 -0.6236 -0.5815
vn 0.2342 0.9709 0.0507
vn 0.2247 0.9734 0.0450
vn 0.4504 0.8718 0.1929
vn 0.2234 0.9737 0.0443
vn 0.7444 0.5506 0.3776
vn 0.5121 0.8276 0.2298
vn -0.1537 0.5451 -0.8242
vn 0.0826 0.2348 -0.9685
vn 0.3407 -0.1879 -0.9212
vn 0.0853 0.2310 -0.9692
vn 0.4638 -0.4416 -0.7681
vn 0.3713 -0.2452 -0.8956
vn -0.9547 0.1473 0.2587
vn -0.9502 0.0724 0.3030
vn -0.8603 -0.2576 0.4399
vn -0.9504 0.0741 0.3020
vn -0.2616 -0.7772 0.5723
vn -0.7504 -0.4251 0.5062
vn 0.5353 0.6151 0.5790
vn 0.6036 0.4590 0.6519
vn 0.6048 0.4655 0.6461
vn 0.6161 0.4247 0.6634
vn 0.4985 0.6752 0.5436
vn 0.5958 0.4882 0.6378
vn -0.8435 0.1444 -0.5174
vn -0.8375 0.1757 -0.5174
vn -0.8600 -0.0964 -0.5011
vn -0.8366 0.1804 -0.5173
vn -0.7908 -0.4432 -0.4222
vn -0.8563 -0.1560 -0.4924
vn -0.8958 0.2869 0.3395
vn -0.0216 -0.0319 -0.9993
vn 0.6463 -0.2762 0.7113
vn 0.3194 -0.1042 0.9419
vn -0.9744 0.2175 0.0575
vn 0.2792 -0.7705 -0.5730
vn -0.4821 0.8114 0.3304
vn -0.5663 0.3382 0.7516
vn 0.0818 -0.8773 -0.4730
vn 0.2419 0.9309 0.2737
vn 0.6176 -0.6272 -0.4744
vn -0.7382 -0.4589 -0.4944
vn -0.6368 0.2288 -0.7363
vn -0.7563 -0.0449 -0.6526
vn 0.0698 -0.4557 0.8874
vn -0.5721 -0.7846 0.2391
vn -0.0557 0.4084 -0.9111
vn 0.9962 0.0537 0.0691
vn -0.9911 0.1189 0.0593
vn -0.0704 0.1489 -0.9863
vn 0.9442 0.0404 -0.3270
vn 0.3465 -0.3982 0.8493
vn 0.7402 0.6494 0.1747
vn -0.2784 0.3008 0.9121
vn -0.5133 -0.3978 0.7604
vn 0.2552 0.1448 0.9560
vn 0.7472 0.5485 0.3752
vn -0.1754 -0.1431 -0.9740
vn -0.2155 -0.0898 -0.9724
vn -0.5535 0.3045 -0.7751
vn -0.5689 0.3543 -0.7422
vn -0.5535 0.3045 -0.7752
vn -0.3262 0.0098 0.9453
vn 0.2923 -0.6634 -0.6888
vn -0.2400 0.7917 0.5617
vn -0.7652 0.6194 0.1753
vn -0.8919 0.4326 0.1320
vn -0.6414 0.1559 0.7512
vn 0.5891 -0.7444 -0.3143
vn -0.7700 0.5786 0.2689
vn 0.2069 0.5761 -0.7908
vn 0.6120 0.0275 0.7904
vn -0.8316 0.0990 -0.5466
vn -0.6747 0.0188 -0.7378
vn -0.7000 -0.2091 0.6828
vn -0.9379 -0.2950 0.1824
vn -0.9935 0.0163 -0.1124
vn -0.7833 0.2598 0.5647
vn -0.4249 -0.6528 -0.6271
vn -0.0710 0.9965 0.0450
vn -0.9295 -0.2101 0.3032
vn 0.4262 0.6416 0.6378
vn -0.7727 -0.4007 -0.4924
vn -0.9823 -0.1774 0.0593
vn -0.1809 0.5830 -0.7920
vn -0.8886 0.4406 0.1275
vn -0.0547 0.9282 0.3681
vn 0.0064 0.8197 0.5727
vn -0.6992 0.5670 0.4354
vn -0.6036 0.3900 0.6954
vn -0.9074 0.1766 0.3815
vn 0.0585 -0.4744 -0.8784
vn -0.8744 -0.0212 -0.4848
vn 0.5525 0.0603 0.8313
vn -0.6394 0.2161 -0.7378
vn -0.9496 0.1269 -0.2867
vn -0.8459 0.2089 -0.4907
vn 0.9745 0.1916 -0.1167
vn -0.9943 0.0856 0.0629
vn -0.5756 -0.1695 0.8000
vn -0.9450 0.3073 -0.1123
vn -0.6467 0.6899 0.3252
vn -0.8833 0.3515 0.3103
vn -0.8448 0.0741 0.5300
vn -0.0860 0.6155 0.7834
vn 0.6258 0.5419 -0.5610
vn -0.5014 -0.6480 -0.5734
vn 0.2234 0.9737 0.0442
vn 0.0853 0.2309 -0.9692
vn -0.9502 0.0720 0.3032
vn -0.9504 0.0741 0.3021
vn -0.8600 -0.0966 -0.5011
vn -0.8563 -0.1562 -0.4924
vn -0.6368 0.2289 -0.7363
vn -0.7427 0.0567 0.6673
vn -0.7564 -0.0450 -0.6526
vn -0.5721 -0.7845 0.2391
vn 0.7401 0.6494 0.1746
vn -0.5134 -0.3978 0.7604
vn -0.8349 0.3367 0.4354
vn 0.8584 -0.0535 -0.5103
vn 0.4968 -0.6919 -0.5239
vn 0.0306 0.9242 -0.3807
vn -0.8315 -0.4022 -0.3831
vn -0.8315 0.0990 -0.5466
vn -0.8272 0.0390 0.5606
vn -0.5622 -0.0470 0.8256
vn -0.7228 0.2578 0.6411
vn -0.6615 -0.0081 -0.7499
vn -0.7547 0.2408 -0.6103
vn -0.2697 -0.5239 0.8079
vn 0.4489 -0.2785 0.8491
vn -0.9818 -0.1521 -0.1135
vn -0.9056 -0.4191 -0.0648
vn 0.7580 0.5540 0.3442
vn 0.4393 0.7017 -0.5610
vn -0.9303 -0.2083 0.3021
vn -0.8526 -0.0733 -0.5173
vn -0.7726 -0.4008 -0.4923
vn 0.5104 0.2198 0.8313
vn 0.3404 -0.2409 0.9089
vn -0.8904 0.4365 0.1291
vn -0.9625 0.1411 0.2316
vn -0.5332 -0.2718 -0.8011
vn 0.0031 0.8274 0.5617
vn -0.5497 0.8168 0.1754
vn -0.7255 0.6754 0.1320
vn -0.9074 0.1767 0.3815
vn 0.8104 -0.3185 -0.4916
vn -0.0126 0.9940 -0.1091
vn -0.9130 -0.1403 -0.3831
vn -0.6395 0.2161 -0.7378
vn -0.8856 0.0845 -0.4566
vn -0.8571 0.5150 -0.0096
vn -0.1640 0.3981 -0.9025
vn -0.6507 0.4517 -0.6103
vn -0.6261 -0.0526 0.7779
vn 0.2261 0.9609 -0.1600
vn -0.8250 0.0300 0.5643
vn 0.0028 0.5127 0.8586
vn 0.2233 0.9737 0.0442
vn 0.3407 -0.1880 -0.9212
vn 0.3713 -0.2453 -0.8956
vn -0.8375 0.1758 -0.5174
vn -0.8563 -0.1561 -0.4924
vn 0.6176 -0.6273 -0.4744
vn 0.3466 -0.3982 0.8493
vn 0.7401 0.6494 0.1747
vn 0.2922 -0.6634 -0.6888
vn -0.2345 0.7855 0.5728
vn -0.8282 0.3555 0.4332
vn 0.7766 -0.4078 -0.4801
vn -0.8316 0.0989 -0.5466
vn -0.6747 0.0188 -0.7379
vn -0.9728 -0.2223 0.0647
vn -0.6585 -0.0096 -0.7526
vn -0.5005 -0.4604 0.7332
vn -0.8526 -0.0732 -0.5174
vn 0.4932 -0.6545 -0.5730
vn -0.7266 -0.1639 0.6673
vn -0.1731 0.3740 -0.9111
vn 0.5168 0.8381 0.1746
vn -0.2097 -0.0853 -0.9741
vn -0.8229 0.4929 0.2826
vn -0.3090 0.1052 0.9452
vn -0.4628 -0.2830 -0.8401
vn 0.0845 -0.7200 -0.6888
vn -0.1621 -0.0492 -0.9855
vn -0.7757 -0.0824 -0.6258
vn -0.9763 -0.0887 0.1975
vn -0.9679 -0.1421 0.2072
vn -0.6209 0.4547 -0.6386
vn -0.6507 0.4518 -0.6103
vn 0.2873 -0.2361 0.9283
vn -0.6136 -0.2931 0.7332
vn -0.5145 -0.3982 0.7594
vn 0.6245 0.5431 -0.5613
vn -0.9502 0.0718 0.3033
vn -0.8434 0.1444 -0.5174
vn -0.8600 -0.0965 -0.5011
vn -0.8365 0.1804 -0.5174
vn -0.3897 0.7139 0.5819
vn 0.2551 0.1448 0.9560
vn 0.7982 -0.4435 0.4076
vn 0.2353 0.0192 -0.9717
vn 0.2498 -0.0163 -0.9682
vn 0.3371 -0.2944 -0.8943
vn -0.7886 0.5601 -0.2539
vn -0.7571 0.0074 0.6532
vn -0.7715 0.2567 0.5821
vn -0.9828 0.1849 0.0054
vn -0.9871 -0.1207 -0.1057
vn 0.9478 0.3057 -0.0903
vn -0.2079 0.2752 0.9387
vn -0.0117 -0.7046 -0.7096
vn -0.5038 0.8013 -0.3226
vn -0.7313 -0.6611 0.1677
vn -0.9536 0.3011 -0.0081
vn -0.9957 0.0257 0.0890
vn 0.1176 -0.8622 0.4927
vn -0.9894 -0.1447 0.0096
vn -0.9790 -0.2040 0.0054
vn -0.0955 0.1804 0.9789
vn -0.4090 0.7187 0.5623
vn -0.4280 0.8139 -0.3931
vn 0.7541 0.3214 -0.5728
vt -0.000498 0.999741
vt 0.104540 0.666580
vt 0.104540 0.999741
vt -0.000498 0.333420
vt -0.000498 0.666580
vt -0.000498 0.000259
vt 0.104540 0.333420
vt 0.487168 0.652169
vt 0.568576 0.977921
vt 0.487168 0.977922
vt 0.487168 0.326417
vt 0.568576 0.652170
vt 0.568576 0.000665
vt 0.568576 0.326417
vt 0.154154 0.999741
vt 0.259191 0.666580
vt 0.259191 0.999741
vt 0.154154 0.333420
vt 0.154154 0.666580
vt 0.154154 0.000259
vt 0.259191 0.333420
vt 0.487168 0.000665
vt 0.301668 0.976732
vt 0.406705 0.650980
vt 0.406705 0.976732
vt 0.301668 0.325228
vt 0.301668 0.650980
vt 0.301668 -0.000524
vt 0.406705 0.325228
vt 0.761971 0.977922
vt 0.843380 0.652170
vt 0.843380 0.977921
vt 0.761971 0.326417
vt 0.761971 0.652169
vt 0.761971 0.000665
vt 0.843380 0.326417
vt 0.631112 0.977922
vt 0.712521 0.652170
vt 0.712521 0.977921
vt 0.631112 0.326417
vt 0.631112 0.652169
vt 0.631112 0.000665
vt 0.712521 0.326417
vt 0.843380 0.000665
vt 0.406705 -0.000524
vt 0.104540 0.000259
vt 0.259191 0.000259
vt 0.712521 0.000665
s 1
usemtl grass2.001
f 1/1/1 6/2/2 5/3/1
f 3/4/3 6/2/2 2/5/4
f 4/6/5 7/7/6 3/4/3
f 10/8/7 13/9/8 9/10/8
f 11/11/9 14/12/10 10/8/7
f 11/11/9 16/13/11 15/14/12
f 17/15/13 22/16/14 21/17/15
f 19/18/16 22/16/14 18/19/17
f 20/20/18 23/21/19 19/18/16
f 25/10/20 30/12/21 29/9/20
f 27/11/22 30/12/21 26/8/23
f 28/22/24 31/14/25 27/11/22
f 33/23/26 38/24/27 37/25/28
f 35/26/29 38/24/27 34/27/30
f 36/28/31 39/29/32 35/26/29
f 41/10/33 46/12/34 45/9/33
f 42/8/35 47/14/36 46/12/34
f 44/22/37 47/14/36 43/11/38
f 49/30/39 54/31/40 53/32/39
f 51/33/41 54/31/40 50/34/42
f 52/35/43 55/36/44 51/33/41
f 57/15/45 62/16/46 61/17/45
f 59/18/47 62/16/46 58/19/48
f 60/20/49 63/21/50 59/18/47
f 65/37/51 70/38/52 69/39/51
f 67/40/53 70/38/52 66/41/54
f 68/42/55 71/43/56 67/40/53
f 74/34/57 77/32/58 73/30/59
f 75/33/60 78/31/61 74/34/57
f 75/33/60 80/44/62 79/36/63
f 81/10/64 86/12/65 85/9/64
f 83/11/66 86/12/65 82/8/67
f 84/22/68 87/14/69 83/11/66
f 89/23/70 94/24/71 93/25/70
f 91/26/72 94/24/71 90/27/73
f 91/26/72 96/45/74 95/29/75
f 98/19/76 101/17/77 97/15/77
f 99/18/78 102/16/79 98/19/76
f 100/20/80 103/21/81 99/18/78
f 105/10/82 110/12/83 109/9/84
f 106/8/85 111/14/86 110/12/83
f 107/11/87 112/13/88 111/14/86
f 113/23/89 118/24/90 117/25/91
f 115/26/92 118/24/90 114/27/93
f 116/28/94 119/29/95 115/26/92
f 121/10/96 126/12/97 125/9/98
f 123/11/99 126/12/97 122/8/100
f 124/22/101 127/14/102 123/11/99
f 129/30/103 134/31/104 133/32/103
f 131/33/105 134/31/104 130/34/106
f 132/35/107 135/36/108 131/33/105
f 137/15/109 142/16/110 141/17/109
f 139/18/111 142/16/110 138/19/112
f 140/20/113 143/21/114 139/18/111
f 145/37/115 150/38/116 149/39/115
f 147/40/117 150/38/116 146/41/118
f 148/42/119 151/43/120 147/40/117
f 153/1/121 158/2/122 157/3/121
f 155/4/123 158/2/122 154/5/124
f 155/4/123 160/46/125 159/7/126
f 161/1/127 166/2/128 165/3/127
f 163/4/129 166/2/128 162/5/130
f 164/6/131 167/7/132 163/4/129
f 169/23/133 174/24/134 173/25/133
f 171/26/135 174/24/134 170/27/136
f 171/26/135 176/45/137 175/29/138
f 177/10/139 182/12/140 181/9/139
f 178/8/141 183/14/142 182/12/140
f 180/22/143 183/14/142 179/11/144
f 185/30/145 190/31/146 189/32/145
f 186/34/147 191/36/148 190/31/146
f 188/35/149 191/36/148 187/33/150
f 193/10/151 198/12/152 197/9/151
f 195/11/153 198/12/152 194/8/154
f 196/22/155 199/14/156 195/11/153
f 202/19/157 205/17/158 201/15/158
f 203/18/159 206/16/160 202/19/157
f 204/20/161 207/21/162 203/18/159
f 209/1/163 214/2/164 213/3/163
f 211/4/165 214/2/164 210/5/166
f 212/6/167 215/7/168 211/4/165
f 218/8/169 221/9/170 217/10/171
f 219/11/172 222/12/173 218/8/169
f 220/22/174 223/14/175 219/11/172
f 226/19/176 229/17/177 225/15/177
f 227/18/178 230/16/179 226/19/176
f 228/20/180 231/21/181 227/18/178
f 234/41/182 237/39/183 233/37/184
f 235/40/185 238/38/186 234/41/182
f 236/42/187 239/43/188 235/40/185
f 241/15/189 246/16/190 245/17/189
f 243/18/191 246/16/190 242/19/192
f 244/20/193 247/21/194 243/18/191
f 249/30/195 254/31/196 253/32/195
f 251/33/197 254/31/196 250/34/198
f 252/35/199 255/36/200 251/33/197
f 258/8/201 261/9/202 257/10/203
f 259/11/204 262/12/205 258/8/201
f 260/22/206 263/14/207 259/11/204
f 265/23/208 270/24/209 269/25/208
f 267/26/210 270/24/209 266/27/211
f 267/26/210 272/45/212 271/29/213
f 273/15/214 278/16/215 277/17/214
f 275/18/216 278/16/215 274/19/217
f 276/20/218 279/21/219 275/18/216
f 281/10/220 286/12/221 285/9/222
f 282/8/223 287/14/224 286/12/221
f 284/22/225 287/14/224 283/11/226
f 289/23/227 294/24/228 293/25/227
f 291/26/229 294/24/228 290/27/230
f 291/26/229 296/45/231 295/29/232
f 297/10/233 302/12/234 301/9/235
f 299/11/236 302/12/234 298/8/237
f 300/22/238 303/14/239 299/11/236
f 305/30/240 310/31/241 309/32/240
f 307/33/242 310/31/241 306/34/243
f 308/35/244 311/36/245 307/33/242
f 313/15/246 318/16/247 317/17/246
f 315/18/248 318/16/247 314/19/249
f 316/20/250 319/21/251 315/18/248
f 321/37/252 326/38/253 325/39/252
f 323/40/254 326/38/253 322/41/255
f 324/42/256 327/43/257 323/40/254
f 329/1/258 334/2/259 333/3/258
f 331/4/260 334/2/259 330/5/261
f 332/6/262 335/7/263 331/4/260
f 337/15/264 342/16/265 341/17/264
f 339/18/266 342/16/265 338/19/267
f 340/20/268 343/21/269 339/18/266
f 345/10/270 350/12/271 349/9/272
f 346/8/273 351/14/274 350/12/271
f 348/22/275 351/14/274 347/11/276
f 353/23/277 358/24/278 357/25/279
f 355/26/280 358/24/278 354/27/281
f 356/28/282 359/29/283 355/26/280
f 361/10/284 366/12/285 365/9/284
f 363/11/286 366/12/285 362/8/287
f 364/22/288 367/14/289 363/11/286
f 369/30/290 374/31/291 373/32/290
f 371/33/292 374/31/291 370/34/293
f 372/35/294 375/36/295 371/33/292
f 377/1/296 382/2/297 381/3/296
f 379/4/298 382/2/297 378/5/299
f 380/6/300 383/7/301 379/4/298
f 385/37/302 390/38/303 389/39/302
f 387/40/304 390/38/303 386/41/305
f 388/42/306 391/43/307 387/40/304
f 393/15/308 398/16/309 397/17/308
f 395/18/310 398/16/309 394/19/311
f 396/20/312 399/21/313 395/18/310
f 401/30/314 406/31/315 405/32/314
f 403/33/316 406/31/315 402/34/317
f 404/35/318 407/36/319 403/33/316
f 409/1/320 414/2/321 413/3/320
f 411/4/322 414/2/321 410/5/323
f 412/6/324 415/7/325 411/4/322
f 417/37/326 422/38/327 421/39/326
f 419/40/328 422/38/327 418/41/329
f 420/42/330 423/43/331 419/40/328
f 1/1/1 2/5/4 6/2/2
f 3/4/3 7/7/6 6/2/2
f 4/6/5 8/46/5 7/7/6
f 10/8/7 14/12/10 13/9/8
f 11/11/9 15/14/12 14/12/10
f 11/11/9 12/22/11 16/13/11
f 17/15/13 18/19/17 22/16/14
f 19/18/16 23/21/19 22/16/14
f 20/20/18 24/47/332 23/21/19
f 25/10/20 26/8/23 30/12/21
f 27/11/22 31/14/25 30/12/21
f 28/22/24 32/13/24 31/14/25
f 33/23/26 34/27/30 38/24/27
f 35/26/29 39/29/32 38/24/27
f 36/28/31 40/45/333 39/29/32
f 41/10/33 42/8/35 46/12/34
f 42/8/35 43/11/38 47/14/36
f 44/22/37 48/13/37 47/14/36
f 49/30/39 50/34/42 54/31/40
f 51/33/41 55/36/44 54/31/40
f 52/35/43 56/44/43 55/36/44
f 57/15/45 58/19/48 62/16/46
f 59/18/47 63/21/50 62/16/46
f 60/20/49 64/47/334 63/21/50
f 65/37/51 66/41/54 70/38/52
f 67/40/53 71/43/56 70/38/52
f 68/42/55 72/48/55 71/43/56
f 74/34/57 78/31/61 77/32/58
f 75/33/60 79/36/63 78/31/61
f 75/33/60 76/35/335 80/44/62
f 81/10/64 82/8/67 86/12/65
f 83/11/66 87/14/69 86/12/65
f 84/22/68 88/13/336 87/14/69
f 89/23/70 90/27/73 94/24/71
f 91/26/72 95/29/75 94/24/71
f 91/26/72 92/28/337 96/45/74
f 98/19/76 102/16/79 101/17/77
f 99/18/78 103/21/81 102/16/79
f 100/20/80 104/47/80 103/21/81
f 105/10/82 106/8/85 110/12/83
f 106/8/85 107/11/87 111/14/86
f 107/11/87 108/22/338 112/13/88
f 113/23/89 114/27/93 118/24/90
f 115/26/92 119/29/95 118/24/90
f 116/28/94 120/45/339 119/29/95
f 121/10/96 122/8/100 126/12/97
f 123/11/99 127/14/102 126/12/97
f 124/22/101 128/13/101 127/14/102
f 129/30/103 130/34/106 134/31/104
f 131/33/105 135/36/108 134/31/104
f 132/35/107 136/44/107 135/36/108
f 137/15/109 138/19/112 142/16/110
f 139/18/111 143/21/114 142/16/110
f 140/20/113 144/47/113 143/21/114
f 145/37/115 146/41/118 150/38/116
f 147/40/117 151/43/120 150/38/116
f 148/42/119 152/48/119 151/43/120
f 153/1/121 154/5/124 158/2/122
f 155/4/123 159/7/126 158/2/122
f 155/4/123 156/6/340 160/46/125
f 161/1/127 162/5/130 166/2/128
f 163/4/129 167/7/132 166/2/128
f 164/6/131 168/46/131 167/7/132
f 169/23/133 170/27/136 174/24/134
f 171/26/135 175/29/138 174/24/134
f 171/26/135 172/28/137 176/45/137
f 177/10/139 178/8/141 182/12/140
f 178/8/141 179/11/144 183/14/142
f 180/22/143 184/13/341 183/14/142
f 185/30/145 186/34/147 190/31/146
f 186/34/147 187/33/150 191/36/148
f 188/35/149 192/44/342 191/36/148
f 193/10/151 194/8/154 198/12/152
f 195/11/153 199/14/156 198/12/152
f 196/22/155 200/13/155 199/14/156
f 202/19/157 206/16/160 205/17/158
f 203/18/159 207/21/162 206/16/160
f 204/20/161 208/47/343 207/21/162
f 209/1/163 210/5/166 214/2/164
f 211/4/165 215/7/168 214/2/164
f 212/6/167 216/46/167 215/7/168
f 218/8/169 222/12/173 221/9/170
f 219/11/172 223/14/175 222/12/173
f 220/22/174 224/13/344 223/14/175
f 226/19/176 230/16/179 229/17/177
f 227/18/178 231/21/181 230/16/179
f 228/20/180 232/47/180 231/21/181
f 234/41/182 238/38/186 237/39/183
f 235/40/185 239/43/188 238/38/186
f 236/42/187 240/48/345 239/43/188
f 241/15/189 242/19/192 246/16/190
f 243/18/191 247/21/194 246/16/190
f 244/20/193 248/47/346 247/21/194
f 249/30/195 250/34/198 254/31/196
f 251/33/197 255/36/200 254/31/196
f 252/35/199 256/44/347 255/36/200
f 258/8/201 262/12/205 261/9/202
f 259/11/204 263/14/207 262/12/205
f 260/22/206 264/13/348 263/14/207
f 265/23/208 266/27/211 270/24/209
f 267/26/210 271/29/213 270/24/209
f 267/26/210 268/28/349 272/45/212
f 273/15/214 274/19/217 278/16/215
f 275/18/216 279/21/219 278/16/215
f 276/20/218 280/47/218 279/21/219
f 281/10/220 282/8/223 286/12/221
f 282/8/223 283/11/226 287/14/224
f 284/22/225 288/13/350 287/14/224
f 289/23/227 290/27/230 294/24/228
f 291/26/229 295/29/232 294/24/228
f 291/26/229 292/28/351 296/45/231
f 297/10/233 298/8/237 302/12/234
f 299/11/236 303/14/239 302/12/234
f 300/22/238 304/13/238 303/14/239
f 305/30/240 306/34/243 310/31/241
f 307/33/242 311/36/245 310/31/241
f 308/35/244 312/44/244 311/36/245
f 313/15/246 314/19/249 318/16/247
f 315/18/248 319/21/251 318/16/247
f 316/20/250 320/47/352 319/21/251
f 321/37/252 322/41/255 326/38/253
f 323/40/254 327/43/257 326/38/253
f 324/42/256 328/48/256 327/43/257
f 329/1/258 330/5/261 334/2/259
f 331/4/260 335/7/263 334/2/259
f 332/6/262 336/46/262 335/7/263
f 337/15/264 338/19/267 342/16/265
f 339/18/266 343/21/269 342/16/265
f 340/20/268 344/47/353 343/21/269
f 345/10/270 346/8/273 350/12/271
f 346/8/273 347/11/276 351/14/274
f 348/22/275 352/13/354 351/14/274
f 353/23/277 354/27/281 358/24/278
f 355/26/280 359/29/283 358/24/278
f 356/28/282 360/45/355 359/29/283
f 361/10/284 362/8/287 366/12/285
f 363/11/286 367/14/289 366/12/285
f 364/22/288 368/13/356 367/14/289
f 369/30/290 370/34/293 374/31/291
f 371/33/292 375/36/295 374/31/291
f 372/35/294 376/44/294 375/36/295
f 377/1/296 378/5/299 382/2/297
f 379/4/298 383/7/301 382/2/297
f 380/6/300 384/46/300 383/7/301
f 385/37/302 386/41/305 390/38/303
f 387/40/304 391/43/307 390/38/303
f 388/42/306 392/48/357 391/43/307
f 393/15/308 394/19/311 398/16/309
f 395/18/310 399/21/313 398/16/309
f 396/20/312 400/47/312 399/21/313
f 401/30/314 402/34/317 406/31/315
f 403/33/316 407/36/319 406/31/315
f 404/35/318 408/44/318 407/36/319
f 409/1/320 410/5/323 414/2/321
f 411/4/322 415/7/325 414/2/321
f 412/6/324 416/46/324 415/7/325
f 417/37/326 418/41/329 422/38/327
f 419/40/328 423/43/331 422/38/327
f 420/42/330 424/48/330 423/43/331
f 425/1/358 430/2/359 429/3/358
f 427/4/360 430/2/359 426/5/361
f 428/6/362 431/7/363 427/4/360
f 434/8/364 437/9/365 433/10/365
f 435/11/366 438/12/367 434/8/364
f 435/11/366 440/13/368 439/14/369
f 441/15/370 446/16/371 445/17/370
f 443/18/372 446/16/371 442/19/373
f 444/20/374 447/21/375 443/18/372
f 449/10/376 454/12/377 453/9/376
f 451/11/378 454/12/377 450/8/379
f 452/22/380 455/14/381 451/11/378
f 457/23/382 462/24/383 461/25/384
f 459/26/385 462/24/383 458/27/386
f 460/28/387 463/29/388 459/26/385
f 465/10/389 470/12/390 469/9/389
f 466/8/391 471/14/392 470/12/390
f 468/22/393 471/14/392 467/11/394
f 473/30/395 478/31/396 477/32/395
f 475/33/397 478/31/396 474/34/398
f 476/35/399 479/36/400 475/33/397
f 481/15/401 486/16/402 485/17/401
f 483/18/403 486/16/402 482/19/404
f 484/20/405 487/21/406 483/18/403
f 489/37/407 494/38/408 493/39/407
f 491/40/409 494/38/408 490/41/410
f 492/42/411 495/43/412 491/40/409
f 498/34/413 501/32/414 497/30/415
f 499/33/416 502/31/417 498/34/413
f 499/33/416 504/44/418 503/36/419
f 505/10/420 510/12/421 509/9/420
f 507/11/422 510/12/421 506/8/423
f 508/22/424 511/14/425 507/11/422
f 513/23/426 518/24/427 517/25/426
f 515/26/428 518/24/427 514/27/429
f 515/26/428 520/45/430 519/29/431
f 522/19/432 525/17/433 521/15/433
f 523/18/434 526/16/435 522/19/432
f 524/20/436 527/21/437 523/18/434
f 529/10/438 534/12/439 533/9/440
f 530/8/441 535/14/442 534/12/439
f 531/11/443 536/13/444 535/14/442
f 537/23/445 542/24/446 541/25/447
f 539/26/448 542/24/446 538/27/449
f 540/28/450 543/29/451 539/26/448
f 545/10/452 550/12/453 549/9/454
f 547/11/455 550/12/453 546/8/456
f 548/22/457 551/14/458 547/11/455
f 553/30/459 558/31/460 557/32/459
f 555/33/461 558/31/460 554/34/462
f 556/35/463 559/36/464 555/33/461
f 561/15/465 566/16/466 565/17/465
f 563/18/467 566/16/466 562/19/468
f 564/20/469 567/21/470 563/18/467
f 569/37/471 574/38/472 573/39/471
f 571/40/473 574/38/472 570/41/474
f 572/42/475 575/43/476 571/40/473
f 577/1/477 582/2/478 581/3/477
f 579/4/479 582/2/478 578/5/480
f 579/4/479 584/46/481 583/7/482
f 585/1/483 590/2/484 589/3/483
f 587/4/485 590/2/484 586/5/486
f 588/6/487 591/7/488 587/4/485
f 593/23/489 598/24/490 597/25/489
f 595/26/491 598/24/490 594/27/492
f 595/26/491 600/45/493 599/29/494
f 601/10/495 606/12/496 605/9/495
f 602/8/497 607/14/498 606/12/496
f 604/22/499 607/14/498 603/11/500
f 609/30/501 614/31/502 613/32/501
f 610/34/503 615/36/504 614/31/502
f 612/35/505 615/36/504 611/33/506
f 617/10/507 622/12/508 621/9/507
f 619/11/509 622/12/508 618/8/510
f 620/22/511 623/14/512 619/11/509
f 626/19/513 629/17/514 625/15/514
f 627/18/515 630/16/516 626/19/513
f 628/20/517 631/21/518 627/18/515
f 633/1/519 638/2/520 637/3/519
f 635/4/521 638/2/520 634/5/522
f 636/6/523 639/7/524 635/4/521
f 642/8/525 645/9/526 641/10/527
f 643/11/528 646/12/529 642/8/525
f 644/22/530 647/14/531 643/11/528
f 650/19/532 653/17/533 649/15/533
f 651/18/534 654/16/535 650/19/532
f 652/20/536 655/21/537 651/18/534
f 658/41/538 661/39/539 657/37/540
f 659/40/541 662/38/542 658/41/538
f 660/42/543 663/43/544 659/40/541
f 665/15/545 670/16/546 669/17/545
f 667/18/547 670/16/546 666/19/548
f 668/20/549 671/21/550 667/18/547
f 673/30/551 678/31/552 677/32/551
f 675/33/553 678/31/552 674/34/554
f 676/35/555 679/36/556 675/33/553
f 682/8/557 685/9/558 681/10/559
f 683/11/560 686/12/561 682/8/557
f 684/22/562 687/14/563 683/11/560
f 689/23/564 694/24/565 693/25/564
f 691/26/566 694/24/565 690/27/567
f 691/26/566 696/45/568 695/29/569
f 697/15/570 702/16/571 701/17/570
f 699/18/572 702/16/571 698/19/573
f 700/20/574 703/21/575 699/18/572
f 705/10/576 710/12/577 709/9/578
f 706/8/579 711/14/580 710/12/577
f 708/22/581 711/14/580 707/11/582
f 713/23/583 718/24/584 717/25/583
f 715/26/585 718/24/584 714/27/586
f 715/26/585 720/45/587 719/29/588
f 721/10/589 726/12/590 725/9/591
f 723/11/592 726/12/590 722/8/593
f 724/22/594 727/14/595 723/11/592
f 729/30/596 734/31/597 733/32/596
f 731/33/598 734/31/597 730/34/599
f 732/35/600 735/36/601 731/33/598
f 737/15/602 742/16/603 741/17/602
f 739/18/604 742/16/603 738/19/605
f 740/20/606 743/21/607 739/18/604
f 745/37/608 750/38/609 749/39/608
f 747/40/610 750/38/609 746/41/611
f 748/42/612 751/43/613 747/40/610
f 753/1/614 758/2/615 757/3/614
f 755/4/616 758/2/615 754/5/617
f 756/6/618 759/7/619 755/4/616
f 761/15/620 766/16/621 765/17/620
f 763/18/622 766/16/621 762/19/623
f 764/20/624 767/21/625 763/18/622
f 769/10/626 774/12/627 773/9/628
f 770/8/629 775/14/630 774/12/627
f 772/22/631 775/14/630 771/11/632
f 777/23/633 782/24/634 781/25/635
f 779/26/636 782/24/634 778/27/637
f 780/28/638 783/29/639 779/26/636
f 785/10/640 790/12/641 789/9/640
f 787/11/642 790/12/641 786/8/643
f 788/22/644 791/14/645 787/11/642
f 793/30/646 798/31/647 797/32/646
f 795/33/648 798/31/647 794/34/649
f 796/35/650 799/36/651 795/33/648
f 801/1/652 806/2/653 805/3/654
f 803/4/655 806/2/653 802/5/656
f 804/6/657 807/7/658 803/4/655
f 809/37/659 814/38/660 813/39/659
f 811/40/661 814/38/660 810/41/662
f 812/42/663 815/43/664 811/40/661
f 817/15/665 822/16/666 821/17/665
f 819/18/667 822/16/666 818/19/668
f 820/20/669 823/21/670 819/18/667
f 825/30/671 830/31/672 829/32/671
f 827/33/673 830/31/672 826/34/674
f 828/35/675 831/36/676 827/33/673
f 833/1/677 838/2/678 837/3/677
f 835/4/679 838/2/678 834/5/680
f 836/6/681 839/7/682 835/4/679
f 841/37/683 846/38/684 845/39/683
f 843/40/685 846/38/684 842/41/686
f 844/42/687 847/43/688 843/40/685
f 425/1/358 426/5/361 430/2/359
f 427/4/360 431/7/363 430/2/359
f 428/6/362 432/46/362 431/7/363
f 434/8/364 438/12/367 437/9/365
f 435/11/366 439/14/369 438/12/367
f 435/11/366 436/22/368 440/13/368
f 441/15/370 442/19/373 446/16/371
f 443/18/372 447/21/375 446/16/371
f 444/20/374 448/47/689 447/21/375
f 449/10/376 450/8/379 454/12/377
f 451/11/378 455/14/381 454/12/377
f 452/22/380 456/13/380 455/14/381
f 457/23/382 458/27/386 462/24/383
f 459/26/385 463/29/388 462/24/383
f 460/28/387 464/45/690 463/29/388
f 465/10/389 466/8/391 470/12/390
f 466/8/391 467/11/394 471/14/392
f 468/22/393 472/13/393 471/14/392
f 473/30/395 474/34/398 478/31/396
f 475/33/397 479/36/400 478/31/396
f 476/35/399 480/44/399 479/36/400
f 481/15/401 482/19/404 486/16/402
f 483/18/403 487/21/406 486/16/402
f 484/20/405 488/47/691 487/21/406
f 489/37/407 490/41/410 494/38/408
f 491/40/409 495/43/412 494/38/408
f 492/42/411 496/48/411 495/43/412
f 498/34/413 502/31/417 501/32/414
f 499/33/416 503/36/419 502/31/417
f 499/33/416 500/35/692 504/44/418
f 505/10/420 506/8/423 510/12/421
f 507/11/422 511/14/425 510/12/421
f 508/22/424 512/13/693 511/14/425
f 513/23/426 514/27/429 518/24/427
f 515/26/428 519/29/431 518/24/427
f 515/26/428 516/28/694 520/45/430
f 522/19/432 526/16/435 525/17/433
f 523/18/434 527/21/437 526/16/435
f 524/20/436 528/47/436 527/21/437
f 529/10/438 530/8/441 534/12/439
f 530/8/441 531/11/443 535/14/442
f 531/11/443 532/22/695 536/13/444
f 537/23/445 538/27/449 542/24/446
f 539/26/448 543/29/451 542/24/446
f 540/28/450 544/45/696 543/29/451
f 545/10/452 546/8/456 550/12/453
f 547/11/455 551/14/458 550/12/453
f 548/22/457 552/13/457 551/14/458
f 553/30/459 554/34/462 558/31/460
f 555/33/461 559/36/464 558/31/460
f 556/35/463 560/44/463 559/36/464
f 561/15/465 562/19/468 566/16/466
f 563/18/467 567/21/470 566/16/466
f 564/20/469 568/47/697 567/21/470
f 569/37/471 570/41/474 574/38/472
f 571/40/473 575/43/476 574/38/472
f 572/42/475 576/48/475 575/43/476
f 577/1/477 578/5/480 582/2/478
f 579/4/479 583/7/482 582/2/478
f 579/4/479 580/6/698 584/46/481
f 585/1/483 586/5/486 590/2/484
f 587/4/485 591/7/488 590/2/484
f 588/6/487 592/46/487 591/7/488
f 593/23/489 594/27/492 598/24/490
f 595/26/491 599/29/494 598/24/490
f 595/26/491 596/28/493 600/45/493
f 601/10/495 602/8/497 606/12/496
f 602/8/497 603/11/500 607/14/498
f 604/22/499 608/13/699 607/14/498
f 609/30/501 610/34/503 614/31/502
f 610/34/503 611/33/506 615/36/504
f 612/35/505 616/44/700 615/36/504
f 617/10/507 618/8/510 622/12/508
f 619/11/509 623/14/512 622/12/508
f 620/22/511 624/13/511 623/14/512
f 626/19/513 630/16/516 629/17/514
f 627/18/515 631/21/518 630/16/516
f 628/20/517 632/47/701 631/21/518
f 633/1/519 634/5/522 638/2/520
f 635/4/521 639/7/524 638/2/520
f 636/6/523 640/46/523 639/7/524
f 642/8/525 646/12/529 645/9/526
f 643/11/528 647/14/531 646/12/529
f 644/22/530 648/13/702 647/14/531
f 650/19/532 654/16/535 653/17/533
f 651/18/534 655/21/537 654/16/535
f 652/20/536 656/47/536 655/21/537
f 658/41/538 662/38/542 661/39/539
f 659/40/541 663/43/544 662/38/542
f 660/42/543 664/48/703 663/43/544
f 665/15/545 666/19/548 670/16/546
f 667/18/547 671/21/550 670/16/546
f 668/20/549 672/47/704 671/21/550
f 673/30/551 674/34/554 678/31/552
f 675/33/553 679/36/556 678/31/552
f 676/35/555 680/44/705 679/36/556
f 682/8/557 686/12/561 685/9/558
f 683/11/560 687/14/563 686/12/561
f 684/22/562 688/13/706 687/14/563
f 689/23/564 690/27/567 694/24/565
f 691/26/566 695/29/569 694/24/565
f 691/26/566 692/28/707 696/45/568
f 697/15/570 698/19/573 702/16/571
f 699/18/572 703/21/575 702/16/571
f 700/20/574 704/47/574 703/21/575
f 705/10/576 706/8/579 710/12/577
f 706/8/579 707/11/582 711/14/580
f 708/22/581 712/13/708 711/14/580
f 713/23/583 714/27/586 718/24/584
f 715/26/585 719/29/588 718/24/584
f 715/26/585 716/28/709 720/45/587
f 721/10/589 722/8/593 726/12/590
f 723/11/592 727/14/595 726/12/590
f 724/22/594 728/13/594 727/14/595
f 729/30/596 730/34/599 734/31/597
f 731/33/598 735/36/601 734/31/597
f 732/35/600 736/44/600 735/36/601
f 737/15/602 738/19/605 742/16/603
f 739/18/604 743/21/607 742/16/603
f 740/20/606 744/47/710 743/21/607
f 745/37/608 746/41/611 750/38/609
f 747/40/610 751/43/613 750/38/609
f 748/42/612 752/48/612 751/43/613
f 753/1/614 754/5/617 758/2/615
f 755/4/616 759/7/619 758/2/615
f 756/6/618 760/46/618 759/7/619
f 761/15/620 762/19/623 766/16/621
f 763/18/622 767/21/625 766/16/621
f 764/20/624 768/47/711 767/21/625
f 769/10/626 770/8/629 774/12/627
f 770/8/629 771/11/632 775/14/630
f 772/22/631 776/13/712 775/14/630
f 777/23/633 778/27/637 782/24/634
f 779/26/636 783/29/639 782/24/634
f 780/28/638 784/45/713 783/29/639
f 785/10/640 786/8/643 790/12/641
f 787/11/642 791/14/645 790/12/641
f 788/22/644 792/13/714 791/14/645
f 793/30/646 794/34/649 798/31/647
f 795/33/648 799/36/651 798/31/647
f 796/35/650 800/44/650 799/36/651
f 801/1/652 802/5/656 806/2/653
f 803/4/655 807/7/658 806/2/653
f 804/6/657 808/46/657 807/7/658
f 809/37/659 810/41/662 814/38/660
f 811/40/661 815/43/664 814/38/660
f 812/42/663 816/48/715 815/43/664
f 817/15/665 818/19/668 822/16/666
f 819/18/667 823/21/670 822/16/666
f 820/20/669 824/47/669 823/21/670
f 825/30/671 826/34/674 830/31/672
f 827/33/673 831/36/676 830/31/672
f 828/35/675 832/44/675 831/36/676
f 833/1/677 834/5/680 838/2/678
f 835/4/679 839/7/682 838/2/678
f 836/6/681 840/46/716 839/7/682
f 841/37/683 842/41/686 846/38/684
f 843/40/685 847/43/688 846/38/684
f 844/42/687 848/48/687 847/43/688
f 849/1/358 854/2/359 853/3/358
f 851/4/360 854/2/359 850/5/361
f 852/6/362 855/7/363 851/4/360
f 858/8/364 861/9/365 857/10/365
f 859/11/366 862/12/367 858/8/364
f 859/11/366 864/13/368 863/14/369
f 865/15/717 870/16/371 869/17/717
f 867/18/372 870/16/371 866/19/373
f 868/20/374 871/21/718 867/18/372
f 873/10/376 878/12/377 877/9/376
f 875/11/378 878/12/377 874/8/719
f 876/22/380 879/14/381 875/11/378
f 881/23/382 886/24/383 885/25/384
f 883/26/385 886/24/383 882/27/386
f 884/28/720 887/29/388 883/26/385
f 889/10/721 894/12/390 893/9/721
f 890/8/391 895/14/722 894/12/390
f 892/22/393 895/14/722 891/11/394
f 897/30/395 902/31/396 901/32/395
f 899/33/397 902/31/396 898/34/723
f 900/35/399 903/36/400 899/33/397
f 905/15/401 910/16/724 909/17/401
f 907/18/725 910/16/724 906/19/404
f 908/20/726 911/21/406 907/18/725
f 913/37/407 918/38/408 917/39/727
f 915/40/728 918/38/408 914/41/410
f 916/42/411 919/43/729 915/40/728
f 922/34/413 925/32/414 921/30/415
f 923/33/416 926/31/417 922/34/413
f 923/33/416 928/44/418 927/36/419
f 929/10/420 934/12/421 933/9/420
f 931/11/422 934/12/421 930/8/423
f 932/22/424 935/14/425 931/11/422
f 937/23/426 942/24/427 941/25/426
f 939/26/428 942/24/427 938/27/429
f 939/26/428 944/45/430 943/29/431
f 946/19/432 949/17/433 945/15/433
f 947/18/730 950/16/435 946/19/432
f 948/20/436 951/21/731 947/18/730
f 953/10/438 958/12/439 957/9/440
f 954/8/441 959/14/442 958/12/439
f 955/11/443 960/13/444 959/14/442
f 961/23/445 966/24/732 965/25/447
f 963/26/733 966/24/732 962/27/449
f 964/28/450 967/29/451 963/26/733
f 969/10/452 974/12/453 973/9/454
f 971/11/455 974/12/453 970/8/456
f 972/22/457 975/14/458 971/11/455
f 977/30/459 982/31/460 981/32/459
f 979/33/461 982/31/460 978/34/462
f 980/35/463 983/36/464 979/33/461
f 985/15/465 990/16/466 989/17/465
f 987/18/467 990/16/466 986/19/468
f 988/20/469 991/21/470 987/18/467
f 993/37/471 998/38/472 997/39/471
f 995/40/473 998/38/472 994/41/474
f 996/42/475 999/43/476 995/40/473
f 1001/1/477 1006/2/478 1005/3/477
f 1003/4/479 1006/2/478 1002/5/734
f 1003/4/479 1008/46/481 1007/7/482
f 1009/1/735 1014/2/484 1013/3/483
f 1011/4/485 1014/2/484 1010/5/486
f 1012/6/487 1015/7/488 1011/4/485
f 1017/23/489 1022/24/490 1021/25/489
f 1019/26/491 1022/24/490 1018/27/492
f 1019/26/491 1024/45/493 1023/29/494
f 1025/10/495 1030/12/496 1029/9/495
f 1026/8/497 1031/14/736 1030/12/496
f 1028/22/499 1031/14/736 1027/11/500
f 1033/30/501 1038/31/502 1037/32/501
f 1034/34/503 1039/36/504 1038/31/502
f 1036/35/505 1039/36/504 1035/33/737
f 1041/10/507 1046/12/508 1045/9/507
f 1043/11/509 1046/12/508 1042/8/510
f 1044/22/511 1047/14/512 1043/11/509
f 1050/19/738 1053/17/514 1049/15/514
f 1051/18/515 1054/16/516 1050/19/738
f 1052/20/517 1055/21/518 1051/18/515
f 1057/1/519 1062/2/520 1061/3/519
f 1059/4/521 1062/2/520 1058/5/522
f 1060/6/523 1063/7/524 1059/4/521
f 1066/8/525 1069/9/526 1065/10/527
f 1067/11/739 1070/12/740 1066/8/525
f 1068/22/741 1071/14/742 1067/11/739
f 1074/19/532 1077/17/533 1073/15/533
f 1075/18/534 1078/16/535 1074/19/532
f 1076/20/536 1079/21/537 1075/18/534
f 1082/41/538 1085/39/539 1081/37/540
f 1083/40/541 1086/38/542 1082/41/538
f 1084/42/543 1087/43/544 1083/40/541
f 1089/15/545 1094/16/546 1093/17/545
f 1091/18/547 1094/16/546 1090/19/548
f 1092/20/549 1095/21/550 1091/18/547
f 1097/30/551 1102/31/552 1101/32/551
f 1099/33/553 1102/31/552 1098/34/743
f 1100/35/555 1103/36/556 1099/33/553
f 1106/8/557 1109/9/558 1105/10/559
f 1107/11/560 1110/12/561 1106/8/557
f 1108/22/562 1111/14/563 1107/11/560
f 1113/23/564 1118/24/565 1117/25/564
f 1115/26/566 1118/24/565 1114/27/567
f 1115/26/566 1120/45/744 1119/29/569
f 1121/15/570 1126/16/571 1125/17/570
f 1123/18/572 1126/16/571 1122/19/573
f 1124/20/574 1127/21/575 1123/18/572
f 1129/10/576 1134/12/577 1133/9/578
f 1130/8/579 1135/14/745 1134/12/577
f 1132/22/581 1135/14/745 1131/11/582
f 1137/23/583 1142/24/584 1141/25/583
f 1139/26/585 1142/24/584 1138/27/586
f 1139/26/585 1144/45/746 1143/29/588
f 1145/10/589 1150/12/590 1149/9/591
f 1147/11/747 1150/12/590 1146/8/593
f 1148/22/594 1151/14/595 1147/11/747
f 1153/30/748 1158/31/597 1157/32/748
f 1155/33/598 1158/31/597 1154/34/599
f 1156/35/600 1159/36/601 1155/33/598
f 1161/15/602 1166/16/603 1165/17/602
f 1163/18/604 1166/16/603 1162/19/605
f 1164/20/606 1167/21/607 1163/18/604
f 1169/37/608 1174/38/609 1173/39/608
f 1171/40/610 1174/38/609 1170/41/611
f 1172/42/612 1175/43/613 1171/40/610
f 1177/1/614 1182/2/615 1181/3/614
f 1179/4/616 1182/2/615 1178/5/617
f 1180/6/618 1183/7/619 1179/4/616
f 1185/15/620 1190/16/621 1189/17/620
f 1187/18/622 1190/16/621 1186/19/623
f 1188/20/624 1191/21/625 1187/18/622
f 1193/10/626 1198/12/627 1197/9/628
f 1194/8/629 1199/14/630 1198/12/627
f 1196/22/749 1199/14/630 1195/11/632
f 1201/23/633 1206/24/634 1205/25/635
f 1203/26/636 1206/24/634 1202/27/637
f 1204/28/638 1207/29/639 1203/26/636
f 1209/10/640 1214/12/641 1213/9/640
f 1211/11/642 1214/12/641 1210/8/643
f 1212/22/644 1215/14/645 1211/11/642
f 1217/30/646 1222/31/750 1221/32/751
f 1219/33/752 1222/31/750 1218/34/649
f 1220/35/650 1223/36/651 1219/33/752
f 1225/1/654 1230/2/653 1229/3/652
f 1227/4/655 1230/2/653 1226/5/753
f 1228/6/657 1231/7/658 1227/4/655
f 1233/37/754 1238/38/660 1237/39/659
f 1235/40/755 1238/38/660 1234/41/756
f 1236/42/757 1239/43/664 1235/40/755
f 1241/15/665 1246/16/666 1245/17/665
f 1243/18/667 1246/16/666 1242/19/668
f 1244/20/669 1247/21/670 1243/18/667
f 1249/30/671 1254/31/672 1253/32/671
f 1251/33/673 1254/31/672 1250/34/674
f 1252/35/675 1255/36/676 1251/33/673
f 1257/1/758 1262/2/678 1261/3/758
f 1259/4/679 1262/2/678 1258/5/680
f 1260/6/681 1263/7/682 1259/4/679
f 1265/37/683 1270/38/759 1269/39/683
f 1267/40/760 1270/38/759 1266/41/686
f 1268/42/687 1271/43/761 1267/40/760
f 849/1/358 850/5/361 854/2/359
f 851/4/360 855/7/363 854/2/359
f 852/6/362 856/46/362 855/7/363
f 858/8/364 862/12/367 861/9/365
f 859/11/366 863/14/369 862/12/367
f 859/11/366 860/22/368 864/13/368
f 865/15/717 866/19/373 870/16/371
f 867/18/372 871/21/718 870/16/371
f 868/20/374 872/47/689 871/21/718
f 873/10/376 874/8/719 878/12/377
f 875/11/378 879/14/381 878/12/377
f 876/22/380 880/13/380 879/14/381
f 881/23/382 882/27/386 886/24/383
f 883/26/385 887/29/388 886/24/383
f 884/28/720 888/45/690 887/29/388
f 889/10/721 890/8/391 894/12/390
f 890/8/391 891/11/394 895/14/722
f 892/22/393 896/13/393 895/14/722
f 897/30/395 898/34/723 902/31/396
f 899/33/397 903/36/400 902/31/396
f 900/35/399 904/44/399 903/36/400
f 905/15/401 906/19/404 910/16/724
f 907/18/725 911/21/406 910/16/724
f 908/20/726 912/47/691 911/21/406
f 913/37/407 914/41/410 918/38/408
f 915/40/728 919/43/729 918/38/408
f 916/42/411 920/48/411 919/43/729
f 922/34/413 926/31/417 925/32/414
f 923/33/416 927/36/419 926/31/417
f 923/33/416 924/35/762 928/44/418
f 929/10/420 930/8/423 934/12/421
f 931/11/422 935/14/425 934/12/421
f 932/22/424 936/13/693 935/14/425
f 937/23/426 938/27/429 942/24/427
f 939/26/428 943/29/431 942/24/427
f 939/26/428 940/28/694 944/45/430
f 946/19/432 950/16/435 949/17/433
f 947/18/730 951/21/731 950/16/435
f 948/20/436 952/47/436 951/21/731
f 953/10/438 954/8/441 958/12/439
f 954/8/441 955/11/443 959/14/442
f 955/11/443 956/22/695 960/13/444
f 961/23/445 962/27/449 966/24/732
f 963/26/733 967/29/451 966/24/732
f 964/28/450 968/45/763 967/29/451
f 969/10/452 970/8/456 974/12/453
f 971/11/455 975/14/458 974/12/453
f 972/22/457 976/13/457 975/14/458
f 977/30/459 978/34/462 982/31/460
f 979/33/461 983/36/464 982/31/460
f 980/35/463 984/44/463 983/36/464
f 985/15/465 986/19/468 990/16/466
f 987/18/467 991/21/470 990/16/466
f 988/20/469 992/47/469 991/21/470
f 993/37/471 994/41/474 998/38/472
f 995/40/473 999/43/476 998/38/472
f 996/42/475 1000/48/475 999/43/476
f 1001/1/477 1002/5/734 1006/2/478
f 1003/4/479 1007/7/482 1006/2/478
f 1003/4/479 1004/6/698 1008/46/481
f 1009/1/735 1010/5/486 1014/2/484
f 1011/4/485 1015/7/488 1014/2/484
f 1012/6/487 1016/46/487 1015/7/488
f 1017/23/489 1018/27/492 1022/24/490
f 1019/26/491 1023/29/494 1022/24/490
f 1019/26/491 1020/28/493 1024/45/493
f 1025/10/495 1026/8/497 1030/12/496
f 1026/8/497 1027/11/500 1031/14/736
f 1028/22/499 1032/13/699 1031/14/736
f 1033/30/501 1034/34/503 1038/31/502
f 1034/34/503 1035/33/737 1039/36/504
f 1036/35/505 1040/44/700 1039/36/504
f 1041/10/507 1042/8/510 1046/12/508
f 1043/11/509 1047/14/512 1046/12/508
f 1044/22/511 1048/13/511 1047/14/512
f 1050/19/738 1054/16/516 1053/17/514
f 1051/18/515 1055/21/518 1054/16/516
f 1052/20/517 1056/47/701 1055/21/518
f 1057/1/519 1058/5/522 1062/2/520
f 1059/4/521 1063/7/524 1062/2/520
f 1060/6/523 1064/46/523 1063/7/524
f 1066/8/525 1070/12/740 1069/9/526
f 1067/11/739 1071/14/742 1070/12/740
f 1068/22/741 1072/13/702 1071/14/742
f 1074/19/532 1078/16/535 1077/17/533
f 1075/18/534 1079/21/537 1078/16/535
f 1076/20/536 1080/47/536 1079/21/537
f 1082/41/538 1086/38/542 1085/39/539
f 1083/40/541 1087/43/544 1086/38/542
f 1084/42/543 1088/48/764 1087/43/544
f 1089/15/545 1090/19/548 1094/16/546
f 1091/18/547 1095/21/550 1094/16/546
f 1092/20/549 1096/47/704 1095/21/550
f 1097/30/551 1098/34/743 1102/31/552
f 1099/33/553 1103/36/556 1102/31/552
f 1100/35/555 1104/44/705 1103/36/556
f 1106/8/557 1110/12/561 1109/9/558
f 1107/11/560 1111/14/563 1110/12/561
f 1108/22/562 1112/13/706 1111/14/563
f 1113/23/564 1114/27/567 1118/24/565
f 1115/26/566 1119/29/569 1118/24/565
f 1115/26/566 1116/28/707 1120/45/744
f 1121/15/570 1122/19/573 1126/16/571
f 1123/18/572 1127/21/575 1126/16/571
f 1124/20/574 1128/47/574 1127/21/575
f 1129/10/576 1130/8/579 1134/12/577
f 1130/8/579 1131/11/582 1135/14/745
f 1132/22/581 1136/13/708 1135/14/745
f 1137/23/583 1138/27/586 1142/24/584
f 1139/26/585 1143/29/588 1142/24/584
f 1139/26/585 1140/28/765 1144/45/746
f 1145/10/589 1146/8/593 1150/12/590
f 1147/11/747 1151/14/595 1150/12/590
f 1148/22/594 1152/13/594 1151/14/595
f 1153/30/748 1154/34/599 1158/31/597
f 1155/33/598 1159/36/601 1158/31/597
f 1156/35/600 1160/44/600 1159/36/601
f 1161/15/602 1162/19/605 1166/16/603
f 1163/18/604 1167/21/607 1166/16/603
f 1164/20/606 1168/47/710 1167/21/607
f 1169/37/608 1170/41/611 1174/38/609
f 1171/40/610 1175/43/613 1174/38/609
f 1172/42/612 1176/48/612 1175/43/613
f 1177/1/614 1178/5/617 1182/2/615
f 1179/4/616 1183/7/619 1182/2/615
f 1180/6/618 1184/46/618 1183/7/619
f 1185/15/620 1186/19/623 1190/16/621
f 1187/18/622 1191/21/625 1190/16/621
f 1188/20/624 1192/47/711 1191/21/625
f 1193/10/626 1194/8/629 1198/12/627
f 1194/8/629 1195/11/632 1199/14/630
f 1196/22/749 1200/13/766 1199/14/630
f 1201/23/633 1202/27/637 1206/24/634
f 1203/26/636 1207/29/639 1206/24/634
f 1204/28/638 1208/45/767 1207/29/639
f 1209/10/640 1210/8/643 1214/12/641
f 1211/11/642 1215/14/645 1214/12/641
f 1212/22/644 1216/13/714 1215/14/645
f 1217/30/646 1218/34/649 1222/31/750
f 1219/33/752 1223/36/651 1222/31/750
f 1220/35/650 1224/44/650 1223/36/651
f 1225/1/654 1226/5/753 1230/2/653
f 1227/4/655 1231/7/658 1230/2/653
f 1228/6/657 1232/46/657 1231/7/658
f 1233/37/754 1234/41/756 1238/38/660
f 1235/40/755 1239/43/664 1238/38/660
f 1236/42/757 1240/48/715 1239/43/664
f 1241/15/665 1242/19/668 1246/16/666
f 1243/18/667 1247/21/670 1246/16/666
f 1244/20/669 1248/47/768 1247/21/670
f 1249/30/671 1250/34/674 1254/31/672
f 1251/33/673 1255/36/676 1254/31/672
f 1252/35/675 1256/44/675 1255/36/676
f 1257/1/758 1258/5/680 1262/2/678
f 1259/4/679 1263/7/682 1262/2/678
f 1260/6/681 1264/46/681 1263/7/682
f 1265/37/683 1266/41/686 1270/38/759
f 1267/40/760 1271/43/761 1270/38/759
f 1268/42/687 1272/48/687 1271/43/761
f 1273/1/769 1278/2/770 1277/3/769
f 1275/4/771 1278/2/770 1274/5/772
f 1276/6/773 1279/7/774 1275/4/771
f 1282/8/775 1285/9/776 1281/10/776
f 1283/11/777 1286/12/778 1282/8/775
f 1283/11/777 1288/13/779 1287/14/780
f 1289/15/781 1294/16/782 1293/17/781
f 1291/18/783 1294/16/782 1290/19/784
f 1292/20/785 1295/21/786 1291/18/783
f 1297/10/787 1302/12/788 1301/9/787
f 1299/11/789 1302/12/788 1298/8/790
f 1300/22/791 1303/14/792 1299/11/789
f 1305/23/793 1310/24/794 1309/25/795
f 1307/26/796 1310/24/794 1306/27/797
f 1308/28/798 1311/29/799 1307/26/796
f 1313/10/800 1318/12/801 1317/9/800
f 1314/8/802 1319/14/803 1318/12/801
f 1316/22/804 1319/14/803 1315/11/805
f 1321/30/806 1326/31/807 1325/32/806
f 1323/33/808 1326/31/807 1322/34/809
f 1324/35/810 1327/36/811 1323/33/808
f 1329/15/812 1334/16/813 1333/17/812
f 1331/18/814 1334/16/813 1330/19/815
f 1332/20/816 1335/21/817 1331/18/814
f 1337/37/818 1342/38/819 1341/39/818
f 1339/40/820 1342/38/819 1338/41/821
f 1340/42/822 1343/43/823 1339/40/820
f 1346/34/824 1349/32/825 1345/30/826
f 1347/33/827 1350/31/828 1346/34/824
f 1347/33/827 1352/44/829 1351/36/830
f 1353/10/831 1358/12/832 1357/9/831
f 1355/11/833 1358/12/832 1354/8/834
f 1356/22/835 1359/14/836 1355/11/833
f 1361/23/837 1366/24/838 1365/25/837
f 1363/26/839 1366/24/838 1362/27/840
f 1363/26/839 1368/45/841 1367/29/842
f 1370/19/843 1373/17/844 1369/15/844
f 1371/18/845 1374/16/846 1370/19/843
f 1372/20/847 1375/21/848 1371/18/845
f 1377/10/849 1382/12/850 1381/9/851
f 1378/8/852 1383/14/853 1382/12/850
f 1379/11/854 1384/13/855 1383/14/853
f 1385/23/856 1390/24/857 1389/25/858
f 1387/26/859 1390/24/857 1386/27/860
f 1388/28/861 1391/29/862 1387/26/859
f 1393/10/863 1398/12/864 1397/9/865
f 1395/11/866 1398/12/864 1394/8/867
f 1396/22/868 1399/14/869 1395/11/866
f 1401/30/870 1406/31/871 1405/32/870
f 1403/33/872 1406/31/871 1402/34/873
f 1404/35/874 1407/36/875 1403/33/872
f 1409/15/876 1414/16/877 1413/17/876
f 1411/18/878 1414/16/877 1410/19/879
f 1412/20/880 1415/21/881 1411/18/878
f 1417/37/882 1422/38/883 1421/39/882
f 1419/40/884 1422/38/883 1418/41/885
f 1420/42/886 1423/43/887 1419/40/884
f 1425/1/888 1430/2/889 1429/3/888
f 1427/4/890 1430/2/889 1426/5/891
f 1427/4/890 1432/46/892 1431/7/893
f 1433/1/894 1438/2/895 1437/3/896
f 1435/4/897 1438/2/895 1434/5/898
f 1436/6/899 1439/7/900 1435/4/897
f 1441/23/901 1446/24/902 1445/25/901
f 1443/26/903 1446/24/902 1442/27/904
f 1443/26/903 1448/45/905 1447/29/906
f 1449/10/907 1454/12/908 1453/9/907
f 1450/8/909 1455/14/910 1454/12/908
f 1452/22/911 1455/14/910 1451/11/912
f 1457/30/913 1462/31/914 1461/32/913
f 1458/34/915 1463/36/916 1462/31/914
f 1460/35/917 1463/36/916 1459/33/918
f 1465/10/919 1470/12/920 1469/9/919
f 1467/11/921 1470/12/920 1466/8/922
f 1468/22/923 1471/14/924 1467/11/921
f 1474/19/925 1477/17/926 1473/15/926
f 1475/18/927 1478/16/928 1474/19/925
f 1476/20/929 1479/21/930 1475/18/927
f 1481/1/931 1486/2/932 1485/3/931
f 1483/4/933 1486/2/932 1482/5/934
f 1484/6/935 1487/7/936 1483/4/933
f 1490/8/937 1493/9/938 1489/10/939
f 1491/11/940 1494/12/941 1490/8/937
f 1492/22/942 1495/14/943 1491/11/940
f 1498/19/944 1501/17/945 1497/15/945
f 1499/18/946 1502/16/947 1498/19/944
f 1500/20/948 1503/21/949 1499/18/946
f 1506/41/950 1509/39/951 1505/37/952
f 1507/40/953 1510/38/954 1506/41/950
f 1508/42/955 1511/43/956 1507/40/953
f 1513/15/957 1518/16/958 1517/17/957
f 1515/18/959 1518/16/958 1514/19/960
f 1516/20/961 1519/21/962 1515/18/959
f 1521/30/963 1526/31/964 1525/32/963
f 1523/33/965 1526/31/964 1522/34/966
f 1524/35/967 1527/36/968 1523/33/965
f 1530/8/969 1533/9/970 1529/10/971
f 1531/11/972 1534/12/973 1530/8/969
f 1532/22/974 1535/14/975 1531/11/972
f 1537/23/976 1542/24/977 1541/25/976
f 1539/26/978 1542/24/977 1538/27/979
f 1539/26/978 1544/45/980 1543/29/981
f 1545/15/982 1550/16/983 1549/17/982
f 1547/18/984 1550/16/983 1546/19/985
f 1548/20/986 1551/21/987 1547/18/984
f 1553/10/988 1558/12/989 1557/9/990
f 1554/8/991 1559/14/992 1558/12/989
f 1556/22/993 1559/14/992 1555/11/994
f 1561/23/995 1566/24/996 1565/25/997
f 1563/26/998 1566/24/996 1562/27/999
f 1563/26/998 1568/45/1000 1567/29/1001
f 1569/10/1002 1574/12/1003 1573/9/1004
f 1571/11/1005 1574/12/1003 1570/8/1006
f 1572/22/1007 1575/14/1008 1571/11/1005
f 1577/30/1009 1582/31/1010 1581/32/1009
f 1579/33/1011 1582/31/1010 1578/34/1012
f 1580/35/1013 1583/36/1014 1579/33/1011
f 1585/15/1015 1590/16/1016 1589/17/1015
f 1587/18/1017 1590/16/1016 1586/19/1018
f 1588/20/1019 1591/21/1020 1587/18/1017
f 1593/37/1021 1598/38/1022 1597/39/1021
f 1595/40/1023 1598/38/1022 1594/41/1024
f 1596/42/1025 1599/43/1026 1595/40/1023
f 1601/1/1027 1606/2/1028 1605/3/1027
f 1603/4/1029 1606/2/1028 1602/5/1030
f 1604/6/1031 1607/7/1032 1603/4/1029
f 1609/15/1033 1614/16/1034 1613/17/1033
f 1611/18/1035 1614/16/1034 1610/19/1036
f 1612/20/1037 1615/21/1038 1611/18/1035
f 1617/10/1039 1622/12/1040 1621/9/1041
f 1618/8/1042 1623/14/1043 1622/12/1040
f 1620/22/1044 1623/14/1043 1619/11/1045
f 1625/23/1046 1630/24/1047 1629/25/1048
f 1627/26/1049 1630/24/1047 1626/27/1050
f 1628/28/1051 1631/29/1052 1627/26/1049
f 1633/10/1053 1638/12/1054 1637/9/1053
f 1635/11/1055 1638/12/1054 1634/8/1056
f 1636/22/1057 1639/14/1058 1635/11/1055
f 1641/30/1059 1646/31/1060 1645/32/1059
f 1643/33/1061 1646/31/1060 1642/34/1062
f 1644/35/1063 1647/36/1064 1643/33/1061
f 1649/1/1065 1654/2/1066 1653/3/1067
f 1651/4/1068 1654/2/1066 1650/5/1069
f 1652/6/1070 1655/7/1071 1651/4/1068
f 1657/37/1072 1662/38/1073 1661/39/1072
f 1659/40/1074 1662/38/1073 1658/41/1075
f 1660/42/1076 1663/43/1077 1659/40/1074
f 1665/15/1078 1670/16/1079 1669/17/1078
f 1667/18/1080 1670/16/1079 1666/19/1081
f 1668/20/1082 1671/21/1083 1667/18/1080
f 1673/30/1084 1678/31/1085 1677/32/1084
f 1675/33/1086 1678/31/1085 1674/34/1087
f 1676/35/1088 1679/36/1089 1675/33/1086
f 1681/1/1090 1686/2/1091 1685/3/1090
f 1683/4/1092 1686/2/1091 1682/5/1093
f 1684/6/1094 1687/7/1095 1683/4/1092
f 1689/37/1096 1694/38/1097 1693/39/1096
f 1691/40/1098 1694/38/1097 1690/41/1099
f 1692/42/1100 1695/43/1101 1691/40/1098
f 1273/1/769 1274/5/772 1278/2/770
f 1275/4/771 1279/7/774 1278/2/770
f 1276/6/773 1280/46/773 1279/7/774
f 1282/8/775 1286/12/778 1285/9/776
f 1283/11/777 1287/14/780 1286/12/778
f 1283/11/777 1284/22/779 1288/13/779
f 1289/15/781 1290/19/784 1294/16/782
f 1291/18/783 1295/21/786 1294/16/782
f 1292/20/785 1296/47/1102 1295/21/786
f 1297/10/787 1298/8/790 1302/12/788
f 1299/11/789 1303/14/792 1302/12/788
f 1300/22/791 1304/13/791 1303/14/792
f 1305/23/793 1306/27/797 1310/24/794
f 1307/26/796 1311/29/799 1310/24/794
f 1308/28/798 1312/45/1103 1311/29/799
f 1313/10/800 1314/8/802 1318/12/801
f 1314/8/802 1315/11/805 1319/14/803
f 1316/22/804 1320/13/804 1319/14/803
f 1321/30/806 1322/34/809 1326/31/807
f 1323/33/808 1327/36/811 1326/31/807
f 1324/35/810 1328/44/810 1327/36/811
f 1329/15/812 1330/19/815 1334/16/813
f 1331/18/814 1335/21/817 1334/16/813
f 1332/20/816 1336/47/1104 1335/21/817
f 1337/37/818 1338/41/821 1342/38/819
f 1339/40/820 1343/43/823 1342/38/819
f 1340/42/822 1344/48/822 1343/43/823
f 1346/34/824 1350/31/828 1349/32/825
f 1347/33/827 1351/36/830 1350/31/828
f 1347/33/827 1348/35/1105 1352/44/829
f 1353/10/831 1354/8/834 1358/12/832
f 1355/11/833 1359/14/836 1358/12/832
f 1356/22/835 1360/13/1106 1359/14/836
f 1361/23/837 1362/27/840 1366/24/838
f 1363/26/839 1367/29/842 1366/24/838
f 1363/26/839 1364/28/1107 1368/45/841
f 1370/19/843 1374/16/846 1373/17/844
f 1371/18/845 1375/21/848 1374/16/846
f 1372/20/847 1376/47/847 1375/21/848
f 1377/10/849 1378/8/852 1382/12/850
f 1378/8/852 1379/11/854 1383/14/853
f 1379/11/854 1380/22/1108 1384/13/855
f 1385/23/856 1386/27/860 1390/24/857
f 1387/26/859 1391/29/862 1390/24/857
f 1388/28/861 1392/45/1109 1391/29/862
f 1393/10/863 1394/8/867 1398/12/864
f 1395/11/866 1399/14/869 1398/12/864
f 1396/22/868 1400/13/868 1399/14/869
f 1401/30/870 1402/34/873 1406/31/871
f 1403/33/872 1407/36/875 1406/31/871
f 1404/35/874 1408/44/874 1407/36/875
f 1409/15/876 1410/19/879 1414/16/877
f 1411/18/878 1415/21/881 1414/16/877
f 1412/20/880 1416/47/880 1415/21/881
f 1417/37/882 1418/41/885 1422/38/883
f 1419/40/884 1423/43/887 1422/38/883
f 1420/42/886 1424/48/886 1423/43/887
f 1425/1/888 1426/5/891 1430/2/889
f 1427/4/890 1431/7/893 1430/2/889
f 1427/4/890 1428/6/1110 1432/46/892
f 1433/1/894 1434/5/898 1438/2/895
f 1435/4/897 1439/7/900 1438/2/895
f 1436/6/899 1440/46/899 1439/7/900
f 1441/23/901 1442/27/904 1446/24/902
f 1443/26/903 1447/29/906 1446/24/902
f 1443/26/903 1444/28/905 1448/45/905
f 1449/10/907 1450/8/909 1454/12/908
f 1450/8/909 1451/11/912 1455/14/910
f 1452/22/911 1456/13/1111 1455/14/910
f 1457/30/913 1458/34/915 1462/31/914
f 1458/34/915 1459/33/918 1463/36/916
f 1460/35/917 1464/44/1112 1463/36/916
f 1465/10/919 1466/8/922 1470/12/920
f 1467/11/921 1471/14/924 1470/12/920
f 1468/22/923 1472/13/923 1471/14/924
f 1474/19/925 1478/16/928 1477/17/926
f 1475/18/927 1479/21/930 1478/16/928
f 1476/20/929 1480/47/1113 1479/21/930
f 1481/1/931 1482/5/934 1486/2/932
f 1483/4/933 1487/7/936 1486/2/932
f 1484/6/935 1488/46/935 1487/7/936
f 1490/8/937 1494/12/941 1493/9/938
f 1491/11/940 1495/14/943 1494/12/941
f 1492/22/942 1496/13/1114 1495/14/943
f 1498/19/944 1502/16/947 1501/17/945
f 1499/18/946 1503/21/949 1502/16/947
f 1500/20/948 1504/47/948 1503/21/949
f 1506/41/950 1510/38/954 1509/39/951
f 1507/40/953 1511/43/956 1510/38/954
f 1508/42/955 1512/48/1115 1511/43/956
f 1513/15/957 1514/19/960 1518/16/958
f 1515/18/959 1519/21/962 1518/16/958
f 1516/20/961 1520/47/1116 1519/21/962
f 1521/30/963 1522/34/966 1526/31/964
f 1523/33/965 1527/36/968 1526/31/964
f 1524/35/967 1528/44/1117 1527/36/968
f 1530/8/969 1534/12/973 1533/9/970
f 1531/11/972 1535/14/975 1534/12/973
f 1532/22/974 1536/13/1118 1535/14/975
f 1537/23/976 1538/27/979 1542/24/977
f 1539/26/978 1543/29/981 1542/24/977
f 1539/26/978 1540/28/1119 1544/45/980
f 1545/15/982 1546/19/985 1550/16/983
f 1547/18/984 1551/21/987 1550/16/983
f 1548/20/986 1552/47/986 1551/21/987
f 1553/10/988 1554/8/991 1558/12/989
f 1554/8/991 1555/11/994 1559/14/992
f 1556/22/993 1560/13/1120 1559/14/992
f 1561/23/995 1562/27/999 1566/24/996
f 1563/26/998 1567/29/1001 1566/24/996
f 1563/26/998 1564/28/1121 1568/45/1000
f 1569/10/1002 1570/8/1006 1574/12/1003
f 1571/11/1005 1575/14/1008 1574/12/1003
f 1572/22/1007 1576/13/1007 1575/14/1008
f 1577/30/1009 1578/34/1012 1582/31/1010
f 1579/33/1011 1583/36/1014 1582/31/1010
f 1580/35/1013 1584/44/1013 1583/36/1014
f 1585/15/1015 1586/19/1018 1590/16/1016
f 1587/18/1017 1591/21/1020 1590/16/1016
f 1588/20/1019 1592/47/1122 1591/21/1020
f 1593/37/1021 1594/41/1024 1598/38/1022
f 1595/40/1023 1599/43/1026 1598/38/1022
f 1596/42/1025 1600/48/1025 1599/43/1026
f 1601/1/1027 1602/5/1030 1606/2/1028
f 1603/4/1029 1607/7/1032 1606/2/1028
f 1604/6/1031 1608/46/1031 1607/7/1032
f 1609/15/1033 1610/19/1036 1614/16/1034
f 1611/18/1035 1615/21/1038 1614/16/1034
f 1612/20/1037 1616/47/1123 1615/21/1038
f 1617/10/1039 1618/8/1042 1622/12/1040
f 1618/8/1042 1619/11/1045 1623/14/1043
f 1620/22/1044 1624/13/1124 1623/14/1043
f 1625/23/1046 1626/27/1050 1630/24/1047
f 1627/26/1049 1631/29/1052 1630/24/1047
f 1628/28/1051 1632/45/1125 1631/29/1052
f 1633/10/1053 1634/8/1056 1638/12/1054
f 1635/11/1055 1639/14/1058 1638/12/1054
f 1636/22/1057 1640/13/1126 1639/14/1058
f 1641/30/1059 1642/34/1062 1646/31/1060
f 1643/33/1061 1647/36/1064 1646/31/1060
f 1644/35/1063 1648/44/1063 1647/36/1064
f 1649/1/1065 1650/5/1069 1654/2/1066
f 1651/4/1068 1655/7/1071 1654/2/1066
f 1652/6/1070 1656/46/1127 1655/7/1071
f 1657/37/1072 1658/41/1075 1662/38/1073
f 1659/40/1074 1663/43/1077 1662/38/1073
f 1660/42/1076 1664/48/1128 1663/43/1077
f 1665/15/1078 1666/19/1081 1670/16/1079
f 1667/18/1080 1671/21/1083 1670/16/1079
f 1668/20/1082 1672/47/1082 1671/21/1083
f 1673/30/1084 1674/34/1087 1678/31/1085
f 1675/33/1086 1679/36/1089 1678/31/1085
f 1676/35/1088 1680/44/1088 1679/36/1089
f 1681/1/1090 1682/5/1093 1686/2/1091
f 1683/4/1092 1687/7/1095 1686/2/1091
f 1684/6/1094 1688/46/1094 1687/7/1095
f 1689/37/1096 1690/41/1099 1694/38/1097
f 1691/40/1098 1695/43/1101 1694/38/1097
f 1692/42/1100 1696/48/1100 1695/43/1101
f 1697/1/769 1702/2/770 1701/3/769
f 1699/4/771 1702/2/770 1698/5/772
f 1700/6/773 1703/7/774 1699/4/771
f 1706/8/775 1709/9/776 1705/10/776
f 1707/11/777 1710/12/778 1706/8/775
f 1707/11/777 1712/13/779 1711/14/780
f 1713/15/1129 1718/16/782 1717/17/1129
f 1715/18/783 1718/16/782 1714/19/784
f 1716/20/785 1719/21/786 1715/18/783
f 1721/10/787 1726/12/788 1725/9/787
f 1723/11/789 1726/12/788 1722/8/790
f 1724/22/791 1727/14/792 1723/11/789
f 1729/23/793 1734/24/794 1733/25/795
f 1731/26/796 1734/24/794 1730/27/797
f 1732/28/1130 1735/29/799 1731/26/796
f 1737/10/800 1742/12/801 1741/9/800
f 1738/8/802 1743/14/1131 1742/12/801
f 1740/22/804 1743/14/1131 1739/11/805
f 1745/30/806 1750/31/807 1749/32/806
f 1747/33/808 1750/31/807 1746/34/1132
f 1748/35/810 1751/36/811 1747/33/808
f 1753/15/812 1758/16/813 1757/17/812
f 1755/18/814 1758/16/813 1754/19/1133
f 1756/20/816 1759/21/817 1755/18/814
f 1761/37/818 1766/38/819 1765/39/818
f 1763/40/820 1766/38/819 1762/41/1134
f 1764/42/822 1767/43/823 1763/40/820
f 1770/34/824 1773/32/825 1769/30/826
f 1771/33/827 1774/31/828 1770/34/824
f 1771/33/827 1776/44/829 1775/36/830
f 1777/10/831 1782/12/832 1781/9/831
f 1779/11/833 1782/12/832 1778/8/834
f 1780/22/835 1783/14/836 1779/11/833
f 1785/23/837 1790/24/838 1789/25/1135
f 1787/26/839 1790/24/838 1786/27/840
f 1787/26/839 1792/45/841 1791/29/842
f 1794/19/843 1797/17/844 1793/15/844
f 1795/18/1136 1798/16/846 1794/19/843
f 1796/20/847 1799/21/1137 1795/18/1136
f 1801/10/849 1806/12/850 1805/9/851
f 1802/8/852 1807/14/853 1806/12/850
f 1803/11/854 1808/13/855 1807/14/853
f 1809/23/856 1814/24/857 1813/25/858
f 1811/26/859 1814/24/857 1810/27/860
f 1812/28/861 1815/29/862 1811/26/859
f 1817/10/863 1822/12/864 1821/9/1138
f 1819/11/866 1822/12/864 1818/8/867
f 1820/22/868 1823/14/869 1819/11/866
f 1825/30/870 1830/31/871 1829/32/870
f 1827/33/872 1830/31/871 1826/34/873
f 1828/35/874 1831/36/875 1827/33/872
f 1833/15/876 1838/16/877 1837/17/876
f 1835/18/878 1838/16/877 1834/19/879
f 1836/20/880 1839/21/881 1835/18/878
f 1841/37/882 1846/38/883 1845/39/882
f 1843/40/884 1846/38/883 1842/41/885
f 1844/42/886 1847/43/887 1843/40/884
f 1849/1/888 1854/2/889 1853/3/888
f 1851/4/890 1854/2/889 1850/5/891
f 1851/4/890 1856/46/892 1855/7/893
f 1857/1/894 1862/2/895 1861/3/894
f 1859/4/897 1862/2/895 1858/5/898
f 1860/6/899 1863/7/900 1859/4/897
f 1865/23/901 1870/24/902 1869/25/901
f 1867/26/903 1870/24/902 1866/27/904
f 1867/26/903 1872/45/905 1871/29/906
f 1873/10/907 1878/12/908 1877/9/907
f 1874/8/909 1879/14/910 1878/12/908
f 1876/22/911 1879/14/910 1875/11/912
f 1881/30/913 1886/31/914 1885/32/913
f 1882/34/915 1887/36/916 1886/31/914
f 1884/35/917 1887/36/916 1883/33/918
f 1889/10/919 1894/12/920 1893/9/919
f 1891/11/921 1894/12/920 1890/8/922
f 1892/22/923 1895/14/924 1891/11/921
f 1898/19/925 1901/17/926 1897/15/926
f 1899/18/927 1902/16/928 1898/19/925
f 1900/20/929 1903/21/930 1899/18/927
f 1905/1/931 1910/2/932 1909/3/931
f 1907/4/933 1910/2/932 1906/5/934
f 1908/6/935 1911/7/936 1907/4/933
f 1914/8/937 1917/9/938 1913/10/939
f 1915/11/940 1918/12/941 1914/8/937
f 1916/22/1139 1919/14/943 1915/11/940
f 1922/19/1140 1925/17/945 1921/15/945
f 1923/18/946 1926/16/947 1922/19/1140
f 1924/20/948 1927/21/1141 1923/18/946
f 1930/41/950 1933/39/951 1929/37/952
f 1931/40/1142 1934/38/954 1930/41/950
f 1932/42/955 1935/43/1143 1931/40/1142
f 1937/15/957 1942/16/958 1941/17/957
f 1939/18/959 1942/16/958 1938/19/960
f 1940/20/961 1943/21/962 1939/18/959
f 1945/30/963 1950/31/964 1949/32/963
f 1947/33/965 1950/31/964 1946/34/1144
f 1948/35/967 1951/36/968 1947/33/965
f 1954/8/969 1957/9/970 1953/10/971
f 1955/11/972 1958/12/973 1954/8/969
f 1956/22/974 1959/14/975 1955/11/972
f 1961/23/976 1966/24/977 1965/25/976
f 1963/26/1145 1966/24/977 1962/27/1146
f 1963/26/1145 1968/45/980 1967/29/1147
f 1969/15/982 1974/16/983 1973/17/982
f 1971/18/984 1974/16/983 1970/19/985
f 1972/20/986 1975/21/987 1971/18/984
f 1977/10/988 1982/12/989 1981/9/990
f 1978/8/991 1983/14/992 1982/12/989
f 1980/22/993 1983/14/992 1979/11/994
f 1985/23/997 1990/24/996 1989/25/997
f 1987/26/1148 1990/24/996 1986/27/999
f 1987/26/1148 1992/45/1000 1991/29/1001
f 1993/10/1002 1998/12/1003 1997/9/1004
f 1995/11/1005 1998/12/1003 1994/8/1006
f 1996/22/1007 1999/14/1008 1995/11/1005
f 2001/30/1009 2006/31/1010 2005/32/1009
f 2003/33/1011 2006/31/1010 2002/34/1012
f 2004/35/1013 2007/36/1014 2003/33/1011
f 2009/15/1015 2014/16/1016 2013/17/1015
f 2011/18/1149 2014/16/1016 2010/19/1018
f 2012/20/1019 2015/21/1020 2011/18/1149
f 2017/37/1021 2022/38/1022 2021/39/1021
f 2019/40/1023 2022/38/1022 2018/41/1150
f 2020/42/1025 2023/43/1026 2019/40/1023
f 2025/1/1027 2030/2/1028 2029/3/1027
f 2027/4/1029 2030/2/1028 2026/5/1151
f 2028/6/1031 2031/7/1032 2027/4/1029
f 2033/15/1033 2038/16/1034 2037/17/1033
f 2035/18/1035 2038/16/1034 2034/19/1036
f 2036/20/1037 2039/21/1038 2035/18/1035
f 2041/10/1152 2046/12/1153 2045/9/1041
f 2042/8/1042 2047/14/1043 2046/12/1153
f 2044/22/1044 2047/14/1043 2043/11/1045
f 2049/23/1046 2054/24/1047 2053/25/1048
f 2051/26/1049 2054/24/1047 2050/27/1050
f 2052/28/1051 2055/29/1052 2051/26/1049
f 2057/10/1053 2062/12/1154 2061/9/1053
f 2059/11/1055 2062/12/1154 2058/8/1056
f 2060/22/1057 2063/14/1058 2059/11/1055
f 2065/30/1059 2070/31/1155 2069/32/1059
f 2067/33/1156 2070/31/1155 2066/34/1062
f 2068/35/1063 2071/36/1064 2067/33/1156
f 2073/1/1065 2078/2/1157 2077/3/1065
f 2075/4/1068 2078/2/1157 2074/5/1069
f 2076/6/1070 2079/7/1158 2075/4/1068
f 2081/37/1072 2086/38/1073 2085/39/1072
f 2083/40/1074 2086/38/1073 2082/41/1075
f 2084/42/1076 2087/43/1159 2083/40/1074
f 2089/15/1078 2094/16/1079 2093/17/1078
f 2091/18/1080 2094/16/1079 2090/19/1081
f 2092/20/1082 2095/21/1083 2091/18/1080
f 2097/30/1084 2102/31/1160 2101/32/1084
f 2099/33/1086 2102/31/1160 2098/34/1087
f 2100/35/1088 2103/36/1089 2099/33/1086
f 2105/1/1161 2110/2/1091 2109/3/1161
f 2107/4/1092 2110/2/1091 2106/5/1093
f 2108/6/1094 2111/7/1095 2107/4/1092
f 2113/37/1096 2118/38/1097 2117/39/1096
f 2115/40/1162 2118/38/1097 2114/41/1099
f 2116/42/1100 2119/43/1163 2115/40/1162
f 1697/1/769 1698/5/772 1702/2/770
f 1699/4/771 1703/7/774 1702/2/770
f 1700/6/773 1704/46/773 1703/7/774
f 1706/8/775 1710/12/778 1709/9/776
f 1707/11/777 1711/14/780 1710/12/778
f 1707/11/777 1708/22/779 1712/13/779
f 1713/15/1129 1714/19/784 1718/16/782
f 1715/18/783 1719/21/786 1718/16/782
f 1716/20/785 1720/47/1102 1719/21/786
f 1721/10/787 1722/8/790 1726/12/788
f 1723/11/789 1727/14/792 1726/12/788
f 1724/22/791 1728/13/791 1727/14/792
f 1729/23/793 1730/27/797 1734/24/794
f 1731/26/796 1735/29/799 1734/24/794
f 1732/28/1130 1736/45/1103 1735/29/799
f 1737/10/800 1738/8/802 1742/12/801
f 1738/8/802 1739/11/805 1743/14/1131
f 1740/22/804 1744/13/804 1743/14/1131
f 1745/30/806 1746/34/1132 1750/31/807
f 1747/33/808 1751/36/811 1750/31/807
f 1748/35/810 1752/44/810 1751/36/811
f 1753/15/812 1754/19/1133 1758/16/813
f 1755/18/814 1759/21/817 1758/16/813
f 1756/20/816 1760/47/1104 1759/21/817
f 1761/37/818 1762/41/1134 1766/38/819
f 1763/40/820 1767/43/823 1766/38/819
f 1764/42/822 1768/48/822 1767/43/823
f 1770/34/824 1774/31/828 1773/32/825
f 1771/33/827 1775/36/830 1774/31/828
f 1771/33/827 1772/35/1164 1776/44/829
f 1777/10/831 1778/8/834 1782/12/832
f 1779/11/833 1783/14/836 1782/12/832
f 1780/22/835 1784/13/1106 1783/14/836
f 1785/23/837 1786/27/840 1790/24/838
f 1787/26/839 1791/29/842 1790/24/838
f 1787/26/839 1788/28/1107 1792/45/841
f 1794/19/843 1798/16/846 1797/17/844
f 1795/18/1136 1799/21/1137 1798/16/846
f 1796/20/847 1800/47/847 1799/21/1137
f 1801/10/849 1802/8/852 1806/12/850
f 1802/8/852 1803/11/854 1807/14/853
f 1803/11/854 1804/22/1108 1808/13/855
f 1809/23/856 1810/27/860 1814/24/857
f 1811/26/859 1815/29/862 1814/24/857
f 1812/28/861 1816/45/1109 1815/29/862
f 1817/10/863 1818/8/867 1822/12/864
f 1819/11/866 1823/14/869 1822/12/864
f 1820/22/868 1824/13/868 1823/14/869
f 1825/30/870 1826/34/873 1830/31/871
f 1827/33/872 1831/36/875 1830/31/871
f 1828/35/874 1832/44/874 1831/36/875
f 1833/15/876 1834/19/879 1838/16/877
f 1835/18/878 1839/21/881 1838/16/877
f 1836/20/880 1840/47/880 1839/21/881
f 1841/37/882 1842/41/885 1846/38/883
f 1843/40/884 1847/43/887 1846/38/883
f 1844/42/886 1848/48/886 1847/43/887
f 1849/1/888 1850/5/891 1854/2/889
f 1851/4/890 1855/7/893 1854/2/889
f 1851/4/890 1852/6/1110 1856/46/892
f 1857/1/894 1858/5/898 1862/2/895
f 1859/4/897 1863/7/900 1862/2/895
f 1860/6/899 1864/46/899 1863/7/900
f 1865/23/901 1866/27/904 1870/24/902
f 1867/26/903 1871/29/906 1870/24/902
f 1867/26/903 1868/28/905 1872/45/905
f 1873/10/907 1874/8/909 1878/12/908
f 1874/8/909 1875/11/912 1879/14/910
f 1876/22/911 1880/13/1111 1879/14/910
f 1881/30/913 1882/34/915 1886/31/914
f 1882/34/915 1883/33/918 1887/36/916
f 1884/35/917 1888/44/1112 1887/36/916
f 1889/10/919 1890/8/922 1894/12/920
f 1891/11/921 1895/14/924 1894/12/920
f 1892/22/923 1896/13/923 1895/14/924
f 1898/19/925 1902/16/928 1901/17/926
f 1899/18/927 1903/21/930 1902/16/928
f 1900/20/929 1904/47/1113 1903/21/930
f 1905/1/931 1906/5/934 1910/2/932
f 1907/4/933 1911/7/936 1910/2/932
f 1908/6/935 1912/46/935 1911/7/936
f 1914/8/937 1918/12/941 1917/9/938
f 1915/11/940 1919/14/943 1918/12/941
f 1916/22/1139 1920/13/1114 1919/14/943
f 1922/19/1140 1926/16/947 1925/17/945
f 1923/18/946 1927/21/1141 1926/16/947
f 1924/20/948 1928/47/948 1927/21/1141
f 1930/41/950 1934/38/954 1933/39/951
f 1931/40/1142 1935/43/1143 1934/38/954
f 1932/42/955 1936/48/1115 1935/43/1143
f 1937/15/957 1938/19/960 1942/16/958
f 1939/18/959 1943/21/962 1942/16/958
f 1940/20/961 1944/47/1165 1943/21/962
f 1945/30/963 1946/34/1144 1950/31/964
f 1947/33/965 1951/36/968 1950/31/964
f 1948/35/967 1952/44/1117 1951/36/968
f 1954/8/969 1958/12/973 1957/9/970
f 1955/11/972 1959/14/975 1958/12/973
f 1956/22/974 1960/13/1118 1959/14/975
f 1961/23/976 1962/27/1146 1966/24/977
f 1963/26/1145 1967/29/1147 1966/24/977
f 1963/26/1145 1964/28/1119 1968/45/980
f 1969/15/982 1970/19/985 1974/16/983
f 1971/18/984 1975/21/987 1974/16/983
f 1972/20/986 1976/47/986 1975/21/987
f 1977/10/988 1978/8/991 1982/12/989
f 1978/8/991 1979/11/994 1983/14/992
f 1980/22/993 1984/13/1120 1983/14/992
f 1985/23/997 1986/27/999 1990/24/996
f 1987/26/1148 1991/29/1001 1990/24/996
f 1987/26/1148 1988/28/1166 1992/45/1000
f 1993/10/1002 1994/8/1006 1998/12/1003
f 1995/11/1005 1999/14/1008 1998/12/1003
f 1996/22/1007 2000/13/1007 1999/14/1008
f 2001/30/1009 2002/34/1012 2006/31/1010
f 2003/33/1011 2007/36/1014 2006/31/1010
f 2004/35/1013 2008/44/1013 2007/36/1014
f 2009/15/1015 2010/19/1018 2014/16/1016
f 2011/18/1149 2015/21/1020 2014/16/1016
f 2012/20/1019 2016/47/1167 2015/21/1020
f 2017/37/1021 2018/41/1150 2022/38/1022
f 2019/40/1023 2023/43/1026 2022/38/1022
f 2020/42/1025 2024/48/1025 2023/43/1026
f 2025/1/1027 2026/5/1151 2030/2/1028
f 2027/4/1029 2031/7/1032 2030/2/1028
f 2028/6/1031 2032/46/1031 2031/7/1032
f 2033/15/1033 2034/19/1036 2038/16/1034
f 2035/18/1035 2039/21/1038 2038/16/1034
f 2036/20/1037 2040/47/1168 2039/21/1038
f 2041/10/1152 2042/8/1042 2046/12/1153
f 2042/8/1042 2043/11/1045 2047/14/1043
f 2044/22/1044 2048/13/1124 2047/14/1043
f 2049/23/1046 2050/27/1050 2054/24/1047
f 2051/26/1049 2055/29/1052 2054/24/1047
f 2052/28/1051 2056/45/1125 2055/29/1052
f 2057/10/1053 2058/8/1056 2062/12/1154
f 2059/11/1055 2063/14/1058 2062/12/1154
f 2060/22/1057 2064/13/1126 2063/14/1058
f 2065/30/1059 2066/34/1062 2070/31/1155
f 2067/33/1156 2071/36/1064 2070/31/1155
f 2068/35/1063 2072/44/1063 2071/36/1064
f 2073/1/1065 2074/5/1069 2078/2/1157
f 2075/4/1068 2079/7/1158 2078/2/1157
f 2076/6/1070 2080/46/1070 2079/7/1158
f 2081/37/1072 2082/41/1075 2086/38/1073
f 2083/40/1074 2087/43/1159 2086/38/1073
f 2084/42/1076 2088/48/1169 2087/43/1159
f 2089/15/1078 2090/19/1081 2094/16/1079
f 2091/18/1080 2095/21/1083 2094/16/1079
f 2092/20/1082 2096/47/1170 2095/21/1083
f 2097/30/1084 2098/34/1087 2102/31/1160
f 2099/33/1086 2103/36/1089 2102/31/1160
f 2100/35/1088 2104/44/1088 2103/36/1089
f 2105/1/1161 2106/5/1093 2110/2/1091
f 2107/4/1092 2111/7/1095 2110/2/1091
f 2108/6/1094 2112/46/1094 2111/7/1095
f 2113/37/1096 2114/41/1099 2118/38/1097
f 2115/40/1162 2119/43/1163 2118/38/1097
f 2116/42/1100 2120/48/1100 2119/43/1163
f 2121/1/769 2126/2/770 2125/3/769
f 2123/4/771 2126/2/770 2122/5/772
f 2124/6/773 2127/7/774 2123/4/771
f 2130/8/775 2133/9/776 2129/10/1171
f 2131/11/777 2134/12/778 2130/8/775
f 2131/11/777 2136/13/779 2135/14/780
f 2137/15/1129 2142/16/782 2141/17/1129
f 2139/18/783 2142/16/782 2138/19/784
f 2140/20/785 2143/21/786 2139/18/783
f 2145/10/1172 2150/12/788 2149/9/1172
f 2147/11/789 2150/12/788 2146/8/790
f 2148/22/791 2151/14/792 2147/11/789
f 2153/23/793 2158/24/794 2157/25/795
f 2155/26/796 2158/24/794 2154/27/797
f 2156/28/1130 2159/29/799 2155/26/796
f 2161/10/800 2166/12/801 2165/9/800
f 2162/8/802 2167/14/1131 2166/12/801
f 2164/22/804 2167/14/1131 2163/11/805
f 2169/30/806 2174/31/807 2173/32/806
f 2171/33/808 2174/31/807 2170/34/1132
f 2172/35/810 2175/36/811 2171/33/808
f 2177/15/812 2182/16/813 2181/17/812
f 2179/18/814 2182/16/813 2178/19/815
f 2180/20/816 2183/21/817 2179/18/814
f 2185/37/818 2190/38/1173 2189/39/818
f 2187/40/820 2190/38/1173 2186/41/1134
f 2188/42/822 2191/43/823 2187/40/820
f 2194/34/824 2197/32/825 2193/30/826
f 2195/33/827 2198/31/828 2194/34/824
f 2195/33/827 2200/44/829 2199/36/830
f 2201/10/831 2206/12/832 2205/9/831
f 2203/11/833 2206/12/832 2202/8/834
f 2204/22/835 2207/14/1174 2203/11/833
f 2209/23/837 2214/24/838 2213/25/837
f 2211/26/839 2214/24/838 2210/27/840
f 2211/26/839 2216/45/841 2215/29/842
f 2218/19/843 2221/17/844 2217/15/844
f 2219/18/845 2222/16/846 2218/19/843
f 2220/20/847 2223/21/1175 2219/18/845
f 2225/10/849 2230/12/850 2229/9/851
f 2226/8/1176 2231/14/853 2230/12/850
f 2227/11/854 2232/13/855 2231/14/853
f 2233/23/856 2238/24/1177 2237/25/858
f 2235/26/859 2238/24/1177 2234/27/860
f 2236/28/861 2239/29/862 2235/26/859
f 2241/10/863 2246/12/864 2245/9/865
f 2243/11/866 2246/12/864 2242/8/867
f 2244/22/868 2247/14/869 2243/11/866
f 2249/30/870 2254/31/871 2253/32/870
f 2251/33/872 2254/31/871 2250/34/873
f 2252/35/874 2255/36/875 2251/33/872
f 2257/15/876 2262/16/877 2261/17/876
f 2259/18/878 2262/16/877 2258/19/879
f 2260/20/880 2263/21/881 2259/18/878
f 2265/37/882 2270/38/883 2269/39/882
f 2267/40/884 2270/38/883 2266/41/885
f 2268/42/886 2271/43/1178 2267/40/884
f 2273/1/888 2278/2/889 2277/3/888
f 2275/4/890 2278/2/889 2274/5/891
f 2275/4/890 2280/46/892 2279/7/893
f 2281/1/894 2286/2/895 2285/3/894
f 2283/4/897 2286/2/895 2282/5/1179
f 2284/6/899 2287/7/900 2283/4/897
f 2289/23/901 2294/24/902 2293/25/901
f 2291/26/903 2294/24/902 2290/27/904
f 2291/26/903 2296/45/905 2295/29/906
f 2297/10/907 2302/12/908 2301/9/907
f 2298/8/909 2303/14/910 2302/12/908
f 2300/22/911 2303/14/910 2299/11/912
f 2305/30/913 2310/31/914 2309/32/913
f 2306/34/915 2311/36/916 2310/31/914
f 2308/35/917 2311/36/916 2307/33/918
f 2313/10/919 2318/12/920 2317/9/919
f 2315/11/921 2318/12/920 2314/8/922
f 2316/22/923 2319/14/924 2315/11/921
f 2322/19/925 2325/17/926 2321/15/926
f 2323/18/927 2326/16/928 2322/19/925
f 2324/20/929 2327/21/930 2323/18/927
f 2329/1/931 2334/2/932 2333/3/931
f 2331/4/933 2334/2/932 2330/5/934
f 2332/6/935 2335/7/1180 2331/4/933
f 2338/8/937 2341/9/938 2337/10/939
f 2339/11/940 2342/12/941 2338/8/937
f 2340/22/1181 2343/14/943 2339/11/940
f 2346/19/944 2349/17/945 2345/15/945
f 2347/18/946 2350/16/947 2346/19/944
f 2348/20/948 2351/21/1141 2347/18/946
f 2354/41/950 2357/39/951 2353/37/952
f 2355/40/1142 2358/38/1182 2354/41/950
f 2356/42/955 2359/43/956 2355/40/1142
f 2361/15/957 2366/16/958 2365/17/957
f 2363/18/959 2366/16/958 2362/19/960
f 2364/20/961 2367/21/962 2363/18/959
f 2369/30/963 2374/31/964 2373/32/963
f 2371/33/965 2374/31/964 2370/34/966
f 2372/35/967 2375/36/968 2371/33/965
f 2378/8/969 2381/9/970 2377/10/971
f 2379/11/972 2382/12/973 2378/8/969
f 2380/22/974 2383/14/975 2379/11/972
f 2385/23/976 2390/24/977 2389/25/976
f 2387/26/1145 2390/24/977 2386/27/1146
f 2387/26/1145 2392/45/980 2391/29/981
f 2393/15/982 2398/16/983 2397/17/982
f 2395/18/984 2398/16/983 2394/19/985
f 2396/20/986 2399/21/1183 2395/18/984
f 2401/10/988 2406/12/989 2405/9/990
f 2402/8/991 2407/14/992 2406/12/989
f 2404/22/993 2407/14/992 2403/11/994
f 2409/23/995 2414/24/996 2413/25/995
f 2411/26/1148 2414/24/996 2410/27/999
f 2411/26/1148 2416/45/1000 2415/29/1001
f 2417/10/1002 2422/12/1003 2421/9/1004
f 2419/11/1005 2422/12/1003 2418/8/1006
f 2420/22/1184 2423/14/1008 2419/11/1005
f 2425/30/1009 2430/31/1010 2429/32/1009
f 2427/33/1011 2430/31/1010 2426/34/1012
f 2428/35/1013 2431/36/1014 2427/33/1011
f 2433/15/1015 2438/16/1016 2437/17/1015
f 2435/18/1017 2438/16/1016 2434/19/1018
f 2436/20/1019 2439/21/1020 2435/18/1017
f 2441/37/1021 2446/38/1022 2445/39/1021
f 2443/40/1023 2446/38/1022 2442/41/1024
f 2444/42/1025 2447/43/1026 2443/40/1023
f 2449/1/1027 2454/2/1028 2453/3/1027
f 2451/4/1029 2454/2/1028 2450/5/1030
f 2452/6/1031 2455/7/1032 2451/4/1029
f 2457/15/1033 2462/16/1034 2461/17/1033
f 2459/18/1035 2462/16/1034 2458/19/1036
f 2460/20/1037 2463/21/1038 2459/18/1035
f 2465/10/1039 2470/12/1040 2469/9/1041
f 2466/8/1042 2471/14/1043 2470/12/1040
f 2468/22/1044 2471/14/1043 2467/11/1045
f 2473/23/1046 2478/24/1047 2477/25/1048
f 2475/26/1049 2478/24/1047 2474/27/1050
f 2476/28/1051 2479/29/1052 2475/26/1049
f 2481/10/1053 2486/12/1054 2485/9/1053
f 2483/11/1055 2486/12/1054 2482/8/1056
f 2484/22/1057 2487/14/1058 2483/11/1055
f 2489/30/1059 2494/31/1185 2493/32/1059
f 2491/33/1156 2494/31/1185 2490/34/1062
f 2492/35/1063 2495/36/1064 2491/33/1156
f 2497/1/1065 2502/2/1066 2501/3/1065
f 2499/4/1068 2502/2/1066 2498/5/1069
f 2500/6/1127 2503/7/1158 2499/4/1068
f 2505/37/1072 2510/38/1073 2509/39/1072
f 2507/40/1074 2510/38/1073 2506/41/1186
f 2508/42/1076 2511/43/1159 2507/40/1074
f 2513/15/1078 2518/16/1079 2517/17/1078
f 2515/18/1080 2518/16/1079 2514/19/1081
f 2516/20/1082 2519/21/1083 2515/18/1080
f 2521/30/1084 2526/31/1187 2525/32/1084
f 2523/33/1086 2526/31/1187 2522/34/1087
f 2524/35/1088 2527/36/1089 2523/33/1086
f 2529/1/1161 2534/2/1091 2533/3/1161
f 2531/4/1092 2534/2/1091 2530/5/1093
f 2532/6/1094 2535/7/1095 2531/4/1092
f 2537/37/1096 2542/38/1097 2541/39/1096
f 2539/40/1188 2542/38/1097 2538/41/1099
f 2540/42/1100 2543/43/1189 2539/40/1188
f 2121/1/769 2122/5/772 2126/2/770
f 2123/4/771 2127/7/774 2126/2/770
f 2124/6/773 2128/46/773 2127/7/774
f 2130/8/775 2134/12/778 2133/9/776
f 2131/11/777 2135/14/780 2134/12/778
f 2131/11/777 2132/22/779 2136/13/779
f 2137/15/1129 2138/19/784 2142/16/782
f 2139/18/783 2143/21/786 2142/16/782
f 2140/20/785 2144/47/1102 2143/21/786
f 2145/10/1172 2146/8/790 2150/12/788
f 2147/11/789 2151/14/792 2150/12/788
f 2148/22/791 2152/13/791 2151/14/792
f 2153/23/793 2154/27/797 2158/24/794
f 2155/26/796 2159/29/799 2158/24/794
f 2156/28/1130 2160/45/1103 2159/29/799
f 2161/10/800 2162/8/802 2166/12/801
f 2162/8/802 2163/11/805 2167/14/1131
f 2164/22/804 2168/13/804 2167/14/1131
f 2169/30/806 2170/34/1132 2174/31/807
f 2171/33/808 2175/36/811 2174/31/807
f 2172/35/810 2176/44/810 2175/36/811
f 2177/15/812 2178/19/815 2182/16/813
f 2179/18/814 2183/21/817 2182/16/813
f 2180/20/816 2184/47/1104 2183/21/817
f 2185/37/818 2186/41/1134 2190/38/1173
f 2187/40/820 2191/43/823 2190/38/1173
f 2188/42/822 2192/48/822 2191/43/823
f 2194/34/824 2198/31/828 2197/32/825
f 2195/33/827 2199/36/830 2198/31/828
f 2195/33/827 2196/35/1164 2200/44/829
f 2201/10/831 2202/8/834 2206/12/832
f 2203/11/833 2207/14/1174 2206/12/832
f 2204/22/835 2208/13/1106 2207/14/1174
f 2209/23/837 2210/27/840 2214/24/838
f 2211/26/839 2215/29/842 2214/24/838
f 2211/26/839 2212/28/1107 2216/45/841
f 2218/19/843 2222/16/846 2221/17/844
f 2219/18/845 2223/21/1175 2222/16/846
f 2220/20/847 2224/47/847 2223/21/1175
f 2225/10/849 2226/8/1176 2230/12/850
f 2226/8/1176 2227/11/854 2231/14/853
f 2227/11/854 2228/22/1108 2232/13/855
f 2233/23/856 2234/27/860 2238/24/1177
f 2235/26/859 2239/29/862 2238/24/1177
f 2236/28/861 2240/45/1109 2239/29/862
f 2241/10/863 2242/8/867 2246/12/864
f 2243/11/866 2247/14/869 2246/12/864
f 2244/22/868 2248/13/868 2247/14/869
f 2249/30/870 2250/34/873 2254/31/871
f 2251/33/872 2255/36/875 2254/31/871
f 2252/35/874 2256/44/874 2255/36/875
f 2257/15/876 2258/19/879 2262/16/877
f 2259/18/878 2263/21/881 2262/16/877
f 2260/20/880 2264/47/880 2263/21/881
f 2265/37/882 2266/41/885 2270/38/883
f 2267/40/884 2271/43/1178 2270/38/883
f 2268/42/886 2272/48/886 2271/43/1178
f 2273/1/888 2274/5/891 2278/2/889
f 2275/4/890 2279/7/893 2278/2/889
f 2275/4/890 2276/6/1110 2280/46/892
f 2281/1/894 2282/5/1179 2286/2/895
f 2283/4/897 2287/7/900 2286/2/895
f 2284/6/899 2288/46/899 2287/7/900
f 2289/23/901 2290/27/904 2294/24/902
f 2291/26/903 2295/29/906 2294/24/902
f 2291/26/903 2292/28/905 2296/45/905
f 2297/10/907 2298/8/909 2302/12/908
f 2298/8/909 2299/11/912 2303/14/910
f 2300/22/911 2304/13/1111 2303/14/910
f 2305/30/913 2306/34/915 2310/31/914
f 2306/34/915 2307/33/918 2311/36/916
f 2308/35/917 2312/44/1112 2311/36/916
f 2313/10/919 2314/8/922 2318/12/920
f 2315/11/921 2319/14/924 2318/12/920
f 2316/22/923 2320/13/923 2319/14/924
f 2322/19/925 2326/16/928 2325/17/926
f 2323/18/927 2327/21/930 2326/16/928
f 2324/20/929 2328/47/1113 2327/21/930
f 2329/1/931 2330/5/934 2334/2/932
f 2331/4/933 2335/7/1180 2334/2/932
f 2332/6/935 2336/46/935 2335/7/1180
f 2338/8/937 2342/12/941 2341/9/938
f 2339/11/940 2343/14/943 2342/12/941
f 2340/22/1181 2344/13/1114 2343/14/943
f 2346/19/944 2350/16/947 2349/17/945
f 2347/18/946 2351/21/1141 2350/16/947
f 2348/20/948 2352/47/948 2351/21/1141
f 2354/41/950 2358/38/1182 2357/39/951
f 2355/40/1142 2359/43/956 2358/38/1182
f 2356/42/955 2360/48/1115 2359/43/956
f 2361/15/957 2362/19/960 2366/16/958
f 2363/18/959 2367/21/962 2366/16/958
f 2364/20/961 2368/47/1165 2367/21/962
f 2369/30/963 2370/34/966 2374/31/964
f 2371/33/965 2375/36/968 2374/31/964
f 2372/35/967 2376/44/1117 2375/36/968
f 2378/8/969 2382/12/973 2381/9/970
f 2379/11/972 2383/14/975 2382/12/973
f 2380/22/974 2384/13/1118 2383/14/975
f 2385/23/976 2386/27/1146 2390/24/977
f 2387/26/1145 2391/29/981 2390/24/977
f 2387/26/1145 2388/28/1119 2392/45/980
f 2393/15/982 2394/19/985 2398/16/983
f 2395/18/984 2399/21/1183 2398/16/983
f 2396/20/986 2400/47/986 2399/21/1183
f 2401/10/988 2402/8/991 2406/12/989
f 2402/8/991 2403/11/994 2407/14/992
f 2404/22/993 2408/13/1120 2407/14/992
f 2409/23/995 2410/27/999 2414/24/996
f 2411/26/1148 2415/29/1001 2414/24/996
f 2411/26/1148 2412/28/1121 2416/45/1000
f 2417/10/1002 2418/8/1006 2422/12/1003
f 2419/11/1005 2423/14/1008 2422/12/1003
f 2420/22/1184 2424/13/1184 2423/14/1008
f 2425/30/1009 2426/34/1012 2430/31/1010
f 2427/33/1011 2431/36/1014 2430/31/1010
f 2428/35/1013 2432/44/1013 2431/36/1014
f 2433/15/1015 2434/19/1018 2438/16/1016
f 2435/18/1017 2439/21/1020 2438/16/1016
f 2436/20/1019 2440/47/1122 2439/21/1020
f 2441/37/1021 2442/41/1024 2446/38/1022
f 2443/40/1023 2447/43/1026 2446/38/1022
f 2444/42/1025 2448/48/1025 2447/43/1026
f 2449/1/1027 2450/5/1030 2454/2/1028
f 2451/4/1029 2455/7/1032 2454/2/1028
f 2452/6/1031 2456/46/1031 2455/7/1032
f 2457/15/1033 2458/19/1036 2462/16/1034
f 2459/18/1035 2463/21/1038 2462/16/1034
f 2460/20/1037 2464/47/1168 2463/21/1038
f 2465/10/1039 2466/8/1042 2470/12/1040
f 2466/8/1042 2467/11/1045 2471/14/1043
f 2468/22/1044 2472/13/1124 2471/14/1043
f 2473/23/1046 2474/27/1050 2478/24/1047
f 2475/26/1049 2479/29/1052 2478/24/1047
f 2476/28/1051 2480/45/1125 2479/29/1052
f 2481/10/1053 2482/8/1056 2486/12/1054
f 2483/11/1055 2487/14/1058 2486/12/1054
f 2484/22/1057 2488/13/1126 2487/14/1058
f 2489/30/1059 2490/34/1062 2494/31/1185
f 2491/33/1156 2495/36/1064 2494/31/1185
f 2492/35/1063 2496/44/1063 2495/36/1064
f 2497/1/1065 2498/5/1069 2502/2/1066
f 2499/4/1068 2503/7/1158 2502/2/1066
f 2500/6/1127 2504/46/1127 2503/7/1158
f 2505/37/1072 2506/41/1186 2510/38/1073
f 2507/40/1074 2511/43/1159 2510/38/1073
f 2508/42/1076 2512/48/1128 2511/43/1159
f 2513/15/1078 2514/19/1081 2518/16/1079
f 2515/18/1080 2519/21/1083 2518/16/1079
f 2516/20/1082 2520/47/1082 2519/21/1083
f 2521/30/1084 2522/34/1087 2526/31/1187
f 2523/33/1086 2527/36/1089 2526/31/1187
f 2524/35/1088 2528/44/1088 2527/36/1089
f 2529/1/1161 2530/5/1093 2534/2/1091
f 2531/4/1092 2535/7/1095 2534/2/1091
f 2532/6/1094 2536/46/1094 2535/7/1095
f 2537/37/1096 2538/41/1099 2542/38/1097
f 2539/40/1188 2543/43/1189 2542/38/1097
f 2540/42/1100 2544/48/1100 2543/43/1189
f 2545/1/769 2550/2/770 2549/3/769
f 2547/4/771 2550/2/770 2546/5/772
f 2548/6/773 2551/7/774 2547/4/771
f 2554/8/775 2557/9/776 2553/10/776
f 2555/11/777 2558/12/1190 2554/8/775
f 2555/11/777 2560/13/779 2559/14/780
f 2561/15/1129 2566/16/782 2565/17/1129
f 2563/18/783 2566/16/782 2562/19/784
f 2564/20/785 2567/21/786 2563/18/783
f 2569/10/1172 2574/12/788 2573/9/1172
f 2571/11/789 2574/12/788 2570/8/790
f 2572/22/791 2575/14/792 2571/11/789
f 2577/23/793 2582/24/794 2581/25/795
f 2579/26/796 2582/24/794 2578/27/797
f 2580/28/1130 2583/29/799 2579/26/796
f 2585/10/800 2590/12/801 2589/9/800
f 2586/8/802 2591/14/803 2590/12/801
f 2588/22/804 2591/14/803 2587/11/805
f 2593/30/806 2598/31/807 2597/32/806
f 2595/33/808 2598/31/807 2594/34/1132
f 2596/35/810 2599/36/811 2595/33/808
f 2601/15/812 2606/16/813 2605/17/812
f 2603/18/814 2606/16/813 2602/19/815
f 2604/20/816 2607/21/817 2603/18/814
f 2609/37/818 2614/38/1173 2613/39/818
f 2611/40/820 2614/38/1173 2610/41/1134
f 2612/42/822 2615/43/1191 2611/40/820
f 2618/34/824 2621/32/825 2617/30/826
f 2619/33/827 2622/31/828 2618/34/824
f 2619/33/827 2624/44/829 2623/36/830
f 2625/10/831 2630/12/832 2629/9/831
f 2627/11/833 2630/12/832 2626/8/834
f 2628/22/835 2631/14/1174 2627/11/833
f 2633/23/837 2638/24/838 2637/25/837
f 2635/26/839 2638/24/838 2634/27/840
f 2635/26/839 2640/45/841 2639/29/842
f 2642/19/843 2645/17/1192 2641/15/844
f 2643/18/1136 2646/16/846 2642/19/843
f 2644/20/847 2647/21/848 2643/18/1136
f 2649/10/849 2654/12/850 2653/9/851
f 2650/8/852 2655/14/853 2654/12/850
f 2651/11/854 2656/13/855 2655/14/853
f 2657/23/856 2662/24/1177 2661/25/858
f 2659/26/859 2662/24/1177 2658/27/860
f 2660/28/861 2663/29/862 2659/26/859
f 2665/10/863 2670/12/864 2669/9/865
f 2667/11/866 2670/12/864 2666/8/867
f 2668/22/868 2671/14/869 2667/11/866
f 2673/30/870 2678/31/871 2677/32/870
f 2675/33/872 2678/31/871 2674/34/873
f 2676/35/1193 2679/36/875 2675/33/872
f 2681/15/876 2686/16/877 2685/17/876
f 2683/18/878 2686/16/877 2682/19/879
f 2684/20/880 2687/21/881 2683/18/878
f 2689/37/882 2694/38/883 2693/39/882
f 2691/40/884 2694/38/883 2690/41/885
f 2692/42/886 2695/43/1178 2691/40/884
f 2697/1/888 2702/2/889 2701/3/888
f 2699/4/890 2702/2/889 2698/5/891
f 2699/4/890 2704/46/892 2703/7/893
f 2705/1/894 2710/2/895 2709/3/894
f 2707/4/897 2710/2/895 2706/5/1179
f 2708/6/899 2711/7/900 2707/4/897
f 2713/23/901 2718/24/902 2717/25/901
f 2715/26/903 2718/24/902 2714/27/904
f 2715/26/903 2720/45/905 2719/29/906
f 2721/10/907 2726/12/908 2725/9/907
f 2722/8/909 2727/14/910 2726/12/908
f 2724/22/911 2727/14/910 2723/11/912
f 2729/30/913 2734/31/914 2733/32/913
f 2730/34/915 2735/36/916 2734/31/914
f 2732/35/917 2735/36/916 2731/33/918
f 2737/10/919 2742/12/920 2741/9/919
f 2739/11/921 2742/12/920 2738/8/922
f 2740/22/923 2743/14/924 2739/11/921
f 2746/19/925 2749/17/926 2745/15/926
f 2747/18/927 2750/16/928 2746/19/925
f 2748/20/929 2751/21/930 2747/18/927
f 2753/1/931 2758/2/932 2757/3/931
f 2755/4/933 2758/2/932 2754/5/934
f 2756/6/935 2759/7/936 2755/4/933
f 2762/8/937 2765/9/938 2761/10/939
f 2763/11/1194 2766/12/941 2762/8/937
f 2764/22/942 2767/14/943 2763/11/1194
f 2770/19/944 2773/17/945 2769/15/945
f 2771/18/946 2774/16/947 2770/19/944
f 2772/20/948 2775/21/1141 2771/18/946
f 2778/41/950 2781/39/951 2777/37/952
f 2779/40/1142 2782/38/954 2778/41/950
f 2780/42/955 2783/43/956 2779/40/1142
f 2785/15/957 2790/16/958 2789/17/957
f 2787/18/959 2790/16/958 2786/19/960
f 2788/20/961 2791/21/962 2787/18/959
f 2793/30/963 2798/31/964 2797/32/963
f 2795/33/965 2798/31/964 2794/34/1195
f 2796/35/967 2799/36/968 2795/33/965
f 2802/8/969 2805/9/970 2801/10/971
f 2803/11/972 2806/12/973 2802/8/969
f 2804/22/974 2807/14/975 2803/11/972
f 2809/23/976 2814/24/977 2813/25/976
f 2811/26/1145 2814/24/977 2810/27/979
f 2811/26/1145 2816/45/980 2815/29/981
f 2817/15/982 2822/16/983 2821/17/982
f 2819/18/984 2822/16/983 2818/19/985
f 2820/20/986 2823/21/1183 2819/18/984
f 2825/10/988 2830/12/989 2829/9/990
f 2826/8/991 2831/14/992 2830/12/989
f 2828/22/993 2831/14/992 2827/11/994
f 2833/23/995 2838/24/996 2837/25/997
f 2835/26/1148 2838/24/996 2834/27/999
f 2835/26/1148 2840/45/1000 2839/29/1001
f 2841/10/1002 2846/12/1003 2845/9/1004
f 2843/11/1005 2846/12/1003 2842/8/1196
f 2844/22/1184 2847/14/1008 2843/11/1005
f 2849/30/1009 2854/31/1010 2853/32/1009
f 2851/33/1011 2854/31/1010 2850/34/1012
f 2852/35/1013 2855/36/1014 2851/33/1011
f 2857/15/1015 2862/16/1016 2861/17/1015
f 2859/18/1149 2862/16/1016 2858/19/1018
f 2860/20/1019 2863/21/1020 2859/18/1149
f 2865/37/1021 2870/38/1022 2869/39/1021
f 2867/40/1023 2870/38/1022 2866/41/1024
f 2868/42/1025 2871/43/1026 2867/40/1023
f 2873/1/1027 2878/2/1028 2877/3/1027
f 2875/4/1029 2878/2/1028 2874/5/1030
f 2876/6/1031 2879/7/1032 2875/4/1029
f 2881/15/1033 2886/16/1034 2885/17/1033
f 2883/18/1035 2886/16/1034 2882/19/1036
f 2884/20/1037 2887/21/1038 2883/18/1035
f 2889/10/1197 2894/12/1153 2893/9/1041
f 2890/8/1042 2895/14/1043 2894/12/1153
f 2892/22/1044 2895/14/1043 2891/11/1045
f 2897/23/1046 2902/24/1047 2901/25/1048
f 2899/26/1049 2902/24/1047 2898/27/1050
f 2900/28/1051 2903/29/1052 2899/26/1049
f 2905/10/1053 2910/12/1154 2909/9/1053
f 2907/11/1055 2910/12/1154 2906/8/1056
f 2908/22/1057 2911/14/1058 2907/11/1055
f 2913/30/1059 2918/31/1185 2917/32/1059
f 2915/33/1061 2918/31/1185 2914/34/1062
f 2916/35/1063 2919/36/1064 2915/33/1061
f 2921/1/1067 2926/2/1066 2925/3/1067
f 2923/4/1068 2926/2/1066 2922/5/1069
f 2924/6/1127 2927/7/1158 2923/4/1068
f 2929/37/1072 2934/38/1198 2933/39/1072
f 2931/40/1074 2934/38/1198 2930/41/1186
f 2932/42/1076 2935/43/1159 2931/40/1074
f 2937/15/1078 2942/16/1079 2941/17/1078
f 2939/18/1080 2942/16/1079 2938/19/1081
f 2940/20/1082 2943/21/1083 2939/18/1080
f 2945/30/1084 2950/31/1187 2949/32/1084
f 2947/33/1086 2950/31/1187 2946/34/1087
f 2948/35/1088 2951/36/1089 2947/33/1086
f 2953/1/1161 2958/2/1091 2957/3/1161
f 2955/4/1092 2958/2/1091 2954/5/1199
f 2956/6/1094 2959/7/1095 2955/4/1092
f 2961/37/1096 2966/38/1097 2965/39/1096
f 2963/40/1098 2966/38/1097 2962/41/1099
f 2964/42/1100 2967/43/1200 2963/40/1098
f 2545/1/769 2546/5/772 2550/2/770
f 2547/4/771 2551/7/774 2550/2/770
f 2548/6/773 2552/46/773 2551/7/774
f 2554/8/775 2558/12/1190 2557/9/776
f 2555/11/777 2559/14/780 2558/12/1190
f 2555/11/777 2556/22/779 2560/13/779
f 2561/15/1129 2562/19/784 2566/16/782
f 2563/18/783 2567/21/786 2566/16/782
f 2564/20/785 2568/47/1102 2567/21/786
f 2569/10/1172 2570/8/790 2574/12/788
f 2571/11/789 2575/14/792 2574/12/788
f 2572/22/791 2576/13/791 2575/14/792
f 2577/23/793 2578/27/797 2582/24/794
f 2579/26/796 2583/29/799 2582/24/794
f 2580/28/1130 2584/45/1103 2583/29/799
f 2585/10/800 2586/8/802 2590/12/801
f 2586/8/802 2587/11/805 2591/14/803
f 2588/22/804 2592/13/804 2591/14/803
f 2593/30/806 2594/34/1132 2598/31/807
f 2595/33/808 2599/36/811 2598/31/807
f 2596/35/810 2600/44/810 2599/36/811
f 2601/15/812 2602/19/815 2606/16/813
f 2603/18/814 2607/21/817 2606/16/813
f 2604/20/816 2608/47/1104 2607/21/817
f 2609/37/818 2610/41/1134 2614/38/1173
f 2611/40/820 2615/43/1191 2614/38/1173
f 2612/42/822 2616/48/822 2615/43/1191
f 2618/34/824 2622/31/828 2621/32/825
f 2619/33/827 2623/36/830 2622/31/828
f 2619/33/827 2620/35/1164 2624/44/829
f 2625/10/831 2626/8/834 2630/12/832
f 2627/11/833 2631/14/1174 2630/12/832
f 2628/22/835 2632/13/1106 2631/14/1174
f 2633/23/837 2634/27/840 2638/24/838
f 2635/26/839 2639/29/842 2638/24/838
f 2635/26/839 2636/28/1107 2640/45/841
f 2642/19/843 2646/16/846 2645/17/1192
f 2643/18/1136 2647/21/848 2646/16/846
f 2644/20/847 2648/47/847 2647/21/848
f 2649/10/849 2650/8/852 2654/12/850
f 2650/8/852 2651/11/854 2655/14/853
f 2651/11/854 2652/22/1108 2656/13/855
f 2657/23/856 2658/27/860 2662/24/1177
f 2659/26/859 2663/29/862 2662/24/1177
f 2660/28/861 2664/45/1109 2663/29/862
f 2665/10/863 2666/8/867 2670/12/864
f 2667/11/866 2671/14/869 2670/12/864
f 2668/22/868 2672/13/868 2671/14/869
f 2673/30/870 2674/34/873 2678/31/871
f 2675/33/872 2679/36/875 2678/31/871
f 2676/35/1193 2680/44/1193 2679/36/875
f 2681/15/876 2682/19/879 2686/16/877
f 2683/18/878 2687/21/881 2686/16/877
f 2684/20/880 2688/47/880 2687/21/881
f 2689/37/882 2690/41/885 2694/38/883
f 2691/40/884 2695/43/1178 2694/38/883
f 2692/42/886 2696/48/886 2695/43/1178
f 2697/1/888 2698/5/891 2702/2/889
f 2699/4/890 2703/7/893 2702/2/889
f 2699/4/890 2700/6/1110 2704/46/892
f 2705/1/894 2706/5/1179 2710/2/895
f 2707/4/897 2711/7/900 2710/2/895
f 2708/6/899 2712/46/899 2711/7/900
f 2713/23/901 2714/27/904 2718/24/902
f 2715/26/903 2719/29/906 2718/24/902
f 2715/26/903 2716/28/905 2720/45/905
f 2721/10/907 2722/8/909 2726/12/908
f 2722/8/909 2723/11/912 2727/14/910
f 2724/22/911 2728/13/1111 2727/14/910
f 2729/30/913 2730/34/915 2734/31/914
f 2730/34/915 2731/33/918 2735/36/916
f 2732/35/917 2736/44/1112 2735/36/916
f 2737/10/919 2738/8/922 2742/12/920
f 2739/11/921 2743/14/924 2742/12/920
f 2740/22/923 2744/13/923 2743/14/924
f 2746/19/925 2750/16/928 2749/17/926
f 2747/18/927 2751/21/930 2750/16/928
f 2748/20/929 2752/47/1113 2751/21/930
f 2753/1/931 2754/5/934 2758/2/932
f 2755/4/933 2759/7/936 2758/2/932
f 2756/6/935 2760/46/935 2759/7/936
f 2762/8/937 2766/12/941 2765/9/938
f 2763/11/1194 2767/14/943 2766/12/941
f 2764/22/942 2768/13/1114 2767/14/943
f 2770/19/944 2774/16/947 2773/17/945
f 2771/18/946 2775/21/1141 2774/16/947
f 2772/20/948 2776/47/948 2775/21/1141
f 2778/41/950 2782/38/954 2781/39/951
f 2779/40/1142 2783/43/956 2782/38/954
f 2780/42/955 2784/48/1201 2783/43/956
f 2785/15/957 2786/19/960 2790/16/958
f 2787/18/959 2791/21/962 2790/16/958
f 2788/20/961 2792/47/1165 2791/21/962
f 2793/30/963 2794/34/1195 2798/31/964
f 2795/33/965 2799/36/968 2798/31/964
f 2796/35/967 2800/44/1117 2799/36/968
f 2802/8/969 2806/12/973 2805/9/970
f 2803/11/972 2807/14/975 2806/12/973
f 2804/22/974 2808/13/1118 2807/14/975
f 2809/23/976 2810/27/979 2814/24/977
f 2811/26/1145 2815/29/981 2814/24/977
f 2811/26/1145 2812/28/1119 2816/45/980
f 2817/15/982 2818/19/985 2822/16/983
f 2819/18/984 2823/21/1183 2822/16/983
f 2820/20/986 2824/47/986 2823/21/1183
f 2825/10/988 2826/8/991 2830/12/989
f 2826/8/991 2827/11/994 2831/14/992
f 2828/22/993 2832/13/1120 2831/14/992
f 2833/23/995 2834/27/999 2838/24/996
f 2835/26/1148 2839/29/1001 2838/24/996
f 2835/26/1148 2836/28/1121 2840/45/1000
f 2841/10/1002 2842/8/1196 2846/12/1003
f 2843/11/1005 2847/14/1008 2846/12/1003
f 2844/22/1184 2848/13/1007 2847/14/1008
f 2849/30/1009 2850/34/1012 2854/31/1010
f 2851/33/1011 2855/36/1014 2854/31/1010
f 2852/35/1013 2856/44/1013 2855/36/1014
f 2857/15/1015 2858/19/1018 2862/16/1016
f 2859/18/1149 2863/21/1020 2862/16/1016
f 2860/20/1019 2864/47/1167 2863/21/1020
f 2865/37/1021 2866/41/1024 2870/38/1022
f 2867/40/1023 2871/43/1026 2870/38/1022
f 2868/42/1025 2872/48/1025 2871/43/1026
f 2873/1/1027 2874/5/1030 2878/2/1028
f 2875/4/1029 2879/7/1032 2878/2/1028
f 2876/6/1031 2880/46/1031 2879/7/1032
f 2881/15/1033 2882/19/1036 2886/16/1034
f 2883/18/1035 2887/21/1038 2886/16/1034
f 2884/20/1037 2888/47/1168 2887/21/1038
f 2889/10/1197 2890/8/1042 2894/12/1153
f 2890/8/1042 2891/11/1045 2895/14/1043
f 2892/22/1044 2896/13/1124 2895/14/1043
f 2897/23/1046 2898/27/1050 2902/24/1047
f 2899/26/1049 2903/29/1052 2902/24/1047
f 2900/28/1051 2904/45/1125 2903/29/1052
f 2905/10/1053 2906/8/1056 2910/12/1154
f 2907/11/1055 2911/14/1058 2910/12/1154
f 2908/22/1057 2912/13/1126 2911/14/1058
f 2913/30/1059 2914/34/1062 2918/31/1185
f 2915/33/1061 2919/36/1064 2918/31/1185
f 2916/35/1063 2920/44/1063 2919/36/1064
f 2921/1/1067 2922/5/1069 2926/2/1066
f 2923/4/1068 2927/7/1158 2926/2/1066
f 2924/6/1127 2928/46/1127 2927/7/1158
f 2929/37/1072 2930/41/1186 2934/38/1198
f 2931/40/1074 2935/43/1159 2934/38/1198
f 2932/42/1076 2936/48/1128 2935/43/1159
f 2937/15/1078 2938/19/1081 2942/16/1079
f 2939/18/1080 2943/21/1083 2942/16/1079
f 2940/20/1082 2944/47/1082 2943/21/1083
f 2945/30/1084 2946/34/1087 2950/31/1187
f 2947/33/1086 2951/36/1089 2950/31/1187
f 2948/35/1088 2952/44/1088 2951/36/1089
f 2953/1/1161 2954/5/1199 2958/2/1091
f 2955/4/1092 2959/7/1095 2958/2/1091
f 2956/6/1094 2960/46/1094 2959/7/1095
f 2961/37/1096 2962/41/1099 2966/38/1097
f 2963/40/1098 2967/43/1200 2966/38/1097
f 2964/42/1100 2968/48/1100 2967/43/1200
f 2969/1/1202 2974/2/1203 2973/3/1202
f 2971/4/1204 2974/2/1203 2970/5/1205
f 2972/6/1206 2975/7/1207 2971/4/1204
f 2978/8/1208 2981/9/1209 2977/10/1209
f 2979/11/1210 2982/12/1211 2978/8/1208
f 2979/11/1210 2984/13/1212 2983/14/1213
f 2985/15/1214 2990/16/1215 2989/17/1214
f 2987/18/1216 2990/16/1215 2986/19/1217
f 2988/20/1218 2991/21/1219 2987/18/1216
f 2993/10/1220 2998/12/1221 2997/9/1220
f 2995/11/1222 2998/12/1221 2994/8/1223
f 2996/22/1224 2999/14/1225 2995/11/1222
f 3001/23/1226 3006/24/1227 3005/25/1228
f 3003/26/1229 3006/24/1227 3002/27/1230
f 3004/28/1231 3007/29/1232 3003/26/1229
f 3009/10/1233 3014/12/1234 3013/9/1233
f 3010/8/1235 3015/14/1236 3014/12/1234
f 3012/22/1237 3015/14/1236 3011/11/1238
f 3017/30/1239 3022/31/1240 3021/32/1239
f 3019/33/1241 3022/31/1240 3018/34/1242
f 3020/35/1243 3023/36/1244 3019/33/1241
f 3025/15/1245 3030/16/1246 3029/17/1245
f 3027/18/1247 3030/16/1246 3026/19/1248
f 3028/20/1249 3031/21/1250 3027/18/1247
f 3033/37/1251 3038/38/1252 3037/39/1251
f 3035/40/1253 3038/38/1252 3034/41/1254
f 3036/42/1255 3039/43/1256 3035/40/1253
f 3042/34/1257 3045/32/1258 3041/30/1259
f 3043/33/1260 3046/31/1261 3042/34/1257
f 3043/33/1260 3048/44/1262 3047/36/1263
f 3049/10/1264 3054/12/1265 3053/9/1264
f 3051/11/1266 3054/12/1265 3050/8/1267
f 3052/22/1268 3055/14/1269 3051/11/1266
f 3057/23/1270 3062/24/1271 3061/25/1270
f 3059/26/1272 3062/24/1271 3058/27/1273
f 3059/26/1272 3064/45/1274 3063/29/1275
f 3066/19/1276 3069/17/1277 3065/15/1277
f 3067/18/1278 3070/16/1279 3066/19/1276
f 3068/20/1280 3071/21/1281 3067/18/1278
f 3073/10/1282 3078/12/1283 3077/9/1284
f 3074/8/1285 3079/14/1286 3078/12/1283
f 3075/11/1287 3080/13/1288 3079/14/1286
f 3081/23/1289 3086/24/1290 3085/25/1291
f 3083/26/1292 3086/24/1290 3082/27/1293
f 3084/28/1294 3087/29/1295 3083/26/1292
f 3089/10/1296 3094/12/1297 3093/9/1298
f 3091/11/1299 3094/12/1297 3090/8/1300
f 3092/22/1301 3095/14/1302 3091/11/1299
f 3097/30/1303 3102/31/1304 3101/32/1303
f 3099/33/1305 3102/31/1304 3098/34/1306
f 3100/35/1307 3103/36/1308 3099/33/1305
f 3105/15/1309 3110/16/1310 3109/17/1309
f 3107/18/1311 3110/16/1310 3106/19/1312
f 3108/20/1313 3111/21/1314 3107/18/1311
f 3113/37/1315 3118/38/1316 3117/39/1315
f 3115/40/1317 3118/38/1316 3114/41/1318
f 3116/42/1319 3119/43/1320 3115/40/1317
f 3121/1/1321 3126/2/1322 3125/3/1321
f 3123/4/1323 3126/2/1322 3122/5/1324
f 3123/4/1323 3128/46/1325 3127/7/1326
f 3129/1/1327 3134/2/1328 3133/3/1327
f 3131/4/1329 3134/2/1328 3130/5/1330
f 3132/6/1331 3135/7/1332 3131/4/1329
f 3137/23/1333 3142/24/1334 3141/25/1333
f 3139/26/1335 3142/24/1334 3138/27/1336
f 3139/26/1335 3144/45/1337 3143/29/1338
f 3145/10/1339 3150/12/1340 3149/9/1339
f 3146/8/1341 3151/14/1342 3150/12/1340
f 3148/22/1343 3151/14/1342 3147/11/1344
f 3153/30/1345 3158/31/1346 3157/32/1345
f 3154/34/1347 3159/36/1348 3158/31/1346
f 3156/35/1349 3159/36/1348 3155/33/1350
f 3161/10/1351 3166/12/1352 3165/9/1353
f 3163/11/1354 3166/12/1352 3162/8/1355
f 3164/22/1356 3167/14/1357 3163/11/1354
f 3170/19/1358 3173/17/1359 3169/15/1359
f 3171/18/1360 3174/16/1361 3170/19/1358
f 3172/20/1362 3175/21/1363 3171/18/1360
f 3177/1/1364 3182/2/1365 3181/3/1364
f 3179/4/1366 3182/2/1365 3178/5/1367
f 3180/6/1368 3183/7/1369 3179/4/1366
f 3186/8/1370 3189/9/1371 3185/10/1372
f 3187/11/1373 3190/12/1374 3186/8/1370
f 3188/22/1375 3191/14/1376 3187/11/1373
f 3194/19/1377 3197/17/1378 3193/15/1378
f 3195/18/1379 3198/16/1380 3194/19/1377
f 3196/20/1381 3199/21/1382 3195/18/1379
f 3202/41/1383 3205/39/1384 3201/37/1385
f 3203/40/1386 3206/38/1387 3202/41/1383
f 3204/42/1388 3207/43/1389 3203/40/1386
f 3209/15/1390 3214/16/1391 3213/17/1390
f 3211/18/1392 3214/16/1391 3210/19/1393
f 3212/20/1394 3215/21/1395 3211/18/1392
f 3217/30/1396 3222/31/1397 3221/32/1396
f 3219/33/1398 3222/31/1397 3218/34/1399
f 3220/35/1400 3223/36/1401 3219/33/1398
f 3226/8/1402 3229/9/1403 3225/10/1404
f 3227/11/1405 3230/12/1406 3226/8/1402
f 3228/22/1407 3231/14/1408 3227/11/1405
f 3233/23/1409 3238/24/1410 3237/25/1409
f 3235/26/1411 3238/24/1410 3234/27/1412
f 3235/26/1411 3240/45/1413 3239/29/1414
f 3241/15/1415 3246/16/1416 3245/17/1415
f 3243/18/1417 3246/16/1416 3242/19/1418
f 3244/20/1419 3247/21/1420 3243/18/1417
f 3249/10/1421 3254/12/1422 3253/9/1423
f 3250/8/1424 3255/14/1425 3254/12/1422
f 3252/22/1426 3255/14/1425 3251/11/1427
f 3257/23/1428 3262/24/1429 3261/25/1428
f 3259/26/1430 3262/24/1429 3258/27/1431
f 3259/26/1430 3264/45/1432 3263/29/1433
f 3265/10/1434 3270/12/1435 3269/9/1436
f 3267/11/1437 3270/12/1435 3266/8/1438
f 3268/22/1439 3271/14/1440 3267/11/1437
f 3273/30/1441 3278/31/1442 3277/32/1441
f 3275/33/1443 3278/31/1442 3274/34/1444
f 3276/35/1445 3279/36/1446 3275/33/1443
f 3281/15/1447 3286/16/1448 3285/17/1447
f 3283/18/1449 3286/16/1448 3282/19/1450
f 3284/20/1451 3287/21/1452 3283/18/1449
f 3289/37/1453 3294/38/1454 3293/39/1453
f 3291/40/1455 3294/38/1454 3290/41/1456
f 3292/42/1457 3295/43/1458 3291/40/1455
f 3297/1/1459 3302/2/1460 3301/3/1459
f 3299/4/1461 3302/2/1460 3298/5/1462
f 3300/6/1463 3303/7/1464 3299/4/1461
f 3305/15/1465 3310/16/1466 3309/17/1465
f 3307/18/1467 3310/16/1466 3306/19/1468
f 3308/20/1469 3311/21/1470 3307/18/1467
f 3313/10/1471 3318/12/1472 3317/9/1473
f 3314/8/1474 3319/14/1475 3318/12/1472
f 3316/22/1476 3319/14/1475 3315/11/1477
f 3321/23/1478 3326/24/1479 3325/25/1480
f 3323/26/1481 3326/24/1479 3322/27/1482
f 3324/28/1483 3327/29/1484 3323/26/1481
f 3329/10/1485 3334/12/1486 3333/9/1485
f 3331/11/1487 3334/12/1486 3330/8/1488
f 3332/22/1489 3335/14/1490 3331/11/1487
f 3337/30/1491 3342/31/1492 3341/32/1491
f 3339/33/1493 3342/31/1492 3338/34/1494
f 3340/35/1495 3343/36/1496 3339/33/1493
f 3345/1/1497 3350/2/1498 3349/3/1497
f 3347/4/1499 3350/2/1498 3346/5/1500
f 3348/6/1501 3351/7/1502 3347/4/1499
f 3353/37/1503 3358/38/1504 3357/39/1503
f 3355/40/1505 3358/38/1504 3354/41/1506
f 3356/42/1507 3359/43/1508 3355/40/1505
f 3361/15/1509 3366/16/1510 3365/17/1509
f 3363/18/1511 3366/16/1510 3362/19/1512
f 3364/20/1513 3367/21/1514 3363/18/1511
f 3369/30/1515 3374/31/1516 3373/32/1515
f 3371/33/1517 3374/31/1516 3370/34/1518
f 3372/35/1519 3375/36/1520 3371/33/1517
f 3377/1/1521 3382/2/1522 3381/3/1521
f 3379/4/1523 3382/2/1522 3378/5/1524
f 3380/6/1525 3383/7/1526 3379/4/1523
f 3385/37/1527 3390/38/1528 3389/39/1527
f 3387/40/1529 3390/38/1528 3386/41/1530
f 3388/42/1531 3391/43/1532 3387/40/1529
f 2969/1/1202 2970/5/1205 2974/2/1203
f 2971/4/1204 2975/7/1207 2974/2/1203
f 2972/6/1206 2976/46/1206 2975/7/1207
f 2978/8/1208 2982/12/1211 2981/9/1209
f 2979/11/1210 2983/14/1213 2982/12/1211
f 2979/11/1210 2980/22/1212 2984/13/1212
f 2985/15/1214 2986/19/1217 2990/16/1215
f 2987/18/1216 2991/21/1219 2990/16/1215
f 2988/20/1218 2992/47/1533 2991/21/1219
f 2993/10/1220 2994/8/1223 2998/12/1221
f 2995/11/1222 2999/14/1225 2998/12/1221
f 2996/22/1224 3000/13/1224 2999/14/1225
f 3001/23/1226 3002/27/1230 3006/24/1227
f 3003/26/1229 3007/29/1232 3006/24/1227
f 3004/28/1231 3008/45/1534 3007/29/1232
f 3009/10/1233 3010/8/1235 3014/12/1234
f 3010/8/1235 3011/11/1238 3015/14/1236
f 3012/22/1237 3016/13/1237 3015/14/1236
f 3017/30/1239 3018/34/1242 3022/31/1240
f 3019/33/1241 3023/36/1244 3022/31/1240
f 3020/35/1243 3024/44/1243 3023/36/1244
f 3025/15/1245 3026/19/1248 3030/16/1246
f 3027/18/1247 3031/21/1250 3030/16/1246
f 3028/20/1249 3032/47/1535 3031/21/1250
f 3033/37/1251 3034/41/1254 3038/38/1252
f 3035/40/1253 3039/43/1256 3038/38/1252
f 3036/42/1255 3040/48/1255 3039/43/1256
f 3042/34/1257 3046/31/1261 3045/32/1258
f 3043/33/1260 3047/36/1263 3046/31/1261
f 3043/33/1260 3044/35/1536 3048/44/1262
f 3049/10/1264 3050/8/1267 3054/12/1265
f 3051/11/1266 3055/14/1269 3054/12/1265
f 3052/22/1268 3056/13/1537 3055/14/1269
f 3057/23/1270 3058/27/1273 3062/24/1271
f 3059/26/1272 3063/29/1275 3062/24/1271
f 3059/26/1272 3060/28/1538 3064/45/1274
f 3066/19/1276 3070/16/1279 3069/17/1277
f 3067/18/1278 3071/21/1281 3070/16/1279
f 3068/20/1280 3072/47/1280 3071/21/1281
f 3073/10/1282 3074/8/1285 3078/12/1283
f 3074/8/1285 3075/11/1287 3079/14/1286
f 3075/11/1287 3076/22/1539 3080/13/1288
f 3081/23/1289 3082/27/1293 3086/24/1290
f 3083/26/1292 3087/29/1295 3086/24/1290
f 3084/28/1294 3088/45/1540 3087/29/1295
f 3089/10/1296 3090/8/1300 3094/12/1297
f 3091/11/1299 3095/14/1302 3094/12/1297
f 3092/22/1301 3096/13/1301 3095/14/1302
f 3097/30/1303 3098/34/1306 3102/31/1304
f 3099/33/1305 3103/36/1308 3102/31/1304
f 3100/35/1307 3104/44/1307 3103/36/1308
f 3105/15/1309 3106/19/1312 3110/16/1310
f 3107/18/1311 3111/21/1314 3110/16/1310
f 3108/20/1313 3112/47/1313 3111/21/1314
f 3113/37/1315 3114/41/1318 3118/38/1316
f 3115/40/1317 3119/43/1320 3118/38/1316
f 3116/42/1319 3120/48/1541 3119/43/1320
f 3121/1/1321 3122/5/1324 3126/2/1322
f 3123/4/1323 3127/7/1326 3126/2/1322
f 3123/4/1323 3124/6/1542 3128/46/1325
f 3129/1/1327 3130/5/1330 3134/2/1328
f 3131/4/1329 3135/7/1332 3134/2/1328
f 3132/6/1331 3136/46/1331 3135/7/1332
f 3137/23/1333 3138/27/1336 3142/24/1334
f 3139/26/1335 3143/29/1338 3142/24/1334
f 3139/26/1335 3140/28/1337 3144/45/1337
f 3145/10/1339 3146/8/1341 3150/12/1340
f 3146/8/1341 3147/11/1344 3151/14/1342
f 3148/22/1343 3152/13/1543 3151/14/1342
f 3153/30/1345 3154/34/1347 3158/31/1346
f 3154/34/1347 3155/33/1350 3159/36/1348
f 3156/35/1349 3160/44/1544 3159/36/1348
f 3161/10/1351 3162/8/1355 3166/12/1352
f 3163/11/1354 3167/14/1357 3166/12/1352
f 3164/22/1356 3168/13/1356 3167/14/1357
f 3170/19/1358 3174/16/1361 3173/17/1359
f 3171/18/1360 3175/21/1363 3174/16/1361
f 3172/20/1362 3176/47/1545 3175/21/1363
f 3177/1/1364 3178/5/1367 3182/2/1365
f 3179/4/1366 3183/7/1369 3182/2/1365
f 3180/6/1368 3184/46/1368 3183/7/1369
f 3186/8/1370 3190/12/1374 3189/9/1371
f 3187/11/1373 3191/14/1376 3190/12/1374
f 3188/22/1375 3192/13/1546 3191/14/1376
f 3194/19/1377 3198/16/1380 3197/17/1378
f 3195/18/1379 3199/21/1382 3198/16/1380
f 3196/20/1381 3200/47/1381 3199/21/1382
f 3202/41/1383 3206/38/1387 3205/39/1384
f 3203/40/1386 3207/43/1389 3206/38/1387
f 3204/42/1388 3208/48/1547 3207/43/1389
f 3209/15/1390 3210/19/1393 3214/16/1391
f 3211/18/1392 3215/21/1395 3214/16/1391
f 3212/20/1394 3216/47/1548 3215/21/1395
f 3217/30/1396 3218/34/1399 3222/31/1397
f 3219/33/1398 3223/36/1401 3222/31/1397
f 3220/35/1400 3224/44/1549 3223/36/1401
f 3226/8/1402 3230/12/1406 3229/9/1403
f 3227/11/1405 3231/14/1408 3230/12/1406
f 3228/22/1407 3232/13/1550 3231/14/1408
f 3233/23/1409 3234/27/1412 3238/24/1410
f 3235/26/1411 3239/29/1414 3238/24/1410
f 3235/26/1411 3236/28/1551 3240/45/1413
f 3241/15/1415 3242/19/1418 3246/16/1416
f 3243/18/1417 3247/21/1420 3246/16/1416
f 3244/20/1419 3248/47/1419 3247/21/1420
f 3249/10/1421 3250/8/1424 3254/12/1422
f 3250/8/1424 3251/11/1427 3255/14/1425
f 3252/22/1426 3256/13/1552 3255/14/1425
f 3257/23/1428 3258/27/1431 3262/24/1429
f 3259/26/1430 3263/29/1433 3262/24/1429
f 3259/26/1430 3260/28/1553 3264/45/1432
f 3265/10/1434 3266/8/1438 3270/12/1435
f 3267/11/1437 3271/14/1440 3270/12/1435
f 3268/22/1439 3272/13/1439 3271/14/1440
f 3273/30/1441 3274/34/1444 3278/31/1442
f 3275/33/1443 3279/36/1446 3278/31/1442
f 3276/35/1445 3280/44/1445 3279/36/1446
f 3281/15/1447 3282/19/1450 3286/16/1448
f 3283/18/1449 3287/21/1452 3286/16/1448
f 3284/20/1451 3288/47/1554 3287/21/1452
f 3289/37/1453 3290/41/1456 3294/38/1454
f 3291/40/1455 3295/43/1458 3294/38/1454
f 3292/42/1457 3296/48/1457 3295/43/1458
f 3297/1/1459 3298/5/1462 3302/2/1460
f 3299/4/1461 3303/7/1464 3302/2/1460
f 3300/6/1463 3304/46/1463 3303/7/1464
f 3305/15/1465 3306/19/1468 3310/16/1466
f 3307/18/1467 3311/21/1470 3310/16/1466
f 3308/20/1469 3312/47/1555 3311/21/1470
f 3313/10/1471 3314/8/1474 3318/12/1472
f 3314/8/1474 3315/11/1477 3319/14/1475
f 3316/22/1476 3320/13/1556 3319/14/1475
f 3321/23/1478 3322/27/1482 3326/24/1479
f 3323/26/1481 3327/29/1484 3326/24/1479
f 3324/28/1483 3328/45/1557 3327/29/1484
f 3329/10/1485 3330/8/1488 3334/12/1486
f 3331/11/1487 3335/14/1490 3334/12/1486
f 3332/22/1489 3336/13/1558 3335/14/1490
f 3337/30/1491 3338/34/1494 3342/31/1492
f 3339/33/1493 3343/36/1496 3342/31/1492
f 3340/35/1495 3344/44/1495 3343/36/1496
f 3345/1/1497 3346/5/1500 3350/2/1498
f 3347/4/1499 3351/7/1502 3350/2/1498
f 3348/6/1501 3352/46/1559 3351/7/1502
f 3353/37/1503 3354/41/1506 3358/38/1504
f 3355/40/1505 3359/43/1508 3358/38/1504
f 3356/42/1507 3360/48/1560 3359/43/1508
f 3361/15/1509 3362/19/1512 3366/16/1510
f 3363/18/1511 3367/21/1514 3366/16/1510
f 3364/20/1513 3368/47/1513 3367/21/1514
f 3369/30/1515 3370/34/1518 3374/31/1516
f 3371/33/1517 3375/36/1520 3374/31/1516
f 3372/35/1519 3376/44/1519 3375/36/1520
f 3377/1/1521 3378/5/1524 3382/2/1522
f 3379/4/1523 3383/7/1526 3382/2/1522
f 3380/6/1525 3384/46/1525 3383/7/1526
f 3385/37/1527 3386/41/1530 3390/38/1528
f 3387/40/1529 3391/43/1532 3390/38/1528
f 3388/42/1531 3392/48/1531 3391/43/1532
f 3393/1/1202 3398/2/1203 3397/3/1202
f 3395/4/1204 3398/2/1203 3394/5/1205
f 3396/6/1206 3399/7/1207 3395/4/1204
f 3402/8/1208 3405/9/1209 3401/10/1209
f 3403/11/1210 3406/12/1211 3402/8/1208
f 3403/11/1210 3408/13/1212 3407/14/1213
f 3409/15/1214 3414/16/1215 3413/17/1214
f 3411/18/1216 3414/16/1215 3410/19/1217
f 3412/20/1218 3415/21/1219 3411/18/1216
f 3417/10/1220 3422/12/1561 3421/9/1220
f 3419/11/1222 3422/12/1561 3418/8/1223
f 3420/22/1224 3423/14/1225 3419/11/1222
f 3425/23/1226 3430/24/1227 3429/25/1228
f 3427/26/1229 3430/24/1227 3426/27/1230
f 3428/28/1231 3431/29/1232 3427/26/1229
f 3433/10/1233 3438/12/1234 3437/9/1233
f 3434/8/1235 3439/14/1236 3438/12/1234
f 3436/22/1237 3439/14/1236 3435/11/1238
f 3441/30/1239 3446/31/1240 3445/32/1239
f 3443/33/1241 3446/31/1240 3442/34/1242
f 3444/35/1243 3447/36/1244 3443/33/1241
f 3449/15/1245 3454/16/1246 3453/17/1245
f 3451/18/1247 3454/16/1246 3450/19/1248
f 3452/20/1249 3455/21/1250 3451/18/1247
f 3457/37/1251 3462/38/1562 3461/39/1251
f 3459/40/1253 3462/38/1562 3458/41/1563
f 3460/42/1255 3463/43/1256 3459/40/1253
f 3466/34/1257 3469/32/1258 3465/30/1259
f 3467/33/1564 3470/31/1261 3466/34/1257
f 3467/33/1564 3472/44/1262 3471/36/1263
f 3473/10/1264 3478/12/1265 3477/9/1264
f 3475/11/1266 3478/12/1265 3474/8/1267
f 3476/22/1268 3479/14/1269 3475/11/1266
f 3481/23/1270 3486/24/1271 3485/25/1270
f 3483/26/1272 3486/24/1271 3482/27/1273
f 3483/26/1272 3488/45/1274 3487/29/1275
f 3490/19/1276 3493/17/1277 3489/15/1277
f 3491/18/1565 3494/16/1279 3490/19/1276
f 3492/20/1280 3495/21/1281 3491/18/1565
f 3497/10/1282 3502/12/1283 3501/9/1284
f 3498/8/1285 3503/14/1286 3502/12/1283
f 3499/11/1287 3504/13/1288 3503/14/1286
f 3505/23/1289 3510/24/1290 3509/25/1291
f 3507/26/1292 3510/24/1290 3506/27/1293
f 3508/28/1294 3511/29/1295 3507/26/1292
f 3513/10/1296 3518/12/1297 3517/9/1298
f 3515/11/1299 3518/12/1297 3514/8/1566
f 3516/22/1301 3519/14/1302 3515/11/1299
f 3521/30/1303 3526/31/1567 3525/32/1303
f 3523/33/1305 3526/31/1567 3522/34/1306
f 3524/35/1307 3527/36/1308 3523/33/1305
f 3529/15/1309 3534/16/1310 3533/17/1309
f 3531/18/1311 3534/16/1310 3530/19/1568
f 3532/20/1313 3535/21/1314 3531/18/1311
f 3537/37/1315 3542/38/1316 3541/39/1315
f 3539/40/1317 3542/38/1316 3538/41/1318
f 3540/42/1319 3543/43/1320 3539/40/1317
f 3545/1/1321 3550/2/1322 3549/3/1569
f 3547/4/1323 3550/2/1322 3546/5/1324
f 3547/4/1323 3552/46/1325 3551/7/1326
f 3553/1/1570 3558/2/1328 3557/3/1570
f 3555/4/1329 3558/2/1328 3554/5/1330
f 3556/6/1331 3559/7/1332 3555/4/1329
f 3561/23/1333 3566/24/1334 3565/25/1333
f 3563/26/1335 3566/24/1334 3562/27/1336
f 3563/26/1335 3568/45/1337 3567/29/1338
f 3569/10/1339 3574/12/1340 3573/9/1339
f 3570/8/1341 3575/14/1342 3574/12/1340
f 3572/22/1343 3575/14/1342 3571/11/1344
f 3577/30/1345 3582/31/1346 3581/32/1345
f 3578/34/1347 3583/36/1348 3582/31/1346
f 3580/35/1349 3583/36/1348 3579/33/1350
f 3585/10/1351 3590/12/1352 3589/9/1351
f 3587/11/1354 3590/12/1352 3586/8/1355
f 3588/22/1571 3591/14/1357 3587/11/1354
f 3594/19/1572 3597/17/1359 3593/15/1359
f 3595/18/1360 3598/16/1361 3594/19/1572
f 3596/20/1362 3599/21/1363 3595/18/1360
f 3601/1/1364 3606/2/1365 3605/3/1364
f 3603/4/1366 3606/2/1365 3602/5/1367
f 3604/6/1368 3607/7/1369 3603/4/1366
f 3610/8/1370 3613/9/1371 3609/10/1372
f 3611/11/1573 3614/12/1574 3610/8/1370
f 3612/22/1375 3615/14/1575 3611/11/1573
f 3618/19/1377 3621/17/1378 3617/15/1378
f 3619/18/1379 3622/16/1380 3618/19/1377
f 3620/20/1381 3623/21/1382 3619/18/1379
f 3626/41/1383 3629/39/1384 3625/37/1385
f 3627/40/1386 3630/38/1576 3626/41/1383
f 3628/42/1388 3631/43/1577 3627/40/1386
f 3633/15/1390 3638/16/1391 3637/17/1390
f 3635/18/1578 3638/16/1391 3634/19/1393
f 3636/20/1579 3639/21/1395 3635/18/1578
f 3641/30/1396 3646/31/1397 3645/32/1396
f 3643/33/1398 3646/31/1397 3642/34/1399
f 3644/35/1400 3647/36/1401 3643/33/1398
f 3650/8/1402 3653/9/1580 3649/10/1404
f 3651/11/1405 3654/12/1406 3650/8/1402
f 3652/22/1407 3655/14/1408 3651/11/1405
f 3657/23/1409 3662/24/1410 3661/25/1409
f 3659/26/1411 3662/24/1410 3658/27/1412
f 3659/26/1411 3664/45/1413 3663/29/1414
f 3665/15/1415 3670/16/1416 3669/17/1415
f 3667/18/1581 3670/16/1416 3666/19/1418
f 3668/20/1419 3671/21/1582 3667/18/1581
f 3673/10/1421 3678/12/1422 3677/9/1423
f 3674/8/1424 3679/14/1425 3678/12/1422
f 3676/22/1426 3679/14/1425 3675/11/1427
f 3681/23/1428 3686/24/1429 3685/25/1428
f 3683/26/1430 3686/24/1429 3682/27/1431
f 3683/26/1430 3688/45/1432 3687/29/1433
f 3689/10/1434 3694/12/1435 3693/9/1436
f 3691/11/1437 3694/12/1435 3690/8/1438
f 3692/22/1439 3695/14/1440 3691/11/1437
f 3697/30/1441 3702/31/1442 3701/32/1441
f 3699/33/1443 3702/31/1442 3698/34/1444
f 3700/35/1445 3703/36/1583 3699/33/1443
f 3705/15/1447 3710/16/1448 3709/17/1447
f 3707/18/1449 3710/16/1448 3706/19/1450
f 3708/20/1451 3711/21/1452 3707/18/1449
f 3713/37/1453 3718/38/1454 3717/39/1453
f 3715/40/1455 3718/38/1454 3714/41/1456
f 3716/42/1457 3719/43/1458 3715/40/1455
f 3721/1/1459 3726/2/1460 3725/3/1459
f 3723/4/1461 3726/2/1460 3722/5/1462
f 3724/6/1463 3727/7/1464 3723/4/1461
f 3729/15/1465 3734/16/1466 3733/17/1465
f 3731/18/1467 3734/16/1466 3730/19/1468
f 3732/20/1469 3735/21/1470 3731/18/1467
f 3737/10/1471 3742/12/1472 3741/9/1473
f 3738/8/1474 3743/14/1584 3742/12/1472
f 3740/22/1476 3743/14/1584 3739/11/1477
f 3745/23/1585 3750/24/1479 3749/25/1480
f 3747/26/1481 3750/24/1479 3746/27/1482
f 3748/28/1483 3751/29/1586 3747/26/1481
f 3753/10/1485 3758/12/1587 3757/9/1485
f 3755/11/1487 3758/12/1587 3754/8/1488
f 3756/22/1489 3759/14/1490 3755/11/1487
f 3761/30/1491 3766/31/1588 3765/32/1491
f 3763/33/1493 3766/31/1588 3762/34/1494
f 3764/35/1495 3767/36/1496 3763/33/1493
f 3769/1/1497 3774/2/1498 3773/3/1497
f 3771/4/1499 3774/2/1498 3770/5/1500
f 3772/6/1559 3775/7/1502 3771/4/1499
f 3777/37/1503 3782/38/1589 3781/39/1503
f 3779/40/1505 3782/38/1589 3778/41/1506
f 3780/42/1507 3783/43/1508 3779/40/1505
f 3785/15/1509 3790/16/1510 3789/17/1509
f 3787/18/1511 3790/16/1510 3786/19/1512
f 3788/20/1513 3791/21/1514 3787/18/1511
f 3793/30/1515 3798/31/1590 3797/32/1515
f 3795/33/1517 3798/31/1590 3794/34/1518
f 3796/35/1519 3799/36/1520 3795/33/1517
f 3801/1/1521 3806/2/1522 3805/3/1521
f 3803/4/1523 3806/2/1522 3802/5/1524
f 3804/6/1525 3807/7/1526 3803/4/1523
f 3809/37/1527 3814/38/1528 3813/39/1527
f 3811/40/1591 3814/38/1528 3810/41/1530
f 3812/42/1531 3815/43/1592 3811/40/1591
f 3393/1/1202 3394/5/1205 3398/2/1203
f 3395/4/1204 3399/7/1207 3398/2/1203
f 3396/6/1206 3400/46/1206 3399/7/1207
f 3402/8/1208 3406/12/1211 3405/9/1209
f 3403/11/1210 3407/14/1213 3406/12/1211
f 3403/11/1210 3404/22/1212 3408/13/1212
f 3409/15/1214 3410/19/1217 3414/16/1215
f 3411/18/1216 3415/21/1219 3414/16/1215
f 3412/20/1218 3416/47/1593 3415/21/1219
f 3417/10/1220 3418/8/1223 3422/12/1561
f 3419/11/1222 3423/14/1225 3422/12/1561
f 3420/22/1224 3424/13/1224 3423/14/1225
f 3425/23/1226 3426/27/1230 3430/24/1227
f 3427/26/1229 3431/29/1232 3430/24/1227
f 3428/28/1231 3432/45/1534 3431/29/1232
f 3433/10/1233 3434/8/1235 3438/12/1234
f 3434/8/1235 3435/11/1238 3439/14/1236
f 3436/22/1237 3440/13/1237 3439/14/1236
f 3441/30/1239 3442/34/1242 3446/31/1240
f 3443/33/1241 3447/36/1244 3446/31/1240
f 3444/35/1243 3448/44/1243 3447/36/1244
f 3449/15/1245 3450/19/1248 3454/16/1246
f 3451/18/1247 3455/21/1250 3454/16/1246
f 3452/20/1249 3456/47/1594 3455/21/1250
f 3457/37/1251 3458/41/1563 3462/38/1562
f 3459/40/1253 3463/43/1256 3462/38/1562
f 3460/42/1255 3464/48/1255 3463/43/1256
f 3466/34/1257 3470/31/1261 3469/32/1258
f 3467/33/1564 3471/36/1263 3470/31/1261
f 3467/33/1564 3468/35/1536 3472/44/1262
f 3473/10/1264 3474/8/1267 3478/12/1265
f 3475/11/1266 3479/14/1269 3478/12/1265
f 3476/22/1268 3480/13/1537 3479/14/1269
f 3481/23/1270 3482/27/1273 3486/24/1271
f 3483/26/1272 3487/29/1275 3486/24/1271
f 3483/26/1272 3484/28/1538 3488/45/1274
f 3490/19/1276 3494/16/1279 3493/17/1277
f 3491/18/1565 3495/21/1281 3494/16/1279
f 3492/20/1280 3496/47/1280 3495/21/1281
f 3497/10/1282 3498/8/1285 3502/12/1283
f 3498/8/1285 3499/11/1287 3503/14/1286
f 3499/11/1287 3500/22/1595 3504/13/1288
f 3505/23/1289 3506/27/1293 3510/24/1290
f 3507/26/1292 3511/29/1295 3510/24/1290
f 3508/28/1294 3512/45/1540 3511/29/1295
f 3513/10/1296 3514/8/1566 3518/12/1297
f 3515/11/1299 3519/14/1302 3518/12/1297
f 3516/22/1301 3520/13/1301 3519/14/1302
f 3521/30/1303 3522/34/1306 3526/31/1567
f 3523/33/1305 3527/36/1308 3526/31/1567
f 3524/35/1307 3528/44/1307 3527/36/1308
f 3529/15/1309 3530/19/1568 3534/16/1310
f 3531/18/1311 3535/21/1314 3534/16/1310
f 3532/20/1313 3536/47/1313 3535/21/1314
f 3537/37/1315 3538/41/1318 3542/38/1316
f 3539/40/1317 3543/43/1320 3542/38/1316
f 3540/42/1319 3544/48/1541 3543/43/1320
f 3545/1/1321 3546/5/1324 3550/2/1322
f 3547/4/1323 3551/7/1326 3550/2/1322
f 3547/4/1323 3548/6/1542 3552/46/1325
f 3553/1/1570 3554/5/1330 3558/2/1328
f 3555/4/1329 3559/7/1332 3558/2/1328
f 3556/6/1331 3560/46/1331 3559/7/1332
f 3561/23/1333 3562/27/1336 3566/24/1334
f 3563/26/1335 3567/29/1338 3566/24/1334
f 3563/26/1335 3564/28/1337 3568/45/1337
f 3569/10/1339 3570/8/1341 3574/12/1340
f 3570/8/1341 3571/11/1344 3575/14/1342
f 3572/22/1343 3576/13/1596 3575/14/1342
f 3577/30/1345 3578/34/1347 3582/31/1346
f 3578/34/1347 3579/33/1350 3583/36/1348
f 3580/35/1349 3584/44/1544 3583/36/1348
f 3585/10/1351 3586/8/1355 3590/12/1352
f 3587/11/1354 3591/14/1357 3590/12/1352
f 3588/22/1571 3592/13/1571 3591/14/1357
f 3594/19/1572 3598/16/1361 3597/17/1359
f 3595/18/1360 3599/21/1363 3598/16/1361
f 3596/20/1362 3600/47/1545 3599/21/1363
f 3601/1/1364 3602/5/1367 3606/2/1365
f 3603/4/1366 3607/7/1369 3606/2/1365
f 3604/6/1368 3608/46/1368 3607/7/1369
f 3610/8/1370 3614/12/1574 3613/9/1371
f 3611/11/1573 3615/14/1575 3614/12/1574
f 3612/22/1375 3616/13/1597 3615/14/1575
f 3618/19/1377 3622/16/1380 3621/17/1378
f 3619/18/1379 3623/21/1382 3622/16/1380
f 3620/20/1381 3624/47/1381 3623/21/1382
f 3626/41/1383 3630/38/1576 3629/39/1384
f 3627/40/1386 3631/43/1577 3630/38/1576
f 3628/42/1388 3632/48/1547 3631/43/1577
f 3633/15/1390 3634/19/1393 3638/16/1391
f 3635/18/1578 3639/21/1395 3638/16/1391
f 3636/20/1579 3640/47/1548 3639/21/1395
f 3641/30/1396 3642/34/1399 3646/31/1397
f 3643/33/1398 3647/36/1401 3646/31/1397
f 3644/35/1400 3648/44/1549 3647/36/1401
f 3650/8/1402 3654/12/1406 3653/9/1580
f 3651/11/1405 3655/14/1408 3654/12/1406
f 3652/22/1407 3656/13/1550 3655/14/1408
f 3657/23/1409 3658/27/1412 3662/24/1410
f 3659/26/1411 3663/29/1414 3662/24/1410
f 3659/26/1411 3660/28/1551 3664/45/1413
f 3665/15/1415 3666/19/1418 3670/16/1416
f 3667/18/1581 3671/21/1582 3670/16/1416
f 3668/20/1419 3672/47/1419 3671/21/1582
f 3673/10/1421 3674/8/1424 3678/12/1422
f 3674/8/1424 3675/11/1427 3679/14/1425
f 3676/22/1426 3680/13/1552 3679/14/1425
f 3681/23/1428 3682/27/1431 3686/24/1429
f 3683/26/1430 3687/29/1433 3686/24/1429
f 3683/26/1430 3684/28/1553 3688/45/1432
f 3689/10/1434 3690/8/1438 3694/12/1435
f 3691/11/1437 3695/14/1440 3694/12/1435
f 3692/22/1439 3696/13/1439 3695/14/1440
f 3697/30/1441 3698/34/1444 3702/31/1442
f 3699/33/1443 3703/36/1583 3702/31/1442
f 3700/35/1445 3704/44/1445 3703/36/1583
f 3705/15/1447 3706/19/1450 3710/16/1448
f 3707/18/1449 3711/21/1452 3710/16/1448
f 3708/20/1451 3712/47/1598 3711/21/1452
f 3713/37/1453 3714/41/1456 3718/38/1454
f 3715/40/1455 3719/43/1458 3718/38/1454
f 3716/42/1457 3720/48/1457 3719/43/1458
f 3721/1/1459 3722/5/1462 3726/2/1460
f 3723/4/1461 3727/7/1464 3726/2/1460
f 3724/6/1463 3728/46/1463 3727/7/1464
f 3729/15/1465 3730/19/1468 3734/16/1466
f 3731/18/1467 3735/21/1470 3734/16/1466
f 3732/20/1469 3736/47/1555 3735/21/1470
f 3737/10/1471 3738/8/1474 3742/12/1472
f 3738/8/1474 3739/11/1477 3743/14/1584
f 3740/22/1476 3744/13/1556 3743/14/1584
f 3745/23/1585 3746/27/1482 3750/24/1479
f 3747/26/1481 3751/29/1586 3750/24/1479
f 3748/28/1483 3752/45/1557 3751/29/1586
f 3753/10/1485 3754/8/1488 3758/12/1587
f 3755/11/1487 3759/14/1490 3758/12/1587
f 3756/22/1489 3760/13/1558 3759/14/1490
f 3761/30/1491 3762/34/1494 3766/31/1588
f 3763/33/1493 3767/36/1496 3766/31/1588
f 3764/35/1495 3768/44/1495 3767/36/1496
f 3769/1/1497 3770/5/1500 3774/2/1498
f 3771/4/1499 3775/7/1502 3774/2/1498
f 3772/6/1559 3776/46/1559 3775/7/1502
f 3777/37/1503 3778/41/1506 3782/38/1589
f 3779/40/1505 3783/43/1508 3782/38/1589
f 3780/42/1507 3784/48/1560 3783/43/1508
f 3785/15/1509 3786/19/1512 3790/16/1510
f 3787/18/1511 3791/21/1514 3790/16/1510
f 3788/20/1513 3792/47/1513 3791/21/1514
f 3793/30/1515 3794/34/1518 3798/31/1590
f 3795/33/1517 3799/36/1520 3798/31/1590
f 3796/35/1519 3800/44/1519 3799/36/1520
f 3801/1/1521 3802/5/1524 3806/2/1522
f 3803/4/1523 3807/7/1526 3806/2/1522
f 3804/6/1525 3808/46/1525 3807/7/1526
f 3809/37/1527 3810/41/1530 3814/38/1528
f 3811/40/1591 3815/43/1592 3814/38/1528
f 3812/42/1531 3816/48/1531 3815/43/1592
f 3817/1/769 3822/2/770 3821/3/769
f 3819/4/771 3822/2/770 3818/5/772
f 3820/6/773 3823/7/774 3819/4/771
f 3826/8/775 3829/9/776 3825/10/776
f 3827/11/777 3830/12/778 3826/8/775
f 3827/11/777 3832/13/779 3831/14/780
f 3833/15/1129 3838/16/782 3837/17/1129
f 3835/18/783 3838/16/782 3834/19/784
f 3836/20/785 3839/21/786 3835/18/783
f 3841/10/1172 3846/12/788 3845/9/1172
f 3843/11/789 3846/12/788 3842/8/790
f 3844/22/791 3847/14/792 3843/11/789
f 3849/23/793 3854/24/794 3853/25/795
f 3851/26/796 3854/24/794 3850/27/797
f 3852/28/798 3855/29/799 3851/26/796
f 3857/10/800 3862/12/801 3861/9/800
f 3858/8/802 3863/14/803 3862/12/801
f 3860/22/804 3863/14/803 3859/11/805
f 3865/30/806 3870/31/807 3869/32/806
f 3867/33/808 3870/31/807 3866/34/1132
f 3868/35/810 3871/36/811 3867/33/808
f 3873/15/812 3878/16/813 3877/17/812
f 3875/18/814 3878/16/813 3874/19/815
f 3876/20/816 3879/21/817 3875/18/814
f 3881/37/818 3886/38/819 3885/39/818
f 3883/40/820 3886/38/819 3882/41/1134
f 3884/42/822 3887/43/823 3883/40/820
f 3890/34/824 3893/32/825 3889/30/826
f 3891/33/827 3894/31/828 3890/34/824
f 3891/33/827 3896/44/829 3895/36/830
f 3897/10/831 3902/12/832 3901/9/831
f 3899/11/833 3902/12/832 3898/8/834
f 3900/22/835 3903/14/1174 3899/11/833
f 3905/23/837 3910/24/838 3909/25/837
f 3907/26/839 3910/24/838 3906/27/840
f 3907/26/839 3912/45/841 3911/29/842
f 3914/19/843 3917/17/1192 3913/15/1192
f 3915/18/1136 3918/16/846 3914/19/843
f 3916/20/847 3919/21/848 3915/18/1136
f 3921/10/849 3926/12/850 3925/9/851
f 3922/8/852 3927/14/853 3926/12/850
f 3923/11/854 3928/13/855 3927/14/853
f 3929/23/856 3934/24/1177 3933/25/858
f 3931/26/859 3934/24/1177 3930/27/860
f 3932/28/861 3935/29/862 3931/26/859
f 3937/10/863 3942/12/864 3941/9/865
f 3939/11/866 3942/12/864 3938/8/867
f 3940/22/868 3943/14/869 3939/11/866
f 3945/30/870 3950/31/871 3949/32/870
f 3947/33/872 3950/31/871 3946/34/873
f 3948/35/874 3951/36/875 3947/33/872
f 3953/15/876 3958/16/877 3957/17/876
f 3955/18/878 3958/16/877 3954/19/879
f 3956/20/880 3959/21/881 3955/18/878
f 3961/37/882 3966/38/883 3965/39/882
f 3963/40/884 3966/38/883 3962/41/885
f 3964/42/1599 3967/43/1178 3963/40/884
f 3969/1/888 3974/2/889 3973/3/888
f 3971/4/890 3974/2/889 3970/5/891
f 3971/4/890 3976/46/892 3975/7/893
f 3977/1/894 3982/2/895 3981/3/894
f 3979/4/897 3982/2/895 3978/5/1179
f 3980/6/899 3983/7/900 3979/4/897
f 3985/23/901 3990/24/902 3989/25/901
f 3987/26/903 3990/24/902 3986/27/904
f 3987/26/903 3992/45/905 3991/29/906
f 3993/10/907 3998/12/908 3997/9/907
f 3994/8/909 3999/14/910 3998/12/908
f 3996/22/911 3999/14/910 3995/11/912
f 4001/30/913 4006/31/914 4005/32/913
f 4002/34/915 4007/36/916 4006/31/914
f 4004/35/917 4007/36/916 4003/33/918
f 4009/10/919 4014/12/920 4013/9/919
f 4011/11/921 4014/12/920 4010/8/922
f 4012/22/923 4015/14/924 4011/11/921
f 4018/19/925 4021/17/926 4017/15/926
f 4019/18/927 4022/16/928 4018/19/925
f 4020/20/929 4023/21/930 4019/18/927
f 4025/1/931 4030/2/932 4029/3/931
f 4027/4/933 4030/2/932 4026/5/934
f 4028/6/935 4031/7/936 4027/4/933
f 4034/8/937 4037/9/938 4033/10/939
f 4035/11/940 4038/12/941 4034/8/937
f 4036/22/1181 4039/14/943 4035/11/940
f 4042/19/944 4045/17/945 4041/15/945
f 4043/18/946 4046/16/947 4042/19/944
f 4044/20/948 4047/21/949 4043/18/946
f 4050/41/950 4053/39/951 4049/37/952
f 4051/40/1142 4054/38/954 4050/41/950
f 4052/42/955 4055/43/956 4051/40/1142
f 4057/15/957 4062/16/958 4061/17/957
f 4059/18/959 4062/16/958 4058/19/960
f 4060/20/961 4063/21/962 4059/18/959
f 4065/30/963 4070/31/964 4069/32/963
f 4067/33/965 4070/31/964 4066/34/966
f 4068/35/967 4071/36/968 4067/33/965
f 4074/8/969 4077/9/970 4073/10/971
f 4075/11/972 4078/12/973 4074/8/969
f 4076/22/974 4079/14/975 4075/11/972
f 4081/23/976 4086/24/977 4085/25/976
f 4083/26/1145 4086/24/977 4082/27/979
f 4083/26/1145 4088/45/980 4087/29/981
f 4089/15/982 4094/16/983 4093/17/982
f 4091/18/984 4094/16/983 4090/19/985
f 4092/20/986 4095/21/987 4091/18/984
f 4097/10/988 4102/12/989 4101/9/990
f 4098/8/991 4103/14/992 4102/12/989
f 4100/22/993 4103/14/992 4099/11/994
f 4105/23/995 4110/24/996 4109/25/995
f 4107/26/1148 4110/24/996 4106/27/999
f 4107/26/1148 4112/45/1000 4111/29/1001
f 4113/10/1002 4118/12/1003 4117/9/1004
f 4115/11/1005 4118/12/1003 4114/8/1006
f 4116/22/1007 4119/14/1008 4115/11/1005
f 4121/30/1009 4126/31/1010 4125/32/1009
f 4123/33/1011 4126/31/1010 4122/34/1012
f 4124/35/1013 4127/36/1014 4123/33/1011
f 4129/15/1015 4134/16/1016 4133/17/1015
f 4131/18/1017 4134/16/1016 4130/19/1018
f 4132/20/1019 4135/21/1020 4131/18/1017
f 4137/37/1021 4142/38/1022 4141/39/1021
f 4139/40/1023 4142/38/1022 4138/41/1150
f 4140/42/1025 4143/43/1026 4139/40/1023
f 4145/1/1027 4150/2/1028 4149/3/1027
f 4147/4/1029 4150/2/1028 4146/5/1151
f 4148/6/1031 4151/7/1032 4147/4/1029
f 4153/15/1033 4158/16/1034 4157/17/1033
f 4155/18/1035 4158/16/1034 4154/19/1036
f 4156/20/1600 4159/21/1038 4155/18/1035
f 4161/10/1039 4166/12/1153 4165/9/1041
f 4162/8/1042 4167/14/1043 4166/12/1153
f 4164/22/1044 4167/14/1043 4163/11/1045
f 4169/23/1046 4174/24/1047 4173/25/1048
f 4171/26/1049 4174/24/1047 4170/27/1050
f 4172/28/1051 4175/29/1052 4171/26/1049
f 4177/10/1053 4182/12/1154 4181/9/1053
f 4179/11/1055 4182/12/1154 4178/8/1056
f 4180/22/1057 4183/14/1058 4179/11/1055
f 4185/30/1059 4190/31/1155 4189/32/1059
f 4187/33/1061 4190/31/1155 4186/34/1062
f 4188/35/1063 4191/36/1064 4187/33/1061
f 4193/1/1065 4198/2/1157 4197/3/1065
f 4195/4/1068 4198/2/1157 4194/5/1069
f 4196/6/1127 4199/7/1158 4195/4/1068
f 4201/37/1072 4206/38/1601 4205/39/1072
f 4203/40/1074 4206/38/1601 4202/41/1075
f 4204/42/1602 4207/43/1159 4203/40/1074
f 4209/15/1078 4214/16/1079 4213/17/1078
f 4211/18/1080 4214/16/1079 4210/19/1081
f 4212/20/1082 4215/21/1083 4211/18/1080
f 4217/30/1084 4222/31/1603 4221/32/1084
f 4219/33/1086 4222/31/1603 4218/34/1087
f 4220/35/1088 4223/36/1089 4219/33/1086
f 4225/1/1161 4230/2/1091 4229/3/1161
f 4227/4/1092 4230/2/1091 4226/5/1199
f 4228/6/1094 4231/7/1095 4227/4/1092
f 4233/37/1096 4238/38/1097 4237/39/1096
f 4235/40/1098 4238/38/1097 4234/41/1099
f 4236/42/1100 4239/43/1604 4235/40/1098
f 3817/1/769 3818/5/772 3822/2/770
f 3819/4/771 3823/7/774 3822/2/770
f 3820/6/773 3824/46/773 3823/7/774
f 3826/8/775 3830/12/778 3829/9/776
f 3827/11/777 3831/14/780 3830/12/778
f 3827/11/777 3828/22/779 3832/13/779
f 3833/15/1129 3834/19/784 3838/16/782
f 3835/18/783 3839/21/786 3838/16/782
f 3836/20/785 3840/47/1102 3839/21/786
f 3841/10/1172 3842/8/790 3846/12/788
f 3843/11/789 3847/14/792 3846/12/788
f 3844/22/791 3848/13/791 3847/14/792
f 3849/23/793 3850/27/797 3854/24/794
f 3851/26/796 3855/29/799 3854/24/794
f 3852/28/798 3856/45/1103 3855/29/799
f 3857/10/800 3858/8/802 3862/12/801
f 3858/8/802 3859/11/805 3863/14/803
f 3860/22/804 3864/13/804 3863/14/803
f 3865/30/806 3866/34/1132 3870/31/807
f 3867/33/808 3871/36/811 3870/31/807
f 3868/35/810 3872/44/810 3871/36/811
f 3873/15/812 3874/19/815 3878/16/813
f 3875/18/814 3879/21/817 3878/16/813
f 3876/20/816 3880/47/1104 3879/21/817
f 3881/37/818 3882/41/1134 3886/38/819
f 3883/40/820 3887/43/823 3886/38/819
f 3884/42/822 3888/48/822 3887/43/823
f 3890/34/824 3894/31/828 3893/32/825
f 3891/33/827 3895/36/830 3894/31/828
f 3891/33/827 3892/35/1164 3896/44/829
f 3897/10/831 3898/8/834 3902/12/832
f 3899/11/833 3903/14/1174 3902/12/832
f 3900/22/835 3904/13/1106 3903/14/1174
f 3905/23/837 3906/27/840 3910/24/838
f 3907/26/839 3911/29/842 3910/24/838
f 3907/26/839 3908/28/1107 3912/45/841
f 3914/19/843 3918/16/846 3917/17/1192
f 3915/18/1136 3919/21/848 3918/16/846
f 3916/20/847 3920/47/847 3919/21/848
f 3921/10/849 3922/8/852 3926/12/850
f 3922/8/852 3923/11/854 3927/14/853
f 3923/11/854 3924/22/1108 3928/13/855
f 3929/23/856 3930/27/860 3934/24/1177
f 3931/26/859 3935/29/862 3934/24/1177
f 3932/28/861 3936/45/1109 3935/29/862
f 3937/10/863 3938/8/867 3942/12/864
f 3939/11/866 3943/14/869 3942/12/864
f 3940/22/868 3944/13/868 3943/14/869
f 3945/30/870 3946/34/873 3950/31/871
f 3947/33/872 3951/36/875 3950/31/871
f 3948/35/874 3952/44/874 3951/36/875
f 3953/15/876 3954/19/879 3958/16/877
f 3955/18/878 3959/21/881 3958/16/877
f 3956/20/880 3960/47/880 3959/21/881
f 3961/37/882 3962/41/885 3966/38/883
f 3963/40/884 3967/43/1178 3966/38/883
f 3964/42/1599 3968/48/886 3967/43/1178
f 3969/1/888 3970/5/891 3974/2/889
f 3971/4/890 3975/7/893 3974/2/889
f 3971/4/890 3972/6/1110 3976/46/892
f 3977/1/894 3978/5/1179 3982/2/895
f 3979/4/897 3983/7/900 3982/2/895
f 3980/6/899 3984/46/899 3983/7/900
f 3985/23/901 3986/27/904 3990/24/902
f 3987/26/903 3991/29/906 3990/24/902
f 3987/26/903 3988/28/905 3992/45/905
f 3993/10/907 3994/8/909 3998/12/908
f 3994/8/909 3995/11/912 3999/14/910
f 3996/22/911 4000/13/1111 3999/14/910
f 4001/30/913 4002/34/915 4006/31/914
f 4002/34/915 4003/33/918 4007/36/916
f 4004/35/917 4008/44/1112 4007/36/916
f 4009/10/919 4010/8/922 4014/12/920
f 4011/11/921 4015/14/924 4014/12/920
f 4012/22/923 4016/13/923 4015/14/924
f 4018/19/925 4022/16/928 4021/17/926
f 4019/18/927 4023/21/930 4022/16/928
f 4020/20/929 4024/47/1113 4023/21/930
f 4025/1/931 4026/5/934 4030/2/932
f 4027/4/933 4031/7/936 4030/2/932
f 4028/6/935 4032/46/935 4031/7/936
f 4034/8/937 4038/12/941 4037/9/938
f 4035/11/940 4039/14/943 4038/12/941
f 4036/22/1181 4040/13/1114 4039/14/943
f 4042/19/944 4046/16/947 4045/17/945
f 4043/18/946 4047/21/949 4046/16/947
f 4044/20/948 4048/47/948 4047/21/949
f 4050/41/950 4054/38/954 4053/39/951
f 4051/40/1142 4055/43/956 4054/38/954
f 4052/42/955 4056/48/1201 4055/43/956
f 4057/15/957 4058/19/960 4062/16/958
f 4059/18/959 4063/21/962 4062/16/958
f 4060/20/961 4064/47/1165 4063/21/962
f 4065/30/963 4066/34/966 4070/31/964
f 4067/33/965 4071/36/968 4070/31/964
f 4068/35/967 4072/44/1117 4071/36/968
f 4074/8/969 4078/12/973 4077/9/970
f 4075/11/972 4079/14/975 4078/12/973
f 4076/22/974 4080/13/1118 4079/14/975
f 4081/23/976 4082/27/979 4086/24/977
f 4083/26/1145 4087/29/981 4086/24/977
f 4083/26/1145 4084/28/1119 4088/45/980
f 4089/15/982 4090/19/985 4094/16/983
f 4091/18/984 4095/21/987 4094/16/983
f 4092/20/986 4096/47/986 4095/21/987
f 4097/10/988 4098/8/991 4102/12/989
f 4098/8/991 4099/11/994 4103/14/992
f 4100/22/993 4104/13/1120 4103/14/992
f 4105/23/995 4106/27/999 4110/24/996
f 4107/26/1148 4111/29/1001 4110/24/996
f 4107/26/1148 4108/28/1121 4112/45/1000
f 4113/10/1002 4114/8/1006 4118/12/1003
f 4115/11/1005 4119/14/1008 4118/12/1003
f 4116/22/1007 4120/13/1007 4119/14/1008
f 4121/30/1009 4122/34/1012 4126/31/1010
f 4123/33/1011 4127/36/1014 4126/31/1010
f 4124/35/1013 4128/44/1013 4127/36/1014
f 4129/15/1015 4130/19/1018 4134/16/1016
f 4131/18/1017 4135/21/1020 4134/16/1016
f 4132/20/1019 4136/47/1122 4135/21/1020
f 4137/37/1021 4138/41/1150 4142/38/1022
f 4139/40/1023 4143/43/1026 4142/38/1022
f 4140/42/1025 4144/48/1025 4143/43/1026
f 4145/1/1027 4146/5/1151 4150/2/1028
f 4147/4/1029 4151/7/1032 4150/2/1028
f 4148/6/1031 4152/46/1031 4151/7/1032
f 4153/15/1033 4154/19/1036 4158/16/1034
f 4155/18/1035 4159/21/1038 4158/16/1034
f 4156/20/1600 4160/47/1123 4159/21/1038
f 4161/10/1039 4162/8/1042 4166/12/1153
f 4162/8/1042 4163/11/1045 4167/14/1043
f 4164/22/1044 4168/13/1124 4167/14/1043
f 4169/23/1046 4170/27/1050 4174/24/1047
f 4171/26/1049 4175/29/1052 4174/24/1047
f 4172/28/1051 4176/45/1125 4175/29/1052
f 4177/10/1053 4178/8/1056 4182/12/1154
f 4179/11/1055 4183/14/1058 4182/12/1154
f 4180/22/1057 4184/13/1126 4183/14/1058
f 4185/30/1059 4186/34/1062 4190/31/1155
f 4187/33/1061 4191/36/1064 4190/31/1155
f 4188/35/1063 4192/44/1063 4191/36/1064
f 4193/1/1065 4194/5/1069 4198/2/1157
f 4195/4/1068 4199/7/1158 4198/2/1157
f 4196/6/1127 4200/46/1127 4199/7/1158
f 4201/37/1072 4202/41/1075 4206/38/1601
f 4203/40/1074 4207/43/1159 4206/38/1601
f 4204/42/1602 4208/48/1128 4207/43/1159
f 4209/15/1078 4210/19/1081 4214/16/1079
f 4211/18/1080 4215/21/1083 4214/16/1079
f 4212/20/1082 4216/47/1082 4215/21/1083
f 4217/30/1084 4218/34/1087 4222/31/1603
f 4219/33/1086 4223/36/1089 4222/31/1603
f 4220/35/1088 4224/44/1088 4223/36/1089
f 4225/1/1161 4226/5/1199 4230/2/1091
f 4227/4/1092 4231/7/1095 4230/2/1091
f 4228/6/1094 4232/46/1094 4231/7/1095
f 4233/37/1096 4234/41/1099 4238/38/1097
f 4235/40/1098 4239/43/1604 4238/38/1097
f 4236/42/1100 4240/48/1100 4239/43/1604
f 4241/1/1202 4246/2/1203 4245/3/1202
f 4243/4/1204 4246/2/1203 4242/5/1205
f 4244/6/1206 4247/7/1207 4243/4/1204
f 4250/8/1208 4253/9/1209 4249/10/1209
f 4251/11/1210 4254/12/1211 4250/8/1208
f 4251/11/1210 4256/13/1212 4255/14/1213
f 4257/15/1214 4262/16/1215 4261/17/1214
f 4259/18/1605 4262/16/1215 4258/19/1217
f 4260/20/1218 4263/21/1219 4259/18/1605
f 4265/10/1220 4270/12/1561 4269/9/1220
f 4267/11/1222 4270/12/1561 4266/8/1223
f 4268/22/1224 4271/14/1225 4267/11/1222
f 4273/23/1226 4278/24/1227 4277/25/1228
f 4275/26/1229 4278/24/1227 4274/27/1230
f 4276/28/1231 4279/29/1232 4275/26/1229
f 4281/10/1233 4286/12/1234 4285/9/1233
f 4282/8/1235 4287/14/1236 4286/12/1234
f 4284/22/1237 4287/14/1236 4283/11/1238
f 4289/30/1239 4294/31/1240 4293/32/1239
f 4291/33/1241 4294/31/1240 4290/34/1242
f 4292/35/1243 4295/36/1244 4291/33/1241
f 4297/15/1245 4302/16/1246 4301/17/1245
f 4299/18/1247 4302/16/1246 4298/19/1248
f 4300/20/1249 4303/21/1250 4299/18/1247
f 4305/37/1251 4310/38/1562 4309/39/1251
f 4307/40/1253 4310/38/1562 4306/41/1606
f 4308/42/1255 4311/43/1256 4307/40/1253
f 4314/34/1257 4317/32/1258 4313/30/1259
f 4315/33/1564 4318/31/1261 4314/34/1257
f 4315/33/1564 4320/44/1262 4319/36/1263
f 4321/10/1264 4326/12/1265 4325/9/1264
f 4323/11/1266 4326/12/1265 4322/8/1267
f 4324/22/1268 4327/14/1269 4323/11/1266
f 4329/23/1270 4334/24/1271 4333/25/1607
f 4331/26/1272 4334/24/1271 4330/27/1273
f 4331/26/1272 4336/45/1274 4335/29/1608
f 4338/19/1276 4341/17/1277 4337/15/1277
f 4339/18/1278 4342/16/1279 4338/19/1276
f 4340/20/1280 4343/21/1281 4339/18/1278
f 4345/10/1282 4350/12/1283 4349/9/1284
f 4346/8/1285 4351/14/1286 4350/12/1283
f 4347/11/1287 4352/13/1288 4351/14/1286
f 4353/23/1289 4358/24/1290 4357/25/1609
f 4355/26/1292 4358/24/1290 4354/27/1293
f 4356/28/1294 4359/29/1295 4355/26/1292
f 4361/10/1296 4366/12/1297 4365/9/1610
f 4363/11/1299 4366/12/1297 4362/8/1300
f 4364/22/1301 4367/14/1302 4363/11/1299
f 4369/30/1303 4374/31/1304 4373/32/1303
f 4371/33/1305 4374/31/1304 4370/34/1306
f 4372/35/1307 4375/36/1308 4371/33/1305
f 4377/15/1309 4382/16/1310 4381/17/1309
f 4379/18/1311 4382/16/1310 4378/19/1568
f 4380/20/1313 4383/21/1314 4379/18/1311
f 4385/37/1315 4390/38/1316 4389/39/1315
f 4387/40/1317 4390/38/1316 4386/41/1318
f 4388/42/1319 4391/43/1320 4387/40/1317
f 4393/1/1321 4398/2/1322 4397/3/1321
f 4395/4/1323 4398/2/1322 4394/5/1324
f 4395/4/1323 4400/46/1325 4399/7/1326
f 4401/1/1327 4406/2/1328 4405/3/1570
f 4403/4/1329 4406/2/1328 4402/5/1330
f 4404/6/1331 4407/7/1332 4403/4/1329
f 4409/23/1333 4414/24/1334 4413/25/1333
f 4411/26/1335 4414/24/1334 4410/27/1336
f 4411/26/1335 4416/45/1337 4415/29/1611
f 4417/10/1339 4422/12/1340 4421/9/1339
f 4418/8/1341 4423/14/1342 4422/12/1340
f 4420/22/1343 4423/14/1342 4419/11/1344
f 4425/30/1345 4430/31/1346 4429/32/1345
f 4426/34/1347 4431/36/1348 4430/31/1346
f 4428/35/1349 4431/36/1348 4427/33/1350
f 4433/10/1353 4438/12/1352 4437/9/1353
f 4435/11/1354 4438/12/1352 4434/8/1355
f 4436/22/1571 4439/14/1357 4435/11/1354
f 4442/19/1572 4445/17/1359 4441/15/1359
f 4443/18/1360 4446/16/1361 4442/19/1572
f 4444/20/1362 4447/21/1363 4443/18/1360
f 4449/1/1364 4454/2/1365 4453/3/1364
f 4451/4/1366 4454/2/1365 4450/5/1367
f 4452/6/1368 4455/7/1369 4451/4/1366
f 4458/8/1370 4461/9/1371 4457/10/1372
f 4459/11/1373 4462/12/1574 4458/8/1370
f 4460/22/1375 4463/14/1575 4459/11/1373
f 4466/19/1377 4469/17/1378 4465/15/1378
f 4467/18/1612 4470/16/1380 4466/19/1377
f 4468/20/1381 4471/21/1382 4467/18/1612
f 4474/41/1383 4477/39/1384 4473/37/1385
f 4475/40/1386 4478/38/1576 4474/41/1383
f 4476/42/1388 4479/43/1389 4475/40/1386
f 4481/15/1390 4486/16/1391 4485/17/1390
f 4483/18/1578 4486/16/1391 4482/19/1393
f 4484/20/1579 4487/21/1395 4483/18/1578
f 4489/30/1396 4494/31/1397 4493/32/1396
f 4491/33/1398 4494/31/1397 4490/34/1399
f 4492/35/1400 4495/36/1401 4491/33/1398
f 4498/8/1402 4501/9/1580 4497/10/1404
f 4499/11/1405 4502/12/1406 4498/8/1402
f 4500/22/1407 4503/14/1408 4499/11/1405
f 4505/23/1409 4510/24/1410 4509/25/1409
f 4507/26/1411 4510/24/1410 4506/27/1412
f 4507/26/1411 4512/45/1413 4511/29/1414
f 4513/15/1415 4518/16/1416 4517/17/1415
f 4515/18/1581 4518/16/1416 4514/19/1418
f 4516/20/1419 4519/21/1582 4515/18/1581
f 4521/10/1421 4526/12/1422 4525/9/1423
f 4522/8/1424 4527/14/1425 4526/12/1422
f 4524/22/1426 4527/14/1425 4523/11/1427
f 4529/23/1428 4534/24/1429 4533/25/1428
f 4531/26/1430 4534/24/1429 4530/27/1431
f 4531/26/1430 4536/45/1432 4535/29/1433
f 4537/10/1434 4542/12/1435 4541/9/1436
f 4539/11/1437 4542/12/1435 4538/8/1438
f 4540/22/1439 4543/14/1440 4539/11/1437
f 4545/30/1441 4550/31/1442 4549/32/1441
f 4547/33/1443 4550/31/1442 4546/34/1444
f 4548/35/1445 4551/36/1446 4547/33/1443
f 4553/15/1447 4558/16/1448 4557/17/1447
f 4555/18/1449 4558/16/1448 4554/19/1450
f 4556/20/1451 4559/21/1452 4555/18/1449
f 4561/37/1453 4566/38/1613 4565/39/1453
f 4563/40/1455 4566/38/1613 4562/41/1456
f 4564/42/1457 4567/43/1458 4563/40/1455
f 4569/1/1459 4574/2/1460 4573/3/1459
f 4571/4/1461 4574/2/1460 4570/5/1614
f 4572/6/1463 4575/7/1464 4571/4/1461
f 4577/15/1465 4582/16/1466 4581/17/1465
f 4579/18/1467 4582/16/1466 4578/19/1615
f 4580/20/1469 4583/21/1470 4579/18/1467
f 4585/10/1471 4590/12/1472 4589/9/1473
f 4586/8/1474 4591/14/1475 4590/12/1472
f 4588/22/1476 4591/14/1475 4587/11/1477
f 4593/23/1585 4598/24/1479 4597/25/1480
f 4595/26/1481 4598/24/1479 4594/27/1482
f 4596/28/1483 4599/29/1586 4595/26/1481
f 4601/10/1485 4606/12/1486 4605/9/1485
f 4603/11/1487 4606/12/1486 4602/8/1488
f 4604/22/1489 4607/14/1490 4603/11/1487
f 4609/30/1491 4614/31/1492 4613/32/1491
f 4611/33/1493 4614/31/1492 4610/34/1494
f 4612/35/1495 4615/36/1496 4611/33/1493
f 4617/1/1497 4622/2/1498 4621/3/1497
f 4619/4/1499 4622/2/1498 4618/5/1500
f 4620/6/1501 4623/7/1502 4619/4/1499
f 4625/37/1503 4630/38/1589 4629/39/1503
f 4627/40/1505 4630/38/1589 4626/41/1506
f 4628/42/1507 4631/43/1508 4627/40/1505
f 4633/15/1509 4638/16/1510 4637/17/1509
f 4635/18/1511 4638/16/1510 4634/19/1512
f 4636/20/1513 4639/21/1514 4635/18/1511
f 4641/30/1515 4646/31/1616 4645/32/1515
f 4643/33/1517 4646/31/1616 4642/34/1518
f 4644/35/1519 4647/36/1520 4643/33/1517
f 4649/1/1521 4654/2/1522 4653/3/1521
f 4651/4/1523 4654/2/1522 4650/5/1524
f 4652/6/1525 4655/7/1526 4651/4/1523
f 4657/37/1527 4662/38/1528 4661/39/1527
f 4659/40/1529 4662/38/1528 4658/41/1530
f 4660/42/1531 4663/43/1617 4659/40/1529
f 4241/1/1202 4242/5/1205 4246/2/1203
f 4243/4/1204 4247/7/1207 4246/2/1203
f 4244/6/1206 4248/46/1206 4247/7/1207
f 4250/8/1208 4254/12/1211 4253/9/1209
f 4251/11/1210 4255/14/1213 4254/12/1211
f 4251/11/1210 4252/22/1212 4256/13/1212
f 4257/15/1214 4258/19/1217 4262/16/1215
f 4259/18/1605 4263/21/1219 4262/16/1215
f 4260/20/1218 4264/47/1593 4263/21/1219
f 4265/10/1220 4266/8/1223 4270/12/1561
f 4267/11/1222 4271/14/1225 4270/12/1561
f 4268/22/1224 4272/13/1224 4271/14/1225
f 4273/23/1226 4274/27/1230 4278/24/1227
f 4275/26/1229 4279/29/1232 4278/24/1227
f 4276/28/1231 4280/45/1534 4279/29/1232
f 4281/10/1233 4282/8/1235 4286/12/1234
f 4282/8/1235 4283/11/1238 4287/14/1236
f 4284/22/1237 4288/13/1237 4287/14/1236
f 4289/30/1239 4290/34/1242 4294/31/1240
f 4291/33/1241 4295/36/1244 4294/31/1240
f 4292/35/1243 4296/44/1243 4295/36/1244
f 4297/15/1245 4298/19/1248 4302/16/1246
f 4299/18/1247 4303/21/1250 4302/16/1246
f 4300/20/1249 4304/47/1594 4303/21/1250
f 4305/37/1251 4306/41/1606 4310/38/1562
f 4307/40/1253 4311/43/1256 4310/38/1562
f 4308/42/1255 4312/48/1255 4311/43/1256
f 4314/34/1257 4318/31/1261 4317/32/1258
f 4315/33/1564 4319/36/1263 4318/31/1261
f 4315/33/1564 4316/35/1536 4320/44/1262
f 4321/10/1264 4322/8/1267 4326/12/1265
f 4323/11/1266 4327/14/1269 4326/12/1265
f 4324/22/1268 4328/13/1537 4327/14/1269
f 4329/23/1270 4330/27/1273 4334/24/1271
f 4331/26/1272 4335/29/1608 4334/24/1271
f 4331/26/1272 4332/28/1538 4336/45/1274
f 4338/19/1276 4342/16/1279 4341/17/1277
f 4339/18/1278 4343/21/1281 4342/16/1279
f 4340/20/1280 4344/47/1280 4343/21/1281
f 4345/10/1282 4346/8/1285 4350/12/1283
f 4346/8/1285 4347/11/1287 4351/14/1286
f 4347/11/1287 4348/22/1595 4352/13/1288
f 4353/23/1289 4354/27/1293 4358/24/1290
f 4355/26/1292 4359/29/1295 4358/24/1290
f 4356/28/1294 4360/45/1540 4359/29/1295
f 4361/10/1296 4362/8/1300 4366/12/1297
f 4363/11/1299 4367/14/1302 4366/12/1297
f 4364/22/1301 4368/13/1301 4367/14/1302
f 4369/30/1303 4370/34/1306 4374/31/1304
f 4371/33/1305 4375/36/1308 4374/31/1304
f 4372/35/1307 4376/44/1307 4375/36/1308
f 4377/15/1309 4378/19/1568 4382/16/1310
f 4379/18/1311 4383/21/1314 4382/16/1310
f 4380/20/1313 4384/47/1313 4383/21/1314
f 4385/37/1315 4386/41/1318 4390/38/1316
f 4387/40/1317 4391/43/1320 4390/38/1316
f 4388/42/1319 4392/48/1319 4391/43/1320
f 4393/1/1321 4394/5/1324 4398/2/1322
f 4395/4/1323 4399/7/1326 4398/2/1322
f 4395/4/1323 4396/6/1542 4400/46/1325
f 4401/1/1327 4402/5/1330 4406/2/1328
f 4403/4/1329 4407/7/1332 4406/2/1328
f 4404/6/1331 4408/46/1331 4407/7/1332
f 4409/23/1333 4410/27/1336 4414/24/1334
f 4411/26/1335 4415/29/1611 4414/24/1334
f 4411/26/1335 4412/28/1337 4416/45/1337
f 4417/10/1339 4418/8/1341 4422/12/1340
f 4418/8/1341 4419/11/1344 4423/14/1342
f 4420/22/1343 4424/13/1596 4423/14/1342
f 4425/30/1345 4426/34/1347 4430/31/1346
f 4426/34/1347 4427/33/1350 4431/36/1348
f 4428/35/1349 4432/44/1544 4431/36/1348
f 4433/10/1353 4434/8/1355 4438/12/1352
f 4435/11/1354 4439/14/1357 4438/12/1352
f 4436/22/1571 4440/13/1571 4439/14/1357
f 4442/19/1572 4446/16/1361 4445/17/1359
f 4443/18/1360 4447/21/1363 4446/16/1361
f 4444/20/1362 4448/47/1545 4447/21/1363
f 4449/1/1364 4450/5/1367 4454/2/1365
f 4451/4/1366 4455/7/1369 4454/2/1365
f 4452/6/1368 4456/46/1368 4455/7/1369
f 4458/8/1370 4462/12/1574 4461/9/1371
f 4459/11/1373 4463/14/1575 4462/12/1574
f 4460/22/1375 4464/13/1597 4463/14/1575
f 4466/19/1377 4470/16/1380 4469/17/1378
f 4467/18/1612 4471/21/1382 4470/16/1380
f 4468/20/1381 4472/47/1381 4471/21/1382
f 4474/41/1383 4478/38/1576 4477/39/1384
f 4475/40/1386 4479/43/1389 4478/38/1576
f 4476/42/1388 4480/48/1547 4479/43/1389
f 4481/15/1390 4482/19/1393 4486/16/1391
f 4483/18/1578 4487/21/1395 4486/16/1391
f 4484/20/1579 4488/47/1548 4487/21/1395
f 4489/30/1396 4490/34/1399 4494/31/1397
f 4491/33/1398 4495/36/1401 4494/31/1397
f 4492/35/1400 4496/44/1549 4495/36/1401
f 4498/8/1402 4502/12/1406 4501/9/1580
f 4499/11/1405 4503/14/1408 4502/12/1406
f 4500/22/1407 4504/13/1550 4503/14/1408
f 4505/23/1409 4506/27/1412 4510/24/1410
f 4507/26/1411 4511/29/1414 4510/24/1410
f 4507/26/1411 4508/28/1618 4512/45/1413
f 4513/15/1415 4514/19/1418 4518/16/1416
f 4515/18/1581 4519/21/1582 4518/16/1416
f 4516/20/1419 4520/47/1419 4519/21/1582
f 4521/10/1421 4522/8/1424 4526/12/1422
f 4522/8/1424 4523/11/1427 4527/14/1425
f 4524/22/1426 4528/13/1552 4527/14/1425
f 4529/23/1428 4530/27/1431 4534/24/1429
f 4531/26/1430 4535/29/1433 4534/24/1429
f 4531/26/1430 4532/28/1553 4536/45/1432
f 4537/10/1434 4538/8/1438 4542/12/1435
f 4539/11/1437 4543/14/1440 4542/12/1435
f 4540/22/1439 4544/13/1439 4543/14/1440
f 4545/30/1441 4546/34/1444 4550/31/1442
f 4547/33/1443 4551/36/1446 4550/31/1442
f 4548/35/1445 4552/44/1445 4551/36/1446
f 4553/15/1447 4554/19/1450 4558/16/1448
f 4555/18/1449 4559/21/1452 4558/16/1448
f 4556/20/1451 4560/47/1554 4559/21/1452
f 4561/37/1453 4562/41/1456 4566/38/1613
f 4563/40/1455 4567/43/1458 4566/38/1613
f 4564/42/1457 4568/48/1457 4567/43/1458
f 4569/1/1459 4570/5/1614 4574/2/1460
f 4571/4/1461 4575/7/1464 4574/2/1460
f 4572/6/1463 4576/46/1463 4575/7/1464
f 4577/15/1465 4578/19/1615 4582/16/1466
f 4579/18/1467 4583/21/1470 4582/16/1466
f 4580/20/1469 4584/47/1555 4583/21/1470
f 4585/10/1471 4586/8/1474 4590/12/1472
f 4586/8/1474 4587/11/1477 4591/14/1475
f 4588/22/1476 4592/13/1556 4591/14/1475
f 4593/23/1585 4594/27/1482 4598/24/1479
f 4595/26/1481 4599/29/1586 4598/24/1479
f 4596/28/1483 4600/45/1557 4599/29/1586
f 4601/10/1485 4602/8/1488 4606/12/1486
f 4603/11/1487 4607/14/1490 4606/12/1486
f 4604/22/1489 4608/13/1558 4607/14/1490
f 4609/30/1491 4610/34/1494 4614/31/1492
f 4611/33/1493 4615/36/1496 4614/31/1492
f 4612/35/1495 4616/44/1495 4615/36/1496
f 4617/1/1497 4618/5/1500 4622/2/1498
f 4619/4/1499 4623/7/1502 4622/2/1498
f 4620/6/1501 4624/46/1501 4623/7/1502
f 4625/37/1503 4626/41/1506 4630/38/1589
f 4627/40/1505 4631/43/1508 4630/38/1589
f 4628/42/1507 4632/48/1560 4631/43/1508
f 4633/15/1509 4634/19/1512 4638/16/1510
f 4635/18/1511 4639/21/1514 4638/16/1510
f 4636/20/1513 4640/47/1513 4639/21/1514
f 4641/30/1515 4642/34/1518 4646/31/1616
f 4643/33/1517 4647/36/1520 4646/31/1616
f 4644/35/1519 4648/44/1519 4647/36/1520
f 4649/1/1521 4650/5/1524 4654/2/1522
f 4651/4/1523 4655/7/1526 4654/2/1522
f 4652/6/1525 4656/46/1525 4655/7/1526
f 4657/37/1527 4658/41/1530 4662/38/1528
f 4659/40/1529 4663/43/1617 4662/38/1528
f 4660/42/1531 4664/48/1531 4663/43/1617
f 4665/1/1619 4670/2/1620 4669/3/1619
f 4667/4/1621 4670/2/1620 4666/5/1622
f 4668/6/1623 4671/7/1624 4667/4/1621
f 4674/8/1625 4677/9/1626 4673/10/1626
f 4675/11/1627 4678/12/1628 4674/8/1625
f 4675/11/1627 4680/13/1629 4679/14/1630
f 4681/15/1631 4686/16/1632 4685/17/1631
f 4683/18/1633 4686/16/1632 4682/19/1634
f 4684/20/1635 4687/21/1636 4683/18/1633
f 4689/10/1637 4694/12/1638 4693/9/1637
f 4691/11/1639 4694/12/1638 4690/8/1640
f 4692/22/1641 4695/14/1642 4691/11/1639
f 4697/23/1643 4702/24/1644 4701/25/1645
f 4699/26/1646 4702/24/1644 4698/27/1647
f 4700/28/1648 4703/29/1649 4699/26/1646
f 4705/10/1650 4710/12/1651 4709/9/1650
f 4706/8/1652 4711/14/1653 4710/12/1651
f 4708/22/1654 4711/14/1653 4707/11/1655
f 4713/30/1656 4718/31/1657 4717/32/1656
f 4715/33/1658 4718/31/1657 4714/34/1659
f 4716/35/1660 4719/36/1661 4715/33/1658
f 4721/15/1662 4726/16/1663 4725/17/1662
f 4723/18/1664 4726/16/1663 4722/19/1665
f 4724/20/1666 4727/21/1667 4723/18/1664
f 4729/37/1668 4734/38/1669 4733/39/1668
f 4731/40/1670 4734/38/1669 4730/41/1671
f 4732/42/1672 4735/43/1673 4731/40/1670
f 4738/34/1674 4741/32/1675 4737/30/1676
f 4739/33/1677 4742/31/1678 4738/34/1674
f 4739/33/1677 4744/44/1679 4743/36/1680
f 4745/10/1681 4750/12/1682 4749/9/1681
f 4747/11/1683 4750/12/1682 4746/8/1684
f 4748/22/1685 4751/14/1686 4747/11/1683
f 4753/23/1687 4758/24/1688 4757/25/1687
f 4755/26/1689 4758/24/1688 4754/27/1690
f 4755/26/1689 4760/45/1691 4759/29/1692
f 4762/19/1693 4765/17/1694 4761/15/1694
f 4763/18/1695 4766/16/1696 4762/19/1693
f 4764/20/1697 4767/21/1698 4763/18/1695
f 4769/10/1699 4774/12/1700 4773/9/1701
f 4770/8/1702 4775/14/1703 4774/12/1700
f 4771/11/1704 4776/13/1705 4775/14/1703
f 4777/23/1706 4782/24/1707 4781/25/1708
f 4779/26/1709 4782/24/1707 4778/27/1710
f 4780/28/1711 4783/29/1712 4779/26/1709
f 4785/10/1713 4790/12/1714 4789/9/1715
f 4787/11/1716 4790/12/1714 4786/8/1717
f 4788/22/1718 4791/14/1719 4787/11/1716
f 4793/30/1720 4798/31/1721 4797/32/1720
f 4795/33/1722 4798/31/1721 4794/34/1723
f 4796/35/1724 4799/36/1725 4795/33/1722
f 4801/15/1726 4806/16/1727 4805/17/1726
f 4803/18/1728 4806/16/1727 4802/19/1729
f 4804/20/1730 4807/21/1731 4803/18/1728
f 4809/37/1732 4814/38/1733 4813/39/1732
f 4811/40/1734 4814/38/1733 4810/41/1735
f 4812/42/1736 4815/43/1737 4811/40/1734
f 4817/1/1738 4822/2/1739 4821/3/1738
f 4819/4/1740 4822/2/1739 4818/5/1741
f 4819/4/1740 4824/46/1742 4823/7/1743
f 4825/1/1744 4830/2/1745 4829/3/1744
f 4827/4/1746 4830/2/1745 4826/5/1747
f 4828/6/1748 4831/7/1749 4827/4/1746
f 4833/23/1750 4838/24/1751 4837/25/1750
f 4835/26/1752 4838/24/1751 4834/27/1753
f 4835/26/1752 4840/45/1754 4839/29/1755
f 4841/10/1756 4846/12/1757 4845/9/1756
f 4842/8/1758 4847/14/1759 4846/12/1757
f 4844/22/1760 4847/14/1759 4843/11/1761
f 4849/30/1762 4854/31/1763 4853/32/1762
f 4850/34/1764 4855/36/1765 4854/31/1763
f 4852/35/1766 4855/36/1765 4851/33/1767
f 4857/10/1768 4862/12/1769 4861/9/1768
f 4859/11/1770 4862/12/1769 4858/8/1771
f 4860/22/1772 4863/14/1773 4859/11/1770
f 4866/19/1774 4869/17/1775 4865/15/1776
f 4867/18/1777 4870/16/1778 4866/19/1774
f 4868/20/1779 4871/21/1780 4867/18/1777
f 4873/1/1781 4878/2/1782 4877/3/1781
f 4875/4/1783 4878/2/1782 4874/5/1784
f 4876/6/1785 4879/7/1786 4875/4/1783
f 4882/8/1787 4885/9/1788 4881/10/1789
f 4883/11/1790 4886/12/1791 4882/8/1787
f 4884/22/1792 4887/14/1793 4883/11/1790
f 4890/19/1794 4893/17/1795 4889/15/1795
f 4891/18/1796 4894/16/1797 4890/19/1794
f 4892/20/1798 4895/21/1799 4891/18/1796
f 4898/41/1800 4901/39/1801 4897/37/1802
f 4899/40/1803 4902/38/1804 4898/41/1800
f 4900/42/1805 4903/43/1806 4899/40/1803
f 4905/15/1807 4910/16/1808 4909/17/1807
f 4907/18/1809 4910/16/1808 4906/19/1810
f 4908/20/1811 4911/21/1812 4907/18/1809
f 4913/30/1813 4918/31/1814 4917/32/1813
f 4915/33/1815 4918/31/1814 4914/34/1816
f 4916/35/1817 4919/36/1818 4915/33/1815
f 4922/8/1819 4925/9/1820 4921/10/1821
f 4923/11/1822 4926/12/1823 4922/8/1819
f 4924/22/1824 4927/14/1825 4923/11/1822
f 4929/23/1826 4934/24/1827 4933/25/1826
f 4931/26/1828 4934/24/1827 4930/27/1829
f 4931/26/1828 4936/45/1830 4935/29/1831
f 4937/15/1832 4942/16/1833 4941/17/1832
f 4939/18/1834 4942/16/1833 4938/19/1835
f 4940/20/1836 4943/21/1837 4939/18/1834
f 4945/10/1838 4950/12/1839 4949/9/1840
f 4946/8/1841 4951/14/1842 4950/12/1839
f 4948/22/1843 4951/14/1842 4947/11/1844
f 4953/23/1845 4958/24/1846 4957/25/1845
f 4955/26/1847 4958/24/1846 4954/27/1848
f 4955/26/1847 4960/45/1849 4959/29/1850
f 4961/10/1851 4966/12/1852 4965/9/1853
f 4963/11/1854 4966/12/1852 4962/8/1855
f 4964/22/1856 4967/14/1857 4963/11/1854
f 4969/30/1858 4974/31/1859 4973/32/1858
f 4971/33/1860 4974/31/1859 4970/34/1861
f 4972/35/1862 4975/36/1863 4971/33/1860
f 4977/15/1864 4982/16/1865 4981/17/1864
f 4979/18/1866 4982/16/1865 4978/19/1867
f 4980/20/1868 4983/21/1869 4979/18/1866
f 4985/37/1870 4990/38/1871 4989/39/1870
f 4987/40/1872 4990/38/1871 4986/41/1873
f 4988/42/1874 4991/43/1875 4987/40/1872
f 4993/1/1876 4998/2/1877 4997/3/1876
f 4995/4/1878 4998/2/1877 4994/5/1879
f 4996/6/1880 4999/7/1881 4995/4/1878
f 5001/15/1882 5006/16/1883 5005/17/1882
f 5003/18/1884 5006/16/1883 5002/19/1885
f 5004/20/1886 5007/21/1887 5003/18/1884
f 5009/10/1888 5014/12/1889 5013/9/1890
f 5010/8/1891 5015/14/1892 5014/12/1889
f 5012/22/1893 5015/14/1892 5011/11/1894
f 5017/23/1895 5022/24/1896 5021/25/1897
f 5019/26/1898 5022/24/1896 5018/27/1899
f 5020/28/1900 5023/29/1901 5019/26/1898
f 5025/10/1902 5030/12/1903 5029/9/1902
f 5027/11/1904 5030/12/1903 5026/8/1905
f 5028/22/1906 5031/14/1907 5027/11/1904
f 5033/30/1908 5038/31/1909 5037/32/1908
f 5035/33/1910 5038/31/1909 5034/34/1911
f 5036/35/1912 5039/36/1913 5035/33/1910
f 5041/1/1914 5046/2/1915 5045/3/1914
f 5043/4/1916 5046/2/1915 5042/5/1917
f 5044/6/1918 5047/7/1919 5043/4/1916
f 5049/37/1920 5054/38/1921 5053/39/1920
f 5051/40/1922 5054/38/1921 5050/41/1923
f 5052/42/1924 5055/43/1925 5051/40/1922
f 5057/15/1926 5062/16/1927 5061/17/1926
f 5059/18/1928 5062/16/1927 5058/19/1929
f 5060/20/1930 5063/21/1931 5059/18/1928
f 5065/30/1932 5070/31/1933 5069/32/1932
f 5067/33/1934 5070/31/1933 5066/34/1935
f 5068/35/1936 5071/36/1937 5067/33/1934
f 5073/1/1938 5078/2/1939 5077/3/1938
f 5075/4/1940 5078/2/1939 5074/5/1941
f 5076/6/1942 5079/7/1943 5075/4/1940
f 5081/37/1944 5086/38/1945 5085/39/1944
f 5083/40/1946 5086/38/1945 5082/41/1947
f 5084/42/1948 5087/43/1949 5083/40/1946
f 4665/1/1619 4666/5/1622 4670/2/1620
f 4667/4/1621 4671/7/1624 4670/2/1620
f 4668/6/1623 4672/46/1623 4671/7/1624
f 4674/8/1625 4678/12/1628 4677/9/1626
f 4675/11/1627 4679/14/1630 4678/12/1628
f 4675/11/1627 4676/22/1629 4680/13/1629
f 4681/15/1631 4682/19/1634 4686/16/1632
f 4683/18/1633 4687/21/1636 4686/16/1632
f 4684/20/1635 4688/47/1950 4687/21/1636
f 4689/10/1637 4690/8/1640 4694/12/1638
f 4691/11/1639 4695/14/1642 4694/12/1638
f 4692/22/1641 4696/13/1641 4695/14/1642
f 4697/23/1643 4698/27/1647 4702/24/1644
f 4699/26/1646 4703/29/1649 4702/24/1644
f 4700/28/1648 4704/45/1951 4703/29/1649
f 4705/10/1650 4706/8/1652 4710/12/1651
f 4706/8/1652 4707/11/1655 4711/14/1653
f 4708/22/1654 4712/13/1654 4711/14/1653
f 4713/30/1656 4714/34/1659 4718/31/1657
f 4715/33/1658 4719/36/1661 4718/31/1657
f 4716/35/1660 4720/44/1660 4719/36/1661
f 4721/15/1662 4722/19/1665 4726/16/1663
f 4723/18/1664 4727/21/1667 4726/16/1663
f 4724/20/1666 4728/47/1952 4727/21/1667
f 4729/37/1668 4730/41/1671 4734/38/1669
f 4731/40/1670 4735/43/1673 4734/38/1669
f 4732/42/1672 4736/48/1672 4735/43/1673
f 4738/34/1674 4742/31/1678 4741/32/1675
f 4739/33/1677 4743/36/1680 4742/31/1678
f 4739/33/1677 4740/35/1953 4744/44/1679
f 4745/10/1681 4746/8/1684 4750/12/1682
f 4747/11/1683 4751/14/1686 4750/12/1682
f 4748/22/1685 4752/13/1954 4751/14/1686
f 4753/23/1687 4754/27/1690 4758/24/1688
f 4755/26/1689 4759/29/1692 4758/24/1688
f 4755/26/1689 4756/28/1955 4760/45/1691
f 4762/19/1693 4766/16/1696 4765/17/1694
f 4763/18/1695 4767/21/1698 4766/16/1696
f 4764/20/1697 4768/47/1697 4767/21/1698
f 4769/10/1699 4770/8/1702 4774/12/1700
f 4770/8/1702 4771/11/1704 4775/14/1703
f 4771/11/1704 4772/22/1956 4776/13/1705
f 4777/23/1706 4778/27/1710 4782/24/1707
f 4779/26/1709 4783/29/1712 4782/24/1707
f 4780/28/1711 4784/45/1957 4783/29/1712
f 4785/10/1713 4786/8/1717 4790/12/1714
f 4787/11/1716 4791/14/1719 4790/12/1714
f 4788/22/1718 4792/13/1718 4791/14/1719
f 4793/30/1720 4794/34/1723 4798/31/1721
f 4795/33/1722 4799/36/1725 4798/31/1721
f 4796/35/1724 4800/44/1724 4799/36/1725
f 4801/15/1726 4802/19/1729 4806/16/1727
f 4803/18/1728 4807/21/1731 4806/16/1727
f 4804/20/1730 4808/47/1730 4807/21/1731
f 4809/37/1732 4810/41/1735 4814/38/1733
f 4811/40/1734 4815/43/1737 4814/38/1733
f 4812/42/1736 4816/48/1736 4815/43/1737
f 4817/1/1738 4818/5/1741 4822/2/1739
f 4819/4/1740 4823/7/1743 4822/2/1739
f 4819/4/1740 4820/6/1958 4824/46/1742
f 4825/1/1744 4826/5/1747 4830/2/1745
f 4827/4/1746 4831/7/1749 4830/2/1745
f 4828/6/1748 4832/46/1748 4831/7/1749
f 4833/23/1750 4834/27/1753 4838/24/1751
f 4835/26/1752 4839/29/1755 4838/24/1751
f 4835/26/1752 4836/28/1754 4840/45/1754
f 4841/10/1756 4842/8/1758 4846/12/1757
f 4842/8/1758 4843/11/1761 4847/14/1759
f 4844/22/1760 4848/13/1959 4847/14/1759
f 4849/30/1762 4850/34/1764 4854/31/1763
f 4850/34/1764 4851/33/1767 4855/36/1765
f 4852/35/1766 4856/44/1960 4855/36/1765
f 4857/10/1768 4858/8/1771 4862/12/1769
f 4859/11/1770 4863/14/1773 4862/12/1769
f 4860/22/1772 4864/13/1772 4863/14/1773
f 4866/19/1774 4870/16/1778 4869/17/1775
f 4867/18/1777 4871/21/1780 4870/16/1778
f 4868/20/1779 4872/47/1961 4871/21/1780
f 4873/1/1781 4874/5/1784 4878/2/1782
f 4875/4/1783 4879/7/1786 4878/2/1782
f 4876/6/1785 4880/46/1785 4879/7/1786
f 4882/8/1787 4886/12/1791 4885/9/1788
f 4883/11/1790 4887/14/1793 4886/12/1791
f 4884/22/1792 4888/13/1962 4887/14/1793
f 4890/19/1794 4894/16/1797 4893/17/1795
f 4891/18/1796 4895/21/1799 4894/16/1797
f 4892/20/1798 4896/47/1798 4895/21/1799
f 4898/41/1800 4902/38/1804 4901/39/1801
f 4899/40/1803 4903/43/1806 4902/38/1804
f 4900/42/1805 4904/48/1963 4903/43/1806
f 4905/15/1807 4906/19/1810 4910/16/1808
f 4907/18/1809 4911/21/1812 4910/16/1808
f 4908/20/1811 4912/47/1964 4911/21/1812
f 4913/30/1813 4914/34/1816 4918/31/1814
f 4915/33/1815 4919/36/1818 4918/31/1814
f 4916/35/1817 4920/44/1965 4919/36/1818
f 4922/8/1819 4926/12/1823 4925/9/1820
f 4923/11/1822 4927/14/1825 4926/12/1823
f 4924/22/1824 4928/13/1966 4927/14/1825
f 4929/23/1826 4930/27/1829 4934/24/1827
f 4931/26/1828 4935/29/1831 4934/24/1827
f 4931/26/1828 4932/28/1967 4936/45/1830
f 4937/15/1832 4938/19/1835 4942/16/1833
f 4939/18/1834 4943/21/1837 4942/16/1833
f 4940/20/1836 4944/47/1836 4943/21/1837
f 4945/10/1838 4946/8/1841 4950/12/1839
f 4946/8/1841 4947/11/1844 4951/14/1842
f 4948/22/1843 4952/13/1968 4951/14/1842
f 4953/23/1845 4954/27/1848 4958/24/1846
f 4955/26/1847 4959/29/1850 4958/24/1846
f 4955/26/1847 4956/28/1969 4960/45/1849
f 4961/10/1851 4962/8/1855 4966/12/1852
f 4963/11/1854 4967/14/1857 4966/12/1852
f 4964/22/1856 4968/13/1856 4967/14/1857
f 4969/30/1858 4970/34/1861 4974/31/1859
f 4971/33/1860 4975/36/1863 4974/31/1859
f 4972/35/1862 4976/44/1862 4975/36/1863
f 4977/15/1864 4978/19/1867 4982/16/1865
f 4979/18/1866 4983/21/1869 4982/16/1865
f 4980/20/1868 4984/47/1970 4983/21/1869
f 4985/37/1870 4986/41/1873 4990/38/1871
f 4987/40/1872 4991/43/1875 4990/38/1871
f 4988/42/1874 4992/48/1874 4991/43/1875
f 4993/1/1876 4994/5/1879 4998/2/1877
f 4995/4/1878 4999/7/1881 4998/2/1877
f 4996/6/1880 5000/46/1880 4999/7/1881
f 5001/15/1882 5002/19/1885 5006/16/1883
f 5003/18/1884 5007/21/1887 5006/16/1883
f 5004/20/1886 5008/47/1971 5007/21/1887
f 5009/10/1888 5010/8/1891 5014/12/1889
f 5010/8/1891 5011/11/1894 5015/14/1892
f 5012/22/1893 5016/13/1972 5015/14/1892
f 5017/23/1895 5018/27/1899 5022/24/1896
f 5019/26/1898 5023/29/1901 5022/24/1896
f 5020/28/1900 5024/45/1973 5023/29/1901
f 5025/10/1902 5026/8/1905 5030/12/1903
f 5027/11/1904 5031/14/1907 5030/12/1903
f 5028/22/1906 5032/13/1974 5031/14/1907
f 5033/30/1908 5034/34/1911 5038/31/1909
f 5035/33/1910 5039/36/1913 5038/31/1909
f 5036/35/1912 5040/44/1912 5039/36/1913
f 5041/1/1914 5042/5/1917 5046/2/1915
f 5043/4/1916 5047/7/1919 5046/2/1915
f 5044/6/1918 5048/46/1918 5047/7/1919
f 5049/37/1920 5050/41/1923 5054/38/1921
f 5051/40/1922 5055/43/1925 5054/38/1921
f 5052/42/1924 5056/48/1975 5055/43/1925
f 5057/15/1926 5058/19/1929 5062/16/1927
f 5059/18/1928 5063/21/1931 5062/16/1927
f 5060/20/1930 5064/47/1930 5063/21/1931
f 5065/30/1932 5066/34/1935 5070/31/1933
f 5067/33/1934 5071/36/1937 5070/31/1933
f 5068/35/1936 5072/44/1936 5071/36/1937
f 5073/1/1938 5074/5/1941 5078/2/1939
f 5075/4/1940 5079/7/1943 5078/2/1939
f 5076/6/1942 5080/46/1942 5079/7/1943
f 5081/37/1944 5082/41/1947 5086/38/1945
f 5083/40/1946 5087/43/1949 5086/38/1945
f 5084/42/1948 5088/48/1948 5087/43/1949
f 5089/1/1202 5094/2/1203 5093/3/1202
f 5091/4/1204 5094/2/1203 5090/5/1205
f 5092/6/1206 5095/7/1207 5091/4/1204
f 5098/8/1208 5101/9/1976 5097/10/1976
f 5099/11/1210 5102/12/1211 5098/8/1208
f 5099/11/1210 5104/13/1212 5103/14/1213
f 5105/15/1214 5110/16/1215 5109/17/1214
f 5107/18/1605 5110/16/1215 5106/19/1217
f 5108/20/1218 5111/21/1219 5107/18/1605
f 5113/10/1220 5118/12/1561 5117/9/1220
f 5115/11/1222 5118/12/1561 5114/8/1223
f 5116/22/1224 5119/14/1225 5115/11/1222
f 5121/23/1226 5126/24/1227 5125/25/1228
f 5123/26/1229 5126/24/1227 5122/27/1230
f 5124/28/1231 5127/29/1232 5123/26/1229
f 5129/10/1233 5134/12/1234 5133/9/1233
f 5130/8/1235 5135/14/1236 5134/12/1234
f 5132/22/1237 5135/14/1236 5131/11/1238
f 5137/30/1239 5142/31/1240 5141/32/1239
f 5139/33/1241 5142/31/1240 5138/34/1242
f 5140/35/1243 5143/36/1244 5139/33/1241
f 5145/15/1245 5150/16/1246 5149/17/1245
f 5147/18/1247 5150/16/1246 5146/19/1248
f 5148/20/1249 5151/21/1250 5147/18/1247
f 5153/37/1251 5158/38/1252 5157/39/1251
f 5155/40/1977 5158/38/1252 5154/41/1254
f 5156/42/1255 5159/43/1256 5155/40/1977
f 5162/34/1257 5165/32/1258 5161/30/1259
f 5163/33/1564 5166/31/1261 5162/34/1257
f 5163/33/1564 5168/44/1262 5167/36/1263
f 5169/10/1264 5174/12/1265 5173/9/1264
f 5171/11/1266 5174/12/1265 5170/8/1267
f 5172/22/1268 5175/14/1269 5171/11/1266
f 5177/23/1270 5182/24/1271 5181/25/1270
f 5179/26/1272 5182/24/1271 5178/27/1273
f 5179/26/1272 5184/45/1274 5183/29/1275
f 5186/19/1276 5189/17/1277 5185/15/1277
f 5187/18/1978 5190/16/1279 5186/19/1276
f 5188/20/1280 5191/21/1281 5187/18/1978
f 5193/10/1282 5198/12/1283 5197/9/1284
f 5194/8/1285 5199/14/1286 5198/12/1283
f 5195/11/1287 5200/13/1288 5199/14/1286
f 5201/23/1289 5206/24/1290 5205/25/1291
f 5203/26/1292 5206/24/1290 5202/27/1293
f 5204/28/1294 5207/29/1295 5203/26/1292
f 5209/10/1296 5214/12/1297 5213/9/1298
f 5211/11/1299 5214/12/1297 5210/8/1300
f 5212/22/1301 5215/14/1302 5211/11/1299
f 5217/30/1303 5222/31/1304 5221/32/1303
f 5219/33/1305 5222/31/1304 5218/34/1306
f 5220/35/1979 5223/36/1980 5219/33/1305
f 5225/15/1309 5230/16/1310 5229/17/1309
f 5227/18/1311 5230/16/1310 5226/19/1568
f 5228/20/1313 5231/21/1314 5227/18/1311
f 5233/37/1315 5238/38/1316 5237/39/1315
f 5235/40/1317 5238/38/1316 5234/41/1318
f 5236/42/1541 5239/43/1320 5235/40/1317
f 5241/1/1321 5246/2/1322 5245/3/1569
f 5243/4/1323 5246/2/1322 5242/5/1324
f 5243/4/1323 5248/46/1325 5247/7/1326
f 5249/1/1327 5254/2/1328 5253/3/1327
f 5251/4/1329 5254/2/1328 5250/5/1330
f 5252/6/1331 5255/7/1332 5251/4/1329
f 5257/23/1333 5262/24/1334 5261/25/1333
f 5259/26/1335 5262/24/1334 5258/27/1336
f 5259/26/1335 5264/45/1337 5263/29/1611
f 5265/10/1339 5270/12/1340 5269/9/1339
f 5266/8/1341 5271/14/1342 5270/12/1340
f 5268/22/1343 5271/14/1342 5267/11/1344
f 5273/30/1345 5278/31/1346 5277/32/1345
f 5274/34/1347 5279/36/1348 5278/31/1346
f 5276/35/1349 5279/36/1348 5275/33/1350
f 5281/10/1353 5286/12/1352 5285/9/1353
f 5283/11/1354 5286/12/1352 5282/8/1355
f 5284/22/1571 5287/14/1357 5283/11/1354
f 5290/19/1358 5293/17/1359 5289/15/1359
f 5291/18/1360 5294/16/1361 5290/19/1358
f 5292/20/1362 5295/21/1363 5291/18/1360
f 5297/1/1364 5302/2/1365 5301/3/1364
f 5299/4/1366 5302/2/1365 5298/5/1367
f 5300/6/1981 5303/7/1369 5299/4/1366
f 5306/8/1370 5309/9/1371 5305/10/1372
f 5307/11/1373 5310/12/1374 5306/8/1370
f 5308/22/1982 5311/14/1575 5307/11/1373
f 5314/19/1377 5317/17/1378 5313/15/1378
f 5315/18/1379 5318/16/1380 5314/19/1377
f 5316/20/1381 5319/21/1382 5315/18/1379
f 5322/41/1983 5325/39/1384 5321/37/1385
f 5323/40/1386 5326/38/1984 5322/41/1983
f 5324/42/1388 5327/43/1577 5323/40/1386
f 5329/15/1390 5334/16/1391 5333/17/1390
f 5331/18/1578 5334/16/1391 5330/19/1393
f 5332/20/1579 5335/21/1395 5331/18/1578
f 5337/30/1396 5342/31/1397 5341/32/1396
f 5339/33/1398 5342/31/1397 5338/34/1399
f 5340/35/1400 5343/36/1401 5339/33/1398
f 5346/8/1402 5349/9/1580 5345/10/1404
f 5347/11/1405 5350/12/1406 5346/8/1402
f 5348/22/1407 5351/14/1408 5347/11/1405
f 5353/23/1409 5358/24/1410 5357/25/1409
f 5355/26/1411 5358/24/1410 5354/27/1412
f 5355/26/1411 5360/45/1413 5359/29/1414
f 5361/15/1415 5366/16/1416 5365/17/1415
f 5363/18/1581 5366/16/1416 5362/19/1418
f 5364/20/1419 5367/21/1582 5363/18/1581
f 5369/10/1421 5374/12/1422 5373/9/1423
f 5370/8/1424 5375/14/1425 5374/12/1422
f 5372/22/1426 5375/14/1425 5371/11/1427
f 5377/23/1428 5382/24/1429 5381/25/1428
f 5379/26/1430 5382/24/1429 5378/27/1431
f 5379/26/1430 5384/45/1432 5383/29/1433
f 5385/10/1434 5390/12/1435 5389/9/1436
f 5387/11/1437 5390/12/1435 5386/8/1438
f 5388/22/1985 5391/14/1440 5387/11/1437
f 5393/30/1441 5398/31/1442 5397/32/1441
f 5395/33/1443 5398/31/1442 5394/34/1444
f 5396/35/1445 5399/36/1446 5395/33/1443
f 5401/15/1447 5406/16/1448 5405/17/1447
f 5403/18/1449 5406/16/1448 5402/19/1450
f 5404/20/1451 5407/21/1452 5403/18/1449
f 5409/37/1453 5414/38/1454 5413/39/1453
f 5411/40/1455 5414/38/1454 5410/41/1456
f 5412/42/1457 5415/43/1458 5411/40/1455
f 5417/1/1459 5422/2/1460 5421/3/1459
f 5419/4/1461 5422/2/1460 5418/5/1614
f 5420/6/1463 5423/7/1464 5419/4/1461
f 5425/15/1465 5430/16/1466 5429/17/1465
f 5427/18/1467 5430/16/1466 5426/19/1468
f 5428/20/1469 5431/21/1470 5427/18/1467
f 5433/10/1471 5438/12/1472 5437/9/1473
f 5434/8/1474 5439/14/1475 5438/12/1472
f 5436/22/1476 5439/14/1475 5435/11/1477
f 5441/23/1478 5446/24/1479 5445/25/1480
f 5443/26/1481 5446/24/1479 5442/27/1482
f 5444/28/1483 5447/29/1586 5443/26/1481
f 5449/10/1485 5454/12/1587 5453/9/1485
f 5451/11/1487 5454/12/1587 5450/8/1488
f 5452/22/1489 5455/14/1490 5451/11/1487
f 5457/30/1491 5462/31/1492 5461/32/1491
f 5459/33/1493 5462/31/1492 5458/34/1494
f 5460/35/1495 5463/36/1496 5459/33/1493
f 5465/1/1497 5470/2/1498 5469/3/1497
f 5467/4/1499 5470/2/1498 5466/5/1500
f 5468/6/1501 5471/7/1502 5467/4/1499
f 5473/37/1503 5478/38/1589 5477/39/1503
f 5475/40/1505 5478/38/1589 5474/41/1986
f 5476/42/1507 5479/43/1508 5475/40/1505
f 5481/15/1509 5486/16/1987 5485/17/1509
f 5483/18/1511 5486/16/1987 5482/19/1512
f 5484/20/1513 5487/21/1514 5483/18/1511
f 5489/30/1515 5494/31/1988 5493/32/1515
f 5491/33/1517 5494/31/1988 5490/34/1518
f 5492/35/1519 5495/36/1520 5491/33/1517
f 5497/1/1521 5502/2/1522 5501/3/1521
f 5499/4/1523 5502/2/1522 5498/5/1524
f 5500/6/1525 5503/7/1526 5499/4/1523
f 5505/37/1527 5510/38/1528 5509/39/1527
f 5507/40/1989 5510/38/1528 5506/41/1530
f 5508/42/1531 5511/43/1990 5507/40/1989
f 5089/1/1202 5090/5/1205 5094/2/1203
f 5091/4/1204 5095/7/1207 5094/2/1203
f 5092/6/1206 5096/46/1206 5095/7/1207
f 5098/8/1208 5102/12/1211 5101/9/1976
f 5099/11/1210 5103/14/1213 5102/12/1211
f 5099/11/1210 5100/22/1212 5104/13/1212
f 5105/15/1214 5106/19/1217 5110/16/1215
f 5107/18/1605 5111/21/1219 5110/16/1215
f 5108/20/1218 5112/47/1533 5111/21/1219
f 5113/10/1220 5114/8/1223 5118/12/1561
f 5115/11/1222 5119/14/1225 5118/12/1561
f 5116/22/1224 5120/13/1224 5119/14/1225
f 5121/23/1226 5122/27/1230 5126/24/1227
f 5123/26/1229 5127/29/1232 5126/24/1227
f 5124/28/1231 5128/45/1534 5127/29/1232
f 5129/10/1233 5130/8/1235 5134/12/1234
f 5130/8/1235 5131/11/1238 5135/14/1236
f 5132/22/1237 5136/13/1237 5135/14/1236
f 5137/30/1239 5138/34/1242 5142/31/1240
f 5139/33/1241 5143/36/1244 5142/31/1240
f 5140/35/1243 5144/44/1243 5143/36/1244
f 5145/15/1245 5146/19/1248 5150/16/1246
f 5147/18/1247 5151/21/1250 5150/16/1246
f 5148/20/1249 5152/47/1594 5151/21/1250
f 5153/37/1251 5154/41/1254 5158/38/1252
f 5155/40/1977 5159/43/1256 5158/38/1252
f 5156/42/1255 5160/48/1255 5159/43/1256
f 5162/34/1257 5166/31/1261 5165/32/1258
f 5163/33/1564 5167/36/1263 5166/31/1261
f 5163/33/1564 5164/35/1536 5168/44/1262
f 5169/10/1264 5170/8/1267 5174/12/1265
f 5171/11/1266 5175/14/1269 5174/12/1265
f 5172/22/1268 5176/13/1537 5175/14/1269
f 5177/23/1270 5178/27/1273 5182/24/1271
f 5179/26/1272 5183/29/1275 5182/24/1271
f 5179/26/1272 5180/28/1538 5184/45/1274
f 5186/19/1276 5190/16/1279 5189/17/1277
f 5187/18/1978 5191/21/1281 5190/16/1279
f 5188/20/1280 5192/47/1280 5191/21/1281
f 5193/10/1282 5194/8/1285 5198/12/1283
f 5194/8/1285 5195/11/1287 5199/14/1286
f 5195/11/1287 5196/22/1539 5200/13/1288
f 5201/23/1289 5202/27/1293 5206/24/1290
f 5203/26/1292 5207/29/1295 5206/24/1290
f 5204/28/1294 5208/45/1540 5207/29/1295
f 5209/10/1296 5210/8/1300 5214/12/1297
f 5211/11/1299 5215/14/1302 5214/12/1297
f 5212/22/1301 5216/13/1301 5215/14/1302
f 5217/30/1303 5218/34/1306 5222/31/1304
f 5219/33/1305 5223/36/1980 5222/31/1304
f 5220/35/1979 5224/44/1979 5223/36/1980
f 5225/15/1309 5226/19/1568 5230/16/1310
f 5227/18/1311 5231/21/1314 5230/16/1310
f 5228/20/1313 5232/47/1313 5231/21/1314
f 5233/37/1315 5234/41/1318 5238/38/1316
f 5235/40/1317 5239/43/1320 5238/38/1316
f 5236/42/1541 5240/48/1541 5239/43/1320
f 5241/1/1321 5242/5/1324 5246/2/1322
f 5243/4/1323 5247/7/1326 5246/2/1322
f 5243/4/1323 5244/6/1542 5248/46/1325
f 5249/1/1327 5250/5/1330 5254/2/1328
f 5251/4/1329 5255/7/1332 5254/2/1328
f 5252/6/1331 5256/46/1331 5255/7/1332
f 5257/23/1333 5258/27/1336 5262/24/1334
f 5259/26/1335 5263/29/1611 5262/24/1334
f 5259/26/1335 5260/28/1337 5264/45/1337
f 5265/10/1339 5266/8/1341 5270/12/1340
f 5266/8/1341 5267/11/1344 5271/14/1342
f 5268/22/1343 5272/13/1596 5271/14/1342
f 5273/30/1345 5274/34/1347 5278/31/1346
f 5274/34/1347 5275/33/1350 5279/36/1348
f 5276/35/1349 5280/44/1544 5279/36/1348
f 5281/10/1353 5282/8/1355 5286/12/1352
f 5283/11/1354 5287/14/1357 5286/12/1352
f 5284/22/1571 5288/13/1571 5287/14/1357
f 5290/19/1358 5294/16/1361 5293/17/1359
f 5291/18/1360 5295/21/1363 5294/16/1361
f 5292/20/1362 5296/47/1545 5295/21/1363
f 5297/1/1364 5298/5/1367 5302/2/1365
f 5299/4/1366 5303/7/1369 5302/2/1365
f 5300/6/1981 5304/46/1981 5303/7/1369
f 5306/8/1370 5310/12/1374 5309/9/1371
f 5307/11/1373 5311/14/1575 5310/12/1374
f 5308/22/1982 5312/13/1546 5311/14/1575
f 5314/19/1377 5318/16/1380 5317/17/1378
f 5315/18/1379 5319/21/1382 5318/16/1380
f 5316/20/1381 5320/47/1381 5319/21/1382
f 5322/41/1983 5326/38/1984 5325/39/1384
f 5323/40/1386 5327/43/1577 5326/38/1984
f 5324/42/1388 5328/48/1547 5327/43/1577
f 5329/15/1390 5330/19/1393 5334/16/1391
f 5331/18/1578 5335/21/1395 5334/16/1391
f 5332/20/1579 5336/47/1548 5335/21/1395
f 5337/30/1396 5338/34/1399 5342/31/1397
f 5339/33/1398 5343/36/1401 5342/31/1397
f 5340/35/1400 5344/44/1549 5343/36/1401
f 5346/8/1402 5350/12/1406 5349/9/1580
f 5347/11/1405 5351/14/1408 5350/12/1406
f 5348/22/1407 5352/13/1550 5351/14/1408
f 5353/23/1409 5354/27/1412 5358/24/1410
f 5355/26/1411 5359/29/1414 5358/24/1410
f 5355/26/1411 5356/28/1618 5360/45/1413
f 5361/15/1415 5362/19/1418 5366/16/1416
f 5363/18/1581 5367/21/1582 5366/16/1416
f 5364/20/1419 5368/47/1419 5367/21/1582
f 5369/10/1421 5370/8/1424 5374/12/1422
f 5370/8/1424 5371/11/1427 5375/14/1425
f 5372/22/1426 5376/13/1552 5375/14/1425
f 5377/23/1428 5378/27/1431 5382/24/1429
f 5379/26/1430 5383/29/1433 5382/24/1429
f 5379/26/1430 5380/28/1553 5384/45/1432
f 5385/10/1434 5386/8/1438 5390/12/1435
f 5387/11/1437 5391/14/1440 5390/12/1435
f 5388/22/1985 5392/13/1985 5391/14/1440
f 5393/30/1441 5394/34/1444 5398/31/1442
f 5395/33/1443 5399/36/1446 5398/31/1442
f 5396/35/1445 5400/44/1445 5399/36/1446
f 5401/15/1447 5402/19/1450 5406/16/1448
f 5403/18/1449 5407/21/1452 5406/16/1448
f 5404/20/1451 5408/47/1598 5407/21/1452
f 5409/37/1453 5410/41/1456 5414/38/1454
f 5411/40/1455 5415/43/1458 5414/38/1454
f 5412/42/1457 5416/48/1457 5415/43/1458
f 5417/1/1459 5418/5/1614 5422/2/1460
f 5419/4/1461 5423/7/1464 5422/2/1460
f 5420/6/1463 5424/46/1463 5423/7/1464
f 5425/15/1465 5426/19/1468 5430/16/1466
f 5427/18/1467 5431/21/1470 5430/16/1466
f 5428/20/1469 5432/47/1555 5431/21/1470
f 5433/10/1471 5434/8/1474 5438/12/1472
f 5434/8/1474 5435/11/1477 5439/14/1475
f 5436/22/1476 5440/13/1556 5439/14/1475
f 5441/23/1478 5442/27/1482 5446/24/1479
f 5443/26/1481 5447/29/1586 5446/24/1479
f 5444/28/1483 5448/45/1557 5447/29/1586
f 5449/10/1485 5450/8/1488 5454/12/1587
f 5451/11/1487 5455/14/1490 5454/12/1587
f 5452/22/1489 5456/13/1558 5455/14/1490
f 5457/30/1491 5458/34/1494 5462/31/1492
f 5459/33/1493 5463/36/1496 5462/31/1492
f 5460/35/1495 5464/44/1495 5463/36/1496
f 5465/1/1497 5466/5/1500 5470/2/1498
f 5467/4/1499 5471/7/1502 5470/2/1498
f 5468/6/1501 5472/46/1501 5471/7/1502
f 5473/37/1503 5474/41/1986 5478/38/1589
f 5475/40/1505 5479/43/1508 5478/38/1589
f 5476/42/1507 5480/48/1560 5479/43/1508
f 5481/15/1509 5482/19/1512 5486/16/1987
f 5483/18/1511 5487/21/1514 5486/16/1987
f 5484/20/1513 5488/47/1513 5487/21/1514
f 5489/30/1515 5490/34/1518 5494/31/1988
f 5491/33/1517 5495/36/1520 5494/31/1988
f 5492/35/1519 5496/44/1519 5495/36/1520
f 5497/1/1521 5498/5/1524 5502/2/1522
f 5499/4/1523 5503/7/1526 5502/2/1522
f 5500/6/1525 5504/46/1525 5503/7/1526
f 5505/37/1527 5506/41/1530 5510/38/1528
f 5507/40/1989 5511/43/1990 5510/38/1528
f 5508/42/1531 5512/48/1531 5511/43/1990
f 5513/1/1 5518/2/2 5517/3/1
f 5515/4/3 5518/2/2 5514/5/4
f 5516/6/5 5519/7/6 5515/4/3
f 5522/8/7 5525/9/8 5521/10/8
f 5523/11/9 5526/12/10 5522/8/7
f 5523/11/9 5528/13/11 5527/14/12
f 5529/15/13 5534/16/1991 5533/17/13
f 5531/18/16 5534/16/1991 5530/19/1992
f 5532/20/18 5535/21/19 5531/18/16
f 5537/10/20 5542/12/21 5541/9/20
f 5539/11/22 5542/12/21 5538/8/23
f 5540/22/24 5543/14/25 5539/11/22
f 5545/23/26 5550/24/27 5549/25/28
f 5547/26/1993 5550/24/27 5546/27/30
f 5548/28/31 5551/29/32 5547/26/1993
f 5553/10/33 5558/12/34 5557/9/33
f 5554/8/35 5559/14/36 5558/12/34
f 5556/22/37 5559/14/36 5555/11/1994
f 5561/30/39 5566/31/40 5565/32/39
f 5563/33/41 5566/31/40 5562/34/42
f 5564/35/43 5567/36/44 5563/33/41
f 5569/15/45 5574/16/46 5573/17/45
f 5571/18/47 5574/16/46 5570/19/1995
f 5572/20/49 5575/21/50 5571/18/47
f 5577/37/51 5582/38/1996 5581/39/51
f 5579/40/53 5582/38/1996 5578/41/54
f 5580/42/55 5583/43/1997 5579/40/53
f 5586/34/57 5589/32/58 5585/30/59
f 5587/33/60 5590/31/61 5586/34/57
f 5587/33/60 5592/44/62 5591/36/63
f 5593/10/64 5598/12/65 5597/9/64
f 5595/11/66 5598/12/65 5594/8/67
f 5596/22/1998 5599/14/69 5595/11/66
f 5601/23/70 5606/24/71 5605/25/70
f 5603/26/72 5606/24/71 5602/27/73
f 5603/26/72 5608/45/74 5607/29/75
f 5610/19/1999 5613/17/77 5609/15/77
f 5611/18/2000 5614/16/79 5610/19/1999
f 5612/20/2001 5615/21/81 5611/18/2000
f 5617/10/82 5622/12/2002 5621/9/84
f 5618/8/85 5623/14/86 5622/12/2002
f 5619/11/87 5624/13/88 5623/14/86
f 5625/23/89 5630/24/90 5629/25/91
f 5627/26/92 5630/24/90 5626/27/93
f 5628/28/2003 5631/29/95 5627/26/92
f 5633/10/96 5638/12/97 5637/9/98
f 5635/11/99 5638/12/97 5634/8/100
f 5636/22/101 5639/14/2004 5635/11/99
f 5641/30/103 5646/31/104 5645/32/103
f 5643/33/105 5646/31/104 5642/34/106
f 5644/35/2005 5647/36/108 5643/33/105
f 5649/15/109 5654/16/110 5653/17/109
f 5651/18/111 5654/16/110 5650/19/112
f 5652/20/113 5655/21/114 5651/18/111
f 5657/37/115 5662/38/116 5661/39/115
f 5659/40/117 5662/38/116 5658/41/118
f 5660/42/119 5663/43/120 5659/40/117
f 5665/1/121 5670/2/122 5669/3/121
f 5667/4/123 5670/2/122 5666/5/124
f 5667/4/123 5672/46/125 5671/7/126
f 5673/1/127 5678/2/128 5677/3/127
f 5675/4/129 5678/2/128 5674/5/130
f 5676/6/131 5679/7/132 5675/4/129
f 5681/23/2006 5686/24/134 5685/25/2006
f 5683/26/135 5686/24/134 5682/27/136
f 5683/26/135 5688/45/137 5687/29/138
f 5689/10/139 5694/12/140 5693/9/139
f 5690/8/2007 5695/14/142 5694/12/140
f 5692/22/143 5695/14/142 5691/11/144
f 5697/30/145 5702/31/146 5701/32/145
f 5698/34/147 5703/36/148 5702/31/146
f 5700/35/149 5703/36/148 5699/33/150
f 5705/10/151 5710/12/152 5709/9/151
f 5707/11/153 5710/12/152 5706/8/154
f 5708/22/2008 5711/14/156 5707/11/153
f 5714/19/157 5717/17/158 5713/15/158
f 5715/18/159 5718/16/160 5714/19/157
f 5716/20/161 5719/21/162 5715/18/159
f 5721/1/163 5726/2/164 5725/3/163
f 5723/4/165 5726/2/164 5722/5/166
f 5724/6/167 5727/7/168 5723/4/165
f 5730/8/169 5733/9/2009 5729/10/171
f 5731/11/2010 5734/12/173 5730/8/169
f 5732/22/174 5735/14/175 5731/11/2010
f 5738/19/176 5741/17/177 5737/15/177
f 5739/18/178 5742/16/179 5738/19/176
f 5740/20/180 5743/21/2011 5739/18/178
f 5746/41/2012 5749/39/183 5745/37/184
f 5747/40/185 5750/38/186 5746/41/2012
f 5748/42/187 5751/43/188 5747/40/185
f 5753/15/189 5758/16/2013 5757/17/189
f 5755/18/191 5758/16/2013 5754/19/192
f 5756/20/193 5759/21/194 5755/18/191
f 5761/30/195 5766/31/196 5765/32/195
f 5763/33/197 5766/31/196 5762/34/2014
f 5764/35/199 5767/36/200 5763/33/197
f 5770/8/201 5773/9/2015 5769/10/203
f 5771/11/2016 5774/12/205 5770/8/201
f 5772/22/206 5775/14/207 5771/11/2016
f 5777/23/208 5782/24/209 5781/25/208
f 5779/26/210 5782/24/209 5778/27/211
f 5779/26/210 5784/45/212 5783/29/213
f 5785/15/214 5790/16/215 5789/17/214
f 5787/18/216 5790/16/215 5786/19/217
f 5788/20/218 5791/21/2017 5787/18/216
f 5793/10/220 5798/12/221 5797/9/222
f 5794/8/223 5799/14/224 5798/12/221
f 5796/22/225 5799/14/224 5795/11/226
f 5801/23/227 5806/24/228 5805/25/227
f 5803/26/229 5806/24/228 5802/27/230
f 5803/26/229 5808/45/231 5807/29/232
f 5809/10/233 5814/12/234 5813/9/235
f 5811/11/236 5814/12/234 5810/8/2018
f 5812/22/238 5815/14/239 5811/11/236
f 5817/30/240 5822/31/241 5821/32/240
f 5819/33/242 5822/31/241 5818/34/243
f 5820/35/244 5823/36/245 5819/33/242
f 5825/15/246 5830/16/247 5829/17/246
f 5827/18/248 5830/16/247 5826/19/249
f 5828/20/250 5831/21/251 5827/18/248
f 5833/37/252 5838/38/2019 5837/39/252
f 5835/40/254 5838/38/2019 5834/41/255
f 5836/42/256 5839/43/257 5835/40/254
f 5841/1/258 5846/2/259 5845/3/258
f 5843/4/260 5846/2/259 5842/5/261
f 5844/6/262 5847/7/263 5843/4/260
f 5849/15/264 5854/16/2020 5853/17/264
f 5851/18/266 5854/16/2020 5850/19/267
f 5852/20/268 5855/21/269 5851/18/266
f 5857/10/2021 5862/12/271 5861/9/272
f 5858/8/273 5863/14/274 5862/12/271
f 5860/22/275 5863/14/274 5859/11/276
f 5865/23/2022 5870/24/278 5869/25/279
f 5867/26/280 5870/24/278 5866/27/281
f 5868/28/282 5871/29/283 5867/26/280
f 5873/10/284 5878/12/285 5877/9/284
f 5875/11/286 5878/12/285 5874/8/287
f 5876/22/288 5879/14/289 5875/11/286
f 5881/30/290 5886/31/291 5885/32/290
f 5883/33/2023 5886/31/291 5882/34/293
f 5884/35/294 5887/36/295 5883/33/2023
f 5889/1/296 5894/2/297 5893/3/296
f 5891/4/298 5894/2/297 5890/5/299
f 5892/6/300 5895/7/301 5891/4/298
f 5897/37/302 5902/38/303 5901/39/302
f 5899/40/304 5902/38/303 5898/41/305
f 5900/42/306 5903/43/307 5899/40/304
f 5905/15/308 5910/16/309 5909/17/308
f 5907/18/310 5910/16/309 5906/19/311
f 5908/20/312 5911/21/313 5907/18/310
f 5913/30/314 5918/31/2024 5917/32/314
f 5915/33/316 5918/31/2024 5914/34/317
f 5916/35/318 5919/36/319 5915/33/316
f 5921/1/320 5926/2/321 5925/3/320
f 5923/4/322 5926/2/321 5922/5/323
f 5924/6/324 5927/7/325 5923/4/322
f 5929/37/326 5934/38/327 5933/39/326
f 5931/40/2025 5934/38/327 5930/41/329
f 5932/42/330 5935/43/2026 5931/40/2025
f 5513/1/1 5514/5/4 5518/2/2
f 5515/4/3 5519/7/6 5518/2/2
f 5516/6/5 5520/46/5 5519/7/6
f 5522/8/7 5526/12/10 5525/9/8
f 5523/11/9 5527/14/12 5526/12/10
f 5523/11/9 5524/22/11 5528/13/11
f 5529/15/13 5530/19/1992 5534/16/1991
f 5531/18/16 5535/21/19 5534/16/1991
f 5532/20/18 5536/47/332 5535/21/19
f 5537/10/20 5538/8/23 5542/12/21
f 5539/11/22 5543/14/25 5542/12/21
f 5540/22/24 5544/13/24 5543/14/25
f 5545/23/26 5546/27/30 5550/24/27
f 5547/26/1993 5551/29/32 5550/24/27
f 5548/28/31 5552/45/333 5551/29/32
f 5553/10/33 5554/8/35 5558/12/34
f 5554/8/35 5555/11/1994 5559/14/36
f 5556/22/37 5560/13/37 5559/14/36
f 5561/30/39 5562/34/42 5566/31/40
f 5563/33/41 5567/36/44 5566/31/40
f 5564/35/43 5568/44/43 5567/36/44
f 5569/15/45 5570/19/1995 5574/16/46
f 5571/18/47 5575/21/50 5574/16/46
f 5572/20/49 5576/47/334 5575/21/50
f 5577/37/51 5578/41/54 5582/38/1996
f 5579/40/53 5583/43/1997 5582/38/1996
f 5580/42/55 5584/48/55 5583/43/1997
f 5586/34/57 5590/31/61 5589/32/58
f 5587/33/60 5591/36/63 5590/31/61
f 5587/33/60 5588/35/2027 5592/44/62
f 5593/10/64 5594/8/67 5598/12/65
f 5595/11/66 5599/14/69 5598/12/65
f 5596/22/1998 5600/13/336 5599/14/69
f 5601/23/70 5602/27/73 5606/24/71
f 5603/26/72 5607/29/75 5606/24/71
f 5603/26/72 5604/28/337 5608/45/74
f 5610/19/1999 5614/16/79 5613/17/77
f 5611/18/2000 5615/21/81 5614/16/79
f 5612/20/2001 5616/47/2001 5615/21/81
f 5617/10/82 5618/8/85 5622/12/2002
f 5618/8/85 5619/11/87 5623/14/86
f 5619/11/87 5620/22/338 5624/13/88
f 5625/23/89 5626/27/93 5630/24/90
f 5627/26/92 5631/29/95 5630/24/90
f 5628/28/2003 5632/45/339 5631/29/95
f 5633/10/96 5634/8/100 5638/12/97
f 5635/11/99 5639/14/2004 5638/12/97
f 5636/22/101 5640/13/101 5639/14/2004
f 5641/30/103 5642/34/106 5646/31/104
f 5643/33/105 5647/36/108 5646/31/104
f 5644/35/2005 5648/44/2005 5647/36/108
f 5649/15/109 5650/19/112 5654/16/110
f 5651/18/111 5655/21/114 5654/16/110
f 5652/20/113 5656/47/113 5655/21/114
f 5657/37/115 5658/41/118 5662/38/116
f 5659/40/117 5663/43/120 5662/38/116
f 5660/42/119 5664/48/119 5663/43/120
f 5665/1/121 5666/5/124 5670/2/122
f 5667/4/123 5671/7/126 5670/2/122
f 5667/4/123 5668/6/340 5672/46/125
f 5673/1/127 5674/5/130 5678/2/128
f 5675/4/129 5679/7/132 5678/2/128
f 5676/6/131 5680/46/131 5679/7/132
f 5681/23/2006 5682/27/136 5686/24/134
f 5683/26/135 5687/29/138 5686/24/134
f 5683/26/135 5684/28/137 5688/45/137
f 5689/10/139 5690/8/2007 5694/12/140
f 5690/8/2007 5691/11/144 5695/14/142
f 5692/22/143 5696/13/341 5695/14/142
f 5697/30/145 5698/34/147 5702/31/146
f 5698/34/147 5699/33/150 5703/36/148
f 5700/35/149 5704/44/342 5703/36/148
f 5705/10/151 5706/8/154 5710/12/152
f 5707/11/153 5711/14/156 5710/12/152
f 5708/22/2008 5712/13/2008 5711/14/156
f 5714/19/157 5718/16/160 5717/17/158
f 5715/18/159 5719/21/162 5718/16/160
f 5716/20/161 5720/47/343 5719/21/162
f 5721/1/163 5722/5/166 5726/2/164
f 5723/4/165 5727/7/168 5726/2/164
f 5724/6/167 5728/46/167 5727/7/168
f 5730/8/169 5734/12/173 5733/9/2009
f 5731/11/2010 5735/14/175 5734/12/173
f 5732/22/174 5736/13/344 5735/14/175
f 5738/19/176 5742/16/179 5741/17/177
f 5739/18/178 5743/21/2011 5742/16/179
f 5740/20/180 5744/47/180 5743/21/2011
f 5746/41/2012 5750/38/186 5749/39/183
f 5747/40/185 5751/43/188 5750/38/186
f 5748/42/187 5752/48/345 5751/43/188
f 5753/15/189 5754/19/192 5758/16/2013
f 5755/18/191 5759/21/194 5758/16/2013
f 5756/20/193 5760/47/346 5759/21/194
f 5761/30/195 5762/34/2014 5766/31/196
f 5763/33/197 5767/36/200 5766/31/196
f 5764/35/199 5768/44/347 5767/36/200
f 5770/8/201 5774/12/205 5773/9/2015
f 5771/11/2016 5775/14/207 5774/12/205
f 5772/22/206 5776/13/348 5775/14/207
f 5777/23/208 5778/27/211 5782/24/209
f 5779/26/210 5783/29/213 5782/24/209
f 5779/26/210 5780/28/349 5784/45/212
f 5785/15/214 5786/19/217 5790/16/215
f 5787/18/216 5791/21/2017 5790/16/215
f 5788/20/218 5792/47/218 5791/21/2017
f 5793/10/220 5794/8/223 5798/12/221
f 5794/8/223 5795/11/226 5799/14/224
f 5796/22/225 5800/13/350 5799/14/224
f 5801/23/227 5802/27/230 5806/24/228
f 5803/26/229 5807/29/232 5806/24/228
f 5803/26/229 5804/28/2028 5808/45/231
f 5809/10/233 5810/8/2018 5814/12/234
f 5811/11/236 5815/14/239 5814/12/234
f 5812/22/238 5816/13/2029 5815/14/239
f 5817/30/240 5818/34/243 5822/31/241
f 5819/33/242 5823/36/245 5822/31/241
f 5820/35/244 5824/44/244 5823/36/245
f 5825/15/246 5826/19/249 5830/16/247
f 5827/18/248 5831/21/251 5830/16/247
f 5828/20/250 5832/47/352 5831/21/251
f 5833/37/252 5834/41/255 5838/38/2019
f 5835/40/254 5839/43/257 5838/38/2019
f 5836/42/256 5840/48/256 5839/43/257
f 5841/1/258 5842/5/261 5846/2/259
f 5843/4/260 5847/7/263 5846/2/259
f 5844/6/262 5848/46/262 5847/7/263
f 5849/15/264 5850/19/267 5854/16/2020
f 5851/18/266 5855/21/269 5854/16/2020
f 5852/20/268 5856/47/353 5855/21/269
f 5857/10/2021 5858/8/273 5862/12/271
f 5858/8/273 5859/11/276 5863/14/274
f 5860/22/275 5864/13/354 5863/14/274
f 5865/23/2022 5866/27/281 5870/24/278
f 5867/26/280 5871/29/283 5870/24/278
f 5868/28/282 5872/45/355 5871/29/283
f 5873/10/284 5874/8/287 5878/12/285
f 5875/11/286 5879/14/289 5878/12/285
f 5876/22/288 5880/13/356 5879/14/289
f 5881/30/290 5882/34/293 5886/31/291
f 5883/33/2023 5887/36/295 5886/31/291
f 5884/35/294 5888/44/2030 5887/36/295
f 5889/1/296 5890/5/299 5894/2/297
f 5891/4/298 5895/7/301 5894/2/297
f 5892/6/300 5896/46/300 5895/7/301
f 5897/37/302 5898/41/305 5902/38/303
f 5899/40/304 5903/43/307 5902/38/303
f 5900/42/306 5904/48/357 5903/43/307
f 5905/15/308 5906/19/311 5910/16/309
f 5907/18/310 5911/21/313 5910/16/309
f 5908/20/312 5912/47/312 5911/21/313
f 5913/30/314 5914/34/317 5918/31/2024
f 5915/33/316 5919/36/319 5918/31/2024
f 5916/35/318 5920/44/318 5919/36/319
f 5921/1/320 5922/5/323 5926/2/321
f 5923/4/322 5927/7/325 5926/2/321
f 5924/6/324 5928/46/324 5927/7/325
f 5929/37/326 5930/41/329 5934/38/327
f 5931/40/2025 5935/43/2026 5934/38/327
f 5932/42/330 5936/48/330 5935/43/2026
f 5937/1/769 5942/2/770 5941/3/769
f 5939/4/771 5942/2/770 5938/5/772
f 5940/6/773 5943/7/774 5939/4/771
f 5946/8/775 5949/9/776 5945/10/1171
f 5947/11/777 5950/12/1190 5946/8/775
f 5947/11/777 5952/13/779 5951/14/780
f 5953/15/1129 5958/16/782 5957/17/1129
f 5955/18/783 5958/16/782 5954/19/784
f 5956/20/785 5959/21/786 5955/18/783
f 5961/10/1172 5966/12/788 5965/9/1172
f 5963/11/789 5966/12/788 5962/8/790
f 5964/22/791 5967/14/792 5963/11/789
f 5969/23/793 5974/24/794 5973/25/795
f 5971/26/796 5974/24/794 5970/27/797
f 5972/28/798 5975/29/799 5971/26/796
f 5977/10/800 5982/12/801 5981/9/800
f 5978/8/802 5983/14/1131 5982/12/801
f 5980/22/804 5983/14/1131 5979/11/805
f 5985/30/806 5990/31/807 5989/32/806
f 5987/33/808 5990/31/807 5986/34/809
f 5988/35/810 5991/36/811 5987/33/808
f 5993/15/812 5998/16/813 5997/17/812
f 5995/18/814 5998/16/813 5994/19/815
f 5996/20/816 5999/21/817 5995/18/814
f 6001/37/818 6006/38/819 6005/39/818
f 6003/40/820 6006/38/819 6002/41/1134
f 6004/42/822 6007/43/823 6003/40/820
f 6010/34/824 6013/32/825 6009/30/826
f 6011/33/827 6014/31/828 6010/34/824
f 6011/33/827 6016/44/829 6015/36/830
f 6017/10/831 6022/12/832 6021/9/831
f 6019/11/833 6022/12/832 6018/8/834
f 6020/22/835 6023/14/836 6019/11/833
f 6025/23/837 6030/24/838 6029/25/837
f 6027/26/839 6030/24/838 6026/27/840
f 6027/26/839 6032/45/841 6031/29/842
f 6034/19/843 6037/17/1192 6033/15/1192
f 6035/18/1136 6038/16/846 6034/19/843
f 6036/20/847 6039/21/848 6035/18/1136
f 6041/10/849 6046/12/850 6045/9/851
f 6042/8/2031 6047/14/853 6046/12/850
f 6043/11/854 6048/13/855 6047/14/853
f 6049/23/856 6054/24/1177 6053/25/858
f 6051/26/859 6054/24/1177 6050/27/860
f 6052/28/861 6055/29/862 6051/26/859
f 6057/10/863 6062/12/864 6061/9/865
f 6059/11/866 6062/12/864 6058/8/867
f 6060/22/868 6063/14/869 6059/11/866
f 6065/30/870 6070/31/871 6069/32/870
f 6067/33/872 6070/31/871 6066/34/873
f 6068/35/874 6071/36/875 6067/33/872
f 6073/15/876 6078/16/877 6077/17/876
f 6075/18/878 6078/16/877 6074/19/879
f 6076/20/880 6079/21/881 6075/18/878
f 6081/37/882 6086/38/883 6085/39/882
f 6083/40/884 6086/38/883 6082/41/885
f 6084/42/1599 6087/43/1178 6083/40/884
f 6089/1/888 6094/2/889 6093/3/888
f 6091/4/890 6094/2/889 6090/5/891
f 6091/4/890 6096/46/892 6095/7/893
f 6097/1/894 6102/2/895 6101/3/894
f 6099/4/897 6102/2/895 6098/5/898
f 6100/6/899 6103/7/900 6099/4/897
f 6105/23/901 6110/24/902 6109/25/901
f 6107/26/903 6110/24/902 6106/27/904
f 6107/26/903 6112/45/905 6111/29/906
f 6113/10/907 6118/12/908 6117/9/907
f 6114/8/909 6119/14/910 6118/12/908
f 6116/22/911 6119/14/910 6115/11/912
f 6121/30/913 6126/31/914 6125/32/913
f 6122/34/915 6127/36/916 6126/31/914
f 6124/35/917 6127/36/916 6123/33/918
f 6129/10/919 6134/12/920 6133/9/919
f 6131/11/921 6134/12/920 6130/8/922
f 6132/22/923 6135/14/924 6131/11/921
f 6138/19/925 6141/17/926 6137/15/926
f 6139/18/927 6142/16/928 6138/19/925
f 6140/20/929 6143/21/930 6139/18/927
f 6145/1/931 6150/2/932 6149/3/931
f 6147/4/933 6150/2/932 6146/5/934
f 6148/6/935 6151/7/936 6147/4/933
f 6154/8/937 6157/9/938 6153/10/939
f 6155/11/940 6158/12/941 6154/8/937
f 6156/22/1181 6159/14/2032 6155/11/940
f 6162/19/944 6165/17/945 6161/15/945
f 6163/18/946 6166/16/947 6162/19/944
f 6164/20/948 6167/21/1141 6163/18/946
f 6170/41/950 6173/39/951 6169/37/952
f 6171/40/953 6174/38/954 6170/41/950
f 6172/42/955 6175/43/956 6171/40/953
f 6177/15/957 6182/16/958 6181/17/957
f 6179/18/959 6182/16/958 6178/19/960
f 6180/20/961 6183/21/962 6179/18/959
f 6185/30/963 6190/31/964 6189/32/963
f 6187/33/965 6190/31/964 6186/34/966
f 6188/35/967 6191/36/968 6187/33/965
f 6194/8/969 6197/9/970 6193/10/971
f 6195/11/972 6198/12/973 6194/8/969
f 6196/22/974 6199/14/975 6195/11/972
f 6201/23/976 6206/24/977 6205/25/976
f 6203/26/1145 6206/24/977 6202/27/979
f 6203/26/1145 6208/45/980 6207/29/981
f 6209/15/982 6214/16/983 6213/17/982
f 6211/18/984 6214/16/983 6210/19/985
f 6212/20/986 6215/21/987 6211/18/984
f 6217/10/988 6222/12/989 6221/9/990
f 6218/8/991 6223/14/992 6222/12/989
f 6220/22/993 6223/14/992 6219/11/994
f 6225/23/995 6230/24/996 6229/25/995
f 6227/26/1148 6230/24/996 6226/27/999
f 6227/26/1148 6232/45/1000 6231/29/1001
f 6233/10/1002 6238/12/1003 6237/9/1004
f 6235/11/1005 6238/12/1003 6234/8/1006
f 6236/22/1184 6239/14/1008 6235/11/1005
f 6241/30/1009 6246/31/1010 6245/32/1009
f 6243/33/1011 6246/31/1010 6242/34/1012
f 6244/35/1013 6247/36/1014 6243/33/1011
f 6249/15/1015 6254/16/1016 6253/17/1015
f 6251/18/1149 6254/16/1016 6250/19/1018
f 6252/20/1019 6255/21/1020 6251/18/1149
f 6257/37/1021 6262/38/1022 6261/39/1021
f 6259/40/1023 6262/38/1022 6258/41/1150
f 6260/42/1025 6263/43/1026 6259/40/1023
f 6265/1/1027 6270/2/1028 6269/3/1027
f 6267/4/1029 6270/2/1028 6266/5/1151
f 6268/6/1031 6271/7/1032 6267/4/1029
f 6273/15/1033 6278/16/1034 6277/17/1033
f 6275/18/1035 6278/16/1034 6274/19/1036
f 6276/20/1600 6279/21/1038 6275/18/1035
f 6281/10/1039 6286/12/1153 6285/9/1041
f 6282/8/1042 6287/14/1043 6286/12/1153
f 6284/22/1044 6287/14/1043 6283/11/1045
f 6289/23/1046 6294/24/1047 6293/25/1048
f 6291/26/1049 6294/24/1047 6290/27/1050
f 6292/28/1051 6295/29/1052 6291/26/1049
f 6297/10/1053 6302/12/1054 6301/9/1053
f 6299/11/1055 6302/12/1054 6298/8/1056
f 6300/22/1057 6303/14/1058 6299/11/1055
f 6305/30/1059 6310/31/1060 6309/32/1059
f 6307/33/1156 6310/31/1060 6306/34/1062
f 6308/35/1063 6311/36/1064 6307/33/1156
f 6313/1/1065 6318/2/1066 6317/3/1065
f 6315/4/1068 6318/2/1066 6314/5/1069
f 6316/6/1127 6319/7/1158 6315/4/1068
f 6321/37/1072 6326/38/1198 6325/39/1072
f 6323/40/1074 6326/38/1198 6322/41/1075
f 6324/42/2033 6327/43/1159 6323/40/1074
f 6329/15/1078 6334/16/1079 6333/17/1078
f 6331/18/1080 6334/16/1079 6330/19/1081
f 6332/20/1082 6335/21/1083 6331/18/1080
f 6337/30/1084 6342/31/1160 6341/32/1084
f 6339/33/1086 6342/31/1160 6338/34/1087
f 6340/35/1088 6343/36/1089 6339/33/1086
f 6345/1/1161 6350/2/1091 6349/3/1161
f 6347/4/1092 6350/2/1091 6346/5/1093
f 6348/6/1094 6351/7/1095 6347/4/1092
f 6353/37/1096 6358/38/2034 6357/39/1096
f 6355/40/1162 6358/38/2034 6354/41/1099
f 6356/42/1100 6359/43/1101 6355/40/1162
f 5937/1/769 5938/5/772 5942/2/770
f 5939/4/771 5943/7/774 5942/2/770
f 5940/6/773 5944/46/2035 5943/7/774
f 5946/8/775 5950/12/1190 5949/9/776
f 5947/11/777 5951/14/780 5950/12/1190
f 5947/11/777 5948/22/779 5952/13/779
f 5953/15/1129 5954/19/784 5958/16/782
f 5955/18/783 5959/21/786 5958/16/782
f 5956/20/785 5960/47/1102 5959/21/786
f 5961/10/1172 5962/8/790 5966/12/788
f 5963/11/789 5967/14/792 5966/12/788
f 5964/22/791 5968/13/791 5967/14/792
f 5969/23/793 5970/27/797 5974/24/794
f 5971/26/796 5975/29/799 5974/24/794
f 5972/28/798 5976/45/1103 5975/29/799
f 5977/10/800 5978/8/802 5982/12/801
f 5978/8/802 5979/11/805 5983/14/1131
f 5980/22/804 5984/13/804 5983/14/1131
f 5985/30/806 5986/34/809 5990/31/807
f 5987/33/808 5991/36/811 5990/31/807
f 5988/35/810 5992/44/810 5991/36/811
f 5993/15/812 5994/19/815 5998/16/813
f 5995/18/814 5999/21/817 5998/16/813
f 5996/20/816 6000/47/1104 5999/21/817
f 6001/37/818 6002/41/1134 6006/38/819
f 6003/40/820 6007/43/823 6006/38/819
f 6004/42/822 6008/48/822 6007/43/823
f 6010/34/824 6014/31/828 6013/32/825
f 6011/33/827 6015/36/830 6014/31/828
f 6011/33/827 6012/35/1164 6016/44/829
f 6017/10/831 6018/8/834 6022/12/832
f 6019/11/833 6023/14/836 6022/12/832
f 6020/22/835 6024/13/1106 6023/14/836
f 6025/23/837 6026/27/840 6030/24/838
f 6027/26/839 6031/29/842 6030/24/838
f 6027/26/839 6028/28/1107 6032/45/841
f 6034/19/843 6038/16/846 6037/17/1192
f 6035/18/1136 6039/21/848 6038/16/846
f 6036/20/847 6040/47/847 6039/21/848
f 6041/10/849 6042/8/2031 6046/12/850
f 6042/8/2031 6043/11/854 6047/14/853
f 6043/11/854 6044/22/1108 6048/13/855
f 6049/23/856 6050/27/860 6054/24/1177
f 6051/26/859 6055/29/862 6054/24/1177
f 6052/28/861 6056/45/1109 6055/29/862
f 6057/10/863 6058/8/867 6062/12/864
f 6059/11/866 6063/14/869 6062/12/864
f 6060/22/868 6064/13/868 6063/14/869
f 6065/30/870 6066/34/873 6070/31/871
f 6067/33/872 6071/36/875 6070/31/871
f 6068/35/874 6072/44/874 6071/36/875
f 6073/15/876 6074/19/879 6078/16/877
f 6075/18/878 6079/21/881 6078/16/877
f 6076/20/880 6080/47/880 6079/21/881
f 6081/37/882 6082/41/885 6086/38/883
f 6083/40/884 6087/43/1178 6086/38/883
f 6084/42/1599 6088/48/1599 6087/43/1178
f 6089/1/888 6090/5/891 6094/2/889
f 6091/4/890 6095/7/893 6094/2/889
f 6091/4/890 6092/6/1110 6096/46/892
f 6097/1/894 6098/5/898 6102/2/895
f 6099/4/897 6103/7/900 6102/2/895
f 6100/6/899 6104/46/899 6103/7/900
f 6105/23/901 6106/27/904 6110/24/902
f 6107/26/903 6111/29/906 6110/24/902
f 6107/26/903 6108/28/905 6112/45/905
f 6113/10/907 6114/8/909 6118/12/908
f 6114/8/909 6115/11/912 6119/14/910
f 6116/22/911 6120/13/1111 6119/14/910
f 6121/30/913 6122/34/915 6126/31/914
f 6122/34/915 6123/33/918 6127/36/916
f 6124/35/917 6128/44/1112 6127/36/916
f 6129/10/919 6130/8/922 6134/12/920
f 6131/11/921 6135/14/924 6134/12/920
f 6132/22/923 6136/13/923 6135/14/924
f 6138/19/925 6142/16/928 6141/17/926
f 6139/18/927 6143/21/930 6142/16/928
f 6140/20/929 6144/47/1113 6143/21/930
f 6145/1/931 6146/5/934 6150/2/932
f 6147/4/933 6151/7/936 6150/2/932
f 6148/6/935 6152/46/935 6151/7/936
f 6154/8/937 6158/12/941 6157/9/938
f 6155/11/940 6159/14/2032 6158/12/941
f 6156/22/1181 6160/13/1114 6159/14/2032
f 6162/19/944 6166/16/947 6165/17/945
f 6163/18/946 6167/21/1141 6166/16/947
f 6164/20/948 6168/47/948 6167/21/1141
f 6170/41/950 6174/38/954 6173/39/951
f 6171/40/953 6175/43/956 6174/38/954
f 6172/42/955 6176/48/1201 6175/43/956
f 6177/15/957 6178/19/960 6182/16/958
f 6179/18/959 6183/21/962 6182/16/958
f 6180/20/961 6184/47/1165 6183/21/962
f 6185/30/963 6186/34/966 6190/31/964
f 6187/33/965 6191/36/968 6190/31/964
f 6188/35/967 6192/44/1117 6191/36/968
f 6194/8/969 6198/12/973 6197/9/970
f 6195/11/972 6199/14/975 6198/12/973
f 6196/22/974 6200/13/1118 6199/14/975
f 6201/23/976 6202/27/979 6206/24/977
f 6203/26/1145 6207/29/981 6206/24/977
f 6203/26/1145 6204/28/1119 6208/45/980
f 6209/15/982 6210/19/985 6214/16/983
f 6211/18/984 6215/21/987 6214/16/983
f 6212/20/986 6216/47/986 6215/21/987
f 6217/10/988 6218/8/991 6222/12/989
f 6218/8/991 6219/11/994 6223/14/992
f 6220/22/993 6224/13/1120 6223/14/992
f 6225/23/995 6226/27/999 6230/24/996
f 6227/26/1148 6231/29/1001 6230/24/996
f 6227/26/1148 6228/28/1121 6232/45/1000
f 6233/10/1002 6234/8/1006 6238/12/1003
f 6235/11/1005 6239/14/1008 6238/12/1003
f 6236/22/1184 6240/13/1184 6239/14/1008
f 6241/30/1009 6242/34/1012 6246/31/1010
f 6243/33/1011 6247/36/1014 6246/31/1010
f 6244/35/1013 6248/44/1013 6247/36/1014
f 6249/15/1015 6250/19/1018 6254/16/1016
f 6251/18/1149 6255/21/1020 6254/16/1016
f 6252/20/1019 6256/47/1167 6255/21/1020
f 6257/37/1021 6258/41/1150 6262/38/1022
f 6259/40/1023 6263/43/1026 6262/38/1022
f 6260/42/1025 6264/48/1025 6263/43/1026
f 6265/1/1027 6266/5/1151 6270/2/1028
f 6267/4/1029 6271/7/1032 6270/2/1028
f 6268/6/1031 6272/46/1031 6271/7/1032
f 6273/15/1033 6274/19/1036 6278/16/1034
f 6275/18/1035 6279/21/1038 6278/16/1034
f 6276/20/1600 6280/47/1123 6279/21/1038
f 6281/10/1039 6282/8/1042 6286/12/1153
f 6282/8/1042 6283/11/1045 6287/14/1043
f 6284/22/1044 6288/13/1124 6287/14/1043
f 6289/23/1046 6290/27/1050 6294/24/1047
f 6291/26/1049 6295/29/1052 6294/24/1047
f 6292/28/1051 6296/45/2036 6295/29/1052
f 6297/10/1053 6298/8/1056 6302/12/1054
f 6299/11/1055 6303/14/1058 6302/12/1054
f 6300/22/1057 6304/13/2037 6303/14/1058
f 6305/30/1059 6306/34/1062 6310/31/1060
f 6307/33/1156 6311/36/1064 6310/31/1060
f 6308/35/1063 6312/44/1063 6311/36/1064
f 6313/1/1065 6314/5/1069 6318/2/1066
f 6315/4/1068 6319/7/1158 6318/2/1066
f 6316/6/1127 6320/46/1127 6319/7/1158
f 6321/37/1072 6322/41/1075 6326/38/1198
f 6323/40/1074 6327/43/1159 6326/38/1198
f 6324/42/2033 6328/48/1128 6327/43/1159
f 6329/15/1078 6330/19/1081 6334/16/1079
f 6331/18/1080 6335/21/1083 6334/16/1079
f 6332/20/1082 6336/47/1082 6335/21/1083
f 6337/30/1084 6338/34/1087 6342/31/1160
f 6339/33/1086 6343/36/1089 6342/31/1160
f 6340/35/1088 6344/44/1088 6343/36/1089
f 6345/1/1161 6346/5/1093 6350/2/1091
f 6347/4/1092 6351/7/1095 6350/2/1091
f 6348/6/1094 6352/46/1094 6351/7/1095
f 6353/37/1096 6354/41/1099 6358/38/2034
f 6355/40/1162 6359/43/1101 6358/38/2034
f 6356/42/1100 6360/48/1100 6359/43/1101
f 6361/1/1202 6366/2/1203 6365/3/1202
f 6363/4/1204 6366/2/1203 6362/5/1205
f 6364/6/1206 6367/7/1207 6363/4/1204
f 6370/8/1208 6373/9/1209 6369/10/1209
f 6371/11/1210 6374/12/1211 6370/8/1208
f 6371/11/1210 6376/13/1212 6375/14/1213
f 6377/15/1214 6382/16/1215 6381/17/1214
f 6379/18/1216 6382/16/1215 6378/19/1217
f 6380/20/1218 6383/21/1219 6379/18/1216
f 6385/10/1220 6390/12/1561 6389/9/1220
f 6387/11/1222 6390/12/1561 6386/8/1223
f 6388/22/1224 6391/14/1225 6387/11/1222
f 6393/23/1226 6398/24/1227 6397/25/1228
f 6395/26/1229 6398/24/1227 6394/27/1230
f 6396/28/1231 6399/29/1232 6395/26/1229
f 6401/10/1233 6406/12/1234 6405/9/1233
f 6402/8/1235 6407/14/1236 6406/12/1234
f 6404/22/1237 6407/14/1236 6403/11/1238
f 6409/30/1239 6414/31/1240 6413/32/1239
f 6411/33/1241 6414/31/1240 6410/34/1242
f 6412/35/1243 6415/36/1244 6411/33/1241
f 6417/15/1245 6422/16/1246 6421/17/1245
f 6419/18/1247 6422/16/1246 6418/19/1248
f 6420/20/1249 6423/21/1250 6419/18/1247
f 6425/37/1251 6430/38/1252 6429/39/1251
f 6427/40/1253 6430/38/1252 6426/41/1254
f 6428/42/1255 6431/43/1256 6427/40/1253
f 6434/34/1257 6437/32/1258 6433/30/1259
f 6435/33/1564 6438/31/1261 6434/34/1257
f 6435/33/1564 6440/44/1262 6439/36/1263
f 6441/10/1264 6446/12/1265 6445/9/1264
f 6443/11/1266 6446/12/1265 6442/8/1267
f 6444/22/2038 6447/14/1269 6443/11/1266
f 6449/23/1270 6454/24/1271 6453/25/1270
f 6451/26/1272 6454/24/1271 6450/27/2039
f 6451/26/1272 6456/45/1274 6455/29/1608
f 6458/19/1276 6461/17/1277 6457/15/1277
f 6459/18/1278 6462/16/1279 6458/19/1276
f 6460/20/1280 6463/21/1281 6459/18/1278
f 6465/10/1282 6470/12/1283 6469/9/1284
f 6466/8/1285 6471/14/1286 6470/12/1283
f 6467/11/1287 6472/13/1288 6471/14/1286
f 6473/23/1289 6478/24/1290 6477/25/1291
f 6475/26/1292 6478/24/1290 6474/27/1293
f 6476/28/1294 6479/29/1295 6475/26/1292
f 6481/10/1296 6486/12/1297 6485/9/1610
f 6483/11/1299 6486/12/1297 6482/8/1300
f 6484/22/1301 6487/14/1302 6483/11/1299
f 6489/30/2040 6494/31/1304 6493/32/2040
f 6491/33/1305 6494/31/1304 6490/34/2041
f 6492/35/1307 6495/36/1308 6491/33/1305
f 6497/15/1309 6502/16/1310 6501/17/1309
f 6499/18/1311 6502/16/1310 6498/19/1312
f 6500/20/1313 6503/21/1314 6499/18/1311
f 6505/37/1315 6510/38/1316 6509/39/1315
f 6507/40/1317 6510/38/1316 6506/41/1318
f 6508/42/1319 6511/43/1320 6507/40/1317
f 6513/1/1321 6518/2/1322 6517/3/1321
f 6515/4/1323 6518/2/1322 6514/5/1324
f 6515/4/1323 6520/46/1325 6519/7/1326
f 6521/1/1327 6526/2/1328 6525/3/1327
f 6523/4/1329 6526/2/1328 6522/5/1330
f 6524/6/1331 6527/7/1332 6523/4/1329
f 6529/23/1333 6534/24/1334 6533/25/1333
f 6531/26/1335 6534/24/1334 6530/27/1336
f 6531/26/1335 6536/45/1337 6535/29/1338
f 6537/10/1339 6542/12/1340 6541/9/1339
f 6538/8/1341 6543/14/1342 6542/12/1340
f 6540/22/1343 6543/14/1342 6539/11/1344
f 6545/30/1345 6550/31/1346 6549/32/1345
f 6546/34/1347 6551/36/1348 6550/31/1346
f 6548/35/2042 6551/36/1348 6547/33/1350
f 6553/10/1351 6558/12/1352 6557/9/1351
f 6555/11/2043 6558/12/1352 6554/8/1355
f 6556/22/1571 6559/14/1357 6555/11/2043
f 6562/19/1572 6565/17/1359 6561/15/1359
f 6563/18/1360 6566/16/1361 6562/19/1572
f 6564/20/1362 6567/21/1363 6563/18/1360
f 6569/1/1364 6574/2/1365 6573/3/1364
f 6571/4/1366 6574/2/1365 6570/5/1367
f 6572/6/1368 6575/7/1369 6571/4/1366
f 6578/8/1370 6581/9/1371 6577/10/2044
f 6579/11/2045 6582/12/1574 6578/8/1370
f 6580/22/1375 6583/14/2046 6579/11/2045
f 6586/19/1377 6589/17/2047 6585/15/2047
f 6587/18/1379 6590/16/1380 6586/19/1377
f 6588/20/1381 6591/21/1382 6587/18/1379
f 6594/41/1383 6597/39/1384 6593/37/1385
f 6595/40/1386 6598/38/1576 6594/41/1383
f 6596/42/1388 6599/43/1577 6595/40/1386
f 6601/15/1390 6606/16/1391 6605/17/1390
f 6603/18/1392 6606/16/1391 6602/19/1393
f 6604/20/1579 6607/21/1395 6603/18/1392
f 6609/30/1396 6614/31/1397 6613/32/1396
f 6611/33/1398 6614/31/1397 6610/34/1399
f 6612/35/1400 6615/36/1401 6611/33/1398
f 6618/8/1402 6621/9/2048 6617/10/1404
f 6619/11/2049 6622/12/1406 6618/8/1402
f 6620/22/1407 6623/14/1408 6619/11/2049
f 6625/23/1409 6630/24/1410 6629/25/1409
f 6627/26/1411 6630/24/1410 6626/27/1412
f 6627/26/1411 6632/45/1413 6631/29/1414
f 6633/15/1415 6638/16/1416 6637/17/1415
f 6635/18/1581 6638/16/1416 6634/19/2050
f 6636/20/1419 6639/21/1582 6635/18/1581
f 6641/10/1421 6646/12/1422 6645/9/1423
f 6642/8/2051 6647/14/1425 6646/12/1422
f 6644/22/1426 6647/14/1425 6643/11/1427
f 6649/23/1428 6654/24/1429 6653/25/1428
f 6651/26/1430 6654/24/1429 6650/27/1431
f 6651/26/1430 6656/45/1432 6655/29/1433
f 6657/10/1434 6662/12/1435 6661/9/1436
f 6659/11/1437 6662/12/1435 6658/8/1438
f 6660/22/1985 6663/14/1440 6659/11/1437
f 6665/30/1441 6670/31/1442 6669/32/1441
f 6667/33/1443 6670/31/1442 6666/34/1444
f 6668/35/1445 6671/36/1446 6667/33/1443
f 6673/15/1447 6678/16/1448 6677/17/1447
f 6675/18/1449 6678/16/1448 6674/19/1450
f 6676/20/1451 6679/21/1452 6675/18/1449
f 6681/37/1453 6686/38/1613 6685/39/1453
f 6683/40/1455 6686/38/1613 6682/41/1456
f 6684/42/1457 6687/43/1458 6683/40/1455
f 6689/1/1459 6694/2/1460 6693/3/1459
f 6691/4/1461 6694/2/1460 6690/5/1462
f 6692/6/1463 6695/7/1464 6691/4/1461
f 6697/15/1465 6702/16/1466 6701/17/1465
f 6699/18/1467 6702/16/1466 6698/19/1468
f 6700/20/1469 6703/21/1470 6699/18/1467
f 6705/10/2052 6710/12/1472 6709/9/1473
f 6706/8/1474 6711/14/1475 6710/12/1472
f 6708/22/1476 6711/14/1475 6707/11/1477
f 6713/23/1585 6718/24/1479 6717/25/1480
f 6715/26/1481 6718/24/1479 6714/27/1482
f 6716/28/1483 6719/29/1484 6715/26/1481
f 6721/10/1485 6726/12/1587 6725/9/1485
f 6723/11/1487 6726/12/1587 6722/8/1488
f 6724/22/1489 6727/14/1490 6723/11/1487
f 6729/30/1491 6734/31/1588 6733/32/1491
f 6731/33/1493 6734/31/1588 6730/34/1494
f 6732/35/1495 6735/36/1496 6731/33/1493
f 6737/1/1497 6742/2/1498 6741/3/1497
f 6739/4/1499 6742/2/1498 6738/5/1500
f 6740/6/1501 6743/7/1502 6739/4/1499
f 6745/37/1503 6750/38/1504 6749/39/1503
f 6747/40/1505 6750/38/1504 6746/41/1506
f 6748/42/1507 6751/43/1508 6747/40/1505
f 6753/15/1509 6758/16/1510 6757/17/1509
f 6755/18/1511 6758/16/1510 6754/19/1512
f 6756/20/1513 6759/21/1514 6755/18/1511
f 6761/30/1515 6766/31/2053 6765/32/1515
f 6763/33/1517 6766/31/2053 6762/34/1518
f 6764/35/1519 6767/36/1520 6763/33/1517
f 6769/1/1521 6774/2/1522 6773/3/1521
f 6771/4/1523 6774/2/1522 6770/5/1524
f 6772/6/1525 6775/7/1526 6771/4/1523
f 6777/37/1527 6782/38/1528 6781/39/1527
f 6779/40/2054 6782/38/1528 6778/41/1530
f 6780/42/1531 6783/43/2055 6779/40/2054
f 6361/1/1202 6362/5/1205 6366/2/1203
f 6363/4/1204 6367/7/1207 6366/2/1203
f 6364/6/1206 6368/46/1206 6367/7/1207
f 6370/8/1208 6374/12/1211 6373/9/1209
f 6371/11/1210 6375/14/1213 6374/12/1211
f 6371/11/1210 6372/22/1212 6376/13/1212
f 6377/15/1214 6378/19/1217 6382/16/1215
f 6379/18/1216 6383/21/1219 6382/16/1215
f 6380/20/1218 6384/47/1593 6383/21/1219
f 6385/10/1220 6386/8/1223 6390/12/1561
f 6387/11/1222 6391/14/1225 6390/12/1561
f 6388/22/1224 6392/13/1224 6391/14/1225
f 6393/23/1226 6394/27/1230 6398/24/1227
f 6395/26/1229 6399/29/1232 6398/24/1227
f 6396/28/1231 6400/45/1534 6399/29/1232
f 6401/10/1233 6402/8/1235 6406/12/1234
f 6402/8/1235 6403/11/1238 6407/14/1236
f 6404/22/1237 6408/13/1237 6407/14/1236
f 6409/30/1239 6410/34/1242 6414/31/1240
f 6411/33/1241 6415/36/1244 6414/31/1240
f 6412/35/1243 6416/44/1243 6415/36/1244
f 6417/15/1245 6418/19/1248 6422/16/1246
f 6419/18/1247 6423/21/1250 6422/16/1246
f 6420/20/1249 6424/47/1594 6423/21/1250
f 6425/37/1251 6426/41/1254 6430/38/1252
f 6427/40/1253 6431/43/1256 6430/38/1252
f 6428/42/1255 6432/48/1255 6431/43/1256
f 6434/34/1257 6438/31/1261 6437/32/1258
f 6435/33/1564 6439/36/1263 6438/31/1261
f 6435/33/1564 6436/35/1536 6440/44/1262
f 6441/10/1264 6442/8/1267 6446/12/1265
f 6443/11/1266 6447/14/1269 6446/12/1265
f 6444/22/2038 6448/13/1537 6447/14/1269
f 6449/23/1270 6450/27/2039 6454/24/1271
f 6451/26/1272 6455/29/1608 6454/24/1271
f 6451/26/1272 6452/28/1538 6456/45/1274
f 6458/19/1276 6462/16/1279 6461/17/1277
f 6459/18/1278 6463/21/1281 6462/16/1279
f 6460/20/1280 6464/47/1280 6463/21/1281
f 6465/10/1282 6466/8/1285 6470/12/1283
f 6466/8/1285 6467/11/1287 6471/14/1286
f 6467/11/1287 6468/22/1595 6472/13/1288
f 6473/23/1289 6474/27/1293 6478/24/1290
f 6475/26/1292 6479/29/1295 6478/24/1290
f 6476/28/1294 6480/45/1540 6479/29/1295
f 6481/10/1296 6482/8/1300 6486/12/1297
f 6483/11/1299 6487/14/1302 6486/12/1297
f 6484/22/1301 6488/13/1301 6487/14/1302
f 6489/30/2040 6490/34/2041 6494/31/1304
f 6491/33/1305 6495/36/1308 6494/31/1304
f 6492/35/1307 6496/44/1307 6495/36/1308
f 6497/15/1309 6498/19/1312 6502/16/1310
f 6499/18/1311 6503/21/1314 6502/16/1310
f 6500/20/1313 6504/47/1313 6503/21/1314
f 6505/37/1315 6506/41/1318 6510/38/1316
f 6507/40/1317 6511/43/1320 6510/38/1316
f 6508/42/1319 6512/48/1319 6511/43/1320
f 6513/1/1321 6514/5/1324 6518/2/1322
f 6515/4/1323 6519/7/1326 6518/2/1322
f 6515/4/1323 6516/6/1542 6520/46/1325
f 6521/1/1327 6522/5/1330 6526/2/1328
f 6523/4/1329 6527/7/1332 6526/2/1328
f 6524/6/1331 6528/46/1331 6527/7/1332
f 6529/23/1333 6530/27/1336 6534/24/1334
f 6531/26/1335 6535/29/1338 6534/24/1334
f 6531/26/1335 6532/28/1337 6536/45/1337
f 6537/10/1339 6538/8/1341 6542/12/1340
f 6538/8/1341 6539/11/1344 6543/14/1342
f 6540/22/1343 6544/13/1596 6543/14/1342
f 6545/30/1345 6546/34/1347 6550/31/1346
f 6546/34/1347 6547/33/1350 6551/36/1348
f 6548/35/2042 6552/44/1544 6551/36/1348
f 6553/10/1351 6554/8/1355 6558/12/1352
f 6555/11/2043 6559/14/1357 6558/12/1352
f 6556/22/1571 6560/13/1571 6559/14/1357
f 6562/19/1572 6566/16/1361 6565/17/1359
f 6563/18/1360 6567/21/1363 6566/16/1361
f 6564/20/1362 6568/47/1545 6567/21/1363
f 6569/1/1364 6570/5/1367 6574/2/1365
f 6571/4/1366 6575/7/1369 6574/2/1365
f 6572/6/1368 6576/46/1368 6575/7/1369
f 6578/8/1370 6582/12/1574 6581/9/1371
f 6579/11/2045 6583/14/2046 6582/12/1574
f 6580/22/1375 6584/13/1597 6583/14/2046
f 6586/19/1377 6590/16/1380 6589/17/2047
f 6587/18/1379 6591/21/1382 6590/16/1380
f 6588/20/1381 6592/47/1381 6591/21/1382
f 6594/41/1383 6598/38/1576 6597/39/1384
f 6595/40/1386 6599/43/1577 6598/38/1576
f 6596/42/1388 6600/48/1547 6599/43/1577
f 6601/15/1390 6602/19/1393 6606/16/1391
f 6603/18/1392 6607/21/1395 6606/16/1391
f 6604/20/1579 6608/47/1548 6607/21/1395
f 6609/30/1396 6610/34/1399 6614/31/1397
f 6611/33/1398 6615/36/1401 6614/31/1397
f 6612/35/1400 6616/44/1549 6615/36/1401
f 6618/8/1402 6622/12/1406 6621/9/2048
f 6619/11/2049 6623/14/1408 6622/12/1406
f 6620/22/1407 6624/13/1550 6623/14/1408
f 6625/23/1409 6626/27/1412 6630/24/1410
f 6627/26/1411 6631/29/1414 6630/24/1410
f 6627/26/1411 6628/28/1618 6632/45/1413
f 6633/15/1415 6634/19/2050 6638/16/1416
f 6635/18/1581 6639/21/1582 6638/16/1416
f 6636/20/1419 6640/47/1419 6639/21/1582
f 6641/10/1421 6642/8/2051 6646/12/1422
f 6642/8/2051 6643/11/1427 6647/14/1425
f 6644/22/1426 6648/13/1552 6647/14/1425
f 6649/23/1428 6650/27/1431 6654/24/1429
f 6651/26/1430 6655/29/1433 6654/24/1429
f 6651/26/1430 6652/28/1553 6656/45/1432
f 6657/10/1434 6658/8/1438 6662/12/1435
f 6659/11/1437 6663/14/1440 6662/12/1435
f 6660/22/1985 6664/13/1985 6663/14/1440
f 6665/30/1441 6666/34/1444 6670/31/1442
f 6667/33/1443 6671/36/1446 6670/31/1442
f 6668/35/1445 6672/44/1445 6671/36/1446
f 6673/15/1447 6674/19/1450 6678/16/1448
f 6675/18/1449 6679/21/1452 6678/16/1448
f 6676/20/1451 6680/47/1598 6679/21/1452
f 6681/37/1453 6682/41/1456 6686/38/1613
f 6683/40/1455 6687/43/1458 6686/38/1613
f 6684/42/1457 6688/48/1457 6687/43/1458
f 6689/1/1459 6690/5/1462 6694/2/1460
f 6691/4/1461 6695/7/1464 6694/2/1460
f 6692/6/1463 6696/46/1463 6695/7/1464
f 6697/15/1465 6698/19/1468 6702/16/1466
f 6699/18/1467 6703/21/1470 6702/16/1466
f 6700/20/1469 6704/47/1555 6703/21/1470
f 6705/10/2052 6706/8/1474 6710/12/1472
f 6706/8/1474 6707/11/1477 6711/14/1475
f 6708/22/1476 6712/13/1556 6711/14/1475
f 6713/23/1585 6714/27/1482 6718/24/1479
f 6715/26/1481 6719/29/1484 6718/24/1479
f 6716/28/1483 6720/45/1557 6719/29/1484
f 6721/10/1485 6722/8/1488 6726/12/1587
f 6723/11/1487 6727/14/1490 6726/12/1587
f 6724/22/1489 6728/13/1558 6727/14/1490
f 6729/30/1491 6730/34/1494 6734/31/1588
f 6731/33/1493 6735/36/1496 6734/31/1588
f 6732/35/1495 6736/44/1495 6735/36/1496
f 6737/1/1497 6738/5/1500 6742/2/1498
f 6739/4/1499 6743/7/1502 6742/2/1498
f 6740/6/1501 6744/46/1501 6743/7/1502
f 6745/37/1503 6746/41/1506 6750/38/1504
f 6747/40/1505 6751/43/1508 6750/38/1504
f 6748/42/1507 6752/48/1560 6751/43/1508
f 6753/15/1509 6754/19/1512 6758/16/1510
f 6755/18/1511 6759/21/1514 6758/16/1510
f 6756/20/1513 6760/47/1513 6759/21/1514
f 6761/30/1515 6762/34/1518 6766/31/2053
f 6763/33/1517 6767/36/1520 6766/31/2053
f 6764/35/1519 6768/44/1519 6767/36/1520
f 6769/1/1521 6770/5/1524 6774/2/1522
f 6771/4/1523 6775/7/1526 6774/2/1522
f 6772/6/1525 6776/46/1525 6775/7/1526
f 6777/37/1527 6778/41/1530 6782/38/1528
f 6779/40/2054 6783/43/2055 6782/38/1528
f 6780/42/1531 6784/48/1531 6783/43/2055
f 6785/1/1202 6790/2/1203 6789/3/1202
f 6787/4/1204 6790/2/1203 6786/5/1205
f 6788/6/1206 6791/7/1207 6787/4/1204
f 6794/8/1208 6797/9/1209 6793/10/1209
f 6795/11/1210 6798/12/2056 6794/8/1208
f 6795/11/1210 6800/13/1212 6799/14/1213
f 6801/15/2057 6806/16/1215 6805/17/2057
f 6803/18/1605 6806/16/1215 6802/19/1217
f 6804/20/1218 6807/21/1219 6803/18/1605
f 6809/10/1220 6814/12/1561 6813/9/1220
f 6811/11/1222 6814/12/1561 6810/8/1223
f 6812/22/1224 6815/14/1225 6811/11/1222
f 6817/23/1226 6822/24/1227 6821/25/1228
f 6819/26/1229 6822/24/1227 6818/27/1230
f 6820/28/1231 6823/29/1232 6819/26/1229
f 6825/10/1233 6830/12/1234 6829/9/1233
f 6826/8/1235 6831/14/1236 6830/12/1234
f 6828/22/1237 6831/14/1236 6827/11/1238
f 6833/30/1239 6838/31/1240 6837/32/1239
f 6835/33/1241 6838/31/1240 6834/34/1242
f 6836/35/1243 6839/36/1244 6835/33/1241
f 6841/15/1245 6846/16/1246 6845/17/1245
f 6843/18/1247 6846/16/1246 6842/19/2058
f 6844/20/1249 6847/21/1250 6843/18/1247
f 6849/37/1251 6854/38/1252 6853/39/1251
f 6851/40/1253 6854/38/1252 6850/41/1563
f 6852/42/1255 6855/43/2059 6851/40/1253
f 6858/34/1257 6861/32/1258 6857/30/1259
f 6859/33/1564 6862/31/1261 6858/34/1257
f 6859/33/1564 6864/44/1262 6863/36/1263
f 6865/10/1264 6870/12/1265 6869/9/1264
f 6867/11/1266 6870/12/1265 6866/8/1267
f 6868/22/1268 6871/14/1269 6867/11/1266
f 6873/23/1270 6878/24/1271 6877/25/1270
f 6875/26/1272 6878/24/1271 6874/27/1273
f 6875/26/1272 6880/45/1274 6879/29/1275
f 6882/19/1276 6885/17/1277 6881/15/1277
f 6883/18/1278 6886/16/1279 6882/19/1276
f 6884/20/1280 6887/21/1281 6883/18/1278
f 6889/10/1282 6894/12/1283 6893/9/1284
f 6890/8/2060 6895/14/1286 6894/12/1283
f 6891/11/1287 6896/13/1288 6895/14/1286
f 6897/23/1289 6902/24/1290 6901/25/1291
f 6899/26/1292 6902/24/1290 6898/27/1293
f 6900/28/1294 6903/29/1295 6899/26/1292
f 6905/10/1296 6910/12/1297 6909/9/1298
f 6907/11/1299 6910/12/1297 6906/8/1300
f 6908/22/1301 6911/14/1302 6907/11/1299
f 6913/30/1303 6918/31/1304 6917/32/1303
f 6915/33/1305 6918/31/1304 6914/34/1306
f 6916/35/1307 6919/36/1308 6915/33/1305
f 6921/15/1309 6926/16/1310 6925/17/1309
f 6923/18/1311 6926/16/1310 6922/19/1312
f 6924/20/1313 6927/21/1314 6923/18/1311
f 6929/37/1315 6934/38/1316 6933/39/1315
f 6931/40/1317 6934/38/1316 6930/41/1318
f 6932/42/1319 6935/43/1320 6931/40/1317
f 6937/1/1321 6942/2/1322 6941/3/1569
f 6939/4/1323 6942/2/1322 6938/5/1324
f 6939/4/1323 6944/46/1325 6943/7/1326
f 6945/1/1327 6950/2/1328 6949/3/1327
f 6947/4/1329 6950/2/1328 6946/5/1330
f 6948/6/1331 6951/7/1332 6947/4/1329
f 6953/23/1333 6958/24/1334 6957/25/1333
f 6955/26/1335 6958/24/1334 6954/27/1336
f 6955/26/1335 6960/45/1337 6959/29/1338
f 6961/10/1339 6966/12/1340 6965/9/1339
f 6962/8/1341 6967/14/1342 6966/12/1340
f 6964/22/1343 6967/14/1342 6963/11/1344
f 6969/30/1345 6974/31/1346 6973/32/1345
f 6970/34/1347 6975/36/1348 6974/31/1346
f 6972/35/2042 6975/36/1348 6971/33/1350
f 6977/10/1351 6982/12/1352 6981/9/1351
f 6979/11/2043 6982/12/1352 6978/8/1355
f 6980/22/1356 6983/14/1357 6979/11/2043
f 6986/19/1572 6989/17/1359 6985/15/1359
f 6987/18/1360 6990/16/1361 6986/19/1572
f 6988/20/1362 6991/21/1363 6987/18/1360
f 6993/1/1364 6998/2/1365 6997/3/1364
f 6995/4/1366 6998/2/1365 6994/5/2061
f 6996/6/1981 6999/7/1369 6995/4/1366
f 7002/8/1370 7005/9/1371 7001/10/1372
f 7003/11/1373 7006/12/1374 7002/8/1370
f 7004/22/1375 7007/14/2046 7003/11/1373
f 7010/19/1377 7013/17/2047 7009/15/2047
f 7011/18/1612 7014/16/1380 7010/19/1377
f 7012/20/1381 7015/21/1382 7011/18/1612
f 7018/41/1983 7021/39/1384 7017/37/1385
f 7019/40/1386 7022/38/1576 7018/41/1983
f 7020/42/1388 7023/43/1577 7019/40/1386
f 7025/15/1390 7030/16/1391 7029/17/1390
f 7027/18/1578 7030/16/1391 7026/19/1393
f 7028/20/1579 7031/21/1395 7027/18/1578
f 7033/30/1396 7038/31/1397 7037/32/1396
f 7035/33/1398 7038/31/1397 7034/34/1399
f 7036/35/1400 7039/36/1401 7035/33/1398
f 7042/8/1402 7045/9/1580 7041/10/1404
f 7043/11/1405 7046/12/1406 7042/8/1402
f 7044/22/1407 7047/14/1408 7043/11/1405
f 7049/23/1409 7054/24/1410 7053/25/1409
f 7051/26/1411 7054/24/1410 7050/27/1412
f 7051/26/1411 7056/45/1413 7055/29/1414
f 7057/15/1415 7062/16/1416 7061/17/1415
f 7059/18/1581 7062/16/1416 7058/19/2050
f 7060/20/1419 7063/21/2062 7059/18/1581
f 7065/10/1421 7070/12/1422 7069/9/1423
f 7066/8/1424 7071/14/1425 7070/12/1422
f 7068/22/1426 7071/14/1425 7067/11/1427
f 7073/23/1428 7078/24/1429 7077/25/1428
f 7075/26/1430 7078/24/1429 7074/27/1431
f 7075/26/1430 7080/45/1432 7079/29/1433
f 7081/10/1434 7086/12/1435 7085/9/1436
f 7083/11/1437 7086/12/1435 7082/8/2063
f 7084/22/1985 7087/14/1440 7083/11/1437
f 7089/30/1441 7094/31/1442 7093/32/1441
f 7091/33/1443 7094/31/1442 7090/34/1444
f 7092/35/1445 7095/36/1446 7091/33/1443
f 7097/15/1447 7102/16/1448 7101/17/1447
f 7099/18/1449 7102/16/1448 7098/19/1450
f 7100/20/1451 7103/21/1452 7099/18/1449
f 7105/37/1453 7110/38/1454 7109/39/1453
f 7107/40/1455 7110/38/1454 7106/41/1456
f 7108/42/1457 7111/43/1458 7107/40/1455
f 7113/1/1459 7118/2/1460 7117/3/1459
f 7115/4/1461 7118/2/1460 7114/5/1462
f 7116/6/1463 7119/7/1464 7115/4/1461
f 7121/15/1465 7126/16/1466 7125/17/1465
f 7123/18/1467 7126/16/1466 7122/19/1615
f 7124/20/1469 7127/21/1470 7123/18/1467
f 7129/10/1471 7134/12/1472 7133/9/1473
f 7130/8/1474 7135/14/1475 7134/12/1472
f 7132/22/1476 7135/14/1475 7131/11/1477
f 7137/23/1585 7142/24/1479 7141/25/1480
f 7139/26/1481 7142/24/1479 7138/27/1482
f 7140/28/1483 7143/29/1586 7139/26/1481
f 7145/10/1485 7150/12/2064 7149/9/1485
f 7147/11/1487 7150/12/2064 7146/8/1488
f 7148/22/1489 7151/14/1490 7147/11/1487
f 7153/30/1491 7158/31/1492 7157/32/1491
f 7155/33/1493 7158/31/1492 7154/34/1494
f 7156/35/1495 7159/36/1496 7155/33/1493
f 7161/1/1497 7166/2/1498 7165/3/1497
f 7163/4/1499 7166/2/1498 7162/5/1500
f 7164/6/1501 7167/7/1502 7163/4/1499
f 7169/37/1503 7174/38/1589 7173/39/1503
f 7171/40/1505 7174/38/1589 7170/41/1506
f 7172/42/1507 7175/43/1508 7171/40/1505
f 7177/15/1509 7182/16/1510 7181/17/1509
f 7179/18/1511 7182/16/1510 7178/19/1512
f 7180/20/1513 7183/21/1514 7179/18/1511
f 7185/30/1515 7190/31/2065 7189/32/1515
f 7187/33/1517 7190/31/2065 7186/34/1518
f 7188/35/1519 7191/36/1520 7187/33/1517
f 7193/1/1521 7198/2/1522 7197/3/1521
f 7195/4/1523 7198/2/1522 7194/5/1524
f 7196/6/1525 7199/7/1526 7195/4/1523
f 7201/37/1527 7206/38/1528 7205/39/1527
f 7203/40/1989 7206/38/1528 7202/41/1530
f 7204/42/1531 7207/43/2055 7203/40/1989
f 6785/1/1202 6786/5/1205 6790/2/1203
f 6787/4/1204 6791/7/1207 6790/2/1203
f 6788/6/1206 6792/46/1206 6791/7/1207
f 6794/8/1208 6798/12/2056 6797/9/1209
f 6795/11/1210 6799/14/1213 6798/12/2056
f 6795/11/1210 6796/22/1212 6800/13/1212
f 6801/15/2057 6802/19/1217 6806/16/1215
f 6803/18/1605 6807/21/1219 6806/16/1215
f 6804/20/1218 6808/47/1593 6807/21/1219
f 6809/10/1220 6810/8/1223 6814/12/1561
f 6811/11/1222 6815/14/1225 6814/12/1561
f 6812/22/1224 6816/13/1224 6815/14/1225
f 6817/23/1226 6818/27/1230 6822/24/1227
f 6819/26/1229 6823/29/1232 6822/24/1227
f 6820/28/1231 6824/45/1534 6823/29/1232
f 6825/10/1233 6826/8/1235 6830/12/1234
f 6826/8/1235 6827/11/1238 6831/14/1236
f 6828/22/1237 6832/13/1237 6831/14/1236
f 6833/30/1239 6834/34/1242 6838/31/1240
f 6835/33/1241 6839/36/1244 6838/31/1240
f 6836/35/1243 6840/44/1243 6839/36/1244
f 6841/15/1245 6842/19/2058 6846/16/1246
f 6843/18/1247 6847/21/1250 6846/16/1246
f 6844/20/1249 6848/47/1594 6847/21/1250
f 6849/37/1251 6850/41/1563 6854/38/1252
f 6851/40/1253 6855/43/2059 6854/38/1252
f 6852/42/1255 6856/48/1255 6855/43/2059
f 6858/34/1257 6862/31/1261 6861/32/1258
f 6859/33/1564 6863/36/1263 6862/31/1261
f 6859/33/1564 6860/35/1536 6864/44/1262
f 6865/10/1264 6866/8/1267 6870/12/1265
f 6867/11/1266 6871/14/1269 6870/12/1265
f 6868/22/1268 6872/13/1537 6871/14/1269
f 6873/23/1270 6874/27/1273 6878/24/1271
f 6875/26/1272 6879/29/1275 6878/24/1271
f 6875/26/1272 6876/28/1538 6880/45/1274
f 6882/19/1276 6886/16/1279 6885/17/1277
f 6883/18/1278 6887/21/1281 6886/16/1279
f 6884/20/1280 6888/47/1280 6887/21/1281
f 6889/10/1282 6890/8/2060 6894/12/1283
f 6890/8/2060 6891/11/1287 6895/14/1286
f 6891/11/1287 6892/22/1595 6896/13/1288
f 6897/23/1289 6898/27/1293 6902/24/1290
f 6899/26/1292 6903/29/1295 6902/24/1290
f 6900/28/1294 6904/45/1540 6903/29/1295
f 6905/10/1296 6906/8/1300 6910/12/1297
f 6907/11/1299 6911/14/1302 6910/12/1297
f 6908/22/1301 6912/13/1301 6911/14/1302
f 6913/30/1303 6914/34/1306 6918/31/1304
f 6915/33/1305 6919/36/1308 6918/31/1304
f 6916/35/1307 6920/44/1307 6919/36/1308
f 6921/15/1309 6922/19/1312 6926/16/1310
f 6923/18/1311 6927/21/1314 6926/16/1310
f 6924/20/1313 6928/47/1313 6927/21/1314
f 6929/37/1315 6930/41/1318 6934/38/1316
f 6931/40/1317 6935/43/1320 6934/38/1316
f 6932/42/1319 6936/48/1319 6935/43/1320
f 6937/1/1321 6938/5/1324 6942/2/1322
f 6939/4/1323 6943/7/1326 6942/2/1322
f 6939/4/1323 6940/6/1542 6944/46/1325
f 6945/1/1327 6946/5/1330 6950/2/1328
f 6947/4/1329 6951/7/1332 6950/2/1328
f 6948/6/1331 6952/46/1331 6951/7/1332
f 6953/23/1333 6954/27/1336 6958/24/1334
f 6955/26/1335 6959/29/1338 6958/24/1334
f 6955/26/1335 6956/28/1337 6960/45/1337
f 6961/10/1339 6962/8/1341 6966/12/1340
f 6962/8/1341 6963/11/1344 6967/14/1342
f 6964/22/1343 6968/13/1596 6967/14/1342
f 6969/30/1345 6970/34/1347 6974/31/1346
f 6970/34/1347 6971/33/1350 6975/36/1348
f 6972/35/2042 6976/44/1544 6975/36/1348
f 6977/10/1351 6978/8/1355 6982/12/1352
f 6979/11/2043 6983/14/1357 6982/12/1352
f 6980/22/1356 6984/13/1356 6983/14/1357
f 6986/19/1572 6990/16/1361 6989/17/1359
f 6987/18/1360 6991/21/1363 6990/16/1361
f 6988/20/1362 6992/47/1545 6991/21/1363
f 6993/1/1364 6994/5/2061 6998/2/1365
f 6995/4/1366 6999/7/1369 6998/2/1365
f 6996/6/1981 7000/46/1981 6999/7/1369
f 7002/8/1370 7006/12/1374 7005/9/1371
f 7003/11/1373 7007/14/2046 7006/12/1374
f 7004/22/1375 7008/13/1546 7007/14/2046
f 7010/19/1377 7014/16/1380 7013/17/2047
f 7011/18/1612 7015/21/1382 7014/16/1380
f 7012/20/1381 7016/47/1381 7015/21/1382
f 7018/41/1983 7022/38/1576 7021/39/1384
f 7019/40/1386 7023/43/1577 7022/38/1576
f 7020/42/1388 7024/48/1547 7023/43/1577
f 7025/15/1390 7026/19/1393 7030/16/1391
f 7027/18/1578 7031/21/1395 7030/16/1391
f 7028/20/1579 7032/47/1548 7031/21/1395
f 7033/30/1396 7034/34/1399 7038/31/1397
f 7035/33/1398 7039/36/1401 7038/31/1397
f 7036/35/1400 7040/44/1549 7039/36/1401
f 7042/8/1402 7046/12/1406 7045/9/1580
f 7043/11/1405 7047/14/1408 7046/12/1406
f 7044/22/1407 7048/13/1550 7047/14/1408
f 7049/23/1409 7050/27/1412 7054/24/1410
f 7051/26/1411 7055/29/1414 7054/24/1410
f 7051/26/1411 7052/28/1618 7056/45/1413
f 7057/15/1415 7058/19/2050 7062/16/1416
f 7059/18/1581 7063/21/2062 7062/16/1416
f 7060/20/1419 7064/47/1419 7063/21/2062
f 7065/10/1421 7066/8/1424 7070/12/1422
f 7066/8/1424 7067/11/1427 7071/14/1425
f 7068/22/1426 7072/13/1552 7071/14/1425
f 7073/23/1428 7074/27/1431 7078/24/1429
f 7075/26/1430 7079/29/1433 7078/24/1429
f 7075/26/1430 7076/28/1553 7080/45/1432
f 7081/10/1434 7082/8/2063 7086/12/1435
f 7083/11/1437 7087/14/1440 7086/12/1435
f 7084/22/1985 7088/13/1985 7087/14/1440
f 7089/30/1441 7090/34/1444 7094/31/1442
f 7091/33/1443 7095/36/1446 7094/31/1442
f 7092/35/1445 7096/44/1445 7095/36/1446
f 7097/15/1447 7098/19/1450 7102/16/1448
f 7099/18/1449 7103/21/1452 7102/16/1448
f 7100/20/1451 7104/47/1598 7103/21/1452
f 7105/37/1453 7106/41/1456 7110/38/1454
f 7107/40/1455 7111/43/1458 7110/38/1454
f 7108/42/1457 7112/48/1457 7111/43/1458
f 7113/1/1459 7114/5/1462 7118/2/1460
f 7115/4/1461 7119/7/1464 7118/2/1460
f 7116/6/1463 7120/46/1463 7119/7/1464
f 7121/15/1465 7122/19/1615 7126/16/1466
f 7123/18/1467 7127/21/1470 7126/16/1466
f 7124/20/1469 7128/47/1555 7127/21/1470
f 7129/10/1471 7130/8/1474 7134/12/1472
f 7130/8/1474 7131/11/1477 7135/14/1475
f 7132/22/1476 7136/13/1556 7135/14/1475
f 7137/23/1585 7138/27/1482 7142/24/1479
f 7139/26/1481 7143/29/1586 7142/24/1479
f 7140/28/1483 7144/45/1557 7143/29/1586
f 7145/10/1485 7146/8/1488 7150/12/2064
f 7147/11/1487 7151/14/1490 7150/12/2064
f 7148/22/1489 7152/13/1558 7151/14/1490
f 7153/30/1491 7154/34/1494 7158/31/1492
f 7155/33/1493 7159/36/1496 7158/31/1492
f 7156/35/1495 7160/44/1495 7159/36/1496
f 7161/1/1497 7162/5/1500 7166/2/1498
f 7163/4/1499 7167/7/1502 7166/2/1498
f 7164/6/1501 7168/46/1501 7167/7/1502
f 7169/37/1503 7170/41/1506 7174/38/1589
f 7171/40/1505 7175/43/1508 7174/38/1589
f 7172/42/1507 7176/48/1560 7175/43/1508
f 7177/15/1509 7178/19/1512 7182/16/1510
f 7179/18/1511 7183/21/1514 7182/16/1510
f 7180/20/1513 7184/47/1513 7183/21/1514
f 7185/30/1515 7186/34/1518 7190/31/2065
f 7187/33/1517 7191/36/1520 7190/31/2065
f 7188/35/1519 7192/44/1519 7191/36/1520
f 7193/1/1521 7194/5/1524 7198/2/1522
f 7195/4/1523 7199/7/1526 7198/2/1522
f 7196/6/1525 7200/46/1525 7199/7/1526
f 7201/37/1527 7202/41/1530 7206/38/1528
f 7203/40/1989 7207/43/2055 7206/38/1528
f 7204/42/1531 7208/48/1531 7207/43/2055
f 7209/1/1 7214/2/2 7213/3/1
f 7211/4/3 7214/2/2 7210/5/4
f 7212/6/5 7215/7/6 7211/4/3
f 7218/8/2066 7221/9/8 7217/10/8
f 7219/11/9 7222/12/10 7218/8/2066
f 7219/11/9 7224/13/11 7223/14/12
f 7225/15/13 7230/16/1991 7229/17/13
f 7227/18/16 7230/16/1991 7226/19/1992
f 7228/20/18 7231/21/19 7227/18/16
f 7233/10/20 7238/12/21 7237/9/20
f 7235/11/22 7238/12/21 7234/8/2067
f 7236/22/24 7239/14/25 7235/11/22
f 7241/23/26 7246/24/27 7245/25/28
f 7243/26/29 7246/24/27 7242/27/30
f 7244/28/31 7247/29/32 7243/26/29
f 7249/10/33 7254/12/34 7253/9/33
f 7250/8/35 7255/14/36 7254/12/34
f 7252/22/37 7255/14/36 7251/11/1994
f 7257/30/39 7262/31/40 7261/32/39
f 7259/33/41 7262/31/40 7258/34/42
f 7260/35/43 7263/36/44 7259/33/41
f 7265/15/45 7270/16/46 7269/17/45
f 7267/18/47 7270/16/46 7266/19/48
f 7268/20/49 7271/21/50 7267/18/47
f 7273/37/51 7278/38/1996 7277/39/51
f 7275/40/53 7278/38/1996 7274/41/54
f 7276/42/55 7279/43/1997 7275/40/53
f 7282/34/57 7285/32/58 7281/30/59
f 7283/33/60 7286/31/61 7282/34/57
f 7283/33/60 7288/44/62 7287/36/63
f 7289/10/64 7294/12/65 7293/9/64
f 7291/11/66 7294/12/65 7290/8/67
f 7292/22/68 7295/14/69 7291/11/66
f 7297/23/70 7302/24/71 7301/25/70
f 7299/26/72 7302/24/71 7298/27/73
f 7299/26/72 7304/45/74 7303/29/75
f 7306/19/1999 7309/17/77 7305/15/2068
f 7307/18/2000 7310/16/79 7306/19/1999
f 7308/20/80 7311/21/2069 7307/18/2000
f 7313/10/82 7318/12/83 7317/9/84
f 7314/8/2070 7319/14/2071 7318/12/83
f 7315/11/87 7320/13/88 7319/14/2071
f 7321/23/89 7326/24/90 7325/25/91
f 7323/26/92 7326/24/90 7322/27/93
f 7324/28/2003 7327/29/95 7323/26/92
f 7329/10/96 7334/12/97 7333/9/98
f 7331/11/99 7334/12/97 7330/8/100
f 7332/22/101 7335/14/102 7331/11/99
f 7337/30/103 7342/31/104 7341/32/103
f 7339/33/105 7342/31/104 7338/34/106
f 7340/35/107 7343/36/2072 7339/33/105
f 7345/15/109 7350/16/110 7349/17/109
f 7347/18/2073 7350/16/110 7346/19/112
f 7348/20/113 7351/21/114 7347/18/2073
f 7353/37/115 7358/38/116 7357/39/115
f 7355/40/117 7358/38/116 7354/41/118
f 7356/42/2074 7359/43/120 7355/40/117
f 7361/1/121 7366/2/122 7365/3/121
f 7363/4/123 7366/2/122 7362/5/124
f 7363/4/123 7368/46/125 7367/7/126
f 7369/1/127 7374/2/128 7373/3/127
f 7371/4/129 7374/2/128 7370/5/130
f 7372/6/131 7375/7/132 7371/4/129
f 7377/23/133 7382/24/134 7381/25/133
f 7379/26/135 7382/24/134 7378/27/136
f 7379/26/135 7384/45/137 7383/29/138
f 7385/10/139 7390/12/140 7389/9/139
f 7386/8/2007 7391/14/142 7390/12/140
f 7388/22/143 7391/14/142 7387/11/144
f 7393/30/145 7398/31/146 7397/32/145
f 7394/34/147 7399/36/148 7398/31/146
f 7396/35/149 7399/36/148 7395/33/150
f 7401/10/151 7406/12/152 7405/9/151
f 7403/11/153 7406/12/152 7402/8/154
f 7404/22/155 7407/14/156 7403/11/153
f 7410/19/157 7413/17/158 7409/15/158
f 7411/18/159 7414/16/160 7410/19/157
f 7412/20/161 7415/21/162 7411/18/159
f 7417/1/163 7422/2/2075 7421/3/163
f 7419/4/165 7422/2/2075 7418/5/166
f 7420/6/167 7423/7/168 7419/4/165
f 7426/8/169 7429/9/2009 7425/10/171
f 7427/11/172 7430/12/173 7426/8/169
f 7428/22/174 7431/14/2076 7427/11/172
f 7434/19/176 7437/17/177 7433/15/177
f 7435/18/178 7438/16/179 7434/19/176
f 7436/20/180 7439/21/181 7435/18/178
f 7442/41/182 7445/39/183 7441/37/184
f 7443/40/185 7446/38/2077 7442/41/182
f 7444/42/187 7447/43/188 7443/40/185
f 7449/15/189 7454/16/2013 7453/17/189
f 7451/18/191 7454/16/2013 7450/19/2078
f 7452/20/193 7455/21/194 7451/18/191
f 7457/30/195 7462/31/196 7461/32/195
f 7459/33/197 7462/31/196 7458/34/2079
f 7460/35/199 7463/36/200 7459/33/197
f 7466/8/201 7469/9/202 7465/10/203
f 7467/11/204 7470/12/205 7466/8/201
f 7468/22/206 7471/14/207 7467/11/204
f 7473/23/208 7478/24/209 7477/25/208
f 7475/26/210 7478/24/209 7474/27/211
f 7475/26/210 7480/45/212 7479/29/213
f 7481/15/2080 7486/16/215 7485/17/2080
f 7483/18/216 7486/16/215 7482/19/217
f 7484/20/218 7487/21/219 7483/18/216
f 7489/10/220 7494/12/221 7493/9/222
f 7490/8/223 7495/14/224 7494/12/221
f 7492/22/225 7495/14/224 7491/11/2081
f 7497/23/227 7502/24/228 7501/25/227
f 7499/26/229 7502/24/228 7498/27/230
f 7499/26/229 7504/45/231 7503/29/232
f 7505/10/233 7510/12/234 7509/9/235
f 7507/11/236 7510/12/234 7506/8/237
f 7508/22/238 7511/14/239 7507/11/236
f 7513/30/240 7518/31/241 7517/32/240
f 7515/33/242 7518/31/241 7514/34/243
f 7516/35/244 7519/36/245 7515/33/242
f 7521/15/246 7526/16/247 7525/17/246
f 7523/18/248 7526/16/247 7522/19/249
f 7524/20/250 7527/21/251 7523/18/248
f 7529/37/252 7534/38/2019 7533/39/252
f 7531/40/254 7534/38/2019 7530/41/255
f 7532/42/256 7535/43/257 7531/40/254
f 7537/1/258 7542/2/259 7541/3/258
f 7539/4/260 7542/2/259 7538/5/261
f 7540/6/262 7543/7/263 7539/4/260
f 7545/15/264 7550/16/265 7549/17/264
f 7547/18/266 7550/16/265 7546/19/267
f 7548/20/268 7551/21/269 7547/18/266
f 7553/10/2021 7558/12/271 7557/9/272
f 7554/8/273 7559/14/274 7558/12/271
f 7556/22/275 7559/14/274 7555/11/276
f 7561/23/2022 7566/24/278 7565/25/279
f 7563/26/280 7566/24/278 7562/27/281
f 7564/28/282 7567/29/283 7563/26/280
f 7569/10/284 7574/12/285 7573/9/284
f 7571/11/286 7574/12/285 7570/8/287
f 7572/22/288 7575/14/289 7571/11/286
f 7577/30/290 7582/31/291 7581/32/290
f 7579/33/2023 7582/31/291 7578/34/293
f 7580/35/294 7583/36/295 7579/33/2023
f 7585/1/296 7590/2/297 7589/3/296
f 7587/4/298 7590/2/297 7586/5/299
f 7588/6/300 7591/7/301 7587/4/298
f 7593/37/302 7598/38/303 7597/39/302
f 7595/40/304 7598/38/303 7594/41/305
f 7596/42/306 7599/43/2082 7595/40/304
f 7601/15/308 7606/16/309 7605/17/308
f 7603/18/310 7606/16/309 7602/19/311
f 7604/20/312 7607/21/313 7603/18/310
f 7609/30/314 7614/31/315 7613/32/314
f 7611/33/316 7614/31/315 7610/34/317
f 7612/35/318 7615/36/319 7611/33/316
f 7617/1/320 7622/2/321 7621/3/320
f 7619/4/322 7622/2/321 7618/5/323
f 7620/6/324 7623/7/325 7619/4/322
f 7625/37/326 7630/38/327 7629/39/326
f 7627/40/2083 7630/38/327 7626/41/329
f 7628/42/330 7631/43/331 7627/40/2083
f 7209/1/1 7210/5/4 7214/2/2
f 7211/4/3 7215/7/6 7214/2/2
f 7212/6/5 7216/46/5 7215/7/6
f 7218/8/2066 7222/12/10 7221/9/8
f 7219/11/9 7223/14/12 7222/12/10
f 7219/11/9 7220/22/11 7224/13/11
f 7225/15/13 7226/19/1992 7230/16/1991
f 7227/18/16 7231/21/19 7230/16/1991
f 7228/20/18 7232/47/332 7231/21/19
f 7233/10/20 7234/8/2067 7238/12/21
f 7235/11/22 7239/14/25 7238/12/21
f 7236/22/24 7240/13/24 7239/14/25
f 7241/23/26 7242/27/30 7246/24/27
f 7243/26/29 7247/29/32 7246/24/27
f 7244/28/31 7248/45/333 7247/29/32
f 7249/10/33 7250/8/35 7254/12/34
f 7250/8/35 7251/11/1994 7255/14/36
f 7252/22/37 7256/13/37 7255/14/36
f 7257/30/39 7258/34/42 7262/31/40
f 7259/33/41 7263/36/44 7262/31/40
f 7260/35/43 7264/44/43 7263/36/44
f 7265/15/45 7266/19/48 7270/16/46
f 7267/18/47 7271/21/50 7270/16/46
f 7268/20/49 7272/47/334 7271/21/50
f 7273/37/51 7274/41/54 7278/38/1996
f 7275/40/53 7279/43/1997 7278/38/1996
f 7276/42/55 7280/48/55 7279/43/1997
f 7282/34/57 7286/31/61 7285/32/58
f 7283/33/60 7287/36/63 7286/31/61
f 7283/33/60 7284/35/2027 7288/44/62
f 7289/10/64 7290/8/67 7294/12/65
f 7291/11/66 7295/14/69 7294/12/65
f 7292/22/68 7296/13/336 7295/14/69
f 7297/23/70 7298/27/73 7302/24/71
f 7299/26/72 7303/29/75 7302/24/71
f 7299/26/72 7300/28/337 7304/45/74
f 7306/19/1999 7310/16/79 7309/17/77
f 7307/18/2000 7311/21/2069 7310/16/79
f 7308/20/80 7312/47/80 7311/21/2069
f 7313/10/82 7314/8/2070 7318/12/83
f 7314/8/2070 7315/11/87 7319/14/2071
f 7315/11/87 7316/22/338 7320/13/88
f 7321/23/89 7322/27/93 7326/24/90
f 7323/26/92 7327/29/95 7326/24/90
f 7324/28/2003 7328/45/339 7327/29/95
f 7329/10/96 7330/8/100 7334/12/97
f 7331/11/99 7335/14/102 7334/12/97
f 7332/22/101 7336/13/101 7335/14/102
f 7337/30/103 7338/34/106 7342/31/104
f 7339/33/105 7343/36/2072 7342/31/104
f 7340/35/107 7344/44/2005 7343/36/2072
f 7345/15/109 7346/19/112 7350/16/110
f 7347/18/2073 7351/21/114 7350/16/110
f 7348/20/113 7352/47/113 7351/21/114
f 7353/37/115 7354/41/118 7358/38/116
f 7355/40/117 7359/43/120 7358/38/116
f 7356/42/2074 7360/48/2074 7359/43/120
f 7361/1/121 7362/5/124 7366/2/122
f 7363/4/123 7367/7/126 7366/2/122
f 7363/4/123 7364/6/340 7368/46/125
f 7369/1/127 7370/5/130 7374/2/128
f 7371/4/129 7375/7/132 7374/2/128
f 7372/6/131 7376/46/131 7375/7/132
f 7377/23/133 7378/27/136 7382/24/134
f 7379/26/135 7383/29/138 7382/24/134
f 7379/26/135 7380/28/137 7384/45/137
f 7385/10/139 7386/8/2007 7390/12/140
f 7386/8/2007 7387/11/144 7391/14/142
f 7388/22/143 7392/13/341 7391/14/142
f 7393/30/145 7394/34/147 7398/31/146
f 7394/34/147 7395/33/150 7399/36/148
f 7396/35/149 7400/44/342 7399/36/148
f 7401/10/151 7402/8/154 7406/12/152
f 7403/11/153 7407/14/156 7406/12/152
f 7404/22/155 7408/13/155 7407/14/156
f 7410/19/157 7414/16/160 7413/17/158
f 7411/18/159 7415/21/162 7414/16/160
f 7412/20/161 7416/47/343 7415/21/162
f 7417/1/163 7418/5/166 7422/2/2075
f 7419/4/165 7423/7/168 7422/2/2075
f 7420/6/167 7424/46/167 7423/7/168
f 7426/8/169 7430/12/173 7429/9/2009
f 7427/11/172 7431/14/2076 7430/12/173
f 7428/22/174 7432/13/344 7431/14/2076
f 7434/19/176 7438/16/179 7437/17/177
f 7435/18/178 7439/21/181 7438/16/179
f 7436/20/180 7440/47/180 7439/21/181
f 7442/41/182 7446/38/2077 7445/39/183
f 7443/40/185 7447/43/188 7446/38/2077
f 7444/42/187 7448/48/345 7447/43/188
f 7449/15/189 7450/19/2078 7454/16/2013
f 7451/18/191 7455/21/194 7454/16/2013
f 7452/20/193 7456/47/2084 7455/21/194
f 7457/30/195 7458/34/2079 7462/31/196
f 7459/33/197 7463/36/200 7462/31/196
f 7460/35/199 7464/44/347 7463/36/200
f 7466/8/201 7470/12/205 7469/9/202
f 7467/11/204 7471/14/207 7470/12/205
f 7468/22/206 7472/13/348 7471/14/207
f 7473/23/208 7474/27/211 7478/24/209
f 7475/26/210 7479/29/213 7478/24/209
f 7475/26/210 7476/28/349 7480/45/212
f 7481/15/2080 7482/19/217 7486/16/215
f 7483/18/216 7487/21/219 7486/16/215
f 7484/20/218 7488/47/218 7487/21/219
f 7489/10/220 7490/8/223 7494/12/221
f 7490/8/223 7491/11/2081 7495/14/224
f 7492/22/225 7496/13/350 7495/14/224
f 7497/23/227 7498/27/230 7502/24/228
f 7499/26/229 7503/29/232 7502/24/228
f 7499/26/229 7500/28/2028 7504/45/231
f 7505/10/233 7506/8/237 7510/12/234
f 7507/11/236 7511/14/239 7510/12/234
f 7508/22/238 7512/13/238 7511/14/239
f 7513/30/240 7514/34/243 7518/31/241
f 7515/33/242 7519/36/245 7518/31/241
f 7516/35/244 7520/44/244 7519/36/245
f 7521/15/246 7522/19/249 7526/16/247
f 7523/18/248 7527/21/251 7526/16/247
f 7524/20/250 7528/47/352 7527/21/251
f 7529/37/252 7530/41/255 7534/38/2019
f 7531/40/254 7535/43/257 7534/38/2019
f 7532/42/256 7536/48/256 7535/43/257
f 7537/1/258 7538/5/261 7542/2/259
f 7539/4/260 7543/7/263 7542/2/259
f 7540/6/262 7544/46/262 7543/7/263
f 7545/15/264 7546/19/267 7550/16/265
f 7547/18/266 7551/21/269 7550/16/265
f 7548/20/268 7552/47/353 7551/21/269
f 7553/10/2021 7554/8/273 7558/12/271
f 7554/8/273 7555/11/276 7559/14/274
f 7556/22/275 7560/13/354 7559/14/274
f 7561/23/2022 7562/27/281 7566/24/278
f 7563/26/280 7567/29/283 7566/24/278
f 7564/28/282 7568/45/355 7567/29/283
f 7569/10/284 7570/8/287 7574/12/285
f 7571/11/286 7575/14/289 7574/12/285
f 7572/22/288 7576/13/356 7575/14/289
f 7577/30/290 7578/34/293 7582/31/291
f 7579/33/2023 7583/36/295 7582/31/291
f 7580/35/294 7584/44/2030 7583/36/295
f 7585/1/296 7586/5/299 7590/2/297
f 7587/4/298 7591/7/301 7590/2/297
f 7588/6/300 7592/46/300 7591/7/301
f 7593/37/302 7594/41/305 7598/38/303
f 7595/40/304 7599/43/2082 7598/38/303
f 7596/42/306 7600/48/357 7599/43/2082
f 7601/15/308 7602/19/311 7606/16/309
f 7603/18/310 7607/21/313 7606/16/309
f 7604/20/312 7608/47/312 7607/21/313
f 7609/30/314 7610/34/317 7614/31/315
f 7611/33/316 7615/36/319 7614/31/315
f 7612/35/318 7616/44/318 7615/36/319
f 7617/1/320 7618/5/323 7622/2/321
f 7619/4/322 7623/7/325 7622/2/321
f 7620/6/324 7624/46/324 7623/7/325
f 7625/37/326 7626/41/329 7630/38/327
f 7627/40/2083 7631/43/331 7630/38/327
f 7628/42/330 7632/48/330 7631/43/331
f 7633/1/2085 7638/2/2086 7637/3/2085
f 7635/4/2087 7638/2/2086 7634/5/2088
f 7636/6/2089 7639/7/2090 7635/4/2087
f 7642/8/2091 7645/9/2092 7641/10/2092
f 7643/11/2093 7646/12/2094 7642/8/2091
f 7643/11/2093 7648/13/2095 7647/14/2096
f 7649/15/2097 7654/16/2098 7653/17/2097
f 7651/18/2099 7654/16/2098 7650/19/2100
f 7652/20/2101 7655/21/2102 7651/18/2099
f 7657/10/2103 7662/12/2104 7661/9/2103
f 7659/11/2105 7662/12/2104 7658/8/2106
f 7660/22/2107 7663/14/2108 7659/11/2105
f 7665/23/2109 7670/24/2110 7669/25/2111
f 7667/26/2112 7670/24/2110 7666/27/2113
f 7668/28/2114 7671/29/2115 7667/26/2112
f 7673/10/2116 7678/12/2117 7677/9/2116
f 7674/8/2118 7679/14/2119 7678/12/2117
f 7676/22/2120 7679/14/2119 7675/11/2121
f 7681/30/2122 7686/31/2123 7685/32/2122
f 7683/33/2124 7686/31/2123 7682/34/2125
f 7684/35/2126 7687/36/2127 7683/33/2124
f 7689/15/2128 7694/16/2129 7693/17/2128
f 7691/18/2130 7694/16/2129 7690/19/2131
f 7692/20/2132 7695/21/2133 7691/18/2130
f 7697/37/2134 7702/38/2135 7701/39/2134
f 7699/40/2136 7702/38/2135 7698/41/2137
f 7700/42/2138 7703/43/2139 7699/40/2136
f 7706/34/2140 7709/32/2141 7705/30/2142
f 7707/33/2143 7710/31/2144 7706/34/2140
f 7707/33/2143 7712/44/2145 7711/36/2146
f 7713/10/2147 7718/12/2148 7717/9/2147
f 7715/11/2149 7718/12/2148 7714/8/2150
f 7716/22/2151 7719/14/2152 7715/11/2149
f 7721/23/2153 7726/24/2154 7725/25/2153
f 7723/26/2155 7726/24/2154 7722/27/2156
f 7723/26/2155 7728/45/2157 7727/29/2158
f 7730/19/2159 7733/17/2160 7729/15/2160
f 7731/18/2161 7734/16/2162 7730/19/2159
f 7732/20/2163 7735/21/2164 7731/18/2161
f 7737/10/2165 7742/12/2166 7741/9/2167
f 7738/8/2168 7743/14/2169 7742/12/2166
f 7739/11/2170 7744/13/2171 7743/14/2169
f 7745/23/2172 7750/24/2173 7749/25/2174
f 7747/26/2175 7750/24/2173 7746/27/2176
f 7748/28/2177 7751/29/2178 7747/26/2175
f 7753/10/2179 7758/12/2180 7757/9/2181
f 7755/11/2182 7758/12/2180 7754/8/2183
f 7756/22/2184 7759/14/2185 7755/11/2182
f 7761/30/2186 7766/31/2187 7765/32/2186
f 7763/33/2188 7766/31/2187 7762/34/2189
f 7764/35/2190 7767/36/2191 7763/33/2188
f 7769/15/2192 7774/16/2193 7773/17/2192
f 7771/18/2194 7774/16/2193 7770/19/2195
f 7772/20/2196 7775/21/2197 7771/18/2194
f 7777/37/2198 7782/38/2199 7781/39/2198
f 7779/40/2200 7782/38/2199 7778/41/2201
f 7780/42/2202 7783/43/2203 7779/40/2200
f 7785/1/2204 7790/2/2205 7789/3/2204
f 7787/4/2206 7790/2/2205 7786/5/2207
f 7787/4/2206 7792/46/2208 7791/7/2209
f 7793/1/2210 7798/2/2211 7797/3/2210
f 7795/4/2212 7798/2/2211 7794/5/2213
f 7796/6/2214 7799/7/2215 7795/4/2212
f 7801/23/2216 7806/24/2217 7805/25/2216
f 7803/26/2218 7806/24/2217 7802/27/2219
f 7803/26/2218 7808/45/2220 7807/29/2221
f 7809/10/2222 7814/12/2223 7813/9/2222
f 7810/8/2224 7815/14/2225 7814/12/2223
f 7812/22/2226 7815/14/2225 7811/11/2227
f 7817/30/2228 7822/31/2229 7821/32/2228
f 7818/34/2230 7823/36/2231 7822/31/2229
f 7820/35/2232 7823/36/2231 7819/33/2233
f 7825/10/2234 7830/12/2235 7829/9/2234
f 7827/11/2236 7830/12/2235 7826/8/2237
f 7828/22/2238 7831/14/2239 7827/11/2236
f 7834/19/2240 7837/17/2241 7833/15/2241
f 7835/18/2242 7838/16/2243 7834/19/2240
f 7836/20/2244 7839/21/2245 7835/18/2242
f 7841/1/2246 7846/2/2247 7845/3/2246
f 7843/4/2248 7846/2/2247 7842/5/2249
f 7844/6/2250 7847/7/2251 7843/4/2248
f 7850/8/2252 7853/9/2253 7849/10/2254
f 7851/11/2255 7854/12/2256 7850/8/2252
f 7852/22/2257 7855/14/2258 7851/11/2255
f 7858/19/2259 7861/17/2260 7857/15/2260
f 7859/18/2261 7862/16/2262 7858/19/2259
f 7860/20/2263 7863/21/2264 7859/18/2261
f 7866/41/2265 7869/39/2266 7865/37/2267
f 7867/40/2268 7870/38/2269 7866/41/2265
f 7868/42/2270 7871/43/2271 7867/40/2268
f 7873/15/2272 7878/16/2273 7877/17/2272
f 7875/18/2274 7878/16/2273 7874/19/2275
f 7876/20/2276 7879/21/2277 7875/18/2274
f 7881/30/2278 7886/31/2279 7885/32/2278
f 7883/33/2280 7886/31/2279 7882/34/2281
f 7884/35/2282 7887/36/2283 7883/33/2280
f 7890/8/2284 7893/9/2285 7889/10/2286
f 7891/11/2287 7894/12/2288 7890/8/2284
f 7892/22/2289 7895/14/2290 7891/11/2287
f 7897/23/2291 7902/24/2292 7901/25/2291
f 7899/26/2293 7902/24/2292 7898/27/2294
f 7899/26/2293 7904/45/2295 7903/29/2296
f 7905/15/2297 7910/16/2298 7909/17/2297
f 7907/18/2299 7910/16/2298 7906/19/2300
f 7908/20/2301 7911/21/2302 7907/18/2299
f 7913/10/2303 7918/12/2304 7917/9/2305
f 7914/8/2306 7919/14/2307 7918/12/2304
f 7916/22/2308 7919/14/2307 7915/11/2309
f 7921/23/2310 7926/24/2311 7925/25/2310
f 7923/26/2312 7926/24/2311 7922/27/2313
f 7923/26/2312 7928/45/2314 7927/29/2315
f 7929/10/2316 7934/12/2317 7933/9/2318
f 7931/11/2319 7934/12/2317 7930/8/2320
f 7932/22/2321 7935/14/2322 7931/11/2319
f 7937/30/2323 7942/31/2324 7941/32/2323
f 7939/33/2325 7942/31/2324 7938/34/2326
f 7940/35/2327 7943/36/2328 7939/33/2325
f 7945/15/2329 7950/16/2330 7949/17/2329
f 7947/18/2331 7950/16/2330 7946/19/2332
f 7948/20/2333 7951/21/2334 7947/18/2331
f 7953/37/2335 7958/38/2336 7957/39/2335
f 7955/40/2337 7958/38/2336 7954/41/2338
f 7956/42/2339 7959/43/2340 7955/40/2337
f 7961/1/2341 7966/2/2342 7965/3/2341
f 7963/4/2343 7966/2/2342 7962/5/2344
f 7964/6/2345 7967/7/2346 7963/4/2343
f 7969/15/2347 7974/16/2348 7973/17/2347
f 7971/18/2349 7974/16/2348 7970/19/2350
f 7972/20/2351 7975/21/2352 7971/18/2349
f 7977/10/2353 7982/12/2354 7981/9/2355
f 7978/8/2356 7983/14/2357 7982/12/2354
f 7980/22/2358 7983/14/2357 7979/11/2359
f 7985/23/2360 7990/24/2361 7989/25/2362
f 7987/26/2363 7990/24/2361 7986/27/2364
f 7988/28/2365 7991/29/2366 7987/26/2363
f 7993/10/2367 7998/12/2368 7997/9/2367
f 7995/11/2369 7998/12/2368 7994/8/2370
f 7996/22/2371 7999/14/2372 7995/11/2369
f 8001/30/2373 8006/31/2374 8005/32/2373
f 8003/33/2375 8006/31/2374 8002/34/2376
f 8004/35/2377 8007/36/2378 8003/33/2375
f 8009/1/2379 8014/2/2380 8013/3/2379
f 8011/4/2381 8014/2/2380 8010/5/2382
f 8012/6/2383 8015/7/2384 8011/4/2381
f 8017/37/2385 8022/38/2386 8021/39/2385
f 8019/40/2387 8022/38/2386 8018/41/2388
f 8020/42/2389 8023/43/2390 8019/40/2387
f 8025/15/2391 8030/16/2392 8029/17/2391
f 8027/18/2393 8030/16/2392 8026/19/2394
f 8028/20/2395 8031/21/2396 8027/18/2393
f 8033/30/2397 8038/31/2398 8037/32/2397
f 8035/33/2399 8038/31/2398 8034/34/2400
f 8036/35/2401 8039/36/2402 8035/33/2399
f 8041/1/2403 8046/2/2404 8045/3/2403
f 8043/4/2405 8046/2/2404 8042/5/2406
f 8044/6/2407 8047/7/2408 8043/4/2405
f 8049/37/2409 8054/38/2410 8053/39/2409
f 8051/40/2411 8054/38/2410 8050/41/2412
f 8052/42/2413 8055/43/2414 8051/40/2411
f 7633/1/2085 7634/5/2088 7638/2/2086
f 7635/4/2087 7639/7/2090 7638/2/2086
f 7636/6/2089 7640/46/2089 7639/7/2090
f 7642/8/2091 7646/12/2094 7645/9/2092
f 7643/11/2093 7647/14/2096 7646/12/2094
f 7643/11/2093 7644/22/2095 7648/13/2095
f 7649/15/2097 7650/19/2100 7654/16/2098
f 7651/18/2099 7655/21/2102 7654/16/2098
f 7652/20/2101 7656/47/2415 7655/21/2102
f 7657/10/2103 7658/8/2106 7662/12/2104
f 7659/11/2105 7663/14/2108 7662/12/2104
f 7660/22/2107 7664/13/2107 7663/14/2108
f 7665/23/2109 7666/27/2113 7670/24/2110
f 7667/26/2112 7671/29/2115 7670/24/2110
f 7668/28/2114 7672/45/2416 7671/29/2115
f 7673/10/2116 7674/8/2118 7678/12/2117
f 7674/8/2118 7675/11/2121 7679/14/2119
f 7676/22/2120 7680/13/2120 7679/14/2119
f 7681/30/2122 7682/34/2125 7686/31/2123
f 7683/33/2124 7687/36/2127 7686/31/2123
f 7684/35/2126 7688/44/2126 7687/36/2127
f 7689/15/2128 7690/19/2131 7694/16/2129
f 7691/18/2130 7695/21/2133 7694/16/2129
f 7692/20/2132 7696/47/2417 7695/21/2133
f 7697/37/2134 7698/41/2137 7702/38/2135
f 7699/40/2136 7703/43/2139 7702/38/2135
f 7700/42/2138 7704/48/2138 7703/43/2139
f 7706/34/2140 7710/31/2144 7709/32/2141
f 7707/33/2143 7711/36/2146 7710/31/2144
f 7707/33/2143 7708/35/2418 7712/44/2145
f 7713/10/2147 7714/8/2150 7718/12/2148
f 7715/11/2149 7719/14/2152 7718/12/2148
f 7716/22/2151 7720/13/2419 7719/14/2152
f 7721/23/2153 7722/27/2156 7726/24/2154
f 7723/26/2155 7727/29/2158 7726/24/2154
f 7723/26/2155 7724/28/2420 7728/45/2157
f 7730/19/2159 7734/16/2162 7733/17/2160
f 7731/18/2161 7735/21/2164 7734/16/2162
f 7732/20/2163 7736/47/2163 7735/21/2164
f 7737/10/2165 7738/8/2168 7742/12/2166
f 7738/8/2168 7739/11/2170 7743/14/2169
f 7739/11/2170 7740/22/2421 7744/13/2171
f 7745/23/2172 7746/27/2176 7750/24/2173
f 7747/26/2175 7751/29/2178 7750/24/2173
f 7748/28/2177 7752/45/2422 7751/29/2178
f 7753/10/2179 7754/8/2183 7758/12/2180
f 7755/11/2182 7759/14/2185 7758/12/2180
f 7756/22/2184 7760/13/2184 7759/14/2185
f 7761/30/2186 7762/34/2189 7766/31/2187
f 7763/33/2188 7767/36/2191 7766/31/2187
f 7764/35/2190 7768/44/2190 7767/36/2191
f 7769/15/2192 7770/19/2195 7774/16/2193
f 7771/18/2194 7775/21/2197 7774/16/2193
f 7772/20/2196 7776/47/2196 7775/21/2197
f 7777/37/2198 7778/41/2201 7782/38/2199
f 7779/40/2200 7783/43/2203 7782/38/2199
f 7780/42/2202 7784/48/2423 7783/43/2203
f 7785/1/2204 7786/5/2207 7790/2/2205
f 7787/4/2206 7791/7/2209 7790/2/2205
f 7787/4/2206 7788/6/2424 7792/46/2208
f 7793/1/2210 7794/5/2213 7798/2/2211
f 7795/4/2212 7799/7/2215 7798/2/2211
f 7796/6/2214 7800/46/2214 7799/7/2215
f 7801/23/2216 7802/27/2219 7806/24/2217
f 7803/26/2218 7807/29/2221 7806/24/2217
f 7803/26/2218 7804/28/2220 7808/45/2220
f 7809/10/2222 7810/8/2224 7814/12/2223
f 7810/8/2224 7811/11/2227 7815/14/2225
f 7812/22/2226 7816/13/2425 7815/14/2225
f 7817/30/2228 7818/34/2230 7822/31/2229
f 7818/34/2230 7819/33/2233 7823/36/2231
f 7820/35/2232 7824/44/2426 7823/36/2231
f 7825/10/2234 7826/8/2237 7830/12/2235
f 7827/11/2236 7831/14/2239 7830/12/2235
f 7828/22/2238 7832/13/2238 7831/14/2239
f 7834/19/2240 7838/16/2243 7837/17/2241
f 7835/18/2242 7839/21/2245 7838/16/2243
f 7836/20/2244 7840/47/2427 7839/21/2245
f 7841/1/2246 7842/5/2249 7846/2/2247
f 7843/4/2248 7847/7/2251 7846/2/2247
f 7844/6/2250 7848/46/2250 7847/7/2251
f 7850/8/2252 7854/12/2256 7853/9/2253
f 7851/11/2255 7855/14/2258 7854/12/2256
f 7852/22/2257 7856/13/2428 7855/14/2258
f 7858/19/2259 7862/16/2262 7861/17/2260
f 7859/18/2261 7863/21/2264 7862/16/2262
f 7860/20/2263 7864/47/2263 7863/21/2264
f 7866/41/2265 7870/38/2269 7869/39/2266
f 7867/40/2268 7871/43/2271 7870/38/2269
f 7868/42/2270 7872/48/2429 7871/43/2271
f 7873/15/2272 7874/19/2275 7878/16/2273
f 7875/18/2274 7879/21/2277 7878/16/2273
f 7876/20/2276 7880/47/2430 7879/21/2277
f 7881/30/2278 7882/34/2281 7886/31/2279
f 7883/33/2280 7887/36/2283 7886/31/2279
f 7884/35/2282 7888/44/2431 7887/36/2283
f 7890/8/2284 7894/12/2288 7893/9/2285
f 7891/11/2287 7895/14/2290 7894/12/2288
f 7892/22/2289 7896/13/2432 7895/14/2290
f 7897/23/2291 7898/27/2294 7902/24/2292
f 7899/26/2293 7903/29/2296 7902/24/2292
f 7899/26/2293 7900/28/2433 7904/45/2295
f 7905/15/2297 7906/19/2300 7910/16/2298
f 7907/18/2299 7911/21/2302 7910/16/2298
f 7908/20/2301 7912/47/2301 7911/21/2302
f 7913/10/2303 7914/8/2306 7918/12/2304
f 7914/8/2306 7915/11/2309 7919/14/2307
f 7916/22/2308 7920/13/2434 7919/14/2307
f 7921/23/2310 7922/27/2313 7926/24/2311
f 7923/26/2312 7927/29/2315 7926/24/2311
f 7923/26/2312 7924/28/2435 7928/45/2314
f 7929/10/2316 7930/8/2320 7934/12/2317
f 7931/11/2319 7935/14/2322 7934/12/2317
f 7932/22/2321 7936/13/2321 7935/14/2322
f 7937/30/2323 7938/34/2326 7942/31/2324
f 7939/33/2325 7943/36/2328 7942/31/2324
f 7940/35/2327 7944/44/2327 7943/36/2328
f 7945/15/2329 7946/19/2332 7950/16/2330
f 7947/18/2331 7951/21/2334 7950/16/2330
f 7948/20/2333 7952/47/2436 7951/21/2334
f 7953/37/2335 7954/41/2338 7958/38/2336
f 7955/40/2337 7959/43/2340 7958/38/2336
f 7956/42/2339 7960/48/2339 7959/43/2340
f 7961/1/2341 7962/5/2344 7966/2/2342
f 7963/4/2343 7967/7/2346 7966/2/2342
f 7964/6/2345 7968/46/2345 7967/7/2346
f 7969/15/2347 7970/19/2350 7974/16/2348
f 7971/18/2349 7975/21/2352 7974/16/2348
f 7972/20/2351 7976/47/2437 7975/21/2352
f 7977/10/2353 7978/8/2356 7982/12/2354
f 7978/8/2356 7979/11/2359 7983/14/2357
f 7980/22/2358 7984/13/2438 7983/14/2357
f 7985/23/2360 7986/27/2364 7990/24/2361
f 7987/26/2363 7991/29/2366 7990/24/2361
f 7988/28/2365 7992/45/2439 7991/29/2366
f 7993/10/2367 7994/8/2370 7998/12/2368
f 7995/11/2369 7999/14/2372 7998/12/2368
f 7996/22/2371 8000/13/2440 7999/14/2372
f 8001/30/2373 8002/34/2376 8006/31/2374
f 8003/33/2375 8007/36/2378 8006/31/2374
f 8004/35/2377 8008/44/2377 8007/36/2378
f 8009/1/2379 8010/5/2382 8014/2/2380
f 8011/4/2381 8015/7/2384 8014/2/2380
f 8012/6/2383 8016/46/2383 8015/7/2384
f 8017/37/2385 8018/41/2388 8022/38/2386
f 8019/40/2387 8023/43/2390 8022/38/2386
f 8020/42/2389 8024/48/2441 8023/43/2390
f 8025/15/2391 8026/19/2394 8030/16/2392
f 8027/18/2393 8031/21/2396 8030/16/2392
f 8028/20/2395 8032/47/2395 8031/21/2396
f 8033/30/2397 8034/34/2400 8038/31/2398
f 8035/33/2399 8039/36/2402 8038/31/2398
f 8036/35/2401 8040/44/2401 8039/36/2402
f 8041/1/2403 8042/5/2406 8046/2/2404
f 8043/4/2405 8047/7/2408 8046/2/2404
f 8044/6/2407 8048/46/2407 8047/7/2408
f 8049/37/2409 8050/41/2412 8054/38/2410
f 8051/40/2411 8055/43/2414 8054/38/2410
f 8052/42/2413 8056/48/2413 8055/43/2414
f 8057/1/2085 8062/2/2086 8061/3/2085
f 8059/4/2087 8062/2/2086 8058/5/2088
f 8060/6/2089 8063/7/2090 8059/4/2087
f 8066/8/2091 8069/9/2092 8065/10/2092
f 8067/11/2093 8070/12/2094 8066/8/2091
f 8067/11/2093 8072/13/2095 8071/14/2096
f 8073/15/2097 8078/16/2442 8077/17/2097
f 8075/18/2099 8078/16/2442 8074/19/2100
f 8076/20/2101 8079/21/2443 8075/18/2099
f 8081/10/2103 8086/12/2104 8085/9/2103
f 8083/11/2105 8086/12/2104 8082/8/2106
f 8084/22/2107 8087/14/2108 8083/11/2105
f 8089/23/2109 8094/24/2110 8093/25/2111
f 8091/26/2112 8094/24/2110 8090/27/2113
f 8092/28/2114 8095/29/2115 8091/26/2112
f 8097/10/2116 8102/12/2117 8101/9/2116
f 8098/8/2118 8103/14/2119 8102/12/2117
f 8100/22/2120 8103/14/2119 8099/11/2444
f 8105/30/2122 8110/31/2123 8109/32/2122
f 8107/33/2124 8110/31/2123 8106/34/2125
f 8108/35/2126 8111/36/2127 8107/33/2124
f 8113/15/2128 8118/16/2129 8117/17/2128
f 8115/18/2130 8118/16/2129 8114/19/2131
f 8116/20/2132 8119/21/2133 8115/18/2130
f 8121/37/2134 8126/38/2445 8125/39/2134
f 8123/40/2446 8126/38/2445 8122/41/2137
f 8124/42/2138 8127/43/2139 8123/40/2446
f 8130/34/2140 8133/32/2141 8129/30/2142
f 8131/33/2143 8134/31/2144 8130/34/2140
f 8131/33/2143 8136/44/2145 8135/36/2146
f 8137/10/2147 8142/12/2148 8141/9/2147
f 8139/11/2149 8142/12/2148 8138/8/2150
f 8140/22/2447 8143/14/2152 8139/11/2149
f 8145/23/2153 8150/24/2154 8149/25/2153
f 8147/26/2155 8150/24/2154 8146/27/2156
f 8147/26/2155 8152/45/2157 8151/29/2158
f 8154/19/2448 8157/17/2160 8153/15/2160
f 8155/18/2161 8158/16/2449 8154/19/2448
f 8156/20/2163 8159/21/2164 8155/18/2161
f 8161/10/2165 8166/12/2450 8165/9/2167
f 8162/8/2168 8167/14/2169 8166/12/2450
f 8163/11/2170 8168/13/2171 8167/14/2169
f 8169/23/2172 8174/24/2173 8173/25/2451
f 8171/26/2175 8174/24/2173 8170/27/2176
f 8172/28/2177 8175/29/2178 8171/26/2175
f 8177/10/2179 8182/12/2180 8181/9/2181
f 8179/11/2182 8182/12/2180 8178/8/2183
f 8180/22/2184 8183/14/2185 8179/11/2182
f 8185/30/2186 8190/31/2187 8189/32/2186
f 8187/33/2188 8190/31/2187 8186/34/2189
f 8188/35/2190 8191/36/2191 8187/33/2188
f 8193/15/2192 8198/16/2193 8197/17/2192
f 8195/18/2194 8198/16/2193 8194/19/2195
f 8196/20/2196 8199/21/2197 8195/18/2194
f 8201/37/2198 8206/38/2199 8205/39/2198
f 8203/40/2200 8206/38/2199 8202/41/2201
f 8204/42/2202 8207/43/2203 8203/40/2200
f 8209/1/2204 8214/2/2205 8213/3/2204
f 8211/4/2206 8214/2/2205 8210/5/2207
f 8211/4/2206 8216/46/2208 8215/7/2209
f 8217/1/2210 8222/2/2211 8221/3/2210
f 8219/4/2212 8222/2/2211 8218/5/2213
f 8220/6/2214 8223/7/2215 8219/4/2212
f 8225/23/2216 8230/24/2217 8229/25/2216
f 8227/26/2218 8230/24/2217 8226/27/2219
f 8227/26/2218 8232/45/2220 8231/29/2221
f 8233/10/2222 8238/12/2223 8237/9/2222
f 8234/8/2224 8239/14/2225 8238/12/2223
f 8236/22/2226 8239/14/2225 8235/11/2227
f 8241/30/2228 8246/31/2229 8245/32/2228
f 8242/34/2230 8247/36/2231 8246/31/2229
f 8244/35/2232 8247/36/2231 8243/33/2233
f 8249/10/2234 8254/12/2235 8253/9/2234
f 8251/11/2236 8254/12/2235 8250/8/2237
f 8252/22/2238 8255/14/2239 8251/11/2236
f 8258/19/2240 8261/17/2241 8257/15/2241
f 8259/18/2242 8262/16/2243 8258/19/2240
f 8260/20/2452 8263/21/2245 8259/18/2242
f 8265/1/2246 8270/2/2247 8269/3/2246
f 8267/4/2248 8270/2/2247 8266/5/2249
f 8268/6/2250 8271/7/2251 8267/4/2248
f 8274/8/2252 8277/9/2253 8273/10/2254
f 8275/11/2255 8278/12/2453 8274/8/2252
f 8276/22/2257 8279/14/2258 8275/11/2255
f 8282/19/2259 8285/17/2260 8281/15/2260
f 8283/18/2261 8286/16/2262 8282/19/2259
f 8284/20/2263 8287/21/2264 8283/18/2261
f 8290/41/2454 8293/39/2455 8289/37/2267
f 8291/40/2456 8294/38/2457 8290/41/2454
f 8292/42/2270 8295/43/2458 8291/40/2456
f 8297/15/2272 8302/16/2273 8301/17/2272
f 8299/18/2459 8302/16/2273 8298/19/2460
f 8300/20/2276 8303/21/2277 8299/18/2459
f 8305/30/2278 8310/31/2461 8309/32/2278
f 8307/33/2280 8310/31/2461 8306/34/2462
f 8308/35/2282 8311/36/2283 8307/33/2280
f 8314/8/2284 8317/9/2285 8313/10/2286
f 8315/11/2287 8318/12/2288 8314/8/2284
f 8316/22/2289 8319/14/2290 8315/11/2287
f 8321/23/2291 8326/24/2292 8325/25/2291
f 8323/26/2293 8326/24/2292 8322/27/2294
f 8323/26/2293 8328/45/2463 8327/29/2296
f 8329/15/2297 8334/16/2298 8333/17/2297
f 8331/18/2299 8334/16/2298 8330/19/2300
f 8332/20/2301 8335/21/2302 8331/18/2299
f 8337/10/2303 8342/12/2304 8341/9/2305
f 8338/8/2306 8343/14/2307 8342/12/2304
f 8340/22/2308 8343/14/2307 8339/11/2309
f 8345/23/2310 8350/24/2311 8349/25/2310
f 8347/26/2312 8350/24/2311 8346/27/2313
f 8347/26/2312 8352/45/2314 8351/29/2464
f 8353/10/2316 8358/12/2317 8357/9/2318
f 8355/11/2319 8358/12/2317 8354/8/2320
f 8356/22/2465 8359/14/2322 8355/11/2319
f 8361/30/2323 8366/31/2324 8365/32/2323
f 8363/33/2325 8366/31/2324 8362/34/2326
f 8364/35/2327 8367/36/2328 8363/33/2325
f 8369/15/2329 8374/16/2330 8373/17/2329
f 8371/18/2331 8374/16/2330 8370/19/2332
f 8372/20/2333 8375/21/2334 8371/18/2331
f 8377/37/2335 8382/38/2336 8381/39/2335
f 8379/40/2337 8382/38/2336 8378/41/2338
f 8380/42/2339 8383/43/2340 8379/40/2337
f 8385/1/2341 8390/2/2342 8389/3/2341
f 8387/4/2343 8390/2/2342 8386/5/2344
f 8388/6/2345 8391/7/2346 8387/4/2343
f 8393/15/2347 8398/16/2348 8397/17/2347
f 8395/18/2349 8398/16/2348 8394/19/2350
f 8396/20/2351 8399/21/2352 8395/18/2349
f 8401/10/2353 8406/12/2354 8405/9/2355
f 8402/8/2356 8407/14/2357 8406/12/2354
f 8404/22/2358 8407/14/2357 8403/11/2359
f 8409/23/2466 8414/24/2361 8413/25/2362
f 8411/26/2363 8414/24/2361 8410/27/2364
f 8412/28/2365 8415/29/2366 8411/26/2363
f 8417/10/2367 8422/12/2368 8421/9/2367
f 8419/11/2369 8422/12/2368 8418/8/2370
f 8420/22/2371 8423/14/2467 8419/11/2369
f 8425/30/2373 8430/31/2374 8429/32/2373
f 8427/33/2375 8430/31/2374 8426/34/2468
f 8428/35/2377 8431/36/2378 8427/33/2375
f 8433/1/2379 8438/2/2469 8437/3/2379
f 8435/4/2381 8438/2/2469 8434/5/2382
f 8436/6/2383 8439/7/2384 8435/4/2381
f 8441/37/2385 8446/38/2386 8445/39/2385
f 8443/40/2387 8446/38/2386 8442/41/2470
f 8444/42/2389 8447/43/2390 8443/40/2387
f 8449/15/2391 8454/16/2392 8453/17/2391
f 8451/18/2393 8454/16/2392 8450/19/2394
f 8452/20/2395 8455/21/2396 8451/18/2393
f 8457/30/2397 8462/31/2471 8461/32/2397
f 8459/33/2472 8462/31/2471 8458/34/2473
f 8460/35/2401 8463/36/2402 8459/33/2472
f 8465/1/2403 8470/2/2404 8469/3/2403
f 8467/4/2405 8470/2/2404 8466/5/2406
f 8468/6/2407 8471/7/2408 8467/4/2405
f 8473/37/2409 8478/38/2410 8477/39/2409
f 8475/40/2474 8478/38/2410 8474/41/2412
f 8476/42/2413 8479/43/2475 8475/40/2474
f 8057/1/2085 8058/5/2088 8062/2/2086
f 8059/4/2087 8063/7/2090 8062/2/2086
f 8060/6/2089 8064/46/2089 8063/7/2090
f 8066/8/2091 8070/12/2094 8069/9/2092
f 8067/11/2093 8071/14/2096 8070/12/2094
f 8067/11/2093 8068/22/2095 8072/13/2095
f 8073/15/2097 8074/19/2100 8078/16/2442
f 8075/18/2099 8079/21/2443 8078/16/2442
f 8076/20/2101 8080/47/2415 8079/21/2443
f 8081/10/2103 8082/8/2106 8086/12/2104
f 8083/11/2105 8087/14/2108 8086/12/2104
f 8084/22/2107 8088/13/2107 8087/14/2108
f 8089/23/2109 8090/27/2113 8094/24/2110
f 8091/26/2112 8095/29/2115 8094/24/2110
f 8092/28/2114 8096/45/2476 8095/29/2115
f 8097/10/2116 8098/8/2118 8102/12/2117
f 8098/8/2118 8099/11/2444 8103/14/2119
f 8100/22/2120 8104/13/2120 8103/14/2119
f 8105/30/2122 8106/34/2125 8110/31/2123
f 8107/33/2124 8111/36/2127 8110/31/2123
f 8108/35/2126 8112/44/2126 8111/36/2127
f 8113/15/2128 8114/19/2131 8118/16/2129
f 8115/18/2130 8119/21/2133 8118/16/2129
f 8116/20/2132 8120/47/2417 8119/21/2133
f 8121/37/2134 8122/41/2137 8126/38/2445
f 8123/40/2446 8127/43/2139 8126/38/2445
f 8124/42/2138 8128/48/2138 8127/43/2139
f 8130/34/2140 8134/31/2144 8133/32/2141
f 8131/33/2143 8135/36/2146 8134/31/2144
f 8131/33/2143 8132/35/2418 8136/44/2145
f 8137/10/2147 8138/8/2150 8142/12/2148
f 8139/11/2149 8143/14/2152 8142/12/2148
f 8140/22/2447 8144/13/2419 8143/14/2152
f 8145/23/2153 8146/27/2156 8150/24/2154
f 8147/26/2155 8151/29/2158 8150/24/2154
f 8147/26/2155 8148/28/2420 8152/45/2157
f 8154/19/2448 8158/16/2449 8157/17/2160
f 8155/18/2161 8159/21/2164 8158/16/2449
f 8156/20/2163 8160/47/2163 8159/21/2164
f 8161/10/2165 8162/8/2168 8166/12/2450
f 8162/8/2168 8163/11/2170 8167/14/2169
f 8163/11/2170 8164/22/2421 8168/13/2171
f 8169/23/2172 8170/27/2176 8174/24/2173
f 8171/26/2175 8175/29/2178 8174/24/2173
f 8172/28/2177 8176/45/2477 8175/29/2178
f 8177/10/2179 8178/8/2183 8182/12/2180
f 8179/11/2182 8183/14/2185 8182/12/2180
f 8180/22/2184 8184/13/2184 8183/14/2185
f 8185/30/2186 8186/34/2189 8190/31/2187
f 8187/33/2188 8191/36/2191 8190/31/2187
f 8188/35/2190 8192/44/2190 8191/36/2191
f 8193/15/2192 8194/19/2195 8198/16/2193
f 8195/18/2194 8199/21/2197 8198/16/2193
f 8196/20/2196 8200/47/2196 8199/21/2197
f 8201/37/2198 8202/41/2201 8206/38/2199
f 8203/40/2200 8207/43/2203 8206/38/2199
f 8204/42/2202 8208/48/2202 8207/43/2203
f 8209/1/2204 8210/5/2207 8214/2/2205
f 8211/4/2206 8215/7/2209 8214/2/2205
f 8211/4/2206 8212/6/2424 8216/46/2208
f 8217/1/2210 8218/5/2213 8222/2/2211
f 8219/4/2212 8223/7/2215 8222/2/2211
f 8220/6/2214 8224/46/2214 8223/7/2215
f 8225/23/2216 8226/27/2219 8230/24/2217
f 8227/26/2218 8231/29/2221 8230/24/2217
f 8227/26/2218 8228/28/2220 8232/45/2220
f 8233/10/2222 8234/8/2224 8238/12/2223
f 8234/8/2224 8235/11/2227 8239/14/2225
f 8236/22/2226 8240/13/2425 8239/14/2225
f 8241/30/2228 8242/34/2230 8246/31/2229
f 8242/34/2230 8243/33/2233 8247/36/2231
f 8244/35/2232 8248/44/2426 8247/36/2231
f 8249/10/2234 8250/8/2237 8254/12/2235
f 8251/11/2236 8255/14/2239 8254/12/2235
f 8252/22/2238 8256/13/2238 8255/14/2239
f 8258/19/2240 8262/16/2243 8261/17/2241
f 8259/18/2242 8263/21/2245 8262/16/2243
f 8260/20/2452 8264/47/2427 8263/21/2245
f 8265/1/2246 8266/5/2249 8270/2/2247
f 8267/4/2248 8271/7/2251 8270/2/2247
f 8268/6/2250 8272/46/2250 8271/7/2251
f 8274/8/2252 8278/12/2453 8277/9/2253
f 8275/11/2255 8279/14/2258 8278/12/2453
f 8276/22/2257 8280/13/2428 8279/14/2258
f 8282/19/2259 8286/16/2262 8285/17/2260
f 8283/18/2261 8287/21/2264 8286/16/2262
f 8284/20/2263 8288/47/2263 8287/21/2264
f 8290/41/2454 8294/38/2457 8293/39/2455
f 8291/40/2456 8295/43/2458 8294/38/2457
f 8292/42/2270 8296/48/2429 8295/43/2458
f 8297/15/2272 8298/19/2460 8302/16/2273
f 8299/18/2459 8303/21/2277 8302/16/2273
f 8300/20/2276 8304/47/2430 8303/21/2277
f 8305/30/2278 8306/34/2462 8310/31/2461
f 8307/33/2280 8311/36/2283 8310/31/2461
f 8308/35/2282 8312/44/2431 8311/36/2283
f 8314/8/2284 8318/12/2288 8317/9/2285
f 8315/11/2287 8319/14/2290 8318/12/2288
f 8316/22/2289 8320/13/2432 8319/14/2290
f 8321/23/2291 8322/27/2294 8326/24/2292
f 8323/26/2293 8327/29/2296 8326/24/2292
f 8323/26/2293 8324/28/2433 8328/45/2463
f 8329/15/2297 8330/19/2300 8334/16/2298
f 8331/18/2299 8335/21/2302 8334/16/2298
f 8332/20/2301 8336/47/2301 8335/21/2302
f 8337/10/2303 8338/8/2306 8342/12/2304
f 8338/8/2306 8339/11/2309 8343/14/2307
f 8340/22/2308 8344/13/2434 8343/14/2307
f 8345/23/2310 8346/27/2313 8350/24/2311
f 8347/26/2312 8351/29/2464 8350/24/2311
f 8347/26/2312 8348/28/2435 8352/45/2314
f 8353/10/2316 8354/8/2320 8358/12/2317
f 8355/11/2319 8359/14/2322 8358/12/2317
f 8356/22/2465 8360/13/2465 8359/14/2322
f 8361/30/2323 8362/34/2326 8366/31/2324
f 8363/33/2325 8367/36/2328 8366/31/2324
f 8364/35/2327 8368/44/2327 8367/36/2328
f 8369/15/2329 8370/19/2332 8374/16/2330
f 8371/18/2331 8375/21/2334 8374/16/2330
f 8372/20/2333 8376/47/2436 8375/21/2334
f 8377/37/2335 8378/41/2338 8382/38/2336
f 8379/40/2337 8383/43/2340 8382/38/2336
f 8380/42/2339 8384/48/2339 8383/43/2340
f 8385/1/2341 8386/5/2344 8390/2/2342
f 8387/4/2343 8391/7/2346 8390/2/2342
f 8388/6/2345 8392/46/2345 8391/7/2346
f 8393/15/2347 8394/19/2350 8398/16/2348
f 8395/18/2349 8399/21/2352 8398/16/2348
f 8396/20/2351 8400/47/2437 8399/21/2352
f 8401/10/2353 8402/8/2356 8406/12/2354
f 8402/8/2356 8403/11/2359 8407/14/2357
f 8404/22/2358 8408/13/2438 8407/14/2357
f 8409/23/2466 8410/27/2364 8414/24/2361
f 8411/26/2363 8415/29/2366 8414/24/2361
f 8412/28/2365 8416/45/2439 8415/29/2366
f 8417/10/2367 8418/8/2370 8422/12/2368
f 8419/11/2369 8423/14/2467 8422/12/2368
f 8420/22/2371 8424/13/2440 8423/14/2467
f 8425/30/2373 8426/34/2468 8430/31/2374
f 8427/33/2375 8431/36/2378 8430/31/2374
f 8428/35/2377 8432/44/2478 8431/36/2378
f 8433/1/2379 8434/5/2382 8438/2/2469
f 8435/4/2381 8439/7/2384 8438/2/2469
f 8436/6/2383 8440/46/2383 8439/7/2384
f 8441/37/2385 8442/41/2470 8446/38/2386
f 8443/40/2387 8447/43/2390 8446/38/2386
f 8444/42/2389 8448/48/2441 8447/43/2390
f 8449/15/2391 8450/19/2394 8454/16/2392
f 8451/18/2393 8455/21/2396 8454/16/2392
f 8452/20/2395 8456/47/2395 8455/21/2396
f 8457/30/2397 8458/34/2473 8462/31/2471
f 8459/33/2472 8463/36/2402 8462/31/2471
f 8460/35/2401 8464/44/2401 8463/36/2402
f 8465/1/2403 8466/5/2406 8470/2/2404
f 8467/4/2405 8471/7/2408 8470/2/2404
f 8468/6/2407 8472/46/2407 8471/7/2408
f 8473/37/2409 8474/41/2412 8478/38/2410
f 8475/40/2474 8479/43/2475 8478/38/2410
f 8476/42/2413 8480/48/2413 8479/43/2475
f 8481/1/2479 8486/2/2480 8485/3/2479
f 8483/4/2481 8486/2/2480 8482/5/2482
f 8484/6/2483 8487/7/2484 8483/4/2481
f 8490/8/2485 8493/9/2486 8489/10/2486
f 8491/11/2487 8494/12/2488 8490/8/2485
f 8491/11/2487 8496/13/2489 8495/14/2490
f 8497/15/2491 8502/16/2492 8501/17/2491
f 8499/18/2493 8502/16/2492 8498/19/2494
f 8500/20/2495 8503/21/2496 8499/18/2493
f 8505/10/2497 8510/12/2498 8509/9/2497
f 8507/11/2499 8510/12/2498 8506/8/2500
f 8508/22/2501 8511/14/2502 8507/11/2499
f 8513/23/2503 8518/24/2504 8517/25/2505
f 8515/26/2506 8518/24/2504 8514/27/2507
f 8516/28/2508 8519/29/2509 8515/26/2506
f 8521/10/2510 8526/12/2511 8525/9/2510
f 8522/8/2512 8527/14/2513 8526/12/2511
f 8524/22/2514 8527/14/2513 8523/11/2515
f 8529/30/2516 8534/31/2517 8533/32/2516
f 8531/33/2518 8534/31/2517 8530/34/2519
f 8532/35/2520 8535/36/2521 8531/33/2518
f 8537/15/2522 8542/16/2523 8541/17/2522
f 8539/18/2524 8542/16/2523 8538/19/2525
f 8540/20/2526 8543/21/2527 8539/18/2524
f 8545/37/2528 8550/38/2529 8549/39/2528
f 8547/40/2530 8550/38/2529 8546/41/2531
f 8548/42/2532 8551/43/2533 8547/40/2530
f 8554/34/2534 8557/32/2535 8553/30/2536
f 8555/33/2537 8558/31/2538 8554/34/2534
f 8555/33/2537 8560/44/2539 8559/36/2540
f 8561/10/2541 8566/12/2542 8565/9/2541
f 8563/11/2543 8566/12/2542 8562/8/2544
f 8564/22/2545 8567/14/2546 8563/11/2543
f 8569/23/2547 8574/24/2548 8573/25/2547
f 8571/26/2549 8574/24/2548 8570/27/2550
f 8571/26/2549 8576/45/2551 8575/29/2552
f 8578/19/2553 8581/17/2554 8577/15/2554
f 8579/18/2555 8582/16/2556 8578/19/2553
f 8580/20/2557 8583/21/2558 8579/18/2555
f 8585/10/2559 8590/12/2560 8589/9/2561
f 8586/8/2562 8591/14/2563 8590/12/2560
f 8587/11/2564 8592/13/2565 8591/14/2563
f 8593/23/2566 8598/24/2567 8597/25/2568
f 8595/26/2569 8598/24/2567 8594/27/2570
f 8596/28/2571 8599/29/2572 8595/26/2569
f 8601/10/2573 8606/12/2574 8605/9/2575
f 8603/11/2576 8606/12/2574 8602/8/2577
f 8604/22/2578 8607/14/2579 8603/11/2576
f 8609/30/2580 8614/31/2581 8613/32/2580
f 8611/33/2582 8614/31/2581 8610/34/2583
f 8612/35/2584 8615/36/2585 8611/33/2582
f 8617/15/2586 8622/16/2587 8621/17/2586
f 8619/18/2588 8622/16/2587 8618/19/2589
f 8620/20/2590 8623/21/2591 8619/18/2588
f 8625/37/2592 8630/38/2593 8629/39/2592
f 8627/40/2594 8630/38/2593 8626/41/2595
f 8628/42/2596 8631/43/2597 8627/40/2594
f 8633/1/2598 8638/2/2599 8637/3/2598
f 8635/4/2600 8638/2/2599 8634/5/2601
f 8635/4/2600 8640/46/2602 8639/7/2603
f 8641/1/2604 8646/2/2605 8645/3/2604
f 8643/4/2606 8646/2/2605 8642/5/2607
f 8644/6/2608 8647/7/2609 8643/4/2606
f 8649/23/2610 8654/24/2611 8653/25/2610
f 8651/26/2612 8654/24/2611 8650/27/2613
f 8651/26/2612 8656/45/2614 8655/29/2615
f 8657/10/2616 8662/12/2617 8661/9/2616
f 8658/8/2618 8663/14/2619 8662/12/2617
f 8660/22/1543 8663/14/2619 8659/11/2620
f 8665/30/2621 8670/31/2622 8669/32/2621
f 8666/34/2623 8671/36/2624 8670/31/2622
f 8668/35/2625 8671/36/2624 8667/33/2626
f 8673/10/2627 8678/12/2628 8677/9/2627
f 8675/11/2629 8678/12/2628 8674/8/2630
f 8676/22/2631 8679/14/2632 8675/11/2629
f 8682/19/2633 8685/17/2634 8681/15/2634
f 8683/18/2635 8686/16/2636 8682/19/2633
f 8684/20/2637 8687/21/2638 8683/18/2635
f 8689/1/2639 8694/2/2640 8693/3/2639
f 8691/4/2641 8694/2/2640 8690/5/2642
f 8692/6/2643 8695/7/2644 8691/4/2641
f 8698/8/2645 8701/9/2646 8697/10/2647
f 8699/11/2648 8702/12/2649 8698/8/2645
f 8700/22/2650 8703/14/2651 8699/11/2648
f 8706/19/2652 8709/17/2653 8705/15/2653
f 8707/18/2654 8710/16/2655 8706/19/2652
f 8708/20/2656 8711/21/2657 8707/18/2654
f 8714/41/2658 8717/39/2659 8713/37/2660
f 8715/40/2661 8718/38/2662 8714/41/2658
f 8716/42/2663 8719/43/2664 8715/40/2661
f 8721/15/2665 8726/16/2666 8725/17/2665
f 8723/18/2667 8726/16/2666 8722/19/2668
f 8724/20/2669 8727/21/2670 8723/18/2667
f 8729/30/2671 8734/31/2672 8733/32/2671
f 8731/33/2673 8734/31/2672 8730/34/2674
f 8732/35/2675 8735/36/2676 8731/33/2673
f 8738/8/2677 8741/9/2678 8737/10/2679
f 8739/11/2680 8742/12/2681 8738/8/2677
f 8740/22/2682 8743/14/2683 8739/11/2680
f 8745/23/2684 8750/24/2685 8749/25/2684
f 8747/26/2686 8750/24/2685 8746/27/2687
f 8747/26/2686 8752/45/2688 8751/29/2689
f 8753/15/2690 8758/16/2691 8757/17/2690
f 8755/18/2692 8758/16/2691 8754/19/2693
f 8756/20/2694 8759/21/2695 8755/18/2692
f 8761/10/2696 8766/12/2697 8765/9/2698
f 8762/8/2699 8767/14/2700 8766/12/2697
f 8764/22/2701 8767/14/2700 8763/11/2702
f 8769/23/2703 8774/24/2704 8773/25/2703
f 8771/26/2705 8774/24/2704 8770/27/2706
f 8771/26/2705 8776/45/2707 8775/29/2708
f 8777/10/2709 8782/12/2710 8781/9/2711
f 8779/11/2712 8782/12/2710 8778/8/2713
f 8780/22/2714 8783/14/2715 8779/11/2712
f 8785/30/2716 8790/31/2717 8789/32/2716
f 8787/33/2718 8790/31/2717 8786/34/2719
f 8788/35/2720 8791/36/2721 8787/33/2718
f 8793/15/2722 8798/16/2723 8797/17/2722
f 8795/18/2724 8798/16/2723 8794/19/2725
f 8796/20/2726 8799/21/2727 8795/18/2724
f 8801/37/2728 8806/38/2729 8805/39/2728
f 8803/40/2730 8806/38/2729 8802/41/2731
f 8804/42/2732 8807/43/2733 8803/40/2730
f 8809/1/2734 8814/2/2735 8813/3/2734
f 8811/4/2736 8814/2/2735 8810/5/2737
f 8812/6/2738 8815/7/2739 8811/4/2736
f 8817/15/2740 8822/16/2741 8821/17/2740
f 8819/18/2742 8822/16/2741 8818/19/2743
f 8820/20/2744 8823/21/2745 8819/18/2742
f 8825/10/2746 8830/12/2747 8829/9/2748
f 8826/8/2749 8831/14/2750 8830/12/2747
f 8828/22/2751 8831/14/2750 8827/11/2752
f 8833/23/2753 8838/24/2754 8837/25/2755
f 8835/26/2756 8838/24/2754 8834/27/2757
f 8836/28/2758 8839/29/2759 8835/26/2756
f 8841/10/2760 8846/12/2761 8845/9/2760
f 8843/11/2762 8846/12/2761 8842/8/2763
f 8844/22/2764 8847/14/2765 8843/11/2762
f 8849/30/2766 8854/31/2767 8853/32/2766
f 8851/33/2768 8854/31/2767 8850/34/2769
f 8852/35/2770 8855/36/2771 8851/33/2768
f 8857/1/2772 8862/2/2773 8861/3/2772
f 8859/4/2774 8862/2/2773 8858/5/2775
f 8860/6/2776 8863/7/2777 8859/4/2774
f 8865/37/2778 8870/38/2779 8869/39/2778
f 8867/40/2780 8870/38/2779 8866/41/2781
f 8868/42/2782 8871/43/2783 8867/40/2780
f 8873/15/2784 8878/16/2785 8877/17/2784
f 8875/18/2786 8878/16/2785 8874/19/2787
f 8876/20/2788 8879/21/2789 8875/18/2786
f 8881/30/2790 8886/31/2791 8885/32/2790
f 8883/33/2792 8886/31/2791 8882/34/2793
f 8884/35/2794 8887/36/2795 8883/33/2792
f 8889/1/2796 8894/2/2797 8893/3/2796
f 8891/4/2798 8894/2/2797 8890/5/2799
f 8892/6/2800 8895/7/2801 8891/4/2798
f 8897/37/2802 8902/38/2803 8901/39/2802
f 8899/40/2804 8902/38/2803 8898/41/2805
f 8900/42/2806 8903/43/2807 8899/40/2804
f 8481/1/2479 8482/5/2482 8486/2/2480
f 8483/4/2481 8487/7/2484 8486/2/2480
f 8484/6/2483 8488/46/2483 8487/7/2484
f 8490/8/2485 8494/12/2488 8493/9/2486
f 8491/11/2487 8495/14/2490 8494/12/2488
f 8491/11/2487 8492/22/2489 8496/13/2489
f 8497/15/2491 8498/19/2494 8502/16/2492
f 8499/18/2493 8503/21/2496 8502/16/2492
f 8500/20/2495 8504/47/2808 8503/21/2496
f 8505/10/2497 8506/8/2500 8510/12/2498
f 8507/11/2499 8511/14/2502 8510/12/2498
f 8508/22/2501 8512/13/2501 8511/14/2502
f 8513/23/2503 8514/27/2507 8518/24/2504
f 8515/26/2506 8519/29/2509 8518/24/2504
f 8516/28/2508 8520/45/2809 8519/29/2509
f 8521/10/2510 8522/8/2512 8526/12/2511
f 8522/8/2512 8523/11/2515 8527/14/2513
f 8524/22/2514 8528/13/2514 8527/14/2513
f 8529/30/2516 8530/34/2519 8534/31/2517
f 8531/33/2518 8535/36/2521 8534/31/2517
f 8532/35/2520 8536/44/2520 8535/36/2521
f 8537/15/2522 8538/19/2525 8542/16/2523
f 8539/18/2524 8543/21/2527 8542/16/2523
f 8540/20/2526 8544/47/2810 8543/21/2527
f 8545/37/2528 8546/41/2531 8550/38/2529
f 8547/40/2530 8551/43/2533 8550/38/2529
f 8548/42/2532 8552/48/2532 8551/43/2533
f 8554/34/2534 8558/31/2538 8557/32/2535
f 8555/33/2537 8559/36/2540 8558/31/2538
f 8555/33/2537 8556/35/2811 8560/44/2539
f 8561/10/2541 8562/8/2544 8566/12/2542
f 8563/11/2543 8567/14/2546 8566/12/2542
f 8564/22/2545 8568/13/2812 8567/14/2546
f 8569/23/2547 8570/27/2550 8574/24/2548
f 8571/26/2549 8575/29/2552 8574/24/2548
f 8571/26/2549 8572/28/2813 8576/45/2551
f 8578/19/2553 8582/16/2556 8581/17/2554
f 8579/18/2555 8583/21/2558 8582/16/2556
f 8580/20/2557 8584/47/2557 8583/21/2558
f 8585/10/2559 8586/8/2562 8590/12/2560
f 8586/8/2562 8587/11/2564 8591/14/2563
f 8587/11/2564 8588/22/2814 8592/13/2565
f 8593/23/2566 8594/27/2570 8598/24/2567
f 8595/26/2569 8599/29/2572 8598/24/2567
f 8596/28/2571 8600/45/2815 8599/29/2572
f 8601/10/2573 8602/8/2577 8606/12/2574
f 8603/11/2576 8607/14/2579 8606/12/2574
f 8604/22/2578 8608/13/2578 8607/14/2579
f 8609/30/2580 8610/34/2583 8614/31/2581
f 8611/33/2582 8615/36/2585 8614/31/2581
f 8612/35/2584 8616/44/2584 8615/36/2585
f 8617/15/2586 8618/19/2589 8622/16/2587
f 8619/18/2588 8623/21/2591 8622/16/2587
f 8620/20/2590 8624/47/2590 8623/21/2591
f 8625/37/2592 8626/41/2595 8630/38/2593
f 8627/40/2594 8631/43/2597 8630/38/2593
f 8628/42/2596 8632/48/2596 8631/43/2597
f 8633/1/2598 8634/5/2601 8638/2/2599
f 8635/4/2600 8639/7/2603 8638/2/2599
f 8635/4/2600 8636/6/2816 8640/46/2602
f 8641/1/2604 8642/5/2607 8646/2/2605
f 8643/4/2606 8647/7/2609 8646/2/2605
f 8644/6/2608 8648/46/2608 8647/7/2609
f 8649/23/2610 8650/27/2613 8654/24/2611
f 8651/26/2612 8655/29/2615 8654/24/2611
f 8651/26/2612 8652/28/2614 8656/45/2614
f 8657/10/2616 8658/8/2618 8662/12/2617
f 8658/8/2618 8659/11/2620 8663/14/2619
f 8660/22/1543 8664/13/2817 8663/14/2619
f 8665/30/2621 8666/34/2623 8670/31/2622
f 8666/34/2623 8667/33/2626 8671/36/2624
f 8668/35/2625 8672/44/2818 8671/36/2624
f 8673/10/2627 8674/8/2630 8678/12/2628
f 8675/11/2629 8679/14/2632 8678/12/2628
f 8676/22/2631 8680/13/2631 8679/14/2632
f 8682/19/2633 8686/16/2636 8685/17/2634
f 8683/18/2635 8687/21/2638 8686/16/2636
f 8684/20/2637 8688/47/2819 8687/21/2638
f 8689/1/2639 8690/5/2642 8694/2/2640
f 8691/4/2641 8695/7/2644 8694/2/2640
f 8692/6/2643 8696/46/2643 8695/7/2644
f 8698/8/2645 8702/12/2649 8701/9/2646
f 8699/11/2648 8703/14/2651 8702/12/2649
f 8700/22/2650 8704/13/2820 8703/14/2651
f 8706/19/2652 8710/16/2655 8709/17/2653
f 8707/18/2654 8711/21/2657 8710/16/2655
f 8708/20/2656 8712/47/2656 8711/21/2657
f 8714/41/2658 8718/38/2662 8717/39/2659
f 8715/40/2661 8719/43/2664 8718/38/2662
f 8716/42/2663 8720/48/2821 8719/43/2664
f 8721/15/2665 8722/19/2668 8726/16/2666
f 8723/18/2667 8727/21/2670 8726/16/2666
f 8724/20/2669 8728/47/2822 8727/21/2670
f 8729/30/2671 8730/34/2674 8734/31/2672
f 8731/33/2673 8735/36/2676 8734/31/2672
f 8732/35/2675 8736/44/2823 8735/36/2676
f 8738/8/2677 8742/12/2681 8741/9/2678
f 8739/11/2680 8743/14/2683 8742/12/2681
f 8740/22/2682 8744/13/2824 8743/14/2683
f 8745/23/2684 8746/27/2687 8750/24/2685
f 8747/26/2686 8751/29/2689 8750/24/2685
f 8747/26/2686 8748/28/2825 8752/45/2688
f 8753/15/2690 8754/19/2693 8758/16/2691
f 8755/18/2692 8759/21/2695 8758/16/2691
f 8756/20/2694 8760/47/2826 8759/21/2695
f 8761/10/2696 8762/8/2699 8766/12/2697
f 8762/8/2699 8763/11/2702 8767/14/2700
f 8764/22/2701 8768/13/2827 8767/14/2700
f 8769/23/2703 8770/27/2706 8774/24/2704
f 8771/26/2705 8775/29/2708 8774/24/2704
f 8771/26/2705 8772/28/2828 8776/45/2707
f 8777/10/2709 8778/8/2713 8782/12/2710
f 8779/11/2712 8783/14/2715 8782/12/2710
f 8780/22/2714 8784/13/2714 8783/14/2715
f 8785/30/2716 8786/34/2719 8790/31/2717
f 8787/33/2718 8791/36/2721 8790/31/2717
f 8788/35/2720 8792/44/2720 8791/36/2721
f 8793/15/2722 8794/19/2725 8798/16/2723
f 8795/18/2724 8799/21/2727 8798/16/2723
f 8796/20/2726 8800/47/2829 8799/21/2727
f 8801/37/2728 8802/41/2731 8806/38/2729
f 8803/40/2730 8807/43/2733 8806/38/2729
f 8804/42/2732 8808/48/2732 8807/43/2733
f 8809/1/2734 8810/5/2737 8814/2/2735
f 8811/4/2736 8815/7/2739 8814/2/2735
f 8812/6/2738 8816/46/2738 8815/7/2739
f 8817/15/2740 8818/19/2743 8822/16/2741
f 8819/18/2742 8823/21/2745 8822/16/2741
f 8820/20/2744 8824/47/2830 8823/21/2745
f 8825/10/2746 8826/8/2749 8830/12/2747
f 8826/8/2749 8827/11/2752 8831/14/2750
f 8828/22/2751 8832/13/2831 8831/14/2750
f 8833/23/2753 8834/27/2757 8838/24/2754
f 8835/26/2756 8839/29/2759 8838/24/2754
f 8836/28/2758 8840/45/2832 8839/29/2759
f 8841/10/2760 8842/8/2763 8846/12/2761
f 8843/11/2762 8847/14/2765 8846/12/2761
f 8844/22/2764 8848/13/2833 8847/14/2765
f 8849/30/2766 8850/34/2769 8854/31/2767
f 8851/33/2768 8855/36/2771 8854/31/2767
f 8852/35/2770 8856/44/2770 8855/36/2771
f 8857/1/2772 8858/5/2775 8862/2/2773
f 8859/4/2774 8863/7/2777 8862/2/2773
f 8860/6/2776 8864/46/2776 8863/7/2777
f 8865/37/2778 8866/41/2781 8870/38/2779
f 8867/40/2780 8871/43/2783 8870/38/2779
f 8868/42/2782 8872/48/2834 8871/43/2783
f 8873/15/2784 8874/19/2787 8878/16/2785
f 8875/18/2786 8879/21/2789 8878/16/2785
f 8876/20/2788 8880/47/2788 8879/21/2789
f 8881/30/2790 8882/34/2793 8886/31/2791
f 8883/33/2792 8887/36/2795 8886/31/2791
f 8884/35/2794 8888/44/2794 8887/36/2795
f 8889/1/2796 8890/5/2799 8894/2/2797
f 8891/4/2798 8895/7/2801 8894/2/2797
f 8892/6/2800 8896/46/2800 8895/7/2801
f 8897/37/2802 8898/41/2805 8902/38/2803
f 8899/40/2804 8903/43/2807 8902/38/2803
f 8900/42/2806 8904/48/2806 8903/43/2807
f 8905/1/2085 8910/2/2086 8909/3/2085
f 8907/4/2087 8910/2/2086 8906/5/2088
f 8908/6/2089 8911/7/2090 8907/4/2087
f 8914/8/2835 8917/9/2092 8913/10/2092
f 8915/11/2093 8918/12/2094 8914/8/2835
f 8915/11/2093 8920/13/2836 8919/14/2096
f 8921/15/2097 8926/16/2442 8925/17/2097
f 8923/18/2099 8926/16/2442 8922/19/2100
f 8924/20/2101 8927/21/2102 8923/18/2099
f 8929/10/2837 8934/12/2838 8933/9/2839
f 8931/11/2105 8934/12/2838 8930/8/2106
f 8932/22/2107 8935/14/2108 8931/11/2105
f 8937/23/2109 8942/24/2110 8941/25/2111
f 8939/26/2112 8942/24/2110 8938/27/2113
f 8940/28/2114 8943/29/2115 8939/26/2112
f 8945/10/2116 8950/12/2117 8949/9/2116
f 8946/8/2118 8951/14/2119 8950/12/2117
f 8948/22/2120 8951/14/2119 8947/11/2444
f 8953/30/2840 8958/31/2123 8957/32/2840
f 8955/33/2124 8958/31/2123 8954/34/2125
f 8956/35/2126 8959/36/2127 8955/33/2124
f 8961/15/2128 8966/16/2129 8965/17/2128
f 8963/18/2130 8966/16/2129 8962/19/2131
f 8964/20/2132 8967/21/2133 8963/18/2130
f 8969/37/2134 8974/38/2445 8973/39/2134
f 8971/40/2446 8974/38/2445 8970/41/2137
f 8972/42/2138 8975/43/2139 8971/40/2446
f 8978/34/2140 8981/32/2141 8977/30/2142
f 8979/33/2143 8982/31/2144 8978/34/2140
f 8979/33/2143 8984/44/2145 8983/36/2146
f 8985/10/2147 8990/12/2148 8989/9/2147
f 8987/11/2149 8990/12/2148 8986/8/2150
f 8988/22/2151 8991/14/2152 8987/11/2149
f 8993/23/2153 8998/24/2154 8997/25/2153
f 8995/26/2155 8998/24/2154 8994/27/2156
f 8995/26/2155 9000/45/2841 8999/29/2158
f 9002/19/2159 9005/17/2160 9001/15/2160
f 9003/18/2842 9006/16/2162 9002/19/2159
f 9004/20/2163 9007/21/2164 9003/18/2842
f 9009/10/2165 9014/12/2450 9013/9/2167
f 9010/8/2843 9015/14/2169 9014/12/2450
f 9011/11/2170 9016/13/2171 9015/14/2169
f 9017/23/2172 9022/24/2173 9021/25/2844
f 9019/26/2175 9022/24/2173 9018/27/2176
f 9020/28/2845 9023/29/2178 9019/26/2175
f 9025/10/2179 9030/12/2180 9029/9/2181
f 9027/11/2182 9030/12/2180 9026/8/2183
f 9028/22/2184 9031/14/2185 9027/11/2182
f 9033/30/2186 9038/31/2187 9037/32/2186
f 9035/33/2188 9038/31/2187 9034/34/2189
f 9036/35/2190 9039/36/2191 9035/33/2188
f 9041/15/2192 9046/16/2193 9045/17/2192
f 9043/18/2194 9046/16/2193 9042/19/2195
f 9044/20/2846 9047/21/2197 9043/18/2194
f 9049/37/2198 9054/38/2199 9053/39/2198
f 9051/40/2200 9054/38/2199 9050/41/2201
f 9052/42/2202 9055/43/2203 9051/40/2200
f 9057/1/2204 9062/2/2205 9061/3/2204
f 9059/4/2206 9062/2/2205 9058/5/2207
f 9059/4/2206 9064/46/2208 9063/7/2209
f 9065/1/2210 9070/2/2211 9069/3/2210
f 9067/4/2212 9070/2/2211 9066/5/2213
f 9068/6/2214 9071/7/2215 9067/4/2212
f 9073/23/2216 9078/24/2217 9077/25/2216
f 9075/26/2218 9078/24/2217 9074/27/2847
f 9075/26/2218 9080/45/2220 9079/29/2221
f 9081/10/2222 9086/12/2223 9085/9/2222
f 9082/8/2224 9087/14/2225 9086/12/2223
f 9084/22/2226 9087/14/2225 9083/11/2227
f 9089/30/2228 9094/31/2229 9093/32/2228
f 9090/34/2230 9095/36/2231 9094/31/2229
f 9092/35/2232 9095/36/2231 9091/33/2233
f 9097/10/2234 9102/12/2235 9101/9/2234
f 9099/11/2236 9102/12/2235 9098/8/2237
f 9100/22/2848 9103/14/2239 9099/11/2236
f 9106/19/2240 9109/17/2241 9105/15/2241
f 9107/18/2242 9110/16/2243 9106/19/2240
f 9108/20/2244 9111/21/2245 9107/18/2242
f 9113/1/2246 9118/2/2849 9117/3/2246
f 9115/4/2248 9118/2/2849 9114/5/2249
f 9116/6/2250 9119/7/2251 9115/4/2248
f 9122/8/2252 9125/9/2850 9121/10/2254
f 9123/11/2851 9126/12/2256 9122/8/2252
f 9124/22/2257 9127/14/2258 9123/11/2851
f 9130/19/2259 9133/17/2260 9129/15/2260
f 9131/18/2261 9134/16/2262 9130/19/2259
f 9132/20/2263 9135/21/2852 9131/18/2261
f 9138/41/2265 9141/39/2455 9137/37/2267
f 9139/40/2268 9142/38/2457 9138/41/2265
f 9140/42/2270 9143/43/2458 9139/40/2268
f 9145/15/2272 9150/16/2273 9149/17/2272
f 9147/18/2459 9150/16/2273 9146/19/2275
f 9148/20/2276 9151/21/2277 9147/18/2459
f 9153/30/2278 9158/31/2279 9157/32/2853
f 9155/33/2280 9158/31/2279 9154/34/2462
f 9156/35/2282 9159/36/2283 9155/33/2280
f 9162/8/2284 9165/9/2285 9161/10/2286
f 9163/11/2287 9166/12/2288 9162/8/2284
f 9164/22/2289 9167/14/2290 9163/11/2287
f 9169/23/2291 9174/24/2292 9173/25/2291
f 9171/26/2293 9174/24/2292 9170/27/2294
f 9171/26/2293 9176/45/2463 9175/29/2296
f 9177/15/2297 9182/16/2298 9181/17/2297
f 9179/18/2299 9182/16/2298 9178/19/2300
f 9180/20/2301 9183/21/2302 9179/18/2299
f 9185/10/2303 9190/12/2304 9189/9/2305
f 9186/8/2306 9191/14/2307 9190/12/2304
f 9188/22/2308 9191/14/2307 9187/11/2309
f 9193/23/2310 9198/24/2311 9197/25/2310
f 9195/26/2312 9198/24/2311 9194/27/2313
f 9195/26/2312 9200/45/2314 9199/29/2464
f 9201/10/2316 9206/12/2317 9205/9/2318
f 9203/11/2319 9206/12/2317 9202/8/2320
f 9204/22/2321 9207/14/2322 9203/11/2319
f 9209/30/2323 9214/31/2324 9213/32/2323
f 9211/33/2325 9214/31/2324 9210/34/2326
f 9212/35/2327 9215/36/2328 9211/33/2325
f 9217/15/2329 9222/16/2330 9221/17/2329
f 9219/18/2331 9222/16/2330 9218/19/2332
f 9220/20/2333 9223/21/2334 9219/18/2331
f 9225/37/2854 9230/38/2336 9229/39/2854
f 9227/40/2337 9230/38/2336 9226/41/2338
f 9228/42/2339 9231/43/2340 9227/40/2337
f 9233/1/2341 9238/2/2342 9237/3/2341
f 9235/4/2343 9238/2/2342 9234/5/2344
f 9236/6/2345 9239/7/2346 9235/4/2343
f 9241/15/2347 9246/16/2348 9245/17/2347
f 9243/18/2349 9246/16/2348 9242/19/2350
f 9244/20/2351 9247/21/2352 9243/18/2349
f 9249/10/2353 9254/12/2354 9253/9/2355
f 9250/8/2356 9255/14/2357 9254/12/2354
f 9252/22/2358 9255/14/2357 9251/11/2855
f 9257/23/2360 9262/24/2361 9261/25/2362
f 9259/26/2363 9262/24/2361 9258/27/2364
f 9260/28/2365 9263/29/2366 9259/26/2363
f 9265/10/2367 9270/12/2368 9269/9/2367
f 9267/11/2369 9270/12/2368 9266/8/2370
f 9268/22/2371 9271/14/2372 9267/11/2369
f 9273/30/2373 9278/31/2374 9277/32/2373
f 9275/33/2375 9278/31/2374 9274/34/2468
f 9276/35/2377 9279/36/2378 9275/33/2375
f 9281/1/2379 9286/2/2469 9285/3/2856
f 9283/4/2381 9286/2/2469 9282/5/2382
f 9284/6/2383 9287/7/2384 9283/4/2381
f 9289/37/2385 9294/38/2857 9293/39/2385
f 9291/40/2387 9294/38/2857 9290/41/2388
f 9292/42/2389 9295/43/2390 9291/40/2387
f 9297/15/2391 9302/16/2392 9301/17/2391
f 9299/18/2393 9302/16/2392 9298/19/2394
f 9300/20/2395 9303/21/2396 9299/18/2393
f 9305/30/2397 9310/31/2858 9309/32/2397
f 9307/33/2399 9310/31/2858 9306/34/2473
f 9308/35/2401 9311/36/2402 9307/33/2399
f 9313/1/2403 9318/2/2404 9317/3/2403
f 9315/4/2405 9318/2/2404 9314/5/2406
f 9316/6/2407 9319/7/2859 9315/4/2405
f 9321/37/2409 9326/38/2410 9325/39/2409
f 9323/40/2474 9326/38/2410 9322/41/2412
f 9324/42/2413 9327/43/2860 9323/40/2474
f 8905/1/2085 8906/5/2088 8910/2/2086
f 8907/4/2087 8911/7/2090 8910/2/2086
f 8908/6/2089 8912/46/2089 8911/7/2090
f 8914/8/2835 8918/12/2094 8917/9/2092
f 8915/11/2093 8919/14/2096 8918/12/2094
f 8915/11/2093 8916/22/2836 8920/13/2836
f 8921/15/2097 8922/19/2100 8926/16/2442
f 8923/18/2099 8927/21/2102 8926/16/2442
f 8924/20/2101 8928/47/2415 8927/21/2102
f 8929/10/2837 8930/8/2106 8934/12/2838
f 8931/11/2105 8935/14/2108 8934/12/2838
f 8932/22/2107 8936/13/2107 8935/14/2108
f 8937/23/2109 8938/27/2113 8942/24/2110
f 8939/26/2112 8943/29/2115 8942/24/2110
f 8940/28/2114 8944/45/2416 8943/29/2115
f 8945/10/2116 8946/8/2118 8950/12/2117
f 8946/8/2118 8947/11/2444 8951/14/2119
f 8948/22/2120 8952/13/2120 8951/14/2119
f 8953/30/2840 8954/34/2125 8958/31/2123
f 8955/33/2124 8959/36/2127 8958/31/2123
f 8956/35/2126 8960/44/2126 8959/36/2127
f 8961/15/2128 8962/19/2131 8966/16/2129
f 8963/18/2130 8967/21/2133 8966/16/2129
f 8964/20/2132 8968/47/2417 8967/21/2133
f 8969/37/2134 8970/41/2137 8974/38/2445
f 8971/40/2446 8975/43/2139 8974/38/2445
f 8972/42/2138 8976/48/2138 8975/43/2139
f 8978/34/2140 8982/31/2144 8981/32/2141
f 8979/33/2143 8983/36/2146 8982/31/2144
f 8979/33/2143 8980/35/2418 8984/44/2145
f 8985/10/2147 8986/8/2150 8990/12/2148
f 8987/11/2149 8991/14/2152 8990/12/2148
f 8988/22/2151 8992/13/2419 8991/14/2152
f 8993/23/2153 8994/27/2156 8998/24/2154
f 8995/26/2155 8999/29/2158 8998/24/2154
f 8995/26/2155 8996/28/2420 9000/45/2841
f 9002/19/2159 9006/16/2162 9005/17/2160
f 9003/18/2842 9007/21/2164 9006/16/2162
f 9004/20/2163 9008/47/2163 9007/21/2164
f 9009/10/2165 9010/8/2843 9014/12/2450
f 9010/8/2843 9011/11/2170 9015/14/2169
f 9011/11/2170 9012/22/2421 9016/13/2171
f 9017/23/2172 9018/27/2176 9022/24/2173
f 9019/26/2175 9023/29/2178 9022/24/2173
f 9020/28/2845 9024/45/2477 9023/29/2178
f 9025/10/2179 9026/8/2183 9030/12/2180
f 9027/11/2182 9031/14/2185 9030/12/2180
f 9028/22/2184 9032/13/2184 9031/14/2185
f 9033/30/2186 9034/34/2189 9038/31/2187
f 9035/33/2188 9039/36/2191 9038/31/2187
f 9036/35/2190 9040/44/2190 9039/36/2191
f 9041/15/2192 9042/19/2195 9046/16/2193
f 9043/18/2194 9047/21/2197 9046/16/2193
f 9044/20/2846 9048/47/2846 9047/21/2197
f 9049/37/2198 9050/41/2201 9054/38/2199
f 9051/40/2200 9055/43/2203 9054/38/2199
f 9052/42/2202 9056/48/2202 9055/43/2203
f 9057/1/2204 9058/5/2207 9062/2/2205
f 9059/4/2206 9063/7/2209 9062/2/2205
f 9059/4/2206 9060/6/2424 9064/46/2208
f 9065/1/2210 9066/5/2213 9070/2/2211
f 9067/4/2212 9071/7/2215 9070/2/2211
f 9068/6/2214 9072/46/2214 9071/7/2215
f 9073/23/2216 9074/27/2847 9078/24/2217
f 9075/26/2218 9079/29/2221 9078/24/2217
f 9075/26/2218 9076/28/2220 9080/45/2220
f 9081/10/2222 9082/8/2224 9086/12/2223
f 9082/8/2224 9083/11/2227 9087/14/2225
f 9084/22/2226 9088/13/2425 9087/14/2225
f 9089/30/2228 9090/34/2230 9094/31/2229
f 9090/34/2230 9091/33/2233 9095/36/2231
f 9092/35/2232 9096/44/2426 9095/36/2231
f 9097/10/2234 9098/8/2237 9102/12/2235
f 9099/11/2236 9103/14/2239 9102/12/2235
f 9100/22/2848 9104/13/2848 9103/14/2239
f 9106/19/2240 9110/16/2243 9109/17/2241
f 9107/18/2242 9111/21/2245 9110/16/2243
f 9108/20/2244 9112/47/2427 9111/21/2245
f 9113/1/2246 9114/5/2249 9118/2/2849
f 9115/4/2248 9119/7/2251 9118/2/2849
f 9116/6/2250 9120/46/2250 9119/7/2251
f 9122/8/2252 9126/12/2256 9125/9/2850
f 9123/11/2851 9127/14/2258 9126/12/2256
f 9124/22/2257 9128/13/2428 9127/14/2258
f 9130/19/2259 9134/16/2262 9133/17/2260
f 9131/18/2261 9135/21/2852 9134/16/2262
f 9132/20/2263 9136/47/2263 9135/21/2852
f 9138/41/2265 9142/38/2457 9141/39/2455
f 9139/40/2268 9143/43/2458 9142/38/2457
f 9140/42/2270 9144/48/2429 9143/43/2458
f 9145/15/2272 9146/19/2275 9150/16/2273
f 9147/18/2459 9151/21/2277 9150/16/2273
f 9148/20/2276 9152/47/2430 9151/21/2277
f 9153/30/2278 9154/34/2462 9158/31/2279
f 9155/33/2280 9159/36/2283 9158/31/2279
f 9156/35/2282 9160/44/2431 9159/36/2283
f 9162/8/2284 9166/12/2288 9165/9/2285
f 9163/11/2287 9167/14/2290 9166/12/2288
f 9164/22/2289 9168/13/2432 9167/14/2290
f 9169/23/2291 9170/27/2294 9174/24/2292
f 9171/26/2293 9175/29/2296 9174/24/2292
f 9171/26/2293 9172/28/2433 9176/45/2463
f 9177/15/2297 9178/19/2300 9182/16/2298
f 9179/18/2299 9183/21/2302 9182/16/2298
f 9180/20/2301 9184/47/2861 9183/21/2302
f 9185/10/2303 9186/8/2306 9190/12/2304
f 9186/8/2306 9187/11/2309 9191/14/2307
f 9188/22/2308 9192/13/2434 9191/14/2307
f 9193/23/2310 9194/27/2313 9198/24/2311
f 9195/26/2312 9199/29/2464 9198/24/2311
f 9195/26/2312 9196/28/2435 9200/45/2314
f 9201/10/2316 9202/8/2320 9206/12/2317
f 9203/11/2319 9207/14/2322 9206/12/2317
f 9204/22/2321 9208/13/2321 9207/14/2322
f 9209/30/2323 9210/34/2326 9214/31/2324
f 9211/33/2325 9215/36/2328 9214/31/2324
f 9212/35/2327 9216/44/2327 9215/36/2328
f 9217/15/2329 9218/19/2332 9222/16/2330
f 9219/18/2331 9223/21/2334 9222/16/2330
f 9220/20/2333 9224/47/2436 9223/21/2334
f 9225/37/2854 9226/41/2338 9230/38/2336
f 9227/40/2337 9231/43/2340 9230/38/2336
f 9228/42/2339 9232/48/2339 9231/43/2340
f 9233/1/2341 9234/5/2344 9238/2/2342
f 9235/4/2343 9239/7/2346 9238/2/2342
f 9236/6/2345 9240/46/2345 9239/7/2346
f 9241/15/2347 9242/19/2350 9246/16/2348
f 9243/18/2349 9247/21/2352 9246/16/2348
f 9244/20/2351 9248/47/2437 9247/21/2352
f 9249/10/2353 9250/8/2356 9254/12/2354
f 9250/8/2356 9251/11/2855 9255/14/2357
f 9252/22/2358 9256/13/2438 9255/14/2357
f 9257/23/2360 9258/27/2364 9262/24/2361
f 9259/26/2363 9263/29/2366 9262/24/2361
f 9260/28/2365 9264/45/2439 9263/29/2366
f 9265/10/2367 9266/8/2370 9270/12/2368
f 9267/11/2369 9271/14/2372 9270/12/2368
f 9268/22/2371 9272/13/2440 9271/14/2372
f 9273/30/2373 9274/34/2468 9278/31/2374
f 9275/33/2375 9279/36/2378 9278/31/2374
f 9276/35/2377 9280/44/2377 9279/36/2378
f 9281/1/2379 9282/5/2382 9286/2/2469
f 9283/4/2381 9287/7/2384 9286/2/2469
f 9284/6/2383 9288/46/2383 9287/7/2384
f 9289/37/2385 9290/41/2388 9294/38/2857
f 9291/40/2387 9295/43/2390 9294/38/2857
f 9292/42/2389 9296/48/2441 9295/43/2390
f 9297/15/2391 9298/19/2394 9302/16/2392
f 9299/18/2393 9303/21/2396 9302/16/2392
f 9300/20/2395 9304/47/2395 9303/21/2396
f 9305/30/2397 9306/34/2473 9310/31/2858
f 9307/33/2399 9311/36/2402 9310/31/2858
f 9308/35/2401 9312/44/2401 9311/36/2402
f 9313/1/2403 9314/5/2406 9318/2/2404
f 9315/4/2405 9319/7/2859 9318/2/2404
f 9316/6/2407 9320/46/2407 9319/7/2859
f 9321/37/2409 9322/41/2412 9326/38/2410
f 9323/40/2474 9327/43/2860 9326/38/2410
f 9324/42/2413 9328/48/2413 9327/43/2860
f 9329/1/2479 9334/2/2480 9333/3/2479
f 9331/4/2481 9334/2/2480 9330/5/2482
f 9332/6/2483 9335/7/2484 9331/4/2481
f 9338/8/2485 9341/9/2486 9337/10/2486
f 9339/11/2487 9342/12/2488 9338/8/2485
f 9339/11/2487 9344/13/2489 9343/14/2490
f 9345/15/2491 9350/16/2492 9349/17/2491
f 9347/18/2493 9350/16/2492 9346/19/2494
f 9348/20/2495 9351/21/2496 9347/18/2493
f 9353/10/2497 9358/12/2498 9357/9/2497
f 9355/11/2499 9358/12/2498 9354/8/2500
f 9356/22/2501 9359/14/2502 9355/11/2499
f 9361/23/2862 9366/24/2504 9365/25/2505
f 9363/26/2506 9366/24/2504 9362/27/2507
f 9364/28/2508 9367/29/2509 9363/26/2506
f 9369/10/2510 9374/12/2511 9373/9/2510
f 9370/8/2512 9375/14/2513 9374/12/2511
f 9372/22/2514 9375/14/2513 9371/11/2515
f 9377/30/2516 9382/31/2517 9381/32/2516
f 9379/33/2518 9382/31/2517 9378/34/2519
f 9380/35/2520 9383/36/2521 9379/33/2518
f 9385/15/2522 9390/16/2523 9389/17/2522
f 9387/18/2524 9390/16/2523 9386/19/2525
f 9388/20/2526 9391/21/2527 9387/18/2524
f 9393/37/2528 9398/38/2529 9397/39/2528
f 9395/40/2530 9398/38/2529 9394/41/2863
f 9396/42/2532 9399/43/2533 9395/40/2530
f 9402/34/2534 9405/32/2535 9401/30/2536
f 9403/33/2537 9406/31/2538 9402/34/2534
f 9403/33/2537 9408/44/2539 9407/36/2540
f 9409/10/2541 9414/12/2542 9413/9/2541
f 9411/11/2543 9414/12/2542 9410/8/2544
f 9412/22/2545 9415/14/2546 9411/11/2543
f 9417/23/2547 9422/24/2548 9421/25/2547
f 9419/26/2549 9422/24/2548 9418/27/2550
f 9419/26/2549 9424/45/2551 9423/29/2552
f 9426/19/2553 9429/17/2554 9425/15/2554
f 9427/18/2555 9430/16/2864 9426/19/2553
f 9428/20/2557 9431/21/2865 9427/18/2555
f 9433/10/2559 9438/12/2560 9437/9/2561
f 9434/8/2562 9439/14/2866 9438/12/2560
f 9435/11/2564 9440/13/2565 9439/14/2866
f 9441/23/2566 9446/24/2567 9445/25/2568
f 9443/26/2569 9446/24/2567 9442/27/2570
f 9444/28/2571 9447/29/2867 9443/26/2569
f 9449/10/2573 9454/12/2574 9453/9/2868
f 9451/11/2576 9454/12/2574 9450/8/2577
f 9452/22/2578 9455/14/2579 9451/11/2576
f 9457/30/2580 9462/31/2581 9461/32/2580
f 9459/33/2582 9462/31/2581 9458/34/2583
f 9460/35/2584 9463/36/2585 9459/33/2582
f 9465/15/2586 9470/16/2869 9469/17/2586
f 9467/18/2588 9470/16/2869 9466/19/2589
f 9468/20/2590 9471/21/2591 9467/18/2588
f 9473/37/2592 9478/38/2593 9477/39/2592
f 9475/40/2594 9478/38/2593 9474/41/2595
f 9476/42/2596 9479/43/2597 9475/40/2594
f 9481/1/2598 9486/2/2599 9485/3/2598
f 9483/4/2600 9486/2/2599 9482/5/2601
f 9483/4/2600 9488/46/2602 9487/7/2603
f 9489/1/2604 9494/2/2605 9493/3/2604
f 9491/4/2606 9494/2/2605 9490/5/2607
f 9492/6/2608 9495/7/2609 9491/4/2606
f 9497/23/2610 9502/24/2611 9501/25/2610
f 9499/26/2612 9502/24/2611 9498/27/2613
f 9499/26/2612 9504/45/2614 9503/29/2615
f 9505/10/2616 9510/12/2617 9509/9/2616
f 9506/8/2618 9511/14/2619 9510/12/2617
f 9508/22/1543 9511/14/2619 9507/11/2620
f 9513/30/2621 9518/31/2622 9517/32/2621
f 9514/34/2623 9519/36/2624 9518/31/2622
f 9516/35/2625 9519/36/2624 9515/33/2626
f 9521/10/2627 9526/12/2628 9525/9/2627
f 9523/11/2629 9526/12/2628 9522/8/2630
f 9524/22/2631 9527/14/2632 9523/11/2629
f 9530/19/2870 9533/17/2634 9529/15/2634
f 9531/18/2635 9534/16/2636 9530/19/2870
f 9532/20/2637 9535/21/2638 9531/18/2635
f 9537/1/2639 9542/2/2640 9541/3/2639
f 9539/4/2641 9542/2/2640 9538/5/2642
f 9540/6/2871 9543/7/2644 9539/4/2641
f 9546/8/2645 9549/9/2646 9545/10/2647
f 9547/11/2872 9550/12/2649 9546/8/2645
f 9548/22/2650 9551/14/2651 9547/11/2872
f 9554/19/2652 9557/17/2653 9553/15/2653
f 9555/18/2654 9558/16/2655 9554/19/2652
f 9556/20/2656 9559/21/2657 9555/18/2654
f 9562/41/2658 9565/39/2659 9561/37/2660
f 9563/40/2661 9566/38/2873 9562/41/2658
f 9564/42/2663 9567/43/2874 9563/40/2661
f 9569/15/2665 9574/16/2666 9573/17/2665
f 9571/18/2667 9574/16/2666 9570/19/2668
f 9572/20/2669 9575/21/2670 9571/18/2667
f 9577/30/2671 9582/31/2672 9581/32/2671
f 9579/33/2673 9582/31/2672 9578/34/2674
f 9580/35/2675 9583/36/2676 9579/33/2673
f 9586/8/2677 9589/9/2678 9585/10/2679
f 9587/11/2680 9590/12/2681 9586/8/2677
f 9588/22/2682 9591/14/2683 9587/11/2680
f 9593/23/2684 9598/24/2685 9597/25/2684
f 9595/26/2686 9598/24/2685 9594/27/2687
f 9595/26/2686 9600/45/2875 9599/29/2689
f 9601/15/2690 9606/16/2691 9605/17/2690
f 9603/18/2876 9606/16/2691 9602/19/2693
f 9604/20/2694 9607/21/2695 9603/18/2876
f 9609/10/2696 9614/12/2697 9613/9/2698
f 9610/8/2699 9615/14/2700 9614/12/2697
f 9612/22/2701 9615/14/2700 9611/11/2702
f 9617/23/2703 9622/24/2704 9621/25/2703
f 9619/26/2705 9622/24/2704 9618/27/2706
f 9619/26/2705 9624/45/2707 9623/29/2708
f 9625/10/2709 9630/12/2710 9629/9/2711
f 9627/11/2712 9630/12/2710 9626/8/2713
f 9628/22/2714 9631/14/2715 9627/11/2712
f 9633/30/2716 9638/31/2717 9637/32/2716
f 9635/33/2718 9638/31/2717 9634/34/2877
f 9636/35/2720 9639/36/2721 9635/33/2718
f 9641/15/2722 9646/16/2723 9645/17/2722
f 9643/18/2724 9646/16/2723 9642/19/2725
f 9644/20/2726 9647/21/2727 9643/18/2724
f 9649/37/2878 9654/38/2729 9653/39/2878
f 9651/40/2730 9654/38/2729 9650/41/2731
f 9652/42/2732 9655/43/2733 9651/40/2730
f 9657/1/2734 9662/2/2735 9661/3/2734
f 9659/4/2736 9662/2/2735 9658/5/2737
f 9660/6/2738 9663/7/2739 9659/4/2736
f 9665/15/2740 9670/16/2741 9669/17/2740
f 9667/18/2742 9670/16/2741 9666/19/2743
f 9668/20/2744 9671/21/2745 9667/18/2742
f 9673/10/2746 9678/12/2879 9677/9/2748
f 9674/8/2749 9679/14/2750 9678/12/2879
f 9676/22/2751 9679/14/2750 9675/11/2752
f 9681/23/2753 9686/24/2754 9685/25/2880
f 9683/26/2756 9686/24/2754 9682/27/2881
f 9684/28/2758 9687/29/2759 9683/26/2756
f 9689/10/2760 9694/12/2761 9693/9/2760
f 9691/11/2882 9694/12/2761 9690/8/2763
f 9692/22/2764 9695/14/2765 9691/11/2882
f 9697/30/2766 9702/31/2883 9701/32/2766
f 9699/33/2768 9702/31/2883 9698/34/2769
f 9700/35/2770 9703/36/2771 9699/33/2768
f 9705/1/2772 9710/2/2884 9709/3/2772
f 9707/4/2774 9710/2/2884 9706/5/2775
f 9708/6/2776 9711/7/2777 9707/4/2774
f 9713/37/2778 9718/38/2779 9717/39/2778
f 9715/40/2780 9718/38/2779 9714/41/2885
f 9716/42/2782 9719/43/2783 9715/40/2780
f 9721/15/2784 9726/16/2785 9725/17/2784
f 9723/18/2786 9726/16/2785 9722/19/2886
f 9724/20/2788 9727/21/2789 9723/18/2786
f 9729/30/2790 9734/31/2887 9733/32/2790
f 9731/33/2792 9734/31/2887 9730/34/2888
f 9732/35/2794 9735/36/2795 9731/33/2792
f 9737/1/2796 9742/2/2797 9741/3/2796
f 9739/4/2798 9742/2/2797 9738/5/2799
f 9740/6/2800 9743/7/2801 9739/4/2798
f 9745/37/2802 9750/38/2803 9749/39/2802
f 9747/40/2889 9750/38/2803 9746/41/2805
f 9748/42/2806 9751/43/2890 9747/40/2889
f 9329/1/2479 9330/5/2482 9334/2/2480
f 9331/4/2481 9335/7/2484 9334/2/2480
f 9332/6/2483 9336/46/2483 9335/7/2484
f 9338/8/2485 9342/12/2488 9341/9/2486
f 9339/11/2487 9343/14/2490 9342/12/2488
f 9339/11/2487 9340/22/2489 9344/13/2489
f 9345/15/2491 9346/19/2494 9350/16/2492
f 9347/18/2493 9351/21/2496 9350/16/2492
f 9348/20/2495 9352/47/2808 9351/21/2496
f 9353/10/2497 9354/8/2500 9358/12/2498
f 9355/11/2499 9359/14/2502 9358/12/2498
f 9356/22/2501 9360/13/2501 9359/14/2502
f 9361/23/2862 9362/27/2507 9366/24/2504
f 9363/26/2506 9367/29/2509 9366/24/2504
f 9364/28/2508 9368/45/2809 9367/29/2509
f 9369/10/2510 9370/8/2512 9374/12/2511
f 9370/8/2512 9371/11/2515 9375/14/2513
f 9372/22/2514 9376/13/2514 9375/14/2513
f 9377/30/2516 9378/34/2519 9382/31/2517
f 9379/33/2518 9383/36/2521 9382/31/2517
f 9380/35/2520 9384/44/2520 9383/36/2521
f 9385/15/2522 9386/19/2525 9390/16/2523
f 9387/18/2524 9391/21/2527 9390/16/2523
f 9388/20/2526 9392/47/2810 9391/21/2527
f 9393/37/2528 9394/41/2863 9398/38/2529
f 9395/40/2530 9399/43/2533 9398/38/2529
f 9396/42/2532 9400/48/2532 9399/43/2533
f 9402/34/2534 9406/31/2538 9405/32/2535
f 9403/33/2537 9407/36/2540 9406/31/2538
f 9403/33/2537 9404/35/2811 9408/44/2539
f 9409/10/2541 9410/8/2544 9414/12/2542
f 9411/11/2543 9415/14/2546 9414/12/2542
f 9412/22/2545 9416/13/2812 9415/14/2546
f 9417/23/2547 9418/27/2550 9422/24/2548
f 9419/26/2549 9423/29/2552 9422/24/2548
f 9419/26/2549 9420/28/2813 9424/45/2551
f 9426/19/2553 9430/16/2864 9429/17/2554
f 9427/18/2555 9431/21/2865 9430/16/2864
f 9428/20/2557 9432/47/2557 9431/21/2865
f 9433/10/2559 9434/8/2562 9438/12/2560
f 9434/8/2562 9435/11/2564 9439/14/2866
f 9435/11/2564 9436/22/2814 9440/13/2565
f 9441/23/2566 9442/27/2570 9446/24/2567
f 9443/26/2569 9447/29/2867 9446/24/2567
f 9444/28/2571 9448/45/2815 9447/29/2867
f 9449/10/2573 9450/8/2577 9454/12/2574
f 9451/11/2576 9455/14/2579 9454/12/2574
f 9452/22/2578 9456/13/2578 9455/14/2579
f 9457/30/2580 9458/34/2583 9462/31/2581
f 9459/33/2582 9463/36/2585 9462/31/2581
f 9460/35/2584 9464/44/2584 9463/36/2585
f 9465/15/2586 9466/19/2589 9470/16/2869
f 9467/18/2588 9471/21/2591 9470/16/2869
f 9468/20/2590 9472/47/2590 9471/21/2591
f 9473/37/2592 9474/41/2595 9478/38/2593
f 9475/40/2594 9479/43/2597 9478/38/2593
f 9476/42/2596 9480/48/2596 9479/43/2597
f 9481/1/2598 9482/5/2601 9486/2/2599
f 9483/4/2600 9487/7/2603 9486/2/2599
f 9483/4/2600 9484/6/2816 9488/46/2602
f 9489/1/2604 9490/5/2607 9494/2/2605
f 9491/4/2606 9495/7/2609 9494/2/2605
f 9492/6/2608 9496/46/2608 9495/7/2609
f 9497/23/2610 9498/27/2613 9502/24/2611
f 9499/26/2612 9503/29/2615 9502/24/2611
f 9499/26/2612 9500/28/2614 9504/45/2614
f 9505/10/2616 9506/8/2618 9510/12/2617
f 9506/8/2618 9507/11/2620 9511/14/2619
f 9508/22/1543 9512/13/2817 9511/14/2619
f 9513/30/2621 9514/34/2623 9518/31/2622
f 9514/34/2623 9515/33/2626 9519/36/2624
f 9516/35/2625 9520/44/2818 9519/36/2624
f 9521/10/2627 9522/8/2630 9526/12/2628
f 9523/11/2629 9527/14/2632 9526/12/2628
f 9524/22/2631 9528/13/2631 9527/14/2632
f 9530/19/2870 9534/16/2636 9533/17/2634
f 9531/18/2635 9535/21/2638 9534/16/2636
f 9532/20/2637 9536/47/2819 9535/21/2638
f 9537/1/2639 9538/5/2642 9542/2/2640
f 9539/4/2641 9543/7/2644 9542/2/2640
f 9540/6/2871 9544/46/2871 9543/7/2644
f 9546/8/2645 9550/12/2649 9549/9/2646
f 9547/11/2872 9551/14/2651 9550/12/2649
f 9548/22/2650 9552/13/2891 9551/14/2651
f 9554/19/2652 9558/16/2655 9557/17/2653
f 9555/18/2654 9559/21/2657 9558/16/2655
f 9556/20/2656 9560/47/2892 9559/21/2657
f 9562/41/2658 9566/38/2873 9565/39/2659
f 9563/40/2661 9567/43/2874 9566/38/2873
f 9564/42/2663 9568/48/2893 9567/43/2874
f 9569/15/2665 9570/19/2668 9574/16/2666
f 9571/18/2667 9575/21/2670 9574/16/2666
f 9572/20/2669 9576/47/2822 9575/21/2670
f 9577/30/2671 9578/34/2674 9582/31/2672
f 9579/33/2673 9583/36/2676 9582/31/2672
f 9580/35/2675 9584/44/2894 9583/36/2676
f 9586/8/2677 9590/12/2681 9589/9/2678
f 9587/11/2680 9591/14/2683 9590/12/2681
f 9588/22/2682 9592/13/2824 9591/14/2683
f 9593/23/2684 9594/27/2687 9598/24/2685
f 9595/26/2686 9599/29/2689 9598/24/2685
f 9595/26/2686 9596/28/2825 9600/45/2875
f 9601/15/2690 9602/19/2693 9606/16/2691
f 9603/18/2876 9607/21/2695 9606/16/2691
f 9604/20/2694 9608/47/2694 9607/21/2695
f 9609/10/2696 9610/8/2699 9614/12/2697
f 9610/8/2699 9611/11/2702 9615/14/2700
f 9612/22/2701 9616/13/2827 9615/14/2700
f 9617/23/2703 9618/27/2706 9622/24/2704
f 9619/26/2705 9623/29/2708 9622/24/2704
f 9619/26/2705 9620/28/2828 9624/45/2707
f 9625/10/2709 9626/8/2713 9630/12/2710
f 9627/11/2712 9631/14/2715 9630/12/2710
f 9628/22/2714 9632/13/2714 9631/14/2715
f 9633/30/2716 9634/34/2877 9638/31/2717
f 9635/33/2718 9639/36/2721 9638/31/2717
f 9636/35/2720 9640/44/2720 9639/36/2721
f 9641/15/2722 9642/19/2725 9646/16/2723
f 9643/18/2724 9647/21/2727 9646/16/2723
f 9644/20/2726 9648/47/2829 9647/21/2727
f 9649/37/2878 9650/41/2731 9654/38/2729
f 9651/40/2730 9655/43/2733 9654/38/2729
f 9652/42/2732 9656/48/2732 9655/43/2733
f 9657/1/2734 9658/5/2737 9662/2/2735
f 9659/4/2736 9663/7/2739 9662/2/2735
f 9660/6/2738 9664/46/2738 9663/7/2739
f 9665/15/2740 9666/19/2743 9670/16/2741
f 9667/18/2742 9671/21/2745 9670/16/2741
f 9668/20/2744 9672/47/2895 9671/21/2745
f 9673/10/2746 9674/8/2749 9678/12/2879
f 9674/8/2749 9675/11/2752 9679/14/2750
f 9676/22/2751 9680/13/2831 9679/14/2750
f 9681/23/2753 9682/27/2881 9686/24/2754
f 9683/26/2756 9687/29/2759 9686/24/2754
f 9684/28/2758 9688/45/2896 9687/29/2759
f 9689/10/2760 9690/8/2763 9694/12/2761
f 9691/11/2882 9695/14/2765 9694/12/2761
f 9692/22/2764 9696/13/2833 9695/14/2765
f 9697/30/2766 9698/34/2769 9702/31/2883
f 9699/33/2768 9703/36/2771 9702/31/2883
f 9700/35/2770 9704/44/2770 9703/36/2771
f 9705/1/2772 9706/5/2775 9710/2/2884
f 9707/4/2774 9711/7/2777 9710/2/2884
f 9708/6/2776 9712/46/2776 9711/7/2777
f 9713/37/2778 9714/41/2885 9718/38/2779
f 9715/40/2780 9719/43/2783 9718/38/2779
f 9716/42/2782 9720/48/2834 9719/43/2783
f 9721/15/2784 9722/19/2886 9726/16/2785
f 9723/18/2786 9727/21/2789 9726/16/2785
f 9724/20/2788 9728/47/2788 9727/21/2789
f 9729/30/2790 9730/34/2888 9734/31/2887
f 9731/33/2792 9735/36/2795 9734/31/2887
f 9732/35/2794 9736/44/2794 9735/36/2795
f 9737/1/2796 9738/5/2799 9742/2/2797
f 9739/4/2798 9743/7/2801 9742/2/2797
f 9740/6/2800 9744/46/2800 9743/7/2801
f 9745/37/2802 9746/41/2805 9750/38/2803
f 9747/40/2889 9751/43/2890 9750/38/2803
f 9748/42/2806 9752/48/2806 9751/43/2890
f 9753/1/2085 9758/2/2086 9757/3/2085
f 9755/4/2087 9758/2/2086 9754/5/2088
f 9756/6/2089 9759/7/2090 9755/4/2087
f 9762/8/2091 9765/9/2092 9761/10/2092
f 9763/11/2093 9766/12/2094 9762/8/2091
f 9763/11/2093 9768/13/2836 9767/14/2096
f 9769/15/2097 9774/16/2098 9773/17/2097
f 9771/18/2099 9774/16/2098 9770/19/2100
f 9772/20/2101 9775/21/2102 9771/18/2099
f 9777/10/2103 9782/12/2104 9781/9/2103
f 9779/11/2105 9782/12/2104 9778/8/2106
f 9780/22/2107 9783/14/2108 9779/11/2105
f 9785/23/2109 9790/24/2110 9789/25/2111
f 9787/26/2112 9790/24/2110 9786/27/2113
f 9788/28/2114 9791/29/2115 9787/26/2112
f 9793/10/2116 9798/12/2117 9797/9/2116
f 9794/8/2118 9799/14/2119 9798/12/2117
f 9796/22/2120 9799/14/2119 9795/11/2444
f 9801/30/2122 9806/31/2123 9805/32/2122
f 9803/33/2124 9806/31/2123 9802/34/2125
f 9804/35/2126 9807/36/2127 9803/33/2124
f 9809/15/2128 9814/16/2129 9813/17/2128
f 9811/18/2130 9814/16/2129 9810/19/2131
f 9812/20/2132 9815/21/2133 9811/18/2130
f 9817/37/2134 9822/38/2445 9821/39/2134
f 9819/40/2446 9822/38/2445 9818/41/2137
f 9820/42/2138 9823/43/2139 9819/40/2446
f 9826/34/2140 9829/32/2141 9825/30/2142
f 9827/33/2143 9830/31/2144 9826/34/2140
f 9827/33/2143 9832/44/2145 9831/36/2146
f 9833/10/2147 9838/12/2148 9837/9/2147
f 9835/11/2149 9838/12/2148 9834/8/2150
f 9836/22/2151 9839/14/2152 9835/11/2149
f 9841/23/2153 9846/24/2154 9845/25/2153
f 9843/26/2155 9846/24/2154 9842/27/2156
f 9843/26/2155 9848/45/2157 9847/29/2158
f 9850/19/2448 9853/17/2160 9849/15/2160
f 9851/18/2161 9854/16/2162 9850/19/2448
f 9852/20/2163 9855/21/2164 9851/18/2161
f 9857/10/2165 9862/12/2450 9861/9/2167
f 9858/8/2168 9863/14/2897 9862/12/2450
f 9859/11/2170 9864/13/2171 9863/14/2897
f 9865/23/2172 9870/24/2173 9869/25/2451
f 9867/26/2175 9870/24/2173 9866/27/2176
f 9868/28/2177 9871/29/2178 9867/26/2175
f 9873/10/2179 9878/12/2180 9877/9/2181
f 9875/11/2182 9878/12/2180 9874/8/2183
f 9876/22/2184 9879/14/2185 9875/11/2182
f 9881/30/2186 9886/31/2187 9885/32/2186
f 9883/33/2188 9886/31/2187 9882/34/2189
f 9884/35/2190 9887/36/2898 9883/33/2188
f 9889/15/2192 9894/16/2193 9893/17/2192
f 9891/18/2899 9894/16/2193 9890/19/2195
f 9892/20/2196 9895/21/2197 9891/18/2899
f 9897/37/2900 9902/38/2199 9901/39/2900
f 9899/40/2200 9902/38/2199 9898/41/2201
f 9900/42/2202 9903/43/2203 9899/40/2200
f 9905/1/2204 9910/2/2205 9909/3/2204
f 9907/4/2206 9910/2/2205 9906/5/2207
f 9907/4/2206 9912/46/2208 9911/7/2209
f 9913/1/2210 9918/2/2211 9917/3/2210
f 9915/4/2212 9918/2/2211 9914/5/2213
f 9916/6/2214 9919/7/2215 9915/4/2212
f 9921/23/2216 9926/24/2217 9925/25/2216
f 9923/26/2218 9926/24/2217 9922/27/2219
f 9923/26/2218 9928/45/2220 9927/29/2221
f 9929/10/2222 9934/12/2223 9933/9/2222
f 9930/8/2224 9935/14/2225 9934/12/2223
f 9932/22/2226 9935/14/2225 9931/11/2227
f 9937/30/2228 9942/31/2229 9941/32/2228
f 9938/34/2230 9943/36/2231 9942/31/2229
f 9940/35/2232 9943/36/2231 9939/33/2233
f 9945/10/2234 9950/12/2235 9949/9/2234
f 9947/11/2236 9950/12/2235 9946/8/2237
f 9948/22/2848 9951/14/2239 9947/11/2236
f 9954/19/2240 9957/17/2241 9953/15/2241
f 9955/18/2242 9958/16/2901 9954/19/2240
f 9956/20/2452 9959/21/2245 9955/18/2242
f 9961/1/2246 9966/2/2247 9965/3/2246
f 9963/4/2248 9966/2/2247 9962/5/2249
f 9964/6/2250 9967/7/2251 9963/4/2248
f 9970/8/2252 9973/9/2902 9969/10/2254
f 9971/11/2851 9974/12/2453 9970/8/2252
f 9972/22/2257 9975/14/2258 9971/11/2851
f 9978/19/2259 9981/17/2260 9977/15/2260
f 9979/18/2261 9982/16/2903 9978/19/2259
f 9980/20/2263 9983/21/2852 9979/18/2261
f 9986/41/2265 9989/39/2266 9985/37/2267
f 9987/40/2456 9990/38/2457 9986/41/2265
f 9988/42/2270 9991/43/2458 9987/40/2456
f 9993/15/2272 9998/16/2904 9997/17/2905
f 9995/18/2459 9998/16/2904 9994/19/2275
f 9996/20/2276 9999/21/2277 9995/18/2459
f 10001/30/2278 10006/31/2279 10005/32/2278
f 10003/33/2280 10006/31/2279 10002/34/2462
f 10004/35/2282 10007/36/2283 10003/33/2280
f 10010/8/2284 10013/9/2285 10009/10/2286
f 10011/11/2287 10014/12/2288 10010/8/2284
f 10012/22/2289 10015/14/2290 10011/11/2287
f 10017/23/2291 10022/24/2292 10021/25/2291
f 10019/26/2293 10022/24/2292 10018/27/2294
f 10019/26/2293 10024/45/2463 10023/29/2296
f 10025/15/2297 10030/16/2298 10029/17/2297
f 10027/18/2299 10030/16/2298 10026/19/2300
f 10028/20/2301 10031/21/2302 10027/18/2299
f 10033/10/2303 10038/12/2304 10037/9/2305
f 10034/8/2306 10039/14/2307 10038/12/2304
f 10036/22/2308 10039/14/2307 10035/11/2309
f 10041/23/2310 10046/24/2311 10045/25/2310
f 10043/26/2312 10046/24/2311 10042/27/2313
f 10043/26/2312 10048/45/2314 10047/29/2464
f 10049/10/2316 10054/12/2317 10053/9/2318
f 10051/11/2906 10054/12/2317 10050/8/2907
f 10052/22/2321 10055/14/2322 10051/11/2906
f 10057/30/2323 10062/31/2324 10061/32/2323
f 10059/33/2325 10062/31/2324 10058/34/2326
f 10060/35/2327 10063/36/2908 10059/33/2325
f 10065/15/2329 10070/16/2330 10069/17/2329
f 10067/18/2331 10070/16/2330 10066/19/2332
f 10068/20/2909 10071/21/2334 10067/18/2331
f 10073/37/2335 10078/38/2910 10077/39/2335
f 10075/40/2337 10078/38/2910 10074/41/2338
f 10076/42/2339 10079/43/2911 10075/40/2337
f 10081/1/2912 10086/2/2342 10085/3/2912
f 10083/4/2343 10086/2/2342 10082/5/2344
f 10084/6/2345 10087/7/2346 10083/4/2343
f 10089/15/2347 10094/16/2348 10093/17/2347
f 10091/18/2349 10094/16/2348 10090/19/2350
f 10092/20/2351 10095/21/2352 10091/18/2349
f 10097/10/2353 10102/12/2354 10101/9/2355
f 10098/8/2356 10103/14/2357 10102/12/2354
f 10100/22/2358 10103/14/2357 10099/11/2359
f 10105/23/2360 10110/24/2361 10109/25/2362
f 10107/26/2363 10110/24/2361 10106/27/2364
f 10108/28/2365 10111/29/2366 10107/26/2363
f 10113/10/2367 10118/12/2368 10117/9/2367
f 10115/11/2369 10118/12/2368 10114/8/2370
f 10116/22/2371 10119/14/2372 10115/11/2369
f 10121/30/2373 10126/31/2913 10125/32/2373
f 10123/33/2375 10126/31/2913 10122/34/2468
f 10124/35/2377 10127/36/2378 10123/33/2375
f 10129/1/2379 10134/2/2380 10133/3/2856
f 10131/4/2381 10134/2/2380 10130/5/2382
f 10132/6/2383 10135/7/2384 10131/4/2381
f 10137/37/2385 10142/38/2386 10141/39/2385
f 10139/40/2387 10142/38/2386 10138/41/2388
f 10140/42/2389 10143/43/2390 10139/40/2387
f 10145/15/2391 10150/16/2392 10149/17/2391
f 10147/18/2393 10150/16/2392 10146/19/2394
f 10148/20/2395 10151/21/2396 10147/18/2393
f 10153/30/2397 10158/31/2471 10157/32/2397
f 10155/33/2472 10158/31/2471 10154/34/2914
f 10156/35/2401 10159/36/2402 10155/33/2472
f 10161/1/2403 10166/2/2404 10165/3/2403
f 10163/4/2405 10166/2/2404 10162/5/2406
f 10164/6/2407 10167/7/2408 10163/4/2405
f 10169/37/2409 10174/38/2410 10173/39/2409
f 10171/40/2474 10174/38/2410 10170/41/2915
f 10172/42/2413 10175/43/2916 10171/40/2474
f 9753/1/2085 9754/5/2088 9758/2/2086
f 9755/4/2087 9759/7/2090 9758/2/2086
f 9756/6/2089 9760/46/2089 9759/7/2090
f 9762/8/2091 9766/12/2094 9765/9/2092
f 9763/11/2093 9767/14/2096 9766/12/2094
f 9763/11/2093 9764/22/2836 9768/13/2836
f 9769/15/2097 9770/19/2100 9774/16/2098
f 9771/18/2099 9775/21/2102 9774/16/2098
f 9772/20/2101 9776/47/2415 9775/21/2102
f 9777/10/2103 9778/8/2106 9782/12/2104
f 9779/11/2105 9783/14/2108 9782/12/2104
f 9780/22/2107 9784/13/2107 9783/14/2108
f 9785/23/2109 9786/27/2113 9790/24/2110
f 9787/26/2112 9791/29/2115 9790/24/2110
f 9788/28/2114 9792/45/2476 9791/29/2115
f 9793/10/2116 9794/8/2118 9798/12/2117
f 9794/8/2118 9795/11/2444 9799/14/2119
f 9796/22/2120 9800/13/2120 9799/14/2119
f 9801/30/2122 9802/34/2125 9806/31/2123
f 9803/33/2124 9807/36/2127 9806/31/2123
f 9804/35/2126 9808/44/2126 9807/36/2127
f 9809/15/2128 9810/19/2131 9814/16/2129
f 9811/18/2130 9815/21/2133 9814/16/2129
f 9812/20/2132 9816/47/2417 9815/21/2133
f 9817/37/2134 9818/41/2137 9822/38/2445
f 9819/40/2446 9823/43/2139 9822/38/2445
f 9820/42/2138 9824/48/2138 9823/43/2139
f 9826/34/2140 9830/31/2144 9829/32/2141
f 9827/33/2143 9831/36/2146 9830/31/2144
f 9827/33/2143 9828/35/2418 9832/44/2145
f 9833/10/2147 9834/8/2150 9838/12/2148
f 9835/11/2149 9839/14/2152 9838/12/2148
f 9836/22/2151 9840/13/2419 9839/14/2152
f 9841/23/2153 9842/27/2156 9846/24/2154
f 9843/26/2155 9847/29/2158 9846/24/2154
f 9843/26/2155 9844/28/2420 9848/45/2157
f 9850/19/2448 9854/16/2162 9853/17/2160
f 9851/18/2161 9855/21/2164 9854/16/2162
f 9852/20/2163 9856/47/2163 9855/21/2164
f 9857/10/2165 9858/8/2168 9862/12/2450
f 9858/8/2168 9859/11/2170 9863/14/2897
f 9859/11/2170 9860/22/2421 9864/13/2171
f 9865/23/2172 9866/27/2176 9870/24/2173
f 9867/26/2175 9871/29/2178 9870/24/2173
f 9868/28/2177 9872/45/2477 9871/29/2178
f 9873/10/2179 9874/8/2183 9878/12/2180
f 9875/11/2182 9879/14/2185 9878/12/2180
f 9876/22/2184 9880/13/2184 9879/14/2185
f 9881/30/2186 9882/34/2189 9886/31/2187
f 9883/33/2188 9887/36/2898 9886/31/2187
f 9884/35/2190 9888/44/2190 9887/36/2898
f 9889/15/2192 9890/19/2195 9894/16/2193
f 9891/18/2899 9895/21/2197 9894/16/2193
f 9892/20/2196 9896/47/2196 9895/21/2197
f 9897/37/2900 9898/41/2201 9902/38/2199
f 9899/40/2200 9903/43/2203 9902/38/2199
f 9900/42/2202 9904/48/2202 9903/43/2203
f 9905/1/2204 9906/5/2207 9910/2/2205
f 9907/4/2206 9911/7/2209 9910/2/2205
f 9907/4/2206 9908/6/2424 9912/46/2208
f 9913/1/2210 9914/5/2213 9918/2/2211
f 9915/4/2212 9919/7/2215 9918/2/2211
f 9916/6/2214 9920/46/2214 9919/7/2215
f 9921/23/2216 9922/27/2219 9926/24/2217
f 9923/26/2218 9927/29/2221 9926/24/2217
f 9923/26/2218 9924/28/2220 9928/45/2220
f 9929/10/2222 9930/8/2224 9934/12/2223
f 9930/8/2224 9931/11/2227 9935/14/2225
f 9932/22/2226 9936/13/2425 9935/14/2225
f 9937/30/2228 9938/34/2230 9942/31/2229
f 9938/34/2230 9939/33/2233 9943/36/2231
f 9940/35/2232 9944/44/2426 9943/36/2231
f 9945/10/2234 9946/8/2237 9950/12/2235
f 9947/11/2236 9951/14/2239 9950/12/2235
f 9948/22/2848 9952/13/2238 9951/14/2239
f 9954/19/2240 9958/16/2901 9957/17/2241
f 9955/18/2242 9959/21/2245 9958/16/2901
f 9956/20/2452 9960/47/2427 9959/21/2245
f 9961/1/2246 9962/5/2249 9966/2/2247
f 9963/4/2248 9967/7/2251 9966/2/2247
f 9964/6/2250 9968/46/2917 9967/7/2251
f 9970/8/2252 9974/12/2453 9973/9/2902
f 9971/11/2851 9975/14/2258 9974/12/2453
f 9972/22/2257 9976/13/2428 9975/14/2258
f 9978/19/2259 9982/16/2903 9981/17/2260
f 9979/18/2261 9983/21/2852 9982/16/2903
f 9980/20/2263 9984/47/2263 9983/21/2852
f 9986/41/2265 9990/38/2457 9989/39/2266
f 9987/40/2456 9991/43/2458 9990/38/2457
f 9988/42/2270 9992/48/2429 9991/43/2458
f 9993/15/2272 9994/19/2275 9998/16/2904
f 9995/18/2459 9999/21/2277 9998/16/2904
f 9996/20/2276 10000/47/2430 9999/21/2277
f 10001/30/2278 10002/34/2462 10006/31/2279
f 10003/33/2280 10007/36/2283 10006/31/2279
f 10004/35/2282 10008/44/2431 10007/36/2283
f 10010/8/2284 10014/12/2288 10013/9/2285
f 10011/11/2287 10015/14/2290 10014/12/2288
f 10012/22/2289 10016/13/2432 10015/14/2290
f 10017/23/2291 10018/27/2294 10022/24/2292
f 10019/26/2293 10023/29/2296 10022/24/2292
f 10019/26/2293 10020/28/2433 10024/45/2463
f 10025/15/2297 10026/19/2300 10030/16/2298
f 10027/18/2299 10031/21/2302 10030/16/2298
f 10028/20/2301 10032/47/2301 10031/21/2302
f 10033/10/2303 10034/8/2306 10038/12/2304
f 10034/8/2306 10035/11/2309 10039/14/2307
f 10036/22/2308 10040/13/2434 10039/14/2307
f 10041/23/2310 10042/27/2313 10046/24/2311
f 10043/26/2312 10047/29/2464 10046/24/2311
f 10043/26/2312 10044/28/2435 10048/45/2314
f 10049/10/2316 10050/8/2907 10054/12/2317
f 10051/11/2906 10055/14/2322 10054/12/2317
f 10052/22/2321 10056/13/2321 10055/14/2322
f 10057/30/2323 10058/34/2326 10062/31/2324
f 10059/33/2325 10063/36/2908 10062/31/2324
f 10060/35/2327 10064/44/2327 10063/36/2908
f 10065/15/2329 10066/19/2332 10070/16/2330
f 10067/18/2331 10071/21/2334 10070/16/2330
f 10068/20/2909 10072/47/2436 10071/21/2334
f 10073/37/2335 10074/41/2338 10078/38/2910
f 10075/40/2337 10079/43/2911 10078/38/2910
f 10076/42/2339 10080/48/2339 10079/43/2911
f 10081/1/2912 10082/5/2344 10086/2/2342
f 10083/4/2343 10087/7/2346 10086/2/2342
f 10084/6/2345 10088/46/2345 10087/7/2346
f 10089/15/2347 10090/19/2350 10094/16/2348
f 10091/18/2349 10095/21/2352 10094/16/2348
f 10092/20/2351 10096/47/2437 10095/21/2352
f 10097/10/2353 10098/8/2356 10102/12/2354
f 10098/8/2356 10099/11/2359 10103/14/2357
f 10100/22/2358 10104/13/2438 10103/14/2357
f 10105/23/2360 10106/27/2364 10110/24/2361
f 10107/26/2363 10111/29/2366 10110/24/2361
f 10108/28/2365 10112/45/2439 10111/29/2366
f 10113/10/2367 10114/8/2370 10118/12/2368
f 10115/11/2369 10119/14/2372 10118/12/2368
f 10116/22/2371 10120/13/2440 10119/14/2372
f 10121/30/2373 10122/34/2468 10126/31/2913
f 10123/33/2375 10127/36/2378 10126/31/2913
f 10124/35/2377 10128/44/2377 10127/36/2378
f 10129/1/2379 10130/5/2382 10134/2/2380
f 10131/4/2381 10135/7/2384 10134/2/2380
f 10132/6/2383 10136/46/2383 10135/7/2384
f 10137/37/2385 10138/41/2388 10142/38/2386
f 10139/40/2387 10143/43/2390 10142/38/2386
f 10140/42/2389 10144/48/2441 10143/43/2390
f 10145/15/2391 10146/19/2394 10150/16/2392
f 10147/18/2393 10151/21/2396 10150/16/2392
f 10148/20/2395 10152/47/2395 10151/21/2396
f 10153/30/2397 10154/34/2914 10158/31/2471
f 10155/33/2472 10159/36/2402 10158/31/2471
f 10156/35/2401 10160/44/2401 10159/36/2402
f 10161/1/2403 10162/5/2406 10166/2/2404
f 10163/4/2405 10167/7/2408 10166/2/2404
f 10164/6/2407 10168/46/2407 10167/7/2408
f 10169/37/2409 10170/41/2915 10174/38/2410
f 10171/40/2474 10175/43/2916 10174/38/2410
f 10172/42/2413 10176/48/2413 10175/43/2916
f 10177/1/2479 10182/2/2918 10181/3/2479
f 10179/4/2481 10182/2/2918 10178/5/2482
f 10180/6/2483 10183/7/2484 10179/4/2481
f 10186/8/2485 10189/9/2486 10185/10/2486
f 10187/11/2487 10190/12/2488 10186/8/2485
f 10187/11/2487 10192/13/2489 10191/14/2490
f 10193/15/2491 10198/16/2492 10197/17/2491
f 10195/18/2493 10198/16/2492 10194/19/2494
f 10196/20/2495 10199/21/2496 10195/18/2493
f 10201/10/2497 10206/12/2498 10205/9/2497
f 10203/11/2499 10206/12/2498 10202/8/2500
f 10204/22/2501 10207/14/2502 10203/11/2499
f 10209/23/2862 10214/24/2504 10213/25/2505
f 10211/26/2506 10214/24/2504 10210/27/2507
f 10212/28/2508 10215/29/2509 10211/26/2506
f 10217/10/2510 10222/12/2511 10221/9/2510
f 10218/8/2512 10223/14/2513 10222/12/2511
f 10220/22/2514 10223/14/2513 10219/11/2515
f 10225/30/2516 10230/31/2517 10229/32/2516
f 10227/33/2518 10230/31/2517 10226/34/2519
f 10228/35/2520 10231/36/2521 10227/33/2518
f 10233/15/2522 10238/16/2523 10237/17/2522
f 10235/18/2524 10238/16/2523 10234/19/2525
f 10236/20/2526 10239/21/2527 10235/18/2524
f 10241/37/2528 10246/38/2919 10245/39/2528
f 10243/40/2920 10246/38/2919 10242/41/2863
f 10244/42/2532 10247/43/2533 10243/40/2920
f 10250/34/2534 10253/32/2535 10249/30/2536
f 10251/33/2537 10254/31/2538 10250/34/2534
f 10251/33/2537 10256/44/2539 10255/36/2540
f 10257/10/2541 10262/12/2542 10261/9/2541
f 10259/11/2543 10262/12/2542 10258/8/2544
f 10260/22/2545 10263/14/2546 10259/11/2543
f 10265/23/2547 10270/24/2548 10269/25/2547
f 10267/26/2549 10270/24/2548 10266/27/2550
f 10267/26/2549 10272/45/2551 10271/29/2921
f 10274/19/2553 10277/17/2554 10273/15/2554
f 10275/18/2922 10278/16/2556 10274/19/2553
f 10276/20/2557 10279/21/2558 10275/18/2922
f 10281/10/2559 10286/12/2560 10285/9/2561
f 10282/8/2923 10287/14/2563 10286/12/2560
f 10283/11/2564 10288/13/2565 10287/14/2563
f 10289/23/2566 10294/24/2567 10293/25/2924
f 10291/26/2569 10294/24/2567 10290/27/2570
f 10292/28/2571 10295/29/2572 10291/26/2569
f 10297/10/2573 10302/12/2574 10301/9/2925
f 10299/11/2576 10302/12/2574 10298/8/2577
f 10300/22/2578 10303/14/2579 10299/11/2576
f 10305/30/2580 10310/31/2581 10309/32/2580
f 10307/33/2926 10310/31/2581 10306/34/2583
f 10308/35/2584 10311/36/2585 10307/33/2926
f 10313/15/2586 10318/16/2587 10317/17/2586
f 10315/18/2588 10318/16/2587 10314/19/2589
f 10316/20/2590 10319/21/2591 10315/18/2588
f 10321/37/2592 10326/38/2593 10325/39/2592
f 10323/40/2594 10326/38/2593 10322/41/2595
f 10324/42/2596 10327/43/2597 10323/40/2594
f 10329/1/2598 10334/2/2599 10333/3/2598
f 10331/4/2600 10334/2/2599 10330/5/2601
f 10331/4/2600 10336/46/2602 10335/7/2603
f 10337/1/2604 10342/2/2605 10341/3/2604
f 10339/4/2606 10342/2/2605 10338/5/2607
f 10340/6/2608 10343/7/2609 10339/4/2606
f 10345/23/2610 10350/24/2611 10349/25/2610
f 10347/26/2612 10350/24/2611 10346/27/2613
f 10347/26/2612 10352/45/2614 10351/29/2615
f 10353/10/2616 10358/12/2617 10357/9/2616
f 10354/8/2927 10359/14/2619 10358/12/2617
f 10356/22/1543 10359/14/2619 10355/11/2620
f 10361/30/2621 10366/31/2622 10365/32/2621
f 10362/34/2623 10367/36/2624 10366/31/2622
f 10364/35/2625 10367/36/2624 10363/33/2626
f 10369/10/2627 10374/12/2628 10373/9/2627
f 10371/11/2629 10374/12/2628 10370/8/2630
f 10372/22/2631 10375/14/2632 10371/11/2629
f 10378/19/2870 10381/17/2634 10377/15/2634
f 10379/18/2635 10382/16/2928 10378/19/2870
f 10380/20/2637 10383/21/2638 10379/18/2635
f 10385/1/2639 10390/2/2640 10389/3/2639
f 10387/4/2641 10390/2/2640 10386/5/2642
f 10388/6/2643 10391/7/2644 10387/4/2641
f 10394/8/2645 10397/9/2646 10393/10/2647
f 10395/11/2929 10398/12/2649 10394/8/2645
f 10396/22/2650 10399/14/2651 10395/11/2929
f 10402/19/2652 10405/17/2653 10401/15/2653
f 10403/18/2654 10406/16/2655 10402/19/2652
f 10404/20/2656 10407/21/2657 10403/18/2654
f 10410/41/2658 10413/39/2659 10409/37/2660
f 10411/40/2930 10414/38/2662 10410/41/2658
f 10412/42/2663 10415/43/2664 10411/40/2930
f 10417/15/2665 10422/16/2666 10421/17/2665
f 10419/18/2667 10422/16/2666 10418/19/2668
f 10420/20/2669 10423/21/2670 10419/18/2667
f 10425/30/2671 10430/31/2672 10429/32/2671
f 10427/33/2673 10430/31/2672 10426/34/2674
f 10428/35/2675 10431/36/2676 10427/33/2673
f 10434/8/2677 10437/9/2678 10433/10/2679
f 10435/11/2680 10438/12/2681 10434/8/2677
f 10436/22/2682 10439/14/2683 10435/11/2680
f 10441/23/2684 10446/24/2685 10445/25/2684
f 10443/26/2686 10446/24/2685 10442/27/2687
f 10443/26/2686 10448/45/2688 10447/29/2689
f 10449/15/2931 10454/16/2691 10453/17/2931
f 10451/18/2692 10454/16/2691 10450/19/2693
f 10452/20/2826 10455/21/2695 10451/18/2692
f 10457/10/2696 10462/12/2697 10461/9/2698
f 10458/8/2699 10463/14/2932 10462/12/2697
f 10460/22/2701 10463/14/2932 10459/11/2702
f 10465/23/2703 10470/24/2704 10469/25/2703
f 10467/26/2705 10470/24/2704 10466/27/2706
f 10467/26/2705 10472/45/2707 10471/29/2708
f 10473/10/2709 10478/12/2710 10477/9/2711
f 10475/11/2712 10478/12/2710 10474/8/2933
f 10476/22/2714 10479/14/2715 10475/11/2712
f 10481/30/2934 10486/31/2717 10485/32/2934
f 10483/33/2718 10486/31/2717 10482/34/2719
f 10484/35/2720 10487/36/2721 10483/33/2718
f 10489/15/2722 10494/16/2723 10493/17/2722
f 10491/18/2724 10494/16/2723 10490/19/2725
f 10492/20/2726 10495/21/2727 10491/18/2724
f 10497/37/2878 10502/38/2729 10501/39/2878
f 10499/40/2730 10502/38/2729 10498/41/2731
f 10500/42/2732 10503/43/2733 10499/40/2730
f 10505/1/2734 10510/2/2735 10509/3/2734
f 10507/4/2736 10510/2/2735 10506/5/2737
f 10508/6/2738 10511/7/2739 10507/4/2736
f 10513/15/2740 10518/16/2935 10517/17/2740
f 10515/18/2742 10518/16/2935 10514/19/2743
f 10516/20/2744 10519/21/2745 10515/18/2742
f 10521/10/2746 10526/12/2879 10525/9/2748
f 10522/8/2749 10527/14/2750 10526/12/2879
f 10524/22/2751 10527/14/2750 10523/11/2752
f 10529/23/2753 10534/24/2936 10533/25/2755
f 10531/26/2756 10534/24/2936 10530/27/2757
f 10532/28/2758 10535/29/2759 10531/26/2756
f 10537/10/2760 10542/12/2761 10541/9/2760
f 10539/11/2762 10542/12/2761 10538/8/2763
f 10540/22/2764 10543/14/2937 10539/11/2762
f 10545/30/2766 10550/31/2767 10549/32/2766
f 10547/33/2768 10550/31/2767 10546/34/2769
f 10548/35/2770 10551/36/2771 10547/33/2768
f 10553/1/2772 10558/2/2884 10557/3/2772
f 10555/4/2774 10558/2/2884 10554/5/2775
f 10556/6/2776 10559/7/2777 10555/4/2774
f 10561/37/2778 10566/38/2779 10565/39/2778
f 10563/40/2780 10566/38/2779 10562/41/2938
f 10564/42/2782 10567/43/2783 10563/40/2780
f 10569/15/2784 10574/16/2785 10573/17/2784
f 10571/18/2939 10574/16/2785 10570/19/2886
f 10572/20/2788 10575/21/2940 10571/18/2939
f 10577/30/2790 10582/31/2887 10581/32/2790
f 10579/33/2792 10582/31/2887 10578/34/2793
f 10580/35/2794 10583/36/2795 10579/33/2792
f 10585/1/2796 10590/2/2797 10589/3/2796
f 10587/4/2798 10590/2/2797 10586/5/2799
f 10588/6/2800 10591/7/2801 10587/4/2798
f 10593/37/2802 10598/38/2941 10597/39/2802
f 10595/40/2804 10598/38/2941 10594/41/2805
f 10596/42/2806 10599/43/2942 10595/40/2804
f 10177/1/2479 10178/5/2482 10182/2/2918
f 10179/4/2481 10183/7/2484 10182/2/2918
f 10180/6/2483 10184/46/2483 10183/7/2484
f 10186/8/2485 10190/12/2488 10189/9/2486
f 10187/11/2487 10191/14/2490 10190/12/2488
f 10187/11/2487 10188/22/2489 10192/13/2489
f 10193/15/2491 10194/19/2494 10198/16/2492
f 10195/18/2493 10199/21/2496 10198/16/2492
f 10196/20/2495 10200/47/2808 10199/21/2496
f 10201/10/2497 10202/8/2500 10206/12/2498
f 10203/11/2499 10207/14/2502 10206/12/2498
f 10204/22/2501 10208/13/2501 10207/14/2502
f 10209/23/2862 10210/27/2507 10214/24/2504
f 10211/26/2506 10215/29/2509 10214/24/2504
f 10212/28/2508 10216/45/2809 10215/29/2509
f 10217/10/2510 10218/8/2512 10222/12/2511
f 10218/8/2512 10219/11/2515 10223/14/2513
f 10220/22/2514 10224/13/2514 10223/14/2513
f 10225/30/2516 10226/34/2519 10230/31/2517
f 10227/33/2518 10231/36/2521 10230/31/2517
f 10228/35/2520 10232/44/2520 10231/36/2521
f 10233/15/2522 10234/19/2525 10238/16/2523
f 10235/18/2524 10239/21/2527 10238/16/2523
f 10236/20/2526 10240/47/2810 10239/21/2527
f 10241/37/2528 10242/41/2863 10246/38/2919
f 10243/40/2920 10247/43/2533 10246/38/2919
f 10244/42/2532 10248/48/2532 10247/43/2533
f 10250/34/2534 10254/31/2538 10253/32/2535
f 10251/33/2537 10255/36/2540 10254/31/2538
f 10251/33/2537 10252/35/2811 10256/44/2539
f 10257/10/2541 10258/8/2544 10262/12/2542
f 10259/11/2543 10263/14/2546 10262/12/2542
f 10260/22/2545 10264/13/2812 10263/14/2546
f 10265/23/2547 10266/27/2550 10270/24/2548
f 10267/26/2549 10271/29/2921 10270/24/2548
f 10267/26/2549 10268/28/2813 10272/45/2551
f 10274/19/2553 10278/16/2556 10277/17/2554
f 10275/18/2922 10279/21/2558 10278/16/2556
f 10276/20/2557 10280/47/2557 10279/21/2558
f 10281/10/2559 10282/8/2923 10286/12/2560
f 10282/8/2923 10283/11/2564 10287/14/2563
f 10283/11/2564 10284/22/2814 10288/13/2565
f 10289/23/2566 10290/27/2570 10294/24/2567
f 10291/26/2569 10295/29/2572 10294/24/2567
f 10292/28/2571 10296/45/2815 10295/29/2572
f 10297/10/2573 10298/8/2577 10302/12/2574
f 10299/11/2576 10303/14/2579 10302/12/2574
f 10300/22/2578 10304/13/2578 10303/14/2579
f 10305/30/2580 10306/34/2583 10310/31/2581
f 10307/33/2926 10311/36/2585 10310/31/2581
f 10308/35/2584 10312/44/2584 10311/36/2585
f 10313/15/2586 10314/19/2589 10318/16/2587
f 10315/18/2588 10319/21/2591 10318/16/2587
f 10316/20/2590 10320/47/2590 10319/21/2591
f 10321/37/2592 10322/41/2595 10326/38/2593
f 10323/40/2594 10327/43/2597 10326/38/2593
f 10324/42/2596 10328/48/2596 10327/43/2597
f 10329/1/2598 10330/5/2601 10334/2/2599
f 10331/4/2600 10335/7/2603 10334/2/2599
f 10331/4/2600 10332/6/2816 10336/46/2602
f 10337/1/2604 10338/5/2607 10342/2/2605
f 10339/4/2606 10343/7/2609 10342/2/2605
f 10340/6/2608 10344/46/2608 10343/7/2609
f 10345/23/2610 10346/27/2613 10350/24/2611
f 10347/26/2612 10351/29/2615 10350/24/2611
f 10347/26/2612 10348/28/2614 10352/45/2614
f 10353/10/2616 10354/8/2927 10358/12/2617
f 10354/8/2927 10355/11/2620 10359/14/2619
f 10356/22/1543 10360/13/2817 10359/14/2619
f 10361/30/2621 10362/34/2623 10366/31/2622
f 10362/34/2623 10363/33/2626 10367/36/2624
f 10364/35/2625 10368/44/2943 10367/36/2624
f 10369/10/2627 10370/8/2630 10374/12/2628
f 10371/11/2629 10375/14/2632 10374/12/2628
f 10372/22/2631 10376/13/2631 10375/14/2632
f 10378/19/2870 10382/16/2928 10381/17/2634
f 10379/18/2635 10383/21/2638 10382/16/2928
f 10380/20/2637 10384/47/2819 10383/21/2638
f 10385/1/2639 10386/5/2642 10390/2/2640
f 10387/4/2641 10391/7/2644 10390/2/2640
f 10388/6/2643 10392/46/2643 10391/7/2644
f 10394/8/2645 10398/12/2649 10397/9/2646
f 10395/11/2929 10399/14/2651 10398/12/2649
f 10396/22/2650 10400/13/2820 10399/14/2651
f 10402/19/2652 10406/16/2655 10405/17/2653
f 10403/18/2654 10407/21/2657 10406/16/2655
f 10404/20/2656 10408/47/2656 10407/21/2657
f 10410/41/2658 10414/38/2662 10413/39/2659
f 10411/40/2930 10415/43/2664 10414/38/2662
f 10412/42/2663 10416/48/2893 10415/43/2664
f 10417/15/2665 10418/19/2668 10422/16/2666
f 10419/18/2667 10423/21/2670 10422/16/2666
f 10420/20/2669 10424/47/2822 10423/21/2670
f 10425/30/2671 10426/34/2674 10430/31/2672
f 10427/33/2673 10431/36/2676 10430/31/2672
f 10428/35/2675 10432/44/2894 10431/36/2676
f 10434/8/2677 10438/12/2681 10437/9/2678
f 10435/11/2680 10439/14/2683 10438/12/2681
f 10436/22/2682 10440/13/2824 10439/14/2683
f 10441/23/2684 10442/27/2687 10446/24/2685
f 10443/26/2686 10447/29/2689 10446/24/2685
f 10443/26/2686 10444/28/2825 10448/45/2688
f 10449/15/2931 10450/19/2693 10454/16/2691
f 10451/18/2692 10455/21/2695 10454/16/2691
f 10452/20/2826 10456/47/2826 10455/21/2695
f 10457/10/2696 10458/8/2699 10462/12/2697
f 10458/8/2699 10459/11/2702 10463/14/2932
f 10460/22/2701 10464/13/2827 10463/14/2932
f 10465/23/2703 10466/27/2706 10470/24/2704
f 10467/26/2705 10471/29/2708 10470/24/2704
f 10467/26/2705 10468/28/2828 10472/45/2707
f 10473/10/2709 10474/8/2933 10478/12/2710
f 10475/11/2712 10479/14/2715 10478/12/2710
f 10476/22/2714 10480/13/2714 10479/14/2715
f 10481/30/2934 10482/34/2719 10486/31/2717
f 10483/33/2718 10487/36/2721 10486/31/2717
f 10484/35/2720 10488/44/2720 10487/36/2721
f 10489/15/2722 10490/19/2725 10494/16/2723
f 10491/18/2724 10495/21/2727 10494/16/2723
f 10492/20/2726 10496/47/2944 10495/21/2727
f 10497/37/2878 10498/41/2731 10502/38/2729
f 10499/40/2730 10503/43/2733 10502/38/2729
f 10500/42/2732 10504/48/2732 10503/43/2733
f 10505/1/2734 10506/5/2737 10510/2/2735
f 10507/4/2736 10511/7/2739 10510/2/2735
f 10508/6/2738 10512/46/2738 10511/7/2739
f 10513/15/2740 10514/19/2743 10518/16/2935
f 10515/18/2742 10519/21/2745 10518/16/2935
f 10516/20/2744 10520/47/2945 10519/21/2745
f 10521/10/2746 10522/8/2749 10526/12/2879
f 10522/8/2749 10523/11/2752 10527/14/2750
f 10524/22/2751 10528/13/2831 10527/14/2750
f 10529/23/2753 10530/27/2757 10534/24/2936
f 10531/26/2756 10535/29/2759 10534/24/2936
f 10532/28/2758 10536/45/2832 10535/29/2759
f 10537/10/2760 10538/8/2763 10542/12/2761
f 10539/11/2762 10543/14/2937 10542/12/2761
f 10540/22/2764 10544/13/2833 10543/14/2937
f 10545/30/2766 10546/34/2769 10550/31/2767
f 10547/33/2768 10551/36/2771 10550/31/2767
f 10548/35/2770 10552/44/2770 10551/36/2771
f 10553/1/2772 10554/5/2775 10558/2/2884
f 10555/4/2774 10559/7/2777 10558/2/2884
f 10556/6/2776 10560/46/2776 10559/7/2777
f 10561/37/2778 10562/41/2938 10566/38/2779
f 10563/40/2780 10567/43/2783 10566/38/2779
f 10564/42/2782 10568/48/2834 10567/43/2783
f 10569/15/2784 10570/19/2886 10574/16/2785
f 10571/18/2939 10575/21/2940 10574/16/2785
f 10572/20/2788 10576/47/2788 10575/21/2940
f 10577/30/2790 10578/34/2793 10582/31/2887
f 10579/33/2792 10583/36/2795 10582/31/2887
f 10580/35/2794 10584/44/2794 10583/36/2795
f 10585/1/2796 10586/5/2799 10590/2/2797
f 10587/4/2798 10591/7/2801 10590/2/2797
f 10588/6/2800 10592/46/2800 10591/7/2801
f 10593/37/2802 10594/41/2805 10598/38/2941
f 10595/40/2804 10599/43/2942 10598/38/2941
f 10596/42/2806 10600/48/2806 10599/43/2942
f 10601/1/2085 10606/2/2086 10605/3/2085
f 10603/4/2087 10606/2/2086 10602/5/2088
f 10604/6/2089 10607/7/2090 10603/4/2087
f 10610/8/2091 10613/9/2092 10609/10/2092
f 10611/11/2093 10614/12/2094 10610/8/2091
f 10611/11/2093 10616/13/2836 10615/14/2096
f 10617/15/2097 10622/16/2442 10621/17/2097
f 10619/18/2099 10622/16/2442 10618/19/2100
f 10620/20/2101 10623/21/2102 10619/18/2099
f 10625/10/2837 10630/12/2104 10629/9/2839
f 10627/11/2105 10630/12/2104 10626/8/2106
f 10628/22/2107 10631/14/2108 10627/11/2105
f 10633/23/2109 10638/24/2110 10637/25/2111
f 10635/26/2112 10638/24/2110 10634/27/2113
f 10636/28/2114 10639/29/2115 10635/26/2112
f 10641/10/2116 10646/12/2117 10645/9/2116
f 10642/8/2118 10647/14/2119 10646/12/2117
f 10644/22/2120 10647/14/2119 10643/11/2444
f 10649/30/2122 10654/31/2123 10653/32/2122
f 10651/33/2124 10654/31/2123 10650/34/2125
f 10652/35/2126 10655/36/2127 10651/33/2124
f 10657/15/2128 10662/16/2129 10661/17/2128
f 10659/18/2130 10662/16/2129 10658/19/2131
f 10660/20/2132 10663/21/2133 10659/18/2130
f 10665/37/2134 10670/38/2445 10669/39/2134
f 10667/40/2446 10670/38/2445 10666/41/2137
f 10668/42/2138 10671/43/2139 10667/40/2446
f 10674/34/2140 10677/32/2141 10673/30/2142
f 10675/33/2143 10678/31/2144 10674/34/2140
f 10675/33/2143 10680/44/2145 10679/36/2146
f 10681/10/2147 10686/12/2148 10685/9/2147
f 10683/11/2149 10686/12/2148 10682/8/2150
f 10684/22/2151 10687/14/2152 10683/11/2149
f 10689/23/2153 10694/24/2154 10693/25/2153
f 10691/26/2155 10694/24/2154 10690/27/2156
f 10691/26/2155 10696/45/2946 10695/29/2158
f 10698/19/2448 10701/17/2160 10697/15/2160
f 10699/18/2161 10702/16/2449 10698/19/2448
f 10700/20/2163 10703/21/2947 10699/18/2161
f 10705/10/2165 10710/12/2450 10709/9/2167
f 10706/8/2843 10711/14/2169 10710/12/2450
f 10707/11/2948 10712/13/2171 10711/14/2169
f 10713/23/2172 10718/24/2173 10717/25/2844
f 10715/26/2175 10718/24/2173 10714/27/2176
f 10716/28/2845 10719/29/2178 10715/26/2175
f 10721/10/2179 10726/12/2180 10725/9/2181
f 10723/11/2182 10726/12/2180 10722/8/2183
f 10724/22/2184 10727/14/2185 10723/11/2182
f 10729/30/2186 10734/31/2187 10733/32/2186
f 10731/33/2188 10734/31/2187 10730/34/2189
f 10732/35/2190 10735/36/2191 10731/33/2188
f 10737/15/2192 10742/16/2193 10741/17/2192
f 10739/18/2899 10742/16/2193 10738/19/2195
f 10740/20/2196 10743/21/2197 10739/18/2899
f 10745/37/2198 10750/38/2199 10749/39/2198
f 10747/40/2200 10750/38/2199 10746/41/2201
f 10748/42/2202 10751/43/2203 10747/40/2200
f 10753/1/2204 10758/2/2205 10757/3/2204
f 10755/4/2206 10758/2/2205 10754/5/2207
f 10755/4/2206 10760/46/2208 10759/7/2209
f 10761/1/2210 10766/2/2211 10765/3/2210
f 10763/4/2212 10766/2/2211 10762/5/2213
f 10764/6/2214 10767/7/2215 10763/4/2212
f 10769/23/2216 10774/24/2217 10773/25/2216
f 10771/26/2218 10774/24/2217 10770/27/2219
f 10771/26/2218 10776/45/2220 10775/29/2221
f 10777/10/2222 10782/12/2223 10781/9/2222
f 10778/8/2224 10783/14/2225 10782/12/2223
f 10780/22/2226 10783/14/2225 10779/11/2227
f 10785/30/2228 10790/31/2229 10789/32/2228
f 10786/34/2230 10791/36/2231 10790/31/2229
f 10788/35/2949 10791/36/2231 10787/33/2233
f 10793/10/2234 10798/12/2235 10797/9/2234
f 10795/11/2236 10798/12/2235 10794/8/2237
f 10796/22/2238 10799/14/2239 10795/11/2236
f 10802/19/2240 10805/17/2241 10801/15/2241
f 10803/18/2242 10806/16/2243 10802/19/2240
f 10804/20/2244 10807/21/2245 10803/18/2242
f 10809/1/2246 10814/2/2849 10813/3/2246
f 10811/4/2248 10814/2/2849 10810/5/2249
f 10812/6/2250 10815/7/2251 10811/4/2248
f 10818/8/2252 10821/9/2950 10817/10/2254
f 10819/11/2951 10822/12/2453 10818/8/2252
f 10820/22/2257 10823/14/2258 10819/11/2951
f 10826/19/2259 10829/17/2260 10825/15/2260
f 10827/18/2261 10830/16/2262 10826/19/2259
f 10828/20/2263 10831/21/2852 10827/18/2261
f 10834/41/2265 10837/39/2455 10833/37/2267
f 10835/40/2456 10838/38/2457 10834/41/2265
f 10836/42/2270 10839/43/2458 10835/40/2456
f 10841/15/2272 10846/16/2273 10845/17/2272
f 10843/18/2459 10846/16/2273 10842/19/2275
f 10844/20/2276 10847/21/2277 10843/18/2459
f 10849/30/2278 10854/31/2461 10853/32/2278
f 10851/33/2280 10854/31/2461 10850/34/2281
f 10852/35/2282 10855/36/2283 10851/33/2280
f 10858/8/2284 10861/9/2285 10857/10/2286
f 10859/11/2287 10862/12/2288 10858/8/2284
f 10860/22/2289 10863/14/2290 10859/11/2287
f 10865/23/2291 10870/24/2292 10869/25/2291
f 10867/26/2293 10870/24/2292 10866/27/2294
f 10867/26/2293 10872/45/2463 10871/29/2296
f 10873/15/2297 10878/16/2298 10877/17/2297
f 10875/18/2299 10878/16/2298 10874/19/2300
f 10876/20/2861 10879/21/2952 10875/18/2299
f 10881/10/2303 10886/12/2304 10885/9/2305
f 10882/8/2306 10887/14/2307 10886/12/2304
f 10884/22/2308 10887/14/2307 10883/11/2309
f 10889/23/2310 10894/24/2311 10893/25/2310
f 10891/26/2312 10894/24/2311 10890/27/2313
f 10891/26/2312 10896/45/2314 10895/29/2464
f 10897/10/2316 10902/12/2317 10901/9/2318
f 10899/11/2319 10902/12/2317 10898/8/2320
f 10900/22/2321 10903/14/2953 10899/11/2319
f 10905/30/2323 10910/31/2324 10909/32/2323
f 10907/33/2325 10910/31/2324 10906/34/2326
f 10908/35/2327 10911/36/2328 10907/33/2325
f 10913/15/2329 10918/16/2330 10917/17/2329
f 10915/18/2331 10918/16/2330 10914/19/2332
f 10916/20/2333 10919/21/2334 10915/18/2331
f 10921/37/2854 10926/38/2910 10925/39/2854
f 10923/40/2337 10926/38/2910 10922/41/2338
f 10924/42/2339 10927/43/2911 10923/40/2337
f 10929/1/2341 10934/2/2342 10933/3/2341
f 10931/4/2343 10934/2/2342 10930/5/2344
f 10932/6/2345 10935/7/2346 10931/4/2343
f 10937/15/2347 10942/16/2348 10941/17/2347
f 10939/18/2349 10942/16/2348 10938/19/2350
f 10940/20/2351 10943/21/2352 10939/18/2349
f 10945/10/2353 10950/12/2354 10949/9/2355
f 10946/8/2356 10951/14/2357 10950/12/2354
f 10948/22/2358 10951/14/2357 10947/11/2359
f 10953/23/2466 10958/24/2361 10957/25/2362
f 10955/26/2954 10958/24/2361 10954/27/2364
f 10956/28/2365 10959/29/2366 10955/26/2954
f 10961/10/2367 10966/12/2368 10965/9/2367
f 10963/11/2369 10966/12/2368 10962/8/2370
f 10964/22/2371 10967/14/2372 10963/11/2369
f 10969/30/2373 10974/31/2913 10973/32/2373
f 10971/33/2375 10974/31/2913 10970/34/2468
f 10972/35/2478 10975/36/2378 10971/33/2375
f 10977/1/2379 10982/2/2380 10981/3/2379
f 10979/4/2381 10982/2/2380 10978/5/2382
f 10980/6/2383 10983/7/2384 10979/4/2381
f 10985/37/2385 10990/38/2386 10989/39/2385
f 10987/40/2387 10990/38/2386 10986/41/2470
f 10988/42/2389 10991/43/2390 10987/40/2387
f 10993/15/2391 10998/16/2392 10997/17/2391
f 10995/18/2393 10998/16/2392 10994/19/2394
f 10996/20/2395 10999/21/2396 10995/18/2393
f 11001/30/2397 11006/31/2471 11005/32/2397
f 11003/33/2399 11006/31/2471 11002/34/2473
f 11004/35/2401 11007/36/2402 11003/33/2399
f 11009/1/2403 11014/2/2404 11013/3/2403
f 11011/4/2405 11014/2/2404 11010/5/2406
f 11012/6/2407 11015/7/2408 11011/4/2405
f 11017/37/2409 11022/38/2410 11021/39/2409
f 11019/40/2474 11022/38/2410 11018/41/2955
f 11020/42/2413 11023/43/2860 11019/40/2474
f 10601/1/2085 10602/5/2088 10606/2/2086
f 10603/4/2087 10607/7/2090 10606/2/2086
f 10604/6/2089 10608/46/2089 10607/7/2090
f 10610/8/2091 10614/12/2094 10613/9/2092
f 10611/11/2093 10615/14/2096 10614/12/2094
f 10611/11/2093 10612/22/2836 10616/13/2836
f 10617/15/2097 10618/19/2100 10622/16/2442
f 10619/18/2099 10623/21/2102 10622/16/2442
f 10620/20/2101 10624/47/2415 10623/21/2102
f 10625/10/2837 10626/8/2106 10630/12/2104
f 10627/11/2105 10631/14/2108 10630/12/2104
f 10628/22/2107 10632/13/2107 10631/14/2108
f 10633/23/2109 10634/27/2113 10638/24/2110
f 10635/26/2112 10639/29/2115 10638/24/2110
f 10636/28/2114 10640/45/2476 10639/29/2115
f 10641/10/2116 10642/8/2118 10646/12/2117
f 10642/8/2118 10643/11/2444 10647/14/2119
f 10644/22/2120 10648/13/2120 10647/14/2119
f 10649/30/2122 10650/34/2125 10654/31/2123
f 10651/33/2124 10655/36/2127 10654/31/2123
f 10652/35/2126 10656/44/2126 10655/36/2127
f 10657/15/2128 10658/19/2131 10662/16/2129
f 10659/18/2130 10663/21/2133 10662/16/2129
f 10660/20/2132 10664/47/2417 10663/21/2133
f 10665/37/2134 10666/41/2137 10670/38/2445
f 10667/40/2446 10671/43/2139 10670/38/2445
f 10668/42/2138 10672/48/2138 10671/43/2139
f 10674/34/2140 10678/31/2144 10677/32/2141
f 10675/33/2143 10679/36/2146 10678/31/2144
f 10675/33/2143 10676/35/2418 10680/44/2145
f 10681/10/2147 10682/8/2150 10686/12/2148
f 10683/11/2149 10687/14/2152 10686/12/2148
f 10684/22/2151 10688/13/2419 10687/14/2152
f 10689/23/2153 10690/27/2156 10694/24/2154
f 10691/26/2155 10695/29/2158 10694/24/2154
f 10691/26/2155 10692/28/2956 10696/45/2946
f 10698/19/2448 10702/16/2449 10701/17/2160
f 10699/18/2161 10703/21/2947 10702/16/2449
f 10700/20/2163 10704/47/2163 10703/21/2947
f 10705/10/2165 10706/8/2843 10710/12/2450
f 10706/8/2843 10707/11/2948 10711/14/2169
f 10707/11/2948 10708/22/2421 10712/13/2171
f 10713/23/2172 10714/27/2176 10718/24/2173
f 10715/26/2175 10719/29/2178 10718/24/2173
f 10716/28/2845 10720/45/2422 10719/29/2178
f 10721/10/2179 10722/8/2183 10726/12/2180
f 10723/11/2182 10727/14/2185 10726/12/2180
f 10724/22/2184 10728/13/2184 10727/14/2185
f 10729/30/2186 10730/34/2189 10734/31/2187
f 10731/33/2188 10735/36/2191 10734/31/2187
f 10732/35/2190 10736/44/2190 10735/36/2191
f 10737/15/2192 10738/19/2195 10742/16/2193
f 10739/18/2899 10743/21/2197 10742/16/2193
f 10740/20/2196 10744/47/2196 10743/21/2197
f 10745/37/2198 10746/41/2201 10750/38/2199
f 10747/40/2200 10751/43/2203 10750/38/2199
f 10748/42/2202 10752/48/2202 10751/43/2203
f 10753/1/2204 10754/5/2207 10758/2/2205
f 10755/4/2206 10759/7/2209 10758/2/2205
f 10755/4/2206 10756/6/2424 10760/46/2208
f 10761/1/2210 10762/5/2213 10766/2/2211
f 10763/4/2212 10767/7/2215 10766/2/2211
f 10764/6/2214 10768/46/2214 10767/7/2215
f 10769/23/2216 10770/27/2219 10774/24/2217
f 10771/26/2218 10775/29/2221 10774/24/2217
f 10771/26/2218 10772/28/2220 10776/45/2220
f 10777/10/2222 10778/8/2224 10782/12/2223
f 10778/8/2224 10779/11/2227 10783/14/2225
f 10780/22/2226 10784/13/2425 10783/14/2225
f 10785/30/2228 10786/34/2230 10790/31/2229
f 10786/34/2230 10787/33/2233 10791/36/2231
f 10788/35/2949 10792/44/2426 10791/36/2231
f 10793/10/2234 10794/8/2237 10798/12/2235
f 10795/11/2236 10799/14/2239 10798/12/2235
f 10796/22/2238 10800/13/2848 10799/14/2239
f 10802/19/2240 10806/16/2243 10805/17/2241
f 10803/18/2242 10807/21/2245 10806/16/2243
f 10804/20/2244 10808/47/2427 10807/21/2245
f 10809/1/2246 10810/5/2249 10814/2/2849
f 10811/4/2248 10815/7/2251 10814/2/2849
f 10812/6/2250 10816/46/2250 10815/7/2251
f 10818/8/2252 10822/12/2453 10821/9/2950
f 10819/11/2951 10823/14/2258 10822/12/2453
f 10820/22/2257 10824/13/2428 10823/14/2258
f 10826/19/2259 10830/16/2262 10829/17/2260
f 10827/18/2261 10831/21/2852 10830/16/2262
f 10828/20/2263 10832/47/2957 10831/21/2852
f 10834/41/2265 10838/38/2457 10837/39/2455
f 10835/40/2456 10839/43/2458 10838/38/2457
f 10836/42/2270 10840/48/2429 10839/43/2458
f 10841/15/2272 10842/19/2275 10846/16/2273
f 10843/18/2459 10847/21/2277 10846/16/2273
f 10844/20/2276 10848/47/2430 10847/21/2277
f 10849/30/2278 10850/34/2281 10854/31/2461
f 10851/33/2280 10855/36/2283 10854/31/2461
f 10852/35/2282 10856/44/2431 10855/36/2283
f 10858/8/2284 10862/12/2288 10861/9/2285
f 10859/11/2287 10863/14/2290 10862/12/2288
f 10860/22/2289 10864/13/2958 10863/14/2290
f 10865/23/2291 10866/27/2294 10870/24/2292
f 10867/26/2293 10871/29/2296 10870/24/2292
f 10867/26/2293 10868/28/2433 10872/45/2463
f 10873/15/2297 10874/19/2300 10878/16/2298
f 10875/18/2299 10879/21/2952 10878/16/2298
f 10876/20/2861 10880/47/2861 10879/21/2952
f 10881/10/2303 10882/8/2306 10886/12/2304
f 10882/8/2306 10883/11/2309 10887/14/2307
f 10884/22/2308 10888/13/2308 10887/14/2307
f 10889/23/2310 10890/27/2313 10894/24/2311
f 10891/26/2312 10895/29/2464 10894/24/2311
f 10891/26/2312 10892/28/2435 10896/45/2314
f 10897/10/2316 10898/8/2320 10902/12/2317
f 10899/11/2319 10903/14/2953 10902/12/2317
f 10900/22/2321 10904/13/2465 10903/14/2953
f 10905/30/2323 10906/34/2326 10910/31/2324
f 10907/33/2325 10911/36/2328 10910/31/2324
f 10908/35/2327 10912/44/2327 10911/36/2328
f 10913/15/2329 10914/19/2332 10918/16/2330
f 10915/18/2331 10919/21/2334 10918/16/2330
f 10916/20/2333 10920/47/2436 10919/21/2334
f 10921/37/2854 10922/41/2338 10926/38/2910
f 10923/40/2337 10927/43/2911 10926/38/2910
f 10924/42/2339 10928/48/2339 10927/43/2911
f 10929/1/2341 10930/5/2344 10934/2/2342
f 10931/4/2343 10935/7/2346 10934/2/2342
f 10932/6/2345 10936/46/2345 10935/7/2346
f 10937/15/2347 10938/19/2350 10942/16/2348
f 10939/18/2349 10943/21/2352 10942/16/2348
f 10940/20/2351 10944/47/2959 10943/21/2352
f 10945/10/2353 10946/8/2356 10950/12/2354
f 10946/8/2356 10947/11/2359 10951/14/2357
f 10948/22/2358 10952/13/2438 10951/14/2357
f 10953/23/2466 10954/27/2364 10958/24/2361
f 10955/26/2954 10959/29/2366 10958/24/2361
f 10956/28/2365 10960/45/2439 10959/29/2366
f 10961/10/2367 10962/8/2370 10966/12/2368
f 10963/11/2369 10967/14/2372 10966/12/2368
f 10964/22/2371 10968/13/2440 10967/14/2372
f 10969/30/2373 10970/34/2468 10974/31/2913
f 10971/33/2375 10975/36/2378 10974/31/2913
f 10972/35/2478 10976/44/2478 10975/36/2378
f 10977/1/2379 10978/5/2382 10982/2/2380
f 10979/4/2381 10983/7/2384 10982/2/2380
f 10980/6/2383 10984/46/2383 10983/7/2384
f 10985/37/2385 10986/41/2470 10990/38/2386
f 10987/40/2387 10991/43/2390 10990/38/2386
f 10988/42/2389 10992/48/2441 10991/43/2390
f 10993/15/2391 10994/19/2394 10998/16/2392
f 10995/18/2393 10999/21/2396 10998/16/2392
f 10996/20/2395 11000/47/2395 10999/21/2396
f 11001/30/2397 11002/34/2473 11006/31/2471
f 11003/33/2399 11007/36/2402 11006/31/2471
f 11004/35/2401 11008/44/2401 11007/36/2402
f 11009/1/2403 11010/5/2406 11014/2/2404
f 11011/4/2405 11015/7/2408 11014/2/2404
f 11012/6/2407 11016/46/2407 11015/7/2408
f 11017/37/2409 11018/41/2955 11022/38/2410
f 11019/40/2474 11023/43/2860 11022/38/2410
f 11020/42/2413 11024/48/2413 11023/43/2860
f 11025/1/2479 11030/2/2918 11029/3/2479
f 11027/4/2481 11030/2/2918 11026/5/2482
f 11028/6/2483 11031/7/2484 11027/4/2481
f 11034/8/2960 11037/9/2486 11033/10/2486
f 11035/11/2487 11038/12/2488 11034/8/2960
f 11035/11/2487 11040/13/2489 11039/14/2490
f 11041/15/2491 11046/16/2961 11045/17/2491
f 11043/18/2493 11046/16/2961 11042/19/2494
f 11044/20/2495 11047/21/2496 11043/18/2493
f 11049/10/2497 11054/12/2498 11053/9/2497
f 11051/11/2499 11054/12/2498 11050/8/2500
f 11052/22/2501 11055/14/2502 11051/11/2499
f 11057/23/2503 11062/24/2504 11061/25/2505
f 11059/26/2506 11062/24/2504 11058/27/2507
f 11060/28/2508 11063/29/2509 11059/26/2506
f 11065/10/2510 11070/12/2511 11069/9/2510
f 11066/8/2512 11071/14/2513 11070/12/2511
f 11068/22/2514 11071/14/2513 11067/11/2515
f 11073/30/2962 11078/31/2517 11077/32/2962
f 11075/33/2518 11078/31/2517 11074/34/2519
f 11076/35/2520 11079/36/2521 11075/33/2518
f 11081/15/2522 11086/16/2523 11085/17/2522
f 11083/18/2524 11086/16/2523 11082/19/2525
f 11084/20/2526 11087/21/2527 11083/18/2524
f 11089/37/2528 11094/38/2529 11093/39/2528
f 11091/40/2530 11094/38/2529 11090/41/2863
f 11092/42/2532 11095/43/2533 11091/40/2530
f 11098/34/2534 11101/32/2535 11097/30/2536
f 11099/33/2537 11102/31/2538 11098/34/2534
f 11099/33/2537 11104/44/2539 11103/36/2540
f 11105/10/2541 11110/12/2542 11109/9/2541
f 11107/11/2543 11110/12/2542 11106/8/2544
f 11108/22/2545 11111/14/2546 11107/11/2543
f 11113/23/2547 11118/24/2548 11117/25/2547
f 11115/26/2963 11118/24/2548 11114/27/2550
f 11115/26/2963 11120/45/2964 11119/29/2921
f 11122/19/2553 11125/17/2554 11121/15/2554
f 11123/18/2555 11126/16/2864 11122/19/2553
f 11124/20/2557 11127/21/2865 11123/18/2555
f 11129/10/2559 11134/12/2560 11133/9/2561
f 11130/8/2562 11135/14/2563 11134/12/2560
f 11131/11/2564 11136/13/2565 11135/14/2563
f 11137/23/2566 11142/24/2567 11141/25/2924
f 11139/26/2569 11142/24/2567 11138/27/2570
f 11140/28/2571 11143/29/2572 11139/26/2569
f 11145/10/2573 11150/12/2574 11149/9/2868
f 11147/11/2576 11150/12/2574 11146/8/2577
f 11148/22/2578 11151/14/2579 11147/11/2576
f 11153/30/2580 11158/31/2581 11157/32/2580
f 11155/33/2926 11158/31/2581 11154/34/2583
f 11156/35/2584 11159/36/2585 11155/33/2926
f 11161/15/2586 11166/16/2587 11165/17/2965
f 11163/18/2588 11166/16/2587 11162/19/2589
f 11164/20/2590 11167/21/2591 11163/18/2588
f 11169/37/2592 11174/38/2593 11173/39/2592
f 11171/40/2594 11174/38/2593 11170/41/2595
f 11172/42/2596 11175/43/2597 11171/40/2594
f 11177/1/2598 11182/2/2599 11181/3/2598
f 11179/4/2600 11182/2/2599 11178/5/2601
f 11179/4/2600 11184/46/2602 11183/7/2603
f 11185/1/2604 11190/2/2605 11189/3/2604
f 11187/4/2606 11190/2/2605 11186/5/2607
f 11188/6/2608 11191/7/2609 11187/4/2606
f 11193/23/2610 11198/24/2611 11197/25/2610
f 11195/26/2612 11198/24/2611 11194/27/2613
f 11195/26/2612 11200/45/2614 11199/29/2615
f 11201/10/2616 11206/12/2617 11205/9/2616
f 11202/8/2618 11207/14/2619 11206/12/2617
f 11204/22/1543 11207/14/2619 11203/11/2620
f 11209/30/2621 11214/31/2622 11213/32/2621
f 11210/34/2623 11215/36/2624 11214/31/2622
f 11212/35/2625 11215/36/2624 11211/33/2626
f 11217/10/2627 11222/12/2628 11221/9/2627
f 11219/11/2629 11222/12/2628 11218/8/2630
f 11220/22/2631 11223/14/2632 11219/11/2629
f 11226/19/2870 11229/17/2634 11225/15/2634
f 11227/18/2635 11230/16/2636 11226/19/2870
f 11228/20/2637 11231/21/2638 11227/18/2635
f 11233/1/2639 11238/2/2640 11237/3/2639
f 11235/4/2641 11238/2/2640 11234/5/2642
f 11236/6/2643 11239/7/2644 11235/4/2641
f 11242/8/2645 11245/9/2646 11241/10/2647
f 11243/11/2872 11246/12/2649 11242/8/2645
f 11244/22/2650 11247/14/2651 11243/11/2872
f 11250/19/2652 11253/17/2653 11249/15/2653
f 11251/18/2654 11254/16/2655 11250/19/2652
f 11252/20/2656 11255/21/2657 11251/18/2654
f 11258/41/2658 11261/39/2659 11257/37/2660
f 11259/40/2930 11262/38/2873 11258/41/2658
f 11260/42/2966 11263/43/2874 11259/40/2930
f 11265/15/2665 11270/16/2666 11269/17/2665
f 11267/18/2667 11270/16/2666 11266/19/2668
f 11268/20/2669 11271/21/2670 11267/18/2667
f 11273/30/2671 11278/31/2967 11277/32/2671
f 11275/33/2673 11278/31/2967 11274/34/2968
f 11276/35/2675 11279/36/2676 11275/33/2673
f 11282/8/2677 11285/9/2678 11281/10/2679
f 11283/11/2680 11286/12/2681 11282/8/2677
f 11284/22/2682 11287/14/2683 11283/11/2680
f 11289/23/2684 11294/24/2685 11293/25/2684
f 11291/26/2686 11294/24/2685 11290/27/2687
f 11291/26/2686 11296/45/2688 11295/29/2689
f 11297/15/2931 11302/16/2691 11301/17/2931
f 11299/18/2692 11302/16/2691 11298/19/2693
f 11300/20/2694 11303/21/2695 11299/18/2692
f 11305/10/2696 11310/12/2697 11309/9/2698
f 11306/8/2699 11311/14/2932 11310/12/2697
f 11308/22/2701 11311/14/2932 11307/11/2702
f 11313/23/2703 11318/24/2704 11317/25/2703
f 11315/26/2705 11318/24/2704 11314/27/2706
f 11315/26/2705 11320/45/2707 11319/29/2708
f 11321/10/2709 11326/12/2969 11325/9/2711
f 11323/11/2712 11326/12/2969 11322/8/2970
f 11324/22/2714 11327/14/2715 11323/11/2712
f 11329/30/2716 11334/31/2717 11333/32/2716
f 11331/33/2718 11334/31/2717 11330/34/2877
f 11332/35/2720 11335/36/2721 11331/33/2718
f 11337/15/2722 11342/16/2723 11341/17/2722
f 11339/18/2724 11342/16/2723 11338/19/2725
f 11340/20/2726 11343/21/2971 11339/18/2724
f 11345/37/2878 11350/38/2729 11349/39/2878
f 11347/40/2730 11350/38/2729 11346/41/2731
f 11348/42/2732 11351/43/2733 11347/40/2730
f 11353/1/2734 11358/2/2735 11357/3/2734
f 11355/4/2736 11358/2/2735 11354/5/2737
f 11356/6/2738 11359/7/2739 11355/4/2736
f 11361/15/2740 11366/16/2935 11365/17/2740
f 11363/18/2742 11366/16/2935 11362/19/2743
f 11364/20/2744 11367/21/2745 11363/18/2742
f 11369/10/2746 11374/12/2747 11373/9/2748
f 11370/8/2749 11375/14/2750 11374/12/2747
f 11372/22/2751 11375/14/2750 11371/11/2752
f 11377/23/2753 11382/24/2754 11381/25/2755
f 11379/26/2972 11382/24/2754 11378/27/2881
f 11380/28/2973 11383/29/2759 11379/26/2972
f 11385/10/2760 11390/12/2761 11389/9/2760
f 11387/11/2762 11390/12/2761 11386/8/2763
f 11388/22/2764 11391/14/2765 11387/11/2762
f 11393/30/2766 11398/31/2767 11397/32/2766
f 11395/33/2768 11398/31/2767 11394/34/2974
f 11396/35/2770 11399/36/2771 11395/33/2768
f 11401/1/2772 11406/2/2884 11405/3/2772
f 11403/4/2774 11406/2/2884 11402/5/2775
f 11404/6/2776 11407/7/2777 11403/4/2774
f 11409/37/2778 11414/38/2779 11413/39/2778
f 11411/40/2780 11414/38/2779 11410/41/2781
f 11412/42/2782 11415/43/2783 11411/40/2780
f 11417/15/2784 11422/16/2785 11421/17/2784
f 11419/18/2939 11422/16/2785 11418/19/2787
f 11420/20/2788 11423/21/2789 11419/18/2939
f 11425/30/2790 11430/31/2975 11429/32/2790
f 11427/33/2792 11430/31/2975 11426/34/2793
f 11428/35/2794 11431/36/2795 11427/33/2792
f 11433/1/2796 11438/2/2797 11437/3/2796
f 11435/4/2798 11438/2/2797 11434/5/2799
f 11436/6/2800 11439/7/2801 11435/4/2798
f 11441/37/2976 11446/38/2803 11445/39/2976
f 11443/40/2977 11446/38/2803 11442/41/2978
f 11444/42/2806 11447/43/2942 11443/40/2977
f 11025/1/2479 11026/5/2482 11030/2/2918
f 11027/4/2481 11031/7/2484 11030/2/2918
f 11028/6/2483 11032/46/2483 11031/7/2484
f 11034/8/2960 11038/12/2488 11037/9/2486
f 11035/11/2487 11039/14/2490 11038/12/2488
f 11035/11/2487 11036/22/2489 11040/13/2489
f 11041/15/2491 11042/19/2494 11046/16/2961
f 11043/18/2493 11047/21/2496 11046/16/2961
f 11044/20/2495 11048/47/2808 11047/21/2496
f 11049/10/2497 11050/8/2500 11054/12/2498
f 11051/11/2499 11055/14/2502 11054/12/2498
f 11052/22/2501 11056/13/2501 11055/14/2502
f 11057/23/2503 11058/27/2507 11062/24/2504
f 11059/26/2506 11063/29/2509 11062/24/2504
f 11060/28/2508 11064/45/2809 11063/29/2509
f 11065/10/2510 11066/8/2512 11070/12/2511
f 11066/8/2512 11067/11/2515 11071/14/2513
f 11068/22/2514 11072/13/2514 11071/14/2513
f 11073/30/2962 11074/34/2519 11078/31/2517
f 11075/33/2518 11079/36/2521 11078/31/2517
f 11076/35/2520 11080/44/2520 11079/36/2521
f 11081/15/2522 11082/19/2525 11086/16/2523
f 11083/18/2524 11087/21/2527 11086/16/2523
f 11084/20/2526 11088/47/2810 11087/21/2527
f 11089/37/2528 11090/41/2863 11094/38/2529
f 11091/40/2530 11095/43/2533 11094/38/2529
f 11092/42/2532 11096/48/2532 11095/43/2533
f 11098/34/2534 11102/31/2538 11101/32/2535
f 11099/33/2537 11103/36/2540 11102/31/2538
f 11099/33/2537 11100/35/2811 11104/44/2539
f 11105/10/2541 11106/8/2544 11110/12/2542
f 11107/11/2543 11111/14/2546 11110/12/2542
f 11108/22/2545 11112/13/2812 11111/14/2546
f 11113/23/2547 11114/27/2550 11118/24/2548
f 11115/26/2963 11119/29/2921 11118/24/2548
f 11115/26/2963 11116/28/2813 11120/45/2964
f 11122/19/2553 11126/16/2864 11125/17/2554
f 11123/18/2555 11127/21/2865 11126/16/2864
f 11124/20/2557 11128/47/2557 11127/21/2865
f 11129/10/2559 11130/8/2562 11134/12/2560
f 11130/8/2562 11131/11/2564 11135/14/2563
f 11131/11/2564 11132/22/2814 11136/13/2565
f 11137/23/2566 11138/27/2570 11142/24/2567
f 11139/26/2569 11143/29/2572 11142/24/2567
f 11140/28/2571 11144/45/2815 11143/29/2572
f 11145/10/2573 11146/8/2577 11150/12/2574
f 11147/11/2576 11151/14/2579 11150/12/2574
f 11148/22/2578 11152/13/2578 11151/14/2579
f 11153/30/2580 11154/34/2583 11158/31/2581
f 11155/33/2926 11159/36/2585 11158/31/2581
f 11156/35/2584 11160/44/2584 11159/36/2585
f 11161/15/2586 11162/19/2589 11166/16/2587
f 11163/18/2588 11167/21/2591 11166/16/2587
f 11164/20/2590 11168/47/2590 11167/21/2591
f 11169/37/2592 11170/41/2595 11174/38/2593
f 11171/40/2594 11175/43/2597 11174/38/2593
f 11172/42/2596 11176/48/2596 11175/43/2597
f 11177/1/2598 11178/5/2601 11182/2/2599
f 11179/4/2600 11183/7/2603 11182/2/2599
f 11179/4/2600 11180/6/2816 11184/46/2602
f 11185/1/2604 11186/5/2607 11190/2/2605
f 11187/4/2606 11191/7/2609 11190/2/2605
f 11188/6/2608 11192/46/2608 11191/7/2609
f 11193/23/2610 11194/27/2613 11198/24/2611
f 11195/26/2612 11199/29/2615 11198/24/2611
f 11195/26/2612 11196/28/2979 11200/45/2614
f 11201/10/2616 11202/8/2618 11206/12/2617
f 11202/8/2618 11203/11/2620 11207/14/2619
f 11204/22/1543 11208/13/2817 11207/14/2619
f 11209/30/2621 11210/34/2623 11214/31/2622
f 11210/34/2623 11211/33/2626 11215/36/2624
f 11212/35/2625 11216/44/2818 11215/36/2624
f 11217/10/2627 11218/8/2630 11222/12/2628
f 11219/11/2629 11223/14/2632 11222/12/2628
f 11220/22/2631 11224/13/2631 11223/14/2632
f 11226/19/2870 11230/16/2636 11229/17/2634
f 11227/18/2635 11231/21/2638 11230/16/2636
f 11228/20/2637 11232/47/2819 11231/21/2638
f 11233/1/2639 11234/5/2642 11238/2/2640
f 11235/4/2641 11239/7/2644 11238/2/2640
f 11236/6/2643 11240/46/2643 11239/7/2644
f 11242/8/2645 11246/12/2649 11245/9/2646
f 11243/11/2872 11247/14/2651 11246/12/2649
f 11244/22/2650 11248/13/2891 11247/14/2651
f 11250/19/2652 11254/16/2655 11253/17/2653
f 11251/18/2654 11255/21/2657 11254/16/2655
f 11252/20/2656 11256/47/2892 11255/21/2657
f 11258/41/2658 11262/38/2873 11261/39/2659
f 11259/40/2930 11263/43/2874 11262/38/2873
f 11260/42/2966 11264/48/2893 11263/43/2874
f 11265/15/2665 11266/19/2668 11270/16/2666
f 11267/18/2667 11271/21/2670 11270/16/2666
f 11268/20/2669 11272/47/2822 11271/21/2670
f 11273/30/2671 11274/34/2968 11278/31/2967
f 11275/33/2673 11279/36/2676 11278/31/2967
f 11276/35/2675 11280/44/2894 11279/36/2676
f 11282/8/2677 11286/12/2681 11285/9/2678
f 11283/11/2680 11287/14/2683 11286/12/2681
f 11284/22/2682 11288/13/2824 11287/14/2683
f 11289/23/2684 11290/27/2687 11294/24/2685
f 11291/26/2686 11295/29/2689 11294/24/2685
f 11291/26/2686 11292/28/2825 11296/45/2688
f 11297/15/2931 11298/19/2693 11302/16/2691
f 11299/18/2692 11303/21/2695 11302/16/2691
f 11300/20/2694 11304/47/2694 11303/21/2695
f 11305/10/2696 11306/8/2699 11310/12/2697
f 11306/8/2699 11307/11/2702 11311/14/2932
f 11308/22/2701 11312/13/2827 11311/14/2932
f 11313/23/2703 11314/27/2706 11318/24/2704
f 11315/26/2705 11319/29/2708 11318/24/2704
f 11315/26/2705 11316/28/2828 11320/45/2707
f 11321/10/2709 11322/8/2970 11326/12/2969
f 11323/11/2712 11327/14/2715 11326/12/2969
f 11324/22/2714 11328/13/2714 11327/14/2715
f 11329/30/2716 11330/34/2877 11334/31/2717
f 11331/33/2718 11335/36/2721 11334/31/2717
f 11332/35/2720 11336/44/2720 11335/36/2721
f 11337/15/2722 11338/19/2725 11342/16/2723
f 11339/18/2724 11343/21/2971 11342/16/2723
f 11340/20/2726 11344/47/2829 11343/21/2971
f 11345/37/2878 11346/41/2731 11350/38/2729
f 11347/40/2730 11351/43/2733 11350/38/2729
f 11348/42/2732 11352/48/2732 11351/43/2733
f 11353/1/2734 11354/5/2737 11358/2/2735
f 11355/4/2736 11359/7/2739 11358/2/2735
f 11356/6/2738 11360/46/2738 11359/7/2739
f 11361/15/2740 11362/19/2743 11366/16/2935
f 11363/18/2742 11367/21/2745 11366/16/2935
f 11364/20/2744 11368/47/2945 11367/21/2745
f 11369/10/2746 11370/8/2749 11374/12/2747
f 11370/8/2749 11371/11/2752 11375/14/2750
f 11372/22/2751 11376/13/2831 11375/14/2750
f 11377/23/2753 11378/27/2881 11382/24/2754
f 11379/26/2972 11383/29/2759 11382/24/2754
f 11380/28/2973 11384/45/2832 11383/29/2759
f 11385/10/2760 11386/8/2763 11390/12/2761
f 11387/11/2762 11391/14/2765 11390/12/2761
f 11388/22/2764 11392/13/2980 11391/14/2765
f 11393/30/2766 11394/34/2974 11398/31/2767
f 11395/33/2768 11399/36/2771 11398/31/2767
f 11396/35/2770 11400/44/2770 11399/36/2771
f 11401/1/2772 11402/5/2775 11406/2/2884
f 11403/4/2774 11407/7/2777 11406/2/2884
f 11404/6/2776 11408/46/2776 11407/7/2777
f 11409/37/2778 11410/41/2781 11414/38/2779
f 11411/40/2780 11415/43/2783 11414/38/2779
f 11412/42/2782 11416/48/2834 11415/43/2783
f 11417/15/2784 11418/19/2787 11422/16/2785
f 11419/18/2939 11423/21/2789 11422/16/2785
f 11420/20/2788 11424/47/2788 11423/21/2789
f 11425/30/2790 11426/34/2793 11430/31/2975
f 11427/33/2792 11431/36/2795 11430/31/2975
f 11428/35/2794 11432/44/2794 11431/36/2795
f 11433/1/2796 11434/5/2799 11438/2/2797
f 11435/4/2798 11439/7/2801 11438/2/2797
f 11436/6/2800 11440/46/2800 11439/7/2801
f 11441/37/2976 11442/41/2978 11446/38/2803
f 11443/40/2977 11447/43/2942 11446/38/2803
f 11444/42/2806 11448/48/2806 11447/43/2942
f 11449/1/769 11454/2/770 11453/3/769
f 11451/4/771 11454/2/770 11450/5/772
f 11452/6/773 11455/7/774 11451/4/771
f 11458/8/775 11461/9/776 11457/10/776
f 11459/11/777 11462/12/778 11458/8/775
f 11459/11/777 11464/13/779 11463/14/780
f 11465/15/1129 11470/16/782 11469/17/1129
f 11467/18/783 11470/16/782 11466/19/784
f 11468/20/785 11471/21/786 11467/18/783
f 11473/10/1172 11478/12/788 11477/9/1172
f 11475/11/789 11478/12/788 11474/8/790
f 11476/22/791 11479/14/792 11475/11/789
f 11481/23/793 11486/24/794 11485/25/795
f 11483/26/796 11486/24/794 11482/27/797
f 11484/28/1130 11487/29/799 11483/26/796
f 11489/10/800 11494/12/801 11493/9/800
f 11490/8/802 11495/14/803 11494/12/801
f 11492/22/804 11495/14/803 11491/11/805
f 11497/30/806 11502/31/807 11501/32/806
f 11499/33/808 11502/31/807 11498/34/809
f 11500/35/810 11503/36/811 11499/33/808
f 11505/15/812 11510/16/813 11509/17/812
f 11507/18/2981 11510/16/813 11506/19/1133
f 11508/20/816 11511/21/817 11507/18/2981
f 11513/37/818 11518/38/819 11517/39/818
f 11515/40/820 11518/38/819 11514/41/1134
f 11516/42/822 11519/43/823 11515/40/820
f 11522/34/824 11525/32/825 11521/30/826
f 11523/33/827 11526/31/828 11522/34/824
f 11523/33/827 11528/44/829 11527/36/830
f 11529/10/831 11534/12/832 11533/9/831
f 11531/11/833 11534/12/832 11530/8/834
f 11532/22/835 11535/14/836 11531/11/833
f 11537/23/837 11542/24/838 11541/25/837
f 11539/26/839 11542/24/838 11538/27/840
f 11539/26/839 11544/45/841 11543/29/842
f 11546/19/843 11549/17/1192 11545/15/1192
f 11547/18/1136 11550/16/846 11546/19/843
f 11548/20/847 11551/21/848 11547/18/1136
f 11553/10/849 11558/12/850 11557/9/851
f 11554/8/2031 11559/14/853 11558/12/850
f 11555/11/854 11560/13/855 11559/14/853
f 11561/23/856 11566/24/1177 11565/25/858
f 11563/26/859 11566/24/1177 11562/27/860
f 11564/28/861 11567/29/862 11563/26/859
f 11569/10/863 11574/12/864 11573/9/865
f 11571/11/866 11574/12/864 11570/8/867
f 11572/22/868 11575/14/869 11571/11/866
f 11577/30/870 11582/31/2982 11581/32/870
f 11579/33/872 11582/31/2982 11578/34/2983
f 11580/35/874 11583/36/2984 11579/33/872
f 11585/15/876 11590/16/877 11589/17/876
f 11587/18/878 11590/16/877 11586/19/879
f 11588/20/880 11591/21/881 11587/18/878
f 11593/37/882 11598/38/883 11597/39/882
f 11595/40/884 11598/38/883 11594/41/885
f 11596/42/886 11599/43/887 11595/40/884
f 11601/1/888 11606/2/889 11605/3/888
f 11603/4/890 11606/2/889 11602/5/891
f 11603/4/890 11608/46/892 11607/7/893
f 11609/1/894 11614/2/895 11613/3/896
f 11611/4/897 11614/2/895 11610/5/1179
f 11612/6/899 11615/7/900 11611/4/897
f 11617/23/901 11622/24/902 11621/25/901
f 11619/26/903 11622/24/902 11618/27/904
f 11619/26/903 11624/45/905 11623/29/906
f 11625/10/907 11630/12/908 11629/9/907
f 11626/8/909 11631/14/910 11630/12/908
f 11628/22/911 11631/14/910 11627/11/912
f 11633/30/913 11638/31/914 11637/32/913
f 11634/34/915 11639/36/916 11638/31/914
f 11636/35/917 11639/36/916 11635/33/918
f 11641/10/919 11646/12/920 11645/9/919
f 11643/11/921 11646/12/920 11642/8/922
f 11644/22/923 11647/14/924 11643/11/921
f 11650/19/925 11653/17/926 11649/15/926
f 11651/18/927 11654/16/928 11650/19/925
f 11652/20/929 11655/21/930 11651/18/927
f 11657/1/931 11662/2/932 11661/3/931
f 11659/4/933 11662/2/932 11658/5/934
f 11660/6/935 11663/7/936 11659/4/933
f 11666/8/937 11669/9/938 11665/10/939
f 11667/11/2985 11670/12/941 11666/8/937
f 11668/22/1181 11671/14/2032 11667/11/2985
f 11674/19/944 11677/17/945 11673/15/945
f 11675/18/946 11678/16/947 11674/19/944
f 11676/20/948 11679/21/949 11675/18/946
f 11682/41/950 11685/39/951 11681/37/952
f 11683/40/953 11686/38/954 11682/41/950
f 11684/42/955 11687/43/956 11683/40/953
f 11689/15/957 11694/16/958 11693/17/957
f 11691/18/959 11694/16/958 11690/19/960
f 11692/20/961 11695/21/962 11691/18/959
f 11697/30/963 11702/31/964 11701/32/963
f 11699/33/965 11702/31/964 11698/34/2986
f 11700/35/967 11703/36/968 11699/33/965
f 11706/8/969 11709/9/970 11705/10/971
f 11707/11/972 11710/12/973 11706/8/969
f 11708/22/974 11711/14/975 11707/11/972
f 11713/23/976 11718/24/977 11717/25/976
f 11715/26/1145 11718/24/977 11714/27/979
f 11715/26/1145 11720/45/980 11719/29/981
f 11721/15/982 11726/16/983 11725/17/982
f 11723/18/984 11726/16/983 11722/19/985
f 11724/20/986 11727/21/2987 11723/18/984
f 11729/10/988 11734/12/989 11733/9/990
f 11730/8/991 11735/14/992 11734/12/989
f 11732/22/993 11735/14/992 11731/11/994
f 11737/23/995 11742/24/996 11741/25/995
f 11739/26/1148 11742/24/996 11738/27/999
f 11739/26/1148 11744/45/1000 11743/29/1001
f 11745/10/1002 11750/12/1003 11749/9/1004
f 11747/11/1005 11750/12/1003 11746/8/1196
f 11748/22/1007 11751/14/1008 11747/11/1005
f 11753/30/1009 11758/31/1010 11757/32/1009
f 11755/33/1011 11758/31/1010 11754/34/1012
f 11756/35/1013 11759/36/1014 11755/33/1011
f 11761/15/1015 11766/16/1016 11765/17/1015
f 11763/18/1017 11766/16/1016 11762/19/1018
f 11764/20/1019 11767/21/1020 11763/18/1017
f 11769/37/1021 11774/38/1022 11773/39/1021
f 11771/40/1023 11774/38/1022 11770/41/1150
f 11772/42/1025 11775/43/1026 11771/40/1023
f 11777/1/1027 11782/2/1028 11781/3/1027
f 11779/4/1029 11782/2/1028 11778/5/1151
f 11780/6/1031 11783/7/1032 11779/4/1029
f 11785/15/1033 11790/16/1034 11789/17/1033
f 11787/18/1035 11790/16/1034 11786/19/1036
f 11788/20/1037 11791/21/1038 11787/18/1035
f 11793/10/1039 11798/12/1153 11797/9/1041
f 11794/8/1042 11799/14/1043 11798/12/1153
f 11796/22/1044 11799/14/1043 11795/11/1045
f 11801/23/1046 11806/24/1047 11805/25/1048
f 11803/26/1049 11806/24/1047 11802/27/1050
f 11804/28/1051 11807/29/1052 11803/26/1049
f 11809/10/1053 11814/12/1054 11813/9/1053
f 11811/11/1055 11814/12/1054 11810/8/1056
f 11812/22/1057 11815/14/1058 11811/11/1055
f 11817/30/1059 11822/31/1155 11821/32/1059
f 11819/33/1061 11822/31/1155 11818/34/1062
f 11820/35/1063 11823/36/1064 11819/33/1061
f 11825/1/1065 11830/2/1066 11829/3/1065
f 11827/4/1068 11830/2/1066 11826/5/1069
f 11828/6/1127 11831/7/1158 11827/4/1068
f 11833/37/1072 11838/38/1073 11837/39/1072
f 11835/40/1074 11838/38/1073 11834/41/1075
f 11836/42/1076 11839/43/1077 11835/40/1074
f 11841/15/1078 11846/16/1079 11845/17/1078
f 11843/18/1080 11846/16/1079 11842/19/1081
f 11844/20/1082 11847/21/1083 11843/18/1080
f 11849/30/1084 11854/31/1160 11853/32/1084
f 11851/33/1086 11854/31/1160 11850/34/1087
f 11852/35/1088 11855/36/1089 11851/33/1086
f 11857/1/1161 11862/2/1091 11861/3/1161
f 11859/4/1092 11862/2/1091 11858/5/1093
f 11860/6/1094 11863/7/1095 11859/4/1092
f 11865/37/1096 11870/38/2034 11869/39/1096
f 11867/40/1162 11870/38/2034 11866/41/1099
f 11868/42/1100 11871/43/2988 11867/40/1162
f 11449/1/769 11450/5/772 11454/2/770
f 11451/4/771 11455/7/774 11454/2/770
f 11452/6/773 11456/46/773 11455/7/774
f 11458/8/775 11462/12/778 11461/9/776
f 11459/11/777 11463/14/780 11462/12/778
f 11459/11/777 11460/22/779 11464/13/779
f 11465/15/1129 11466/19/784 11470/16/782
f 11467/18/783 11471/21/786 11470/16/782
f 11468/20/785 11472/47/1102 11471/21/786
f 11473/10/1172 11474/8/790 11478/12/788
f 11475/11/789 11479/14/792 11478/12/788
f 11476/22/791 11480/13/791 11479/14/792
f 11481/23/793 11482/27/797 11486/24/794
f 11483/26/796 11487/29/799 11486/24/794
f 11484/28/1130 11488/45/1103 11487/29/799
f 11489/10/800 11490/8/802 11494/12/801
f 11490/8/802 11491/11/805 11495/14/803
f 11492/22/804 11496/13/804 11495/14/803
f 11497/30/806 11498/34/809 11502/31/807
f 11499/33/808 11503/36/811 11502/31/807
f 11500/35/810 11504/44/810 11503/36/811
f 11505/15/812 11506/19/1133 11510/16/813
f 11507/18/2981 11511/21/817 11510/16/813
f 11508/20/816 11512/47/1104 11511/21/817
f 11513/37/818 11514/41/1134 11518/38/819
f 11515/40/820 11519/43/823 11518/38/819
f 11516/42/822 11520/48/822 11519/43/823
f 11522/34/824 11526/31/828 11525/32/825
f 11523/33/827 11527/36/830 11526/31/828
f 11523/33/827 11524/35/1164 11528/44/829
f 11529/10/831 11530/8/834 11534/12/832
f 11531/11/833 11535/14/836 11534/12/832
f 11532/22/835 11536/13/1106 11535/14/836
f 11537/23/837 11538/27/840 11542/24/838
f 11539/26/839 11543/29/842 11542/24/838
f 11539/26/839 11540/28/1107 11544/45/841
f 11546/19/843 11550/16/846 11549/17/1192
f 11547/18/1136 11551/21/848 11550/16/846
f 11548/20/847 11552/47/847 11551/21/848
f 11553/10/849 11554/8/2031 11558/12/850
f 11554/8/2031 11555/11/854 11559/14/853
f 11555/11/854 11556/22/1108 11560/13/855
f 11561/23/856 11562/27/860 11566/24/1177
f 11563/26/859 11567/29/862 11566/24/1177
f 11564/28/861 11568/45/1109 11567/29/862
f 11569/10/863 11570/8/867 11574/12/864
f 11571/11/866 11575/14/869 11574/12/864
f 11572/22/868 11576/13/868 11575/14/869
f 11577/30/870 11578/34/2983 11582/31/2982
f 11579/33/872 11583/36/2984 11582/31/2982
f 11580/35/874 11584/44/874 11583/36/2984
f 11585/15/876 11586/19/879 11590/16/877
f 11587/18/878 11591/21/881 11590/16/877
f 11588/20/880 11592/47/880 11591/21/881
f 11593/37/882 11594/41/885 11598/38/883
f 11595/40/884 11599/43/887 11598/38/883
f 11596/42/886 11600/48/886 11599/43/887
f 11601/1/888 11602/5/891 11606/2/889
f 11603/4/890 11607/7/893 11606/2/889
f 11603/4/890 11604/6/1110 11608/46/892
f 11609/1/894 11610/5/1179 11614/2/895
f 11611/4/897 11615/7/900 11614/2/895
f 11612/6/899 11616/46/899 11615/7/900
f 11617/23/901 11618/27/904 11622/24/902
f 11619/26/903 11623/29/906 11622/24/902
f 11619/26/903 11620/28/905 11624/45/905
f 11625/10/907 11626/8/909 11630/12/908
f 11626/8/909 11627/11/912 11631/14/910
f 11628/22/911 11632/13/1111 11631/14/910
f 11633/30/913 11634/34/915 11638/31/914
f 11634/34/915 11635/33/918 11639/36/916
f 11636/35/917 11640/44/1112 11639/36/916
f 11641/10/919 11642/8/922 11646/12/920
f 11643/11/921 11647/14/924 11646/12/920
f 11644/22/923 11648/13/923 11647/14/924
f 11650/19/925 11654/16/928 11653/17/926
f 11651/18/927 11655/21/930 11654/16/928
f 11652/20/929 11656/47/2989 11655/21/930
f 11657/1/931 11658/5/934 11662/2/932
f 11659/4/933 11663/7/936 11662/2/932
f 11660/6/935 11664/46/935 11663/7/936
f 11666/8/937 11670/12/941 11669/9/938
f 11667/11/2985 11671/14/2032 11670/12/941
f 11668/22/1181 11672/13/1114 11671/14/2032
f 11674/19/944 11678/16/947 11677/17/945
f 11675/18/946 11679/21/949 11678/16/947
f 11676/20/948 11680/47/948 11679/21/949
f 11682/41/950 11686/38/954 11685/39/951
f 11683/40/953 11687/43/956 11686/38/954
f 11684/42/955 11688/48/1115 11687/43/956
f 11689/15/957 11690/19/960 11694/16/958
f 11691/18/959 11695/21/962 11694/16/958
f 11692/20/961 11696/47/1165 11695/21/962
f 11697/30/963 11698/34/2986 11702/31/964
f 11699/33/965 11703/36/968 11702/31/964
f 11700/35/967 11704/44/1117 11703/36/968
f 11706/8/969 11710/12/973 11709/9/970
f 11707/11/972 11711/14/975 11710/12/973
f 11708/22/974 11712/13/1118 11711/14/975
f 11713/23/976 11714/27/979 11718/24/977
f 11715/26/1145 11719/29/981 11718/24/977
f 11715/26/1145 11716/28/1119 11720/45/980
f 11721/15/982 11722/19/985 11726/16/983
f 11723/18/984 11727/21/2987 11726/16/983
f 11724/20/986 11728/47/986 11727/21/2987
f 11729/10/988 11730/8/991 11734/12/989
f 11730/8/991 11731/11/994 11735/14/992
f 11732/22/993 11736/13/1120 11735/14/992
f 11737/23/995 11738/27/999 11742/24/996
f 11739/26/1148 11743/29/1001 11742/24/996
f 11739/26/1148 11740/28/1121 11744/45/1000
f 11745/10/1002 11746/8/1196 11750/12/1003
f 11747/11/1005 11751/14/1008 11750/12/1003
f 11748/22/1007 11752/13/1184 11751/14/1008
f 11753/30/1009 11754/34/1012 11758/31/1010
f 11755/33/1011 11759/36/1014 11758/31/1010
f 11756/35/1013 11760/44/1013 11759/36/1014
f 11761/15/1015 11762/19/1018 11766/16/1016
f 11763/18/1017 11767/21/1020 11766/16/1016
f 11764/20/1019 11768/47/1167 11767/21/1020
f 11769/37/1021 11770/41/1150 11774/38/1022
f 11771/40/1023 11775/43/1026 11774/38/1022
f 11772/42/1025 11776/48/1025 11775/43/1026
f 11777/1/1027 11778/5/1151 11782/2/1028
f 11779/4/1029 11783/7/1032 11782/2/1028
f 11780/6/1031 11784/46/1031 11783/7/1032
f 11785/15/1033 11786/19/1036 11790/16/1034
f 11787/18/1035 11791/21/1038 11790/16/1034
f 11788/20/1037 11792/47/1168 11791/21/1038
f 11793/10/1039 11794/8/1042 11798/12/1153
f 11794/8/1042 11795/11/1045 11799/14/1043
f 11796/22/1044 11800/13/1124 11799/14/1043
f 11801/23/1046 11802/27/1050 11806/24/1047
f 11803/26/1049 11807/29/1052 11806/24/1047
f 11804/28/1051 11808/45/1125 11807/29/1052
f 11809/10/1053 11810/8/1056 11814/12/1054
f 11811/11/1055 11815/14/1058 11814/12/1054
f 11812/22/1057 11816/13/1126 11815/14/1058
f 11817/30/1059 11818/34/1062 11822/31/1155
f 11819/33/1061 11823/36/1064 11822/31/1155
f 11820/35/1063 11824/44/1063 11823/36/1064
f 11825/1/1065 11826/5/1069 11830/2/1066
f 11827/4/1068 11831/7/1158 11830/2/1066
f 11828/6/1127 11832/46/1127 11831/7/1158
f 11833/37/1072 11834/41/1075 11838/38/1073
f 11835/40/1074 11839/43/1077 11838/38/1073
f 11836/42/1076 11840/48/1169 11839/43/1077
f 11841/15/1078 11842/19/1081 11846/16/1079
f 11843/18/1080 11847/21/1083 11846/16/1079
f 11844/20/1082 11848/47/1082 11847/21/1083
f 11849/30/1084 11850/34/1087 11854/31/1160
f 11851/33/1086 11855/36/1089 11854/31/1160
f 11852/35/1088 11856/44/1088 11855/36/1089
f 11857/1/1161 11858/5/1093 11862/2/1091
f 11859/4/1092 11863/7/1095 11862/2/1091
f 11860/6/1094 11864/46/1094 11863/7/1095
f 11865/37/1096 11866/41/1099 11870/38/2034
f 11867/40/1162 11871/43/2988 11870/38/2034
f 11868/42/1100 11872/48/1100 11871/43/2988
f 11873/1/1202 11878/2/1203 11877/3/1202
f 11875/4/1204 11878/2/1203 11874/5/1205
f 11876/6/1206 11879/7/1207 11875/4/1204
f 11882/8/1208 11885/9/1209 11881/10/1976
f 11883/11/1210 11886/12/1211 11882/8/1208
f 11883/11/1210 11888/13/1212 11887/14/1213
f 11889/15/2057 11894/16/1215 11893/17/2057
f 11891/18/1605 11894/16/1215 11890/19/1217
f 11892/20/1218 11895/21/1219 11891/18/1605
f 11897/10/1220 11902/12/1561 11901/9/1220
f 11899/11/1222 11902/12/1561 11898/8/1223
f 11900/22/1224 11903/14/1225 11899/11/1222
f 11905/23/1226 11910/24/1227 11909/25/1228
f 11907/26/1229 11910/24/1227 11906/27/1230
f 11908/28/1231 11911/29/1232 11907/26/1229
f 11913/10/1233 11918/12/1234 11917/9/1233
f 11914/8/1235 11919/14/1236 11918/12/1234
f 11916/22/1237 11919/14/1236 11915/11/1238
f 11921/30/1239 11926/31/1240 11925/32/1239
f 11923/33/1241 11926/31/1240 11922/34/1242
f 11924/35/1243 11927/36/1244 11923/33/1241
f 11929/15/1245 11934/16/1246 11933/17/1245
f 11931/18/1247 11934/16/1246 11930/19/1248
f 11932/20/1249 11935/21/1250 11931/18/1247
f 11937/37/1251 11942/38/1252 11941/39/1251
f 11939/40/1253 11942/38/1252 11938/41/1563
f 11940/42/1255 11943/43/1256 11939/40/1253
f 11946/34/2990 11949/32/1258 11945/30/1259
f 11947/33/1564 11950/31/1261 11946/34/2990
f 11947/33/1564 11952/44/1262 11951/36/1263
f 11953/10/1264 11958/12/1265 11957/9/1264
f 11955/11/1266 11958/12/1265 11954/8/1267
f 11956/22/1268 11959/14/1269 11955/11/1266
f 11961/23/1270 11966/24/1271 11965/25/1270
f 11963/26/1272 11966/24/1271 11962/27/1273
f 11963/26/1272 11968/45/1274 11967/29/1608
f 11970/19/1276 11973/17/1277 11969/15/1277
f 11971/18/1278 11974/16/1279 11970/19/1276
f 11972/20/1280 11975/21/1281 11971/18/1278
f 11977/10/1282 11982/12/1283 11981/9/1284
f 11978/8/1285 11983/14/1286 11982/12/1283
f 11979/11/1287 11984/13/1288 11983/14/1286
f 11985/23/1289 11990/24/1290 11989/25/1291
f 11987/26/2991 11990/24/1290 11986/27/1293
f 11988/28/1294 11991/29/1295 11987/26/2991
f 11993/10/1296 11998/12/1297 11997/9/1610
f 11995/11/1299 11998/12/1297 11994/8/1300
f 11996/22/1301 11999/14/1302 11995/11/1299
f 12001/30/1303 12006/31/1304 12005/32/1303
f 12003/33/1305 12006/31/1304 12002/34/1306
f 12004/35/1307 12007/36/1308 12003/33/1305
f 12009/15/1309 12014/16/1310 12013/17/1309
f 12011/18/2992 12014/16/1310 12010/19/1568
f 12012/20/1313 12015/21/1314 12011/18/2992
f 12017/37/1315 12022/38/1316 12021/39/1315
f 12019/40/1317 12022/38/1316 12018/41/1318
f 12020/42/1541 12023/43/1320 12019/40/1317
f 12025/1/1321 12030/2/1322 12029/3/1569
f 12027/4/1323 12030/2/1322 12026/5/1324
f 12027/4/1323 12032/46/1325 12031/7/1326
f 12033/1/1327 12038/2/1328 12037/3/1327
f 12035/4/1329 12038/2/1328 12034/5/1330
f 12036/6/1331 12039/7/1332 12035/4/1329
f 12041/23/1333 12046/24/1334 12045/25/1333
f 12043/26/1335 12046/24/1334 12042/27/1336
f 12043/26/1335 12048/45/1337 12047/29/1338
f 12049/10/1339 12054/12/1340 12053/9/1339
f 12050/8/1341 12055/14/1342 12054/12/1340
f 12052/22/1343 12055/14/1342 12051/11/1344
f 12057/30/1345 12062/31/1346 12061/32/1345
f 12058/34/1347 12063/36/1348 12062/31/1346
f 12060/35/1349 12063/36/1348 12059/33/1350
f 12065/10/1351 12070/12/2993 12069/9/1351
f 12067/11/2043 12070/12/2993 12066/8/1355
f 12068/22/1356 12071/14/1357 12067/11/2043
f 12074/19/1358 12077/17/1359 12073/15/1359
f 12075/18/2994 12078/16/1361 12074/19/1358
f 12076/20/1362 12079/21/1363 12075/18/2994
f 12081/1/1364 12086/2/1365 12085/3/1364
f 12083/4/1366 12086/2/1365 12082/5/1367
f 12084/6/1368 12087/7/1369 12083/4/1366
f 12090/8/1370 12093/9/2995 12089/10/1372
f 12091/11/1373 12094/12/1574 12090/8/1370
f 12092/22/1375 12095/14/2046 12091/11/1373
f 12098/19/1377 12101/17/1378 12097/15/1378
f 12099/18/1379 12102/16/1380 12098/19/1377
f 12100/20/1381 12103/21/1382 12099/18/1379
f 12106/41/1383 12109/39/1384 12105/37/1385
f 12107/40/2996 12110/38/1387 12106/41/1383
f 12108/42/1388 12111/43/1577 12107/40/2996
f 12113/15/1390 12118/16/1391 12117/17/1390
f 12115/18/1578 12118/16/1391 12114/19/1393
f 12116/20/1579 12119/21/1395 12115/18/1578
f 12121/30/1396 12126/31/1397 12125/32/1396
f 12123/33/1398 12126/31/1397 12122/34/1399
f 12124/35/1400 12127/36/1401 12123/33/1398
f 12130/8/1402 12133/9/1580 12129/10/1404
f 12131/11/1405 12134/12/1406 12130/8/1402
f 12132/22/1407 12135/14/1408 12131/11/1405
f 12137/23/1409 12142/24/1410 12141/25/1409
f 12139/26/1411 12142/24/1410 12138/27/1412
f 12139/26/1411 12144/45/1413 12143/29/1414
f 12145/15/1415 12150/16/1416 12149/17/1415
f 12147/18/1581 12150/16/1416 12146/19/1418
f 12148/20/1419 12151/21/1582 12147/18/1581
f 12153/10/1421 12158/12/1422 12157/9/1423
f 12154/8/1424 12159/14/1425 12158/12/1422
f 12156/22/1426 12159/14/1425 12155/11/1427
f 12161/23/1428 12166/24/1429 12165/25/1428
f 12163/26/1430 12166/24/1429 12162/27/1431
f 12163/26/1430 12168/45/1432 12167/29/1433
f 12169/10/1434 12174/12/1435 12173/9/1436
f 12171/11/1437 12174/12/1435 12170/8/2063
f 12172/22/1439 12175/14/1440 12171/11/1437
f 12177/30/1441 12182/31/1442 12181/32/1441
f 12179/33/1443 12182/31/1442 12178/34/1444
f 12180/35/1445 12183/36/1446 12179/33/1443
f 12185/15/1447 12190/16/1448 12189/17/1447
f 12187/18/1449 12190/16/1448 12186/19/1450
f 12188/20/1451 12191/21/1452 12187/18/1449
f 12193/37/1453 12198/38/1454 12197/39/1453
f 12195/40/1455 12198/38/1454 12194/41/1456
f 12196/42/1457 12199/43/1458 12195/40/1455
f 12201/1/1459 12206/2/1460 12205/3/1459
f 12203/4/1461 12206/2/1460 12202/5/1614
f 12204/6/1463 12207/7/1464 12203/4/1461
f 12209/15/1465 12214/16/1466 12213/17/1465
f 12211/18/1467 12214/16/1466 12210/19/1468
f 12212/20/1469 12215/21/1470 12211/18/1467
f 12217/10/1471 12222/12/1472 12221/9/1473
f 12218/8/1474 12223/14/1475 12222/12/1472
f 12220/22/1476 12223/14/1475 12219/11/1477
f 12225/23/1585 12230/24/1479 12229/25/1480
f 12227/26/1481 12230/24/1479 12226/27/1482
f 12228/28/1483 12231/29/1586 12227/26/1481
f 12233/10/1485 12238/12/1486 12237/9/1485
f 12235/11/1487 12238/12/1486 12234/8/1488
f 12236/22/1489 12239/14/1490 12235/11/1487
f 12241/30/1491 12246/31/1588 12245/32/1491
f 12243/33/1493 12246/31/1588 12242/34/1494
f 12244/35/1495 12247/36/1496 12243/33/1493
f 12249/1/1497 12254/2/1498 12253/3/1497
f 12251/4/1499 12254/2/1498 12250/5/1500
f 12252/6/1501 12255/7/1502 12251/4/1499
f 12257/37/1503 12262/38/1589 12261/39/1503
f 12259/40/1505 12262/38/1589 12258/41/1506
f 12260/42/1507 12263/43/1508 12259/40/1505
f 12265/15/1509 12270/16/1510 12269/17/1509
f 12267/18/1511 12270/16/1510 12266/19/1512
f 12268/20/1513 12271/21/1514 12267/18/1511
f 12273/30/1515 12278/31/2053 12277/32/1515
f 12275/33/1517 12278/31/2053 12274/34/1518
f 12276/35/2997 12279/36/1520 12275/33/1517
f 12281/1/1521 12286/2/1522 12285/3/1521
f 12283/4/1523 12286/2/1522 12282/5/1524
f 12284/6/1525 12287/7/1526 12283/4/1523
f 12289/37/1527 12294/38/1528 12293/39/1527
f 12291/40/2998 12294/38/1528 12290/41/1530
f 12292/42/1531 12295/43/2999 12291/40/2998
f 11873/1/1202 11874/5/1205 11878/2/1203
f 11875/4/1204 11879/7/1207 11878/2/1203
f 11876/6/1206 11880/46/1206 11879/7/1207
f 11882/8/1208 11886/12/1211 11885/9/1209
f 11883/11/1210 11887/14/1213 11886/12/1211
f 11883/11/1210 11884/22/1212 11888/13/1212
f 11889/15/2057 11890/19/1217 11894/16/1215
f 11891/18/1605 11895/21/1219 11894/16/1215
f 11892/20/1218 11896/47/1533 11895/21/1219
f 11897/10/1220 11898/8/1223 11902/12/1561
f 11899/11/1222 11903/14/1225 11902/12/1561
f 11900/22/1224 11904/13/1224 11903/14/1225
f 11905/23/1226 11906/27/1230 11910/24/1227
f 11907/26/1229 11911/29/1232 11910/24/1227
f 11908/28/1231 11912/45/1534 11911/29/1232
f 11913/10/1233 11914/8/1235 11918/12/1234
f 11914/8/1235 11915/11/1238 11919/14/1236
f 11916/22/1237 11920/13/1237 11919/14/1236
f 11921/30/1239 11922/34/1242 11926/31/1240
f 11923/33/1241 11927/36/1244 11926/31/1240
f 11924/35/1243 11928/44/1243 11927/36/1244
f 11929/15/1245 11930/19/1248 11934/16/1246
f 11931/18/1247 11935/21/1250 11934/16/1246
f 11932/20/1249 11936/47/1535 11935/21/1250
f 11937/37/1251 11938/41/1563 11942/38/1252
f 11939/40/1253 11943/43/1256 11942/38/1252
f 11940/42/1255 11944/48/1255 11943/43/1256
f 11946/34/2990 11950/31/1261 11949/32/1258
f 11947/33/1564 11951/36/1263 11950/31/1261
f 11947/33/1564 11948/35/1536 11952/44/1262
f 11953/10/1264 11954/8/1267 11958/12/1265
f 11955/11/1266 11959/14/1269 11958/12/1265
f 11956/22/1268 11960/13/1537 11959/14/1269
f 11961/23/1270 11962/27/1273 11966/24/1271
f 11963/26/1272 11967/29/1608 11966/24/1271
f 11963/26/1272 11964/28/1538 11968/45/1274
f 11970/19/1276 11974/16/1279 11973/17/1277
f 11971/18/1278 11975/21/1281 11974/16/1279
f 11972/20/1280 11976/47/1280 11975/21/1281
f 11977/10/1282 11978/8/1285 11982/12/1283
f 11978/8/1285 11979/11/1287 11983/14/1286
f 11979/11/1287 11980/22/1539 11984/13/1288
f 11985/23/1289 11986/27/1293 11990/24/1290
f 11987/26/2991 11991/29/1295 11990/24/1290
f 11988/28/1294 11992/45/3000 11991/29/1295
f 11993/10/1296 11994/8/1300 11998/12/1297
f 11995/11/1299 11999/14/1302 11998/12/1297
f 11996/22/1301 12000/13/1301 11999/14/1302
f 12001/30/1303 12002/34/1306 12006/31/1304
f 12003/33/1305 12007/36/1308 12006/31/1304
f 12004/35/1307 12008/44/1307 12007/36/1308
f 12009/15/1309 12010/19/1568 12014/16/1310
f 12011/18/2992 12015/21/1314 12014/16/1310
f 12012/20/1313 12016/47/1313 12015/21/1314
f 12017/37/1315 12018/41/1318 12022/38/1316
f 12019/40/1317 12023/43/1320 12022/38/1316
f 12020/42/1541 12024/48/1541 12023/43/1320
f 12025/1/1321 12026/5/1324 12030/2/1322
f 12027/4/1323 12031/7/1326 12030/2/1322
f 12027/4/1323 12028/6/1542 12032/46/1325
f 12033/1/1327 12034/5/1330 12038/2/1328
f 12035/4/1329 12039/7/1332 12038/2/1328
f 12036/6/1331 12040/46/1331 12039/7/1332
f 12041/23/1333 12042/27/1336 12046/24/1334
f 12043/26/1335 12047/29/1338 12046/24/1334
f 12043/26/1335 12044/28/1337 12048/45/1337
f 12049/10/1339 12050/8/1341 12054/12/1340
f 12050/8/1341 12051/11/1344 12055/14/1342
f 12052/22/1343 12056/13/1543 12055/14/1342
f 12057/30/1345 12058/34/1347 12062/31/1346
f 12058/34/1347 12059/33/1350 12063/36/1348
f 12060/35/1349 12064/44/1544 12063/36/1348
f 12065/10/1351 12066/8/1355 12070/12/2993
f 12067/11/2043 12071/14/1357 12070/12/2993
f 12068/22/1356 12072/13/1356 12071/14/1357
f 12074/19/1358 12078/16/1361 12077/17/1359
f 12075/18/2994 12079/21/1363 12078/16/1361
f 12076/20/1362 12080/47/1545 12079/21/1363
f 12081/1/1364 12082/5/1367 12086/2/1365
f 12083/4/1366 12087/7/1369 12086/2/1365
f 12084/6/1368 12088/46/1368 12087/7/1369
f 12090/8/1370 12094/12/1574 12093/9/2995
f 12091/11/1373 12095/14/2046 12094/12/1574
f 12092/22/1375 12096/13/1546 12095/14/2046
f 12098/19/1377 12102/16/1380 12101/17/1378
f 12099/18/1379 12103/21/1382 12102/16/1380
f 12100/20/1381 12104/47/1381 12103/21/1382
f 12106/41/1383 12110/38/1387 12109/39/1384
f 12107/40/2996 12111/43/1577 12110/38/1387
f 12108/42/1388 12112/48/1547 12111/43/1577
f 12113/15/1390 12114/19/1393 12118/16/1391
f 12115/18/1578 12119/21/1395 12118/16/1391
f 12116/20/1579 12120/47/1548 12119/21/1395
f 12121/30/1396 12122/34/1399 12126/31/1397
f 12123/33/1398 12127/36/1401 12126/31/1397
f 12124/35/1400 12128/44/1549 12127/36/1401
f 12130/8/1402 12134/12/1406 12133/9/1580
f 12131/11/1405 12135/14/1408 12134/12/1406
f 12132/22/1407 12136/13/1550 12135/14/1408
f 12137/23/1409 12138/27/1412 12142/24/1410
f 12139/26/1411 12143/29/1414 12142/24/1410
f 12139/26/1411 12140/28/1618 12144/45/1413
f 12145/15/1415 12146/19/1418 12150/16/1416
f 12147/18/1581 12151/21/1582 12150/16/1416
f 12148/20/1419 12152/47/1419 12151/21/1582
f 12153/10/1421 12154/8/1424 12158/12/1422
f 12154/8/1424 12155/11/1427 12159/14/1425
f 12156/22/1426 12160/13/1552 12159/14/1425
f 12161/23/1428 12162/27/1431 12166/24/1429
f 12163/26/1430 12167/29/1433 12166/24/1429
f 12163/26/1430 12164/28/1553 12168/45/1432
f 12169/10/1434 12170/8/2063 12174/12/1435
f 12171/11/1437 12175/14/1440 12174/12/1435
f 12172/22/1439 12176/13/1439 12175/14/1440
f 12177/30/1441 12178/34/1444 12182/31/1442
f 12179/33/1443 12183/36/1446 12182/31/1442
f 12180/35/1445 12184/44/1445 12183/36/1446
f 12185/15/1447 12186/19/1450 12190/16/1448
f 12187/18/1449 12191/21/1452 12190/16/1448
f 12188/20/1451 12192/47/1598 12191/21/1452
f 12193/37/1453 12194/41/1456 12198/38/1454
f 12195/40/1455 12199/43/1458 12198/38/1454
f 12196/42/1457 12200/48/1457 12199/43/1458
f 12201/1/1459 12202/5/1614 12206/2/1460
f 12203/4/1461 12207/7/1464 12206/2/1460
f 12204/6/1463 12208/46/1463 12207/7/1464
f 12209/15/1465 12210/19/1468 12214/16/1466
f 12211/18/1467 12215/21/1470 12214/16/1466
f 12212/20/1469 12216/47/1555 12215/21/1470
f 12217/10/1471 12218/8/1474 12222/12/1472
f 12218/8/1474 12219/11/1477 12223/14/1475
f 12220/22/1476 12224/13/1556 12223/14/1475
f 12225/23/1585 12226/27/1482 12230/24/1479
f 12227/26/1481 12231/29/1586 12230/24/1479
f 12228/28/1483 12232/45/1557 12231/29/1586
f 12233/10/1485 12234/8/1488 12238/12/1486
f 12235/11/1487 12239/14/1490 12238/12/1486
f 12236/22/1489 12240/13/1558 12239/14/1490
f 12241/30/1491 12242/34/1494 12246/31/1588
f 12243/33/1493 12247/36/1496 12246/31/1588
f 12244/35/1495 12248/44/1495 12247/36/1496
f 12249/1/1497 12250/5/1500 12254/2/1498
f 12251/4/1499 12255/7/1502 12254/2/1498
f 12252/6/1501 12256/46/1501 12255/7/1502
f 12257/37/1503 12258/41/1506 12262/38/1589
f 12259/40/1505 12263/43/1508 12262/38/1589
f 12260/42/1507 12264/48/1560 12263/43/1508
f 12265/15/1509 12266/19/1512 12270/16/1510
f 12267/18/1511 12271/21/1514 12270/16/1510
f 12268/20/1513 12272/47/1513 12271/21/1514
f 12273/30/1515 12274/34/1518 12278/31/2053
f 12275/33/1517 12279/36/1520 12278/31/2053
f 12276/35/2997 12280/44/1519 12279/36/1520
f 12281/1/1521 12282/5/1524 12286/2/1522
f 12283/4/1523 12287/7/1526 12286/2/1522
f 12284/6/1525 12288/46/1525 12287/7/1526
f 12289/37/1527 12290/41/1530 12294/38/1528
f 12291/40/2998 12295/43/2999 12294/38/1528
f 12292/42/1531 12296/48/1531 12295/43/2999
f 12297/1/1202 12302/2/1203 12301/3/1202
f 12299/4/1204 12302/2/1203 12298/5/1205
f 12300/6/1206 12303/7/1207 12299/4/1204
f 12306/8/1208 12309/9/1209 12305/10/1209
f 12307/11/1210 12310/12/1211 12306/8/1208
f 12307/11/1210 12312/13/1212 12311/14/1213
f 12313/15/1214 12318/16/1215 12317/17/1214
f 12315/18/1216 12318/16/1215 12314/19/1217
f 12316/20/1218 12319/21/1219 12315/18/1216
f 12321/10/1220 12326/12/1561 12325/9/1220
f 12323/11/1222 12326/12/1561 12322/8/1223
f 12324/22/1224 12327/14/1225 12323/11/1222
f 12329/23/1226 12334/24/1227 12333/25/1228
f 12331/26/1229 12334/24/1227 12330/27/1230
f 12332/28/1231 12335/29/1232 12331/26/1229
f 12337/10/1233 12342/12/1234 12341/9/1233
f 12338/8/1235 12343/14/1236 12342/12/1234
f 12340/22/1237 12343/14/1236 12339/11/1238
f 12345/30/1239 12350/31/1240 12349/32/1239
f 12347/33/1241 12350/31/1240 12346/34/1242
f 12348/35/1243 12351/36/1244 12347/33/1241
f 12353/15/1245 12358/16/1246 12357/17/1245
f 12355/18/1247 12358/16/1246 12354/19/1248
f 12356/20/1249 12359/21/1250 12355/18/1247
f 12361/37/1251 12366/38/1562 12365/39/1251
f 12363/40/1253 12366/38/1562 12362/41/1254
f 12364/42/1255 12367/43/2059 12363/40/1253
f 12370/34/1257 12373/32/1258 12369/30/1259
f 12371/33/1564 12374/31/1261 12370/34/1257
f 12371/33/1564 12376/44/1262 12375/36/1263
f 12377/10/1264 12382/12/1265 12381/9/1264
f 12379/11/1266 12382/12/1265 12378/8/1267
f 12380/22/1268 12383/14/1269 12379/11/1266
f 12385/23/1607 12390/24/1271 12389/25/1607
f 12387/26/1272 12390/24/1271 12386/27/1273
f 12387/26/1272 12392/45/1274 12391/29/1275
f 12394/19/1276 12397/17/1277 12393/15/1277
f 12395/18/1278 12398/16/1279 12394/19/1276
f 12396/20/1280 12399/21/1281 12395/18/1278
f 12401/10/1282 12406/12/1283 12405/9/1284
f 12402/8/3001 12407/14/1286 12406/12/1283
f 12403/11/1287 12408/13/1288 12407/14/1286
f 12409/23/1289 12414/24/1290 12413/25/1291
f 12411/26/1292 12414/24/1290 12410/27/1293
f 12412/28/1294 12415/29/1295 12411/26/1292
f 12417/10/1296 12422/12/1297 12421/9/1610
f 12419/11/1299 12422/12/1297 12418/8/1300
f 12420/22/1301 12423/14/1302 12419/11/1299
f 12425/30/1303 12430/31/1304 12429/32/1303
f 12427/33/1305 12430/31/1304 12426/34/1306
f 12428/35/1307 12431/36/1308 12427/33/1305
f 12433/15/1309 12438/16/1310 12437/17/1309
f 12435/18/1311 12438/16/1310 12434/19/1568
f 12436/20/1313 12439/21/1314 12435/18/1311
f 12441/37/1315 12446/38/1316 12445/39/1315
f 12443/40/1317 12446/38/1316 12442/41/1318
f 12444/42/1541 12447/43/1320 12443/40/1317
f 12449/1/1569 12454/2/1322 12453/3/1569
f 12451/4/1323 12454/2/1322 12450/5/1324
f 12451/4/1323 12456/46/1325 12455/7/1326
f 12457/1/1327 12462/2/1328 12461/3/1327
f 12459/4/1329 12462/2/1328 12458/5/1330
f 12460/6/1331 12463/7/1332 12459/4/1329
f 12465/23/1333 12470/24/1334 12469/25/1333
f 12467/26/1335 12470/24/1334 12466/27/1336
f 12467/26/1335 12472/45/1337 12471/29/1338
f 12473/10/1339 12478/12/1340 12477/9/1339
f 12474/8/1341 12479/14/1342 12478/12/1340
f 12476/22/1343 12479/14/1342 12475/11/1344
f 12481/30/1345 12486/31/1346 12485/32/1345
f 12482/34/1347 12487/36/1348 12486/31/1346
f 12484/35/1349 12487/36/1348 12483/33/1350
f 12489/10/1351 12494/12/2993 12493/9/1351
f 12491/11/2043 12494/12/2993 12490/8/1355
f 12492/22/1571 12495/14/1357 12491/11/2043
f 12498/19/1358 12501/17/1359 12497/15/1359
f 12499/18/1360 12502/16/1361 12498/19/1358
f 12500/20/1362 12503/21/1363 12499/18/1360
f 12505/1/1364 12510/2/1365 12509/3/1364
f 12507/4/1366 12510/2/1365 12506/5/2061
f 12508/6/1981 12511/7/1369 12507/4/1366
f 12514/8/1370 12517/9/1371 12513/10/1372
f 12515/11/1373 12518/12/1374 12514/8/1370
f 12516/22/1982 12519/14/2046 12515/11/1373
f 12522/19/1377 12525/17/1378 12521/15/2047
f 12523/18/1612 12526/16/1380 12522/19/1377
f 12524/20/1381 12527/21/1382 12523/18/1612
f 12530/41/1383 12533/39/1384 12529/37/1385
f 12531/40/1386 12534/38/1576 12530/41/1383
f 12532/42/1388 12535/43/1577 12531/40/1386
f 12537/15/1390 12542/16/1391 12541/17/1390
f 12539/18/1578 12542/16/1391 12538/19/1393
f 12540/20/1579 12543/21/1395 12539/18/1578
f 12545/30/1396 12550/31/1397 12549/32/1396
f 12547/33/1398 12550/31/1397 12546/34/1399
f 12548/35/1400 12551/36/1401 12547/33/1398
f 12554/8/1402 12557/9/3002 12553/10/1404
f 12555/11/1405 12558/12/1406 12554/8/1402
f 12556/22/1407 12559/14/1408 12555/11/1405
f 12561/23/1409 12566/24/1410 12565/25/1409
f 12563/26/1411 12566/24/1410 12562/27/1412
f 12563/26/1411 12568/45/3003 12567/29/1414
f 12569/15/1415 12574/16/1416 12573/17/1415
f 12571/18/1417 12574/16/1416 12570/19/1418
f 12572/20/1419 12575/21/1582 12571/18/1417
f 12577/10/1421 12582/12/1422 12581/9/1423
f 12578/8/1424 12583/14/1425 12582/12/1422
f 12580/22/1426 12583/14/1425 12579/11/1427
f 12585/23/1428 12590/24/1429 12589/25/1428
f 12587/26/1430 12590/24/1429 12586/27/1431
f 12587/26/1430 12592/45/1432 12591/29/1433
f 12593/10/1434 12598/12/1435 12597/9/1436
f 12595/11/1437 12598/12/1435 12594/8/1438
f 12596/22/1985 12599/14/1440 12595/11/1437
f 12601/30/1441 12606/31/1442 12605/32/1441
f 12603/33/1443 12606/31/1442 12602/34/1444
f 12604/35/1445 12607/36/1446 12603/33/1443
f 12609/15/1447 12614/16/1448 12613/17/1447
f 12611/18/1449 12614/16/1448 12610/19/1450
f 12612/20/1451 12615/21/1452 12611/18/1449
f 12617/37/1453 12622/38/1454 12621/39/1453
f 12619/40/1455 12622/38/1454 12618/41/1456
f 12620/42/1457 12623/43/1458 12619/40/1455
f 12625/1/1459 12630/2/1460 12629/3/1459
f 12627/4/1461 12630/2/1460 12626/5/1614
f 12628/6/1463 12631/7/1464 12627/4/1461
f 12633/15/1465 12638/16/1466 12637/17/1465
f 12635/18/1467 12638/16/1466 12634/19/1468
f 12636/20/1469 12639/21/1470 12635/18/1467
f 12641/10/1471 12646/12/1472 12645/9/1473
f 12642/8/1474 12647/14/1475 12646/12/1472
f 12644/22/1476 12647/14/1475 12643/11/1477
f 12649/23/1585 12654/24/1479 12653/25/1480
f 12651/26/1481 12654/24/1479 12650/27/1482
f 12652/28/1483 12655/29/1586 12651/26/1481
f 12657/10/1485 12662/12/1486 12661/9/1485
f 12659/11/1487 12662/12/1486 12658/8/1488
f 12660/22/1489 12663/14/1490 12659/11/1487
f 12665/30/1491 12670/31/1492 12669/32/1491
f 12667/33/1493 12670/31/1492 12666/34/1494
f 12668/35/1495 12671/36/1496 12667/33/1493
f 12673/1/1497 12678/2/1498 12677/3/1497
f 12675/4/1499 12678/2/1498 12674/5/1500
f 12676/6/1559 12679/7/1502 12675/4/1499
f 12681/37/1503 12686/38/1589 12685/39/1503
f 12683/40/1505 12686/38/1589 12682/41/1506
f 12684/42/1507 12687/43/1508 12683/40/1505
f 12689/15/1509 12694/16/1510 12693/17/1509
f 12691/18/1511 12694/16/1510 12690/19/1512
f 12692/20/1513 12695/21/1514 12691/18/1511
f 12697/30/1515 12702/31/1590 12701/32/1515
f 12699/33/1517 12702/31/1590 12698/34/1518
f 12700/35/1519 12703/36/1520 12699/33/1517
f 12705/1/1521 12710/2/1522 12709/3/1521
f 12707/4/1523 12710/2/1522 12706/5/1524
f 12708/6/1525 12711/7/1526 12707/4/1523
f 12713/37/1527 12718/38/1528 12717/39/1527
f 12715/40/1591 12718/38/1528 12714/41/1530
f 12716/42/1531 12719/43/2055 12715/40/1591
f 12297/1/1202 12298/5/1205 12302/2/1203
f 12299/4/1204 12303/7/1207 12302/2/1203
f 12300/6/1206 12304/46/1206 12303/7/1207
f 12306/8/1208 12310/12/1211 12309/9/1209
f 12307/11/1210 12311/14/1213 12310/12/1211
f 12307/11/1210 12308/22/1212 12312/13/1212
f 12313/15/1214 12314/19/1217 12318/16/1215
f 12315/18/1216 12319/21/1219 12318/16/1215
f 12316/20/1218 12320/47/1593 12319/21/1219
f 12321/10/1220 12322/8/1223 12326/12/1561
f 12323/11/1222 12327/14/1225 12326/12/1561
f 12324/22/1224 12328/13/1224 12327/14/1225
f 12329/23/1226 12330/27/1230 12334/24/1227
f 12331/26/1229 12335/29/1232 12334/24/1227
f 12332/28/1231 12336/45/1534 12335/29/1232
f 12337/10/1233 12338/8/1235 12342/12/1234
f 12338/8/1235 12339/11/1238 12343/14/1236
f 12340/22/1237 12344/13/1237 12343/14/1236
f 12345/30/1239 12346/34/1242 12350/31/1240
f 12347/33/1241 12351/36/1244 12350/31/1240
f 12348/35/1243 12352/44/1243 12351/36/1244
f 12353/15/1245 12354/19/1248 12358/16/1246
f 12355/18/1247 12359/21/1250 12358/16/1246
f 12356/20/1249 12360/47/1594 12359/21/1250
f 12361/37/1251 12362/41/1254 12366/38/1562
f 12363/40/1253 12367/43/2059 12366/38/1562
f 12364/42/1255 12368/48/1255 12367/43/2059
f 12370/34/1257 12374/31/1261 12373/32/1258
f 12371/33/1564 12375/36/1263 12374/31/1261
f 12371/33/1564 12372/35/1536 12376/44/1262
f 12377/10/1264 12378/8/1267 12382/12/1265
f 12379/11/1266 12383/14/1269 12382/12/1265
f 12380/22/1268 12384/13/1537 12383/14/1269
f 12385/23/1607 12386/27/1273 12390/24/1271
f 12387/26/1272 12391/29/1275 12390/24/1271
f 12387/26/1272 12388/28/1538 12392/45/1274
f 12394/19/1276 12398/16/1279 12397/17/1277
f 12395/18/1278 12399/21/1281 12398/16/1279
f 12396/20/1280 12400/47/1280 12399/21/1281
f 12401/10/1282 12402/8/3001 12406/12/1283
f 12402/8/3001 12403/11/1287 12407/14/1286
f 12403/11/1287 12404/22/1595 12408/13/1288
f 12409/23/1289 12410/27/1293 12414/24/1290
f 12411/26/1292 12415/29/1295 12414/24/1290
f 12412/28/1294 12416/45/3000 12415/29/1295
f 12417/10/1296 12418/8/1300 12422/12/1297
f 12419/11/1299 12423/14/1302 12422/12/1297
f 12420/22/1301 12424/13/1301 12423/14/1302
f 12425/30/1303 12426/34/1306 12430/31/1304
f 12427/33/1305 12431/36/1308 12430/31/1304
f 12428/35/1307 12432/44/1307 12431/36/1308
f 12433/15/1309 12434/19/1568 12438/16/1310
f 12435/18/1311 12439/21/1314 12438/16/1310
f 12436/20/1313 12440/47/1313 12439/21/1314
f 12441/37/1315 12442/41/1318 12446/38/1316
f 12443/40/1317 12447/43/1320 12446/38/1316
f 12444/42/1541 12448/48/1541 12447/43/1320
f 12449/1/1569 12450/5/1324 12454/2/1322
f 12451/4/1323 12455/7/1326 12454/2/1322
f 12451/4/1323 12452/6/1542 12456/46/1325
f 12457/1/1327 12458/5/1330 12462/2/1328
f 12459/4/1329 12463/7/1332 12462/2/1328
f 12460/6/1331 12464/46/1331 12463/7/1332
f 12465/23/1333 12466/27/1336 12470/24/1334
f 12467/26/1335 12471/29/1338 12470/24/1334
f 12467/26/1335 12468/28/1337 12472/45/1337
f 12473/10/1339 12474/8/1341 12478/12/1340
f 12474/8/1341 12475/11/1344 12479/14/1342
f 12476/22/1343 12480/13/1596 12479/14/1342
f 12481/30/1345 12482/34/1347 12486/31/1346
f 12482/34/1347 12483/33/1350 12487/36/1348
f 12484/35/1349 12488/44/1544 12487/36/1348
f 12489/10/1351 12490/8/1355 12494/12/2993
f 12491/11/2043 12495/14/1357 12494/12/2993
f 12492/22/1571 12496/13/1356 12495/14/1357
f 12498/19/1358 12502/16/1361 12501/17/1359
f 12499/18/1360 12503/21/1363 12502/16/1361
f 12500/20/1362 12504/47/1545 12503/21/1363
f 12505/1/1364 12506/5/2061 12510/2/1365
f 12507/4/1366 12511/7/1369 12510/2/1365
f 12508/6/1981 12512/46/1981 12511/7/1369
f 12514/8/1370 12518/12/1374 12517/9/1371
f 12515/11/1373 12519/14/2046 12518/12/1374
f 12516/22/1982 12520/13/1597 12519/14/2046
f 12522/19/1377 12526/16/1380 12525/17/1378
f 12523/18/1612 12527/21/1382 12526/16/1380
f 12524/20/1381 12528/47/1381 12527/21/1382
f 12530/41/1383 12534/38/1576 12533/39/1384
f 12531/40/1386 12535/43/1577 12534/38/1576
f 12532/42/1388 12536/48/1547 12535/43/1577
f 12537/15/1390 12538/19/1393 12542/16/1391
f 12539/18/1578 12543/21/1395 12542/16/1391
f 12540/20/1579 12544/47/1548 12543/21/1395
f 12545/30/1396 12546/34/1399 12550/31/1397
f 12547/33/1398 12551/36/1401 12550/31/1397
f 12548/35/1400 12552/44/1549 12551/36/1401
f 12554/8/1402 12558/12/1406 12557/9/3002
f 12555/11/1405 12559/14/1408 12558/12/1406
f 12556/22/1407 12560/13/1550 12559/14/1408
f 12561/23/1409 12562/27/1412 12566/24/1410
f 12563/26/1411 12567/29/1414 12566/24/1410
f 12563/26/1411 12564/28/1551 12568/45/3003
f 12569/15/1415 12570/19/1418 12574/16/1416
f 12571/18/1417 12575/21/1582 12574/16/1416
f 12572/20/1419 12576/47/1419 12575/21/1582
f 12577/10/1421 12578/8/1424 12582/12/1422
f 12578/8/1424 12579/11/1427 12583/14/1425
f 12580/22/1426 12584/13/1552 12583/14/1425
f 12585/23/1428 12586/27/1431 12590/24/1429
f 12587/26/1430 12591/29/1433 12590/24/1429
f 12587/26/1430 12588/28/1553 12592/45/1432
f 12593/10/1434 12594/8/1438 12598/12/1435
f 12595/11/1437 12599/14/1440 12598/12/1435
f 12596/22/1985 12600/13/1985 12599/14/1440
f 12601/30/1441 12602/34/1444 12606/31/1442
f 12603/33/1443 12607/36/1446 12606/31/1442
f 12604/35/1445 12608/44/1445 12607/36/1446
f 12609/15/1447 12610/19/1450 12614/16/1448
f 12611/18/1449 12615/21/1452 12614/16/1448
f 12612/20/1451 12616/47/1554 12615/21/1452
f 12617/37/1453 12618/41/1456 12622/38/1454
f 12619/40/1455 12623/43/1458 12622/38/1454
f 12620/42/1457 12624/48/1457 12623/43/1458
f 12625/1/1459 12626/5/1614 12630/2/1460
f 12627/4/1461 12631/7/1464 12630/2/1460
f 12628/6/1463 12632/46/1463 12631/7/1464
f 12633/15/1465 12634/19/1468 12638/16/1466
f 12635/18/1467 12639/21/1470 12638/16/1466
f 12636/20/1469 12640/47/1555 12639/21/1470
f 12641/10/1471 12642/8/1474 12646/12/1472
f 12642/8/1474 12643/11/1477 12647/14/1475
f 12644/22/1476 12648/13/1556 12647/14/1475
f 12649/23/1585 12650/27/1482 12654/24/1479
f 12651/26/1481 12655/29/1586 12654/24/1479
f 12652/28/1483 12656/45/1557 12655/29/1586
f 12657/10/1485 12658/8/1488 12662/12/1486
f 12659/11/1487 12663/14/1490 12662/12/1486
f 12660/22/1489 12664/13/1558 12663/14/1490
f 12665/30/1491 12666/34/1494 12670/31/1492
f 12667/33/1493 12671/36/1496 12670/31/1492
f 12668/35/1495 12672/44/1495 12671/36/1496
f 12673/1/1497 12674/5/1500 12678/2/1498
f 12675/4/1499 12679/7/1502 12678/2/1498
f 12676/6/1559 12680/46/1559 12679/7/1502
f 12681/37/1503 12682/41/1506 12686/38/1589
f 12683/40/1505 12687/43/1508 12686/38/1589
f 12684/42/1507 12688/48/1560 12687/43/1508
f 12689/15/1509 12690/19/1512 12694/16/1510
f 12691/18/1511 12695/21/1514 12694/16/1510
f 12692/20/1513 12696/47/1513 12695/21/1514
f 12697/30/1515 12698/34/1518 12702/31/1590
f 12699/33/1517 12703/36/1520 12702/31/1590
f 12700/35/1519 12704/44/1519 12703/36/1520
f 12705/1/1521 12706/5/1524 12710/2/1522
f 12707/4/1523 12711/7/1526 12710/2/1522
f 12708/6/1525 12712/46/1525 12711/7/1526
f 12713/37/1527 12714/41/1530 12718/38/1528
f 12715/40/1591 12719/43/2055 12718/38/1528
f 12716/42/1531 12720/48/1531 12719/43/2055
