# Blender 4.1.0
# www.blender.org
mtllib CliffRocks.mtl
o stone_big_3.006
v 0.269956 -0.061315 0.904342
v 0.275721 -0.061288 0.904471
v 0.286578 -0.045605 0.899111
v 0.291083 -0.053252 0.906199
v 0.273669 -0.051637 0.913625
v 0.278558 -0.061431 0.900360
v 0.287076 -0.058660 0.910397
v 0.271002 -0.048995 0.911607
v 0.287092 -0.044441 0.903560
v 0.273181 -0.059208 0.914285
v 0.289025 -0.059870 0.898011
v 0.271563 -0.049478 0.899721
v 0.269302 -0.045268 0.903257
v 0.281072 -0.051862 0.896748
v 0.267663 -0.048826 0.905287
v 0.266866 -0.050944 0.901556
v 0.273893 -0.043625 0.900472
v 0.270175 -0.060275 0.909425
v 0.285959 -0.052143 0.897499
v 0.273504 -0.053664 0.914975
v 0.288328 -0.049016 0.899462
v 0.265937 -0.061273 0.903264
v 0.291234 -0.060548 0.905764
v 0.275417 -0.057107 0.897254
v 0.284574 -0.048766 0.910199
v 0.273572 -0.060928 0.906095
v 0.284704 -0.046989 0.908898
v 0.283035 -0.059844 0.895768
v 0.268489 -0.060793 0.898453
v 0.277483 -0.057447 0.914351
v 0.269658 -0.061957 0.900693
v 0.288782 -0.051794 0.907903
v 0.272523 -0.043297 0.900949
v 0.274451 -0.061473 0.912323
v 0.281868 -0.043526 0.902289
v 0.285675 -0.061262 0.898267
v 0.282921 -0.060983 0.912548
v 0.280293 -0.044171 0.898776
v 0.272568 -0.043832 0.908728
v 0.286017 -0.061989 0.909259
v 0.264742 -0.059565 0.905834
v 0.284289 -0.045573 0.897838
v 0.285383 -0.061429 0.903715
v 0.267192 -0.060075 0.908243
v 0.272276 -0.053590 0.899050
v 0.276581 -0.043051 0.905075
v 0.276847 -0.059070 0.897009
v 0.281886 -0.061993 0.906190
v 0.277947 -0.054242 0.897397
v 0.278663 -0.043112 0.901258
v 0.266412 -0.056913 0.904774
v 0.280105 -0.061632 0.897467
v 0.285843 -0.051227 0.909907
v 0.268449 -0.050440 0.908611
v 0.286228 -0.059969 0.896346
v 0.265913 -0.056979 0.907365
v 0.276069 -0.061067 0.897503
v 0.284490 -0.053415 0.912220
v 0.274246 -0.061191 0.903540
v 0.269576 -0.048842 0.900117
v 0.268011 -0.056801 0.914334
v 0.282563 -0.056559 0.896024
v 0.286949 -0.046434 0.905813
v 0.274234 -0.060759 0.913584
v 0.281750 -0.043885 0.907742
v 0.269554 -0.058462 0.897956
v 0.275323 -0.048704 0.898719
v 0.284759 -0.062034 0.905011
v 0.264950 -0.057790 0.905069
v 0.279846 -0.054085 0.896498
v 0.265882 -0.055551 0.904141
v 0.283936 -0.043800 0.899307
v 0.279025 -0.046904 0.910524
v 0.266920 -0.051369 0.902292
v 0.279485 -0.049877 0.912923
v 0.271573 -0.060942 0.912575
v 0.271177 -0.053258 0.914856
v 0.267759 -0.061502 0.903989
v 0.278143 -0.050064 0.897403
v 0.270911 -0.053878 0.898665
v 0.271658 -0.042128 0.902593
v 0.290801 -0.053924 0.903262
v 0.273828 -0.048981 0.911784
v 0.266151 -0.053634 0.901582
v 0.290792 -0.059899 0.906640
v 0.267391 -0.058269 0.913557
v 0.283639 -0.048431 0.910994
v 0.274444 -0.056949 0.897927
v 0.289613 -0.057467 0.898648
v 0.268453 -0.060838 0.907036
v 0.282086 -0.046178 0.897765
v 0.267761 -0.059532 0.913541
v 0.273772 -0.049470 0.899208
v 0.277611 -0.052039 0.914413
v 0.272793 -0.061332 0.898129
v 0.287103 -0.060692 0.910194
v 0.271171 -0.047050 0.910419
v 0.285839 -0.043852 0.900258
v 0.281491 -0.043490 0.904225
v 0.267541 -0.057200 0.898581
v 0.285272 -0.044039 0.904394
v 0.283168 -0.052515 0.896078
v 0.284206 -0.047915 0.897389
v 0.285215 -0.061461 0.905607
v 0.282354 -0.049821 0.896945
v 0.274390 -0.060390 0.897285
v 0.285571 -0.047550 0.908147
v 0.271667 -0.061556 0.901381
v 0.276823 -0.044780 0.898792
v 0.283992 -0.061809 0.896309
v 0.279510 -0.061884 0.913472
v 0.285833 -0.060706 0.896575
v 0.272491 -0.058278 0.897559
v 0.280667 -0.045120 0.897818
v 0.270976 -0.042153 0.903772
v 0.264985 -0.057769 0.906001
v 0.271434 -0.051310 0.899790
v 0.274819 -0.043134 0.907961
v 0.277358 -0.060925 0.897773
v 0.267893 -0.059736 0.898429
v 0.272335 -0.044889 0.900549
v 0.290059 -0.049893 0.905633
v 0.267168 -0.055858 0.910397
v 0.266960 -0.062305 0.901958
v 0.287845 -0.047414 0.900972
v 0.278152 -0.060756 0.898740
v 0.286824 -0.061100 0.905482
v 0.279564 -0.062100 0.911108
v 0.281704 -0.062147 0.908606
v 0.280133 -0.056385 0.914437
v 0.279163 -0.061535 0.908166
v 0.283069 -0.054425 0.913174
v 0.272468 -0.056333 0.898731
v 0.276531 -0.043431 0.908389
v 0.290083 -0.051138 0.902524
v 0.279869 -0.050746 0.896884
v 0.268344 -0.058989 0.914037
v 0.278241 -0.061771 0.904459
v 0.284304 -0.044025 0.905901
v 0.267515 -0.057504 0.912278
v 0.286575 -0.060436 0.897016
v 0.270945 -0.061543 0.898211
v 0.268576 -0.053635 0.911994
v 0.290486 -0.059945 0.902373
v 0.281700 -0.049083 0.897230
v 0.277808 -0.048176 0.911719
v 0.284044 -0.050845 0.896971
v 0.266292 -0.060057 0.905886
v 0.277511 -0.050890 0.897761
v 0.270735 -0.059646 0.913909
v 0.268720 -0.048754 0.901465
v 0.281872 -0.052664 0.913855
v 0.277235 -0.061466 0.908019
v 0.266499 -0.054482 0.906307
v 0.284952 -0.056879 0.896162
v 0.278560 -0.061597 0.902770
v 0.276326 -0.060133 0.913900
v 0.284209 -0.051945 0.912001
v 0.267431 -0.060166 0.906458
v 0.289789 -0.060707 0.906835
v 0.286504 -0.060665 0.902338
v 0.283406 -0.044945 0.898125
v 0.274815 -0.056814 0.914664
v 0.287393 -0.049940 0.908237
v 0.270543 -0.043249 0.905236
v 0.282136 -0.062071 0.912302
v 0.283291 -0.056139 0.895698
v 0.274409 -0.055215 0.898353
v 0.269229 -0.054111 0.914668
v 0.291332 -0.054515 0.905396
v 0.280289 -0.043395 0.900052
v 0.290333 -0.054181 0.900840
v 0.280045 -0.061296 0.913854
v 0.270086 -0.060769 0.912914
v 0.266496 -0.052779 0.904643
v 0.290169 -0.060457 0.907081
v 0.284590 -0.059776 0.896280
v 0.279962 -0.059783 0.914201
v 0.266519 -0.059111 0.908250
v 0.286498 -0.060701 0.900468
v 0.266298 -0.056539 0.906312
v 0.283450 -0.061322 0.895938
v 0.265194 -0.056460 0.903808
v 0.280124 -0.059096 0.896576
v 0.269421 -0.047124 0.907557
v 0.289955 -0.053476 0.899471
v 0.273707 -0.061095 0.908677
v 0.266938 -0.059172 0.912150
v 0.282425 -0.051933 0.913609
v 0.270864 -0.043469 0.906833
v 0.283989 -0.057083 0.896274
v 0.290251 -0.052401 0.900939
v 0.286410 -0.056915 0.910817
v 0.282771 -0.061863 0.902476
v 0.283994 -0.045570 0.908583
v 0.289962 -0.060200 0.901689
v 0.283170 -0.044088 0.907508
v 0.270451 -0.049348 0.911345
v 0.277004 -0.061862 0.913166
v 0.284488 -0.044119 0.907484
v 0.283700 -0.047050 0.897824
v 0.267868 -0.060031 0.912862
v 0.280881 -0.046112 0.909598
v 0.278621 -0.055495 0.896679
v 0.266997 -0.058224 0.912083
v 0.278241 -0.042856 0.901705
v 0.285043 -0.044879 0.906614
v 0.277433 -0.053574 0.914707
v 0.286076 -0.044018 0.904231
v 0.288468 -0.058194 0.908957
v 0.276885 -0.054359 0.897530
v 0.285427 -0.061706 0.896627
v 0.278639 -0.045400 0.898025
v 0.270717 -0.060971 0.907117
v 0.278007 -0.044284 0.899024
v 0.291327 -0.060009 0.905211
v 0.267466 -0.049334 0.902851
v 0.271880 -0.042514 0.905704
v 0.284777 -0.061855 0.910522
v 0.289622 -0.058891 0.899051
v 0.283235 -0.048813 0.896842
v 0.271107 -0.052169 0.899423
v 0.275512 -0.042521 0.902269
v 0.278068 -0.055595 0.897059
v 0.269220 -0.061893 0.899492
v 0.280658 -0.057622 0.896079
v 0.271799 -0.060784 0.907151
v 0.286478 -0.043887 0.902661
v 0.265720 -0.057479 0.905608
v 0.284223 -0.062285 0.909369
v 0.290741 -0.051725 0.906108
v 0.282703 -0.047590 0.910612
v 0.271154 -0.044611 0.908598
v 0.281562 -0.051031 0.896955
v 0.282110 -0.054054 0.913683
v 0.277632 -0.061838 0.910528
v 0.270309 -0.047642 0.909706
v 0.277961 -0.057572 0.896873
v 0.268051 -0.051283 0.899499
v 0.282706 -0.045422 0.908558
v 0.271045 -0.045921 0.900571
v 0.276279 -0.048456 0.911803
v 0.269474 -0.060566 0.908887
v 0.276219 -0.051372 0.898093
v 0.265688 -0.060878 0.904312
v 0.275655 -0.047447 0.910763
v 0.283241 -0.051532 0.896488
v 0.285217 -0.061917 0.903246
v 0.289888 -0.050399 0.906414
v 0.272684 -0.057615 0.914550
v 0.286227 -0.053900 0.910597
v 0.272256 -0.045858 0.909802
v 0.290011 -0.051477 0.900015
v 0.265848 -0.057253 0.904696
v 0.274097 -0.052528 0.914714
v 0.275215 -0.051927 0.914583
v 0.270981 -0.045040 0.901752
v 0.285597 -0.060862 0.899329
v 0.282256 -0.049155 0.897386
v 0.270341 -0.052780 0.914502
v 0.283861 -0.061977 0.908001
v 0.279443 -0.056822 0.896478
v 0.269802 -0.051645 0.899144
v 0.285332 -0.059702 0.896152
v 0.280771 -0.050702 0.913191
v 0.274580 -0.057429 0.914412
v 0.279017 -0.045189 0.909237
v 0.272399 -0.054646 0.914965
v 0.267586 -0.061903 0.902893
v 0.287916 -0.061297 0.908011
v 0.286095 -0.055046 0.897044
v 0.270400 -0.049204 0.900057
v 0.266738 -0.055191 0.908702
v 0.289025 -0.058637 0.898085
v 0.272576 -0.057509 0.897868
v 0.283040 -0.050600 0.912702
v 0.269453 -0.048130 0.900628
v 0.276702 -0.061093 0.901536
v 0.278671 -0.043771 0.908335
v 0.272741 -0.052366 0.899095
v 0.267767 -0.052220 0.908762
v 0.284091 -0.060849 0.911817
v 0.265394 -0.057114 0.906758
v 0.265726 -0.055192 0.902343
v 0.284473 -0.061534 0.906631
v 0.283568 -0.062243 0.910695
v 0.285430 -0.061199 0.901215
v 0.269899 -0.046721 0.901565
v 0.282082 -0.051268 0.913429
v 0.287923 -0.060117 0.897257
v 0.275650 -0.053933 0.914748
v 0.269467 -0.045960 0.906410
v 0.267208 -0.054138 0.899089
v 0.288782 -0.060231 0.898106
v 0.283846 -0.055840 0.895818
v 0.266687 -0.059761 0.907153
v 0.266278 -0.056633 0.900714
v 0.266310 -0.055151 0.904730
v 0.284028 -0.054837 0.896184
v 0.268580 -0.046454 0.903092
v 0.276022 -0.056131 0.897536
v 0.265814 -0.059184 0.907287
v 0.268271 -0.047133 0.903735
v 0.274249 -0.045860 0.899507
v 0.270444 -0.042747 0.903909
v 0.272554 -0.047380 0.899995
v 0.288867 -0.060692 0.904922
v 0.277998 -0.060840 0.897613
v 0.279993 -0.062146 0.912843
v 0.265985 -0.054864 0.903672
v 0.267830 -0.050695 0.899861
v 0.285236 -0.061816 0.898780
v 0.267365 -0.050657 0.901859
v 0.284892 -0.044489 0.906195
v 0.279639 -0.046425 0.897610
v 0.279253 -0.054638 0.914505
v 0.269101 -0.060258 0.911058
v 0.266168 -0.058391 0.908033
v 0.266749 -0.062050 0.901590
v 0.285537 -0.061823 0.898323
v 0.582419 -0.043540 0.554231
v 0.594436 -0.043500 0.554499
v 0.617072 -0.019855 0.543325
v 0.626463 -0.031384 0.558101
v 0.590160 -0.028950 0.573584
v 0.600352 -0.043715 0.545928
v 0.618110 -0.039537 0.566853
v 0.584599 -0.024967 0.569375
v 0.618143 -0.018101 0.552599
v 0.589142 -0.040364 0.574960
v 0.622173 -0.041361 0.541030
v 0.585767 -0.025694 0.544596
v 0.581055 -0.019348 0.551967
v 0.605593 -0.029289 0.538398
v 0.577637 -0.024712 0.556199
v 0.575975 -0.027904 0.548421
v 0.590627 -0.016871 0.546162
v 0.582874 -0.041973 0.564827
v 0.615782 -0.029712 0.539963
v 0.589814 -0.032005 0.576398
v 0.620720 -0.024998 0.544055
v 0.574040 -0.043477 0.551981
v 0.626779 -0.042384 0.557195
v 0.593804 -0.037196 0.539452
v 0.612894 -0.024621 0.566441
v 0.589957 -0.042957 0.557885
v 0.613165 -0.021942 0.563728
v 0.609686 -0.041323 0.536355
v 0.579359 -0.042753 0.541952
v 0.598110 -0.037708 0.575097
v 0.581796 -0.044509 0.546623
v 0.621667 -0.029187 0.561653
v 0.587769 -0.016377 0.547156
v 0.591789 -0.043779 0.570869
v 0.607253 -0.016721 0.549949
v 0.615189 -0.043461 0.541564
v 0.609447 -0.043040 0.571338
v 0.603968 -0.017694 0.542626
v 0.587864 -0.017182 0.563375
v 0.615902 -0.044556 0.564482
v 0.571547 -0.040902 0.557340
v 0.612300 -0.019808 0.540670
v 0.614581 -0.043712 0.552922
v 0.576655 -0.041670 0.562362
v 0.587255 -0.031895 0.543197
v 0.596230 -0.016005 0.555759
v 0.596785 -0.040156 0.538942
v 0.607291 -0.044563 0.558082
v 0.599077 -0.032878 0.539750
v 0.600571 -0.016098 0.547799
v 0.575030 -0.036904 0.555131
v 0.603576 -0.044018 0.539896
v 0.615539 -0.028332 0.565832
v 0.579276 -0.027145 0.563130
v 0.616342 -0.041511 0.537559
v 0.573989 -0.037003 0.560533
v 0.595163 -0.043166 0.539971
v 0.612720 -0.031631 0.570654
v 0.591361 -0.043354 0.552557
v 0.581626 -0.024737 0.545421
v 0.578363 -0.036735 0.575061
v 0.608701 -0.036371 0.536887
v 0.617844 -0.021106 0.557298
v 0.591338 -0.042702 0.573498
v 0.607006 -0.017263 0.561318
v 0.581580 -0.039239 0.540916
v 0.593606 -0.024529 0.542507
v 0.613279 -0.044624 0.555624
v 0.571982 -0.038225 0.555745
v 0.603037 -0.032640 0.537876
v 0.573923 -0.034850 0.553811
v 0.611565 -0.017134 0.543733
v 0.601326 -0.021815 0.567118
v 0.576089 -0.028545 0.549956
v 0.602285 -0.026296 0.572120
v 0.585790 -0.042978 0.571395
v 0.584964 -0.031394 0.576150
v 0.577836 -0.043822 0.553494
v 0.599486 -0.026578 0.539764
v 0.584410 -0.032328 0.542393
v 0.585965 -0.014614 0.550583
v 0.625875 -0.032397 0.551978
v 0.590489 -0.024946 0.569744
v 0.574485 -0.031961 0.548476
v 0.625857 -0.041405 0.559022
v 0.577070 -0.038949 0.573442
v 0.610945 -0.024117 0.568099
v 0.591775 -0.036958 0.540857
v 0.623399 -0.037738 0.542358
v 0.579284 -0.042822 0.559846
v 0.607707 -0.020720 0.540518
v 0.577842 -0.040852 0.573409
v 0.590373 -0.025682 0.543526
v 0.598377 -0.029556 0.575226
v 0.588332 -0.043566 0.541276
v 0.618167 -0.042601 0.566431
v 0.584952 -0.022035 0.566899
v 0.615530 -0.017213 0.545715
v 0.606467 -0.016668 0.553985
v 0.577383 -0.037337 0.542218
v 0.614350 -0.017495 0.554339
v 0.609963 -0.030273 0.537000
v 0.612126 -0.023339 0.539734
v 0.614230 -0.043761 0.556866
v 0.608265 -0.026212 0.538807
v 0.591662 -0.042145 0.539517
v 0.614973 -0.022788 0.562163
v 0.585984 -0.043904 0.548057
v 0.596734 -0.018612 0.542658
v 0.611681 -0.044286 0.537483
v 0.602336 -0.044399 0.573264
v 0.615519 -0.042621 0.538038
v 0.587703 -0.038961 0.540089
v 0.604749 -0.019125 0.540628
v 0.584544 -0.014652 0.553042
v 0.572054 -0.038195 0.557688
v 0.585500 -0.028457 0.544740
v 0.592557 -0.016130 0.561774
v 0.597850 -0.042952 0.540534
v 0.578117 -0.041160 0.541903
v 0.587378 -0.018776 0.546321
v 0.624330 -0.026321 0.556920
v 0.576605 -0.035313 0.566853
v 0.576172 -0.045033 0.549260
v 0.619712 -0.022582 0.547205
v 0.599505 -0.042698 0.542551
v 0.617585 -0.043216 0.556607
v 0.602449 -0.044723 0.568336
v 0.606911 -0.044794 0.563120
v 0.603636 -0.036108 0.575277
v 0.601612 -0.043872 0.562203
v 0.609756 -0.033153 0.572644
v 0.587654 -0.036029 0.542531
v 0.596125 -0.016578 0.562666
v 0.624380 -0.028197 0.550440
v 0.603085 -0.027606 0.538680
v 0.579058 -0.040033 0.574442
v 0.599691 -0.044228 0.554474
v 0.612330 -0.017473 0.557479
v 0.577329 -0.037795 0.570775
v 0.617065 -0.042215 0.538957
v 0.584479 -0.043885 0.541447
v 0.579541 -0.031962 0.570183
v 0.625219 -0.041475 0.550124
v 0.606903 -0.025099 0.539402
v 0.598787 -0.023732 0.569609
v 0.611789 -0.027756 0.538862
v 0.574779 -0.041644 0.557449
v 0.598168 -0.027823 0.540509
v 0.584041 -0.041024 0.574175
v 0.579841 -0.024604 0.548233
v 0.607261 -0.030498 0.574062
v 0.597594 -0.043768 0.561897
v 0.575210 -0.033238 0.558326
v 0.613682 -0.036853 0.537177
v 0.600356 -0.043966 0.550953
v 0.595698 -0.041758 0.574157
v 0.612134 -0.029415 0.570198
v 0.577153 -0.041808 0.558642
v 0.623766 -0.042623 0.559427
v 0.616917 -0.042560 0.550052
v 0.610460 -0.018861 0.541268
v 0.592549 -0.036754 0.575749
v 0.618771 -0.026391 0.562350
v 0.583641 -0.016303 0.556095
v 0.607811 -0.044680 0.570824
v 0.610219 -0.035738 0.536208
v 0.591703 -0.034344 0.541743
v 0.580901 -0.032680 0.575758
v 0.626984 -0.033289 0.556428
v 0.603960 -0.016524 0.545287
v 0.624901 -0.032786 0.546928
v 0.603452 -0.043511 0.574060
v 0.582688 -0.042717 0.572101
v 0.575203 -0.030671 0.554857
v 0.624559 -0.042247 0.559940
v 0.612927 -0.041220 0.537422
v 0.603278 -0.041231 0.574784
v 0.575252 -0.040218 0.562378
v 0.616906 -0.042614 0.546152
v 0.574792 -0.036340 0.558337
v 0.610550 -0.043551 0.536710
v 0.572489 -0.036220 0.553117
v 0.603617 -0.040195 0.538039
v 0.581302 -0.022146 0.560933
v 0.624113 -0.031722 0.544075
v 0.590238 -0.043209 0.563267
v 0.576126 -0.040309 0.570508
v 0.608413 -0.029395 0.573550
v 0.584311 -0.016636 0.559423
v 0.611675 -0.037160 0.537409
v 0.624730 -0.030102 0.547136
v 0.616721 -0.036907 0.567729
v 0.609135 -0.044367 0.550340
v 0.611684 -0.019803 0.563072
v 0.624127 -0.041859 0.548698
v 0.609967 -0.017569 0.560831
v 0.583449 -0.025499 0.568829
v 0.597111 -0.044364 0.572626
v 0.612715 -0.017616 0.560781
v 0.611072 -0.022034 0.540640
v 0.578065 -0.041604 0.571993
v 0.605195 -0.020621 0.565187
v 0.600483 -0.034766 0.538254
v 0.576250 -0.038880 0.570370
v 0.599690 -0.015711 0.548732
v 0.613872 -0.018762 0.558966
v 0.598006 -0.031870 0.575838
v 0.616026 -0.017464 0.553999
v 0.621012 -0.038835 0.563852
v 0.596863 -0.033053 0.540029
v 0.614672 -0.044130 0.538145
v 0.600520 -0.019547 0.541059
v 0.584004 -0.043022 0.560015
v 0.599203 -0.017864 0.543143
v 0.626973 -0.041571 0.556042
v 0.577226 -0.025478 0.551122
v 0.586430 -0.015196 0.557069
v 0.613318 -0.044354 0.567114
v 0.623417 -0.039886 0.543198
v 0.610102 -0.024693 0.538594
v 0.584817 -0.029752 0.543974
v 0.594001 -0.015207 0.549907
v 0.599330 -0.034916 0.539045
v 0.580883 -0.044412 0.544118
v 0.604730 -0.037973 0.537002
v 0.586261 -0.042740 0.560087
v 0.616864 -0.017266 0.550724
v 0.573586 -0.037757 0.556869
v 0.612161 -0.045003 0.564710
v 0.625751 -0.029083 0.557912
v 0.608993 -0.022849 0.567301
v 0.584916 -0.018357 0.563102
v 0.606614 -0.028035 0.538829
v 0.607756 -0.032594 0.573705
v 0.598421 -0.044328 0.567126
v 0.583154 -0.022927 0.565413
v 0.599106 -0.037897 0.538657
v 0.578446 -0.028417 0.544133
v 0.609000 -0.019579 0.563020
v 0.584688 -0.020332 0.546368
v 0.595600 -0.024155 0.569784
v 0.581414 -0.042411 0.563706
v 0.595474 -0.028550 0.541202
v 0.573519 -0.042882 0.554168
v 0.594298 -0.022633 0.567616
v 0.610116 -0.028791 0.537857
v 0.614235 -0.044447 0.551944
v 0.623973 -0.027083 0.558549
v 0.588106 -0.037962 0.575512
v 0.616340 -0.032361 0.567270
v 0.587213 -0.020238 0.565614
v 0.624229 -0.028708 0.545208
v 0.573854 -0.037416 0.554969
v 0.591052 -0.030293 0.575855
v 0.593382 -0.029386 0.575580
v 0.584555 -0.019005 0.548830
v 0.615028 -0.042857 0.543780
v 0.608061 -0.025207 0.539727
v 0.583221 -0.030672 0.575413
v 0.611406 -0.044538 0.561859
v 0.602197 -0.036766 0.537835
v 0.582097 -0.028961 0.543393
v 0.614475 -0.041108 0.537154
v 0.604965 -0.027540 0.572678
v 0.592059 -0.037682 0.575223
v 0.601309 -0.019229 0.564435
v 0.587511 -0.033486 0.576378
v 0.577477 -0.044427 0.551210
v 0.619861 -0.043514 0.561880
v 0.616066 -0.034089 0.539014
v 0.583344 -0.025282 0.545296
v 0.575710 -0.034308 0.563319
v 0.622174 -0.039502 0.541185
v 0.587880 -0.037802 0.540733
v 0.609696 -0.027387 0.571659
v 0.581369 -0.023662 0.546487
v 0.596482 -0.043205 0.548380
v 0.600587 -0.017090 0.562555
v 0.588225 -0.030049 0.543290
v 0.577854 -0.029828 0.563444
v 0.611888 -0.042837 0.569815
v 0.572907 -0.037207 0.559266
v 0.573600 -0.034310 0.550063
v 0.612683 -0.043870 0.559003
v 0.610797 -0.044939 0.567474
v 0.614679 -0.043366 0.547711
v 0.582299 -0.021538 0.548439
v 0.607698 -0.028393 0.573174
v 0.619876 -0.041734 0.539458
v 0.594288 -0.032411 0.575925
v 0.581398 -0.020390 0.558540
v 0.576688 -0.032719 0.543278
v 0.621666 -0.041905 0.541229
v 0.611377 -0.035287 0.536458
v 0.575602 -0.041197 0.560090
v 0.574751 -0.036482 0.546666
v 0.574817 -0.034247 0.555038
v 0.611755 -0.033774 0.537221
v 0.579549 -0.021136 0.551624
v 0.595064 -0.035725 0.540040
v 0.573782 -0.040327 0.560371
v 0.578906 -0.022159 0.552965
v 0.591368 -0.020241 0.544150
v 0.583435 -0.015548 0.553327
v 0.587835 -0.022531 0.545168
v 0.621844 -0.042602 0.555439
v 0.599184 -0.042825 0.540201
v 0.603343 -0.044793 0.571954
v 0.574138 -0.033815 0.552833
v 0.577986 -0.027530 0.544887
v 0.614273 -0.044295 0.542635
v 0.577016 -0.027473 0.549053
v 0.613558 -0.018173 0.558093
v 0.602605 -0.021093 0.540195
v 0.601801 -0.033473 0.575419
v 0.580636 -0.041947 0.568231
v 0.574520 -0.039132 0.561925
v 0.575731 -0.044648 0.548493
v 0.614901 -0.044307 0.541682
v 0.510739 -0.040573 0.637723
v 0.510180 -0.040546 0.645539
v 0.516731 -0.025133 0.660634
v 0.506810 -0.032648 0.666277
v 0.497891 -0.031061 0.642144
v 0.515571 -0.040687 0.649665
v 0.501379 -0.037963 0.660558
v 0.500809 -0.028465 0.638659
v 0.510658 -0.023989 0.661036
v 0.497027 -0.038502 0.641438
v 0.518062 -0.039152 0.664030
v 0.516905 -0.028939 0.640212
v 0.512256 -0.024802 0.636908
v 0.520307 -0.031282 0.653319
v 0.509610 -0.028298 0.634547
v 0.514728 -0.030380 0.633714
v 0.515730 -0.023187 0.643326
v 0.503825 -0.039551 0.637680
v 0.518961 -0.031558 0.659902
v 0.496070 -0.033053 0.641829
v 0.516139 -0.028485 0.662987
v 0.512472 -0.040532 0.632340
v 0.507390 -0.039819 0.666511
v 0.519997 -0.036437 0.645609
v 0.501814 -0.028239 0.657175
v 0.508118 -0.040192 0.642515
v 0.503572 -0.026493 0.657438
v 0.521506 -0.039127 0.656049
v 0.518831 -0.040059 0.636124
v 0.496651 -0.036771 0.647272
v 0.515713 -0.041204 0.637561
v 0.504651 -0.031216 0.663040
v 0.515174 -0.022865 0.641433
v 0.499606 -0.040728 0.643292
v 0.512732 -0.023090 0.654030
v 0.517938 -0.040521 0.659465
v 0.498736 -0.040247 0.654774
v 0.517606 -0.023724 0.652125
v 0.504611 -0.023390 0.640976
v 0.502993 -0.041235 0.659196
v 0.509062 -0.038853 0.630545
v 0.518613 -0.025102 0.657613
v 0.510562 -0.040685 0.658706
v 0.505629 -0.039354 0.633711
v 0.517769 -0.032981 0.641225
v 0.509302 -0.022623 0.646667
v 0.520234 -0.038367 0.647566
v 0.507436 -0.041239 0.653794
v 0.519635 -0.033622 0.649033
v 0.514346 -0.022683 0.649748
v 0.510389 -0.036246 0.632884
v 0.519395 -0.040884 0.651958
v 0.502126 -0.030659 0.658917
v 0.505045 -0.029885 0.635392
v 0.520508 -0.039250 0.660344
v 0.506905 -0.036311 0.632033
v 0.519616 -0.040329 0.646477
v 0.499077 -0.032809 0.656927
v 0.511543 -0.040451 0.643599
v 0.516500 -0.028315 0.637489
v 0.497307 -0.036136 0.634416
v 0.521190 -0.035899 0.655391
v 0.507609 -0.025948 0.660691
v 0.497909 -0.040026 0.642914
v 0.505338 -0.023443 0.653505
v 0.519435 -0.037768 0.637603
v 0.518014 -0.028179 0.645383
v 0.508845 -0.041279 0.657772
v 0.510087 -0.037108 0.630879
v 0.520728 -0.033467 0.651671
v 0.511284 -0.034908 0.632205
v 0.516641 -0.023359 0.657036
v 0.501743 -0.026410 0.649621
v 0.513725 -0.030798 0.633739
v 0.498456 -0.029332 0.650086
v 0.499456 -0.040206 0.639369
v 0.496386 -0.032654 0.638679
v 0.511365 -0.040756 0.634763
v 0.519612 -0.029515 0.649299
v 0.518383 -0.033263 0.639398
v 0.513000 -0.021716 0.640149
v 0.510815 -0.033308 0.666090
v 0.500380 -0.028451 0.642482
v 0.514740 -0.033024 0.632742
v 0.506230 -0.039181 0.665852
v 0.498402 -0.037579 0.633626
v 0.500797 -0.027911 0.655853
v 0.519148 -0.036282 0.644243
v 0.517158 -0.036790 0.664785
v 0.507183 -0.040104 0.635503
v 0.518858 -0.025697 0.654627
v 0.498399 -0.038820 0.634130
v 0.517455 -0.028931 0.643245
v 0.496559 -0.031457 0.647442
v 0.518984 -0.040590 0.641988
v 0.501652 -0.039960 0.660609
v 0.502410 -0.026553 0.638967
v 0.515224 -0.023410 0.659554
v 0.510129 -0.023055 0.653389
v 0.518721 -0.036529 0.634829
v 0.509647 -0.023594 0.658510
v 0.521077 -0.031924 0.656209
v 0.519227 -0.027404 0.657529
v 0.508005 -0.040717 0.658351
v 0.519954 -0.029276 0.655045
v 0.520023 -0.039663 0.644212
v 0.504533 -0.027044 0.658665
v 0.514645 -0.040810 0.640242
v 0.517816 -0.024322 0.647414
v 0.520707 -0.041058 0.657312
v 0.497709 -0.041132 0.650082
v 0.520223 -0.039974 0.659793
v 0.519778 -0.037587 0.641617
v 0.518881 -0.024657 0.652698
v 0.511445 -0.021741 0.639145
v 0.508819 -0.037088 0.630864
v 0.516820 -0.030740 0.640033
v 0.505503 -0.022705 0.644083
v 0.519163 -0.040189 0.648209
v 0.518903 -0.039021 0.635317
v 0.515730 -0.024429 0.641205
v 0.507647 -0.029348 0.664925
v 0.502707 -0.035209 0.633534
v 0.514176 -0.041546 0.633815
v 0.514120 -0.026911 0.662230
v 0.517797 -0.040023 0.649222
v 0.508067 -0.040361 0.660544
v 0.500914 -0.041344 0.650314
v 0.504168 -0.041390 0.653385
v 0.496357 -0.035728 0.650864
v 0.504935 -0.040789 0.649965
v 0.497876 -0.033801 0.654933
v 0.518189 -0.035676 0.641506
v 0.504808 -0.022997 0.646377
v 0.511864 -0.030571 0.665165
v 0.520203 -0.030186 0.651677
v 0.497687 -0.038286 0.634888
v 0.510028 -0.041021 0.648961
v 0.507667 -0.023580 0.657094
v 0.500130 -0.036828 0.633880
v 0.519575 -0.039708 0.660770
v 0.518997 -0.040797 0.639474
v 0.500444 -0.033025 0.635339
v 0.512044 -0.039226 0.665722
v 0.519611 -0.028551 0.654139
v 0.500203 -0.027660 0.647888
v 0.519806 -0.030283 0.657338
v 0.508888 -0.039337 0.632646
v 0.519170 -0.030327 0.648416
v 0.497702 -0.038932 0.638141
v 0.514727 -0.028228 0.636237
v 0.497032 -0.032071 0.653263
v 0.505262 -0.040721 0.647358
v 0.508303 -0.033857 0.632899
v 0.520842 -0.036213 0.658624
v 0.512299 -0.040850 0.649507
v 0.497340 -0.039411 0.645732
v 0.499392 -0.031364 0.656560
v 0.508036 -0.039443 0.634154
v 0.506033 -0.039975 0.664478
v 0.512356 -0.039934 0.660319
v 0.518282 -0.024485 0.656395
v 0.496404 -0.036149 0.643631
v 0.504290 -0.029393 0.661132
v 0.509486 -0.022817 0.638460
v 0.499123 -0.041315 0.653725
v 0.521584 -0.035486 0.656401
v 0.518573 -0.034578 0.644167
v 0.496771 -0.033493 0.636046
v 0.507883 -0.033890 0.666669
v 0.515873 -0.022961 0.652035
v 0.514134 -0.033562 0.665617
v 0.497156 -0.040554 0.650783
v 0.499095 -0.040036 0.637327
v 0.510562 -0.032184 0.633005
v 0.505673 -0.039730 0.664978
v 0.520707 -0.039060 0.658125
v 0.496690 -0.039067 0.650647
v 0.505664 -0.038407 0.632796
v 0.514895 -0.039969 0.660436
v 0.508309 -0.035879 0.632626
v 0.521247 -0.040579 0.656600
v 0.511782 -0.035801 0.631294
v 0.520603 -0.038392 0.652043
v 0.506411 -0.026626 0.636782
v 0.516018 -0.032868 0.665195
v 0.504605 -0.040357 0.642525
v 0.500342 -0.038466 0.633106
v 0.497329 -0.031352 0.654030
v 0.507298 -0.023034 0.638789
v 0.520756 -0.036413 0.657310
v 0.514005 -0.031812 0.665499
v 0.500853 -0.036249 0.659625
v 0.512418 -0.041111 0.655242
v 0.504046 -0.025099 0.656495
v 0.513007 -0.039477 0.665056
v 0.505560 -0.023642 0.655448
v 0.501201 -0.028812 0.637927
v 0.498292 -0.041110 0.646701
v 0.505505 -0.023673 0.657239
v 0.518671 -0.026553 0.656814
v 0.499313 -0.039311 0.634320
v 0.502877 -0.025632 0.652202
v 0.520563 -0.034853 0.649996
v 0.500429 -0.037534 0.633190
v 0.513767 -0.022431 0.649144
v 0.506650 -0.024420 0.658051
v 0.496172 -0.032965 0.647181
v 0.509815 -0.023574 0.659612
v 0.503240 -0.037505 0.662543
v 0.519524 -0.033736 0.647582
v 0.520181 -0.040957 0.659238
v 0.518736 -0.024932 0.649930
v 0.506922 -0.040235 0.638570
v 0.517421 -0.023835 0.649006
v 0.508134 -0.039289 0.666675
v 0.512929 -0.028798 0.634442
v 0.508763 -0.022095 0.640244
v 0.501363 -0.041103 0.657429
v 0.516610 -0.038190 0.664770
v 0.520034 -0.028286 0.656248
v 0.517340 -0.031584 0.639613
v 0.513183 -0.022103 0.645403
v 0.520085 -0.034951 0.649220
v 0.517373 -0.041141 0.637047
v 0.521243 -0.036943 0.652802
v 0.506803 -0.040051 0.640038
v 0.511920 -0.023445 0.660262
v 0.509304 -0.036803 0.631888
v 0.502964 -0.041526 0.656753
v 0.506956 -0.031148 0.665819
v 0.501379 -0.027084 0.654607
v 0.504883 -0.024156 0.639066
v 0.519993 -0.030465 0.653969
v 0.497249 -0.033437 0.653597
v 0.501831 -0.041086 0.647730
v 0.503435 -0.027135 0.637844
v 0.520345 -0.036894 0.649087
v 0.517441 -0.030714 0.635460
v 0.504166 -0.024953 0.654749
v 0.515786 -0.025444 0.639452
v 0.500191 -0.027935 0.645808
v 0.504602 -0.039836 0.636766
v 0.518804 -0.030801 0.646641
v 0.511065 -0.040143 0.631931
v 0.501644 -0.026943 0.645030
v 0.520514 -0.030958 0.656281
v 0.511210 -0.041164 0.658512
v 0.506598 -0.029844 0.664641
v 0.496701 -0.036936 0.640745
v 0.501164 -0.033285 0.659392
v 0.503174 -0.025382 0.640481
v 0.515276 -0.030904 0.665235
v 0.510533 -0.036580 0.632123
v 0.496384 -0.031937 0.642652
v 0.496488 -0.031346 0.644178
v 0.514187 -0.024578 0.639287
v 0.516500 -0.040127 0.659289
v 0.519362 -0.028622 0.654883
v 0.496922 -0.032184 0.637568
v 0.504845 -0.041223 0.656353
v 0.520781 -0.036157 0.651126
v 0.517806 -0.031069 0.637861
v 0.520832 -0.038987 0.659141
v 0.498007 -0.030142 0.651813
v 0.496763 -0.036754 0.643328
v 0.503491 -0.024724 0.649696
v 0.496157 -0.034018 0.640330
v 0.512864 -0.041151 0.634603
v 0.504561 -0.040555 0.661857
v 0.519570 -0.034412 0.660118
v 0.516527 -0.028671 0.638612
v 0.505037 -0.034554 0.633064
v 0.517961 -0.037940 0.664025
v 0.519352 -0.036832 0.641711
v 0.498519 -0.030043 0.654926
v 0.515814 -0.027615 0.637288
v 0.514099 -0.040354 0.647067
v 0.504738 -0.023330 0.649286
v 0.517677 -0.031778 0.641854
v 0.504887 -0.031634 0.634456
v 0.499650 -0.040114 0.656412
v 0.507765 -0.036444 0.631369
v 0.513735 -0.034555 0.632115
v 0.506664 -0.040788 0.657276
v 0.501208 -0.041485 0.655777
v 0.513952 -0.040459 0.658936
v 0.514514 -0.026230 0.637831
v 0.497596 -0.030699 0.653577
v 0.519159 -0.039395 0.662584
v 0.496234 -0.033318 0.644757
v 0.507966 -0.025482 0.636921
v 0.518053 -0.033519 0.634343
v 0.517949 -0.039507 0.663693
v 0.521384 -0.035192 0.657146
v 0.507142 -0.039045 0.633097
v 0.515910 -0.035972 0.632973
v 0.510457 -0.034514 0.632748
v 0.520875 -0.034206 0.657368
v 0.512528 -0.025968 0.635938
v 0.519574 -0.035478 0.646411
v 0.507018 -0.038478 0.631903
v 0.511676 -0.026635 0.635477
v 0.517016 -0.025384 0.643873
v 0.511295 -0.022325 0.638414
v 0.516467 -0.026877 0.641540
v 0.508691 -0.039961 0.663354
v 0.519337 -0.040106 0.649088
v 0.498530 -0.041389 0.650780
v 0.511914 -0.034233 0.632377
v 0.516964 -0.030136 0.635136
v 0.517270 -0.041065 0.658835
v 0.514283 -0.030098 0.634371
v 0.507228 -0.024036 0.657874
v 0.519232 -0.025939 0.651315
v 0.496324 -0.034010 0.649665
v 0.501681 -0.039534 0.636114
v 0.505982 -0.037699 0.632334
v 0.514689 -0.041295 0.633552
v 0.517870 -0.041072 0.659274
v 0.444465 -0.053328 0.727733
v 0.455093 -0.053262 0.727978
v 0.475948 -0.022316 0.720084
v 0.486492 -0.035368 0.732816
v 0.451020 -0.037518 0.745077
v 0.460229 -0.053256 0.720463
v 0.475751 -0.048474 0.739125
v 0.446157 -0.033524 0.741309
v 0.475718 -0.021485 0.727989
v 0.450417 -0.050034 0.746082
v 0.479281 -0.050213 0.716315
v 0.447078 -0.034020 0.719456
v 0.443124 -0.027937 0.725826
v 0.463685 -0.035589 0.714643
v 0.440206 -0.033744 0.729495
v 0.438762 -0.037116 0.722591
v 0.450990 -0.023979 0.721120
v 0.444868 -0.051703 0.737113
v 0.473652 -0.035000 0.716345
v 0.450888 -0.041085 0.747443
v 0.481454 -0.026314 0.721139
v 0.437048 -0.053263 0.725742
v 0.483588 -0.051800 0.730460
v 0.454255 -0.046091 0.714857
v 0.469951 -0.030252 0.739621
v 0.451138 -0.052722 0.730968
v 0.469964 -0.027002 0.737367
v 0.468221 -0.050158 0.712181
v 0.441757 -0.052512 0.716865
v 0.458208 -0.046944 0.746309
v 0.443914 -0.054332 0.720998
v 0.482844 -0.031916 0.736324
v 0.448682 -0.023976 0.721841
v 0.452760 -0.053575 0.742461
v 0.464809 -0.021768 0.725114
v 0.473215 -0.052655 0.716705
v 0.468306 -0.052618 0.742936
v 0.461862 -0.022687 0.718660
v 0.448670 -0.024588 0.736267
v 0.474021 -0.054191 0.736867
v 0.434842 -0.050593 0.730486
v 0.469439 -0.024182 0.717145
v 0.472771 -0.053133 0.726691
v 0.439364 -0.051389 0.734931
v 0.448492 -0.040671 0.718147
v 0.455511 -0.022078 0.729929
v 0.456963 -0.049317 0.714357
v 0.466395 -0.054190 0.731205
v 0.458431 -0.040486 0.715472
v 0.459144 -0.021693 0.723033
v 0.437925 -0.046447 0.728530
v 0.463032 -0.053452 0.715160
v 0.474160 -0.033342 0.739313
v 0.441634 -0.036215 0.735646
v 0.474127 -0.050386 0.713238
v 0.437004 -0.046550 0.733312
v 0.455683 -0.052797 0.715155
v 0.470440 -0.039041 0.742876
v 0.452381 -0.053135 0.726252
v 0.443613 -0.033486 0.720043
v 0.440876 -0.046272 0.746171
v 0.466954 -0.044118 0.712936
v 0.474688 -0.025605 0.731838
v 0.452360 -0.052459 0.744788
v 0.464418 -0.021936 0.735301
v 0.443723 -0.048868 0.715947
v 0.453445 -0.031502 0.718015
v 0.471679 -0.054215 0.729040
v 0.435227 -0.047817 0.729073
v 0.461772 -0.039864 0.713931
v 0.436945 -0.044318 0.727361
v 0.468612 -0.021557 0.719811
v 0.459812 -0.027621 0.740133
v 0.438862 -0.037780 0.723949
v 0.461043 -0.033143 0.744288
v 0.447449 -0.052745 0.742926
v 0.446687 -0.040662 0.747158
v 0.440409 -0.053620 0.727081
v 0.458360 -0.032963 0.715795
v 0.446100 -0.041410 0.717346
v 0.447263 -0.022552 0.724749
v 0.484444 -0.037692 0.727005
v 0.451054 -0.032776 0.741862
v 0.437442 -0.041322 0.722639
v 0.482726 -0.050680 0.732110
v 0.439731 -0.048567 0.744738
v 0.468250 -0.029833 0.741056
v 0.452515 -0.045972 0.716060
v 0.480099 -0.045845 0.717682
v 0.441691 -0.052583 0.732704
v 0.465053 -0.025554 0.716878
v 0.440414 -0.050541 0.744709
v 0.450852 -0.033315 0.718724
v 0.458044 -0.037575 0.746709
v 0.449699 -0.053355 0.716266
v 0.475969 -0.052032 0.738633
v 0.446362 -0.030238 0.739194
v 0.473399 -0.020569 0.721895
v 0.464080 -0.021635 0.728711
v 0.440008 -0.046896 0.717100
v 0.471110 -0.021904 0.729207
v 0.467541 -0.036583 0.713414
v 0.469563 -0.027828 0.716320
v 0.472477 -0.053220 0.730171
v 0.465765 -0.031747 0.715209
v 0.452608 -0.051793 0.714737
v 0.471694 -0.027870 0.735984
v 0.447622 -0.053705 0.722268
v 0.455888 -0.024621 0.718382
v 0.470167 -0.053640 0.713052
v 0.462085 -0.054193 0.744589
v 0.473466 -0.051691 0.713613
v 0.449094 -0.048467 0.715250
v 0.462509 -0.024069 0.716923
v 0.446034 -0.022658 0.726904
v 0.435290 -0.047786 0.730794
v 0.446925 -0.037075 0.719523
v 0.452467 -0.022682 0.735105
v 0.458008 -0.052449 0.715693
v 0.440658 -0.050861 0.716821
v 0.448337 -0.026464 0.721102
v 0.484955 -0.028383 0.732310
v 0.439319 -0.044797 0.738907
v 0.438936 -0.054876 0.723333
v 0.480501 -0.023667 0.723972
v 0.459432 -0.052093 0.717507
v 0.475431 -0.052618 0.729953
v 0.462166 -0.054485 0.740241
v 0.466077 -0.054473 0.735650
v 0.462935 -0.044910 0.746585
v 0.461382 -0.053505 0.734842
v 0.468011 -0.041063 0.744498
v 0.448970 -0.045244 0.717469
v 0.455363 -0.022547 0.736082
v 0.485090 -0.030537 0.726509
v 0.461445 -0.033798 0.714907
v 0.441491 -0.049692 0.745624
v 0.459723 -0.053969 0.727971
v 0.469095 -0.022072 0.731928
v 0.439960 -0.047371 0.742378
v 0.474805 -0.051203 0.714447
v 0.446289 -0.053685 0.716417
v 0.441918 -0.041323 0.741854
v 0.482076 -0.050556 0.724295
v 0.464537 -0.030543 0.715751
v 0.457863 -0.030291 0.742125
v 0.469205 -0.033220 0.715296
v 0.437703 -0.051362 0.730582
v 0.457333 -0.034574 0.716353
v 0.445901 -0.050719 0.745387
v 0.442116 -0.033537 0.722472
v 0.465694 -0.038063 0.745831
v 0.457858 -0.053471 0.734548
v 0.438084 -0.042646 0.731358
v 0.471380 -0.044656 0.713180
v 0.460284 -0.053633 0.724874
v 0.456206 -0.051447 0.745382
v 0.469737 -0.036320 0.742604
v 0.439804 -0.051532 0.731638
v 0.480920 -0.052045 0.732437
v 0.474726 -0.051678 0.724232
v 0.467483 -0.023474 0.717589
v 0.453364 -0.046135 0.746830
v 0.478265 -0.029834 0.736692
v 0.445234 -0.024368 0.729607
v 0.466908 -0.054431 0.742446
v 0.468237 -0.043324 0.712377
v 0.452327 -0.042978 0.716934
v 0.443122 -0.042067 0.746789
v 0.485583 -0.038906 0.730852
v 0.461905 -0.021588 0.720979
v 0.482985 -0.038349 0.722457
v 0.463058 -0.053239 0.745304
v 0.444704 -0.052475 0.743552
v 0.438078 -0.039985 0.728288
v 0.481616 -0.051641 0.732895
v 0.471065 -0.049992 0.713145
v 0.462849 -0.050751 0.745984
v 0.438121 -0.049883 0.734945
v 0.474680 -0.051651 0.720806
v 0.437714 -0.045862 0.731368
v 0.469129 -0.052795 0.712394
v 0.435676 -0.045738 0.726747
v 0.462839 -0.048966 0.713679
v 0.443290 -0.030718 0.733799
v 0.481782 -0.037237 0.719935
v 0.451387 -0.052984 0.735732
v 0.438896 -0.049977 0.742142
v 0.466606 -0.036673 0.745455
v 0.445761 -0.024563 0.732601
v 0.469624 -0.045023 0.713370
v 0.484277 -0.033724 0.723210
v 0.474335 -0.045319 0.740034
v 0.467988 -0.053897 0.724379
v 0.468574 -0.024603 0.736842
v 0.481098 -0.050929 0.723041
v 0.467003 -0.022171 0.734896
v 0.445194 -0.034200 0.740787
v 0.457470 -0.054181 0.744017
v 0.469436 -0.022219 0.734851
v 0.468273 -0.026660 0.717066
v 0.440611 -0.051321 0.743456
v 0.462977 -0.025789 0.738609
v 0.459768 -0.042655 0.714082
v 0.439005 -0.048496 0.742019
v 0.458446 -0.021481 0.723799
v 0.470465 -0.023420 0.733240
v 0.457868 -0.040324 0.747142
v 0.472891 -0.021623 0.728983
v 0.478264 -0.047617 0.736509
v 0.456581 -0.040921 0.715641
v 0.472806 -0.053461 0.713644
v 0.458982 -0.025004 0.717149
v 0.445869 -0.052791 0.732854
v 0.457912 -0.023477 0.718926
v 0.483714 -0.050851 0.729473
v 0.439865 -0.034592 0.724984
v 0.447523 -0.022810 0.730597
v 0.471744 -0.054004 0.739189
v 0.480285 -0.048459 0.718305
v 0.467327 -0.029872 0.715113
v 0.446383 -0.038560 0.718801
v 0.453840 -0.021941 0.724533
v 0.458798 -0.042928 0.714746
v 0.443106 -0.054232 0.718781
v 0.463644 -0.046248 0.712890
v 0.447867 -0.052499 0.732917
v 0.474560 -0.020640 0.726323
v 0.436647 -0.047332 0.730068
v 0.470726 -0.054691 0.737057
v 0.486474 -0.031845 0.733000
v 0.466425 -0.028297 0.740420
v 0.446262 -0.026267 0.735882
v 0.464463 -0.034003 0.715114
v 0.466253 -0.040512 0.745429
v 0.458609 -0.054096 0.739163
v 0.444866 -0.031382 0.737810
v 0.458814 -0.046509 0.714250
v 0.440928 -0.037599 0.718810
v 0.466192 -0.024357 0.736801
v 0.446132 -0.028482 0.721017
v 0.455244 -0.031192 0.742136
v 0.443576 -0.052157 0.736120
v 0.455148 -0.035784 0.716825
v 0.436588 -0.052645 0.727678
v 0.454052 -0.029522 0.740246
v 0.467548 -0.034753 0.714264
v 0.472489 -0.053951 0.725808
v 0.484721 -0.029362 0.733693
v 0.449497 -0.047539 0.746572
v 0.474796 -0.038749 0.740203
v 0.448179 -0.027953 0.738188
v 0.483163 -0.032393 0.721470
v 0.436884 -0.046978 0.728386
v 0.451882 -0.039077 0.747035
v 0.453817 -0.037846 0.746883
v 0.446054 -0.027195 0.723169
v 0.473030 -0.051933 0.718696
v 0.465529 -0.030577 0.716063
v 0.445156 -0.039941 0.746497
v 0.470025 -0.054135 0.734557
v 0.461372 -0.044930 0.713649
v 0.444066 -0.037950 0.718221
v 0.472434 -0.049875 0.712908
v 0.463440 -0.034488 0.744765
v 0.452953 -0.047150 0.746348
v 0.459657 -0.024619 0.737859
v 0.448932 -0.042808 0.747367
v 0.440091 -0.054248 0.725059
v 0.477486 -0.053019 0.734592
v 0.473255 -0.041253 0.714974
v 0.445061 -0.033886 0.719984
v 0.438527 -0.043756 0.735778
v 0.479141 -0.047962 0.716553
v 0.449216 -0.047188 0.715845
v 0.467508 -0.034056 0.743948
v 0.443392 -0.032387 0.720982
v 0.456858 -0.052854 0.722593
v 0.459016 -0.022399 0.736195
v 0.449236 -0.038495 0.718312
v 0.440420 -0.039100 0.735892
v 0.470441 -0.052346 0.741607
v 0.436046 -0.046761 0.732190
v 0.436659 -0.043757 0.724043
v 0.471113 -0.053345 0.732059
v 0.469536 -0.054666 0.739492
v 0.472775 -0.052583 0.722138
v 0.444176 -0.030095 0.722737
v 0.465895 -0.035454 0.745178
v 0.477264 -0.050637 0.714912
v 0.454719 -0.041208 0.747118
v 0.443360 -0.028863 0.731692
v 0.439393 -0.042108 0.718038
v 0.478864 -0.050849 0.716469
v 0.469212 -0.042741 0.712634
v 0.438431 -0.050899 0.732920
v 0.437678 -0.046010 0.721037
v 0.437737 -0.043692 0.728448
v 0.469401 -0.040839 0.713414
v 0.441855 -0.029937 0.725476
v 0.455238 -0.044262 0.715472
v 0.436820 -0.049997 0.733168
v 0.441299 -0.031028 0.726653
v 0.451557 -0.027269 0.719403
v 0.445101 -0.023700 0.727121
v 0.448722 -0.030315 0.720095
v 0.479173 -0.051919 0.728939
v 0.459158 -0.052247 0.715420
v 0.462973 -0.054594 0.743432
v 0.437136 -0.043244 0.726496
v 0.440524 -0.036687 0.719475
v 0.472457 -0.053641 0.717615
v 0.439682 -0.036665 0.723151
v 0.470181 -0.022797 0.732472
v 0.460734 -0.026393 0.716451
v 0.461198 -0.041920 0.746791
v 0.442887 -0.051676 0.740126
v 0.437474 -0.048757 0.734544
v 0.438545 -0.054477 0.722654
v 0.473013 -0.053652 0.716772
v 0.398489 -0.057566 0.777869
v 0.407499 -0.057525 0.778071
v 0.424469 -0.033011 0.769693
v 0.431510 -0.044963 0.780770
v 0.404293 -0.042440 0.792379
v 0.411934 -0.057748 0.771645
v 0.425247 -0.053416 0.787332
v 0.400124 -0.038310 0.789223
v 0.425273 -0.031192 0.776646
v 0.403530 -0.054273 0.793410
v 0.428294 -0.055307 0.767973
v 0.401000 -0.039065 0.770646
v 0.397467 -0.032485 0.776172
v 0.415864 -0.042791 0.765999
v 0.394905 -0.038045 0.779345
v 0.393659 -0.041356 0.773514
v 0.404643 -0.029916 0.771820
v 0.398831 -0.055941 0.785814
v 0.423502 -0.043230 0.767173
v 0.404034 -0.045607 0.794488
v 0.427204 -0.038343 0.770240
v 0.392208 -0.057501 0.776183
v 0.431747 -0.056368 0.780092
v 0.407025 -0.050989 0.766789
v 0.421337 -0.037952 0.787023
v 0.404141 -0.056961 0.780609
v 0.421540 -0.035174 0.784990
v 0.418932 -0.055268 0.764467
v 0.396196 -0.056750 0.768664
v 0.410253 -0.051520 0.793513
v 0.398022 -0.058570 0.772165
v 0.427915 -0.042685 0.783434
v 0.402500 -0.029404 0.772565
v 0.405514 -0.057813 0.790343
v 0.417108 -0.029761 0.774659
v 0.423058 -0.057484 0.768373
v 0.418753 -0.057048 0.790695
v 0.414645 -0.030770 0.769169
v 0.402572 -0.030240 0.784725
v 0.423592 -0.058620 0.785555
v 0.390339 -0.054831 0.780201
v 0.420892 -0.032962 0.767702
v 0.422602 -0.057745 0.776888
v 0.394169 -0.055628 0.783966
v 0.402115 -0.045493 0.769597
v 0.408844 -0.029019 0.779015
v 0.409260 -0.054058 0.766407
v 0.417136 -0.058627 0.780757
v 0.410979 -0.046512 0.767013
v 0.412099 -0.029115 0.773048
v 0.392950 -0.050686 0.778544
v 0.414352 -0.058061 0.767122
v 0.423320 -0.041799 0.786567
v 0.396133 -0.040569 0.784541
v 0.423922 -0.055463 0.765371
v 0.392170 -0.050789 0.782594
v 0.408044 -0.057178 0.767178
v 0.421206 -0.045219 0.790182
v 0.405194 -0.057373 0.776614
v 0.397895 -0.038071 0.771265
v 0.395449 -0.050511 0.793486
v 0.418194 -0.050133 0.764867
v 0.425048 -0.034307 0.780168
v 0.405176 -0.056698 0.792314
v 0.416923 -0.030323 0.783183
v 0.397861 -0.053107 0.767887
v 0.406877 -0.037856 0.769080
v 0.421626 -0.058690 0.778914
v 0.390665 -0.052056 0.779004
v 0.413948 -0.046265 0.765608
v 0.392120 -0.048557 0.777555
v 0.420341 -0.030190 0.769999
v 0.412664 -0.035042 0.787531
v 0.393744 -0.042020 0.774664
v 0.413383 -0.039689 0.791281
v 0.401017 -0.056984 0.790737
v 0.400398 -0.044973 0.794303
v 0.395054 -0.057858 0.777317
v 0.411285 -0.039981 0.767024
v 0.399982 -0.045942 0.768995
v 0.401149 -0.027576 0.775135
v 0.431069 -0.046013 0.776181
v 0.404540 -0.038288 0.789500
v 0.392541 -0.045561 0.773555
v 0.431055 -0.055353 0.781461
v 0.394480 -0.052806 0.792272
v 0.419876 -0.037429 0.788266
v 0.405504 -0.050742 0.767843
v 0.429212 -0.051551 0.768968
v 0.396140 -0.056821 0.782079
v 0.417448 -0.033907 0.767589
v 0.395058 -0.054780 0.792247
v 0.404453 -0.039052 0.769844
v 0.410454 -0.043068 0.793609
v 0.402922 -0.057594 0.768157
v 0.425291 -0.056592 0.787016
v 0.400389 -0.035270 0.787367
v 0.423313 -0.030271 0.771485
v 0.416519 -0.029706 0.777685
v 0.394714 -0.051135 0.768863
v 0.422429 -0.030564 0.777950
v 0.419140 -0.043811 0.764951
v 0.420761 -0.036622 0.767001
v 0.422339 -0.057795 0.779845
v 0.417867 -0.039601 0.766306
v 0.405419 -0.056120 0.766839
v 0.422896 -0.036051 0.783816
v 0.401163 -0.057944 0.773241
v 0.409222 -0.031722 0.769193
v 0.420428 -0.058339 0.765313
v 0.413422 -0.058456 0.792139
v 0.423305 -0.056614 0.765729
v 0.402451 -0.052819 0.767267
v 0.415231 -0.032253 0.767671
v 0.400083 -0.027616 0.776978
v 0.390719 -0.052024 0.780461
v 0.400800 -0.041928 0.770754
v 0.406090 -0.029149 0.783524
v 0.410059 -0.056957 0.767601
v 0.395265 -0.055099 0.768627
v 0.402207 -0.031891 0.771940
v 0.429911 -0.039714 0.779886
v 0.394131 -0.049036 0.787333
v 0.393806 -0.059114 0.774142
v 0.426449 -0.035838 0.772602
v 0.411299 -0.056693 0.769113
v 0.424854 -0.057230 0.779651
v 0.413507 -0.058793 0.788444
v 0.416851 -0.058867 0.784534
v 0.414396 -0.049861 0.793648
v 0.412879 -0.057911 0.783846
v 0.418984 -0.046797 0.791674
v 0.402415 -0.049779 0.769098
v 0.408765 -0.029613 0.784194
v 0.429948 -0.041659 0.775028
v 0.413983 -0.041047 0.766211
v 0.395970 -0.053930 0.793022
v 0.411438 -0.058280 0.778052
v 0.420914 -0.030541 0.780305
v 0.394674 -0.051610 0.790273
v 0.424464 -0.056192 0.766418
v 0.400034 -0.057923 0.768285
v 0.396332 -0.045563 0.789829
v 0.430578 -0.055425 0.774790
v 0.416845 -0.038447 0.766752
v 0.410761 -0.037030 0.789398
v 0.420508 -0.041202 0.766347
v 0.392762 -0.055601 0.780282
v 0.410297 -0.041271 0.767582
v 0.399706 -0.054958 0.792821
v 0.396557 -0.037934 0.773372
v 0.417114 -0.044045 0.792737
v 0.409866 -0.057802 0.783617
v 0.393085 -0.046886 0.780940
v 0.421928 -0.050633 0.765084
v 0.411938 -0.058008 0.775412
v 0.408445 -0.055719 0.792808
v 0.420767 -0.042921 0.789840
v 0.394542 -0.055770 0.781176
v 0.429488 -0.056616 0.781765
v 0.424353 -0.056550 0.774737
v 0.419512 -0.031980 0.768151
v 0.406084 -0.050531 0.794002
v 0.425743 -0.039787 0.783956
v 0.399406 -0.029328 0.779267
v 0.417526 -0.058747 0.790310
v 0.419332 -0.049477 0.764358
v 0.405450 -0.048032 0.768507
v 0.397352 -0.046307 0.794009
v 0.431900 -0.046938 0.779516
v 0.414639 -0.029557 0.771164
v 0.430339 -0.046416 0.772395
v 0.414258 -0.057536 0.792735
v 0.398692 -0.056713 0.791267
v 0.393080 -0.044224 0.778339
v 0.430083 -0.056226 0.782150
v 0.421362 -0.055161 0.765268
v 0.414128 -0.055172 0.793278
v 0.393116 -0.054122 0.783977
v 0.424345 -0.056606 0.771813
v 0.392771 -0.050101 0.780948
v 0.419580 -0.057577 0.764734
v 0.391045 -0.049977 0.777034
v 0.414382 -0.054098 0.765730
v 0.397652 -0.035385 0.782894
v 0.429748 -0.045313 0.770255
v 0.404352 -0.057223 0.784644
v 0.393772 -0.054216 0.790073
v 0.417977 -0.042901 0.792353
v 0.399908 -0.029673 0.781762
v 0.420423 -0.050951 0.765258
v 0.430210 -0.043634 0.772550
v 0.424206 -0.050689 0.787989
v 0.418519 -0.058423 0.774952
v 0.420430 -0.032956 0.784497
v 0.429759 -0.055824 0.773721
v 0.419142 -0.030640 0.782818
v 0.399262 -0.038862 0.788814
v 0.409505 -0.058421 0.791660
v 0.421203 -0.030689 0.782780
v 0.419971 -0.035270 0.767680
v 0.395225 -0.055559 0.791186
v 0.415565 -0.033804 0.786083
v 0.412033 -0.048469 0.765891
v 0.393865 -0.052734 0.789969
v 0.411438 -0.028714 0.773747
v 0.422070 -0.031877 0.781419
v 0.410176 -0.045468 0.794069
v 0.423685 -0.030531 0.777695
v 0.427423 -0.052688 0.785082
v 0.409318 -0.046694 0.767222
v 0.422670 -0.058178 0.765810
v 0.412060 -0.032691 0.767994
v 0.399678 -0.057029 0.782206
v 0.411073 -0.030947 0.769557
v 0.431892 -0.055525 0.779227
v 0.394596 -0.038840 0.775538
v 0.401497 -0.028180 0.779997
v 0.421655 -0.058410 0.787528
v 0.429226 -0.053777 0.769598
v 0.419244 -0.038026 0.766146
v 0.400288 -0.043271 0.770180
v 0.407173 -0.028191 0.774628
v 0.411168 -0.048625 0.766484
v 0.397338 -0.058470 0.770288
v 0.415217 -0.051794 0.764953
v 0.401370 -0.056737 0.782260
v 0.424313 -0.030327 0.775240
v 0.391867 -0.051571 0.779847
v 0.420788 -0.059083 0.785726
v 0.430976 -0.042577 0.780629
v 0.418412 -0.036114 0.787669
v 0.400362 -0.031458 0.784520
v 0.416629 -0.041491 0.766323
v 0.417485 -0.046217 0.792469
v 0.410487 -0.058383 0.787537
v 0.399041 -0.036195 0.786252
v 0.411000 -0.051716 0.766194
v 0.395511 -0.041887 0.770299
v 0.418418 -0.032725 0.784458
v 0.400191 -0.033505 0.771974
v 0.408372 -0.037468 0.789530
v 0.397736 -0.056395 0.784973
v 0.408277 -0.042026 0.768102
v 0.391818 -0.056883 0.777822
v 0.407396 -0.035890 0.787904
v 0.419254 -0.042275 0.765593
v 0.422342 -0.058507 0.776155
v 0.429643 -0.040504 0.781107
v 0.402753 -0.051783 0.793824
v 0.423921 -0.045976 0.787645
v 0.402084 -0.033407 0.786403
v 0.429835 -0.042189 0.771105
v 0.392068 -0.051217 0.778423
v 0.404962 -0.043832 0.794081
v 0.406709 -0.042892 0.793875
v 0.400091 -0.032129 0.773821
v 0.422937 -0.056858 0.770034
v 0.417714 -0.038559 0.766996
v 0.399091 -0.044225 0.793750
v 0.420222 -0.058601 0.783588
v 0.413318 -0.050543 0.765577
v 0.398248 -0.042451 0.769744
v 0.422522 -0.055045 0.765067
v 0.415393 -0.040978 0.791700
v 0.405717 -0.051493 0.793608
v 0.412652 -0.032361 0.785520
v 0.402307 -0.047142 0.794473
v 0.394785 -0.058486 0.775605
v 0.426561 -0.057539 0.783604
v 0.423715 -0.047768 0.766461
v 0.399183 -0.038637 0.771171
v 0.393460 -0.047995 0.784683
v 0.428295 -0.053380 0.768088
v 0.402584 -0.051617 0.767750
v 0.418939 -0.040819 0.790935
v 0.397703 -0.036958 0.772064
v 0.409033 -0.057219 0.773483
v 0.412110 -0.030144 0.784110
v 0.402842 -0.043579 0.769667
v 0.395067 -0.043350 0.784776
v 0.420583 -0.056837 0.789553
v 0.391359 -0.051000 0.781644
v 0.391878 -0.047996 0.774744
v 0.421179 -0.057909 0.781447
v 0.419765 -0.059017 0.787798
v 0.422675 -0.057385 0.772982
v 0.398400 -0.034755 0.773527
v 0.417442 -0.041863 0.792071
v 0.426571 -0.055694 0.766794
v 0.407388 -0.046028 0.794134
v 0.397724 -0.033565 0.781100
v 0.394193 -0.046348 0.769658
v 0.427914 -0.055871 0.768121
v 0.420200 -0.049010 0.764545
v 0.393379 -0.055137 0.782262
v 0.392741 -0.050249 0.772198
v 0.392791 -0.047931 0.778474
v 0.420483 -0.047441 0.765117
v 0.396338 -0.034339 0.775915
v 0.407970 -0.049464 0.767230
v 0.392014 -0.054235 0.782472
v 0.395856 -0.035399 0.776920
v 0.405199 -0.033410 0.770312
v 0.399251 -0.028545 0.777192
v 0.402550 -0.035785 0.771075
v 0.428047 -0.056593 0.778775
v 0.411059 -0.056824 0.767351
v 0.414177 -0.058865 0.791156
v 0.392282 -0.047484 0.776821
v 0.395166 -0.040968 0.770864
v 0.422371 -0.058349 0.769176
v 0.394439 -0.040908 0.773987
v 0.421835 -0.031266 0.780765
v 0.413623 -0.034294 0.767347
v 0.413021 -0.047129 0.793754
v 0.397153 -0.055914 0.788365
v 0.392568 -0.052996 0.783637
v 0.393476 -0.058715 0.773567
v 0.422842 -0.058361 0.768461
v 0.371380 -0.062501 0.843701
v 0.363373 -0.061782 0.845414
v 0.351636 -0.049489 0.855193
v 0.341217 -0.052482 0.848394
v 0.363204 -0.052151 0.832093
v 0.360802 -0.061929 0.852026
v 0.345559 -0.058579 0.841110
v 0.367666 -0.049301 0.834080
v 0.349388 -0.048115 0.849271
v 0.363662 -0.059934 0.831021
v 0.346919 -0.059791 0.858872
v 0.371241 -0.048484 0.850975
v 0.373414 -0.043726 0.845483
v 0.359342 -0.053445 0.857422
v 0.374544 -0.048649 0.841839
v 0.376596 -0.051457 0.846557
v 0.368172 -0.041648 0.850958
v 0.369411 -0.061291 0.836750
v 0.352390 -0.054629 0.857709
v 0.362990 -0.054327 0.830174
v 0.348718 -0.052012 0.855589
v 0.377287 -0.062624 0.843873
v 0.341012 -0.059621 0.849155
v 0.366161 -0.057488 0.855287
v 0.350314 -0.051617 0.839564
v 0.365809 -0.061517 0.842465
v 0.350906 -0.050671 0.841130
v 0.356123 -0.060299 0.859839
v 0.375340 -0.061744 0.851357
v 0.357697 -0.057837 0.832342
v 0.372991 -0.063053 0.848645
v 0.344369 -0.052383 0.844849
v 0.369910 -0.041312 0.849849
v 0.362552 -0.062037 0.834149
v 0.357044 -0.044454 0.850159
v 0.351606 -0.061618 0.857296
v 0.350776 -0.061469 0.836617
v 0.360619 -0.044532 0.854677
v 0.367078 -0.042308 0.838977
v 0.347383 -0.061962 0.842345
v 0.378096 -0.060870 0.839929
v 0.355477 -0.048947 0.856359
v 0.350149 -0.061586 0.849736
v 0.373920 -0.061393 0.837405
v 0.369998 -0.053699 0.851830
v 0.362998 -0.041187 0.845439
v 0.364265 -0.059505 0.856094
v 0.354291 -0.062506 0.845062
v 0.362780 -0.054223 0.856020
v 0.361627 -0.041897 0.851196
v 0.376136 -0.058146 0.841941
v 0.359614 -0.062135 0.856531
v 0.348104 -0.052716 0.840829
v 0.372224 -0.050727 0.837412
v 0.351515 -0.060408 0.860094
v 0.375975 -0.058214 0.838197
v 0.365179 -0.061555 0.855157
v 0.348803 -0.053925 0.837514
v 0.365717 -0.061756 0.846217
v 0.373767 -0.048016 0.849720
v 0.370790 -0.058031 0.829258
v 0.356803 -0.057212 0.859242
v 0.348772 -0.049954 0.846175
v 0.362437 -0.061361 0.832336
v 0.355488 -0.047116 0.841872
v 0.374032 -0.059104 0.852393
v 0.366441 -0.047553 0.853636
v 0.350591 -0.062219 0.847737
v 0.378059 -0.059046 0.841055
v 0.360553 -0.054599 0.857718
v 0.377077 -0.056747 0.842642
v 0.355556 -0.046972 0.854261
v 0.357612 -0.048403 0.837700
v 0.376263 -0.052033 0.845548
v 0.355562 -0.050480 0.834842
v 0.366445 -0.061886 0.832856
v 0.366244 -0.054250 0.829574
v 0.374533 -0.062858 0.843468
v 0.363136 -0.049415 0.856234
v 0.371967 -0.054088 0.851887
v 0.370565 -0.040111 0.847294
v 0.342653 -0.053385 0.852293
v 0.363763 -0.048878 0.834801
v 0.377544 -0.054516 0.846266
v 0.341336 -0.058954 0.847799
v 0.371901 -0.059539 0.830127
v 0.351260 -0.051055 0.838227
v 0.367285 -0.057326 0.854037
v 0.345864 -0.057227 0.858215
v 0.372574 -0.062061 0.839486
v 0.358557 -0.048181 0.856168
v 0.371395 -0.060836 0.830270
v 0.368295 -0.048605 0.852369
v 0.357500 -0.052284 0.832298
v 0.369500 -0.061861 0.853217
v 0.345549 -0.060558 0.841432
v 0.368104 -0.046453 0.835958
v 0.352335 -0.047609 0.853390
v 0.356859 -0.045003 0.847179
v 0.376608 -0.057897 0.850869
v 0.351718 -0.047857 0.847472
v 0.356665 -0.054857 0.858805
v 0.355611 -0.051618 0.856870
v 0.349707 -0.061469 0.847114
v 0.358053 -0.052648 0.857165
v 0.367570 -0.060859 0.854906
v 0.349740 -0.050692 0.842626
v 0.369989 -0.062422 0.848354
v 0.364715 -0.042935 0.854210
v 0.354623 -0.062317 0.859405
v 0.355185 -0.062394 0.834221
v 0.351987 -0.061169 0.859646
v 0.370104 -0.058697 0.853905
v 0.360407 -0.045598 0.856095
v 0.371120 -0.040137 0.845441
v 0.377705 -0.059026 0.839778
v 0.371165 -0.050845 0.850690
v 0.364436 -0.041144 0.840915
v 0.363309 -0.061409 0.855207
v 0.376171 -0.060651 0.851194
v 0.370300 -0.042946 0.850341
v 0.343453 -0.050671 0.848330
v 0.373246 -0.057062 0.834421
v 0.376302 -0.063684 0.846012
v 0.349118 -0.050948 0.853161
v 0.361895 -0.061236 0.854130
v 0.347383 -0.060706 0.847936
v 0.355885 -0.062615 0.837505
v 0.353750 -0.062664 0.841664
v 0.354007 -0.056747 0.833092
v 0.357406 -0.062036 0.841438
v 0.350365 -0.054734 0.835800
v 0.369752 -0.056698 0.852278
v 0.361970 -0.042093 0.840685
v 0.344509 -0.052131 0.852575
v 0.361032 -0.051460 0.857100
v 0.370427 -0.060278 0.829777
v 0.359895 -0.062278 0.846258
v 0.352559 -0.047881 0.845061
v 0.372150 -0.058753 0.831935
v 0.350787 -0.060808 0.859307
v 0.372027 -0.062250 0.852498
v 0.370777 -0.054780 0.832676
v 0.343158 -0.059002 0.853595
v 0.358935 -0.051399 0.856709
v 0.358419 -0.048566 0.836007
v 0.355580 -0.054166 0.857539
v 0.375937 -0.061375 0.840365
v 0.363698 -0.050111 0.855581
v 0.367166 -0.060759 0.830739
v 0.374388 -0.048238 0.847499
v 0.351809 -0.052959 0.834457
v 0.360117 -0.061964 0.841008
v 0.375513 -0.055649 0.839852
v 0.353452 -0.057527 0.859838
v 0.360008 -0.062099 0.848696
v 0.359443 -0.060596 0.832585
v 0.349454 -0.052904 0.837572
v 0.374176 -0.061445 0.839949
v 0.342657 -0.059784 0.847201
v 0.348928 -0.060455 0.852114
v 0.356701 -0.047774 0.855837
v 0.361280 -0.057324 0.831034
v 0.346678 -0.051788 0.843523
v 0.371238 -0.041262 0.843276
v 0.351940 -0.062586 0.836700
v 0.355966 -0.056940 0.859881
v 0.367197 -0.055537 0.853440
v 0.368998 -0.055269 0.829195
v 0.341022 -0.053491 0.849675
v 0.360146 -0.043802 0.852891
v 0.344328 -0.054275 0.855291
v 0.354320 -0.061790 0.833870
v 0.368389 -0.061934 0.831900
v 0.376064 -0.053797 0.842150
v 0.342051 -0.059527 0.846986
v 0.353806 -0.060229 0.859642
v 0.354322 -0.060237 0.833362
v 0.374848 -0.060404 0.837173
v 0.349591 -0.060607 0.854661
v 0.375789 -0.057762 0.839779
v 0.355494 -0.061817 0.859740
v 0.378136 -0.057680 0.842877
v 0.359880 -0.059531 0.857768
v 0.371702 -0.045963 0.839492
v 0.345524 -0.054153 0.856870
v 0.364776 -0.061651 0.838943
v 0.372989 -0.060465 0.831923
v 0.351181 -0.052349 0.834934
v 0.370270 -0.041488 0.841175
v 0.354732 -0.057703 0.859379
v 0.344707 -0.053208 0.854889
v 0.346440 -0.057060 0.840226
v 0.354287 -0.062372 0.850484
v 0.352097 -0.049488 0.841247
v 0.344124 -0.059311 0.854354
v 0.353622 -0.047895 0.842483
v 0.368516 -0.049735 0.834262
v 0.358748 -0.062371 0.833822
v 0.351775 -0.047998 0.842928
v 0.356232 -0.050338 0.856225
v 0.371470 -0.061348 0.831244
v 0.355827 -0.049270 0.839065
v 0.361969 -0.055739 0.857161
v 0.372929 -0.059492 0.832034
v 0.361941 -0.041319 0.850537
v 0.351284 -0.048753 0.844320
v 0.357649 -0.053860 0.831834
v 0.350618 -0.047811 0.847969
v 0.343949 -0.057657 0.843694
v 0.364170 -0.054402 0.855468
v 0.352536 -0.062210 0.859438
v 0.362738 -0.044289 0.855641
v 0.369419 -0.061919 0.840117
v 0.363199 -0.042927 0.854120
v 0.341064 -0.059067 0.849949
v 0.375494 -0.049390 0.845062
v 0.369237 -0.040507 0.843069
v 0.348819 -0.062206 0.840075
v 0.345651 -0.058501 0.857720
v 0.357060 -0.052197 0.857413
v 0.371617 -0.051983 0.851012
v 0.365346 -0.040515 0.849007
v 0.362608 -0.055841 0.856456
v 0.373990 -0.062948 0.850161
v 0.359305 -0.058017 0.858630
v 0.367912 -0.061566 0.840424
v 0.350594 -0.047696 0.850265
v 0.376819 -0.058727 0.840562
v 0.349960 -0.062639 0.841489
v 0.341943 -0.051489 0.848229
v 0.352840 -0.050603 0.838319
v 0.369142 -0.042969 0.838737
v 0.358836 -0.053129 0.857128
v 0.351523 -0.054353 0.834782
v 0.358745 -0.062346 0.837673
v 0.369571 -0.047015 0.836687
v 0.362772 -0.057966 0.856648
v 0.375697 -0.051430 0.849829
v 0.353886 -0.049331 0.840860
v 0.371986 -0.044191 0.849829
v 0.360402 -0.048232 0.835583
v 0.370555 -0.061710 0.837263
v 0.365195 -0.050735 0.854657
v 0.377288 -0.062218 0.842342
v 0.361833 -0.046721 0.836962
v 0.356670 -0.054364 0.858100
v 0.350544 -0.062119 0.850319
v 0.343392 -0.051082 0.847228
v 0.364262 -0.058386 0.830492
v 0.346881 -0.054266 0.840376
v 0.366939 -0.044845 0.837250
v 0.345588 -0.052908 0.855885
v 0.376940 -0.058495 0.841864
v 0.362256 -0.053051 0.830729
v 0.360755 -0.052274 0.831277
v 0.371648 -0.043367 0.848152
v 0.351324 -0.061095 0.855837
v 0.358160 -0.051940 0.856530
v 0.367515 -0.053823 0.829789
v 0.350901 -0.062302 0.843266
v 0.360853 -0.057195 0.857680
v 0.373488 -0.051515 0.850954
v 0.352823 -0.060153 0.860063
v 0.353698 -0.051328 0.834893
v 0.361688 -0.057963 0.831305
v 0.358386 -0.046664 0.839468
v 0.364520 -0.055511 0.829825
v 0.375130 -0.063271 0.844925
v 0.344958 -0.060665 0.844875
v 0.351810 -0.056225 0.858815
v 0.372701 -0.048277 0.850107
v 0.374396 -0.056378 0.836622
v 0.346897 -0.058532 0.858768
v 0.369885 -0.057904 0.853506
v 0.350879 -0.051622 0.836189
v 0.373821 -0.047178 0.849005
v 0.362981 -0.061581 0.849792
v 0.359229 -0.044460 0.840833
v 0.369452 -0.052209 0.851993
v 0.372973 -0.053103 0.836888
v 0.349394 -0.061322 0.838013
v 0.376891 -0.058353 0.838867
v 0.377881 -0.056266 0.845075
v 0.350447 -0.061687 0.845410
v 0.350482 -0.062745 0.839396
v 0.350894 -0.061322 0.853214
v 0.373032 -0.045451 0.847945
v 0.351778 -0.051831 0.835019
v 0.348786 -0.060314 0.859469
v 0.360100 -0.054310 0.831191
v 0.372141 -0.044459 0.841174
v 0.376902 -0.054656 0.850057
v 0.347224 -0.060162 0.858661
v 0.355220 -0.056786 0.859850
v 0.374976 -0.061071 0.838745
v 0.377653 -0.057540 0.847507
v 0.376291 -0.056336 0.841970
v 0.355040 -0.056244 0.859251
v 0.374281 -0.045329 0.845355
v 0.365238 -0.056475 0.855099
v 0.376138 -0.060478 0.838273
v 0.374410 -0.046246 0.844310
v 0.367856 -0.044237 0.852317
v 0.371811 -0.040747 0.845078
v 0.370040 -0.045792 0.851088
v 0.344648 -0.060017 0.849465
v 0.362477 -0.061322 0.855637
v 0.354724 -0.062663 0.835248
v 0.377088 -0.056024 0.843324
v 0.375906 -0.050787 0.849271
v 0.352051 -0.062204 0.856437
v 0.375846 -0.051053 0.846327
v 0.351635 -0.048366 0.844845
v 0.361635 -0.046097 0.856307
v 0.355200 -0.054952 0.832709
v 0.370359 -0.061421 0.834142
v 0.375404 -0.059664 0.837359
v 0.376716 -0.063421 0.846451
v 0.351787 -0.062217 0.857165
vn -0.1303 -0.9913 -0.0183
vn -0.1030 -0.9938 -0.0421
vn -0.0558 -0.9975 0.0425
vn -0.1541 -0.9774 -0.1450
vn 0.0183 -0.9992 0.0346
vn 0.4343 0.1582 -0.8868
vn 0.3067 0.2456 -0.9196
vn 0.7110 0.3472 -0.6115
vn 0.8727 0.4436 -0.2041
vn 0.6803 0.4286 -0.5946
vn 0.4491 0.8912 -0.0636
vn -0.9099 0.3665 0.1941
vn -0.8414 0.3902 0.3738
vn -0.9083 0.4118 0.0735
vn -0.0012 -0.0983 0.9952
vn -0.0273 -0.2892 0.9569
vn 0.1939 -0.1462 0.9701
vn -0.0112 0.4476 -0.8942
vn 0.0788 0.5023 -0.8611
vn 0.0698 0.1953 -0.9783
vn 0.3566 0.8736 0.3311
vn 0.4730 0.8282 -0.3006
vn 0.0963 0.9953 0.0106
vn 0.7033 0.0192 0.7106
vn 0.9014 0.1550 0.4042
vn 0.6727 0.1649 0.7213
vn 0.4757 -0.8199 -0.3186
vn 0.2772 -0.9600 -0.0393
vn 0.3603 -0.8276 -0.4304
vn -0.3036 0.5245 0.7954
vn -0.1402 0.6434 0.7525
vn -0.0770 0.5967 0.7988
vn 0.0275 0.9240 0.3815
vn -0.1857 0.9441 0.2724
vn -0.1982 0.6975 0.6886
vn 0.6213 0.2399 0.7459
vn 0.5999 0.3889 0.6992
vn -0.0455 0.5923 0.8044
vn -0.0056 0.6578 0.7532
vn 0.0498 0.6316 0.7737
vn -0.1200 -0.9884 -0.0931
vn -0.1617 -0.9853 -0.0554
vn -0.8767 0.3576 0.3218
vn -0.7248 0.4612 0.5119
vn -0.8368 0.3745 0.3994
vn 0.4154 -0.8941 -0.1675
vn 0.3091 -0.9480 -0.0754
vn -0.3068 0.1466 -0.9404
vn -0.2935 0.1206 -0.9483
vn -0.2211 0.1116 -0.9689
vn -0.9073 0.3474 -0.2367
vn -0.7584 0.4002 -0.5145
vn -0.8289 0.4802 -0.2870
vn -0.6998 0.4837 -0.5257
vn 0.1661 0.8608 -0.4812
vn -0.0529 0.7765 -0.6278
vn 0.0024 0.9554 -0.2953
vn -0.1897 -0.7775 -0.5996
vn -0.3017 -0.1843 -0.9354
vn -0.0315 -0.3867 -0.9217
vn 0.4488 0.1557 -0.8799
vn 0.4665 -0.4473 -0.7631
vn 0.2116 -0.4409 -0.8723
vn -0.4929 -0.8250 0.2766
vn -0.6399 -0.7640 0.0820
vn -0.2832 -0.9472 0.1505
vn -0.1276 -0.9272 0.3522
vn -0.2216 -0.8694 0.4417
vn -0.5090 -0.8122 0.2851
vn -0.3351 0.2873 -0.8973
vn 0.0703 0.2875 -0.9552
vn -0.6152 0.1637 -0.7712
vn 0.1701 -0.9854 -0.0065
vn -0.0128 -0.9457 0.3249
vn -0.2827 -0.9575 0.0566
vn -0.2461 0.5242 -0.8153
vn -0.1578 0.6147 -0.7728
vn 0.1221 0.9648 -0.2328
vn -0.2571 0.1154 -0.9595
vn -0.2974 0.1407 -0.9443
vn -0.3126 0.1200 -0.9423
vn -0.1614 -0.9491 0.2705
vn -0.1879 -0.9671 0.1714
vn 0.1311 -0.2707 0.9537
vn 0.0892 0.0625 0.9941
vn 0.0460 0.0028 0.9989
vn 0.0642 0.3015 -0.9513
vn 0.0858 0.2173 -0.9723
vn -0.0712 0.1595 -0.9846
vn -0.0805 0.1827 -0.9799
vn -0.0811 -0.1756 -0.9811
vn -0.1007 -0.0243 -0.9946
vn -0.0263 -0.0594 0.9979
vn -0.2562 -0.3357 0.9065
vn -0.0116 -0.1638 0.9864
vn -0.5688 0.2590 0.7807
vn 0.9223 -0.1149 -0.3689
vn 0.9362 0.0336 -0.3497
vn 0.8807 -0.3786 -0.2846
vn 0.8165 0.0733 -0.5727
vn 0.8181 0.0294 -0.5743
vn -0.9700 0.2059 0.1296
vn -0.9730 0.1630 -0.1636
vn -0.7798 -0.6245 -0.0435
vn -0.7224 -0.5741 -0.3854
vn -0.4146 -0.4585 -0.7861
vn -0.1218 -0.9296 -0.3480
vn 0.9777 0.1051 -0.1819
vn 0.7857 -0.1175 0.6073
vn 0.1198 -0.9916 0.0495
vn -0.2117 -0.9750 -0.0669
vn 0.0122 -0.1392 -0.9902
vn 0.0993 -0.8740 -0.4757
vn 0.1068 -0.7753 -0.6225
vn 0.6837 0.4116 0.6027
vn 0.6332 0.5375 0.5569
vn 0.0500 -0.9754 0.2149
vn 0.0770 -0.9764 0.2017
vn 0.0580 -0.9854 0.1599
vn 0.6722 0.3648 0.6443
vn 0.6600 0.4607 0.5934
vn 0.6795 0.4143 0.6055
vn 0.1084 0.5644 0.8183
vn 0.1638 0.6235 0.7644
vn 0.1430 0.6234 0.7687
vn -0.2453 -0.8911 -0.3818
vn 0.3955 -0.9080 0.1385
vn -0.0316 -0.9989 -0.0341
vn -0.8447 0.5351 -0.0142
vn -0.6341 0.4765 -0.6089
vn -0.9184 -0.0449 -0.3932
vn -0.0756 0.4405 0.8945
vn 0.1240 0.5516 0.8249
vn 0.1951 0.4474 0.8728
vn -0.1016 -0.2719 -0.9570
vn -0.2573 0.2890 -0.9221
vn -0.1222 0.1407 -0.9825
vn -0.1910 0.0296 -0.9811
vn 0.9817 0.1144 -0.1523
vn 0.9334 0.3373 -0.1224
vn -0.3410 0.5678 -0.7492
vn -0.2156 0.2298 -0.9490
vn -0.5040 0.3926 -0.7693
vn -0.7389 0.4043 -0.5390
vn -0.0749 -0.5553 0.8283
vn -0.1098 -0.6618 0.7416
vn -0.0044 -0.2849 0.9585
vn 0.0958 -0.2621 0.9603
vn 0.1247 0.9903 0.0614
vn 0.1270 0.9842 0.1234
vn -0.3280 0.8636 -0.3830
vn 0.0761 0.9774 -0.1970
vn 0.0589 -0.8470 -0.5283
vn 0.2568 0.0268 -0.9661
vn 0.1223 -0.0437 -0.9915
vn 0.0542 -0.1971 -0.9789
vn 0.4996 0.0162 0.8661
vn 0.4881 -0.3087 0.8164
vn 0.6140 0.0153 0.7891
vn 0.2077 -0.9282 0.3086
vn 0.3058 -0.7984 0.5187
vn 0.0264 -0.9700 0.2416
vn -0.1905 0.8032 -0.5644
vn -0.3489 0.0777 -0.9340
vn -0.2238 0.3437 -0.9120
vn 0.1027 0.8286 0.5504
vn -0.7834 0.3968 0.4783
vn 0.6057 -0.5479 0.5771
vn 0.5770 -0.4084 0.7073
vn 0.3309 -0.9343 0.1326
vn 0.3664 -0.7386 0.5659
vn 0.5029 -0.3683 0.7820
vn -0.8909 -0.3940 0.2260
vn -0.7004 -0.4612 0.5448
vn -0.9345 0.2959 0.1976
vn 0.5894 -0.8078 0.0107
vn 0.7620 -0.6470 -0.0275
vn 0.2730 -0.9601 -0.0614
vn 0.0516 -0.9637 -0.2621
vn -0.8072 0.5299 0.2601
vn -0.9119 -0.3349 0.2372
vn -0.9209 0.2659 0.2849
vn -0.9384 -0.1393 0.3161
vn -0.3808 0.3704 -0.8472
vn 0.2371 0.3227 -0.9163
vn -0.2967 0.5537 -0.7781
vn -0.3343 0.3109 -0.8897
vn -0.7486 0.6045 0.2723
vn -0.8741 0.3893 0.2905
vn -0.7072 0.4407 -0.5529
vn -0.7898 0.4601 -0.4057
vn -0.2161 0.1137 -0.9697
vn -0.3954 0.0274 -0.9181
vn -0.0687 -0.9946 -0.0781
vn 0.0879 -0.9936 -0.0702
vn -0.3279 0.1364 -0.9348
vn -0.3794 0.1208 -0.9173
vn -0.1706 -0.0305 -0.9849
vn 0.0606 0.9442 -0.3237
vn -0.5675 0.8064 -0.1664
vn -0.9079 0.4178 -0.0329
vn -0.8879 0.4513 0.0888
vn -0.9383 0.3384 0.0716
vn -0.9648 0.2268 0.1333
vn -0.1371 -0.9864 -0.0905
vn -0.3105 -0.9385 -0.1511
vn 0.3611 0.0728 0.9297
vn 0.1092 0.3402 0.9340
vn 0.2030 -0.0444 0.9782
vn 0.4342 -0.0086 0.9008
vn -0.8936 0.3154 0.3194
vn 0.0354 -0.1957 -0.9800
vn 0.6798 -0.7326 0.0343
vn 0.9097 -0.4053 0.0904
vn -0.9209 0.2874 0.2633
vn -0.9224 0.2440 0.2994
vn -0.9747 0.1856 0.1246
vn -0.8032 0.4337 0.4085
vn -0.8982 0.3858 -0.2109
vn -0.0672 -0.7574 -0.6495
vn 0.6405 0.2671 0.7200
vn 0.5929 0.1558 0.7901
vn 0.0095 -0.0589 -0.9982
vn -0.2402 -0.0431 -0.9698
vn 0.7556 0.6412 0.1338
vn 0.0836 0.9776 0.1933
vn 0.0009 -0.7429 0.6694
vn 0.1826 -0.4180 0.8899
vn 0.3156 0.9375 0.1466
vn 0.1556 0.8600 0.4860
vn 0.1314 0.8582 0.4963
vn 0.1482 0.6164 0.7733
vn -0.6033 -0.1746 -0.7782
vn -0.3491 0.1101 -0.9306
vn -0.0027 -1.0000 0.0034
vn -0.1276 -0.9909 -0.0421
vn -0.2890 -0.0142 -0.9572
vn -0.4265 0.7155 0.5534
vn -0.7869 0.2843 0.5477
vn -0.9570 0.0611 0.2837
vn 0.1663 0.3456 -0.9235
vn 0.1016 0.5662 0.8180
vn -0.9559 0.2103 -0.2049
vn -0.7775 0.6197 -0.1071
vn -0.1156 0.6520 0.7494
vn -0.0065 -0.9955 0.0948
vn -0.1418 -0.9243 0.3545
vn -0.5524 -0.5216 0.6503
vn -0.0811 0.3113 0.9468
vn 0.0482 0.0646 0.9967
vn -0.6658 0.0941 0.7402
vn -0.4614 -0.8581 0.2254
vn -0.1097 0.1362 -0.9846
vn -0.1946 0.2389 -0.9513
vn 0.0725 0.4574 -0.8863
vn 0.3756 0.3245 -0.8681
vn 0.2275 0.4120 -0.8823
vn -0.8159 0.5748 -0.0623
vn 0.9029 0.2807 0.3256
vn 0.9973 0.0683 0.0252
vn -0.3398 0.5607 0.7551
vn -0.1160 0.5204 0.8460
vn 0.7367 -0.6568 0.1607
vn -0.8598 0.0288 0.5099
vn -0.8716 0.3836 0.3051
vn -0.8787 0.3034 0.3685
vn 0.4635 0.4929 0.7363
vn 0.2974 0.5515 0.7794
vn 0.4810 0.4119 0.7739
vn 0.6618 0.0545 -0.7477
vn 0.7585 -0.2831 -0.5870
vn -0.1063 0.1784 -0.9782
vn -0.0878 -0.9960 0.0139
vn -0.3984 0.2235 -0.8896
vn -0.0851 0.4494 0.8893
vn 0.0663 -0.9134 -0.4016
vn 0.5663 -0.0263 0.8238
vn -0.4354 0.5131 0.7397
vn -0.6340 0.6747 0.3780
vn 0.4588 0.7455 0.4834
vn 0.4954 0.7590 0.4224
vn 0.7582 0.5468 0.3551
vn -0.5973 0.0245 -0.8017
vn 0.3966 0.1443 -0.9066
vn -0.0264 0.3606 -0.9323
vn 0.6753 -0.7375 0.0045
vn 0.4038 -0.9041 0.1398
vn 0.3695 -0.9232 0.1060
vn 0.1928 -0.9740 -0.1188
vn -0.0221 0.2099 -0.9775
vn 0.5632 -0.3707 -0.7385
vn -0.1369 -0.8522 0.5050
vn 0.5410 -0.6825 -0.4914
vn -0.4430 0.8964 -0.0119
vn 0.1388 0.8301 0.5401
vn -0.0908 0.1643 -0.9822
vn -0.2107 0.1278 -0.9691
vn -0.2685 0.1947 -0.9434
vn 0.8603 0.4735 0.1886
vn -0.0826 -0.9944 -0.0655
vn 0.1338 -0.9904 -0.0353
vn 0.1415 0.0136 0.9898
vn -0.1110 -0.9927 -0.0475
vn 0.8552 0.2754 -0.4390
vn 0.1050 0.2517 -0.9621
vn 0.9791 -0.1678 -0.1145
vn 0.1336 -0.9841 -0.1174
vn -0.1172 0.3451 -0.9312
vn -0.8229 -0.5110 0.2485
vn 0.7008 0.2023 0.6841
vn 0.4820 0.1631 -0.8608
vn -0.5045 -0.8322 0.2300
vn 0.2906 -0.9512 0.1039
vn -0.0809 0.1691 -0.9823
vn -0.4263 0.0280 -0.9041
vn -0.5937 0.5378 0.5985
vn 0.0101 -0.9772 0.2120
vn 0.4388 0.1035 0.8926
vn 0.3229 0.1002 -0.9411
vn 0.5959 -0.7998 0.0725
vn -0.0947 -0.9954 -0.0133
vn -0.0747 -0.9967 -0.0306
vn -0.0405 -0.9987 0.0308
vn -0.1127 -0.9880 -0.1059
vn 0.0133 -0.9996 0.0250
vn 0.4311 0.2171 -0.8758
vn 0.2916 0.3151 -0.9032
vn 0.6708 0.4444 -0.5937
vn 0.8022 0.5672 -0.1864
vn 0.6233 0.5292 -0.5757
vn 0.3983 0.9147 -0.0694
vn -0.8602 0.4757 0.1837
vn -0.7875 0.5048 0.3536
vn -0.8467 0.5283 0.0629
vn -0.0044 -0.1371 0.9905
vn -0.0237 -0.3807 0.9244
vn 0.1897 -0.1985 0.9616
vn -0.0039 0.5361 -0.8441
vn 0.0611 0.5915 -0.8040
vn 0.0597 0.2645 -0.9625
vn 0.2996 0.9134 0.2754
vn 0.4085 0.8772 -0.2524
vn 0.0698 0.9975 0.0077
vn 0.7020 0.0251 0.7117
vn 0.8922 0.1987 0.4057
vn 0.6644 0.2304 0.7110
vn 0.4000 -0.8750 -0.2726
vn 0.2049 -0.9783 -0.0294
vn 0.2811 -0.8950 -0.3464
vn -0.2692 0.6302 0.7283
vn -0.1163 0.7572 0.6428
vn -0.0649 0.7159 0.6952
vn 0.0186 0.9546 0.2973
vn -0.1475 0.9676 0.2051
vn -0.1643 0.7870 0.5946
vn 0.6072 0.3206 0.7270
vn 0.5619 0.5025 0.6571
vn -0.0384 0.7099 0.7033
vn -0.0051 0.7691 0.6391
vn 0.0445 0.7469 0.6635
vn -0.0872 -0.9939 -0.0677
vn -0.1178 -0.9922 -0.0403
vn -0.8309 0.4660 0.3040
vn -0.6661 0.5817 0.4668
vn -0.7892 0.4860 0.3754
vn 0.3297 -0.9349 -0.1314
vn 0.2338 -0.9707 -0.0561
vn -0.3043 0.2016 -0.9310
vn -0.2923 0.1691 -0.9413
vn -0.2122 0.1529 -0.9652
vn -0.8663 0.4506 -0.2155
vn -0.7034 0.5233 -0.4810
vn -0.7593 0.5936 -0.2664
vn -0.6359 0.6073 -0.4763
vn 0.1371 0.9094 -0.3926
vn -0.0436 0.8602 -0.5081
vn -0.0001 0.9744 -0.2249
vn -0.1508 -0.8162 -0.5578
vn -0.3006 -0.2464 -0.9214
vn -0.0124 -0.4661 -0.8847
vn 0.4451 0.2129 -0.8698
vn 0.4518 -0.4811 -0.7513
vn 0.2352 -0.4753 -0.8478
vn -0.4097 -0.8844 0.2234
vn -0.5309 -0.8445 0.0704
vn -0.2166 -0.9701 0.1091
vn -0.0980 -0.9591 0.2655
vn -0.1708 -0.9244 0.3410
vn -0.4182 -0.8822 0.2164
vn -0.3172 0.3828 -0.8677
vn 0.0585 0.3787 -0.9237
vn -0.6171 0.2168 -0.7564
vn 0.1242 -0.9922 -0.0051
vn -0.0116 -0.9703 0.2417
vn -0.2340 -0.9714 0.0407
vn -0.2348 0.6090 -0.7576
vn -0.1614 0.7031 -0.6926
vn 0.0883 0.9799 -0.1788
vn -0.2604 0.1564 -0.9528
vn -0.3003 0.1923 -0.9343
vn -0.3029 0.1638 -0.9389
vn -0.1186 -0.9693 0.2154
vn -0.1381 -0.9817 0.1311
vn 0.1258 -0.3463 0.9297
vn 0.0885 0.0824 0.9927
vn 0.0424 0.0038 0.9991
vn 0.0658 0.3884 -0.9191
vn 0.0760 0.2946 -0.9526
vn -0.0683 0.2113 -0.9750
vn -0.0705 0.2436 -0.9673
vn -0.0770 -0.2334 -0.9693
vn -0.1115 -0.0027 -0.9938
vn -0.0298 -0.0796 0.9964
vn -0.2396 -0.4365 0.8672
vn -0.0147 -0.2209 0.9752
vn -0.5299 0.3302 0.7811
vn 0.9190 -0.1678 -0.3567
vn 0.9372 0.0433 -0.3461
vn 0.8487 -0.4561 -0.2677
vn 0.8169 0.1023 -0.5677
vn 0.8157 0.0290 -0.5777
vn -0.9592 0.2684 0.0893
vn -0.9661 0.1996 -0.1636
vn -0.7319 -0.6763 -0.0835
vn -0.6871 -0.6334 -0.3559
vn -0.3685 -0.5536 -0.7468
vn -0.1023 -0.9567 -0.2725
vn 0.9730 0.1424 -0.1818
vn 0.7801 -0.1690 0.6024
vn 0.0870 -0.9956 0.0359
vn -0.1642 -0.9850 -0.0530
vn 0.0059 -0.1926 -0.9813
vn 0.0652 -0.9010 -0.4289
vn 0.0868 -0.8068 -0.5844
vn 0.6349 0.5227 0.5690
vn 0.5611 0.6625 0.4963
vn 0.0375 -0.9867 0.1583
vn 0.0569 -0.9874 0.1476
vn 0.0423 -0.9923 0.1165
vn 0.6377 0.4699 0.6104
vn 0.6041 0.5858 0.5403
vn 0.6340 0.5273 0.5656
vn 0.0963 0.6844 0.7227
vn 0.1405 0.7402 0.6575
vn 0.1218 0.7398 0.6617
vn -0.1938 -0.9272 -0.3206
vn 0.3386 -0.9326 0.1250
vn -0.0229 -0.9994 -0.0247
vn -0.7799 0.6252 -0.0279
vn -0.5928 0.5813 -0.5573
vn -0.9169 -0.0598 -0.3947
vn -0.0579 0.5387 0.8405
vn 0.1108 0.6754 0.7291
vn 0.1727 0.5615 0.8093
vn -0.1027 -0.3424 -0.9339
vn -0.2463 0.3617 -0.8992
vn -0.1138 0.1989 -0.9734
vn -0.1865 0.0383 -0.9817
vn 0.9756 0.1560 -0.1542
vn 0.8906 0.4391 -0.1186
vn -0.3068 0.6653 -0.6806
vn -0.2103 0.3104 -0.9271
vn -0.4600 0.4983 -0.7349
vn -0.6980 0.5096 -0.5031
vn -0.0629 -0.6727 0.7372
vn -0.0874 -0.7577 0.6467
vn -0.0021 -0.3771 0.9262
vn 0.0955 -0.3521 0.9311
vn 0.0906 0.9949 0.0447
vn 0.0925 0.9916 0.0900
vn -0.3135 0.8844 -0.3457
vn 0.0540 0.9869 -0.1521
vn 0.0633 -0.8811 -0.4687
vn 0.2522 0.0636 -0.9656
vn 0.1245 -0.0410 -0.9914
vn 0.0622 -0.2635 -0.9626
vn 0.4987 0.0296 0.8662
vn 0.4718 -0.3947 0.7884
vn 0.6113 0.0236 0.7911
vn 0.1687 -0.9531 0.2514
vn 0.2615 -0.8556 0.4468
vn 0.0220 -0.9828 0.1831
vn -0.1488 0.8762 -0.4584
vn -0.3536 0.1085 -0.9291
vn -0.2164 0.4435 -0.8698
vn 0.0773 0.8780 0.4725
vn -0.7342 0.5105 0.4475
vn 0.5586 -0.6227 0.5478
vn 0.5501 -0.4860 0.6791
vn 0.2553 -0.9600 0.1148
vn 0.3019 -0.8302 0.4687
vn 0.4809 -0.4621 0.7451
vn -0.8746 -0.4369 0.2103
vn -0.6777 -0.5281 0.5117
vn -0.8983 0.3981 0.1858
vn 0.5429 -0.8398 0.0086
vn 0.6866 -0.7268 -0.0208
vn 0.2019 -0.9784 -0.0446
vn 0.0377 -0.9805 -0.1929
vn -0.7586 0.5822 0.2924
vn -0.8897 -0.3952 0.2287
vn -0.9069 0.3103 0.2851
vn -0.9257 -0.1984 0.3222
vn -0.3363 0.4857 -0.8069
vn 0.2317 0.4186 -0.8781
vn -0.2710 0.6429 -0.7164
vn -0.3216 0.4063 -0.8553
vn -0.6582 0.7147 0.2364
vn -0.8234 0.4990 0.2702
vn -0.6515 0.5574 -0.5147
vn -0.7223 0.5854 -0.3683
vn -0.2079 0.1477 -0.9669
vn -0.3941 0.0304 -0.9186
vn -0.0501 -0.9971 -0.0568
vn 0.0643 -0.9966 -0.0518
vn -0.3337 0.1831 -0.9247
vn -0.3716 0.1717 -0.9124
vn -0.1662 -0.0471 -0.9850
vn 0.0423 0.9692 -0.2426
vn -0.4610 0.8762 -0.1403
vn -0.8767 0.4779 -0.0555
vn -0.8430 0.5291 0.0967
vn -0.8928 0.4476 0.0511
vn -0.9467 0.2944 0.1304
vn -0.0999 -0.9928 -0.0659
vn -0.2319 -0.9660 -0.1143
vn 0.3468 0.1058 0.9320
vn 0.1045 0.4395 0.8921
vn 0.2060 -0.0498 0.9773
vn 0.4444 -0.0253 0.8955
vn -0.8535 0.4212 0.3067
vn 0.0365 -0.2540 -0.9665
vn 0.6022 -0.7975 0.0367
vn 0.8531 -0.5142 0.0884
vn -0.8899 0.3789 0.2539
vn -0.8976 0.3237 0.2994
vn -0.9614 0.2512 0.1126
vn -0.7823 0.4873 0.3880
vn -0.8547 0.4772 -0.2044
vn -0.0728 -0.7960 -0.6008
vn 0.6199 0.3553 0.6996
vn 0.5892 0.1975 0.7835
vn 0.0081 -0.0725 -0.9973
vn -0.2386 -0.0609 -0.9692
vn 0.6573 0.7463 0.1047
vn 0.0609 0.9881 0.1414
vn -0.0084 -0.8186 0.5744
vn 0.1785 -0.5183 0.8364
vn 0.2430 0.9634 0.1131
vn 0.1260 0.9045 0.4074
vn 0.1009 0.9067 0.4096
vn 0.1302 0.7337 0.6669
vn -0.5934 -0.2363 -0.7695
vn -0.3443 0.1498 -0.9268
vn -0.0019 -1.0000 0.0025
vn -0.0930 -0.9952 -0.0308
vn -0.2828 -0.0321 -0.9586
vn -0.3660 0.7844 0.5008
vn -0.7494 0.3879 0.5365
vn -0.9552 0.0705 0.2874
vn 0.1562 0.4432 -0.8827
vn 0.0894 0.6903 0.7180
vn -0.9380 0.2771 -0.2083
vn -0.6780 0.7265 -0.1119
vn -0.0989 0.7658 0.6354
vn -0.0038 -0.9975 0.0700
vn -0.1048 -0.9481 0.3001
vn -0.5188 -0.6092 0.5998
vn -0.0751 0.3867 0.9192
vn 0.0488 0.0843 0.9952
vn -0.6573 0.1201 0.7440
vn -0.3652 -0.9138 0.1778
vn -0.1083 0.1889 -0.9760
vn -0.2016 0.3317 -0.9216
vn 0.0782 0.5798 -0.8110
vn 0.3564 0.4319 -0.8286
vn 0.1864 0.5055 -0.8424
vn -0.7239 0.6876 -0.0558
vn 0.8707 0.3763 0.3168
vn 0.9943 0.1046 0.0181
vn -0.3027 0.6845 0.6632
vn -0.1034 0.6418 0.7599
vn 0.7262 -0.6644 0.1768
vn -0.8689 0.0358 0.4937
vn -0.8223 0.4940 0.2826
vn -0.8438 0.4051 0.3521
vn 0.4320 0.6085 0.6657
vn 0.2734 0.6712 0.6890
vn 0.4598 0.5135 0.7245
vn 0.6560 0.0859 -0.7498
vn 0.7355 -0.3458 -0.5826
vn -0.1075 0.2494 -0.9624
vn -0.0640 -0.9979 0.0096
vn -0.3864 0.2993 -0.8724
vn -0.0674 0.5375 0.8406
vn 0.0492 -0.9457 -0.3214
vn 0.5716 -0.0301 0.8200
vn -0.3951 0.6381 0.6609
vn -0.5601 0.7638 0.3208
vn 0.3818 0.8375 0.3908
vn 0.4673 0.8002 0.3758
vn 0.6668 0.6746 0.3166
vn -0.5971 0.0318 -0.8015
vn 0.3968 0.2027 -0.8952
vn -0.0300 0.4497 -0.8927
vn 0.5768 -0.8167 0.0169
vn 0.3125 -0.9435 0.1106
vn 0.3054 -0.9487 0.0813
vn 0.1410 -0.9862 -0.0868
vn -0.0066 0.2898 -0.9571
vn 0.5450 -0.4437 -0.7114
vn -0.1054 -0.8855 0.4525
vn 0.4917 -0.7289 -0.4764
vn -0.3763 0.9262 -0.0249
vn 0.1107 0.8838 0.4547
vn -0.0997 0.2214 -0.9701
vn -0.2132 0.1794 -0.9604
vn -0.2601 0.2712 -0.9267
vn 0.7924 0.5871 0.1655
vn -0.0599 -0.9971 -0.0476
vn 0.0968 -0.9950 -0.0247
vn 0.1324 0.0241 0.9909
vn -0.0812 -0.9961 -0.0355
vn 0.8368 0.3552 -0.4166
vn 0.0891 0.3346 -0.9381
vn 0.9657 -0.2307 -0.1190
vn 0.0974 -0.9916 -0.0856
vn -0.1152 0.4257 -0.8975
vn -0.7477 -0.6285 0.2145
vn 0.6804 0.2878 0.6740
vn 0.4722 0.2228 -0.8529
vn -0.3936 -0.9014 0.1806
vn 0.2171 -0.9729 0.0797
vn -0.0698 0.2333 -0.9699
vn -0.4364 0.0380 -0.8990
vn -0.5360 0.6598 0.5266
vn 0.0092 -0.9875 0.1571
vn 0.4535 0.1252 0.8824
vn 0.3226 0.1223 -0.9386
vn 0.5732 -0.8169 0.0641
vn 0.0179 -0.9954 -0.0939
vn 0.0342 -0.9967 -0.0731
vn -0.0288 -0.9987 -0.0419
vn 0.1113 -0.9880 -0.1074
vn -0.0256 -0.9996 0.0120
vn 0.8536 0.2171 0.4736
vn 0.8878 0.3151 0.3356
vn 0.5601 0.4444 0.6992
vn 0.1468 0.5672 0.8104
vn 0.5444 0.5292 0.6508
vn 0.0497 0.9146 0.4012
vn -0.1412 0.4757 -0.8682
vn -0.3145 0.5048 -0.8039
vn -0.0213 0.5283 -0.8488
vn -0.9891 -0.1371 -0.0530
vn -0.9221 -0.3807 -0.0691
vn -0.9697 -0.1985 0.1423
vn 0.8433 0.5361 0.0375
vn 0.8000 0.5915 0.1004
vn 0.9584 0.2645 0.1069
vn -0.2898 0.9134 0.2857
vn 0.2321 0.8772 0.4204
vn -0.0111 0.9975 0.0693
vn -0.7453 0.0251 0.6663
vn -0.4489 0.1987 0.8712
vn -0.7427 0.2304 0.6287
vn 0.2527 -0.8750 0.4129
vn 0.0193 -0.9783 0.2061
vn 0.3322 -0.8950 0.2978
vn -0.7142 0.6302 -0.3046
vn -0.6363 0.7572 -0.1477
vn -0.6911 0.7159 -0.0990
vn -0.2979 0.9546 0.0040
vn -0.1976 0.9676 -0.1574
vn -0.5858 0.7870 -0.1933
vn -0.7559 0.3206 0.5708
vn -0.6839 0.5024 0.5290
vn -0.7005 0.7099 -0.0728
vn -0.6380 0.7691 -0.0364
vn -0.6649 0.7468 0.0119
vn 0.0719 -0.9939 -0.0838
vn 0.0460 -0.9922 -0.1157
vn -0.2629 0.4660 -0.8448
vn -0.4335 0.5817 -0.6882
vn -0.3362 0.4860 -0.8067
vn 0.1150 -0.9349 0.3357
vn 0.0445 -0.9707 0.2362
vn 0.9448 0.2016 -0.2582
vn 0.9545 0.1690 -0.2457
vn 0.9744 0.1529 -0.1646
vn 0.2578 0.4506 -0.8547
vn 0.5150 0.5233 -0.6789
vn 0.3034 0.5937 -0.7453
vn 0.5070 0.6073 -0.6117
vn 0.3854 0.9094 0.1561
vn 0.5097 0.8602 -0.0186
vn 0.2247 0.9744 0.0109
vn 0.5645 -0.8162 -0.1233
vn 0.9350 -0.2464 -0.2550
vn 0.8842 -0.4661 0.0310
vn 0.8469 0.2129 0.4873
vn 0.7282 -0.4811 0.4882
vn 0.8353 -0.4753 0.2765
vn -0.2031 -0.8845 -0.4201
vn -0.0442 -0.8445 -0.5338
vn -0.0984 -0.9701 -0.2217
vn -0.2603 -0.9591 -0.1109
vn -0.3322 -0.9244 -0.1873
vn -0.1956 -0.8822 -0.4283
vn 0.8822 0.3829 -0.2742
vn 0.9197 0.3787 0.1038
vn 0.7858 0.2168 -0.5793
vn -0.0010 -0.9922 0.1243
vn -0.2408 -0.9703 -0.0235
vn -0.0292 -0.9714 -0.2357
vn 0.7682 0.6090 -0.1973
vn 0.6996 0.7031 -0.1272
vn 0.1742 0.9799 0.0970
vn 0.9644 0.1564 -0.2133
vn 0.9479 0.1923 -0.2541
vn 0.9526 0.1638 -0.2564
vn -0.2093 -0.9693 -0.1290
vn -0.1241 -0.9817 -0.1444
vn -0.9347 -0.3462 0.0801
vn -0.9958 0.0824 0.0397
vn -1.0000 0.0038 -0.0067
vn 0.9148 0.3884 0.1109
vn 0.9477 0.2946 0.1227
vn 0.9772 0.2113 -0.0204
vn 0.9696 0.2436 -0.0229
vn 0.9719 -0.2334 -0.0293
vn 0.9980 -0.0027 -0.0626
vn -0.9937 -0.0795 -0.0786
vn -0.8544 -0.4365 -0.2818
vn -0.9733 -0.2209 -0.0626
vn -0.7542 0.3302 -0.5676
vn 0.3111 -0.1679 0.9354
vn 0.2997 0.0433 0.9531
vn 0.2258 -0.4561 0.8608
vn 0.5269 0.1023 0.8437
vn 0.5370 0.0290 0.8431
vn -0.0421 0.2684 -0.9624
vn 0.2109 0.1996 -0.9569
vn 0.1193 -0.6763 -0.7269
vn 0.3893 -0.6334 -0.6688
vn 0.7640 -0.5536 -0.3314
vn 0.2772 -0.9567 -0.0889
vn 0.1338 0.1424 0.9807
vn -0.6400 -0.1690 0.7495
vn -0.0402 -0.9956 0.0852
vn 0.0610 -0.9850 -0.1614
vn 0.9798 -0.1926 0.0540
vn 0.4251 -0.9010 0.0861
vn 0.5794 -0.8068 0.1153
vn -0.5994 0.5227 0.6062
vn -0.5232 0.6625 0.5361
vn -0.1600 -0.9867 0.0297
vn -0.1503 -0.9874 0.0496
vn -0.1185 -0.9923 0.0366
vn -0.6409 0.4699 0.6070
vn -0.5692 0.5858 0.5769
vn -0.5961 0.5273 0.6055
vn -0.7266 0.6844 0.0607
vn -0.6636 0.7402 0.1081
vn -0.6669 0.7398 0.0892
vn 0.3297 -0.9272 -0.1778
vn -0.1415 -0.9326 0.3321
vn 0.0257 -0.9994 -0.0217
vn 0.0662 0.6253 -0.7776
vn 0.5858 0.5813 -0.5647
vn 0.4392 -0.0598 -0.8964
vn -0.8367 0.5387 -0.0991
vn -0.7336 0.6754 0.0748
vn -0.8168 0.5615 0.1327
vn 0.9378 -0.3424 -0.0568
vn 0.9102 0.3618 -0.2019
vn 0.9778 0.1989 -0.0659
vn 0.9897 0.0383 -0.1381
vn 0.1061 0.1561 0.9820
vn 0.0748 0.4391 0.8953
vn 0.6949 0.6653 -0.2730
vn 0.9363 0.3104 -0.1645
vn 0.7566 0.4983 -0.4234
vn 0.5368 0.5096 -0.6724
vn -0.7333 -0.6727 -0.0990
vn -0.6417 -0.7577 -0.1190
vn -0.9249 -0.3771 -0.0476
vn -0.9346 -0.3521 0.0497
vn -0.0491 0.9949 0.0883
vn -0.0944 0.9916 0.0880
vn 0.3607 0.8844 -0.2961
vn 0.1492 0.9869 0.0614
vn 0.4651 -0.8811 0.0863
vn 0.9520 0.0636 0.2993
vn 0.9841 -0.0410 0.1729
vn 0.9584 -0.2635 0.1094
vn -0.8897 0.0296 0.4556
vn -0.8106 -0.3947 0.4325
vn -0.8201 0.0236 0.5717
vn -0.2594 -0.9531 0.1562
vn -0.4591 -0.8556 0.2392
vn -0.1840 -0.9828 0.0130
vn 0.4651 0.8762 -0.1261
vn 0.9453 0.1085 -0.3076
vn 0.8793 0.4435 -0.1734
vn -0.4757 0.8780 0.0540
vn -0.4110 0.5105 -0.7553
vn -0.5746 -0.6227 0.5311
vn -0.7053 -0.4860 0.5161
vn -0.1272 -0.9600 0.2494
vn -0.4830 -0.8302 0.2785
vn -0.7678 -0.4621 0.4438
vn -0.1671 -0.4369 -0.8838
vn -0.4778 -0.5281 -0.7020
vn -0.1415 0.3981 -0.9064
vn -0.0352 -0.8398 0.5418
vn -0.0129 -0.7268 0.6867
vn 0.0346 -0.9784 0.2038
vn 0.1908 -0.9805 0.0471
vn -0.2548 0.5822 -0.7721
vn -0.1848 -0.3952 -0.8998
vn -0.2402 0.3103 -0.9198
vn -0.2763 -0.1984 -0.9404
vn 0.8224 0.4857 -0.2962
vn 0.8657 0.4186 0.2745
vn 0.7289 0.6429 -0.2355
vn 0.8700 0.4063 -0.2792
vn -0.2038 0.7147 -0.6691
vn -0.2295 0.4990 -0.8357
vn 0.5460 0.5574 -0.6255
vn 0.4033 0.5854 -0.7034
vn 0.9760 0.1477 -0.1603
vn 0.9368 0.0305 -0.3485
vn 0.0592 -0.9971 -0.0473
vn 0.0486 -0.9966 0.0668
vn 0.9400 0.1831 -0.2879
vn 0.9295 0.1717 -0.3263
vn 0.9919 -0.0471 -0.1176
vn 0.2403 0.9692 0.0542
vn 0.1627 0.8762 -0.4536
vn 0.0984 0.4779 -0.8729
vn -0.0552 0.5291 -0.8468
vn -0.0072 0.4476 -0.8942
vn -0.0838 0.2944 -0.9520
vn 0.0707 -0.9928 -0.0965
vn 0.1256 -0.9660 -0.2261
vn -0.9478 0.1058 0.3007
vn -0.8962 0.4395 0.0606
vn -0.9862 -0.0498 0.1578
vn -0.9162 -0.0253 0.3999
vn -0.2644 0.4213 -0.8676
vn 0.9636 -0.2540 0.0839
vn -0.0662 -0.7975 0.5997
vn -0.1302 -0.5142 0.8477
vn -0.2100 0.3789 -0.9013
vn -0.2550 0.3237 -0.9112
vn -0.0652 0.2512 -0.9657
vn -0.3492 0.4873 -0.8004
vn 0.2461 0.4772 -0.8436
vn 0.6037 -0.7960 -0.0432
vn -0.7292 0.3552 0.5848
vn -0.8115 0.1975 0.5500
vn 0.9957 -0.0725 0.0571
vn 0.9797 -0.0608 -0.1908
vn -0.1368 0.7463 0.6514
vn -0.1442 0.9881 0.0538
vn -0.5733 -0.8185 -0.0365
vn -0.8441 -0.5183 0.1372
vn -0.1248 0.9634 0.2371
vn -0.4130 0.9045 0.1058
vn -0.4141 0.9066 0.0807
vn -0.6725 0.7337 0.0973
vn 0.7977 -0.2363 -0.5549
vn 0.9426 0.1498 -0.2984
vn -0.0024 -1.0000 -0.0020
vn 0.0353 -0.9952 -0.0914
vn 0.9713 -0.0321 -0.2355
vn -0.4822 0.7844 -0.3901
vn -0.4991 0.3879 -0.7749
vn -0.2401 0.0705 -0.9682
vn 0.8740 0.4432 0.1993
vn -0.7216 0.6903 0.0540
vn 0.2540 0.2771 -0.9267
vn 0.1451 0.7265 -0.6717
vn -0.6298 0.7658 -0.1300
vn -0.0697 -0.9975 -0.0072
vn -0.2946 -0.9481 -0.1194
vn -0.5736 -0.6092 -0.5476
vn -0.9144 0.3866 -0.1202
vn -0.9964 0.0843 -0.0000
vn -0.7109 0.1201 -0.6930
vn -0.1597 -0.9138 -0.3735
vn 0.9801 0.1889 -0.0603
vn 0.9304 0.3317 -0.1561
vn 0.8062 0.5798 0.1179
vn 0.8101 0.4318 0.3966
vn 0.8322 0.5056 0.2276
vn 0.0913 0.6876 -0.7203
vn -0.3591 0.3763 0.8541
vn -0.0669 0.1046 0.9923
vn -0.6475 0.6845 -0.3349
vn -0.7539 0.6418 -0.1406
vn -0.2122 -0.6644 0.7166
vn -0.4505 0.0358 -0.8921
vn -0.2419 0.4940 -0.8352
vn -0.3102 0.4051 -0.8601
vn -0.6861 0.6084 0.3988
vn -0.7016 0.6712 0.2393
vn -0.7462 0.5135 0.4237
vn 0.7167 0.0859 0.6921
vn 0.5458 -0.3459 0.7632
vn 0.9665 0.2494 -0.0601
vn -0.0064 -0.9979 -0.0643
vn 0.8903 0.2993 -0.3431
vn -0.8363 0.5375 -0.1086
vn 0.3186 -0.9457 0.0649
vn -0.8471 -0.0301 0.5306
vn -0.6407 0.6381 -0.4271
vn -0.2929 0.7638 -0.5752
vn -0.4091 0.8376 0.3621
vn -0.3983 0.8002 0.4483
vn -0.3490 0.6746 0.6505
vn 0.8299 0.0318 -0.5571
vn 0.8746 0.2027 0.4403
vn 0.8930 0.4498 0.0138
vn -0.0452 -0.8167 0.5752
vn -0.1258 -0.9435 0.3067
vn -0.0962 -0.9487 0.3010
vn 0.0798 -0.9862 0.1451
vn 0.9562 0.2898 0.0404
vn 0.6838 -0.4437 0.5792
vn -0.4467 -0.8855 -0.1275
vn 0.4517 -0.7289 0.5145
vn 0.0434 0.9262 -0.3746
vn -0.4596 0.8838 0.0882
vn 0.9738 0.2214 -0.0520
vn 0.9697 0.1794 -0.1658
vn 0.9383 0.2712 -0.2144
vn -0.2042 0.5870 0.7834
vn 0.0505 -0.9971 -0.0575
vn 0.0199 -0.9950 0.0979
vn -0.9962 0.0241 0.0836
vn 0.0395 -0.9961 -0.0793
vn 0.3750 0.3552 0.8563
vn 0.9326 0.3346 0.1350
vn 0.0715 -0.2307 0.9704
vn 0.0807 -0.9916 0.1015
vn 0.9021 0.4257 -0.0710
vn -0.1776 -0.6284 -0.7573
vn -0.7066 0.2878 0.6464
vn 0.8286 0.2228 0.5135
vn -0.1611 -0.9014 -0.4020
vn -0.0903 -0.9729 0.2129
vn 0.9721 0.2333 -0.0221
vn 0.9193 0.0380 -0.3917
vn -0.4997 0.6598 -0.5612
vn -0.1574 -0.9875 0.0014
vn -0.9036 0.1252 0.4097
vn 0.9216 0.1223 0.3683
vn -0.0921 -0.8169 0.5693
vn -0.0999 -0.9948 -0.0189
vn -0.0727 -0.9966 -0.0377
vn -0.0426 -0.9984 0.0372
vn -0.1297 -0.9789 -0.1579
vn 0.0251 -0.9995 0.0187
vn 0.3325 0.1818 -0.9254
vn 0.2140 0.2823 -0.9351
vn 0.7731 0.3649 -0.5188
vn 0.7020 0.7120 -0.0160
vn 0.3832 0.6701 -0.6357
vn 0.0894 0.9899 0.1099
vn -0.9023 0.3937 0.1759
vn -0.8556 0.3933 0.3366
vn -0.8984 0.4362 0.0510
vn -0.0096 -0.1327 0.9911
vn -0.0270 -0.3357 0.9416
vn 0.1933 -0.1751 0.9654
vn -0.0359 0.5045 -0.8627
vn 0.0267 0.5395 -0.8416
vn 0.0678 0.2354 -0.9695
vn 0.0855 0.8953 0.4372
vn 0.1514 0.9580 -0.2436
vn -0.0012 0.9991 0.0428
vn 0.6715 -0.0775 0.7369
vn 0.9697 -0.0894 0.2273
vn 0.5148 0.0320 0.8567
vn 0.4735 -0.8153 -0.3332
vn 0.2620 -0.9634 -0.0565
vn 0.3605 -0.8286 -0.4284
vn -0.3017 0.5366 0.7880
vn -0.2100 0.6186 0.7571
vn -0.1985 0.5757 0.7932
vn -0.1873 0.9288 0.3197
vn -0.3416 0.9196 0.1943
vn -0.3498 0.6958 0.6273
vn 0.4781 0.1909 0.8573
vn 0.2602 0.5746 0.7760
vn -0.1887 0.5836 0.7898
vn -0.1228 0.6228 0.7727
vn -0.0627 0.6130 0.7876
vn -0.0933 -0.9916 -0.0891
vn -0.1322 -0.9900 -0.0486
vn -0.8666 0.3905 0.3108
vn -0.7508 0.4617 0.4723
vn -0.8412 0.3909 0.3735
vn 0.3763 -0.9079 -0.1847
vn 0.3011 -0.9480 -0.1032
vn -0.3059 0.1709 -0.9366
vn -0.2891 0.1457 -0.9462
vn -0.2132 0.1393 -0.9670
vn -0.8942 0.3874 -0.2245
vn -0.7597 0.4447 -0.4745
vn -0.8197 0.5009 -0.2780
vn -0.7201 0.5115 -0.4689
vn 0.0198 0.8529 -0.5216
vn -0.1284 0.8285 -0.5450
vn -0.1193 0.9676 -0.2226
vn -0.1424 -0.7817 -0.6071
vn -0.2889 -0.1681 -0.9425
vn -0.0198 -0.3707 -0.9286
vn 0.4189 0.1946 -0.8870
vn 0.4727 -0.4134 -0.7783
vn 0.2047 -0.4229 -0.8827
vn -0.4505 -0.8573 0.2490
vn -0.5846 -0.8077 0.0764
vn -0.2478 -0.9604 0.1277
vn -0.1119 -0.9456 0.3056
vn -0.1947 -0.9006 0.3885
vn -0.4627 -0.8510 0.2485
vn -0.3334 0.3285 -0.8837
vn 0.0644 0.3336 -0.9405
vn -0.6159 0.1891 -0.7648
vn 0.1449 -0.9894 -0.0058
vn -0.0124 -0.9600 0.2798
vn -0.2583 -0.9649 0.0479
vn -0.3164 0.5661 -0.7612
vn -0.2594 0.6688 -0.6967
vn -0.0526 0.9821 -0.1809
vn -0.2505 0.1398 -0.9580
vn -0.2974 0.1683 -0.9398
vn -0.3094 0.1400 -0.9406
vn -0.1379 -0.9604 0.2420
vn -0.1588 -0.9761 0.1485
vn 0.1383 -0.3147 0.9391
vn 0.0625 0.0383 0.9973
vn 0.0216 -0.0167 0.9996
vn 0.0304 0.3422 -0.9392
vn 0.0727 0.2586 -0.9632
vn -0.0602 0.1914 -0.9797
vn -0.0743 0.2227 -0.9720
vn -0.0705 -0.1407 -0.9875
vn -0.0973 0.0136 -0.9952
vn -0.0366 -0.0780 0.9963
vn -0.2483 -0.3865 0.8883
vn -0.0137 -0.1930 0.9811
vn -0.5549 0.2802 0.7833
vn 0.9051 -0.0875 -0.4162
vn 0.9678 -0.2136 -0.1334
vn 0.8458 -0.4269 -0.3198
vn 0.6435 0.0609 -0.7631
vn 0.7024 0.0560 -0.7096
vn -0.9650 0.2380 0.1101
vn -0.9698 0.1810 -0.1637
vn -0.7551 -0.6524 -0.0650
vn -0.7044 -0.6056 -0.3704
vn -0.3913 -0.5079 -0.7674
vn -0.1125 -0.9446 -0.3083
vn 0.9567 -0.1130 -0.2684
vn 0.7408 -0.2157 0.6362
vn 0.1099 -0.9931 0.0399
vn -0.1706 -0.9830 -0.0681
vn 0.0427 -0.1184 -0.9921
vn 0.1340 -0.8743 -0.4665
vn 0.1432 -0.7798 -0.6094
vn 0.5322 0.5506 0.6431
vn 0.3467 0.7486 0.5652
vn 0.0433 -0.9820 0.1840
vn 0.0660 -0.9829 0.1721
vn 0.0494 -0.9895 0.1361
vn 0.5185 0.4525 0.7255
vn 0.3548 0.6149 0.7043
vn 0.6384 0.4561 0.6201
vn 0.0345 0.5296 0.8475
vn 0.1307 0.6045 0.7858
vn 0.0672 0.6298 0.7738
vn -0.2101 -0.9045 -0.3711
vn 0.4091 -0.9021 0.1370
vn -0.0116 -0.9990 -0.0437
vn -0.8224 0.5687 -0.0150
vn -0.6307 0.5058 -0.5886
vn -0.9176 -0.0520 -0.3940
vn -0.1249 0.4206 0.8986
vn 0.0749 0.5019 0.8617
vn 0.1622 0.4078 0.8986
vn -0.0854 -0.2946 -0.9518
vn -0.2652 0.3106 -0.9128
vn -0.1176 0.1657 -0.9791
vn -0.1873 0.0331 -0.9818
vn 0.9297 -0.0205 -0.3677
vn 0.9207 0.3052 -0.2431
vn -0.4139 0.5943 -0.6896
vn -0.2265 0.2689 -0.9362
vn -0.5260 0.4286 -0.7346
vn -0.7563 0.4287 -0.4941
vn -0.0688 -0.6162 0.7845
vn -0.0977 -0.7123 0.6950
vn -0.0041 -0.3311 0.9436
vn 0.0970 -0.3016 0.9485
vn 0.0099 0.9995 0.0287
vn -0.0655 0.9957 0.0662
vn -0.4309 0.8263 -0.3627
vn -0.1165 0.9767 -0.1803
vn 0.0710 -0.8428 -0.5335
vn 0.2503 0.0884 -0.9641
vn 0.1185 0.0090 -0.9929
vn 0.0594 -0.1596 -0.9854
vn 0.4960 0.0074 0.8683
vn 0.4886 -0.3376 0.8046
vn 0.4871 -0.0677 0.8707
vn 0.2015 -0.9386 0.2802
vn 0.2997 -0.8208 0.4863
vn 0.0313 -0.9782 0.2052
vn -0.3002 0.8278 -0.4739
vn -0.3427 0.0994 -0.9342
vn -0.2497 0.4059 -0.8791
vn -0.0998 0.8506 0.5162
vn -0.8083 0.3891 0.4420
vn 0.5920 -0.5707 0.5690
vn 0.5734 -0.4295 0.6977
vn 0.3088 -0.9439 0.1171
vn 0.3513 -0.7719 0.5299
vn 0.5006 -0.3958 0.7699
vn -0.8819 -0.4180 0.2181
vn -0.6887 -0.4973 0.5277
vn -0.9184 0.3458 0.1922
vn 0.6018 -0.7986 -0.0107
vn 0.7790 -0.6252 -0.0478
vn 0.2363 -0.9677 -0.0878
vn 0.0514 -0.9651 -0.2567
vn -0.7818 0.5587 0.2769
vn -0.9007 -0.3669 0.2327
vn -0.9147 0.2872 0.2844
vn -0.9327 -0.1674 0.3195
vn -0.3784 0.4176 -0.8261
vn 0.2320 0.3705 -0.8994
vn -0.3265 0.5743 -0.7507
vn -0.3505 0.3336 -0.8752
vn -0.7763 0.5975 0.2008
vn -0.8855 0.3927 0.2484
vn -0.7315 0.4720 -0.4921
vn -0.7847 0.4880 -0.3821
vn -0.2124 0.1452 -0.9663
vn -0.3880 0.0409 -0.9208
vn -0.0507 -0.9951 -0.0843
vn 0.0841 -0.9931 -0.0822
vn -0.3256 0.1584 -0.9321
vn -0.3812 0.1377 -0.9142
vn -0.1525 -0.0039 -0.9883
vn -0.1062 0.9669 -0.2321
vn -0.5127 0.8447 -0.1535
vn -0.8919 0.4501 -0.0428
vn -0.8660 0.4916 0.0919
vn -0.9184 0.3910 0.0599
vn -0.9575 0.2570 0.1311
vn -0.1016 -0.9902 -0.0954
vn -0.2656 -0.9511 -0.1576
vn 0.3491 0.0548 0.9355
vn 0.0542 0.3080 0.9499
vn 0.2008 -0.0688 0.9772
vn 0.4295 -0.0208 0.9028
vn -0.8824 0.3538 0.3103
vn 0.0317 -0.1587 -0.9868
vn 0.6896 -0.7236 0.0302
vn 0.9190 -0.3819 0.0977
vn -0.9074 0.3311 0.2589
vn -0.9109 0.2830 0.3002
vn -0.9690 0.2165 0.1187
vn -0.7919 0.4630 0.3981
vn -0.8770 0.4331 -0.2083
vn -0.0695 -0.7731 -0.6305
vn 0.3658 0.2701 0.8906
vn 0.5027 0.1210 0.8559
vn 0.0136 -0.0179 -0.9997
vn -0.2308 -0.0156 -0.9729
vn 0.3539 0.8320 0.4273
vn -0.0532 0.9796 0.1938
vn 0.0018 -0.7820 0.6232
vn 0.1853 -0.4638 0.8663
vn 0.2334 0.9622 0.1406
vn 0.0684 0.8909 0.4490
vn 0.0946 0.8834 0.4590
vn 0.1055 0.6461 0.7559
vn -0.5990 -0.2046 -0.7742
vn -0.3473 0.1298 -0.9287
vn 0.0143 -0.9999 0.0006
vn -0.0945 -0.9946 -0.0420
vn -0.2780 0.0112 -0.9605
vn -0.3954 0.7522 0.5272
vn -0.7699 0.3347 0.5433
vn -0.9561 0.0657 0.2856
vn 0.0816 0.4138 -0.9067
vn -0.0223 0.5937 0.8044
vn -0.9478 0.2428 -0.2066
vn -0.7433 0.6641 -0.0801
vn -0.2447 0.6140 0.7504
vn -0.0048 -0.9967 0.0813
vn -0.1215 -0.9369 0.3277
vn -0.5362 -0.5671 0.6252
vn -0.1109 0.3115 0.9437
vn 0.0248 0.0490 0.9985
vn -0.6624 0.1071 0.7414
vn -0.4112 -0.8892 0.2005
vn -0.1002 0.1725 -0.9799
vn -0.1928 0.2748 -0.9420
vn 0.0557 0.5081 -0.8595
vn 0.3716 0.3789 -0.8476
vn 0.2033 0.4629 -0.8628
vn -0.8127 0.5755 -0.0912
vn 0.9465 0.1427 0.2895
vn 0.9744 -0.1415 -0.1749
vn -0.4262 0.5623 0.7086
vn -0.2580 0.5409 0.8005
vn 0.7000 -0.7020 0.1312
vn -0.8645 0.0320 0.5017
vn -0.8491 0.4385 0.2945
vn -0.8633 0.3525 0.3612
vn 0.4355 0.4900 0.7551
vn 0.2865 0.5765 0.7652
vn 0.4560 0.4011 0.7945
vn 0.6531 0.1295 -0.7461
vn 0.7640 -0.2356 -0.6006
vn -0.1010 0.2157 -0.9712
vn -0.0747 -0.9971 0.0114
vn -0.4243 0.2554 -0.8688
vn -0.1517 0.4082 0.9002
vn 0.0661 -0.9245 -0.3755
vn 0.5579 -0.0635 0.8275
vn -0.5194 0.5072 0.6877
vn -0.6941 0.6533 0.3024
vn 0.3549 0.7995 0.4846
vn 0.4784 0.7769 0.4094
vn 0.6436 0.6663 0.3767
vn -0.5972 0.0280 -0.8016
vn 0.3619 0.1863 -0.9134
vn 0.0120 0.4433 -0.8963
vn 0.6767 -0.7360 -0.0174
vn 0.3866 -0.9128 0.1314
vn 0.3715 -0.9240 0.0909
vn 0.1770 -0.9754 -0.1315
vn -0.0521 0.2486 -0.9672
vn 0.5817 -0.3259 -0.7452
vn -0.1172 -0.8713 0.4766
vn 0.5516 -0.6687 -0.4986
vn -0.5164 0.8544 -0.0580
vn -0.0214 0.8666 0.4986
vn -0.0851 0.1954 -0.9770
vn -0.2023 0.1567 -0.9667
vn -0.2722 0.2254 -0.9355
vn 0.6928 0.6891 0.2123
vn -0.0640 -0.9959 -0.0647
vn 0.1246 -0.9913 -0.0412
vn 0.1255 -0.0114 0.9920
vn -0.0827 -0.9955 -0.0457
vn 0.7642 0.1494 -0.6275
vn 0.1070 0.2974 -0.9487
vn 0.9473 -0.2468 -0.2045
vn 0.1099 -0.9845 -0.1365
vn -0.1177 0.3718 -0.9208
vn -0.7877 -0.5709 0.2316
vn 0.6913 0.2137 0.6903
vn 0.4787 0.2330 -0.8465
vn -0.4464 -0.8712 0.2042
vn 0.2531 -0.9640 0.0818
vn -0.0678 0.1971 -0.9780
vn -0.4203 0.0396 -0.9065
vn -0.6644 0.5307 0.5263
vn 0.0099 -0.9832 0.1820
vn 0.4374 0.0825 0.8955
vn 0.3250 0.1697 -0.9304
vn 0.6172 -0.7834 0.0732
vn 0.3068 0.2456 -0.9196
vn 0.8727 0.4436 -0.2042
vn 0.0698 0.1953 -0.9782
vn -0.1402 0.6434 0.7526
vn -0.7247 0.4612 0.5119
vn -0.2936 0.1206 -0.9483
vn -0.2211 0.1116 -0.9688
vn -0.8289 0.4801 -0.2870
vn 0.1661 0.8607 -0.4812
vn -0.0529 0.7765 -0.6279
vn -0.0315 -0.3866 -0.9217
vn -0.4929 -0.8249 0.2767
vn -0.2215 -0.8694 0.4417
vn -0.3351 0.2872 -0.8973
vn -0.0127 -0.9457 0.3249
vn -0.1578 0.6147 -0.7729
vn -0.1613 -0.9491 0.2705
vn 0.1311 -0.2708 0.9537
vn 0.0892 0.0624 0.9941
vn 0.0459 0.0028 0.9989
vn -0.5688 0.2590 0.7806
vn 0.9363 0.0336 -0.3497
vn -0.9730 0.1630 -0.1637
vn 0.0123 -0.1392 -0.9902
vn 0.6837 0.4115 0.6027
vn 0.1084 0.5644 0.8184
vn 0.1638 0.6235 0.7645
vn 0.3955 -0.9079 0.1385
vn -0.6341 0.4765 -0.6090
vn -0.9183 -0.0449 -0.3932
vn -0.0756 0.4405 0.8946
vn 0.1240 0.5515 0.8249
vn 0.1951 0.4475 0.8727
vn -0.1016 -0.2718 -0.9570
vn -0.2574 0.2890 -0.9221
vn -0.7389 0.4042 -0.5390
vn -0.0749 -0.5552 0.8283
vn -0.1098 -0.6617 0.7417
vn 0.1247 0.9903 0.0615
vn -0.3488 0.0777 -0.9340
vn 0.6057 -0.5478 0.5771
vn -0.7004 -0.4612 0.5447
vn 0.2729 -0.9601 -0.0614
vn -0.9385 -0.1393 0.3161
vn -0.2967 0.5536 -0.7781
vn -0.3343 0.3110 -0.8896
vn -0.7898 0.4601 -0.4056
vn -0.8879 0.4514 0.0888
vn 0.3612 0.0729 0.9297
vn 0.6798 -0.7326 0.0344
vn -0.8032 0.4336 0.4085
vn 0.6406 0.2671 0.7199
vn 0.5929 0.1557 0.7901
vn 0.0095 -0.0588 -0.9982
vn 0.7556 0.6412 0.1339
vn 0.0836 0.9776 0.1932
vn 0.1826 -0.4181 0.8899
vn 0.1557 0.8600 0.4860
vn 0.1482 0.6165 0.7733
vn -0.3491 0.1100 -0.9306
vn -0.7868 0.2842 0.5478
vn -0.1156 0.6520 0.7493
vn -0.1418 -0.9243 0.3544
vn -0.5524 -0.5215 0.6503
vn -0.0811 0.3112 0.9469
vn -0.6658 0.0942 0.7402
vn -0.4614 -0.8581 0.2253
vn -0.1946 0.2390 -0.9513
vn 0.0726 0.4574 -0.8863
vn 0.9974 0.0683 0.0251
vn -0.8598 0.0288 0.5098
vn -0.8717 0.3836 0.3051
vn 0.4635 0.4930 0.7363
vn 0.2974 0.5515 0.7793
vn 0.7584 -0.2831 -0.5870
vn -0.0851 0.4493 0.8893
vn 0.5662 -0.0264 0.8238
vn 0.4589 0.7455 0.4834
vn -0.5973 0.0245 -0.8016
vn -0.0263 0.3607 -0.9323
vn 0.4037 -0.9041 0.1398
vn 0.5632 -0.3708 -0.7384
vn 0.5410 -0.6826 -0.4914
vn -0.2107 0.1278 -0.9692
vn 0.8603 0.4735 0.1887
vn 0.8552 0.2754 -0.4391
vn 0.1049 0.2518 -0.9621
vn -0.1173 0.3450 -0.9312
vn -0.8229 -0.5109 0.2485
vn -0.5045 -0.8322 0.2299
vn 0.2905 -0.9512 0.1039
vn -0.4263 0.0280 -0.9042
vn 0.3229 0.1003 -0.9411
vn 0.0776 -0.9970 -0.0046
vn 0.0725 -0.9973 0.0149
vn -0.0312 -0.9989 -0.0342
vn 0.1146 -0.9908 0.0727
vn -0.0786 -0.9967 -0.0181
vn -0.0791 0.5174 0.8521
vn -0.1691 0.3255 0.9303
vn -0.2505 0.7214 0.6456
vn -0.4646 0.7915 0.3972
vn -0.4384 0.5849 0.6824
vn -0.3334 0.9277 0.1677
vn 0.8614 0.3274 -0.3882
vn 0.7288 0.3804 -0.5693
vn 0.8911 0.3654 -0.2692
vn -0.2271 -0.1382 -0.9640
vn -0.2016 -0.3783 -0.9035
vn -0.4067 -0.1985 -0.8917
vn -0.2745 0.5063 0.8175
vn -0.2535 0.4816 0.8389
vn -0.1273 0.1648 0.9781
vn -0.3915 0.8887 -0.2385
vn -0.4917 0.7696 0.4074
vn -0.3054 0.9522 -0.0084
vn -0.8343 0.0376 -0.5501
vn -0.9071 0.3882 -0.1626
vn -0.7530 0.3842 -0.5341
vn -0.3903 -0.8686 0.3051
vn -0.2806 -0.9589 0.0418
vn -0.2550 -0.8959 0.3637
vn 0.1050 0.5943 -0.7974
vn 0.0176 0.7219 -0.6918
vn -0.0651 0.6685 -0.7408
vn -0.1737 0.9103 -0.3756
vn 0.0828 0.9658 -0.2456
vn -0.0040 0.7365 -0.6764
vn -0.5821 0.5761 -0.5738
vn -0.4561 0.7597 -0.4635
vn -0.2496 0.6679 -0.7012
vn -0.3408 0.8125 -0.4730
vn -0.5045 0.7908 -0.3465
vn 0.0927 -0.9945 0.0480
vn 0.0730 -0.9969 0.0280
vn 0.7518 0.4309 -0.4991
vn 0.5568 0.4980 -0.6648
vn 0.7164 0.3722 -0.5901
vn -0.3255 -0.9362 0.1324
vn -0.3286 -0.9384 0.1067
vn 0.5247 0.1521 0.8376
vn 0.5349 0.0494 0.8435
vn 0.4509 0.0641 0.8903
vn 0.9570 0.2901 -0.0046
vn 0.9089 0.3360 0.2471
vn 0.9051 0.4198 0.0682
vn 0.8460 0.4629 0.2645
vn -0.3386 0.7081 0.6196
vn -0.4033 0.7755 0.4857
vn -0.4589 0.8110 0.3628
vn 0.2756 -0.8162 0.5079
vn 0.5053 -0.2464 0.8270
vn 0.2166 -0.4661 0.8578
vn -0.1452 0.4632 0.8743
vn -0.2711 -0.4902 0.8284
vn -0.0369 -0.4728 0.8804
vn 0.3198 -0.8970 -0.3051
vn 0.4805 -0.8578 -0.1822
vn 0.1274 -0.9810 -0.1464
vn 0.0052 -0.9608 -0.2771
vn 0.0796 -0.9250 -0.3714
vn 0.3569 -0.8822 -0.3071
vn 0.5764 0.2940 0.7624
vn 0.2073 0.2956 0.9325
vn 0.7969 0.1913 0.5730
vn -0.1824 -0.9795 0.0852
vn -0.0751 -0.9734 -0.2164
vn 0.1969 -0.9779 -0.0703
vn 0.2843 0.6107 0.7391
vn 0.3012 0.6830 0.6654
vn -0.3725 0.8935 0.2508
vn 0.4880 0.0386 0.8720
vn 0.5135 0.0738 0.8549
vn 0.5257 0.0548 0.8489
vn -0.0193 -0.9814 -0.1911
vn 0.0569 -0.9889 -0.1369
vn -0.3524 -0.3452 -0.8699
vn -0.3140 0.0852 -0.9456
vn -0.2714 0.0072 -0.9624
vn -0.1638 0.6623 0.7311
vn 0.0042 0.6040 0.7970
vn -0.0100 0.3581 0.9336
vn -0.0276 0.3986 0.9167
vn 0.2612 -0.1799 0.9484
vn 0.3426 0.0068 0.9394
vn -0.2084 -0.0834 -0.9745
vn 0.0174 -0.4531 -0.8913
vn -0.2302 -0.2265 -0.9464
vn 0.3363 0.3068 -0.8904
vn -0.7963 -0.1380 0.5889
vn -0.6321 0.2980 0.7153
vn -0.7807 -0.4034 0.4773
vn -0.5613 0.3879 0.7311
vn -0.6173 0.1459 0.7731
vn 0.9137 0.2638 -0.3092
vn 0.9783 0.1921 -0.0770
vn 0.7328 -0.6752 -0.0843
vn 0.7372 -0.6413 0.2129
vn 0.5126 -0.5398 0.6677
vn 0.1178 -0.9438 0.3088
vn -0.7657 0.4088 0.4966
vn -0.8985 -0.1625 -0.4078
vn -0.1537 -0.9878 0.0244
vn 0.1616 -0.9867 0.0181
vn 0.2210 -0.1926 0.9561
vn 0.0287 -0.8944 0.4463
vn 0.0530 -0.7909 0.6097
vn -0.4421 0.7759 -0.4500
vn -0.4278 0.8416 -0.3297
vn -0.1674 -0.9767 -0.1343
vn -0.1740 -0.9792 -0.1045
vn -0.1435 -0.9859 -0.0859
vn -0.6249 0.7375 -0.2563
vn -0.4449 0.7984 -0.4057
vn -0.6000 0.7387 -0.3072
vn -0.3465 0.7867 -0.5109
vn -0.2737 0.9109 -0.3087
vn -0.4889 0.7853 -0.3798
vn 0.2591 -0.9282 0.2670
vn -0.3870 -0.9206 -0.0524
vn -0.0110 -0.9998 0.0191
vn 0.8211 0.5257 -0.2222
vn 0.8172 0.4475 0.3632
vn 0.9827 -0.0578 0.1757
vn -0.0918 0.5244 -0.8465
vn -0.3046 0.8251 -0.4759
vn -0.3384 0.7282 -0.5960
vn 0.3123 -0.3372 0.8881
vn 0.4512 0.3566 0.8181
vn 0.3334 0.1936 0.9227
vn 0.4141 0.0275 0.9098
vn -0.6854 0.5407 0.4878
vn -0.4476 0.7983 0.4029
vn 0.4839 0.6549 0.5804
vn 0.4453 0.2812 0.8501
vn 0.7147 0.4135 0.5641
vn 0.9002 0.3483 0.2613
vn -0.1643 -0.6652 -0.7283
vn -0.1117 -0.7692 -0.6292
vn -0.2438 -0.3784 -0.8930
vn -0.3295 -0.3607 -0.8725
vn -0.5076 0.8537 -0.1166
vn -0.3562 0.9314 -0.0745
vn 0.4110 0.8714 0.2678
vn -0.0753 0.9780 0.1947
vn 0.0418 -0.8873 0.4593
vn -0.0301 0.2197 0.9751
vn 0.1130 -0.0297 0.9932
vn 0.1544 -0.2897 0.9446
vn -0.6883 0.0690 -0.7221
vn -0.6422 -0.3950 -0.6569
vn -0.7708 0.0374 -0.6359
vn -0.2365 -0.9593 -0.1543
vn -0.3562 -0.8580 -0.3701
vn -0.0641 -0.9829 -0.1724
vn -0.1480 0.8115 0.5652
vn 0.5062 0.0151 0.8623
vn 0.0100 0.6571 0.7538
vn -0.4639 0.7867 -0.4072
vn 0.6083 0.3943 -0.6889
vn -0.6837 -0.6170 -0.3897
vn -0.7216 -0.4820 -0.4970
vn -0.3568 -0.9336 0.0345
vn -0.4534 -0.8380 -0.3037
vn -0.6531 -0.4677 -0.5956
vn 0.8023 -0.4369 -0.4067
vn 0.5411 -0.5281 -0.6544
vn 0.8281 0.3888 -0.4038
vn -0.5674 -0.8161 0.1100
vn -0.7035 -0.6888 0.1749
vn -0.1434 -0.9486 0.2821
vn -0.0563 -0.9669 0.2489
vn 0.6706 0.5822 -0.4598
vn 0.8128 -0.3952 -0.4281
vn 0.8165 0.3103 -0.4869
vn 0.8262 -0.1984 -0.5273
vn 0.6549 0.3117 0.6885
vn 0.0254 0.3167 0.9482
vn 0.4313 0.6407 0.6352
vn 0.5333 0.3787 0.7564
vn 0.6320 0.6724 -0.3853
vn 0.7898 0.3987 -0.4661
vn 0.8222 0.4800 0.3059
vn 0.8816 0.4504 0.1411
vn 0.3241 0.1767 0.9294
vn 0.6164 -0.0766 0.7837
vn 0.0287 -0.9991 0.0307
vn -0.1288 -0.9860 0.1055
vn 0.5334 0.0748 0.8426
vn 0.5756 0.1021 0.8113
vn 0.3883 -0.0589 0.9196
vn -0.4875 0.7722 0.4075
vn 0.4810 0.8762 0.0300
vn 0.8658 0.4779 -0.1486
vn 0.7979 0.5291 -0.2888
vn 0.8896 0.3584 -0.2831
vn 0.9029 0.2438 -0.3541
vn 0.1124 -0.9928 0.0411
vn 0.2521 -0.9660 0.0576
vn -0.5491 0.1245 -0.8264
vn -0.2946 0.4853 -0.8232
vn -0.4262 -0.0498 -0.9033
vn -0.6476 -0.0188 -0.7617
vn 0.7894 0.3485 -0.5053
vn 0.1824 -0.2423 0.9529
vn -0.6464 -0.7595 0.0738
vn -0.8557 -0.5073 0.1024
vn 0.8132 0.3662 -0.4523
vn 0.8041 0.3237 -0.4986
vn 0.9131 0.2395 -0.3299
vn 0.6715 0.4873 -0.5583
vn 0.8788 0.4772 0.0014
vn 0.1694 -0.7729 0.6115
vn -0.6091 0.6368 -0.4727
vn -0.7432 0.3375 -0.5777
vn 0.2188 -0.0568 0.9741
vn 0.4453 -0.0533 0.8938
vn -0.4474 0.8929 0.0512
vn -0.2608 0.9104 -0.3212
vn -0.1246 -0.8186 -0.5607
vn -0.3669 -0.5183 -0.7725
vn -0.4382 0.8894 -0.1302
vn -0.5309 0.7498 -0.3949
vn -0.3483 0.8420 -0.4120
vn -0.3611 0.7698 -0.5263
vn 0.7507 -0.2264 0.6207
vn 0.5762 0.0587 0.8152
vn -0.0389 -0.9992 0.0007
vn 0.0976 -0.9952 0.0085
vn 0.4966 -0.0448 0.8668
vn 0.2404 0.7844 -0.5718
vn 0.6037 0.3837 -0.6988
vn 0.8626 0.0683 -0.5012
vn -0.0730 0.3832 0.9208
vn -0.5197 0.6337 -0.5731
vn 0.9662 0.2550 -0.0371
vn 0.8045 0.5788 -0.1333
vn -0.1586 0.7246 -0.6707
vn -0.1047 -0.9937 -0.0397
vn -0.0285 -0.9610 -0.2750
vn 0.3533 -0.6187 -0.7017
vn -0.1107 0.3660 -0.9240
vn -0.2683 0.0835 -0.9597
vn 0.4644 0.1197 -0.8775
vn 0.2863 -0.9237 -0.2546
vn 0.0608 0.1798 0.9818
vn 0.1758 0.3708 0.9119
vn 0.1029 0.5783 0.8093
vn -0.2780 0.4296 0.8592
vn 0.0073 0.4911 0.8711
vn 0.7658 0.6359 -0.0960
vn -0.6920 0.7143 -0.1044
vn -0.9365 0.2478 0.2481
vn 0.1648 0.6133 -0.7725
vn -0.0849 0.5810 -0.8094
vn -0.7623 -0.6471 -0.0077
vn 0.7313 0.0358 -0.6811
vn 0.7347 0.4940 -0.4649
vn 0.7408 0.3988 -0.5405
vn -0.4634 0.8609 -0.2100
vn -0.3873 0.7552 -0.5289
vn -0.5564 0.7582 -0.3399
vn -0.3717 0.1334 0.9187
vn -0.5687 -0.3514 0.7437
vn 0.0990 0.1966 0.9755
vn -0.0240 -0.9997 0.0038
vn 0.5819 0.2061 0.7868
vn -0.1061 0.5292 -0.8419
vn -0.0092 -0.9409 0.3385
vn -0.7481 -0.0242 -0.6632
vn 0.2067 0.5372 -0.8177
vn 0.4646 0.7426 -0.4824
vn -0.4308 0.8530 -0.2945
vn -0.5349 0.8052 -0.2559
vn -0.6329 0.7576 -0.1597
vn 0.7661 0.0321 0.6419
vn -0.2035 0.4822 0.8521
vn -0.0315 0.3964 0.9176
vn -0.6351 -0.7641 0.1132
vn -0.4446 -0.8951 -0.0318
vn -0.3910 -0.9201 -0.0205
vn -0.2374 -0.9635 0.1239
vn 0.1157 0.3172 0.9413
vn -0.3765 -0.4536 0.8078
vn -0.0118 -0.8854 -0.4646
vn -0.3676 -0.7389 0.5647
vn 0.3666 0.9283 -0.0618
vn -0.5921 0.7081 -0.3847
vn 0.3378 0.0970 0.9362
vn 0.4132 0.1097 0.9040
vn 0.4706 0.1599 0.8678
vn -0.4351 0.8997 0.0344
vn 0.0687 -0.9963 0.0511
vn -0.1960 -0.9781 0.0693
vn -0.3583 0.0243 -0.9333
vn 0.0872 -0.9961 0.0158
vn -0.4228 0.7060 0.5681
vn -0.2472 0.2837 0.9265
vn -0.9124 -0.2199 0.3452
vn -0.1632 -0.9806 0.1089
vn 0.0469 0.4049 0.9132
vn 0.6779 -0.6285 -0.3815
vn -0.8102 0.5053 -0.2970
vn -0.2262 0.5584 0.7981
vn 0.3318 -0.9069 -0.2595
vn -0.2772 -0.9607 -0.0175
vn 0.3749 0.1055 0.9210
vn 0.6116 -0.0002 0.7911
vn 0.3878 0.6015 -0.6984
vn -0.1388 -0.9803 -0.1407
vn -0.6631 0.2204 -0.7154
vn -0.1336 0.3940 0.9094
vn -0.5991 -0.7991 0.0508
vt 0.909614 0.310810
vt 0.945175 0.309232
vt 0.919443 0.329687
vt 0.885123 0.296651
vt 0.897584 0.318949
vt 0.908077 0.606929
vt 0.935247 0.588802
vt 0.932670 0.632801
vt 0.949708 0.639603
vt 0.953789 0.615118
vt 0.981554 0.638581
vt 0.518855 0.761936
vt 0.491136 0.764965
vt 0.522773 0.743928
vt 0.426737 0.882347
vt 0.439974 0.899070
vt 0.413768 0.900396
vt 0.954791 0.551883
vt 0.957421 0.582027
vt 0.947797 0.567431
vt 0.149566 0.386237
vt 0.152474 0.423612
vt 0.110305 0.408845
vt 0.324265 0.912044
vt 0.281713 0.885424
vt 0.341812 0.876843
vt 0.889074 0.177747
vt 0.903865 0.205007
vt 0.872902 0.194436
vt 0.464644 0.834898
vt 0.442652 0.829326
vt 0.442549 0.804000
vt 0.036135 0.363858
vt 0.014914 0.387826
vt 0.016463 0.357735
vt 0.305917 0.868951
vt 0.315213 0.851547
vt 0.426778 0.793176
vt 0.411025 0.808873
vt 0.397621 0.798921
vt 0.969511 0.310765
vt 0.943046 0.335486
vt 0.488780 0.824623
vt 0.470458 0.798760
vt 0.499286 0.788975
vt 0.924622 0.177817
vt 0.920587 0.210454
vt 0.883254 0.502877
vt 0.910300 0.513586
vt 0.888130 0.521576
vt 0.540750 0.751761
vt 0.549122 0.737868
vt 0.524728 0.736796
vt 0.538424 0.725576
vt 0.135392 0.434615
vt 0.100265 0.444479
vt 0.097556 0.431374
vt 0.840843 0.532033
vt 0.854835 0.552495
vt 0.841736 0.585889
vt 0.888331 0.608104
vt 0.856732 0.628883
vt 0.855207 0.611495
vt 0.967517 0.386908
vt 0.923654 0.382487
vt 0.915526 0.368874
vt 0.885017 0.368176
vt 0.899759 0.384655
vt 0.881603 0.387168
vt 0.906576 0.450781
vt 0.904597 0.464367
vt 0.885051 0.447358
vt 0.859798 0.345948
vt 0.874089 0.367556
vt 0.863185 0.370925
vt 0.066585 0.450258
vt 0.037997 0.436310
vt 0.073947 0.418284
vt 0.923765 0.474305
vt 0.924717 0.490829
vt 0.903615 0.488202
vt 0.974649 0.356456
vt 0.978865 0.336077
vt 0.442386 0.872907
vt 0.420901 0.856244
vt 0.432462 0.855041
vt 0.909067 0.579725
vt 0.901651 0.579045
vt 0.912498 0.563194
vt 0.906131 0.558785
vt 0.877731 0.581158
vt 0.873906 0.574564
vt 0.452839 0.853598
vt 0.489915 0.868053
vt 0.457011 0.873842
vt 0.472655 0.841235
vt 0.868461 0.650340
vt 0.902665 0.661291
vt 0.867522 0.682466
vt 0.904032 0.647591
vt 0.877036 0.645158
vt 0.566855 0.801301
vt 0.572678 0.785596
vt 0.588311 0.828118
vt 0.604433 0.823579
vt 0.627400 0.799188
vt 0.629804 0.813085
vt 0.910239 0.682706
vt 0.297935 0.931353
vt 0.871445 0.332208
vt 0.863663 0.277919
vt 0.853955 0.522165
vt 0.839449 0.526374
vt 0.839442 0.514926
vt 0.287622 0.861919
vt 0.299397 0.821678
vt 0.921695 0.352681
vt 0.934669 0.366862
vt 0.894617 0.351126
vt 0.346633 0.835349
vt 0.326034 0.826895
vt 0.337643 0.820807
vt 0.400953 0.830228
vt 0.364335 0.819762
vt 0.376595 0.797443
vt 0.853170 0.223365
vt 0.859189 0.256730
vt 0.853170 0.275736
vt 0.884244 0.215077
vt 0.910732 0.247351
vt 0.594712 0.761633
vt 0.560233 0.755166
vt 0.572378 0.743320
vt 0.591502 0.785971
vt 0.440477 0.841941
vt 0.392551 0.840650
vt 0.383393 0.849642
vt 0.844520 0.501717
vt 0.867023 0.511410
vt 0.858064 0.488216
vt 0.855216 0.465465
vt 0.914287 0.659355
vt 0.927672 0.669685
vt 0.968036 0.465167
vt 0.956737 0.467980
vt 0.948567 0.460543
vt 0.552334 0.728596
vt 0.475588 0.881379
vt 0.456117 0.899653
vt 0.457820 0.885773
vt 0.444830 0.877332
vt 0.103548 0.391208
vt 0.055049 0.388599
vt 0.015335 0.417196
vt 0.048213 0.416092
vt 0.859108 0.219937
vt 0.873725 0.596945
vt 0.853375 0.596307
vt 0.870818 0.588381
vt 0.378241 0.873279
vt 0.389302 0.916106
vt 0.346852 0.897659
vt 0.381051 0.934031
vt 0.397563 0.922853
vt 0.416779 0.921112
vt 0.077213 0.445381
vt 0.919284 0.529597
vt 0.958088 0.509476
vt 0.952955 0.529853
vt 0.415008 0.760070
vt 0.454914 0.755685
vt 0.475750 0.780340
vt 0.305953 0.933454
vt 0.345849 0.924440
vt 0.353219 0.939180
vt 0.368653 0.931441
vt 0.377083 0.918827
vt 0.562760 0.827617
vt 0.578529 0.830673
vt 0.548525 0.837443
vt 0.559658 0.789308
vt 0.132647 0.448836
vt 0.924049 0.227626
vt 0.907381 0.217241
vt 0.975266 0.215593
vt 0.980971 0.236933
vt 0.963401 0.252544
vt 0.546779 0.821484
vt 0.509286 0.859551
vt 0.539820 0.822859
vt 0.539155 0.835834
vt 0.926535 0.457461
vt 0.903650 0.475577
vt 0.870554 0.503172
vt 0.875238 0.515530
vt 0.491491 0.730435
vt 0.494859 0.752172
vt 0.509013 0.706108
vt 0.529192 0.715630
vt 0.517772 0.730615
vt 0.889838 0.548386
vt 0.913553 0.523803
vt 0.962555 0.273897
vt 0.976735 0.253517
vt 0.889035 0.529900
vt 0.878834 0.532073
vt 0.864593 0.531817
vt 0.079024 0.422127
vt 0.553835 0.813262
vt 0.562907 0.815353
vt 0.555521 0.820471
vt 0.555333 0.760699
vt 0.542313 0.781307
vt 0.901348 0.285406
vt 0.879839 0.278683
vt 0.387749 0.859030
vt 0.417665 0.845794
vt 0.407128 0.879313
vt 0.386966 0.868696
vt 0.506782 0.799866
vt 0.855152 0.603115
vt 0.891340 0.209737
vt 0.881192 0.207561
vt 0.521259 0.817969
vt 0.507160 0.853132
vt 0.535727 0.800449
vt 0.554356 0.804610
vt 0.543991 0.812064
vt 0.852716 0.281537
vt 0.846842 0.291063
vt 0.834387 0.473785
vt 0.838566 0.454599
vt 0.337435 0.856678
vt 0.361971 0.869741
vt 0.560193 0.728731
vt 0.479117 0.897050
vt 0.542047 0.850652
vt 0.503824 0.871777
vt 0.851792 0.581193
vt 0.865585 0.557609
vt 0.280647 0.804709
vt 0.141395 0.385477
vt 0.461572 0.911111
vt 0.420396 0.915044
vt 0.415542 0.910361
vt 0.129199 0.372489
vt 0.100559 0.357999
vt 0.115417 0.358638
vt 0.353763 0.798446
vt 0.622019 0.792848
vt 0.930034 0.502228
vt 0.941498 0.265387
vt 0.915764 0.292249
vt 0.870448 0.545495
vt 0.558468 0.806948
vt 0.558442 0.795519
vt 0.550735 0.795503
vt 0.970898 0.615084
vt 0.951649 0.590355
vt 0.393327 0.782393
vt 0.343035 0.789107
vt 0.358364 0.781143
vt 0.571721 0.771953
vt 0.555255 0.753227
vt 0.423007 0.806927
vt 0.941847 0.361914
vt 0.488018 0.887871
vt 0.498003 0.868631
vt 0.459157 0.840952
vt 0.445178 0.848978
vt 0.485807 0.853943
vt 0.908252 0.376563
vt 0.913873 0.546778
vt 0.921039 0.570513
vt 0.864347 0.489249
vt 0.889221 0.475470
vt 0.875947 0.489990
vt 0.501052 0.720192
vt 0.932451 0.704063
vt 0.910409 0.703219
vt 0.921086 0.708390
vt 0.875861 0.723385
vt 0.465271 0.798819
vt 0.457393 0.772940
vt 0.869778 0.715086
vt 0.973469 0.191825
vt 0.496336 0.859561
vt 0.502150 0.848868
vt 0.510490 0.830244
vt 0.358561 0.831291
vt 0.341438 0.807180
vt 0.372528 0.847276
vt 0.868020 0.639700
vt 0.859557 0.640646
vt 0.945295 0.541622
vt 0.954346 0.372609
vt 0.974212 0.368130
vt 0.950322 0.487588
vt 0.432962 0.840043
vt 0.844266 0.317007
vt 0.847468 0.346952
vt 0.343017 0.910725
vt 0.465806 0.781846
vt 0.005396 0.377077
vt 0.970024 0.592071
vt 0.135426 0.368650
vt 0.329579 0.797855
vt 0.317865 0.803289
vt 0.315800 0.791715
vt 0.845663 0.450697
vt 0.863130 0.449895
vt 0.915039 0.587875
vt 0.942561 0.583945
vt 0.929358 0.225561
vt 0.945758 0.232906
vt 0.938540 0.236281
vt 0.949397 0.217797
vt 0.927682 0.579301
vt 0.835022 0.488631
vt 0.315103 0.799136
vt 0.291641 0.798722
vt 0.866390 0.200121
vt 0.439406 0.913575
vt 0.848333 0.609243
vt 0.841117 0.606556
vt 0.864990 0.207894
vt 0.106284 0.455275
vt 0.009706 0.406536
vt 0.069817 0.355745
vt 0.910838 0.476481
vt 0.894586 0.486285
vt 0.050124 0.357735
vt 0.966537 0.477782
vt 0.939480 0.476331
vt 0.280647 0.857666
vt 0.281447 0.873645
vt 0.872678 0.382360
vt 0.945197 0.693798
vt 0.980561 0.650597
vt 0.979415 0.298093
vt 0.986649 0.263274
vt 0.996094 0.299397
vt 0.992137 0.321065
vt 0.952768 0.242732
vt 0.410653 0.866729
vt 0.951351 0.294739
vt 0.392873 0.768948
vt 0.917347 0.649445
vt 0.926613 0.563621
vt 0.850229 0.617433
vt 0.872912 0.709266
vt 0.950371 0.197546
vt 0.926902 0.568944
vt 0.539544 0.842336
vt 0.025792 0.433103
vt 0.527453 0.698878
vt 0.542252 0.713172
vt 0.361618 0.858978
vt 0.887205 0.588209
vt 0.912793 0.384152
vt 0.964511 0.178842
vt 0.970028 0.194838
vt 0.003906 0.392533
vt 0.004451 0.405713
vt 0.924811 0.464726
vt 0.872578 0.730743
vt 0.550493 0.845296
vt 0.879581 0.537812
vt 0.468452 0.758596
vt 0.478233 0.741476
vt 0.924872 0.344954
vt 0.381993 0.855106
vt 0.862839 0.675517
vt 0.128945 0.357520
vt 0.085692 0.456945
vt 0.840196 0.331108
vt 0.825429 0.458599
vt 0.276599 0.794541
vt 0.155594 0.400509
vt 0.856134 0.640589
vt 0.611503 0.778253
vt 0.879991 0.586073
vt 0.562589 0.840213
vt 0.911467 0.447463
vt 0.880634 0.211376
vt 0.859238 0.371821
s 1
usemtl stones_big.001
f 2/1/1 153/2/2 26/3/3
f 278/4/4 2/1/1 59/5/5
f 19/6/6 103/7/7 21/8/8
f 125/9/9 3/10/10 228/11/11
f 15/12/12 185/13/13 303/14/14
f 30/15/15 157/16/16 178/17/17
f 114/18/18 162/19/19 91/20/20
f 209/21/21 98/22/22 35/23/23
f 210/24/24 4/25/25 251/26/26
f 294/27/27 180/28/28 141/29/29
f 260/30/30 5/31/31 83/32/32
f 118/33/33 218/34/34 39/35/35
f 32/36/36 164/37/37 251/26/26
f 246/38/38 146/39/39 73/40/40
f 153/2/2 236/41/41 187/42/42
f 143/43/43 198/44/44 54/45/45
f 196/46/46 161/47/47 294/27/27
f 125/9/9 21/8/8 3/10/10
f 168/48/48 244/49/49 211/50/50
f 303/14/14 217/51/51 15/12/12
f 151/52/52 300/53/53 288/54/54
f 72/55/55 38/56/56 171/57/57
f 308/58/58 184/59/59 182/60/60
f 271/61/61 290/62/62 55/63/63
f 202/64/64 44/65/65 90/66/66
f 78/67/67 148/68/68 245/69/69
f 239/70/70 263/71/71 293/72/72
f 31/73/73 269/74/74 124/75/75
f 109/76/76 17/77/77 206/78/78
f 12/79/79 93/80/80 280/81/81
f 76/82/82 187/42/42 34/83/83
f 163/84/84 208/85/85 291/86/86
f 247/87/87 102/88/88 234/89/89
f 14/90/90 167/91/91 62/92/92
f 268/93/93 137/94/94 250/95/95
f 198/44/44 143/43/43 169/96/96
f 220/97/97 172/98/98 144/99/99
f 271/61/61 186/100/100 89/101/101
f 183/102/102 284/103/103 22/104/104
f 319/105/105 29/106/106 225/107/107
f 172/98/98 82/108/108 144/99/99
f 85/109/109 4/25/25 210/24/24
f 108/110/110 126/111/111 59/5/5
f 47/112/112 119/113/113 57/114/114
f 164/37/37 249/115/115 63/116/116
f 214/117/117 243/118/118 90/66/66
f 59/5/5 1/119/119 108/110/110
f 25/120/120 107/121/121 27/122/122
f 75/123/123 232/124/124 203/125/125
f 182/126/60 52/127/126 308/128/58
f 312/129/127 194/130/128 52/127/126
f 293/131/72 16/132/129 311/133/130
f 284/103/103 297/134/131 22/104/104
f 208/85/85 255/135/132 291/86/86
f 265/136/133 289/137/134 232/124/124
f 47/112/112 106/138/135 24/139/136
f 113/140/137 106/138/135 66/141/138
f 4/25/25 32/36/36 251/26/26
f 192/142/139 135/143/140 82/108/108
f 33/144/141 121/145/142 241/146/143
f 288/54/54 277/147/144 151/52/52
f 150/148/145 64/149/146 10/150/147
f 157/16/16 266/151/148 10/150/147
f 99/152/149 206/78/78 46/153/150
f 17/77/77 81/154/151 223/155/152
f 182/126/60 110/156/153 52/127/126
f 155/157/154 177/158/155 191/159/156
f 132/160/157 37/161/158 193/162/159
f 286/163/160 166/164/161 309/165/162
f 38/56/56 215/166/163 171/57/57
f 79/167/164 109/168/76 213/169/165
f 246/38/38 134/170/166 39/171/35
f 54/45/45 198/44/44 237/172/167
f 176/173/168 96/174/169 40/175/170
f 219/176/171 96/174/169 282/177/172
f 41/178/173 245/179/69 302/180/174
f 284/103/103 183/102/102 310/181/175
f 72/55/55 162/182/19 38/56/56
f 21/8/8 103/7/7 3/10/10
f 248/183/176 312/129/127 287/184/177
f 270/185/178 40/186/170 261/187/179
f 283/188/180 41/178/173 302/180/174
f 188/189/181 56/190/182 318/191/183
f 263/71/71 60/192/184 222/193/185
f 88/194/186 301/195/187 24/139/136
f 165/196/188 303/14/14 292/197/189
f 81/198/151 257/199/190 13/200/191
f 14/90/90 62/92/92 70/201/192
f 149/202/193 79/167/164 70/201/192
f 129/203/194 230/204/195 236/41/41
f 261/187/179 230/204/195 129/203/194
f 149/202/193 70/201/192 49/205/196
f 24/139/136 224/206/197 238/207/198
f 171/57/57 215/166/163 50/208/199
f 50/208/199 99/152/149 171/57/57
f 229/209/200 69/210/201 116/211/202
f 74/212/203 175/213/204 15/12/12
f 194/130/128 156/214/205 52/127/126
f 156/214/205 6/215/206 52/127/126
f 152/216/207 94/217/208 208/85/85
f 130/218/209 178/17/17 235/219/210
f 185/13/13 15/12/12 54/45/45
f 281/220/211 15/12/12 175/213/204
f 155/157/154 264/221/212 177/158/155
f 141/29/29 258/222/213 36/223/214
f 273/224/215 56/190/182 205/225/216
f 154/226/217 51/227/218 181/228/219
f 119/229/113 108/110/110 57/230/114
f 142/231/220 29/232/106 106/138/135
f 53/233/221 25/120/120 58/234/222
f 193/162/159 251/26/26 58/234/222
f 2/1/1 26/3/3 59/5/5
f 26/3/3 1/119/119 59/5/5
f 151/52/52 277/147/144 60/235/184
f 239/70/70 60/192/184 263/71/71
f 150/148/145 76/236/82 64/149/146
f 188/189/181 44/237/65 202/238/64
f 28/239/223 226/240/224 62/92/92
f 191/159/156 177/158/155 28/239/223
f 249/115/115 9/241/225 63/116/116
f 101/242/226 209/21/21 35/23/23
f 76/236/82 34/243/83 64/149/146
f 157/16/16 111/244/227 173/245/228
f 139/246/229 65/247/230 197/248/231
f 232/124/124 240/249/232 203/125/125
f 29/232/106 66/141/138 106/138/135
f 297/134/131 120/250/233 22/104/104
f 79/167/164 67/251/234 109/168/76
f 194/130/128 48/252/235 138/253/236
f 69/210/201 22/104/104 41/178/173
f 116/211/202 69/210/201 41/178/173
f 184/59/59 308/58/58 238/207/198
f 262/254/237 238/207/198 224/206/197
f 183/102/102 254/255/238 71/256/239
f 175/213/204 298/257/240 154/226/217
f 3/10/10 98/258/22 228/11/11
f 3/10/10 42/259/241 98/258/22
f 246/38/38 267/260/242 134/170/166
f 203/125/125 197/261/231 65/262/230
f 84/263/243 175/213/204 74/212/203
f 313/264/244 60/235/184 16/132/129
f 94/217/208 289/137/134 265/136/133
f 5/31/31 242/265/245 83/32/32
f 18/266/246 187/42/42 76/82/82
f 174/267/247 150/148/145 92/268/248
f 255/135/132 77/269/249 20/270/250
f 169/96/96 61/271/251 268/93/93
f 159/272/252 78/67/67 90/66/66
f 108/110/110 1/119/119 269/74/74
f 234/89/89 136/273/253 105/274/254
f 70/201/192 136/273/253 14/90/90
f 275/275/255 80/276/256 133/277/257
f 263/71/71 113/140/137 66/141/138
f 46/153/150 223/155/152 81/154/151
f 13/200/191 305/278/258 81/198/151
f 135/143/140 231/279/259 82/108/108
f 170/280/260 4/281/25 85/282/109
f 260/30/30 83/32/32 8/283/261
f 252/284/262 8/283/261 246/38/38
f 74/212/203 16/132/129 84/263/243
f 84/263/243 16/132/129 293/131/72
f 170/280/260 85/282/109 23/285/263
f 176/286/168 40/186/170 270/185/178
f 86/287/264 92/268/248 61/271/251
f 140/288/265 123/289/266 205/225/216
f 87/290/267 25/120/120 195/291/268
f 25/120/120 87/290/267 276/292/269
f 168/48/48 301/195/187 88/194/186
f 80/276/256 222/193/185 133/277/257
f 290/62/62 271/61/61 274/293/270
f 144/99/99 11/294/271 220/97/97
f 1/119/119 214/117/117 90/66/66
f 78/67/67 1/119/119 90/66/66
f 136/273/253 70/201/192 79/167/164
f 315/295/272 136/273/253 79/167/164
f 317/296/273 174/297/247 202/64/64
f 90/66/66 243/118/118 202/64/64
f 280/81/81 93/80/80 244/49/49
f 67/251/234 93/80/80 304/298/274
f 5/31/31 256/299/275 242/265/245
f 77/269/249 255/135/132 5/31/31
f 57/230/114 108/110/110 95/300/276
f 225/301/107 31/73/73 124/75/75
f 96/174/169 176/173/168 7/302/277
f 96/174/169 193/162/159 282/177/172
f 8/283/261 252/284/262 97/303/278
f 190/304/279 39/35/35 218/34/34
f 72/55/55 171/57/57 98/22/22
f 98/258/22 42/259/241 72/305/55
f 209/21/21 101/242/226 314/306/280
f 200/307/281 207/308/282 139/309/229
f 120/310/233 100/311/283 66/141/138
f 293/72/72 263/71/71 66/141/138
f 101/242/226 35/23/23 99/152/149
f 139/246/229 99/152/149 65/247/230
f 271/61/61 102/88/88 147/312/284
f 271/61/61 55/63/63 155/157/154
f 42/259/241 3/10/10 103/7/7
f 201/313/285 91/20/20 162/19/19
f 43/314/286 104/315/287 68/316/288
f 127/317/289 270/185/178 261/187/179
f 91/20/20 103/7/7 221/318/290
f 147/312/284 103/7/7 19/6/6
f 57/114/114 106/138/135 47/112/112
f 106/138/135 57/114/114 95/319/276
f 207/308/282 164/37/37 63/116/116
f 314/320/280 63/116/116 209/321/21
f 225/301/107 108/110/110 31/73/73
f 108/110/110 269/74/74 31/73/73
f 67/251/234 304/298/274 109/168/76
f 312/129/127 52/127/126 110/156/153
f 141/29/29 36/223/214 112/322/291
f 64/149/146 34/243/83 199/323/292
f 236/41/41 34/83/83 187/42/42
f 112/324/291 212/325/293 182/60/60
f 36/223/214 212/326/293 112/322/291
f 106/138/135 113/140/137 24/139/136
f 88/194/186 24/139/136 275/275/255
f 162/182/19 114/327/18 38/56/56
f 38/56/56 114/327/18 215/166/163
f 46/153/150 81/154/151 115/328/294
f 118/33/33 46/153/150 218/34/34
f 116/211/202 181/228/219 229/209/200
f 56/190/182 283/188/180 302/180/174
f 279/329/295 99/152/149 46/153/150
f 12/79/79 280/81/81 117/330/296
f 45/331/297 133/277/257 222/193/185
f 134/332/166 46/153/150 118/33/33
f 39/35/35 134/332/166 118/33/33
f 6/215/206 126/111/111 52/127/126
f 126/111/111 278/4/4 59/5/5
f 120/310/233 66/141/138 29/232/106
f 29/106/106 319/105/105 120/250/233
f 121/145/142 17/333/77 306/334/298
f 121/145/142 306/334/298 241/146/143
f 249/115/115 122/335/299 9/241/225
f 122/335/299 249/115/115 231/336/259
f 33/144/141 17/333/77 121/145/142
f 123/289/266 143/43/43 281/220/211
f 281/220/211 175/213/204 154/226/217
f 124/75/75 269/74/74 22/337/104
f 319/105/105 22/104/104 120/250/233
f 231/279/259 135/143/140 122/338/299
f 135/143/140 9/339/225 122/338/299
f 126/111/111 308/128/58 52/127/126
f 126/111/111 108/110/110 119/229/113
f 43/314/286 127/317/289 104/315/287
f 294/27/27 161/47/47 180/28/28
f 128/340/300 286/341/160 309/342/162
f 236/41/41 199/343/292 34/83/83
f 285/344/301 129/203/194 48/252/235
f 48/252/235 153/2/2 138/253/236
f 266/151/148 316/345/302 163/84/84
f 316/345/302 30/15/15 178/17/17
f 48/252/235 129/203/194 131/346/303
f 129/203/194 236/41/41 131/346/303
f 193/162/159 58/234/222 132/160/157
f 235/219/210 152/216/207 316/345/302
f 275/275/255 133/277/257 88/194/186
f 133/277/257 168/48/48 88/194/186
f 65/247/230 99/152/149 279/329/295
f 279/347/295 267/260/242 65/262/230
f 253/348/304 125/9/9 135/143/140
f 135/143/140 125/9/9 9/339/225
f 145/349/305 105/274/254 136/273/253
f 315/295/272 145/349/305 136/273/253
f 61/271/251 92/268/248 137/94/94
f 268/93/93 61/271/251 137/94/94
f 138/253/236 153/2/2 2/1/1
f 2/1/1 278/4/4 156/214/205
f 314/306/280 101/242/226 139/246/229
f 139/246/229 101/242/226 99/152/149
f 140/288/265 143/43/43 123/289/266
f 86/287/264 61/271/251 140/288/265
f 55/63/63 290/62/62 141/350/29
f 264/221/212 141/350/29 112/324/291
f 95/319/276 142/231/220 106/138/135
f 95/300/276 108/110/110 225/301/107
f 61/271/251 169/96/96 143/43/43
f 61/271/251 143/43/43 140/288/265
f 82/108/108 216/351/306 144/99/99
f 196/46/46 307/352/307 161/47/47
f 91/20/20 145/349/305 315/295/272
f 91/20/20 221/318/290 259/353/308
f 256/299/275 75/123/123 146/39/39
f 75/123/123 73/40/40 146/39/39
f 221/318/290 103/7/7 247/87/87
f 234/89/89 105/274/254 247/87/87
f 159/272/252 148/68/68 78/67/67
f 179/354/309 44/237/65 188/189/181
f 149/202/193 67/251/234 79/167/164
f 149/202/193 93/80/80 67/251/234
f 92/268/248 150/148/145 137/94/94
f 150/148/145 10/150/147 137/94/94
f 151/52/52 60/235/184 313/264/244
f 217/51/51 300/53/53 151/52/52
f 81/154/151 17/77/77 33/355/141
f 33/356/141 241/357/143 257/199/190
f 158/358/310 152/216/207 235/219/210
f 25/120/120 276/292/269 158/358/310
f 131/346/303 153/2/2 48/252/235
f 131/346/303 236/41/41 153/2/2
f 273/224/215 154/226/217 56/190/182
f 273/224/215 281/220/211 154/226/217
f 14/90/90 102/88/88 167/91/91
f 102/88/88 271/61/61 299/359/311
f 194/130/128 138/253/236 156/214/205
f 2/1/1 156/214/205 138/253/236
f 199/323/292 157/16/16 64/149/146
f 64/149/146 157/16/16 10/150/147
f 58/234/222 25/120/120 158/358/310
f 132/160/157 58/234/222 158/358/310
f 296/360/312 148/68/68 159/272/252
f 44/65/65 159/272/252 90/66/66
f 23/361/263 176/286/168 160/362/313
f 23/361/263 307/352/307 196/46/46
f 161/47/47 127/317/289 43/314/286
f 161/47/47 307/352/307 127/317/289
f 72/305/55 42/259/241 162/19/19
f 42/259/241 201/313/285 162/19/19
f 10/150/147 266/151/148 250/95/95
f 10/150/147 250/95/95 137/94/94
f 107/121/121 25/120/120 164/37/37
f 53/233/221 164/37/37 25/120/120
f 165/363/188 190/304/279 218/34/34
f 115/328/294 81/154/151 305/364/258
f 111/244/227 166/164/161 173/245/228
f 286/163/160 282/177/172 166/164/161
f 155/157/154 191/159/156 167/91/91
f 299/359/311 271/61/61 155/157/154
f 45/331/297 168/48/48 133/277/257
f 168/48/48 280/81/81 244/49/49
f 77/269/249 169/96/96 268/93/93
f 260/30/30 8/283/261 169/96/96
f 82/108/108 231/279/259 170/280/260
f 82/108/108 170/280/260 216/351/306
f 98/22/22 171/57/57 35/23/23
f 171/57/57 99/152/149 35/23/23
f 186/100/100 271/61/61 21/8/8
f 253/348/304 21/8/8 125/9/9
f 166/164/161 37/161/158 173/245/228
f 235/219/210 178/17/17 37/161/158
f 150/148/145 174/267/247 76/236/82
f 76/82/82 174/297/247 317/296/273
f 310/181/175 175/213/204 84/263/243
f 298/257/240 175/213/204 310/181/175
f 306/334/298 12/79/79 241/146/143
f 272/365/314 12/79/79 117/330/296
f 176/173/168 85/109/109 210/24/24
f 23/285/263 85/282/109 176/366/168
f 112/324/291 182/60/60 177/158/155
f 177/158/155 264/221/212 112/324/291
f 173/245/228 37/161/158 178/17/17
f 178/17/17 157/16/16 173/245/228
f 302/180/174 296/367/312 179/354/309
f 318/191/183 56/190/182 302/180/174
f 161/47/47 43/314/286 287/184/177
f 287/184/177 43/314/286 248/183/176
f 56/190/182 181/228/219 283/188/180
f 56/190/182 154/226/217 181/228/219
f 28/239/223 182/60/60 226/240/224
f 177/158/155 182/60/60 28/239/223
f 69/210/201 183/102/102 22/104/104
f 254/255/238 183/102/102 69/210/201
f 204/368/315 70/201/192 262/254/237
f 70/201/192 62/92/92 226/240/224
f 185/13/13 54/45/45 237/172/167
f 233/369/316 39/171/35 190/370/279
f 186/100/100 192/142/139 89/101/101
f 192/142/139 253/348/304 135/143/140
f 187/42/42 18/266/246 227/371/317
f 26/3/3 153/2/2 187/42/42
f 68/316/288 285/344/301 48/252/235
f 188/189/181 92/268/248 86/287/264
f 188/189/181 205/225/216 56/190/182
f 158/358/310 189/372/318 152/216/207
f 152/216/207 289/137/134 94/217/208
f 190/370/279 292/197/189 233/369/316
f 292/197/189 190/370/279 165/196/188
f 167/91/91 191/159/156 62/92/92
f 28/239/223 62/92/92 191/159/156
f 220/97/97 192/142/139 172/98/98
f 172/98/98 192/142/139 82/108/108
f 7/302/277 193/162/159 96/174/169
f 7/302/277 251/26/26 193/162/159
f 312/129/127 248/183/176 194/130/128
f 48/252/235 194/130/128 248/183/176
f 195/291/268 25/120/120 27/122/122
f 203/125/125 240/249/232 197/261/231
f 11/294/271 144/99/99 196/373/46
f 196/373/46 144/99/99 23/285/263
f 139/246/229 197/248/231 200/374/281
f 195/291/268 200/307/281 197/261/231
f 8/283/261 198/44/44 169/96/96
f 97/303/278 198/44/44 8/283/261
f 309/342/162 199/343/292 128/340/300
f 157/16/16 199/323/292 111/244/227
f 27/122/122 207/308/282 200/307/281
f 200/307/281 195/291/268 27/122/122
f 91/20/20 201/313/285 103/7/7
f 103/7/7 201/313/285 42/259/241
f 202/238/64 174/267/247 92/268/248
f 188/189/181 202/238/64 92/268/248
f 75/123/123 203/125/125 73/40/40
f 203/125/125 65/262/230 267/260/242
f 49/205/196 70/201/192 204/368/315
f 49/205/196 211/50/50 244/49/49
f 86/287/264 140/288/265 205/225/216
f 86/287/264 205/225/216 188/189/181
f 99/152/149 50/208/199 206/78/78
f 50/208/199 109/76/76 206/78/78
f 107/121/121 164/37/37 207/308/282
f 27/122/122 107/121/121 207/308/282
f 152/216/207 208/85/85 316/345/302
f 208/85/85 163/84/84 316/345/302
f 209/321/21 63/116/116 9/241/225
f 125/9/9 228/11/11 9/339/225
f 176/173/168 210/24/24 7/302/277
f 210/24/24 251/26/26 7/302/277
f 301/195/187 224/206/197 24/139/136
f 301/195/187 49/205/196 224/206/197
f 212/326/293 312/129/127 110/156/153
f 212/326/293 110/156/153 182/126/60
f 114/327/18 213/375/165 109/76/76
f 114/18/18 91/20/20 315/295/272
f 26/3/3 214/117/117 1/119/119
f 214/117/117 227/371/317 18/266/246
f 114/327/18 109/76/76 215/166/163
f 50/208/199 215/166/163 109/76/76
f 216/351/306 170/280/260 23/285/263
f 23/285/263 144/99/99 216/351/306
f 15/12/12 217/51/51 74/212/203
f 217/51/51 151/52/52 313/264/244
f 115/328/294 165/363/188 218/34/34
f 218/34/34 46/153/150 115/328/294
f 219/176/171 40/175/170 96/174/169
f 230/204/195 286/341/160 128/340/300
f 274/293/270 220/97/97 11/294/271
f 89/101/101 192/142/139 220/97/97
f 221/318/290 247/87/87 105/274/254
f 259/353/308 221/318/290 105/274/254
f 222/193/185 117/330/296 45/331/297
f 272/365/314 117/330/296 222/193/185
f 206/78/78 223/155/152 46/153/150
f 206/78/78 17/77/77 223/155/152
f 224/206/197 204/368/315 262/254/237
f 49/205/196 204/368/315 224/206/197
f 225/301/107 142/376/220 95/300/276
f 225/377/107 29/232/106 142/231/220
f 182/60/60 184/59/59 226/240/224
f 70/201/192 226/240/224 262/254/237
f 26/3/3 187/42/42 227/371/317
f 26/3/3 227/371/317 214/117/117
f 209/321/21 9/241/225 228/378/11
f 228/379/11 98/22/22 209/21/21
f 51/227/218 229/209/200 181/228/219
f 69/210/201 229/209/200 254/255/238
f 261/187/179 40/186/170 230/204/195
f 40/186/170 286/341/160 230/204/195
f 231/336/259 32/36/36 4/25/25
f 231/279/259 4/281/25 170/280/260
f 232/124/124 87/290/267 195/291/268
f 276/292/269 87/290/267 232/124/124
f 233/369/316 185/13/13 237/172/167
f 233/369/316 97/303/278 252/284/262
f 136/273/253 234/89/89 14/90/90
f 234/89/89 102/88/88 14/90/90
f 132/160/157 158/358/310 235/219/210
f 37/161/158 132/160/157 235/219/210
f 199/343/292 236/41/41 128/340/300
f 230/204/195 128/340/300 236/41/41
f 198/44/44 97/303/278 237/172/167
f 97/303/278 233/369/316 237/172/167
f 24/139/136 238/207/198 47/112/112
f 47/112/112 238/207/198 308/58/58
f 311/133/130 16/132/129 60/235/184
f 240/249/232 195/291/268 197/261/231
f 195/291/268 240/249/232 232/124/124
f 272/365/314 222/193/185 60/192/184
f 242/265/245 146/39/39 246/38/38
f 242/265/245 256/299/275 146/39/39
f 317/296/273 202/64/64 243/118/118
f 214/117/117 18/266/246 243/118/118
f 244/49/49 149/202/193 49/205/196
f 93/80/80 149/202/193 244/49/49
f 269/74/74 245/69/69 22/337/104
f 41/178/173 22/104/104 245/179/69
f 83/32/32 242/265/245 246/38/38
f 83/32/32 246/38/38 8/283/261
f 247/87/87 147/312/284 102/88/88
f 247/87/87 103/7/7 147/312/284
f 43/314/286 68/316/288 248/183/176
f 248/183/176 68/316/288 48/252/235
f 231/336/259 249/115/115 32/36/36
f 164/37/37 32/36/36 249/115/115
f 268/93/93 250/95/95 163/84/84
f 163/84/84 250/95/95 266/151/148
f 58/234/222 251/26/26 53/233/221
f 251/26/26 164/37/37 53/233/221
f 39/171/35 252/284/262 246/38/38
f 39/171/35 233/369/316 252/284/262
f 186/100/100 253/348/304 192/142/139
f 186/100/100 21/8/8 253/348/304
f 254/255/238 229/209/200 51/227/218
f 71/256/239 254/255/238 51/227/218
f 208/85/85 256/299/275 255/135/132
f 5/31/31 255/135/132 256/299/275
f 94/217/208 256/299/275 208/85/85
f 256/299/275 94/217/208 75/123/123
f 81/198/151 33/356/141 257/199/190
f 141/29/29 180/28/28 258/222/213
f 180/28/28 161/47/47 287/184/177
f 145/349/305 259/353/308 105/274/254
f 259/353/308 145/349/305 91/20/20
f 77/269/249 5/31/31 260/30/30
f 77/269/249 260/30/30 169/96/96
f 285/344/301 127/317/289 261/187/179
f 261/187/179 129/203/194 285/344/301
f 184/59/59 262/254/237 226/240/224
f 238/207/198 262/254/237 184/59/59
f 263/71/71 222/193/185 80/276/256
f 113/140/137 263/71/71 80/276/256
f 55/63/63 141/350/29 264/221/212
f 55/63/63 264/221/212 155/157/154
f 265/136/133 232/124/124 75/123/123
f 94/217/208 265/136/133 75/123/123
f 266/151/148 157/16/16 30/15/15
f 316/345/302 266/151/148 30/15/15
f 267/260/242 246/38/38 73/40/40
f 73/40/40 203/125/125 267/260/242
f 268/93/93 20/270/250 77/269/249
f 291/86/86 268/93/93 163/84/84
f 1/119/119 78/67/67 269/74/74
f 78/67/67 245/69/69 269/74/74
f 160/362/313 176/286/168 270/185/178
f 307/352/307 270/185/178 127/317/289
f 147/312/284 19/6/6 271/61/61
f 19/6/6 21/8/8 271/61/61
f 241/146/143 12/79/79 272/365/314
f 241/146/143 272/365/314 60/192/184
f 205/225/216 123/289/266 273/224/215
f 273/224/215 123/289/266 281/220/211
f 274/293/270 89/101/101 220/97/97
f 274/293/270 271/61/61 89/101/101
f 113/140/137 275/275/255 24/139/136
f 113/140/137 80/276/256 275/275/255
f 189/372/318 158/358/310 276/292/269
f 189/372/318 289/137/134 152/216/207
f 288/54/54 241/357/143 277/147/144
f 277/147/144 241/357/143 60/235/184
f 278/4/4 6/215/206 156/214/205
f 6/215/206 278/4/4 126/111/111
f 267/260/242 279/347/295 134/170/166
f 134/332/166 279/329/295 46/153/150
f 117/330/296 280/81/81 45/331/297
f 280/81/81 168/48/48 45/331/297
f 281/220/211 54/45/45 15/12/12
f 143/43/43 54/45/45 281/220/211
f 282/177/172 37/161/158 166/164/161
f 282/177/172 193/162/159 37/161/158
f 116/211/202 41/178/173 283/188/180
f 116/211/202 283/188/180 181/228/219
f 84/263/243 284/103/103 310/181/175
f 284/103/103 84/263/243 297/134/131
f 68/316/288 104/315/287 285/344/301
f 127/317/289 285/344/301 104/315/287
f 40/175/170 219/176/171 286/163/160
f 219/176/171 282/177/172 286/163/160
f 180/28/28 287/184/177 258/222/213
f 258/222/213 287/184/177 312/129/127
f 241/357/143 288/54/54 257/199/190
f 288/54/54 300/53/53 257/199/190
f 189/372/318 276/292/269 289/137/134
f 276/292/269 232/124/124 289/137/134
f 290/62/62 274/293/270 11/294/271
f 290/62/62 294/380/27 141/350/29
f 20/270/250 268/93/93 291/86/86
f 291/86/86 255/135/132 20/270/250
f 185/13/13 292/197/189 303/14/14
f 233/369/316 292/197/189 185/13/13
f 100/311/283 293/72/72 66/141/138
f 297/134/131 100/381/283 120/250/233
f 11/294/271 196/373/46 294/380/27
f 290/62/62 11/294/271 294/380/27
f 102/88/88 295/382/319 167/91/91
f 167/91/91 295/382/319 155/157/154
f 296/367/312 44/237/65 179/354/309
f 44/65/65 296/360/312 159/272/252
f 100/381/283 297/134/131 293/131/72
f 84/263/243 293/131/72 297/134/131
f 154/226/217 298/257/240 51/227/218
f 71/256/239 51/227/218 298/257/240
f 295/382/319 102/88/88 299/359/311
f 295/382/319 299/359/311 155/157/154
f 300/53/53 13/200/191 257/199/190
f 305/278/258 13/200/191 303/14/14
f 211/50/50 49/205/196 301/195/187
f 301/195/187 168/48/48 211/50/50
f 148/383/68 296/367/312 302/180/174
f 302/180/174 245/179/69 148/383/68
f 303/14/14 13/200/191 300/53/53
f 217/51/51 303/14/14 300/53/53
f 17/333/77 304/298/274 306/334/298
f 109/168/76 304/298/274 17/333/77
f 305/364/258 165/363/188 115/328/294
f 165/196/188 305/278/258 303/14/14
f 306/334/298 304/298/274 93/80/80
f 306/334/298 93/80/80 12/79/79
f 160/362/313 270/185/178 307/352/307
f 307/352/307 23/361/263 160/362/313
f 308/58/58 119/113/113 47/112/112
f 308/128/58 126/111/111 119/229/113
f 309/165/162 166/164/161 111/244/227
f 199/323/292 309/165/162 111/244/227
f 298/257/240 310/181/175 71/256/239
f 71/256/239 310/181/175 183/102/102
f 311/384/130 60/192/184 239/70/70
f 311/384/130 239/70/70 293/72/72
f 320/385/320 258/222/213 312/129/127
f 212/326/293 320/385/320 312/129/127
f 74/212/203 217/51/51 313/264/244
f 313/264/244 16/132/129 74/212/203
f 63/116/116 314/320/280 207/308/282
f 207/308/282 314/320/280 139/309/229
f 315/295/272 213/169/165 114/18/18
f 79/167/164 213/169/165 315/295/272
f 130/218/209 316/345/302 178/17/17
f 130/218/209 235/219/210 316/345/302
f 18/266/246 76/82/82 317/296/273
f 243/118/118 18/266/246 317/296/273
f 318/191/183 302/180/174 179/354/309
f 188/189/181 318/191/183 179/354/309
f 225/301/107 124/75/75 319/386/105
f 124/75/75 22/337/104 319/386/105
f 320/385/320 36/223/214 258/222/213
f 36/223/214 320/385/320 212/326/293
f 322/1/321 473/2/322 346/3/323
f 598/4/324 322/1/321 379/5/325
f 339/6/326 423/7/327 341/8/328
f 445/9/329 323/10/330 548/11/331
f 335/12/332 505/13/333 623/14/334
f 350/15/335 477/16/336 498/17/337
f 434/18/338 482/19/339 411/20/340
f 529/21/341 418/22/342 355/23/343
f 530/24/344 324/25/345 571/26/346
f 614/27/347 500/28/348 461/29/349
f 580/30/350 325/31/351 403/32/352
f 438/33/353 538/34/354 359/35/355
f 352/36/356 484/37/357 571/26/346
f 566/38/358 466/39/359 393/40/360
f 473/2/322 556/41/361 507/42/362
f 463/43/363 518/44/364 374/45/365
f 516/46/366 481/47/367 614/27/347
f 445/9/329 341/8/328 323/10/330
f 488/48/368 564/49/369 531/50/370
f 623/14/334 537/51/371 335/12/332
f 471/52/372 620/53/373 608/54/374
f 392/55/375 358/56/376 491/57/377
f 628/58/378 504/59/379 502/60/380
f 591/61/381 610/62/382 375/63/383
f 522/64/384 364/65/385 410/66/386
f 398/67/387 468/68/388 565/69/389
f 559/70/390 583/71/391 613/72/392
f 351/73/393 589/74/394 444/75/395
f 429/76/396 337/77/397 526/78/398
f 332/79/399 413/80/400 600/81/401
f 396/82/402 507/42/362 354/83/403
f 483/84/404 528/85/405 611/86/406
f 567/87/407 422/88/408 554/89/409
f 334/90/410 487/91/411 382/92/412
f 588/93/413 457/94/414 570/95/415
f 518/44/364 463/43/363 489/96/416
f 540/97/417 492/98/418 464/99/419
f 591/61/381 506/100/420 409/101/421
f 503/102/422 604/103/423 342/104/424
f 639/105/425 349/106/426 545/107/427
f 492/98/418 402/108/428 464/99/419
f 405/109/429 324/25/345 530/24/344
f 428/110/430 446/111/431 379/5/325
f 367/112/432 439/113/433 377/114/434
f 484/37/357 569/115/435 383/116/436
f 534/117/437 563/118/438 410/66/386
f 379/5/325 321/119/439 428/110/430
f 345/120/440 427/121/441 347/122/442
f 395/123/443 552/124/444 523/125/445
f 502/126/380 372/127/446 628/128/378
f 632/129/447 514/130/448 372/127/446
f 613/131/392 336/132/449 631/133/450
f 604/103/423 617/134/451 342/104/424
f 528/85/405 575/135/452 611/86/406
f 585/136/453 609/137/454 552/124/444
f 367/112/432 426/138/455 344/139/456
f 433/140/457 426/138/455 386/141/458
f 324/25/345 352/36/356 571/26/346
f 512/142/459 455/143/460 402/108/428
f 353/144/461 441/145/462 561/146/463
f 608/54/374 597/147/464 471/52/372
f 470/148/465 384/149/466 330/150/467
f 477/16/336 586/151/468 330/150/467
f 419/152/469 526/78/398 366/153/470
f 337/77/397 401/154/471 543/155/472
f 502/126/380 430/156/473 372/127/446
f 475/157/474 497/158/475 511/159/476
f 452/160/477 357/161/478 513/162/479
f 606/163/480 486/164/481 629/165/482
f 358/56/376 535/166/483 491/57/377
f 399/167/484 429/168/396 533/169/485
f 566/38/358 454/170/486 359/171/355
f 374/45/365 518/44/364 557/172/487
f 496/173/488 416/174/489 360/175/490
f 539/176/491 416/174/489 602/177/492
f 361/178/493 565/179/389 622/180/494
f 604/103/423 503/102/422 630/181/495
f 392/55/375 482/182/339 358/56/376
f 341/8/328 423/7/327 323/10/330
f 568/183/496 632/129/447 607/184/497
f 590/185/498 360/186/490 581/187/499
f 603/188/500 361/178/493 622/180/494
f 508/189/501 376/190/502 638/191/503
f 583/71/391 380/192/504 542/193/505
f 408/194/506 621/195/507 344/139/456
f 485/196/508 623/14/334 612/197/509
f 401/198/471 577/199/510 333/200/511
f 334/90/410 382/92/412 390/201/512
f 469/202/513 399/167/484 390/201/512
f 449/203/514 550/204/515 556/41/361
f 581/187/499 550/204/515 449/203/514
f 469/202/513 390/201/512 369/205/516
f 344/139/456 544/206/517 558/207/518
f 491/57/377 535/166/483 370/208/519
f 370/208/519 419/152/469 491/57/377
f 549/209/520 389/210/521 436/211/522
f 394/212/523 495/213/524 335/12/332
f 514/130/448 476/214/525 372/127/446
f 476/214/525 326/215/526 372/127/446
f 472/216/527 414/217/528 528/85/405
f 450/218/529 498/17/337 555/219/530
f 505/13/333 335/12/332 374/45/365
f 601/220/531 335/12/332 495/213/524
f 475/157/474 584/221/532 497/158/475
f 461/29/349 578/222/533 356/223/534
f 593/224/535 376/190/502 525/225/536
f 474/226/537 371/227/538 501/228/539
f 439/229/433 428/110/430 377/230/434
f 462/231/540 349/232/426 426/138/455
f 373/233/541 345/120/440 378/234/542
f 513/162/479 571/26/346 378/234/542
f 322/1/321 346/3/323 379/5/325
f 346/3/323 321/119/439 379/5/325
f 471/52/372 597/147/464 380/235/504
f 559/70/390 380/192/504 583/71/391
f 470/148/465 396/236/402 384/149/466
f 508/189/501 364/237/385 522/238/384
f 348/239/543 546/240/544 382/92/412
f 511/159/476 497/158/475 348/239/543
f 569/115/435 329/241/545 383/116/436
f 421/242/546 529/21/341 355/23/343
f 396/236/402 354/243/403 384/149/466
f 477/16/336 431/244/547 493/245/548
f 459/246/549 385/247/550 517/248/551
f 552/124/444 560/249/552 523/125/445
f 349/232/426 386/141/458 426/138/455
f 617/134/451 440/250/553 342/104/424
f 399/167/484 387/251/554 429/168/396
f 514/130/448 368/252/555 458/253/556
f 389/210/521 342/104/424 361/178/493
f 436/211/522 389/210/521 361/178/493
f 504/59/379 628/58/378 558/207/518
f 582/254/557 558/207/518 544/206/517
f 503/102/422 574/255/558 391/256/559
f 495/213/524 618/257/560 474/226/537
f 323/10/330 418/258/342 548/11/331
f 323/10/330 362/259/561 418/258/342
f 566/38/358 587/260/562 454/170/486
f 523/125/445 517/261/551 385/262/550
f 404/263/563 495/213/524 394/212/523
f 633/264/564 380/235/504 336/132/449
f 414/217/528 609/137/454 585/136/453
f 325/31/351 562/265/565 403/32/352
f 338/266/566 507/42/362 396/82/402
f 494/267/567 470/148/465 412/268/568
f 575/135/452 397/269/569 340/270/570
f 489/96/416 381/271/571 588/93/413
f 479/272/572 398/67/387 410/66/386
f 428/110/430 321/119/439 589/74/394
f 554/89/409 456/273/573 425/274/574
f 390/201/512 456/273/573 334/90/410
f 595/275/575 400/276/576 453/277/577
f 583/71/391 433/140/457 386/141/458
f 366/153/470 543/155/472 401/154/471
f 333/200/511 625/278/578 401/198/471
f 455/143/460 551/279/579 402/108/428
f 490/280/580 324/281/345 405/282/429
f 580/30/350 403/32/352 328/283/581
f 572/284/582 328/283/581 566/38/358
f 394/212/523 336/132/449 404/263/563
f 404/263/563 336/132/449 613/131/392
f 490/280/580 405/282/429 343/285/583
f 496/286/488 360/186/490 590/185/498
f 406/287/584 412/268/568 381/271/571
f 460/288/585 443/289/586 525/225/536
f 407/290/587 345/120/440 515/291/588
f 345/120/440 407/290/587 596/292/589
f 488/48/368 621/195/507 408/194/506
f 400/276/576 542/193/505 453/277/577
f 610/62/382 591/61/381 594/293/590
f 464/99/419 331/294/591 540/97/417
f 321/119/439 534/117/437 410/66/386
f 398/67/387 321/119/439 410/66/386
f 456/273/573 390/201/512 399/167/484
f 635/295/592 456/273/573 399/167/484
f 637/296/593 494/297/567 522/64/384
f 410/66/386 563/118/438 522/64/384
f 600/81/401 413/80/400 564/49/369
f 387/251/554 413/80/400 624/298/594
f 325/31/351 576/299/595 562/265/565
f 397/269/569 575/135/452 325/31/351
f 377/230/434 428/110/430 415/300/596
f 545/301/427 351/73/393 444/75/395
f 416/174/489 496/173/488 327/302/597
f 416/174/489 513/162/479 602/177/492
f 328/283/581 572/284/582 417/303/598
f 510/304/599 359/35/355 538/34/354
f 392/55/375 491/57/377 418/22/342
f 418/258/342 362/259/561 392/305/375
f 529/21/341 421/242/546 634/306/600
f 520/307/601 527/308/602 459/309/549
f 440/310/553 420/311/603 386/141/458
f 613/72/392 583/71/391 386/141/458
f 421/242/546 355/23/343 419/152/469
f 459/246/549 419/152/469 385/247/550
f 591/61/381 422/88/408 467/312/604
f 591/61/381 375/63/383 475/157/474
f 362/259/561 323/10/330 423/7/327
f 521/313/605 411/20/340 482/19/339
f 363/314/606 424/315/607 388/316/608
f 447/317/609 590/185/498 581/187/499
f 411/20/340 423/7/327 541/318/610
f 467/312/604 423/7/327 339/6/326
f 377/114/434 426/138/455 367/112/432
f 426/138/455 377/114/434 415/319/596
f 527/308/602 484/37/357 383/116/436
f 634/320/600 383/116/436 529/321/341
f 545/301/427 428/110/430 351/73/393
f 428/110/430 589/74/394 351/73/393
f 387/251/554 624/298/594 429/168/396
f 632/129/447 372/127/446 430/156/473
f 461/29/349 356/223/534 432/322/611
f 384/149/466 354/243/403 519/323/612
f 556/41/361 354/83/403 507/42/362
f 432/324/611 532/325/613 502/60/380
f 356/223/534 532/326/613 432/322/611
f 426/138/455 433/140/457 344/139/456
f 408/194/506 344/139/456 595/275/575
f 482/182/339 434/327/338 358/56/376
f 358/56/376 434/327/338 535/166/483
f 366/153/470 401/154/471 435/328/614
f 438/33/353 366/153/470 538/34/354
f 436/211/522 501/228/539 549/209/520
f 376/190/502 603/188/500 622/180/494
f 599/329/615 419/152/469 366/153/470
f 332/79/399 600/81/401 437/330/616
f 365/331/617 453/277/577 542/193/505
f 454/332/486 366/153/470 438/33/353
f 359/35/355 454/332/486 438/33/353
f 326/215/526 446/111/431 372/127/446
f 446/111/431 598/4/324 379/5/325
f 440/310/553 386/141/458 349/232/426
f 349/106/426 639/105/425 440/250/553
f 441/145/462 337/333/397 626/334/618
f 441/145/462 626/334/618 561/146/463
f 569/115/435 442/335/619 329/241/545
f 442/335/619 569/115/435 551/336/579
f 353/144/461 337/333/397 441/145/462
f 443/289/586 463/43/363 601/220/531
f 601/220/531 495/213/524 474/226/537
f 444/75/395 589/74/394 342/337/424
f 639/105/425 342/104/424 440/250/553
f 551/279/579 455/143/460 442/338/619
f 455/143/460 329/339/545 442/338/619
f 446/111/431 628/128/378 372/127/446
f 446/111/431 428/110/430 439/229/433
f 363/314/606 447/317/609 424/315/607
f 614/27/347 481/47/367 500/28/348
f 448/340/620 606/341/480 629/342/482
f 556/41/361 519/343/612 354/83/403
f 605/344/621 449/203/514 368/252/555
f 368/252/555 473/2/322 458/253/556
f 586/151/468 636/345/622 483/84/404
f 636/345/622 350/15/335 498/17/337
f 368/252/555 449/203/514 451/346/623
f 449/203/514 556/41/361 451/346/623
f 513/162/479 378/234/542 452/160/477
f 555/219/530 472/216/527 636/345/622
f 595/275/575 453/277/577 408/194/506
f 453/277/577 488/48/368 408/194/506
f 385/247/550 419/152/469 599/329/615
f 599/347/615 587/260/562 385/262/550
f 573/348/624 445/9/329 455/143/460
f 455/143/460 445/9/329 329/339/545
f 465/349/625 425/274/574 456/273/573
f 635/295/592 465/349/625 456/273/573
f 381/271/571 412/268/568 457/94/414
f 588/93/413 381/271/571 457/94/414
f 458/253/556 473/2/322 322/1/321
f 322/1/321 598/4/324 476/214/525
f 634/306/600 421/242/546 459/246/549
f 459/246/549 421/242/546 419/152/469
f 460/288/585 463/43/363 443/289/586
f 406/287/584 381/271/571 460/288/585
f 375/63/383 610/62/382 461/350/349
f 584/221/532 461/350/349 432/324/611
f 415/319/596 462/231/540 426/138/455
f 415/300/596 428/110/430 545/301/427
f 381/271/571 489/96/416 463/43/363
f 381/271/571 463/43/363 460/288/585
f 402/108/428 536/351/626 464/99/419
f 516/46/366 627/352/627 481/47/367
f 411/20/340 465/349/625 635/295/592
f 411/20/340 541/318/610 579/353/628
f 576/299/595 395/123/443 466/39/359
f 395/123/443 393/40/360 466/39/359
f 541/318/610 423/7/327 567/87/407
f 554/89/409 425/274/574 567/87/407
f 479/272/572 468/68/388 398/67/387
f 499/354/629 364/237/385 508/189/501
f 469/202/513 387/251/554 399/167/484
f 469/202/513 413/80/400 387/251/554
f 412/268/568 470/148/465 457/94/414
f 470/148/465 330/150/467 457/94/414
f 471/52/372 380/235/504 633/264/564
f 537/51/371 620/53/373 471/52/372
f 401/154/471 337/77/397 353/355/461
f 353/356/461 561/357/463 577/199/510
f 478/358/630 472/216/527 555/219/530
f 345/120/440 596/292/589 478/358/630
f 451/346/623 473/2/322 368/252/555
f 451/346/623 556/41/361 473/2/322
f 593/224/535 474/226/537 376/190/502
f 593/224/535 601/220/531 474/226/537
f 334/90/410 422/88/408 487/91/411
f 422/88/408 591/61/381 619/359/631
f 514/130/448 458/253/556 476/214/525
f 322/1/321 476/214/525 458/253/556
f 519/323/612 477/16/336 384/149/466
f 384/149/466 477/16/336 330/150/467
f 378/234/542 345/120/440 478/358/630
f 452/160/477 378/234/542 478/358/630
f 616/360/632 468/68/388 479/272/572
f 364/65/385 479/272/572 410/66/386
f 343/361/583 496/286/488 480/362/633
f 343/361/583 627/352/627 516/46/366
f 481/47/367 447/317/609 363/314/606
f 481/47/367 627/352/627 447/317/609
f 392/305/375 362/259/561 482/19/339
f 362/259/561 521/313/605 482/19/339
f 330/150/467 586/151/468 570/95/415
f 330/150/467 570/95/415 457/94/414
f 427/121/441 345/120/440 484/37/357
f 373/233/541 484/37/357 345/120/440
f 485/363/508 510/304/599 538/34/354
f 435/328/614 401/154/471 625/364/578
f 431/244/547 486/164/481 493/245/548
f 606/163/480 602/177/492 486/164/481
f 475/157/474 511/159/476 487/91/411
f 619/359/631 591/61/381 475/157/474
f 365/331/617 488/48/368 453/277/577
f 488/48/368 600/81/401 564/49/369
f 397/269/569 489/96/416 588/93/413
f 580/30/350 328/283/581 489/96/416
f 402/108/428 551/279/579 490/280/580
f 402/108/428 490/280/580 536/351/626
f 418/22/342 491/57/377 355/23/343
f 491/57/377 419/152/469 355/23/343
f 506/100/420 591/61/381 341/8/328
f 573/348/624 341/8/328 445/9/329
f 486/164/481 357/161/478 493/245/548
f 555/219/530 498/17/337 357/161/478
f 470/148/465 494/267/567 396/236/402
f 396/82/402 494/297/567 637/296/593
f 630/181/495 495/213/524 404/263/563
f 618/257/560 495/213/524 630/181/495
f 626/334/618 332/79/399 561/146/463
f 592/365/634 332/79/399 437/330/616
f 496/173/488 405/109/429 530/24/344
f 343/285/583 405/282/429 496/366/488
f 432/324/611 502/60/380 497/158/475
f 497/158/475 584/221/532 432/324/611
f 493/245/548 357/161/478 498/17/337
f 498/17/337 477/16/336 493/245/548
f 622/180/494 616/367/632 499/354/629
f 638/191/503 376/190/502 622/180/494
f 481/47/367 363/314/606 607/184/497
f 607/184/497 363/314/606 568/183/496
f 376/190/502 501/228/539 603/188/500
f 376/190/502 474/226/537 501/228/539
f 348/239/543 502/60/380 546/240/544
f 497/158/475 502/60/380 348/239/543
f 389/210/521 503/102/422 342/104/424
f 574/255/558 503/102/422 389/210/521
f 524/368/635 390/201/512 582/254/557
f 390/201/512 382/92/412 546/240/544
f 505/13/333 374/45/365 557/172/487
f 553/369/636 359/171/355 510/370/599
f 506/100/420 512/142/459 409/101/421
f 512/142/459 573/348/624 455/143/460
f 507/42/362 338/266/566 547/371/637
f 346/3/323 473/2/322 507/42/362
f 388/316/608 605/344/621 368/252/555
f 508/189/501 412/268/568 406/287/584
f 508/189/501 525/225/536 376/190/502
f 478/358/630 509/372/638 472/216/527
f 472/216/527 609/137/454 414/217/528
f 510/370/599 612/197/509 553/369/636
f 612/197/509 510/370/599 485/196/508
f 487/91/411 511/159/476 382/92/412
f 348/239/543 382/92/412 511/159/476
f 540/97/417 512/142/459 492/98/418
f 492/98/418 512/142/459 402/108/428
f 327/302/597 513/162/479 416/174/489
f 327/302/597 571/26/346 513/162/479
f 632/129/447 568/183/496 514/130/448
f 368/252/555 514/130/448 568/183/496
f 515/291/588 345/120/440 347/122/442
f 523/125/445 560/249/552 517/261/551
f 331/294/591 464/99/419 516/373/366
f 516/373/366 464/99/419 343/285/583
f 459/246/549 517/248/551 520/374/601
f 515/291/588 520/307/601 517/261/551
f 328/283/581 518/44/364 489/96/416
f 417/303/598 518/44/364 328/283/581
f 629/342/482 519/343/612 448/340/620
f 477/16/336 519/323/612 431/244/547
f 347/122/442 527/308/602 520/307/601
f 520/307/601 515/291/588 347/122/442
f 411/20/340 521/313/605 423/7/327
f 423/7/327 521/313/605 362/259/561
f 522/238/384 494/267/567 412/268/568
f 508/189/501 522/238/384 412/268/568
f 395/123/443 523/125/445 393/40/360
f 523/125/445 385/262/550 587/260/562
f 369/205/516 390/201/512 524/368/635
f 369/205/516 531/50/370 564/49/369
f 406/287/584 460/288/585 525/225/536
f 406/287/584 525/225/536 508/189/501
f 419/152/469 370/208/519 526/78/398
f 370/208/519 429/76/396 526/78/398
f 427/121/441 484/37/357 527/308/602
f 347/122/442 427/121/441 527/308/602
f 472/216/527 528/85/405 636/345/622
f 528/85/405 483/84/404 636/345/622
f 529/321/341 383/116/436 329/241/545
f 445/9/329 548/11/331 329/339/545
f 496/173/488 530/24/344 327/302/597
f 530/24/344 571/26/346 327/302/597
f 621/195/507 544/206/517 344/139/456
f 621/195/507 369/205/516 544/206/517
f 532/326/613 632/129/447 430/156/473
f 532/326/613 430/156/473 502/126/380
f 434/327/338 533/375/485 429/76/396
f 434/18/338 411/20/340 635/295/592
f 346/3/323 534/117/437 321/119/439
f 534/117/437 547/371/637 338/266/566
f 434/327/338 429/76/396 535/166/483
f 370/208/519 535/166/483 429/76/396
f 536/351/626 490/280/580 343/285/583
f 343/285/583 464/99/419 536/351/626
f 335/12/332 537/51/371 394/212/523
f 537/51/371 471/52/372 633/264/564
f 435/328/614 485/363/508 538/34/354
f 538/34/354 366/153/470 435/328/614
f 539/176/491 360/175/490 416/174/489
f 550/204/515 606/341/480 448/340/620
f 594/293/590 540/97/417 331/294/591
f 409/101/421 512/142/459 540/97/417
f 541/318/610 567/87/407 425/274/574
f 579/353/628 541/318/610 425/274/574
f 542/193/505 437/330/616 365/331/617
f 592/365/634 437/330/616 542/193/505
f 526/78/398 543/155/472 366/153/470
f 526/78/398 337/77/397 543/155/472
f 544/206/517 524/368/635 582/254/557
f 369/205/516 524/368/635 544/206/517
f 545/301/427 462/376/540 415/300/596
f 545/377/427 349/232/426 462/231/540
f 502/60/380 504/59/379 546/240/544
f 390/201/512 546/240/544 582/254/557
f 346/3/323 507/42/362 547/371/637
f 346/3/323 547/371/637 534/117/437
f 529/321/341 329/241/545 548/378/331
f 548/379/331 418/22/342 529/21/341
f 371/227/538 549/209/520 501/228/539
f 389/210/521 549/209/520 574/255/558
f 581/187/499 360/186/490 550/204/515
f 360/186/490 606/341/480 550/204/515
f 551/336/579 352/36/356 324/25/345
f 551/279/579 324/281/345 490/280/580
f 552/124/444 407/290/587 515/291/588
f 596/292/589 407/290/587 552/124/444
f 553/369/636 505/13/333 557/172/487
f 553/369/636 417/303/598 572/284/582
f 456/273/573 554/89/409 334/90/410
f 554/89/409 422/88/408 334/90/410
f 452/160/477 478/358/630 555/219/530
f 357/161/478 452/160/477 555/219/530
f 519/343/612 556/41/361 448/340/620
f 550/204/515 448/340/620 556/41/361
f 518/44/364 417/303/598 557/172/487
f 417/303/598 553/369/636 557/172/487
f 344/139/456 558/207/518 367/112/432
f 367/112/432 558/207/518 628/58/378
f 631/133/450 336/132/449 380/235/504
f 560/249/552 515/291/588 517/261/551
f 515/291/588 560/249/552 552/124/444
f 592/365/634 542/193/505 380/192/504
f 562/265/565 466/39/359 566/38/358
f 562/265/565 576/299/595 466/39/359
f 637/296/593 522/64/384 563/118/438
f 534/117/437 338/266/566 563/118/438
f 564/49/369 469/202/513 369/205/516
f 413/80/400 469/202/513 564/49/369
f 589/74/394 565/69/389 342/337/424
f 361/178/493 342/104/424 565/179/389
f 403/32/352 562/265/565 566/38/358
f 403/32/352 566/38/358 328/283/581
f 567/87/407 467/312/604 422/88/408
f 567/87/407 423/7/327 467/312/604
f 363/314/606 388/316/608 568/183/496
f 568/183/496 388/316/608 368/252/555
f 551/336/579 569/115/435 352/36/356
f 484/37/357 352/36/356 569/115/435
f 588/93/413 570/95/415 483/84/404
f 483/84/404 570/95/415 586/151/468
f 378/234/542 571/26/346 373/233/541
f 571/26/346 484/37/357 373/233/541
f 359/171/355 572/284/582 566/38/358
f 359/171/355 553/369/636 572/284/582
f 506/100/420 573/348/624 512/142/459
f 506/100/420 341/8/328 573/348/624
f 574/255/558 549/209/520 371/227/538
f 391/256/559 574/255/558 371/227/538
f 528/85/405 576/299/595 575/135/452
f 325/31/351 575/135/452 576/299/595
f 414/217/528 576/299/595 528/85/405
f 576/299/595 414/217/528 395/123/443
f 401/198/471 353/356/461 577/199/510
f 461/29/349 500/28/348 578/222/533
f 500/28/348 481/47/367 607/184/497
f 465/349/625 579/353/628 425/274/574
f 579/353/628 465/349/625 411/20/340
f 397/269/569 325/31/351 580/30/350
f 397/269/569 580/30/350 489/96/416
f 605/344/621 447/317/609 581/187/499
f 581/187/499 449/203/514 605/344/621
f 504/59/379 582/254/557 546/240/544
f 558/207/518 582/254/557 504/59/379
f 583/71/391 542/193/505 400/276/576
f 433/140/457 583/71/391 400/276/576
f 375/63/383 461/350/349 584/221/532
f 375/63/383 584/221/532 475/157/474
f 585/136/453 552/124/444 395/123/443
f 414/217/528 585/136/453 395/123/443
f 586/151/468 477/16/336 350/15/335
f 636/345/622 586/151/468 350/15/335
f 587/260/562 566/38/358 393/40/360
f 393/40/360 523/125/445 587/260/562
f 588/93/413 340/270/570 397/269/569
f 611/86/406 588/93/413 483/84/404
f 321/119/439 398/67/387 589/74/394
f 398/67/387 565/69/389 589/74/394
f 480/362/633 496/286/488 590/185/498
f 627/352/627 590/185/498 447/317/609
f 467/312/604 339/6/326 591/61/381
f 339/6/326 341/8/328 591/61/381
f 561/146/463 332/79/399 592/365/634
f 561/146/463 592/365/634 380/192/504
f 525/225/536 443/289/586 593/224/535
f 593/224/535 443/289/586 601/220/531
f 594/293/590 409/101/421 540/97/417
f 594/293/590 591/61/381 409/101/421
f 433/140/457 595/275/575 344/139/456
f 433/140/457 400/276/576 595/275/575
f 509/372/638 478/358/630 596/292/589
f 509/372/638 609/137/454 472/216/527
f 608/54/374 561/357/463 597/147/464
f 597/147/464 561/357/463 380/235/504
f 598/4/324 326/215/526 476/214/525
f 326/215/526 598/4/324 446/111/431
f 587/260/562 599/347/615 454/170/486
f 454/332/486 599/329/615 366/153/470
f 437/330/616 600/81/401 365/331/617
f 600/81/401 488/48/368 365/331/617
f 601/220/531 374/45/365 335/12/332
f 463/43/363 374/45/365 601/220/531
f 602/177/492 357/161/478 486/164/481
f 602/177/492 513/162/479 357/161/478
f 436/211/522 361/178/493 603/188/500
f 436/211/522 603/188/500 501/228/539
f 404/263/563 604/103/423 630/181/495
f 604/103/423 404/263/563 617/134/451
f 388/316/608 424/315/607 605/344/621
f 447/317/609 605/344/621 424/315/607
f 360/175/490 539/176/491 606/163/480
f 539/176/491 602/177/492 606/163/480
f 500/28/348 607/184/497 578/222/533
f 578/222/533 607/184/497 632/129/447
f 561/357/463 608/54/374 577/199/510
f 608/54/374 620/53/373 577/199/510
f 509/372/638 596/292/589 609/137/454
f 596/292/589 552/124/444 609/137/454
f 610/62/382 594/293/590 331/294/591
f 610/62/382 614/380/347 461/350/349
f 340/270/570 588/93/413 611/86/406
f 611/86/406 575/135/452 340/270/570
f 505/13/333 612/197/509 623/14/334
f 553/369/636 612/197/509 505/13/333
f 420/311/603 613/72/392 386/141/458
f 617/134/451 420/381/603 440/250/553
f 331/294/591 516/373/366 614/380/347
f 610/62/382 331/294/591 614/380/347
f 422/88/408 615/382/639 487/91/411
f 487/91/411 615/382/639 475/157/474
f 616/367/632 364/237/385 499/354/629
f 364/65/385 616/360/632 479/272/572
f 420/381/603 617/134/451 613/131/392
f 404/263/563 613/131/392 617/134/451
f 474/226/537 618/257/560 371/227/538
f 391/256/559 371/227/538 618/257/560
f 615/382/639 422/88/408 619/359/631
f 615/382/639 619/359/631 475/157/474
f 620/53/373 333/200/511 577/199/510
f 625/278/578 333/200/511 623/14/334
f 531/50/370 369/205/516 621/195/507
f 621/195/507 488/48/368 531/50/370
f 468/383/388 616/367/632 622/180/494
f 622/180/494 565/179/389 468/383/388
f 623/14/334 333/200/511 620/53/373
f 537/51/371 623/14/334 620/53/373
f 337/333/397 624/298/594 626/334/618
f 429/168/396 624/298/594 337/333/397
f 625/364/578 485/363/508 435/328/614
f 485/196/508 625/278/578 623/14/334
f 626/334/618 624/298/594 413/80/400
f 626/334/618 413/80/400 332/79/399
f 480/362/633 590/185/498 627/352/627
f 627/352/627 343/361/583 480/362/633
f 628/58/378 439/113/433 367/112/432
f 628/128/378 446/111/431 439/229/433
f 629/165/482 486/164/481 431/244/547
f 519/323/612 629/165/482 431/244/547
f 618/257/560 630/181/495 391/256/559
f 391/256/559 630/181/495 503/102/422
f 631/384/450 380/192/504 559/70/390
f 631/384/450 559/70/390 613/72/392
f 640/385/640 578/222/533 632/129/447
f 532/326/613 640/385/640 632/129/447
f 394/212/523 537/51/371 633/264/564
f 633/264/564 336/132/449 394/212/523
f 383/116/436 634/320/600 527/308/602
f 527/308/602 634/320/600 459/309/549
f 635/295/592 533/169/485 434/18/338
f 399/167/484 533/169/485 635/295/592
f 450/218/529 636/345/622 498/17/337
f 450/218/529 555/219/530 636/345/622
f 338/266/566 396/82/402 637/296/593
f 563/118/438 338/266/566 637/296/593
f 638/191/503 622/180/494 499/354/629
f 508/189/501 638/191/503 499/354/629
f 545/301/427 444/75/395 639/386/425
f 444/75/395 342/337/424 639/386/425
f 640/385/640 356/223/534 578/222/533
f 356/223/534 640/385/640 532/326/613
f 642/1/641 793/2/642 666/3/643
f 918/4/644 642/1/641 699/5/645
f 659/6/646 743/7/647 661/8/648
f 765/9/649 643/10/650 868/11/651
f 655/12/652 825/13/653 943/14/654
f 670/15/655 797/16/656 818/17/657
f 754/18/658 802/19/659 731/20/660
f 849/21/661 738/22/662 675/23/663
f 850/24/664 644/25/665 891/26/666
f 934/27/667 820/28/668 781/29/669
f 900/30/670 645/31/671 723/32/672
f 758/33/673 858/34/674 679/35/675
f 672/36/676 804/37/677 891/26/666
f 886/38/678 786/39/679 713/40/680
f 793/2/642 876/41/681 827/42/682
f 783/43/683 838/44/684 694/45/685
f 836/46/686 801/47/687 934/27/667
f 765/9/649 661/8/648 643/10/650
f 808/48/688 884/49/689 851/50/690
f 943/14/654 857/51/691 655/12/652
f 791/52/692 940/53/693 928/54/694
f 712/55/695 678/56/696 811/57/697
f 948/58/698 824/59/699 822/60/700
f 911/61/701 930/62/702 695/63/703
f 842/64/704 684/65/705 730/66/706
f 718/67/707 788/68/708 885/69/709
f 879/70/710 903/71/711 933/72/712
f 671/73/713 909/74/714 764/75/715
f 749/76/716 657/77/717 846/78/718
f 652/79/719 733/80/720 920/81/721
f 716/82/722 827/42/682 674/83/723
f 803/84/724 848/85/725 931/86/726
f 887/87/727 742/88/728 874/89/729
f 654/90/730 807/91/731 702/92/732
f 908/93/733 777/94/734 890/95/735
f 838/44/684 783/43/683 809/96/736
f 860/97/737 812/98/738 784/99/739
f 911/61/701 826/100/740 729/101/741
f 823/102/742 924/103/743 662/104/744
f 959/105/745 669/106/746 865/107/747
f 812/98/738 722/108/748 784/99/739
f 725/109/749 644/25/665 850/24/664
f 748/110/750 766/111/751 699/5/645
f 687/112/752 759/113/753 697/114/754
f 804/37/677 889/115/755 703/116/756
f 854/117/757 883/118/758 730/66/706
f 699/5/645 641/119/759 748/110/750
f 665/120/760 747/121/761 667/122/762
f 715/123/763 872/124/764 843/125/765
f 822/126/700 692/127/766 948/128/698
f 952/129/767 834/130/768 692/127/766
f 933/131/712 656/132/769 951/133/770
f 924/103/743 937/134/771 662/104/744
f 848/85/725 895/135/772 931/86/726
f 905/136/773 929/137/774 872/124/764
f 687/112/752 746/138/775 664/139/776
f 753/140/777 746/138/775 706/141/778
f 644/25/665 672/36/676 891/26/666
f 832/142/779 775/143/780 722/108/748
f 673/144/781 761/145/782 881/146/783
f 928/54/694 917/147/784 791/52/692
f 790/148/785 704/149/786 650/150/787
f 797/16/656 906/151/788 650/150/787
f 739/152/789 846/78/718 686/153/790
f 657/77/717 721/154/791 863/155/792
f 822/126/700 750/156/793 692/127/766
f 795/157/794 817/158/795 831/159/796
f 772/160/797 677/161/798 833/162/799
f 926/163/800 806/164/801 949/165/802
f 678/56/696 855/166/803 811/57/697
f 719/167/804 749/168/716 853/169/805
f 886/38/678 774/170/806 679/171/675
f 694/45/685 838/44/684 877/172/807
f 816/173/808 736/174/809 680/175/810
f 859/176/811 736/174/809 922/177/812
f 681/178/813 885/179/709 942/180/814
f 924/103/743 823/102/742 950/181/815
f 712/55/695 802/182/659 678/56/696
f 661/8/648 743/7/647 643/10/650
f 888/183/816 952/129/767 927/184/817
f 910/185/818 680/186/810 901/187/819
f 923/188/820 681/178/813 942/180/814
f 828/189/821 696/190/822 958/191/823
f 903/71/711 700/192/824 862/193/825
f 728/194/826 941/195/827 664/139/776
f 805/196/828 943/14/654 932/197/829
f 721/198/791 897/199/830 653/200/831
f 654/90/730 702/92/732 710/201/832
f 789/202/833 719/167/804 710/201/832
f 769/203/834 870/204/835 876/41/681
f 901/187/819 870/204/835 769/203/834
f 789/202/833 710/201/832 689/205/836
f 664/139/776 864/206/837 878/207/838
f 811/57/697 855/166/803 690/208/839
f 690/208/839 739/152/789 811/57/697
f 869/209/840 709/210/841 756/211/842
f 714/212/843 815/213/844 655/12/652
f 834/130/768 796/214/845 692/127/766
f 796/214/845 646/215/846 692/127/766
f 792/216/847 734/217/848 848/85/725
f 770/218/849 818/17/657 875/219/850
f 825/13/653 655/12/652 694/45/685
f 921/220/851 655/12/652 815/213/844
f 795/157/794 904/221/852 817/158/795
f 781/29/669 898/222/853 676/223/854
f 913/224/855 696/190/822 845/225/856
f 794/226/857 691/227/858 821/228/859
f 759/229/753 748/110/750 697/230/754
f 782/231/860 669/232/746 746/138/775
f 693/233/861 665/120/760 698/234/862
f 833/162/799 891/26/666 698/234/862
f 642/1/641 666/3/643 699/5/645
f 666/3/643 641/119/759 699/5/645
f 791/52/692 917/147/784 700/235/824
f 879/70/710 700/192/824 903/71/711
f 790/148/785 716/236/722 704/149/786
f 828/189/821 684/237/705 842/238/704
f 668/239/863 866/240/864 702/92/732
f 831/159/796 817/158/795 668/239/863
f 889/115/755 649/241/865 703/116/756
f 741/242/866 849/21/661 675/23/663
f 716/236/722 674/243/723 704/149/786
f 797/16/656 751/244/867 813/245/868
f 779/246/869 705/247/870 837/248/871
f 872/124/764 880/249/872 843/125/765
f 669/232/746 706/141/778 746/138/775
f 937/134/771 760/250/873 662/104/744
f 719/167/804 707/251/874 749/168/716
f 834/130/768 688/252/875 778/253/876
f 709/210/841 662/104/744 681/178/813
f 756/211/842 709/210/841 681/178/813
f 824/59/699 948/58/698 878/207/838
f 902/254/877 878/207/838 864/206/837
f 823/102/742 894/255/878 711/256/879
f 815/213/844 938/257/880 794/226/857
f 643/10/650 738/258/662 868/11/651
f 643/10/650 682/259/881 738/258/662
f 886/38/678 907/260/882 774/170/806
f 843/125/765 837/261/871 705/262/870
f 724/263/883 815/213/844 714/212/843
f 953/264/884 700/235/824 656/132/769
f 734/217/848 929/137/774 905/136/773
f 645/31/671 882/265/885 723/32/672
f 658/266/886 827/42/682 716/82/722
f 814/267/887 790/148/785 732/268/888
f 895/135/772 717/269/889 660/270/890
f 809/96/736 701/271/891 908/93/733
f 799/272/892 718/67/707 730/66/706
f 748/110/750 641/119/759 909/74/714
f 874/89/729 776/273/893 745/274/894
f 710/201/832 776/273/893 654/90/730
f 915/275/895 720/276/896 773/277/897
f 903/71/711 753/140/777 706/141/778
f 686/153/790 863/155/792 721/154/791
f 653/200/831 945/278/898 721/198/791
f 775/143/780 871/279/899 722/108/748
f 810/280/900 644/281/665 725/282/749
f 900/30/670 723/32/672 648/283/901
f 892/284/902 648/283/901 886/38/678
f 714/212/843 656/132/769 724/263/883
f 724/263/883 656/132/769 933/131/712
f 810/280/900 725/282/749 663/285/903
f 816/286/808 680/186/810 910/185/818
f 726/287/904 732/268/888 701/271/891
f 780/288/905 763/289/906 845/225/856
f 727/290/907 665/120/760 835/291/908
f 665/120/760 727/290/907 916/292/909
f 808/48/688 941/195/827 728/194/826
f 720/276/896 862/193/825 773/277/897
f 930/62/702 911/61/701 914/293/910
f 784/99/739 651/294/911 860/97/737
f 641/119/759 854/117/757 730/66/706
f 718/67/707 641/119/759 730/66/706
f 776/273/893 710/201/832 719/167/804
f 955/295/912 776/273/893 719/167/804
f 957/296/913 814/297/887 842/64/704
f 730/66/706 883/118/758 842/64/704
f 920/81/721 733/80/720 884/49/689
f 707/251/874 733/80/720 944/298/914
f 645/31/671 896/299/915 882/265/885
f 717/269/889 895/135/772 645/31/671
f 697/230/754 748/110/750 735/300/916
f 865/301/747 671/73/713 764/75/715
f 736/174/809 816/173/808 647/302/917
f 736/174/809 833/162/799 922/177/812
f 648/283/901 892/284/902 737/303/918
f 830/304/919 679/35/675 858/34/674
f 712/55/695 811/57/697 738/22/662
f 738/258/662 682/259/881 712/305/695
f 849/21/661 741/242/866 954/306/920
f 840/307/921 847/308/922 779/309/869
f 760/310/873 740/311/923 706/141/778
f 933/72/712 903/71/711 706/141/778
f 741/242/866 675/23/663 739/152/789
f 779/246/869 739/152/789 705/247/870
f 911/61/701 742/88/728 787/312/924
f 911/61/701 695/63/703 795/157/794
f 682/259/881 643/10/650 743/7/647
f 841/313/925 731/20/660 802/19/659
f 683/314/926 744/315/927 708/316/928
f 767/317/929 910/185/818 901/187/819
f 731/20/660 743/7/647 861/318/930
f 787/312/924 743/7/647 659/6/646
f 697/114/754 746/138/775 687/112/752
f 746/138/775 697/114/754 735/319/916
f 847/308/922 804/37/677 703/116/756
f 954/320/920 703/116/756 849/321/661
f 865/301/747 748/110/750 671/73/713
f 748/110/750 909/74/714 671/73/713
f 707/251/874 944/298/914 749/168/716
f 952/129/767 692/127/766 750/156/793
f 781/29/669 676/223/854 752/322/931
f 704/149/786 674/243/723 839/323/932
f 876/41/681 674/83/723 827/42/682
f 752/324/931 852/325/933 822/60/700
f 676/223/854 852/326/933 752/322/931
f 746/138/775 753/140/777 664/139/776
f 728/194/826 664/139/776 915/275/895
f 802/182/659 754/327/658 678/56/696
f 678/56/696 754/327/658 855/166/803
f 686/153/790 721/154/791 755/328/934
f 758/33/673 686/153/790 858/34/674
f 756/211/842 821/228/859 869/209/840
f 696/190/822 923/188/820 942/180/814
f 919/329/935 739/152/789 686/153/790
f 652/79/719 920/81/721 757/330/936
f 685/331/937 773/277/897 862/193/825
f 774/332/806 686/153/790 758/33/673
f 679/35/675 774/332/806 758/33/673
f 646/215/846 766/111/751 692/127/766
f 766/111/751 918/4/644 699/5/645
f 760/310/873 706/141/778 669/232/746
f 669/106/746 959/105/745 760/250/873
f 761/145/782 657/333/717 946/334/938
f 761/145/782 946/334/938 881/146/783
f 889/115/755 762/335/939 649/241/865
f 762/335/939 889/115/755 871/336/899
f 673/144/781 657/333/717 761/145/782
f 763/289/906 783/43/683 921/220/851
f 921/220/851 815/213/844 794/226/857
f 764/75/715 909/74/714 662/337/744
f 959/105/745 662/104/744 760/250/873
f 871/279/899 775/143/780 762/338/939
f 775/143/780 649/339/865 762/338/939
f 766/111/751 948/128/698 692/127/766
f 766/111/751 748/110/750 759/229/753
f 683/314/926 767/317/929 744/315/927
f 934/27/667 801/47/687 820/28/668
f 768/340/940 926/341/800 949/342/802
f 876/41/681 839/343/932 674/83/723
f 925/344/941 769/203/834 688/252/875
f 688/252/875 793/2/642 778/253/876
f 906/151/788 956/345/942 803/84/724
f 956/345/942 670/15/655 818/17/657
f 688/252/875 769/203/834 771/346/943
f 769/203/834 876/41/681 771/346/943
f 833/162/799 698/234/862 772/160/797
f 875/219/850 792/216/847 956/345/942
f 915/275/895 773/277/897 728/194/826
f 773/277/897 808/48/688 728/194/826
f 705/247/870 739/152/789 919/329/935
f 919/347/935 907/260/882 705/262/870
f 893/348/944 765/9/649 775/143/780
f 775/143/780 765/9/649 649/339/865
f 785/349/945 745/274/894 776/273/893
f 955/295/912 785/349/945 776/273/893
f 701/271/891 732/268/888 777/94/734
f 908/93/733 701/271/891 777/94/734
f 778/253/876 793/2/642 642/1/641
f 642/1/641 918/4/644 796/214/845
f 954/306/920 741/242/866 779/246/869
f 779/246/869 741/242/866 739/152/789
f 780/288/905 783/43/683 763/289/906
f 726/287/904 701/271/891 780/288/905
f 695/63/703 930/62/702 781/350/669
f 904/221/852 781/350/669 752/324/931
f 735/319/916 782/231/860 746/138/775
f 735/300/916 748/110/750 865/301/747
f 701/271/891 809/96/736 783/43/683
f 701/271/891 783/43/683 780/288/905
f 722/108/748 856/351/946 784/99/739
f 836/46/686 947/352/947 801/47/687
f 731/20/660 785/349/945 955/295/912
f 731/20/660 861/318/930 899/353/948
f 896/299/915 715/123/763 786/39/679
f 715/123/763 713/40/680 786/39/679
f 861/318/930 743/7/647 887/87/727
f 874/89/729 745/274/894 887/87/727
f 799/272/892 788/68/708 718/67/707
f 819/354/949 684/237/705 828/189/821
f 789/202/833 707/251/874 719/167/804
f 789/202/833 733/80/720 707/251/874
f 732/268/888 790/148/785 777/94/734
f 790/148/785 650/150/787 777/94/734
f 791/52/692 700/235/824 953/264/884
f 857/51/691 940/53/693 791/52/692
f 721/154/791 657/77/717 673/355/781
f 673/356/781 881/357/783 897/199/830
f 798/358/950 792/216/847 875/219/850
f 665/120/760 916/292/909 798/358/950
f 771/346/943 793/2/642 688/252/875
f 771/346/943 876/41/681 793/2/642
f 913/224/855 794/226/857 696/190/822
f 913/224/855 921/220/851 794/226/857
f 654/90/730 742/88/728 807/91/731
f 742/88/728 911/61/701 939/359/951
f 834/130/768 778/253/876 796/214/845
f 642/1/641 796/214/845 778/253/876
f 839/323/932 797/16/656 704/149/786
f 704/149/786 797/16/656 650/150/787
f 698/234/862 665/120/760 798/358/950
f 772/160/797 698/234/862 798/358/950
f 936/360/952 788/68/708 799/272/892
f 684/65/705 799/272/892 730/66/706
f 663/361/903 816/286/808 800/362/953
f 663/361/903 947/352/947 836/46/686
f 801/47/687 767/317/929 683/314/926
f 801/47/687 947/352/947 767/317/929
f 712/305/695 682/259/881 802/19/659
f 682/259/881 841/313/925 802/19/659
f 650/150/787 906/151/788 890/95/735
f 650/150/787 890/95/735 777/94/734
f 747/121/761 665/120/760 804/37/677
f 693/233/861 804/37/677 665/120/760
f 805/363/828 830/304/919 858/34/674
f 755/328/934 721/154/791 945/364/898
f 751/244/867 806/164/801 813/245/868
f 926/163/800 922/177/812 806/164/801
f 795/157/794 831/159/796 807/91/731
f 939/359/951 911/61/701 795/157/794
f 685/331/937 808/48/688 773/277/897
f 808/48/688 920/81/721 884/49/689
f 717/269/889 809/96/736 908/93/733
f 900/30/670 648/283/901 809/96/736
f 722/108/748 871/279/899 810/280/900
f 722/108/748 810/280/900 856/351/946
f 738/22/662 811/57/697 675/23/663
f 811/57/697 739/152/789 675/23/663
f 826/100/740 911/61/701 661/8/648
f 893/348/944 661/8/648 765/9/649
f 806/164/801 677/161/798 813/245/868
f 875/219/850 818/17/657 677/161/798
f 790/148/785 814/267/887 716/236/722
f 716/82/722 814/297/887 957/296/913
f 950/181/815 815/213/844 724/263/883
f 938/257/880 815/213/844 950/181/815
f 946/334/938 652/79/719 881/146/783
f 912/365/954 652/79/719 757/330/936
f 816/173/808 725/109/749 850/24/664
f 663/285/903 725/282/749 816/366/808
f 752/324/931 822/60/700 817/158/795
f 817/158/795 904/221/852 752/324/931
f 813/245/868 677/161/798 818/17/657
f 818/17/657 797/16/656 813/245/868
f 942/180/814 936/367/952 819/354/949
f 958/191/823 696/190/822 942/180/814
f 801/47/687 683/314/926 927/184/817
f 927/184/817 683/314/926 888/183/816
f 696/190/822 821/228/859 923/188/820
f 696/190/822 794/226/857 821/228/859
f 668/239/863 822/60/700 866/240/864
f 817/158/795 822/60/700 668/239/863
f 709/210/841 823/102/742 662/104/744
f 894/255/878 823/102/742 709/210/841
f 844/368/955 710/201/832 902/254/877
f 710/201/832 702/92/732 866/240/864
f 825/13/653 694/45/685 877/172/807
f 873/369/956 679/171/675 830/370/919
f 826/100/740 832/142/779 729/101/741
f 832/142/779 893/348/944 775/143/780
f 827/42/682 658/266/886 867/371/957
f 666/3/643 793/2/642 827/42/682
f 708/316/928 925/344/941 688/252/875
f 828/189/821 732/268/888 726/287/904
f 828/189/821 845/225/856 696/190/822
f 798/358/950 829/372/958 792/216/847
f 792/216/847 929/137/774 734/217/848
f 830/370/919 932/197/829 873/369/956
f 932/197/829 830/370/919 805/196/828
f 807/91/731 831/159/796 702/92/732
f 668/239/863 702/92/732 831/159/796
f 860/97/737 832/142/779 812/98/738
f 812/98/738 832/142/779 722/108/748
f 647/302/917 833/162/799 736/174/809
f 647/302/917 891/26/666 833/162/799
f 952/129/767 888/183/816 834/130/768
f 688/252/875 834/130/768 888/183/816
f 835/291/908 665/120/760 667/122/762
f 843/125/765 880/249/872 837/261/871
f 651/294/911 784/99/739 836/373/686
f 836/373/686 784/99/739 663/285/903
f 779/246/869 837/248/871 840/374/921
f 835/291/908 840/307/921 837/261/871
f 648/283/901 838/44/684 809/96/736
f 737/303/918 838/44/684 648/283/901
f 949/342/802 839/343/932 768/340/940
f 797/16/656 839/323/932 751/244/867
f 667/122/762 847/308/922 840/307/921
f 840/307/921 835/291/908 667/122/762
f 731/20/660 841/313/925 743/7/647
f 743/7/647 841/313/925 682/259/881
f 842/238/704 814/267/887 732/268/888
f 828/189/821 842/238/704 732/268/888
f 715/123/763 843/125/765 713/40/680
f 843/125/765 705/262/870 907/260/882
f 689/205/836 710/201/832 844/368/955
f 689/205/836 851/50/690 884/49/689
f 726/287/904 780/288/905 845/225/856
f 726/287/904 845/225/856 828/189/821
f 739/152/789 690/208/839 846/78/718
f 690/208/839 749/76/716 846/78/718
f 747/121/761 804/37/677 847/308/922
f 667/122/762 747/121/761 847/308/922
f 792/216/847 848/85/725 956/345/942
f 848/85/725 803/84/724 956/345/942
f 849/321/661 703/116/756 649/241/865
f 765/9/649 868/11/651 649/339/865
f 816/173/808 850/24/664 647/302/917
f 850/24/664 891/26/666 647/302/917
f 941/195/827 864/206/837 664/139/776
f 941/195/827 689/205/836 864/206/837
f 852/326/933 952/129/767 750/156/793
f 852/326/933 750/156/793 822/126/700
f 754/327/658 853/375/805 749/76/716
f 754/18/658 731/20/660 955/295/912
f 666/3/643 854/117/757 641/119/759
f 854/117/757 867/371/957 658/266/886
f 754/327/658 749/76/716 855/166/803
f 690/208/839 855/166/803 749/76/716
f 856/351/946 810/280/900 663/285/903
f 663/285/903 784/99/739 856/351/946
f 655/12/652 857/51/691 714/212/843
f 857/51/691 791/52/692 953/264/884
f 755/328/934 805/363/828 858/34/674
f 858/34/674 686/153/790 755/328/934
f 859/176/811 680/175/810 736/174/809
f 870/204/835 926/341/800 768/340/940
f 914/293/910 860/97/737 651/294/911
f 729/101/741 832/142/779 860/97/737
f 861/318/930 887/87/727 745/274/894
f 899/353/948 861/318/930 745/274/894
f 862/193/825 757/330/936 685/331/937
f 912/365/954 757/330/936 862/193/825
f 846/78/718 863/155/792 686/153/790
f 846/78/718 657/77/717 863/155/792
f 864/206/837 844/368/955 902/254/877
f 689/205/836 844/368/955 864/206/837
f 865/301/747 782/376/860 735/300/916
f 865/377/747 669/232/746 782/231/860
f 822/60/700 824/59/699 866/240/864
f 710/201/832 866/240/864 902/254/877
f 666/3/643 827/42/682 867/371/957
f 666/3/643 867/371/957 854/117/757
f 849/321/661 649/241/865 868/378/651
f 868/379/651 738/22/662 849/21/661
f 691/227/858 869/209/840 821/228/859
f 709/210/841 869/209/840 894/255/878
f 901/187/819 680/186/810 870/204/835
f 680/186/810 926/341/800 870/204/835
f 871/336/899 672/36/676 644/25/665
f 871/279/899 644/281/665 810/280/900
f 872/124/764 727/290/907 835/291/908
f 916/292/909 727/290/907 872/124/764
f 873/369/956 825/13/653 877/172/807
f 873/369/956 737/303/918 892/284/902
f 776/273/893 874/89/729 654/90/730
f 874/89/729 742/88/728 654/90/730
f 772/160/797 798/358/950 875/219/850
f 677/161/798 772/160/797 875/219/850
f 839/343/932 876/41/681 768/340/940
f 870/204/835 768/340/940 876/41/681
f 838/44/684 737/303/918 877/172/807
f 737/303/918 873/369/956 877/172/807
f 664/139/776 878/207/838 687/112/752
f 687/112/752 878/207/838 948/58/698
f 951/133/770 656/132/769 700/235/824
f 880/249/872 835/291/908 837/261/871
f 835/291/908 880/249/872 872/124/764
f 912/365/954 862/193/825 700/192/824
f 882/265/885 786/39/679 886/38/678
f 882/265/885 896/299/915 786/39/679
f 957/296/913 842/64/704 883/118/758
f 854/117/757 658/266/886 883/118/758
f 884/49/689 789/202/833 689/205/836
f 733/80/720 789/202/833 884/49/689
f 909/74/714 885/69/709 662/337/744
f 681/178/813 662/104/744 885/179/709
f 723/32/672 882/265/885 886/38/678
f 723/32/672 886/38/678 648/283/901
f 887/87/727 787/312/924 742/88/728
f 887/87/727 743/7/647 787/312/924
f 683/314/926 708/316/928 888/183/816
f 888/183/816 708/316/928 688/252/875
f 871/336/899 889/115/755 672/36/676
f 804/37/677 672/36/676 889/115/755
f 908/93/733 890/95/735 803/84/724
f 803/84/724 890/95/735 906/151/788
f 698/234/862 891/26/666 693/233/861
f 891/26/666 804/37/677 693/233/861
f 679/171/675 892/284/902 886/38/678
f 679/171/675 873/369/956 892/284/902
f 826/100/740 893/348/944 832/142/779
f 826/100/740 661/8/648 893/348/944
f 894/255/878 869/209/840 691/227/858
f 711/256/879 894/255/878 691/227/858
f 848/85/725 896/299/915 895/135/772
f 645/31/671 895/135/772 896/299/915
f 734/217/848 896/299/915 848/85/725
f 896/299/915 734/217/848 715/123/763
f 721/198/791 673/356/781 897/199/830
f 781/29/669 820/28/668 898/222/853
f 820/28/668 801/47/687 927/184/817
f 785/349/945 899/353/948 745/274/894
f 899/353/948 785/349/945 731/20/660
f 717/269/889 645/31/671 900/30/670
f 717/269/889 900/30/670 809/96/736
f 925/344/941 767/317/929 901/187/819
f 901/187/819 769/203/834 925/344/941
f 824/59/699 902/254/877 866/240/864
f 878/207/838 902/254/877 824/59/699
f 903/71/711 862/193/825 720/276/896
f 753/140/777 903/71/711 720/276/896
f 695/63/703 781/350/669 904/221/852
f 695/63/703 904/221/852 795/157/794
f 905/136/773 872/124/764 715/123/763
f 734/217/848 905/136/773 715/123/763
f 906/151/788 797/16/656 670/15/655
f 956/345/942 906/151/788 670/15/655
f 907/260/882 886/38/678 713/40/680
f 713/40/680 843/125/765 907/260/882
f 908/93/733 660/270/890 717/269/889
f 931/86/726 908/93/733 803/84/724
f 641/119/759 718/67/707 909/74/714
f 718/67/707 885/69/709 909/74/714
f 800/362/953 816/286/808 910/185/818
f 947/352/947 910/185/818 767/317/929
f 787/312/924 659/6/646 911/61/701
f 659/6/646 661/8/648 911/61/701
f 881/146/783 652/79/719 912/365/954
f 881/146/783 912/365/954 700/192/824
f 845/225/856 763/289/906 913/224/855
f 913/224/855 763/289/906 921/220/851
f 914/293/910 729/101/741 860/97/737
f 914/293/910 911/61/701 729/101/741
f 753/140/777 915/275/895 664/139/776
f 753/140/777 720/276/896 915/275/895
f 829/372/958 798/358/950 916/292/909
f 829/372/958 929/137/774 792/216/847
f 928/54/694 881/357/783 917/147/784
f 917/147/784 881/357/783 700/235/824
f 918/4/644 646/215/846 796/214/845
f 646/215/846 918/4/644 766/111/751
f 907/260/882 919/347/935 774/170/806
f 774/332/806 919/329/935 686/153/790
f 757/330/936 920/81/721 685/331/937
f 920/81/721 808/48/688 685/331/937
f 921/220/851 694/45/685 655/12/652
f 783/43/683 694/45/685 921/220/851
f 922/177/812 677/161/798 806/164/801
f 922/177/812 833/162/799 677/161/798
f 756/211/842 681/178/813 923/188/820
f 756/211/842 923/188/820 821/228/859
f 724/263/883 924/103/743 950/181/815
f 924/103/743 724/263/883 937/134/771
f 708/316/928 744/315/927 925/344/941
f 767/317/929 925/344/941 744/315/927
f 680/175/810 859/176/811 926/163/800
f 859/176/811 922/177/812 926/163/800
f 820/28/668 927/184/817 898/222/853
f 898/222/853 927/184/817 952/129/767
f 881/357/783 928/54/694 897/199/830
f 928/54/694 940/53/693 897/199/830
f 829/372/958 916/292/909 929/137/774
f 916/292/909 872/124/764 929/137/774
f 930/62/702 914/293/910 651/294/911
f 930/62/702 934/380/667 781/350/669
f 660/270/890 908/93/733 931/86/726
f 931/86/726 895/135/772 660/270/890
f 825/13/653 932/197/829 943/14/654
f 873/369/956 932/197/829 825/13/653
f 740/311/923 933/72/712 706/141/778
f 937/134/771 740/381/923 760/250/873
f 651/294/911 836/373/686 934/380/667
f 930/62/702 651/294/911 934/380/667
f 742/88/728 935/382/959 807/91/731
f 807/91/731 935/382/959 795/157/794
f 936/367/952 684/237/705 819/354/949
f 684/65/705 936/360/952 799/272/892
f 740/381/923 937/134/771 933/131/712
f 724/263/883 933/131/712 937/134/771
f 794/226/857 938/257/880 691/227/858
f 711/256/879 691/227/858 938/257/880
f 935/382/959 742/88/728 939/359/951
f 935/382/959 939/359/951 795/157/794
f 940/53/693 653/200/831 897/199/830
f 945/278/898 653/200/831 943/14/654
f 851/50/690 689/205/836 941/195/827
f 941/195/827 808/48/688 851/50/690
f 788/383/708 936/367/952 942/180/814
f 942/180/814 885/179/709 788/383/708
f 943/14/654 653/200/831 940/53/693
f 857/51/691 943/14/654 940/53/693
f 657/333/717 944/298/914 946/334/938
f 749/168/716 944/298/914 657/333/717
f 945/364/898 805/363/828 755/328/934
f 805/196/828 945/278/898 943/14/654
f 946/334/938 944/298/914 733/80/720
f 946/334/938 733/80/720 652/79/719
f 800/362/953 910/185/818 947/352/947
f 947/352/947 663/361/903 800/362/953
f 948/58/698 759/113/753 687/112/752
f 948/128/698 766/111/751 759/229/753
f 949/165/802 806/164/801 751/244/867
f 839/323/932 949/165/802 751/244/867
f 938/257/880 950/181/815 711/256/879
f 711/256/879 950/181/815 823/102/742
f 951/384/770 700/192/824 879/70/710
f 951/384/770 879/70/710 933/72/712
f 960/385/960 898/222/853 952/129/767
f 852/326/933 960/385/960 952/129/767
f 714/212/843 857/51/691 953/264/884
f 953/264/884 656/132/769 714/212/843
f 703/116/756 954/320/920 847/308/922
f 847/308/922 954/320/920 779/309/869
f 955/295/912 853/169/805 754/18/658
f 719/167/804 853/169/805 955/295/912
f 770/218/849 956/345/942 818/17/657
f 770/218/849 875/219/850 956/345/942
f 658/266/886 716/82/722 957/296/913
f 883/118/758 658/266/886 957/296/913
f 958/191/823 942/180/814 819/354/949
f 828/189/821 958/191/823 819/354/949
f 865/301/747 764/75/715 959/386/745
f 764/75/715 662/337/744 959/386/745
f 960/385/960 676/223/854 898/222/853
f 676/223/854 960/385/960 852/326/933
f 962/1/961 1113/2/962 986/3/963
f 1238/4/964 962/1/961 1019/5/965
f 979/6/966 1063/7/967 981/8/968
f 1085/9/969 963/10/970 1188/11/971
f 975/12/972 1145/13/973 1263/14/974
f 990/15/975 1117/16/976 1138/17/977
f 1074/18/978 1122/19/979 1051/20/980
f 1169/21/981 1058/22/982 995/23/983
f 1170/24/984 964/25/985 1211/26/986
f 1254/27/987 1140/28/988 1101/29/989
f 1220/30/990 965/31/991 1043/32/992
f 1078/33/993 1178/34/994 999/35/995
f 992/36/996 1124/37/997 1211/26/986
f 1206/38/998 1106/39/999 1033/40/1000
f 1113/2/962 1196/41/1001 1147/42/1002
f 1103/43/1003 1158/44/1004 1014/45/1005
f 1156/46/1006 1121/47/1007 1254/27/987
f 1085/9/969 981/8/968 963/10/970
f 1128/48/1008 1204/49/1009 1171/50/1010
f 1263/14/974 1177/51/1011 975/12/972
f 1111/52/1012 1260/53/1013 1248/54/1014
f 1032/55/1015 998/56/1016 1131/57/1017
f 1268/58/1018 1144/59/1019 1142/60/1020
f 1231/61/1021 1250/62/1022 1015/63/1023
f 1162/64/1024 1004/65/1025 1050/66/1026
f 1038/67/1027 1108/68/1028 1205/69/1029
f 1199/70/1030 1223/71/1031 1253/72/1032
f 991/73/1033 1229/74/1034 1084/75/1035
f 1069/76/1036 977/77/1037 1166/78/1038
f 972/79/1039 1053/80/1040 1240/81/1041
f 1036/82/1042 1147/42/1002 994/83/1043
f 1123/84/1044 1168/85/1045 1251/86/1046
f 1207/87/1047 1062/88/1048 1194/89/1049
f 974/90/1050 1127/91/1051 1022/92/1052
f 1228/93/1053 1097/94/1054 1210/95/1055
f 1158/44/1004 1103/43/1003 1129/96/1056
f 1180/97/1057 1132/98/1058 1104/99/1059
f 1231/61/1021 1146/100/1060 1049/101/1061
f 1143/102/1062 1244/103/1063 982/104/1064
f 1279/105/1065 989/106/1066 1185/107/1067
f 1132/98/1058 1042/108/1068 1104/99/1059
f 1045/109/1069 964/25/985 1170/24/984
f 1068/110/1070 1086/111/1071 1019/5/965
f 1007/112/1072 1079/113/1073 1017/114/1074
f 1124/37/997 1209/115/1075 1023/116/1076
f 1174/117/1077 1203/118/1078 1050/66/1026
f 1019/5/965 961/119/1079 1068/110/1070
f 985/120/1080 1067/121/1081 987/122/1082
f 1035/123/1083 1192/124/1084 1163/125/1085
f 1142/126/1020 1012/127/1086 1268/128/1018
f 1272/129/1087 1154/130/1088 1012/127/1086
f 1253/131/1032 976/132/1089 1271/133/1090
f 1244/103/1063 1257/134/1091 982/104/1064
f 1168/85/1045 1215/135/1092 1251/86/1046
f 1225/136/1093 1249/137/1094 1192/124/1084
f 1007/112/1072 1066/138/1095 984/139/1096
f 1073/140/1097 1066/138/1095 1026/141/1098
f 964/25/985 992/36/996 1211/26/986
f 1152/142/1099 1095/143/1100 1042/108/1068
f 993/144/1101 1081/145/1102 1201/146/1103
f 1248/54/1014 1237/147/1104 1111/52/1012
f 1110/148/1105 1024/149/1106 970/150/1107
f 1117/16/976 1226/151/1108 970/150/1107
f 1059/152/1109 1166/78/1038 1006/153/1110
f 977/77/1037 1041/154/1111 1183/155/1112
f 1142/126/1020 1070/156/1113 1012/127/1086
f 1115/157/1114 1137/158/1115 1151/159/1116
f 1092/160/1117 997/161/1118 1153/162/1119
f 1246/163/1120 1126/164/1121 1269/165/1122
f 998/56/1016 1175/166/1123 1131/57/1017
f 1039/167/1124 1069/168/1036 1173/169/1125
f 1206/38/998 1094/170/1126 999/171/995
f 1014/45/1005 1158/44/1004 1197/172/1127
f 1136/173/1128 1056/174/1129 1000/175/1130
f 1179/176/1131 1056/174/1129 1242/177/1132
f 1001/178/1133 1205/179/1029 1262/180/1134
f 1244/103/1063 1143/102/1062 1270/181/1135
f 1032/55/1015 1122/182/979 998/56/1016
f 981/8/968 1063/7/967 963/10/970
f 1208/183/1136 1272/129/1087 1247/184/1137
f 1230/185/1138 1000/186/1130 1221/187/1139
f 1243/188/1140 1001/178/1133 1262/180/1134
f 1148/189/1141 1016/190/1142 1278/191/1143
f 1223/71/1031 1020/192/1144 1182/193/1145
f 1048/194/1146 1261/195/1147 984/139/1096
f 1125/196/1148 1263/14/974 1252/197/1149
f 1041/198/1111 1217/199/1150 973/200/1151
f 974/90/1050 1022/92/1052 1030/201/1152
f 1109/202/1153 1039/167/1124 1030/201/1152
f 1089/203/1154 1190/204/1155 1196/41/1001
f 1221/187/1139 1190/204/1155 1089/203/1154
f 1109/202/1153 1030/201/1152 1009/205/1156
f 984/139/1096 1184/206/1157 1198/207/1158
f 1131/57/1017 1175/166/1123 1010/208/1159
f 1010/208/1159 1059/152/1109 1131/57/1017
f 1189/209/1160 1029/210/1161 1076/211/1162
f 1034/212/1163 1135/213/1164 975/12/972
f 1154/130/1088 1116/214/1165 1012/127/1086
f 1116/214/1165 966/215/1166 1012/127/1086
f 1112/216/1167 1054/217/1168 1168/85/1045
f 1090/218/1169 1138/17/977 1195/219/1170
f 1145/13/973 975/12/972 1014/45/1005
f 1241/220/1171 975/12/972 1135/213/1164
f 1115/157/1114 1224/221/1172 1137/158/1115
f 1101/29/989 1218/222/1173 996/223/1174
f 1233/224/1175 1016/190/1142 1165/225/1176
f 1114/226/1177 1011/227/1178 1141/228/1179
f 1079/229/1073 1068/110/1070 1017/230/1074
f 1102/231/1180 989/232/1066 1066/138/1095
f 1013/233/1181 985/120/1080 1018/234/1182
f 1153/162/1119 1211/26/986 1018/234/1182
f 962/1/961 986/3/963 1019/5/965
f 986/3/963 961/119/1079 1019/5/965
f 1111/52/1012 1237/147/1104 1020/235/1144
f 1199/70/1030 1020/192/1144 1223/71/1031
f 1110/148/1105 1036/236/1042 1024/149/1106
f 1148/189/1141 1004/237/1025 1162/238/1024
f 988/239/1183 1186/240/1184 1022/92/1052
f 1151/159/1116 1137/158/1115 988/239/1183
f 1209/115/1075 969/241/1185 1023/116/1076
f 1061/242/1186 1169/21/981 995/23/983
f 1036/236/1042 994/243/1043 1024/149/1106
f 1117/16/976 1071/244/1187 1133/245/1188
f 1099/246/1189 1025/247/1190 1157/248/1191
f 1192/124/1084 1200/249/1192 1163/125/1085
f 989/232/1066 1026/141/1098 1066/138/1095
f 1257/134/1091 1080/250/1193 982/104/1064
f 1039/167/1124 1027/251/1194 1069/168/1036
f 1154/130/1088 1008/252/1195 1098/253/1196
f 1029/210/1161 982/104/1064 1001/178/1133
f 1076/211/1162 1029/210/1161 1001/178/1133
f 1144/59/1019 1268/58/1018 1198/207/1158
f 1222/254/1197 1198/207/1158 1184/206/1157
f 1143/102/1062 1214/255/1198 1031/256/1199
f 1135/213/1164 1258/257/1200 1114/226/1177
f 963/10/970 1058/258/982 1188/11/971
f 963/10/970 1002/259/1201 1058/258/982
f 1206/38/998 1227/260/1202 1094/170/1126
f 1163/125/1085 1157/261/1191 1025/262/1190
f 1044/263/1203 1135/213/1164 1034/212/1163
f 1273/264/1204 1020/235/1144 976/132/1089
f 1054/217/1168 1249/137/1094 1225/136/1093
f 965/31/991 1202/265/1205 1043/32/992
f 978/266/1206 1147/42/1002 1036/82/1042
f 1134/267/1207 1110/148/1105 1052/268/1208
f 1215/135/1092 1037/269/1209 980/270/1210
f 1129/96/1056 1021/271/1211 1228/93/1053
f 1119/272/1212 1038/67/1027 1050/66/1026
f 1068/110/1070 961/119/1079 1229/74/1034
f 1194/89/1049 1096/273/1213 1065/274/1214
f 1030/201/1152 1096/273/1213 974/90/1050
f 1235/275/1215 1040/276/1216 1093/277/1217
f 1223/71/1031 1073/140/1097 1026/141/1098
f 1006/153/1110 1183/155/1112 1041/154/1111
f 973/200/1151 1265/278/1218 1041/198/1111
f 1095/143/1100 1191/279/1219 1042/108/1068
f 1130/280/1220 964/281/985 1045/282/1069
f 1220/30/990 1043/32/992 968/283/1221
f 1212/284/1222 968/283/1221 1206/38/998
f 1034/212/1163 976/132/1089 1044/263/1203
f 1044/263/1203 976/132/1089 1253/131/1032
f 1130/280/1220 1045/282/1069 983/285/1223
f 1136/286/1128 1000/186/1130 1230/185/1138
f 1046/287/1224 1052/268/1208 1021/271/1211
f 1100/288/1225 1083/289/1226 1165/225/1176
f 1047/290/1227 985/120/1080 1155/291/1228
f 985/120/1080 1047/290/1227 1236/292/1229
f 1128/48/1008 1261/195/1147 1048/194/1146
f 1040/276/1216 1182/193/1145 1093/277/1217
f 1250/62/1022 1231/61/1021 1234/293/1230
f 1104/99/1059 971/294/1231 1180/97/1057
f 961/119/1079 1174/117/1077 1050/66/1026
f 1038/67/1027 961/119/1079 1050/66/1026
f 1096/273/1213 1030/201/1152 1039/167/1124
f 1275/295/1232 1096/273/1213 1039/167/1124
f 1277/296/1233 1134/297/1207 1162/64/1024
f 1050/66/1026 1203/118/1078 1162/64/1024
f 1240/81/1041 1053/80/1040 1204/49/1009
f 1027/251/1194 1053/80/1040 1264/298/1234
f 965/31/991 1216/299/1235 1202/265/1205
f 1037/269/1209 1215/135/1092 965/31/991
f 1017/230/1074 1068/110/1070 1055/300/1236
f 1185/301/1067 991/73/1033 1084/75/1035
f 1056/174/1129 1136/173/1128 967/302/1237
f 1056/174/1129 1153/162/1119 1242/177/1132
f 968/283/1221 1212/284/1222 1057/303/1238
f 1150/304/1239 999/35/995 1178/34/994
f 1032/55/1015 1131/57/1017 1058/22/982
f 1058/258/982 1002/259/1201 1032/305/1015
f 1169/21/981 1061/242/1186 1274/306/1240
f 1160/307/1241 1167/308/1242 1099/309/1189
f 1080/310/1193 1060/311/1243 1026/141/1098
f 1253/72/1032 1223/71/1031 1026/141/1098
f 1061/242/1186 995/23/983 1059/152/1109
f 1099/246/1189 1059/152/1109 1025/247/1190
f 1231/61/1021 1062/88/1048 1107/312/1244
f 1231/61/1021 1015/63/1023 1115/157/1114
f 1002/259/1201 963/10/970 1063/7/967
f 1161/313/1245 1051/20/980 1122/19/979
f 1003/314/1246 1064/315/1247 1028/316/1248
f 1087/317/1249 1230/185/1138 1221/187/1139
f 1051/20/980 1063/7/967 1181/318/1250
f 1107/312/1244 1063/7/967 979/6/966
f 1017/114/1074 1066/138/1095 1007/112/1072
f 1066/138/1095 1017/114/1074 1055/319/1236
f 1167/308/1242 1124/37/997 1023/116/1076
f 1274/320/1240 1023/116/1076 1169/321/981
f 1185/301/1067 1068/110/1070 991/73/1033
f 1068/110/1070 1229/74/1034 991/73/1033
f 1027/251/1194 1264/298/1234 1069/168/1036
f 1272/129/1087 1012/127/1086 1070/156/1113
f 1101/29/989 996/223/1174 1072/322/1251
f 1024/149/1106 994/243/1043 1159/323/1252
f 1196/41/1001 994/83/1043 1147/42/1002
f 1072/324/1251 1172/325/1253 1142/60/1020
f 996/223/1174 1172/326/1253 1072/322/1251
f 1066/138/1095 1073/140/1097 984/139/1096
f 1048/194/1146 984/139/1096 1235/275/1215
f 1122/182/979 1074/327/978 998/56/1016
f 998/56/1016 1074/327/978 1175/166/1123
f 1006/153/1110 1041/154/1111 1075/328/1254
f 1078/33/993 1006/153/1110 1178/34/994
f 1076/211/1162 1141/228/1179 1189/209/1160
f 1016/190/1142 1243/188/1140 1262/180/1134
f 1239/329/1255 1059/152/1109 1006/153/1110
f 972/79/1039 1240/81/1041 1077/330/1256
f 1005/331/1257 1093/277/1217 1182/193/1145
f 1094/332/1126 1006/153/1110 1078/33/993
f 999/35/995 1094/332/1126 1078/33/993
f 966/215/1166 1086/111/1071 1012/127/1086
f 1086/111/1071 1238/4/964 1019/5/965
f 1080/310/1193 1026/141/1098 989/232/1066
f 989/106/1066 1279/105/1065 1080/250/1193
f 1081/145/1102 977/333/1037 1266/334/1258
f 1081/145/1102 1266/334/1258 1201/146/1103
f 1209/115/1075 1082/335/1259 969/241/1185
f 1082/335/1259 1209/115/1075 1191/336/1219
f 993/144/1101 977/333/1037 1081/145/1102
f 1083/289/1226 1103/43/1003 1241/220/1171
f 1241/220/1171 1135/213/1164 1114/226/1177
f 1084/75/1035 1229/74/1034 982/337/1064
f 1279/105/1065 982/104/1064 1080/250/1193
f 1191/279/1219 1095/143/1100 1082/338/1259
f 1095/143/1100 969/339/1185 1082/338/1259
f 1086/111/1071 1268/128/1018 1012/127/1086
f 1086/111/1071 1068/110/1070 1079/229/1073
f 1003/314/1246 1087/317/1249 1064/315/1247
f 1254/27/987 1121/47/1007 1140/28/988
f 1088/340/1260 1246/341/1120 1269/342/1122
f 1196/41/1001 1159/343/1252 994/83/1043
f 1245/344/1261 1089/203/1154 1008/252/1195
f 1008/252/1195 1113/2/962 1098/253/1196
f 1226/151/1108 1276/345/1262 1123/84/1044
f 1276/345/1262 990/15/975 1138/17/977
f 1008/252/1195 1089/203/1154 1091/346/1263
f 1089/203/1154 1196/41/1001 1091/346/1263
f 1153/162/1119 1018/234/1182 1092/160/1117
f 1195/219/1170 1112/216/1167 1276/345/1262
f 1235/275/1215 1093/277/1217 1048/194/1146
f 1093/277/1217 1128/48/1008 1048/194/1146
f 1025/247/1190 1059/152/1109 1239/329/1255
f 1239/347/1255 1227/260/1202 1025/262/1190
f 1213/348/1264 1085/9/969 1095/143/1100
f 1095/143/1100 1085/9/969 969/339/1185
f 1105/349/1265 1065/274/1214 1096/273/1213
f 1275/295/1232 1105/349/1265 1096/273/1213
f 1021/271/1211 1052/268/1208 1097/94/1054
f 1228/93/1053 1021/271/1211 1097/94/1054
f 1098/253/1196 1113/2/962 962/1/961
f 962/1/961 1238/4/964 1116/214/1165
f 1274/306/1240 1061/242/1186 1099/246/1189
f 1099/246/1189 1061/242/1186 1059/152/1109
f 1100/288/1225 1103/43/1003 1083/289/1226
f 1046/287/1224 1021/271/1211 1100/288/1225
f 1015/63/1023 1250/62/1022 1101/350/989
f 1224/221/1172 1101/350/989 1072/324/1251
f 1055/319/1236 1102/231/1180 1066/138/1095
f 1055/300/1236 1068/110/1070 1185/301/1067
f 1021/271/1211 1129/96/1056 1103/43/1003
f 1021/271/1211 1103/43/1003 1100/288/1225
f 1042/108/1068 1176/351/1266 1104/99/1059
f 1156/46/1006 1267/352/1267 1121/47/1007
f 1051/20/980 1105/349/1265 1275/295/1232
f 1051/20/980 1181/318/1250 1219/353/1268
f 1216/299/1235 1035/123/1083 1106/39/999
f 1035/123/1083 1033/40/1000 1106/39/999
f 1181/318/1250 1063/7/967 1207/87/1047
f 1194/89/1049 1065/274/1214 1207/87/1047
f 1119/272/1212 1108/68/1028 1038/67/1027
f 1139/354/1269 1004/237/1025 1148/189/1141
f 1109/202/1153 1027/251/1194 1039/167/1124
f 1109/202/1153 1053/80/1040 1027/251/1194
f 1052/268/1208 1110/148/1105 1097/94/1054
f 1110/148/1105 970/150/1107 1097/94/1054
f 1111/52/1012 1020/235/1144 1273/264/1204
f 1177/51/1011 1260/53/1013 1111/52/1012
f 1041/154/1111 977/77/1037 993/355/1101
f 993/356/1101 1201/357/1103 1217/199/1150
f 1118/358/1270 1112/216/1167 1195/219/1170
f 985/120/1080 1236/292/1229 1118/358/1270
f 1091/346/1263 1113/2/962 1008/252/1195
f 1091/346/1263 1196/41/1001 1113/2/962
f 1233/224/1175 1114/226/1177 1016/190/1142
f 1233/224/1175 1241/220/1171 1114/226/1177
f 974/90/1050 1062/88/1048 1127/91/1051
f 1062/88/1048 1231/61/1021 1259/359/1271
f 1154/130/1088 1098/253/1196 1116/214/1165
f 962/1/961 1116/214/1165 1098/253/1196
f 1159/323/1252 1117/16/976 1024/149/1106
f 1024/149/1106 1117/16/976 970/150/1107
f 1018/234/1182 985/120/1080 1118/358/1270
f 1092/160/1117 1018/234/1182 1118/358/1270
f 1256/360/1272 1108/68/1028 1119/272/1212
f 1004/65/1025 1119/272/1212 1050/66/1026
f 983/361/1223 1136/286/1128 1120/362/1273
f 983/361/1223 1267/352/1267 1156/46/1006
f 1121/47/1007 1087/317/1249 1003/314/1246
f 1121/47/1007 1267/352/1267 1087/317/1249
f 1032/305/1015 1002/259/1201 1122/19/979
f 1002/259/1201 1161/313/1245 1122/19/979
f 970/150/1107 1226/151/1108 1210/95/1055
f 970/150/1107 1210/95/1055 1097/94/1054
f 1067/121/1081 985/120/1080 1124/37/997
f 1013/233/1181 1124/37/997 985/120/1080
f 1125/363/1148 1150/304/1239 1178/34/994
f 1075/328/1254 1041/154/1111 1265/364/1218
f 1071/244/1187 1126/164/1121 1133/245/1188
f 1246/163/1120 1242/177/1132 1126/164/1121
f 1115/157/1114 1151/159/1116 1127/91/1051
f 1259/359/1271 1231/61/1021 1115/157/1114
f 1005/331/1257 1128/48/1008 1093/277/1217
f 1128/48/1008 1240/81/1041 1204/49/1009
f 1037/269/1209 1129/96/1056 1228/93/1053
f 1220/30/990 968/283/1221 1129/96/1056
f 1042/108/1068 1191/279/1219 1130/280/1220
f 1042/108/1068 1130/280/1220 1176/351/1266
f 1058/22/982 1131/57/1017 995/23/983
f 1131/57/1017 1059/152/1109 995/23/983
f 1146/100/1060 1231/61/1021 981/8/968
f 1213/348/1264 981/8/968 1085/9/969
f 1126/164/1121 997/161/1118 1133/245/1188
f 1195/219/1170 1138/17/977 997/161/1118
f 1110/148/1105 1134/267/1207 1036/236/1042
f 1036/82/1042 1134/297/1207 1277/296/1233
f 1270/181/1135 1135/213/1164 1044/263/1203
f 1258/257/1200 1135/213/1164 1270/181/1135
f 1266/334/1258 972/79/1039 1201/146/1103
f 1232/365/1274 972/79/1039 1077/330/1256
f 1136/173/1128 1045/109/1069 1170/24/984
f 983/285/1223 1045/282/1069 1136/366/1128
f 1072/324/1251 1142/60/1020 1137/158/1115
f 1137/158/1115 1224/221/1172 1072/324/1251
f 1133/245/1188 997/161/1118 1138/17/977
f 1138/17/977 1117/16/976 1133/245/1188
f 1262/180/1134 1256/367/1272 1139/354/1269
f 1278/191/1143 1016/190/1142 1262/180/1134
f 1121/47/1007 1003/314/1246 1247/184/1137
f 1247/184/1137 1003/314/1246 1208/183/1136
f 1016/190/1142 1141/228/1179 1243/188/1140
f 1016/190/1142 1114/226/1177 1141/228/1179
f 988/239/1183 1142/60/1020 1186/240/1184
f 1137/158/1115 1142/60/1020 988/239/1183
f 1029/210/1161 1143/102/1062 982/104/1064
f 1214/255/1198 1143/102/1062 1029/210/1161
f 1164/368/1275 1030/201/1152 1222/254/1197
f 1030/201/1152 1022/92/1052 1186/240/1184
f 1145/13/973 1014/45/1005 1197/172/1127
f 1193/369/1276 999/171/995 1150/370/1239
f 1146/100/1060 1152/142/1099 1049/101/1061
f 1152/142/1099 1213/348/1264 1095/143/1100
f 1147/42/1002 978/266/1206 1187/371/1277
f 986/3/963 1113/2/962 1147/42/1002
f 1028/316/1248 1245/344/1261 1008/252/1195
f 1148/189/1141 1052/268/1208 1046/287/1224
f 1148/189/1141 1165/225/1176 1016/190/1142
f 1118/358/1270 1149/372/1278 1112/216/1167
f 1112/216/1167 1249/137/1094 1054/217/1168
f 1150/370/1239 1252/197/1149 1193/369/1276
f 1252/197/1149 1150/370/1239 1125/196/1148
f 1127/91/1051 1151/159/1116 1022/92/1052
f 988/239/1183 1022/92/1052 1151/159/1116
f 1180/97/1057 1152/142/1099 1132/98/1058
f 1132/98/1058 1152/142/1099 1042/108/1068
f 967/302/1237 1153/162/1119 1056/174/1129
f 967/302/1237 1211/26/986 1153/162/1119
f 1272/129/1087 1208/183/1136 1154/130/1088
f 1008/252/1195 1154/130/1088 1208/183/1136
f 1155/291/1228 985/120/1080 987/122/1082
f 1163/125/1085 1200/249/1192 1157/261/1191
f 971/294/1231 1104/99/1059 1156/373/1006
f 1156/373/1006 1104/99/1059 983/285/1223
f 1099/246/1189 1157/248/1191 1160/374/1241
f 1155/291/1228 1160/307/1241 1157/261/1191
f 968/283/1221 1158/44/1004 1129/96/1056
f 1057/303/1238 1158/44/1004 968/283/1221
f 1269/342/1122 1159/343/1252 1088/340/1260
f 1117/16/976 1159/323/1252 1071/244/1187
f 987/122/1082 1167/308/1242 1160/307/1241
f 1160/307/1241 1155/291/1228 987/122/1082
f 1051/20/980 1161/313/1245 1063/7/967
f 1063/7/967 1161/313/1245 1002/259/1201
f 1162/238/1024 1134/267/1207 1052/268/1208
f 1148/189/1141 1162/238/1024 1052/268/1208
f 1035/123/1083 1163/125/1085 1033/40/1000
f 1163/125/1085 1025/262/1190 1227/260/1202
f 1009/205/1156 1030/201/1152 1164/368/1275
f 1009/205/1156 1171/50/1010 1204/49/1009
f 1046/287/1224 1100/288/1225 1165/225/1176
f 1046/287/1224 1165/225/1176 1148/189/1141
f 1059/152/1109 1010/208/1159 1166/78/1038
f 1010/208/1159 1069/76/1036 1166/78/1038
f 1067/121/1081 1124/37/997 1167/308/1242
f 987/122/1082 1067/121/1081 1167/308/1242
f 1112/216/1167 1168/85/1045 1276/345/1262
f 1168/85/1045 1123/84/1044 1276/345/1262
f 1169/321/981 1023/116/1076 969/241/1185
f 1085/9/969 1188/11/971 969/339/1185
f 1136/173/1128 1170/24/984 967/302/1237
f 1170/24/984 1211/26/986 967/302/1237
f 1261/195/1147 1184/206/1157 984/139/1096
f 1261/195/1147 1009/205/1156 1184/206/1157
f 1172/326/1253 1272/129/1087 1070/156/1113
f 1172/326/1253 1070/156/1113 1142/126/1020
f 1074/327/978 1173/375/1125 1069/76/1036
f 1074/18/978 1051/20/980 1275/295/1232
f 986/3/963 1174/117/1077 961/119/1079
f 1174/117/1077 1187/371/1277 978/266/1206
f 1074/327/978 1069/76/1036 1175/166/1123
f 1010/208/1159 1175/166/1123 1069/76/1036
f 1176/351/1266 1130/280/1220 983/285/1223
f 983/285/1223 1104/99/1059 1176/351/1266
f 975/12/972 1177/51/1011 1034/212/1163
f 1177/51/1011 1111/52/1012 1273/264/1204
f 1075/328/1254 1125/363/1148 1178/34/994
f 1178/34/994 1006/153/1110 1075/328/1254
f 1179/176/1131 1000/175/1130 1056/174/1129
f 1190/204/1155 1246/341/1120 1088/340/1260
f 1234/293/1230 1180/97/1057 971/294/1231
f 1049/101/1061 1152/142/1099 1180/97/1057
f 1181/318/1250 1207/87/1047 1065/274/1214
f 1219/353/1268 1181/318/1250 1065/274/1214
f 1182/193/1145 1077/330/1256 1005/331/1257
f 1232/365/1274 1077/330/1256 1182/193/1145
f 1166/78/1038 1183/155/1112 1006/153/1110
f 1166/78/1038 977/77/1037 1183/155/1112
f 1184/206/1157 1164/368/1275 1222/254/1197
f 1009/205/1156 1164/368/1275 1184/206/1157
f 1185/301/1067 1102/376/1180 1055/300/1236
f 1185/377/1067 989/232/1066 1102/231/1180
f 1142/60/1020 1144/59/1019 1186/240/1184
f 1030/201/1152 1186/240/1184 1222/254/1197
f 986/3/963 1147/42/1002 1187/371/1277
f 986/3/963 1187/371/1277 1174/117/1077
f 1169/321/981 969/241/1185 1188/378/971
f 1188/379/971 1058/22/982 1169/21/981
f 1011/227/1178 1189/209/1160 1141/228/1179
f 1029/210/1161 1189/209/1160 1214/255/1198
f 1221/187/1139 1000/186/1130 1190/204/1155
f 1000/186/1130 1246/341/1120 1190/204/1155
f 1191/336/1219 992/36/996 964/25/985
f 1191/279/1219 964/281/985 1130/280/1220
f 1192/124/1084 1047/290/1227 1155/291/1228
f 1236/292/1229 1047/290/1227 1192/124/1084
f 1193/369/1276 1145/13/973 1197/172/1127
f 1193/369/1276 1057/303/1238 1212/284/1222
f 1096/273/1213 1194/89/1049 974/90/1050
f 1194/89/1049 1062/88/1048 974/90/1050
f 1092/160/1117 1118/358/1270 1195/219/1170
f 997/161/1118 1092/160/1117 1195/219/1170
f 1159/343/1252 1196/41/1001 1088/340/1260
f 1190/204/1155 1088/340/1260 1196/41/1001
f 1158/44/1004 1057/303/1238 1197/172/1127
f 1057/303/1238 1193/369/1276 1197/172/1127
f 984/139/1096 1198/207/1158 1007/112/1072
f 1007/112/1072 1198/207/1158 1268/58/1018
f 1271/133/1090 976/132/1089 1020/235/1144
f 1200/249/1192 1155/291/1228 1157/261/1191
f 1155/291/1228 1200/249/1192 1192/124/1084
f 1232/365/1274 1182/193/1145 1020/192/1144
f 1202/265/1205 1106/39/999 1206/38/998
f 1202/265/1205 1216/299/1235 1106/39/999
f 1277/296/1233 1162/64/1024 1203/118/1078
f 1174/117/1077 978/266/1206 1203/118/1078
f 1204/49/1009 1109/202/1153 1009/205/1156
f 1053/80/1040 1109/202/1153 1204/49/1009
f 1229/74/1034 1205/69/1029 982/337/1064
f 1001/178/1133 982/104/1064 1205/179/1029
f 1043/32/992 1202/265/1205 1206/38/998
f 1043/32/992 1206/38/998 968/283/1221
f 1207/87/1047 1107/312/1244 1062/88/1048
f 1207/87/1047 1063/7/967 1107/312/1244
f 1003/314/1246 1028/316/1248 1208/183/1136
f 1208/183/1136 1028/316/1248 1008/252/1195
f 1191/336/1219 1209/115/1075 992/36/996
f 1124/37/997 992/36/996 1209/115/1075
f 1228/93/1053 1210/95/1055 1123/84/1044
f 1123/84/1044 1210/95/1055 1226/151/1108
f 1018/234/1182 1211/26/986 1013/233/1181
f 1211/26/986 1124/37/997 1013/233/1181
f 999/171/995 1212/284/1222 1206/38/998
f 999/171/995 1193/369/1276 1212/284/1222
f 1146/100/1060 1213/348/1264 1152/142/1099
f 1146/100/1060 981/8/968 1213/348/1264
f 1214/255/1198 1189/209/1160 1011/227/1178
f 1031/256/1199 1214/255/1198 1011/227/1178
f 1168/85/1045 1216/299/1235 1215/135/1092
f 965/31/991 1215/135/1092 1216/299/1235
f 1054/217/1168 1216/299/1235 1168/85/1045
f 1216/299/1235 1054/217/1168 1035/123/1083
f 1041/198/1111 993/356/1101 1217/199/1150
f 1101/29/989 1140/28/988 1218/222/1173
f 1140/28/988 1121/47/1007 1247/184/1137
f 1105/349/1265 1219/353/1268 1065/274/1214
f 1219/353/1268 1105/349/1265 1051/20/980
f 1037/269/1209 965/31/991 1220/30/990
f 1037/269/1209 1220/30/990 1129/96/1056
f 1245/344/1261 1087/317/1249 1221/187/1139
f 1221/187/1139 1089/203/1154 1245/344/1261
f 1144/59/1019 1222/254/1197 1186/240/1184
f 1198/207/1158 1222/254/1197 1144/59/1019
f 1223/71/1031 1182/193/1145 1040/276/1216
f 1073/140/1097 1223/71/1031 1040/276/1216
f 1015/63/1023 1101/350/989 1224/221/1172
f 1015/63/1023 1224/221/1172 1115/157/1114
f 1225/136/1093 1192/124/1084 1035/123/1083
f 1054/217/1168 1225/136/1093 1035/123/1083
f 1226/151/1108 1117/16/976 990/15/975
f 1276/345/1262 1226/151/1108 990/15/975
f 1227/260/1202 1206/38/998 1033/40/1000
f 1033/40/1000 1163/125/1085 1227/260/1202
f 1228/93/1053 980/270/1210 1037/269/1209
f 1251/86/1046 1228/93/1053 1123/84/1044
f 961/119/1079 1038/67/1027 1229/74/1034
f 1038/67/1027 1205/69/1029 1229/74/1034
f 1120/362/1273 1136/286/1128 1230/185/1138
f 1267/352/1267 1230/185/1138 1087/317/1249
f 1107/312/1244 979/6/966 1231/61/1021
f 979/6/966 981/8/968 1231/61/1021
f 1201/146/1103 972/79/1039 1232/365/1274
f 1201/146/1103 1232/365/1274 1020/192/1144
f 1165/225/1176 1083/289/1226 1233/224/1175
f 1233/224/1175 1083/289/1226 1241/220/1171
f 1234/293/1230 1049/101/1061 1180/97/1057
f 1234/293/1230 1231/61/1021 1049/101/1061
f 1073/140/1097 1235/275/1215 984/139/1096
f 1073/140/1097 1040/276/1216 1235/275/1215
f 1149/372/1278 1118/358/1270 1236/292/1229
f 1149/372/1278 1249/137/1094 1112/216/1167
f 1248/54/1014 1201/357/1103 1237/147/1104
f 1237/147/1104 1201/357/1103 1020/235/1144
f 1238/4/964 966/215/1166 1116/214/1165
f 966/215/1166 1238/4/964 1086/111/1071
f 1227/260/1202 1239/347/1255 1094/170/1126
f 1094/332/1126 1239/329/1255 1006/153/1110
f 1077/330/1256 1240/81/1041 1005/331/1257
f 1240/81/1041 1128/48/1008 1005/331/1257
f 1241/220/1171 1014/45/1005 975/12/972
f 1103/43/1003 1014/45/1005 1241/220/1171
f 1242/177/1132 997/161/1118 1126/164/1121
f 1242/177/1132 1153/162/1119 997/161/1118
f 1076/211/1162 1001/178/1133 1243/188/1140
f 1076/211/1162 1243/188/1140 1141/228/1179
f 1044/263/1203 1244/103/1063 1270/181/1135
f 1244/103/1063 1044/263/1203 1257/134/1091
f 1028/316/1248 1064/315/1247 1245/344/1261
f 1087/317/1249 1245/344/1261 1064/315/1247
f 1000/175/1130 1179/176/1131 1246/163/1120
f 1179/176/1131 1242/177/1132 1246/163/1120
f 1140/28/988 1247/184/1137 1218/222/1173
f 1218/222/1173 1247/184/1137 1272/129/1087
f 1201/357/1103 1248/54/1014 1217/199/1150
f 1248/54/1014 1260/53/1013 1217/199/1150
f 1149/372/1278 1236/292/1229 1249/137/1094
f 1236/292/1229 1192/124/1084 1249/137/1094
f 1250/62/1022 1234/293/1230 971/294/1231
f 1250/62/1022 1254/380/987 1101/350/989
f 980/270/1210 1228/93/1053 1251/86/1046
f 1251/86/1046 1215/135/1092 980/270/1210
f 1145/13/973 1252/197/1149 1263/14/974
f 1193/369/1276 1252/197/1149 1145/13/973
f 1060/311/1243 1253/72/1032 1026/141/1098
f 1257/134/1091 1060/381/1243 1080/250/1193
f 971/294/1231 1156/373/1006 1254/380/987
f 1250/62/1022 971/294/1231 1254/380/987
f 1062/88/1048 1255/382/1279 1127/91/1051
f 1127/91/1051 1255/382/1279 1115/157/1114
f 1256/367/1272 1004/237/1025 1139/354/1269
f 1004/65/1025 1256/360/1272 1119/272/1212
f 1060/381/1243 1257/134/1091 1253/131/1032
f 1044/263/1203 1253/131/1032 1257/134/1091
f 1114/226/1177 1258/257/1200 1011/227/1178
f 1031/256/1199 1011/227/1178 1258/257/1200
f 1255/382/1279 1062/88/1048 1259/359/1271
f 1255/382/1279 1259/359/1271 1115/157/1114
f 1260/53/1013 973/200/1151 1217/199/1150
f 1265/278/1218 973/200/1151 1263/14/974
f 1171/50/1010 1009/205/1156 1261/195/1147
f 1261/195/1147 1128/48/1008 1171/50/1010
f 1108/383/1028 1256/367/1272 1262/180/1134
f 1262/180/1134 1205/179/1029 1108/383/1028
f 1263/14/974 973/200/1151 1260/53/1013
f 1177/51/1011 1263/14/974 1260/53/1013
f 977/333/1037 1264/298/1234 1266/334/1258
f 1069/168/1036 1264/298/1234 977/333/1037
f 1265/364/1218 1125/363/1148 1075/328/1254
f 1125/196/1148 1265/278/1218 1263/14/974
f 1266/334/1258 1264/298/1234 1053/80/1040
f 1266/334/1258 1053/80/1040 972/79/1039
f 1120/362/1273 1230/185/1138 1267/352/1267
f 1267/352/1267 983/361/1223 1120/362/1273
f 1268/58/1018 1079/113/1073 1007/112/1072
f 1268/128/1018 1086/111/1071 1079/229/1073
f 1269/165/1122 1126/164/1121 1071/244/1187
f 1159/323/1252 1269/165/1122 1071/244/1187
f 1258/257/1200 1270/181/1135 1031/256/1199
f 1031/256/1199 1270/181/1135 1143/102/1062
f 1271/384/1090 1020/192/1144 1199/70/1030
f 1271/384/1090 1199/70/1030 1253/72/1032
f 1280/385/1280 1218/222/1173 1272/129/1087
f 1172/326/1253 1280/385/1280 1272/129/1087
f 1034/212/1163 1177/51/1011 1273/264/1204
f 1273/264/1204 976/132/1089 1034/212/1163
f 1023/116/1076 1274/320/1240 1167/308/1242
f 1167/308/1242 1274/320/1240 1099/309/1189
f 1275/295/1232 1173/169/1125 1074/18/978
f 1039/167/1124 1173/169/1125 1275/295/1232
f 1090/218/1169 1276/345/1262 1138/17/977
f 1090/218/1169 1195/219/1170 1276/345/1262
f 978/266/1206 1036/82/1042 1277/296/1233
f 1203/118/1078 978/266/1206 1277/296/1233
f 1278/191/1143 1262/180/1134 1139/354/1269
f 1148/189/1141 1278/191/1143 1139/354/1269
f 1185/301/1067 1084/75/1035 1279/386/1065
f 1084/75/1035 982/337/1064 1279/386/1065
f 1280/385/1280 996/223/1174 1218/222/1173
f 996/223/1174 1280/385/1280 1172/326/1253
f 1282/1/1 1433/2/2 1306/3/3
f 1558/4/4 1282/1/1 1339/5/5
f 1299/6/6 1383/7/1281 1301/8/8
f 1405/9/1282 1283/10/10 1508/11/11
f 1295/12/12 1465/13/13 1583/14/14
f 1310/15/15 1437/16/16 1458/17/17
f 1394/18/18 1442/19/19 1371/20/1283
f 1489/21/21 1378/22/22 1315/23/23
f 1490/24/24 1284/25/25 1531/26/26
f 1574/27/27 1460/28/28 1421/29/29
f 1540/30/30 1285/31/1284 1363/32/32
f 1398/33/33 1498/34/34 1319/35/35
f 1312/36/36 1444/37/37 1531/26/26
f 1526/38/38 1426/39/39 1353/40/40
f 1433/2/2 1516/41/41 1467/42/42
f 1423/43/43 1478/44/1285 1334/45/45
f 1476/46/46 1441/47/47 1574/27/27
f 1405/9/1282 1301/8/8 1283/10/10
f 1448/48/48 1524/49/1286 1491/50/1287
f 1583/14/14 1497/51/51 1295/12/12
f 1431/52/52 1580/53/1288 1568/54/54
f 1352/55/1289 1318/56/1290 1451/57/57
f 1588/58/58 1464/59/59 1462/60/1291
f 1551/61/61 1570/62/62 1335/63/63
f 1482/64/1292 1324/65/65 1370/66/66
f 1358/67/67 1428/68/1293 1525/69/69
f 1519/70/1294 1543/71/71 1573/72/72
f 1311/73/73 1549/74/1295 1404/75/75
f 1389/76/76 1297/77/1296 1486/78/78
f 1292/79/79 1373/80/80 1560/81/81
f 1356/82/1297 1467/42/42 1314/83/83
f 1443/84/1298 1488/85/1299 1571/86/1300
f 1527/87/87 1382/88/88 1514/89/89
f 1294/90/90 1447/91/91 1342/92/92
f 1548/93/93 1417/94/94 1530/95/95
f 1478/44/1285 1423/43/43 1449/96/1301
f 1500/97/97 1452/98/1302 1424/99/99
f 1551/61/61 1466/100/100 1369/101/101
f 1463/102/102 1564/103/1303 1302/104/104
f 1599/105/105 1309/106/106 1505/107/107
f 1452/98/1302 1362/108/108 1424/99/99
f 1365/109/109 1284/25/25 1490/24/24
f 1388/110/110 1406/111/111 1339/5/5
f 1327/112/1304 1399/113/113 1337/114/114
f 1444/37/37 1529/115/1305 1343/116/116
f 1494/117/117 1523/118/118 1370/66/66
f 1339/5/5 1281/119/119 1388/110/110
f 1305/120/120 1387/121/121 1307/122/122
f 1355/123/1306 1512/124/1307 1483/125/125
f 1462/126/1291 1332/127/126 1588/128/58
f 1592/129/1308 1474/130/128 1332/127/126
f 1573/131/72 1296/132/129 1591/133/1309
f 1564/103/1303 1577/134/1310 1302/104/104
f 1488/85/1299 1535/135/1311 1571/86/1300
f 1545/136/1312 1569/137/1313 1512/124/1307
f 1327/112/1304 1386/138/1314 1304/139/1315
f 1393/140/137 1386/138/1314 1346/141/138
f 1284/25/25 1312/36/36 1531/26/26
f 1472/142/139 1415/143/140 1362/108/108
f 1313/144/141 1401/145/142 1521/146/143
f 1568/54/54 1557/147/1316 1431/52/52
f 1430/148/1317 1344/149/1318 1290/150/147
f 1437/16/16 1546/151/148 1290/150/147
f 1379/152/1319 1486/78/78 1326/153/150
f 1297/77/1296 1361/154/151 1503/155/152
f 1462/126/1291 1390/156/153 1332/127/126
f 1435/157/154 1457/158/155 1471/159/156
f 1412/160/157 1317/161/158 1473/162/159
f 1566/163/160 1446/164/161 1589/165/162
f 1318/56/1290 1495/166/163 1451/57/57
f 1359/167/1320 1389/168/76 1493/169/165
f 1526/38/38 1414/170/166 1319/171/35
f 1334/45/45 1478/44/1285 1517/172/167
f 1456/173/1321 1376/174/169 1320/175/170
f 1499/176/171 1376/174/169 1562/177/172
f 1321/178/173 1525/179/69 1582/180/1322
f 1564/103/1303 1463/102/102 1590/181/175
f 1352/55/1289 1442/182/19 1318/56/1290
f 1301/8/8 1383/7/1281 1283/10/10
f 1528/183/176 1592/129/1308 1567/184/177
f 1550/185/1323 1320/186/170 1541/187/179
f 1563/188/180 1321/178/173 1582/180/1322
f 1468/189/181 1336/190/182 1598/191/1324
f 1543/71/71 1340/192/184 1502/193/185
f 1368/194/1325 1581/195/1326 1304/139/1315
f 1445/196/188 1583/14/14 1572/197/189
f 1361/198/151 1537/199/190 1293/200/1327
f 1294/90/90 1342/92/92 1350/201/192
f 1429/202/193 1359/167/1320 1350/201/192
f 1409/203/194 1510/204/195 1516/41/41
f 1541/187/179 1510/204/195 1409/203/194
f 1429/202/193 1350/201/192 1329/205/196
f 1304/139/1315 1504/206/197 1518/207/198
f 1451/57/57 1495/166/163 1330/208/199
f 1330/208/199 1379/152/1319 1451/57/57
f 1509/209/200 1349/210/201 1396/211/1328
f 1354/212/203 1455/213/204 1295/12/12
f 1474/130/128 1436/214/205 1332/127/126
f 1436/214/205 1286/215/206 1332/127/126
f 1432/216/1329 1374/217/208 1488/85/1299
f 1410/218/209 1458/17/17 1515/219/210
f 1465/13/13 1295/12/12 1334/45/45
f 1561/220/211 1295/12/12 1455/213/204
f 1435/157/154 1544/221/212 1457/158/155
f 1421/29/29 1538/222/1330 1316/223/214
f 1553/224/215 1336/190/182 1485/225/216
f 1434/226/217 1331/227/1331 1461/228/219
f 1399/229/113 1388/110/110 1337/230/114
f 1422/231/220 1309/232/106 1386/138/1314
f 1333/233/1332 1305/120/120 1338/234/1333
f 1473/162/159 1531/26/26 1338/234/1333
f 1282/1/1 1306/3/3 1339/5/5
f 1306/3/3 1281/119/119 1339/5/5
f 1431/52/52 1557/147/1316 1340/235/184
f 1519/70/1294 1340/192/184 1543/71/71
f 1430/148/1317 1356/236/1297 1344/149/1318
f 1468/189/181 1324/237/65 1482/238/1292
f 1308/239/1334 1506/240/224 1342/92/92
f 1471/159/156 1457/158/155 1308/239/1334
f 1529/115/1305 1289/241/1335 1343/116/116
f 1381/242/1336 1489/21/21 1315/23/23
f 1356/236/1297 1314/243/83 1344/149/1318
f 1437/16/16 1391/244/227 1453/245/1337
f 1419/246/229 1345/247/1338 1477/248/231
f 1512/124/1307 1520/249/1339 1483/125/125
f 1309/232/106 1346/141/138 1386/138/1314
f 1577/134/1310 1400/250/233 1302/104/104
f 1359/167/1320 1347/251/1340 1389/168/76
f 1474/130/128 1328/252/235 1418/253/236
f 1349/210/201 1302/104/104 1321/178/173
f 1396/211/1328 1349/210/201 1321/178/173
f 1464/59/59 1588/58/58 1518/207/198
f 1542/254/237 1518/207/198 1504/206/197
f 1463/102/102 1534/255/238 1351/256/1341
f 1455/213/204 1578/257/240 1434/226/217
f 1283/10/10 1378/258/22 1508/11/11
f 1283/10/10 1322/259/241 1378/258/22
f 1526/38/38 1547/260/242 1414/170/166
f 1483/125/125 1477/261/231 1345/262/1338
f 1364/263/243 1455/213/204 1354/212/203
f 1593/264/244 1340/235/184 1296/132/129
f 1374/217/208 1569/137/1313 1545/136/1312
f 1285/31/1284 1522/265/1342 1363/32/32
f 1298/266/246 1467/42/42 1356/82/1297
f 1454/267/1343 1430/148/1317 1372/268/1344
f 1535/135/1311 1357/269/1345 1300/270/250
f 1449/96/1301 1341/271/1346 1548/93/93
f 1439/272/1347 1358/67/67 1370/66/66
f 1388/110/110 1281/119/119 1549/74/1295
f 1514/89/89 1416/273/253 1385/274/1348
f 1350/201/192 1416/273/253 1294/90/90
f 1555/275/1349 1360/276/256 1413/277/257
f 1543/71/71 1393/140/137 1346/141/138
f 1326/153/150 1503/155/152 1361/154/151
f 1293/200/1327 1585/278/258 1361/198/151
f 1415/143/140 1511/279/259 1362/108/108
f 1450/280/1350 1284/281/25 1365/282/109
f 1540/30/30 1363/32/32 1288/283/261
f 1532/284/262 1288/283/261 1526/38/38
f 1354/212/203 1296/132/129 1364/263/243
f 1364/263/243 1296/132/129 1573/131/72
f 1450/280/1350 1365/282/109 1303/285/263
f 1456/286/1321 1320/186/170 1550/185/1323
f 1366/287/1351 1372/268/1344 1341/271/1346
f 1420/288/1352 1403/289/266 1485/225/216
f 1367/290/1353 1305/120/120 1475/291/1354
f 1305/120/120 1367/290/1353 1556/292/269
f 1448/48/48 1581/195/1326 1368/194/1325
f 1360/276/256 1502/193/185 1413/277/257
f 1570/62/62 1551/61/61 1554/293/270
f 1424/99/99 1291/294/1355 1500/97/97
f 1281/119/119 1494/117/117 1370/66/66
f 1358/67/67 1281/119/119 1370/66/66
f 1416/273/253 1350/201/192 1359/167/1320
f 1595/295/272 1416/273/253 1359/167/1320
f 1597/296/273 1454/297/1343 1482/64/1292
f 1370/66/66 1523/118/118 1482/64/1292
f 1560/81/81 1373/80/80 1524/49/1286
f 1347/251/1340 1373/80/80 1584/298/274
f 1285/31/1284 1536/299/1356 1522/265/1342
f 1357/269/1345 1535/135/1311 1285/31/1284
f 1337/230/114 1388/110/110 1375/300/276
f 1505/301/107 1311/73/73 1404/75/75
f 1376/174/169 1456/173/1321 1287/302/1357
f 1376/174/169 1473/162/159 1562/177/172
f 1288/283/261 1532/284/262 1377/303/278
f 1470/304/279 1319/35/35 1498/34/34
f 1352/55/1289 1451/57/57 1378/22/22
f 1378/258/22 1322/259/241 1352/305/1289
f 1489/21/21 1381/242/1336 1594/306/1358
f 1480/307/281 1487/308/282 1419/309/229
f 1400/310/233 1380/311/1359 1346/141/138
f 1573/72/72 1543/71/71 1346/141/138
f 1381/242/1336 1315/23/23 1379/152/1319
f 1419/246/229 1379/152/1319 1345/247/1338
f 1551/61/61 1382/88/88 1427/312/284
f 1551/61/61 1335/63/63 1435/157/154
f 1322/259/241 1283/10/10 1383/7/1281
f 1481/313/1360 1371/20/1283 1442/19/19
f 1323/314/286 1384/315/1361 1348/316/288
f 1407/317/289 1550/185/1323 1541/187/179
f 1371/20/1283 1383/7/1281 1501/318/290
f 1427/312/284 1383/7/1281 1299/6/6
f 1337/114/114 1386/138/1314 1327/112/1304
f 1386/138/1314 1337/114/114 1375/319/276
f 1487/308/282 1444/37/37 1343/116/116
f 1594/320/1358 1343/116/116 1489/321/21
f 1505/301/107 1388/110/110 1311/73/73
f 1388/110/110 1549/74/1295 1311/73/73
f 1347/251/1340 1584/298/274 1389/168/76
f 1592/129/1308 1332/127/126 1390/156/153
f 1421/29/29 1316/223/214 1392/322/1362
f 1344/149/1318 1314/243/83 1479/323/292
f 1516/41/41 1314/83/83 1467/42/42
f 1392/324/1362 1492/325/1363 1462/60/1291
f 1316/223/214 1492/326/1363 1392/322/1362
f 1386/138/1314 1393/140/137 1304/139/1315
f 1368/194/1325 1304/139/1315 1555/275/1349
f 1442/182/19 1394/327/18 1318/56/1290
f 1318/56/1290 1394/327/18 1495/166/163
f 1326/153/150 1361/154/151 1395/328/294
f 1398/33/33 1326/153/150 1498/34/34
f 1396/211/1328 1461/228/219 1509/209/200
f 1336/190/182 1563/188/180 1582/180/1322
f 1559/329/295 1379/152/1319 1326/153/150
f 1292/79/79 1560/81/81 1397/330/296
f 1325/331/1364 1413/277/257 1502/193/185
f 1414/332/166 1326/153/150 1398/33/33
f 1319/35/35 1414/332/166 1398/33/33
f 1286/215/206 1406/111/111 1332/127/126
f 1406/111/111 1558/4/4 1339/5/5
f 1400/310/233 1346/141/138 1309/232/106
f 1309/106/106 1599/105/105 1400/250/233
f 1401/145/142 1297/333/1296 1586/334/298
f 1401/145/142 1586/334/298 1521/146/143
f 1529/115/1305 1402/335/1365 1289/241/1335
f 1402/335/1365 1529/115/1305 1511/336/259
f 1313/144/141 1297/333/1296 1401/145/142
f 1403/289/266 1423/43/43 1561/220/211
f 1561/220/211 1455/213/204 1434/226/217
f 1404/75/75 1549/74/1295 1302/337/104
f 1599/105/105 1302/104/104 1400/250/233
f 1511/279/259 1415/143/140 1402/338/1365
f 1415/143/140 1289/339/1335 1402/338/1365
f 1406/111/111 1588/128/58 1332/127/126
f 1406/111/111 1388/110/110 1399/229/113
f 1323/314/286 1407/317/289 1384/315/1361
f 1574/27/27 1441/47/47 1460/28/28
f 1408/340/300 1566/341/160 1589/342/162
f 1516/41/41 1479/343/292 1314/83/83
f 1565/344/301 1409/203/194 1328/252/235
f 1328/252/235 1433/2/2 1418/253/236
f 1546/151/148 1596/345/302 1443/84/1298
f 1596/345/302 1310/15/15 1458/17/17
f 1328/252/235 1409/203/194 1411/346/303
f 1409/203/194 1516/41/41 1411/346/303
f 1473/162/159 1338/234/1333 1412/160/157
f 1515/219/210 1432/216/1329 1596/345/302
f 1555/275/1349 1413/277/257 1368/194/1325
f 1413/277/257 1448/48/48 1368/194/1325
f 1345/247/1338 1379/152/1319 1559/329/295
f 1559/347/295 1547/260/242 1345/262/1338
f 1533/348/1366 1405/9/1282 1415/143/140
f 1415/143/140 1405/9/1282 1289/339/1335
f 1425/349/1367 1385/274/1348 1416/273/253
f 1595/295/272 1425/349/1367 1416/273/253
f 1341/271/1346 1372/268/1344 1417/94/94
f 1548/93/93 1341/271/1346 1417/94/94
f 1418/253/236 1433/2/2 1282/1/1
f 1282/1/1 1558/4/4 1436/214/205
f 1594/306/1358 1381/242/1336 1419/246/229
f 1419/246/229 1381/242/1336 1379/152/1319
f 1420/288/1352 1423/43/43 1403/289/266
f 1366/287/1351 1341/271/1346 1420/288/1352
f 1335/63/63 1570/62/62 1421/350/29
f 1544/221/212 1421/350/29 1392/324/1362
f 1375/319/276 1422/231/220 1386/138/1314
f 1375/300/276 1388/110/110 1505/301/107
f 1341/271/1346 1449/96/1301 1423/43/43
f 1341/271/1346 1423/43/43 1420/288/1352
f 1362/108/108 1496/351/306 1424/99/99
f 1476/46/46 1587/352/307 1441/47/47
f 1371/20/1283 1425/349/1367 1595/295/272
f 1371/20/1283 1501/318/290 1539/353/1368
f 1536/299/1356 1355/123/1306 1426/39/39
f 1355/123/1306 1353/40/40 1426/39/39
f 1501/318/290 1383/7/1281 1527/87/87
f 1514/89/89 1385/274/1348 1527/87/87
f 1439/272/1347 1428/68/1293 1358/67/67
f 1459/354/1369 1324/237/65 1468/189/181
f 1429/202/193 1347/251/1340 1359/167/1320
f 1429/202/193 1373/80/80 1347/251/1340
f 1372/268/1344 1430/148/1317 1417/94/94
f 1430/148/1317 1290/150/147 1417/94/94
f 1431/52/52 1340/235/184 1593/264/244
f 1497/51/51 1580/53/1288 1431/52/52
f 1361/154/151 1297/77/1296 1313/355/141
f 1313/356/141 1521/357/143 1537/199/190
f 1438/358/310 1432/216/1329 1515/219/210
f 1305/120/120 1556/292/269 1438/358/310
f 1411/346/303 1433/2/2 1328/252/235
f 1411/346/303 1516/41/41 1433/2/2
f 1553/224/215 1434/226/217 1336/190/182
f 1553/224/215 1561/220/211 1434/226/217
f 1294/90/90 1382/88/88 1447/91/91
f 1382/88/88 1551/61/61 1579/359/311
f 1474/130/128 1418/253/236 1436/214/205
f 1282/1/1 1436/214/205 1418/253/236
f 1479/323/292 1437/16/16 1344/149/1318
f 1344/149/1318 1437/16/16 1290/150/147
f 1338/234/1333 1305/120/120 1438/358/310
f 1412/160/157 1338/234/1333 1438/358/310
f 1576/360/1370 1428/68/1293 1439/272/1347
f 1324/65/65 1439/272/1347 1370/66/66
f 1303/361/263 1456/286/1321 1440/362/1371
f 1303/361/263 1587/352/307 1476/46/46
f 1441/47/47 1407/317/289 1323/314/286
f 1441/47/47 1587/352/307 1407/317/289
f 1352/305/1289 1322/259/241 1442/19/19
f 1322/259/241 1481/313/1360 1442/19/19
f 1290/150/147 1546/151/148 1530/95/95
f 1290/150/147 1530/95/95 1417/94/94
f 1387/121/121 1305/120/120 1444/37/37
f 1333/233/1332 1444/37/37 1305/120/120
f 1445/363/188 1470/304/279 1498/34/34
f 1395/328/294 1361/154/151 1585/364/258
f 1391/244/227 1446/164/161 1453/245/1337
f 1566/163/160 1562/177/172 1446/164/161
f 1435/157/154 1471/159/156 1447/91/91
f 1579/359/311 1551/61/61 1435/157/154
f 1325/331/1364 1448/48/48 1413/277/257
f 1448/48/48 1560/81/81 1524/49/1286
f 1357/269/1345 1449/96/1301 1548/93/93
f 1540/30/30 1288/283/261 1449/96/1301
f 1362/108/108 1511/279/259 1450/280/1350
f 1362/108/108 1450/280/1350 1496/351/306
f 1378/22/22 1451/57/57 1315/23/23
f 1451/57/57 1379/152/1319 1315/23/23
f 1466/100/100 1551/61/61 1301/8/8
f 1533/348/1366 1301/8/8 1405/9/1282
f 1446/164/161 1317/161/158 1453/245/1337
f 1515/219/210 1458/17/17 1317/161/158
f 1430/148/1317 1454/267/1343 1356/236/1297
f 1356/82/1297 1454/297/1343 1597/296/273
f 1590/181/175 1455/213/204 1364/263/243
f 1578/257/240 1455/213/204 1590/181/175
f 1586/334/298 1292/79/79 1521/146/143
f 1552/365/314 1292/79/79 1397/330/296
f 1456/173/1321 1365/109/109 1490/24/24
f 1303/285/263 1365/282/109 1456/366/1321
f 1392/324/1362 1462/60/1291 1457/158/155
f 1457/158/155 1544/221/212 1392/324/1362
f 1453/245/1337 1317/161/158 1458/17/17
f 1458/17/17 1437/16/16 1453/245/1337
f 1582/180/1322 1576/367/1370 1459/354/1369
f 1598/191/1324 1336/190/182 1582/180/1322
f 1441/47/47 1323/314/286 1567/184/177
f 1567/184/177 1323/314/286 1528/183/176
f 1336/190/182 1461/228/219 1563/188/180
f 1336/190/182 1434/226/217 1461/228/219
f 1308/239/1334 1462/60/1291 1506/240/224
f 1457/158/155 1462/60/1291 1308/239/1334
f 1349/210/201 1463/102/102 1302/104/104
f 1534/255/238 1463/102/102 1349/210/201
f 1484/368/1372 1350/201/192 1542/254/237
f 1350/201/192 1342/92/92 1506/240/224
f 1465/13/13 1334/45/45 1517/172/167
f 1513/369/316 1319/171/35 1470/370/279
f 1466/100/100 1472/142/139 1369/101/101
f 1472/142/139 1533/348/1366 1415/143/140
f 1467/42/42 1298/266/246 1507/371/317
f 1306/3/3 1433/2/2 1467/42/42
f 1348/316/288 1565/344/301 1328/252/235
f 1468/189/181 1372/268/1344 1366/287/1351
f 1468/189/181 1485/225/216 1336/190/182
f 1438/358/310 1469/372/318 1432/216/1329
f 1432/216/1329 1569/137/1313 1374/217/208
f 1470/370/279 1572/197/189 1513/369/316
f 1572/197/189 1470/370/279 1445/196/188
f 1447/91/91 1471/159/156 1342/92/92
f 1308/239/1334 1342/92/92 1471/159/156
f 1500/97/97 1472/142/139 1452/98/1302
f 1452/98/1302 1472/142/139 1362/108/108
f 1287/302/1357 1473/162/159 1376/174/169
f 1287/302/1357 1531/26/26 1473/162/159
f 1592/129/1308 1528/183/176 1474/130/128
f 1328/252/235 1474/130/128 1528/183/176
f 1475/291/1354 1305/120/120 1307/122/122
f 1483/125/125 1520/249/1339 1477/261/231
f 1291/294/1355 1424/99/99 1476/373/46
f 1476/373/46 1424/99/99 1303/285/263
f 1419/246/229 1477/248/231 1480/374/281
f 1475/291/1354 1480/307/281 1477/261/231
f 1288/283/261 1478/44/1285 1449/96/1301
f 1377/303/278 1478/44/1285 1288/283/261
f 1589/342/162 1479/343/292 1408/340/300
f 1437/16/16 1479/323/292 1391/244/227
f 1307/122/122 1487/308/282 1480/307/281
f 1480/307/281 1475/291/1354 1307/122/122
f 1371/20/1283 1481/313/1360 1383/7/1281
f 1383/7/1281 1481/313/1360 1322/259/241
f 1482/238/1292 1454/267/1343 1372/268/1344
f 1468/189/181 1482/238/1292 1372/268/1344
f 1355/123/1306 1483/125/125 1353/40/40
f 1483/125/125 1345/262/1338 1547/260/242
f 1329/205/196 1350/201/192 1484/368/1372
f 1329/205/196 1491/50/1287 1524/49/1286
f 1366/287/1351 1420/288/1352 1485/225/216
f 1366/287/1351 1485/225/216 1468/189/181
f 1379/152/1319 1330/208/199 1486/78/78
f 1330/208/199 1389/76/76 1486/78/78
f 1387/121/121 1444/37/37 1487/308/282
f 1307/122/122 1387/121/121 1487/308/282
f 1432/216/1329 1488/85/1299 1596/345/302
f 1488/85/1299 1443/84/1298 1596/345/302
f 1489/321/21 1343/116/116 1289/241/1335
f 1405/9/1282 1508/11/11 1289/339/1335
f 1456/173/1321 1490/24/24 1287/302/1357
f 1490/24/24 1531/26/26 1287/302/1357
f 1581/195/1326 1504/206/197 1304/139/1315
f 1581/195/1326 1329/205/196 1504/206/197
f 1492/326/1363 1592/129/1308 1390/156/153
f 1492/326/1363 1390/156/153 1462/126/1291
f 1394/327/18 1493/375/165 1389/76/76
f 1394/18/18 1371/20/1283 1595/295/272
f 1306/3/3 1494/117/117 1281/119/119
f 1494/117/117 1507/371/317 1298/266/246
f 1394/327/18 1389/76/76 1495/166/163
f 1330/208/199 1495/166/163 1389/76/76
f 1496/351/306 1450/280/1350 1303/285/263
f 1303/285/263 1424/99/99 1496/351/306
f 1295/12/12 1497/51/51 1354/212/203
f 1497/51/51 1431/52/52 1593/264/244
f 1395/328/294 1445/363/188 1498/34/34
f 1498/34/34 1326/153/150 1395/328/294
f 1499/176/171 1320/175/170 1376/174/169
f 1510/204/195 1566/341/160 1408/340/300
f 1554/293/270 1500/97/97 1291/294/1355
f 1369/101/101 1472/142/139 1500/97/97
f 1501/318/290 1527/87/87 1385/274/1348
f 1539/353/1368 1501/318/290 1385/274/1348
f 1502/193/185 1397/330/296 1325/331/1364
f 1552/365/314 1397/330/296 1502/193/185
f 1486/78/78 1503/155/152 1326/153/150
f 1486/78/78 1297/77/1296 1503/155/152
f 1504/206/197 1484/368/1372 1542/254/237
f 1329/205/196 1484/368/1372 1504/206/197
f 1505/301/107 1422/376/220 1375/300/276
f 1505/377/107 1309/232/106 1422/231/220
f 1462/60/1291 1464/59/59 1506/240/224
f 1350/201/192 1506/240/224 1542/254/237
f 1306/3/3 1467/42/42 1507/371/317
f 1306/3/3 1507/371/317 1494/117/117
f 1489/321/21 1289/241/1335 1508/378/11
f 1508/379/11 1378/22/22 1489/21/21
f 1331/227/1331 1509/209/200 1461/228/219
f 1349/210/201 1509/209/200 1534/255/238
f 1541/187/179 1320/186/170 1510/204/195
f 1320/186/170 1566/341/160 1510/204/195
f 1511/336/259 1312/36/36 1284/25/25
f 1511/279/259 1284/281/25 1450/280/1350
f 1512/124/1307 1367/290/1353 1475/291/1354
f 1556/292/269 1367/290/1353 1512/124/1307
f 1513/369/316 1465/13/13 1517/172/167
f 1513/369/316 1377/303/278 1532/284/262
f 1416/273/253 1514/89/89 1294/90/90
f 1514/89/89 1382/88/88 1294/90/90
f 1412/160/157 1438/358/310 1515/219/210
f 1317/161/158 1412/160/157 1515/219/210
f 1479/343/292 1516/41/41 1408/340/300
f 1510/204/195 1408/340/300 1516/41/41
f 1478/44/1285 1377/303/278 1517/172/167
f 1377/303/278 1513/369/316 1517/172/167
f 1304/139/1315 1518/207/198 1327/112/1304
f 1327/112/1304 1518/207/198 1588/58/58
f 1591/133/1309 1296/132/129 1340/235/184
f 1520/249/1339 1475/291/1354 1477/261/231
f 1475/291/1354 1520/249/1339 1512/124/1307
f 1552/365/314 1502/193/185 1340/192/184
f 1522/265/1342 1426/39/39 1526/38/38
f 1522/265/1342 1536/299/1356 1426/39/39
f 1597/296/273 1482/64/1292 1523/118/118
f 1494/117/117 1298/266/246 1523/118/118
f 1524/49/1286 1429/202/193 1329/205/196
f 1373/80/80 1429/202/193 1524/49/1286
f 1549/74/1295 1525/69/69 1302/337/104
f 1321/178/173 1302/104/104 1525/179/69
f 1363/32/32 1522/265/1342 1526/38/38
f 1363/32/32 1526/38/38 1288/283/261
f 1527/87/87 1427/312/284 1382/88/88
f 1527/87/87 1383/7/1281 1427/312/284
f 1323/314/286 1348/316/288 1528/183/176
f 1528/183/176 1348/316/288 1328/252/235
f 1511/336/259 1529/115/1305 1312/36/36
f 1444/37/37 1312/36/36 1529/115/1305
f 1548/93/93 1530/95/95 1443/84/1298
f 1443/84/1298 1530/95/95 1546/151/148
f 1338/234/1333 1531/26/26 1333/233/1332
f 1531/26/26 1444/37/37 1333/233/1332
f 1319/171/35 1532/284/262 1526/38/38
f 1319/171/35 1513/369/316 1532/284/262
f 1466/100/100 1533/348/1366 1472/142/139
f 1466/100/100 1301/8/8 1533/348/1366
f 1534/255/238 1509/209/200 1331/227/1331
f 1351/256/1341 1534/255/238 1331/227/1331
f 1488/85/1299 1536/299/1356 1535/135/1311
f 1285/31/1284 1535/135/1311 1536/299/1356
f 1374/217/208 1536/299/1356 1488/85/1299
f 1536/299/1356 1374/217/208 1355/123/1306
f 1361/198/151 1313/356/141 1537/199/190
f 1421/29/29 1460/28/28 1538/222/1330
f 1460/28/28 1441/47/47 1567/184/177
f 1425/349/1367 1539/353/1368 1385/274/1348
f 1539/353/1368 1425/349/1367 1371/20/1283
f 1357/269/1345 1285/31/1284 1540/30/30
f 1357/269/1345 1540/30/30 1449/96/1301
f 1565/344/301 1407/317/289 1541/187/179
f 1541/187/179 1409/203/194 1565/344/301
f 1464/59/59 1542/254/237 1506/240/224
f 1518/207/198 1542/254/237 1464/59/59
f 1543/71/71 1502/193/185 1360/276/256
f 1393/140/137 1543/71/71 1360/276/256
f 1335/63/63 1421/350/29 1544/221/212
f 1335/63/63 1544/221/212 1435/157/154
f 1545/136/1312 1512/124/1307 1355/123/1306
f 1374/217/208 1545/136/1312 1355/123/1306
f 1546/151/148 1437/16/16 1310/15/15
f 1596/345/302 1546/151/148 1310/15/15
f 1547/260/242 1526/38/38 1353/40/40
f 1353/40/40 1483/125/125 1547/260/242
f 1548/93/93 1300/270/250 1357/269/1345
f 1571/86/1300 1548/93/93 1443/84/1298
f 1281/119/119 1358/67/67 1549/74/1295
f 1358/67/67 1525/69/69 1549/74/1295
f 1440/362/1371 1456/286/1321 1550/185/1323
f 1587/352/307 1550/185/1323 1407/317/289
f 1427/312/284 1299/6/6 1551/61/61
f 1299/6/6 1301/8/8 1551/61/61
f 1521/146/143 1292/79/79 1552/365/314
f 1521/146/143 1552/365/314 1340/192/184
f 1485/225/216 1403/289/266 1553/224/215
f 1553/224/215 1403/289/266 1561/220/211
f 1554/293/270 1369/101/101 1500/97/97
f 1554/293/270 1551/61/61 1369/101/101
f 1393/140/137 1555/275/1349 1304/139/1315
f 1393/140/137 1360/276/256 1555/275/1349
f 1469/372/318 1438/358/310 1556/292/269
f 1469/372/318 1569/137/1313 1432/216/1329
f 1568/54/54 1521/357/143 1557/147/1316
f 1557/147/1316 1521/357/143 1340/235/184
f 1558/4/4 1286/215/206 1436/214/205
f 1286/215/206 1558/4/4 1406/111/111
f 1547/260/242 1559/347/295 1414/170/166
f 1414/332/166 1559/329/295 1326/153/150
f 1397/330/296 1560/81/81 1325/331/1364
f 1560/81/81 1448/48/48 1325/331/1364
f 1561/220/211 1334/45/45 1295/12/12
f 1423/43/43 1334/45/45 1561/220/211
f 1562/177/172 1317/161/158 1446/164/161
f 1562/177/172 1473/162/159 1317/161/158
f 1396/211/1328 1321/178/173 1563/188/180
f 1396/211/1328 1563/188/180 1461/228/219
f 1364/263/243 1564/103/1303 1590/181/175
f 1564/103/1303 1364/263/243 1577/134/1310
f 1348/316/288 1384/315/1361 1565/344/301
f 1407/317/289 1565/344/301 1384/315/1361
f 1320/175/170 1499/176/171 1566/163/160
f 1499/176/171 1562/177/172 1566/163/160
f 1460/28/28 1567/184/177 1538/222/1330
f 1538/222/1330 1567/184/177 1592/129/1308
f 1521/357/143 1568/54/54 1537/199/190
f 1568/54/54 1580/53/1288 1537/199/190
f 1469/372/318 1556/292/269 1569/137/1313
f 1556/292/269 1512/124/1307 1569/137/1313
f 1570/62/62 1554/293/270 1291/294/1355
f 1570/62/62 1574/380/27 1421/350/29
f 1300/270/250 1548/93/93 1571/86/1300
f 1571/86/1300 1535/135/1311 1300/270/250
f 1465/13/13 1572/197/189 1583/14/14
f 1513/369/316 1572/197/189 1465/13/13
f 1380/311/1359 1573/72/72 1346/141/138
f 1577/134/1310 1380/381/1359 1400/250/233
f 1291/294/1355 1476/373/46 1574/380/27
f 1570/62/62 1291/294/1355 1574/380/27
f 1382/88/88 1575/382/1373 1447/91/91
f 1447/91/91 1575/382/1373 1435/157/154
f 1576/367/1370 1324/237/65 1459/354/1369
f 1324/65/65 1576/360/1370 1439/272/1347
f 1380/381/1359 1577/134/1310 1573/131/72
f 1364/263/243 1573/131/72 1577/134/1310
f 1434/226/217 1578/257/240 1331/227/1331
f 1351/256/1341 1331/227/1331 1578/257/240
f 1575/382/1373 1382/88/88 1579/359/311
f 1575/382/1373 1579/359/311 1435/157/154
f 1580/53/1288 1293/200/1327 1537/199/190
f 1585/278/258 1293/200/1327 1583/14/14
f 1491/50/1287 1329/205/196 1581/195/1326
f 1581/195/1326 1448/48/48 1491/50/1287
f 1428/383/1293 1576/367/1370 1582/180/1322
f 1582/180/1322 1525/179/69 1428/383/1293
f 1583/14/14 1293/200/1327 1580/53/1288
f 1497/51/51 1583/14/14 1580/53/1288
f 1297/333/1296 1584/298/274 1586/334/298
f 1389/168/76 1584/298/274 1297/333/1296
f 1585/364/258 1445/363/188 1395/328/294
f 1445/196/188 1585/278/258 1583/14/14
f 1586/334/298 1584/298/274 1373/80/80
f 1586/334/298 1373/80/80 1292/79/79
f 1440/362/1371 1550/185/1323 1587/352/307
f 1587/352/307 1303/361/263 1440/362/1371
f 1588/58/58 1399/113/113 1327/112/1304
f 1588/128/58 1406/111/111 1399/229/113
f 1589/165/162 1446/164/161 1391/244/227
f 1479/323/292 1589/165/162 1391/244/227
f 1578/257/240 1590/181/175 1351/256/1341
f 1351/256/1341 1590/181/175 1463/102/102
f 1591/384/1309 1340/192/184 1519/70/1294
f 1591/384/1309 1519/70/1294 1573/72/72
f 1600/385/320 1538/222/1330 1592/129/1308
f 1492/326/1363 1600/385/320 1592/129/1308
f 1354/212/203 1497/51/51 1593/264/244
f 1593/264/244 1296/132/129 1354/212/203
f 1343/116/116 1594/320/1358 1487/308/282
f 1487/308/282 1594/320/1358 1419/309/229
f 1595/295/272 1493/169/165 1394/18/18
f 1359/167/1320 1493/169/165 1595/295/272
f 1410/218/209 1596/345/302 1458/17/17
f 1410/218/209 1515/219/210 1596/345/302
f 1298/266/246 1356/82/1297 1597/296/273
f 1523/118/118 1298/266/246 1597/296/273
f 1598/191/1324 1582/180/1322 1459/354/1369
f 1468/189/181 1598/191/1324 1459/354/1369
f 1505/301/107 1404/75/75 1599/386/105
f 1404/75/75 1302/337/104 1599/386/105
f 1600/385/320 1316/223/214 1538/222/1330
f 1316/223/214 1600/385/320 1492/326/1363
f 1602/1/1374 1753/2/1375 1626/3/1376
f 1878/4/1377 1602/1/1374 1659/5/1378
f 1619/6/1379 1703/7/1380 1621/8/1381
f 1725/9/1382 1603/10/1383 1828/11/1384
f 1615/12/1385 1785/13/1386 1903/14/1387
f 1630/15/1388 1757/16/1389 1778/17/1390
f 1714/18/1391 1762/19/1392 1691/20/1393
f 1809/21/1394 1698/22/1395 1635/23/1396
f 1810/24/1397 1604/25/1398 1851/26/1399
f 1894/27/1400 1780/28/1401 1741/29/1402
f 1860/30/1403 1605/31/1404 1683/32/1405
f 1718/33/1406 1818/34/1407 1639/35/1408
f 1632/36/1409 1764/37/1410 1851/26/1399
f 1846/38/1411 1746/39/1412 1673/40/1413
f 1753/2/1375 1836/41/1414 1787/42/1415
f 1743/43/1416 1798/44/1417 1654/45/1418
f 1796/46/1419 1761/47/1420 1894/27/1400
f 1725/9/1382 1621/8/1381 1603/10/1383
f 1768/48/1421 1844/49/1422 1811/50/1423
f 1903/14/1387 1817/51/1424 1615/12/1385
f 1751/52/1425 1900/53/1426 1888/54/1427
f 1672/55/1428 1638/56/1429 1771/57/1430
f 1908/58/1431 1784/59/1432 1782/60/1433
f 1871/61/1434 1890/62/1435 1655/63/1436
f 1802/64/1437 1644/65/1438 1690/66/1439
f 1678/67/1440 1748/68/1441 1845/69/1442
f 1839/70/1443 1863/71/1444 1893/72/1445
f 1631/73/1446 1869/74/1447 1724/75/1448
f 1709/76/1449 1617/77/1450 1806/78/1451
f 1612/79/1452 1693/80/1453 1880/81/1454
f 1676/82/1455 1787/42/1415 1634/83/1456
f 1763/84/1457 1808/85/1458 1891/86/1459
f 1847/87/1460 1702/88/1461 1834/89/1462
f 1614/90/1463 1767/91/1464 1662/92/1465
f 1868/93/1466 1737/94/1467 1850/95/1468
f 1798/44/1417 1743/43/1416 1769/96/1469
f 1820/97/1470 1772/98/1471 1744/99/1472
f 1871/61/1434 1786/100/1473 1689/101/1474
f 1783/102/1475 1884/103/1476 1622/104/1477
f 1919/105/1478 1629/106/1479 1825/107/1480
f 1772/98/1471 1682/108/1481 1744/99/1472
f 1685/109/1482 1604/25/1398 1810/24/1397
f 1708/110/1483 1726/111/1484 1659/5/1378
f 1647/112/1485 1719/113/1486 1657/114/1487
f 1764/37/1410 1849/115/1488 1663/116/1489
f 1814/117/1490 1843/118/1491 1690/66/1439
f 1659/5/1378 1601/119/1492 1708/110/1483
f 1625/120/1493 1707/121/1494 1627/122/1495
f 1675/123/1496 1832/124/1497 1803/125/1498
f 1782/126/1433 1652/127/1499 1908/128/1431
f 1912/129/1500 1794/130/1501 1652/127/1499
f 1893/131/1445 1616/132/1502 1911/133/1503
f 1884/103/1476 1897/134/1504 1622/104/1477
f 1808/85/1458 1855/135/1505 1891/86/1459
f 1865/136/1506 1889/137/1507 1832/124/1497
f 1647/112/1485 1706/138/1508 1624/139/1509
f 1713/140/1510 1706/138/1508 1666/141/1511
f 1604/25/1398 1632/36/1409 1851/26/1399
f 1792/142/1512 1735/143/1513 1682/108/1481
f 1633/144/1514 1721/145/1515 1841/146/1516
f 1888/54/1427 1877/147/1517 1751/52/1425
f 1750/148/1518 1664/149/1519 1610/150/1520
f 1757/16/1389 1866/151/1521 1610/150/1520
f 1699/152/1522 1806/78/1451 1646/153/1523
f 1617/77/1450 1681/154/1524 1823/155/1525
f 1782/126/1433 1710/156/1526 1652/127/1499
f 1755/157/1527 1777/158/1528 1791/159/1529
f 1732/160/1530 1637/161/1531 1793/162/1532
f 1886/163/1533 1766/164/1534 1909/165/1535
f 1638/56/1429 1815/166/1536 1771/57/1430
f 1679/167/1537 1709/168/1449 1813/169/1538
f 1846/38/1411 1734/170/1539 1639/171/1408
f 1654/45/1418 1798/44/1417 1837/172/1540
f 1776/173/1541 1696/174/1542 1640/175/1543
f 1819/176/1544 1696/174/1542 1882/177/1545
f 1641/178/1546 1845/179/1442 1902/180/1547
f 1884/103/1476 1783/102/1475 1910/181/1548
f 1672/55/1428 1762/182/1392 1638/56/1429
f 1621/8/1381 1703/7/1380 1603/10/1383
f 1848/183/1549 1912/129/1500 1887/184/1550
f 1870/185/1551 1640/186/1543 1861/187/1552
f 1883/188/1553 1641/178/1546 1902/180/1547
f 1788/189/1554 1656/190/1555 1918/191/1556
f 1863/71/1444 1660/192/1557 1822/193/1558
f 1688/194/1559 1901/195/1560 1624/139/1509
f 1765/196/1561 1903/14/1387 1892/197/1562
f 1681/198/1524 1857/199/1563 1613/200/1564
f 1614/90/1463 1662/92/1465 1670/201/1565
f 1749/202/1566 1679/167/1537 1670/201/1565
f 1729/203/1567 1830/204/1568 1836/41/1414
f 1861/187/1552 1830/204/1568 1729/203/1567
f 1749/202/1566 1670/201/1565 1649/205/1569
f 1624/139/1509 1824/206/1570 1838/207/1571
f 1771/57/1430 1815/166/1536 1650/208/1572
f 1650/208/1572 1699/152/1522 1771/57/1430
f 1829/209/1573 1669/210/1574 1716/211/1575
f 1674/212/1576 1775/213/1577 1615/12/1385
f 1794/130/1501 1756/214/1578 1652/127/1499
f 1756/214/1578 1606/215/1579 1652/127/1499
f 1752/216/1580 1694/217/1581 1808/85/1458
f 1730/218/1582 1778/17/1390 1835/219/1583
f 1785/13/1386 1615/12/1385 1654/45/1418
f 1881/220/1584 1615/12/1385 1775/213/1577
f 1755/157/1527 1864/221/1585 1777/158/1528
f 1741/29/1402 1858/222/1586 1636/223/1587
f 1873/224/1588 1656/190/1555 1805/225/1589
f 1754/226/1590 1651/227/1591 1781/228/1592
f 1719/229/1486 1708/110/1483 1657/230/1487
f 1742/231/1593 1629/232/1479 1706/138/1508
f 1653/233/1594 1625/120/1493 1658/234/1595
f 1793/162/1532 1851/26/1399 1658/234/1595
f 1602/1/1374 1626/3/1376 1659/5/1378
f 1626/3/1376 1601/119/1492 1659/5/1378
f 1751/52/1425 1877/147/1517 1660/235/1557
f 1839/70/1443 1660/192/1557 1863/71/1444
f 1750/148/1518 1676/236/1455 1664/149/1519
f 1788/189/1554 1644/237/1438 1802/238/1437
f 1628/239/1596 1826/240/1597 1662/92/1465
f 1791/159/1529 1777/158/1528 1628/239/1596
f 1849/115/1488 1609/241/1598 1663/116/1489
f 1701/242/1599 1809/21/1394 1635/23/1396
f 1676/236/1455 1634/243/1456 1664/149/1519
f 1757/16/1389 1711/244/1600 1773/245/1601
f 1739/246/1602 1665/247/1603 1797/248/1604
f 1832/124/1497 1840/249/1605 1803/125/1498
f 1629/232/1479 1666/141/1511 1706/138/1508
f 1897/134/1504 1720/250/1606 1622/104/1477
f 1679/167/1537 1667/251/1607 1709/168/1449
f 1794/130/1501 1648/252/1608 1738/253/1609
f 1669/210/1574 1622/104/1477 1641/178/1546
f 1716/211/1575 1669/210/1574 1641/178/1546
f 1784/59/1432 1908/58/1431 1838/207/1571
f 1862/254/1610 1838/207/1571 1824/206/1570
f 1783/102/1475 1854/255/1611 1671/256/1612
f 1775/213/1577 1898/257/1613 1754/226/1590
f 1603/10/1383 1698/258/1395 1828/11/1384
f 1603/10/1383 1642/259/1614 1698/258/1395
f 1846/38/1411 1867/260/1615 1734/170/1539
f 1803/125/1498 1797/261/1604 1665/262/1603
f 1684/263/1616 1775/213/1577 1674/212/1576
f 1913/264/1617 1660/235/1557 1616/132/1502
f 1694/217/1581 1889/137/1507 1865/136/1506
f 1605/31/1404 1842/265/1618 1683/32/1405
f 1618/266/1619 1787/42/1415 1676/82/1455
f 1774/267/1620 1750/148/1518 1692/268/1621
f 1855/135/1505 1677/269/1622 1620/270/1623
f 1769/96/1469 1661/271/1624 1868/93/1466
f 1759/272/1625 1678/67/1440 1690/66/1439
f 1708/110/1483 1601/119/1492 1869/74/1447
f 1834/89/1462 1736/273/1626 1705/274/1627
f 1670/201/1565 1736/273/1626 1614/90/1463
f 1875/275/1628 1680/276/1629 1733/277/1630
f 1863/71/1444 1713/140/1510 1666/141/1511
f 1646/153/1523 1823/155/1525 1681/154/1524
f 1613/200/1564 1905/278/1631 1681/198/1524
f 1735/143/1513 1831/279/1632 1682/108/1481
f 1770/280/1633 1604/281/1398 1685/282/1482
f 1860/30/1403 1683/32/1405 1608/283/1634
f 1852/284/1635 1608/283/1634 1846/38/1411
f 1674/212/1576 1616/132/1502 1684/263/1616
f 1684/263/1616 1616/132/1502 1893/131/1445
f 1770/280/1633 1685/282/1482 1623/285/1636
f 1776/286/1541 1640/186/1543 1870/185/1551
f 1686/287/1637 1692/268/1621 1661/271/1624
f 1740/288/1638 1723/289/1639 1805/225/1589
f 1687/290/1640 1625/120/1493 1795/291/1641
f 1625/120/1493 1687/290/1640 1876/292/1642
f 1768/48/1421 1901/195/1560 1688/194/1559
f 1680/276/1629 1822/193/1558 1733/277/1630
f 1890/62/1435 1871/61/1434 1874/293/1643
f 1744/99/1472 1611/294/1644 1820/97/1470
f 1601/119/1492 1814/117/1490 1690/66/1439
f 1678/67/1440 1601/119/1492 1690/66/1439
f 1736/273/1626 1670/201/1565 1679/167/1537
f 1915/295/1645 1736/273/1626 1679/167/1537
f 1917/296/1646 1774/297/1620 1802/64/1437
f 1690/66/1439 1843/118/1491 1802/64/1437
f 1880/81/1454 1693/80/1453 1844/49/1422
f 1667/251/1607 1693/80/1453 1904/298/1647
f 1605/31/1404 1856/299/1648 1842/265/1618
f 1677/269/1622 1855/135/1505 1605/31/1404
f 1657/230/1487 1708/110/1483 1695/300/1649
f 1825/301/1480 1631/73/1446 1724/75/1448
f 1696/174/1542 1776/173/1541 1607/302/1650
f 1696/174/1542 1793/162/1532 1882/177/1545
f 1608/283/1634 1852/284/1635 1697/303/1651
f 1790/304/1652 1639/35/1408 1818/34/1407
f 1672/55/1428 1771/57/1430 1698/22/1395
f 1698/258/1395 1642/259/1614 1672/305/1428
f 1809/21/1394 1701/242/1599 1914/306/1653
f 1800/307/1654 1807/308/1655 1739/309/1602
f 1720/310/1606 1700/311/1656 1666/141/1511
f 1893/72/1445 1863/71/1444 1666/141/1511
f 1701/242/1599 1635/23/1396 1699/152/1522
f 1739/246/1602 1699/152/1522 1665/247/1603
f 1871/61/1434 1702/88/1461 1747/312/1657
f 1871/61/1434 1655/63/1436 1755/157/1527
f 1642/259/1614 1603/10/1383 1703/7/1380
f 1801/313/1658 1691/20/1393 1762/19/1392
f 1643/314/1659 1704/315/1660 1668/316/1661
f 1727/317/1662 1870/185/1551 1861/187/1552
f 1691/20/1393 1703/7/1380 1821/318/1663
f 1747/312/1657 1703/7/1380 1619/6/1379
f 1657/114/1487 1706/138/1508 1647/112/1485
f 1706/138/1508 1657/114/1487 1695/319/1649
f 1807/308/1655 1764/37/1410 1663/116/1489
f 1914/320/1653 1663/116/1489 1809/321/1394
f 1825/301/1480 1708/110/1483 1631/73/1446
f 1708/110/1483 1869/74/1447 1631/73/1446
f 1667/251/1607 1904/298/1647 1709/168/1449
f 1912/129/1500 1652/127/1499 1710/156/1526
f 1741/29/1402 1636/223/1587 1712/322/1664
f 1664/149/1519 1634/243/1456 1799/323/1665
f 1836/41/1414 1634/83/1456 1787/42/1415
f 1712/324/1664 1812/325/1666 1782/60/1433
f 1636/223/1587 1812/326/1666 1712/322/1664
f 1706/138/1508 1713/140/1510 1624/139/1509
f 1688/194/1559 1624/139/1509 1875/275/1628
f 1762/182/1392 1714/327/1391 1638/56/1429
f 1638/56/1429 1714/327/1391 1815/166/1536
f 1646/153/1523 1681/154/1524 1715/328/1667
f 1718/33/1406 1646/153/1523 1818/34/1407
f 1716/211/1575 1781/228/1592 1829/209/1573
f 1656/190/1555 1883/188/1553 1902/180/1547
f 1879/329/1668 1699/152/1522 1646/153/1523
f 1612/79/1452 1880/81/1454 1717/330/1669
f 1645/331/1670 1733/277/1630 1822/193/1558
f 1734/332/1539 1646/153/1523 1718/33/1406
f 1639/35/1408 1734/332/1539 1718/33/1406
f 1606/215/1579 1726/111/1484 1652/127/1499
f 1726/111/1484 1878/4/1377 1659/5/1378
f 1720/310/1606 1666/141/1511 1629/232/1479
f 1629/106/1479 1919/105/1478 1720/250/1606
f 1721/145/1515 1617/333/1450 1906/334/1671
f 1721/145/1515 1906/334/1671 1841/146/1516
f 1849/115/1488 1722/335/1672 1609/241/1598
f 1722/335/1672 1849/115/1488 1831/336/1632
f 1633/144/1514 1617/333/1450 1721/145/1515
f 1723/289/1639 1743/43/1416 1881/220/1584
f 1881/220/1584 1775/213/1577 1754/226/1590
f 1724/75/1448 1869/74/1447 1622/337/1477
f 1919/105/1478 1622/104/1477 1720/250/1606
f 1831/279/1632 1735/143/1513 1722/338/1672
f 1735/143/1513 1609/339/1598 1722/338/1672
f 1726/111/1484 1908/128/1431 1652/127/1499
f 1726/111/1484 1708/110/1483 1719/229/1486
f 1643/314/1659 1727/317/1662 1704/315/1660
f 1894/27/1400 1761/47/1420 1780/28/1401
f 1728/340/1673 1886/341/1533 1909/342/1535
f 1836/41/1414 1799/343/1665 1634/83/1456
f 1885/344/1674 1729/203/1567 1648/252/1608
f 1648/252/1608 1753/2/1375 1738/253/1609
f 1866/151/1521 1916/345/1675 1763/84/1457
f 1916/345/1675 1630/15/1388 1778/17/1390
f 1648/252/1608 1729/203/1567 1731/346/1676
f 1729/203/1567 1836/41/1414 1731/346/1676
f 1793/162/1532 1658/234/1595 1732/160/1530
f 1835/219/1583 1752/216/1580 1916/345/1675
f 1875/275/1628 1733/277/1630 1688/194/1559
f 1733/277/1630 1768/48/1421 1688/194/1559
f 1665/247/1603 1699/152/1522 1879/329/1668
f 1879/347/1668 1867/260/1615 1665/262/1603
f 1853/348/1677 1725/9/1382 1735/143/1513
f 1735/143/1513 1725/9/1382 1609/339/1598
f 1745/349/1678 1705/274/1627 1736/273/1626
f 1915/295/1645 1745/349/1678 1736/273/1626
f 1661/271/1624 1692/268/1621 1737/94/1467
f 1868/93/1466 1661/271/1624 1737/94/1467
f 1738/253/1609 1753/2/1375 1602/1/1374
f 1602/1/1374 1878/4/1377 1756/214/1578
f 1914/306/1653 1701/242/1599 1739/246/1602
f 1739/246/1602 1701/242/1599 1699/152/1522
f 1740/288/1638 1743/43/1416 1723/289/1639
f 1686/287/1637 1661/271/1624 1740/288/1638
f 1655/63/1436 1890/62/1435 1741/350/1402
f 1864/221/1585 1741/350/1402 1712/324/1664
f 1695/319/1649 1742/231/1593 1706/138/1508
f 1695/300/1649 1708/110/1483 1825/301/1480
f 1661/271/1624 1769/96/1469 1743/43/1416
f 1661/271/1624 1743/43/1416 1740/288/1638
f 1682/108/1481 1816/351/1679 1744/99/1472
f 1796/46/1419 1907/352/1680 1761/47/1420
f 1691/20/1393 1745/349/1678 1915/295/1645
f 1691/20/1393 1821/318/1663 1859/353/1681
f 1856/299/1648 1675/123/1496 1746/39/1412
f 1675/123/1496 1673/40/1413 1746/39/1412
f 1821/318/1663 1703/7/1380 1847/87/1460
f 1834/89/1462 1705/274/1627 1847/87/1460
f 1759/272/1625 1748/68/1441 1678/67/1440
f 1779/354/1682 1644/237/1438 1788/189/1554
f 1749/202/1566 1667/251/1607 1679/167/1537
f 1749/202/1566 1693/80/1453 1667/251/1607
f 1692/268/1621 1750/148/1518 1737/94/1467
f 1750/148/1518 1610/150/1520 1737/94/1467
f 1751/52/1425 1660/235/1557 1913/264/1617
f 1817/51/1424 1900/53/1426 1751/52/1425
f 1681/154/1524 1617/77/1450 1633/355/1514
f 1633/356/1514 1841/357/1516 1857/199/1563
f 1758/358/1683 1752/216/1580 1835/219/1583
f 1625/120/1493 1876/292/1642 1758/358/1683
f 1731/346/1676 1753/2/1375 1648/252/1608
f 1731/346/1676 1836/41/1414 1753/2/1375
f 1873/224/1588 1754/226/1590 1656/190/1555
f 1873/224/1588 1881/220/1584 1754/226/1590
f 1614/90/1463 1702/88/1461 1767/91/1464
f 1702/88/1461 1871/61/1434 1899/359/1684
f 1794/130/1501 1738/253/1609 1756/214/1578
f 1602/1/1374 1756/214/1578 1738/253/1609
f 1799/323/1665 1757/16/1389 1664/149/1519
f 1664/149/1519 1757/16/1389 1610/150/1520
f 1658/234/1595 1625/120/1493 1758/358/1683
f 1732/160/1530 1658/234/1595 1758/358/1683
f 1896/360/1685 1748/68/1441 1759/272/1625
f 1644/65/1438 1759/272/1625 1690/66/1439
f 1623/361/1636 1776/286/1541 1760/362/1686
f 1623/361/1636 1907/352/1680 1796/46/1419
f 1761/47/1420 1727/317/1662 1643/314/1659
f 1761/47/1420 1907/352/1680 1727/317/1662
f 1672/305/1428 1642/259/1614 1762/19/1392
f 1642/259/1614 1801/313/1658 1762/19/1392
f 1610/150/1520 1866/151/1521 1850/95/1468
f 1610/150/1520 1850/95/1468 1737/94/1467
f 1707/121/1494 1625/120/1493 1764/37/1410
f 1653/233/1594 1764/37/1410 1625/120/1493
f 1765/363/1561 1790/304/1652 1818/34/1407
f 1715/328/1667 1681/154/1524 1905/364/1631
f 1711/244/1600 1766/164/1534 1773/245/1601
f 1886/163/1533 1882/177/1545 1766/164/1534
f 1755/157/1527 1791/159/1529 1767/91/1464
f 1899/359/1684 1871/61/1434 1755/157/1527
f 1645/331/1670 1768/48/1421 1733/277/1630
f 1768/48/1421 1880/81/1454 1844/49/1422
f 1677/269/1622 1769/96/1469 1868/93/1466
f 1860/30/1403 1608/283/1634 1769/96/1469
f 1682/108/1481 1831/279/1632 1770/280/1633
f 1682/108/1481 1770/280/1633 1816/351/1679
f 1698/22/1395 1771/57/1430 1635/23/1396
f 1771/57/1430 1699/152/1522 1635/23/1396
f 1786/100/1473 1871/61/1434 1621/8/1381
f 1853/348/1677 1621/8/1381 1725/9/1382
f 1766/164/1534 1637/161/1531 1773/245/1601
f 1835/219/1583 1778/17/1390 1637/161/1531
f 1750/148/1518 1774/267/1620 1676/236/1455
f 1676/82/1455 1774/297/1620 1917/296/1646
f 1910/181/1548 1775/213/1577 1684/263/1616
f 1898/257/1613 1775/213/1577 1910/181/1548
f 1906/334/1671 1612/79/1452 1841/146/1516
f 1872/365/1687 1612/79/1452 1717/330/1669
f 1776/173/1541 1685/109/1482 1810/24/1397
f 1623/285/1636 1685/282/1482 1776/366/1541
f 1712/324/1664 1782/60/1433 1777/158/1528
f 1777/158/1528 1864/221/1585 1712/324/1664
f 1773/245/1601 1637/161/1531 1778/17/1390
f 1778/17/1390 1757/16/1389 1773/245/1601
f 1902/180/1547 1896/367/1685 1779/354/1682
f 1918/191/1556 1656/190/1555 1902/180/1547
f 1761/47/1420 1643/314/1659 1887/184/1550
f 1887/184/1550 1643/314/1659 1848/183/1549
f 1656/190/1555 1781/228/1592 1883/188/1553
f 1656/190/1555 1754/226/1590 1781/228/1592
f 1628/239/1596 1782/60/1433 1826/240/1597
f 1777/158/1528 1782/60/1433 1628/239/1596
f 1669/210/1574 1783/102/1475 1622/104/1477
f 1854/255/1611 1783/102/1475 1669/210/1574
f 1804/368/1688 1670/201/1565 1862/254/1610
f 1670/201/1565 1662/92/1465 1826/240/1597
f 1785/13/1386 1654/45/1418 1837/172/1540
f 1833/369/1689 1639/171/1408 1790/370/1652
f 1786/100/1473 1792/142/1512 1689/101/1474
f 1792/142/1512 1853/348/1677 1735/143/1513
f 1787/42/1415 1618/266/1619 1827/371/1690
f 1626/3/1376 1753/2/1375 1787/42/1415
f 1668/316/1661 1885/344/1674 1648/252/1608
f 1788/189/1554 1692/268/1621 1686/287/1637
f 1788/189/1554 1805/225/1589 1656/190/1555
f 1758/358/1683 1789/372/1691 1752/216/1580
f 1752/216/1580 1889/137/1507 1694/217/1581
f 1790/370/1652 1892/197/1562 1833/369/1689
f 1892/197/1562 1790/370/1652 1765/196/1561
f 1767/91/1464 1791/159/1529 1662/92/1465
f 1628/239/1596 1662/92/1465 1791/159/1529
f 1820/97/1470 1792/142/1512 1772/98/1471
f 1772/98/1471 1792/142/1512 1682/108/1481
f 1607/302/1650 1793/162/1532 1696/174/1542
f 1607/302/1650 1851/26/1399 1793/162/1532
f 1912/129/1500 1848/183/1549 1794/130/1501
f 1648/252/1608 1794/130/1501 1848/183/1549
f 1795/291/1641 1625/120/1493 1627/122/1495
f 1803/125/1498 1840/249/1605 1797/261/1604
f 1611/294/1644 1744/99/1472 1796/373/1419
f 1796/373/1419 1744/99/1472 1623/285/1636
f 1739/246/1602 1797/248/1604 1800/374/1654
f 1795/291/1641 1800/307/1654 1797/261/1604
f 1608/283/1634 1798/44/1417 1769/96/1469
f 1697/303/1651 1798/44/1417 1608/283/1634
f 1909/342/1535 1799/343/1665 1728/340/1673
f 1757/16/1389 1799/323/1665 1711/244/1600
f 1627/122/1495 1807/308/1655 1800/307/1654
f 1800/307/1654 1795/291/1641 1627/122/1495
f 1691/20/1393 1801/313/1658 1703/7/1380
f 1703/7/1380 1801/313/1658 1642/259/1614
f 1802/238/1437 1774/267/1620 1692/268/1621
f 1788/189/1554 1802/238/1437 1692/268/1621
f 1675/123/1496 1803/125/1498 1673/40/1413
f 1803/125/1498 1665/262/1603 1867/260/1615
f 1649/205/1569 1670/201/1565 1804/368/1688
f 1649/205/1569 1811/50/1423 1844/49/1422
f 1686/287/1637 1740/288/1638 1805/225/1589
f 1686/287/1637 1805/225/1589 1788/189/1554
f 1699/152/1522 1650/208/1572 1806/78/1451
f 1650/208/1572 1709/76/1449 1806/78/1451
f 1707/121/1494 1764/37/1410 1807/308/1655
f 1627/122/1495 1707/121/1494 1807/308/1655
f 1752/216/1580 1808/85/1458 1916/345/1675
f 1808/85/1458 1763/84/1457 1916/345/1675
f 1809/321/1394 1663/116/1489 1609/241/1598
f 1725/9/1382 1828/11/1384 1609/339/1598
f 1776/173/1541 1810/24/1397 1607/302/1650
f 1810/24/1397 1851/26/1399 1607/302/1650
f 1901/195/1560 1824/206/1570 1624/139/1509
f 1901/195/1560 1649/205/1569 1824/206/1570
f 1812/326/1666 1912/129/1500 1710/156/1526
f 1812/326/1666 1710/156/1526 1782/126/1433
f 1714/327/1391 1813/375/1538 1709/76/1449
f 1714/18/1391 1691/20/1393 1915/295/1645
f 1626/3/1376 1814/117/1490 1601/119/1492
f 1814/117/1490 1827/371/1690 1618/266/1619
f 1714/327/1391 1709/76/1449 1815/166/1536
f 1650/208/1572 1815/166/1536 1709/76/1449
f 1816/351/1679 1770/280/1633 1623/285/1636
f 1623/285/1636 1744/99/1472 1816/351/1679
f 1615/12/1385 1817/51/1424 1674/212/1576
f 1817/51/1424 1751/52/1425 1913/264/1617
f 1715/328/1667 1765/363/1561 1818/34/1407
f 1818/34/1407 1646/153/1523 1715/328/1667
f 1819/176/1544 1640/175/1543 1696/174/1542
f 1830/204/1568 1886/341/1533 1728/340/1673
f 1874/293/1643 1820/97/1470 1611/294/1644
f 1689/101/1474 1792/142/1512 1820/97/1470
f 1821/318/1663 1847/87/1460 1705/274/1627
f 1859/353/1681 1821/318/1663 1705/274/1627
f 1822/193/1558 1717/330/1669 1645/331/1670
f 1872/365/1687 1717/330/1669 1822/193/1558
f 1806/78/1451 1823/155/1525 1646/153/1523
f 1806/78/1451 1617/77/1450 1823/155/1525
f 1824/206/1570 1804/368/1688 1862/254/1610
f 1649/205/1569 1804/368/1688 1824/206/1570
f 1825/301/1480 1742/376/1593 1695/300/1649
f 1825/377/1480 1629/232/1479 1742/231/1593
f 1782/60/1433 1784/59/1432 1826/240/1597
f 1670/201/1565 1826/240/1597 1862/254/1610
f 1626/3/1376 1787/42/1415 1827/371/1690
f 1626/3/1376 1827/371/1690 1814/117/1490
f 1809/321/1394 1609/241/1598 1828/378/1384
f 1828/379/1384 1698/22/1395 1809/21/1394
f 1651/227/1591 1829/209/1573 1781/228/1592
f 1669/210/1574 1829/209/1573 1854/255/1611
f 1861/187/1552 1640/186/1543 1830/204/1568
f 1640/186/1543 1886/341/1533 1830/204/1568
f 1831/336/1632 1632/36/1409 1604/25/1398
f 1831/279/1632 1604/281/1398 1770/280/1633
f 1832/124/1497 1687/290/1640 1795/291/1641
f 1876/292/1642 1687/290/1640 1832/124/1497
f 1833/369/1689 1785/13/1386 1837/172/1540
f 1833/369/1689 1697/303/1651 1852/284/1635
f 1736/273/1626 1834/89/1462 1614/90/1463
f 1834/89/1462 1702/88/1461 1614/90/1463
f 1732/160/1530 1758/358/1683 1835/219/1583
f 1637/161/1531 1732/160/1530 1835/219/1583
f 1799/343/1665 1836/41/1414 1728/340/1673
f 1830/204/1568 1728/340/1673 1836/41/1414
f 1798/44/1417 1697/303/1651 1837/172/1540
f 1697/303/1651 1833/369/1689 1837/172/1540
f 1624/139/1509 1838/207/1571 1647/112/1485
f 1647/112/1485 1838/207/1571 1908/58/1431
f 1911/133/1503 1616/132/1502 1660/235/1557
f 1840/249/1605 1795/291/1641 1797/261/1604
f 1795/291/1641 1840/249/1605 1832/124/1497
f 1872/365/1687 1822/193/1558 1660/192/1557
f 1842/265/1618 1746/39/1412 1846/38/1411
f 1842/265/1618 1856/299/1648 1746/39/1412
f 1917/296/1646 1802/64/1437 1843/118/1491
f 1814/117/1490 1618/266/1619 1843/118/1491
f 1844/49/1422 1749/202/1566 1649/205/1569
f 1693/80/1453 1749/202/1566 1844/49/1422
f 1869/74/1447 1845/69/1442 1622/337/1477
f 1641/178/1546 1622/104/1477 1845/179/1442
f 1683/32/1405 1842/265/1618 1846/38/1411
f 1683/32/1405 1846/38/1411 1608/283/1634
f 1847/87/1460 1747/312/1657 1702/88/1461
f 1847/87/1460 1703/7/1380 1747/312/1657
f 1643/314/1659 1668/316/1661 1848/183/1549
f 1848/183/1549 1668/316/1661 1648/252/1608
f 1831/336/1632 1849/115/1488 1632/36/1409
f 1764/37/1410 1632/36/1409 1849/115/1488
f 1868/93/1466 1850/95/1468 1763/84/1457
f 1763/84/1457 1850/95/1468 1866/151/1521
f 1658/234/1595 1851/26/1399 1653/233/1594
f 1851/26/1399 1764/37/1410 1653/233/1594
f 1639/171/1408 1852/284/1635 1846/38/1411
f 1639/171/1408 1833/369/1689 1852/284/1635
f 1786/100/1473 1853/348/1677 1792/142/1512
f 1786/100/1473 1621/8/1381 1853/348/1677
f 1854/255/1611 1829/209/1573 1651/227/1591
f 1671/256/1612 1854/255/1611 1651/227/1591
f 1808/85/1458 1856/299/1648 1855/135/1505
f 1605/31/1404 1855/135/1505 1856/299/1648
f 1694/217/1581 1856/299/1648 1808/85/1458
f 1856/299/1648 1694/217/1581 1675/123/1496
f 1681/198/1524 1633/356/1514 1857/199/1563
f 1741/29/1402 1780/28/1401 1858/222/1586
f 1780/28/1401 1761/47/1420 1887/184/1550
f 1745/349/1678 1859/353/1681 1705/274/1627
f 1859/353/1681 1745/349/1678 1691/20/1393
f 1677/269/1622 1605/31/1404 1860/30/1403
f 1677/269/1622 1860/30/1403 1769/96/1469
f 1885/344/1674 1727/317/1662 1861/187/1552
f 1861/187/1552 1729/203/1567 1885/344/1674
f 1784/59/1432 1862/254/1610 1826/240/1597
f 1838/207/1571 1862/254/1610 1784/59/1432
f 1863/71/1444 1822/193/1558 1680/276/1629
f 1713/140/1510 1863/71/1444 1680/276/1629
f 1655/63/1436 1741/350/1402 1864/221/1585
f 1655/63/1436 1864/221/1585 1755/157/1527
f 1865/136/1506 1832/124/1497 1675/123/1496
f 1694/217/1581 1865/136/1506 1675/123/1496
f 1866/151/1521 1757/16/1389 1630/15/1388
f 1916/345/1675 1866/151/1521 1630/15/1388
f 1867/260/1615 1846/38/1411 1673/40/1413
f 1673/40/1413 1803/125/1498 1867/260/1615
f 1868/93/1466 1620/270/1623 1677/269/1622
f 1891/86/1459 1868/93/1466 1763/84/1457
f 1601/119/1492 1678/67/1440 1869/74/1447
f 1678/67/1440 1845/69/1442 1869/74/1447
f 1760/362/1686 1776/286/1541 1870/185/1551
f 1907/352/1680 1870/185/1551 1727/317/1662
f 1747/312/1657 1619/6/1379 1871/61/1434
f 1619/6/1379 1621/8/1381 1871/61/1434
f 1841/146/1516 1612/79/1452 1872/365/1687
f 1841/146/1516 1872/365/1687 1660/192/1557
f 1805/225/1589 1723/289/1639 1873/224/1588
f 1873/224/1588 1723/289/1639 1881/220/1584
f 1874/293/1643 1689/101/1474 1820/97/1470
f 1874/293/1643 1871/61/1434 1689/101/1474
f 1713/140/1510 1875/275/1628 1624/139/1509
f 1713/140/1510 1680/276/1629 1875/275/1628
f 1789/372/1691 1758/358/1683 1876/292/1642
f 1789/372/1691 1889/137/1507 1752/216/1580
f 1888/54/1427 1841/357/1516 1877/147/1517
f 1877/147/1517 1841/357/1516 1660/235/1557
f 1878/4/1377 1606/215/1579 1756/214/1578
f 1606/215/1579 1878/4/1377 1726/111/1484
f 1867/260/1615 1879/347/1668 1734/170/1539
f 1734/332/1539 1879/329/1668 1646/153/1523
f 1717/330/1669 1880/81/1454 1645/331/1670
f 1880/81/1454 1768/48/1421 1645/331/1670
f 1881/220/1584 1654/45/1418 1615/12/1385
f 1743/43/1416 1654/45/1418 1881/220/1584
f 1882/177/1545 1637/161/1531 1766/164/1534
f 1882/177/1545 1793/162/1532 1637/161/1531
f 1716/211/1575 1641/178/1546 1883/188/1553
f 1716/211/1575 1883/188/1553 1781/228/1592
f 1684/263/1616 1884/103/1476 1910/181/1548
f 1884/103/1476 1684/263/1616 1897/134/1504
f 1668/316/1661 1704/315/1660 1885/344/1674
f 1727/317/1662 1885/344/1674 1704/315/1660
f 1640/175/1543 1819/176/1544 1886/163/1533
f 1819/176/1544 1882/177/1545 1886/163/1533
f 1780/28/1401 1887/184/1550 1858/222/1586
f 1858/222/1586 1887/184/1550 1912/129/1500
f 1841/357/1516 1888/54/1427 1857/199/1563
f 1888/54/1427 1900/53/1426 1857/199/1563
f 1789/372/1691 1876/292/1642 1889/137/1507
f 1876/292/1642 1832/124/1497 1889/137/1507
f 1890/62/1435 1874/293/1643 1611/294/1644
f 1890/62/1435 1894/380/1400 1741/350/1402
f 1620/270/1623 1868/93/1466 1891/86/1459
f 1891/86/1459 1855/135/1505 1620/270/1623
f 1785/13/1386 1892/197/1562 1903/14/1387
f 1833/369/1689 1892/197/1562 1785/13/1386
f 1700/311/1656 1893/72/1445 1666/141/1511
f 1897/134/1504 1700/381/1656 1720/250/1606
f 1611/294/1644 1796/373/1419 1894/380/1400
f 1890/62/1435 1611/294/1644 1894/380/1400
f 1702/88/1461 1895/382/1692 1767/91/1464
f 1767/91/1464 1895/382/1692 1755/157/1527
f 1896/367/1685 1644/237/1438 1779/354/1682
f 1644/65/1438 1896/360/1685 1759/272/1625
f 1700/381/1656 1897/134/1504 1893/131/1445
f 1684/263/1616 1893/131/1445 1897/134/1504
f 1754/226/1590 1898/257/1613 1651/227/1591
f 1671/256/1612 1651/227/1591 1898/257/1613
f 1895/382/1692 1702/88/1461 1899/359/1684
f 1895/382/1692 1899/359/1684 1755/157/1527
f 1900/53/1426 1613/200/1564 1857/199/1563
f 1905/278/1631 1613/200/1564 1903/14/1387
f 1811/50/1423 1649/205/1569 1901/195/1560
f 1901/195/1560 1768/48/1421 1811/50/1423
f 1748/383/1441 1896/367/1685 1902/180/1547
f 1902/180/1547 1845/179/1442 1748/383/1441
f 1903/14/1387 1613/200/1564 1900/53/1426
f 1817/51/1424 1903/14/1387 1900/53/1426
f 1617/333/1450 1904/298/1647 1906/334/1671
f 1709/168/1449 1904/298/1647 1617/333/1450
f 1905/364/1631 1765/363/1561 1715/328/1667
f 1765/196/1561 1905/278/1631 1903/14/1387
f 1906/334/1671 1904/298/1647 1693/80/1453
f 1906/334/1671 1693/80/1453 1612/79/1452
f 1760/362/1686 1870/185/1551 1907/352/1680
f 1907/352/1680 1623/361/1636 1760/362/1686
f 1908/58/1431 1719/113/1486 1647/112/1485
f 1908/128/1431 1726/111/1484 1719/229/1486
f 1909/165/1535 1766/164/1534 1711/244/1600
f 1799/323/1665 1909/165/1535 1711/244/1600
f 1898/257/1613 1910/181/1548 1671/256/1612
f 1671/256/1612 1910/181/1548 1783/102/1475
f 1911/384/1503 1660/192/1557 1839/70/1443
f 1911/384/1503 1839/70/1443 1893/72/1445
f 1920/385/1693 1858/222/1586 1912/129/1500
f 1812/326/1666 1920/385/1693 1912/129/1500
f 1674/212/1576 1817/51/1424 1913/264/1617
f 1913/264/1617 1616/132/1502 1674/212/1576
f 1663/116/1489 1914/320/1653 1807/308/1655
f 1807/308/1655 1914/320/1653 1739/309/1602
f 1915/295/1645 1813/169/1538 1714/18/1391
f 1679/167/1537 1813/169/1538 1915/295/1645
f 1730/218/1582 1916/345/1675 1778/17/1390
f 1730/218/1582 1835/219/1583 1916/345/1675
f 1618/266/1619 1676/82/1455 1917/296/1646
f 1843/118/1491 1618/266/1619 1917/296/1646
f 1918/191/1556 1902/180/1547 1779/354/1682
f 1788/189/1554 1918/191/1556 1779/354/1682
f 1825/301/1480 1724/75/1448 1919/386/1478
f 1724/75/1448 1622/337/1477 1919/386/1478
f 1920/385/1693 1636/223/1587 1858/222/1586
f 1636/223/1587 1920/385/1693 1812/326/1666
