# Blender 4.1.0
# www.blender.org
mtllib SideHill_Rock.mtl
o stone_big_2.002
v -0.417573 0.057402 -0.161330
v -0.391493 0.111497 -0.205863
v -0.378599 0.078487 -0.155073
v -0.371989 0.119897 -0.205804
v -0.422455 0.077303 -0.152548
v -0.377432 0.095924 -0.203694
v -0.429433 0.136995 -0.195233
v -0.389881 0.110911 -0.138033
v -0.425843 0.109787 -0.210068
v -0.378845 0.133689 -0.154914
v -0.392862 0.047178 -0.160563
v -0.386437 0.053330 -0.175215
v -0.399815 0.136088 -0.163619
v -0.410893 0.054791 -0.181662
v -0.422506 0.076611 -0.162794
v -0.422523 0.108115 -0.142471
v -0.397998 0.135892 -0.182597
v -0.382828 0.129626 -0.207501
v -0.370898 0.105969 -0.196333
v -0.404987 0.061304 -0.150926
v -0.375852 0.118601 -0.139126
v -0.430762 0.099347 -0.196678
v -0.405580 0.053685 -0.153844
v -0.406371 0.133620 -0.204770
v -0.369731 0.129924 -0.162455
v -0.427461 0.100923 -0.206777
v -0.381999 0.133061 -0.142727
v -0.380022 0.083430 -0.192637
v -0.433295 0.105136 -0.170141
v -0.393157 0.074384 -0.151110
v -0.367154 0.125483 -0.196219
v -0.422526 0.063671 -0.170957
v -0.408127 0.137414 -0.187392
v -0.424284 0.069949 -0.196770
v -0.419310 0.134142 -0.210070
v -0.413487 0.052251 -0.170185
v -0.407427 0.124788 -0.211349
v -0.391776 0.123583 -0.132768
v -0.378090 0.084842 -0.186894
v -0.390411 0.133411 -0.139215
v -0.431032 0.088349 -0.194303
v -0.387592 0.053108 -0.178377
v -0.387297 0.121375 -0.207591
v -0.426563 0.096616 -0.149470
v -0.397859 0.055060 -0.179901
v -0.428189 0.129281 -0.208922
v -0.374328 0.129909 -0.199302
v -0.417625 0.057165 -0.185948
v -0.435370 0.128242 -0.182690
v -0.368124 0.124715 -0.150909
v -0.433478 0.138565 -0.176209
v -0.406779 0.099659 -0.203321
v -0.433300 0.092066 -0.172805
v -0.388632 0.136114 -0.168998
v -0.383100 0.068401 -0.161936
v -0.415414 0.137920 -0.179077
v -0.408946 0.099847 -0.204695
v -0.426922 0.099565 -0.152889
v -0.369976 0.111557 -0.160890
v -0.418861 0.137195 -0.196019
v -0.430856 0.098955 -0.162040
v -0.421918 0.070502 -0.156223
v -0.372653 0.107254 -0.183701
v -0.432490 0.114664 -0.164091
v -0.381776 0.130927 -0.198173
v -0.426831 0.114544 -0.206844
v -0.428871 0.062529 -0.189802
v -0.421633 0.119548 -0.212223
v -0.385842 0.064826 -0.156548
v -0.425316 0.090424 -0.149970
v -0.391257 0.128056 -0.208814
v -0.365289 0.124507 -0.177626
v -0.429224 0.062564 -0.185730
v -0.398117 0.131459 -0.208661
v -0.434938 0.135460 -0.186758
v -0.422467 0.057799 -0.184823
v -0.402617 0.117505 -0.135096
v -0.387665 0.049169 -0.170147
v -0.406912 0.068861 -0.148523
v -0.427789 0.135090 -0.156293
v -0.384390 0.063944 -0.181190
v -0.391891 0.131557 -0.204835
v -0.371843 0.103480 -0.147931
v -0.396960 0.084504 -0.201463
v -0.419159 0.128668 -0.214247
v -0.427860 0.084631 -0.160543
v -0.403246 0.048606 -0.165367
v -0.384838 0.102546 -0.142693
v -0.428412 0.082377 -0.167901
v -0.376460 0.091690 -0.193037
v -0.397256 0.087717 -0.145548
v -0.430687 0.074511 -0.184665
v -0.394391 0.083445 -0.149295
v -0.431299 0.083732 -0.185122
v -0.369821 0.111920 -0.147734
v -0.393958 0.095087 -0.202940
v -0.425462 0.079227 -0.155873
v -0.399797 0.052092 -0.175870
v -0.372887 0.126006 -0.138609
v -0.421550 0.119996 -0.143945
v -0.375529 0.092661 -0.147135
v -0.404471 0.133847 -0.141976
v -0.374251 0.133891 -0.166713
v -0.377462 0.083310 -0.167613
v -0.404358 0.064160 -0.191056
v -0.402622 0.087652 -0.144141
v -0.424170 0.134833 -0.209064
v -0.403478 0.055996 -0.186572
v -0.371796 0.098005 -0.156467
v -0.405243 0.049764 -0.156524
v -0.408185 0.134928 -0.152018
v -0.429576 0.076905 -0.176639
v -0.370815 0.104992 -0.189075
v -0.414673 0.084906 -0.147597
v -0.382373 0.134697 -0.153488
v -0.409613 0.092485 -0.145605
v -0.436283 0.113667 -0.169844
v -0.410865 0.099968 -0.142820
v -0.374591 0.105919 -0.143248
v -0.419172 0.069792 -0.154086
v -0.380943 0.074925 -0.165472
v -0.395129 0.047626 -0.170440
v -0.382470 0.070557 -0.155280
v -0.427722 0.072983 -0.197082
v -0.370061 0.130442 -0.183494
v -0.385921 0.063780 -0.191059
v -0.373998 0.093109 -0.148852
v -0.412098 0.125783 -0.140881
v -0.380732 0.081353 -0.150715
v -0.386417 0.127687 -0.134299
v -0.432771 0.127226 -0.163005
v -0.421555 0.069764 -0.165438
v -0.417013 0.132527 -0.146711
v -0.426488 0.081095 -0.199559
v -0.366664 0.118367 -0.176310
v -0.384947 0.071124 -0.197422
v -0.381780 0.126306 -0.208225
v -0.432660 0.137804 -0.189016
v -0.410721 0.116252 -0.209836
v -0.399245 0.077497 -0.199910
v -0.367082 0.127224 -0.163562
v -0.432661 0.117650 -0.194292
v -0.423608 0.130355 -0.147713
v -0.419113 0.062088 -0.161929
v -0.369533 0.128342 -0.178150
v -0.365713 0.127284 -0.168929
v -0.411869 0.054603 -0.156793
v -0.417820 0.136546 -0.168066
v -0.373403 0.129784 -0.193128
v -0.408032 0.086661 -0.200607
v -0.430670 0.108700 -0.157381
v -0.374659 0.092038 -0.173473
v -0.417632 0.075056 -0.198245
v -0.397620 0.128864 -0.211064
v -0.426636 0.063692 -0.177693
v -0.374816 0.104884 -0.204159
v -0.418292 0.066981 -0.192471
v -0.389117 0.055649 -0.158755
v -0.386150 0.084764 -0.149555
v -0.392584 0.129556 -0.134634
v -0.374827 0.088765 -0.159297
v -0.382484 0.122854 -0.135603
v -0.373252 0.099928 -0.200988
v -0.404868 0.072930 -0.196789
v -0.385123 0.105768 -0.205859
v -0.430513 0.093683 -0.202660
v -0.429529 0.087201 -0.162325
v -0.430109 0.119878 -0.206607
v -0.370134 0.107729 -0.161667
v -0.388031 0.054618 -0.164269
v -0.428409 0.081197 -0.198510
v -0.380479 0.086428 -0.201620
v -0.400541 0.064583 -0.192777
v -0.432905 0.135847 -0.165171
v -0.407087 0.066795 -0.190828
v -0.370732 0.113316 -0.170743
v -0.425147 0.126931 -0.211575
v -0.396037 0.060228 -0.153939
v -0.374319 0.093175 -0.200031
v -0.382907 0.117516 -0.137321
v -0.381870 0.071582 -0.185244
v -0.426268 0.059448 -0.183373
v -0.410216 0.079067 -0.200119
v -0.422740 0.081513 -0.152057
v -0.425065 0.120714 -0.212225
v -0.434097 0.100329 -0.172791
v -0.374249 0.132172 -0.183205
v -0.432157 0.104076 -0.190985
v -0.394280 0.116234 -0.135218
v -0.425019 0.117721 -0.210402
v -0.430419 0.109726 -0.205003
v -0.368320 0.124969 -0.143437
v -0.380834 0.132440 -0.192189
v -0.376600 0.111912 -0.206585
v -0.384442 0.112091 -0.139895
v -0.429861 0.078504 -0.193295
v -0.417020 0.054876 -0.177164
v -0.405005 0.136145 -0.194020
v -0.432890 0.110663 -0.186779
v -0.392969 0.103469 -0.141029
v -0.369701 0.127579 -0.154596
v -0.383200 0.072699 -0.196949
v -0.431598 0.132331 -0.200864
v -0.419242 0.136220 -0.159436
v -0.403353 0.050522 -0.175947
v -0.374402 0.103313 -0.183202
v -0.368401 0.126642 -0.187422
v -0.429182 0.136772 -0.163492
v -0.377140 0.135670 -0.171396
v -0.386589 0.135464 -0.184510
v -0.430277 0.130615 -0.207257
v -0.417478 0.060459 -0.158389
v -0.395228 0.046769 -0.163842
v -0.372850 0.127469 -0.140369
v -0.372890 0.123994 -0.207475
v -0.366200 0.124352 -0.188542
v -0.405383 0.135974 -0.178891
v -0.416409 0.112573 -0.140734
v -0.437152 0.120235 -0.168182
v -0.424144 0.059139 -0.177612
v -0.419616 0.127132 -0.144934
v -0.427950 0.105941 -0.206934
v -0.434748 0.118260 -0.166919
v -0.402685 0.093925 -0.143238
v -0.402560 0.077506 -0.147618
v -0.402739 0.108518 -0.138531
v -0.372446 0.111201 -0.176005
v -0.433175 0.088238 -0.176403
v -0.393292 0.103099 -0.204538
v -0.433033 0.120491 -0.163286
v -0.383504 0.068242 -0.170465
v -0.368658 0.117334 -0.169049
v -0.431172 0.095574 -0.189784
v -0.433128 0.135906 -0.194054
v -0.382854 0.069750 -0.174871
v -0.393275 0.116061 -0.206914
v -0.395758 0.067982 -0.194684
v -0.369446 0.117079 -0.143803
v -0.427387 0.100954 -0.151831
v -0.407283 0.075914 -0.146471
v -0.427409 0.064932 -0.192939
v -0.437218 0.135621 -0.171241
v -0.406979 0.049575 -0.158584
v -0.369161 0.113282 -0.178172
v -0.391043 0.132928 -0.198459
v -0.383708 0.078582 -0.200251
v -0.429802 0.083312 -0.172340
v -0.395487 0.057347 -0.187735
v -0.378932 0.080391 -0.175279
v -0.406639 0.080586 -0.145496
v -0.387346 0.062467 -0.191364
v -0.370766 0.109300 -0.168485
v -0.411137 0.073284 -0.196200
v -0.387860 0.064405 -0.154686
v -0.437511 0.131663 -0.169998
v -0.405129 0.076634 -0.199566
v -0.401087 0.106830 -0.204586
v -0.434571 0.112837 -0.175656
v -0.423533 0.135598 -0.155992
v -0.430338 0.105750 -0.206179
v -0.393998 0.119530 -0.133509
v -0.427016 0.122077 -0.207601
v -0.371566 0.125530 -0.205003
v -0.420895 0.070304 -0.160448
v -0.428875 0.095270 -0.204966
v -0.380390 0.136310 -0.166422
v -0.386717 0.125347 -0.133329
v -0.424318 0.077251 -0.160269
v -0.370078 0.126602 -0.198960
v -0.426471 0.138413 -0.187495
v -0.381626 0.127763 -0.135838
v -0.428614 0.069330 -0.178818
v -0.392640 0.135084 -0.185063
v -0.414241 0.109661 -0.140209
v -0.390983 0.074686 -0.198611
v -0.434325 0.137280 -0.169012
v -0.381607 0.081668 -0.200321
v -0.387598 0.055825 -0.183552
v -0.395105 0.092514 -0.143978
v -0.425228 0.133122 -0.150365
v -0.383961 0.072608 -0.153182
v -0.422165 0.132761 -0.149773
v -0.428496 0.096512 -0.157661
v -0.414167 0.129987 -0.143723
v -0.408281 0.061809 -0.188797
v -0.427137 0.073109 -0.173223
v -0.370512 0.114546 -0.198891
v -0.411081 0.069868 -0.193176
v -0.436014 0.125837 -0.167415
v -0.412662 0.077444 -0.149103
v -0.377265 0.089444 -0.190131
v -0.406701 0.127001 -0.210378
v -0.425698 0.081086 -0.163999
v -0.410509 0.136968 -0.175338
v -0.386341 0.129131 -0.207515
v -0.409879 0.089519 -0.144837
v -0.419003 0.138409 -0.188386
v -0.424029 0.119953 -0.147104
v -0.371696 0.100843 -0.153688
v -0.385330 0.054472 -0.179296
v -0.401547 0.092748 -0.201712
v -0.370629 0.112321 -0.143903
v -0.405790 0.052402 -0.178088
v -0.421438 0.134459 -0.153638
v -0.374442 0.111657 -0.205655
v -0.411659 0.133905 -0.206154
v -0.376441 0.089811 -0.183033
v -0.378282 0.088276 -0.200799
v -0.388906 0.057263 -0.187581
v -0.430931 0.115939 -0.200560
v -0.422311 0.060576 -0.189216
v -0.422399 0.112949 -0.143428
v -0.376576 0.086396 -0.176500
v -0.365800 0.125328 -0.184288
v -0.396270 0.097633 -0.142903
v -0.370001 0.129347 -0.180931
v -0.377864 0.091069 -0.203199
v -0.434708 0.108083 -0.172921
v -0.418711 0.116320 -0.142840
v -0.384522 0.064034 -0.160395
v -0.401557 0.099402 -0.203221
v -0.376308 0.129349 -0.205119
v -0.380971 0.076763 -0.171962
v -0.394636 0.112301 -0.205155
v -0.389949 0.048037 -0.165584
v -0.412780 0.056056 -0.185633
v -0.370520 0.127802 -0.192299
v -0.414283 0.062153 -0.188887
v -0.413597 0.098403 -0.204852
v -0.388291 0.096944 -0.144334
v -0.416690 0.120057 -0.142156
v -0.408608 0.056075 -0.185473
v -0.415605 0.093554 -0.202879
v -0.395429 0.131097 -0.135949
v -0.421684 0.059182 -0.170879
v -0.409853 0.092560 -0.202061
v -0.417629 0.058591 -0.163855
v -0.394497 0.135150 -0.181144
v -0.431200 0.077561 -0.180215
v -0.372691 0.128224 -0.203405
v -0.425532 0.136368 -0.201225
v -0.381345 0.072065 -0.179601
v -0.380686 0.113751 -0.139539
v -0.423434 0.097188 -0.146671
v -0.380580 0.076130 -0.184636
v -0.372953 0.131782 -0.175494
v -0.423874 0.105374 -0.208665
v -0.385274 0.058581 -0.166555
v -0.433226 0.121778 -0.191542
v -0.373589 0.093452 -0.167447
v -0.415779 0.055645 -0.163975
v -0.415841 0.056436 -0.158669
v -0.355837 0.083203 -0.161791
v -0.333997 0.139730 -0.205579
v -0.319426 0.108134 -0.154345
v -0.315460 0.150069 -0.204920
v -0.362993 0.102492 -0.153205
v -0.318501 0.125664 -0.202937
v -0.374650 0.161223 -0.196202
v -0.334480 0.139219 -0.137731
v -0.367844 0.134541 -0.210865
v -0.325289 0.163024 -0.154298
v -0.330251 0.075544 -0.160224
v -0.324025 0.082337 -0.174677
v -0.346108 0.163290 -0.163666
v -0.348286 0.081312 -0.181896
v -0.362649 0.101813 -0.163447
v -0.366512 0.133125 -0.143194
v -0.343681 0.163305 -0.182577
v -0.327172 0.158648 -0.206977
v -0.313258 0.136312 -0.195393
v -0.344048 0.088351 -0.151001
v -0.321278 0.148298 -0.138395
v -0.372097 0.123637 -0.197618
v -0.343771 0.080715 -0.153923
v -0.351075 0.160223 -0.204999
v -0.315606 0.160216 -0.161541
v -0.368656 0.125554 -0.207610
v -0.328747 0.162062 -0.142216
v -0.320156 0.112956 -0.191944
v -0.376045 0.129102 -0.171185
v -0.333610 0.102566 -0.150836
v -0.311523 0.156105 -0.195197
v -0.361095 0.088948 -0.171581
v -0.353756 0.163795 -0.187692
v -0.362664 0.095050 -0.197449
v -0.363826 0.159434 -0.210706
v -0.350970 0.078506 -0.170503
v -0.351018 0.151338 -0.211591
v -0.337820 0.151626 -0.132553
v -0.318559 0.114550 -0.186146
v -0.337257 0.161550 -0.138972
v -0.371323 0.112665 -0.195232
v -0.325051 0.082003 -0.177874
v -0.330774 0.149985 -0.207193
v -0.369139 0.121284 -0.150295
v -0.335409 0.082903 -0.179725
v -0.372196 0.153694 -0.209830
v -0.319009 0.159783 -0.198514
v -0.355086 0.082995 -0.186398
v -0.380060 0.151895 -0.183836
v -0.313843 0.155181 -0.149940
v -0.379434 0.162348 -0.177318
v -0.348073 0.126395 -0.203499
v -0.374636 0.116104 -0.173823
v -0.334821 0.164460 -0.168689
v -0.322659 0.097651 -0.161328
v -0.361316 0.163547 -0.179613
v -0.350203 0.126364 -0.204941
v -0.369687 0.124185 -0.153730
v -0.314031 0.141917 -0.159949
v -0.364133 0.162498 -0.196654
v -0.373247 0.123191 -0.162999
v -0.361651 0.095787 -0.156848
v -0.315533 0.137395 -0.182825
v -0.376404 0.138655 -0.165130
v -0.326554 0.160036 -0.197623
v -0.369413 0.139168 -0.207683
v -0.366691 0.087193 -0.190616
v -0.364583 0.144682 -0.212904
v -0.325192 0.093809 -0.156023
v -0.367253 0.115251 -0.150744
v -0.335352 0.156231 -0.208553
v -0.310158 0.155299 -0.176553
v -0.367174 0.087186 -0.186557
v -0.342524 0.158918 -0.208623
v -0.380236 0.159125 -0.187902
v -0.360000 0.083132 -0.185428
v -0.347907 0.144480 -0.135211
v -0.324983 0.078066 -0.169643
v -0.346807 0.095670 -0.148675
v -0.374054 0.159443 -0.157226
v -0.322879 0.093113 -0.180605
v -0.336464 0.159644 -0.204602
v -0.315476 0.133675 -0.147040
v -0.336827 0.112315 -0.201303
v -0.362986 0.154009 -0.214866
v -0.368859 0.109244 -0.161381
v -0.340570 0.075915 -0.165356
v -0.328468 0.131417 -0.142214
v -0.368946 0.106955 -0.168749
v -0.317441 0.121537 -0.192247
v -0.339218 0.115406 -0.145432
v -0.369878 0.098921 -0.185561
v -0.335816 0.111452 -0.149078
v -0.371410 0.108033 -0.186055
v -0.314330 0.142276 -0.146795
v -0.334872 0.123150 -0.202704
v -0.366072 0.104105 -0.156627
v -0.337162 0.079748 -0.175752
v -0.319099 0.155965 -0.137799
v -0.366706 0.145044 -0.144659
v -0.318066 0.122536 -0.146341
v -0.351194 0.160559 -0.142177
v -0.320369 0.163708 -0.165946
v -0.318390 0.113064 -0.166852
v -0.342444 0.091310 -0.191097
v -0.344591 0.114794 -0.144195
v -0.368760 0.159626 -0.209855
v -0.340881 0.083272 -0.186572
v -0.314603 0.128245 -0.155560
v -0.342953 0.076853 -0.156583
v -0.354680 0.161269 -0.152334
v -0.369270 0.101405 -0.177508
v -0.313306 0.135338 -0.188134
v -0.356185 0.110841 -0.148026
v -0.328944 0.163666 -0.152986
v -0.351987 0.118893 -0.145888
v -0.379892 0.137285 -0.170998
v -0.354081 0.126206 -0.143158
v -0.318605 0.135816 -0.142452
v -0.358916 0.095357 -0.154625
v -0.321066 0.104365 -0.164806
v -0.332239 0.075773 -0.170168
v -0.322462 0.099851 -0.154659
v -0.366381 0.097719 -0.197875
v -0.315321 0.160726 -0.182580
v -0.324073 0.092807 -0.190517
v -0.316536 0.123139 -0.148009
v -0.357993 0.151759 -0.141308
v -0.321977 0.110762 -0.150062
v -0.332860 0.156255 -0.133922
v -0.377996 0.151122 -0.164077
v -0.360923 0.095101 -0.166046
v -0.363381 0.157976 -0.147303
v -0.365901 0.105917 -0.200327
v -0.310943 0.149049 -0.175270
v -0.323650 0.100220 -0.196859
v -0.325770 0.155452 -0.207662
v -0.378137 0.161691 -0.190092
v -0.353473 0.142510 -0.210167
v -0.338436 0.105109 -0.199810
v -0.312662 0.157801 -0.162558
v -0.375923 0.141648 -0.195327
v -0.369686 0.155146 -0.148509
v -0.357826 0.087709 -0.162447
v -0.314751 0.158683 -0.177218
v -0.311137 0.158006 -0.167879
v -0.350024 0.080993 -0.157070
v -0.363917 0.161921 -0.168681
v -0.318272 0.159744 -0.192313
v -0.348083 0.113334 -0.200802
v -0.374201 0.132898 -0.158355
v -0.316304 0.122039 -0.172637
v -0.356523 0.100809 -0.198723
v -0.341690 0.156390 -0.211004
v -0.364970 0.088560 -0.178444
v -0.316796 0.134844 -0.203337
v -0.356541 0.092701 -0.192957
v -0.327446 0.084350 -0.158314
v -0.327747 0.113603 -0.149080
v -0.339171 0.157489 -0.134455
v -0.316587 0.118748 -0.158467
v -0.328416 0.151850 -0.135091
v -0.314837 0.130068 -0.200109
v -0.343661 0.099990 -0.196860
v -0.327080 0.134678 -0.205363
v -0.371085 0.118035 -0.203578
v -0.370723 0.111633 -0.163220
v -0.373222 0.144141 -0.207559
v -0.313774 0.138093 -0.160724
v -0.326087 0.083442 -0.163790
v -0.367854 0.105823 -0.199340
v -0.320630 0.115904 -0.200943
v -0.338638 0.092121 -0.192697
v -0.378937 0.159688 -0.166263
v -0.345432 0.093653 -0.190960
v -0.314650 0.143603 -0.169824
v -0.368849 0.151669 -0.212381
v -0.334944 0.088194 -0.153729
v -0.315242 0.123240 -0.199173
v -0.328240 0.146498 -0.136812
v -0.321022 0.100973 -0.184592
v -0.363993 0.084384 -0.184101
v -0.349498 0.105556 -0.200369
v -0.363720 0.106651 -0.152732
v -0.368114 0.145493 -0.213017
v -0.376270 0.124242 -0.173849
v -0.319670 0.162021 -0.182426
v -0.374146 0.128192 -0.191981
v -0.339485 0.144064 -0.135067
v -0.367821 0.142518 -0.211188
v -0.372548 0.134008 -0.205947
v -0.314300 0.155405 -0.142477
v -0.325961 0.161630 -0.191615
v -0.319208 0.141658 -0.205831
v -0.329134 0.140949 -0.139423
v -0.369190 0.102989 -0.194168
v -0.354529 0.080767 -0.177595
v -0.350313 0.162859 -0.194216
v -0.375677 0.134664 -0.187812
v -0.336699 0.131506 -0.140810
v -0.315586 0.157876 -0.153679
v -0.322088 0.101964 -0.196334
v -0.376150 0.156370 -0.201890
v -0.365571 0.161441 -0.160099
v -0.340536 0.077825 -0.175938
v -0.316888 0.133295 -0.182374
v -0.313159 0.157119 -0.186446
v -0.375382 0.160984 -0.164468
v -0.323274 0.165190 -0.170722
v -0.332234 0.164042 -0.184127
v -0.374460 0.154806 -0.208235
v -0.356146 0.086250 -0.158854
v -0.332458 0.074901 -0.163576
v -0.319156 0.157427 -0.139559
v -0.316719 0.154055 -0.206626
v -0.310703 0.155067 -0.187492
v -0.351150 0.162631 -0.179106
v -0.360941 0.138179 -0.141273
v -0.381477 0.143728 -0.169377
v -0.362032 0.084285 -0.178275
v -0.365478 0.152341 -0.145599
v -0.369648 0.130496 -0.207792
v -0.378925 0.142007 -0.168035
v -0.345320 0.121027 -0.143306
v -0.343387 0.104711 -0.147649
v -0.347006 0.135532 -0.138631
v -0.315973 0.141332 -0.175134
v -0.374009 0.112313 -0.177408
v -0.334974 0.131190 -0.204296
v -0.377562 0.144396 -0.164354
v -0.322775 0.097463 -0.169865
v -0.313050 0.147809 -0.168073
v -0.372340 0.119833 -0.190732
v -0.378251 0.159762 -0.195139
v -0.322143 0.099036 -0.174251
v -0.336199 0.144090 -0.206694
v -0.334167 0.095991 -0.194459
v -0.314606 0.147441 -0.142864
v -0.370324 0.125518 -0.152689
v -0.347957 0.102645 -0.146649
v -0.365382 0.089736 -0.193709
v -0.383010 0.159032 -0.172466
v -0.344594 0.076491 -0.158696
v -0.312849 0.143739 -0.177200
v -0.335962 0.161085 -0.198205
v -0.323087 0.107769 -0.199662
v -0.370283 0.107750 -0.173231
v -0.333036 0.085430 -0.187485
v -0.319312 0.110021 -0.174555
v -0.347823 0.107358 -0.145663
v -0.325347 0.091355 -0.190864
v -0.314347 0.139601 -0.167561
v -0.349949 0.099704 -0.196469
v -0.327215 0.093182 -0.154224
v -0.382938 0.155063 -0.171225
v -0.344209 0.103652 -0.199651
v -0.343102 0.134109 -0.204597
v -0.377922 0.136641 -0.176751
v -0.369883 0.160380 -0.156792
v -0.372026 0.130063 -0.207112
v -0.339594 0.147370 -0.133356
v -0.370339 0.146644 -0.208459
v -0.315637 0.155715 -0.204116
v -0.360480 0.095699 -0.161038
v -0.369545 0.119784 -0.205833
v -0.326728 0.165490 -0.165855
v -0.332951 0.153896 -0.132957
v -0.364596 0.102261 -0.160982
v -0.314458 0.156924 -0.198031
v -0.372094 0.162924 -0.188377
v -0.328055 0.156821 -0.135308
v -0.367475 0.093970 -0.179642
v -0.338194 0.163049 -0.184870
v -0.358506 0.135502 -0.140674
v -0.329977 0.103151 -0.198246
v -0.380373 0.160973 -0.170149
v -0.321310 0.111052 -0.199671
v -0.325169 0.084712 -0.183052
v -0.337616 0.120394 -0.143803
v -0.371494 0.157738 -0.151216
v -0.324220 0.101738 -0.152614
v -0.368431 0.157689 -0.150527
v -0.370791 0.120995 -0.158543
v -0.360388 0.155735 -0.144222
v -0.346177 0.088569 -0.188959
v -0.366567 0.097872 -0.174010
v -0.313666 0.144886 -0.197953
v -0.349642 0.096307 -0.193439
v -0.380939 0.149416 -0.168585
v -0.353378 0.103624 -0.149452
v -0.318105 0.119216 -0.189364
v -0.350552 0.153613 -0.210602
v -0.366240 0.105942 -0.164760
v -0.356460 0.163094 -0.175719
v -0.330615 0.157798 -0.207101
v -0.351974 0.115914 -0.145124
v -0.364640 0.163681 -0.189031
v -0.369067 0.144754 -0.147894
v -0.314880 0.131074 -0.152785
v -0.322911 0.083591 -0.178723
v -0.342219 0.120050 -0.201712
v -0.315296 0.142588 -0.142993
v -0.343082 0.079449 -0.178159
v -0.367758 0.159458 -0.154370
v -0.317066 0.141622 -0.204832
v -0.356318 0.159971 -0.206550
v -0.317548 0.119656 -0.182244
v -0.318661 0.117966 -0.200056
v -0.326489 0.086015 -0.187122
v -0.373830 0.140131 -0.201534
v -0.359988 0.085916 -0.189819
v -0.366850 0.137948 -0.144156
v -0.317542 0.116236 -0.175712
v -0.310539 0.156072 -0.183230
v -0.339329 0.125367 -0.142776
v -0.315230 0.159639 -0.180014
v -0.318453 0.120790 -0.202447
v -0.377661 0.131894 -0.174014
v -0.363544 0.141675 -0.143457
v -0.323678 0.093161 -0.159824
v -0.342857 0.126670 -0.203234
v -0.320737 0.159032 -0.204390
v -0.321075 0.106200 -0.171297
v -0.337226 0.140209 -0.204972
v -0.327283 0.076702 -0.165152
v -0.350166 0.082384 -0.185928
v -0.315230 0.158064 -0.191390
v -0.352177 0.088301 -0.189239
v -0.354676 0.124454 -0.205243
v -0.331280 0.125496 -0.143953
v -0.361937 0.145597 -0.142717
v -0.346024 0.082827 -0.185636
v -0.356241 0.119424 -0.203325
v -0.342115 0.158734 -0.135862
v -0.359804 0.084568 -0.171469
v -0.350448 0.119018 -0.202324
v -0.355933 0.084384 -0.164319
v -0.340171 0.162921 -0.181012
v -0.370839 0.101897 -0.181135
v -0.317080 0.158278 -0.202560
v -0.370518 0.161004 -0.202067
v -0.320728 0.101498 -0.178935
v -0.325579 0.142982 -0.138952
v -0.366174 0.122168 -0.147399
v -0.320221 0.105627 -0.183951
v -0.318586 0.161754 -0.174678
v -0.365482 0.130348 -0.209392
v -0.323677 0.087667 -0.165994
v -0.376991 0.145694 -0.192604
v -0.315575 0.123547 -0.166583
v -0.353791 0.081641 -0.164374
v -0.354101 0.082415 -0.159075
v -0.451277 0.048744 0.193106
v -0.402593 0.131284 0.110523
v -0.375084 0.061044 0.179875
v -0.367200 0.134495 0.099175
v -0.443520 0.082234 0.209741
v -0.388000 0.097893 0.105233
v -0.442851 0.191352 0.149694
v -0.366314 0.116893 0.213124
v -0.459733 0.147748 0.124463
v -0.344789 0.151272 0.181173
v -0.417655 0.018617 0.179441
v -0.411488 0.027919 0.153359
v -0.380845 0.168083 0.180369
v -0.452418 0.044654 0.158055
v -0.449130 0.083030 0.194116
v -0.421484 0.130710 0.225676
v -0.387625 0.170301 0.150310
v -0.379722 0.156524 0.103178
v -0.368446 0.109414 0.112757
v -0.424072 0.046417 0.201586
v -0.340512 0.122105 0.203255
v -0.466540 0.130869 0.147655
v -0.430696 0.034837 0.197357
v -0.413204 0.175203 0.121388
v -0.336315 0.141620 0.164187
v -0.465541 0.133536 0.130303
v -0.343983 0.149686 0.201643
v -0.393452 0.076838 0.123446
v -0.453992 0.136766 0.189773
v -0.398289 0.061442 0.194499
v -0.351677 0.139238 0.111032
v -0.460435 0.063426 0.181452
v -0.405136 0.179122 0.149027
v -0.472686 0.079404 0.143185
v -0.435947 0.183998 0.120985
v -0.452146 0.039777 0.177076
v -0.423066 0.162570 0.111824
v -0.359628 0.137627 0.222496
v -0.386741 0.077040 0.131091
v -0.355268 0.154132 0.212004
v -0.471871 0.112618 0.151260
v -0.415018 0.028763 0.149212
v -0.391379 0.145473 0.105557
v -0.437735 0.115405 0.217198
v -0.430865 0.037756 0.153011
v -0.452044 0.180625 0.127927
v -0.362066 0.150895 0.110655
v -0.463854 0.052945 0.155546
v -0.450751 0.177932 0.172226
v -0.330874 0.130112 0.180777
v -0.438794 0.192568 0.181168
v -0.431945 0.119708 0.123283
v -0.462583 0.115925 0.185493
v -0.365926 0.163105 0.165519
v -0.391210 0.048270 0.171900
v -0.412152 0.182329 0.166056
v -0.435943 0.121436 0.122474
v -0.438383 0.121047 0.212239
v -0.346097 0.111476 0.166420
v -0.426490 0.186138 0.142222
v -0.449510 0.123862 0.200592
v -0.448290 0.071523 0.203700
v -0.364153 0.110116 0.133109
v -0.444404 0.150769 0.198690
v -0.372661 0.156354 0.116818
v -0.457033 0.155448 0.130050
v -0.480521 0.068467 0.156424
v -0.448775 0.161819 0.118835
v -0.394802 0.042909 0.181695
v -0.439456 0.104718 0.215593
v -0.394523 0.158739 0.106150
v -0.339944 0.133198 0.138298
v -0.479012 0.067958 0.162852
v -0.403360 0.167956 0.110511
v -0.448112 0.190238 0.165877
v -0.470560 0.056376 0.160147
v -0.381235 0.133966 0.225276
v -0.413182 0.020847 0.161756
v -0.421708 0.059345 0.206522
v -0.421762 0.180145 0.208144
v -0.405381 0.045254 0.143194
v -0.391582 0.164058 0.112660
v -0.347005 0.096892 0.187182
v -0.423954 0.089339 0.120042
v -0.440841 0.175753 0.114426
v -0.451983 0.098587 0.200863
v -0.435625 0.027425 0.178295
v -0.365352 0.101387 0.202877
v -0.457797 0.096567 0.189919
v -0.383465 0.088483 0.120858
v -0.394558 0.084386 0.205645
v -0.474159 0.088054 0.165544
v -0.394297 0.076563 0.198152
v -0.470240 0.103523 0.165361
v -0.339044 0.109547 0.186421
v -0.414104 0.105276 0.116179
v -0.448856 0.087609 0.206481
v -0.433536 0.033206 0.160266
v -0.331480 0.132504 0.202405
v -0.414107 0.149857 0.223044
v -0.358407 0.081063 0.190405
v -0.378549 0.162919 0.216141
v -0.343371 0.151318 0.160436
v -0.376919 0.070630 0.160133
v -0.441654 0.058175 0.139986
v -0.402335 0.086906 0.210976
v -0.442710 0.187554 0.125417
v -0.442543 0.043543 0.146176
v -0.354254 0.089510 0.174030
v -0.433686 0.028751 0.193001
v -0.388842 0.168542 0.203031
v -0.467050 0.089877 0.177179
v -0.365213 0.106430 0.123774
v -0.424567 0.089544 0.212807
v -0.349069 0.154552 0.185462
v -0.411397 0.098827 0.212971
v -0.453817 0.152247 0.192140
v -0.407822 0.111202 0.218089
v -0.347628 0.101485 0.196002
v -0.443287 0.068491 0.205321
v -0.385973 0.058415 0.165330
v -0.425936 0.022398 0.165714
v -0.385679 0.050217 0.181726
v -0.476572 0.086264 0.144800
v -0.347113 0.146542 0.132268
v -0.412839 0.047638 0.129032
v -0.356611 0.081290 0.186884
v -0.394478 0.153653 0.222207
v -0.374665 0.066064 0.187842
v -0.349685 0.141727 0.217045
v -0.437337 0.171228 0.200722
v -0.452756 0.071829 0.189402
v -0.401405 0.168387 0.216335
v -0.471377 0.099303 0.140419
v -0.344852 0.123669 0.141022
v -0.410430 0.060282 0.118860
v -0.380277 0.150673 0.101395
v -0.444360 0.193257 0.161115
v -0.432225 0.150126 0.115948
v -0.430656 0.078840 0.123654
v -0.334197 0.135992 0.160881
v -0.458186 0.161331 0.152728
v -0.413495 0.168574 0.218684
v -0.451404 0.057334 0.193184
v -0.344763 0.141838 0.140081
v -0.334704 0.136347 0.151874
v -0.441569 0.040266 0.196603
v -0.411173 0.179340 0.184273
v -0.357578 0.149049 0.119532
v -0.439760 0.098658 0.127955
v -0.441475 0.138809 0.207756
v -0.370610 0.084457 0.149665
v -0.460123 0.084438 0.137069
v -0.405223 0.163897 0.106505
v -0.470277 0.066919 0.173606
v -0.379147 0.111199 0.103116
v -0.462738 0.070539 0.146144
v -0.406154 0.030098 0.180119
v -0.380721 0.074332 0.192886
v -0.358525 0.148159 0.220224
v -0.365570 0.076579 0.171355
v -0.346826 0.131963 0.212641
v -0.377840 0.101679 0.106948
v -0.440474 0.073830 0.131680
v -0.395737 0.118503 0.106654
v -0.472292 0.122595 0.138281
v -0.454079 0.104011 0.199175
v -0.459117 0.165877 0.132447
v -0.348859 0.105454 0.165263
v -0.407786 0.028852 0.171038
v -0.473817 0.100310 0.143162
v -0.397019 0.083642 0.110050
v -0.436275 0.057131 0.135101
v -0.433856 0.185778 0.197637
v -0.444374 0.063903 0.141999
v -0.351260 0.116579 0.151854
v -0.449890 0.175644 0.122032
v -0.412092 0.040403 0.191655
v -0.382783 0.091050 0.108931
v -0.351316 0.123793 0.210180
v -0.399215 0.057120 0.135635
v -0.474902 0.060845 0.164645
v -0.447165 0.087344 0.129872
v -0.441389 0.089170 0.210729
v -0.453534 0.165570 0.120888
v -0.459251 0.129841 0.186124
v -0.352602 0.151565 0.135225
v -0.463257 0.138286 0.157254
v -0.368876 0.127430 0.220120
v -0.454205 0.160321 0.123594
v -0.464427 0.149171 0.134912
v -0.327288 0.129249 0.192307
v -0.367334 0.157210 0.125420
v -0.379279 0.124084 0.100587
v -0.358032 0.116240 0.207071
v -0.474978 0.095728 0.151943
v -0.459759 0.047255 0.168560
v -0.404254 0.176599 0.137032
v -0.458646 0.148654 0.164220
v -0.376806 0.106959 0.210258
v -0.333620 0.136320 0.176132
v -0.406569 0.061827 0.118571
v -0.451673 0.185945 0.142305
v -0.409258 0.177974 0.198290
v -0.440044 0.032570 0.162234
v -0.368842 0.104529 0.134843
v -0.348580 0.140171 0.125224
v -0.426639 0.184973 0.198006
v -0.349285 0.156644 0.155028
v -0.370862 0.163819 0.140611
v -0.453756 0.183618 0.131730
v -0.447955 0.053139 0.197591
v -0.423253 0.019829 0.175832
v -0.331494 0.135198 0.199721
v -0.367186 0.141977 0.097226
v -0.346946 0.135457 0.122169
v -0.397346 0.173721 0.160354
v -0.408513 0.134378 0.224773
v -0.450710 0.163129 0.195302
v -0.468836 0.058131 0.172176
v -0.407602 0.160650 0.220505
v -0.463609 0.142021 0.130436
v -0.447385 0.158379 0.195771
v -0.398503 0.097014 0.212496
v -0.409608 0.070950 0.205463
v -0.388134 0.119996 0.219956
v -0.357774 0.115023 0.144801
v -0.466315 0.110274 0.179862
v -0.409416 0.118294 0.113476
v -0.441623 0.160425 0.200337
v -0.396217 0.049807 0.159115
v -0.344917 0.121710 0.153276
v -0.465815 0.123653 0.158364
v -0.448681 0.191344 0.153669
v -0.396571 0.052736 0.152028
v -0.403396 0.139888 0.110052
v -0.427819 0.060461 0.129405
v -0.333620 0.117040 0.192286
v -0.437813 0.123368 0.214153
v -0.417351 0.070679 0.209991
v -0.478462 0.072184 0.150806
v -0.443820 0.188853 0.190925
v -0.437557 0.029758 0.190883
v -0.352537 0.117054 0.139577
v -0.386285 0.164658 0.121914
v -0.405765 0.072316 0.113928
v -0.461696 0.099665 0.183983
v -0.429796 0.041666 0.139679
v -0.384701 0.068075 0.149252
v -0.413257 0.077780 0.211175
v -0.415964 0.046316 0.129392
v -0.352407 0.109622 0.155255
v -0.449851 0.077670 0.136307
v -0.397278 0.042963 0.185730
v -0.445851 0.182317 0.192930
v -0.440226 0.080533 0.127656
v -0.419644 0.128588 0.118091
v -0.454501 0.151048 0.182237
v -0.414629 0.178628 0.206085
v -0.467094 0.142855 0.133003
v -0.365745 0.132343 0.222618
v -0.453528 0.167987 0.129130
v -0.363008 0.143315 0.100240
v -0.448911 0.071432 0.196638
v -0.469993 0.124733 0.133814
v -0.351549 0.158516 0.164562
v -0.350967 0.137889 0.218666
v -0.450361 0.084582 0.199057
v -0.357037 0.143145 0.108601
v -0.433516 0.190641 0.159774
v -0.342872 0.139560 0.211854
v -0.470830 0.077398 0.173155
v -0.380877 0.166556 0.143352
v -0.406452 0.128360 0.224239
v -0.418556 0.069565 0.120686
v -0.437226 0.189591 0.192639
v -0.400782 0.076237 0.112626
v -0.416120 0.034162 0.141359
v -0.387723 0.090768 0.206844
v -0.415843 0.174456 0.215642
v -0.385837 0.053980 0.185847
v -0.410925 0.172109 0.214722
v -0.444950 0.117793 0.205837
v -0.396832 0.162157 0.219166
v -0.447999 0.056029 0.145725
v -0.463600 0.081735 0.180884
v -0.364369 0.123683 0.108766
v -0.450139 0.071504 0.140835
v -0.445427 0.171521 0.195890
v -0.426293 0.076558 0.209191
v -0.384517 0.084709 0.125735
v -0.420208 0.165614 0.112912
v -0.452279 0.092276 0.194245
v -0.403081 0.177443 0.168837
v -0.385536 0.157609 0.105234
v -0.413075 0.093985 0.214252
v -0.422208 0.186783 0.153982
v -0.419619 0.151705 0.219692
v -0.351127 0.093575 0.178261
v -0.411161 0.029943 0.146488
v -0.426731 0.105312 0.122520
v -0.338171 0.109927 0.192756
v -0.443914 0.037346 0.160443
v -0.410779 0.175206 0.208417
v -0.375555 0.122333 0.100723
v -0.422066 0.178770 0.122419
v -0.379453 0.083552 0.136089
v -0.392124 0.085327 0.110031
v -0.419405 0.037959 0.136008
v -0.459558 0.158768 0.142102
v -0.470982 0.061640 0.153393
v -0.419090 0.138713 0.224221
v -0.378277 0.076839 0.146088
v -0.343639 0.136046 0.128442
v -0.386179 0.099554 0.209261
v -0.346339 0.144246 0.136128
v -0.391123 0.090106 0.106165
v -0.455979 0.142853 0.186415
v -0.411119 0.142123 0.222986
v -0.395095 0.041620 0.175026
v -0.423816 0.116460 0.120332
v -0.368416 0.152123 0.102940
v -0.388257 0.062634 0.155467
v -0.406739 0.134156 0.113483
v -0.415114 0.019382 0.170060
v -0.456683 0.048470 0.153133
v -0.353722 0.144108 0.119053
v -0.457303 0.059836 0.149157
v -0.444144 0.121609 0.124971
v -0.374718 0.094403 0.202328
v -0.405523 0.147011 0.222893
v -0.450023 0.046227 0.150900
v -0.449003 0.114406 0.129096
v -0.362812 0.152449 0.219931
v -0.461559 0.055630 0.180996
v -0.440089 0.109537 0.126914
v -0.451973 0.051183 0.189304
v -0.381795 0.166936 0.150439
v -0.471040 0.092485 0.172693
v -0.362484 0.148023 0.103392
v -0.440066 0.189341 0.138219
v -0.395287 0.056579 0.143948
v -0.351019 0.116864 0.205413
v -0.431085 0.114139 0.219625
v -0.394358 0.063737 0.135873
v -0.346907 0.148803 0.146222
v -0.458375 0.139223 0.125365
v -0.402397 0.034262 0.165977
v -0.455406 0.167865 0.157330
v -0.365115 0.085074 0.158254
v -0.450754 0.045400 0.187975
v -0.447749 0.045743 0.196126
vn -0.4444 -0.0692 0.8931
vn -0.3884 -0.2517 0.8865
vn -0.0497 -0.2374 0.9701
vn -0.2103 0.8376 0.5041
vn 0.1658 0.9849 0.0505
vn 0.0152 0.9984 0.0547
vn -0.0437 -0.1769 -0.9833
vn -0.1695 -0.0997 -0.9805
vn 0.0249 0.0775 -0.9967
vn 0.9426 -0.3218 0.0890
vn 0.9561 -0.1899 -0.2234
vn 0.9272 0.3535 -0.1238
vn -0.9256 -0.3363 0.1737
vn -0.8360 -0.4592 0.3004
vn -0.8918 -0.3016 0.3373
vn -0.9882 -0.0688 -0.1367
vn -0.9936 -0.0627 0.0940
vn -0.9783 -0.0930 -0.1851
vn -0.0350 -0.7834 -0.6205
vn 0.0163 -0.7967 -0.6041
vn 0.0745 -0.9101 -0.4076
vn 0.2084 -0.2181 0.9534
vn 0.2878 -0.3759 0.8808
vn 0.3499 -0.3464 0.8704
vn -0.9364 -0.0841 0.3407
vn -0.9460 -0.0660 0.3173
vn -0.2548 -0.0677 0.9646
vn -0.3900 0.2794 0.8774
vn -0.4124 0.1406 0.9001
vn 0.3243 -0.4224 0.8464
vn 0.2284 -0.3142 0.9215
vn 0.0597 -0.2256 0.9724
vn 0.5117 0.7585 0.4035
vn 0.4288 0.8875 0.1686
vn 0.2942 0.8985 0.3257
vn 0.1553 -0.2686 -0.9507
vn 0.2469 -0.3936 -0.8855
vn 0.1492 -0.2671 -0.9520
vn -0.2532 0.9324 -0.2581
vn 0.0587 0.9822 -0.1783
vn -0.2993 0.7766 -0.5543
vn 0.9394 0.3292 0.0961
vn 0.6300 0.7712 -0.0913
vn 0.3460 0.9363 -0.0607
vn 0.0986 0.8777 -0.4690
vn 0.1413 0.9754 -0.1690
vn 0.0843 0.8178 -0.5693
vn -0.0210 -0.9998 0.0013
vn 0.6119 -0.7782 0.1415
vn 0.3587 -0.7756 0.5195
vn 0.9451 -0.2901 0.1506
vn 0.9241 -0.3797 -0.0444
vn 0.9578 -0.2779 -0.0736
vn 0.9542 -0.2847 -0.0921
vn 0.9527 -0.2773 -0.1244
vn 0.9328 -0.3604 -0.0022
vn -0.0333 -0.4956 -0.8679
vn 0.3039 -0.5151 -0.8014
vn 0.3308 -0.6057 -0.7237
vn -0.1457 0.9670 0.2090
vn 0.0399 0.9956 0.0849
vn -0.3338 0.9426 0.0117
vn -0.8332 0.0718 0.5483
vn -0.8795 -0.0425 0.4741
vn -0.9587 -0.2051 0.1968
vn -0.0396 -0.3402 -0.9395
vn -0.0309 -0.4255 -0.9044
vn -0.9872 -0.1540 0.0407
vn -0.9929 -0.0359 -0.1132
vn -0.9851 -0.0959 -0.1429
vn -0.8719 -0.2154 0.4397
vn -0.8982 -0.3524 0.2630
vn -0.9145 -0.2388 0.3267
vn -0.9846 -0.1308 -0.1162
vn -0.6808 -0.2582 0.6854
vn -0.5446 -0.2203 0.8093
vn -0.3360 -0.1050 0.9360
vn 0.0014 0.9992 -0.0401
vn 0.1771 0.9596 -0.2188
vn 0.0554 0.9773 -0.2043
vn 0.1750 0.9063 -0.3848
vn 0.1895 0.9641 -0.1862
vn 0.5207 0.1555 -0.8394
vn 0.1984 -0.1543 -0.9679
vn 0.8928 -0.1882 -0.4093
vn 0.6445 -0.1962 -0.7390
vn 0.7733 -0.1747 -0.6095
vn 0.8032 -0.3882 -0.4519
vn -0.5158 -0.4178 0.7480
vn -0.7615 -0.3518 0.5443
vn -0.1067 -0.3046 0.9465
vn -0.8030 -0.4952 0.3316
vn -0.4629 -0.8863 -0.0152
vn -0.7375 -0.6651 0.1169
vn 0.1246 -0.3243 0.9377
vn 0.0701 -0.3098 0.9482
vn 0.4710 -0.3674 0.8020
vn 0.9901 -0.1405 -0.0025
vn -0.5719 0.0249 -0.8200
vn -0.6036 -0.0230 -0.7969
vn -0.7272 -0.0827 -0.6814
vn 0.0554 0.5261 -0.8486
vn -0.0746 -0.4714 0.8787
vn -0.0632 -0.3250 0.9436
vn -0.5230 -0.4887 0.6983
vn -0.5657 0.0977 -0.8188
vn -0.6070 0.0976 -0.7887
vn -0.7898 0.3218 -0.5222
vn 0.6560 0.7348 0.1722
vn 0.6347 0.7527 0.1750
vn 0.9830 0.1799 0.0365
vn 0.9754 -0.1990 0.0949
vn 0.9909 -0.1181 0.0652
vn -0.3225 -0.2535 -0.9120
vn 0.0983 -0.3461 -0.9330
vn -0.2117 -0.2935 -0.9322
vn 0.0431 -0.3334 -0.9418
vn 0.1220 -0.3721 -0.9201
vn 0.3419 0.4471 0.8266
vn -0.1799 0.5971 0.7817
vn 0.2496 -0.3250 -0.9122
vn -0.0538 -0.1570 -0.9861
vn 0.2864 -0.2968 -0.9110
vn 0.7540 -0.3661 -0.5454
vn 0.7904 -0.5369 -0.2949
vn 0.9071 -0.4118 0.0869
vn -0.9826 -0.0545 -0.1777
vn -0.9850 -0.0670 -0.1589
vn -0.9364 0.3038 -0.1755
vn -0.8854 0.4406 0.1478
vn -0.4398 0.8469 0.2990
vn 0.2315 -0.3087 0.9226
vn 0.8834 0.4067 -0.2328
vn 0.5909 0.7855 -0.1840
vn 0.3885 0.9132 -0.1225
vn 0.4643 0.8749 -0.1376
vn -0.1069 -0.8134 -0.5719
vn -0.3681 -0.9175 -0.1508
vn -0.3288 -0.9090 -0.2562
vn 0.1909 -0.5844 -0.7887
vn -0.0140 -0.7122 -0.7018
vn -0.0369 -0.4522 -0.8911
vn 0.0748 0.9916 -0.1052
vn 0.1074 0.9935 0.0370
vn 0.1132 0.9930 0.0348
vn -0.3772 -0.5523 -0.7434
vn -0.9656 -0.1192 -0.2311
vn -0.5964 -0.2581 -0.7601
vn -0.7109 -0.5762 -0.4031
vn 0.2362 0.8430 -0.4833
vn 0.1261 0.8059 -0.5784
vn -0.4075 -0.8796 0.2454
vn -0.6639 -0.5385 0.5190
vn -0.1207 -0.7605 0.6381
vn -0.0144 0.2395 -0.9708
vn -0.0250 -0.2578 -0.9659
vn 0.3257 -0.2034 0.9233
vn 0.2417 -0.4245 0.8726
vn 0.2433 -0.3565 0.9020
vn -0.2490 -0.2083 0.9459
vn -0.1932 -0.3378 0.9212
vn 0.8726 -0.4152 -0.2572
vn 0.9114 -0.3765 0.1661
vn 0.9542 -0.2821 0.0992
vn 0.0964 0.9020 0.4208
vn 0.1751 0.9751 0.1360
vn -0.8924 -0.1857 -0.4113
vn -0.7647 -0.2403 -0.5979
vn -0.7539 0.0297 -0.6563
vn -0.9958 -0.0288 -0.0867
vn 0.2129 -0.9050 -0.3684
vn 0.6556 -0.7445 -0.1262
vn 0.8022 -0.4648 -0.3746
vn 0.7750 -0.5917 -0.2220
vn 0.3191 -0.8219 -0.4719
vn 0.1246 0.3165 -0.9404
vn 0.1056 0.7023 -0.7040
vn -0.6042 -0.0536 0.7950
vn -0.6615 0.1350 0.7377
vn -0.9591 -0.1363 0.2480
vn -0.4146 -0.3051 0.8574
vn -0.2511 -0.9637 -0.0904
vn -0.1563 -0.9392 -0.3057
vn -0.0531 -0.8785 -0.4749
vn -0.7807 0.5202 -0.3463
vn -0.8574 0.3987 -0.3253
vn -0.9818 -0.0802 -0.1724
vn -0.9106 -0.0204 -0.4128
vn 0.2971 0.8259 -0.4792
vn 0.5972 0.7178 -0.3580
vn 0.7751 0.3569 -0.5213
vn -0.0749 -0.7967 -0.5997
vn 0.0460 -0.5034 -0.8628
vn -0.1129 -0.4367 -0.8925
vn -0.9650 0.0605 0.2551
vn -0.7845 0.0491 0.6182
vn -0.6744 0.5244 0.5198
vn 0.8524 -0.1877 0.4880
vn 0.5391 0.2570 0.8021
vn 0.3924 -0.2604 0.8822
vn -0.0248 0.9971 -0.0721
vn -0.4515 0.8788 -0.1546
vn -0.0235 -0.1850 -0.9825
vn 0.2145 -0.3533 -0.9106
vn 0.2869 -0.4406 -0.8506
vn -0.9396 -0.3084 0.1484
vn -0.9106 -0.3028 0.2812
vn -0.9658 -0.1678 0.1975
vn -0.8963 -0.2916 0.3340
vn 0.1147 0.9932 -0.0177
vn 0.8747 -0.3594 0.3252
vn 0.6470 -0.4376 0.6244
vn 0.0922 0.9929 0.0750
vn 0.1354 0.9904 -0.0288
vn -0.9291 -0.1530 0.3367
vn -0.9712 -0.1906 0.1427
vn -0.9161 -0.1215 0.3822
vn 0.9469 0.2705 0.1739
vn 0.7497 -0.5999 0.2794
vn 0.7508 -0.5442 0.3743
vn 0.0402 0.9972 -0.0629
vn -0.8566 -0.4684 0.2165
vn 0.9500 -0.3059 0.0619
vn 0.9278 -0.3729 -0.0085
vn 0.9214 -0.2819 -0.2676
vn 0.9687 -0.2231 -0.1087
vn -0.9115 -0.0955 0.4001
vn 0.1297 0.9722 -0.1947
vn -0.4851 -0.1107 -0.8674
vn -0.5980 -0.1511 -0.7871
vn -0.7002 -0.6847 0.2021
vn -0.9068 -0.4149 0.0740
vn -0.8646 -0.3197 0.3877
vn -0.9217 -0.2102 0.3262
vn -0.7170 -0.1247 -0.6858
vn 0.7278 -0.4483 0.5190
vn 0.9010 -0.3720 0.2231
vn 0.7719 -0.4571 0.4419
vn -0.9081 -0.1694 0.3829
vn 0.0919 -0.1614 -0.9826
vn 0.2795 0.3777 -0.8827
vn -0.0096 0.4017 -0.9157
vn 0.9998 -0.0061 -0.0200
vn -0.6139 -0.7874 0.0557
vn -0.9908 -0.1349 0.0067
vn -0.2603 0.9176 -0.3005
vn -0.0308 0.0267 0.9992
vn -0.0547 -0.3566 0.9327
vn 0.0792 -0.3111 0.9471
vn 0.8669 -0.4958 -0.0519
vn 0.9277 -0.3276 0.1792
vn 0.0120 0.9884 0.1515
vn -0.0408 0.9866 0.1581
vn -0.2594 0.7698 0.5832
vn 0.9698 -0.2202 -0.1045
vn 0.9582 -0.2751 0.0788
vn 0.8980 -0.4072 0.1666
vn 0.9303 -0.3611 -0.0640
vn 0.9492 -0.3128 -0.0329
vn 0.1702 -0.3561 0.9188
vn 0.0571 -0.2333 -0.9707
vn -0.0262 -0.1641 -0.9861
vn -0.0485 -0.1667 -0.9848
vn -0.8433 -0.4637 -0.2716
vn 0.1849 -0.7341 -0.6534
vn 0.1311 -0.3653 0.9216
vn 0.1472 -0.2995 0.9427
vn 0.1711 -0.3442 0.9232
vn -0.8617 -0.4038 0.3072
vn -0.8501 -0.4928 0.1858
vn 0.9410 -0.2828 -0.1858
vn 0.9548 -0.2890 -0.0694
vn -0.1140 -0.2396 0.9642
vn 0.3034 -0.2121 0.9290
vn -0.9101 -0.2737 0.3111
vn 0.9152 -0.2368 0.3261
vn 0.8819 -0.3105 0.3547
vn -0.0550 -0.1722 -0.9835
vn 0.6981 -0.1601 -0.6979
vn 0.8558 -0.1636 -0.4908
vn 0.3121 -0.1902 -0.9308
vn -0.5941 -0.2719 0.7570
vn 0.0500 -0.9172 -0.3954
vn -0.0063 -0.8480 -0.5299
vn 0.8831 0.3174 0.3455
vn -0.0389 0.9346 0.3534
vn -0.8478 0.0659 0.5263
vn -0.4916 0.6390 0.5916
vn 0.4749 -0.3066 0.8249
vn 0.7769 -0.2499 0.5779
vn 0.5127 0.8547 0.0816
vn 0.9591 -0.2828 0.0136
vn 0.9780 -0.2087 -0.0068
vn -0.1275 -0.5217 -0.8435
vn -0.3347 -0.4579 -0.8236
vn -0.1186 -0.5672 -0.8150
vn 0.1283 -0.4180 0.8993
vn -0.0780 -0.7630 -0.6416
vn 0.9774 -0.1840 0.1044
vn -0.8552 -0.3119 0.4140
vn -0.4136 0.0603 0.9085
vn -0.0733 -0.2116 0.9746
vn -0.9881 -0.1443 0.0535
vn -0.9441 -0.2577 0.2055
vn 0.9477 -0.3183 0.0243
vn 0.0409 -0.3433 -0.9383
vn 0.4027 0.9073 -0.1209
vn -0.3844 0.3046 0.8715
vn -0.5515 0.1334 0.8235
vn -0.3651 0.4509 0.8145
vn 0.1738 0.5150 0.8394
vn -0.0398 0.4998 0.8652
vn -0.7604 -0.1464 0.6327
vn -0.8945 -0.4470 0.0072
vn -0.9603 -0.2673 -0.0799
vn -0.5541 0.3622 0.7495
vn 0.1490 0.0029 -0.9888
vn 0.1363 0.9873 -0.0817
vn -0.9865 -0.0719 -0.1470
vn -0.1569 0.8417 0.5166
vn 0.6481 0.7611 -0.0278
vn 0.7179 0.6824 -0.1377
vn 0.6915 0.7169 0.0888
vn -0.8956 -0.4359 0.0890
vn 0.5880 0.7968 -0.1393
vn 0.6852 0.7256 0.0633
vn 0.0271 -0.6022 -0.7979
vn 0.9639 -0.2435 -0.1075
vn 0.9348 -0.3394 -0.1049
vn -0.0592 -0.4138 -0.9085
vn -0.0936 -0.2288 -0.9690
vn -0.0960 -0.1538 -0.9834
vn -0.2221 -0.4979 -0.8383
vn 0.4455 -0.3774 0.8118
vn 0.1648 -0.3537 0.9207
vn 0.2052 0.0486 0.9775
vn 0.0588 -0.6175 -0.7844
vn -0.3459 -0.2980 -0.8897
vn 0.2294 -0.3105 -0.9225
vn -0.4659 0.7758 0.4256
vn -0.0389 0.9334 0.3568
vn 0.9586 -0.1983 -0.2042
vn -0.5914 -0.2195 -0.7759
vn 0.9394 -0.2787 -0.1996
vn 0.2048 -0.3958 0.8952
vn -0.9792 -0.0959 -0.1788
vn 0.9690 0.2289 -0.0931
vn -0.3716 0.0794 0.9250
vn 0.9289 -0.3689 0.0338
vn 0.0722 -0.3034 -0.9501
vn 0.3036 -0.7603 -0.5742
vn -0.3924 0.1350 0.9098
vn -0.4631 -0.1153 0.8788
vn -0.3886 -0.2911 0.8742
vn -0.0560 -0.2425 0.9685
vn -0.3102 0.8112 0.4957
vn 0.0631 0.9966 0.0538
vn -0.0881 0.9947 0.0532
vn 0.0057 -0.1791 -0.9838
vn -0.1274 -0.1151 -0.9851
vn 0.0484 0.0809 -0.9955
vn 0.9672 -0.2244 0.1194
vn 0.9770 -0.0914 -0.1927
vn 0.8899 0.4461 -0.0951
vn -0.8916 -0.4289 0.1450
vn -0.7940 -0.5423 0.2747
vn -0.8667 -0.3912 0.3095
vn -0.9713 -0.1688 -0.1677
vn -0.9845 -0.1636 0.0627
vn -0.9574 -0.1918 -0.2158
vn 0.0645 -0.7821 -0.6198
vn 0.1163 -0.7901 -0.6018
vn 0.1795 -0.8973 -0.4033
vn 0.1992 -0.1970 0.9599
vn 0.2966 -0.3459 0.8902
vn 0.3555 -0.3102 0.8817
vn -0.9333 -0.1794 0.3110
vn -0.9440 -0.1623 0.2874
vn -0.2769 -0.0945 0.9562
vn -0.4439 0.2371 0.8641
vn -0.4529 0.0967 0.8863
vn 0.3386 -0.3883 0.8570
vn 0.2299 -0.2905 0.9288
vn 0.0515 -0.2196 0.9742
vn 0.4189 0.8061 0.4180
vn 0.3308 0.9263 0.1804
vn 0.1909 0.9234 0.3331
vn 0.2118 -0.2502 -0.9448
vn 0.3135 -0.3653 -0.8765
vn 0.2056 -0.2493 -0.9463
vn -0.3384 0.9021 -0.2677
vn -0.0359 0.9833 -0.1782
vn -0.3590 0.7429 -0.5650
vn 0.8975 0.4229 0.1251
vn 0.5509 0.8314 -0.0728
vn 0.2507 0.9667 -0.0515
vn 0.0237 0.8838 -0.4673
vn 0.0467 0.9850 -0.1663
vn 0.0187 0.8229 -0.5679
vn 0.0808 -0.9967 0.0025
vn 0.6831 -0.7121 0.1623
vn 0.4191 -0.7358 0.5320
vn 0.9644 -0.1927 0.1810
vn 0.9588 -0.2837 -0.0145
vn 0.9829 -0.1789 -0.0427
vn 0.9806 -0.1860 -0.0614
vn 0.9794 -0.1788 -0.0937
vn 0.9642 -0.2637 0.0279
vn 0.0448 -0.4952 -0.8676
vn 0.3799 -0.4805 -0.7905
vn 0.4134 -0.5680 -0.7117
vn -0.2498 0.9469 0.2025
vn -0.0642 0.9944 0.0842
vn -0.4281 0.9037 -0.0007
vn -0.8531 -0.0140 0.5216
vn -0.8851 -0.1323 0.4461
vn -0.9387 -0.3018 0.1668
vn 0.0250 -0.3412 -0.9397
vn 0.0411 -0.4252 -0.9041
vn -0.9672 -0.2536 0.0098
vn -0.9800 -0.1365 -0.1444
vn -0.9652 -0.1953 -0.1737
vn -0.8590 -0.3035 0.4124
vn -0.8655 -0.4422 0.2351
vn -0.8953 -0.3310 0.2981
vn -0.9620 -0.2301 -0.1470
vn -0.6724 -0.3270 0.6640
vn -0.5447 -0.2756 0.7921
vn -0.3530 -0.1399 0.9251
vn -0.0989 0.9942 -0.0419
vn 0.0854 0.9729 -0.2149
vn -0.0378 0.9782 -0.2043
vn 0.0941 0.9199 -0.3807
vn 0.0962 0.9786 -0.1820
vn 0.5285 0.2088 -0.8228
vn 0.2436 -0.1320 -0.9609
vn 0.9198 -0.0959 -0.3805
vn 0.6842 -0.1286 -0.7179
vn 0.8059 -0.0944 -0.5844
vn 0.8524 -0.3039 -0.4256
vn -0.4940 -0.4691 0.7321
vn -0.7387 -0.4282 0.5206
vn -0.1051 -0.3151 0.9432
vn -0.7586 -0.5747 0.3070
vn -0.3696 -0.9288 -0.0282
vn -0.6694 -0.7368 0.0948
vn 0.1272 -0.3112 0.9418
vn 0.0712 -0.3023 0.9505
vn 0.4803 -0.3186 0.8172
vn 0.9988 -0.0391 0.0291
vn -0.5452 -0.0322 -0.8377
vn -0.5726 -0.0832 -0.8156
vn -0.6931 -0.1553 -0.7039
vn 0.0285 0.5301 -0.8474
vn -0.0540 -0.4778 0.8768
vn -0.0596 -0.3310 0.9417
vn -0.4924 -0.5402 0.6824
vn -0.5465 0.0408 -0.8365
vn -0.5886 0.0364 -0.8076
vn -0.8015 0.2405 -0.5475
vn 0.5721 0.7975 0.1915
vn 0.5490 0.8131 0.1935
vn 0.9580 0.2788 0.0672
vn 0.9871 -0.0990 0.1261
vn 0.9952 -0.0168 0.0967
vn -0.2661 -0.2838 -0.9212
vn 0.1624 -0.3331 -0.9288
vn -0.1511 -0.3123 -0.9379
vn 0.1065 -0.3260 -0.9393
vn 0.1883 -0.3565 -0.9151
vn 0.2684 0.4784 0.8361
vn -0.2643 0.5747 0.7745
vn 0.3101 -0.2967 -0.9032
vn -0.0063 -0.1604 -0.9870
vn 0.3438 -0.2649 -0.9009
vn 0.8041 -0.2868 -0.5206
vn 0.8498 -0.4534 -0.2688
vn 0.9411 -0.3176 0.1163
vn -0.9658 -0.1539 -0.2086
vn -0.9676 -0.1666 -0.1899
vn -0.9564 0.2072 -0.2056
vn -0.9299 0.3481 0.1189
vn -0.5329 0.7974 0.2833
vn 0.2323 -0.2848 0.9300
vn 0.8444 0.4947 -0.2055
vn 0.5135 0.8418 -0.1667
vn 0.2974 0.9482 -0.1119
vn 0.3771 0.9178 -0.1245
vn -0.0055 -0.8192 -0.5734
vn -0.2680 -0.9499 -0.1606
vn -0.2264 -0.9374 -0.2647
vn 0.2742 -0.5609 -0.7811
vn 0.0807 -0.7090 -0.7005
vn 0.0375 -0.4524 -0.8910
vn -0.0231 0.9942 -0.1046
vn 0.0045 0.9992 0.0385
vn 0.0105 0.9993 0.0365
vn -0.2954 -0.5868 -0.7539
vn -0.9407 -0.2164 -0.2612
vn -0.5427 -0.3164 -0.7780
vn -0.6355 -0.6450 -0.4243
vn 0.1645 0.8633 -0.4772
vn 0.0618 0.8154 -0.5757
vn -0.3235 -0.9168 0.2341
vn -0.6217 -0.6039 0.4987
vn -0.0629 -0.7697 0.6354
vn -0.0079 0.2381 -0.9712
vn 0.0319 -0.2577 -0.9657
vn 0.3154 -0.1705 0.9335
vn 0.2558 -0.3989 0.8806
vn 0.2497 -0.3311 0.9100
vn -0.2563 -0.2338 0.9379
vn -0.1869 -0.3569 0.9152
vn 0.9180 -0.3240 -0.2287
vn 0.9393 -0.2821 0.1955
vn 0.9744 -0.1837 0.1298
vn -0.0092 0.9066 0.4220
vn 0.0706 0.9877 0.1396
vn -0.8554 -0.2749 -0.4390
vn -0.7170 -0.3161 -0.6214
vn -0.7318 -0.0463 -0.6799
vn -0.9845 -0.1298 -0.1181
vn 0.3154 -0.8781 -0.3597
vn 0.7316 -0.6738 -0.1040
vn 0.8568 -0.3804 -0.3482
vn 0.8377 -0.5096 -0.1962
vn 0.4158 -0.7845 -0.4600
vn 0.1215 0.3288 -0.9365
vn 0.0559 0.7103 -0.7017
vn -0.6205 -0.1158 0.7756
vn -0.6948 0.0661 0.7162
vn -0.9477 -0.2334 0.2178
vn -0.4083 -0.3468 0.8444
vn -0.1488 -0.9841 -0.0965
vn -0.0502 -0.9498 -0.3087
vn 0.0516 -0.8787 -0.4747
vn -0.8182 0.4386 -0.3718
vn -0.8828 0.3099 -0.3530
vn -0.9626 -0.1794 -0.2032
vn -0.8903 -0.1123 -0.4414
vn 0.2266 0.8525 -0.4711
vn 0.5322 0.7752 -0.3403
vn 0.7509 0.4346 -0.4973
vn 0.0255 -0.7994 -0.6003
vn 0.1242 -0.4949 -0.8600
vn -0.0397 -0.4447 -0.8948
vn -0.9737 -0.0383 0.2244
vn -0.8046 -0.0318 0.5930
vn -0.7404 0.4524 0.4972
vn 0.8512 -0.1007 0.5151
vn 0.4846 0.3094 0.8182
vn 0.3887 -0.2203 0.8946
vn -0.1238 0.9895 -0.0748
vn -0.5334 0.8285 -0.1705
vn 0.0266 -0.1851 -0.9824
vn 0.2780 -0.3284 -0.9027
vn 0.3570 -0.4080 -0.8403
vn -0.9076 -0.4025 0.1192
vn -0.8836 -0.3942 0.2529
vn -0.9495 -0.2654 0.1672
vn -0.8721 -0.3817 0.3060
vn 0.0136 0.9998 -0.0159
vn 0.8960 -0.2690 0.3534
vn 0.6681 -0.3704 0.6454
vn -0.0116 0.9970 0.0760
vn 0.0348 0.9990 -0.0263
vn -0.9189 -0.2472 0.3074
vn -0.9508 -0.2886 0.1123
vn -0.9106 -0.2145 0.3532
vn 0.9085 0.3652 0.2032
vn 0.7975 -0.5210 0.3041
vn 0.7900 -0.4655 0.3989
vn -0.0594 0.9962 -0.0634
vn -0.8109 -0.5534 0.1902
vn 0.9738 -0.2078 0.0925
vn 0.9607 -0.2766 0.0215
vn 0.9533 -0.1864 -0.2378
vn 0.9893 -0.1233 -0.0776
vn -0.9092 -0.1883 0.3713
vn 0.0363 0.9807 -0.1924
vn -0.4437 -0.1583 -0.8821
vn -0.5543 -0.2100 -0.8053
vn -0.6330 -0.7527 0.1812
vn -0.8618 -0.5051 0.0460
vn -0.8394 -0.4065 0.3607
vn -0.9054 -0.3033 0.2973
vn -0.6786 -0.1961 -0.7079
vn 0.7528 -0.3727 0.5426
vn 0.9266 -0.2788 0.2522
vn 0.8000 -0.3768 0.4669
vn -0.8979 -0.2614 0.3543
vn 0.1388 -0.1499 -0.9789
vn 0.2674 0.4054 -0.8742
vn -0.0214 0.3999 -0.9163
vn 0.9953 0.0957 0.0116
vn -0.5321 -0.8459 0.0377
vn -0.9717 -0.2350 -0.0243
vn -0.3426 0.8868 -0.3103
vn -0.0649 0.0221 0.9976
vn -0.0476 -0.3616 0.9311
vn 0.0804 -0.3027 0.9497
vn 0.9140 -0.4050 -0.0235
vn 0.9500 -0.2318 0.2091
vn -0.0933 0.9843 0.1499
vn -0.1459 0.9771 0.1548
vn -0.3547 0.7386 0.5733
vn 0.9900 -0.1203 -0.0734
vn 0.9782 -0.1764 0.1096
vn 0.9290 -0.3140 0.1957
vn 0.9638 -0.2645 -0.0338
vn 0.9767 -0.2146 -0.0023
vn 0.1764 -0.3382 0.9244
vn 0.1112 -0.2249 -0.9680
vn 0.0218 -0.1646 -0.9861
vn -0.0001 -0.1694 -0.9855
vn -0.7828 -0.5467 -0.2972
vn 0.2791 -0.7106 -0.6459
vn 0.1384 -0.3513 0.9260
vn 0.1470 -0.2843 0.9474
vn 0.1760 -0.3262 0.9288
vn -0.8255 -0.4898 0.2806
vn -0.8010 -0.5770 0.1598
vn 0.9703 -0.1854 -0.1554
vn 0.9810 -0.1903 -0.0386
vn -0.1194 -0.2512 0.9605
vn 0.2938 -0.1814 0.9385
vn -0.8870 -0.3652 0.2827
vn 0.9238 -0.1430 0.3553
vn 0.8972 -0.2197 0.3830
vn -0.0060 -0.1756 -0.9845
vn 0.7325 -0.0874 -0.6752
vn 0.8831 -0.0751 -0.4632
vn 0.3591 -0.1563 -0.9201
vn -0.5870 -0.3319 0.7384
vn 0.1554 -0.9068 -0.3919
vn 0.0967 -0.8436 -0.5282
vn 0.8349 0.4051 0.3726
vn -0.1449 0.9254 0.3503
vn -0.8663 -0.0213 0.4991
vn -0.5725 0.5849 0.5746
vn 0.4773 -0.2578 0.8401
vn 0.7796 -0.1704 0.6026
vn 0.4203 0.9023 0.0962
vn 0.9819 -0.1839 0.0445
vn 0.9938 -0.1082 0.0245
vn -0.0471 -0.5308 -0.8462
vn -0.2602 -0.4885 -0.8329
vn -0.0345 -0.5752 -0.8173
vn 0.1417 -0.4040 0.9037
vn 0.0203 -0.7661 -0.6424
vn 0.9872 -0.0838 0.1355
vn -0.8317 -0.3978 0.3873
vn -0.4461 0.0167 0.8948
vn -0.0822 -0.2192 0.9722
vn -0.9695 -0.2441 0.0225
vn -0.9191 -0.3526 0.1760
vn 0.9739 -0.2203 0.0548
vn 0.1053 -0.3362 -0.9359
vn 0.3120 0.9437 -0.1098
vn -0.4407 0.2627 0.8583
vn -0.5879 0.0755 0.8054
vn -0.4347 0.4104 0.8017
vn 0.0939 0.5289 0.8435
vn -0.1177 0.4920 0.8626
vn -0.7612 -0.2238 0.6086
vn -0.8442 -0.5357 -0.0203
vn -0.9251 -0.3635 -0.1097
vn -0.6115 0.3030 0.7309
vn 0.1791 0.0194 -0.9836
vn 0.0377 0.9961 -0.0792
vn -0.9689 -0.1717 -0.1780
vn -0.2579 0.8207 0.5098
vn 0.5679 0.8231 -0.0088
vn 0.6488 0.7521 -0.1162
vn 0.6119 0.7834 0.1093
vn -0.8490 -0.5248 0.0615
vn 0.5080 0.8526 -0.1222
vn 0.6055 0.7915 0.0836
vn 0.1135 -0.5952 -0.7955
vn 0.9866 -0.1441 -0.0765
vn 0.9673 -0.2424 -0.0746
vn 0.0120 -0.4164 -0.9091
vn -0.0392 -0.2358 -0.9710
vn -0.0487 -0.1615 -0.9857
vn -0.1437 -0.5168 -0.8440
vn 0.4557 -0.3313 0.8262
vn 0.1707 -0.3363 0.9261
vn 0.1681 0.0679 0.9834
vn 0.1460 -0.6073 -0.7810
vn -0.2855 -0.3304 -0.8996
vn 0.2889 -0.2844 -0.9142
vn -0.5556 0.7238 0.4091
vn -0.1449 0.9241 0.3536
vn 0.9798 -0.0995 -0.1735
vn -0.5411 -0.2775 -0.7938
vn 0.9687 -0.1814 -0.1693
vn 0.2155 -0.3741 0.9020
vn -0.9582 -0.1947 -0.2094
vn 0.9432 0.3263 -0.0628
vn -0.4069 0.0400 0.9126
vn 0.9600 -0.2726 0.0638
vn 0.1327 -0.2932 -0.9468
vn 0.3974 -0.7247 -0.5629
vn -0.4327 0.0932 0.8967
vn -0.1058 -0.0430 0.9935
vn -0.1179 -0.2235 0.9675
vn 0.1922 -0.3099 0.9311
vn 0.2564 0.7845 0.5646
vn 0.4808 0.8768 0.0034
vn 0.3569 0.9324 0.0567
vn -0.4009 -0.0306 -0.9156
vn -0.4796 0.0726 -0.8745
vn -0.2695 0.1782 -0.9464
vn 0.7657 -0.6029 -0.2240
vn 0.7127 -0.4413 -0.5453
vn 0.9001 0.0753 -0.4292
vn -0.8753 -0.0703 0.4784
vn -0.7942 -0.2234 0.5651
vn -0.7753 -0.0670 0.6281
vn -0.9512 0.2470 0.1849
vn -0.8775 0.2261 0.4230
vn -0.9652 0.2261 0.1312
vn -0.4783 -0.6430 -0.5982
vn -0.4375 -0.6725 -0.5969
vn -0.3636 -0.8239 -0.4347
vn 0.4068 -0.3637 0.8380
vn 0.4043 -0.5233 0.7501
vn 0.4634 -0.5150 0.7211
vn -0.7417 0.1551 0.6526
vn -0.7531 0.1786 0.6332
vn 0.0749 -0.1017 0.9920
vn 0.0435 0.2581 0.9651
vn -0.0116 0.1359 0.9907
vn 0.4109 -0.5736 0.7087
vn 0.3858 -0.4546 0.8028
vn 0.2880 -0.3313 0.8985
vn 0.8231 0.5156 0.2379
vn 0.7200 0.6930 0.0373
vn 0.6546 0.7176 0.2378
vn -0.2562 -0.1714 -0.9513
vn -0.1996 -0.3203 -0.9261
vn -0.2617 -0.1688 -0.9503
vn -0.0027 0.9858 -0.1679
vn 0.3111 0.9311 -0.1903
vn -0.1873 0.8792 -0.4380
vn 0.9778 0.0213 -0.2085
vn 0.7756 0.5604 -0.2904
vn 0.5893 0.7909 -0.1646
vn 0.2112 0.8465 -0.4887
vn 0.3841 0.8996 -0.2078
vn 0.1505 0.8058 -0.5728
vn -0.3446 -0.9387 0.0029
vn 0.3327 -0.9411 -0.0613
vn 0.2268 -0.8968 0.3800
vn 0.7969 -0.5821 -0.1616
vn 0.6837 -0.6387 -0.3529
vn 0.7384 -0.5474 -0.3940
vn 0.7264 -0.5504 -0.4117
vn 0.7154 -0.5385 -0.4451
vn 0.7118 -0.6283 -0.3141
vn -0.4589 -0.3343 -0.8232
vn -0.1567 -0.4642 -0.8718
vn -0.1406 -0.5656 -0.8126
vn 0.2589 0.9293 0.2635
vn 0.3878 0.9183 0.0798
vn 0.0175 0.9916 0.1280
vn -0.5196 0.2440 0.8188
vn -0.6253 0.1597 0.7639
vn -0.8558 0.0624 0.5135
vn -0.4364 -0.1839 -0.8807
vn -0.4456 -0.2666 -0.8546
vn -0.9194 0.1418 0.3669
vn -0.9370 0.2778 0.2117
vn -0.9594 0.2194 0.1774
vn -0.6890 -0.0008 0.7248
vn -0.8205 -0.1031 0.5623
vn -0.7785 0.0022 0.6276
vn -0.9616 0.1832 0.2043
vn -0.4552 -0.1183 0.8825
vn -0.2683 -0.1439 0.9525
vn -0.0127 -0.1095 0.9939
vn 0.3131 0.9492 -0.0331
vn 0.3921 0.8796 -0.2693
vn 0.2949 0.9312 -0.2142
vn 0.3169 0.8434 -0.4338
vn 0.4165 0.8769 -0.2399
vn 0.2312 0.0916 -0.9686
vn -0.1895 -0.0799 -0.9786
vn 0.5865 -0.3935 -0.7080
vn 0.2546 -0.2794 -0.9258
vn 0.4166 -0.3163 -0.8523
vn 0.4327 -0.5510 -0.7136
vn -0.3291 -0.3277 0.8856
vn -0.6022 -0.1744 0.7791
vn 0.1148 -0.3535 0.9283
vn -0.7567 -0.2764 0.5925
vn -0.7010 -0.7017 0.1278
vn -0.8280 -0.4351 0.3536
vn 0.3005 -0.4343 0.8492
vn 0.2636 -0.4073 0.8744
vn 0.5461 -0.5665 0.6171
vn 0.8378 -0.4334 -0.3320
vn -0.7492 0.2871 -0.5969
vn -0.7768 0.2450 -0.5800
vn -0.8816 0.2194 -0.4178
vn -0.0628 0.5601 -0.8260
vn 0.0702 -0.5078 0.8586
vn 0.1459 -0.3830 0.9122
vn -0.3754 -0.3885 0.8415
vn -0.7095 0.3457 -0.6141
vn -0.7403 0.3534 -0.5719
vn -0.7594 0.5987 -0.2547
vn 0.8750 0.4828 -0.0347
vn 0.8617 0.5067 -0.0254
vn 0.9501 -0.1280 -0.2844
vn 0.8375 -0.4976 -0.2259
vn 0.8688 -0.4202 -0.2618
vn -0.6386 -0.0271 -0.7690
vn -0.3226 -0.2278 -0.9187
vn -0.5621 -0.0940 -0.8217
vn -0.3660 -0.1998 -0.9089
vn -0.3066 -0.2591 -0.9159
vn 0.6924 0.2162 0.6883
vn 0.2900 0.5067 0.8119
vn -0.1812 -0.2562 -0.9495
vn -0.4036 -0.0096 -0.9149
vn -0.1410 -0.2421 -0.9599
vn 0.3669 -0.5011 -0.7838
vn 0.4250 -0.7129 -0.5578
vn 0.7016 -0.6800 -0.2128
vn -0.9542 0.2638 0.1409
vn -0.9547 0.2503 0.1607
vn -0.7937 0.5940 0.1310
vn -0.5966 0.6665 0.4471
vn -0.0115 0.8937 0.4486
vn 0.3906 -0.4509 0.8026
vn 0.8388 0.1491 -0.5236
vn 0.7130 0.5945 -0.3716
vn 0.5977 0.7645 -0.2416
vn 0.6458 0.7093 -0.2824
vn -0.5382 -0.6572 -0.5278
vn -0.6705 -0.7409 -0.0389
vn -0.6681 -0.7280 -0.1539
vn -0.2782 -0.4922 -0.8248
vn -0.4669 -0.5652 -0.6801
vn -0.4536 -0.2923 -0.8419
vn 0.3540 0.9275 -0.1206
vn 0.4302 0.9027 0.0102
vn 0.4334 0.9012 0.0058
vn -0.7357 -0.3069 -0.6038
vn -0.9758 0.2031 0.0809
vn -0.8430 0.0301 -0.5371
vn -0.9460 -0.2789 -0.1655
vn 0.3157 0.7771 -0.5444
vn 0.1787 0.7849 -0.5933
vn -0.5613 -0.7406 0.3694
vn -0.5823 -0.3797 0.7189
vn -0.1434 -0.7499 0.6458
vn -0.2415 0.3344 -0.9110
vn -0.4054 -0.1086 -0.9077
vn 0.5009 -0.3811 0.7771
vn 0.3495 -0.5534 0.7560
vn 0.3786 -0.4947 0.7823
vn 0.0304 -0.2285 0.9731
vn 0.0290 -0.3578 0.9333
vn 0.5528 -0.6288 -0.5468
vn 0.7430 -0.6557 -0.1340
vn 0.7917 -0.5711 -0.2171
vn 0.5113 0.7667 0.3882
vn 0.5154 0.8525 0.0875
vn -0.9829 0.1422 -0.1169
vn -0.9367 0.0724 -0.3426
vn -0.8658 0.3278 -0.3781
vn -0.9291 0.2812 0.2401
vn -0.2259 -0.8666 -0.4449
vn 0.3010 -0.8906 -0.3409
vn 0.4311 -0.6327 -0.6433
vn 0.4234 -0.7681 -0.4804
vn -0.1440 -0.8030 -0.5784
vn -0.0935 0.3638 -0.9268
vn 0.0930 0.7099 -0.6982
vn -0.2843 0.0379 0.9580
vn -0.2879 0.2255 0.9307
vn -0.8145 0.1222 0.5671
vn -0.1683 -0.2601 0.9508
vn -0.5631 -0.8262 -0.0176
vn -0.5407 -0.7994 -0.2618
vn -0.4868 -0.7443 -0.4571
vn -0.6369 0.7658 -0.0891
vn -0.7400 0.6711 -0.0454
vn -0.9600 0.2386 0.1463
vn -0.9471 0.3005 -0.1126
vn 0.3634 0.7462 -0.5578
vn 0.6357 0.5469 -0.5448
vn 0.6200 0.1725 -0.7654
vn -0.5154 -0.6469 -0.5620
vn -0.3944 -0.3648 -0.8434
vn -0.5136 -0.2549 -0.8193
vn -0.7566 0.3144 0.5733
vn -0.4581 0.1985 0.8664
vn -0.2439 0.6264 0.7404
vn 0.8496 -0.4881 0.1999
vn 0.7975 -0.0100 0.6032
vn 0.5287 -0.4482 0.7208
vn 0.2796 0.9584 -0.0574
vn -0.1629 0.9866 -0.0022
vn -0.3861 -0.0434 -0.9215
vn -0.2193 -0.2730 -0.9367
vn -0.1697 -0.3820 -0.9084
vn -0.8882 -0.0303 0.4585
vn -0.8110 -0.0563 0.5823
vn -0.8490 0.1049 0.5179
vn -0.7743 -0.0541 0.6305
vn 0.4153 0.9083 -0.0492
vn 0.7644 -0.6434 0.0419
vn 0.6274 -0.6715 0.3942
vn 0.4282 0.9021 0.0539
vn 0.4316 0.8998 -0.0638
vn -0.7599 0.0862 0.6443
vn -0.8812 0.0897 0.4642
vn -0.7191 0.1086 0.6864
vn 0.9904 -0.0464 -0.1305
vn 0.5585 -0.8288 0.0335
vn 0.6100 -0.7825 0.1251
vn 0.3387 0.9385 -0.0678
vn -0.8409 -0.2158 0.4963
vn 0.7682 -0.5896 -0.2493
vn 0.7029 -0.6352 -0.3200
vn 0.6333 -0.5133 -0.5791
vn 0.7540 -0.4929 -0.4341
vn -0.7165 0.1348 0.6844
vn 0.3623 0.9034 -0.2291
vn -0.7285 0.1493 -0.6686
vn -0.8155 0.1310 -0.5637
vn -0.7713 -0.4710 0.4280
vn -0.9179 -0.1347 0.3733
vn -0.7345 -0.0971 0.6716
vn -0.7744 0.0319 0.6319
vn -0.8793 0.1736 -0.4436
vn 0.6602 -0.6974 0.2789
vn 0.7531 -0.6541 -0.0702
vn 0.6783 -0.7133 0.1762
vn -0.7360 0.0604 0.6743
vn -0.2846 -0.0531 -0.9572
vn 0.0679 0.3727 -0.9255
vn -0.1752 0.4722 -0.8639
vn 0.8851 -0.3061 -0.3506
vn -0.7807 -0.5737 0.2477
vn -0.9282 0.1642 0.3339
vn -0.0298 0.9774 -0.2091
vn 0.2983 -0.0837 0.9508
vn 0.1411 -0.4128 0.8998
vn 0.2706 -0.4124 0.8699
vn 0.5896 -0.7319 -0.3416
vn 0.7776 -0.6161 -0.1254
vn 0.3830 0.9104 0.1563
vn 0.3379 0.9243 0.1776
vn 0.2185 0.7208 0.6578
vn 0.7578 -0.4900 -0.4309
vn 0.7904 -0.5645 -0.2377
vn 0.7203 -0.6814 -0.1301
vn 0.6884 -0.6202 -0.3761
vn 0.7334 -0.5830 -0.3496
vn 0.3238 -0.4749 0.8183
vn -0.3319 -0.1096 -0.9369
vn -0.3828 -0.0235 -0.9236
vn -0.4019 -0.0197 -0.9155
vn -0.9870 -0.1607 -0.0040
vn -0.2894 -0.6511 -0.7017
vn 0.2886 -0.4725 0.8327
vn 0.3283 -0.4188 0.8466
vn 0.3294 -0.4640 0.8223
vn -0.7900 -0.1691 0.5894
vn -0.8546 -0.2398 0.4607
vn 0.6815 -0.5315 -0.5030
vn 0.7331 -0.5577 -0.3892
vn 0.1346 -0.2941 0.9462
vn 0.4809 -0.3834 0.7885
vn -0.7911 -0.0325 0.6109
vn 0.8424 -0.5381 0.0268
vn 0.7968 -0.6011 0.0621
vn -0.4083 -0.0228 -0.9126
vn 0.3243 -0.2654 -0.9079
vn 0.5350 -0.3486 -0.7696
vn -0.0913 -0.1492 -0.9846
vn -0.3509 -0.1704 0.9208
vn -0.3824 -0.8260 -0.4141
vn -0.4547 -0.7246 -0.5179
vn 0.9984 -0.0062 0.0564
vn 0.3870 0.8441 0.3711
vn -0.5424 0.2460 0.8033
vn -0.0258 0.6661 0.7455
vn 0.5723 -0.5119 0.6406
vn 0.7870 -0.5321 0.3122
vn 0.7573 0.6483 -0.0787
vn 0.7677 -0.5628 -0.3065
vn 0.8033 -0.4953 -0.3309
vn -0.5387 -0.3350 -0.7730
vn -0.6873 -0.2240 -0.6910
vn -0.5396 -0.3836 -0.7495
vn 0.2636 -0.5171 0.8143
vn -0.5190 -0.6046 -0.6043
vn 0.8480 -0.4836 -0.2167
vn -0.7133 -0.0956 0.6943
vn -0.0389 0.0672 0.9970
vn 0.1833 -0.2823 0.9417
vn -0.9119 0.1499 0.3820
vn -0.8592 0.0144 0.5114
vn 0.7491 -0.5955 -0.2902
vn -0.3692 -0.2085 -0.9057
vn 0.6088 0.7537 -0.2475
vn 0.0546 0.2798 0.9585
vn -0.1619 0.1810 0.9701
vn 0.0980 0.4165 0.9038
vn 0.5755 0.3207 0.7523
vn 0.4017 0.3626 0.8409
vn -0.4962 0.0061 0.8682
vn -0.9401 -0.1629 0.2995
vn -0.9708 0.0408 0.2363
vn -0.1160 0.3994 0.9094
vn -0.1888 0.0787 -0.9789
vn 0.4156 0.9019 -0.1179
vn -0.9539 0.2449 0.1736
vn 0.3041 0.7664 0.5658
vn 0.8118 0.5352 -0.2336
vn 0.8103 0.4585 -0.3649
vn 0.8775 0.4620 -0.1289
vn -0.9103 -0.1594 0.3819
vn 0.7306 0.5995 -0.3269
vn 0.8629 0.4808 -0.1560
vn -0.4228 -0.4594 -0.7812
vn 0.7432 -0.5115 -0.4313
vn 0.6857 -0.5957 -0.4183
vn -0.4670 -0.2489 -0.8485
vn -0.4543 -0.0683 -0.8882
vn -0.4365 0.0047 -0.8997
vn -0.6114 -0.2886 -0.7368
vn 0.5202 -0.5670 0.6387
vn 0.3197 -0.4711 0.8221
vn 0.4926 -0.1290 0.8606
vn -0.3969 -0.4837 -0.7800
vn -0.6702 -0.0634 -0.7395
vn -0.1835 -0.2487 -0.9510
vn -0.0120 0.8146 0.5798
vn 0.3852 0.8440 0.3733
vn 0.7196 -0.4526 -0.5267
vn -0.8314 0.0657 -0.5518
vn 0.6770 -0.5246 -0.5161
vn 0.3338 -0.5193 0.7867
vn -0.9647 0.2233 0.1398
vn 0.9075 -0.0645 -0.4151
vn 0.0115 0.0664 0.9977
vn 0.7186 -0.6390 -0.2745
vn -0.3324 -0.1833 -0.9251
vn -0.1709 -0.7266 -0.6654
vn 0.0055 0.1244 0.9922
vt 0.145208 0.219441
vt 0.125297 0.238053
vt 0.113313 0.213812
vt 0.808463 0.062934
vt 0.766412 0.176544
vt 0.746099 0.111416
vt 0.398930 0.506070
vt 0.411374 0.478270
vt 0.472277 0.493854
vt 0.589259 0.691615
vt 0.673901 0.692039
vt 0.598933 0.728005
vt 0.194643 0.269012
vt 0.141335 0.283340
vt 0.168624 0.265865
vt 0.326280 0.287369
vt 0.267711 0.269666
vt 0.309664 0.251358
vt 0.790852 0.479798
vt 0.771645 0.504542
vt 0.761016 0.476587
vt 0.058314 0.208436
vt 0.041284 0.258279
vt 0.026379 0.197201
vt 0.239316 0.243411
vt 0.274765 0.251644
vt 0.184272 0.096771
vt 0.233364 0.101561
vt 0.231095 0.127245
vt 0.100360 0.174500
vt 0.105216 0.155618
vt 0.116508 0.184839
vt 0.865254 0.164622
vt 0.806067 0.165327
vt 0.839327 0.136529
vt 0.410204 0.405754
vt 0.425741 0.466102
vt 0.385222 0.451251
vt 0.587664 0.088412
vt 0.614584 0.101759
vt 0.566516 0.105196
vt 0.785488 0.234649
vt 0.751021 0.217879
vt 0.755978 0.194279
vt 0.604147 0.156233
vt 0.641422 0.143635
vt 0.604820 0.189309
vt 0.710805 0.435287
vt 0.703236 0.452765
vt 0.696056 0.433741
vt 0.571335 0.588756
vt 0.634231 0.564547
vt 0.612677 0.595854
vt 0.699748 0.575159
vt 0.688876 0.606217
vt 0.663197 0.570293
vt 0.251339 0.510574
vt 0.275851 0.543519
vt 0.236907 0.544889
vt 0.699968 0.019271
vt 0.704318 0.062247
vt 0.654220 0.026792
vt 0.253994 0.150442
vt 0.300056 0.197193
vt 0.254822 0.207972
vt 0.285421 0.488679
vt 0.282905 0.519473
vt 0.241456 0.305746
vt 0.289486 0.327454
vt 0.278295 0.354975
vt 0.151295 0.341267
vt 0.123873 0.316419
vt 0.155460 0.313006
vt 0.246602 0.339910
vt 0.187174 0.227358
vt 0.162921 0.248821
vt 0.146824 0.187035
vt 0.745858 0.154877
vt 0.684971 0.218382
vt 0.700615 0.186428
vt 0.626573 0.203814
vt 0.648621 0.195800
vt 0.472768 0.525607
vt 0.428950 0.527646
vt 0.666306 0.722421
vt 0.695752 0.725599
vt 0.678797 0.750903
vt 0.744020 0.586463
vt 0.130544 0.277391
vt 0.110178 0.308280
vt 0.091921 0.250138
vt 0.807746 0.388326
vt 0.777056 0.409421
vt 0.772497 0.383461
vt 0.097120 0.104991
vt 0.058795 0.162621
vt 0.047218 0.115650
vt 0.567196 0.627700
vt 0.381354 0.347001
vt 0.354370 0.359475
vt 0.391879 0.327522
vt 0.576181 0.170325
vt 0.059349 0.295163
vt 0.072585 0.270334
vt 0.080139 0.310061
vt 0.547793 0.092466
vt 0.538954 0.107716
vt 0.553817 0.082772
vt 0.826136 0.198694
vt 0.798596 0.208608
vt 0.502069 0.656044
vt 0.518321 0.612145
vt 0.557467 0.637405
vt 0.339620 0.369289
vt 0.325124 0.417327
vt 0.271154 0.392941
vt 0.359346 0.375728
vt 0.344834 0.417930
vt 0.868826 0.128913
vt 0.199428 0.044954
vt 0.304884 0.539909
vt 0.312381 0.489332
vt 0.335930 0.542755
vt 0.737922 0.620265
vt 0.724226 0.643225
vt 0.693155 0.638899
vt 0.367862 0.278093
vt 0.367675 0.238281
vt 0.396840 0.235250
vt 0.662481 0.003906
vt 0.674314 0.012362
vt 0.079679 0.182950
vt 0.635727 0.750614
vt 0.681406 0.268395
vt 0.672790 0.251225
vt 0.694075 0.245212
vt 0.827084 0.443388
vt 0.804255 0.420611
vt 0.837629 0.429209
vt 0.223215 0.434819
vt 0.195233 0.425260
vt 0.234940 0.410761
vt 0.688862 0.168742
vt 0.689236 0.118569
vt 0.692506 0.096623
vt 0.211527 0.403854
vt 0.249272 0.374169
vt 0.242004 0.396996
vt 0.197164 0.398889
vt 0.592050 0.140861
vt 0.569660 0.121769
vt 0.731072 0.393902
vt 0.760876 0.367843
vt 0.721586 0.391749
vt 0.442639 0.359330
vt 0.409067 0.364221
vt 0.139461 0.039890
vt 0.132943 0.089596
vt 0.127918 0.056259
vt 0.196921 0.145639
vt 0.165621 0.166310
vt 0.708694 0.659043
vt 0.653980 0.675459
vt 0.641150 0.653866
vt 0.837924 0.104857
vt 0.804491 0.151384
vt 0.309410 0.366196
vt 0.268060 0.385397
vt 0.349621 0.352362
vt 0.313833 0.338755
vt 0.728247 0.492728
vt 0.710745 0.468568
vt 0.745633 0.547423
vt 0.725019 0.501106
vt 0.739361 0.509348
vt 0.465981 0.435894
vt 0.483172 0.487604
vt 0.213916 0.168369
vt 0.227216 0.158353
vt 0.220505 0.210612
vt 0.194798 0.202194
vt 0.736521 0.420144
vt 0.798161 0.447363
vt 0.775001 0.449020
vt 0.413565 0.257258
vt 0.417262 0.285951
vt 0.368850 0.317155
vt 0.359703 0.342410
vt 0.490855 0.511894
vt 0.662505 0.264142
vt 0.660100 0.275495
vt 0.812840 0.453800
vt 0.206135 0.453149
vt 0.210514 0.474205
vt 0.183850 0.463954
vt 0.348863 0.194044
vt 0.326046 0.198467
vt 0.344927 0.165543
vt 0.081869 0.029782
vt 0.116064 0.011332
vt 0.108804 0.038722
vt 0.629569 0.065104
vt 0.615374 0.047785
vt 0.359021 0.458217
vt 0.354540 0.440641
vt 0.354408 0.431729
vt 0.219013 0.339186
vt 0.216287 0.305074
vt 0.244500 0.287679
vt 0.207012 0.269191
vt 0.688468 0.147621
vt 0.684644 0.468061
vt 0.667945 0.456863
vt 0.049012 0.308529
vt 0.673070 0.087106
vt 0.657787 0.122917
vt 0.285840 0.213036
vt 0.218754 0.216607
vt 0.221627 0.236237
vt 0.534003 0.689281
vt 0.605517 0.678815
vt 0.634273 0.667154
vt 0.638343 0.089860
vt 0.138037 0.350479
vt 0.115622 0.329026
vt 0.096700 0.316007
vt 0.570250 0.671142
vt 0.604871 0.663957
vt 0.584354 0.660931
vt 0.667144 0.613697
vt 0.314245 0.214368
vt 0.664114 0.225710
vt 0.651148 0.254449
vt 0.632844 0.237575
vt 0.371864 0.363891
vt 0.426455 0.339310
vt 0.403724 0.334651
vt 0.425853 0.320870
vt 0.828370 0.404182
vt 0.188822 0.386559
vt 0.171139 0.361863
vt 0.191037 0.353118
vt 0.397431 0.354135
vt 0.640673 0.481566
vt 0.652951 0.489399
vt 0.624688 0.499692
vt 0.203597 0.213556
vt 0.449866 0.480817
vt 0.469115 0.459912
vt 0.477712 0.475980
vt 0.549455 0.701907
vt 0.580813 0.711873
vt 0.171425 0.387095
vt 0.155263 0.371161
vt 0.219583 0.358176
vt 0.595095 0.197051
vt 0.625399 0.227296
vt 0.611338 0.215223
vt 0.573046 0.067315
vt 0.597380 0.052927
vt 0.600258 0.067044
vt 0.870538 0.428499
vt 0.850515 0.442104
vt 0.169201 0.056876
vt 0.163230 0.123517
vt 0.166067 0.072501
vt 0.717075 0.489261
vt 0.681581 0.486739
vt 0.729079 0.043998
vt 0.770320 0.066658
vt 0.773836 0.028927
vt 0.713915 0.531407
vt 0.683656 0.536479
vt 0.607292 0.525525
vt 0.645468 0.533686
vt 0.598303 0.565807
vt 0.035941 0.162212
vt 0.326888 0.437905
vt 0.308009 0.450001
vt 0.335728 0.465394
vt 0.548142 0.131844
vt 0.169681 0.282604
vt 0.755011 0.458914
vt 0.123358 0.118474
vt 0.119411 0.142866
vt 0.111547 0.062864
vt 0.203466 0.294836
vt 0.188511 0.286707
vt 0.710233 0.611932
vt 0.689366 0.626198
vt 0.106191 0.228945
vt 0.094259 0.215759
vt 0.207849 0.330833
vt 0.535711 0.586929
vt 0.559534 0.558022
vt 0.352089 0.488313
vt 0.703431 0.702261
vt 0.699773 0.681234
vt 0.720903 0.673374
vt 0.153387 0.259730
vt 0.727372 0.450726
vt 0.762191 0.447738
vt 0.093467 0.003906
vt 0.744042 0.027019
vt 0.316946 0.180181
vt 0.294962 0.126267
vt 0.075375 0.073751
vt 0.076073 0.046455
vt 0.506464 0.605009
vt 0.516009 0.580143
vt 0.237245 0.062538
vt 0.775710 0.197365
vt 0.648295 0.506239
vt 0.673707 0.523006
vt 0.233330 0.497902
vt 0.225211 0.485426
vt 0.260923 0.474733
vt 0.158448 0.082924
vt 0.194169 0.496479
vt 0.187564 0.478664
vt 0.801753 0.463845
vt 0.557617 0.591093
vt 0.187923 0.329281
vt 0.139985 0.195049
vt 0.129931 0.166716
vt 0.289933 0.253381
vt 0.300141 0.232361
vt 0.555171 0.550998
vt 0.692631 0.553471
vt 0.258454 0.428716
vt 0.723991 0.224348
vt 0.259119 0.119910
vt 0.243697 0.140568
vt 0.270331 0.100790
vt 0.252568 0.098236
vt 0.587898 0.519245
vt 0.613586 0.496755
vt 0.162537 0.033965
vt 0.186144 0.042542
vt 0.147091 0.023916
vt 0.303243 0.212754
vt 0.170359 0.293011
vt 0.147322 0.297207
vt 0.279752 0.125246
vt 0.751138 0.542984
vt 0.616557 0.034046
vt 0.442608 0.406521
vt 0.843430 0.201199
vt 0.801613 0.222156
vt 0.698402 0.156635
vt 0.315922 0.312742
vt 0.755606 0.017279
vt 0.736380 0.261304
vt 0.749429 0.236998
vt 0.721624 0.256763
vt 0.738830 0.237821
vt 0.106859 0.323167
vt 0.701949 0.255549
vt 0.729042 0.238838
vt 0.255120 0.453098
vt 0.633609 0.602751
vt 0.654089 0.591319
vt 0.276630 0.469713
vt 0.279903 0.450210
vt 0.372693 0.542893
vt 0.380603 0.481773
vt 0.229660 0.473208
vt 0.007980 0.262264
vt 0.022954 0.230838
vt 0.094083 0.129115
vt 0.854534 0.090613
vt 0.867274 0.110568
vt 0.843815 0.083420
vt 0.158414 0.041833
vt 0.239429 0.456995
vt 0.318869 0.371033
vt 0.425261 0.309595
vt 0.726572 0.656804
vt 0.207769 0.522613
vt 0.689064 0.008837
vt 0.747943 0.008837
vt 0.724762 0.012287
vt 0.732440 0.025122
vt 0.584799 0.644987
vt 0.408928 0.351617
vt 0.710633 0.562174
vt 0.846509 0.416647
vt 0.479888 0.641672
vt 0.865346 0.185766
vt 0.430372 0.535832
vt 0.461123 0.535159
vt 0.406299 0.542698
vt 0.117887 0.075932
vt 0.361344 0.294655
vt 0.751069 0.581670
vt 0.873087 0.162899
vt 0.666605 0.766922
vt 0.003906 0.295669
vt 0.613884 0.733106
vt 0.722479 0.268504
vt 0.695082 0.274175
vt 0.209844 0.143576
vt 0.661210 0.551657
vt 0.410337 0.466798
vt 0.496712 0.619229
vt 0.362255 0.188379
vt 0.744141 0.372545
vt 0.751069 0.519112
vt 0.213326 0.545201
vt 0.014064 0.226795
vt 0.492152 0.527396
vt 0.481373 0.531797
vt 0.746452 0.609846
vt 0.733433 0.637834
vt 0.287738 0.116190
vt 0.451488 0.406655
vt 0.226955 0.141446
vt 0.183379 0.445807
vt 0.355483 0.546962
vt 0.772493 0.370427
vt 0.781396 0.374839
s 1
usemtl stones_big.001
f 114/1/1 290/2/2 250/3/3
f 102/4/4 266/5/5 13/6/6
f 165/7/7 2/8/8 137/9/9
f 135/10/10 19/11/11 314/12/12
f 86/13/13 62/14/14 97/15/15
f 199/16/16 186/17/17 258/18/18
f 108/19/19 248/20/20 45/21/21
f 30/22/22 178/23/23 281/24/24
f 186/17/17 61/25/25 29/26/26
f 77/27/27 128/28/28 331/29/29
f 91/30/30 279/31/31 106/32/32
f 214/33/33 10/34/34 27/35/35
f 139/36/36 236/37/37 257/38/38
f 341/39/39 60/40/40 107/41/41
f 146/42/42 346/43/43 209/44/44
f 24/45/45 198/46/46 74/47/47
f 213/48/48 325/49/49 11/50/50
f 109/51/51 104/52/52 350/53/53
f 345/54/54 39/55/55 249/56/56
f 237/57/57 136/58/58 251/59/59
f 208/60/60 148/61/61 51/62/62
f 298/63/63 230/64/64 151/65/65
f 140/66/66 275/67/67 237/57/57
f 228/68/68 233/69/69 41/70/70
f 32/71/71 144/72/72 132/73/73
f 94/74/74 228/68/68 41/70/70
f 70/75/75 184/76/76 116/77/77
f 86/13/13 97/15/15 70/75/75
f 54/78/78 13/6/6 266/5/5
f 193/79/79 210/80/80 209/44/44
f 82/81/81 198/46/46 245/82/82
f 137/9/9 215/83/83 194/84/84
f 287/85/85 305/86/86 4/87/87
f 202/88/88 39/55/55 345/54/54
f 120/89/89 212/90/90 79/91/91
f 335/92/92 36/93/93 351/94/94
f 88/95/95 159/96/96 101/97/97
f 109/51/51 350/53/53 169/98/98
f 66/99/99 222/100/100 168/101/101
f 24/45/45 74/47/47 292/102/102
f 23/103/103 178/23/23 20/104/104
f 147/105/105 23/103/103 20/104/104
f 46/106/106 107/41/41 177/107/107
f 107/41/41 211/108/108 341/39/39
f 10/34/34 201/109/109 25/110/110
f 50/111/111 95/112/112 59/113/113
f 26/114/114 333/115/115 134/116/116
f 26/114/114 347/117/117 329/118/118
f 27/35/35 271/119/119 214/33/33
f 128/28/28 77/27/27 334/120/120
f 246/121/121 84/122/122 172/123/123
f 277/124/124 308/125/125 90/126/126
f 349/127/127 49/128/128 75/129/129
f 242/130/130 276/131/131 51/62/62
f 178/23/23 30/22/22 79/91/91
f 91/30/30 93/132/132 279/31/31
f 287/85/85 4/87/87 31/133/133
f 269/134/134 47/135/135 149/136/136
f 48/137/137 197/138/138 76/139/139
f 157/140/140 311/141/141 34/142/142
f 273/143/143 245/82/82 198/46/46
f 217/144/144 294/145/145 13/6/6
f 241/146/146 34/142/142 311/141/141
f 196/147/147 124/148/148 67/149/149
f 198/46/46 306/150/150 35/151/151
f 35/151/151 306/150/150 292/102/102
f 243/152/152 352/153/153 36/93/93
f 11/50/50 110/154/154 213/48/48
f 139/36/36 329/118/118 347/117/117
f 85/155/155 139/36/36 68/156/156
f 162/157/157 8/158/158 180/159/159
f 274/160/160 118/161/161 77/27/27
f 90/126/126 308/125/125 179/162/162
f 113/163/163 206/164/164 90/126/126
f 40/165/165 271/119/119 27/35/35
f 27/35/35 115/166/166 40/165/165
f 166/167/167 171/168/168 41/70/70
f 260/169/169 41/70/70 22/170/170
f 45/21/21 42/171/171 78/172/172
f 126/173/173 300/174/174 278/175/175
f 139/36/36 154/176/176 236/37/37
f 18/177/177 215/83/83 137/9/9
f 16/178/178 312/179/179 239/180/180
f 118/161/161 16/178/178 344/181/181
f 36/93/93 87/182/182 243/152/152
f 197/138/138 14/183/183 303/184/184
f 349/127/127 234/185/185 203/186/186
f 22/170/170 310/187/187 191/188/188
f 322/189/189 215/83/83 18/177/177
f 340/190/190 269/134/134 263/191/191
f 326/192/192 197/138/138 48/137/137
f 328/193/193 285/194/194 326/195/192
f 199/16/16 258/18/18 49/128/128
f 255/196/195 289/197/196 174/198/197
f 238/199/198 99/200/199 21/201/200
f 21/201/200 99/200/199 162/157/157
f 270/202/201 138/203/202 51/62/62
f 242/130/130 51/62/62 138/203/202
f 321/204/203 52/205/204 257/38/38
f 257/38/38 57/206/205 139/36/36
f 339/207/206 247/208/207 53/209/208
f 167/210/209 61/25/25 186/17/17
f 13/6/6 54/78/78 17/211/210
f 273/143/143 210/80/80 193/79/79
f 325/49/49 170/212/211 158/213/212
f 110/214/154 178/23/23 23/103/103
f 56/215/213 270/202/201 51/62/62
f 217/144/144 33/216/214 56/215/213
f 257/38/38 52/205/204 57/206/205
f 333/115/115 26/114/114 329/118/118
f 64/217/215 58/218/216 151/65/65
f 86/13/13 70/75/75 283/219/217
f 50/111/111 59/113/113 141/220/218
f 113/163/163 244/221/219 63/222/220
f 60/40/40 198/46/46 35/151/151
f 297/223/221 56/215/213 33/216/214
f 64/217/215 61/25/25 58/218/216
f 167/210/209 283/219/217 61/25/25
f 144/72/72 335/224/92 337/225/222
f 212/90/90 352/226/153 20/104/104
f 232/227/223 227/228/224 244/221/219
f 176/229/225 307/230/226 206/164/164
f 29/26/26 61/25/25 64/217/215
f 258/18/18 219/231/227 255/196/195
f 65/232/228 322/233/189 18/234/177
f 47/135/135 193/79/79 149/136/136
f 9/235/229 222/100/100 66/99/99
f 177/236/107 262/237/230 46/238/106
f 76/139/139 197/138/138 220/239/231
f 73/240/232 155/241/233 272/242/234
f 139/36/36 347/117/117 68/156/156
f 9/235/229 66/99/99 190/243/235
f 69/244/236 158/213/212 320/245/237
f 320/245/237 123/246/238 69/244/236
f 58/218/216 70/75/75 44/247/239
f 44/247/239 344/181/181 16/178/178
f 43/248/240 71/249/241 295/250/242
f 65/232/228 18/234/177 82/81/81
f 146/251/42 72/252/243 314/12/12
f 232/227/223 135/10/10 141/220/218
f 182/253/244 220/254/231 73/240/232
f 73/240/232 272/242/234 92/255/245
f 292/102/102 74/47/47 154/256/176
f 82/81/81 295/257/242 71/258/241
f 203/259/186 234/260/185 7/261/246
f 270/202/201 7/261/246 138/203/202
f 76/139/139 67/262/149 311/263/141
f 73/240/232 67/149/149 182/253/244
f 334/120/120 77/27/27 38/264/247
f 77/27/27 226/265/248 261/266/249
f 42/171/171 12/267/250 78/172/172
f 78/172/172 12/267/250 348/268/251
f 79/91/91 20/104/104 178/23/23
f 212/90/90 20/104/104 79/91/91
f 204/269/252 148/61/61 208/60/60
f 102/4/4 111/270/253 133/271/254
f 300/174/174 81/272/255 235/273/256
f 300/174/174 126/173/173 81/272/255
f 71/258/241 74/47/47 82/81/81
f 198/46/46 82/81/81 74/47/47
f 3/274/257 121/275/258 161/276/259
f 129/277/260 101/97/97 159/96/96
f 336/278/261 150/279/262 134/116/116
f 301/280/263 336/278/261 321/204/203
f 35/151/151 292/102/102 85/281/155
f 107/41/41 85/281/155 177/107/107
f 86/13/13 268/282/264 62/14/14
f 155/241/233 132/73/73 272/242/234
f 98/283/265 45/21/21 78/172/172
f 108/19/19 45/21/21 303/184/184
f 200/284/266 315/285/267 88/95/95
f 101/97/97 343/286/268 88/95/95
f 167/210/209 89/287/269 293/288/270
f 247/208/207 167/210/209 53/209/208
f 39/55/55 28/289/271 291/290/272
f 307/230/226 291/290/272 206/164/164
f 290/2/2 79/91/91 240/291/273
f 79/91/91 30/22/22 225/292/274
f 196/147/147 67/149/149 92/255/245
f 67/149/149 73/240/232 92/255/245
f 93/132/132 225/292/274 30/22/22
f 30/22/22 281/24/24 159/96/96
f 196/147/147 92/255/245 94/74/74
f 92/255/245 112/293/275 339/207/206
f 95/112/112 83/294/276 59/113/113
f 127/295/277 3/274/257 161/276/259
f 84/122/122 96/296/278 172/123/123
f 156/297/279 163/298/280 6/299/281
f 62/14/14 5/300/282 97/15/15
f 97/15/15 184/76/76 70/75/75
f 78/172/172 122/301/283 98/283/265
f 205/302/284 122/301/283 36/93/93
f 99/200/199 238/199/198 192/303/285
f 10/34/34 214/33/33 201/109/109
f 304/304/286 133/271/254 204/269/252
f 174/198/197 131/305/287 280/306/288
f 119/307/289 302/308/290 21/201/200
f 302/309/290 119/310/289 83/294/276
f 40/165/165 115/166/166 102/4/4
f 128/28/28 334/120/120 102/311/4
f 10/34/34 25/110/110 103/312/291
f 266/5/5 209/44/44 54/78/78
f 55/313/292 121/275/258 123/246/238
f 300/174/174 231/314/293 55/313/292
f 173/315/294 105/316/295 164/317/296
f 84/122/122 301/280/263 96/296/278
f 226/265/248 200/284/266 189/318/297
f 107/41/41 35/151/151 85/281/155
f 60/40/40 35/151/151 107/41/41
f 108/319/19 332/320/298 285/194/194
f 108/19/19 303/184/184 332/321/298
f 169/98/98 83/294/276 299/322/299
f 127/295/277 299/322/299 83/294/276
f 147/105/105 110/214/154 23/103/103
f 13/6/6 111/270/253 102/4/4
f 204/269/252 13/6/6 148/61/61
f 339/207/206 112/293/275 247/208/207
f 286/323/300 293/288/270 89/287/269
f 19/11/11 135/10/10 113/163/163
f 19/11/11 163/298/280 156/297/279
f 250/3/3 106/32/32 296/324/301
f 224/325/302 200/284/266 226/265/248
f 27/35/35 10/34/34 115/166/166
f 103/312/291 266/5/5 10/34/34
f 116/77/77 184/76/76 114/1/1
f 224/325/302 116/77/77 296/324/301
f 318/326/303 64/217/215 117/327/304
f 289/197/196 131/305/287 174/198/197
f 224/325/302 118/161/161 116/77/77
f 344/181/181 116/77/77 118/161/161
f 83/294/276 119/310/289 101/328/97
f 101/97/97 119/307/289 343/286/268
f 62/14/14 120/89/89 5/300/282
f 114/1/1 5/300/282 290/2/2
f 121/275/258 104/52/52 161/276/259
f 235/273/256 342/329/305 249/56/56
f 122/301/283 325/49/49 213/48/48
f 36/93/93 122/301/283 87/182/182
f 101/328/97 123/246/238 3/274/257
f 123/246/238 121/275/258 3/274/257
f 124/148/148 34/142/142 241/146/146
f 153/330/306 34/142/142 124/148/148
f 209/44/44 346/43/43 187/331/307
f 209/44/44 187/331/307 193/79/79
f 246/121/121 275/67/67 140/66/66
f 39/55/55 202/88/88 28/289/271
f 101/328/97 127/295/277 83/294/276
f 101/328/97 3/274/257 127/295/277
f 331/29/29 221/332/308 100/333/309
f 133/334/254 284/335/310 102/311/4
f 129/336/260 123/246/238 101/328/97
f 281/337/24 69/244/236 123/246/238
f 38/264/247 130/338/311 160/339/312
f 271/340/119 162/157/157 99/200/199
f 64/217/215 151/65/65 230/64/64
f 223/341/313 64/217/215 230/64/64
f 132/73/73 15/342/314 286/323/300
f 132/73/73 264/343/315 15/342/314
f 143/344/316 100/333/309 221/332/308
f 280/306/288 131/305/287 298/63/63
f 124/148/148 134/116/116 153/330/306
f 171/168/168 124/148/148 196/147/147
f 146/251/42 135/10/10 72/252/243
f 135/10/10 314/12/12 72/252/243
f 345/54/54 126/173/173 202/88/88
f 202/88/88 126/173/173 251/345/59
f 137/9/9 2/8/8 43/248/240
f 43/248/240 295/250/242 137/9/9
f 234/260/185 138/203/202 7/261/246
f 75/346/129 242/130/130 138/203/202
f 37/347/317 139/36/36 85/155/155
f 37/347/317 154/176/176 139/36/36
f 244/221/219 113/163/163 135/10/10
f 246/121/121 140/66/66 84/122/122
f 140/66/66 150/279/262 84/122/122
f 50/348/111 141/349/218 25/110/110
f 25/110/110 146/42/42 103/312/291
f 17/211/210 33/216/214 217/144/144
f 338/350/318 210/80/80 273/143/143
f 310/187/187 188/351/319 199/16/16
f 188/351/319 186/17/17 199/16/16
f 133/334/254 143/344/316 221/332/308
f 282/352/320 133/271/254 304/304/286
f 144/72/72 212/90/90 120/89/89
f 314/353/12 145/354/321 146/42/42
f 314/353/12 207/355/322 316/356/323
f 25/110/110 141/349/218 146/42/42
f 135/10/10 146/251/42 141/220/218
f 1/357/324 352/226/153 212/90/90
f 351/94/94 36/93/93 352/153/153
f 56/215/213 51/62/62 148/61/61
f 294/145/145 217/144/144 56/215/213
f 327/358/325 269/134/134 149/136/136
f 316/356/323 125/359/326 187/331/307
f 34/142/142 153/330/306 253/360/327
f 239/180/180 312/179/179 151/65/65
f 151/65/65 58/218/216 239/180/180
f 152/361/328 307/230/226 176/229/225
f 313/362/329 249/56/56 307/230/226
f 150/279/262 153/330/306 134/116/116
f 256/363/330 183/364/331 150/279/262
f 43/248/240 154/176/176 71/249/241
f 71/258/241 154/256/176 74/47/47
f 155/241/233 32/71/71 132/73/73
f 220/254/231 155/241/233 73/240/232
f 165/7/7 6/365/281 229/366/332
f 165/7/7 229/366/332 2/8/8
f 157/140/140 175/367/333 328/193/193
f 253/360/327 157/140/140 34/142/142
f 110/214/154 158/368/212 254/369/334
f 158/213/212 11/50/50 325/49/49
f 330/370/335 93/132/132 159/96/96
f 93/132/132 30/22/22 159/96/96
f 40/165/165 160/371/312 130/372/311
f 102/4/4 334/373/120 40/165/165
f 161/276/259 104/52/52 109/51/51
f 127/295/277 161/276/259 299/322/299
f 38/264/247 267/374/336 130/338/311
f 189/318/297 8/158/158 267/374/336
f 113/163/163 179/162/162 19/11/11
f 90/126/126 179/162/162 113/163/163
f 253/360/327 288/375/337 157/140/140
f 6/365/281 165/7/7 194/84/84
f 194/84/84 165/7/7 137/9/9
f 166/167/167 265/376/338 171/168/168
f 191/188/188 168/101/101 222/100/100
f 167/210/209 86/13/13 283/219/217
f 86/13/13 167/210/209 293/288/270
f 349/127/127 211/377/108 168/101/101
f 46/238/106 262/237/230 168/101/101
f 83/294/276 169/98/98 59/113/113
f 176/229/225 227/228/224 232/227/223
f 158/213/212 170/212/211 320/245/237
f 348/268/251 300/174/174 55/313/292
f 171/168/168 134/116/116 124/148/148
f 171/168/168 265/376/338 134/116/116
f 172/123/123 96/296/278 6/365/281
f 179/162/162 308/125/125 317/378/339
f 248/379/20 108/319/19 173/315/294
f 105/316/295 173/315/294 108/319/19
f 174/380/197 280/381/288 80/382/340
f 204/269/252 208/60/60 259/383/341
f 175/367/333 285/194/194 328/193/193
f 105/316/295 175/367/333 164/317/296
f 252/384/342 232/227/223 169/98/98
f 169/98/98 152/361/328 252/384/342
f 185/385/343 262/237/230 177/236/107
f 185/385/343 177/236/107 85/155/155
f 178/23/23 110/214/154 254/369/334
f 254/369/334 281/24/24 178/23/23
f 179/162/162 163/298/280 19/11/11
f 163/298/280 179/162/162 317/378/339
f 180/159/159 21/201/200 162/157/157
f 343/286/268 119/307/289 21/201/200
f 81/272/255 126/173/173 181/386/344
f 342/329/305 235/273/256 81/272/255
f 182/387/244 67/262/149 76/139/139
f 76/139/139 220/239/231 182/387/244
f 153/330/306 183/364/331 253/360/327
f 153/330/306 150/279/262 183/364/331
f 184/76/76 5/300/282 114/1/1
f 184/76/76 97/15/15 5/300/282
f 85/155/155 68/156/156 185/385/343
f 190/243/235 262/237/230 185/385/343
f 53/209/208 167/210/209 186/17/17
f 228/68/68 186/17/17 233/69/69
f 125/359/326 149/136/136 187/331/307
f 187/331/307 149/136/136 193/79/79
f 22/170/170 188/351/319 310/187/187
f 186/17/17 188/351/319 233/69/69
f 261/266/249 226/265/248 189/318/297
f 261/266/249 189/318/297 267/374/336
f 190/243/235 185/385/343 68/156/156
f 9/235/229 190/243/235 68/156/156
f 260/169/169 265/376/338 166/167/167
f 260/169/169 166/167/167 41/70/70
f 192/388/285 95/112/112 50/111/111
f 214/33/33 192/389/285 201/109/109
f 62/14/14 144/72/72 120/89/89
f 268/282/264 264/343/315 62/14/14
f 193/79/79 47/135/135 65/232/228
f 193/79/79 65/232/228 273/143/143
f 305/390/86 194/84/84 4/391/87
f 156/392/279 6/365/281 194/84/84
f 8/158/158 195/393/345 180/159/159
f 195/393/345 88/95/95 343/286/268
f 94/74/74 41/70/70 196/147/147
f 171/168/168 196/147/147 41/70/70
f 36/93/93 220/239/231 197/138/138
f 197/138/138 205/302/284 36/93/93
f 198/46/46 297/223/221 33/216/214
f 17/211/210 198/46/46 33/216/214
f 310/187/187 199/16/16 142/394/346
f 349/127/127 199/16/16 49/128/128
f 200/284/266 88/95/95 195/393/345
f 195/393/345 8/158/158 200/284/266
f 192/389/285 50/348/111 201/109/109
f 201/109/109 50/348/111 25/110/110
f 277/124/124 202/88/88 136/395/58
f 136/395/58 202/88/88 251/345/59
f 203/259/186 341/39/39 211/108/108
f 211/377/108 349/127/127 203/186/186
f 111/270/253 13/6/6 204/269/252
f 133/271/254 111/270/253 204/269/252
f 303/184/184 205/302/284 197/138/138
f 98/283/265 122/301/283 205/302/284
f 63/222/220 206/164/164 113/163/163
f 227/228/224 176/229/225 206/164/164
f 316/356/323 207/355/322 125/359/326
f 125/359/326 327/358/325 149/136/136
f 174/380/197 80/382/340 208/60/60
f 276/131/131 242/130/130 174/380/197
f 103/312/291 209/44/44 266/5/5
f 103/312/291 146/42/42 209/44/44
f 210/80/80 338/350/318 54/78/78
f 209/44/44 210/80/80 54/78/78
f 211/108/108 107/41/41 46/106/106
f 168/101/101 211/377/108 46/238/106
f 144/72/72 337/225/222 212/90/90
f 87/182/182 122/301/283 213/48/48
f 243/152/152 87/182/182 213/48/48
f 214/33/33 99/396/199 192/389/285
f 271/119/119 99/396/199 214/33/33
f 4/391/87 194/84/84 215/83/83
f 31/133/133 4/87/87 263/397/191
f 110/214/154 11/398/50 158/368/212
f 237/57/57 164/317/296 140/66/66
f 183/364/331 256/363/330 164/317/296
f 19/11/11 31/133/133 216/399/347
f 216/400/347 31/401/133 207/355/322
f 13/6/6 17/211/210 217/144/144
f 218/402/348 312/179/179 16/178/178
f 16/178/178 118/161/161 274/160/160
f 219/231/227 258/18/18 117/327/304
f 223/341/313 117/327/304 64/217/215
f 335/92/92 220/239/231 36/93/93
f 220/254/231 335/224/92 155/241/233
f 128/28/28 221/332/308 331/29/29
f 102/311/4 284/335/310 128/28/28
f 9/235/229 26/114/114 222/100/100
f 222/100/100 265/376/338 260/169/169
f 219/231/227 117/327/304 223/341/313
f 255/196/195 219/231/227 289/197/196
f 296/324/301 106/32/32 224/325/302
f 315/285/267 106/32/32 279/31/31
f 240/291/273 79/91/91 225/292/274
f 225/292/274 93/132/132 250/3/3
f 77/27/27 118/161/161 226/265/248
f 224/325/302 226/265/248 118/161/161
f 244/221/219 227/228/224 63/222/220
f 63/222/220 227/228/224 206/164/164
f 339/207/206 53/209/208 228/68/68
f 53/209/208 186/17/17 228/68/68
f 96/296/278 229/366/332 6/365/281
f 301/280/263 321/204/203 96/296/278
f 131/305/287 230/64/64 298/63/63
f 131/305/287 289/197/196 230/64/64
f 55/313/292 231/314/293 121/275/258
f 231/314/293 300/174/174 235/273/256
f 59/113/113 232/227/223 141/220/218
f 169/98/98 232/227/223 59/113/113
f 8/158/158 189/318/297 200/284/266
f 233/69/69 22/170/170 41/70/70
f 233/69/69 188/351/319 22/170/170
f 349/127/127 75/129/129 234/185/185
f 138/203/202 234/260/185 75/346/129
f 231/314/293 323/403/349 121/275/258
f 121/275/258 323/403/349 104/52/52
f 43/248/240 236/37/37 154/176/176
f 236/37/37 43/248/240 324/404/350
f 164/317/296 237/57/57 173/315/294
f 251/59/59 173/315/294 237/57/57
f 238/405/198 95/112/112 192/388/285
f 302/309/290 83/294/276 95/112/112
f 239/180/180 44/247/239 16/178/178
f 58/218/216 44/247/239 239/180/180
f 241/146/146 311/141/141 67/149/149
f 241/146/146 67/149/149 124/148/148
f 49/128/128 242/406/130 75/129/129
f 174/198/197 242/406/130 255/196/195
f 213/48/48 110/154/154 243/152/152
f 243/152/152 110/154/154 147/407/105
f 232/227/223 244/221/219 135/10/10
f 273/143/143 65/232/228 245/82/82
f 65/232/228 82/81/81 245/82/82
f 202/88/88 277/124/124 28/289/271
f 90/126/126 28/289/271 277/124/124
f 89/287/269 247/208/207 112/293/275
f 167/210/209 247/208/207 89/287/269
f 248/20/20 278/175/175 45/21/21
f 126/173/173 278/175/175 309/408/351
f 249/56/56 313/362/329 104/52/52
f 104/52/52 323/403/349 249/56/56
f 106/32/32 250/3/3 91/30/30
f 250/3/3 93/132/132 91/30/30
f 309/408/351 278/175/175 248/20/20
f 173/315/294 309/409/351 248/379/20
f 232/227/223 252/384/342 176/229/225
f 152/361/328 176/229/225 252/384/342
f 183/364/331 164/317/296 253/360/327
f 253/360/327 164/317/296 288/375/337
f 254/369/334 69/410/236 281/24/24
f 254/369/334 158/368/212 69/410/236
f 255/196/195 242/406/130 49/128/128
f 49/128/128 258/18/18 255/196/195
f 140/66/66 164/317/296 256/363/330
f 140/66/66 256/363/330 150/279/262
f 229/366/332 324/404/350 2/8/8
f 117/327/304 258/18/18 318/326/303
f 186/17/17 318/326/303 258/18/18
f 259/383/341 208/60/60 80/382/340
f 282/352/320 304/304/286 80/382/340
f 260/169/169 22/170/170 191/188/188
f 260/169/169 191/188/188 222/100/100
f 261/266/249 267/374/336 38/264/247
f 77/27/27 261/266/249 38/264/247
f 168/101/101 262/237/230 66/99/99
f 190/243/235 66/99/99 262/237/230
f 340/411/190 263/412/191 215/83/83
f 263/412/191 4/391/87 215/83/83
f 132/73/73 144/72/72 264/343/315
f 264/343/315 144/72/72 62/14/14
f 265/376/338 26/114/114 134/116/116
f 265/376/338 222/100/100 26/114/114
f 115/166/166 266/5/5 102/4/4
f 10/34/34 266/5/5 115/166/166
f 162/157/157 271/340/119 267/374/336
f 8/158/158 162/157/157 267/374/336
f 268/282/264 15/342/314 264/343/315
f 293/288/270 286/323/300 15/342/314
f 31/401/133 263/191/191 269/134/134
f 327/358/325 31/401/133 269/134/134
f 270/202/201 297/223/221 341/39/39
f 56/215/213 297/223/221 270/202/201
f 267/374/336 271/340/119 130/338/311
f 130/372/311 271/119/119 40/165/165
f 272/242/234 112/293/275 92/255/245
f 89/287/269 112/293/275 286/323/300
f 273/143/143 198/46/46 17/211/210
f 338/350/318 273/143/143 17/211/210
f 16/178/178 274/160/160 218/402/348
f 218/402/348 274/160/160 77/27/27
f 237/57/57 275/67/67 136/58/58
f 136/58/58 275/67/67 246/121/121
f 208/60/60 51/62/62 276/131/131
f 174/380/197 208/60/60 276/131/131
f 277/124/124 246/413/121 172/414/123
f 277/124/124 136/395/58 246/413/121
f 45/21/21 278/175/175 42/171/171
f 42/171/171 278/175/175 300/174/174
f 330/370/335 159/96/96 88/95/95
f 330/370/335 88/95/95 315/285/267
f 298/63/63 143/344/316 280/306/288
f 143/344/316 133/334/254 282/415/320
f 281/337/24 123/246/238 129/336/260
f 129/277/260 159/96/96 281/24/24
f 143/344/316 282/415/320 280/306/288
f 280/381/288 282/352/320 80/382/340
f 70/75/75 58/218/216 283/219/217
f 61/25/25 283/219/217 58/218/216
f 221/332/308 284/335/310 133/334/254
f 284/335/310 221/332/308 128/28/28
f 285/194/194 105/316/295 108/319/19
f 285/194/194 175/367/333 105/316/295
f 112/293/275 272/242/234 286/323/300
f 272/242/234 132/73/73 286/323/300
f 287/85/85 19/11/11 156/297/279
f 19/11/11 287/85/85 31/133/133
f 164/317/296 175/367/333 288/375/337
f 175/367/333 157/140/140 288/375/337
f 223/341/313 230/64/64 289/197/196
f 289/197/196 219/231/227 223/341/313
f 120/89/89 79/91/91 290/2/2
f 5/300/282 120/89/89 290/2/2
f 28/289/271 90/126/126 291/290/272
f 291/290/272 90/126/126 206/164/164
f 292/416/102 37/347/317 85/155/155
f 37/347/317 292/416/102 154/176/176
f 86/13/13 293/288/270 268/282/264
f 268/282/264 293/288/270 15/342/314
f 148/61/61 13/6/6 294/145/145
f 294/145/145 56/215/213 148/61/61
f 295/250/242 18/177/177 137/9/9
f 18/234/177 295/257/242 82/81/81
f 296/324/301 114/1/1 250/3/3
f 114/1/1 296/324/301 116/77/77
f 198/46/46 60/40/40 297/223/221
f 60/40/40 341/39/39 297/223/221
f 100/333/309 143/344/316 298/63/63
f 312/179/179 319/417/352 100/333/309
f 299/322/299 109/51/51 169/98/98
f 299/322/299 161/276/259 109/51/51
f 42/171/171 300/174/174 12/267/250
f 12/267/250 300/174/174 348/268/251
f 84/122/122 150/279/262 301/280/263
f 301/280/263 150/279/262 336/278/261
f 238/405/198 302/309/290 95/112/112
f 21/201/200 302/308/290 238/199/198
f 303/184/184 45/21/21 98/283/265
f 303/184/184 98/283/265 205/302/284
f 304/304/286 259/383/341 80/382/340
f 304/304/286 204/269/252 259/383/341
f 287/85/85 156/297/279 305/86/86
f 305/390/86 156/392/279 194/84/84
f 306/150/150 24/45/45 292/102/102
f 198/46/46 24/45/45 306/150/150
f 307/230/226 39/55/55 291/290/272
f 307/230/226 249/56/56 39/55/55
f 308/125/125 172/414/123 317/378/339
f 308/125/125 277/124/124 172/414/123
f 126/173/173 309/408/351 251/345/59
f 251/59/59 309/409/351 173/315/294
f 191/188/188 310/187/187 168/101/101
f 142/394/346 168/101/101 310/187/187
f 48/418/137 311/141/141 157/140/140
f 311/263/141 48/137/137 76/139/139
f 100/333/309 298/63/63 312/179/179
f 151/65/65 312/179/179 298/63/63
f 307/230/226 152/361/328 313/362/329
f 104/52/52 313/362/329 152/361/328
f 314/353/12 216/400/347 207/355/322
f 216/399/347 314/12/12 19/11/11
f 315/285/267 200/284/266 224/325/302
f 106/32/32 315/285/267 224/325/302
f 145/354/321 314/353/12 316/356/323
f 346/43/43 316/356/323 187/331/307
f 163/298/280 317/378/339 6/299/281
f 317/419/339 172/123/123 6/365/281
f 318/326/303 186/17/17 29/26/26
f 318/326/303 29/26/26 64/217/215
f 319/417/352 312/179/179 218/402/348
f 218/402/348 77/27/27 331/29/29
f 123/246/238 320/245/237 55/313/292
f 320/245/237 348/268/251 55/313/292
f 96/296/278 321/204/203 229/366/332
f 324/404/350 229/366/332 321/204/203
f 47/135/135 322/233/189 65/232/228
f 269/134/134 340/190/190 47/135/135
f 323/403/349 235/273/256 249/56/56
f 323/403/349 231/314/293 235/273/256
f 324/404/350 257/38/38 236/37/37
f 321/204/203 257/38/38 324/404/350
f 78/172/172 325/49/49 122/301/283
f 325/49/49 78/172/172 348/268/251
f 326/192/192 14/183/183 197/138/138
f 332/320/298 326/195/192 285/194/194
f 125/359/326 207/355/322 327/358/325
f 207/355/322 31/401/133 327/358/325
f 328/193/193 326/195/192 48/418/137
f 157/140/140 328/193/193 48/418/137
f 57/206/205 333/115/115 329/118/118
f 329/118/118 139/36/36 57/206/205
f 315/285/267 279/31/31 330/370/335
f 279/31/31 93/132/132 330/370/335
f 331/29/29 319/417/352 218/402/348
f 100/333/309 319/417/352 331/29/29
f 332/321/298 14/183/183 326/192/192
f 303/184/184 14/183/183 332/321/298
f 52/205/204 333/115/115 57/206/205
f 134/116/116 333/115/115 336/278/261
f 334/373/120 160/371/312 40/165/165
f 160/339/312 334/120/120 38/264/247
f 32/71/71 335/224/92 144/72/72
f 155/241/233 335/224/92 32/71/71
f 52/205/204 336/278/261 333/115/115
f 52/205/204 321/204/203 336/278/261
f 337/225/222 1/357/324 212/90/90
f 352/153/153 1/420/324 351/94/94
f 54/78/78 338/350/318 17/211/210
f 94/74/74 339/207/206 228/68/68
f 92/255/245 339/207/206 94/74/74
f 340/411/190 215/83/83 322/189/189
f 47/135/135 340/190/190 322/233/189
f 341/39/39 7/261/246 270/202/201
f 7/261/246 341/39/39 203/259/186
f 81/272/255 181/386/344 342/329/305
f 342/329/305 345/54/54 249/56/56
f 180/159/159 195/393/345 343/286/268
f 180/159/159 343/286/268 21/201/200
f 344/181/181 70/75/75 116/77/77
f 44/247/239 70/75/75 344/181/181
f 290/2/2 240/291/273 250/3/3
f 240/291/273 225/292/274 250/3/3
f 181/386/344 126/173/173 345/54/54
f 181/386/344 345/54/54 342/329/305
f 145/354/321 346/43/43 146/42/42
f 145/354/321 316/356/323 346/43/43
f 347/117/117 9/235/229 68/156/156
f 347/117/117 26/114/114 9/235/229
f 320/245/237 170/212/211 348/268/251
f 325/49/49 348/268/251 170/212/211
f 142/394/346 349/127/127 168/101/101
f 142/394/346 199/16/16 349/127/127
f 169/98/98 350/53/53 152/361/328
f 152/361/328 350/53/53 104/52/52
f 351/94/94 337/421/222 335/92/92
f 1/420/324 337/421/222 351/94/94
f 20/104/104 352/226/153 147/105/105
f 147/407/105 352/153/153 243/152/152
f 2/8/8 324/404/350 43/248/240
f 466/1/353 642/2/354 602/3/355
f 454/4/356 618/5/357 365/6/358
f 517/7/359 354/8/360 489/9/361
f 487/10/362 371/11/363 666/12/364
f 438/13/365 414/14/366 449/15/367
f 551/16/368 538/17/369 610/18/370
f 460/19/371 600/20/372 397/21/373
f 382/22/374 530/23/375 633/24/376
f 538/17/369 413/25/377 381/26/378
f 429/27/379 480/28/380 683/29/381
f 443/30/382 631/31/383 458/32/384
f 566/33/385 362/34/386 379/35/387
f 491/36/388 588/37/389 609/38/390
f 693/39/391 412/40/392 459/41/393
f 498/42/394 698/43/395 561/44/396
f 376/45/397 550/46/398 426/47/399
f 565/48/400 677/49/401 363/50/402
f 461/51/403 456/52/404 702/53/405
f 697/54/406 391/55/407 601/56/408
f 589/57/409 488/58/410 603/59/411
f 560/60/412 500/61/413 403/62/414
f 650/63/415 582/64/416 503/65/417
f 492/66/418 627/67/419 589/57/409
f 580/68/420 585/69/421 393/70/422
f 384/71/423 496/72/424 484/73/425
f 446/74/426 580/68/420 393/70/422
f 422/75/427 536/76/428 468/77/429
f 438/13/365 449/15/367 422/75/427
f 406/78/430 365/6/358 618/5/357
f 545/79/431 562/80/432 561/44/396
f 434/81/433 550/46/398 597/82/434
f 489/9/361 567/83/435 546/84/436
f 639/85/437 657/86/438 356/87/439
f 554/88/440 391/55/407 697/54/406
f 472/89/441 564/90/442 431/91/443
f 687/92/444 388/93/445 703/94/446
f 440/95/447 511/96/448 453/97/449
f 461/51/403 702/53/405 521/98/450
f 418/99/451 574/100/452 520/101/453
f 376/45/397 426/47/399 644/102/454
f 375/103/455 530/23/375 372/104/456
f 499/105/457 375/103/455 372/104/456
f 398/106/458 459/41/393 529/107/459
f 459/41/393 563/108/460 693/39/391
f 362/34/386 553/109/461 377/110/462
f 402/111/463 447/112/464 411/113/465
f 378/114/466 685/115/467 486/116/468
f 378/114/466 699/117/469 681/118/470
f 379/35/387 623/119/471 566/33/385
f 480/28/380 429/27/379 686/120/472
f 598/121/473 436/122/474 524/123/475
f 629/124/476 660/125/477 442/126/478
f 701/127/479 401/128/480 427/129/481
f 594/130/482 628/131/483 403/62/414
f 530/23/375 382/22/374 431/91/443
f 443/30/382 445/132/484 631/31/383
f 639/85/437 356/87/439 383/133/485
f 621/134/486 399/135/487 501/136/488
f 400/137/489 549/138/490 428/139/491
f 509/140/492 663/141/493 386/142/494
f 625/143/495 597/82/434 550/46/398
f 569/144/496 646/145/497 365/6/358
f 593/146/498 386/142/494 663/141/493
f 548/147/499 476/148/500 419/149/501
f 550/46/398 658/150/502 387/151/503
f 387/151/503 658/150/502 644/102/454
f 595/152/504 704/153/505 388/93/445
f 363/50/402 462/154/506 565/48/400
f 491/36/388 681/118/470 699/117/469
f 437/155/507 491/36/388 420/156/508
f 514/157/509 360/158/510 532/159/511
f 626/160/512 470/161/513 429/27/379
f 442/126/478 660/125/477 531/162/514
f 465/163/515 558/164/516 442/126/478
f 392/165/517 623/119/471 379/35/387
f 379/35/387 467/166/518 392/165/517
f 518/167/519 523/168/520 393/70/422
f 612/169/521 393/70/422 374/170/522
f 397/21/373 394/171/523 430/172/524
f 478/173/525 652/174/526 630/175/527
f 491/36/388 506/176/528 588/37/389
f 370/177/529 567/83/435 489/9/361
f 368/178/530 664/179/531 591/180/532
f 470/161/513 368/178/530 696/181/533
f 388/93/445 439/182/534 595/152/504
f 549/138/490 366/183/535 655/184/536
f 701/127/479 586/185/537 555/186/538
f 374/170/522 662/187/539 543/188/540
f 674/189/541 567/83/435 370/177/529
f 692/190/542 621/134/486 615/191/543
f 678/192/544 549/138/490 400/137/489
f 680/193/545 637/194/546 678/195/544
f 551/16/368 610/18/370 401/128/480
f 607/196/547 641/197/548 526/198/549
f 590/199/550 451/200/551 373/201/552
f 373/201/552 451/200/551 514/157/509
f 622/202/553 490/203/554 403/62/414
f 594/130/482 403/62/414 490/203/554
f 673/204/555 404/205/556 609/38/390
f 609/38/390 409/206/557 491/36/388
f 691/207/558 599/208/559 405/209/560
f 519/210/561 413/25/377 538/17/369
f 365/6/358 406/78/430 369/211/562
f 625/143/495 562/80/432 545/79/431
f 677/49/401 522/212/563 510/213/564
f 462/214/506 530/23/375 375/103/455
f 408/215/565 622/202/553 403/62/414
f 569/144/496 385/216/566 408/215/565
f 609/38/390 404/205/556 409/206/557
f 685/115/467 378/114/466 681/118/470
f 416/217/567 410/218/568 503/65/417
f 438/13/365 422/75/427 635/219/569
f 402/111/463 411/113/465 493/220/570
f 465/163/515 596/221/571 415/222/572
f 412/40/392 550/46/398 387/151/503
f 649/223/573 408/215/565 385/216/566
f 416/217/567 413/25/377 410/218/568
f 519/210/561 635/219/569 413/25/377
f 496/72/424 687/224/444 689/225/574
f 564/90/442 704/226/505 372/104/456
f 584/227/575 579/228/576 596/221/571
f 528/229/577 659/230/578 558/164/516
f 381/26/378 413/25/377 416/217/567
f 610/18/370 571/231/579 607/196/547
f 417/232/580 674/233/541 370/234/529
f 399/135/487 545/79/431 501/136/488
f 361/235/581 574/100/452 418/99/451
f 529/236/459 614/237/582 398/238/458
f 428/139/491 549/138/490 572/239/583
f 425/240/584 507/241/585 624/242/586
f 491/36/388 699/117/469 420/156/508
f 361/235/581 418/99/451 542/243/587
f 421/244/588 510/213/564 672/245/589
f 672/245/589 475/246/590 421/244/588
f 410/218/568 422/75/427 396/247/591
f 396/247/591 696/181/533 368/178/530
f 395/248/592 423/249/593 647/250/594
f 417/232/580 370/234/529 434/81/433
f 498/251/394 424/252/595 666/12/364
f 584/227/575 487/10/362 493/220/570
f 534/253/596 572/254/583 425/240/584
f 425/240/584 624/242/586 444/255/597
f 644/102/454 426/47/399 506/256/528
f 434/81/433 647/257/594 423/258/593
f 555/259/538 586/260/537 359/261/598
f 622/202/553 359/261/598 490/203/554
f 428/139/491 419/262/501 663/263/493
f 425/240/584 419/149/501 534/253/596
f 686/120/472 429/27/379 390/264/599
f 429/27/379 578/265/600 613/266/601
f 394/171/523 364/267/602 430/172/524
f 430/172/524 364/267/602 700/268/603
f 431/91/443 372/104/456 530/23/375
f 564/90/442 372/104/456 431/91/443
f 556/269/604 500/61/413 560/60/412
f 454/4/356 463/270/605 485/271/606
f 652/174/526 433/272/607 587/273/608
f 652/174/526 478/173/525 433/272/607
f 423/258/593 426/47/399 434/81/433
f 550/46/398 434/81/433 426/47/399
f 355/274/609 473/275/610 513/276/611
f 481/277/612 453/97/449 511/96/448
f 688/278/613 502/279/614 486/116/468
f 653/280/615 688/278/613 673/204/555
f 387/151/503 644/102/454 437/281/507
f 459/41/393 437/281/507 529/107/459
f 438/13/365 620/282/616 414/14/366
f 507/241/585 484/73/425 624/242/586
f 450/283/617 397/21/373 430/172/524
f 460/19/371 397/21/373 655/184/536
f 552/284/618 667/285/619 440/95/447
f 453/97/449 695/286/620 440/95/447
f 519/210/561 441/287/621 645/288/622
f 599/208/559 519/210/561 405/209/560
f 391/55/407 380/289/623 643/290/624
f 659/230/578 643/290/624 558/164/516
f 642/2/354 431/91/443 592/291/625
f 431/91/443 382/22/374 577/292/626
f 548/147/499 419/149/501 444/255/597
f 419/149/501 425/240/584 444/255/597
f 445/132/484 577/292/626 382/22/374
f 382/22/374 633/24/376 511/96/448
f 548/147/499 444/255/597 446/74/426
f 444/255/597 464/293/627 691/207/558
f 447/112/464 435/294/628 411/113/465
f 479/295/629 355/274/609 513/276/611
f 436/122/474 448/296/630 524/123/475
f 508/297/631 515/298/632 358/299/633
f 414/14/366 357/300/634 449/15/367
f 449/15/367 536/76/428 422/75/427
f 430/172/524 474/301/635 450/283/617
f 557/302/636 474/301/635 388/93/445
f 451/200/551 590/199/550 544/303/637
f 362/34/386 566/33/385 553/109/461
f 656/304/638 485/271/606 556/269/604
f 526/198/549 483/305/639 632/306/640
f 471/307/641 654/308/642 373/201/552
f 654/309/642 471/310/641 435/294/628
f 392/165/517 467/166/518 454/4/356
f 480/28/380 686/120/472 454/311/356
f 362/34/386 377/110/462 455/312/643
f 618/5/357 561/44/396 406/78/430
f 407/313/644 473/275/610 475/246/590
f 652/174/526 583/314/645 407/313/644
f 525/315/646 457/316/647 516/317/648
f 436/122/474 653/280/615 448/296/630
f 578/265/600 552/284/618 541/318/649
f 459/41/393 387/151/503 437/281/507
f 412/40/392 387/151/503 459/41/393
f 460/319/371 684/320/650 637/194/546
f 460/19/371 655/184/536 684/321/650
f 521/98/450 435/294/628 651/322/651
f 479/295/629 651/322/651 435/294/628
f 499/105/457 462/214/506 375/103/455
f 365/6/358 463/270/605 454/4/356
f 556/269/604 365/6/358 500/61/413
f 691/207/558 464/293/627 599/208/559
f 638/323/652 645/288/622 441/287/621
f 371/11/363 487/10/362 465/163/515
f 371/11/363 515/298/632 508/297/631
f 602/3/355 458/32/384 648/324/653
f 576/325/654 552/284/618 578/265/600
f 379/35/387 362/34/386 467/166/518
f 455/312/643 618/5/357 362/34/386
f 468/77/429 536/76/428 466/1/353
f 576/325/654 468/77/429 648/324/653
f 670/326/655 416/217/567 469/327/656
f 641/197/548 483/305/639 526/198/549
f 576/325/654 470/161/513 468/77/429
f 696/181/533 468/77/429 470/161/513
f 435/294/628 471/310/641 453/328/449
f 453/97/449 471/307/641 695/286/620
f 414/14/366 472/89/441 357/300/634
f 466/1/353 357/300/634 642/2/354
f 473/275/610 456/52/404 513/276/611
f 587/273/608 694/329/657 601/56/408
f 474/301/635 677/49/401 565/48/400
f 388/93/445 474/301/635 439/182/534
f 453/328/449 475/246/590 355/274/609
f 475/246/590 473/275/610 355/274/609
f 476/148/500 386/142/494 593/146/498
f 505/330/658 386/142/494 476/148/500
f 561/44/396 698/43/395 539/331/659
f 561/44/396 539/331/659 545/79/431
f 598/121/473 627/67/419 492/66/418
f 391/55/407 554/88/440 380/289/623
f 453/328/449 479/295/629 435/294/628
f 453/328/449 355/274/609 479/295/629
f 683/29/381 573/332/660 452/333/661
f 485/334/606 636/335/662 454/311/356
f 481/336/612 475/246/590 453/328/449
f 633/337/376 421/244/588 475/246/590
f 390/264/599 482/338/663 512/339/664
f 623/340/471 514/157/509 451/200/551
f 416/217/567 503/65/417 582/64/416
f 575/341/665 416/217/567 582/64/416
f 484/73/425 367/342/666 638/323/652
f 484/73/425 616/343/667 367/342/666
f 495/344/668 452/333/661 573/332/660
f 632/306/640 483/305/639 650/63/415
f 476/148/500 486/116/468 505/330/658
f 523/168/520 476/148/500 548/147/499
f 498/251/394 487/10/362 424/252/595
f 487/10/362 666/12/364 424/252/595
f 697/54/406 478/173/525 554/88/440
f 554/88/440 478/173/525 603/345/411
f 489/9/361 354/8/360 395/248/592
f 395/248/592 647/250/594 489/9/361
f 586/260/537 490/203/554 359/261/598
f 427/346/481 594/130/482 490/203/554
f 389/347/669 491/36/388 437/155/507
f 389/347/669 506/176/528 491/36/388
f 596/221/571 465/163/515 487/10/362
f 598/121/473 492/66/418 436/122/474
f 492/66/418 502/279/614 436/122/474
f 402/348/463 493/349/570 377/110/462
f 377/110/462 498/42/394 455/312/643
f 369/211/562 385/216/566 569/144/496
f 690/350/670 562/80/432 625/143/495
f 662/187/539 540/351/671 551/16/368
f 540/351/671 538/17/369 551/16/368
f 485/334/606 495/344/668 573/332/660
f 634/352/672 485/271/606 656/304/638
f 496/72/424 564/90/442 472/89/441
f 666/353/364 497/354/673 498/42/394
f 666/353/364 559/355/674 668/356/675
f 377/110/462 493/349/570 498/42/394
f 487/10/362 498/251/394 493/220/570
f 353/357/676 704/226/505 564/90/442
f 703/94/446 388/93/445 704/153/505
f 408/215/565 403/62/414 500/61/413
f 646/145/497 569/144/496 408/215/565
f 679/358/677 621/134/486 501/136/488
f 668/356/675 477/359/678 539/331/659
f 386/142/494 505/330/658 605/360/679
f 591/180/532 664/179/531 503/65/417
f 503/65/417 410/218/568 591/180/532
f 504/361/680 659/230/578 528/229/577
f 665/362/681 601/56/408 659/230/578
f 502/279/614 505/330/658 486/116/468
f 608/363/682 535/364/683 502/279/614
f 395/248/592 506/176/528 423/249/593
f 423/258/593 506/256/528 426/47/399
f 507/241/585 384/71/423 484/73/425
f 572/254/583 507/241/585 425/240/584
f 517/7/359 358/365/633 581/366/684
f 517/7/359 581/366/684 354/8/360
f 509/140/492 527/367/685 680/193/545
f 605/360/679 509/140/492 386/142/494
f 462/214/506 510/368/564 606/369/686
f 510/213/564 363/50/402 677/49/401
f 682/370/687 445/132/484 511/96/448
f 445/132/484 382/22/374 511/96/448
f 392/165/517 512/371/664 482/372/663
f 454/4/356 686/373/472 392/165/517
f 513/276/611 456/52/404 461/51/403
f 479/295/629 513/276/611 651/322/651
f 390/264/599 619/374/688 482/338/663
f 541/318/649 360/158/510 619/374/688
f 465/163/515 531/162/514 371/11/363
f 442/126/478 531/162/514 465/163/515
f 605/360/679 640/375/689 509/140/492
f 358/365/633 517/7/359 546/84/436
f 546/84/436 517/7/359 489/9/361
f 518/167/519 617/376/690 523/168/520
f 543/188/540 520/101/453 574/100/452
f 519/210/561 438/13/365 635/219/569
f 438/13/365 519/210/561 645/288/622
f 701/127/479 563/377/460 520/101/453
f 398/238/458 614/237/582 520/101/453
f 435/294/628 521/98/450 411/113/465
f 528/229/577 579/228/576 584/227/575
f 510/213/564 522/212/563 672/245/589
f 700/268/603 652/174/526 407/313/644
f 523/168/520 486/116/468 476/148/500
f 523/168/520 617/376/690 486/116/468
f 524/123/475 448/296/630 358/365/633
f 531/162/514 660/125/477 669/378/691
f 600/379/372 460/319/371 525/315/646
f 457/316/647 525/315/646 460/319/371
f 526/380/549 632/381/640 432/382/692
f 556/269/604 560/60/412 611/383/693
f 527/367/685 637/194/546 680/193/545
f 457/316/647 527/367/685 516/317/648
f 604/384/694 584/227/575 521/98/450
f 521/98/450 504/361/680 604/384/694
f 537/385/695 614/237/582 529/236/459
f 537/385/695 529/236/459 437/155/507
f 530/23/375 462/214/506 606/369/686
f 606/369/686 633/24/376 530/23/375
f 531/162/514 515/298/632 371/11/363
f 515/298/632 531/162/514 669/378/691
f 532/159/511 373/201/552 514/157/509
f 695/286/620 471/307/641 373/201/552
f 433/272/607 478/173/525 533/386/696
f 694/329/657 587/273/608 433/272/607
f 534/387/596 419/262/501 428/139/491
f 428/139/491 572/239/583 534/387/596
f 505/330/658 535/364/683 605/360/679
f 505/330/658 502/279/614 535/364/683
f 536/76/428 357/300/634 466/1/353
f 536/76/428 449/15/367 357/300/634
f 437/155/507 420/156/508 537/385/695
f 542/243/587 614/237/582 537/385/695
f 405/209/560 519/210/561 538/17/369
f 580/68/420 538/17/369 585/69/421
f 477/359/678 501/136/488 539/331/659
f 539/331/659 501/136/488 545/79/431
f 374/170/522 540/351/671 662/187/539
f 538/17/369 540/351/671 585/69/421
f 613/266/601 578/265/600 541/318/649
f 613/266/601 541/318/649 619/374/688
f 542/243/587 537/385/695 420/156/508
f 361/235/581 542/243/587 420/156/508
f 612/169/521 617/376/690 518/167/519
f 612/169/521 518/167/519 393/70/422
f 544/388/637 447/112/464 402/111/463
f 566/33/385 544/389/637 553/109/461
f 414/14/366 496/72/424 472/89/441
f 620/282/616 616/343/667 414/14/366
f 545/79/431 399/135/487 417/232/580
f 545/79/431 417/232/580 625/143/495
f 657/390/438 546/84/436 356/391/439
f 508/392/631 358/365/633 546/84/436
f 360/158/510 547/393/697 532/159/511
f 547/393/697 440/95/447 695/286/620
f 446/74/426 393/70/422 548/147/499
f 523/168/520 548/147/499 393/70/422
f 388/93/445 572/239/583 549/138/490
f 549/138/490 557/302/636 388/93/445
f 550/46/398 649/223/573 385/216/566
f 369/211/562 550/46/398 385/216/566
f 662/187/539 551/16/368 494/394/698
f 701/127/479 551/16/368 401/128/480
f 552/284/618 440/95/447 547/393/697
f 547/393/697 360/158/510 552/284/618
f 544/389/637 402/348/463 553/109/461
f 553/109/461 402/348/463 377/110/462
f 629/124/476 554/88/440 488/395/410
f 488/395/410 554/88/440 603/345/411
f 555/259/538 693/39/391 563/108/460
f 563/377/460 701/127/479 555/186/538
f 463/270/605 365/6/358 556/269/604
f 485/271/606 463/270/605 556/269/604
f 655/184/536 557/302/636 549/138/490
f 450/283/617 474/301/635 557/302/636
f 415/222/572 558/164/516 465/163/515
f 579/228/576 528/229/577 558/164/516
f 668/356/675 559/355/674 477/359/678
f 477/359/678 679/358/677 501/136/488
f 526/380/549 432/382/692 560/60/412
f 628/131/483 594/130/482 526/380/549
f 455/312/643 561/44/396 618/5/357
f 455/312/643 498/42/394 561/44/396
f 562/80/432 690/350/670 406/78/430
f 561/44/396 562/80/432 406/78/430
f 563/108/460 459/41/393 398/106/458
f 520/101/453 563/377/460 398/238/458
f 496/72/424 689/225/574 564/90/442
f 439/182/534 474/301/635 565/48/400
f 595/152/504 439/182/534 565/48/400
f 566/33/385 451/396/551 544/389/637
f 623/119/471 451/396/551 566/33/385
f 356/391/439 546/84/436 567/83/435
f 383/133/485 356/87/439 615/397/543
f 462/214/506 363/398/402 510/368/564
f 589/57/409 516/317/648 492/66/418
f 535/364/683 608/363/682 516/317/648
f 371/11/363 383/133/485 568/399/699
f 568/400/699 383/401/485 559/355/674
f 365/6/358 369/211/562 569/144/496
f 570/402/700 664/179/531 368/178/530
f 368/178/530 470/161/513 626/160/512
f 571/231/579 610/18/370 469/327/656
f 575/341/665 469/327/656 416/217/567
f 687/92/444 572/239/583 388/93/445
f 572/254/583 687/224/444 507/241/585
f 480/28/380 573/332/660 683/29/381
f 454/311/356 636/335/662 480/28/380
f 361/235/581 378/114/466 574/100/452
f 574/100/452 617/376/690 612/169/521
f 571/231/579 469/327/656 575/341/665
f 607/196/547 571/231/579 641/197/548
f 648/324/653 458/32/384 576/325/654
f 667/285/619 458/32/384 631/31/383
f 592/291/625 431/91/443 577/292/626
f 577/292/626 445/132/484 602/3/355
f 429/27/379 470/161/513 578/265/600
f 576/325/654 578/265/600 470/161/513
f 596/221/571 579/228/576 415/222/572
f 415/222/572 579/228/576 558/164/516
f 691/207/558 405/209/560 580/68/420
f 405/209/560 538/17/369 580/68/420
f 448/296/630 581/366/684 358/365/633
f 653/280/615 673/204/555 448/296/630
f 483/305/639 582/64/416 650/63/415
f 483/305/639 641/197/548 582/64/416
f 407/313/644 583/314/645 473/275/610
f 583/314/645 652/174/526 587/273/608
f 411/113/465 584/227/575 493/220/570
f 521/98/450 584/227/575 411/113/465
f 360/158/510 541/318/649 552/284/618
f 585/69/421 374/170/522 393/70/422
f 585/69/421 540/351/671 374/170/522
f 701/127/479 427/129/481 586/185/537
f 490/203/554 586/260/537 427/346/481
f 583/314/645 675/403/701 473/275/610
f 473/275/610 675/403/701 456/52/404
f 395/248/592 588/37/389 506/176/528
f 588/37/389 395/248/592 676/404/702
f 516/317/648 589/57/409 525/315/646
f 603/59/411 525/315/646 589/57/409
f 590/405/550 447/112/464 544/388/637
f 654/309/642 435/294/628 447/112/464
f 591/180/532 396/247/591 368/178/530
f 410/218/568 396/247/591 591/180/532
f 593/146/498 663/141/493 419/149/501
f 593/146/498 419/149/501 476/148/500
f 401/128/480 594/406/482 427/129/481
f 526/198/549 594/406/482 607/196/547
f 565/48/400 462/154/506 595/152/504
f 595/152/504 462/154/506 499/407/457
f 584/227/575 596/221/571 487/10/362
f 625/143/495 417/232/580 597/82/434
f 417/232/580 434/81/433 597/82/434
f 554/88/440 629/124/476 380/289/623
f 442/126/478 380/289/623 629/124/476
f 441/287/621 599/208/559 464/293/627
f 519/210/561 599/208/559 441/287/621
f 600/20/372 630/175/527 397/21/373
f 478/173/525 630/175/527 661/408/703
f 601/56/408 665/362/681 456/52/404
f 456/52/404 675/403/701 601/56/408
f 458/32/384 602/3/355 443/30/382
f 602/3/355 445/132/484 443/30/382
f 661/408/703 630/175/527 600/20/372
f 525/315/646 661/409/703 600/379/372
f 584/227/575 604/384/694 528/229/577
f 504/361/680 528/229/577 604/384/694
f 535/364/683 516/317/648 605/360/679
f 605/360/679 516/317/648 640/375/689
f 606/369/686 421/410/588 633/24/376
f 606/369/686 510/368/564 421/410/588
f 607/196/547 594/406/482 401/128/480
f 401/128/480 610/18/370 607/196/547
f 492/66/418 516/317/648 608/363/682
f 492/66/418 608/363/682 502/279/614
f 581/366/684 676/404/702 354/8/360
f 469/327/656 610/18/370 670/326/655
f 538/17/369 670/326/655 610/18/370
f 611/383/693 560/60/412 432/382/692
f 634/352/672 656/304/638 432/382/692
f 612/169/521 374/170/522 543/188/540
f 612/169/521 543/188/540 574/100/452
f 613/266/601 619/374/688 390/264/599
f 429/27/379 613/266/601 390/264/599
f 520/101/453 614/237/582 418/99/451
f 542/243/587 418/99/451 614/237/582
f 692/411/542 615/412/543 567/83/435
f 615/412/543 356/391/439 567/83/435
f 484/73/425 496/72/424 616/343/667
f 616/343/667 496/72/424 414/14/366
f 617/376/690 378/114/466 486/116/468
f 617/376/690 574/100/452 378/114/466
f 467/166/518 618/5/357 454/4/356
f 362/34/386 618/5/357 467/166/518
f 514/157/509 623/340/471 619/374/688
f 360/158/510 514/157/509 619/374/688
f 620/282/616 367/342/666 616/343/667
f 645/288/622 638/323/652 367/342/666
f 383/401/485 615/191/543 621/134/486
f 679/358/677 383/401/485 621/134/486
f 622/202/553 649/223/573 693/39/391
f 408/215/565 649/223/573 622/202/553
f 619/374/688 623/340/471 482/338/663
f 482/372/663 623/119/471 392/165/517
f 624/242/586 464/293/627 444/255/597
f 441/287/621 464/293/627 638/323/652
f 625/143/495 550/46/398 369/211/562
f 690/350/670 625/143/495 369/211/562
f 368/178/530 626/160/512 570/402/700
f 570/402/700 626/160/512 429/27/379
f 589/57/409 627/67/419 488/58/410
f 488/58/410 627/67/419 598/121/473
f 560/60/412 403/62/414 628/131/483
f 526/380/549 560/60/412 628/131/483
f 629/124/476 598/413/473 524/414/475
f 629/124/476 488/395/410 598/413/473
f 397/21/373 630/175/527 394/171/523
f 394/171/523 630/175/527 652/174/526
f 682/370/687 511/96/448 440/95/447
f 682/370/687 440/95/447 667/285/619
f 650/63/415 495/344/668 632/306/640
f 495/344/668 485/334/606 634/415/672
f 633/337/376 475/246/590 481/336/612
f 481/277/612 511/96/448 633/24/376
f 495/344/668 634/415/672 632/306/640
f 632/381/640 634/352/672 432/382/692
f 422/75/427 410/218/568 635/219/569
f 413/25/377 635/219/569 410/218/568
f 573/332/660 636/335/662 485/334/606
f 636/335/662 573/332/660 480/28/380
f 637/194/546 457/316/647 460/319/371
f 637/194/546 527/367/685 457/316/647
f 464/293/627 624/242/586 638/323/652
f 624/242/586 484/73/425 638/323/652
f 639/85/437 371/11/363 508/297/631
f 371/11/363 639/85/437 383/133/485
f 516/317/648 527/367/685 640/375/689
f 527/367/685 509/140/492 640/375/689
f 575/341/665 582/64/416 641/197/548
f 641/197/548 571/231/579 575/341/665
f 472/89/441 431/91/443 642/2/354
f 357/300/634 472/89/441 642/2/354
f 380/289/623 442/126/478 643/290/624
f 643/290/624 442/126/478 558/164/516
f 644/416/454 389/347/669 437/155/507
f 389/347/669 644/416/454 506/176/528
f 438/13/365 645/288/622 620/282/616
f 620/282/616 645/288/622 367/342/666
f 500/61/413 365/6/358 646/145/497
f 646/145/497 408/215/565 500/61/413
f 647/250/594 370/177/529 489/9/361
f 370/234/529 647/257/594 434/81/433
f 648/324/653 466/1/353 602/3/355
f 466/1/353 648/324/653 468/77/429
f 550/46/398 412/40/392 649/223/573
f 412/40/392 693/39/391 649/223/573
f 452/333/661 495/344/668 650/63/415
f 664/179/531 671/417/704 452/333/661
f 651/322/651 461/51/403 521/98/450
f 651/322/651 513/276/611 461/51/403
f 394/171/523 652/174/526 364/267/602
f 364/267/602 652/174/526 700/268/603
f 436/122/474 502/279/614 653/280/615
f 653/280/615 502/279/614 688/278/613
f 590/405/550 654/309/642 447/112/464
f 373/201/552 654/308/642 590/199/550
f 655/184/536 397/21/373 450/283/617
f 655/184/536 450/283/617 557/302/636
f 656/304/638 611/383/693 432/382/692
f 656/304/638 556/269/604 611/383/693
f 639/85/437 508/297/631 657/86/438
f 657/390/438 508/392/631 546/84/436
f 658/150/502 376/45/397 644/102/454
f 550/46/398 376/45/397 658/150/502
f 659/230/578 391/55/407 643/290/624
f 659/230/578 601/56/408 391/55/407
f 660/125/477 524/414/475 669/378/691
f 660/125/477 629/124/476 524/414/475
f 478/173/525 661/408/703 603/345/411
f 603/59/411 661/409/703 525/315/646
f 543/188/540 662/187/539 520/101/453
f 494/394/698 520/101/453 662/187/539
f 400/418/489 663/141/493 509/140/492
f 663/263/493 400/137/489 428/139/491
f 452/333/661 650/63/415 664/179/531
f 503/65/417 664/179/531 650/63/415
f 659/230/578 504/361/680 665/362/681
f 456/52/404 665/362/681 504/361/680
f 666/353/364 568/400/699 559/355/674
f 568/399/699 666/12/364 371/11/363
f 667/285/619 552/284/618 576/325/654
f 458/32/384 667/285/619 576/325/654
f 497/354/673 666/353/364 668/356/675
f 698/43/395 668/356/675 539/331/659
f 515/298/632 669/378/691 358/299/633
f 669/419/691 524/123/475 358/365/633
f 670/326/655 538/17/369 381/26/378
f 670/326/655 381/26/378 416/217/567
f 671/417/704 664/179/531 570/402/700
f 570/402/700 429/27/379 683/29/381
f 475/246/590 672/245/589 407/313/644
f 672/245/589 700/268/603 407/313/644
f 448/296/630 673/204/555 581/366/684
f 676/404/702 581/366/684 673/204/555
f 399/135/487 674/233/541 417/232/580
f 621/134/486 692/190/542 399/135/487
f 675/403/701 587/273/608 601/56/408
f 675/403/701 583/314/645 587/273/608
f 676/404/702 609/38/390 588/37/389
f 673/204/555 609/38/390 676/404/702
f 430/172/524 677/49/401 474/301/635
f 677/49/401 430/172/524 700/268/603
f 678/192/544 366/183/535 549/138/490
f 684/320/650 678/195/544 637/194/546
f 477/359/678 559/355/674 679/358/677
f 559/355/674 383/401/485 679/358/677
f 680/193/545 678/195/544 400/418/489
f 509/140/492 680/193/545 400/418/489
f 409/206/557 685/115/467 681/118/470
f 681/118/470 491/36/388 409/206/557
f 667/285/619 631/31/383 682/370/687
f 631/31/383 445/132/484 682/370/687
f 683/29/381 671/417/704 570/402/700
f 452/333/661 671/417/704 683/29/381
f 684/321/650 366/183/535 678/192/544
f 655/184/536 366/183/535 684/321/650
f 404/205/556 685/115/467 409/206/557
f 486/116/468 685/115/467 688/278/613
f 686/373/472 512/371/664 392/165/517
f 512/339/664 686/120/472 390/264/599
f 384/71/423 687/224/444 496/72/424
f 507/241/585 687/224/444 384/71/423
f 404/205/556 688/278/613 685/115/467
f 404/205/556 673/204/555 688/278/613
f 689/225/574 353/357/676 564/90/442
f 704/153/505 353/420/676 703/94/446
f 406/78/430 690/350/670 369/211/562
f 446/74/426 691/207/558 580/68/420
f 444/255/597 691/207/558 446/74/426
f 692/411/542 567/83/435 674/189/541
f 399/135/487 692/190/542 674/233/541
f 693/39/391 359/261/598 622/202/553
f 359/261/598 693/39/391 555/259/538
f 433/272/607 533/386/696 694/329/657
f 694/329/657 697/54/406 601/56/408
f 532/159/511 547/393/697 695/286/620
f 532/159/511 695/286/620 373/201/552
f 696/181/533 422/75/427 468/77/429
f 396/247/591 422/75/427 696/181/533
f 642/2/354 592/291/625 602/3/355
f 592/291/625 577/292/626 602/3/355
f 533/386/696 478/173/525 697/54/406
f 533/386/696 697/54/406 694/329/657
f 497/354/673 698/43/395 498/42/394
f 497/354/673 668/356/675 698/43/395
f 699/117/469 361/235/581 420/156/508
f 699/117/469 378/114/466 361/235/581
f 672/245/589 522/212/563 700/268/603
f 677/49/401 700/268/603 522/212/563
f 494/394/698 701/127/479 520/101/453
f 494/394/698 551/16/368 701/127/479
f 521/98/450 702/53/405 504/361/680
f 504/361/680 702/53/405 456/52/404
f 703/94/446 689/421/574 687/92/444
f 353/420/676 689/421/574 703/94/446
f 372/104/456 704/226/505 499/105/457
f 499/407/457 704/153/505 595/152/504
f 354/8/360 676/404/702 395/248/592
f 818/1/705 994/2/706 954/3/707
f 806/4/708 970/5/709 717/6/710
f 869/7/711 706/8/712 841/9/713
f 839/10/714 723/11/715 1018/12/716
f 790/13/717 766/14/718 801/15/719
f 903/16/720 890/17/721 962/18/722
f 812/19/723 952/20/724 749/21/725
f 734/22/726 882/23/727 985/24/728
f 890/17/721 765/25/729 733/26/730
f 781/27/731 832/28/732 1035/29/733
f 795/30/734 983/31/735 810/32/736
f 918/33/737 714/34/738 731/35/739
f 843/36/740 940/37/741 961/38/742
f 1045/39/743 764/40/744 811/41/745
f 850/42/746 1050/43/747 913/44/748
f 728/45/749 902/46/750 778/47/751
f 917/48/752 1029/49/753 715/50/754
f 813/51/755 808/52/756 1054/53/757
f 1049/54/758 743/55/759 953/56/760
f 941/57/761 840/58/762 955/59/763
f 912/60/764 852/61/765 755/62/766
f 1002/63/767 934/64/768 855/65/769
f 844/66/770 979/67/771 941/57/761
f 932/68/772 937/69/773 745/70/774
f 736/71/775 848/72/776 836/73/777
f 798/74/778 932/68/772 745/70/774
f 774/75/779 888/76/780 820/77/781
f 790/13/717 801/15/719 774/75/779
f 758/78/782 717/6/710 970/5/709
f 897/79/783 914/80/784 913/44/748
f 786/81/785 902/46/750 949/82/786
f 841/9/713 919/83/787 898/84/788
f 991/85/789 1009/86/790 708/87/791
f 906/88/792 743/55/759 1049/54/758
f 824/89/793 916/90/794 783/91/795
f 1039/92/796 740/93/797 1055/94/798
f 792/95/799 863/96/800 805/97/801
f 813/51/755 1054/53/757 873/98/802
f 770/99/803 926/100/804 872/101/805
f 728/45/749 778/47/751 996/102/806
f 727/103/807 882/23/727 724/104/808
f 851/105/809 727/103/807 724/104/808
f 750/106/810 811/41/745 881/107/811
f 811/41/745 915/108/812 1045/39/743
f 714/34/738 905/109/813 729/110/814
f 754/111/815 799/112/816 763/113/817
f 730/114/818 1037/115/819 838/116/820
f 730/114/818 1051/117/821 1033/118/822
f 731/35/739 975/119/823 918/33/737
f 832/28/732 781/27/731 1038/120/824
f 950/121/825 788/122/826 876/123/827
f 981/124/828 1012/125/829 794/126/830
f 1053/127/831 753/128/832 779/129/833
f 946/130/834 980/131/835 755/62/766
f 882/23/727 734/22/726 783/91/795
f 795/30/734 797/132/836 983/31/735
f 991/85/789 708/87/791 735/133/837
f 973/134/838 751/135/839 853/136/840
f 752/137/841 901/138/842 780/139/843
f 861/140/844 1015/141/845 738/142/846
f 977/143/847 949/82/786 902/46/750
f 921/144/848 998/145/849 717/6/710
f 945/146/850 738/142/846 1015/141/845
f 900/147/851 828/148/852 771/149/853
f 902/46/750 1010/150/854 739/151/855
f 739/151/855 1010/150/854 996/102/806
f 947/152/856 1056/153/857 740/93/797
f 715/50/754 814/154/858 917/48/752
f 843/36/740 1033/118/822 1051/117/821
f 789/155/859 843/36/740 772/156/860
f 866/157/861 712/158/862 884/159/863
f 978/160/864 822/161/865 781/27/731
f 794/126/830 1012/125/829 883/162/866
f 817/163/867 910/164/868 794/126/830
f 744/165/869 975/119/823 731/35/739
f 731/35/739 819/166/870 744/165/869
f 870/167/871 875/168/872 745/70/774
f 964/169/873 745/70/774 726/170/874
f 749/21/725 746/171/875 782/172/876
f 830/173/877 1004/174/878 982/175/879
f 843/36/740 858/176/880 940/37/741
f 722/177/881 919/83/787 841/9/713
f 720/178/882 1016/179/883 943/180/884
f 822/161/865 720/178/882 1048/181/885
f 740/93/797 791/182/886 947/152/856
f 901/138/842 718/183/887 1007/184/888
f 1053/127/831 938/185/889 907/186/890
f 726/170/874 1014/187/891 895/188/892
f 1026/189/893 919/83/787 722/177/881
f 1044/190/894 973/134/838 967/191/895
f 1030/192/896 901/138/842 752/137/841
f 1032/193/897 989/194/898 1030/195/896
f 903/16/720 962/18/722 753/128/832
f 959/196/899 993/197/900 878/198/901
f 942/199/902 803/200/903 725/201/904
f 725/201/904 803/200/903 866/157/861
f 974/202/905 842/203/906 755/62/766
f 946/130/834 755/62/766 842/203/906
f 1025/204/907 756/205/908 961/38/742
f 961/38/742 761/206/909 843/36/740
f 1043/207/910 951/208/911 757/209/912
f 871/210/913 765/25/729 890/17/721
f 717/6/710 758/78/782 721/211/914
f 977/143/847 914/80/784 897/79/783
f 1029/49/753 874/212/915 862/213/916
f 814/214/858 882/23/727 727/103/807
f 760/215/917 974/202/905 755/62/766
f 921/144/848 737/216/918 760/215/917
f 961/38/742 756/205/908 761/206/909
f 1037/115/819 730/114/818 1033/118/822
f 768/217/919 762/218/920 855/65/769
f 790/13/717 774/75/779 987/219/921
f 754/111/815 763/113/817 845/220/922
f 817/163/867 948/221/923 767/222/924
f 764/40/744 902/46/750 739/151/855
f 1001/223/925 760/215/917 737/216/918
f 768/217/919 765/25/729 762/218/920
f 871/210/913 987/219/921 765/25/729
f 848/72/776 1039/224/796 1041/225/926
f 916/90/794 1056/226/857 724/104/808
f 936/227/927 931/228/928 948/221/923
f 880/229/929 1011/230/930 910/164/868
f 733/26/730 765/25/729 768/217/919
f 962/18/722 923/231/931 959/196/899
f 769/232/932 1026/233/893 722/234/881
f 751/135/839 897/79/783 853/136/840
f 713/235/933 926/100/804 770/99/803
f 881/236/811 966/237/934 750/238/810
f 780/139/843 901/138/842 924/239/935
f 777/240/936 859/241/937 976/242/938
f 843/36/740 1051/117/821 772/156/860
f 713/235/933 770/99/803 894/243/939
f 773/244/940 862/213/916 1024/245/941
f 1024/245/941 827/246/942 773/244/940
f 762/218/920 774/75/779 748/247/943
f 748/247/943 1048/181/885 720/178/882
f 747/248/944 775/249/945 999/250/946
f 769/232/932 722/234/881 786/81/785
f 850/251/746 776/252/947 1018/12/716
f 936/227/927 839/10/714 845/220/922
f 886/253/948 924/254/935 777/240/936
f 777/240/936 976/242/938 796/255/949
f 996/102/806 778/47/751 858/256/880
f 786/81/785 999/257/946 775/258/945
f 907/259/890 938/260/889 711/261/950
f 974/202/905 711/261/950 842/203/906
f 780/139/843 771/262/853 1015/263/845
f 777/240/936 771/149/853 886/253/948
f 1038/120/824 781/27/731 742/264/951
f 781/27/731 930/265/952 965/266/953
f 746/171/875 716/267/954 782/172/876
f 782/172/876 716/267/954 1052/268/955
f 783/91/795 724/104/808 882/23/727
f 916/90/794 724/104/808 783/91/795
f 908/269/956 852/61/765 912/60/764
f 806/4/708 815/270/957 837/271/958
f 1004/174/878 785/272/959 939/273/960
f 1004/174/878 830/173/877 785/272/959
f 775/258/945 778/47/751 786/81/785
f 902/46/750 786/81/785 778/47/751
f 707/274/961 825/275/962 865/276/963
f 833/277/964 805/97/801 863/96/800
f 1040/278/965 854/279/966 838/116/820
f 1005/280/967 1040/278/965 1025/204/907
f 739/151/855 996/102/806 789/281/859
f 811/41/745 789/281/859 881/107/811
f 790/13/717 972/282/968 766/14/718
f 859/241/937 836/73/777 976/242/938
f 802/283/969 749/21/725 782/172/876
f 812/19/723 749/21/725 1007/184/888
f 904/284/970 1019/285/971 792/95/799
f 805/97/801 1047/286/972 792/95/799
f 871/210/913 793/287/973 997/288/974
f 951/208/911 871/210/913 757/209/912
f 743/55/759 732/289/975 995/290/976
f 1011/230/930 995/290/976 910/164/868
f 994/2/706 783/91/795 944/291/977
f 783/91/795 734/22/726 929/292/978
f 900/147/851 771/149/853 796/255/949
f 771/149/853 777/240/936 796/255/949
f 797/132/836 929/292/978 734/22/726
f 734/22/726 985/24/728 863/96/800
f 900/147/851 796/255/949 798/74/778
f 796/255/949 816/293/979 1043/207/910
f 799/112/816 787/294/980 763/113/817
f 831/295/981 707/274/961 865/276/963
f 788/122/826 800/296/982 876/123/827
f 860/297/983 867/298/984 710/299/985
f 766/14/718 709/300/986 801/15/719
f 801/15/719 888/76/780 774/75/779
f 782/172/876 826/301/987 802/283/969
f 909/302/988 826/301/987 740/93/797
f 803/200/903 942/199/902 896/303/989
f 714/34/738 918/33/737 905/109/813
f 1008/304/990 837/271/958 908/269/956
f 878/198/901 835/305/991 984/306/992
f 823/307/993 1006/308/994 725/201/904
f 1006/309/994 823/310/993 787/294/980
f 744/165/869 819/166/870 806/4/708
f 832/28/732 1038/120/824 806/311/708
f 714/34/738 729/110/814 807/312/995
f 970/5/709 913/44/748 758/78/782
f 759/313/996 825/275/962 827/246/942
f 1004/174/878 935/314/997 759/313/996
f 877/315/998 809/316/999 868/317/1000
f 788/122/826 1005/280/967 800/296/982
f 930/265/952 904/284/970 893/318/1001
f 811/41/745 739/151/855 789/281/859
f 764/40/744 739/151/855 811/41/745
f 812/319/723 1036/320/1002 989/194/898
f 812/19/723 1007/184/888 1036/321/1002
f 873/98/802 787/294/980 1003/322/1003
f 831/295/981 1003/322/1003 787/294/980
f 851/105/809 814/214/858 727/103/807
f 717/6/710 815/270/957 806/4/708
f 908/269/956 717/6/710 852/61/765
f 1043/207/910 816/293/979 951/208/911
f 990/323/1004 997/288/974 793/287/973
f 723/11/715 839/10/714 817/163/867
f 723/11/715 867/298/984 860/297/983
f 954/3/707 810/32/736 1000/324/1005
f 928/325/1006 904/284/970 930/265/952
f 731/35/739 714/34/738 819/166/870
f 807/312/995 970/5/709 714/34/738
f 820/77/781 888/76/780 818/1/705
f 928/325/1006 820/77/781 1000/324/1005
f 1022/326/1007 768/217/919 821/327/1008
f 993/197/900 835/305/991 878/198/901
f 928/325/1006 822/161/865 820/77/781
f 1048/181/885 820/77/781 822/161/865
f 787/294/980 823/310/993 805/328/801
f 805/97/801 823/307/993 1047/286/972
f 766/14/718 824/89/793 709/300/986
f 818/1/705 709/300/986 994/2/706
f 825/275/962 808/52/756 865/276/963
f 939/273/960 1046/329/1009 953/56/760
f 826/301/987 1029/49/753 917/48/752
f 740/93/797 826/301/987 791/182/886
f 805/328/801 827/246/942 707/274/961
f 827/246/942 825/275/962 707/274/961
f 828/148/852 738/142/846 945/146/850
f 857/330/1010 738/142/846 828/148/852
f 913/44/748 1050/43/747 891/331/1011
f 913/44/748 891/331/1011 897/79/783
f 950/121/825 979/67/771 844/66/770
f 743/55/759 906/88/792 732/289/975
f 805/328/801 831/295/981 787/294/980
f 805/328/801 707/274/961 831/295/981
f 1035/29/733 925/332/1012 804/333/1013
f 837/334/958 988/335/1014 806/311/708
f 833/336/964 827/246/942 805/328/801
f 985/337/728 773/244/940 827/246/942
f 742/264/951 834/338/1015 864/339/1016
f 975/340/823 866/157/861 803/200/903
f 768/217/919 855/65/769 934/64/768
f 927/341/1017 768/217/919 934/64/768
f 836/73/777 719/342/1018 990/323/1004
f 836/73/777 968/343/1019 719/342/1018
f 847/344/1020 804/333/1013 925/332/1012
f 984/306/992 835/305/991 1002/63/767
f 828/148/852 838/116/820 857/330/1010
f 875/168/872 828/148/852 900/147/851
f 850/251/746 839/10/714 776/252/947
f 839/10/714 1018/12/716 776/252/947
f 1049/54/758 830/173/877 906/88/792
f 906/88/792 830/173/877 955/345/763
f 841/9/713 706/8/712 747/248/944
f 747/248/944 999/250/946 841/9/713
f 938/260/889 842/203/906 711/261/950
f 779/346/833 946/130/834 842/203/906
f 741/347/1021 843/36/740 789/155/859
f 741/347/1021 858/176/880 843/36/740
f 948/221/923 817/163/867 839/10/714
f 950/121/825 844/66/770 788/122/826
f 844/66/770 854/279/966 788/122/826
f 754/348/815 845/349/922 729/110/814
f 729/110/814 850/42/746 807/312/995
f 721/211/914 737/216/918 921/144/848
f 1042/350/1022 914/80/784 977/143/847
f 1014/187/891 892/351/1023 903/16/720
f 892/351/1023 890/17/721 903/16/720
f 837/334/958 847/344/1020 925/332/1012
f 986/352/1024 837/271/958 1008/304/990
f 848/72/776 916/90/794 824/89/793
f 1018/353/716 849/354/1025 850/42/746
f 1018/353/716 911/355/1026 1020/356/1027
f 729/110/814 845/349/922 850/42/746
f 839/10/714 850/251/746 845/220/922
f 705/357/1028 1056/226/857 916/90/794
f 1055/94/798 740/93/797 1056/153/857
f 760/215/917 755/62/766 852/61/765
f 998/145/849 921/144/848 760/215/917
f 1031/358/1029 973/134/838 853/136/840
f 1020/356/1027 829/359/1030 891/331/1011
f 738/142/846 857/330/1010 957/360/1031
f 943/180/884 1016/179/883 855/65/769
f 855/65/769 762/218/920 943/180/884
f 856/361/1032 1011/230/930 880/229/929
f 1017/362/1033 953/56/760 1011/230/930
f 854/279/966 857/330/1010 838/116/820
f 960/363/1034 887/364/1035 854/279/966
f 747/248/944 858/176/880 775/249/945
f 775/258/945 858/256/880 778/47/751
f 859/241/937 736/71/775 836/73/777
f 924/254/935 859/241/937 777/240/936
f 869/7/711 710/365/985 933/366/1036
f 869/7/711 933/366/1036 706/8/712
f 861/140/844 879/367/1037 1032/193/897
f 957/360/1031 861/140/844 738/142/846
f 814/214/858 862/368/916 958/369/1038
f 862/213/916 715/50/754 1029/49/753
f 1034/370/1039 797/132/836 863/96/800
f 797/132/836 734/22/726 863/96/800
f 744/165/869 864/371/1016 834/372/1015
f 806/4/708 1038/373/824 744/165/869
f 865/276/963 808/52/756 813/51/755
f 831/295/981 865/276/963 1003/322/1003
f 742/264/951 971/374/1040 834/338/1015
f 893/318/1001 712/158/862 971/374/1040
f 817/163/867 883/162/866 723/11/715
f 794/126/830 883/162/866 817/163/867
f 957/360/1031 992/375/1041 861/140/844
f 710/365/985 869/7/711 898/84/788
f 898/84/788 869/7/711 841/9/713
f 870/167/871 969/376/1042 875/168/872
f 895/188/892 872/101/805 926/100/804
f 871/210/913 790/13/717 987/219/921
f 790/13/717 871/210/913 997/288/974
f 1053/127/831 915/377/812 872/101/805
f 750/238/810 966/237/934 872/101/805
f 787/294/980 873/98/802 763/113/817
f 880/229/929 931/228/928 936/227/927
f 862/213/916 874/212/915 1024/245/941
f 1052/268/955 1004/174/878 759/313/996
f 875/168/872 838/116/820 828/148/852
f 875/168/872 969/376/1042 838/116/820
f 876/123/827 800/296/982 710/365/985
f 883/162/866 1012/125/829 1021/378/1043
f 952/379/724 812/319/723 877/315/998
f 809/316/999 877/315/998 812/319/723
f 878/380/901 984/381/992 784/382/1044
f 908/269/956 912/60/764 963/383/1045
f 879/367/1037 989/194/898 1032/193/897
f 809/316/999 879/367/1037 868/317/1000
f 956/384/1046 936/227/927 873/98/802
f 873/98/802 856/361/1032 956/384/1046
f 889/385/1047 966/237/934 881/236/811
f 889/385/1047 881/236/811 789/155/859
f 882/23/727 814/214/858 958/369/1038
f 958/369/1038 985/24/728 882/23/727
f 883/162/866 867/298/984 723/11/715
f 867/298/984 883/162/866 1021/378/1043
f 884/159/863 725/201/904 866/157/861
f 1047/286/972 823/307/993 725/201/904
f 785/272/959 830/173/877 885/386/1048
f 1046/329/1009 939/273/960 785/272/959
f 886/387/948 771/262/853 780/139/843
f 780/139/843 924/239/935 886/387/948
f 857/330/1010 887/364/1035 957/360/1031
f 857/330/1010 854/279/966 887/364/1035
f 888/76/780 709/300/986 818/1/705
f 888/76/780 801/15/719 709/300/986
f 789/155/859 772/156/860 889/385/1047
f 894/243/939 966/237/934 889/385/1047
f 757/209/912 871/210/913 890/17/721
f 932/68/772 890/17/721 937/69/773
f 829/359/1030 853/136/840 891/331/1011
f 891/331/1011 853/136/840 897/79/783
f 726/170/874 892/351/1023 1014/187/891
f 890/17/721 892/351/1023 937/69/773
f 965/266/953 930/265/952 893/318/1001
f 965/266/953 893/318/1001 971/374/1040
f 894/243/939 889/385/1047 772/156/860
f 713/235/933 894/243/939 772/156/860
f 964/169/873 969/376/1042 870/167/871
f 964/169/873 870/167/871 745/70/774
f 896/388/989 799/112/816 754/111/815
f 918/33/737 896/389/989 905/109/813
f 766/14/718 848/72/776 824/89/793
f 972/282/968 968/343/1019 766/14/718
f 897/79/783 751/135/839 769/232/932
f 897/79/783 769/232/932 977/143/847
f 1009/390/790 898/84/788 708/391/791
f 860/392/983 710/365/985 898/84/788
f 712/158/862 899/393/1049 884/159/863
f 899/393/1049 792/95/799 1047/286/972
f 798/74/778 745/70/774 900/147/851
f 875/168/872 900/147/851 745/70/774
f 740/93/797 924/239/935 901/138/842
f 901/138/842 909/302/988 740/93/797
f 902/46/750 1001/223/925 737/216/918
f 721/211/914 902/46/750 737/216/918
f 1014/187/891 903/16/720 846/394/1050
f 1053/127/831 903/16/720 753/128/832
f 904/284/970 792/95/799 899/393/1049
f 899/393/1049 712/158/862 904/284/970
f 896/389/989 754/348/815 905/109/813
f 905/109/813 754/348/815 729/110/814
f 981/124/828 906/88/792 840/395/762
f 840/395/762 906/88/792 955/345/763
f 907/259/890 1045/39/743 915/108/812
f 915/377/812 1053/127/831 907/186/890
f 815/270/957 717/6/710 908/269/956
f 837/271/958 815/270/957 908/269/956
f 1007/184/888 909/302/988 901/138/842
f 802/283/969 826/301/987 909/302/988
f 767/222/924 910/164/868 817/163/867
f 931/228/928 880/229/929 910/164/868
f 1020/356/1027 911/355/1026 829/359/1030
f 829/359/1030 1031/358/1029 853/136/840
f 878/380/901 784/382/1044 912/60/764
f 980/131/835 946/130/834 878/380/901
f 807/312/995 913/44/748 970/5/709
f 807/312/995 850/42/746 913/44/748
f 914/80/784 1042/350/1022 758/78/782
f 913/44/748 914/80/784 758/78/782
f 915/108/812 811/41/745 750/106/810
f 872/101/805 915/377/812 750/238/810
f 848/72/776 1041/225/926 916/90/794
f 791/182/886 826/301/987 917/48/752
f 947/152/856 791/182/886 917/48/752
f 918/33/737 803/396/903 896/389/989
f 975/119/823 803/396/903 918/33/737
f 708/391/791 898/84/788 919/83/787
f 735/133/837 708/87/791 967/397/895
f 814/214/858 715/398/754 862/368/916
f 941/57/761 868/317/1000 844/66/770
f 887/364/1035 960/363/1034 868/317/1000
f 723/11/715 735/133/837 920/399/1051
f 920/400/1051 735/401/837 911/355/1026
f 717/6/710 721/211/914 921/144/848
f 922/402/1052 1016/179/883 720/178/882
f 720/178/882 822/161/865 978/160/864
f 923/231/931 962/18/722 821/327/1008
f 927/341/1017 821/327/1008 768/217/919
f 1039/92/796 924/239/935 740/93/797
f 924/254/935 1039/224/796 859/241/937
f 832/28/732 925/332/1012 1035/29/733
f 806/311/708 988/335/1014 832/28/732
f 713/235/933 730/114/818 926/100/804
f 926/100/804 969/376/1042 964/169/873
f 923/231/931 821/327/1008 927/341/1017
f 959/196/899 923/231/931 993/197/900
f 1000/324/1005 810/32/736 928/325/1006
f 1019/285/971 810/32/736 983/31/735
f 944/291/977 783/91/795 929/292/978
f 929/292/978 797/132/836 954/3/707
f 781/27/731 822/161/865 930/265/952
f 928/325/1006 930/265/952 822/161/865
f 948/221/923 931/228/928 767/222/924
f 767/222/924 931/228/928 910/164/868
f 1043/207/910 757/209/912 932/68/772
f 757/209/912 890/17/721 932/68/772
f 800/296/982 933/366/1036 710/365/985
f 1005/280/967 1025/204/907 800/296/982
f 835/305/991 934/64/768 1002/63/767
f 835/305/991 993/197/900 934/64/768
f 759/313/996 935/314/997 825/275/962
f 935/314/997 1004/174/878 939/273/960
f 763/113/817 936/227/927 845/220/922
f 873/98/802 936/227/927 763/113/817
f 712/158/862 893/318/1001 904/284/970
f 937/69/773 726/170/874 745/70/774
f 937/69/773 892/351/1023 726/170/874
f 1053/127/831 779/129/833 938/185/889
f 842/203/906 938/260/889 779/346/833
f 935/314/997 1027/403/1053 825/275/962
f 825/275/962 1027/403/1053 808/52/756
f 747/248/944 940/37/741 858/176/880
f 940/37/741 747/248/944 1028/404/1054
f 868/317/1000 941/57/761 877/315/998
f 955/59/763 877/315/998 941/57/761
f 942/405/902 799/112/816 896/388/989
f 1006/309/994 787/294/980 799/112/816
f 943/180/884 748/247/943 720/178/882
f 762/218/920 748/247/943 943/180/884
f 945/146/850 1015/141/845 771/149/853
f 945/146/850 771/149/853 828/148/852
f 753/128/832 946/406/834 779/129/833
f 878/198/901 946/406/834 959/196/899
f 917/48/752 814/154/858 947/152/856
f 947/152/856 814/154/858 851/407/809
f 936/227/927 948/221/923 839/10/714
f 977/143/847 769/232/932 949/82/786
f 769/232/932 786/81/785 949/82/786
f 906/88/792 981/124/828 732/289/975
f 794/126/830 732/289/975 981/124/828
f 793/287/973 951/208/911 816/293/979
f 871/210/913 951/208/911 793/287/973
f 952/20/724 982/175/879 749/21/725
f 830/173/877 982/175/879 1013/408/1055
f 953/56/760 1017/362/1033 808/52/756
f 808/52/756 1027/403/1053 953/56/760
f 810/32/736 954/3/707 795/30/734
f 954/3/707 797/132/836 795/30/734
f 1013/408/1055 982/175/879 952/20/724
f 877/315/998 1013/409/1055 952/379/724
f 936/227/927 956/384/1046 880/229/929
f 856/361/1032 880/229/929 956/384/1046
f 887/364/1035 868/317/1000 957/360/1031
f 957/360/1031 868/317/1000 992/375/1041
f 958/369/1038 773/410/940 985/24/728
f 958/369/1038 862/368/916 773/410/940
f 959/196/899 946/406/834 753/128/832
f 753/128/832 962/18/722 959/196/899
f 844/66/770 868/317/1000 960/363/1034
f 844/66/770 960/363/1034 854/279/966
f 933/366/1036 1028/404/1054 706/8/712
f 821/327/1008 962/18/722 1022/326/1007
f 890/17/721 1022/326/1007 962/18/722
f 963/383/1045 912/60/764 784/382/1044
f 986/352/1024 1008/304/990 784/382/1044
f 964/169/873 726/170/874 895/188/892
f 964/169/873 895/188/892 926/100/804
f 965/266/953 971/374/1040 742/264/951
f 781/27/731 965/266/953 742/264/951
f 872/101/805 966/237/934 770/99/803
f 894/243/939 770/99/803 966/237/934
f 1044/411/894 967/412/895 919/83/787
f 967/412/895 708/391/791 919/83/787
f 836/73/777 848/72/776 968/343/1019
f 968/343/1019 848/72/776 766/14/718
f 969/376/1042 730/114/818 838/116/820
f 969/376/1042 926/100/804 730/114/818
f 819/166/870 970/5/709 806/4/708
f 714/34/738 970/5/709 819/166/870
f 866/157/861 975/340/823 971/374/1040
f 712/158/862 866/157/861 971/374/1040
f 972/282/968 719/342/1018 968/343/1019
f 997/288/974 990/323/1004 719/342/1018
f 735/401/837 967/191/895 973/134/838
f 1031/358/1029 735/401/837 973/134/838
f 974/202/905 1001/223/925 1045/39/743
f 760/215/917 1001/223/925 974/202/905
f 971/374/1040 975/340/823 834/338/1015
f 834/372/1015 975/119/823 744/165/869
f 976/242/938 816/293/979 796/255/949
f 793/287/973 816/293/979 990/323/1004
f 977/143/847 902/46/750 721/211/914
f 1042/350/1022 977/143/847 721/211/914
f 720/178/882 978/160/864 922/402/1052
f 922/402/1052 978/160/864 781/27/731
f 941/57/761 979/67/771 840/58/762
f 840/58/762 979/67/771 950/121/825
f 912/60/764 755/62/766 980/131/835
f 878/380/901 912/60/764 980/131/835
f 981/124/828 950/413/825 876/414/827
f 981/124/828 840/395/762 950/413/825
f 749/21/725 982/175/879 746/171/875
f 746/171/875 982/175/879 1004/174/878
f 1034/370/1039 863/96/800 792/95/799
f 1034/370/1039 792/95/799 1019/285/971
f 1002/63/767 847/344/1020 984/306/992
f 847/344/1020 837/334/958 986/415/1024
f 985/337/728 827/246/942 833/336/964
f 833/277/964 863/96/800 985/24/728
f 847/344/1020 986/415/1024 984/306/992
f 984/381/992 986/352/1024 784/382/1044
f 774/75/779 762/218/920 987/219/921
f 765/25/729 987/219/921 762/218/920
f 925/332/1012 988/335/1014 837/334/958
f 988/335/1014 925/332/1012 832/28/732
f 989/194/898 809/316/999 812/319/723
f 989/194/898 879/367/1037 809/316/999
f 816/293/979 976/242/938 990/323/1004
f 976/242/938 836/73/777 990/323/1004
f 991/85/789 723/11/715 860/297/983
f 723/11/715 991/85/789 735/133/837
f 868/317/1000 879/367/1037 992/375/1041
f 879/367/1037 861/140/844 992/375/1041
f 927/341/1017 934/64/768 993/197/900
f 993/197/900 923/231/931 927/341/1017
f 824/89/793 783/91/795 994/2/706
f 709/300/986 824/89/793 994/2/706
f 732/289/975 794/126/830 995/290/976
f 995/290/976 794/126/830 910/164/868
f 996/416/806 741/347/1021 789/155/859
f 741/347/1021 996/416/806 858/176/880
f 790/13/717 997/288/974 972/282/968
f 972/282/968 997/288/974 719/342/1018
f 852/61/765 717/6/710 998/145/849
f 998/145/849 760/215/917 852/61/765
f 999/250/946 722/177/881 841/9/713
f 722/234/881 999/257/946 786/81/785
f 1000/324/1005 818/1/705 954/3/707
f 818/1/705 1000/324/1005 820/77/781
f 902/46/750 764/40/744 1001/223/925
f 764/40/744 1045/39/743 1001/223/925
f 804/333/1013 847/344/1020 1002/63/767
f 1016/179/883 1023/417/1056 804/333/1013
f 1003/322/1003 813/51/755 873/98/802
f 1003/322/1003 865/276/963 813/51/755
f 746/171/875 1004/174/878 716/267/954
f 716/267/954 1004/174/878 1052/268/955
f 788/122/826 854/279/966 1005/280/967
f 1005/280/967 854/279/966 1040/278/965
f 942/405/902 1006/309/994 799/112/816
f 725/201/904 1006/308/994 942/199/902
f 1007/184/888 749/21/725 802/283/969
f 1007/184/888 802/283/969 909/302/988
f 1008/304/990 963/383/1045 784/382/1044
f 1008/304/990 908/269/956 963/383/1045
f 991/85/789 860/297/983 1009/86/790
f 1009/390/790 860/392/983 898/84/788
f 1010/150/854 728/45/749 996/102/806
f 902/46/750 728/45/749 1010/150/854
f 1011/230/930 743/55/759 995/290/976
f 1011/230/930 953/56/760 743/55/759
f 1012/125/829 876/414/827 1021/378/1043
f 1012/125/829 981/124/828 876/414/827
f 830/173/877 1013/408/1055 955/345/763
f 955/59/763 1013/409/1055 877/315/998
f 895/188/892 1014/187/891 872/101/805
f 846/394/1050 872/101/805 1014/187/891
f 752/418/841 1015/141/845 861/140/844
f 1015/263/845 752/137/841 780/139/843
f 804/333/1013 1002/63/767 1016/179/883
f 855/65/769 1016/179/883 1002/63/767
f 1011/230/930 856/361/1032 1017/362/1033
f 808/52/756 1017/362/1033 856/361/1032
f 1018/353/716 920/400/1051 911/355/1026
f 920/399/1051 1018/12/716 723/11/715
f 1019/285/971 904/284/970 928/325/1006
f 810/32/736 1019/285/971 928/325/1006
f 849/354/1025 1018/353/716 1020/356/1027
f 1050/43/747 1020/356/1027 891/331/1011
f 867/298/984 1021/378/1043 710/299/985
f 1021/419/1043 876/123/827 710/365/985
f 1022/326/1007 890/17/721 733/26/730
f 1022/326/1007 733/26/730 768/217/919
f 1023/417/1056 1016/179/883 922/402/1052
f 922/402/1052 781/27/731 1035/29/733
f 827/246/942 1024/245/941 759/313/996
f 1024/245/941 1052/268/955 759/313/996
f 800/296/982 1025/204/907 933/366/1036
f 1028/404/1054 933/366/1036 1025/204/907
f 751/135/839 1026/233/893 769/232/932
f 973/134/838 1044/190/894 751/135/839
f 1027/403/1053 939/273/960 953/56/760
f 1027/403/1053 935/314/997 939/273/960
f 1028/404/1054 961/38/742 940/37/741
f 1025/204/907 961/38/742 1028/404/1054
f 782/172/876 1029/49/753 826/301/987
f 1029/49/753 782/172/876 1052/268/955
f 1030/192/896 718/183/887 901/138/842
f 1036/320/1002 1030/195/896 989/194/898
f 829/359/1030 911/355/1026 1031/358/1029
f 911/355/1026 735/401/837 1031/358/1029
f 1032/193/897 1030/195/896 752/418/841
f 861/140/844 1032/193/897 752/418/841
f 761/206/909 1037/115/819 1033/118/822
f 1033/118/822 843/36/740 761/206/909
f 1019/285/971 983/31/735 1034/370/1039
f 983/31/735 797/132/836 1034/370/1039
f 1035/29/733 1023/417/1056 922/402/1052
f 804/333/1013 1023/417/1056 1035/29/733
f 1036/321/1002 718/183/887 1030/192/896
f 1007/184/888 718/183/887 1036/321/1002
f 756/205/908 1037/115/819 761/206/909
f 838/116/820 1037/115/819 1040/278/965
f 1038/373/824 864/371/1016 744/165/869
f 864/339/1016 1038/120/824 742/264/951
f 736/71/775 1039/224/796 848/72/776
f 859/241/937 1039/224/796 736/71/775
f 756/205/908 1040/278/965 1037/115/819
f 756/205/908 1025/204/907 1040/278/965
f 1041/225/926 705/357/1028 916/90/794
f 1056/153/857 705/420/1028 1055/94/798
f 758/78/782 1042/350/1022 721/211/914
f 798/74/778 1043/207/910 932/68/772
f 796/255/949 1043/207/910 798/74/778
f 1044/411/894 919/83/787 1026/189/893
f 751/135/839 1044/190/894 1026/233/893
f 1045/39/743 711/261/950 974/202/905
f 711/261/950 1045/39/743 907/259/890
f 785/272/959 885/386/1048 1046/329/1009
f 1046/329/1009 1049/54/758 953/56/760
f 884/159/863 899/393/1049 1047/286/972
f 884/159/863 1047/286/972 725/201/904
f 1048/181/885 774/75/779 820/77/781
f 748/247/943 774/75/779 1048/181/885
f 994/2/706 944/291/977 954/3/707
f 944/291/977 929/292/978 954/3/707
f 885/386/1048 830/173/877 1049/54/758
f 885/386/1048 1049/54/758 1046/329/1009
f 849/354/1025 1050/43/747 850/42/746
f 849/354/1025 1020/356/1027 1050/43/747
f 1051/117/821 713/235/933 772/156/860
f 1051/117/821 730/114/818 713/235/933
f 1024/245/941 874/212/915 1052/268/955
f 1029/49/753 1052/268/955 874/212/915
f 846/394/1050 1053/127/831 872/101/805
f 846/394/1050 903/16/720 1053/127/831
f 873/98/802 1054/53/757 856/361/1032
f 856/361/1032 1054/53/757 808/52/756
f 1055/94/798 1041/421/926 1039/92/796
f 705/420/1028 1041/421/926 1055/94/798
f 724/104/808 1056/226/857 851/105/809
f 851/407/809 1056/153/857 947/152/856
f 706/8/712 1028/404/1054 747/248/944
