# Blender 4.1.0
# www.blender.org
mtllib AutumnLeaves.mtl
o Leabes
v 0.206880 0.006625 1.192713
v 0.204537 0.007105 1.191406
v 0.206717 0.009570 1.194680
v 0.211367 0.006828 1.197095
v 0.211633 0.004812 1.194930
v 0.209239 0.005867 1.193889
v 0.190546 0.007574 1.181877
v 0.194186 0.011016 1.186467
v 0.199883 0.007507 1.188516
v 0.213094 0.008227 1.196121
v 0.212909 0.009179 1.196092
v 0.237018 0.045770 1.260828
v 0.236877 0.042964 1.259547
v 0.236053 0.045410 1.259448
v 0.186964 0.073472 1.200932
v 0.187875 0.074292 1.202481
v 0.187264 0.074200 1.201666
v 0.213111 0.008359 1.196164
v 0.209285 0.008432 1.195881
v 0.204083 0.010413 1.193227
v 0.199022 0.011010 1.189971
v 0.189660 0.010740 1.182794
v 0.185870 0.008296 1.178324
v 0.184279 0.009974 1.177714
v 0.183525 0.009091 1.176560
v 0.237680 0.039417 1.259250
v 0.236076 0.048476 1.260665
v 0.235058 0.047869 1.259122
v 0.234960 0.051126 1.260257
v 0.233624 0.053716 1.259537
v 0.232084 0.055992 1.258428
v 0.230403 0.057621 1.256892
v 0.238834 0.040318 1.261034
v 0.237794 0.043037 1.260754
v 0.221800 -0.006670 1.221083
v 0.221835 -0.006249 1.223429
v 0.223355 -0.004118 1.220343
v 0.223158 -0.006493 1.215767
v 0.221402 -0.008257 1.216513
v 0.221659 -0.007335 1.218781
v 0.220735 -0.005836 1.238196
v 0.222597 -0.002827 1.233421
v 0.221680 -0.005896 1.228218
v 0.221664 -0.005270 1.214884
v 0.221722 -0.004435 1.215037
v 0.260190 0.027588 1.168447
v 0.259284 0.025132 1.169115
v 0.259567 0.027273 1.169782
v 0.236687 0.051819 1.232554
v 0.237461 0.052536 1.231187
v 0.237112 0.052455 1.232006
v 0.221688 -0.005154 1.214853
v 0.223148 -0.005088 1.217875
v 0.223390 -0.003450 1.222967
v 0.223152 -0.002828 1.228231
v 0.221795 -0.003066 1.238457
v 0.220083 -0.005227 1.243289
v 0.220319 -0.003732 1.244763
v 0.219765 -0.004561 1.245835
v 0.258729 0.022026 1.168645
v 0.260477 0.029955 1.169231
v 0.259754 0.029424 1.170678
v 0.260655 0.032273 1.170254
v 0.260691 0.034540 1.171581
v 0.260523 0.036531 1.173232
v 0.260093 0.037956 1.175176
v 0.259552 0.022818 1.166982
v 0.259797 0.025196 1.167893
v 0.231786 -0.003950 1.199839
v 0.231890 -0.003104 1.199710
v 0.171474 0.029355 1.189515
v 0.172521 0.026867 1.189974
v 0.172962 0.029036 1.189385
v 0.239677 0.053928 1.177627
v 0.238084 0.054654 1.177639
v 0.238980 0.054573 1.177531
v 0.231746 -0.003833 1.199834
v 0.172391 0.023720 1.190711
v 0.172017 0.031755 1.188862
v 0.173654 0.031217 1.188764
v 0.172825 0.034105 1.188185
v 0.173971 0.036403 1.187478
v 0.175505 0.038421 1.186786
v 0.177431 0.039865 1.186177
v 0.170512 0.024521 1.190825
v 0.171188 0.026932 1.190144
v 0.170138 0.095273 1.127023
v 0.169006 0.071985 1.153427
v 0.181876 0.102648 1.173730
v 0.183330 0.126770 1.147334
v 0.327412 0.043035 1.264844
v 0.270118 0.053221 1.238614
v 0.285284 0.024362 1.262817
v 0.309510 0.071891 1.240808
v 0.243223 0.105575 1.247463
v 0.193740 0.093926 1.224847
v 0.228867 0.072130 1.240151
v 0.210428 0.127360 1.232258
v 0.191125 0.241350 1.191481
v 0.192933 0.211244 1.196969
v 0.225535 0.220414 1.218142
v 0.223112 0.250315 1.212434
v 0.197335 0.228227 1.210128
v 0.188899 0.192110 1.211204
v 0.204198 0.190936 1.237494
v 0.212236 0.226984 1.236205
v 0.164963 0.183350 1.238057
v 0.169424 0.149876 1.228013
v 0.192199 0.144861 1.251095
v 0.187594 0.178517 1.261059
v 0.222112 0.111394 1.171639
v 0.171937 0.069864 1.165518
v 0.206014 0.077018 1.188646
v 0.180940 0.102986 1.148188
v 0.149218 0.083768 1.130610
v 0.168441 0.064740 1.152645
v 0.170019 0.098743 1.172735
v 0.150671 0.117674 1.150488
v 0.143904 0.057076 1.144448
v 0.165282 0.039875 1.167142
v 0.181182 0.077985 1.174776
v 0.158007 0.095095 1.151949
v 0.170941 0.026626 1.150203
v 0.190398 0.013711 1.179548
v 0.186092 0.054023 1.194846
v 0.166724 0.066774 1.165281
v 0.206802 0.067779 1.157488
v 0.184819 0.036417 1.175526
v 0.215127 0.044975 1.204725
v 0.238740 0.076396 1.186430
v 0.200857 0.135088 1.250322
v 0.175122 0.112631 1.215535
v 0.206885 0.104590 1.231386
v 0.171050 0.143185 1.234629
v 0.239947 -0.000371 1.301164
v 0.207192 0.022206 1.262855
v 0.233054 -0.014588 1.268808
v 0.216977 0.036226 1.295368
v 0.259649 -0.009974 1.267467
v 0.231390 0.013659 1.244487
v 0.200644 -0.023430 1.235098
v 0.223468 -0.046840 1.258285
v 0.299701 0.006054 1.236337
v 0.234398 0.040087 1.231365
v 0.244182 -0.003281 1.231942
v 0.290270 0.049227 1.235783
v 0.215998 0.112625 1.258161
v 0.213278 0.084391 1.235119
v 0.236041 0.056027 1.257520
v 0.237747 0.084567 1.280555
v 0.214936 0.071559 1.260220
v 0.211302 0.040555 1.216374
v 0.228661 0.032709 1.250728
v 0.198440 0.079523 1.226090
v 0.169443 0.189547 1.197092
v 0.161045 0.137823 1.193527
v 0.184468 0.160969 1.208128
v 0.146464 0.166924 1.182590
v 0.226910 0.231119 1.202857
v 0.183007 0.177887 1.197941
v 0.215796 0.196859 1.217903
v 0.191311 0.210324 1.182382
v 0.162449 0.078239 1.257737
v 0.184968 0.054738 1.244165
v 0.193570 0.083398 1.220216
v 0.169757 0.106877 1.233991
v 0.225523 0.030600 1.099052
v 0.245946 0.044437 1.146591
v 0.242028 0.008765 1.127083
v 0.227952 0.066210 1.118336
v 0.256002 0.089601 1.146407
v 0.239248 0.074216 1.192649
v 0.262334 0.055653 1.162836
v 0.239775 0.109563 1.176326
v 0.222724 0.220343 1.212498
v 0.216766 0.181607 1.214615
v 0.242793 0.188462 1.188591
v 0.239781 0.222994 1.185460
v 0.246731 0.211992 1.204006
v 0.245370 0.174266 1.211038
v 0.265698 0.168692 1.182758
v 0.256755 0.204756 1.175374
v 0.268477 0.167417 1.211170
v 0.259073 0.124721 1.210186
v 0.287492 0.124031 1.179637
v 0.300638 0.172518 1.182288
v 0.180959 0.095783 1.204355
v 0.190013 0.051641 1.235102
v 0.205496 0.062286 1.201209
v 0.171322 0.085218 1.238025
v 0.173771 0.066518 1.270592
v 0.185478 0.046468 1.244369
v 0.196256 0.081849 1.228953
v 0.183497 0.101820 1.255389
v 0.182731 0.040987 1.267391
v 0.192962 0.024808 1.237329
v 0.201079 0.063756 1.223804
v 0.188225 0.079855 1.254101
v 0.171677 0.009241 1.238094
v 0.193714 0.002716 1.209736
v 0.218931 0.041703 1.215878
v 0.188367 0.048234 1.244406
v 0.167237 0.049993 1.219268
v 0.192816 0.020227 1.221099
v 0.220140 0.036228 1.189979
v 0.185424 0.066246 1.188388
v 0.278715 0.118821 1.171099
v 0.244002 0.092224 1.210835
v 0.251812 0.082348 1.177199
v 0.267953 0.129046 1.204594
v 0.311568 -0.010901 1.122489
v 0.284359 0.014479 1.166199
v 0.277090 -0.023646 1.147904
v 0.316220 0.027137 1.140592
v 0.276295 -0.019419 1.131702
v 0.254405 0.006292 1.159767
v 0.239222 -0.029885 1.183262
v 0.256650 -0.055413 1.154980
v 0.207825 -0.007400 1.130217
v 0.247193 0.029466 1.162672
v 0.220895 -0.012088 1.163713
v 0.224814 0.034155 1.129107
v 0.279559 0.095143 1.156821
v 0.255364 0.068276 1.176025
v 0.268033 0.039048 1.151448
v 0.284840 0.066367 1.132355
v 0.284960 0.056421 1.155473
v 0.230020 0.030760 1.188163
v 0.262850 0.018117 1.158509
v 0.251801 0.069186 1.184957
v 0.228981 0.168215 1.228434
v 0.214638 0.110943 1.228381
v 0.244334 0.141356 1.208735
v 0.206158 0.138229 1.248082
v 0.234418 0.205779 1.200885
v 0.211947 0.147810 1.212817
v 0.254444 0.176903 1.193942
v 0.199462 0.178638 1.220116
v 0.312998 0.078623 1.198475
v 0.286591 0.055076 1.188229
v 0.248011 0.085517 1.192774
v 0.280354 0.109514 1.203164
v 0.114630 0.027634 1.240855
v 0.143268 0.047201 1.203495
v 0.132674 0.009393 1.216140
v 0.125084 0.065320 1.228394
v 0.145744 0.090477 1.204242
v 0.186529 0.077607 1.175523
v 0.158892 0.056689 1.193673
v 0.170394 0.111500 1.186264
v 0.233765 0.228163 1.189933
v 0.235145 0.194610 1.185670
v 0.189545 0.177851 1.195948
v 0.190242 0.212400 1.200371
v 0.214054 0.208607 1.182092
v 0.221455 0.177606 1.176603
v 0.172026 0.158412 1.181836
v 0.168001 0.190987 1.187671
v 0.196599 0.167116 1.150160
v 0.202530 0.130072 1.157195
v 0.162018 0.122142 1.167540
v 0.155759 0.156143 1.159540
v 0.223874 0.095629 1.212611
v 0.271517 0.056360 1.185788
v 0.217094 0.059953 1.199765
v 0.278516 0.092209 1.198766
v 0.320608 0.072070 1.184734
v 0.289025 0.050744 1.193597
v 0.256866 0.079714 1.179958
v 0.297586 0.100781 1.171051
v 0.313472 0.042448 1.179160
v 0.269124 0.025840 1.183520
v 0.249196 0.064563 1.187738
v 0.295031 0.081010 1.183324
v 0.277819 0.010012 1.199259
v 0.226205 0.003991 1.198539
v 0.228221 0.042334 1.180112
v 0.284140 0.048081 1.180899
v 0.264080 0.053858 1.211351
v 0.246831 0.023151 1.190560
v 0.194728 0.035530 1.197553
v 0.208678 0.066395 1.218433
v 0.157673 0.116033 1.167607
v 0.211864 0.094128 1.169975
v 0.169761 0.085188 1.182173
v 0.195909 0.128069 1.156227
v 0.102320 -0.009652 1.172983
v 0.148836 0.017201 1.172906
v 0.135499 -0.023420 1.178947
v 0.115431 0.030811 1.166948
v 0.122900 -0.009121 1.192269
v 0.155671 0.009734 1.186842
v 0.172112 -0.031268 1.182137
v 0.139101 -0.049986 1.187615
v 0.147472 -0.005987 1.235198
v 0.157445 0.030013 1.193994
v 0.168935 -0.009963 1.206343
v 0.135945 0.033789 1.223050
v 0.143224 0.097683 1.184272
v 0.168147 0.071019 1.183875
v 0.143945 0.040740 1.189070
v 0.119039 0.067693 1.189441
v 0.144226 0.062538 1.180912
v 0.188283 0.027904 1.183474
v 0.149978 0.024256 1.192874
v 0.182287 0.066343 1.171509
v 0.251651 0.184293 1.177246
v 0.249540 0.115898 1.169728
v 0.216012 0.146076 1.177903
v 0.283770 0.153191 1.168775
v 0.209118 0.202581 1.194194
v 0.238517 0.161249 1.187175
v 0.190927 0.166688 1.186821
v 0.250106 0.196713 1.194429
v 0.202028 0.080058 1.132268
v 0.165534 0.107103 1.155554
v 0.188167 0.076637 1.160763
v 0.178530 0.111693 1.127540
v 0.173586 0.132121 1.146157
v 0.187548 0.101263 1.144935
v 0.165559 0.090334 1.166700
v 0.152516 0.120680 1.166442
v 0.177154 0.122207 1.136640
v 0.186445 0.086912 1.145960
v 0.164767 0.092731 1.174354
v 0.156567 0.127466 1.163767
v 0.180649 0.129912 1.142622
v 0.161752 0.087566 1.153257
v 0.192398 0.103656 1.158394
v 0.152419 0.114252 1.138581
v 0.186781 0.081528 1.123614
v 0.166195 0.105953 1.144997
v 0.182803 0.081028 1.147661
v 0.172098 0.107254 1.121005
v 0.327634 0.057843 1.246713
v 0.285414 0.023161 1.250455
v 0.288001 0.061099 1.251557
v 0.326521 0.020217 1.243709
v 0.272281 0.081879 1.257884
v 0.271044 0.048809 1.258035
v 0.311924 0.042830 1.243284
v 0.312027 0.076086 1.244804
v 0.272045 0.083705 1.253076
v 0.258916 0.049301 1.255628
v 0.305950 0.033018 1.247585
v 0.319060 0.067784 1.246992
v 0.308205 0.068571 1.271212
v 0.296511 0.048004 1.236236
v 0.288667 0.043237 1.266050
v 0.311724 0.074860 1.241649
v 0.336975 0.043458 1.257071
v 0.295532 0.031559 1.250287
v 0.311401 0.054957 1.262043
v 0.325350 0.020899 1.244023
v 0.238684 0.118890 1.240354
v 0.222640 0.075158 1.224602
v 0.205225 0.104766 1.243078
v 0.262310 0.090528 1.220382
v 0.183682 0.114417 1.243139
v 0.200125 0.086204 1.242714
v 0.229100 0.103147 1.226617
v 0.206659 0.132180 1.228723
v 0.193420 0.120260 1.251015
v 0.192756 0.084339 1.241253
v 0.233284 0.089080 1.226560
v 0.228693 0.124757 1.238249
v 0.212718 0.108028 1.264501
v 0.216964 0.105684 1.223083
v 0.212721 0.082866 1.246078
v 0.213321 0.131199 1.241849
v 0.243100 0.116662 1.249549
v 0.232691 0.085207 1.231066
v 0.216536 0.107463 1.246506
v 0.262666 0.095600 1.233024
v 0.203032 0.237305 1.174318
v 0.202832 0.230509 1.218547
v 0.218189 0.215166 1.193966
v 0.190923 0.254368 1.198855
v 0.219340 0.255630 1.216905
v 0.223039 0.240345 1.197449
v 0.198115 0.212758 1.215883
v 0.196765 0.231904 1.235698
v 0.215080 0.256702 1.211709
v 0.220317 0.233690 1.194125
v 0.196063 0.205298 1.218882
v 0.193656 0.232560 1.236828
v 0.212102 0.257457 1.212102
v 0.188659 0.217019 1.206187
v 0.235118 0.237397 1.208109
v 0.175611 0.243558 1.213674
v 0.199623 0.237643 1.174031
v 0.198727 0.238846 1.209425
v 0.210773 0.222904 1.192644
v 0.189661 0.254469 1.190644
v 0.231138 0.227495 1.198875
v 0.188785 0.208163 1.234504
v 0.209945 0.190301 1.213756
v 0.205534 0.241208 1.219044
v 0.208475 0.236680 1.235924
v 0.217182 0.220144 1.217131
v 0.186145 0.188704 1.233588
v 0.185274 0.212721 1.253511
v 0.197657 0.237068 1.228927
v 0.215638 0.214136 1.213652
v 0.184050 0.181021 1.234952
v 0.175913 0.212505 1.251350
v 0.209577 0.238227 1.232901
v 0.180545 0.197385 1.221523
v 0.222280 0.211136 1.229287
v 0.172948 0.227939 1.227850
v 0.216559 0.226174 1.195157
v 0.190230 0.218964 1.225923
v 0.210303 0.204012 1.212582
v 0.196310 0.240502 1.208409
v 0.177868 0.187616 1.221120
v 0.175279 0.155932 1.256799
v 0.185237 0.152945 1.225675
v 0.168659 0.190865 1.252307
v 0.189141 0.183598 1.265790
v 0.186119 0.173203 1.238474
v 0.173891 0.142679 1.248790
v 0.175421 0.154223 1.276201
v 0.178401 0.185067 1.262903
v 0.182074 0.169622 1.233552
v 0.177385 0.133362 1.247519
v 0.171766 0.149374 1.276704
v 0.179869 0.185849 1.264772
v 0.167156 0.148879 1.241500
v 0.193044 0.166659 1.245613
v 0.154509 0.167072 1.262114
v 0.169532 0.190499 1.223578
v 0.171545 0.166947 1.252723
v 0.177932 0.164187 1.227573
v 0.164474 0.194102 1.248805
v 0.211781 0.112793 1.156108
v 0.205476 0.065890 1.177629
v 0.177777 0.094027 1.169217
v 0.243053 0.082037 1.162199
v 0.158309 0.101911 1.174300
v 0.178881 0.079520 1.183047
v 0.203220 0.087785 1.158678
v 0.176672 0.111905 1.151037
v 0.160982 0.107222 1.167841
v 0.171469 0.077188 1.184413
v 0.212069 0.078131 1.166559
v 0.196308 0.110405 1.151527
v 0.184259 0.121108 1.175135
v 0.192934 0.077841 1.156971
v 0.188321 0.090051 1.185371
v 0.184594 0.108602 1.146701
v 0.230040 0.119531 1.164994
v 0.210375 0.078577 1.175550
v 0.192903 0.104391 1.168705
v 0.245526 0.089665 1.169327
v 0.171161 0.087299 1.123651
v 0.151308 0.092091 1.163525
v 0.182014 0.079154 1.152290
v 0.143299 0.102163 1.134737
v 0.143768 0.119502 1.154146
v 0.166321 0.101186 1.145306
v 0.159942 0.077095 1.167111
v 0.136199 0.094734 1.174741
v 0.141325 0.110875 1.147785
v 0.168876 0.091508 1.143939
v 0.164600 0.075726 1.175378
v 0.135830 0.093623 1.178242
v 0.148207 0.115101 1.138643
v 0.155149 0.073922 1.158923
v 0.170334 0.103913 1.153892
v 0.132283 0.086218 1.144951
v 0.170114 0.082464 1.122366
v 0.146612 0.089050 1.148442
v 0.172115 0.081898 1.146779
v 0.145369 0.091251 1.123813
v 0.170359 0.050006 1.133133
v 0.156174 0.074339 1.170027
v 0.182010 0.050178 1.162261
v 0.147422 0.075644 1.140190
v 0.158900 0.100019 1.151664
v 0.167803 0.068233 1.148881
v 0.164013 0.063643 1.179151
v 0.153407 0.095131 1.181464
v 0.144577 0.088426 1.156445
v 0.165806 0.060571 1.151325
v 0.173532 0.060551 1.185005
v 0.150449 0.087096 1.190247
v 0.149814 0.092808 1.148944
v 0.157771 0.054190 1.172345
v 0.174610 0.077076 1.155872
v 0.133725 0.071394 1.166630
v 0.165255 0.049073 1.133002
v 0.147787 0.068464 1.159091
v 0.170227 0.053195 1.156724
v 0.143711 0.065673 1.134815
v 0.196174 0.030282 1.147455
v 0.168244 0.042781 1.184279
v 0.205520 0.029999 1.177416
v 0.161958 0.044984 1.153866
v 0.169330 0.069426 1.161963
v 0.190255 0.042744 1.164757
v 0.174035 0.036101 1.192234
v 0.155331 0.061792 1.188415
v 0.149650 0.048847 1.185641
v 0.172022 0.021977 1.181599
v 0.203418 0.048905 1.187775
v 0.173914 0.075466 1.193797
v 0.157909 0.055711 1.160289
v 0.177217 0.023990 1.184850
v 0.186835 0.054628 1.171622
v 0.150175 0.026234 1.174706
v 0.200033 0.027394 1.147192
v 0.165517 0.034941 1.167204
v 0.195740 0.031495 1.171227
v 0.169073 0.032515 1.142817
v 0.227935 0.037580 1.155453
v 0.205531 0.064620 1.191461
v 0.201855 0.028652 1.181007
v 0.235299 0.072855 1.166461
v 0.240032 0.078938 1.189676
v 0.227933 0.051791 1.175743
v 0.190548 0.050690 1.195098
v 0.200551 0.079305 1.207931
v 0.237528 0.075031 1.174971
v 0.214964 0.041181 1.172837
v 0.189559 0.048269 1.202600
v 0.205082 0.083397 1.203587
v 0.231590 0.082580 1.175909
v 0.187076 0.051773 1.187479
v 0.231859 0.050510 1.183036
v 0.187190 0.084614 1.181929
v 0.220363 0.044707 1.150876
v 0.204095 0.069961 1.177100
v 0.207771 0.040108 1.173835
v 0.219138 0.074481 1.154403
v 0.196177 0.143974 1.250724
v 0.202547 0.112955 1.214946
v 0.178654 0.117441 1.239769
v 0.220813 0.142845 1.225593
v 0.155900 0.117784 1.237254
v 0.180299 0.102385 1.229230
v 0.194636 0.134000 1.229083
v 0.170367 0.149045 1.238871
v 0.158117 0.114589 1.244285
v 0.178920 0.096148 1.225127
v 0.201043 0.127314 1.227005
v 0.180265 0.144766 1.247909
v 0.181230 0.123612 1.260481
v 0.184620 0.131521 1.219762
v 0.190752 0.105052 1.238858
v 0.173458 0.149313 1.241465
v 0.205926 0.146058 1.250663
v 0.199168 0.119233 1.224673
v 0.188091 0.126879 1.247695
v 0.218777 0.140814 1.227417
v 0.235856 0.019268 1.302684
v 0.240214 0.002737 1.260244
v 0.207358 0.010538 1.284535
v 0.273648 0.013552 1.278090
v 0.189004 0.023939 1.289283
v 0.204353 0.002603 1.271554
v 0.241262 0.016269 1.280339
v 0.219212 0.036452 1.299512
v 0.184299 0.011350 1.288305
v 0.202583 -0.002694 1.263262
v 0.242710 0.012633 1.276491
v 0.215017 0.024952 1.302743
v 0.212404 -0.001631 1.306808
v 0.228417 0.025882 1.273749
v 0.216340 -0.007840 1.278762
v 0.220701 0.032393 1.301966
v 0.239160 0.001971 1.308573
v 0.244198 0.004077 1.273194
v 0.217565 0.005013 1.294041
v 0.268792 0.002677 1.288041
v 0.265428 0.007182 1.260679
v 0.222736 -0.022606 1.234179
v 0.218892 0.006808 1.254267
v 0.268569 -0.020603 1.239375
v 0.215557 -0.050390 1.255703
v 0.238098 -0.024516 1.243455
v 0.207098 -0.003587 1.250561
v 0.191611 -0.029517 1.264356
v 0.222788 -0.040257 1.265113
v 0.240930 -0.015804 1.242254
v 0.198616 0.000842 1.243501
v 0.189240 -0.022666 1.267880
v 0.210873 -0.020043 1.277752
v 0.244970 -0.005335 1.244401
v 0.204491 -0.019395 1.249901
v 0.250861 -0.004253 1.272703
v 0.268900 0.013128 1.254829
v 0.238617 -0.022797 1.248436
v 0.231502 0.004299 1.257466
v 0.275733 -0.013178 1.244450
v 0.303946 0.018771 1.235666
v 0.238711 0.013395 1.218736
v 0.262218 0.027254 1.246228
v 0.278097 0.006976 1.207505
v 0.255281 0.052999 1.253451
v 0.238808 0.023785 1.243851
v 0.272921 0.022396 1.223204
v 0.293840 0.050793 1.234169
v 0.248324 0.061277 1.240459
v 0.237957 0.033142 1.220136
v 0.252889 0.006839 1.244102
v 0.260981 0.035318 1.265146
v 0.282491 0.023194 1.260837
v 0.264217 0.033113 1.222051
v 0.249774 0.011950 1.244418
v 0.297817 0.045717 1.239341
v 0.307665 0.014848 1.228119
v 0.254815 0.009785 1.225181
v 0.283922 0.020857 1.242931
v 0.277785 0.005399 1.209757
v 0.241882 0.110325 1.243547
v 0.212050 0.076057 1.264395
v 0.240421 0.076240 1.237410
v 0.219374 0.109646 1.271367
v 0.229368 0.081567 1.286740
v 0.241460 0.087852 1.259368
v 0.211125 0.068867 1.249745
v 0.199332 0.064328 1.277420
v 0.226792 0.091262 1.282070
v 0.239737 0.088269 1.250449
v 0.209180 0.060115 1.247405
v 0.197350 0.064899 1.278885
v 0.201111 0.094960 1.277320
v 0.234878 0.089768 1.244460
v 0.214803 0.068425 1.262808
v 0.215568 0.116595 1.258199
v 0.228774 0.119538 1.248288
v 0.215675 0.087325 1.265604
v 0.228949 0.092497 1.241760
v 0.219316 0.114118 1.272467
v 0.206581 0.080716 1.250477
v 0.240507 0.037938 1.235573
v 0.196076 0.051586 1.235428
v 0.253475 0.068351 1.249087
v 0.176149 0.048852 1.231267
v 0.204363 0.033325 1.235923
v 0.223941 0.064875 1.234754
v 0.189957 0.080641 1.231852
v 0.175662 0.051729 1.228183
v 0.201435 0.026336 1.231566
v 0.233698 0.055854 1.238748
v 0.197452 0.081264 1.237293
v 0.206399 0.071201 1.262146
v 0.198832 0.043070 1.229353
v 0.233600 0.054598 1.244119
v 0.179733 0.058092 1.248607
v 0.208453 0.078090 1.263966
v 0.235507 0.050286 1.242845
v 0.199831 0.060665 1.246444
v 0.244910 0.069152 1.259511
v 0.158333 0.188029 1.182046
v 0.188885 0.153098 1.198107
v 0.153357 0.158823 1.199135
v 0.203363 0.188294 1.181144
v 0.135993 0.152235 1.207015
v 0.164558 0.148720 1.210213
v 0.170228 0.167165 1.183968
v 0.140005 0.171366 1.181546
v 0.135560 0.150315 1.210248
v 0.166769 0.140551 1.212917
v 0.177377 0.167330 1.187352
v 0.143096 0.176628 1.185579
v 0.160879 0.193636 1.204807
v 0.157693 0.145818 1.201398
v 0.181139 0.172769 1.194031
v 0.141534 0.169094 1.214344
v 0.168128 0.199348 1.189827
v 0.182863 0.162637 1.195420
v 0.157564 0.175282 1.200188
v 0.200570 0.191847 1.185113
v 0.224393 0.231896 1.186179
v 0.212580 0.180725 1.208709
v 0.188245 0.206055 1.200266
v 0.250630 0.207058 1.193261
v 0.160403 0.203017 1.199447
v 0.186221 0.190213 1.213676
v 0.219209 0.206739 1.192033
v 0.185503 0.215870 1.177105
v 0.158999 0.203921 1.201104
v 0.181558 0.182671 1.217074
v 0.223428 0.203445 1.196655
v 0.192926 0.220985 1.180322
v 0.223885 0.238170 1.208929
v 0.180397 0.191385 1.202222
v 0.227964 0.206423 1.205059
v 0.176839 0.223338 1.207899
v 0.226319 0.234177 1.186067
v 0.222980 0.200242 1.208678
v 0.199517 0.216220 1.199129
v 0.250070 0.217797 1.194476
v 0.151819 0.058536 1.238096
v 0.186923 0.090456 1.241812
v 0.180787 0.056812 1.227736
v 0.157149 0.092974 1.250579
v 0.174632 0.114280 1.239675
v 0.166966 0.082155 1.236207
v 0.197683 0.073082 1.235368
v 0.204724 0.105299 1.240626
v 0.170187 0.108493 1.243671
v 0.168529 0.072623 1.233888
v 0.205710 0.070579 1.234660
v 0.204561 0.106131 1.246428
v 0.166331 0.109252 1.242888
v 0.190607 0.070393 1.246771
v 0.173299 0.084750 1.224996
v 0.184677 0.096278 1.264103
v 0.151227 0.061016 1.243060
v 0.177022 0.087797 1.251283
v 0.174348 0.063984 1.235421
v 0.153227 0.085687 1.257778
v 0.212182 0.047395 1.102601
v 0.226168 0.017873 1.139057
v 0.251049 0.044310 1.123148
v 0.191318 0.022613 1.119224
v 0.269934 0.060528 1.126068
v 0.261812 0.030385 1.134278
v 0.216197 0.039168 1.123002
v 0.227092 0.068674 1.113226
v 0.277461 0.056282 1.126655
v 0.265050 0.026920 1.142626
v 0.217743 0.030684 1.123935
v 0.231526 0.058830 1.106613
v 0.258944 0.039844 1.101705
v 0.218199 0.044542 1.129833
v 0.259028 0.025241 1.126855
v 0.220601 0.060565 1.105235
v 0.214463 0.042342 1.094913
v 0.224819 0.020284 1.124874
v 0.241748 0.042345 1.113174
v 0.198800 0.021572 1.107073
v 0.246952 0.102065 1.151054
v 0.238641 0.055861 1.171089
v 0.263797 0.087930 1.177420
v 0.219684 0.070816 1.145356
v 0.272496 0.099169 1.193183
v 0.265823 0.068663 1.182777
v 0.234689 0.083872 1.164577
v 0.250057 0.117953 1.174779
v 0.285193 0.096643 1.188454
v 0.269912 0.061742 1.185994
v 0.234023 0.075661 1.164820
v 0.256176 0.112174 1.166376
v 0.287558 0.099073 1.164439
v 0.229611 0.083395 1.178055
v 0.272318 0.068732 1.168608
v 0.251243 0.116916 1.176216
v 0.243010 0.099959 1.143580
v 0.244586 0.065766 1.163609
v 0.264085 0.092140 1.164215
v 0.223568 0.074441 1.143572
v 0.181998 0.195526 1.203152
v 0.247829 0.210407 1.200678
v 0.208612 0.173339 1.200760
v 0.219893 0.232129 1.201117
v 0.237716 0.229041 1.178864
v 0.215644 0.205983 1.198422
v 0.248901 0.188976 1.201812
v 0.267546 0.211369 1.182662
v 0.240606 0.234217 1.190130
v 0.211811 0.199461 1.201890
v 0.252640 0.181190 1.202304
v 0.273139 0.213206 1.191207
v 0.247227 0.233845 1.187347
v 0.234098 0.190616 1.212680
v 0.225323 0.202009 1.186956
v 0.263007 0.225734 1.213087
v 0.192473 0.209125 1.213685
v 0.244619 0.217533 1.203814
v 0.208723 0.189190 1.206151
v 0.224873 0.235960 1.209585
v 0.206555 0.189382 1.196762
v 0.272127 0.192977 1.190258
v 0.235128 0.164723 1.200655
v 0.247143 0.221239 1.185809
v 0.264429 0.206220 1.167295
v 0.240343 0.193093 1.186794
v 0.269215 0.174168 1.200524
v 0.295841 0.190281 1.181987
v 0.258276 0.216308 1.177161
v 0.234222 0.188244 1.197080
v 0.272431 0.160142 1.194976
v 0.295958 0.191226 1.176780
v 0.272919 0.218696 1.194135
v 0.231871 0.180673 1.200603
v 0.274954 0.183881 1.188600
v 0.243045 0.218325 1.208396
v 0.221267 0.206002 1.206578
v 0.263733 0.200885 1.194948
v 0.232708 0.180676 1.201074
v 0.252630 0.227942 1.199570
v 0.240537 0.164409 1.202751
v 0.298501 0.146074 1.193159
v 0.253664 0.122371 1.197687
v 0.276681 0.184856 1.195562
v 0.299663 0.176150 1.175219
v 0.270359 0.158821 1.194656
v 0.289403 0.120189 1.194599
v 0.310692 0.132124 1.174398
v 0.290455 0.183486 1.195307
v 0.260411 0.147701 1.202405
v 0.291568 0.112356 1.189134
v 0.312543 0.144036 1.182638
v 0.303628 0.182227 1.190593
v 0.281095 0.125017 1.204447
v 0.280336 0.155743 1.185067
v 0.301753 0.147390 1.207768
v 0.245119 0.168552 1.214156
v 0.292914 0.157195 1.201408
v 0.259165 0.141250 1.201574
v 0.272562 0.182506 1.212033
v 0.171244 0.097342 1.216040
v 0.190796 0.050510 1.206975
v 0.192668 0.076938 1.230345
v 0.166109 0.070370 1.193734
v 0.204048 0.082263 1.246786
v 0.207984 0.063134 1.222966
v 0.173567 0.071405 1.217819
v 0.173663 0.092185 1.240895
v 0.197545 0.081240 1.250491
v 0.211127 0.055856 1.228171
v 0.179446 0.066926 1.208659
v 0.171418 0.093937 1.230386
v 0.191246 0.104895 1.222610
v 0.174729 0.060595 1.222605
v 0.206885 0.074772 1.218169
v 0.163932 0.090807 1.228714
v 0.173899 0.102881 1.204826
v 0.186086 0.063581 1.206415
v 0.188072 0.088619 1.220783
v 0.169571 0.077752 1.191225
v 0.154799 0.065394 1.252805
v 0.198366 0.079864 1.249712
v 0.177646 0.056068 1.233772
v 0.173978 0.090725 1.267625
v 0.195282 0.105889 1.256571
v 0.175521 0.083483 1.248031
v 0.200023 0.060545 1.241280
v 0.224335 0.082446 1.251539
v 0.180406 0.094327 1.266047
v 0.172572 0.066852 1.245285
v 0.209429 0.065248 1.234910
v 0.216640 0.091413 1.257322
v 0.184618 0.098330 1.267081
v 0.196854 0.057662 1.247809
v 0.178479 0.085813 1.241396
v 0.204663 0.071415 1.272990
v 0.158449 0.061735 1.265702
v 0.190970 0.076490 1.258892
v 0.173436 0.059373 1.246448
v 0.175113 0.080174 1.277618
v 0.162285 0.037801 1.250822
v 0.206085 0.058790 1.245039
v 0.182938 0.035920 1.228020
v 0.181027 0.062337 1.267120
v 0.187946 0.083063 1.256394
v 0.179540 0.052584 1.247652
v 0.210603 0.049176 1.231943
v 0.221151 0.079067 1.242275
v 0.186821 0.077788 1.257766
v 0.178030 0.047243 1.240938
v 0.216614 0.044404 1.228451
v 0.228127 0.073837 1.247017
v 0.188716 0.076147 1.263098
v 0.206141 0.037817 1.242111
v 0.182270 0.063530 1.237525
v 0.215482 0.051828 1.267120
v 0.163144 0.037665 1.254842
v 0.197776 0.051337 1.257768
v 0.181656 0.039696 1.238914
v 0.177335 0.050829 1.273330
v 0.162021 0.021069 1.218549
v 0.207811 0.024968 1.232765
v 0.190611 0.022265 1.203845
v 0.176777 0.025964 1.247313
v 0.190723 0.051386 1.245877
v 0.180922 0.031249 1.224757
v 0.215787 0.020139 1.220051
v 0.230034 0.038906 1.242510
v 0.221613 0.028558 1.249161
v 0.200152 0.007540 1.226825
v 0.206685 0.038419 1.204915
v 0.226453 0.058762 1.226965
v 0.184984 0.038615 1.250598
v 0.204218 0.009953 1.222053
v 0.188855 0.041188 1.222322
v 0.202554 0.008496 1.250790
v 0.160654 0.014590 1.219434
v 0.190542 0.017658 1.238733
v 0.184198 0.019651 1.213531
v 0.166567 0.014273 1.244664
v 0.160557 0.027992 1.204098
v 0.206883 0.051799 1.206593
v 0.190845 0.016047 1.203635
v 0.170844 0.063910 1.205215
v 0.190123 0.072560 1.190719
v 0.179951 0.041113 1.196764
v 0.214431 0.035799 1.210919
v 0.226202 0.068129 1.206218
v 0.181732 0.069122 1.198212
v 0.180721 0.031615 1.201153
v 0.224848 0.031960 1.210304
v 0.225446 0.069982 1.209167
v 0.176219 0.070082 1.199218
v 0.203111 0.036226 1.217767
v 0.188994 0.040990 1.190378
v 0.190594 0.066548 1.225956
v 0.158591 0.029082 1.212157
v 0.187447 0.055218 1.209931
v 0.183080 0.025212 1.210427
v 0.161487 0.058914 1.210199
v 0.280736 0.138886 1.183069
v 0.231444 0.088620 1.188320
v 0.274592 0.099445 1.196857
v 0.231156 0.124659 1.174719
v 0.290100 0.096846 1.210383
v 0.265450 0.081961 1.195017
v 0.248192 0.115925 1.191291
v 0.274985 0.134102 1.206187
v 0.289498 0.100568 1.211256
v 0.259874 0.076706 1.203338
v 0.245127 0.105228 1.182602
v 0.285810 0.135686 1.191210
v 0.300221 0.105327 1.184925
v 0.242492 0.112592 1.197926
v 0.270632 0.084357 1.188066
v 0.280131 0.140181 1.198199
v 0.284669 0.129491 1.167651
v 0.243566 0.099163 1.183250
v 0.282032 0.107175 1.185630
v 0.245543 0.122519 1.165909
v 0.317236 0.011452 1.127192
v 0.267899 -0.009745 1.146651
v 0.304605 0.005704 1.156630
v 0.282247 -0.001931 1.117090
v 0.322446 0.019803 1.164429
v 0.290123 -0.002115 1.165183
v 0.290929 0.003501 1.135157
v 0.319528 0.024171 1.134262
v 0.323194 0.004699 1.168981
v 0.279597 -0.005222 1.171389
v 0.285999 -0.001822 1.137065
v 0.324376 0.006090 1.134719
v 0.328101 -0.013022 1.142395
v 0.289936 0.016573 1.144656
v 0.294368 -0.015719 1.154556
v 0.322036 0.019909 1.133962
v 0.314353 -0.004910 1.115807
v 0.280664 -0.006010 1.140855
v 0.312930 -0.003698 1.140279
v 0.282371 -0.005490 1.116115
v 0.277647 -0.000272 1.135180
v 0.233127 -0.028428 1.164720
v 0.268649 -0.002086 1.166011
v 0.239681 -0.024820 1.133743
v 0.265315 -0.055556 1.157755
v 0.245517 -0.032008 1.153200
v 0.260467 -0.010891 1.173503
v 0.287118 -0.034128 1.176600
v 0.264946 -0.051098 1.153253
v 0.244498 -0.020981 1.153009
v 0.257748 -0.008432 1.182400
v 0.281911 -0.037774 1.181377
v 0.295588 -0.032196 1.149456
v 0.243568 -0.012111 1.153693
v 0.265156 -0.027784 1.171920
v 0.277348 -0.014929 1.131478
v 0.262958 0.001292 1.130556
v 0.249885 -0.030158 1.153128
v 0.270745 -0.004272 1.152722
v 0.239998 -0.023532 1.131418
v 0.205433 0.006752 1.126590
v 0.215251 0.006432 1.170278
v 0.243523 0.012973 1.142301
v 0.181082 0.002217 1.154308
v 0.267982 0.026798 1.133976
v 0.251111 0.009727 1.157251
v 0.207501 0.013552 1.147921
v 0.221023 0.029081 1.123642
v 0.256087 0.047833 1.150179
v 0.226908 0.025272 1.169766
v 0.240435 -0.005982 1.150084
v 0.271002 0.016690 1.131601
v 0.258203 -0.004493 1.127739
v 0.216611 0.025427 1.149476
v 0.240516 -0.002732 1.155417
v 0.228794 0.024835 1.121973
v 0.204377 -0.002127 1.122185
v 0.209197 0.000001 1.157193
v 0.232087 0.007320 1.135364
v 0.184556 -0.007982 1.143752
v 0.245335 0.095886 1.151673
v 0.288622 0.055300 1.155190
v 0.242461 0.063431 1.164351
v 0.287613 0.087361 1.140862
v 0.284636 0.065865 1.128309
v 0.261872 0.073354 1.147016
v 0.279094 0.049077 1.166523
v 0.307514 0.043042 1.148203
v 0.295922 0.076957 1.139934
v 0.257492 0.073648 1.153435
v 0.272504 0.040891 1.170144
v 0.312841 0.045750 1.157919
v 0.311160 0.072432 1.159605
v 0.254632 0.074699 1.158034
v 0.285962 0.049228 1.157618
v 0.284762 0.097696 1.161730
v 0.250875 0.101065 1.154078
v 0.291411 0.072422 1.156479
v 0.252844 0.073213 1.159897
v 0.287634 0.099926 1.149154
v 0.265551 0.068182 1.158199
v 0.237620 0.019933 1.163987
v 0.266431 0.044735 1.181313
v 0.232799 0.044589 1.141587
v 0.263100 0.049065 1.203696
v 0.259349 0.025025 1.183643
v 0.247000 0.048967 1.163771
v 0.249951 0.073543 1.183628
v 0.278464 0.046061 1.200383
v 0.252431 0.016964 1.186311
v 0.247069 0.040344 1.159475
v 0.272488 0.069008 1.173000
v 0.297642 0.046845 1.183843
v 0.239127 0.049747 1.171573
v 0.268491 0.024220 1.175068
v 0.266350 0.072145 1.182104
v 0.285587 0.068996 1.158697
v 0.254908 0.034550 1.157250
v 0.276284 0.048997 1.175242
v 0.259663 0.055787 1.141137
v 0.215372 0.161983 1.242982
v 0.220726 0.132742 1.207489
v 0.226521 0.127316 1.236613
v 0.202287 0.164962 1.214291
v 0.230743 0.118903 1.253209
v 0.236107 0.117621 1.224315
v 0.206823 0.144104 1.225245
v 0.208475 0.145923 1.254059
v 0.238680 0.113563 1.250849
v 0.240159 0.109958 1.219041
v 0.211498 0.144565 1.221073
v 0.215547 0.147486 1.252243
v 0.231485 0.176437 1.229117
v 0.227281 0.121269 1.234541
v 0.219299 0.145674 1.214185
v 0.235368 0.149036 1.247653
v 0.224568 0.179043 1.232089
v 0.219070 0.138784 1.214765
v 0.228504 0.148361 1.234840
v 0.205784 0.165386 1.211975
v 0.218845 0.209243 1.203899
v 0.230060 0.157782 1.192002
v 0.226118 0.177665 1.217532
v 0.210176 0.185476 1.178180
v 0.210839 0.164787 1.237062
v 0.235620 0.159005 1.214346
v 0.213497 0.180194 1.198208
v 0.194917 0.188108 1.221434
v 0.215160 0.168304 1.237899
v 0.241229 0.154312 1.214234
v 0.219331 0.176807 1.193799
v 0.197851 0.191062 1.217188
v 0.240627 0.215111 1.198798
v 0.222307 0.162865 1.218892
v 0.229762 0.179302 1.192093
v 0.241826 0.202837 1.226156
v 0.228026 0.217015 1.199965
v 0.229826 0.173171 1.194197
v 0.229587 0.191338 1.212949
v 0.218958 0.195378 1.180841
v 0.295452 0.066848 1.219348
v 0.279374 0.090637 1.184375
v 0.270223 0.058725 1.201425
v 0.304159 0.099669 1.203732
v 0.273206 0.114797 1.207477
v 0.280495 0.080404 1.207873
v 0.270092 0.077950 1.179612
v 0.270422 0.114650 1.179173
v 0.294857 0.107642 1.199336
v 0.281586 0.072659 1.206088
v 0.260259 0.072937 1.177102
v 0.280833 0.108538 1.169811
v 0.291307 0.108353 1.206450
v 0.286715 0.072066 1.180743
v 0.264195 0.085818 1.206519
v 0.312128 0.096099 1.179922
v 0.304161 0.066807 1.215080
v 0.294483 0.089680 1.189422
v 0.286720 0.063202 1.200925
v 0.312787 0.093899 1.204785
v 0.124185 0.051737 1.243213
v 0.144270 0.016641 1.217040
v 0.124758 0.046824 1.212710
v 0.145062 0.023104 1.247643
v 0.119876 0.064992 1.200583
v 0.126375 0.032411 1.203163
v 0.138036 0.038936 1.231067
v 0.129816 0.071394 1.228987
v 0.112904 0.062493 1.204991
v 0.131043 0.033040 1.196044
v 0.139630 0.027190 1.229090
v 0.119717 0.055541 1.238099
v 0.101559 0.043161 1.224219
v 0.142821 0.046290 1.221752
v 0.121429 0.023752 1.212405
v 0.122484 0.066725 1.232104
v 0.114483 0.034929 1.249319
v 0.137665 0.022431 1.224596
v 0.116045 0.039313 1.225179
v 0.136762 0.019549 1.249187
v 0.159248 0.108652 1.201719
v 0.172411 0.059303 1.196870
v 0.165106 0.088393 1.177015
v 0.168245 0.080583 1.221674
v 0.161545 0.099461 1.160723
v 0.163717 0.069985 1.174395
v 0.172069 0.087281 1.199983
v 0.168127 0.117015 1.186497
v 0.161457 0.093954 1.156121
v 0.169375 0.061544 1.170668
v 0.169157 0.080442 1.201109
v 0.159303 0.112490 1.186439
v 0.145026 0.104426 1.181613
v 0.181578 0.083813 1.193090
v 0.154329 0.073107 1.181151
v 0.171729 0.115627 1.191878
v 0.143383 0.099007 1.208924
v 0.167644 0.070835 1.199555
v 0.152566 0.091003 1.187299
v 0.159354 0.080245 1.221403
v 0.249646 0.224823 1.208129
v 0.196344 0.199165 1.182928
v 0.224566 0.184589 1.200679
v 0.213532 0.234590 1.190744
v 0.183036 0.220966 1.195613
v 0.222098 0.213183 1.202229
v 0.203099 0.182570 1.183177
v 0.168292 0.194071 1.175897
v 0.196720 0.227481 1.187757
v 0.229477 0.209276 1.199954
v 0.199623 0.174063 1.182779
v 0.170471 0.194728 1.169411
v 0.194867 0.228330 1.191636
v 0.217423 0.192060 1.180009
v 0.206029 0.203032 1.205799
v 0.202002 0.215360 1.165402
v 0.252507 0.223784 1.205194
v 0.211026 0.215595 1.184874
v 0.228022 0.196962 1.197918
v 0.230649 0.239784 1.192757
v 0.221605 0.187524 1.205476
v 0.179255 0.183676 1.173586
v 0.207787 0.161879 1.186816
v 0.197186 0.211643 1.194557
v 0.160333 0.197726 1.182726
v 0.192067 0.187324 1.192354
v 0.189278 0.164759 1.169081
v 0.157711 0.176291 1.158406
v 0.180852 0.208806 1.181151
v 0.208303 0.185305 1.189933
v 0.178958 0.155027 1.168204
v 0.157019 0.182444 1.158746
v 0.174281 0.207261 1.184311
v 0.204317 0.177293 1.168736
v 0.177990 0.175628 1.192693
v 0.193624 0.205035 1.158770
v 0.234327 0.209409 1.194617
v 0.187668 0.192434 1.175064
v 0.214430 0.180855 1.187712
v 0.207099 0.221052 1.183370
v 0.210664 0.172099 1.178338
v 0.166262 0.135490 1.147849
v 0.190485 0.128385 1.173572
v 0.177032 0.173093 1.152225
v 0.147822 0.156608 1.154989
v 0.177064 0.153132 1.166954
v 0.174540 0.118930 1.152798
v 0.148800 0.125659 1.139979
v 0.158766 0.163631 1.151485
v 0.190365 0.150301 1.167187
v 0.170492 0.110783 1.154978
v 0.146846 0.129263 1.138789
v 0.158729 0.165839 1.150560
v 0.181337 0.125104 1.148907
v 0.168909 0.145431 1.170692
v 0.168760 0.144705 1.128655
v 0.217356 0.179960 1.163084
v 0.170131 0.145065 1.148716
v 0.201314 0.146131 1.165466
v 0.180701 0.175190 1.146411
v 0.239093 0.102730 1.209443
v 0.236399 0.051275 1.205219
v 0.255136 0.079591 1.186500
v 0.222229 0.074501 1.228908
v 0.280779 0.087690 1.174123
v 0.247543 0.066168 1.180984
v 0.248609 0.072939 1.210830
v 0.278766 0.096157 1.203662
v 0.270054 0.087375 1.168048
v 0.241806 0.057909 1.177826
v 0.245944 0.067699 1.210665
v 0.270153 0.098709 1.200634
v 0.239552 0.103655 1.184595
v 0.266609 0.067655 1.204113
v 0.228881 0.071299 1.188394
v 0.275233 0.099604 1.198642
v 0.231002 0.104070 1.217159
v 0.233159 0.064147 1.207986
v 0.244180 0.089900 1.196161
v 0.221979 0.078359 1.229475
v 0.310536 0.078754 1.205524
v 0.285559 0.072764 1.169325
v 0.276363 0.066679 1.201588
v 0.319035 0.086925 1.173757
v 0.294720 0.103877 1.165280
v 0.294529 0.086192 1.189778
v 0.274662 0.059927 1.176759
v 0.274658 0.077038 1.151555
v 0.296059 0.104884 1.171834
v 0.287433 0.080213 1.196232
v 0.268654 0.055077 1.175005
v 0.276090 0.079033 1.150019
v 0.312446 0.093941 1.166720
v 0.283370 0.056334 1.179083
v 0.285684 0.089887 1.187794
v 0.306749 0.061277 1.156842
v 0.311465 0.072787 1.206819
v 0.303911 0.074731 1.173339
v 0.289437 0.067353 1.196643
v 0.327746 0.081759 1.183969
v 0.301266 0.036016 1.205664
v 0.278141 0.061415 1.173822
v 0.263613 0.035040 1.196394
v 0.313725 0.063816 1.184584
v 0.296205 0.085087 1.179062
v 0.293465 0.055617 1.192713
v 0.258041 0.048134 1.175616
v 0.265412 0.076965 1.160734
v 0.303664 0.075621 1.185093
v 0.287223 0.042835 1.194304
v 0.247422 0.050861 1.174773
v 0.270499 0.082702 1.164046
v 0.306671 0.077026 1.180732
v 0.274758 0.038826 1.173590
v 0.275735 0.064550 1.194320
v 0.305798 0.052708 1.159049
v 0.307775 0.032350 1.199329
v 0.296932 0.053851 1.172362
v 0.281680 0.039400 1.193377
v 0.322506 0.048112 1.179325
v 0.258016 0.024376 1.220369
v 0.255411 0.027143 1.176336
v 0.223731 0.021414 1.203475
v 0.291732 0.032186 1.193704
v 0.286904 0.049065 1.179471
v 0.260005 0.033505 1.199785
v 0.233057 0.019256 1.177700
v 0.263917 0.033393 1.157268
v 0.271870 0.031425 1.159766
v 0.241960 0.008278 1.180409
v 0.225026 0.039972 1.197020
v 0.249802 0.063124 1.174928
v 0.290844 0.045413 1.184635
v 0.243577 0.009258 1.183968
v 0.248691 0.042615 1.193463
v 0.285700 0.012915 1.173566
v 0.270218 0.012503 1.215561
v 0.266620 0.018942 1.181736
v 0.245528 0.019815 1.205116
v 0.291336 0.013262 1.192581
v 0.245130 0.023304 1.226086
v 0.225179 0.054069 1.195192
v 0.221378 0.016856 1.201747
v 0.244439 0.060592 1.220890
v 0.212460 0.073359 1.214652
v 0.229004 0.042109 1.215255
v 0.217591 0.037154 1.186426
v 0.204610 0.069360 1.185394
v 0.218610 0.067105 1.218629
v 0.232352 0.031577 1.211754
v 0.212709 0.034985 1.181085
v 0.202826 0.071505 1.187427
v 0.224383 0.072743 1.215896
v 0.234670 0.038379 1.186903
v 0.213634 0.041006 1.215042
v 0.244995 0.070920 1.187294
v 0.251980 0.027348 1.224213
v 0.242943 0.057663 1.202633
v 0.234883 0.027821 1.204320
v 0.256057 0.057287 1.223593
v 0.168218 0.129260 1.160113
v 0.182630 0.093060 1.189450
v 0.187829 0.099230 1.157290
v 0.166124 0.124481 1.192387
v 0.201529 0.097264 1.140863
v 0.189896 0.083273 1.165346
v 0.180393 0.115873 1.176213
v 0.193841 0.132765 1.151600
v 0.194415 0.090217 1.138461
v 0.193582 0.075294 1.168192
v 0.179389 0.110988 1.180467
v 0.179354 0.125636 1.150193
v 0.164561 0.097245 1.144399
v 0.196198 0.115091 1.173275
v 0.175159 0.084832 1.168893
v 0.183806 0.126844 1.147771
v 0.155672 0.128436 1.169200
v 0.177621 0.099203 1.182687
v 0.170392 0.109051 1.158930
v 0.163162 0.119969 1.192915
v 0.102213 0.011158 1.177821
v 0.142325 -0.008745 1.187750
v 0.128384 0.007984 1.161812
v 0.116396 -0.003473 1.204337
v 0.133888 0.025541 1.147472
v 0.143123 -0.000718 1.162938
v 0.121360 0.006091 1.183870
v 0.111085 0.031301 1.167256
v 0.134209 0.026046 1.147380
v 0.147939 -0.004226 1.160956
v 0.127589 0.000552 1.188527
v 0.112522 0.029698 1.173802
v 0.112109 -0.004690 1.148929
v 0.129412 0.016906 1.181655
v 0.134502 -0.012246 1.165352
v 0.107909 0.025365 1.163914
v 0.095024 -0.005350 1.173198
v 0.128414 -0.005805 1.185418
v 0.116717 -0.000834 1.162532
v 0.106354 -0.008633 1.196333
v 0.132267 0.013992 1.191864
v 0.159613 -0.026692 1.197056
v 0.155192 0.000736 1.174749
v 0.137689 -0.011858 1.215068
v 0.138032 -0.051136 1.182505
v 0.146230 -0.024561 1.198155
v 0.161719 -0.012161 1.173817
v 0.151905 -0.038029 1.157682
v 0.134988 -0.042944 1.192640
v 0.151205 -0.011442 1.199957
v 0.167791 -0.014029 1.169772
v 0.149901 -0.044521 1.161751
v 0.132613 -0.027441 1.163339
v 0.147798 -0.008993 1.198455
v 0.159107 -0.024251 1.173536
v 0.121294 -0.010508 1.187232
v 0.130432 0.010476 1.202182
v 0.147700 -0.024472 1.194353
v 0.141159 0.000921 1.181768
v 0.138124 -0.013924 1.215272
v 0.145682 0.011484 1.238353
v 0.175064 0.008048 1.204752
v 0.142778 0.013636 1.207745
v 0.178045 0.008074 1.235723
v 0.127609 0.019701 1.193557
v 0.153936 0.005899 1.194627
v 0.157664 0.019403 1.222861
v 0.130400 0.031519 1.222274
v 0.142919 0.047785 1.198990
v 0.170245 0.027804 1.202027
v 0.151461 -0.005809 1.203166
v 0.124161 0.014400 1.198126
v 0.127290 -0.004278 1.212708
v 0.157616 0.028455 1.214236
v 0.154289 -0.004309 1.203516
v 0.129846 0.028999 1.221897
v 0.142978 -0.004540 1.241289
v 0.167357 0.004544 1.216613
v 0.141370 0.005322 1.218381
v 0.168863 -0.003766 1.240240
v 0.155460 0.094623 1.206363
v 0.138464 0.061238 1.176590
v 0.163736 0.061745 1.197461
v 0.129207 0.093536 1.187055
v 0.114682 0.061241 1.183193
v 0.138242 0.070829 1.197760
v 0.155784 0.056164 1.175872
v 0.131907 0.048379 1.160462
v 0.120534 0.078363 1.184690
v 0.151073 0.076097 1.195426
v 0.155425 0.042797 1.176700
v 0.125207 0.046591 1.164475
v 0.127836 0.082947 1.167081
v 0.154942 0.073408 1.197309
v 0.141483 0.055338 1.174987
v 0.142398 0.101582 1.188107
v 0.152945 0.098764 1.203845
v 0.138571 0.077513 1.176952
v 0.156821 0.072598 1.195062
v 0.133751 0.103237 1.186863
v 0.156415 0.072396 1.182971
v 0.165229 0.025666 1.200447
v 0.168651 0.042514 1.171250
v 0.154630 0.056606 1.212550
v 0.179709 0.036768 1.153195
v 0.169174 0.021968 1.177383
v 0.166131 0.054142 1.190419
v 0.174598 0.068959 1.165346
v 0.173892 0.024466 1.151250
v 0.166747 0.011931 1.181025
v 0.167205 0.049736 1.192518
v 0.172677 0.062293 1.162015
v 0.141091 0.061074 1.181404
v 0.174240 0.034136 1.171609
v 0.158513 0.041930 1.196845
v 0.155270 0.051916 1.155944
v 0.144427 0.072516 1.180453
v 0.159567 0.039702 1.195862
v 0.157681 0.050862 1.171715
v 0.147439 0.062534 1.204716
v 0.273693 0.183570 1.173861
v 0.223016 0.134935 1.187170
v 0.256273 0.142712 1.160914
v 0.244393 0.174436 1.200669
v 0.266707 0.131814 1.146041
v 0.235247 0.131141 1.160274
v 0.255868 0.154735 1.186029
v 0.292577 0.161658 1.172029
v 0.264604 0.139127 1.144525
v 0.229371 0.121004 1.158948
v 0.242364 0.152063 1.188137
v 0.279791 0.175391 1.173589
v 0.250578 0.191353 1.173568
v 0.250609 0.131247 1.161091
v 0.237207 0.155416 1.185940
v 0.257490 0.167158 1.148005
v 0.260089 0.193529 1.181341
v 0.234576 0.146192 1.184313
v 0.258037 0.167851 1.166154
v 0.241192 0.173016 1.200267
v 0.230056 0.216167 1.197086
v 0.195038 0.156511 1.196634
v 0.240329 0.188124 1.181803
v 0.190432 0.185702 1.213488
v 0.260690 0.188476 1.168724
v 0.223501 0.169094 1.176650
v 0.216130 0.181833 1.201480
v 0.254493 0.205983 1.193451
v 0.258560 0.197193 1.171180
v 0.228447 0.164310 1.173608
v 0.202077 0.172766 1.201170
v 0.241133 0.213388 1.199217
v 0.203706 0.208757 1.192338
v 0.242472 0.179919 1.180539
v 0.198142 0.172589 1.198064
v 0.237387 0.212653 1.172819
v 0.210969 0.214194 1.200855
v 0.202780 0.168321 1.196646
v 0.225330 0.199636 1.185336
v 0.189881 0.183251 1.213051
v 0.159709 0.094854 1.130977
v 0.177856 0.083527 1.141777
v 0.178380 0.104999 1.157162
v 0.159117 0.115497 1.146984
v 0.179639 0.100455 1.124316
v 0.176053 0.080847 1.151639
v 0.182158 0.106760 1.145886
v 0.172526 0.075061 1.129847
v 0.166056 0.132594 1.153143
v 0.173904 0.094046 1.145055
v 0.171969 0.110272 1.166474
v 0.166394 0.116265 1.131876
v 0.174975 0.112818 1.182187
v 0.182986 0.091735 1.165571
v 0.167595 0.107337 1.146360
v 0.162645 0.129347 1.162880
v 0.171677 0.138396 1.147649
v 0.171475 0.105869 1.144735
v 0.173975 0.121363 1.159952
v 0.167577 0.122718 1.132543
v 0.180477 0.117279 1.178320
v 0.182267 0.095964 1.165115
v 0.162608 0.106534 1.151745
v 0.162726 0.128657 1.164341
v 0.188162 0.128933 1.158739
v 0.160110 0.101619 1.158886
v 0.186394 0.101172 1.157008
v 0.160551 0.127618 1.161465
v 0.174891 0.129691 1.164790
v 0.170697 0.100689 1.140256
v 0.176435 0.101468 1.165381
v 0.168008 0.128782 1.140049
v 0.161100 0.120694 1.136778
v 0.174780 0.113736 1.157477
v 0.174664 0.083649 1.149866
v 0.161939 0.091135 1.128263
v 0.153780 0.099294 1.123994
v 0.169720 0.083837 1.132924
v 0.178482 0.105575 1.145646
v 0.160858 0.120636 1.137588
v 0.326707 0.020707 1.253127
v 0.314961 0.039660 1.241464
v 0.288591 0.039411 1.257570
v 0.301481 0.021408 1.269965
v 0.331709 0.042723 1.258237
v 0.297895 0.050207 1.242018
v 0.306534 0.031419 1.257814
v 0.320979 0.062450 1.243590
v 0.288746 0.083278 1.257179
v 0.293371 0.042804 1.260252
v 0.293084 0.062533 1.241050
v 0.294454 0.063603 1.276246
v 0.297347 0.061206 1.224145
v 0.288586 0.040663 1.240204
v 0.295972 0.059102 1.260897
v 0.299877 0.080518 1.244556
v 0.277528 0.088514 1.258165
v 0.286169 0.056198 1.261094
v 0.287269 0.071478 1.245698
v 0.279801 0.073419 1.273699
v 0.308000 0.046913 1.227609
v 0.285726 0.041839 1.242817
v 0.296996 0.060797 1.257560
v 0.316426 0.066962 1.241578
v 0.279993 0.074472 1.234920
v 0.304579 0.052866 1.257325
v 0.277874 0.050896 1.243084
v 0.305435 0.076012 1.248047
v 0.286465 0.073412 1.271716
v 0.313182 0.049465 1.246882
v 0.278869 0.052878 1.257965
v 0.317761 0.071398 1.259825
v 0.317712 0.070904 1.251677
v 0.290712 0.061717 1.259136
v 0.298741 0.035227 1.244995
v 0.329067 0.043847 1.238796
v 0.331607 0.015716 1.249422
v 0.324762 0.040958 1.247132
v 0.300175 0.036597 1.261516
v 0.307783 0.011556 1.264824
v 0.259626 0.081424 1.225712
v 0.236686 0.099810 1.223696
v 0.217141 0.086830 1.240691
v 0.245137 0.069174 1.243538
v 0.252780 0.090245 1.247949
v 0.222009 0.107196 1.229150
v 0.229068 0.081601 1.237123
v 0.239981 0.116144 1.241263
v 0.188313 0.120796 1.244733
v 0.217853 0.093401 1.243274
v 0.200739 0.108091 1.226428
v 0.203733 0.107637 1.261591
v 0.213375 0.115835 1.210353
v 0.215436 0.090306 1.222876
v 0.206089 0.105631 1.246106
v 0.201356 0.130783 1.233142
v 0.181918 0.119400 1.246638
v 0.205077 0.100753 1.244259
v 0.191808 0.111928 1.231556
v 0.195126 0.109484 1.259421
v 0.224429 0.114788 1.216078
v 0.210068 0.093698 1.225266
v 0.214391 0.103084 1.247105
v 0.224329 0.125001 1.237748
v 0.196417 0.119503 1.225023
v 0.222237 0.102338 1.242766
v 0.200651 0.094694 1.230398
v 0.217545 0.127150 1.236156
v 0.196521 0.106847 1.260845
v 0.226596 0.106532 1.236399
v 0.200083 0.092078 1.240613
v 0.217819 0.122612 1.256112
v 0.218793 0.126837 1.247871
v 0.202892 0.103629 1.246284
v 0.226663 0.090646 1.227974
v 0.246278 0.113260 1.230815
v 0.270640 0.092276 1.234083
v 0.242915 0.108562 1.234375
v 0.227408 0.088255 1.244379
v 0.258602 0.072433 1.245243
v 0.186188 0.251482 1.197103
v 0.213839 0.241537 1.194152
v 0.197985 0.220715 1.208246
v 0.172451 0.232481 1.210637
v 0.190174 0.250603 1.189166
v 0.199004 0.219247 1.196987
v 0.213792 0.243691 1.204746
v 0.176887 0.228311 1.182789
v 0.188729 0.251098 1.213776
v 0.232197 0.237742 1.205472
v 0.193818 0.226589 1.214781
v 0.219522 0.257868 1.202037
v 0.221441 0.216364 1.233190
v 0.224749 0.220050 1.209679
v 0.200184 0.239565 1.208941
v 0.201250 0.238579 1.232904
v 0.221656 0.257735 1.219648
v 0.206630 0.241923 1.206412
v 0.225002 0.241164 1.221405
v 0.203617 0.259555 1.205770
v 0.215709 0.216630 1.235544
v 0.219880 0.218761 1.214720
v 0.198517 0.236562 1.212785
v 0.198114 0.236792 1.233991
v 0.226373 0.252941 1.212832
v 0.211465 0.218893 1.220770
v 0.207322 0.238397 1.204527
v 0.234510 0.235036 1.228709
v 0.219179 0.245512 1.227382
v 0.196370 0.236913 1.199895
v 0.219760 0.226662 1.217038
v 0.196297 0.256648 1.211638
v 0.182437 0.249893 1.204264
v 0.209627 0.239094 1.217006
v 0.209733 0.220962 1.198151
v 0.181857 0.231662 1.184311
v 0.176544 0.253867 1.192181
v 0.205318 0.247300 1.190346
v 0.195595 0.224745 1.200598
v 0.166117 0.231005 1.201134
v 0.199503 0.239200 1.219248
v 0.221842 0.224103 1.219931
v 0.189491 0.200436 1.220414
v 0.172823 0.219767 1.219408
v 0.205050 0.240036 1.215506
v 0.200478 0.203315 1.211354
v 0.210248 0.219726 1.228190
v 0.193360 0.223537 1.199148
v 0.199724 0.229807 1.244534
v 0.196028 0.211777 1.217904
v 0.203099 0.204184 1.240272
v 0.189734 0.236281 1.222647
v 0.201336 0.192102 1.252922
v 0.204677 0.191027 1.229072
v 0.195466 0.220136 1.225758
v 0.193745 0.221649 1.249634
v 0.201530 0.241251 1.236238
v 0.197472 0.216218 1.224799
v 0.209621 0.222259 1.239782
v 0.188424 0.235221 1.222083
v 0.199470 0.193778 1.252262
v 0.206228 0.197666 1.230872
v 0.180697 0.209997 1.229545
v 0.180299 0.210993 1.252087
v 0.197958 0.234028 1.230449
v 0.197150 0.196456 1.237943
v 0.191518 0.213533 1.220483
v 0.205941 0.217878 1.247427
v 0.199974 0.221512 1.248419
v 0.194600 0.218097 1.217128
v 0.203210 0.201046 1.235793
v 0.188333 0.237079 1.230212
v 0.183427 0.233139 1.231517
v 0.203275 0.213197 1.236651
v 0.196801 0.202017 1.214288
v 0.177136 0.222420 1.208330
v 0.186114 0.240148 1.203557
v 0.215735 0.232266 1.210010
v 0.188811 0.206808 1.218432
v 0.166355 0.219316 1.212005
v 0.164807 0.190044 1.247460
v 0.182948 0.177351 1.239561
v 0.171254 0.153137 1.242287
v 0.152552 0.166237 1.248949
v 0.171054 0.194005 1.240738
v 0.171017 0.157366 1.233340
v 0.183140 0.173907 1.247960
v 0.158003 0.177484 1.227144
v 0.169184 0.184046 1.262958
v 0.192291 0.163534 1.243514
v 0.168968 0.158459 1.253210
v 0.191750 0.189947 1.252196
v 0.197903 0.139796 1.262113
v 0.188153 0.149017 1.240088
v 0.173094 0.169817 1.253545
v 0.184167 0.161586 1.275534
v 0.172881 0.190125 1.259718
v 0.192217 0.170105 1.249599
v 0.175247 0.168084 1.260742
v 0.189218 0.192258 1.247695
v 0.195762 0.139633 1.263886
v 0.187888 0.149367 1.244427
v 0.169257 0.160356 1.256343
v 0.178051 0.151807 1.276087
v 0.182590 0.182099 1.261235
v 0.185471 0.145795 1.253201
v 0.171868 0.167046 1.246585
v 0.197095 0.161510 1.266969
v 0.188175 0.166854 1.272365
v 0.167542 0.169685 1.244222
v 0.187778 0.153344 1.251275
v 0.167186 0.182017 1.266112
v 0.159078 0.172935 1.263736
v 0.182063 0.161892 1.258784
v 0.175197 0.159253 1.232782
v 0.152602 0.172067 1.237695
v 0.159462 0.198949 1.245369
v 0.176706 0.185802 1.236125
v 0.166626 0.161814 1.243241
v 0.148621 0.175155 1.251318
v 0.242843 0.087240 1.168083
v 0.210917 0.084903 1.158492
v 0.195028 0.083661 1.180384
v 0.224280 0.087685 1.189928
v 0.226729 0.108121 1.175604
v 0.192545 0.086956 1.159685
v 0.211161 0.083858 1.179122
v 0.205066 0.112411 1.157122
v 0.162986 0.110277 1.168099
v 0.194128 0.087666 1.179927
v 0.176472 0.089245 1.158478
v 0.178182 0.110080 1.188941
v 0.177350 0.088336 1.142201
v 0.192824 0.074302 1.161448
v 0.181797 0.097487 1.177994
v 0.167549 0.110533 1.158742
v 0.157542 0.110699 1.170539
v 0.181155 0.093740 1.178912
v 0.167212 0.093726 1.162818
v 0.170556 0.111766 1.186048
v 0.197780 0.081197 1.145506
v 0.186643 0.073860 1.165529
v 0.187489 0.100427 1.172933
v 0.197128 0.108207 1.152308
v 0.167212 0.083408 1.150895
v 0.194651 0.099263 1.169765
v 0.178940 0.075575 1.169439
v 0.181281 0.106391 1.150330
v 0.163178 0.106171 1.175182
v 0.202449 0.097282 1.162684
v 0.177601 0.083017 1.175735
v 0.182333 0.120488 1.161094
v 0.201643 0.113513 1.152684
v 0.178069 0.098926 1.167143
v 0.203276 0.077025 1.173201
v 0.230520 0.091549 1.159417
v 0.253123 0.089699 1.171742
v 0.222442 0.095156 1.160570
v 0.202984 0.093553 1.181279
v 0.230731 0.089709 1.192640
v 0.140352 0.094440 1.136036
v 0.162103 0.098779 1.140913
v 0.161144 0.078438 1.157378
v 0.139590 0.073138 1.151385
v 0.151284 0.095988 1.126939
v 0.165595 0.075523 1.150052
v 0.157976 0.101495 1.147681
v 0.157572 0.069732 1.129597
v 0.137077 0.107260 1.146121
v 0.169690 0.100985 1.157648
v 0.147997 0.085169 1.156088
v 0.158886 0.122598 1.146251
v 0.159608 0.099214 1.185114
v 0.171887 0.088640 1.164733
v 0.149762 0.094697 1.149835
v 0.138318 0.106954 1.170184
v 0.138277 0.110718 1.141931
v 0.162079 0.108255 1.156150
v 0.143996 0.097346 1.156122
v 0.156583 0.120769 1.141056
v 0.159775 0.103980 1.184266
v 0.169082 0.090690 1.167123
v 0.147216 0.087672 1.157382
v 0.138184 0.102464 1.174043
v 0.143924 0.111117 1.150755
v 0.162660 0.092278 1.171619
v 0.153379 0.087659 1.150137
v 0.154169 0.116523 1.171510
v 0.157430 0.123227 1.150064
v 0.150054 0.085400 1.160511
v 0.168276 0.098586 1.146504
v 0.140052 0.110582 1.165213
v 0.136202 0.095741 1.139597
v 0.153109 0.103292 1.157347
v 0.167468 0.077672 1.151330
v 0.151105 0.071178 1.132420
v 0.142679 0.087213 1.119404
v 0.160989 0.094479 1.131085
v 0.154626 0.076888 1.148658
v 0.136935 0.068519 1.136150
v 0.145926 0.071456 1.140777
v 0.167538 0.069770 1.147240
v 0.160535 0.056311 1.167124
v 0.138911 0.056708 1.159803
v 0.147413 0.063982 1.138388
v 0.166251 0.050698 1.162130
v 0.162429 0.075127 1.151803
v 0.150102 0.039945 1.149435
v 0.158046 0.103168 1.165769
v 0.157530 0.064267 1.155656
v 0.170174 0.080478 1.173114
v 0.144430 0.086936 1.149356
v 0.180573 0.086578 1.184302
v 0.177622 0.063543 1.168752
v 0.153705 0.076261 1.159503
v 0.157543 0.100266 1.174154
v 0.155158 0.106325 1.155394
v 0.157930 0.074204 1.154342
v 0.165737 0.091891 1.165409
v 0.146450 0.088752 1.145096
v 0.177995 0.086133 1.187075
v 0.176187 0.069228 1.169892
v 0.151441 0.070095 1.172420
v 0.153575 0.088358 1.188841
v 0.149614 0.091448 1.159493
v 0.172740 0.072818 1.175942
v 0.153127 0.066260 1.163376
v 0.169575 0.098083 1.170810
v 0.164568 0.098195 1.151696
v 0.157631 0.068212 1.174268
v 0.166366 0.070342 1.150239
v 0.157259 0.096399 1.176071
v 0.134734 0.073025 1.161390
v 0.158345 0.081857 1.166673
v 0.167520 0.053706 1.159115
v 0.143805 0.045599 1.152390
v 0.131132 0.056617 1.148424
v 0.152355 0.047759 1.146908
v 0.160241 0.072163 1.155577
v 0.138696 0.080343 1.158327
v 0.163340 0.041317 1.152609
v 0.185954 0.044913 1.162556
v 0.176491 0.028614 1.180736
v 0.156601 0.023770 1.169895
v 0.164279 0.032187 1.152398
v 0.190153 0.026281 1.174544
v 0.173353 0.047156 1.168320
v 0.177658 0.010875 1.159342
v 0.163317 0.070680 1.169350
v 0.177393 0.033149 1.169839
v 0.176890 0.056626 1.185607
v 0.162384 0.046904 1.154175
v 0.184214 0.062136 1.200838
v 0.191856 0.038908 1.186226
v 0.168351 0.046681 1.169817
v 0.163755 0.071027 1.183818
v 0.163005 0.072593 1.161611
v 0.175560 0.044117 1.166918
v 0.172191 0.064411 1.176975
v 0.164926 0.052044 1.151907
v 0.191098 0.061255 1.166662
v 0.185015 0.038322 1.176924
v 0.173331 0.052054 1.195457
v 0.176491 0.075033 1.184385
v 0.162328 0.059129 1.170214
v 0.182693 0.051539 1.195410
v 0.174036 0.038063 1.176228
v 0.171016 0.073225 1.188510
v 0.167252 0.065115 1.160930
v 0.169293 0.037308 1.186359
v 0.184914 0.044134 1.165263
v 0.154719 0.059520 1.182607
v 0.154108 0.029193 1.162889
v 0.165772 0.047409 1.179053
v 0.192646 0.032226 1.174421
v 0.177717 0.015168 1.157018
v 0.168289 0.025511 1.138773
v 0.183143 0.040292 1.152157
v 0.175988 0.023744 1.170713
v 0.163737 0.007992 1.156780
v 0.224636 0.076315 1.167062
v 0.231448 0.052517 1.175307
v 0.195560 0.049426 1.181348
v 0.189417 0.072780 1.171748
v 0.232704 0.065602 1.160066
v 0.197875 0.043874 1.175214
v 0.228085 0.057352 1.181135
v 0.200159 0.053603 1.154333
v 0.222791 0.083393 1.199175
v 0.208594 0.057050 1.175495
v 0.213531 0.056790 1.200656
v 0.217621 0.084371 1.174443
v 0.205793 0.060105 1.215500
v 0.205904 0.041981 1.195522
v 0.214904 0.066240 1.179158
v 0.215791 0.084040 1.199521
v 0.240836 0.086114 1.189091
v 0.214984 0.063290 1.180690
v 0.229093 0.067887 1.197518
v 0.225180 0.082438 1.172745
v 0.218178 0.053877 1.213434
v 0.210166 0.042869 1.194146
v 0.204389 0.068346 1.185327
v 0.213227 0.079354 1.204349
v 0.245723 0.057285 1.194787
v 0.198783 0.067842 1.189172
v 0.216754 0.044136 1.189583
v 0.224136 0.080846 1.195777
v 0.227721 0.083093 1.192572
v 0.196316 0.059626 1.175363
v 0.221866 0.055632 1.193119
v 0.201536 0.087533 1.175994
v 0.192617 0.084613 1.177263
v 0.212674 0.067671 1.191789
v 0.204055 0.042851 1.176741
v 0.185791 0.060434 1.161260
v 0.183324 0.071604 1.156462
v 0.203049 0.051606 1.158858
v 0.215455 0.063552 1.178835
v 0.192413 0.082882 1.177042
v 0.222868 0.135576 1.229185
v 0.196602 0.137388 1.229021
v 0.194912 0.109604 1.230853
v 0.222305 0.107486 1.232214
v 0.213264 0.123259 1.248322
v 0.186248 0.132825 1.232088
v 0.204832 0.114085 1.229741
v 0.195245 0.140892 1.251542
v 0.157707 0.130106 1.239375
v 0.188269 0.110439 1.237620
v 0.176544 0.132062 1.224460
v 0.169798 0.109791 1.253447
v 0.193688 0.151810 1.231985
v 0.196313 0.123074 1.236930
v 0.174157 0.117305 1.222340
v 0.172541 0.146137 1.216189
v 0.154058 0.122915 1.244671
v 0.179734 0.113857 1.237378
v 0.164821 0.126904 1.229213
v 0.169210 0.111036 1.253422
v 0.179971 0.147341 1.225862
v 0.187012 0.123116 1.220708
v 0.181122 0.114769 1.242898
v 0.172802 0.138886 1.247496
v 0.163720 0.133855 1.224083
v 0.188690 0.122502 1.242257
v 0.178352 0.114442 1.222048
v 0.174692 0.142966 1.243459
v 0.167015 0.108955 1.250361
v 0.191498 0.134133 1.237928
v 0.179412 0.109664 1.229720
v 0.177863 0.134214 1.258080
v 0.174495 0.144645 1.247499
v 0.176281 0.116582 1.239984
v 0.197849 0.124335 1.224508
v 0.196372 0.152248 1.233381
v 0.226278 0.141060 1.229135
v 0.200021 0.142668 1.234788
v 0.198674 0.115033 1.238086
v 0.226018 0.112550 1.233342
v 0.274139 0.010147 1.275283
v 0.242501 0.021061 1.279944
v 0.226765 -0.003231 1.274729
v 0.256059 -0.014451 1.271409
v 0.242686 -0.010531 1.293186
v 0.229597 0.021851 1.282772
v 0.236195 -0.003156 1.273588
v 0.234763 0.013756 1.302873
v 0.198035 0.029403 1.297743
v 0.216928 -0.001132 1.280120
v 0.218719 0.028592 1.279182
v 0.198654 -0.000111 1.299757
v 0.231948 0.041057 1.266205
v 0.228584 0.011710 1.265532
v 0.210566 0.012275 1.290447
v 0.212161 0.042007 1.290348
v 0.189098 0.023085 1.298377
v 0.208837 0.006649 1.282212
v 0.202680 0.029330 1.284840
v 0.195065 0.000669 1.296700
v 0.227671 0.038301 1.280190
v 0.220422 0.017056 1.268090
v 0.210291 0.003719 1.288505
v 0.214786 0.025786 1.300478
v 0.195284 0.031993 1.284707
v 0.221627 0.004401 1.286754
v 0.206881 0.016233 1.269539
v 0.209630 0.021458 1.301733
v 0.195436 0.002533 1.298763
v 0.234479 0.016551 1.286941
v 0.207446 0.003636 1.276822
v 0.216426 0.016996 1.308822
v 0.225718 0.023980 1.304922
v 0.207848 0.009343 1.289204
v 0.237896 0.009380 1.270418
v 0.258853 0.022521 1.286927
v 0.274378 -0.002065 1.287668
v 0.247061 0.011726 1.294249
v 0.229885 -0.005080 1.280937
v 0.255102 -0.019794 1.275497
v 0.267834 -0.021803 1.247815
v 0.251920 -0.001174 1.243400
v 0.220544 -0.016915 1.247693
v 0.235600 -0.037159 1.253458
v 0.254815 -0.022100 1.262646
v 0.239228 0.005591 1.245551
v 0.231614 -0.021641 1.247404
v 0.263012 0.005101 1.261906
v 0.206111 -0.041026 1.267587
v 0.236181 -0.013660 1.250821
v 0.202805 -0.025113 1.248165
v 0.236131 -0.028501 1.271268
v 0.190404 -0.001013 1.255518
v 0.222727 -0.003611 1.255843
v 0.216770 -0.029070 1.240349
v 0.188349 -0.025330 1.238831
v 0.211448 -0.054103 1.260467
v 0.228441 -0.024853 1.255315
v 0.206405 -0.037580 1.248890
v 0.230797 -0.041048 1.267816
v 0.186033 -0.023730 1.242192
v 0.208995 -0.013758 1.238154
v 0.215398 -0.015642 1.261619
v 0.191304 -0.027130 1.265344
v 0.202771 -0.043231 1.250227
v 0.209843 -0.007656 1.259781
v 0.215439 -0.022611 1.240546
v 0.196202 -0.028180 1.268851
v 0.205344 -0.001749 1.274504
v 0.239268 -0.019779 1.254978
v 0.210237 -0.004509 1.250709
v 0.233508 -0.015393 1.278928
v 0.239182 -0.015561 1.276222
v 0.216980 -0.004435 1.260811
v 0.230262 -0.020772 1.240364
v 0.251673 -0.033262 1.256382
v 0.280778 -0.016847 1.244187
v 0.257998 0.000087 1.243554
v 0.237604 -0.014882 1.260434
v 0.259988 -0.030939 1.261950
v 0.275581 0.004242 1.208979
v 0.276385 0.024485 1.222457
v 0.250598 0.009291 1.233664
v 0.253623 -0.011592 1.220864
v 0.282714 -0.006729 1.234158
v 0.275041 0.029491 1.229996
v 0.254288 0.005448 1.228383
v 0.302298 0.017160 1.237126
v 0.274671 0.051896 1.252063
v 0.259525 0.015320 1.240198
v 0.262348 0.043014 1.230889
v 0.274665 0.024187 1.261007
v 0.270095 0.048626 1.213872
v 0.247484 0.024909 1.222815
v 0.268504 0.028880 1.246544
v 0.286266 0.053875 1.237861
v 0.259155 0.057345 1.256497
v 0.260211 0.027408 1.245991
v 0.259555 0.049411 1.238628
v 0.263692 0.035556 1.263835
v 0.282567 0.023467 1.253909
v 0.263429 0.020425 1.234681
v 0.236372 0.035075 1.244143
v 0.254615 0.039437 1.262991
v 0.276495 0.050869 1.237594
v 0.238746 0.027863 1.249119
v 0.260836 0.029106 1.229769
v 0.254614 0.049003 1.257521
v 0.254762 0.038795 1.260525
v 0.281923 0.021068 1.234508
v 0.245159 0.028825 1.239011
v 0.293077 0.032677 1.255620
v 0.300156 0.040561 1.241074
v 0.262247 0.033177 1.246202
v 0.258660 0.014063 1.224907
v 0.295397 0.020355 1.220808
v 0.271461 -0.002151 1.206902
v 0.281633 0.019768 1.218882
v 0.272675 0.006095 1.238250
v 0.264890 -0.016327 1.226354
v 0.208780 0.110153 1.265570
v 0.233351 0.094990 1.261300
v 0.218682 0.079276 1.246673
v 0.195502 0.095599 1.250012
v 0.218423 0.114023 1.263436
v 0.225401 0.085942 1.241719
v 0.227161 0.088440 1.265225
v 0.215549 0.111507 1.240246
v 0.210165 0.097034 1.279924
v 0.243884 0.073774 1.260188
v 0.207940 0.082399 1.259659
v 0.243586 0.090026 1.279847
v 0.232927 0.045121 1.262875
v 0.237212 0.069091 1.248514
v 0.215046 0.086335 1.267306
v 0.213876 0.062324 1.282343
v 0.221997 0.095676 1.286556
v 0.240593 0.076389 1.266091
v 0.213518 0.082248 1.274053
v 0.248235 0.091016 1.278007
v 0.224884 0.046572 1.268514
v 0.232064 0.064737 1.252946
v 0.208972 0.082897 1.264540
v 0.204889 0.064902 1.280900
v 0.235963 0.086612 1.277960
v 0.220977 0.061260 1.258536
v 0.220005 0.088803 1.259378
v 0.239991 0.059137 1.276516
v 0.189985 0.087500 1.264498
v 0.230247 0.094138 1.261073
v 0.210814 0.074668 1.251842
v 0.206489 0.108029 1.272653
v 0.219210 0.113545 1.265531
v 0.206905 0.091174 1.254951
v 0.240142 0.073335 1.256396
v 0.251591 0.095460 1.268462
v 0.211075 0.121550 1.270605
v 0.230912 0.107248 1.260152
v 0.212605 0.089433 1.252836
v 0.193887 0.104817 1.262270
v 0.250711 0.063192 1.254961
v 0.227903 0.066537 1.238550
v 0.217585 0.040474 1.242308
v 0.238372 0.037860 1.259764
v 0.223731 0.054780 1.265393
v 0.216114 0.065986 1.234985
v 0.225360 0.042263 1.245831
v 0.212567 0.078127 1.254949
v 0.180119 0.067612 1.229681
v 0.207042 0.042276 1.244375
v 0.207896 0.061891 1.225095
v 0.180293 0.049400 1.249785
v 0.216522 0.083355 1.230503
v 0.217794 0.059364 1.245246
v 0.205664 0.042879 1.224437
v 0.211262 0.066660 1.209248
v 0.171664 0.055262 1.235391
v 0.199711 0.045699 1.240768
v 0.188767 0.057104 1.225698
v 0.181252 0.045139 1.250975
v 0.223778 0.067931 1.216118
v 0.221778 0.045758 1.228168
v 0.195408 0.054719 1.240366
v 0.194283 0.076373 1.227218
v 0.192742 0.063637 1.215573
v 0.206842 0.056080 1.244719
v 0.208472 0.044253 1.223251
v 0.191692 0.076370 1.236502
v 0.231753 0.065360 1.259964
v 0.198201 0.043996 1.244428
v 0.226220 0.059926 1.236877
v 0.205087 0.048189 1.267713
v 0.184155 0.070058 1.244154
v 0.205920 0.051964 1.251841
v 0.219462 0.050370 1.226422
v 0.196233 0.070094 1.219137
v 0.252755 0.063056 1.263843
v 0.226558 0.073474 1.251521
v 0.214947 0.047961 1.249138
v 0.238393 0.037917 1.262745
v 0.198275 0.191384 1.182515
v 0.170592 0.168157 1.182110
v 0.175946 0.160807 1.204326
v 0.200738 0.183897 1.204642
v 0.178541 0.192999 1.202453
v 0.162643 0.162778 1.184751
v 0.181334 0.166714 1.201631
v 0.157764 0.188216 1.186444
v 0.133856 0.157750 1.201013
v 0.168018 0.165142 1.205035
v 0.153217 0.151411 1.187764
v 0.148241 0.172902 1.217535
v 0.160956 0.175652 1.172152
v 0.172049 0.171593 1.195103
v 0.156791 0.144544 1.197199
v 0.147610 0.148418 1.173516
v 0.131379 0.158411 1.208704
v 0.158837 0.161252 1.205061
v 0.143352 0.150975 1.195204
v 0.146484 0.169815 1.217989
v 0.155079 0.153817 1.173131
v 0.166727 0.146917 1.191572
v 0.155180 0.166706 1.204025
v 0.142539 0.172472 1.185671
v 0.141448 0.142896 1.186963
v 0.160228 0.170198 1.198979
v 0.161115 0.142696 1.197482
v 0.141043 0.170319 1.187164
v 0.173372 0.180708 1.220594
v 0.152693 0.165175 1.195610
v 0.177187 0.161043 1.204183
v 0.149033 0.184159 1.213262
v 0.144238 0.177141 1.211542
v 0.168916 0.172327 1.207424
v 0.162414 0.150249 1.189396
v 0.137567 0.156500 1.192556
v 0.209558 0.196803 1.188510
v 0.175569 0.183313 1.183847
v 0.172535 0.168760 1.204825
v 0.201641 0.180522 1.209088
v 0.250675 0.208524 1.196051
v 0.222212 0.204339 1.189869
v 0.210653 0.201844 1.212141
v 0.242350 0.209852 1.218700
v 0.242490 0.233549 1.203074
v 0.204084 0.201425 1.191521
v 0.226416 0.206495 1.210274
v 0.218175 0.228623 1.184893
v 0.166948 0.210403 1.187441
v 0.200212 0.204392 1.212140
v 0.192154 0.196523 1.187800
v 0.175131 0.219153 1.211003
v 0.193334 0.186832 1.174985
v 0.204549 0.185587 1.197845
v 0.190324 0.211071 1.203939
v 0.173056 0.207937 1.180514
v 0.158922 0.211109 1.194849
v 0.189629 0.205212 1.207550
v 0.173224 0.196172 1.190717
v 0.172314 0.218735 1.210304
v 0.204636 0.195662 1.177132
v 0.197977 0.185533 1.198010
v 0.190827 0.211621 1.202609
v 0.190182 0.217017 1.180328
v 0.169475 0.186251 1.183215
v 0.202928 0.214953 1.200827
v 0.185656 0.182972 1.200673
v 0.182895 0.214432 1.181517
v 0.221525 0.222246 1.225137
v 0.198780 0.213795 1.195093
v 0.206990 0.196476 1.214198
v 0.210011 0.238408 1.206599
v 0.187584 0.229577 1.200405
v 0.207783 0.213838 1.214212
v 0.199527 0.191425 1.193773
v 0.184080 0.210419 1.179918
v 0.254066 0.215819 1.191833
v 0.226358 0.217018 1.189158
v 0.220000 0.213635 1.212287
v 0.251001 0.215950 1.215352
v 0.175576 0.076017 1.264104
v 0.171813 0.064280 1.244239
v 0.179678 0.087235 1.232999
v 0.184701 0.098320 1.253125
v 0.155231 0.080930 1.253752
v 0.180515 0.063319 1.240329
v 0.168837 0.086987 1.236866
v 0.167550 0.058111 1.258201
v 0.191218 0.111895 1.246608
v 0.174400 0.076475 1.243248
v 0.192139 0.091675 1.229972
v 0.174811 0.096190 1.260680
v 0.206352 0.088596 1.216280
v 0.184259 0.071498 1.225728
v 0.180880 0.091820 1.246021
v 0.198538 0.109893 1.235544
v 0.180299 0.119935 1.243553
v 0.176318 0.087973 1.244261
v 0.184399 0.103578 1.231243
v 0.173286 0.104418 1.257086
v 0.210123 0.093866 1.222153
v 0.189369 0.077472 1.226167
v 0.186508 0.088569 1.248114
v 0.203093 0.106179 1.243436
v 0.171086 0.106254 1.235899
v 0.196917 0.083069 1.230477
v 0.176606 0.083037 1.244122
v 0.189936 0.105791 1.221289
v 0.190920 0.109737 1.230195
v 0.172774 0.083363 1.249671
v 0.188259 0.081961 1.229198
v 0.176831 0.111161 1.251413
v 0.172385 0.096356 1.261620
v 0.182490 0.096200 1.238360
v 0.179061 0.065120 1.237347
v 0.167489 0.065737 1.260197
v 0.165041 0.074882 1.271658
v 0.165218 0.063924 1.251119
v 0.173326 0.087989 1.241966
v 0.174388 0.098380 1.262946
v 0.194559 0.021315 1.115500
v 0.213261 0.040475 1.122060
v 0.240148 0.021069 1.128095
v 0.221573 0.001957 1.120167
v 0.222477 0.015234 1.104140
v 0.223459 0.045525 1.123317
v 0.231562 0.018350 1.125552
v 0.213834 0.042440 1.101402
v 0.257022 0.066870 1.119953
v 0.248485 0.027820 1.122411
v 0.234205 0.054029 1.131233
v 0.270081 0.041137 1.109902
v 0.219812 0.064346 1.138910
v 0.229152 0.035795 1.138642
v 0.250522 0.041120 1.117234
v 0.239351 0.070288 1.118628
v 0.267500 0.066555 1.119890
v 0.256971 0.037434 1.123516
v 0.248935 0.059745 1.129229
v 0.275279 0.044630 1.113167
v 0.212870 0.057576 1.127658
v 0.234255 0.038705 1.137302
v 0.253740 0.038337 1.117873
v 0.230138 0.058556 1.108885
v 0.254171 0.066515 1.132187
v 0.240173 0.034967 1.116734
v 0.250317 0.042271 1.139121
v 0.238388 0.059907 1.110115
v 0.271274 0.053244 1.119113
v 0.225828 0.036258 1.113343
v 0.253401 0.039681 1.133345
v 0.242291 0.051459 1.099462
v 0.222238 0.056247 1.102900
v 0.250802 0.048077 1.122030
v 0.226764 0.024907 1.127979
v 0.203253 0.032119 1.107663
v 0.198914 0.012112 1.106526
v 0.207215 0.035986 1.112044
v 0.242461 0.025023 1.114766
v 0.233653 0.001333 1.107858
v 0.235444 0.067909 1.141540
v 0.232293 0.082540 1.160077
v 0.259081 0.067491 1.171080
v 0.264597 0.053841 1.151845
v 0.260857 0.078169 1.142564
v 0.240611 0.087710 1.170951
v 0.253498 0.064404 1.160501
v 0.251484 0.101844 1.153372
v 0.263038 0.111292 1.188222
v 0.268859 0.073640 1.171370
v 0.237892 0.091253 1.179934
v 0.291601 0.093017 1.178025
v 0.220049 0.101770 1.185286
v 0.231307 0.074775 1.177133
v 0.271530 0.084542 1.173422
v 0.262311 0.113472 1.183724
v 0.276391 0.111431 1.189487
v 0.269786 0.080406 1.177771
v 0.251683 0.097582 1.186634
v 0.292908 0.093065 1.179131
v 0.222683 0.095063 1.183545
v 0.240629 0.072676 1.179278
v 0.271441 0.087522 1.171581
v 0.255138 0.111725 1.177679
v 0.253905 0.102114 1.192946
v 0.260604 0.083730 1.164524
v 0.251031 0.077068 1.187342
v 0.263051 0.110786 1.170630
v 0.285214 0.089830 1.186743
v 0.248774 0.091857 1.163872
v 0.259692 0.072434 1.181422
v 0.277604 0.112263 1.170975
v 0.259279 0.115142 1.171663
v 0.270451 0.086088 1.177327
v 0.236522 0.073318 1.167434
v 0.222861 0.100413 1.159835
v 0.230906 0.067566 1.136293
v 0.231220 0.085876 1.152414
v 0.264419 0.075275 1.162014
v 0.264186 0.057887 1.144911
v 0.222147 0.230951 1.208761
v 0.216059 0.209717 1.194482
v 0.227255 0.191842 1.208597
v 0.233884 0.214218 1.223922
v 0.205272 0.222331 1.207691
v 0.216717 0.187019 1.208476
v 0.226514 0.214619 1.195079
v 0.199591 0.197659 1.222271
v 0.249885 0.236544 1.201044
v 0.220991 0.198607 1.189020
v 0.247077 0.205866 1.203969
v 0.219670 0.227283 1.186732
v 0.254388 0.184564 1.177559
v 0.225465 0.181962 1.197012
v 0.243101 0.219102 1.198377
v 0.257101 0.215764 1.176309
v 0.243461 0.230609 1.174288
v 0.235324 0.217830 1.198856
v 0.243704 0.210971 1.181243
v 0.236767 0.237934 1.192138
v 0.263959 0.191722 1.179360
v 0.234852 0.187498 1.193192
v 0.248991 0.214354 1.203469
v 0.268207 0.215614 1.187609
v 0.243376 0.230943 1.187934
v 0.246106 0.192032 1.191923
v 0.238422 0.213849 1.205346
v 0.249351 0.210213 1.174439
v 0.258131 0.215089 1.179097
v 0.237212 0.215448 1.209397
v 0.238097 0.193742 1.190804
v 0.257767 0.235173 1.197846
v 0.258446 0.231786 1.208727
v 0.249016 0.209241 1.192255
v 0.216668 0.192541 1.207306
v 0.227029 0.217483 1.223372
v 0.224561 0.238245 1.215940
v 0.214879 0.219998 1.202436
v 0.230345 0.201341 1.212237
v 0.241636 0.221341 1.227221
v 0.252836 0.221963 1.188748
v 0.238664 0.195373 1.186085
v 0.256969 0.185346 1.203007
v 0.265410 0.211353 1.206207
v 0.244556 0.220962 1.194520
v 0.240448 0.180344 1.204067
v 0.252677 0.198489 1.185044
v 0.232898 0.202956 1.213786
v 0.261470 0.220760 1.185474
v 0.250764 0.181338 1.184616
v 0.270146 0.195269 1.195934
v 0.239432 0.206789 1.175097
v 0.294164 0.166314 1.180937
v 0.261376 0.169052 1.193024
v 0.256601 0.201890 1.189260
v 0.285591 0.200136 1.176162
v 0.269223 0.206198 1.162892
v 0.256235 0.201609 1.188403
v 0.272422 0.188591 1.174437
v 0.260299 0.221002 1.177483
v 0.280424 0.161308 1.172162
v 0.260669 0.172585 1.189186
v 0.270790 0.197437 1.191424
v 0.292110 0.190485 1.174333
v 0.256745 0.211959 1.176852
v 0.271314 0.173366 1.184431
v 0.257103 0.198071 1.196060
v 0.267829 0.188307 1.165386
v 0.273990 0.194413 1.212332
v 0.247308 0.203253 1.191202
v 0.264457 0.178590 1.201252
v 0.265318 0.222709 1.204542
v 0.243659 0.221165 1.197972
v 0.257912 0.197577 1.204560
v 0.254028 0.179679 1.186855
v 0.230676 0.200575 1.178339
v 0.254327 0.233111 1.202752
v 0.238278 0.209601 1.194898
v 0.254955 0.191448 1.205124
v 0.269532 0.216505 1.214456
v 0.276022 0.181669 1.200631
v 0.271115 0.160877 1.189826
v 0.275387 0.136009 1.203812
v 0.277961 0.157179 1.215387
v 0.275297 0.183789 1.197821
v 0.259079 0.139350 1.205669
v 0.288791 0.158395 1.189103
v 0.253700 0.167862 1.215764
v 0.300789 0.183064 1.191880
v 0.272341 0.142837 1.188671
v 0.300420 0.145819 1.194079
v 0.271686 0.179530 1.187579
v 0.288170 0.113637 1.168756
v 0.271246 0.130062 1.190089
v 0.299043 0.156225 1.194653
v 0.308436 0.137052 1.171229
v 0.300566 0.187254 1.183335
v 0.283254 0.154714 1.183930
v 0.304950 0.160053 1.187273
v 0.277100 0.181293 1.180756
v 0.297058 0.130014 1.167719
v 0.280952 0.133979 1.186939
v 0.296841 0.147957 1.199243
v 0.311267 0.145536 1.179447
v 0.292907 0.180820 1.193264
v 0.291280 0.133224 1.183531
v 0.284088 0.151350 1.203835
v 0.295687 0.162969 1.172948
v 0.309179 0.158643 1.176479
v 0.280899 0.151682 1.206923
v 0.291403 0.138858 1.183881
v 0.304251 0.172311 1.200191
v 0.304577 0.152256 1.203498
v 0.300631 0.146614 1.186335
v 0.264434 0.139864 1.203935
v 0.272056 0.148201 1.221090
v 0.272948 0.183181 1.219585
v 0.267635 0.174538 1.204745
v 0.277564 0.142203 1.206496
v 0.278799 0.149763 1.222159
v 0.169866 0.071199 1.191637
v 0.171781 0.071687 1.214154
v 0.199142 0.066896 1.211924
v 0.198760 0.067984 1.189177
v 0.190531 0.089597 1.195613
v 0.178019 0.074549 1.223604
v 0.192317 0.065819 1.204300
v 0.177509 0.098868 1.215286
v 0.194815 0.094269 1.242765
v 0.196408 0.071483 1.213761
v 0.182839 0.070916 1.237019
v 0.208488 0.095941 1.219209
v 0.168411 0.058548 1.241562
v 0.182476 0.055788 1.220442
v 0.195681 0.082792 1.226289
v 0.181661 0.084500 1.248345
v 0.201395 0.093423 1.246817
v 0.199308 0.075278 1.224092
v 0.189708 0.075931 1.243092
v 0.210868 0.093742 1.227628
v 0.163416 0.064246 1.225264
v 0.185261 0.056785 1.221817
v 0.192680 0.082486 1.227782
v 0.170594 0.089377 1.232537
v 0.177587 0.065677 1.247422
v 0.187394 0.081510 1.219578
v 0.191629 0.057717 1.230913
v 0.172477 0.088713 1.235671
v 0.197572 0.095030 1.238531
v 0.176718 0.078438 1.214233
v 0.197725 0.069305 1.229067
v 0.177255 0.103828 1.224915
v 0.170054 0.097987 1.220012
v 0.188864 0.082326 1.230558
v 0.187223 0.060748 1.211148
v 0.168123 0.077597 1.199793
v 0.170836 0.082929 1.185243
v 0.170756 0.084979 1.207776
v 0.196090 0.074660 1.208241
v 0.199043 0.074095 1.185395
v 0.177740 0.089065 1.269089
v 0.172770 0.081896 1.247921
v 0.189577 0.061789 1.249336
v 0.193503 0.068144 1.271150
v 0.167875 0.082153 1.267989
v 0.179881 0.057895 1.246328
v 0.181868 0.084884 1.250780
v 0.166840 0.055047 1.264537
v 0.193232 0.087989 1.271825
v 0.182074 0.084145 1.238837
v 0.198800 0.069165 1.254545
v 0.176541 0.102054 1.256831
v 0.215094 0.080223 1.226208
v 0.186524 0.071280 1.232698
v 0.191695 0.079010 1.258334
v 0.218628 0.089656 1.251359
v 0.194253 0.098269 1.269907
v 0.185021 0.091944 1.244249
v 0.199845 0.083152 1.256752
v 0.179329 0.106244 1.258039
v 0.206947 0.092091 1.229029
v 0.188018 0.075812 1.235264
v 0.198542 0.074204 1.257204
v 0.217095 0.091875 1.251162
v 0.176930 0.092325 1.260471
v 0.198144 0.080472 1.237517
v 0.185764 0.069166 1.255774
v 0.187352 0.103442 1.241572
v 0.173111 0.100614 1.255334
v 0.201823 0.075386 1.252187
v 0.175552 0.075058 1.245833
v 0.198067 0.101883 1.260433
v 0.198895 0.074790 1.274291
v 0.194457 0.086369 1.251324
v 0.180537 0.060645 1.244485
v 0.183409 0.049924 1.268210
v 0.177965 0.076019 1.284112
v 0.170314 0.079256 1.263028
v 0.185481 0.059384 1.255546
v 0.192235 0.055148 1.277084
v 0.182327 0.049214 1.269418
v 0.176446 0.053578 1.247921
v 0.200019 0.043964 1.240865
v 0.206028 0.038131 1.262505
v 0.174995 0.054413 1.266141
v 0.188248 0.035203 1.241555
v 0.185550 0.061731 1.247530
v 0.178622 0.027970 1.261027
v 0.200782 0.083579 1.255531
v 0.192904 0.044813 1.248496
v 0.197667 0.069582 1.234954
v 0.198071 0.058715 1.269093
v 0.212784 0.073468 1.221075
v 0.193381 0.050688 1.227615
v 0.195358 0.059023 1.253530
v 0.211013 0.083028 1.246642
v 0.192698 0.089798 1.256567
v 0.189938 0.057899 1.253278
v 0.195383 0.076280 1.241504
v 0.188737 0.071475 1.268661
v 0.211508 0.068911 1.217806
v 0.193794 0.051622 1.229313
v 0.207089 0.059436 1.249581
v 0.221695 0.077980 1.238057
v 0.185358 0.077165 1.252580
v 0.204745 0.058547 1.229416
v 0.192873 0.052611 1.250708
v 0.193705 0.082926 1.230885
v 0.184824 0.083566 1.248699
v 0.209947 0.051427 1.242173
v 0.180402 0.056174 1.246544
v 0.213463 0.079296 1.242939
v 0.208544 0.056691 1.268532
v 0.201951 0.065700 1.245015
v 0.186003 0.039272 1.241093
v 0.190384 0.031205 1.265370
v 0.179058 0.045472 1.279204
v 0.174313 0.052722 1.258005
v 0.193728 0.037562 1.250262
v 0.197609 0.029083 1.271555
v 0.175606 0.021068 1.245934
v 0.180087 0.032716 1.226179
v 0.198619 0.013731 1.222088
v 0.191891 0.001200 1.241425
v 0.170223 0.019149 1.241041
v 0.190612 0.013273 1.215941
v 0.186696 0.033192 1.232010
v 0.174383 -0.001429 1.225998
v 0.204307 0.047660 1.248874
v 0.188313 0.019153 1.227741
v 0.211379 0.040290 1.226108
v 0.184543 0.025582 1.251145
v 0.231165 0.048268 1.218463
v 0.204092 0.030394 1.211724
v 0.193869 0.026596 1.237799
v 0.218514 0.046089 1.244346
v 0.192824 0.053273 1.251254
v 0.190328 0.027736 1.234375
v 0.202512 0.048429 1.234169
v 0.183357 0.032151 1.252115
v 0.190448 0.054854 1.225332
v 0.194008 0.029523 1.220127
v 0.225122 0.032323 1.224035
v 0.220125 0.057472 1.230588
v 0.198045 0.044787 1.243254
v 0.224623 0.034915 1.217513
v 0.195183 0.026387 1.227722
v 0.224805 0.054447 1.232488
v 0.186173 0.052690 1.239734
v 0.209839 0.021357 1.229525
v 0.182139 0.030874 1.225191
v 0.217276 0.044268 1.242985
v 0.195224 0.007007 1.249631
v 0.205039 0.030541 1.236332
v 0.187589 0.020618 1.215517
v 0.178551 -0.002164 1.229598
v 0.168904 0.000759 1.247237
v 0.169250 0.021266 1.233125
v 0.190616 0.012495 1.224626
v 0.189299 -0.008990 1.237963
v 0.171304 0.062791 1.210253
v 0.177319 0.041850 1.197890
v 0.198277 0.036527 1.213294
v 0.188795 0.056822 1.226423
v 0.166317 0.056859 1.209106
v 0.187444 0.027805 1.212638
v 0.186777 0.049832 1.198467
v 0.168520 0.035869 1.224141
v 0.196613 0.076533 1.200930
v 0.186674 0.038238 1.209659
v 0.212839 0.051825 1.195490
v 0.176254 0.063272 1.216185
v 0.233017 0.038510 1.185769
v 0.199641 0.028530 1.196839
v 0.195081 0.056330 1.208912
v 0.226055 0.066808 1.196471
v 0.198140 0.079764 1.192842
v 0.184472 0.052196 1.202893
v 0.208603 0.058985 1.193808
v 0.176938 0.073422 1.202878
v 0.240253 0.048286 1.192595
v 0.210576 0.033657 1.197406
v 0.198425 0.053639 1.212351
v 0.224117 0.069011 1.206384
v 0.206256 0.063190 1.185843
v 0.210159 0.047318 1.214776
v 0.196827 0.040356 1.194547
v 0.221338 0.069651 1.205389
v 0.202518 0.071822 1.193158
v 0.182262 0.044974 1.214811
v 0.207305 0.044323 1.196471
v 0.179937 0.072997 1.212335
v 0.186099 0.066653 1.223720
v 0.200790 0.056718 1.201887
v 0.188050 0.027963 1.207991
v 0.175703 0.038442 1.229212
v 0.169763 0.060210 1.229970
v 0.174259 0.036676 1.221009
v 0.182140 0.049239 1.200704
v 0.178032 0.072982 1.210377
v 0.234306 0.118914 1.169870
v 0.246340 0.118837 1.189750
v 0.258998 0.090308 1.184917
v 0.246479 0.090396 1.164093
v 0.267886 0.111946 1.164118
v 0.255136 0.113813 1.196149
v 0.251390 0.094306 1.178679
v 0.281294 0.136392 1.183020
v 0.286176 0.107945 1.211206
v 0.268952 0.094062 1.184718
v 0.254117 0.107983 1.207233
v 0.301360 0.095693 1.188235
v 0.256655 0.140470 1.193359
v 0.261573 0.106216 1.182120
v 0.255887 0.094442 1.207146
v 0.241364 0.122622 1.216675
v 0.291501 0.104966 1.213312
v 0.278118 0.093235 1.192888
v 0.267452 0.106294 1.209864
v 0.303974 0.093144 1.195873
v 0.243312 0.128271 1.202630
v 0.243504 0.097983 1.198599
v 0.279602 0.101031 1.190833
v 0.280308 0.133721 1.196874
v 0.256524 0.111632 1.217817
v 0.276121 0.105013 1.186426
v 0.249412 0.094508 1.203839
v 0.283083 0.126560 1.201224
v 0.290014 0.095226 1.207650
v 0.270697 0.115904 1.184470
v 0.259265 0.091120 1.200997
v 0.295989 0.120607 1.192203
v 0.284935 0.138790 1.193557
v 0.273837 0.102940 1.200539
v 0.247649 0.097742 1.184017
v 0.259570 0.131533 1.175518
v 0.246054 0.123740 1.159716
v 0.266491 0.126984 1.177888
v 0.261703 0.093720 1.179475
v 0.243022 0.091035 1.160461
v 0.285880 -0.007526 1.117699
v 0.292373 0.009352 1.133797
v 0.287380 -0.011409 1.149834
v 0.284121 -0.028642 1.133193
v 0.310383 -0.016690 1.125569
v 0.297439 0.012349 1.144128
v 0.287979 -0.013479 1.140388
v 0.318990 0.008460 1.130169
v 0.324697 0.024350 1.152767
v 0.298074 -0.009007 1.154229
v 0.299101 0.018892 1.145911
v 0.324512 -0.003770 1.159754
v 0.288207 0.034474 1.143909
v 0.277012 0.006638 1.149589
v 0.311833 0.000036 1.151169
v 0.320056 0.028631 1.146960
v 0.328552 0.023281 1.161773
v 0.306025 -0.000854 1.156579
v 0.309411 0.022537 1.153861
v 0.324617 -0.000078 1.163495
v 0.303943 0.024831 1.138459
v 0.284848 0.008009 1.151140
v 0.309566 -0.008052 1.153011
v 0.325349 0.009908 1.141381
v 0.315088 0.024474 1.158330
v 0.305675 -0.009216 1.145689
v 0.289425 0.009315 1.159347
v 0.327070 0.006988 1.143681
v 0.323349 -0.002628 1.161356
v 0.302433 0.001680 1.134624
v 0.294976 0.000241 1.160217
v 0.329387 0.000513 1.136057
v 0.323995 0.013209 1.133262
v 0.310711 0.001827 1.154407
v 0.281759 -0.001154 1.141666
v 0.297609 0.008656 1.119953
v 0.275761 -0.010101 1.114114
v 0.295599 0.004824 1.124585
v 0.298258 -0.015592 1.140628
v 0.279516 -0.031116 1.129157
v 0.240948 -0.032455 1.136927
v 0.245440 -0.009460 1.147337
v 0.259589 -0.022083 1.163213
v 0.256738 -0.044895 1.151785
v 0.280380 -0.028801 1.139132
v 0.254214 -0.001199 1.155399
v 0.253442 -0.028741 1.155833
v 0.282883 -0.001430 1.139466
v 0.273647 -0.050987 1.170152
v 0.260905 -0.023789 1.151379
v 0.257514 -0.028793 1.176289
v 0.277749 -0.045195 1.145313
v 0.276151 -0.012238 1.184202
v 0.264917 -0.009558 1.162175
v 0.244348 -0.037326 1.166473
v 0.252753 -0.038988 1.189405
v 0.273860 -0.057949 1.159509
v 0.264057 -0.031163 1.153477
v 0.261586 -0.043650 1.170258
v 0.278689 -0.044962 1.142922
v 0.260158 -0.016366 1.193429
v 0.267908 -0.011305 1.171213
v 0.247219 -0.034097 1.167548
v 0.238553 -0.038180 1.190129
v 0.256079 -0.051938 1.159648
v 0.248529 -0.022073 1.178711
v 0.267583 -0.026661 1.156631
v 0.238577 -0.047543 1.181085
v 0.296730 -0.008732 1.161627
v 0.261580 -0.029629 1.148182
v 0.260532 -0.011699 1.168423
v 0.295626 -0.025110 1.140678
v 0.282910 -0.022721 1.133598
v 0.276783 -0.014197 1.157951
v 0.239814 -0.027454 1.162431
v 0.244665 -0.037444 1.138219
v 0.237093 -0.029146 1.128480
v 0.247116 -0.008634 1.140887
v 0.269395 -0.024334 1.150351
v 0.260077 -0.044445 1.136761
v 0.186631 -0.008850 1.154697
v 0.200861 0.013305 1.148993
v 0.230377 0.001660 1.155702
v 0.213635 -0.021104 1.160148
v 0.210280 -0.017553 1.140096
v 0.217586 0.019044 1.144824
v 0.216370 -0.003895 1.157939
v 0.211705 0.004918 1.126586
v 0.253217 0.023589 1.124904
v 0.232573 0.000906 1.151129
v 0.233194 0.029625 1.144490
v 0.256279 -0.005368 1.130523
v 0.212047 0.042531 1.144997
v 0.222075 0.020638 1.160318
v 0.243331 0.007400 1.139608
v 0.232224 0.030555 1.124702
v 0.269917 0.024568 1.127587
v 0.242362 0.008556 1.144591
v 0.249485 0.031160 1.139833
v 0.266073 0.001903 1.131317
v 0.229557 0.007512 1.130246
v 0.223777 0.011329 1.152576
v 0.260653 0.019844 1.152999
v 0.263271 0.017494 1.130280
v 0.247068 0.041822 1.140460
v 0.230404 0.007362 1.149326
v 0.254673 0.027043 1.158203
v 0.222914 0.022987 1.132140
v 0.273078 0.015321 1.139041
v 0.218642 0.011123 1.138197
v 0.245015 0.010701 1.156158
v 0.244319 0.017520 1.121278
v 0.204007 0.013265 1.127178
v 0.223328 -0.002098 1.144497
v 0.237780 0.024779 1.154673
v 0.214971 0.040192 1.138109
v 0.181749 -0.014969 1.143227
v 0.198554 0.005504 1.136709
v 0.225231 -0.005152 1.148830
v 0.205267 -0.026452 1.154220
v 0.291968 0.088926 1.146713
v 0.266372 0.074503 1.144226
v 0.272243 0.064379 1.166426
v 0.297102 0.080196 1.169283
v 0.281256 0.093155 1.144548
v 0.263778 0.071039 1.166643
v 0.274110 0.068267 1.144367
v 0.274938 0.095648 1.167117
v 0.301062 0.081744 1.147580
v 0.260132 0.059411 1.144328
v 0.289945 0.061870 1.161319
v 0.270266 0.080670 1.131318
v 0.270853 0.027908 1.148352
v 0.255907 0.053375 1.155417
v 0.291907 0.067384 1.152776
v 0.303002 0.042048 1.144220
v 0.295832 0.077650 1.133758
v 0.266511 0.062301 1.140127
v 0.294781 0.062834 1.147326
v 0.268317 0.078241 1.127204
v 0.274456 0.029884 1.148006
v 0.263058 0.052555 1.155578
v 0.295261 0.061210 1.160542
v 0.305572 0.038935 1.151614
v 0.294986 0.075923 1.142191
v 0.280853 0.044527 1.155181
v 0.279084 0.071629 1.159177
v 0.294463 0.049158 1.137236
v 0.302270 0.067896 1.176854
v 0.277069 0.075966 1.148700
v 0.276014 0.056986 1.168430
v 0.303952 0.087942 1.158100
v 0.298399 0.090464 1.161646
v 0.286471 0.063994 1.168287
v 0.260742 0.065057 1.147319
v 0.272522 0.090995 1.139899
v 0.297772 0.101879 1.154495
v 0.272735 0.089070 1.145878
v 0.272425 0.074720 1.166427
v 0.295236 0.088895 1.175478
v 0.237109 0.041326 1.140563
v 0.241423 0.049841 1.161842
v 0.261282 0.027703 1.167040
v 0.260468 0.020063 1.145186
v 0.273432 0.048240 1.145145
v 0.248829 0.048972 1.173286
v 0.257053 0.030033 1.156898
v 0.268895 0.066824 1.161965
v 0.260081 0.062086 1.198254
v 0.270288 0.034537 1.173107
v 0.239074 0.049233 1.182612
v 0.292539 0.048838 1.187969
v 0.240650 0.068315 1.164688
v 0.265778 0.045653 1.164558
v 0.242079 0.033692 1.185984
v 0.216587 0.055697 1.185008
v 0.263342 0.054743 1.206954
v 0.269564 0.038933 1.182741
v 0.247128 0.051250 1.192555
v 0.287481 0.043656 1.196803
v 0.230684 0.059432 1.173080
v 0.239196 0.035190 1.178324
v 0.276012 0.042982 1.174482
v 0.266875 0.067809 1.170551
v 0.248250 0.053037 1.198186
v 0.272102 0.044412 1.169740
v 0.243702 0.033320 1.183993
v 0.273158 0.065067 1.183521
v 0.270020 0.039013 1.201051
v 0.270400 0.051950 1.168002
v 0.249564 0.030858 1.182472
v 0.286972 0.061172 1.187273
v 0.272534 0.068600 1.184272
v 0.264040 0.040103 1.187150
v 0.253922 0.039107 1.161395
v 0.266202 0.067367 1.158226
v 0.267221 0.058930 1.136987
v 0.265078 0.061046 1.159078
v 0.271501 0.033829 1.161723
v 0.279162 0.032149 1.139623
v 0.211905 0.169197 1.212833
v 0.204032 0.145899 1.227518
v 0.233591 0.135839 1.218022
v 0.249951 0.165517 1.205470
v 0.214506 0.172765 1.225312
v 0.232412 0.137649 1.224381
v 0.202971 0.143969 1.221513
v 0.243914 0.169047 1.227434
v 0.225630 0.131655 1.256396
v 0.234628 0.136527 1.222062
v 0.208526 0.127401 1.239963
v 0.247420 0.140667 1.238405
v 0.196747 0.153235 1.237002
v 0.223756 0.148859 1.225388
v 0.217220 0.116002 1.230201
v 0.191389 0.123078 1.241252
v 0.229493 0.122196 1.259477
v 0.233611 0.128541 1.232200
v 0.214412 0.124849 1.246677
v 0.246945 0.127129 1.245435
v 0.202465 0.151990 1.227198
v 0.228969 0.141447 1.221454
v 0.218512 0.119639 1.237895
v 0.196736 0.131951 1.243312
v 0.212868 0.113785 1.251081
v 0.224302 0.142652 1.231338
v 0.222011 0.114462 1.229263
v 0.214708 0.141020 1.252768
v 0.255978 0.165611 1.214811
v 0.214341 0.142783 1.237473
v 0.236164 0.134726 1.216494
v 0.236679 0.173060 1.236314
v 0.234395 0.154609 1.245482
v 0.239024 0.148517 1.222288
v 0.208732 0.126156 1.229797
v 0.210638 0.136494 1.253628
v 0.205580 0.171470 1.209632
v 0.209511 0.159206 1.228633
v 0.235157 0.146142 1.217315
v 0.239784 0.165114 1.199741
v 0.218119 0.192892 1.179030
v 0.206811 0.179825 1.199101
v 0.243351 0.173833 1.199664
v 0.253037 0.186583 1.179303
v 0.240642 0.206525 1.187458
v 0.206431 0.175023 1.206964
v 0.241995 0.179797 1.193541
v 0.217276 0.207404 1.202968
v 0.203636 0.174715 1.234699
v 0.240594 0.178246 1.209000
v 0.198874 0.163768 1.213151
v 0.241527 0.190132 1.230096
v 0.196071 0.189624 1.200840
v 0.229438 0.186683 1.201782
v 0.211701 0.153669 1.214387
v 0.180850 0.158362 1.212691
v 0.208722 0.173622 1.240455
v 0.229447 0.171750 1.217455
v 0.200753 0.164977 1.224070
v 0.237137 0.182394 1.233835
v 0.185267 0.159305 1.204393
v 0.215147 0.155795 1.206465
v 0.223849 0.184361 1.214742
v 0.195455 0.187219 1.213893
v 0.192010 0.153446 1.226525
v 0.220288 0.184149 1.207463
v 0.218381 0.154238 1.214344
v 0.192940 0.181392 1.218478
v 0.260097 0.200252 1.192176
v 0.216007 0.185059 1.212643
v 0.246997 0.174055 1.201371
v 0.242144 0.217782 1.206053
v 0.244974 0.208107 1.221027
v 0.247036 0.188585 1.201967
v 0.206815 0.162689 1.210178
v 0.205863 0.183475 1.228493
v 0.223741 0.203205 1.177001
v 0.214205 0.195381 1.198029
v 0.243478 0.183472 1.199340
v 0.253421 0.191654 1.178033
v 0.306952 0.096099 1.203488
v 0.281227 0.082681 1.209211
v 0.283702 0.074153 1.186332
v 0.311148 0.086448 1.180997
v 0.306205 0.088987 1.209155
v 0.287413 0.065241 1.193896
v 0.281816 0.091115 1.202300
v 0.312550 0.063829 1.199667
v 0.270094 0.119114 1.201737
v 0.291952 0.079795 1.193718
v 0.258010 0.092711 1.193438
v 0.301646 0.104511 1.200029
v 0.235923 0.091551 1.187762
v 0.261532 0.072201 1.195508
v 0.289226 0.094239 1.192535
v 0.267222 0.117291 1.187053
v 0.273160 0.123076 1.206706
v 0.288284 0.090553 1.197884
v 0.261211 0.103323 1.199102
v 0.296776 0.108593 1.203829
v 0.244651 0.097213 1.180547
v 0.257494 0.079330 1.192885
v 0.290892 0.088613 1.183905
v 0.279169 0.109345 1.173028
v 0.271273 0.113625 1.197936
v 0.282581 0.082357 1.177554
v 0.267966 0.086184 1.200255
v 0.285611 0.109882 1.174930
v 0.283283 0.118380 1.192708
v 0.297086 0.076963 1.195259
v 0.265591 0.090461 1.191988
v 0.310520 0.101943 1.193664
v 0.309625 0.100776 1.185186
v 0.276340 0.096923 1.191602
v 0.285015 0.066599 1.196371
v 0.315779 0.071182 1.191371
v 0.317337 0.097089 1.203496
v 0.295194 0.082755 1.210549
v 0.296982 0.074040 1.187879
v 0.320747 0.087302 1.181144
v 0.142713 0.020061 1.246865
v 0.142107 0.039793 1.231964
v 0.127972 0.024328 1.217766
v 0.127569 0.005138 1.233523
v 0.119761 0.022116 1.242939
v 0.134876 0.046685 1.223610
v 0.133489 0.019247 1.225534
v 0.119955 0.049375 1.240332
v 0.118027 0.069247 1.209834
v 0.123600 0.030378 1.218394
v 0.137994 0.054633 1.214654
v 0.103442 0.045687 1.214930
v 0.152361 0.062126 1.219145
v 0.144262 0.034220 1.218369
v 0.119061 0.044593 1.214673
v 0.127626 0.072631 1.213949
v 0.116120 0.071647 1.203895
v 0.121220 0.041615 1.212783
v 0.132221 0.060952 1.208646
v 0.104940 0.052952 1.209069
v 0.144428 0.055080 1.232991
v 0.142207 0.037898 1.216044
v 0.118316 0.040735 1.217394
v 0.120781 0.059243 1.233564
v 0.136515 0.067620 1.214118
v 0.123002 0.036006 1.225353
v 0.136736 0.043074 1.206974
v 0.123987 0.060527 1.233175
v 0.107662 0.049977 1.203817
v 0.126900 0.040738 1.231930
v 0.128992 0.037371 1.206547
v 0.106082 0.054939 1.228901
v 0.120567 0.055969 1.240415
v 0.120599 0.048892 1.215797
v 0.138013 0.025729 1.221056
v 0.136674 0.031904 1.246082
v 0.133858 0.015260 1.254081
v 0.131347 0.036862 1.241479
v 0.122777 0.021058 1.223588
v 0.124091 -0.000426 1.236915
v 0.165029 0.076229 1.220996
v 0.173985 0.087377 1.202596
v 0.160155 0.071020 1.188845
v 0.150231 0.061009 1.207515
v 0.143987 0.079544 1.205286
v 0.172425 0.092526 1.194489
v 0.161203 0.068224 1.194985
v 0.154402 0.104087 1.203673
v 0.162518 0.106327 1.164937
v 0.157497 0.076374 1.188040
v 0.178008 0.093345 1.180475
v 0.142547 0.090718 1.173341
v 0.194406 0.102678 1.186257
v 0.180685 0.076045 1.188909
v 0.155921 0.087979 1.181538
v 0.166884 0.114460 1.177465
v 0.157574 0.107305 1.161252
v 0.158839 0.082111 1.178611
v 0.171653 0.099218 1.172416
v 0.144539 0.091176 1.168184
v 0.181644 0.101843 1.195781
v 0.177431 0.077466 1.188332
v 0.157376 0.086709 1.176842
v 0.162152 0.111533 1.183319
v 0.176810 0.104489 1.168559
v 0.157332 0.084203 1.188409
v 0.177727 0.079807 1.175318
v 0.157512 0.109478 1.182552
v 0.153245 0.098430 1.165571
v 0.165921 0.092395 1.197759
v 0.165224 0.077209 1.175720
v 0.155112 0.114396 1.186963
v 0.169135 0.114878 1.192438
v 0.164942 0.092268 1.176727
v 0.166902 0.072598 1.197654
v 0.169593 0.095688 1.213593
v 0.156020 0.080225 1.226040
v 0.158167 0.094340 1.207103
v 0.156830 0.070770 1.194250
v 0.153304 0.056862 1.213369
v 0.221283 0.234243 1.183513
v 0.219486 0.218275 1.201373
v 0.220451 0.196082 1.186550
v 0.227511 0.214991 1.169482
v 0.226273 0.236470 1.192650
v 0.230795 0.199790 1.190467
v 0.207192 0.212404 1.197130
v 0.250709 0.225167 1.185021
v 0.208198 0.226874 1.176607
v 0.205188 0.201029 1.204329
v 0.206985 0.199528 1.179506
v 0.211578 0.230988 1.201834
v 0.167760 0.174905 1.194565
v 0.201239 0.181627 1.198768
v 0.209999 0.213143 1.185034
v 0.169438 0.202647 1.180967
v 0.199268 0.232260 1.188561
v 0.200970 0.204786 1.202248
v 0.193712 0.211437 1.183601
v 0.210993 0.227925 1.207320
v 0.168299 0.176605 1.192737
v 0.198918 0.186247 1.196584
v 0.205360 0.204869 1.177050
v 0.169607 0.193228 1.173168
v 0.196698 0.224432 1.188479
v 0.189268 0.184537 1.190312
v 0.219503 0.210993 1.185123
v 0.171496 0.201390 1.195725
v 0.173250 0.209297 1.193817
v 0.224293 0.214068 1.183591
v 0.192935 0.190619 1.196606
v 0.197417 0.227810 1.178597
v 0.212721 0.224428 1.170857
v 0.192876 0.204343 1.187043
v 0.224767 0.195573 1.195274
v 0.247297 0.218823 1.180389
v 0.235583 0.242475 1.185523
v 0.232141 0.227474 1.202270
v 0.225822 0.206442 1.185079
v 0.234511 0.223874 1.169128
v 0.204980 0.213666 1.192895
v 0.192326 0.183494 1.196604
v 0.203567 0.181835 1.174987
v 0.214712 0.210022 1.171146
v 0.209630 0.213377 1.193944
v 0.214187 0.180156 1.181695
v 0.185051 0.186426 1.190774
v 0.235510 0.206175 1.183300
v 0.178771 0.207710 1.172200
v 0.178801 0.172568 1.190860
v 0.190659 0.184806 1.168004
v 0.171232 0.198199 1.195906
v 0.156765 0.153747 1.173338
v 0.184689 0.161834 1.185077
v 0.188827 0.192921 1.174851
v 0.156524 0.182863 1.163724
v 0.155343 0.199904 1.176874
v 0.188759 0.192718 1.182294
v 0.162005 0.179145 1.177651
v 0.178907 0.211431 1.179754
v 0.153346 0.165171 1.177610
v 0.179253 0.164653 1.182983
v 0.189417 0.188656 1.168520
v 0.158302 0.186770 1.163354
v 0.178909 0.205289 1.179395
v 0.172430 0.166325 1.178800
v 0.200552 0.191466 1.174708
v 0.157534 0.184623 1.185889
v 0.157172 0.191130 1.176244
v 0.207932 0.196030 1.177599
v 0.173566 0.170472 1.180812
v 0.183507 0.211069 1.170234
v 0.196033 0.212983 1.171084
v 0.174121 0.184950 1.176456
v 0.208208 0.176400 1.183744
v 0.232954 0.207387 1.180286
v 0.208465 0.224600 1.174437
v 0.206143 0.206647 1.191215
v 0.208329 0.186912 1.175466
v 0.211773 0.204946 1.158698
v 0.183030 0.174404 1.153167
v 0.180056 0.154947 1.169046
v 0.182766 0.133955 1.152185
v 0.187400 0.154333 1.136639
v 0.196822 0.176877 1.155539
v 0.192332 0.135491 1.160494
v 0.171951 0.154017 1.161640
v 0.222687 0.161190 1.153818
v 0.169301 0.160748 1.139600
v 0.165610 0.140115 1.169741
v 0.173734 0.134107 1.145977
v 0.162458 0.167314 1.163471
v 0.153719 0.110958 1.166525
v 0.176098 0.125859 1.167797
v 0.166582 0.146102 1.149403
v 0.143658 0.131900 1.149366
v 0.156305 0.163623 1.143673
v 0.159148 0.145470 1.166498
v 0.163416 0.143265 1.146665
v 0.153066 0.166518 1.163523
v 0.148909 0.118624 1.166632
v 0.170167 0.127544 1.166683
v 0.166873 0.137463 1.144439
v 0.145012 0.129782 1.145070
v 0.163890 0.162388 1.152472
v 0.160140 0.125691 1.159899
v 0.180892 0.144319 1.152863
v 0.146318 0.146301 1.161258
v 0.144893 0.139440 1.154843
v 0.182546 0.150415 1.148162
v 0.165714 0.130412 1.164128
v 0.157284 0.155235 1.137190
v 0.176783 0.158602 1.134828
v 0.161315 0.143032 1.152185
v 0.189633 0.134826 1.163433
v 0.215306 0.158365 1.148449
v 0.176247 0.178120 1.143931
v 0.188505 0.167590 1.162518
v 0.186924 0.142656 1.147830
v 0.177432 0.155083 1.129202
v 0.218098 0.074869 1.226953
v 0.246114 0.078500 1.212318
v 0.232260 0.064992 1.195424
v 0.203886 0.062803 1.209903
v 0.211100 0.091221 1.213045
v 0.256469 0.077684 1.201249
v 0.223739 0.068020 1.204886
v 0.243127 0.101475 1.208251
v 0.286261 0.092876 1.186959
v 0.236372 0.077710 1.190482
v 0.272577 0.070351 1.198296
v 0.253302 0.101407 1.180346
v 0.287284 0.071561 1.207081
v 0.259915 0.058398 1.200501
v 0.247202 0.085215 1.189119
v 0.279384 0.097712 1.194463
v 0.289309 0.093238 1.176902
v 0.250122 0.081521 1.184545
v 0.277836 0.077502 1.189328
v 0.261245 0.098415 1.172935
v 0.279325 0.071942 1.208251
v 0.260463 0.059844 1.196409
v 0.248027 0.084795 1.188627
v 0.270963 0.096648 1.199517
v 0.288875 0.071966 1.182308
v 0.245099 0.084633 1.196030
v 0.261608 0.060385 1.187920
v 0.276295 0.095747 1.191519
v 0.249876 0.093943 1.172811
v 0.247916 0.082933 1.206248
v 0.250063 0.069030 1.183649
v 0.251244 0.108375 1.195083
v 0.262593 0.104230 1.198884
v 0.253591 0.081829 1.184551
v 0.243735 0.065219 1.207014
v 0.247397 0.088426 1.221368
v 0.210850 0.079856 1.231503
v 0.238757 0.084810 1.219048
v 0.226692 0.076736 1.199338
v 0.198176 0.073302 1.211850
v 0.320689 0.083047 1.175588
v 0.298917 0.085680 1.189521
v 0.288904 0.061495 1.181282
v 0.312867 0.058197 1.168264
v 0.322838 0.076502 1.179213
v 0.290082 0.062947 1.192755
v 0.297952 0.084278 1.178869
v 0.316468 0.054337 1.191885
v 0.312443 0.085170 1.162557
v 0.277347 0.087400 1.187144
v 0.293118 0.066589 1.170995
v 0.301230 0.105501 1.179531
v 0.241903 0.081230 1.178997
v 0.271641 0.072867 1.191539
v 0.296069 0.078228 1.169311
v 0.266611 0.088311 1.157278
v 0.312927 0.092296 1.164412
v 0.283827 0.094100 1.181053
v 0.294477 0.079613 1.166296
v 0.303692 0.106052 1.179849
v 0.245367 0.079815 1.168264
v 0.264436 0.072752 1.184737
v 0.293860 0.076045 1.169504
v 0.273508 0.084699 1.153400
v 0.292194 0.102856 1.171914
v 0.263751 0.072754 1.177533
v 0.295860 0.078418 1.178239
v 0.258064 0.097750 1.172438
v 0.306433 0.102403 1.177765
v 0.283836 0.069882 1.169042
v 0.295247 0.080391 1.190308
v 0.292820 0.093028 1.156888
v 0.314096 0.067468 1.161155
v 0.289402 0.082150 1.169481
v 0.288013 0.065742 1.192452
v 0.316148 0.052254 1.184498
v 0.332869 0.079939 1.181936
v 0.311101 0.084689 1.192224
v 0.302139 0.061133 1.182743
v 0.324729 0.055691 1.173540
v 0.314834 0.060014 1.182546
v 0.293774 0.053410 1.196437
v 0.276451 0.045238 1.177423
v 0.301776 0.050405 1.163639
v 0.315334 0.057922 1.189842
v 0.281639 0.035497 1.186304
v 0.288115 0.062569 1.188264
v 0.308754 0.031128 1.186561
v 0.287050 0.085642 1.169891
v 0.291389 0.048040 1.182588
v 0.262952 0.067603 1.179857
v 0.310296 0.065835 1.171232
v 0.238207 0.072936 1.180896
v 0.262381 0.054036 1.192702
v 0.291214 0.057699 1.172841
v 0.269902 0.078045 1.161832
v 0.297788 0.088904 1.171668
v 0.292807 0.058580 1.180704
v 0.275220 0.078058 1.179671
v 0.310136 0.069390 1.171609
v 0.240602 0.076129 1.180183
v 0.256919 0.054488 1.187794
v 0.287566 0.060857 1.174435
v 0.273056 0.083440 1.167897
v 0.274044 0.081529 1.195545
v 0.274724 0.059448 1.169449
v 0.272822 0.056004 1.193012
v 0.276960 0.085331 1.172194
v 0.284329 0.083166 1.193177
v 0.282185 0.054118 1.169114
v 0.283395 0.055339 1.194621
v 0.283563 0.082321 1.167957
v 0.310307 0.056887 1.164578
v 0.283850 0.067419 1.177132
v 0.277001 0.039151 1.188114
v 0.304767 0.029191 1.176562
v 0.316504 0.037739 1.163402
v 0.299332 0.031542 1.181655
v 0.295867 0.058573 1.184886
v 0.310032 0.064523 1.165682
v 0.289870 0.025125 1.191803
v 0.263652 0.035205 1.199982
v 0.241573 0.015431 1.188502
v 0.269451 0.004432 1.181432
v 0.288135 0.029355 1.199652
v 0.241759 0.013326 1.197949
v 0.263079 0.037099 1.191195
v 0.265821 0.005095 1.205242
v 0.282954 0.044952 1.168865
v 0.257073 0.020324 1.193519
v 0.247181 0.038545 1.175712
v 0.291341 0.025670 1.185533
v 0.226100 0.048543 1.171814
v 0.231396 0.031760 1.191923
v 0.268590 0.025364 1.181066
v 0.265872 0.043715 1.161571
v 0.290910 0.049818 1.171862
v 0.269039 0.028531 1.188882
v 0.263157 0.045111 1.175774
v 0.296076 0.032499 1.183989
v 0.262948 0.048448 1.200020
v 0.244791 0.026558 1.193386
v 0.240030 0.038902 1.172518
v 0.259265 0.060373 1.178819
v 0.281712 0.036833 1.181495
v 0.233495 0.041648 1.177123
v 0.251561 0.023392 1.188083
v 0.263833 0.055930 1.171701
v 0.272888 0.056785 1.185681
v 0.250676 0.020533 1.176507
v 0.258956 0.034579 1.198414
v 0.264274 0.043618 1.163859
v 0.291996 0.023390 1.182896
v 0.262233 0.036339 1.178972
v 0.239742 0.016786 1.196777
v 0.267668 0.005089 1.201773
v 0.293509 0.006985 1.190933
v 0.277624 0.020978 1.203095
v 0.251973 0.012284 1.188741
v 0.271050 -0.003096 1.177378
v 0.263176 0.057203 1.196951
v 0.249016 0.034330 1.205352
v 0.215160 0.043903 1.204945
v 0.226873 0.066391 1.195217
v 0.248897 0.050812 1.224192
v 0.240593 0.029130 1.199170
v 0.223726 0.048169 1.213011
v 0.268340 0.033022 1.209662
v 0.207729 0.076206 1.201425
v 0.240228 0.043246 1.203572
v 0.203578 0.048896 1.197940
v 0.245159 0.070986 1.205623
v 0.182915 0.045381 1.197718
v 0.210791 0.029853 1.200905
v 0.233626 0.056518 1.201212
v 0.199964 0.072201 1.199577
v 0.210618 0.080707 1.211142
v 0.233094 0.052468 1.206281
v 0.204272 0.060811 1.205171
v 0.239935 0.072952 1.211182
v 0.183580 0.041180 1.194971
v 0.210745 0.032313 1.200437
v 0.226550 0.057047 1.194352
v 0.195386 0.066405 1.190209
v 0.194002 0.057934 1.213793
v 0.227426 0.052508 1.189406
v 0.209938 0.037094 1.206435
v 0.206857 0.073134 1.196142
v 0.198884 0.068609 1.208284
v 0.246685 0.049712 1.202178
v 0.208183 0.043070 1.200070
v 0.233784 0.076088 1.209097
v 0.252862 0.069691 1.197663
v 0.217481 0.057862 1.200523
v 0.233308 0.029517 1.202253
v 0.271226 0.041787 1.200871
v 0.282937 0.051909 1.201757
v 0.256972 0.033928 1.207987
v 0.232304 0.054085 1.210035
v 0.255713 0.071917 1.202438
v 0.161088 0.117608 1.192082
v 0.180460 0.118815 1.179029
v 0.176282 0.092419 1.172112
v 0.156244 0.091943 1.184280
v 0.155169 0.117984 1.169595
v 0.190535 0.110201 1.168465
v 0.167923 0.100707 1.180255
v 0.173820 0.126610 1.156846
v 0.186679 0.113759 1.140496
v 0.176970 0.091571 1.168439
v 0.200681 0.114100 1.163437
v 0.167097 0.093632 1.145921
v 0.195438 0.136518 1.177333
v 0.173052 0.109860 1.172542
v 0.201305 0.092835 1.164665
v 0.228593 0.118942 1.170903
v 0.201791 0.102259 1.135969
v 0.182250 0.094052 1.157665
v 0.205445 0.108355 1.154725
v 0.180525 0.089803 1.138710
v 0.200942 0.130834 1.171505
v 0.197696 0.101259 1.174379
v 0.176908 0.097899 1.156461
v 0.177763 0.124086 1.151870
v 0.218208 0.108685 1.153550
v 0.174487 0.105965 1.163218
v 0.200995 0.091503 1.167008
v 0.189407 0.124313 1.150782
v 0.181388 0.091556 1.140136
v 0.173502 0.113505 1.168779
v 0.192451 0.090063 1.162835
v 0.166536 0.115834 1.145486
v 0.163888 0.127383 1.166818
v 0.168431 0.098684 1.170342
v 0.202242 0.104137 1.167345
v 0.199967 0.138085 1.166616
v 0.161857 0.121181 1.197416
v 0.170795 0.123549 1.176757
v 0.167058 0.096270 1.173111
v 0.156822 0.094402 1.193457
v 0.116704 -0.006312 1.203408
v 0.122185 0.010281 1.186770
v 0.132713 -0.010808 1.175013
v 0.125918 -0.027715 1.191242
v 0.107353 -0.017757 1.180999
v 0.124647 0.013980 1.179014
v 0.129274 -0.013011 1.180521
v 0.102563 0.008895 1.178149
v 0.127225 0.033516 1.154333
v 0.130791 -0.005313 1.164025
v 0.129589 0.021107 1.175791
v 0.126937 0.007241 1.142568
v 0.128464 0.034156 1.186445
v 0.136868 0.006509 1.183950
v 0.126193 0.005512 1.159177
v 0.119123 0.034015 1.161280
v 0.128142 0.027645 1.143230
v 0.131070 0.003142 1.161114
v 0.131702 0.026779 1.162028
v 0.126337 0.004215 1.142384
v 0.136732 0.027097 1.190748
v 0.142266 0.005851 1.178674
v 0.123141 0.010301 1.164598
v 0.118468 0.032604 1.176041
v 0.137304 0.036948 1.170403
v 0.121765 0.003934 1.171002
v 0.144358 0.012385 1.171247
v 0.114785 0.028815 1.171513
v 0.128510 0.007748 1.142975
v 0.116216 0.004620 1.175614
v 0.139136 0.003078 1.164214
v 0.105842 0.011000 1.154302
v 0.101942 0.011109 1.166495
v 0.125864 0.007218 1.158770
v 0.132610 -0.001372 1.183835
v 0.108120 0.000901 1.191096
v 0.103520 -0.012416 1.199423
v 0.107471 0.003630 1.181975
v 0.124546 -0.013886 1.174247
v 0.119501 -0.030729 1.191148
v 0.133517 -0.012252 1.211271
v 0.150366 0.000136 1.200629
v 0.150235 -0.019807 1.183780
v 0.132326 -0.031315 1.193902
v 0.125229 -0.014164 1.191433
v 0.153473 0.004256 1.191835
v 0.146458 -0.022049 1.190597
v 0.131988 0.012115 1.191310
v 0.127863 -0.037103 1.177754
v 0.157587 -0.027774 1.194358
v 0.145667 -0.019109 1.172926
v 0.138844 -0.044641 1.199829
v 0.168373 -0.018524 1.159786
v 0.151271 -0.008253 1.176294
v 0.155745 -0.033228 1.191987
v 0.174074 -0.042507 1.175970
v 0.125759 -0.039107 1.180143
v 0.150740 -0.035993 1.192058
v 0.142627 -0.031660 1.173743
v 0.133393 -0.042216 1.198724
v 0.171041 -0.044684 1.174549
v 0.166207 -0.022956 1.186284
v 0.144214 -0.022828 1.176543
v 0.148781 -0.045638 1.165822
v 0.141104 -0.045727 1.191151
v 0.165637 -0.024980 1.179815
v 0.142891 -0.020737 1.185534
v 0.164040 -0.049798 1.186795
v 0.142465 -0.002335 1.160427
v 0.138763 -0.024389 1.189576
v 0.157804 -0.009848 1.177835
v 0.123094 -0.015293 1.172689
v 0.121701 -0.019592 1.184814
v 0.143665 -0.013050 1.173454
v 0.156815 -0.021907 1.195756
v 0.134661 -0.030120 1.206506
v 0.135166 -0.016023 1.219177
v 0.144658 -0.000672 1.203488
v 0.137427 -0.018589 1.186503
v 0.126724 -0.033131 1.202317
v 0.175612 0.006348 1.236595
v 0.160047 0.019223 1.224521
v 0.162151 0.000048 1.207151
v 0.176837 -0.013670 1.220043
v 0.158659 -0.013116 1.231397
v 0.153661 0.021148 1.218968
v 0.165988 -0.001348 1.212927
v 0.145282 0.008573 1.236864
v 0.123944 0.022123 1.209492
v 0.153654 0.001329 1.204954
v 0.147168 0.028971 1.211945
v 0.130148 -0.005872 1.203938
v 0.152764 0.045375 1.219167
v 0.164723 0.021606 1.210137
v 0.140816 0.007734 1.206357
v 0.128858 0.032488 1.214061
v 0.121518 0.023615 1.197244
v 0.144014 0.005632 1.202492
v 0.139031 0.028541 1.203716
v 0.125952 0.000642 1.197072
v 0.133171 0.003616 1.216434
v 0.154629 0.010595 1.212652
v 0.148031 0.021314 1.191441
v 0.126205 0.015615 1.196009
v 0.141959 0.043906 1.198032
v 0.147886 0.010047 1.210868
v 0.156365 0.025060 1.192854
v 0.134344 0.029802 1.216793
v 0.131128 0.004308 1.192408
v 0.146911 0.012510 1.222817
v 0.153667 0.011630 1.198102
v 0.123871 0.006768 1.216756
v 0.145189 0.021243 1.236528
v 0.150440 0.000840 1.219002
v 0.156441 0.023689 1.201520
v 0.152577 0.044064 1.219790
v 0.170350 -0.012323 1.241780
v 0.155467 0.006283 1.236048
v 0.155963 -0.003040 1.213378
v 0.169929 -0.022738 1.219604
v 0.135469 0.096452 1.181154
v 0.140692 0.078787 1.197041
v 0.154285 0.065203 1.181007
v 0.150011 0.083997 1.165471
v 0.141496 0.100529 1.191162
v 0.158820 0.069269 1.186142
v 0.136478 0.075313 1.192241
v 0.163365 0.094760 1.183784
v 0.127526 0.084919 1.172798
v 0.137400 0.056149 1.195446
v 0.146918 0.068391 1.174104
v 0.118605 0.074083 1.194784
v 0.140280 0.029828 1.180618
v 0.153125 0.052313 1.190796
v 0.135246 0.072212 1.180053
v 0.121557 0.049280 1.171147
v 0.116330 0.078686 1.179867
v 0.133091 0.058185 1.193315
v 0.130683 0.065573 1.174108
v 0.119359 0.072468 1.199177
v 0.138097 0.029568 1.182345
v 0.149636 0.050354 1.189934
v 0.137674 0.066574 1.174423
v 0.125151 0.045758 1.167834
v 0.121267 0.071785 1.189008
v 0.145399 0.047031 1.185410
v 0.141586 0.073494 1.179929
v 0.125393 0.045933 1.195729
v 0.144245 0.083435 1.159661
v 0.138886 0.076014 1.193634
v 0.152461 0.063713 1.174643
v 0.131844 0.096808 1.178732
v 0.134994 0.098105 1.185015
v 0.146495 0.075527 1.173472
v 0.145916 0.059555 1.196690
v 0.132944 0.081752 1.207781
v 0.131619 0.108148 1.187455
v 0.139670 0.086878 1.197984
v 0.152279 0.080510 1.178246
v 0.145134 0.102864 1.168245
v 0.147608 0.051046 1.210009
v 0.166257 0.053981 1.197492
v 0.159492 0.032144 1.184094
v 0.140052 0.030327 1.195966
v 0.140293 0.056287 1.192220
v 0.171994 0.051654 1.186555
v 0.153596 0.035489 1.192335
v 0.158129 0.072276 1.185161
v 0.180109 0.046646 1.153642
v 0.158187 0.034280 1.179827
v 0.182446 0.047925 1.177612
v 0.155603 0.034596 1.155635
v 0.174872 0.070483 1.191111
v 0.158182 0.049099 1.185536
v 0.179439 0.030754 1.178008
v 0.201907 0.051693 1.185079
v 0.176558 0.042939 1.147832
v 0.164650 0.033952 1.172045
v 0.183176 0.045677 1.166046
v 0.158768 0.032414 1.153669
v 0.196602 0.049114 1.183047
v 0.175896 0.030991 1.186824
v 0.162794 0.041666 1.168783
v 0.181169 0.058953 1.164246
v 0.197209 0.035154 1.166010
v 0.161707 0.045523 1.174175
v 0.177407 0.026041 1.180854
v 0.178170 0.055641 1.160238
v 0.135348 0.040009 1.179772
v 0.168248 0.052576 1.174844
v 0.156617 0.030624 1.187679
v 0.146826 0.060872 1.165781
v 0.156611 0.063145 1.162975
v 0.151149 0.040519 1.178273
v 0.177088 0.040530 1.186929
v 0.183873 0.064455 1.172550
v 0.146802 0.063536 1.209627
v 0.158221 0.064620 1.190144
v 0.150221 0.039034 1.184706
v 0.137662 0.038767 1.203772
v 0.242743 0.172656 1.200691
v 0.262849 0.158116 1.184397
v 0.230729 0.148044 1.174589
v 0.210480 0.161532 1.189594
v 0.238110 0.186125 1.175833
v 0.265785 0.150559 1.175376
v 0.231129 0.155347 1.181541
v 0.268991 0.181946 1.168647
v 0.284015 0.140680 1.156223
v 0.241881 0.152760 1.164926
v 0.267216 0.135242 1.175530
v 0.257608 0.159525 1.146047
v 0.279844 0.158834 1.190003
v 0.251364 0.163211 1.178744
v 0.249266 0.123990 1.166108
v 0.281161 0.119483 1.178867
v 0.271921 0.136749 1.143511
v 0.250007 0.146984 1.160533
v 0.274578 0.134684 1.162419
v 0.250083 0.151089 1.141984
v 0.276891 0.149856 1.188529
v 0.250773 0.131551 1.178429
v 0.253930 0.158792 1.163214
v 0.278380 0.174264 1.172207
v 0.283701 0.130926 1.164472
v 0.253302 0.163924 1.170645
v 0.252314 0.126211 1.169898
v 0.281438 0.168105 1.166354
v 0.215136 0.170862 1.168754
v 0.266669 0.160058 1.168303
v 0.229133 0.143744 1.174271
v 0.251239 0.189010 1.162058
v 0.259695 0.173465 1.152125
v 0.237137 0.162792 1.168256
v 0.258504 0.135454 1.176796
v 0.284364 0.148368 1.161644
v 0.232635 0.177276 1.202042
v 0.262667 0.172302 1.187906
v 0.235528 0.160350 1.174328
v 0.207600 0.166812 1.187984
v 0.184446 0.186399 1.207542
v 0.213948 0.185034 1.204094
v 0.208812 0.173856 1.184913
v 0.175113 0.173988 1.187090
v 0.199010 0.204315 1.188201
v 0.229235 0.183503 1.196925
v 0.195815 0.176622 1.190390
v 0.235463 0.213938 1.194082
v 0.262452 0.199769 1.178684
v 0.214495 0.181444 1.180887
v 0.246136 0.181656 1.194769
v 0.232749 0.202298 1.165817
v 0.233798 0.186516 1.212944
v 0.211650 0.185974 1.195263
v 0.239617 0.170658 1.182498
v 0.259976 0.166572 1.200252
v 0.269085 0.190570 1.170420
v 0.231910 0.188388 1.176304
v 0.256684 0.183698 1.185903
v 0.244560 0.197046 1.161309
v 0.234987 0.182831 1.210010
v 0.225421 0.167735 1.195132
v 0.227086 0.194135 1.181700
v 0.243059 0.211178 1.196826
v 0.265807 0.191609 1.188993
v 0.215201 0.189049 1.190747
v 0.241680 0.172972 1.185091
v 0.243638 0.210109 1.196695
v 0.187466 0.189858 1.174507
v 0.232394 0.194253 1.191182
v 0.203762 0.171023 1.184705
v 0.220579 0.215859 1.180364
v 0.239798 0.214743 1.179350
v 0.208811 0.188603 1.180580
v 0.227821 0.171221 1.196478
v 0.256668 0.197513 1.196062
v 0.176896 0.181542 1.210300
v 0.209792 0.191940 1.207211
v 0.207561 0.183370 1.185611
v 0.172528 0.173315 1.188131
v 0.887676 0.012874 0.721002
v 0.884638 0.013456 0.719309
v 0.887465 0.016439 0.723553
v 0.893492 0.013120 0.726684
v 0.893837 0.010679 0.723877
v 0.890734 0.011957 0.722528
v 0.866500 0.014023 0.706955
v 0.871220 0.018189 0.712905
v 0.878605 0.013941 0.715562
v 0.895732 0.014813 0.725422
v 0.895492 0.015966 0.725384
v 0.926748 0.060254 0.809308
v 0.926565 0.056858 0.807648
v 0.925496 0.059819 0.807519
v 0.861857 0.093785 0.731658
v 0.863037 0.094777 0.733666
v 0.862245 0.094665 0.732610
v 0.895754 0.014973 0.725476
v 0.890794 0.015062 0.725110
v 0.884050 0.017459 0.721669
v 0.877488 0.018181 0.717448
v 0.865351 0.017855 0.708143
v 0.860439 0.014897 0.702348
v 0.858375 0.016928 0.701558
v 0.857398 0.015859 0.700062
v 0.927606 0.052566 0.807263
v 0.925526 0.063530 0.809097
v 0.924206 0.062795 0.807097
v 0.924079 0.066737 0.808568
v 0.922347 0.069873 0.807635
v 0.920350 0.072627 0.806197
v 0.918172 0.074598 0.804206
v 0.929101 0.053656 0.809575
v 0.927753 0.056947 0.809212
v 0.907018 -0.003218 0.757782
v 0.907064 -0.002708 0.760823
v 0.909034 -0.000128 0.756822
v 0.908779 -0.003004 0.750890
v 0.906502 -0.005139 0.751857
v 0.906836 -0.004023 0.754798
v 0.905638 -0.002208 0.779967
v 0.908051 0.001434 0.773777
v 0.906864 -0.002281 0.767033
v 0.906842 -0.001523 0.749745
v 0.906918 -0.000513 0.749944
v 0.956788 0.038247 0.689544
v 0.955613 0.035275 0.690410
v 0.955980 0.037866 0.691274
v 0.926318 0.067576 0.772654
v 0.927322 0.068444 0.770882
v 0.926869 0.068346 0.771943
v 0.906873 -0.001383 0.749705
v 0.908766 -0.001302 0.753623
v 0.909080 0.000680 0.760225
v 0.908771 0.001432 0.767050
v 0.907012 0.001144 0.780306
v 0.904792 -0.001471 0.786571
v 0.905099 0.000338 0.788481
v 0.904381 -0.000665 0.789871
v 0.954893 0.031515 0.689801
v 0.957160 0.041113 0.690561
v 0.956223 0.040470 0.692436
v 0.957390 0.043919 0.691887
v 0.957437 0.046662 0.693607
v 0.957220 0.049072 0.695747
v 0.956662 0.050797 0.698268
v 0.955961 0.032474 0.687645
v 0.956278 0.035353 0.688826
v 0.926931 -0.001646 0.726014
v 0.929579 -0.001129 0.724432
v 0.925066 0.001505 0.724723
v 0.919987 -0.001428 0.727962
v 0.921991 -0.003592 0.729472
v 0.924403 -0.002460 0.727687
v 0.947111 -0.000625 0.715978
v 0.940452 0.003076 0.716995
v 0.935133 -0.000698 0.721459
v 0.919964 0.000075 0.730242
v 0.920099 0.001099 0.730074
v 0.841776 0.040386 0.716856
v 0.843132 0.037374 0.717453
v 0.843705 0.040000 0.716688
v 0.930194 0.070128 0.701445
v 0.928129 0.071008 0.701460
v 0.929291 0.070909 0.701321
v 0.919912 0.000217 0.730234
v 0.922393 0.000296 0.726587
v 0.928032 0.002275 0.722970
v 0.934179 0.003078 0.719763
v 0.946712 0.002780 0.714598
v 0.953338 0.000123 0.713372
v 0.954860 0.001938 0.712134
v 0.956445 0.000920 0.712065
v 0.842964 0.033565 0.718408
v 0.842479 0.043292 0.716010
v 0.844601 0.042639 0.715884
v 0.843527 0.046136 0.715133
v 0.845012 0.048916 0.714216
v 0.847002 0.051360 0.713319
v 0.849497 0.053108 0.712529
v 0.840528 0.034536 0.718555
v 0.841404 0.037453 0.717672
v 0.853225 0.062705 0.612726
v 0.851103 0.029586 0.659144
v 0.870933 0.073249 0.694861
v 0.872957 0.106284 0.648034
v 1.056289 -0.010248 0.855657
v 0.983114 0.003735 0.809302
v 1.003184 -0.037191 0.851909
v 1.036574 0.030579 0.813299
v 0.967727 0.077615 0.824578
v 0.892100 0.060402 0.784575
v 0.939929 0.030092 0.811747
v 0.921931 0.108382 0.797743
v 0.918180 0.293513 0.733638
v 0.919042 0.247108 0.742099
v 0.959122 0.254300 0.777418
v 0.947818 0.299415 0.768265
v 0.923997 0.269901 0.764785
v 0.882378 0.202297 0.761342
v 0.903589 0.194343 0.805480
v 0.927109 0.251484 0.805145
v 0.806751 0.196259 0.810778
v 0.751982 0.121803 0.784350
v 0.888401 0.132552 0.830622
v 0.874933 0.183426 0.849154
v 0.917662 0.083837 0.690634
v 0.855829 0.026576 0.680404
v 0.903622 0.036973 0.721168
v 0.870194 0.073713 0.649951
v 0.816448 0.046342 0.619032
v 0.850184 0.019279 0.657770
v 0.852910 0.067644 0.693087
v 0.819003 0.094567 0.653977
v 0.807106 0.008377 0.643359
v 0.844689 -0.016089 0.683254
v 0.869792 0.038169 0.696699
v 0.831899 0.062452 0.656546
v 0.854605 -0.034931 0.653476
v 0.885459 -0.053240 0.705093
v 0.878177 0.004091 0.731984
v 0.847221 0.022171 0.679982
v 0.901281 0.023901 0.666427
v 0.875765 -0.020946 0.698020
v 0.915716 -0.008530 0.749470
v 0.941132 0.036456 0.717449
v 0.907224 0.119335 0.829481
v 0.814873 0.075826 0.764601
v 0.914637 0.076016 0.796221
v 0.747248 0.107442 0.794387
v 0.964556 -0.073122 0.918958
v 0.913210 -0.041125 0.851559
v 0.948584 -0.093273 0.862113
v 0.929449 -0.021167 0.908724
v 0.978353 -0.086399 0.859904
v 0.941993 -0.053029 0.819390
v 0.906136 -0.106115 0.802724
v 0.942860 -0.139350 0.843516
v 1.020553 -0.063085 0.805429
v 0.943982 -0.015379 0.796351
v 0.959332 -0.077029 0.797381
v 1.005570 -0.001708 0.804441
v 0.932517 0.087411 0.843274
v 0.922845 0.047342 0.802808
v 0.947636 0.007278 0.842324
v 0.957217 0.047751 0.882761
v 0.924382 0.029116 0.846948
v 0.913817 -0.014905 0.769905
v 0.938245 -0.025953 0.830352
v 0.900024 0.040358 0.786908
v 0.831714 0.213834 0.741636
v 0.811137 0.125954 0.730617
v 0.873978 0.155222 0.755010
v 0.768832 0.169098 0.712019
v 0.957308 0.278103 0.753417
v 0.880596 0.186318 0.739419
v 0.926949 0.205084 0.771804
v 0.918983 0.249790 0.717777
v 0.813548 0.032055 0.840447
v 0.879292 0.005052 0.818657
v 0.892393 0.045852 0.776574
v 0.762670 0.055183 0.793012
v 0.930390 -0.028910 0.563732
v 0.946395 -0.008865 0.647480
v 0.942341 -0.059654 0.613161
v 0.934366 0.021745 0.597637
v 0.958372 0.055478 0.647207
v 0.942916 0.033338 0.728374
v 0.963777 0.007298 0.676138
v 0.937600 0.081598 0.699024
v 0.955887 0.257204 0.768493
v 0.922317 0.178837 0.764524
v 0.969442 0.195698 0.721142
v 0.966454 0.259653 0.720574
v 0.978427 0.236444 0.750660
v 0.955140 0.162351 0.756270
v 0.963769 0.148584 0.704685
v 0.994216 0.231625 0.702153
v 0.993790 0.156708 0.757873
v 0.974235 0.102638 0.758369
v 0.990075 0.097461 0.703360
v 1.012109 0.153416 0.703691
v 0.871242 0.063356 0.748650
v 0.887585 0.000657 0.802729
v 0.903813 0.015999 0.743244
v 0.807348 0.036628 0.804071
v 0.859612 0.021806 0.865114
v 0.880161 -0.006710 0.819016
v 0.897447 0.043644 0.791929
v 0.831059 0.060809 0.834779
v 0.875363 -0.014506 0.859487
v 0.892426 -0.037502 0.806648
v 0.902216 0.017977 0.782912
v 0.883101 0.040305 0.835972
v 0.855931 -0.059659 0.807984
v 0.893540 -0.068920 0.758143
v 0.922899 -0.013193 0.769072
v 0.884956 -0.004193 0.819083
v 0.848125 -0.001696 0.774890
v 0.891589 -0.044007 0.778122
v 0.920548 -0.020898 0.723582
v 0.876725 0.021481 0.720633
v 0.978875 0.091860 0.688942
v 0.954036 0.058901 0.760320
v 0.953196 0.045122 0.701318
v 0.979829 0.105780 0.747564
v 1.027285 -0.086941 0.605414
v 0.995591 -0.051138 0.682112
v 0.987553 -0.105451 0.649907
v 1.035462 -0.032839 0.637238
v 0.980099 -0.099329 0.621480
v 0.962080 -0.063134 0.670636
v 0.957745 -0.114999 0.711741
v 0.975870 -0.151078 0.662134
v 0.902850 -0.083024 0.618487
v 0.948447 -0.030156 0.675750
v 0.925542 -0.089686 0.677375
v 0.925524 -0.023787 0.616599
v 0.983972 0.063650 0.665652
v 0.956762 0.025156 0.699277
v 0.970584 -0.016261 0.656147
v 0.997844 0.022636 0.622603
v 0.990823 0.008623 0.663307
v 0.932423 -0.028574 0.720438
v 0.969029 -0.046171 0.668494
v 0.954518 0.026376 0.714944
v 0.940397 0.157741 0.788144
v 0.925223 0.085107 0.790964
v 0.949165 0.119409 0.753521
v 0.916546 0.123803 0.825543
v 0.957701 0.225782 0.744561
v 0.915002 0.132761 0.762024
v 0.956207 0.161461 0.724711
v 0.896718 0.176851 0.774927
v 1.036181 0.040274 0.738937
v 0.993758 0.006709 0.720889
v 0.952618 0.049517 0.728644
v 0.995461 0.083004 0.746733
v 0.755645 -0.033499 0.812839
v 0.805989 -0.005669 0.747162
v 0.787364 -0.059443 0.769390
v 0.774022 0.020103 0.790932
v 0.805427 0.054677 0.748086
v 0.877135 0.037669 0.698030
v 0.833456 0.007826 0.729895
v 0.853348 0.085820 0.716881
v 0.964899 0.273443 0.730556
v 0.966238 0.214526 0.719337
v 0.896160 0.186790 0.736078
v 0.911671 0.246145 0.747218
v 0.941696 0.250277 0.718290
v 0.929447 0.175553 0.698506
v 0.841029 0.152132 0.709002
v 0.841101 0.216774 0.725339
v 0.883652 0.156189 0.650545
v 0.892527 0.106544 0.663932
v 0.837419 0.101082 0.684012
v 0.814681 0.150672 0.670388
v 0.931189 0.063514 0.763333
v 0.975985 0.008376 0.716522
v 0.917179 0.012811 0.740767
v 0.989739 0.059337 0.739324
v 1.044153 0.031052 0.714829
v 0.997518 0.000556 0.730331
v 0.959708 0.041418 0.706189
v 1.006765 0.071832 0.690747
v 1.032405 -0.011095 0.705023
v 0.977896 -0.035147 0.712481
v 0.951892 0.019766 0.719816
v 1.006794 0.043629 0.712283
v 0.998378 -0.057754 0.740103
v 0.935928 -0.066836 0.738589
v 0.928096 -0.012091 0.706294
v 0.990877 -0.003267 0.707992
v 0.973431 0.004624 0.761367
v 0.953287 -0.039238 0.724729
v 0.890498 -0.022159 0.736767
v 0.911077 0.021813 0.773508
v 0.830611 0.092306 0.684097
v 0.907785 0.061421 0.688400
v 0.852549 0.048362 0.709678
v 0.886149 0.105423 0.662791
v 0.734003 -0.086531 0.693522
v 0.815777 -0.048338 0.693387
v 0.792331 -0.106114 0.704006
v 0.757052 -0.028981 0.682912
v 0.770183 -0.085776 0.727426
v 0.827792 -0.058959 0.717885
v 0.856696 -0.117276 0.709614
v 0.798663 -0.143899 0.719244
v 0.813379 -0.081319 0.802894
v 0.830911 -0.030115 0.730459
v 0.851110 -0.086973 0.752168
v 0.793116 -0.024744 0.781538
v 0.805911 0.066134 0.713368
v 0.849724 0.028208 0.712669
v 0.807178 -0.014858 0.721802
v 0.763394 0.023478 0.722454
v 0.807672 0.016146 0.707462
v 0.881702 -0.033052 0.711995
v 0.817785 -0.038303 0.728489
v 0.871194 0.021620 0.690961
v 0.968615 0.182009 0.698657
v 0.946264 0.088577 0.686773
v 0.903507 0.123063 0.698290
v 0.980536 0.127933 0.680610
v 0.938781 0.236821 0.737921
v 0.929491 0.139550 0.712930
v 0.884126 0.161919 0.717077
v 0.982796 0.211228 0.732667
v 0.898593 0.041261 0.622042
v 0.845130 0.079532 0.662883
v 0.878622 0.036315 0.672095
v 0.867895 0.086062 0.613636
v 0.858655 0.114765 0.646247
v 0.879622 0.071302 0.644252
v 0.845175 0.055680 0.682477
v 0.819622 0.099117 0.682122
v 0.865480 0.101016 0.629633
v 0.877217 0.050899 0.646057
v 0.843782 0.059089 0.695932
v 0.826534 0.108792 0.677428
v 0.869587 0.110996 0.639828
v 0.838483 0.051743 0.658844
v 0.885010 0.074764 0.667940
v 0.822075 0.089700 0.633046
v 0.879967 0.043202 0.606756
v 0.846293 0.077895 0.644324
v 0.871957 0.042510 0.649039
v 0.856670 0.079747 0.602147
v 1.059558 0.010760 0.823757
v 1.001634 -0.038867 0.830193
v 1.006262 0.015092 0.832130
v 1.054911 -0.042706 0.818501
v 0.995182 0.044345 0.843105
v 0.985596 -0.002556 0.843436
v 1.032390 -0.010601 0.817726
v 1.043172 0.036506 0.820304
v 0.995214 0.046933 0.834649
v 0.972424 -0.002006 0.839133
v 1.026356 -0.024638 0.825247
v 1.049787 0.024804 0.824202
v 1.036518 0.025816 0.866728
v 1.012835 -0.003379 0.805269
v 1.005592 -0.010280 0.857623
v 1.041592 0.034782 0.814767
v 1.072640 -0.009638 0.841996
v 1.014092 -0.026824 0.829945
v 1.034186 0.006598 0.850681
v 1.053078 -0.041740 0.819052
v 0.963706 0.096480 0.812046
v 0.931283 0.034357 0.784391
v 0.914258 0.076220 0.816751
v 0.980062 0.056601 0.777158
v 0.811410 0.073821 0.811664
v 0.904617 0.049830 0.816118
v 0.942819 0.074163 0.787932
v 0.916110 0.115224 0.791522
v 0.874516 0.093423 0.829145
v 0.890689 0.046624 0.813368
v 0.947310 0.054207 0.787858
v 0.949764 0.104759 0.808313
v 0.927041 0.080866 0.854415
v 0.926317 0.077683 0.781678
v 0.921948 0.045171 0.822074
v 0.928387 0.113817 0.814592
v 0.972189 0.093299 0.828204
v 0.947667 0.048674 0.795766
v 0.931865 0.080097 0.822799
v 0.987951 0.063683 0.799318
v 0.927330 0.289925 0.704220
v 0.931583 0.271927 0.779184
v 0.943022 0.253816 0.737252
v 0.912269 0.304670 0.744166
v 0.938296 0.298522 0.773315
v 0.956247 0.296430 0.745628
v 0.914785 0.241190 0.772697
v 0.897402 0.263939 0.806078
v 0.934546 0.302814 0.765094
v 0.951724 0.287110 0.739832
v 0.901820 0.226169 0.776525
v 0.889116 0.265899 0.808414
v 0.931713 0.303337 0.765595
v 0.906290 0.253039 0.757558
v 0.968293 0.286856 0.762600
v 0.862276 0.288029 0.769857
v 0.923380 0.289509 0.703411
v 0.926702 0.287722 0.764455
v 0.938305 0.270902 0.736930
v 0.909550 0.304337 0.729574
v 0.958472 0.268811 0.745055
v 0.864661 0.234085 0.805333
v 0.915943 0.194967 0.764254
v 0.932707 0.285851 0.779637
v 0.921210 0.265918 0.804864
v 0.950840 0.256407 0.776454
v 0.862922 0.200333 0.801691
v 0.854254 0.245443 0.840381
v 0.908154 0.273252 0.794805
v 0.944743 0.244397 0.769192
v 0.863032 0.188282 0.803705
v 0.821092 0.251988 0.838911
v 0.927154 0.270234 0.800242
v 0.852365 0.215312 0.781361
v 0.940417 0.226962 0.792335
v 0.833299 0.272271 0.796995
v 0.944967 0.274400 0.740973
v 0.889499 0.252015 0.791042
v 0.927661 0.222107 0.764704
v 0.923843 0.289862 0.762593
v 0.848105 0.197392 0.779310
v 0.798427 0.141227 0.838456
v 0.864201 0.142241 0.785364
v 0.805659 0.213055 0.837884
v 0.880944 0.190189 0.857306
v 0.872013 0.174947 0.809144
v 0.753239 0.108786 0.819966
v 0.844787 0.148074 0.875530
v 0.846653 0.198916 0.854485
v 0.854593 0.168649 0.800119
v 0.786961 0.099028 0.818822
v 0.833303 0.140060 0.876055
v 0.852288 0.198991 0.857417
v 0.758742 0.161890 0.821855
v 0.891304 0.164469 0.821285
v 0.780285 0.169590 0.851921
v 0.826623 0.204230 0.784562
v 0.807827 0.164365 0.833736
v 0.830514 0.157383 0.788476
v 0.793888 0.216233 0.831266
v 0.906080 0.085375 0.663163
v 0.901077 0.021174 0.701815
v 0.864932 0.060965 0.686917
v 0.941656 0.044609 0.674915
v 0.832430 0.072148 0.695837
v 0.867055 0.040329 0.711228
v 0.897640 0.052307 0.668496
v 0.863917 0.086376 0.654949
v 0.837129 0.079701 0.684483
v 0.855468 0.036984 0.713616
v 0.907465 0.038682 0.682402
v 0.889973 0.083718 0.655659
v 0.874402 0.098930 0.697141
v 0.884701 0.038069 0.665450
v 0.880310 0.055368 0.715343
v 0.875683 0.081717 0.647345
v 0.923870 0.092411 0.677973
v 0.906443 0.039279 0.698190
v 0.885460 0.075817 0.686071
v 0.944889 0.055478 0.687455
v 0.855022 0.051364 0.606798
v 0.820123 0.058180 0.676895
v 0.870632 0.039843 0.657176
v 0.806042 0.072506 0.626286
v 0.806867 0.097167 0.660407
v 0.846515 0.071116 0.644866
v 0.835300 0.036851 0.683199
v 0.793561 0.061939 0.696613
v 0.802573 0.084897 0.649225
v 0.851006 0.057351 0.642465
v 0.843490 0.034904 0.697732
v 0.792912 0.060359 0.702768
v 0.814670 0.090908 0.633154
v 0.826875 0.032338 0.668806
v 0.853512 0.074995 0.659961
v 0.786678 0.049827 0.644242
v 0.853182 0.044488 0.604540
v 0.811866 0.053854 0.650379
v 0.856281 0.043690 0.647461
v 0.809682 0.056985 0.607084
v 0.853613 -0.001678 0.623467
v 0.828677 0.032931 0.688325
v 0.871132 -0.001380 0.674700
v 0.813292 0.034787 0.635874
v 0.833469 0.069456 0.656044
v 0.849103 0.024247 0.651152
v 0.842457 0.017717 0.704364
v 0.823812 0.062504 0.708431
v 0.808290 0.052967 0.664449
v 0.845609 0.013348 0.655448
v 0.858850 0.013326 0.714659
v 0.818613 0.051076 0.723871
v 0.817495 0.059200 0.651262
v 0.831484 0.004272 0.692400
v 0.859918 0.036845 0.663453
v 0.789213 0.028741 0.682355
v 0.844640 -0.003006 0.623237
v 0.813932 0.024575 0.669101
v 0.853265 0.002859 0.664940
v 0.806767 0.020605 0.626425
v 0.890534 -0.029577 0.648719
v 0.849896 -0.011955 0.713380
v 0.902932 -0.029906 0.701425
v 0.838845 -0.008821 0.659915
v 0.851623 0.025946 0.674151
v 0.882226 -0.011891 0.679118
v 0.860031 -0.021456 0.727365
v 0.827195 0.015085 0.720650
v 0.817208 -0.003327 0.715775
v 0.856536 -0.041544 0.708668
v 0.899918 -0.003028 0.719629
v 0.859794 0.034535 0.730113
v 0.831726 0.006435 0.671207
v 0.865414 -0.038677 0.714387
v 0.877693 0.004985 0.691173
v 0.818130 -0.035490 0.696551
v 0.895601 -0.033653 0.648273
v 0.845101 -0.023105 0.683362
v 0.890062 -0.027857 0.690508
v 0.851352 -0.026556 0.640492
v 0.926237 -0.018828 0.662958
v 0.902860 0.019337 0.726116
v 0.899105 -0.031870 0.707714
v 0.933046 0.031456 0.682363
v 0.943283 0.040074 0.723156
v 0.926388 0.001381 0.698625
v 0.884247 -0.000617 0.732442
v 0.899955 0.040117 0.755018
v 0.936688 0.034557 0.697325
v 0.912595 -0.013874 0.693436
v 0.883452 -0.004077 0.745621
v 0.905291 0.045985 0.747405
v 0.930656 0.045213 0.698936
v 0.878916 0.000910 0.719041
v 0.931716 -0.000411 0.711459
v 0.878667 0.047628 0.709288
v 0.917813 -0.008781 0.654869
v 0.899238 0.026955 0.700881
v 0.904436 -0.015482 0.695152
v 0.915242 0.033574 0.661073
v 0.898939 0.131959 0.830183
v 0.905279 0.087945 0.767334
v 0.780940 0.072812 0.804029
v 0.934360 0.128093 0.785272
v 0.747773 0.067007 0.797494
v 0.820783 0.060469 0.788424
v 0.892249 0.116795 0.791824
v 0.742916 0.111421 0.800401
v 0.752114 0.062416 0.809838
v 0.833664 0.055357 0.782422
v 0.906672 0.108294 0.788498
v 0.804604 0.119975 0.821047
v 0.824468 0.091173 0.843527
v 0.857611 0.109088 0.774091
v 0.861907 0.069848 0.807148
v 0.750450 0.119166 0.807409
v 0.916138 0.134939 0.830081
v 0.901914 0.096569 0.784325
v 0.848634 0.098783 0.822003
v 0.932894 0.126102 0.788772
v 0.957425 -0.045190 0.921631
v 0.953013 -0.068482 0.847129
v 0.915831 -0.057763 0.889650
v 0.994473 -0.052781 0.878655
v 0.886390 -0.038755 0.897972
v 0.910339 -0.069045 0.866832
v 0.957654 -0.049286 0.882431
v 0.933337 -0.020843 0.916010
v 0.878119 -0.056659 0.896253
v 0.907529 -0.076584 0.852253
v 0.958288 -0.054422 0.875682
v 0.928811 -0.037253 0.921663
v 0.926943 -0.075112 0.928786
v 0.940481 -0.035712 0.870799
v 0.928262 -0.083840 0.879531
v 0.936085 -0.026620 0.920322
v 0.966310 -0.069849 0.931957
v 0.959675 -0.066570 0.869898
v 0.931993 -0.065589 0.906377
v 0.994337 -0.068403 0.896073
v 0.980515 -0.061850 0.848043
v 0.936920 -0.104795 0.801179
v 0.927622 -0.062913 0.836516
v 0.990692 -0.101456 0.810549
v 0.931784 -0.144450 0.838952
v 0.955594 -0.107359 0.817560
v 0.913370 -0.077817 0.829943
v 0.890974 -0.114786 0.854151
v 0.940796 -0.129971 0.855526
v 0.956751 -0.094898 0.815483
v 0.901422 -0.071572 0.817506
v 0.886805 -0.105042 0.860346
v 0.921976 -0.101258 0.877727
v 0.959037 -0.079919 0.819298
v 0.911229 -0.100345 0.828762
v 0.968324 -0.078360 0.869061
v 0.983254 -0.053332 0.837789
v 0.955567 -0.104898 0.826325
v 0.942743 -0.066352 0.842201
v 0.995792 -0.090757 0.819538
v 1.025334 -0.044948 0.804273
v 0.953255 -0.053375 0.774135
v 0.975919 -0.033321 0.822629
v 1.003467 -0.062157 0.754559
v 0.968200 0.003214 0.835288
v 0.950305 -0.038540 0.818313
v 0.990507 -0.040154 0.782192
v 1.010043 0.000553 0.801619
v 0.960211 0.014911 0.812411
v 0.948067 -0.025218 0.776630
v 0.966198 -0.062480 0.818833
v 0.975074 -0.021877 0.855874
v 0.999433 -0.038874 0.848419
v 0.978913 -0.024979 0.780131
v 0.962460 -0.055243 0.819373
v 1.014228 -0.006616 0.810736
v 1.033285 -0.050553 0.790992
v 0.971564 -0.058326 0.785554
v 1.000138 -0.042164 0.816955
v 1.004974 -0.064437 0.758499
v 0.967635 0.084329 0.817674
v 0.921337 0.035476 0.854270
v 0.954260 0.036047 0.806981
v 0.937641 0.083188 0.866496
v 0.947155 0.043398 0.893593
v 0.960551 0.052481 0.845542
v 0.918160 0.025279 0.828530
v 0.903201 0.018717 0.877129
v 0.945086 0.057142 0.885360
v 0.957408 0.053076 0.829865
v 0.914767 0.012829 0.824416
v 0.900281 0.019519 0.879700
v 0.907590 0.062261 0.876942
v 0.951461 0.055161 0.819313
v 0.923919 0.024663 0.851499
v 0.932381 0.093045 0.843334
v 0.952593 0.097286 0.825937
v 0.927952 0.051498 0.856392
v 0.944767 0.058975 0.814533
v 0.938359 0.089534 0.868421
v 0.913546 0.042070 0.829787
v 0.950622 -0.018361 0.803785
v 0.896650 0.000608 0.803317
v 0.967861 0.024998 0.827591
v 0.863792 -0.003320 0.795982
v 0.908140 -0.025308 0.804215
v 0.933107 0.019739 0.802242
v 0.887161 0.041738 0.796962
v 0.862935 0.000772 0.790561
v 0.904691 -0.035279 0.796540
v 0.943305 0.007037 0.809325
v 0.900159 0.042801 0.806585
v 0.913127 0.028538 0.850300
v 0.900227 -0.011481 0.792649
v 0.943221 0.005248 0.818766
v 0.870091 0.009822 0.826466
v 0.916719 0.038337 0.853500
v 0.945051 -0.000858 0.816540
v 0.902323 0.013539 0.822690
v 0.959674 0.026012 0.845856
v 0.798127 0.206942 0.713646
v 0.878597 0.141629 0.736603
v 0.786496 0.156994 0.740896
v 0.931800 0.210585 0.713001
v 0.747733 0.148486 0.755059
v 0.794186 0.133264 0.757286
v 0.833812 0.166761 0.713487
v 0.754787 0.175697 0.710285
v 0.746972 0.145755 0.760742
v 0.784649 0.116085 0.760224
v 0.855621 0.165558 0.718931
v 0.760221 0.183181 0.717375
v 0.795523 0.217246 0.754456
v 0.794879 0.137150 0.744424
v 0.871873 0.176007 0.731550
v 0.757474 0.172466 0.767943
v 0.843832 0.230538 0.729745
v 0.867234 0.156749 0.732399
v 0.796947 0.183301 0.743703
v 0.931288 0.219324 0.721196
v 0.954840 0.282312 0.725125
v 0.922661 0.182560 0.755780
v 0.902968 0.234174 0.746067
v 0.988745 0.234974 0.733608
v 0.802230 0.236600 0.747015
v 0.870896 0.199065 0.765529
v 0.947206 0.243490 0.734400
v 0.912814 0.258644 0.708811
v 0.797630 0.236458 0.749457
v 0.857225 0.188094 0.771436
v 0.951013 0.232384 0.740397
v 0.920331 0.267671 0.715065
v 0.955564 0.290621 0.764910
v 0.870633 0.209385 0.748249
v 0.949957 0.225577 0.751516
v 0.872649 0.263652 0.761144
v 0.957756 0.285296 0.724843
v 0.942777 0.213100 0.756647
v 0.927660 0.255470 0.746332
v 0.986458 0.253085 0.736692
v 0.821020 0.010454 0.807988
v 0.861019 0.050523 0.812803
v 0.871945 0.008001 0.789776
v 0.759619 0.039437 0.823462
v 0.764365 0.064917 0.802758
v 0.805081 0.033596 0.801301
v 0.899939 0.031175 0.803208
v 0.913139 0.076982 0.812443
v 0.765057 0.055933 0.809510
v 0.839645 0.027850 0.799741
v 0.910979 0.027670 0.801989
v 0.913356 0.078156 0.822638
v 0.766005 0.056576 0.807966
v 0.888948 0.027322 0.823240
v 0.836868 0.042359 0.783225
v 0.860670 0.059687 0.852275
v 0.819980 0.013981 0.816714
v 0.823717 0.041856 0.827880
v 0.860625 0.018202 0.803285
v 0.773075 0.036692 0.838602
v 0.917054 -0.005208 0.569883
v 0.926560 -0.046920 0.634104
v 0.956954 -0.009075 0.606254
v 0.885114 -0.040542 0.599062
v 0.982696 0.014129 0.611453
v 0.965446 -0.028689 0.625912
v 0.916874 -0.016776 0.605811
v 0.935444 0.025202 0.588630
v 0.990782 0.008184 0.612531
v 0.968680 -0.033572 0.640609
v 0.918113 -0.028815 0.607463
v 0.942101 0.011222 0.577015
v 0.971990 -0.015448 0.568547
v 0.918811 -0.009104 0.617834
v 0.963531 -0.036061 0.612836
v 0.929240 0.013572 0.574537
v 0.920487 -0.012385 0.556373
v 0.925405 -0.043514 0.609160
v 0.948960 -0.012022 0.588647
v 0.895411 -0.041970 0.577727
v 0.947833 0.072645 0.655175
v 0.937625 0.007310 0.690510
v 0.966067 0.053211 0.701778
v 0.916785 0.028351 0.645162
v 0.981395 0.069048 0.729439
v 0.969904 0.025803 0.711194
v 0.932804 0.047111 0.679043
v 0.946794 0.090893 0.695451
v 0.995366 0.065757 0.721249
v 0.974644 0.016003 0.716870
v 0.931571 0.035433 0.679472
v 0.954857 0.084910 0.681431
v 0.993090 0.069313 0.679084
v 0.928683 0.046345 0.702695
v 0.974645 0.026023 0.686344
v 0.948653 0.089887 0.698133
v 0.945407 0.069947 0.642123
v 0.943217 0.021487 0.677403
v 0.965240 0.059223 0.678578
v 0.921408 0.033548 0.642046
v 0.875853 0.214640 0.749665
v 0.984022 0.237120 0.745774
v 0.916733 0.172826 0.742059
v 0.948522 0.281968 0.751156
v 0.969922 0.273626 0.710749
v 0.942547 0.237184 0.743885
v 0.971668 0.189720 0.742171
v 1.013318 0.243503 0.715789
v 0.974139 0.279641 0.730107
v 0.939042 0.223564 0.748526
v 0.965176 0.172579 0.741050
v 1.024572 0.248258 0.731520
v 0.984249 0.279132 0.725226
v 0.957869 0.196218 0.762632
v 0.954208 0.234137 0.724610
v 1.005848 0.262310 0.768731
v 0.898484 0.234853 0.768460
v 0.971364 0.244080 0.750248
v 0.925482 0.201062 0.753410
v 0.956538 0.287149 0.765956
v 0.936421 0.211383 0.740210
v 1.016997 0.208349 0.726157
v 0.930384 0.145587 0.736974
v 0.981266 0.258886 0.721759
v 1.003585 0.229941 0.686708
v 0.971259 0.208811 0.720139
v 0.989354 0.165230 0.738815
v 1.036089 0.192293 0.707609
v 1.000271 0.252637 0.706812
v 0.959538 0.195584 0.736116
v 0.980163 0.141582 0.727869
v 1.031709 0.190330 0.697365
v 1.025812 0.256037 0.736652
v 0.943212 0.176865 0.739694
v 1.012617 0.188655 0.721018
v 0.975779 0.247526 0.759056
v 0.942935 0.225573 0.754373
v 1.010749 0.225663 0.736401
v 0.943430 0.176174 0.740294
v 0.989026 0.265597 0.745015
v 0.936115 0.143897 0.740254
v 1.009483 0.121870 0.724818
v 0.959010 0.097924 0.735955
v 1.025536 0.195587 0.735077
v 1.012915 0.158794 0.691328
v 0.976363 0.139471 0.727229
v 1.002506 0.094865 0.730594
v 1.034842 0.112016 0.695154
v 1.031719 0.184130 0.731511
v 0.964417 0.125322 0.741393
v 1.003760 0.086023 0.721760
v 1.041403 0.124993 0.708309
v 1.033176 0.171877 0.719798
v 0.996409 0.101126 0.747681
v 0.977854 0.130795 0.708984
v 1.036349 0.130045 0.752543
v 0.953794 0.153837 0.761626
v 1.006616 0.134803 0.738340
v 0.963962 0.118596 0.740743
v 1.013164 0.182742 0.760880
v 0.817913 0.056500 0.766268
v 0.885510 -0.000888 0.753314
v 0.891870 0.036646 0.794370
v 0.846141 0.027286 0.730002
v 0.910027 0.044253 0.823290
v 0.911101 0.017152 0.781466
v 0.859253 0.028758 0.772341
v 0.791301 0.041588 0.807522
v 0.900457 0.042764 0.829787
v 0.916357 0.006806 0.790620
v 0.869194 0.022395 0.756242
v 0.793014 0.045469 0.789495
v 0.880482 0.074136 0.780040
v 0.861295 0.013383 0.780755
v 0.909466 0.033700 0.773031
v 0.779717 0.040983 0.786545
v 0.849579 0.071008 0.748689
v 0.879030 0.017671 0.752313
v 0.882837 0.052883 0.777439
v 0.852228 0.037785 0.725590
v 0.824158 0.019693 0.833678
v 0.901587 0.040812 0.828420
v 0.866424 0.006944 0.800386
v 0.835625 0.050259 0.857973
v 0.888408 0.075591 0.839754
v 0.827765 0.037362 0.822691
v 0.902482 0.013372 0.813615
v 0.937092 0.044671 0.831721
v 0.849767 0.056080 0.855423
v 0.855723 0.021844 0.820484
v 0.915345 0.020127 0.802448
v 0.929493 0.057317 0.841834
v 0.863578 0.063346 0.857747
v 0.898034 0.009250 0.825082
v 0.833074 0.040703 0.811036
v 0.911143 0.028823 0.869354
v 0.832677 0.015003 0.856517
v 0.889823 0.035990 0.844547
v 0.859023 0.011644 0.822670
v 0.861971 0.041230 0.877465
v 0.839420 -0.019038 0.830360
v 0.910594 0.010922 0.820244
v 0.875710 -0.021713 0.790275
v 0.872367 0.015860 0.859010
v 0.880452 0.044338 0.839833
v 0.869753 0.001988 0.824787
v 0.916018 -0.002706 0.797245
v 0.931934 0.039857 0.815431
v 0.881880 0.037671 0.842513
v 0.867098 -0.005609 0.812984
v 0.923553 -0.009438 0.791132
v 0.939628 0.032501 0.823808
v 0.885884 0.035502 0.851941
v 0.910287 -0.018902 0.815100
v 0.874553 0.017557 0.806984
v 0.923629 0.001083 0.859093
v 0.840929 -0.019232 0.837426
v 0.899675 0.000254 0.842590
v 0.873473 -0.016343 0.809427
v 0.865876 -0.000507 0.869928
v 0.838955 -0.042837 0.773625
v 0.913255 -0.037176 0.798671
v 0.886509 -0.041086 0.747800
v 0.864896 -0.035873 0.824191
v 0.888719 0.000298 0.821672
v 0.872183 -0.028357 0.784539
v 0.922989 -0.043968 0.776358
v 0.938884 -0.017106 0.815920
v 0.930222 -0.031937 0.827559
v 0.904258 -0.062047 0.788189
v 0.906109 -0.017950 0.749757
v 0.935374 0.011084 0.788568
v 0.879324 -0.017880 0.829966
v 0.909539 -0.058580 0.779817
v 0.884694 -0.014194 0.780270
v 0.906632 -0.060654 0.830336
v 0.836552 -0.052051 0.775180
v 0.888846 -0.047683 0.809111
v 0.877615 -0.044847 0.764806
v 0.846948 -0.052503 0.819534
v 0.836382 -0.032989 0.748221
v 0.906021 0.001088 0.752711
v 0.887430 -0.049939 0.747426
v 0.854465 0.018097 0.750184
v 0.883582 0.030488 0.724743
v 0.869510 -0.014310 0.735337
v 0.916821 -0.021623 0.760339
v 0.929419 0.024508 0.752145
v 0.872334 0.025533 0.737884
v 0.871119 -0.027823 0.743049
v 0.929567 -0.026982 0.759305
v 0.929440 0.027120 0.757317
v 0.863736 0.026879 0.739644
v 0.904047 -0.021147 0.772314
v 0.882244 -0.014427 0.724139
v 0.887776 0.021875 0.786659
v 0.832926 -0.031440 0.762389
v 0.881137 0.005781 0.758497
v 0.875460 -0.036935 0.759351
v 0.838016 0.010992 0.758946
v 0.978467 0.112225 0.707272
v 0.932258 0.053770 0.720737
v 0.985261 0.069514 0.735923
v 0.924548 0.098362 0.694626
v 1.010287 0.065929 0.759745
v 0.973744 0.044634 0.732672
v 0.950334 0.089892 0.725086
v 0.989017 0.111421 0.749855
v 1.010670 0.071197 0.761267
v 0.969010 0.037066 0.747255
v 0.945533 0.076701 0.710484
v 0.989649 0.109696 0.722252
v 1.015850 0.078098 0.715058
v 0.946976 0.086191 0.737080
v 0.977529 0.048139 0.720498
v 0.986693 0.115624 0.734363
v 0.984870 0.103605 0.681749
v 0.944455 0.068863 0.711882
v 0.988795 0.079045 0.715725
v 0.940191 0.095571 0.679249
v 1.037250 -0.055148 0.613681
v 0.974246 -0.085732 0.647680
v 1.023722 -0.063483 0.665354
v 0.986781 -0.074385 0.595825
v 1.047365 -0.043287 0.679134
v 1.009207 -0.074804 0.680294
v 1.000756 -0.066636 0.627597
v 1.041278 -0.037057 0.626110
v 1.053684 -0.064863 0.687093
v 0.998952 -0.079374 0.691132
v 0.993658 -0.074236 0.630938
v 1.049800 -0.062775 0.626913
v 1.056350 -0.089959 0.640408
v 0.998914 -0.048041 0.644297
v 1.011147 -0.094052 0.661661
v 1.045687 -0.043119 0.625582
v 1.032181 -0.078420 0.593667
v 0.987727 -0.080256 0.637571
v 1.033372 -0.076764 0.636655
v 0.986638 -0.079441 0.594114
v 0.982788 -0.072100 0.627590
v 0.942250 -0.112839 0.679188
v 0.983389 -0.074982 0.681646
v 0.939625 -0.107449 0.624856
v 0.988273 -0.151230 0.667036
v 0.952956 -0.117729 0.659034
v 0.977991 -0.087670 0.694736
v 1.015149 -0.120543 0.700267
v 0.984189 -0.144827 0.659153
v 0.949894 -0.102020 0.658708
v 0.975483 -0.084214 0.710357
v 1.012257 -0.125843 0.708609
v 1.014546 -0.117511 0.652684
v 0.948540 -0.089410 0.659909
v 0.984024 -0.111657 0.691972
v 0.980865 -0.092922 0.621094
v 0.964808 -0.070021 0.619393
v 0.957761 -0.115045 0.658933
v 0.981062 -0.077981 0.658336
v 0.939498 -0.105603 0.620776
v 0.900756 -0.062933 0.612094
v 0.917637 -0.063382 0.688898
v 0.946163 -0.053691 0.639903
v 0.871240 -0.069627 0.660703
v 0.972324 -0.033718 0.625416
v 0.956961 -0.058261 0.666207
v 0.905780 -0.053287 0.649581
v 0.921886 -0.031060 0.606967
v 0.957039 -0.003903 0.653851
v 0.927317 -0.036388 0.688093
v 0.943623 -0.080703 0.653559
v 0.976302 -0.048071 0.621253
v 0.958478 -0.078286 0.614423
v 0.915288 -0.036278 0.652371
v 0.945939 -0.076120 0.662915
v 0.930531 -0.037007 0.604076
v 0.898792 -0.075560 0.604351
v 0.909385 -0.072573 0.665874
v 0.931902 -0.061837 0.627656
v 0.875061 -0.084092 0.642165
v 0.945926 0.064302 0.656408
v 0.995272 0.007066 0.662827
v 0.941142 0.018136 0.678693
v 0.998605 0.052573 0.637593
v 1.000331 0.021871 0.615465
v 0.963253 0.032468 0.648324
v 0.983424 -0.001875 0.682706
v 1.022461 -0.010259 0.650597
v 1.008937 0.037853 0.636000
v 0.957310 0.032855 0.659595
v 0.976586 -0.013606 0.689031
v 1.029523 -0.006366 0.667697
v 1.026568 0.031586 0.670661
v 0.953868 0.034321 0.667665
v 0.991125 -0.001581 0.667091
v 0.989742 0.067344 0.674313
v 0.951710 0.071455 0.660576
v 0.997289 0.031471 0.665119
v 0.951860 0.032186 0.670930
v 0.996478 0.070484 0.652191
v 0.966151 0.025178 0.668016
v 0.939901 -0.043866 0.677990
v 0.970631 -0.008224 0.708623
v 0.932820 -0.008823 0.638599
v 0.969502 -0.002153 0.747931
v 0.966684 -0.036415 0.712645
v 0.946869 -0.002396 0.677694
v 0.952734 0.032546 0.712596
v 0.986674 -0.006245 0.742193
v 0.961058 -0.048001 0.717277
v 0.946868 -0.014659 0.670142
v 0.975796 0.026400 0.694057
v 1.007879 -0.004901 0.713227
v 0.938521 -0.001388 0.691360
v 0.975106 -0.037419 0.697638
v 0.970900 0.030753 0.710010
v 0.989819 0.026547 0.668994
v 0.956022 -0.022814 0.666272
v 0.980545 -0.002027 0.698017
v 0.963409 0.007409 0.637954
v 0.929031 0.155530 0.815902
v 0.923331 0.111732 0.752811
v 0.946545 0.108387 0.805432
v 0.903007 0.158091 0.764915
v 0.955623 0.096391 0.834593
v 0.952922 0.094730 0.783885
v 0.915401 0.131312 0.785120
v 0.920619 0.134747 0.836050
v 0.964966 0.088880 0.830485
v 0.954513 0.083992 0.774682
v 0.919495 0.130500 0.777309
v 0.933051 0.136969 0.832858
v 0.941824 0.167600 0.788743
v 0.945874 0.099823 0.801807
v 0.924101 0.128890 0.764164
v 0.965197 0.138312 0.824509
v 0.932097 0.172540 0.794372
v 0.925077 0.120644 0.765696
v 0.948703 0.135792 0.801476
v 0.906704 0.157409 0.760422
v 0.941517 0.234447 0.751075
v 0.921786 0.136862 0.722143
v 0.935044 0.171361 0.769039
v 0.932962 0.199825 0.705572
v 0.919853 0.158847 0.805274
v 0.940768 0.142061 0.762550
v 0.932526 0.187673 0.739252
v 0.888901 0.191871 0.777760
v 0.925174 0.162588 0.806332
v 0.947828 0.135760 0.762486
v 0.930895 0.176533 0.729427
v 0.895982 0.196457 0.770419
v 0.965667 0.243366 0.742337
v 0.929603 0.151348 0.771773
v 0.941941 0.177193 0.725485
v 0.970750 0.213493 0.786287
v 0.951845 0.250449 0.745824
v 0.933522 0.163659 0.727605
v 0.949209 0.196442 0.762838
v 0.949202 0.221747 0.712858
v 1.019465 0.023266 0.775506
v 0.986196 0.057194 0.714070
v 0.977206 0.011675 0.743980
v 1.026737 0.070096 0.748125
v 0.988965 0.089759 0.754046
v 0.996143 0.042494 0.755309
v 0.975059 0.039054 0.705650
v 0.970795 0.087091 0.703506
v 1.013296 0.081188 0.740307
v 0.995477 0.031525 0.752192
v 0.962605 0.031836 0.701196
v 0.983515 0.080685 0.687824
v 1.012295 0.082219 0.752805
v 0.995476 0.030847 0.707717
v 0.975658 0.050044 0.752855
v 1.030511 0.065206 0.706359
v 1.032424 0.023252 0.768023
v 1.006537 0.055947 0.722996
v 0.997695 0.018199 0.743175
v 1.040021 0.061924 0.749993
v 0.772441 0.000783 0.816984
v 0.807749 -0.049135 0.770973
v 0.773448 -0.006205 0.763360
v 0.809142 -0.039941 0.824770
v 0.764866 0.019636 0.742042
v 0.776292 -0.026704 0.746578
v 0.796790 -0.017424 0.795632
v 0.782340 0.028743 0.791975
v 0.752611 0.016081 0.749791
v 0.784497 -0.025809 0.734062
v 0.799594 -0.034131 0.792156
v 0.764591 0.006195 0.807994
v 0.734507 -0.011167 0.783669
v 0.805203 -0.006963 0.779256
v 0.767596 -0.039020 0.762824
v 0.769621 0.022124 0.797461
v 0.755386 -0.023123 0.827717
v 0.796139 -0.040900 0.784255
v 0.758132 -0.016888 0.785280
v 0.794551 -0.044998 0.827485
v 0.812431 0.077217 0.742592
v 0.857215 0.011545 0.735514
v 0.844379 0.052919 0.700611
v 0.835628 0.038308 0.777990
v 0.838118 0.068662 0.671969
v 0.841937 0.026738 0.696005
v 0.856620 0.051338 0.740987
v 0.846641 0.093949 0.717394
v 0.837964 0.060830 0.663880
v 0.851797 0.014734 0.689454
v 0.851499 0.041611 0.742966
v 0.829921 0.087639 0.717337
v 0.808026 0.075834 0.708732
v 0.871722 0.046436 0.728884
v 0.825432 0.031179 0.707882
v 0.854603 0.091804 0.726792
v 0.781294 0.061964 0.754756
v 0.848841 0.027947 0.740234
v 0.822333 0.056632 0.718688
v 0.814884 0.036572 0.777111
v 0.988331 0.262400 0.760461
v 0.926723 0.233551 0.718617
v 0.946564 0.191182 0.742697
v 0.944389 0.289987 0.734407
v 0.903960 0.261201 0.739797
v 0.944611 0.242429 0.748940
v 0.922802 0.196592 0.714650
v 0.851230 0.218286 0.703658
v 0.924540 0.278141 0.728552
v 0.952238 0.235145 0.744378
v 0.903381 0.175620 0.711031
v 0.861903 0.215639 0.691044
v 0.923375 0.278632 0.735126
v 0.948287 0.214811 0.710652
v 0.925969 0.224477 0.754017
v 0.931040 0.262558 0.689812
v 0.992009 0.260281 0.755092
v 0.936795 0.259739 0.723021
v 0.956660 0.216498 0.740402
v 0.965365 0.293268 0.736604
v 0.941047 0.194586 0.750873
v 0.878979 0.196584 0.697267
v 0.899091 0.147592 0.714616
v 0.925432 0.250297 0.738735
v 0.812402 0.227515 0.717072
v 0.912196 0.208132 0.732351
v 0.875361 0.155529 0.684693
v 0.817222 0.179422 0.668428
v 0.897984 0.242330 0.713854
v 0.936978 0.203929 0.727661
v 0.860123 0.144141 0.683960
v 0.816681 0.188221 0.669039
v 0.876437 0.239621 0.719267
v 0.908540 0.178680 0.685842
v 0.866052 0.182758 0.730093
v 0.922003 0.238705 0.675085
v 0.958275 0.237426 0.735700
v 0.906267 0.216697 0.702383
v 0.933101 0.188702 0.720833
v 0.934520 0.269161 0.720917
v 0.909317 0.165483 0.700814
v 0.846411 0.119907 0.649337
v 0.880594 0.107216 0.693719
v 0.860924 0.171231 0.656323
v 0.801243 0.151280 0.662368
v 0.858052 0.142147 0.681993
v 0.860691 0.096358 0.658040
v 0.815714 0.105924 0.635502
v 0.827114 0.160573 0.655960
v 0.876446 0.134463 0.681198
v 0.853810 0.084766 0.661870
v 0.812278 0.111051 0.633411
v 0.827514 0.163666 0.654317
v 0.870450 0.104351 0.650944
v 0.843090 0.134115 0.689539
v 0.850802 0.133014 0.615595
v 0.927617 0.181394 0.675557
v 0.851843 0.132766 0.650613
v 0.888326 0.126156 0.677402
v 0.866321 0.173599 0.645900
v 0.948755 0.073783 0.757843
v 0.939817 0.000674 0.750455
v 0.959495 0.041192 0.717665
v 0.932167 0.033393 0.791948
v 0.985408 0.053063 0.696076
v 0.948632 0.022054 0.707946
v 0.957292 0.031560 0.760354
v 0.992227 0.064915 0.747912
v 0.972214 0.052510 0.685345
v 0.941565 0.010252 0.702368
v 0.953236 0.024096 0.760058
v 0.981197 0.068469 0.742553
v 0.940088 0.074782 0.714083
v 0.975049 0.024300 0.748668
v 0.929801 0.029096 0.720849
v 0.986606 0.069767 0.739070
v 0.941839 0.075554 0.771344
v 0.937384 0.018923 0.755290
v 0.949161 0.055691 0.734570
v 0.932585 0.038864 0.792937
v 1.036110 0.040382 0.751291
v 0.990785 0.031888 0.687667
v 0.985692 0.023031 0.744287
v 1.040412 0.052199 0.695540
v 1.002920 0.076068 0.680544
v 1.006634 0.050985 0.723623
v 0.978210 0.013509 0.700678
v 0.977299 0.037863 0.656380
v 1.005028 0.077336 0.692011
v 0.999927 0.042377 0.734918
v 0.971063 0.006549 0.697565
v 0.979456 0.040707 0.653681
v 1.028828 0.062178 0.683170
v 0.989192 0.008478 0.704802
v 0.995520 0.056160 0.720096
v 1.020571 0.015687 0.665789
v 1.038999 0.031872 0.753557
v 1.017976 0.034778 0.694769
v 1.000729 0.024135 0.735665
v 1.055725 0.044851 0.713493
v 1.021632 -0.020438 0.751522
v 0.981958 0.015669 0.695536
v 0.970068 -0.022095 0.735096
v 1.033097 0.019294 0.714555
v 1.007073 0.049461 0.704807
v 1.003067 0.007529 0.728798
v 0.959780 -0.003463 0.698574
v 0.965969 0.037669 0.672472
v 1.018912 0.036020 0.715420
v 0.996181 -0.010725 0.731557
v 0.947685 0.000297 0.697035
v 0.972491 0.045873 0.678316
v 1.022446 0.038051 0.707769
v 0.980387 -0.016540 0.695089
v 0.982669 0.020037 0.731528
v 1.018659 0.003503 0.669671
v 1.030177 -0.025600 0.740411
v 1.005702 0.005082 0.693051
v 0.989799 -0.015672 0.729898
v 1.046514 -0.003005 0.705328
v 0.973723 -0.037509 0.777125
v 0.960115 -0.033408 0.699796
v 0.928792 -0.042004 0.747291
v 1.004669 -0.025883 0.730497
v 0.994313 -0.001841 0.705493
v 0.967000 -0.024338 0.741029
v 0.936575 -0.044915 0.702055
v 0.966266 -0.024358 0.666353
v 0.975800 -0.027075 0.670784
v 0.949587 -0.060482 0.706840
v 0.926267 -0.015520 0.735985
v 0.950090 0.017771 0.697322
v 0.999240 -0.006999 0.714590
v 0.952010 -0.059079 0.713101
v 0.951724 -0.011466 0.729874
v 0.998946 -0.053381 0.695054
v 0.992591 -0.054350 0.768695
v 0.975749 -0.044999 0.709324
v 0.955260 -0.044061 0.750280
v 1.013867 -0.052979 0.728437
v 0.958287 -0.039167 0.787112
v 0.925587 0.004547 0.732780
v 0.926755 -0.048525 0.744234
v 0.954706 0.013912 0.777997
v 0.915577 0.031758 0.766881
v 0.934623 -0.012506 0.768029
v 0.917425 -0.019606 0.717323
v 0.901049 0.026084 0.715452
v 0.923505 0.022915 0.773897
v 0.938822 -0.027455 0.761890
v 0.911576 -0.022741 0.707910
v 0.899298 0.029108 0.719014
v 0.930338 0.030995 0.769121
v 0.936374 -0.017660 0.718260
v 0.916330 -0.014235 0.767577
v 0.947648 0.028749 0.719008
v 0.965601 -0.033328 0.783860
v 0.946610 0.009847 0.745951
v 0.940580 -0.032747 0.748845
v 0.969686 0.009311 0.782797
v 0.849849 0.111047 0.670897
v 0.872797 0.059601 0.722491
v 0.879040 0.068431 0.665982
v 0.835489 0.105211 0.727982
v 0.897869 0.065730 0.637150
v 0.881111 0.045763 0.680156
v 0.869413 0.092039 0.699217
v 0.883548 0.111647 0.654501
v 0.888595 0.055649 0.632898
v 0.885657 0.034450 0.685176
v 0.867876 0.085087 0.706694
v 0.867645 0.105281 0.653260
v 0.843421 0.065510 0.643273
v 0.889000 0.089968 0.693753
v 0.860946 0.047876 0.686341
v 0.873493 0.106289 0.648771
v 0.820297 0.110660 0.687154
v 0.865081 0.068319 0.710593
v 0.853605 0.082303 0.668818
v 0.830634 0.098453 0.728796
v 0.733816 -0.056933 0.702026
v 0.804331 -0.085241 0.719481
v 0.779823 -0.061447 0.673884
v 0.758748 -0.077743 0.748642
v 0.789499 -0.036475 0.648674
v 0.805733 -0.073825 0.675862
v 0.767476 -0.064139 0.712661
v 0.749413 -0.028283 0.683454
v 0.790064 -0.035758 0.648514
v 0.814199 -0.078814 0.672380
v 0.778426 -0.072018 0.720849
v 0.751938 -0.030562 0.694962
v 0.751212 -0.079473 0.651237
v 0.781630 -0.048757 0.708766
v 0.790579 -0.090220 0.680107
v 0.743828 -0.036726 0.677579
v 0.721178 -0.080412 0.693899
v 0.779877 -0.081060 0.715382
v 0.759313 -0.073989 0.675150
v 0.741096 -0.085082 0.734570
v 0.786648 -0.052902 0.726714
v 0.834722 -0.110767 0.735841
v 0.826951 -0.071757 0.696627
v 0.796182 -0.089669 0.767505
v 0.796784 -0.145536 0.710262
v 0.811196 -0.107737 0.737773
v 0.838425 -0.090100 0.694989
v 0.821171 -0.126893 0.666623
v 0.791433 -0.133883 0.728078
v 0.819941 -0.089077 0.740941
v 0.849100 -0.092756 0.687877
v 0.817649 -0.136126 0.673777
v 0.787257 -0.111833 0.676569
v 0.813952 -0.085594 0.738301
v 0.833833 -0.107295 0.694494
v 0.767360 -0.087749 0.718571
v 0.783423 -0.057902 0.744853
v 0.813780 -0.107610 0.731090
v 0.802280 -0.071493 0.708966
v 0.796946 -0.092607 0.767864
v 0.810232 -0.056469 0.808439
v 0.861884 -0.061357 0.749370
v 0.805127 -0.053408 0.754632
v 0.867124 -0.061320 0.803816
v 0.778461 -0.044782 0.729690
v 0.824742 -0.064413 0.731572
v 0.831296 -0.045206 0.781205
v 0.783367 -0.027972 0.780174
v 0.805374 -0.004838 0.739241
v 0.853412 -0.033257 0.744580
v 0.820392 -0.081065 0.746582
v 0.772399 -0.052322 0.737722
v 0.777899 -0.078888 0.763357
v 0.831212 -0.032331 0.766043
v 0.825364 -0.078932 0.747197
v 0.782393 -0.031557 0.779512
v 0.805478 -0.079260 0.813601
v 0.848336 -0.066340 0.770221
v 0.802651 -0.065234 0.773329
v 0.850984 -0.078160 0.811758
v 0.809532 0.057389 0.750788
v 0.797543 0.014298 0.699863
v 0.841971 0.015017 0.736553
v 0.781269 0.060235 0.718261
v 0.755736 0.014301 0.711471
v 0.797153 0.027938 0.737078
v 0.827991 0.007080 0.698600
v 0.786016 -0.003993 0.671511
v 0.766022 0.038654 0.714103
v 0.819710 0.035432 0.732977
v 0.827361 -0.011932 0.700057
v 0.774238 -0.006535 0.678566
v 0.778859 0.045174 0.683147
v 0.826511 0.031607 0.736286
v 0.802850 0.005906 0.697045
v 0.803757 0.071752 0.720135
v 0.806740 0.063678 0.746490
v 0.797732 0.037445 0.700500
v 0.829813 0.030454 0.732336
v 0.788509 0.074111 0.717950
v 0.829100 0.030168 0.711080
v 0.844594 -0.036298 0.741802
v 0.850610 -0.012335 0.690476
v 0.825962 0.007708 0.763079
v 0.868012 -0.020470 0.658753
v 0.851530 -0.041558 0.701258
v 0.846180 0.004204 0.724173
v 0.859922 0.025300 0.680107
v 0.859540 -0.038000 0.655319
v 0.847264 -0.055834 0.707660
v 0.848069 -0.002063 0.727863
v 0.857044 0.015810 0.674247
v 0.802161 0.014063 0.708326
v 0.860002 -0.024243 0.691111
v 0.832788 -0.013165 0.735471
v 0.827087 0.001038 0.663568
v 0.808027 0.030338 0.706654
v 0.834641 -0.016334 0.733742
v 0.831326 -0.000461 0.691292
v 0.813321 0.016141 0.749308
v 0.993239 0.177855 0.691704
v 0.916399 0.111196 0.715904
v 0.947667 0.116154 0.667789
v 0.944019 0.158300 0.736638
v 0.971443 0.109083 0.644436
v 0.926814 0.104575 0.668244
v 0.947281 0.129504 0.710690
v 0.991930 0.136874 0.685308
v 0.967635 0.116285 0.640705
v 0.923072 0.093950 0.667159
v 0.933206 0.127674 0.715026
v 0.988669 0.160464 0.689350
v 0.976350 0.199394 0.694611
v 0.943856 0.104512 0.669637
v 0.926707 0.131864 0.710964
v 0.951672 0.144343 0.642898
v 0.989658 0.203828 0.708732
v 0.925256 0.121981 0.709172
v 0.949845 0.145334 0.674812
v 0.940446 0.157119 0.736206
v 0.954505 0.250394 0.741149
v 0.886705 0.144287 0.733290
v 0.964868 0.194924 0.709111
v 0.882631 0.190478 0.764463
v 0.984380 0.189853 0.684308
v 0.918591 0.155649 0.696032
v 0.936468 0.189463 0.744824
v 0.995040 0.232562 0.733649
v 0.989685 0.212811 0.692118
v 0.918199 0.145097 0.689460
v 0.907996 0.173349 0.743218
v 0.967531 0.240845 0.743047
v 0.931271 0.246235 0.734864
v 0.952067 0.173989 0.703848
v 0.902632 0.174065 0.738076
v 0.967843 0.249485 0.699849
v 0.935976 0.248204 0.747938
v 0.903540 0.163650 0.734156
v 0.954314 0.228924 0.721150
v 0.881559 0.187011 0.763702
v 0.834891 0.062109 0.619677
v 0.865305 0.046026 0.638676
v 0.866083 0.076569 0.665724
v 0.833849 0.091471 0.647818
v 0.869658 0.070081 0.607970
v 0.862189 0.042214 0.656012
v 0.872215 0.079083 0.645906
v 0.857364 0.033959 0.617692
v 0.846048 0.115788 0.658645
v 0.859401 0.060968 0.644430
v 0.856197 0.084044 0.682082
v 0.846643 0.092563 0.621257
v 0.861254 0.087669 0.709706
v 0.872300 0.057738 0.680523
v 0.848754 0.079864 0.646720
v 0.838721 0.111309 0.675811
v 0.854930 0.123486 0.648804
v 0.855552 0.077777 0.643863
v 0.859730 0.099818 0.670617
v 0.848723 0.101741 0.622430
v 0.869670 0.094030 0.702918
v 0.871301 0.063748 0.679719
v 0.839988 0.078722 0.656186
v 0.838407 0.110376 0.678397
v 0.877482 0.107979 0.667636
v 0.835595 0.071732 0.668740
v 0.877191 0.071181 0.665479
v 0.835476 0.108804 0.673308
v 0.860757 0.111269 0.678991
v 0.854208 0.070409 0.635989
v 0.862997 0.071540 0.680169
v 0.849481 0.110366 0.635625
v 0.837337 0.098863 0.629876
v 0.860846 0.088976 0.666268
v 0.860200 0.046191 0.652892
v 0.838811 0.056820 0.614906
v 0.824468 0.068425 0.607401
v 0.852491 0.046440 0.623099
v 0.866772 0.077379 0.645475
v 0.836910 0.098780 0.631298
v 1.054932 -0.042003 0.835060
v 1.036557 -0.015089 0.814536
v 1.005041 -0.015714 0.842719
v 1.024940 -0.041270 0.864533
v 1.062692 -0.010670 0.844053
v 1.014725 -0.000236 0.815439
v 1.027506 -0.026914 0.843229
v 1.049561 0.017283 0.818253
v 1.016269 0.046479 0.841936
v 1.010491 -0.010834 0.847460
v 1.011246 0.017204 0.813693
v 1.018127 0.018644 0.875527
v 1.018396 0.015323 0.783978
v 1.003428 -0.013904 0.812205
v 1.015594 0.012337 0.848589
v 1.028132 0.042694 0.819813
v 1.004731 0.053775 0.843596
v 1.003451 0.008113 0.848892
v 1.007545 0.029808 0.821807
v 1.002676 0.032416 0.870958
v 1.028631 -0.004850 0.790142
v 1.000226 -0.012265 0.816782
v 1.017222 0.014751 0.842726
v 1.044343 0.023649 0.814692
v 0.999618 0.033976 0.802817
v 1.024776 0.003576 0.842363
v 0.991643 0.000522 0.817207
v 1.033958 0.036358 0.825985
v 1.010338 0.032481 0.867507
v 1.035059 -0.001172 0.824048
v 0.994624 0.003318 0.843355
v 1.049960 0.029898 0.846740
v 1.050169 0.029190 0.832414
v 1.009917 0.015991 0.845462
v 1.016386 -0.021545 0.820671
v 1.058047 -0.009072 0.809876
v 1.062513 -0.049083 0.828555
v 1.052213 -0.013213 0.824515
v 1.018942 -0.019598 0.849713
v 1.030916 -0.055189 0.855541
v 0.979189 0.043583 0.786494
v 0.950828 0.069514 0.782845
v 0.928315 0.050835 0.812616
v 0.958156 0.026078 0.817793
v 0.973678 0.056009 0.825528
v 0.934961 0.079838 0.792345
v 0.942126 0.043529 0.806408
v 0.965475 0.092583 0.813648
v 0.843338 0.088734 0.816348
v 0.930645 0.060161 0.817148
v 0.904585 0.080889 0.787467
v 0.912269 0.080292 0.849291
v 0.918341 0.091890 0.759227
v 0.923498 0.055813 0.781315
v 0.915760 0.077451 0.822075
v 0.907948 0.113215 0.799280
v 0.801881 0.079330 0.817307
v 0.913646 0.070518 0.818830
v 0.871035 0.081416 0.794888
v 0.889014 0.080920 0.844832
v 0.934617 0.090489 0.769328
v 0.917150 0.060580 0.785488
v 0.927934 0.073871 0.823852
v 0.943378 0.105082 0.807421
v 0.894517 0.096167 0.784686
v 0.938625 0.072867 0.816252
v 0.904995 0.061916 0.794471
v 0.933347 0.108104 0.804605
v 0.895774 0.078227 0.847676
v 0.943667 0.078881 0.805082
v 0.904923 0.058145 0.812409
v 0.936620 0.101598 0.839662
v 0.937771 0.107618 0.825181
v 0.910192 0.074531 0.822364
v 0.939547 0.056363 0.790309
v 0.968256 0.088634 0.795353
v 0.996260 0.059059 0.801229
v 0.964831 0.081906 0.801591
v 0.941791 0.052946 0.819140
v 0.974281 0.030852 0.820856
v 0.904187 0.300080 0.740923
v 0.946160 0.299956 0.740425
v 0.924980 0.258943 0.761386
v 0.856039 0.275604 0.765630
v 0.913123 0.301598 0.727889
v 0.927529 0.262328 0.743415
v 0.943682 0.299591 0.757912
v 0.890944 0.269281 0.716471
v 0.898165 0.294571 0.768609
v 0.965287 0.288812 0.758447
v 0.914034 0.265191 0.772183
v 0.939893 0.308588 0.749468
v 0.939039 0.234232 0.799141
v 0.956485 0.255962 0.763271
v 0.928506 0.289459 0.763844
v 0.910435 0.271983 0.800669
v 0.937854 0.296993 0.776644
v 0.936150 0.295771 0.760392
v 0.952549 0.284873 0.783522
v 0.924699 0.308721 0.755240
v 0.929424 0.234444 0.803223
v 0.953375 0.254036 0.772086
v 0.925073 0.281678 0.769434
v 0.902189 0.270376 0.802899
v 0.947618 0.299385 0.767726
v 0.942433 0.252244 0.782051
v 0.936838 0.292197 0.757561
v 0.959286 0.264844 0.792622
v 0.942519 0.283125 0.791387
v 0.925612 0.289363 0.749155
v 0.952612 0.268547 0.777252
v 0.913212 0.302144 0.764739
v 0.891284 0.294795 0.752522
v 0.939652 0.286175 0.777165
v 0.937100 0.264592 0.745427
v 0.902952 0.276617 0.719993
v 0.874865 0.295108 0.729519
v 0.935501 0.304717 0.732577
v 0.924949 0.270692 0.749935
v 0.846508 0.269128 0.747461
v 0.923355 0.281331 0.779439
v 0.955028 0.261521 0.781213
v 0.880128 0.218427 0.778971
v 0.838984 0.259319 0.781697
v 0.932961 0.286615 0.774225
v 0.910538 0.221272 0.762598
v 0.932714 0.247317 0.793081
v 0.922275 0.268652 0.747275
v 0.899243 0.256033 0.819980
v 0.907909 0.239352 0.776111
v 0.900642 0.215422 0.811113
v 0.893867 0.276537 0.785234
v 0.905176 0.200055 0.833935
v 0.904645 0.194153 0.790569
v 0.904860 0.251919 0.790148
v 0.886548 0.247545 0.829990
v 0.906561 0.273481 0.805776
v 0.909066 0.245207 0.788083
v 0.917877 0.242443 0.810672
v 0.890613 0.275814 0.784507
v 0.900161 0.203330 0.833076
v 0.908947 0.204846 0.794146
v 0.844033 0.242465 0.798556
v 0.834440 0.248090 0.839610
v 0.907119 0.268685 0.797404
v 0.886907 0.206625 0.807758
v 0.896010 0.243401 0.781172
v 0.909908 0.234868 0.823668
v 0.900357 0.243182 0.826458
v 0.909971 0.251242 0.775700
v 0.901885 0.210824 0.803191
v 0.881247 0.276437 0.798149
v 0.865136 0.274297 0.801616
v 0.906722 0.231773 0.805907
v 0.901860 0.219165 0.767674
v 0.872763 0.262323 0.761894
v 0.908021 0.287105 0.753307
v 0.947163 0.281182 0.766448
v 0.884667 0.231524 0.776814
v 0.833114 0.255436 0.767587
v 0.797104 0.209399 0.828539
v 0.861156 0.183173 0.811844
v 0.747396 0.126758 0.809569
v 0.774667 0.167867 0.828605
v 0.809085 0.218103 0.817742
v 0.765800 0.137451 0.795347
v 0.862828 0.177671 0.826404
v 0.794633 0.183609 0.790159
v 0.819321 0.198718 0.855028
v 0.889666 0.160058 0.817607
v 0.773906 0.144164 0.831965
v 0.879329 0.202347 0.834467
v 0.902034 0.126032 0.850209
v 0.866685 0.135699 0.810390
v 0.821028 0.171576 0.836196
v 0.868196 0.158040 0.874167
v 0.822764 0.211571 0.850744
v 0.889271 0.169431 0.828315
v 0.829620 0.169085 0.848826
v 0.867738 0.208942 0.827677
v 0.898270 0.125800 0.853325
v 0.864657 0.136125 0.817998
v 0.786328 0.150459 0.838639
v 0.853533 0.144284 0.875201
v 0.859311 0.191971 0.850630
v 0.853479 0.129783 0.833022
v 0.802252 0.162903 0.822429
v 0.899802 0.157001 0.858775
v 0.877892 0.165254 0.868495
v 0.797970 0.169363 0.819167
v 0.869745 0.143574 0.830620
v 0.814471 0.193919 0.859940
v 0.790930 0.177817 0.854727
v 0.848987 0.156875 0.844231
v 0.793528 0.143695 0.795497
v 0.776889 0.176684 0.808990
v 0.784186 0.220817 0.824458
v 0.835121 0.201051 0.807795
v 0.767147 0.149517 0.814640
v 0.769933 0.181087 0.832942
v 0.942023 0.051996 0.685252
v 0.906346 0.048296 0.668211
v 0.888751 0.046340 0.706605
v 0.924584 0.052350 0.723521
v 0.923659 0.079996 0.697881
v 0.884579 0.051023 0.670216
v 0.907982 0.046788 0.704468
v 0.898829 0.085430 0.665132
v 0.840651 0.084046 0.684935
v 0.887411 0.052033 0.705799
v 0.862929 0.054159 0.668036
v 0.866449 0.083783 0.721584
v 0.864659 0.052862 0.639419
v 0.884496 0.033036 0.673320
v 0.870892 0.065907 0.702357
v 0.848674 0.084410 0.668487
v 0.830882 0.084668 0.689233
v 0.870021 0.060573 0.703967
v 0.848082 0.060506 0.675652
v 0.853621 0.086199 0.716502
v 0.891447 0.042875 0.645310
v 0.876705 0.032351 0.680467
v 0.878457 0.070133 0.693480
v 0.891060 0.080818 0.657108
v 0.848080 0.045829 0.654693
v 0.887491 0.068543 0.687943
v 0.866352 0.034731 0.687313
v 0.870641 0.078559 0.653718
v 0.840989 0.078206 0.697387
v 0.896935 0.065803 0.675532
v 0.864791 0.045303 0.698373
v 0.871649 0.098103 0.672475
v 0.895368 0.087115 0.657363
v 0.865368 0.067934 0.683271
v 0.897811 0.037001 0.694025
v 0.928644 0.057971 0.669944
v 0.953320 0.055618 0.691745
v 0.919792 0.063004 0.671925
v 0.898259 0.060491 0.708219
v 0.932558 0.055291 0.728318
v 0.800861 0.061521 0.628571
v 0.839099 0.067693 0.637145
v 0.837414 0.038760 0.666090
v 0.799523 0.031223 0.655553
v 0.820081 0.063723 0.612579
v 0.845239 0.034615 0.653210
v 0.831844 0.071555 0.649042
v 0.831134 0.026379 0.617251
v 0.795104 0.079755 0.646299
v 0.852383 0.070831 0.666564
v 0.814301 0.048335 0.663821
v 0.833445 0.101570 0.646529
v 0.834714 0.068311 0.714847
v 0.855891 0.053279 0.679022
v 0.817404 0.061886 0.652830
v 0.797231 0.079326 0.688603
v 0.797214 0.084673 0.638934
v 0.839057 0.081171 0.663931
v 0.807268 0.065654 0.663881
v 0.829395 0.098969 0.637395
v 0.834853 0.075105 0.713363
v 0.851321 0.056188 0.683221
v 0.812929 0.051894 0.666096
v 0.797052 0.072933 0.695386
v 0.807142 0.085241 0.654447
v 0.840079 0.058445 0.691125
v 0.823763 0.051877 0.653361
v 0.822240 0.093235 0.691042
v 0.830884 0.102465 0.653231
v 0.817918 0.048663 0.671597
v 0.849951 0.067418 0.646973
v 0.800309 0.084483 0.679864
v 0.793566 0.063371 0.634831
v 0.823289 0.074111 0.666034
v 0.848517 0.037672 0.655457
v 0.819765 0.028435 0.622214
v 0.804952 0.051241 0.599332
v 0.837142 0.061576 0.619867
v 0.825955 0.036556 0.650760
v 0.794855 0.024653 0.628772
v 0.810661 0.028830 0.636905
v 0.848649 0.026432 0.648267
v 0.836343 0.007290 0.683222
v 0.798329 0.007853 0.670352
v 0.813276 0.018200 0.632706
v 0.846392 -0.000695 0.674443
v 0.839673 0.034052 0.656289
v 0.818002 -0.015989 0.652126
v 0.831968 0.073934 0.680840
v 0.831061 0.018606 0.663062
v 0.853122 0.041665 0.693755
v 0.808031 0.050847 0.651988
v 0.869563 0.050375 0.713439
v 0.864553 0.017609 0.686100
v 0.824337 0.035664 0.669824
v 0.831083 0.069807 0.695581
v 0.826891 0.078426 0.662602
v 0.831763 0.032739 0.660753
v 0.845488 0.057895 0.680207
v 0.811582 0.053430 0.644499
v 0.865917 0.049727 0.718305
v 0.862389 0.025688 0.688101
v 0.820356 0.026894 0.692533
v 0.824107 0.052870 0.721400
v 0.817144 0.057265 0.669807
v 0.857297 0.030776 0.698728
v 0.823321 0.021440 0.676634
v 0.852156 0.066703 0.689702
v 0.843433 0.066862 0.656100
v 0.831238 0.024217 0.695781
v 0.846593 0.027246 0.653539
v 0.830584 0.064307 0.698951
v 0.790986 0.031062 0.673143
v 0.832493 0.043623 0.682430
v 0.848622 0.003584 0.669143
v 0.806933 -0.007947 0.657321
v 0.784653 0.007725 0.650349
v 0.821962 -0.004875 0.647684
v 0.835826 0.029836 0.662922
v 0.797951 0.041471 0.667757
v 0.841273 -0.014037 0.657705
v 0.876501 -0.008839 0.675232
v 0.863980 -0.032097 0.707155
v 0.829428 -0.038995 0.688094
v 0.842924 -0.027023 0.657334
v 0.883489 -0.035332 0.696309
v 0.858422 -0.005723 0.685329
v 0.866028 -0.057329 0.669545
v 0.841235 0.027727 0.687136
v 0.864859 -0.025635 0.688006
v 0.864130 0.007754 0.715723
v 0.839593 -0.006090 0.660459
v 0.875927 0.015612 0.742508
v 0.885867 -0.017361 0.716851
v 0.850083 -0.006408 0.687957
v 0.842005 0.028220 0.712570
v 0.840685 0.030448 0.673531
v 0.861833 -0.010037 0.682869
v 0.856500 0.018816 0.700542
v 0.844062 0.001220 0.656472
v 0.882791 0.014454 0.682474
v 0.876084 -0.018237 0.700479
v 0.858786 0.001235 0.733031
v 0.863502 0.033935 0.713574
v 0.839496 0.011297 0.688654
v 0.873382 0.000537 0.732965
v 0.859741 -0.018659 0.699230
v 0.854758 0.031347 0.720818
v 0.848137 0.019811 0.672334
v 0.851739 -0.019739 0.717036
v 0.875181 -0.009957 0.679986
v 0.826118 0.011854 0.710441
v 0.825045 -0.031281 0.675777
v 0.845550 -0.005373 0.704193
v 0.886340 -0.026849 0.696108
v 0.865919 -0.051218 0.665462
v 0.849974 -0.036518 0.633383
v 0.872792 -0.015434 0.656940
v 0.863002 -0.039022 0.689536
v 0.841972 -0.061435 0.665038
v 0.921475 0.036247 0.683357
v 0.930170 0.002457 0.697879
v 0.889510 -0.002350 0.708301
v 0.880599 0.030833 0.691408
v 0.930197 0.021109 0.671105
v 0.892335 -0.010223 0.697529
v 0.926958 0.009286 0.708100
v 0.894532 0.003648 0.660838
v 0.925719 0.046177 0.739743
v 0.904478 0.008639 0.698081
v 0.913066 0.008272 0.742316
v 0.914884 0.047600 0.696281
v 0.906456 0.012859 0.768349
v 0.903841 -0.012867 0.733253
v 0.912163 0.021773 0.704552
v 0.917415 0.047023 0.740317
v 0.943201 0.050308 0.722142
v 0.912295 0.017578 0.707246
v 0.931131 0.024226 0.736881
v 0.923023 0.044944 0.693341
v 0.920945 0.004133 0.764781
v 0.908730 -0.011557 0.730857
v 0.900718 0.024639 0.715334
v 0.915353 0.040314 0.748782
v 0.948224 0.009369 0.732186
v 0.894347 0.023858 0.722062
v 0.915974 -0.009676 0.722873
v 0.926513 0.042583 0.733784
v 0.929540 0.045838 0.728179
v 0.889846 0.012177 0.697788
v 0.921712 0.006734 0.729118
v 0.896209 0.051920 0.698923
v 0.885432 0.047678 0.701111
v 0.911574 0.023748 0.726726
v 0.899998 -0.011619 0.700242
v 0.875828 0.013243 0.672957
v 0.872258 0.029117 0.664516
v 0.897857 0.000840 0.668808
v 0.912645 0.017960 0.703988
v 0.885085 0.045216 0.700723
v 0.939325 0.119316 0.792103
v 0.899162 0.122463 0.791987
v 0.885914 0.080498 0.794421
v 0.936433 0.080233 0.797722
v 0.928650 0.102518 0.825968
v 0.852194 0.108910 0.795105
v 0.911923 0.089505 0.793320
v 0.895980 0.127251 0.831517
v 0.742138 0.085456 0.801553
v 0.845089 0.074453 0.803987
v 0.806385 0.100915 0.779472
v 0.761135 0.058372 0.826901
v 0.894155 0.143074 0.797231
v 0.889531 0.099864 0.805171
v 0.785737 0.075737 0.774395
v 0.814064 0.126494 0.766744
v 0.740699 0.074707 0.810677
v 0.790316 0.069550 0.800418
v 0.754121 0.082732 0.784301
v 0.761143 0.059939 0.826787
v 0.827085 0.128012 0.783684
v 0.861426 0.097040 0.775725
v 0.794460 0.071266 0.810255
v 0.749476 0.101444 0.817047
v 0.747287 0.094852 0.776039
v 0.847161 0.091937 0.812244
v 0.811113 0.076085 0.775304
v 0.753417 0.108376 0.810326
v 0.763986 0.056604 0.821263
v 0.876545 0.114484 0.806567
v 0.805456 0.067442 0.788196
v 0.806817 0.105162 0.838975
v 0.755380 0.112238 0.817913
v 0.767823 0.069092 0.803599
v 0.899522 0.103673 0.783984
v 0.899336 0.143738 0.799698
v 0.943870 0.126234 0.791725
v 0.905758 0.130116 0.802172
v 0.896856 0.089231 0.807462
v 0.942414 0.087445 0.799710
v 0.994060 -0.057601 0.873731
v 0.958639 -0.042448 0.881747
v 0.940253 -0.077169 0.872498
v 0.976314 -0.092845 0.866798
v 0.966364 -0.087518 0.904961
v 0.943838 -0.041469 0.886649
v 0.951316 -0.076962 0.870540
v 0.956901 -0.053055 0.921951
v 0.902145 -0.030981 0.912845
v 0.928654 -0.074289 0.881925
v 0.929208 -0.031963 0.880298
v 0.903355 -0.072961 0.916385
v 0.942828 -0.014057 0.857570
v 0.939790 -0.055851 0.856362
v 0.921280 -0.055289 0.900045
v 0.921978 -0.012962 0.899889
v 0.886556 -0.039969 0.913959
v 0.917680 -0.063280 0.885573
v 0.908404 -0.031049 0.890180
v 0.897046 -0.071852 0.911011
v 0.939700 -0.018058 0.882117
v 0.930359 -0.048337 0.860815
v 0.920799 -0.067459 0.896631
v 0.927995 -0.036058 0.917685
v 0.897056 -0.027292 0.889932
v 0.935766 -0.066398 0.893596
v 0.913286 -0.049631 0.863303
v 0.920986 -0.042252 0.919873
v 0.897698 -0.069200 0.914637
v 0.951484 -0.048990 0.893987
v 0.915151 -0.067565 0.876099
v 0.932550 -0.048592 0.932339
v 0.944202 -0.038573 0.925524
v 0.917227 -0.059473 0.897854
v 0.951448 -0.059079 0.864992
v 0.979359 -0.040224 0.894094
v 1.001885 -0.075106 0.895439
v 0.969860 -0.055785 0.906866
v 0.945667 -0.079798 0.883411
v 0.977860 -0.100503 0.873955
v 0.989584 -0.103165 0.825385
v 0.966153 -0.073907 0.817583
v 0.932292 -0.096687 0.824944
v 0.956220 -0.125434 0.835099
v 0.975395 -0.103748 0.851381
v 0.951161 -0.064419 0.821301
v 0.946875 -0.103320 0.824478
v 0.978263 -0.064847 0.850182
v 0.916162 -0.131149 0.859835
v 0.950482 -0.091886 0.830525
v 0.909311 -0.108497 0.825701
v 0.956121 -0.113101 0.866418
v 0.888737 -0.074242 0.838615
v 0.933161 -0.077710 0.839297
v 0.929849 -0.114052 0.811996
v 0.885239 -0.108831 0.809279
v 0.925675 -0.149751 0.847316
v 0.943847 -0.107935 0.838363
v 0.916023 -0.126237 0.826972
v 0.952220 -0.131047 0.860302
v 0.881167 -0.106555 0.815188
v 0.917204 -0.092293 0.808127
v 0.925960 -0.094926 0.849401
v 0.890434 -0.111391 0.855888
v 0.910532 -0.134290 0.829314
v 0.917620 -0.083594 0.846156
v 0.926928 -0.104854 0.812348
v 0.899043 -0.112884 0.862053
v 0.912230 -0.075238 0.872017
v 0.955659 -0.100585 0.837834
v 0.917576 -0.079105 0.830215
v 0.951331 -0.094453 0.879885
v 0.957692 -0.094627 0.875161
v 0.926521 -0.078945 0.848000
v 0.945366 -0.102099 0.812094
v 0.975032 -0.119718 0.840323
v 1.003151 -0.095949 0.819089
v 0.972652 -0.072037 0.817892
v 0.952941 -0.093624 0.847424
v 0.984882 -0.116327 0.850154
v 1.002187 -0.066102 0.757122
v 0.994197 -0.037138 0.780899
v 0.964831 -0.059042 0.800460
v 0.974768 -0.088828 0.777917
v 1.003648 -0.081503 0.801484
v 0.990038 -0.029985 0.794168
v 0.970426 -0.064492 0.791183
v 1.022766 -0.047245 0.806837
v 0.989415 0.001882 0.832961
v 0.973399 -0.050336 0.812010
v 0.974635 -0.010877 0.795677
v 0.990733 -0.037553 0.848672
v 0.981964 -0.002780 0.765818
v 0.961204 -0.036862 0.781372
v 0.982648 -0.030929 0.823222
v 1.001350 0.004850 0.808069
v 0.973483 0.009423 0.840656
v 0.973646 -0.033125 0.822202
v 0.971269 -0.001807 0.809268
v 0.977908 -0.021502 0.853587
v 0.998606 -0.038468 0.836247
v 0.978497 -0.043043 0.802325
v 0.946285 -0.022487 0.818825
v 0.967748 -0.016089 0.852052
v 0.989970 0.000470 0.807549
v 0.950050 -0.032737 0.827575
v 0.974302 -0.030702 0.793688
v 0.967711 -0.002482 0.842436
v 0.967832 -0.016999 0.847719
v 0.999455 -0.041916 0.802123
v 0.956526 -0.031281 0.809849
v 1.010969 -0.025256 0.839309
v 1.017199 -0.013928 0.813792
v 0.975075 -0.024880 0.822591
v 0.975829 -0.052196 0.785093
v 1.019192 -0.042858 0.778075
v 0.999574 -0.075281 0.753431
v 1.002849 -0.043837 0.774620
v 0.988691 -0.063313 0.808653
v 0.987767 -0.095439 0.787628
v 0.920942 0.083874 0.856288
v 0.952685 0.062516 0.848883
v 0.929052 0.040126 0.823150
v 0.891896 0.061719 0.828468
v 0.936712 0.089400 0.852547
v 0.938645 0.049649 0.814460
v 0.943179 0.053176 0.855770
v 0.929810 0.085855 0.811797
v 0.922347 0.065233 0.881530
v 0.959533 0.032555 0.847030
v 0.916301 0.044457 0.845925
v 0.965963 0.055542 0.881529
v 0.943745 -0.008263 0.851723
v 0.949482 0.025864 0.826493
v 0.927003 0.050088 0.859383
v 0.923752 0.015958 0.885829
v 0.940116 0.063357 0.893217
v 0.956610 0.036222 0.857383
v 0.924707 0.044267 0.871240
v 0.971759 0.056995 0.878315
v 0.934861 -0.006295 0.861591
v 0.943336 0.019617 0.834259
v 0.918050 0.045166 0.854506
v 0.911563 0.019558 0.883259
v 0.955083 0.050641 0.878190
v 0.930564 0.014548 0.844026
v 0.933723 0.053635 0.845464
v 0.954124 0.011710 0.875722
v 0.887003 0.051377 0.854314
v 0.948460 0.061283 0.848472
v 0.918576 0.033512 0.832206
v 0.917067 0.080849 0.868738
v 0.937881 0.088724 0.856232
v 0.915589 0.056918 0.837637
v 0.954771 0.031897 0.840348
v 0.976214 0.063341 0.861548
v 0.925190 0.100079 0.865137
v 0.953133 0.079865 0.846823
v 0.923251 0.054483 0.833941
v 0.888391 0.074664 0.849964
v 0.964665 0.017629 0.837902
v 0.937897 0.022143 0.808935
v 0.924388 -0.015012 0.815500
v 0.949870 -0.018527 0.846284
v 0.933647 0.005364 0.856096
v 0.923808 0.021237 0.802609
v 0.933604 -0.012385 0.821733
v 0.921595 0.038433 0.837670
v 0.870771 0.023363 0.793194
v 0.911410 -0.012551 0.819085
v 0.911475 0.015375 0.785204
v 0.871077 -0.002541 0.828537
v 0.926482 0.045906 0.794713
v 0.925289 0.011846 0.820661
v 0.908453 -0.011682 0.784039
v 0.912319 0.022250 0.757390
v 0.855907 0.005797 0.803233
v 0.901647 -0.007739 0.812717
v 0.884802 0.008438 0.786202
v 0.872762 -0.008601 0.830629
v 0.929093 0.024155 0.769514
v 0.929727 -0.007459 0.790661
v 0.895734 0.005060 0.811994
v 0.893896 0.035856 0.788880
v 0.889395 0.017774 0.768424
v 0.911425 0.007076 0.819687
v 0.911747 -0.009699 0.781970
v 0.890854 0.035824 0.805188
v 0.943946 0.020482 0.846585
v 0.899615 -0.010172 0.819146
v 0.935162 0.012735 0.805992
v 0.910214 -0.004181 0.860092
v 0.877854 0.026839 0.818637
v 0.910426 0.001211 0.832201
v 0.926408 -0.000914 0.787584
v 0.895065 0.026966 0.774694
v 0.967472 0.017451 0.853524
v 0.938066 0.031964 0.831715
v 0.921513 -0.004395 0.827491
v 0.949973 -0.018448 0.851524
v 0.927022 0.217627 0.716283
v 0.835060 0.168232 0.710238
v 0.854780 0.156326 0.748781
v 0.912870 0.193923 0.750882
v 0.862865 0.213126 0.749147
v 0.814484 0.161562 0.715226
v 0.865952 0.164082 0.743825
v 0.794363 0.207439 0.721463
v 0.743978 0.156330 0.744508
v 0.830562 0.164692 0.750790
v 0.785839 0.146495 0.720922
v 0.772863 0.177505 0.773417
v 0.811530 0.181153 0.693504
v 0.843135 0.175489 0.733854
v 0.794884 0.136433 0.737404
v 0.789128 0.140860 0.695380
v 0.739622 0.157271 0.758028
v 0.805509 0.159262 0.750892
v 0.760671 0.146695 0.734296
v 0.768340 0.173264 0.774269
v 0.803414 0.148419 0.694660
v 0.825194 0.138461 0.727026
v 0.793514 0.168166 0.749469
v 0.759241 0.177270 0.717538
v 0.763646 0.134542 0.719570
v 0.807883 0.174405 0.741007
v 0.806911 0.132727 0.737529
v 0.756612 0.174208 0.720162
v 0.837444 0.188100 0.778570
v 0.788051 0.165879 0.734642
v 0.857696 0.156367 0.748430
v 0.770260 0.194382 0.766204
v 0.762227 0.183910 0.763017
v 0.825695 0.177436 0.755848
v 0.811876 0.143808 0.723420
v 0.750501 0.154553 0.729641
v 0.941053 0.229169 0.728115
v 0.867310 0.198737 0.716210
v 0.840381 0.170015 0.750474
v 0.906955 0.184106 0.757047
v 0.989633 0.236882 0.738451
v 0.951118 0.239659 0.730460
v 0.925483 0.217196 0.763328
v 0.978774 0.231172 0.775727
v 0.975709 0.276689 0.752200
v 0.934547 0.236468 0.733640
v 0.947774 0.223192 0.759854
v 0.947326 0.279552 0.723487
v 0.851236 0.246415 0.725577
v 0.911131 0.223666 0.764263
v 0.920230 0.227025 0.726258
v 0.862159 0.257322 0.766495
v 0.910450 0.205287 0.701112
v 0.929444 0.203085 0.741157
v 0.907270 0.242367 0.752874
v 0.874391 0.240473 0.712554
v 0.809038 0.249782 0.739463
v 0.896065 0.229320 0.757679
v 0.864053 0.222961 0.730260
v 0.854557 0.256333 0.765142
v 0.934794 0.224932 0.707236
v 0.918238 0.202891 0.741408
v 0.910290 0.243891 0.750778
v 0.917771 0.260359 0.714514
v 0.845018 0.206829 0.716432
v 0.930407 0.251874 0.748729
v 0.888257 0.194372 0.744486
v 0.906237 0.253238 0.715454
v 0.952571 0.253358 0.788532
v 0.927275 0.253981 0.739888
v 0.914287 0.206078 0.765796
v 0.939387 0.291046 0.760820
v 0.913763 0.275208 0.748802
v 0.934724 0.244143 0.770223
v 0.929469 0.217550 0.736028
v 0.907155 0.246814 0.712407
v 0.993026 0.250548 0.732140
v 0.953401 0.257623 0.729201
v 0.948028 0.242330 0.766354
v 0.993119 0.245107 0.771596
v 0.859300 0.034461 0.853433
v 0.855913 0.018560 0.818766
v 0.841865 0.044365 0.796804
v 0.839974 0.057500 0.831336
v 0.785408 0.032089 0.832221
v 0.871468 0.017257 0.811913
v 0.793078 0.036714 0.801250
v 0.848674 0.009849 0.843332
v 0.859429 0.078772 0.820511
v 0.842867 0.031586 0.815633
v 0.886814 0.056406 0.793326
v 0.808708 0.051062 0.843520
v 0.910092 0.053333 0.769696
v 0.877881 0.028893 0.786247
v 0.827993 0.046962 0.818431
v 0.897112 0.082114 0.803057
v 0.791161 0.078157 0.811262
v 0.816333 0.040597 0.815049
v 0.837222 0.064433 0.792693
v 0.774071 0.054919 0.834675
v 0.916449 0.060833 0.780023
v 0.886312 0.037400 0.787024
v 0.862962 0.048495 0.824093
v 0.910486 0.078130 0.817348
v 0.763490 0.054165 0.796326
v 0.898749 0.045375 0.794608
v 0.832587 0.037443 0.816050
v 0.876135 0.074888 0.777549
v 0.868959 0.078174 0.792455
v 0.818375 0.036070 0.825214
v 0.883244 0.043370 0.792217
v 0.773414 0.062797 0.824150
v 0.800350 0.050294 0.844848
v 0.828779 0.052689 0.804801
v 0.868912 0.019818 0.806671
v 0.848484 0.020676 0.846834
v 0.843176 0.033436 0.866902
v 0.843894 0.017950 0.830827
v 0.803270 0.038704 0.810397
v 0.808659 0.054348 0.847558
v 0.889314 -0.042361 0.592530
v 0.913681 -0.014953 0.604137
v 0.942504 -0.042217 0.614909
v 0.918664 -0.069562 0.600894
v 0.923018 -0.050728 0.572696
v 0.925860 -0.007665 0.606397
v 0.932659 -0.046181 0.610392
v 0.918474 -0.012227 0.567788
v 0.969214 0.022981 0.600621
v 0.952628 -0.032531 0.604957
v 0.937297 0.004566 0.620379
v 0.983238 -0.013456 0.583031
v 0.918356 0.019124 0.633819
v 0.929734 -0.021393 0.633393
v 0.957542 -0.013640 0.595844
v 0.947955 0.027663 0.598206
v 0.982806 0.022621 0.600553
v 0.962558 -0.018766 0.606943
v 0.955301 0.012842 0.616926
v 0.989127 -0.008428 0.588800
v 0.913524 0.009360 0.613974
v 0.935624 -0.017197 0.631064
v 0.960661 -0.017552 0.596990
v 0.939595 0.010833 0.581009
v 0.959467 0.022562 0.622170
v 0.945268 -0.022499 0.594913
v 0.952935 -0.011925 0.634357
v 0.949592 0.012836 0.583211
v 0.984325 0.003782 0.599233
v 0.929661 -0.020839 0.588867
v 0.957043 -0.015584 0.624216
v 0.956192 0.000825 0.564486
v 0.931211 0.007448 0.570439
v 0.957686 -0.003738 0.604278
v 0.927719 -0.036918 0.614627
v 0.902615 -0.026958 0.578770
v 0.894359 -0.055403 0.576777
v 0.907684 -0.021423 0.586489
v 0.946449 -0.036590 0.591478
v 0.933222 -0.070326 0.579315
v 0.935134 0.024388 0.638537
v 0.929918 0.045192 0.671120
v 0.959993 0.024099 0.690614
v 0.966715 0.004739 0.656826
v 0.963417 0.039282 0.640482
v 0.939727 0.052634 0.690279
v 0.952995 0.019658 0.671991
v 0.952508 0.072498 0.659314
v 0.966236 0.083865 0.719907
v 0.971052 0.032958 0.691179
v 0.937574 0.057626 0.706047
v 0.999645 0.060727 0.702977
v 0.918782 0.072333 0.715339
v 0.930226 0.034110 0.701088
v 0.974698 0.048483 0.694795
v 0.963448 0.086244 0.711763
v 0.982428 0.083860 0.722083
v 0.973930 0.042559 0.702420
v 0.954420 0.066762 0.717892
v 1.001737 0.060798 0.704924
v 0.921281 0.062853 0.712303
v 0.941079 0.031227 0.704907
v 0.974043 0.052731 0.691562
v 0.954734 0.084495 0.701371
v 0.959225 0.073052 0.728934
v 0.961311 0.047222 0.679101
v 0.955484 0.037544 0.719116
v 0.962683 0.083243 0.689022
v 0.994681 0.056080 0.718248
v 0.948365 0.058637 0.677885
v 0.963113 0.031093 0.708778
v 0.978815 0.084700 0.689440
v 0.958156 0.088449 0.690504
v 0.973884 0.050663 0.701650
v 0.934468 0.032129 0.684080
v 0.920081 0.070168 0.670529
v 0.931382 0.023822 0.629275
v 0.929405 0.049912 0.657638
v 0.964806 0.035254 0.674717
v 0.967868 0.010460 0.644620
v 0.953241 0.279137 0.764208
v 0.942760 0.246728 0.738369
v 0.944106 0.196591 0.755002
v 0.964148 0.235301 0.784213
v 0.934145 0.262538 0.760852
v 0.930926 0.192601 0.755731
v 0.950672 0.249897 0.738182
v 0.902128 0.209053 0.780418
v 0.987123 0.281973 0.748977
v 0.951200 0.229219 0.728200
v 0.984736 0.229224 0.751076
v 0.948720 0.276961 0.726494
v 0.972398 0.182300 0.699178
v 0.944733 0.185979 0.735771
v 0.970832 0.250265 0.742002
v 0.998213 0.251863 0.705313
v 0.980187 0.275947 0.702733
v 0.960296 0.250370 0.743472
v 0.976121 0.244833 0.713913
v 0.972180 0.288452 0.734798
v 0.993820 0.199809 0.704773
v 0.961208 0.195702 0.729672
v 0.984753 0.241767 0.750362
v 1.016896 0.251665 0.725185
v 0.976794 0.273722 0.725832
v 0.973809 0.200789 0.727007
v 0.959993 0.235982 0.751991
v 0.979112 0.239069 0.700409
v 0.999582 0.250607 0.710117
v 0.962083 0.239435 0.759494
v 0.968981 0.210252 0.727358
v 0.999960 0.279458 0.743169
v 1.001154 0.274640 0.762299
v 0.985882 0.239071 0.732170
v 0.935596 0.203798 0.754773
v 0.957810 0.243487 0.784410
v 0.955142 0.286982 0.775992
v 0.942118 0.259124 0.751607
v 0.953051 0.213494 0.762520
v 0.975861 0.246776 0.790465
v 0.991291 0.260669 0.727176
v 0.970555 0.215308 0.719972
v 0.980722 0.183515 0.743938
v 1.013599 0.242826 0.756950
v 0.977399 0.256581 0.736433
v 0.948920 0.171747 0.744259
v 0.983127 0.215383 0.716721
v 0.959647 0.217969 0.765963
v 1.006344 0.258960 0.721421
v 0.962438 0.174861 0.710645
v 1.018216 0.214629 0.737128
v 0.968738 0.238533 0.702990
v 0.997648 0.143821 0.701068
v 0.960107 0.149021 0.722695
v 0.994998 0.225030 0.725721
v 1.026536 0.212530 0.699417
v 1.006960 0.223416 0.676818
v 0.992373 0.223368 0.723801
v 1.000240 0.190375 0.694483
v 1.004277 0.259304 0.707373
v 0.976203 0.136779 0.685660
v 0.959796 0.154049 0.715947
v 1.018371 0.219888 0.729928
v 1.025027 0.188868 0.692929
v 0.996439 0.245786 0.706050
v 0.981106 0.160068 0.709217
v 0.993869 0.214066 0.735840
v 0.991622 0.187425 0.677726
v 1.021640 0.202799 0.762431
v 0.981371 0.227803 0.729407
v 0.983568 0.170944 0.739895
v 1.013234 0.261730 0.754941
v 0.971900 0.253501 0.741391
v 1.004874 0.216257 0.751719
v 0.961727 0.169418 0.713572
v 0.959656 0.228333 0.708219
v 0.992243 0.274850 0.751241
v 0.962768 0.235953 0.735618
v 0.991048 0.199791 0.750154
v 1.014866 0.245506 0.769919
v 1.024081 0.188877 0.743263
v 0.976111 0.142016 0.718616
v 0.987087 0.112824 0.745251
v 1.004251 0.141401 0.765054
v 1.021739 0.191961 0.738350
v 0.968200 0.117799 0.748564
v 0.989916 0.133661 0.715786
v 0.968423 0.153904 0.764803
v 1.033385 0.175545 0.722870
v 0.971076 0.117654 0.717038
v 1.014786 0.122434 0.726740
v 0.993850 0.174474 0.716595
v 0.992618 0.087104 0.685703
v 0.972467 0.104173 0.721084
v 1.009202 0.132165 0.726069
v 1.027938 0.116385 0.688711
v 1.034974 0.182763 0.708263
v 0.980071 0.128877 0.706842
v 1.014734 0.136077 0.712597
v 1.000915 0.176800 0.704547
v 1.004190 0.105930 0.682403
v 0.981235 0.107426 0.714796
v 1.012819 0.125115 0.735686
v 1.034908 0.125518 0.702175
v 1.026366 0.176209 0.726569
v 0.994325 0.107036 0.709046
v 0.996635 0.129105 0.743464
v 0.996476 0.138403 0.686813
v 1.023515 0.136476 0.694419
v 0.996411 0.130812 0.749289
v 0.992951 0.112484 0.708812
v 1.031387 0.154792 0.735685
v 1.036694 0.134235 0.744139
v 1.008186 0.121750 0.712541
v 0.974209 0.118327 0.745457
v 1.002489 0.133375 0.776638
v 1.007810 0.177857 0.772226
v 0.990440 0.166557 0.746491
v 0.991980 0.120311 0.749528
v 1.014306 0.135740 0.778564
v 0.852747 0.028465 0.726315
v 0.856113 0.029159 0.765898
v 0.897615 0.022466 0.762038
v 0.894326 0.024060 0.722071
v 0.884482 0.054717 0.733345
v 0.866436 0.033072 0.782460
v 0.887577 0.020897 0.748616
v 0.842239 0.061940 0.765995
v 0.889564 0.059555 0.815641
v 0.894564 0.028958 0.765251
v 0.875341 0.028010 0.806078
v 0.913662 0.063784 0.774847
v 0.850188 0.010471 0.814080
v 0.874521 0.006553 0.776956
v 0.896277 0.044987 0.787248
v 0.850593 0.041763 0.824196
v 0.907261 0.060090 0.823327
v 0.900555 0.034338 0.783404
v 0.887442 0.035168 0.816761
v 0.918840 0.060637 0.789638
v 0.841408 0.018575 0.785429
v 0.879025 0.007977 0.779376
v 0.891882 0.044536 0.789865
v 0.798692 0.040733 0.793839
v 0.866320 0.020611 0.824382
v 0.882838 0.043144 0.775441
v 0.889798 0.009311 0.795371
v 0.803055 0.040047 0.799432
v 0.898676 0.061741 0.808555
v 0.864728 0.038746 0.766033
v 0.898847 0.025823 0.792141
v 0.810105 0.061215 0.780418
v 0.800229 0.053589 0.772019
v 0.884069 0.043825 0.794587
v 0.881006 0.013641 0.760635
v 0.849682 0.037564 0.740652
v 0.854424 0.045149 0.715075
v 0.852343 0.047581 0.754531
v 0.893638 0.033482 0.755550
v 0.894362 0.032761 0.715426
v 0.854122 0.050815 0.861486
v 0.822054 0.034890 0.822429
v 0.887117 0.015086 0.827750
v 0.894045 0.024125 0.866098
v 0.835116 0.040576 0.859420
v 0.870352 0.009542 0.822459
v 0.851878 0.042535 0.828548
v 0.847427 0.005492 0.854470
v 0.893823 0.052346 0.867283
v 0.853749 0.041855 0.807673
v 0.901685 0.025607 0.836921
v 0.794892 0.055264 0.835420
v 0.922842 0.041472 0.787173
v 0.881961 0.028581 0.798499
v 0.891089 0.039575 0.843566
v 0.931282 0.054848 0.831368
v 0.895601 0.066963 0.863909
v 0.848636 0.050420 0.816373
v 0.904350 0.045486 0.840794
v 0.807097 0.063017 0.838122
v 0.913759 0.058256 0.792086
v 0.884451 0.034983 0.802995
v 0.901766 0.032764 0.841591
v 0.929681 0.057984 0.831012
v 0.826546 0.049030 0.844268
v 0.901145 0.041677 0.806981
v 0.880695 0.025573 0.839066
v 0.842691 0.064307 0.810873
v 0.776196 0.050106 0.831786
v 0.906388 0.034467 0.832782
v 0.849920 0.030805 0.820575
v 0.901251 0.071844 0.847170
v 0.902929 0.033588 0.871624
v 0.894570 0.049737 0.831144
v 0.871506 0.013454 0.819219
v 0.876555 -0.001795 0.860928
v 0.866985 0.035320 0.888883
v 0.839044 0.036367 0.850671
v 0.880197 0.011660 0.838664
v 0.891866 0.005638 0.876530
v 0.874652 -0.002806 0.863051
v 0.864314 0.003403 0.825259
v 0.902069 -0.010205 0.812888
v 0.911315 -0.018477 0.850941
v 0.861763 0.004589 0.857290
v 0.884790 -0.022728 0.814071
v 0.880318 0.014998 0.824573
v 0.868139 -0.033021 0.848300
v 0.905747 0.046098 0.838649
v 0.892059 -0.009044 0.826281
v 0.899692 0.026201 0.802481
v 0.900739 0.010738 0.862492
v 0.917576 0.031886 0.778159
v 0.891933 -0.000669 0.789581
v 0.896108 0.011173 0.835133
v 0.919722 0.045387 0.823059
v 0.889320 0.054043 0.840177
v 0.887705 0.009553 0.834680
v 0.896678 0.035709 0.813987
v 0.885920 0.028857 0.861719
v 0.914684 0.025416 0.772418
v 0.892797 0.000657 0.792565
v 0.912143 0.011845 0.828232
v 0.932372 0.038319 0.808020
v 0.877360 0.036306 0.833244
v 0.908288 0.010576 0.792779
v 0.892135 0.002046 0.830168
v 0.893828 0.045156 0.795317
v 0.865343 0.042691 0.825544
v 0.915123 0.000490 0.815226
v 0.871268 0.007094 0.822839
v 0.922256 0.040112 0.816565
v 0.915118 0.007933 0.861542
v 0.905513 0.020711 0.820183
v 0.881052 -0.016945 0.813257
v 0.888661 -0.028417 0.855935
v 0.868906 -0.008127 0.880255
v 0.860565 0.002184 0.842988
v 0.893398 -0.019354 0.829387
v 0.900126 -0.031412 0.866820
v 0.862837 -0.042838 0.821766
v 0.870714 -0.026270 0.787038
v 0.900947 -0.053230 0.779868
v 0.891167 -0.071091 0.813843
v 0.853374 -0.045567 0.813165
v 0.888270 -0.053908 0.769049
v 0.882249 -0.025593 0.797289
v 0.860688 -0.074836 0.786720
v 0.908047 -0.004920 0.826982
v 0.885050 -0.045559 0.789786
v 0.916488 -0.015328 0.786995
v 0.878547 -0.036417 0.830928
v 0.937857 -0.003736 0.773674
v 0.904730 -0.029423 0.761698
v 0.893732 -0.034952 0.807476
v 0.925515 -0.007016 0.819088
v 0.892087 0.002987 0.831127
v 0.888259 -0.033345 0.801450
v 0.905503 -0.003836 0.801125
v 0.876463 -0.027075 0.832633
v 0.887275 0.005247 0.785564
v 0.892525 -0.030763 0.776423
v 0.933986 -0.026538 0.783409
v 0.928068 0.009179 0.794903
v 0.899374 -0.009049 0.817082
v 0.930884 -0.022811 0.771964
v 0.895536 -0.035241 0.789766
v 0.933246 0.004933 0.798271
v 0.881347 0.002140 0.810868
v 0.916361 -0.042305 0.792979
v 0.874314 -0.028890 0.785301
v 0.923989 -0.009619 0.816689
v 0.896171 -0.062816 0.828275
v 0.909163 -0.029265 0.804934
v 0.883064 -0.043463 0.768302
v 0.868015 -0.075881 0.793048
v 0.851056 -0.071724 0.824057
v 0.851664 -0.042556 0.799249
v 0.888933 -0.055025 0.784311
v 0.886908 -0.085590 0.807754
v 0.855275 0.016506 0.759041
v 0.865426 -0.013271 0.737312
v 0.896874 -0.020743 0.764439
v 0.884923 0.008036 0.787477
v 0.846507 0.008069 0.757024
v 0.882196 -0.033229 0.763246
v 0.879323 -0.001869 0.738350
v 0.850381 -0.021786 0.783456
v 0.893724 0.036162 0.742704
v 0.880298 -0.018380 0.758014
v 0.911635 0.001214 0.733235
v 0.863977 0.017189 0.769469
v 0.934516 -0.017493 0.716258
v 0.897430 -0.032083 0.735528
v 0.891482 0.007419 0.756733
v 0.927457 0.022661 0.735026
v 0.894468 0.040793 0.728503
v 0.876317 0.001475 0.746121
v 0.906664 0.011353 0.730257
v 0.865051 0.031629 0.746077
v 0.941986 -0.003492 0.728303
v 0.910326 -0.024675 0.736580
v 0.896338 0.003610 0.762788
v 0.927152 0.025737 0.752424
v 0.902810 0.017328 0.716251
v 0.911688 -0.005284 0.767097
v 0.892688 -0.015268 0.731496
v 0.923801 0.026619 0.750662
v 0.899829 0.029540 0.729080
v 0.873877 -0.008824 0.767060
v 0.905463 -0.009522 0.734929
v 0.870237 0.031026 0.762704
v 0.880631 0.022010 0.782721
v 0.897931 0.008036 0.744415
v 0.882699 -0.032994 0.755082
v 0.863008 -0.018126 0.792370
v 0.852566 0.012835 0.793703
v 0.860470 -0.020638 0.777951
v 0.872811 -0.002741 0.742268
v 0.867020 0.031003 0.759260
v 0.928726 0.091749 0.686626
v 0.946779 0.092894 0.722000
v 0.962253 0.056509 0.714917
v 0.945902 0.056531 0.678261
v 0.968272 0.084832 0.677563
v 0.961306 0.087946 0.733983
v 0.952165 0.062135 0.703923
v 0.979603 0.109651 0.707510
v 1.007974 0.081620 0.761146
v 0.973627 0.061960 0.714623
v 0.966239 0.081331 0.754008
v 1.015842 0.064550 0.720935
v 0.955041 0.115970 0.725807
v 0.963355 0.077741 0.709545
v 0.966520 0.062210 0.753909
v 0.955447 0.100363 0.769978
v 1.015871 0.077422 0.764866
v 0.987741 0.060821 0.729001
v 0.982830 0.079071 0.758699
v 1.021317 0.060909 0.734355
v 0.946849 0.104135 0.743902
v 0.949305 0.067163 0.738844
v 0.989081 0.071576 0.725282
v 0.987123 0.108598 0.732755
v 0.974438 0.086536 0.772608
v 0.981879 0.076277 0.717216
v 0.958078 0.062249 0.748070
v 0.996504 0.102163 0.741639
v 1.008328 0.063659 0.754955
v 0.972340 0.088560 0.712710
v 0.968189 0.057563 0.743137
v 1.011990 0.096102 0.726602
v 0.989349 0.113163 0.726058
v 0.985891 0.074280 0.742322
v 0.949195 0.066954 0.713274
v 0.954654 0.105372 0.695164
v 0.940757 0.096752 0.668178
v 0.964174 0.100840 0.699982
v 0.963847 0.061419 0.705378
v 0.942195 0.057395 0.671854
v 0.990646 -0.082297 0.596918
v 1.001837 -0.058287 0.625219
v 1.001143 -0.087964 0.653340
v 0.992190 -0.112416 0.624115
v 1.025923 -0.095189 0.610821
v 1.009727 -0.054005 0.643390
v 0.996911 -0.090811 0.636781
v 1.040333 -0.059404 0.618914
v 1.050364 -0.036803 0.658641
v 1.015664 -0.084469 0.661104
v 1.010659 -0.044662 0.646541
v 1.056526 -0.076918 0.670866
v 0.996136 -0.022585 0.642982
v 0.986162 -0.062355 0.652881
v 1.032516 -0.071473 0.655789
v 1.042206 -0.030714 0.648433
v 1.057143 -0.038324 0.674473
v 1.026179 -0.072810 0.665265
v 1.026528 -0.039437 0.660537
v 1.057906 -0.071688 0.677432
v 1.016376 -0.036164 0.633467
v 0.995737 -0.060328 0.655645
v 1.030299 -0.083008 0.659013
v 1.051511 -0.057345 0.638625
v 1.035505 -0.036664 0.668402
v 1.023731 -0.084670 0.646137
v 1.003942 -0.058473 0.670071
v 1.054537 -0.061497 0.642668
v 1.055089 -0.075304 0.673677
v 1.015947 -0.069133 0.626704
v 1.013006 -0.071366 0.671607
v 1.058610 -0.070707 0.629265
v 1.049132 -0.052649 0.624352
v 1.031549 -0.068943 0.661474
v 0.990031 -0.073355 0.638993
v 1.008784 -0.059235 0.600902
v 0.978749 -0.086067 0.590564
v 1.005585 -0.064692 0.609042
v 1.011692 -0.093756 0.637232
v 0.986337 -0.115975 0.616999
v 0.942936 -0.118327 0.630443
v 0.948304 -0.085574 0.648767
v 0.973683 -0.103538 0.676672
v 0.969998 -0.136009 0.656570
v 0.989208 -0.112708 0.634523
v 0.962353 -0.073800 0.662951
v 0.963013 -0.113011 0.663696
v 0.990552 -0.073722 0.635137
v 1.000516 -0.144688 0.688851
v 0.969060 -0.105837 0.655929
v 0.976942 -0.113208 0.699597
v 0.994984 -0.136215 0.645298
v 1.000843 -0.089500 0.713587
v 0.979102 -0.085651 0.674881
v 0.958994 -0.125440 0.682295
v 0.978994 -0.127900 0.722562
v 1.000531 -0.154584 0.670144
v 0.975562 -0.116343 0.659609
v 0.982861 -0.134317 0.689005
v 0.995127 -0.135857 0.641108
v 0.985794 -0.095610 0.729692
v 0.985723 -0.088160 0.690758
v 0.962533 -0.120820 0.684199
v 0.960742 -0.126873 0.723776
v 0.975773 -0.146153 0.670332
v 0.966459 -0.103748 0.703809
v 0.980757 -0.109921 0.665162
v 0.959308 -0.140164 0.707891
v 1.016509 -0.084137 0.674081
v 0.969620 -0.114132 0.650313
v 0.976129 -0.088782 0.685822
v 1.009719 -0.107343 0.637296
v 0.989216 -0.103979 0.624834
v 0.991390 -0.092093 0.667530
v 0.949297 -0.111367 0.675205
v 0.948658 -0.125408 0.632723
v 0.936884 -0.113634 0.615588
v 0.948273 -0.084346 0.637454
v 0.979130 -0.106524 0.654164
v 0.968920 -0.135242 0.630219
v 0.879179 -0.085335 0.661403
v 0.897811 -0.053707 0.651433
v 0.934494 -0.069990 0.663360
v 0.915773 -0.102565 0.671082
v 0.906899 -0.097459 0.635857
v 0.916927 -0.045355 0.644193
v 0.918172 -0.078044 0.667219
v 0.907859 -0.065471 0.612121
v 0.957099 -0.038479 0.609373
v 0.935412 -0.071010 0.655347
v 0.933960 -0.030116 0.643699
v 0.956571 -0.079557 0.619303
v 0.909029 -0.011983 0.644482
v 0.922010 -0.043037 0.671457
v 0.945341 -0.061608 0.635173
v 0.934310 -0.028830 0.608894
v 0.975702 -0.036889 0.614184
v 0.945684 -0.060001 0.643914
v 0.951641 -0.027731 0.635608
v 0.968598 -0.069120 0.620744
v 0.928507 -0.061584 0.618650
v 0.925228 -0.056281 0.657844
v 0.965334 -0.043717 0.658806
v 0.967605 -0.047017 0.618887
v 0.948972 -0.012594 0.636696
v 0.932930 -0.061851 0.652166
v 0.957097 -0.033519 0.667933
v 0.923020 -0.039686 0.621925
v 0.978738 -0.049996 0.634342
v 0.917672 -0.056601 0.632553
v 0.949694 -0.056938 0.664255
v 0.946886 -0.047211 0.602951
v 0.899852 -0.053700 0.613113
v 0.922750 -0.075348 0.643656
v 0.938856 -0.036949 0.661626
v 0.913512 -0.015298 0.632379
v 0.871121 -0.094048 0.641235
v 0.893029 -0.064788 0.629843
v 0.925854 -0.079687 0.651275
v 0.904229 -0.110230 0.660632
v 1.001877 0.054879 0.647918
v 0.969137 0.034140 0.643439
v 0.974613 0.019830 0.682507
v 1.006245 0.042548 0.687637
v 0.989142 0.060782 0.644059
v 0.964436 0.029215 0.682847
v 0.978356 0.025351 0.643726
v 0.977568 0.064330 0.683736
v 1.013805 0.044738 0.649478
v 0.963044 0.012585 0.643574
v 0.996383 0.016432 0.673612
v 0.979492 0.042847 0.620716
v 0.975696 -0.032109 0.650704
v 0.956701 0.003981 0.663059
v 0.998704 0.024295 0.658604
v 1.016994 -0.011718 0.643574
v 1.012771 0.038766 0.625107
v 0.971328 0.016749 0.636216
v 1.004765 0.017805 0.649013
v 0.979109 0.039337 0.613456
v 0.979823 -0.029257 0.650115
v 0.964581 0.002899 0.663384
v 1.003678 0.015531 0.672265
v 1.018949 -0.016099 0.656595
v 1.006319 0.036401 0.639976
v 0.984888 -0.008318 0.662782
v 0.981736 0.030231 0.669808
v 1.007798 -0.001712 0.631245
v 1.015019 0.025058 0.700948
v 0.980684 0.036355 0.651367
v 0.979079 0.009354 0.686049
v 1.015550 0.053614 0.668002
v 1.007437 0.057172 0.674221
v 0.991958 0.019423 0.685846
v 0.962282 0.020649 0.648848
v 0.979996 0.057597 0.635832
v 1.008828 0.073362 0.661627
v 0.977840 0.054905 0.646365
v 0.974351 0.034549 0.682515
v 1.004121 0.054899 0.698517
v 0.937909 -0.013418 0.636821
v 0.940701 -0.001219 0.674271
v 0.965081 -0.032514 0.683501
v 0.964063 -0.043388 0.645080
v 0.977704 -0.003143 0.645088
v 0.949284 -0.002374 0.694428
v 0.959153 -0.029227 0.665659
v 0.970089 0.023282 0.674654
v 0.965108 0.016350 0.738355
v 0.975492 -0.022695 0.694214
v 0.939730 -0.002143 0.710755
v 1.001203 -0.002108 0.720460
v 0.938839 0.025065 0.679278
v 0.967687 -0.006886 0.679184
v 0.945240 -0.024251 0.716681
v 0.914669 0.006787 0.714839
v 0.970831 0.005907 0.753650
v 0.974934 -0.016456 0.711145
v 0.949394 0.000808 0.728275
v 0.997003 -0.009564 0.735949
v 0.929017 0.012290 0.693963
v 0.941327 -0.022141 0.703205
v 0.981261 -0.010605 0.696670
v 0.968743 0.024643 0.689728
v 0.951438 0.003349 0.738172
v 0.975851 -0.008597 0.688320
v 0.947095 -0.024762 0.713190
v 0.978308 0.020770 0.712541
v 0.977829 -0.016379 0.743313
v 0.972867 0.002124 0.685265
v 0.954147 -0.028204 0.710545
v 0.994751 0.015374 0.719206
v 0.978217 0.025777 0.713852
v 0.968508 -0.014852 0.718867
v 0.954522 -0.016337 0.673556
v 0.966943 0.024026 0.668066
v 0.973946 0.011929 0.630684
v 0.966380 0.015008 0.669552
v 0.975009 -0.023653 0.674226
v 0.984906 -0.025978 0.635406
v 0.914534 0.161334 0.761439
v 0.911973 0.134328 0.789267
v 0.945181 0.116344 0.771400
v 0.949701 0.145364 0.745006
v 0.919182 0.166248 0.783323
v 0.948495 0.120358 0.783044
v 0.908601 0.131047 0.778536
v 0.959568 0.156363 0.785554
v 0.950443 0.114459 0.840162
v 0.949599 0.118254 0.778805
v 0.920161 0.108412 0.811275
v 0.979232 0.126615 0.808340
v 0.900002 0.145147 0.806065
v 0.937595 0.135348 0.784485
v 0.929836 0.092301 0.794162
v 0.863438 0.095588 0.811390
v 0.955095 0.101045 0.845597
v 0.955008 0.110087 0.797670
v 0.930398 0.104784 0.823078
v 0.979691 0.108172 0.820965
v 0.908814 0.142687 0.788604
v 0.941584 0.124361 0.777434
v 0.934287 0.097435 0.807670
v 0.894506 0.113529 0.816724
v 0.927492 0.089051 0.830823
v 0.942371 0.128784 0.795687
v 0.935862 0.090155 0.792536
v 0.931577 0.127772 0.833781
v 0.969708 0.150156 0.762953
v 0.930059 0.130096 0.806833
v 0.947282 0.114509 0.768636
v 0.952842 0.163782 0.801717
v 0.961477 0.144881 0.820246
v 0.954439 0.132445 0.778257
v 0.918809 0.106673 0.793418
v 0.924422 0.121335 0.835293
v 0.909360 0.168092 0.756970
v 0.917531 0.150916 0.790459
v 0.944765 0.128021 0.769173
v 0.934293 0.144737 0.734909
v 0.948723 0.215893 0.708899
v 0.924408 0.189020 0.741435
v 0.942841 0.157873 0.735013
v 0.973583 0.186807 0.702780
v 0.972196 0.236410 0.724135
v 0.913976 0.175389 0.753020
v 0.952664 0.173491 0.726592
v 0.941393 0.233404 0.749955
v 0.906955 0.172837 0.801077
v 0.951333 0.169695 0.753237
v 0.898324 0.157123 0.763149
v 0.958483 0.187288 0.790535
v 0.913215 0.207597 0.746016
v 0.950327 0.191474 0.743753
v 0.915117 0.140644 0.764633
v 0.867326 0.152451 0.763345
v 0.915863 0.171264 0.811190
v 0.938258 0.162012 0.768601
v 0.903082 0.159650 0.782610
v 0.949798 0.175016 0.796690
v 0.874638 0.152043 0.748175
v 0.914248 0.140706 0.749739
v 0.934544 0.183025 0.764839
v 0.893219 0.191924 0.764934
v 0.891015 0.145451 0.787649
v 0.934795 0.187000 0.753450
v 0.922371 0.139773 0.764010
v 0.885092 0.182047 0.772475
v 1.000950 0.221373 0.730406
v 0.923833 0.185793 0.761732
v 0.947455 0.157664 0.737844
v 0.968945 0.244642 0.754250
v 0.982194 0.226768 0.779180
v 0.969309 0.189401 0.742520
v 0.907081 0.152948 0.757059
v 0.905797 0.182491 0.789247
v 0.950981 0.233885 0.706461
v 0.944900 0.220212 0.742550
v 0.956027 0.178153 0.736597
v 0.979683 0.199606 0.702393
v 1.030076 0.065047 0.747711
v 0.997558 0.045730 0.757660
v 0.993896 0.033747 0.717508
v 1.028086 0.051492 0.708254
v 1.032112 0.054871 0.757643
v 0.996955 0.021135 0.730836
v 0.994947 0.057793 0.745541
v 1.035175 0.019236 0.741034
v 0.981408 0.093909 0.743298
v 1.004849 0.041836 0.730525
v 0.964077 0.059862 0.729865
v 1.022414 0.076982 0.741615
v 0.937031 0.057996 0.719784
v 0.967974 0.030732 0.733526
v 1.001032 0.062363 0.728436
v 0.969187 0.090369 0.717189
v 0.988015 0.099296 0.751947
v 1.001189 0.057087 0.737824
v 0.970722 0.074701 0.739736
v 1.018713 0.082664 0.748240
v 0.945097 0.066170 0.707160
v 0.964555 0.040803 0.728881
v 1.001097 0.054414 0.713291
v 0.981367 0.081385 0.693329
v 0.980925 0.087091 0.736952
v 0.989125 0.045467 0.702102
v 0.977802 0.050647 0.741884
v 0.989897 0.082348 0.696746
v 0.992036 0.092075 0.727196
v 1.012416 0.037835 0.733246
v 0.972529 0.056750 0.727360
v 1.032095 0.073437 0.730476
v 1.028212 0.071820 0.715594
v 0.985483 0.066028 0.726727
v 0.994820 0.023029 0.735170
v 1.038429 0.029739 0.726471
v 1.047724 0.066466 0.747730
v 1.016911 0.045930 0.760056
v 1.010820 0.033704 0.720285
v 1.043421 0.052736 0.708526
v 0.805012 -0.044269 0.823404
v 0.803947 -0.016205 0.797209
v 0.779099 -0.038201 0.772249
v 0.778390 -0.065496 0.799949
v 0.764665 -0.041347 0.816502
v 0.791236 -0.006402 0.782522
v 0.788797 -0.045428 0.785905
v 0.765005 -0.002576 0.811919
v 0.761616 0.025688 0.758304
v 0.771413 -0.029596 0.773353
v 0.796717 0.004903 0.766778
v 0.736444 -0.007759 0.767283
v 0.821973 0.015559 0.774673
v 0.807735 -0.024132 0.773308
v 0.763434 -0.009378 0.766810
v 0.778490 0.030501 0.765539
v 0.758264 0.029101 0.747863
v 0.767229 -0.013613 0.763488
v 0.786569 0.013890 0.756215
v 0.739165 0.002587 0.756982
v 0.808027 0.005538 0.799014
v 0.804123 -0.018900 0.769222
v 0.762124 -0.014864 0.771595
v 0.766492 0.011464 0.800022
v 0.794117 0.023374 0.765836
v 0.770361 -0.021591 0.785586
v 0.794505 -0.011538 0.753277
v 0.772094 0.013285 0.799337
v 0.743395 -0.001720 0.747726
v 0.777215 -0.014860 0.797148
v 0.780891 -0.019649 0.752526
v 0.747154 0.006215 0.792098
v 0.766082 0.006802 0.812065
v 0.766137 -0.003263 0.768787
v 0.796751 -0.036208 0.778033
v 0.794397 -0.027425 0.822027
v 0.789446 -0.051099 0.836089
v 0.785032 -0.020374 0.813935
v 0.769966 -0.042852 0.782483
v 0.772276 -0.073409 0.805911
v 0.836946 0.033827 0.777350
v 0.859988 0.051474 0.745580
v 0.835675 0.028210 0.721407
v 0.818229 0.013972 0.754228
v 0.807252 0.040334 0.750310
v 0.857218 0.058799 0.731329
v 0.837518 0.024233 0.732201
v 0.802574 0.069909 0.745760
v 0.839828 0.078428 0.679377
v 0.831003 0.035825 0.719992
v 0.865544 0.059991 0.706706
v 0.804721 0.056227 0.694152
v 0.888410 0.073374 0.716923
v 0.870159 0.035387 0.721533
v 0.828232 0.052332 0.708560
v 0.846737 0.090077 0.701430
v 0.831138 0.079819 0.672900
v 0.833361 0.043985 0.703415
v 0.855591 0.068322 0.692528
v 0.808224 0.056878 0.685086
v 0.871961 0.072078 0.733612
v 0.865208 0.037394 0.720512
v 0.830790 0.050525 0.700307
v 0.837096 0.086051 0.711771
v 0.863606 0.075839 0.685757
v 0.830712 0.046961 0.720640
v 0.864895 0.040739 0.697642
v 0.828864 0.083137 0.710426
v 0.823528 0.067196 0.680492
v 0.845771 0.058603 0.737074
v 0.844586 0.037012 0.698334
v 0.819336 0.090688 0.718380
v 0.849249 0.090813 0.727803
v 0.844090 0.058431 0.700104
v 0.847536 0.030454 0.736893
v 0.822218 0.055918 0.762537
v 0.801965 0.034810 0.784704
v 0.812995 0.056668 0.751986
v 0.829830 0.027855 0.730908
v 0.823631 0.008073 0.764519
v 0.952318 0.287284 0.720975
v 0.943636 0.253448 0.748681
v 0.951019 0.224045 0.723329
v 0.956919 0.256380 0.695154
v 0.959260 0.289435 0.736705
v 0.959774 0.225145 0.728850
v 0.933838 0.249111 0.742527
v 0.987553 0.265226 0.720624
v 0.934761 0.278153 0.709269
v 0.927115 0.223331 0.751993
v 0.936399 0.233297 0.712370
v 0.939885 0.281506 0.752787
v 0.828092 0.183385 0.733990
v 0.919749 0.194633 0.741852
v 0.936189 0.256502 0.723383
v 0.860072 0.233056 0.713409
v 0.926462 0.284635 0.729871
v 0.922980 0.230779 0.749027
v 0.921218 0.251734 0.720046
v 0.939671 0.273304 0.761149
v 0.829887 0.187211 0.731243
v 0.922082 0.205423 0.739399
v 0.933491 0.243716 0.708992
v 0.856476 0.215088 0.698186
v 0.924937 0.273729 0.729795
v 0.903992 0.201917 0.728020
v 0.947866 0.252977 0.723398
v 0.853546 0.232291 0.739720
v 0.870356 0.242724 0.736059
v 0.953335 0.256217 0.720334
v 0.913395 0.212599 0.739753
v 0.923200 0.278166 0.712308
v 0.942836 0.276412 0.699740
v 0.921438 0.240342 0.725658
v 0.955215 0.217972 0.736892
v 0.983300 0.257171 0.712798
v 0.973956 0.297050 0.723871
v 0.960660 0.267876 0.750721
v 0.954513 0.242847 0.722113
v 0.969297 0.269055 0.694544
v 0.932546 0.254736 0.736351
v 0.907451 0.199127 0.738650
v 0.916021 0.190792 0.698690
v 0.941504 0.249571 0.698146
v 0.936173 0.252841 0.737714
v 0.928034 0.184962 0.709353
v 0.896179 0.204561 0.728819
v 0.966003 0.238247 0.717595
v 0.899267 0.243409 0.698985
v 0.865378 0.176030 0.726085
v 0.899354 0.198075 0.687415
v 0.847808 0.227746 0.740050
v 0.807985 0.148151 0.694964
v 0.868656 0.153948 0.713668
v 0.909036 0.217941 0.702190
v 0.809848 0.190169 0.678258
v 0.800564 0.225028 0.704932
v 0.910885 0.218831 0.715661
v 0.810610 0.189918 0.704443
v 0.895170 0.246508 0.711544
v 0.789102 0.165748 0.702957
v 0.857770 0.159854 0.710622
v 0.901427 0.206283 0.689220
v 0.816109 0.196499 0.677857
v 0.893298 0.237131 0.710706
v 0.840439 0.163801 0.703805
v 0.927534 0.215437 0.701800
v 0.792706 0.200118 0.719754
v 0.800177 0.210013 0.702990
v 0.937966 0.225046 0.707927
v 0.845388 0.171836 0.708047
v 0.912387 0.252876 0.697077
v 0.925421 0.258634 0.699607
v 0.864847 0.200599 0.703060
v 0.917141 0.178739 0.712663
v 0.962028 0.240577 0.712497
v 0.936362 0.276401 0.705946
v 0.934563 0.244527 0.733323
v 0.931508 0.202929 0.701149
v 0.942484 0.239997 0.675462
v 0.871353 0.173291 0.658045
v 0.861731 0.143691 0.685330
v 0.870682 0.115473 0.656223
v 0.875189 0.142061 0.628105
v 0.894805 0.177181 0.662340
v 0.880869 0.115239 0.670043
v 0.850402 0.144799 0.673112
v 0.907988 0.138997 0.654116
v 0.850166 0.154951 0.634547
v 0.838023 0.127186 0.688076
v 0.858649 0.117443 0.645884
v 0.824148 0.166413 0.677256
v 0.824334 0.085018 0.682169
v 0.862894 0.105995 0.684335
v 0.846425 0.134698 0.651970
v 0.806673 0.114801 0.652004
v 0.827422 0.160077 0.642053
v 0.824471 0.135090 0.682477
v 0.841407 0.130966 0.647256
v 0.799357 0.166538 0.677789
v 0.813568 0.096164 0.682445
v 0.852824 0.108653 0.682464
v 0.847461 0.122701 0.643339
v 0.809055 0.111789 0.644451
v 0.837477 0.158169 0.657479
v 0.835400 0.105995 0.670530
v 0.866402 0.129290 0.657110
v 0.798453 0.136635 0.673396
v 0.805249 0.125902 0.661768
v 0.867667 0.137049 0.648546
v 0.844210 0.112814 0.678002
v 0.830627 0.147991 0.630600
v 0.861306 0.150784 0.625792
v 0.837164 0.130691 0.656980
v 0.878158 0.115120 0.675480
v 0.901810 0.137603 0.645534
v 0.860390 0.178717 0.641852
v 0.876607 0.161077 0.673655
v 0.874582 0.125822 0.647901
v 0.863634 0.146436 0.616117
v 0.926247 0.033892 0.788498
v 0.956100 0.039412 0.762943
v 0.934074 0.020156 0.733223
v 0.903121 0.016696 0.758510
v 0.915458 0.057122 0.764035
v 0.964736 0.038426 0.743568
v 0.926297 0.024330 0.749793
v 0.952901 0.072052 0.755775
v 0.996014 0.060421 0.718632
v 0.939519 0.038277 0.724550
v 0.981015 0.028217 0.738483
v 0.954582 0.071994 0.706776
v 1.003152 0.030006 0.753958
v 0.965110 0.011099 0.742302
v 0.950493 0.049100 0.722225
v 0.990085 0.067176 0.731767
v 0.996326 0.061028 0.700996
v 0.952936 0.043895 0.714208
v 0.987237 0.038444 0.722744
v 0.962213 0.067948 0.693834
v 0.993315 0.030472 0.755979
v 0.964943 0.013176 0.735118
v 0.951320 0.048514 0.721366
v 0.981525 0.065558 0.740599
v 0.998792 0.030714 0.710473
v 0.950555 0.048203 0.734341
v 0.965244 0.013978 0.720211
v 0.985377 0.064379 0.726589
v 0.949728 0.061614 0.693605
v 0.957014 0.045758 0.752291
v 0.952243 0.026141 0.712639
v 0.957009 0.081399 0.732497
v 0.972207 0.075863 0.739312
v 0.956822 0.044374 0.714239
v 0.949251 0.020571 0.753641
v 0.962305 0.053457 0.778817
v 0.918614 0.040891 0.796453
v 0.950933 0.048244 0.774704
v 0.930005 0.036756 0.740053
v 0.896790 0.031560 0.761899
v 1.043319 0.046684 0.698760
v 1.012221 0.050297 0.723190
v 0.996889 0.015855 0.708686
v 1.029570 0.011339 0.685884
v 1.047097 0.037373 0.705131
v 0.999648 0.017909 0.728849
v 1.009662 0.048318 0.704471
v 1.037084 0.005827 0.727398
v 1.028824 0.049702 0.675851
v 0.985030 0.052547 0.718917
v 1.000944 0.023163 0.690631
v 1.014965 0.078393 0.705600
v 0.942646 0.043406 0.704418
v 0.979292 0.031797 0.726605
v 1.005073 0.039736 0.687680
v 0.968313 0.053802 0.666395
v 1.029674 0.059838 0.679112
v 0.990512 0.062183 0.708260
v 1.002288 0.041706 0.682380
v 1.019185 0.079248 0.706183
v 0.944464 0.041470 0.685587
v 0.969465 0.031581 0.714622
v 1.001888 0.036619 0.688013
v 0.976625 0.048735 0.659611
v 0.999457 0.074454 0.692149
v 0.966763 0.031611 0.701971
v 1.007512 0.039956 0.703350
v 0.958713 0.067071 0.692978
v 1.021940 0.074146 0.702554
v 0.988609 0.027774 0.687163
v 1.008087 0.042731 0.724553
v 1.000551 0.060765 0.665831
v 1.031729 0.024524 0.673387
v 0.995837 0.045269 0.687957
v 0.997543 0.021855 0.728303
v 1.035336 0.002885 0.714423
v 1.064732 0.042262 0.709918
v 1.030061 0.048952 0.727973
v 1.014591 0.015444 0.711303
v 1.050422 0.007775 0.695158
v 1.034030 0.013904 0.710982
v 1.004319 0.004377 0.735338
v 0.981750 -0.007391 0.701842
v 1.012802 0.000205 0.677729
v 1.034971 0.010927 0.723808
v 0.989890 -0.021227 0.717463
v 0.996471 0.017365 0.720952
v 1.028967 -0.027283 0.717990
v 0.992819 0.050216 0.688667
v 0.999703 -0.003253 0.710995
v 0.965816 0.024277 0.706052
v 1.026184 0.022181 0.691091
v 0.938795 0.031559 0.707734
v 0.966186 0.004954 0.728621
v 0.997948 0.010512 0.693873
v 0.971206 0.039253 0.674425
v 1.006909 0.054943 0.691835
v 1.001774 0.011747 0.707687
v 0.981217 0.039261 0.705779
v 1.026893 0.027220 0.691746
v 0.941337 0.036132 0.706495
v 0.959723 0.005540 0.719965
v 0.993550 0.014967 0.696658
v 0.975667 0.046947 0.685098
v 0.983678 0.044115 0.733646
v 0.977577 0.012842 0.687835
v 0.978102 0.007872 0.729223
v 0.980836 0.049667 0.692665
v 0.995033 0.046565 0.729543
v 0.986565 0.005336 0.687281
v 0.990843 0.007034 0.732103
v 0.988261 0.045464 0.685254
v 1.025487 0.009468 0.679400
v 0.990023 0.024245 0.701372
v 0.983595 -0.016065 0.720628
v 1.021005 -0.030022 0.700421
v 1.035963 -0.017759 0.677336
v 1.014451 -0.026733 0.709348
v 1.005616 0.011765 0.715052
v 1.025401 0.020321 0.681337
v 1.004782 -0.035987 0.727127
v 0.970877 -0.021874 0.741398
v 0.949458 -0.050318 0.721062
v 0.983984 -0.065696 0.708762
v 1.002618 -0.029987 0.740917
v 0.951483 -0.053343 0.737654
v 0.968254 -0.019150 0.725965
v 0.986854 -0.064923 0.750537
v 0.988668 -0.007715 0.686838
v 0.966347 -0.043169 0.729974
v 0.949300 -0.017258 0.698667
v 1.005911 -0.035186 0.716117
v 0.924372 -0.003260 0.691706
v 0.934008 -0.027137 0.727055
v 0.976544 -0.035815 0.708171
v 0.967559 -0.009638 0.673937
v 0.998137 -0.000711 0.692146
v 0.977067 -0.031306 0.721913
v 0.966011 -0.007711 0.698877
v 1.009388 -0.025383 0.713446
v 0.968322 -0.003014 0.741476
v 0.950305 -0.034404 0.729690
v 0.940644 -0.016822 0.693018
v 0.960968 0.013963 0.704213
v 0.989704 -0.019321 0.709012
v 0.933718 -0.013000 0.701072
v 0.958455 -0.038838 0.720402
v 0.965278 0.007713 0.691733
v 0.977569 0.008994 0.716341
v 0.955881 -0.042885 0.700061
v 0.965258 -0.022813 0.738618
v 0.965951 -0.009797 0.677948
v 1.006907 -0.038426 0.711482
v 0.967357 -0.020242 0.704472
v 0.947763 -0.048418 0.735596
v 0.988290 -0.064898 0.744455
v 1.019525 -0.061941 0.725523
v 0.993534 -0.042074 0.746887
v 0.962475 -0.054697 0.721529
v 0.988547 -0.076435 0.701619
v 0.967907 0.009453 0.736088
v 0.955707 -0.023312 0.750745
v 0.915852 -0.010057 0.749855
v 0.928187 0.022081 0.732828
v 0.961051 0.000029 0.783815
v 0.945790 -0.030797 0.739834
v 0.927441 -0.003925 0.764065
v 0.980227 -0.024999 0.758405
v 0.907799 0.035797 0.743623
v 0.944115 -0.010701 0.747581
v 0.900957 -0.003055 0.737493
v 0.951337 0.028780 0.751199
v 0.873867 -0.008223 0.737022
v 0.911462 -0.030101 0.742724
v 0.935913 0.008114 0.743402
v 0.897509 0.030039 0.740346
v 0.913531 0.042188 0.760699
v 0.936352 0.002328 0.752302
v 0.902773 0.013882 0.750199
v 0.947288 0.031483 0.760926
v 0.874829 -0.014194 0.732195
v 0.911029 -0.026596 0.741904
v 0.927087 0.008800 0.731312
v 0.890143 0.021783 0.723870
v 0.890725 0.009679 0.765303
v 0.927614 0.002362 0.722626
v 0.910415 -0.019810 0.752442
v 0.905824 0.031436 0.734340
v 0.896852 0.024907 0.755640
v 0.950592 -0.001415 0.745174
v 0.906951 -0.011303 0.741256
v 0.940096 0.035877 0.757229
v 0.957999 0.027064 0.737266
v 0.917644 0.009840 0.742103
v 0.938000 -0.030339 0.745208
v 0.978739 -0.012412 0.743008
v 0.992291 0.002114 0.744628
v 0.965801 -0.023812 0.755411
v 0.936437 0.004601 0.758887
v 0.962751 0.030235 0.745664
v 0.828324 0.095175 0.727355
v 0.869701 0.096177 0.704150
v 0.862761 0.058669 0.692002
v 0.828799 0.057969 0.713381
v 0.824397 0.095271 0.687660
v 0.882588 0.083931 0.685594
v 0.849331 0.070434 0.706306
v 0.859343 0.107119 0.665103
v 0.879365 0.088981 0.636414
v 0.863755 0.057468 0.685546
v 0.893596 0.087987 0.676279
v 0.847878 0.060372 0.645949
v 0.884802 0.116309 0.699520
v 0.857959 0.083460 0.692751
v 0.895519 0.059467 0.679009
v 0.922713 0.092010 0.688503
v 0.899382 0.072816 0.628536
v 0.871423 0.061026 0.666622
v 0.900158 0.080468 0.661185
v 0.869620 0.054959 0.633288
v 0.891092 0.108204 0.689277
v 0.891447 0.071408 0.696067
v 0.863822 0.066464 0.664488
v 0.865498 0.103366 0.656303
v 0.914283 0.080328 0.658940
v 0.860128 0.077926 0.676362
v 0.895149 0.057570 0.683127
v 0.880201 0.102072 0.653867
v 0.870851 0.057458 0.635797
v 0.858733 0.088645 0.686135
v 0.884705 0.055437 0.675751
v 0.846892 0.091950 0.645184
v 0.840005 0.108610 0.682769
v 0.850210 0.067558 0.688879
v 0.896631 0.075370 0.683665
v 0.888485 0.116872 0.680135
v 0.818255 0.098398 0.736144
v 0.852252 0.103145 0.700236
v 0.847810 0.064123 0.693748
v 0.829815 0.061466 0.729515
v 0.759290 -0.081781 0.747009
v 0.768925 -0.058181 0.717759
v 0.787433 -0.088176 0.697091
v 0.775489 -0.112224 0.725620
v 0.742851 -0.098060 0.707614
v 0.773254 -0.052919 0.704125
v 0.781388 -0.091309 0.706773
v 0.734430 -0.060152 0.702604
v 0.777785 -0.025133 0.660736
v 0.784054 -0.080360 0.677774
v 0.781942 -0.042782 0.698459
v 0.777279 -0.062504 0.640054
v 0.779965 -0.024223 0.717188
v 0.794738 -0.063546 0.712802
v 0.775971 -0.064963 0.669251
v 0.763543 -0.024423 0.672948
v 0.779397 -0.033484 0.641218
v 0.784546 -0.068334 0.672656
v 0.785657 -0.034715 0.674263
v 0.776224 -0.066809 0.639730
v 0.794499 -0.034262 0.724752
v 0.804228 -0.064481 0.703526
v 0.770606 -0.058152 0.678782
v 0.762391 -0.026430 0.698898
v 0.795504 -0.020252 0.688986
v 0.768188 -0.067207 0.690039
v 0.807905 -0.055187 0.690470
v 0.755916 -0.031819 0.690937
v 0.780045 -0.061784 0.640770
v 0.758433 -0.066232 0.698148
v 0.798725 -0.068425 0.678106
v 0.740195 -0.057158 0.660681
v 0.733339 -0.057002 0.682116
v 0.775393 -0.062537 0.668536
v 0.787253 -0.074755 0.712599
v 0.744200 -0.071522 0.725364
v 0.736113 -0.090463 0.740003
v 0.743059 -0.067640 0.709329
v 0.773077 -0.092553 0.695745
v 0.764208 -0.116510 0.725456
v 0.788846 -0.090229 0.760830
v 0.818466 -0.072609 0.742122
v 0.818236 -0.100976 0.712503
v 0.786753 -0.117344 0.730297
v 0.774276 -0.092948 0.725956
v 0.823929 -0.066750 0.726663
v 0.811597 -0.104164 0.724487
v 0.786159 -0.055572 0.725740
v 0.778908 -0.125575 0.701909
v 0.831161 -0.112306 0.731099
v 0.810205 -0.099983 0.693422
v 0.798212 -0.136297 0.740716
v 0.850122 -0.099150 0.670322
v 0.820058 -0.084542 0.699342
v 0.827922 -0.120064 0.726931
v 0.860144 -0.133262 0.698773
v 0.775208 -0.128425 0.706109
v 0.819125 -0.123997 0.727055
v 0.804861 -0.117833 0.694858
v 0.788628 -0.132848 0.738774
v 0.854811 -0.136358 0.696275
v 0.846314 -0.105454 0.716905
v 0.807651 -0.105272 0.699780
v 0.815679 -0.137716 0.680933
v 0.802183 -0.137842 0.725460
v 0.845311 -0.108333 0.705533
v 0.805325 -0.102298 0.715585
v 0.842505 -0.143633 0.717803
v 0.804577 -0.076125 0.671450
v 0.798069 -0.107492 0.722692
v 0.831542 -0.086811 0.702052
v 0.770523 -0.094555 0.693005
v 0.768075 -0.100670 0.714321
v 0.806686 -0.091365 0.694350
v 0.829803 -0.103962 0.733557
v 0.790857 -0.115643 0.752455
v 0.791745 -0.095594 0.774729
v 0.808431 -0.073759 0.747148
v 0.795721 -0.099243 0.717290
v 0.776905 -0.119926 0.745090
v 0.862848 -0.063774 0.805349
v 0.835486 -0.045462 0.784124
v 0.839184 -0.072736 0.753588
v 0.865002 -0.092246 0.776252
v 0.833046 -0.091458 0.796212
v 0.824258 -0.042724 0.774362
v 0.845929 -0.074721 0.763741
v 0.809529 -0.060610 0.805822
v 0.772017 -0.041337 0.757704
v 0.824247 -0.070913 0.749726
v 0.812845 -0.031597 0.762015
v 0.782924 -0.081155 0.747940
v 0.822681 -0.008265 0.774711
v 0.843705 -0.042072 0.758837
v 0.801677 -0.061803 0.752192
v 0.780657 -0.026595 0.765734
v 0.767753 -0.039215 0.736173
v 0.807300 -0.064793 0.745397
v 0.798540 -0.032209 0.747550
v 0.775547 -0.071890 0.735869
v 0.788238 -0.067660 0.769907
v 0.825961 -0.057733 0.763259
v 0.814361 -0.042488 0.725970
v 0.775993 -0.050594 0.734001
v 0.803688 -0.010355 0.737557
v 0.814107 -0.058513 0.760123
v 0.829012 -0.037159 0.728454
v 0.790301 -0.030415 0.770538
v 0.784647 -0.066675 0.727670
v 0.812393 -0.055010 0.781129
v 0.824269 -0.056261 0.737680
v 0.771890 -0.063177 0.770473
v 0.809365 -0.042589 0.805231
v 0.818596 -0.071609 0.774420
v 0.829146 -0.039110 0.743688
v 0.822353 -0.010130 0.775807
v 0.853598 -0.090331 0.814465
v 0.827434 -0.063867 0.804388
v 0.828305 -0.077127 0.764535
v 0.852858 -0.105145 0.775479
v 0.792279 0.064382 0.707886
v 0.801460 0.039258 0.735814
v 0.825356 0.019936 0.707628
v 0.817843 0.046667 0.680317
v 0.802371 0.070234 0.725499
v 0.833328 0.025720 0.716656
v 0.794052 0.034316 0.727377
v 0.841318 0.061975 0.712509
v 0.778315 0.047980 0.693196
v 0.795674 0.007059 0.733010
v 0.812404 0.024471 0.695494
v 0.762632 0.032567 0.731847
v 0.800736 -0.030378 0.706944
v 0.823316 0.001603 0.724836
v 0.791885 0.029906 0.705951
v 0.767821 -0.002711 0.690295
v 0.758632 0.039113 0.705623
v 0.788098 0.009954 0.729265
v 0.783864 0.020463 0.695500
v 0.763958 0.030269 0.739569
v 0.796897 -0.030748 0.709980
v 0.817183 -0.001184 0.723321
v 0.796154 0.021887 0.696054
v 0.774139 -0.007721 0.684470
v 0.767311 0.029298 0.721693
v 0.809735 -0.005909 0.715367
v 0.803031 0.031729 0.705733
v 0.774565 -0.007471 0.733509
v 0.807707 0.045868 0.670103
v 0.798284 0.035313 0.729826
v 0.822150 0.017817 0.696441
v 0.785905 0.064888 0.703628
v 0.791444 0.066733 0.714674
v 0.811661 0.034621 0.694381
v 0.810644 0.011903 0.735198
v 0.787840 0.043474 0.754695
v 0.782650 0.081318 0.719071
v 0.799663 0.050766 0.737472
v 0.821829 0.041709 0.702775
v 0.809268 0.073503 0.685193
v 0.813618 -0.000199 0.758612
v 0.846403 0.003975 0.736608
v 0.834510 -0.027084 0.713055
v 0.800335 -0.029668 0.733925
v 0.800758 0.007255 0.727340
v 0.856386 0.000667 0.717382
v 0.824144 -0.022327 0.727542
v 0.832113 0.029996 0.714930
v 0.868447 -0.006416 0.659542
v 0.832215 -0.024046 0.705554
v 0.872052 -0.004587 0.701685
v 0.827673 -0.023596 0.663025
v 0.861261 0.027452 0.725393
v 0.832207 -0.002968 0.715589
v 0.868361 -0.029039 0.702366
v 0.897600 0.000931 0.714888
v 0.863398 -0.011710 0.649317
v 0.843578 -0.024513 0.691874
v 0.872824 -0.007775 0.681356
v 0.833236 -0.026700 0.659568
v 0.890976 -0.002787 0.711291
v 0.863147 -0.028721 0.717855
v 0.840315 -0.013540 0.686139
v 0.869651 0.011101 0.678189
v 0.891306 -0.022629 0.681347
v 0.838404 -0.008054 0.695617
v 0.865509 -0.035756 0.707363
v 0.865493 0.006370 0.671134
v 0.792066 -0.015898 0.705456
v 0.849902 0.001977 0.696793
v 0.829456 -0.029246 0.719357
v 0.812243 0.013777 0.680862
v 0.829445 0.017009 0.675929
v 0.819843 -0.015172 0.702822
v 0.864781 -0.015145 0.718044
v 0.873471 0.018944 0.692795
v 0.812201 0.017566 0.757940
v 0.832275 0.019107 0.723689
v 0.818212 -0.017284 0.714130
v 0.796134 -0.017663 0.747647
v 0.941246 0.155771 0.736677
v 0.955741 0.133499 0.707560
v 0.917684 0.122836 0.691487
v 0.902476 0.146632 0.719346
v 0.960876 0.191570 0.698446
v 0.957460 0.124434 0.692271
v 0.918069 0.131429 0.703113
v 0.983577 0.173910 0.681996
v 0.987655 0.117372 0.660933
v 0.928259 0.126545 0.673526
v 0.963719 0.109870 0.694937
v 0.953236 0.136178 0.640349
v 0.981723 0.136204 0.717985
v 0.942665 0.140586 0.697549
v 0.944075 0.097215 0.679457
v 0.982454 0.092332 0.702444
v 0.980035 0.115380 0.639748
v 0.939536 0.120573 0.666560
v 0.972936 0.109563 0.672062
v 0.947521 0.128152 0.634509
v 0.975060 0.124602 0.715787
v 0.944823 0.105284 0.700228
v 0.941741 0.132816 0.669768
v 0.985141 0.158267 0.686724
v 0.984299 0.105542 0.676124
v 0.942867 0.140199 0.682853
v 0.946861 0.099491 0.685833
v 0.981238 0.146331 0.675403
v 0.912850 0.161932 0.683382
v 0.957664 0.134665 0.678748
v 0.917082 0.118458 0.691502
v 0.971150 0.189500 0.672210
v 0.955288 0.152651 0.649921
v 0.925303 0.140548 0.679278
v 0.952436 0.109231 0.696840
v 0.984185 0.124038 0.669053
v 0.938412 0.168548 0.741080
v 0.962819 0.154134 0.713860
v 0.922752 0.137241 0.690007
v 0.904109 0.157588 0.717646
v 0.873825 0.196718 0.755753
v 0.933226 0.194313 0.749517
v 0.913889 0.172462 0.713844
v 0.854061 0.179987 0.720116
v 0.928126 0.241141 0.727984
v 0.948707 0.186944 0.735217
v 0.904712 0.184011 0.725972
v 0.958192 0.244362 0.734930
v 0.999882 0.220068 0.706497
v 0.930326 0.187921 0.708303
v 0.956866 0.174683 0.728275
v 0.962759 0.231558 0.686466
v 0.953984 0.188301 0.762410
v 0.941544 0.204059 0.736761
v 0.936063 0.154686 0.705279
v 0.961261 0.146649 0.735778
v 0.998448 0.195337 0.688126
v 0.959219 0.200038 0.700997
v 0.971832 0.178446 0.712987
v 0.974151 0.212285 0.674634
v 0.952546 0.181479 0.756734
v 0.923426 0.154100 0.728646
v 0.956974 0.215085 0.712756
v 0.974398 0.239968 0.739589
v 0.997433 0.198367 0.721279
v 0.947582 0.210831 0.729621
v 0.941550 0.159103 0.710207
v 0.975989 0.238414 0.739348
v 0.902882 0.211044 0.700749
v 0.963188 0.213495 0.728848
v 0.904538 0.167628 0.713211
v 0.949076 0.260024 0.715075
v 0.972090 0.252462 0.711331
v 0.938786 0.210232 0.711753
v 0.929867 0.160364 0.731441
v 0.992423 0.212402 0.735555
v 0.843947 0.190917 0.761016
v 0.926474 0.204527 0.755126
v 0.930923 0.198131 0.719062
v 0.844161 0.179380 0.722076
v 0.382646 0.076924 0.928623
v 0.380852 0.044958 0.970446
v 0.401239 0.087048 1.002606
v 0.403542 0.120159 0.960794
v 0.631765 0.005219 1.146929
v 0.541013 0.019201 1.105381
v 0.565035 -0.020412 1.143719
v 0.603409 0.044829 1.108857
v 0.498412 0.091066 1.119398
v 0.420031 0.075076 1.083575
v 0.475671 0.045157 1.107816
v 0.446465 0.120969 1.095313
v 0.415888 0.277439 1.030723
v 0.418753 0.236114 1.039417
v 0.470393 0.248700 1.072954
v 0.466555 0.289745 1.063913
v 0.425725 0.259425 1.060259
v 0.412363 0.209849 1.061964
v 0.436596 0.208237 1.103606
v 0.449329 0.257719 1.101565
v 0.374449 0.197825 1.104499
v 0.381514 0.151876 1.088590
v 0.417590 0.144992 1.125151
v 0.410295 0.191190 1.140934
v 0.464971 0.099052 0.999294
v 0.385496 0.042047 0.989599
v 0.439472 0.051866 1.026233
v 0.399756 0.087512 0.962147
v 0.349508 0.061132 0.934304
v 0.379958 0.035013 0.969208
v 0.382458 0.081688 1.001030
v 0.351810 0.107674 0.965792
v 0.341091 0.024493 0.956224
v 0.374954 0.000881 0.992171
v 0.400138 0.053194 1.004262
v 0.363430 0.076680 0.968106
v 0.383917 -0.017304 0.965339
v 0.414738 -0.035033 1.011822
v 0.407916 0.020302 1.036054
v 0.377237 0.037805 0.989223
v 0.440721 0.039184 0.976878
v 0.405900 -0.003865 1.005450
v 0.453908 0.007882 1.051702
v 0.491311 0.051013 1.022722
v 0.431303 0.131577 1.123927
v 0.390540 0.100751 1.068825
v 0.440853 0.089714 1.093933
v 0.384091 0.142691 1.099069
v 0.493222 -0.054363 1.204459
v 0.441339 -0.023373 1.143779
v 0.482304 -0.073878 1.153208
v 0.456838 -0.004128 1.195279
v 0.524430 -0.067545 1.151083
v 0.479668 -0.035104 1.114684
v 0.430967 -0.086015 1.099812
v 0.467119 -0.118149 1.136540
v 0.587872 -0.045544 1.101775
v 0.484432 0.001173 1.093899
v 0.499930 -0.058357 1.094812
v 0.572934 0.013719 1.100898
v 0.455288 0.100743 1.136344
v 0.450978 0.061987 1.099845
v 0.487034 0.023053 1.135329
v 0.489738 0.062229 1.171816
v 0.453605 0.044373 1.139605
v 0.447850 0.001816 1.070153
v 0.475345 -0.008954 1.124569
v 0.427476 0.055305 1.085543
v 0.381546 0.206331 1.039611
v 0.368243 0.135332 1.033964
v 0.405345 0.167103 1.057092
v 0.345147 0.175277 1.016640
v 0.472572 0.263394 1.048743
v 0.403029 0.190325 1.040956
v 0.454967 0.216368 1.072575
v 0.416184 0.234850 1.016310
v 0.370467 0.053543 1.135671
v 0.406136 0.021284 1.114174
v 0.419762 0.060624 1.076240
v 0.382043 0.092852 1.098059
v 0.470374 -0.011850 0.884317
v 0.502724 0.007144 0.959619
v 0.496519 -0.041822 0.928718
v 0.474222 0.037031 0.914863
v 0.518652 0.069139 0.959327
v 0.492115 0.048020 1.032573
v 0.528682 0.022540 0.985349
v 0.492950 0.096540 1.006718
v 0.465941 0.248603 1.064014
v 0.456503 0.195432 1.067367
v 0.497730 0.204841 1.026146
v 0.492959 0.252242 1.021186
v 0.503968 0.237140 1.050563
v 0.501812 0.185355 1.061701
v 0.534012 0.177704 1.016907
v 0.519846 0.227207 1.005209
v 0.538414 0.175953 1.061910
v 0.523517 0.117347 1.060351
v 0.568532 0.116400 1.011963
v 0.589356 0.182956 1.016162
v 0.399786 0.077624 1.051115
v 0.414127 0.017032 1.099818
v 0.438652 0.031644 1.046132
v 0.384521 0.063122 1.104449
v 0.388401 0.037453 1.156034
v 0.406944 0.009932 1.114497
v 0.424016 0.058498 1.090078
v 0.403806 0.085911 1.131953
v 0.402593 0.002408 1.150963
v 0.418798 -0.019800 1.103346
v 0.431655 0.033662 1.081923
v 0.411296 0.055760 1.129912
v 0.385084 -0.041168 1.104557
v 0.419989 -0.050125 1.059640
v 0.459933 0.003391 1.069368
v 0.411521 0.012356 1.114555
v 0.378050 0.014771 1.074738
v 0.418567 -0.026089 1.077638
v 0.461848 -0.004124 1.028345
v 0.406859 0.037080 1.025824
v 0.554629 0.109248 0.998438
v 0.499646 0.072739 1.061379
v 0.512016 0.059183 1.008101
v 0.537584 0.123283 1.051495
v 0.606669 -0.068817 0.921442
v 0.563570 -0.033978 0.990678
v 0.552057 -0.086311 0.961697
v 0.614037 -0.016603 0.950116
v 0.550796 -0.080509 0.936035
v 0.516124 -0.045216 0.980489
v 0.492074 -0.094875 1.017704
v 0.519680 -0.129916 0.972907
v 0.442341 -0.064011 0.933682
v 0.504700 -0.013406 0.985090
v 0.463043 -0.070446 0.986739
v 0.469252 -0.006970 0.931923
v 0.555967 0.076746 0.975822
v 0.517642 0.039867 1.006240
v 0.537710 -0.000253 0.967312
v 0.564332 0.037246 0.937068
v 0.564522 0.023593 0.973687
v 0.477497 -0.011629 1.025468
v 0.529500 -0.028985 0.978497
v 0.511999 0.041116 1.020389
v 0.475852 0.177049 1.089256
v 0.453134 0.098434 1.089172
v 0.500171 0.140180 1.058053
v 0.439700 0.135889 1.120378
v 0.484464 0.228612 1.045619
v 0.448870 0.149040 1.064519
v 0.516185 0.188974 1.034621
v 0.429094 0.191356 1.076080
v 0.608934 0.054070 1.041802
v 0.567106 0.021748 1.025571
v 0.505996 0.063533 1.032771
v 0.557226 0.096473 1.049229
v 0.294722 -0.015921 1.108932
v 0.340085 0.010937 1.049754
v 0.323303 -0.040960 1.069782
v 0.311281 0.035809 1.089193
v 0.344005 0.070341 1.050937
v 0.408609 0.052675 1.005445
v 0.364833 0.023961 1.034196
v 0.383051 0.099198 1.022459
v 0.483431 0.259338 1.028271
v 0.485616 0.213280 1.021518
v 0.413386 0.190276 1.037798
v 0.414490 0.237700 1.044805
v 0.452207 0.232494 1.015851
v 0.463931 0.189940 1.007157
v 0.385636 0.163593 1.015446
v 0.379261 0.208308 1.024688
v 0.424559 0.175541 0.965271
v 0.433953 0.124692 0.976415
v 0.369784 0.113806 0.992802
v 0.359869 0.160478 0.980129
v 0.467762 0.077413 1.064194
v 0.543229 0.023511 1.021706
v 0.457023 0.028443 1.043845
v 0.554314 0.072718 1.042263
v 0.620987 0.045074 1.020037
v 0.570961 0.015800 1.034075
v 0.520021 0.055567 1.012471
v 0.584521 0.084485 0.998362
v 0.609685 0.004413 1.011207
v 0.539438 -0.018384 1.018114
v 0.507872 0.034771 1.024794
v 0.580474 0.057347 1.017803
v 0.553210 -0.040111 1.043043
v 0.471455 -0.048374 1.041903
v 0.474648 0.004257 1.012714
v 0.563223 0.012145 1.013962
v 0.531448 0.020076 1.062196
v 0.504126 -0.022075 1.029265
v 0.421596 -0.005082 1.040340
v 0.443692 0.037285 1.073415
v 0.362902 0.105421 0.992907
v 0.448739 0.075352 0.996659
v 0.382049 0.063081 1.015979
v 0.423466 0.121942 0.974882
v 0.275223 -0.067102 1.001423
v 0.348904 -0.030242 1.001301
v 0.327778 -0.086001 1.010869
v 0.295990 -0.011561 0.991863
v 0.307822 -0.066373 1.031971
v 0.359730 -0.040492 1.023375
v 0.385773 -0.096773 1.015923
v 0.333484 -0.122467 1.024599
v 0.346743 -0.062071 1.099971
v 0.362540 -0.012655 1.034705
v 0.380740 -0.067528 1.054265
v 0.328485 -0.007472 1.080728
v 0.340014 0.080233 1.019305
v 0.379492 0.043631 1.018675
v 0.341156 0.002069 1.026904
v 0.301705 0.039067 1.027492
v 0.341601 0.031990 1.013983
v 0.411388 -0.015551 1.018041
v 0.350713 -0.020558 1.032929
v 0.401890 0.037213 0.999088
v 0.511762 0.199119 1.008175
v 0.508417 0.105235 0.996267
v 0.455309 0.146660 1.009216
v 0.562637 0.156427 0.994758
v 0.444390 0.224222 1.035020
v 0.490958 0.167487 1.023903
v 0.415575 0.174953 1.023342
v 0.509314 0.216167 1.035393
v 0.433159 0.056039 0.936932
v 0.375352 0.093163 0.973816
v 0.411203 0.051344 0.982066
v 0.395939 0.099463 0.929442
v 0.388107 0.127504 0.958930
v 0.410223 0.085146 0.956995
v 0.375393 0.070144 0.991471
v 0.354733 0.111799 0.991062
v 0.393759 0.113896 0.943856
v 0.408475 0.065448 0.958618
v 0.374138 0.073434 1.003594
v 0.361150 0.121115 0.986825
v 0.399296 0.124472 0.953331
v 0.369363 0.066345 0.970176
v 0.417906 0.088431 0.978314
v 0.354579 0.102977 0.946931
v 0.409007 0.058058 0.923223
v 0.376400 0.091584 0.957093
v 0.402706 0.057371 0.961314
v 0.385750 0.093371 0.919091
v 0.632116 0.025545 1.118209
v 0.565242 -0.022061 1.124137
v 0.569338 0.030015 1.125883
v 0.630353 -0.026102 1.113452
v 0.544438 0.058539 1.135904
v 0.542480 0.013145 1.136143
v 0.607232 0.004938 1.112778
v 0.607396 0.050587 1.115186
v 0.544065 0.061045 1.128288
v 0.523269 0.013820 1.132331
v 0.597770 -0.008530 1.119591
v 0.618536 0.039192 1.118652
v 0.601342 0.040272 1.157016
v 0.582819 0.012040 1.101614
v 0.570393 0.005496 1.148839
v 0.606916 0.048905 1.110188
v 0.646912 0.005800 1.134617
v 0.581267 -0.010533 1.123872
v 0.606404 0.021584 1.142493
v 0.628499 -0.025166 1.113950
v 0.491221 0.109343 1.108138
v 0.465809 0.049314 1.083186
v 0.438224 0.089955 1.112451
v 0.528645 0.070411 1.076502
v 0.404100 0.103202 1.112549
v 0.430145 0.064475 1.111875
v 0.476040 0.087733 1.086378
v 0.440494 0.127586 1.089714
v 0.419524 0.111223 1.125024
v 0.418472 0.061915 1.109562
v 0.482668 0.068423 1.086289
v 0.475396 0.117397 1.104803
v 0.450092 0.094433 1.146386
v 0.456817 0.091215 1.080781
v 0.450097 0.059894 1.117205
v 0.451048 0.126238 1.110505
v 0.498216 0.106285 1.122703
v 0.481728 0.063108 1.093425
v 0.456139 0.093657 1.117883
v 0.529209 0.077374 1.096527
v 0.434750 0.271886 1.003537
v 0.434432 0.262557 1.073595
v 0.458757 0.241497 1.034660
v 0.415569 0.295308 1.042404
v 0.460580 0.297041 1.070994
v 0.466440 0.276060 1.040177
v 0.426960 0.238191 1.069376
v 0.424823 0.264472 1.100762
v 0.453832 0.298511 1.062764
v 0.462128 0.266924 1.034912
v 0.423710 0.227951 1.074126
v 0.419897 0.265373 1.102553
v 0.449115 0.299548 1.063387
v 0.411983 0.244040 1.054018
v 0.485574 0.272012 1.057062
v 0.391315 0.280470 1.065876
v 0.429350 0.272350 1.003083
v 0.427930 0.274001 1.059147
v 0.447011 0.252119 1.032565
v 0.413570 0.295446 1.029398
v 0.479269 0.258421 1.042436
v 0.412182 0.231884 1.098871
v 0.445699 0.207366 1.066007
v 0.438713 0.277243 1.074382
v 0.443371 0.271028 1.101121
v 0.457163 0.248330 1.071353
v 0.408001 0.205173 1.097420
v 0.406621 0.238141 1.128978
v 0.426235 0.271561 1.090037
v 0.454717 0.240083 1.065841
v 0.404683 0.194627 1.099580
v 0.391794 0.237845 1.125555
v 0.445116 0.273152 1.096332
v 0.399130 0.217089 1.078310
v 0.465238 0.235964 1.090607
v 0.387096 0.259030 1.088331
v 0.456175 0.256607 1.036546
v 0.414471 0.246710 1.085278
v 0.446267 0.226186 1.064147
v 0.424101 0.276274 1.057537
v 0.394891 0.203680 1.077671
v 0.390789 0.160189 1.134186
v 0.406562 0.156089 1.084886
v 0.380304 0.208139 1.127071
v 0.412747 0.198164 1.148427
v 0.407959 0.183896 1.105160
v 0.388590 0.141997 1.121500
v 0.391014 0.157843 1.164919
v 0.395734 0.200181 1.143855
v 0.401552 0.178980 1.097363
v 0.394125 0.129208 1.119487
v 0.385224 0.151187 1.165715
v 0.398060 0.201254 1.146816
v 0.377922 0.150508 1.109952
v 0.418928 0.174913 1.116468
v 0.357890 0.175481 1.142605
v 0.381686 0.207637 1.081565
v 0.384875 0.175308 1.127729
v 0.394991 0.171519 1.087893
v 0.373674 0.212583 1.121524
v 0.448607 0.100973 0.974693
v 0.438620 0.036591 1.008782
v 0.394746 0.075215 0.995458
v 0.498141 0.058756 0.984342
v 0.363909 0.086037 1.003509
v 0.396495 0.055301 1.017364
v 0.435047 0.066646 0.978764
v 0.392995 0.099754 0.966660
v 0.368143 0.093326 0.993278
v 0.384754 0.052099 1.019527
v 0.449064 0.053395 0.991248
v 0.424099 0.097696 0.967437
v 0.405013 0.112387 1.004831
v 0.418754 0.052996 0.976060
v 0.411447 0.069757 1.021045
v 0.405544 0.095220 0.959792
v 0.477530 0.110223 0.988768
v 0.446381 0.054006 1.005489
v 0.418704 0.089440 0.994647
v 0.502059 0.069227 0.995631
v 0.384265 0.065978 0.923281
v 0.352820 0.072557 0.986441
v 0.401457 0.054798 0.968646
v 0.340133 0.086383 0.940841
v 0.340875 0.110183 0.971585
v 0.376600 0.085041 0.957582
v 0.366495 0.051973 0.992121
v 0.328887 0.076185 1.004208
v 0.337007 0.098341 0.961509
v 0.380647 0.071757 0.955418
v 0.373874 0.050094 1.005216
v 0.328302 0.074660 1.009753
v 0.347907 0.104142 0.947029
v 0.358904 0.047617 0.979152
v 0.382956 0.088784 0.971183
v 0.322684 0.064496 0.957020
v 0.382607 0.059343 0.921247
v 0.345380 0.068382 0.962550
v 0.385777 0.058565 0.959917
v 0.343412 0.071404 0.923538
v 0.382996 0.014788 0.938301
v 0.360527 0.048189 0.996740
v 0.401450 0.015024 0.984440
v 0.346665 0.049981 0.949479
v 0.364845 0.083439 0.967653
v 0.378947 0.039808 0.963246
v 0.372943 0.033507 1.011192
v 0.356144 0.076730 1.014857
v 0.342158 0.067526 0.975227
v 0.375784 0.029290 0.967117
v 0.388021 0.029263 1.020465
v 0.351459 0.065701 1.028769
v 0.350452 0.073541 0.963345
v 0.363056 0.020531 1.000411
v 0.389730 0.051946 0.974320
v 0.324968 0.044146 0.991360
v 0.374911 0.013507 0.938093
v 0.347242 0.040125 0.979418
v 0.382787 0.019165 0.975668
v 0.340785 0.036293 0.940966
v 0.423886 -0.012286 0.960986
v 0.379646 0.004870 1.019316
v 0.438691 -0.012675 1.008444
v 0.369689 0.007895 0.971142
v 0.381366 0.041445 0.983968
v 0.414511 0.004819 0.988394
v 0.388818 -0.004299 1.031916
v 0.359192 0.030966 1.025867
v 0.350193 0.013197 1.021473
v 0.385629 -0.023686 1.015069
v 0.435362 0.013277 1.024853
v 0.388627 0.049736 1.034392
v 0.363275 0.022619 0.981316
v 0.393859 -0.020923 1.020221
v 0.409094 0.021133 0.999267
v 0.351024 -0.017843 1.004152
v 0.429999 -0.016250 0.960570
v 0.375326 -0.005890 0.992268
v 0.423199 -0.010621 0.998642
v 0.380958 -0.009221 0.953641
v 0.474196 -0.002268 0.973656
v 0.438708 0.034848 1.030691
v 0.432885 -0.014523 1.014132
v 0.485859 0.046152 0.991092
v 0.493357 0.054502 1.027864
v 0.474192 0.017238 1.005795
v 0.414974 0.015726 1.036452
v 0.430820 0.055005 1.056780
v 0.489390 0.049139 1.004571
v 0.453649 0.002675 1.001191
v 0.413408 0.012404 1.048335
v 0.437996 0.060622 1.049899
v 0.479984 0.059501 1.006058
v 0.409475 0.017214 1.024384
v 0.480410 0.015480 1.017347
v 0.409656 0.062293 1.015592
v 0.462201 0.007515 0.966406
v 0.436433 0.042180 1.007944
v 0.442257 0.001202 1.002772
v 0.460261 0.048383 0.971993
v 0.423891 0.143774 1.124564
v 0.433980 0.101196 1.067891
v 0.396134 0.107354 1.107211
v 0.462914 0.142224 1.084757
v 0.360093 0.107824 1.103227
v 0.398740 0.086686 1.090517
v 0.421450 0.130083 1.090285
v 0.383009 0.150735 1.105788
v 0.363605 0.103438 1.114365
v 0.396556 0.078125 1.084018
v 0.431599 0.120906 1.086993
v 0.398687 0.144861 1.120104
v 0.400216 0.115825 1.140018
v 0.405585 0.126681 1.075520
v 0.415298 0.090347 1.105767
v 0.387904 0.151103 1.109897
v 0.439333 0.146635 1.124467
v 0.428629 0.109813 1.083298
v 0.411083 0.120308 1.119765
v 0.459690 0.139437 1.087646
v 0.486742 -0.027404 1.206868
v 0.493646 -0.050097 1.139643
v 0.441601 -0.039388 1.178119
v 0.546605 -0.035251 1.167911
v 0.412529 -0.020994 1.185640
v 0.436841 -0.050280 1.157557
v 0.495305 -0.031522 1.171473
v 0.460378 -0.003816 1.201844
v 0.405076 -0.038273 1.184091
v 0.434038 -0.057551 1.144424
v 0.497599 -0.036512 1.165377
v 0.453733 -0.019602 1.206960
v 0.449595 -0.056091 1.213400
v 0.474959 -0.018325 1.161035
v 0.455829 -0.064614 1.168975
v 0.462736 -0.009389 1.205730
v 0.491976 -0.051148 1.216196
v 0.499955 -0.048257 1.160155
v 0.457769 -0.046972 1.193177
v 0.538912 -0.050179 1.183672
v 0.533584 -0.043994 1.140333
v 0.465961 -0.084883 1.098356
v 0.459871 -0.044508 1.130176
v 0.538559 -0.082134 1.106586
v 0.454589 -0.123021 1.132451
v 0.490294 -0.087505 1.113050
v 0.441190 -0.058778 1.124305
v 0.416659 -0.094370 1.146155
v 0.466042 -0.109113 1.147355
v 0.494780 -0.075546 1.111148
v 0.427754 -0.052698 1.113122
v 0.412903 -0.084966 1.151737
v 0.447170 -0.081365 1.167375
v 0.501178 -0.061176 1.114547
v 0.437061 -0.080475 1.123260
v 0.510510 -0.059690 1.159377
v 0.539083 -0.035833 1.131066
v 0.491115 -0.085146 1.120939
v 0.479846 -0.047952 1.135243
v 0.549907 -0.071942 1.114626
v 0.594596 -0.028087 1.100712
v 0.491265 -0.035467 1.073895
v 0.528500 -0.016442 1.117442
v 0.553651 -0.044278 1.056105
v 0.517511 0.018896 1.128883
v 0.491418 -0.021205 1.113676
v 0.545452 -0.023111 1.080973
v 0.578588 0.015869 1.098340
v 0.506490 0.030259 1.108305
v 0.490070 -0.008360 1.076113
v 0.513722 -0.044465 1.114074
v 0.526539 -0.005374 1.147407
v 0.560611 -0.022016 1.140583
v 0.531665 -0.008401 1.079145
v 0.508788 -0.037450 1.114575
v 0.584888 0.008901 1.106532
v 0.600486 -0.033472 1.088757
v 0.516772 -0.040421 1.084104
v 0.562878 -0.025223 1.112218
v 0.553157 -0.046442 1.059672
v 0.496287 0.097586 1.113195
v 0.449034 0.050547 1.146218
v 0.493973 0.050798 1.103475
v 0.460635 0.096653 1.157262
v 0.476465 0.058111 1.181613
v 0.495618 0.066738 1.138255
v 0.447569 0.040678 1.123013
v 0.428888 0.034448 1.166849
v 0.472384 0.071418 1.174215
v 0.492889 0.067310 1.124128
v 0.444487 0.028664 1.119307
v 0.425749 0.035232 1.169170
v 0.431707 0.076494 1.166690
v 0.485192 0.069368 1.114641
v 0.453395 0.040071 1.143704
v 0.454606 0.106192 1.136403
v 0.475525 0.110232 1.120704
v 0.454776 0.066014 1.148132
v 0.475802 0.073114 1.110365
v 0.460542 0.102792 1.159003
v 0.440371 0.056943 1.124173
v 0.494109 -0.001777 1.100565
v 0.423731 0.016957 1.100334
v 0.514650 0.039970 1.121971
v 0.392168 0.013204 1.093743
v 0.436858 -0.008109 1.101119
v 0.467869 0.035198 1.099267
v 0.414039 0.056839 1.094670
v 0.391395 0.017154 1.088859
v 0.432220 -0.017702 1.094218
v 0.483323 0.022816 1.105594
v 0.425911 0.057695 1.103288
v 0.440082 0.043882 1.142655
v 0.428096 0.005267 1.090712
v 0.483168 0.021092 1.114101
v 0.397843 0.025887 1.121210
v 0.443335 0.053338 1.145538
v 0.486189 0.015172 1.112083
v 0.429678 0.029419 1.117784
v 0.501083 0.041070 1.138483
v 0.363947 0.204247 1.015778
v 0.412341 0.156298 1.041219
v 0.356066 0.164157 1.042847
v 0.435274 0.204611 1.014349
v 0.328560 0.155114 1.055329
v 0.373808 0.150289 1.060395
v 0.382788 0.175607 1.018823
v 0.334915 0.181374 1.014986
v 0.327874 0.152478 1.060450
v 0.377309 0.139076 1.064678
v 0.394113 0.175834 1.024182
v 0.339812 0.188596 1.021374
v 0.367979 0.211943 1.051832
v 0.362933 0.146305 1.046432
v 0.400071 0.183300 1.034762
v 0.337337 0.178256 1.066938
v 0.379461 0.219784 1.028103
v 0.402802 0.169393 1.036963
v 0.362728 0.186750 1.044514
v 0.430850 0.209487 1.020637
v 0.468584 0.264462 1.022325
v 0.449874 0.194220 1.058012
v 0.411326 0.228990 1.044639
v 0.510144 0.230368 1.033542
v 0.367225 0.224820 1.043342
v 0.408121 0.207244 1.065880
v 0.460374 0.229929 1.031598
v 0.406983 0.242463 1.007952
v 0.365002 0.226061 1.045966
v 0.400735 0.196892 1.071262
v 0.467056 0.225407 1.038919
v 0.418742 0.249485 1.013047
v 0.467780 0.273073 1.058360
v 0.398897 0.208854 1.047737
v 0.474242 0.229495 1.052230
v 0.393260 0.252714 1.056730
v 0.471636 0.267593 1.022148
v 0.466347 0.221011 1.057963
v 0.429181 0.242944 1.042838
v 0.509257 0.245108 1.035467
v 0.353628 0.026497 1.104561
v 0.409233 0.070313 1.110447
v 0.399514 0.024130 1.088151
v 0.362071 0.073768 1.124333
v 0.389765 0.103014 1.107061
v 0.377622 0.058918 1.101569
v 0.426276 0.046464 1.100240
v 0.437430 0.090687 1.108568
v 0.382724 0.095071 1.113392
v 0.380097 0.045833 1.097896
v 0.438991 0.043028 1.099118
v 0.437171 0.091828 1.117758
v 0.376615 0.096113 1.112151
v 0.415068 0.042772 1.118301
v 0.387653 0.062480 1.083810
v 0.405676 0.078304 1.145756
v 0.352691 0.029901 1.112423
v 0.393550 0.066662 1.125449
v 0.389314 0.033975 1.100323
v 0.355859 0.063766 1.135737
v 0.449243 0.011204 0.889939
v 0.471397 -0.029319 0.947685
v 0.510808 0.006969 0.922485
v 0.416195 -0.022813 0.916269
v 0.540721 0.029231 0.927110
v 0.527856 -0.012144 0.940115
v 0.455603 -0.000089 0.922254
v 0.472859 0.040413 0.906769
v 0.552644 0.023403 0.928041
v 0.532984 -0.016901 0.953338
v 0.458052 -0.011734 0.923731
v 0.479883 0.026901 0.896294
v 0.523314 0.000839 0.888519
v 0.458774 0.007288 0.933074
v 0.523446 -0.019206 0.928356
v 0.462578 0.029282 0.894111
v 0.452856 0.004267 0.877761
v 0.469260 -0.026010 0.925219
v 0.496074 0.004272 0.906687
v 0.428046 -0.024242 0.897022
v 0.504317 0.086248 0.966688
v 0.491153 0.022826 0.998422
v 0.531000 0.066844 1.008450
v 0.461126 0.043353 0.957662
v 0.544779 0.082272 1.033419
v 0.534209 0.040398 1.016936
v 0.484894 0.061275 0.988107
v 0.509236 0.108056 1.004268
v 0.564891 0.078805 1.025928
v 0.540686 0.030898 1.022032
v 0.483838 0.050003 0.988493
v 0.518929 0.100123 0.990957
v 0.568638 0.082140 0.987890
v 0.476849 0.060620 1.009456
v 0.544497 0.040492 0.994493
v 0.511115 0.106633 1.006543
v 0.498075 0.083357 0.954849
v 0.500571 0.036422 0.986574
v 0.531456 0.072624 0.987535
v 0.467278 0.048330 0.954836
v 0.401432 0.214537 1.049210
v 0.505707 0.234964 1.045291
v 0.443589 0.184082 1.045420
v 0.461457 0.264782 1.045986
v 0.489689 0.260542 1.010739
v 0.454726 0.228892 1.041718
v 0.507405 0.205546 1.047087
v 0.536939 0.236285 1.016754
v 0.494266 0.267648 1.028583
v 0.448656 0.219939 1.047211
v 0.513327 0.194860 1.047866
v 0.545798 0.238807 1.030289
v 0.504753 0.267136 1.024175
v 0.483958 0.207798 1.064303
v 0.470059 0.223437 1.023555
v 0.529748 0.256002 1.064947
v 0.418024 0.233205 1.065893
v 0.500623 0.244746 1.050258
v 0.443763 0.205840 1.053961
v 0.469344 0.270040 1.059400
v 0.440330 0.206104 1.039088
v 0.544195 0.211038 1.028786
v 0.485588 0.172256 1.045255
v 0.504620 0.249833 1.021739
v 0.532002 0.229217 0.992414
v 0.493850 0.211198 1.023299
v 0.539582 0.185220 1.045048
v 0.581757 0.207338 1.015686
v 0.522255 0.243065 1.008041
v 0.484154 0.204542 1.039592
v 0.544676 0.165968 1.036259
v 0.581943 0.208635 1.007437
v 0.545450 0.246343 1.034927
v 0.480429 0.194150 1.045172
v 0.548673 0.198553 1.026160
v 0.498129 0.245833 1.057516
v 0.463634 0.228918 1.054637
v 0.530899 0.221894 1.036216
v 0.481755 0.194154 1.045919
v 0.513311 0.259033 1.043537
v 0.494157 0.171824 1.048574
v 0.585971 0.146658 1.033381
v 0.514949 0.114120 1.040553
v 0.551408 0.199891 1.037188
v 0.587811 0.187941 1.004964
v 0.541394 0.164155 1.035752
v 0.571559 0.111125 1.035662
v 0.605281 0.127508 1.003664
v 0.573226 0.198011 1.036784
v 0.525637 0.148890 1.048027
v 0.574989 0.100373 1.027006
v 0.608214 0.143860 1.016716
v 0.594092 0.196283 1.029317
v 0.558400 0.117753 1.051262
v 0.557198 0.159929 1.020563
v 0.591122 0.148463 1.056522
v 0.501414 0.177512 1.066641
v 0.577121 0.161923 1.046447
v 0.523664 0.140035 1.046711
v 0.544884 0.196666 1.063277
v 0.384397 0.079764 1.069624
v 0.415367 0.015480 1.055266
v 0.418332 0.051757 1.092283
v 0.376263 0.042742 1.034293
v 0.436358 0.059067 1.118326
v 0.442593 0.032808 1.080595
v 0.388077 0.044162 1.072442
v 0.388229 0.072686 1.108994
v 0.426057 0.057662 1.124195
v 0.447572 0.022819 1.088840
v 0.397389 0.038014 1.057932
v 0.384674 0.075091 1.092349
v 0.416080 0.090132 1.080032
v 0.389917 0.029323 1.080023
v 0.440852 0.048783 1.072997
v 0.372816 0.070793 1.089700
v 0.388604 0.087368 1.051861
v 0.407907 0.033422 1.054378
v 0.411053 0.067791 1.077138
v 0.381747 0.052873 1.030317
v 0.358349 0.035911 1.127859
v 0.427358 0.055773 1.122961
v 0.394539 0.023110 1.097712
v 0.388728 0.070682 1.151335
v 0.422473 0.091497 1.133825
v 0.391173 0.060741 1.120297
v 0.429983 0.029255 1.109605
v 0.468492 0.059318 1.125855
v 0.398910 0.075626 1.148834
v 0.386501 0.037912 1.115947
v 0.444882 0.035710 1.099514
v 0.456304 0.071626 1.135014
v 0.405582 0.081121 1.150472
v 0.424964 0.025297 1.119947
v 0.395857 0.063939 1.109788
v 0.437333 0.044175 1.159832
v 0.364131 0.030888 1.148288
v 0.415643 0.051141 1.137502
v 0.387870 0.027646 1.117790
v 0.390527 0.056199 1.167163
v 0.370207 -0.001965 1.124719
v 0.439585 0.026846 1.115558
v 0.402921 -0.004547 1.088601
v 0.399893 0.031714 1.150534
v 0.410854 0.060165 1.133545
v 0.397539 0.018327 1.119698
v 0.446742 0.013649 1.094815
v 0.463449 0.054679 1.111181
v 0.409072 0.052924 1.135717
v 0.395146 0.010995 1.109062
v 0.456263 0.007099 1.089283
v 0.474500 0.047500 1.118692
v 0.412073 0.050671 1.144164
v 0.439673 -0.001944 1.110920
v 0.401863 0.033353 1.103656
v 0.454471 0.017289 1.150534
v 0.371567 -0.002152 1.131086
v 0.426424 0.016615 1.135721
v 0.400890 0.000636 1.105857
v 0.394045 0.015918 1.160371
v 0.369788 -0.024933 1.073599
v 0.442320 -0.019580 1.096117
v 0.415075 -0.023291 1.050308
v 0.393162 -0.018213 1.119161
v 0.415251 0.016683 1.116885
v 0.399728 -0.010959 1.083432
v 0.454953 -0.026210 1.075978
v 0.477521 -0.000448 1.111552
v 0.464181 -0.014652 1.122088
v 0.430187 -0.043503 1.086707
v 0.440536 -0.001117 1.052003
v 0.471848 0.026807 1.086929
v 0.406162 -0.000848 1.124364
v 0.436628 -0.040191 1.079149
v 0.412292 0.002684 1.079574
v 0.433992 -0.042191 1.124669
v 0.367623 -0.033826 1.075000
v 0.414966 -0.029614 1.105570
v 0.404916 -0.026879 1.065650
v 0.376990 -0.034261 1.114964
v 0.367469 -0.015429 1.050708
v 0.440849 0.017249 1.054661
v 0.415445 -0.031826 1.049975
v 0.383764 0.033874 1.052477
v 0.414301 0.045747 1.029516
v 0.398189 0.002581 1.039092
v 0.452805 -0.004713 1.061514
v 0.471450 0.039665 1.054067
v 0.401010 0.041027 1.041385
v 0.399409 -0.010456 1.046043
v 0.469305 -0.009983 1.060538
v 0.470252 0.042209 1.058737
v 0.392278 0.042345 1.042979
v 0.434875 -0.004127 1.072360
v 0.412514 0.002412 1.028977
v 0.415048 0.037495 1.085331
v 0.364356 -0.013934 1.063474
v 0.410063 0.021943 1.059947
v 0.403146 -0.019246 1.060733
v 0.368942 0.027016 1.060372
v 0.557832 0.136790 1.017398
v 0.479754 0.067792 1.025716
v 0.548099 0.082651 1.039239
v 0.479298 0.117262 1.004172
v 0.572664 0.079083 1.060664
v 0.533619 0.058651 1.036325
v 0.506282 0.105273 1.030422
v 0.548722 0.130223 1.054017
v 0.571710 0.084192 1.062047
v 0.524786 0.051438 1.049505
v 0.501427 0.090589 1.016659
v 0.565869 0.132398 1.030295
v 0.588695 0.090725 1.020338
v 0.497253 0.100697 1.040932
v 0.541826 0.061940 1.025313
v 0.556873 0.138568 1.041364
v 0.564062 0.123894 0.992976
v 0.498954 0.082265 1.017686
v 0.559885 0.093261 1.021456
v 0.502086 0.114324 0.990218
v 0.615647 -0.038133 0.928890
v 0.537498 -0.067230 0.959713
v 0.595639 -0.046023 0.975519
v 0.560224 -0.056503 0.912889
v 0.623899 -0.026670 0.987873
v 0.572700 -0.056756 0.989067
v 0.573977 -0.049048 0.941506
v 0.619277 -0.020674 0.940090
v 0.625084 -0.047403 0.995084
v 0.556027 -0.061021 0.998898
v 0.566168 -0.056354 0.944529
v 0.626956 -0.045494 0.940813
v 0.632857 -0.071728 0.952972
v 0.572405 -0.031104 0.956553
v 0.579424 -0.075430 0.972234
v 0.623250 -0.026525 0.939613
v 0.611080 -0.060593 0.910857
v 0.557717 -0.062103 0.950533
v 0.608827 -0.058930 0.949620
v 0.560421 -0.061389 0.911345
v 0.552938 -0.054226 0.941543
v 0.482419 -0.092875 0.988335
v 0.538686 -0.056717 0.990380
v 0.492800 -0.087923 0.939267
v 0.533405 -0.130113 0.977301
v 0.502045 -0.097790 0.970087
v 0.525726 -0.068803 1.002246
v 0.567941 -0.100699 1.007153
v 0.532820 -0.123994 0.970171
v 0.500431 -0.082652 0.969784
v 0.521419 -0.065427 1.016339
v 0.559692 -0.105704 1.014719
v 0.581357 -0.098047 0.964156
v 0.498958 -0.070478 0.970867
v 0.533154 -0.091991 0.999738
v 0.552465 -0.074345 0.935679
v 0.529671 -0.052080 0.934219
v 0.508963 -0.095250 0.969973
v 0.542006 -0.059717 0.969329
v 0.493303 -0.086154 0.935585
v 0.438553 -0.044584 0.927938
v 0.454104 -0.045024 0.997138
v 0.498887 -0.036046 0.952824
v 0.399980 -0.050809 0.971842
v 0.537630 -0.017069 0.939636
v 0.510905 -0.040502 0.976504
v 0.441828 -0.035250 0.961726
v 0.463246 -0.013935 0.923268
v 0.518788 0.011805 0.965302
v 0.472568 -0.019164 0.996327
v 0.493995 -0.062064 0.965151
v 0.542413 -0.030943 0.935875
v 0.522139 -0.060021 0.929758
v 0.456259 -0.018950 0.964188
v 0.494124 -0.057603 0.973598
v 0.475556 -0.019763 0.920623
v 0.436880 -0.056772 0.920960
v 0.444515 -0.053852 0.976412
v 0.480772 -0.043805 0.941834
v 0.405484 -0.064810 0.955121
v 0.501757 0.077766 0.967667
v 0.570323 0.022055 0.973239
v 0.497205 0.033217 0.987749
v 0.568725 0.066064 0.950543
v 0.564008 0.036557 0.930659
v 0.527952 0.046836 0.960291
v 0.555231 0.013514 0.991190
v 0.600247 0.005229 0.962171
v 0.581886 0.051783 0.949074
v 0.521013 0.047241 0.970460
v 0.544791 0.002276 0.996926
v 0.608685 0.008945 0.977561
v 0.606022 0.045572 0.980232
v 0.516482 0.048684 0.977744
v 0.566110 0.013720 0.977085
v 0.564208 0.080251 0.983598
v 0.510532 0.084875 0.971477
v 0.574740 0.045558 0.975281
v 0.513651 0.046644 0.980695
v 0.568758 0.083311 0.963679
v 0.533779 0.039738 0.978005
v 0.489536 -0.026492 0.987174
v 0.535173 0.007553 1.014617
v 0.481900 0.007353 0.951692
v 0.529897 0.013497 1.050072
v 0.523954 -0.019502 1.018309
v 0.504394 0.013362 0.986832
v 0.509069 0.047096 1.018285
v 0.554232 0.009373 1.044824
v 0.512996 -0.030568 1.022534
v 0.504503 0.001525 0.980026
v 0.544766 0.040872 1.001449
v 0.584610 0.010449 1.018625
v 0.491924 0.014432 0.999189
v 0.538435 -0.020607 1.004726
v 0.535044 0.045177 1.015870
v 0.565516 0.040855 0.978795
v 0.516920 -0.006427 0.976502
v 0.550779 0.013403 1.005002
v 0.524453 0.022724 0.950979
v 0.454296 0.168495 1.112301
v 0.462777 0.128356 1.056079
v 0.471956 0.120909 1.102212
v 0.433569 0.172583 1.066854
v 0.478643 0.109361 1.128500
v 0.487139 0.107600 1.082732
v 0.440755 0.143953 1.084205
v 0.443371 0.146450 1.129846
v 0.491216 0.102030 1.124762
v 0.493558 0.097082 1.074377
v 0.448159 0.144585 1.077597
v 0.454573 0.148595 1.126970
v 0.479819 0.188335 1.090339
v 0.473159 0.112608 1.098929
v 0.460516 0.146108 1.066687
v 0.485970 0.150722 1.119699
v 0.468861 0.191912 1.095046
v 0.460154 0.136650 1.067605
v 0.475097 0.149796 1.099403
v 0.439109 0.173166 1.063186
v 0.459797 0.233367 1.050393
v 0.477562 0.162728 1.031548
v 0.471317 0.190021 1.071987
v 0.446065 0.200743 1.009655
v 0.447116 0.172343 1.102922
v 0.486368 0.164407 1.066941
v 0.451325 0.193492 1.041379
v 0.421895 0.204355 1.078168
v 0.453960 0.177171 1.104249
v 0.495252 0.157964 1.066764
v 0.460566 0.188843 1.034395
v 0.426543 0.208410 1.071443
v 0.494300 0.241421 1.042313
v 0.465281 0.169705 1.074142
v 0.477089 0.192268 1.031692
v 0.496198 0.224574 1.085648
v 0.474340 0.244034 1.044163
v 0.477191 0.183852 1.035026
v 0.476813 0.208789 1.064728
v 0.459975 0.214334 1.013869
v 0.581142 0.037906 1.074864
v 0.555673 0.070561 1.019467
v 0.541178 0.026757 1.046474
v 0.594932 0.082959 1.050128
v 0.545904 0.103725 1.056060
v 0.557449 0.056515 1.056689
v 0.540971 0.053146 1.011922
v 0.541493 0.103523 1.011228
v 0.580199 0.093903 1.043166
v 0.559177 0.045883 1.053860
v 0.525396 0.046265 1.007948
v 0.557986 0.095133 0.996398
v 0.574576 0.094879 1.054434
v 0.567302 0.045069 1.013715
v 0.531631 0.063946 1.054543
v 0.607556 0.078058 1.012415
v 0.594937 0.037850 1.068103
v 0.579607 0.069247 1.027461
v 0.567310 0.032902 1.045682
v 0.608599 0.075039 1.051797
v 0.309857 0.017164 1.112667
v 0.341671 -0.031011 1.071209
v 0.310764 0.010420 1.064350
v 0.342926 -0.022139 1.119682
v 0.303031 0.035359 1.045141
v 0.313327 -0.009364 1.049228
v 0.331796 -0.000407 1.093427
v 0.318776 0.044147 1.090132
v 0.291989 0.031928 1.052123
v 0.320720 -0.008500 1.037951
v 0.334322 -0.016531 1.090296
v 0.302779 0.022386 1.104566
v 0.274018 0.005393 1.082579
v 0.339376 0.009688 1.078672
v 0.305491 -0.021249 1.063867
v 0.307163 0.037737 1.095069
v 0.294489 -0.005908 1.122338
v 0.331209 -0.023064 1.083176
v 0.296964 0.000110 1.084100
v 0.329778 -0.027019 1.122128
v 0.365397 0.095290 1.046940
v 0.386247 0.027550 1.039259
v 0.374676 0.067480 1.007810
v 0.379647 0.056760 1.078548
v 0.369034 0.082673 0.982003
v 0.372475 0.042212 1.003660
v 0.385705 0.065954 1.044191
v 0.379460 0.106769 1.022829
v 0.368896 0.075114 0.974714
v 0.381436 0.030626 0.997756
v 0.381091 0.056566 1.045974
v 0.365484 0.100557 1.022737
v 0.342868 0.089488 1.015092
v 0.400766 0.061194 1.033273
v 0.357604 0.046498 1.014361
v 0.385167 0.104863 1.031352
v 0.340266 0.082050 1.058352
v 0.378696 0.043379 1.043512
v 0.354812 0.071062 1.024099
v 0.365563 0.056296 1.078120
v 0.508586 0.254752 1.057094
v 0.424155 0.219533 1.017175
v 0.468859 0.199524 1.045292
v 0.451382 0.268159 1.029556
v 0.403076 0.249458 1.037268
v 0.464950 0.238775 1.047749
v 0.434856 0.196753 1.017570
v 0.379721 0.212540 1.006039
v 0.424751 0.258401 1.024824
v 0.476637 0.233412 1.044144
v 0.429350 0.185076 1.016940
v 0.383173 0.213443 0.995765
v 0.421816 0.259566 1.030968
v 0.457544 0.209780 1.012552
v 0.439496 0.224841 1.053403
v 0.433118 0.241764 0.989415
v 0.513117 0.253327 1.052445
v 0.447412 0.242085 1.020258
v 0.474333 0.216509 1.040919
v 0.478495 0.275288 1.032745
v 0.464169 0.203554 1.052891
v 0.397087 0.198272 1.002377
v 0.442281 0.168352 1.023335
v 0.425490 0.236660 1.035595
v 0.367114 0.217557 1.016855
v 0.417381 0.203279 1.032106
v 0.412963 0.172305 0.995243
v 0.362961 0.188134 0.978333
v 0.399617 0.232767 1.014360
v 0.443099 0.200508 1.028271
v 0.396616 0.158947 0.993852
v 0.361865 0.196581 0.978871
v 0.389208 0.230647 1.019366
v 0.436784 0.189510 0.994696
v 0.395083 0.187224 1.032642
v 0.419848 0.227590 0.978910
v 0.484320 0.233595 1.035690
v 0.410413 0.210293 1.004720
v 0.452803 0.194399 1.024754
v 0.441191 0.249577 1.017875
v 0.446838 0.182380 1.009905
v 0.376506 0.132129 0.961610
v 0.414874 0.122375 1.002355
v 0.393565 0.183746 0.968543
v 0.347297 0.161117 0.972920
v 0.393616 0.156345 0.991873
v 0.389619 0.109397 0.969450
v 0.348847 0.118633 0.949145
v 0.364632 0.170757 0.967371
v 0.414685 0.152459 0.992242
v 0.383206 0.098214 0.972903
v 0.345751 0.123582 0.947261
v 0.364575 0.173788 0.965906
v 0.400385 0.117872 0.963287
v 0.380699 0.145775 0.997794
v 0.380463 0.144778 0.931207
v 0.457439 0.193171 0.985744
v 0.382635 0.145272 0.962985
v 0.432029 0.146735 0.989517
v 0.399377 0.186624 0.959333
v 0.491870 0.087161 1.059174
v 0.487602 0.016530 1.052484
v 0.517282 0.055399 1.022834
v 0.465157 0.048411 1.090008
v 0.557900 0.066516 1.003229
v 0.505255 0.036973 1.014096
v 0.506942 0.046267 1.061372
v 0.554710 0.078137 1.050017
v 0.540910 0.066083 0.993605
v 0.496167 0.025636 1.009094
v 0.502722 0.039074 1.061110
v 0.541067 0.081640 1.045221
v 0.492596 0.088431 1.019817
v 0.535455 0.039015 1.050732
v 0.475694 0.044016 1.025833
v 0.549115 0.082869 1.042067
v 0.479054 0.088999 1.071397
v 0.482471 0.034199 1.056866
v 0.499927 0.069549 1.038136
v 0.464761 0.053707 1.090906
v 0.605035 0.054249 1.052967
v 0.565470 0.046027 0.995628
v 0.550905 0.037675 1.046732
v 0.618497 0.065465 1.002648
v 0.579982 0.088734 0.989222
v 0.579679 0.064459 1.028026
v 0.548210 0.028406 1.007403
v 0.548203 0.051894 0.967482
v 0.582103 0.090117 0.999603
v 0.568439 0.056253 1.038249
v 0.538694 0.021749 1.004625
v 0.550472 0.054632 0.965048
v 0.608059 0.075096 0.991503
v 0.562003 0.023474 1.011085
v 0.565668 0.069532 1.024884
v 0.599036 0.030259 0.975856
v 0.606506 0.046058 1.055018
v 0.594540 0.048727 1.001987
v 0.571613 0.038600 1.038900
v 0.632295 0.058374 1.018825
v 0.590350 -0.004415 1.053189
v 0.553721 0.030449 1.002751
v 0.530709 -0.005755 1.038505
v 0.610086 0.033745 1.019798
v 0.582334 0.062943 1.011052
v 0.577994 0.022490 1.032675
v 0.521884 0.012218 1.005593
v 0.533559 0.051794 0.982020
v 0.594150 0.049949 1.020605
v 0.568107 0.004945 1.035194
v 0.505062 0.015962 1.004259
v 0.541616 0.059669 0.987267
v 0.598911 0.051878 1.013697
v 0.548362 -0.000559 1.002384
v 0.549909 0.034752 1.035221
v 0.597529 0.018497 0.979352
v 0.600660 -0.009448 1.043155
v 0.583485 0.020067 1.000438
v 0.559326 0.000230 1.033726
v 0.623995 0.012189 1.011468
v 0.521843 -0.020392 1.076482
v 0.517717 -0.016595 1.006734
v 0.467537 -0.024459 1.049722
v 0.575249 -0.009673 1.034244
v 0.567602 0.013496 1.011699
v 0.524993 -0.007862 1.043877
v 0.482309 -0.027421 1.008894
v 0.531191 -0.008016 0.976531
v 0.543788 -0.010717 0.980488
v 0.496411 -0.042491 1.013186
v 0.469587 0.001015 1.039497
v 0.508832 0.032795 1.004503
v 0.573843 0.008483 1.019880
v 0.498971 -0.041145 1.018823
v 0.507073 0.004642 1.033863
v 0.565694 -0.036125 1.002347
v 0.541171 -0.036691 1.068866
v 0.535472 -0.027852 1.015287
v 0.502062 -0.026654 1.052321
v 0.574621 -0.035649 1.032466
v 0.501432 -0.021865 1.085538
v 0.469830 0.020365 1.036602
v 0.463810 -0.030715 1.046985
v 0.500338 0.029319 1.077307
v 0.449683 0.046844 1.067426
v 0.475889 0.003948 1.068381
v 0.457810 -0.002854 1.022716
v 0.437250 0.041355 1.021081
v 0.459425 0.038259 1.073725
v 0.481192 -0.010508 1.062836
v 0.450077 -0.005831 1.014256
v 0.434423 0.044298 1.024301
v 0.468570 0.045998 1.069396
v 0.484864 -0.001172 1.023471
v 0.451542 0.002434 1.068043
v 0.501218 0.043496 1.024092
v 0.512283 -0.016313 1.082571
v 0.497968 0.025299 1.048388
v 0.485201 -0.015664 1.051061
v 0.518740 0.024782 1.081588
v 0.379604 0.123578 0.981037
v 0.402433 0.073886 1.027506
v 0.410668 0.082357 0.976566
v 0.376287 0.117017 1.032158
v 0.432369 0.079657 0.950545
v 0.413942 0.060452 0.989325
v 0.398889 0.105201 1.006539
v 0.420190 0.128389 0.967552
v 0.421100 0.069984 0.946740
v 0.419781 0.049500 0.993833
v 0.397299 0.098495 1.013278
v 0.397243 0.118603 0.965324
v 0.373812 0.079631 0.956146
v 0.423924 0.104128 1.001884
v 0.390599 0.062593 0.994944
v 0.404296 0.120261 0.961487
v 0.359732 0.122446 0.995431
v 0.394498 0.082319 1.016793
v 0.383049 0.095837 0.979163
v 0.371596 0.110824 1.032994
v 0.275054 -0.038537 1.009085
v 0.338591 -0.065857 1.024813
v 0.316508 -0.042894 0.983728
v 0.297519 -0.058621 1.051088
v 0.325226 -0.018794 0.961013
v 0.339854 -0.054839 0.985511
v 0.305382 -0.045492 1.018667
v 0.289107 -0.010888 0.992351
v 0.325735 -0.018101 0.960868
v 0.347482 -0.059654 0.982373
v 0.315249 -0.053095 1.026045
v 0.291382 -0.013087 1.002720
v 0.290728 -0.060290 0.963322
v 0.318136 -0.030646 1.015158
v 0.326199 -0.070662 0.989335
v 0.284075 -0.019036 0.987057
v 0.263667 -0.061197 1.001763
v 0.316556 -0.061822 1.021120
v 0.298028 -0.054998 0.984868
v 0.281613 -0.065703 1.038409
v 0.322658 -0.034647 1.031330
v 0.365974 -0.090492 1.039553
v 0.358972 -0.052843 1.004221
v 0.331248 -0.070130 1.068084
v 0.331790 -0.124046 1.016506
v 0.344776 -0.087567 1.041294
v 0.369310 -0.070546 1.002744
v 0.353765 -0.106054 0.977186
v 0.326969 -0.112800 1.032559
v 0.352656 -0.069559 1.044149
v 0.378929 -0.073110 0.996336
v 0.350591 -0.114965 0.983632
v 0.323206 -0.091520 0.986147
v 0.347260 -0.066197 1.041770
v 0.365173 -0.087141 1.002299
v 0.305278 -0.068277 1.023993
v 0.319752 -0.039472 1.047674
v 0.347104 -0.087445 1.035273
v 0.336743 -0.052589 1.015339
v 0.331936 -0.072966 1.068407
v 0.343908 -0.038090 1.104967
v 0.390448 -0.042806 1.051744
v 0.339308 -0.035135 1.056486
v 0.395170 -0.042771 1.100802
v 0.315281 -0.026810 1.034012
v 0.356982 -0.045756 1.035707
v 0.362887 -0.027220 1.080428
v 0.319701 -0.010588 1.079499
v 0.339531 0.011739 1.042617
v 0.382815 -0.015688 1.047428
v 0.353062 -0.061826 1.049232
v 0.309819 -0.034087 1.041249
v 0.314775 -0.059725 1.064347
v 0.362812 -0.014794 1.066767
v 0.357542 -0.059768 1.049786
v 0.318823 -0.014047 1.078902
v 0.339624 -0.060085 1.109618
v 0.378241 -0.047615 1.070532
v 0.337077 -0.046548 1.073332
v 0.380627 -0.059023 1.107957
v 0.359396 0.076032 1.054296
v 0.332475 0.030206 1.007136
v 0.372506 0.030901 1.040195
v 0.317811 0.074540 1.023713
v 0.294804 0.030210 1.017595
v 0.332123 0.043371 1.040669
v 0.359909 0.023241 1.005998
v 0.322088 0.012555 0.981590
v 0.304073 0.053712 1.019967
v 0.352448 0.050603 1.036973
v 0.359341 0.004893 1.007311
v 0.311476 0.010101 0.987947
v 0.315639 0.060005 0.992075
v 0.358576 0.046911 1.039954
v 0.337256 0.022108 1.004597
v 0.338706 0.085584 1.025378
v 0.355412 0.081716 1.050307
v 0.332644 0.052546 1.007710
v 0.361551 0.045799 1.036396
v 0.325010 0.087856 1.023408
v 0.360908 0.045523 1.017243
v 0.374869 -0.018623 1.044925
v 0.380290 0.004504 0.998678
v 0.358081 0.023847 1.064097
v 0.397806 -0.003383 0.970078
v 0.381119 -0.023699 1.008393
v 0.376298 0.020465 1.029041
v 0.389711 0.040805 0.989326
v 0.388591 -0.020270 0.966998
v 0.377275 -0.037477 1.014162
v 0.378000 0.014417 1.032365
v 0.386668 0.031654 0.984050
v 0.336635 0.029980 1.014762
v 0.389144 -0.006996 0.999247
v 0.364232 0.003703 1.039220
v 0.359095 0.017410 0.974433
v 0.341921 0.045687 1.013255
v 0.365901 0.000645 1.037663
v 0.362914 0.015963 0.999414
v 0.346691 0.031985 1.051688
v 0.546676 0.198126 1.002814
v 0.466403 0.131367 1.023894
v 0.519083 0.142041 0.982306
v 0.500264 0.185588 1.045277
v 0.535610 0.127083 0.958747
v 0.485777 0.126159 0.981292
v 0.518441 0.158546 1.022088
v 0.576588 0.168048 0.999912
v 0.532279 0.137120 0.956345
v 0.476469 0.112245 0.979192
v 0.497051 0.154877 1.025427
v 0.556335 0.186899 1.002383
v 0.510062 0.208810 1.002349
v 0.510110 0.126305 0.982586
v 0.488882 0.159480 1.021946
v 0.521010 0.175598 0.961858
v 0.525127 0.211797 1.014662
v 0.484715 0.146819 1.019369
v 0.521877 0.176550 0.990606
v 0.495193 0.183639 1.044640
v 0.477555 0.242870 1.039602
v 0.422087 0.160983 1.038886
v 0.493827 0.204378 1.015393
v 0.414792 0.201052 1.065582
v 0.526079 0.204860 0.994677
v 0.467172 0.178255 1.007232
v 0.455496 0.195742 1.046561
v 0.516262 0.228892 1.033843
v 0.522704 0.216826 0.998568
v 0.475006 0.171689 1.002413
v 0.433236 0.183296 1.046070
v 0.495100 0.239056 1.042976
v 0.435816 0.232699 1.032081
v 0.497222 0.193114 1.013391
v 0.427004 0.183053 1.041151
v 0.489167 0.238047 1.001164
v 0.447322 0.240163 1.045571
v 0.434350 0.177194 1.038904
v 0.470070 0.220180 1.020990
v 0.413918 0.197688 1.064891
v 0.366126 0.076349 0.934885
v 0.394872 0.060801 0.951992
v 0.395701 0.090275 0.976363
v 0.365188 0.104686 0.960241
v 0.397696 0.084038 0.924335
v 0.392014 0.057123 0.967613
v 0.401686 0.092692 0.958502
v 0.386429 0.049181 0.933097
v 0.376180 0.128153 0.969997
v 0.388611 0.075240 0.957185
v 0.385546 0.097513 0.991113
v 0.376716 0.105739 0.936309
v 0.390307 0.101008 1.016002
v 0.402997 0.072068 0.989682
v 0.378617 0.093484 0.959252
v 0.370777 0.123696 0.985419
v 0.385084 0.136118 0.961294
v 0.384763 0.091469 0.956678
v 0.388724 0.112737 0.980782
v 0.378590 0.114597 0.937366
v 0.399023 0.107132 1.009877
v 0.401858 0.077873 0.988959
v 0.370719 0.092382 0.967782
v 0.370906 0.122749 0.987734
v 0.411196 0.123128 0.978861
v 0.366761 0.085635 0.979094
v 0.408395 0.085022 0.976118
v 0.367460 0.121323 0.983179
v 0.390174 0.124169 0.988445
v 0.383531 0.084358 0.949583
v 0.392620 0.085427 0.989381
v 0.379272 0.122921 0.949255
v 0.368330 0.111819 0.944075
v 0.389999 0.102268 0.976861
v 0.389815 0.060969 0.964806
v 0.369658 0.071244 0.930587
v 0.356735 0.082444 0.923824
v 0.381984 0.061227 0.937969
v 0.395863 0.091066 0.958122
v 0.367946 0.111739 0.945357
v 0.630649 -0.025429 1.128369
v 0.612043 0.000586 1.109895
v 0.570274 0.000245 1.135407
v 0.590691 -0.024467 1.155040
v 0.638572 0.004792 1.136464
v 0.585010 0.015064 1.110774
v 0.598695 -0.010725 1.135794
v 0.621575 0.031870 1.113263
v 0.570520 0.060460 1.134788
v 0.577845 0.004902 1.139655
v 0.577391 0.031984 1.109240
v 0.579560 0.033452 1.164990
v 0.584142 0.030162 1.082462
v 0.570266 0.001963 1.107900
v 0.581965 0.027274 1.140676
v 0.588151 0.056671 1.114793
v 0.552751 0.067646 1.136349
v 0.566437 0.023287 1.140990
v 0.568179 0.044262 1.116602
v 0.556351 0.046926 1.160955
v 0.601016 0.010543 1.087949
v 0.565735 0.003577 1.112038
v 0.583586 0.029600 1.135392
v 0.614364 0.038063 1.110076
v 0.556654 0.048371 1.099530
v 0.595599 0.018714 1.135019
v 0.553298 0.016010 1.112462
v 0.596954 0.050486 1.120323
v 0.566906 0.046917 1.157814
v 0.609226 0.014046 1.118478
v 0.554873 0.018730 1.136033
v 0.616478 0.044152 1.138979
v 0.616400 0.043473 1.126073
v 0.573633 0.030863 1.137887
v 0.586351 -0.005498 1.115489
v 0.634387 0.006334 1.105670
v 0.638411 -0.032280 1.122500
v 0.627568 0.002369 1.118873
v 0.588623 -0.003618 1.141657
v 0.600673 -0.037991 1.146897
v 0.524393 0.057915 1.084945
v 0.488056 0.083152 1.081752
v 0.457098 0.065335 1.108671
v 0.501443 0.041099 1.113181
v 0.513550 0.070022 1.120168
v 0.464808 0.093291 1.090391
v 0.475990 0.058158 1.103020
v 0.493276 0.105573 1.109577
v 0.411435 0.111958 1.115074
v 0.458226 0.074354 1.112763
v 0.431117 0.094520 1.086079
v 0.435860 0.093896 1.141776
v 0.451132 0.105149 1.060617
v 0.454398 0.070107 1.080453
v 0.439592 0.091143 1.117248
v 0.432095 0.125667 1.096713
v 0.401306 0.110043 1.118091
v 0.437988 0.084446 1.114322
v 0.416971 0.099787 1.094202
v 0.422227 0.096431 1.138339
v 0.468642 0.103712 1.069685
v 0.445894 0.074762 1.084237
v 0.452742 0.087646 1.118830
v 0.468483 0.117731 1.104009
v 0.424272 0.110184 1.083854
v 0.465170 0.086622 1.111958
v 0.430978 0.076129 1.092367
v 0.457737 0.120681 1.101488
v 0.424436 0.092812 1.140594
v 0.472075 0.092379 1.101873
v 0.430078 0.072538 1.108547
v 0.458171 0.114451 1.133097
v 0.459715 0.120251 1.120044
v 0.434528 0.088395 1.117531
v 0.472181 0.070573 1.088528
v 0.503251 0.101614 1.093027
v 0.541840 0.072810 1.098204
v 0.497923 0.095165 1.098668
v 0.473360 0.067291 1.114514
v 0.522771 0.045573 1.115882
v 0.408069 0.291346 1.039628
v 0.451868 0.277695 1.034955
v 0.426755 0.249114 1.057279
v 0.386309 0.265265 1.061067
v 0.414383 0.290139 1.027057
v 0.428370 0.247098 1.039445
v 0.451794 0.280652 1.051734
v 0.393336 0.259541 1.016956
v 0.412093 0.290819 1.066038
v 0.480946 0.272486 1.052885
v 0.420154 0.257177 1.067631
v 0.460870 0.300112 1.047443
v 0.463910 0.243141 1.096790
v 0.469148 0.248201 1.059549
v 0.430238 0.274988 1.058380
v 0.431926 0.273635 1.096336
v 0.464249 0.299930 1.075339
v 0.440448 0.278226 1.054373
v 0.469550 0.277183 1.078122
v 0.435676 0.302428 1.053356
v 0.454829 0.243507 1.100518
v 0.461436 0.246432 1.067534
v 0.427598 0.270866 1.064469
v 0.426959 0.271182 1.098059
v 0.471720 0.293348 1.064543
v 0.448107 0.246613 1.077116
v 0.441545 0.273386 1.051388
v 0.484610 0.268772 1.089692
v 0.460326 0.283151 1.087590
v 0.424197 0.271348 1.044050
v 0.461247 0.257277 1.071205
v 0.424081 0.298438 1.062652
v 0.402127 0.289165 1.050972
v 0.445196 0.274341 1.071154
v 0.445363 0.249453 1.041288
v 0.401208 0.264140 1.019366
v 0.392793 0.294620 1.031832
v 0.438370 0.285606 1.028925
v 0.422970 0.254646 1.045165
v 0.376276 0.263239 1.046013
v 0.429159 0.274488 1.074706
v 0.464544 0.253764 1.075787
v 0.413300 0.221277 1.076553
v 0.386899 0.247812 1.074960
v 0.437945 0.275635 1.068779
v 0.430705 0.225229 1.062203
v 0.446179 0.247756 1.088870
v 0.419428 0.252988 1.042868
v 0.429509 0.261595 1.114758
v 0.423654 0.236844 1.072577
v 0.434856 0.226422 1.108008
v 0.413685 0.270480 1.080090
v 0.432063 0.209837 1.128044
v 0.437355 0.208362 1.090267
v 0.422766 0.248319 1.085017
v 0.420039 0.250395 1.122837
v 0.432371 0.277302 1.101618
v 0.425942 0.242941 1.083499
v 0.445186 0.251233 1.107231
v 0.411611 0.269025 1.079197
v 0.429106 0.212138 1.126999
v 0.439812 0.217475 1.093119
v 0.399371 0.234402 1.091017
v 0.398741 0.235769 1.126723
v 0.426711 0.267388 1.092448
v 0.425433 0.215814 1.104318
v 0.416511 0.239255 1.076662
v 0.439357 0.245219 1.119340
v 0.429906 0.250208 1.120913
v 0.421393 0.245521 1.071347
v 0.435032 0.222115 1.100913
v 0.411466 0.271576 1.092073
v 0.403696 0.266167 1.094139
v 0.435134 0.238794 1.102271
v 0.424880 0.223447 1.066849
v 0.393731 0.251455 1.057412
v 0.407952 0.275788 1.049852
v 0.454871 0.264969 1.060073
v 0.412223 0.230024 1.073413
v 0.376653 0.247193 1.063233
v 0.374202 0.207013 1.119393
v 0.402937 0.189590 1.106881
v 0.384414 0.156352 1.111199
v 0.354790 0.174334 1.121752
v 0.384097 0.212450 1.108745
v 0.384038 0.162157 1.097027
v 0.403240 0.184863 1.120185
v 0.363423 0.189773 1.087213
v 0.381135 0.198780 1.143941
v 0.417735 0.170624 1.113143
v 0.380792 0.163657 1.128501
v 0.416879 0.206880 1.126895
v 0.426625 0.138039 1.142604
v 0.411182 0.150696 1.107716
v 0.387328 0.179248 1.129032
v 0.404868 0.167950 1.163863
v 0.386990 0.207123 1.138810
v 0.417618 0.179644 1.122782
v 0.390738 0.176869 1.140432
v 0.412868 0.210051 1.119766
v 0.423233 0.137816 1.145412
v 0.410762 0.151177 1.114589
v 0.381251 0.166261 1.133464
v 0.395179 0.154526 1.164739
v 0.402369 0.196107 1.141212
v 0.406933 0.146274 1.128487
v 0.385385 0.175445 1.118007
v 0.425346 0.167845 1.150295
v 0.411217 0.175180 1.158842
v 0.378534 0.179066 1.114264
v 0.410587 0.156637 1.125436
v 0.377971 0.195995 1.148938
v 0.365127 0.183527 1.145173
v 0.401535 0.168370 1.137330
v 0.390659 0.164748 1.096143
v 0.354869 0.182337 1.103926
v 0.365735 0.219236 1.116081
v 0.393049 0.201191 1.101438
v 0.377083 0.168262 1.112710
v 0.348563 0.186576 1.125504
v 0.497809 0.065898 0.993661
v 0.447239 0.062690 0.978469
v 0.422070 0.060985 1.013146
v 0.468406 0.066509 1.028264
v 0.472286 0.094560 1.005574
v 0.418138 0.065507 0.980359
v 0.447625 0.061255 1.011147
v 0.437971 0.100449 0.976299
v 0.371316 0.097519 0.993686
v 0.420646 0.066483 1.012422
v 0.392678 0.068650 0.978447
v 0.395388 0.097250 1.026700
v 0.394070 0.067403 0.952664
v 0.418579 0.048138 0.983151
v 0.401114 0.079964 1.009361
v 0.378545 0.097871 0.978865
v 0.362694 0.098100 0.997551
v 0.400097 0.074821 1.010814
v 0.378012 0.074802 0.985321
v 0.383307 0.099563 1.022117
v 0.426429 0.057603 0.957899
v 0.408790 0.047531 0.989616
v 0.410129 0.083999 1.001343
v 0.425397 0.094679 0.968674
v 0.378011 0.060637 0.966436
v 0.421474 0.082402 0.996326
v 0.396588 0.049885 0.995809
v 0.400297 0.092186 0.965541
v 0.371621 0.091884 1.004905
v 0.433825 0.079682 0.985109
v 0.394468 0.060102 1.005781
v 0.401962 0.111536 0.982591
v 0.432549 0.101962 0.969270
v 0.395208 0.081938 0.992172
v 0.435136 0.051876 1.001768
v 0.478290 0.071812 0.979934
v 0.514092 0.069274 0.999458
v 0.465494 0.076764 0.981761
v 0.434673 0.074563 1.014564
v 0.478624 0.069288 1.032559
v 0.335464 0.075781 0.942900
v 0.369918 0.081737 0.950625
v 0.368400 0.053815 0.976705
v 0.334259 0.046541 0.967212
v 0.352782 0.077906 0.928490
v 0.375450 0.049815 0.965100
v 0.363381 0.085465 0.961344
v 0.362741 0.041866 0.932699
v 0.330277 0.093378 0.958873
v 0.381936 0.084765 0.977132
v 0.347574 0.063055 0.974661
v 0.364823 0.114432 0.959080
v 0.365967 0.082334 1.020638
v 0.385416 0.067819 0.988355
v 0.350370 0.076133 0.964757
v 0.332243 0.092959 0.996988
v 0.332178 0.098125 0.952237
v 0.369880 0.094745 0.974760
v 0.341237 0.079770 0.974715
v 0.361174 0.111921 0.950850
v 0.366230 0.088876 1.019295
v 0.380973 0.070633 0.992141
v 0.346338 0.066490 0.976710
v 0.332032 0.086795 1.003102
v 0.341124 0.098673 0.966214
v 0.370801 0.072813 0.999263
v 0.356100 0.066473 0.965236
v 0.357350 0.106093 0.999089
v 0.362516 0.115295 0.965119
v 0.350833 0.063372 0.981667
v 0.379696 0.081473 0.959480
v 0.334989 0.097938 0.989116
v 0.328891 0.077566 0.948540
v 0.355673 0.087931 0.976655
v 0.378417 0.052764 0.967124
v 0.352497 0.043851 0.937172
v 0.339150 0.065860 0.916554
v 0.368154 0.075835 0.935057
v 0.358075 0.051688 0.962893
v 0.330053 0.040200 0.943081
v 0.344294 0.044232 0.950408
v 0.378528 0.041918 0.960646
v 0.367435 0.023443 0.992142
v 0.333183 0.023987 0.980545
v 0.346650 0.033973 0.946625
v 0.376489 0.015738 0.984232
v 0.370435 0.049271 0.967874
v 0.350909 0.000977 0.964123
v 0.363493 0.087761 0.989996
v 0.362675 0.034364 0.973977
v 0.382703 0.056615 1.001631
v 0.341925 0.065480 0.963999
v 0.399174 0.064989 1.019353
v 0.394500 0.033370 0.994721
v 0.356617 0.050827 0.980070
v 0.362695 0.083777 1.003278
v 0.358918 0.092095 0.973563
v 0.363308 0.048004 0.971896
v 0.375674 0.072281 0.989425
v 0.345124 0.067973 0.957251
v 0.395091 0.064379 1.023744
v 0.392228 0.041173 0.996526
v 0.353030 0.042363 1.000531
v 0.356410 0.067432 1.026542
v 0.350136 0.071673 0.980055
v 0.386767 0.046101 1.006110
v 0.355701 0.037099 0.986206
v 0.381754 0.080781 0.997980
v 0.373823 0.080936 0.967704
v 0.362835 0.039779 1.003458
v 0.376670 0.042703 0.965397
v 0.362246 0.078469 1.006315
v 0.326566 0.046386 0.983060
v 0.363966 0.058508 0.991428
v 0.378499 0.019867 0.979456
v 0.340935 0.008739 0.968804
v 0.320860 0.023863 0.962522
v 0.354477 0.011704 0.960121
v 0.366968 0.045203 0.973851
v 0.332842 0.056431 0.978208
v 0.371877 0.002861 0.969150
v 0.407698 0.007797 0.984907
v 0.392710 -0.014575 1.013703
v 0.361204 -0.021225 0.996532
v 0.373365 -0.009671 0.968816
v 0.414349 -0.017778 1.003895
v 0.387738 0.010876 0.994037
v 0.394557 -0.038926 0.979815
v 0.371842 0.043167 0.995669
v 0.394138 -0.008351 0.996443
v 0.393341 0.023875 1.021419
v 0.370363 0.010531 0.971631
v 0.404943 0.031439 1.045545
v 0.417047 -0.000445 1.022399
v 0.379815 0.010224 0.996408
v 0.372536 0.043643 1.018586
v 0.371347 0.045793 0.983410
v 0.391234 0.006705 0.991816
v 0.385897 0.034561 1.007745
v 0.374390 0.017586 0.968039
v 0.415846 0.030229 0.991410
v 0.406211 -0.001251 1.007665
v 0.387704 0.017600 1.037022
v 0.392708 0.049142 1.019483
v 0.370275 0.027311 0.997037
v 0.402533 0.016892 1.036947
v 0.388819 -0.001605 1.006563
v 0.384037 0.046660 1.026017
v 0.378074 0.035527 0.982331
v 0.381307 -0.002641 1.022610
v 0.406051 0.006728 0.989194
v 0.358222 0.027848 1.016667
v 0.357255 -0.013781 0.985434
v 0.375731 0.011223 1.011038
v 0.418297 -0.009617 1.003701
v 0.394651 -0.033033 0.976135
v 0.379717 -0.018835 0.947235
v 0.403245 0.001454 0.968435
v 0.391911 -0.021260 0.997827
v 0.372506 -0.042882 0.975757
v 0.468969 0.050902 0.992044
v 0.479760 0.018234 1.005103
v 0.422914 0.013992 1.014672
v 0.413183 0.046050 0.999466
v 0.481749 0.036196 0.980962
v 0.426581 0.006372 1.004956
v 0.474432 0.024872 1.014335
v 0.430199 0.019725 0.971882
v 0.466047 0.060618 1.042910
v 0.443559 0.024457 1.005401
v 0.451380 0.024101 1.045257
v 0.457858 0.061960 1.003735
v 0.439123 0.028651 1.068769
v 0.439298 0.003773 1.037125
v 0.453554 0.037071 1.011204
v 0.454960 0.061505 1.043459
v 0.494630 0.064352 1.026938
v 0.453681 0.033023 1.013631
v 0.476030 0.039333 1.040286
v 0.469831 0.059306 1.001045
v 0.458740 0.020101 1.065497
v 0.446050 0.004991 1.034944
v 0.436899 0.039962 1.020975
v 0.450898 0.055073 1.051106
v 0.502372 0.024780 1.035960
v 0.428019 0.039270 1.027065
v 0.456485 0.006730 1.027717
v 0.468178 0.057121 1.037528
v 0.473857 0.060205 1.032452
v 0.424111 0.027993 1.005192
v 0.464582 0.022510 1.033318
v 0.432380 0.066299 1.006192
v 0.418252 0.062292 1.008202
v 0.450022 0.039037 1.031210
v 0.436370 0.004967 1.007375
v 0.407439 0.029102 0.982853
v 0.403533 0.044436 0.975254
v 0.434776 0.016985 0.979049
v 0.454428 0.033383 1.010692
v 0.417928 0.059916 1.007853
v 0.466169 0.132247 1.090446
v 0.424564 0.134734 1.090185
v 0.421888 0.096596 1.093087
v 0.465278 0.093689 1.095244
v 0.450956 0.115340 1.120759
v 0.408165 0.128470 1.095044
v 0.437600 0.102747 1.091327
v 0.422415 0.139544 1.125860
v 0.362955 0.124738 1.106586
v 0.411364 0.097742 1.103806
v 0.392793 0.127422 1.082961
v 0.382106 0.096853 1.128877
v 0.419949 0.154531 1.094881
v 0.424106 0.115086 1.102715
v 0.389011 0.107167 1.079604
v 0.386451 0.146743 1.069860
v 0.357175 0.114867 1.114975
v 0.397845 0.102434 1.103424
v 0.374224 0.120343 1.090491
v 0.381175 0.098562 1.128837
v 0.398220 0.148396 1.085183
v 0.409374 0.115143 1.077019
v 0.400044 0.103686 1.112166
v 0.386865 0.136791 1.119450
v 0.372479 0.129884 1.082364
v 0.412031 0.114300 1.111152
v 0.395656 0.103237 1.079140
v 0.389860 0.142391 1.113056
v 0.377699 0.095705 1.123989
v 0.416479 0.130266 1.104295
v 0.397335 0.096678 1.091292
v 0.394882 0.130377 1.136215
v 0.389546 0.144695 1.119455
v 0.392377 0.106174 1.107551
v 0.426539 0.116816 1.083037
v 0.424200 0.155131 1.097092
v 0.471571 0.139774 1.090366
v 0.429980 0.141981 1.099321
v 0.427847 0.104048 1.104545
v 0.471158 0.100640 1.097030
v 0.547381 -0.039925 1.163464
v 0.497267 -0.024943 1.170847
v 0.472342 -0.058288 1.162588
v 0.518743 -0.073689 1.157328
v 0.497561 -0.068308 1.191822
v 0.476827 -0.023859 1.175327
v 0.487279 -0.058185 1.160779
v 0.485011 -0.034971 1.207167
v 0.426835 -0.013493 1.199040
v 0.456760 -0.055408 1.171126
v 0.459597 -0.014606 1.169640
v 0.427815 -0.054006 1.202230
v 0.480551 0.002505 1.149085
v 0.475223 -0.037779 1.148019
v 0.446683 -0.037004 1.187483
v 0.449209 0.003808 1.187327
v 0.412678 -0.022166 1.200045
v 0.443945 -0.044726 1.174439
v 0.434191 -0.013593 1.178603
v 0.422130 -0.052935 1.197389
v 0.473778 -0.001279 1.171238
v 0.462295 -0.030441 1.152070
v 0.446247 -0.048749 1.184408
v 0.453367 -0.018457 1.203373
v 0.422476 -0.009938 1.178392
v 0.464203 -0.047813 1.181634
v 0.440846 -0.031571 1.154366
v 0.445200 -0.024398 1.205360
v 0.422718 -0.050376 1.200656
v 0.484561 -0.031134 1.181931
v 0.441741 -0.048863 1.165902
v 0.455965 -0.030523 1.216589
v 0.470683 -0.020937 1.210412
v 0.442378 -0.041029 1.185516
v 0.489974 -0.040978 1.155758
v 0.523169 -0.022939 1.181908
v 0.547761 -0.056687 1.183082
v 0.504490 -0.037758 1.193506
v 0.477284 -0.060826 1.172420
v 0.517227 -0.081024 1.163803
v 0.537395 -0.083781 1.119955
v 0.512187 -0.055464 1.112962
v 0.462488 -0.077072 1.119763
v 0.486337 -0.104860 1.128893
v 0.516773 -0.084190 1.143448
v 0.492083 -0.046178 1.116369
v 0.480024 -0.083559 1.119305
v 0.529757 -0.046851 1.142275
v 0.439627 -0.110168 1.151274
v 0.487256 -0.072603 1.124717
v 0.434390 -0.088324 1.120510
v 0.487178 -0.092976 1.157104
v 0.414747 -0.055244 1.132156
v 0.465946 -0.058810 1.132672
v 0.456510 -0.093756 1.108130
v 0.411492 -0.088623 1.105724
v 0.448081 -0.128118 1.139995
v 0.474996 -0.087968 1.131835
v 0.440092 -0.105438 1.121659
v 0.478729 -0.110199 1.151637
v 0.407823 -0.086427 1.111048
v 0.444194 -0.072739 1.104652
v 0.454337 -0.075324 1.141822
v 0.416173 -0.091094 1.147720
v 0.434336 -0.113194 1.123776
v 0.445538 -0.064363 1.138909
v 0.454402 -0.084890 1.108442
v 0.423930 -0.092534 1.153276
v 0.438412 -0.056254 1.162230
v 0.492146 -0.081003 1.131302
v 0.446162 -0.060043 1.124540
v 0.483023 -0.074983 1.169237
v 0.492010 -0.075214 1.164952
v 0.456843 -0.059941 1.140541
v 0.477881 -0.082366 1.108153
v 0.511796 -0.099511 1.133525
v 0.557898 -0.076979 1.114209
v 0.521814 -0.053734 1.113207
v 0.489510 -0.074281 1.139945
v 0.524967 -0.096322 1.142345
v 0.549666 -0.048030 1.058439
v 0.550940 -0.020243 1.079789
v 0.510094 -0.041100 1.097540
v 0.514885 -0.069764 1.077266
v 0.560965 -0.063089 1.098323
v 0.548811 -0.013372 1.091730
v 0.515938 -0.046375 1.089175
v 0.591985 -0.030298 1.103025
v 0.548224 0.017383 1.126685
v 0.524233 -0.032825 1.107891
v 0.528705 0.005191 1.093145
v 0.548214 -0.020652 1.140851
v 0.540976 0.012894 1.066191
v 0.505160 -0.019662 1.080356
v 0.538457 -0.014210 1.117942
v 0.566590 0.020098 1.104189
v 0.523647 0.024862 1.133708
v 0.525320 -0.016231 1.117067
v 0.524281 0.013972 1.105403
v 0.530834 -0.005047 1.145331
v 0.560731 -0.021641 1.129608
v 0.530417 -0.025817 1.099151
v 0.487560 -0.005708 1.114139
v 0.516456 0.000280 1.143994
v 0.551114 0.015973 1.103766
v 0.491320 -0.015607 1.122021
v 0.526311 -0.013900 1.091371
v 0.516455 0.013411 1.135330
v 0.516690 -0.000601 1.140089
v 0.559712 -0.024934 1.098877
v 0.501478 -0.014286 1.106010
v 0.577379 -0.008999 1.132319
v 0.588592 0.001824 1.109277
v 0.528545 -0.008312 1.117401
v 0.522864 -0.034549 1.083670
v 0.581055 -0.025913 1.077177
v 0.543139 -0.056806 1.055151
v 0.559252 -0.026719 1.074126
v 0.545062 -0.045486 1.104804
v 0.532732 -0.076265 1.085962
v 0.443854 0.097350 1.148079
v 0.482775 0.076535 1.141316
v 0.459538 0.054965 1.118147
v 0.422822 0.077372 1.123435
v 0.459128 0.102662 1.144699
v 0.470181 0.064117 1.110299
v 0.472969 0.067546 1.147533
v 0.454577 0.099208 1.107967
v 0.446048 0.079341 1.170816
v 0.499459 0.047414 1.139554
v 0.442524 0.059253 1.138717
v 0.498987 0.069722 1.170694
v 0.482103 0.008083 1.143810
v 0.488891 0.040986 1.121062
v 0.453780 0.064655 1.150829
v 0.451926 0.031697 1.174648
v 0.464789 0.077478 1.181321
v 0.494246 0.051004 1.148905
v 0.451359 0.059045 1.161515
v 0.506351 0.071081 1.167779
v 0.469362 0.010075 1.152743
v 0.480736 0.035008 1.128083
v 0.444158 0.059936 1.146448
v 0.437690 0.035235 1.172361
v 0.486912 0.065036 1.167705
v 0.463175 0.030236 1.136937
v 0.461634 0.068044 1.138271
v 0.493291 0.027322 1.165418
v 0.414084 0.066255 1.146382
v 0.477857 0.075367 1.140956
v 0.447076 0.048641 1.126334
v 0.440225 0.094434 1.159298
v 0.460376 0.102005 1.148017
v 0.440884 0.071298 1.131258
v 0.493530 0.046811 1.133548
v 0.511666 0.077180 1.152660
v 0.447489 0.112993 1.156055
v 0.478912 0.093362 1.139498
v 0.449913 0.068907 1.127909
v 0.420263 0.090025 1.142852
v 0.510272 0.032888 1.131275
v 0.474144 0.037480 1.105280
v 0.457801 0.001704 1.111232
v 0.490728 -0.001885 1.138882
v 0.467537 0.021341 1.147798
v 0.455472 0.036723 1.099633
v 0.470116 0.004160 1.116813
v 0.449852 0.053389 1.131256
v 0.398456 0.038955 1.091231
v 0.441101 0.004177 1.114506
v 0.442454 0.031103 1.083967
v 0.398731 0.013956 1.123076
v 0.456118 0.060564 1.092534
v 0.458132 0.027634 1.115886
v 0.438918 0.005006 1.082925
v 0.447785 0.037648 1.058866
v 0.385062 0.022002 1.100276
v 0.429489 0.008876 1.108794
v 0.412154 0.024531 1.084922
v 0.400250 0.008108 1.124961
v 0.467610 0.039393 1.069748
v 0.464442 0.008957 1.088835
v 0.422673 0.021258 1.108156
v 0.420890 0.050981 1.087329
v 0.418450 0.033498 1.068884
v 0.440785 0.023125 1.115052
v 0.443366 0.006891 1.081047
v 0.416786 0.050977 1.102036
v 0.480242 0.035863 1.139199
v 0.427098 0.006539 1.114591
v 0.471478 0.028404 1.102630
v 0.438005 0.012294 1.151473
v 0.404849 0.042313 1.114157
v 0.439324 0.017476 1.126333
v 0.460774 0.015287 1.086069
v 0.423979 0.042362 1.074530
v 0.513509 0.032702 1.145344
v 0.472015 0.047002 1.125826
v 0.453622 0.011981 1.122051
v 0.490760 -0.001807 1.143604
v 0.427214 0.208852 1.016522
v 0.383364 0.176970 1.015879
v 0.391846 0.166881 1.051069
v 0.431116 0.198575 1.051570
v 0.395957 0.211070 1.048102
v 0.370774 0.169585 1.020062
v 0.400380 0.174989 1.046801
v 0.363045 0.204504 1.022745
v 0.325176 0.162684 1.045822
v 0.379288 0.172830 1.052193
v 0.355843 0.153983 1.024836
v 0.347961 0.183483 1.071992
v 0.368101 0.187257 1.000106
v 0.385673 0.181685 1.036460
v 0.361504 0.144556 1.039781
v 0.346961 0.149874 1.002267
v 0.321252 0.163592 1.058004
v 0.364746 0.167490 1.052233
v 0.340218 0.153385 1.036621
v 0.345178 0.179245 1.072711
v 0.358793 0.157286 1.001658
v 0.377243 0.147814 1.030867
v 0.358953 0.174978 1.050593
v 0.338929 0.182892 1.021521
v 0.337201 0.142295 1.023566
v 0.366948 0.179771 1.042600
v 0.368353 0.142020 1.040228
v 0.336560 0.179937 1.023886
v 0.387768 0.194198 1.076837
v 0.355013 0.172876 1.037264
v 0.393811 0.167204 1.050843
v 0.349216 0.198935 1.065224
v 0.341620 0.189301 1.062500
v 0.380711 0.182693 1.055977
v 0.370411 0.152387 1.027421
v 0.331054 0.160969 1.032427
v 0.445087 0.216291 1.026018
v 0.391249 0.197774 1.018632
v 0.386443 0.177796 1.051860
v 0.432545 0.193942 1.058612
v 0.510215 0.232380 1.037961
v 0.465130 0.226635 1.028169
v 0.446822 0.223210 1.063449
v 0.497028 0.234202 1.073838
v 0.497250 0.266730 1.049086
v 0.436416 0.222635 1.030786
v 0.471789 0.229594 1.060491
v 0.458736 0.259969 1.020289
v 0.377593 0.234959 1.024324
v 0.430282 0.226708 1.063447
v 0.417519 0.215906 1.024892
v 0.390554 0.246969 1.061646
v 0.419389 0.202604 1.004593
v 0.437151 0.200895 1.040803
v 0.414620 0.235876 1.050457
v 0.387269 0.231574 1.013351
v 0.364880 0.235928 1.036058
v 0.413519 0.227833 1.056176
v 0.387534 0.215425 1.029513
v 0.386092 0.246396 1.060539
v 0.437290 0.214725 1.007995
v 0.426742 0.200821 1.041065
v 0.415417 0.236631 1.048350
v 0.414396 0.244037 1.013057
v 0.381595 0.201806 1.017630
v 0.434585 0.241204 1.045527
v 0.407226 0.197306 1.045282
v 0.402853 0.240489 1.014941
v 0.464042 0.251215 1.084033
v 0.428014 0.239616 1.036445
v 0.441019 0.215842 1.066707
v 0.445804 0.273399 1.054669
v 0.410280 0.261278 1.044858
v 0.442275 0.239674 1.066729
v 0.429197 0.208908 1.034354
v 0.404729 0.234981 1.012408
v 0.515586 0.242393 1.031281
v 0.471698 0.244039 1.027044
v 0.461627 0.239396 1.063680
v 0.510732 0.242573 1.068535
v 0.391260 0.050492 1.145757
v 0.385299 0.034381 1.114291
v 0.397757 0.065890 1.096488
v 0.405713 0.081107 1.128366
v 0.359033 0.057237 1.129360
v 0.399083 0.033063 1.108098
v 0.380585 0.065551 1.102612
v 0.378546 0.025914 1.136407
v 0.416037 0.099741 1.118043
v 0.389396 0.051121 1.112721
v 0.417495 0.071985 1.091692
v 0.390048 0.078182 1.140333
v 0.440009 0.067759 1.070004
v 0.405012 0.044289 1.084971
v 0.399662 0.072185 1.117113
v 0.427631 0.096992 1.100519
v 0.398741 0.110776 1.113205
v 0.392435 0.066904 1.114325
v 0.405235 0.088324 1.093706
v 0.387633 0.089478 1.134641
v 0.445981 0.074992 1.079308
v 0.413107 0.052490 1.085665
v 0.408576 0.067722 1.120428
v 0.434846 0.091895 1.113019
v 0.384147 0.091998 1.101080
v 0.425064 0.060172 1.092493
v 0.392891 0.060128 1.114106
v 0.414005 0.091362 1.077938
v 0.415564 0.096778 1.092046
v 0.386821 0.060575 1.122895
v 0.411349 0.058651 1.090466
v 0.393247 0.098733 1.125654
v 0.386205 0.078411 1.141822
v 0.402211 0.078196 1.104979
v 0.396780 0.035535 1.103374
v 0.378450 0.036382 1.139569
v 0.374573 0.048935 1.157722
v 0.374853 0.033893 1.125188
v 0.387696 0.066926 1.110690
v 0.389378 0.081190 1.143923
v 0.421328 -0.024595 0.910371
v 0.450951 0.001705 0.920761
v 0.493541 -0.024932 0.930321
v 0.464117 -0.051167 0.917763
v 0.465550 -0.032942 0.892377
v 0.467106 0.008637 0.922752
v 0.479941 -0.028665 0.926292
v 0.451860 0.004403 0.888039
v 0.520268 0.037936 0.917424
v 0.506746 -0.015665 0.921318
v 0.484128 0.020310 0.935291
v 0.540955 0.002614 0.901503
v 0.461329 0.034472 0.947451
v 0.476123 -0.004719 0.947027
v 0.509972 0.002590 0.913117
v 0.492279 0.042629 0.915325
v 0.536865 0.037504 0.917324
v 0.520188 -0.002469 0.923068
v 0.507458 0.028157 0.932117
v 0.549187 0.007409 0.906675
v 0.450333 0.025179 0.929629
v 0.484206 -0.000725 0.944905
v 0.515070 -0.001230 0.914129
v 0.477685 0.026525 0.899893
v 0.515752 0.037449 0.936802
v 0.493581 -0.005855 0.912325
v 0.509649 0.004170 0.947785
v 0.490752 0.028378 0.901840
v 0.542844 0.019232 0.916094
v 0.470858 -0.004083 0.906954
v 0.514532 0.000616 0.938637
v 0.496935 0.016782 0.884967
v 0.465172 0.023355 0.890412
v 0.510416 0.012140 0.920714
v 0.472340 -0.019664 0.930137
v 0.435099 -0.009765 0.897956
v 0.428226 -0.037228 0.896156
v 0.441375 -0.004456 0.904897
v 0.497204 -0.019505 0.909207
v 0.483253 -0.052023 0.898266
v 0.486089 0.039362 0.951618
v 0.481098 0.059446 0.980979
v 0.523530 0.038788 0.998408
v 0.532267 0.020052 0.967941
v 0.526343 0.053447 0.953240
v 0.494274 0.066543 0.998203
v 0.514687 0.034552 0.981651
v 0.511496 0.085944 0.970359
v 0.529798 0.098914 1.025562
v 0.539019 0.047230 0.998868
v 0.489966 0.071407 1.012432
v 0.575042 0.073828 1.009408
v 0.461704 0.085842 1.020910
v 0.479537 0.048787 1.007997
v 0.543249 0.062194 1.002119
v 0.528647 0.101906 1.018436
v 0.550949 0.099103 1.027565
v 0.540487 0.056517 1.009007
v 0.511812 0.080094 1.023046
v 0.577112 0.073893 1.011161
v 0.465877 0.076637 1.018152
v 0.494303 0.045907 1.011394
v 0.543109 0.066285 0.999201
v 0.517284 0.099507 1.008861
v 0.515331 0.086315 1.033044
v 0.525942 0.061080 0.988024
v 0.510779 0.051935 1.024167
v 0.529819 0.098218 0.997695
v 0.564925 0.069454 1.023218
v 0.507204 0.072236 0.986991
v 0.524498 0.045574 1.014791
v 0.552870 0.100246 0.998241
v 0.523843 0.104198 0.999332
v 0.541540 0.064317 1.008304
v 0.487798 0.046788 0.992633
v 0.466158 0.083980 0.980597
v 0.478901 0.038892 0.943306
v 0.479399 0.064025 0.968842
v 0.531986 0.049474 0.984048
v 0.531617 0.025606 0.956957
v 0.465027 0.263164 1.058095
v 0.455384 0.234017 1.035476
v 0.473118 0.209481 1.057835
v 0.483618 0.240195 1.082109
v 0.438297 0.251332 1.056399
v 0.456426 0.202861 1.057644
v 0.471944 0.240746 1.036423
v 0.429299 0.217465 1.079495
v 0.508963 0.270842 1.045871
v 0.463196 0.218767 1.026825
v 0.504517 0.228731 1.050504
v 0.461104 0.258129 1.023200
v 0.516097 0.199491 1.008671
v 0.470284 0.195919 1.039484
v 0.498218 0.246900 1.041646
v 0.520393 0.242318 1.006690
v 0.498788 0.262694 1.003489
v 0.485900 0.245154 1.042405
v 0.499173 0.235739 1.014507
v 0.488185 0.272749 1.031764
v 0.531257 0.209317 1.011523
v 0.485151 0.203518 1.033434
v 0.507548 0.240383 1.049712
v 0.537985 0.242112 1.024590
v 0.498653 0.263153 1.025105
v 0.502978 0.209742 1.031423
v 0.490807 0.239688 1.052684
v 0.508118 0.234698 1.003729
v 0.522026 0.241391 1.011106
v 0.488890 0.241884 1.059102
v 0.490293 0.212088 1.029652
v 0.521449 0.268960 1.040805
v 0.522524 0.264310 1.058041
v 0.507587 0.233364 1.031949
v 0.456348 0.210440 1.055789
v 0.472761 0.244678 1.081239
v 0.468850 0.273176 1.069466
v 0.453514 0.248130 1.048076
v 0.478013 0.222519 1.063600
v 0.495897 0.249973 1.087335
v 0.513638 0.250827 1.026395
v 0.491190 0.214327 1.022177
v 0.520184 0.200565 1.048980
v 0.533556 0.236263 1.054049
v 0.500523 0.249453 1.035537
v 0.494016 0.193698 1.050659
v 0.513386 0.218605 1.020527
v 0.482056 0.224736 1.066053
v 0.527315 0.249175 1.021208
v 0.510357 0.195062 1.019849
v 0.541058 0.214185 1.037776
v 0.492407 0.229998 1.004771
v 0.579100 0.174439 1.014022
v 0.527166 0.178198 1.033167
v 0.519602 0.223274 1.027205
v 0.565522 0.220866 1.006458
v 0.539595 0.229187 0.985439
v 0.519022 0.222888 1.025848
v 0.544662 0.205019 1.003726
v 0.525459 0.249507 1.008550
v 0.557338 0.167567 1.000122
v 0.526045 0.183048 1.027088
v 0.542077 0.217160 1.030633
v 0.575848 0.207618 1.003562
v 0.519830 0.237094 1.007551
v 0.542907 0.184120 1.019557
v 0.520397 0.218031 1.037977
v 0.537387 0.204629 0.989390
v 0.547145 0.213010 1.063752
v 0.504882 0.225145 1.030282
v 0.532046 0.191291 1.046201
v 0.533409 0.251851 1.051412
v 0.499102 0.249732 1.041006
v 0.521678 0.217354 1.051440
v 0.515526 0.192786 1.023396
v 0.478537 0.221468 1.009906
v 0.516000 0.266129 1.048576
v 0.490579 0.233858 1.036135
v 0.516994 0.208940 1.052334
v 0.540084 0.243334 1.067115
v 0.550365 0.195516 1.045217
v 0.542592 0.166976 1.028102
v 0.549359 0.132842 1.050255
v 0.553435 0.161900 1.068589
v 0.549216 0.198427 1.040766
v 0.523527 0.137427 1.053197
v 0.570591 0.163570 1.026957
v 0.515006 0.176565 1.069188
v 0.589594 0.197431 1.031355
v 0.544533 0.142214 1.026273
v 0.589011 0.146306 1.034839
v 0.543496 0.192581 1.024542
v 0.569607 0.102132 0.994728
v 0.542799 0.124678 1.028519
v 0.586829 0.160590 1.035748
v 0.601708 0.134272 0.998644
v 0.589242 0.203183 1.017820
v 0.561820 0.158517 1.018762
v 0.596187 0.165846 1.024057
v 0.552071 0.195001 1.013735
v 0.583685 0.124612 0.993085
v 0.558174 0.130054 1.023528
v 0.583341 0.149241 1.043018
v 0.606193 0.145918 1.011662
v 0.577111 0.194352 1.033547
v 0.574534 0.129019 1.018130
v 0.563142 0.153899 1.050293
v 0.581513 0.169847 1.001367
v 0.602885 0.163909 1.006959
v 0.558089 0.154354 1.055184
v 0.574728 0.136751 1.018685
v 0.595079 0.182672 1.044520
v 0.595595 0.155142 1.049758
v 0.589345 0.147399 1.022573
v 0.532009 0.138133 1.050450
v 0.544083 0.149576 1.077624
v 0.545495 0.197593 1.075239
v 0.537079 0.185729 1.051733
v 0.552807 0.141343 1.054507
v 0.554763 0.151720 1.079317
v 0.382215 0.043879 1.030970
v 0.385248 0.044549 1.066636
v 0.428588 0.037973 1.063105
v 0.427983 0.039465 1.027073
v 0.414948 0.069133 1.037268
v 0.395128 0.048477 1.081605
v 0.417777 0.036493 1.051028
v 0.394320 0.081860 1.068429
v 0.421733 0.075546 1.111956
v 0.424257 0.044269 1.066015
v 0.402763 0.043490 1.102855
v 0.443391 0.077841 1.074644
v 0.379910 0.026514 1.110050
v 0.402189 0.022725 1.076597
v 0.423106 0.059792 1.085859
v 0.400898 0.062137 1.120796
v 0.432157 0.074385 1.118375
v 0.428851 0.049478 1.082379
v 0.413644 0.050374 1.112474
v 0.447162 0.074823 1.087979
v 0.371999 0.034335 1.084234
v 0.406600 0.024093 1.078774
v 0.418352 0.059372 1.088224
v 0.383369 0.068831 1.095755
v 0.394445 0.036300 1.119333
v 0.409980 0.058033 1.075229
v 0.416687 0.025373 1.093183
v 0.386350 0.067920 1.100719
v 0.426101 0.076590 1.105250
v 0.393068 0.053816 1.066763
v 0.426343 0.041279 1.090259
v 0.393919 0.088668 1.083682
v 0.382512 0.080649 1.075916
v 0.412308 0.059152 1.092621
v 0.409708 0.029533 1.061876
v 0.379454 0.052661 1.043889
v 0.383752 0.059980 1.020842
v 0.383624 0.062794 1.056534
v 0.423754 0.048629 1.057271
v 0.428431 0.047854 1.021082
v 0.394688 0.068403 1.153653
v 0.386815 0.058563 1.120124
v 0.413437 0.030962 1.122365
v 0.419655 0.039686 1.156918
v 0.379062 0.058916 1.151910
v 0.398078 0.025617 1.117600
v 0.401226 0.062663 1.124651
v 0.377422 0.021708 1.146443
v 0.419226 0.066926 1.157988
v 0.401552 0.061650 1.105735
v 0.428046 0.041087 1.130615
v 0.392789 0.086232 1.134236
v 0.453855 0.056266 1.085731
v 0.408601 0.043990 1.096010
v 0.416791 0.054601 1.136618
v 0.459453 0.069214 1.125570
v 0.420844 0.081037 1.154949
v 0.406220 0.072355 1.114307
v 0.429702 0.060286 1.134112
v 0.397205 0.091985 1.136150
v 0.440951 0.072556 1.090199
v 0.410967 0.050211 1.100075
v 0.427637 0.048004 1.134827
v 0.457025 0.072260 1.125258
v 0.393404 0.072878 1.140002
v 0.427007 0.056607 1.103643
v 0.407397 0.041089 1.132563
v 0.409913 0.088138 1.110067
v 0.387356 0.084256 1.131865
v 0.432834 0.049626 1.126881
v 0.391221 0.049175 1.116815
v 0.426885 0.085998 1.139942
v 0.428197 0.048808 1.161892
v 0.421167 0.064702 1.125514
v 0.399118 0.029392 1.114680
v 0.403667 0.014676 1.152261
v 0.395044 0.050495 1.177450
v 0.382925 0.054939 1.144053
v 0.406948 0.027661 1.132201
v 0.417647 0.021846 1.166318
v 0.401952 0.013700 1.154175
v 0.392638 0.019692 1.120123
v 0.429977 0.006494 1.108946
v 0.439494 -0.001513 1.143224
v 0.390339 0.020837 1.148984
v 0.411331 -0.005531 1.110040
v 0.407058 0.030883 1.119504
v 0.396084 -0.015460 1.140883
v 0.431186 0.060872 1.132177
v 0.418706 0.007659 1.121034
v 0.426251 0.041660 1.099584
v 0.426891 0.026743 1.153659
v 0.450196 0.046993 1.077599
v 0.419463 0.015724 1.087958
v 0.422593 0.027166 1.129008
v 0.447392 0.060116 1.118098
v 0.418381 0.069409 1.133819
v 0.414008 0.025622 1.128609
v 0.422634 0.050854 1.109958
v 0.412106 0.044257 1.152975
v 0.448176 0.040738 1.072422
v 0.420116 0.017007 1.090648
v 0.441175 0.027733 1.122753
v 0.464311 0.053186 1.104499
v 0.406754 0.052068 1.127504
v 0.437463 0.026512 1.090811
v 0.418658 0.018364 1.124538
v 0.419975 0.059976 1.093139
v 0.405908 0.060855 1.121356
v 0.445702 0.016738 1.111018
v 0.398904 0.023254 1.117942
v 0.451272 0.054994 1.112232
v 0.443479 0.023965 1.152771
v 0.433038 0.036331 1.115520
v 0.407776 0.000054 1.109308
v 0.414715 -0.011019 1.147762
v 0.396775 0.008565 1.169676
v 0.389259 0.018516 1.136097
v 0.420012 -0.002293 1.123832
v 0.426159 -0.013931 1.157560
v 0.391307 -0.024934 1.116975
v 0.398404 -0.008945 1.085684
v 0.427760 -0.035005 1.079205
v 0.417103 -0.052206 1.109834
v 0.382780 -0.027568 1.109226
v 0.415077 -0.035634 1.069468
v 0.408874 -0.008292 1.094920
v 0.389370 -0.055815 1.085398
v 0.436769 0.011567 1.121634
v 0.411435 -0.027562 1.088159
v 0.447971 0.001452 1.085572
v 0.405462 -0.018738 1.125231
v 0.479311 0.012402 1.073463
v 0.436428 -0.012133 1.062787
v 0.420235 -0.017345 1.104090
v 0.459273 0.009411 1.114461
v 0.418579 0.019273 1.125402
v 0.414626 -0.015781 1.098666
v 0.433925 0.012624 1.098340
v 0.403584 -0.009721 1.126767
v 0.414816 0.021442 1.084342
v 0.420456 -0.013328 1.076098
v 0.469739 -0.009484 1.082288
v 0.461824 0.025037 1.092668
v 0.426850 0.007624 1.112732
v 0.468949 -0.005927 1.071958
v 0.422316 -0.017633 1.088128
v 0.469238 0.020885 1.095677
v 0.408046 0.018472 1.107155
v 0.445532 -0.024537 1.090985
v 0.401655 -0.011473 1.084119
v 0.457312 0.006911 1.112305
v 0.422381 -0.044235 1.122831
v 0.437929 -0.011931 1.101766
v 0.410288 -0.025552 1.068796
v 0.395972 -0.056823 1.091099
v 0.380692 -0.052811 1.119040
v 0.381240 -0.024662 1.096686
v 0.415082 -0.036701 1.083224
v 0.412996 -0.066194 1.104350
v 0.384493 0.032338 1.060458
v 0.394020 0.003593 1.040876
v 0.427217 -0.003714 1.065275
v 0.412199 0.024144 1.086071
v 0.376593 0.024195 1.058640
v 0.410058 -0.015686 1.064236
v 0.409002 0.014549 1.041790
v 0.380084 -0.004617 1.082456
v 0.424582 0.051201 1.045690
v 0.408838 -0.001365 1.059517
v 0.450283 0.017285 1.037073
v 0.392334 0.032997 1.069854
v 0.482246 -0.000992 1.021676
v 0.429377 -0.014690 1.039211
v 0.422155 0.023469 1.058334
v 0.471217 0.037852 1.038628
v 0.427000 0.055636 1.032878
v 0.405351 0.017795 1.048800
v 0.443573 0.027113 1.034409
v 0.393417 0.046930 1.048776
v 0.493708 0.012428 1.032488
v 0.446699 -0.007653 1.040108
v 0.427452 0.019775 1.063781
v 0.468148 0.040875 1.054329
v 0.439856 0.032885 1.021792
v 0.446038 0.011098 1.067622
v 0.424920 0.001542 1.035580
v 0.463745 0.041754 1.052754
v 0.433936 0.044734 1.033380
v 0.401849 0.007881 1.067678
v 0.441517 0.006987 1.038628
v 0.398167 0.046347 1.063756
v 0.407928 0.037638 1.081789
v 0.431198 0.024001 1.047206
v 0.411018 -0.015470 1.056874
v 0.391461 -0.001085 1.090488
v 0.382052 0.028795 1.091690
v 0.389174 -0.003509 1.077496
v 0.401657 0.013736 1.045333
v 0.395150 0.046327 1.060655
v 0.484286 0.109376 0.996493
v 0.503349 0.109269 1.027982
v 0.523398 0.070109 1.020325
v 0.503569 0.070230 0.987342
v 0.537477 0.099811 0.987381
v 0.517281 0.102373 1.038117
v 0.511347 0.075597 1.010446
v 0.558715 0.133367 1.017321
v 0.566448 0.094319 1.061967
v 0.539166 0.075261 1.020011
v 0.515667 0.094371 1.055674
v 0.590500 0.077500 1.025582
v 0.519687 0.138964 1.033697
v 0.527478 0.091945 1.015895
v 0.518470 0.075784 1.055536
v 0.495466 0.114466 1.070629
v 0.574884 0.090230 1.065304
v 0.553685 0.074127 1.032951
v 0.536790 0.092053 1.059841
v 0.594640 0.074002 1.037681
v 0.498552 0.122220 1.048383
v 0.498856 0.080644 1.041998
v 0.556035 0.084828 1.029697
v 0.557154 0.129700 1.039266
v 0.519479 0.099380 1.072439
v 0.550522 0.090293 1.022716
v 0.508215 0.075874 1.050298
v 0.561548 0.119871 1.046156
v 0.572528 0.076860 1.056334
v 0.541929 0.105244 1.019618
v 0.523821 0.071223 1.045797
v 0.581991 0.111700 1.031867
v 0.564483 0.136658 1.034011
v 0.546904 0.087448 1.045071
v 0.505422 0.080314 1.018900
v 0.524304 0.126697 1.005439
v 0.502895 0.116000 0.980408
v 0.535268 0.120453 1.009192
v 0.527683 0.074792 1.011706
v 0.498093 0.071106 0.981588
v 0.565980 -0.064184 0.913854
v 0.576264 -0.041016 0.939353
v 0.568355 -0.069513 0.964755
v 0.563193 -0.093169 0.938396
v 0.604791 -0.076763 0.926319
v 0.584288 -0.036901 0.955718
v 0.569304 -0.072355 0.949793
v 0.618425 -0.042241 0.933605
v 0.627464 -0.020429 0.969401
v 0.585295 -0.066216 0.971716
v 0.586921 -0.027920 0.958541
v 0.627172 -0.059028 0.980468
v 0.569665 -0.006532 0.955370
v 0.551932 -0.044742 0.964367
v 0.607089 -0.053804 0.966869
v 0.620113 -0.014552 0.960203
v 0.633572 -0.021897 0.983666
v 0.597888 -0.055026 0.975438
v 0.603253 -0.022917 0.971134
v 0.627338 -0.053960 0.986394
v 0.594590 -0.019768 0.946738
v 0.564344 -0.042860 0.966824
v 0.603498 -0.064905 0.969788
v 0.628497 -0.040253 0.951366
v 0.612244 -0.020259 0.978213
v 0.597334 -0.066504 0.958189
v 0.571595 -0.041067 0.979824
v 0.631223 -0.044261 0.955009
v 0.625329 -0.057460 0.983005
v 0.592198 -0.051547 0.940662
v 0.580388 -0.053522 0.981202
v 0.634894 -0.053149 0.942932
v 0.626353 -0.035722 0.938506
v 0.605311 -0.051345 0.971999
v 0.559452 -0.055437 0.951818
v 0.584558 -0.041971 0.917424
v 0.549951 -0.067718 0.908176
v 0.581374 -0.047231 0.924761
v 0.585586 -0.075255 0.950173
v 0.555900 -0.096565 0.932003
v 0.494808 -0.098402 0.944310
v 0.501922 -0.066838 0.960800
v 0.524335 -0.084166 0.985948
v 0.519818 -0.115479 0.967845
v 0.557267 -0.093387 0.947803
v 0.515822 -0.055499 0.973569
v 0.514597 -0.093305 0.974257
v 0.561231 -0.055817 0.948332
v 0.546603 -0.123841 0.996938
v 0.526420 -0.086507 0.967202
v 0.521048 -0.093376 1.006659
v 0.553100 -0.115890 0.957594
v 0.550568 -0.070652 1.019194
v 0.532775 -0.066973 0.984302
v 0.500194 -0.105089 0.991110
v 0.513506 -0.107371 1.027434
v 0.546940 -0.133398 0.980080
v 0.531411 -0.096629 0.970526
v 0.527498 -0.113770 0.997106
v 0.554589 -0.115571 0.953807
v 0.525237 -0.076318 1.033809
v 0.537511 -0.069371 0.998619
v 0.504741 -0.100656 0.992814
v 0.491014 -0.106261 1.028581
v 0.518775 -0.125147 0.980301
v 0.506817 -0.084152 1.010496
v 0.536998 -0.090450 0.975521
v 0.491053 -0.119114 1.014257
v 0.583165 -0.065840 0.983434
v 0.527489 -0.094523 0.962138
v 0.525829 -0.069911 0.994199
v 0.581416 -0.088321 0.950252
v 0.561274 -0.085041 0.939037
v 0.551570 -0.073341 0.977611
v 0.493012 -0.091538 0.984709
v 0.500696 -0.105250 0.946357
v 0.488701 -0.093860 0.930931
v 0.504578 -0.065705 0.950583
v 0.539867 -0.087256 0.965573
v 0.525107 -0.114862 0.944047
v 0.408770 -0.066001 0.972458
v 0.431310 -0.035590 0.963424
v 0.478064 -0.051574 0.974050
v 0.451544 -0.082822 0.981093
v 0.446231 -0.077947 0.949330
v 0.457802 -0.027712 0.956819
v 0.455877 -0.059200 0.977593
v 0.448488 -0.047103 0.927931
v 0.514242 -0.021473 0.925266
v 0.481541 -0.052610 0.966806
v 0.482526 -0.013189 0.956291
v 0.519092 -0.061221 0.934167
v 0.449029 0.004528 0.957094
v 0.464914 -0.025524 0.981362
v 0.498583 -0.043696 0.948558
v 0.480990 -0.011912 0.924946
v 0.540694 -0.020129 0.929516
v 0.497047 -0.042108 0.956450
v 0.508330 -0.011082 0.948914
v 0.534606 -0.051241 0.935424
v 0.476765 -0.043542 0.933728
v 0.467609 -0.038302 0.969098
v 0.526020 -0.026614 0.969769
v 0.530166 -0.029840 0.933782
v 0.504502 0.003555 0.949906
v 0.478106 -0.043748 0.963951
v 0.516548 -0.016732 0.978011
v 0.466242 -0.022299 0.936728
v 0.545701 -0.032823 0.947659
v 0.459475 -0.038585 0.946322
v 0.501249 -0.039164 0.974772
v 0.500147 -0.029805 0.919523
v 0.436293 -0.035645 0.928868
v 0.466898 -0.056733 0.956301
v 0.489790 -0.019839 0.972419
v 0.453661 0.001317 0.946183
v 0.401038 -0.074401 0.954290
v 0.427656 -0.046297 0.943965
v 0.469913 -0.060925 0.963164
v 0.438289 -0.090163 0.971702
v 0.575622 0.068212 0.959811
v 0.535079 0.048414 0.955872
v 0.544378 0.034518 0.991036
v 0.583754 0.056229 0.995563
v 0.558655 0.074017 0.956382
v 0.530970 0.043659 0.991380
v 0.547335 0.039854 0.956096
v 0.548648 0.077439 0.992131
v 0.590027 0.058353 0.961184
v 0.525194 0.027698 0.956033
v 0.572419 0.031073 0.982947
v 0.541246 0.056879 0.935426
v 0.542176 -0.015545 0.962408
v 0.518503 0.019413 0.973599
v 0.575527 0.038642 0.969415
v 0.593101 0.003865 0.955863
v 0.581742 0.052734 0.939290
v 0.535299 0.031665 0.949380
v 0.580079 0.032396 0.960782
v 0.538160 0.053545 0.928909
v 0.547884 -0.012832 0.961860
v 0.529830 0.018287 0.973854
v 0.580839 0.030167 0.981717
v 0.597172 -0.000408 0.967575
v 0.580403 0.050364 0.952648
v 0.558017 0.007267 0.973225
v 0.555214 0.044469 0.979555
v 0.579575 0.013624 0.944801
v 0.591941 0.039345 1.007554
v 0.552023 0.050423 0.962958
v 0.550352 0.024370 0.994210
v 0.594605 0.066861 0.977849
v 0.585809 0.070324 0.983465
v 0.566916 0.033989 0.993984
v 0.526161 0.035448 0.960771
v 0.544821 0.071052 0.949019
v 0.584816 0.085993 0.972138
v 0.545158 0.068410 0.958489
v 0.544667 0.048712 0.991039
v 0.580799 0.068169 1.005375
v 0.488727 0.002874 0.950070
v 0.495561 0.014562 0.983776
v 0.527016 -0.015827 0.992009
v 0.525727 -0.026313 0.957393
v 0.546262 0.012364 0.957328
v 0.507292 0.013369 1.001903
v 0.520318 -0.012628 0.975945
v 0.539075 0.037873 0.983971
v 0.525115 0.031369 1.041452
v 0.541282 -0.006446 1.001619
v 0.491839 0.013727 1.016675
v 0.576527 0.013185 1.025161
v 0.494335 0.039920 0.988284
v 0.534138 0.008813 0.988077
v 0.496599 -0.007606 1.022016
v 0.456220 0.022601 1.020470
v 0.530280 0.021290 1.055233
v 0.540135 -0.000412 1.016880
v 0.504597 0.016495 1.032425
v 0.568516 0.006072 1.039154
v 0.478550 0.027727 1.001577
v 0.492032 -0.005549 1.009882
v 0.550349 0.005146 1.003798
v 0.535876 0.039226 0.997571
v 0.506374 0.018948 1.041343
v 0.544155 0.007110 0.996286
v 0.499169 -0.008116 1.018863
v 0.545827 0.035462 1.018115
v 0.540857 -0.000301 1.045882
v 0.541460 0.017457 0.993533
v 0.508456 -0.011496 1.016454
v 0.567709 0.030116 1.024057
v 0.544839 0.040312 1.019304
v 0.531385 0.001194 1.023864
v 0.515358 -0.000172 0.983067
v 0.534809 0.038619 0.978048
v 0.536423 0.027037 0.944406
v 0.533029 0.029942 0.979398
v 0.543203 -0.007417 0.983588
v 0.555338 -0.009724 0.948581
v 0.448803 0.178397 1.064544
v 0.436333 0.146417 1.087805
v 0.483154 0.132608 1.072765
v 0.509069 0.173345 1.052882
v 0.452923 0.183295 1.084311
v 0.481287 0.135092 1.082836
v 0.434653 0.143767 1.078294
v 0.499506 0.178190 1.087673
v 0.470544 0.126864 1.133548
v 0.484798 0.133551 1.079163
v 0.443451 0.121025 1.107518
v 0.505059 0.139235 1.105050
v 0.424794 0.156487 1.102829
v 0.467576 0.150479 1.084432
v 0.457222 0.105378 1.092055
v 0.416306 0.115091 1.109560
v 0.476663 0.113881 1.138429
v 0.483186 0.122590 1.095221
v 0.452775 0.117522 1.118152
v 0.504308 0.120651 1.116186
v 0.433852 0.154777 1.087299
v 0.475834 0.140305 1.078200
v 0.459270 0.110371 1.104243
v 0.424776 0.127271 1.112823
v 0.450330 0.102335 1.125129
v 0.468440 0.141960 1.093855
v 0.464812 0.103264 1.090570
v 0.453244 0.139719 1.127801
v 0.518615 0.173475 1.067677
v 0.452662 0.142140 1.103573
v 0.487230 0.131080 1.070343
v 0.488046 0.183700 1.101738
v 0.484428 0.158373 1.116261
v 0.491760 0.150011 1.079521
v 0.443779 0.119316 1.091415
v 0.446797 0.133507 1.129164
v 0.438785 0.181517 1.059474
v 0.445012 0.164683 1.089572
v 0.485636 0.146750 1.071643
v 0.492965 0.172792 1.043806
v 0.458647 0.210922 1.011001
v 0.440735 0.192986 1.042794
v 0.498614 0.184761 1.043685
v 0.513956 0.202263 1.011434
v 0.494323 0.229636 1.024351
v 0.440133 0.186393 1.055249
v 0.496465 0.192947 1.033986
v 0.457311 0.230842 1.048918
v 0.435706 0.185971 1.099180
v 0.494247 0.190818 1.058474
v 0.428164 0.170945 1.065048
v 0.495725 0.207134 1.091888
v 0.423723 0.206437 1.045547
v 0.476575 0.202399 1.047039
v 0.448481 0.157082 1.067006
v 0.399614 0.163524 1.064320
v 0.443762 0.184470 1.108297
v 0.476591 0.181901 1.071866
v 0.431139 0.172604 1.082344
v 0.488771 0.196512 1.097811
v 0.406610 0.164819 1.051176
v 0.453940 0.160000 1.054457
v 0.467723 0.199212 1.067569
v 0.422747 0.203135 1.066224
v 0.417291 0.156776 1.086232
v 0.462083 0.198921 1.056038
v 0.459062 0.157863 1.066938
v 0.418763 0.195137 1.073487
v 0.525139 0.221025 1.031823
v 0.455301 0.200171 1.064244
v 0.504389 0.185066 1.046389
v 0.496702 0.245088 1.053806
v 0.501185 0.231807 1.077524
v 0.504451 0.205010 1.047333
v 0.440742 0.169463 1.060340
v 0.439234 0.197996 1.089350
v 0.467552 0.225078 1.007788
v 0.452447 0.214338 1.041095
v 0.498815 0.197992 1.043172
v 0.514565 0.209223 1.009421
v 0.599357 0.078058 1.049743
v 0.558609 0.059640 1.058808
v 0.562529 0.047934 1.022567
v 0.606004 0.064810 1.014116
v 0.598174 0.068296 1.058719
v 0.568408 0.035701 1.034548
v 0.559542 0.071217 1.047860
v 0.608224 0.033763 1.043689
v 0.540974 0.109651 1.046968
v 0.575598 0.055678 1.034267
v 0.521834 0.073408 1.033822
v 0.590952 0.089605 1.044264
v 0.486848 0.071816 1.024833
v 0.527412 0.045255 1.037103
v 0.571279 0.075506 1.032392
v 0.536425 0.107148 1.023710
v 0.545830 0.115088 1.054839
v 0.569787 0.070445 1.040866
v 0.526904 0.087974 1.042795
v 0.583238 0.095208 1.050282
v 0.500674 0.079587 1.013403
v 0.521016 0.055039 1.032946
v 0.573918 0.067783 1.018723
v 0.555349 0.096240 1.001495
v 0.542843 0.102116 1.040947
v 0.560753 0.059195 1.008662
v 0.537604 0.064448 1.044622
v 0.565554 0.096977 1.004506
v 0.561866 0.108643 1.032666
v 0.583729 0.051791 1.036707
v 0.533841 0.070319 1.031526
v 0.605008 0.086080 1.034180
v 0.603592 0.084478 1.020752
v 0.550869 0.079189 1.030915
v 0.564609 0.037565 1.038469
v 0.613339 0.043856 1.030549
v 0.615806 0.079417 1.049755
v 0.580732 0.059741 1.060926
v 0.583564 0.047778 1.025017
v 0.621208 0.065983 1.014350
v 0.339204 -0.026316 1.118451
v 0.338245 0.000769 1.094849
v 0.315856 -0.020459 1.072358
v 0.315217 -0.046801 1.097318
v 0.302850 -0.023495 1.112232
v 0.326792 0.010230 1.081615
v 0.324594 -0.027433 1.084663
v 0.303156 0.013922 1.108103
v 0.300103 0.041199 1.059793
v 0.308931 -0.012154 1.073354
v 0.331730 0.021140 1.067429
v 0.277000 0.008859 1.067866
v 0.354487 0.031424 1.074543
v 0.341658 -0.006881 1.073313
v 0.301741 0.007357 1.067458
v 0.315307 0.045844 1.066313
v 0.297082 0.044494 1.050386
v 0.305160 0.003271 1.064465
v 0.322586 0.029813 1.057912
v 0.279373 0.018832 1.058582
v 0.341921 0.021753 1.096475
v 0.338404 -0.001832 1.069631
v 0.300560 0.002063 1.071770
v 0.304464 0.027468 1.097382
v 0.329387 0.038966 1.066581
v 0.307982 -0.004429 1.084376
v 0.329737 0.005273 1.055264
v 0.309544 0.029229 1.096766
v 0.283685 0.014749 1.050262
v 0.314158 0.002067 1.094793
v 0.317471 -0.002555 1.054587
v 0.281181 0.021560 1.089996
v 0.304127 0.022973 1.108235
v 0.304176 0.013259 1.069240
v 0.331761 -0.018536 1.077570
v 0.329639 -0.010060 1.117210
v 0.325178 -0.032907 1.129881
v 0.321201 -0.003255 1.109919
v 0.307626 -0.024948 1.081580
v 0.309708 -0.054438 1.102690
v 0.374554 0.050783 1.077475
v 0.388740 0.066085 1.048329
v 0.366833 0.043633 1.026548
v 0.351113 0.029892 1.056121
v 0.341223 0.055334 1.052591
v 0.386268 0.073154 1.035488
v 0.368493 0.039795 1.036274
v 0.357720 0.089023 1.050036
v 0.370575 0.092097 0.988677
v 0.362623 0.050983 1.025273
v 0.395111 0.074278 1.013290
v 0.338942 0.070672 1.001990
v 0.421087 0.087088 1.022448
v 0.399351 0.050531 1.026649
v 0.360126 0.066913 1.014973
v 0.377491 0.103262 1.008522
v 0.362745 0.093440 0.982841
v 0.364748 0.058857 1.010337
v 0.385045 0.082339 1.000525
v 0.342098 0.071301 0.993822
v 0.400870 0.085943 1.037534
v 0.394198 0.052482 1.025735
v 0.362431 0.065169 1.007536
v 0.369996 0.099243 1.017795
v 0.393213 0.089575 0.994415
v 0.362361 0.061729 1.025857
v 0.394666 0.055695 1.005122
v 0.362646 0.096424 1.016580
v 0.355888 0.081258 0.989683
v 0.375966 0.072974 1.040667
v 0.374862 0.052128 1.005759
v 0.358844 0.103174 1.023567
v 0.381057 0.103835 1.032239
v 0.374415 0.072799 1.007354
v 0.377520 0.045799 1.040502
v 0.381783 0.077494 1.065749
v 0.360283 0.056269 1.085465
v 0.363684 0.075644 1.055468
v 0.361566 0.043291 1.035109
v 0.355981 0.024199 1.065393
v 0.463659 0.267683 1.018102
v 0.460813 0.245765 1.046392
v 0.462341 0.215300 1.022913
v 0.473524 0.241256 0.995878
v 0.471563 0.270739 1.032575
v 0.478726 0.220391 1.029117
v 0.441339 0.237705 1.039671
v 0.510269 0.255224 1.020491
v 0.442933 0.257567 1.007162
v 0.438165 0.222092 1.051074
v 0.441011 0.220031 1.011755
v 0.448286 0.263215 1.047122
v 0.378878 0.186232 1.035609
v 0.431910 0.195459 1.042266
v 0.445784 0.238720 1.020512
v 0.381537 0.224312 1.014069
v 0.428787 0.264961 1.026097
v 0.431483 0.227249 1.047777
v 0.419987 0.236377 1.018242
v 0.447360 0.259011 1.055813
v 0.379733 0.188566 1.032713
v 0.428232 0.201801 1.038806
v 0.438437 0.227363 1.007864
v 0.381805 0.211383 1.001716
v 0.424717 0.254216 1.025968
v 0.412948 0.199453 1.028871
v 0.460838 0.235769 1.020653
v 0.384797 0.222587 1.037445
v 0.387575 0.233441 1.034424
v 0.468427 0.239990 1.018225
v 0.418755 0.207803 1.038841
v 0.425855 0.258853 1.010315
v 0.450096 0.254211 0.998055
v 0.418662 0.226640 1.023693
v 0.469177 0.214602 1.036731
v 0.504864 0.246517 1.013153
v 0.486310 0.278983 1.021286
v 0.480857 0.258391 1.047813
v 0.470849 0.229521 1.020582
v 0.484612 0.253450 0.995316
v 0.437834 0.239438 1.032963
v 0.417791 0.198022 1.038837
v 0.435596 0.195744 1.004598
v 0.453250 0.234435 0.998513
v 0.445200 0.239041 1.034625
v 0.452418 0.193440 1.015222
v 0.406268 0.202047 1.029603
v 0.486194 0.229155 1.017764
v 0.396320 0.231262 1.000182
v 0.396368 0.183025 1.029739
v 0.415151 0.199823 0.993536
v 0.384379 0.218207 1.037732
v 0.361463 0.157190 1.001986
v 0.405694 0.168290 1.020579
v 0.412248 0.210962 1.004382
v 0.361081 0.197156 0.986757
v 0.359211 0.220547 1.007586
v 0.412141 0.210683 1.016171
v 0.369763 0.192052 1.008817
v 0.396536 0.236370 1.012147
v 0.356047 0.172871 1.008751
v 0.397084 0.172160 1.017263
v 0.413183 0.205107 0.994353
v 0.363898 0.202518 0.986170
v 0.396539 0.227938 1.011580
v 0.386276 0.174455 1.010636
v 0.430820 0.208965 1.004156
v 0.362681 0.199572 1.021865
v 0.362107 0.208503 1.006588
v 0.442511 0.215229 1.008734
v 0.388075 0.180148 1.013824
v 0.403822 0.235873 0.997068
v 0.423663 0.238501 0.998415
v 0.388954 0.200021 1.006923
v 0.442949 0.188284 1.018468
v 0.482145 0.230819 1.012990
v 0.443354 0.254446 1.003726
v 0.439678 0.229803 1.030302
v 0.443140 0.202713 1.005355
v 0.448595 0.227469 0.978796
v 0.403067 0.185544 0.970035
v 0.398356 0.158836 0.995187
v 0.402649 0.130022 0.968479
v 0.409988 0.157994 0.943854
v 0.424912 0.188939 0.973791
v 0.417801 0.132131 0.981641
v 0.385517 0.157560 0.983456
v 0.465883 0.167406 0.971066
v 0.381321 0.166800 0.948545
v 0.375474 0.138477 0.996287
v 0.388342 0.130230 0.958646
v 0.370480 0.175812 0.986356
v 0.356639 0.098454 0.991193
v 0.392086 0.118909 0.993208
v 0.377013 0.146696 0.964073
v 0.340701 0.127200 0.964013
v 0.360734 0.170746 0.954997
v 0.365238 0.145828 0.991151
v 0.371998 0.142802 0.959735
v 0.355604 0.174719 0.986438
v 0.349019 0.108978 0.991363
v 0.382691 0.121222 0.991444
v 0.377474 0.134837 0.956210
v 0.342847 0.124294 0.957208
v 0.372749 0.169051 0.968934
v 0.366809 0.118677 0.980697
v 0.399681 0.144248 0.969553
v 0.344915 0.146969 0.982851
v 0.342658 0.137551 0.972689
v 0.402299 0.152616 0.962106
v 0.375638 0.125158 0.987397
v 0.362285 0.159232 0.944728
v 0.393171 0.163854 0.940985
v 0.368670 0.142481 0.968479
v 0.413525 0.131217 0.986296
v 0.454192 0.163528 0.962562
v 0.392322 0.190645 0.955404
v 0.411739 0.176191 0.984846
v 0.409234 0.141965 0.961580
v 0.394200 0.159023 0.932074
v 0.458614 0.048917 1.086910
v 0.502991 0.053901 1.063729
v 0.481046 0.035359 1.036970
v 0.436102 0.032354 1.059904
v 0.447529 0.071363 1.064880
v 0.519392 0.052781 1.046196
v 0.467549 0.039515 1.051957
v 0.498259 0.085438 1.057287
v 0.566583 0.073635 1.023560
v 0.487559 0.052816 1.029141
v 0.544908 0.042715 1.041519
v 0.514376 0.085344 1.013086
v 0.568203 0.044376 1.055433
v 0.524852 0.026307 1.045010
v 0.504714 0.063118 1.026982
v 0.555690 0.080272 1.035447
v 0.571411 0.074131 1.007630
v 0.509340 0.058047 1.019737
v 0.553237 0.052531 1.027313
v 0.526958 0.081237 1.001346
v 0.555597 0.044899 1.057287
v 0.525719 0.028292 1.038528
v 0.506020 0.062541 1.026203
v 0.542350 0.078811 1.043452
v 0.570723 0.044932 1.016194
v 0.501382 0.062319 1.037928
v 0.527533 0.029035 1.025083
v 0.550797 0.077576 1.030784
v 0.508950 0.075098 1.001150
v 0.505844 0.059985 1.054114
v 0.509245 0.040902 1.018318
v 0.511117 0.094908 1.036429
v 0.529093 0.089219 1.042449
v 0.514834 0.058470 1.019747
v 0.499222 0.035671 1.055327
v 0.505022 0.067526 1.078065
v 0.447133 0.055762 1.094118
v 0.491336 0.062563 1.074389
v 0.472227 0.051480 1.043169
v 0.427058 0.046765 1.062987
v 0.621117 0.060143 1.005549
v 0.586630 0.063757 1.027619
v 0.570769 0.030558 1.014568
v 0.608727 0.026032 0.993948
v 0.624520 0.051158 1.011291
v 0.572635 0.032552 1.032742
v 0.585101 0.061831 1.010746
v 0.614430 0.020733 1.031363
v 0.608055 0.063056 0.984908
v 0.552463 0.066118 1.023854
v 0.577445 0.037551 0.998273
v 0.590294 0.090964 1.011795
v 0.496320 0.057649 1.010949
v 0.543425 0.046169 1.030815
v 0.582118 0.053527 0.995606
v 0.535457 0.067368 0.976547
v 0.608822 0.072838 0.987846
v 0.562727 0.075314 1.014205
v 0.579597 0.055428 0.990831
v 0.594194 0.091721 1.012299
v 0.501807 0.055705 0.993947
v 0.532012 0.046011 1.020041
v 0.578620 0.050531 0.995912
v 0.546383 0.062410 0.970404
v 0.575981 0.087333 0.999729
v 0.530927 0.046013 1.008630
v 0.581788 0.053789 1.009748
v 0.521920 0.080325 1.000560
v 0.598535 0.086712 1.008998
v 0.562741 0.042071 0.995181
v 0.580817 0.056496 1.028866
v 0.576973 0.073842 0.975929
v 0.610673 0.038757 0.982688
v 0.571557 0.058911 0.995876
v 0.569358 0.036388 1.032262
v 0.613923 0.017873 1.019663
v 0.640410 0.055876 1.015604
v 0.605930 0.062396 1.031901
v 0.591734 0.030062 1.016882
v 0.627516 0.022592 1.002304
v 0.611842 0.028526 1.016570
v 0.578483 0.019460 1.038574
v 0.551043 0.008243 1.008456
v 0.591158 0.015336 0.986622
v 0.612634 0.025654 1.028128
v 0.559262 -0.005128 1.022523
v 0.569520 0.032032 1.025628
v 0.602211 -0.011124 1.022930
v 0.567832 0.063704 0.996525
v 0.574706 0.012089 1.016636
v 0.529662 0.038943 1.012311
v 0.604653 0.036516 0.998649
v 0.490467 0.046263 1.013957
v 0.528757 0.020319 1.032657
v 0.574429 0.025348 1.001198
v 0.540671 0.053275 0.983760
v 0.584841 0.068182 0.999340
v 0.576952 0.026558 1.013653
v 0.549094 0.053295 1.012016
v 0.604401 0.041396 0.999246
v 0.494260 0.050646 1.012827
v 0.520106 0.020940 1.024882
v 0.568650 0.029683 1.003723
v 0.545667 0.060682 0.993367
v 0.547231 0.058059 1.037161
v 0.548308 0.027749 0.995826
v 0.545295 0.023021 1.033149
v 0.551850 0.063277 1.000172
v 0.563523 0.060305 1.033410
v 0.560126 0.020432 0.995294
v 0.562043 0.022109 1.035697
v 0.562310 0.059146 0.993462
v 0.604671 0.024234 0.988109
v 0.562764 0.038690 1.007994
v 0.551914 -0.000113 1.025390
v 0.595896 -0.013784 1.007091
v 0.614488 -0.002050 0.986246
v 0.587287 -0.010557 1.015159
v 0.581799 0.026548 1.020277
v 0.604236 0.034715 0.989857
v 0.572299 -0.019365 1.031233
v 0.530771 -0.005528 1.044189
v 0.495798 -0.032672 1.026004
v 0.539956 -0.047770 1.014806
v 0.569551 -0.013559 1.043666
v 0.496092 -0.035561 1.040968
v 0.529863 -0.002928 1.030270
v 0.534206 -0.046859 1.052521
v 0.561345 0.007850 0.994900
v 0.520350 -0.025956 1.033952
v 0.504680 -0.000944 1.005746
v 0.574630 -0.018617 1.021302
v 0.471288 0.012780 0.999570
v 0.479677 -0.010257 1.031424
v 0.538592 -0.019037 1.014227
v 0.534286 0.006152 0.983347
v 0.573947 0.014530 0.999647
v 0.539304 -0.014690 1.026606
v 0.529987 0.008069 1.005844
v 0.582129 -0.009243 1.018856
v 0.529655 0.012649 1.044249
v 0.500895 -0.017399 1.033740
v 0.493353 -0.000453 1.000687
v 0.523822 0.029018 1.010667
v 0.559378 -0.003294 1.014905
v 0.483003 0.003316 1.007980
v 0.511618 -0.021744 1.025341
v 0.531058 0.022920 0.999392
v 0.545400 0.024093 1.021536
v 0.510216 -0.025668 1.007005
v 0.523333 -0.006388 1.041705
v 0.531756 0.006020 0.986970
v 0.575667 -0.021747 1.017125
v 0.528523 -0.003972 1.010909
v 0.492897 -0.030811 1.039112
v 0.537132 -0.046867 1.047026
v 0.578064 -0.044265 1.029855
v 0.552902 -0.025057 1.049120
v 0.512271 -0.036991 1.026383
v 0.542489 -0.058103 1.008384
v 0.530017 0.024667 1.039388
v 0.507587 -0.006730 1.052695
v 0.453961 0.006410 1.052050
v 0.472513 0.037280 1.036642
v 0.507398 0.015895 1.082537
v 0.494245 -0.013867 1.042903
v 0.467528 0.012267 1.064826
v 0.538197 -0.008526 1.059522
v 0.442190 0.050752 1.046474
v 0.493667 0.005509 1.049875
v 0.435615 0.013265 1.040954
v 0.501478 0.043586 1.053124
v 0.402884 0.008440 1.040603
v 0.447039 -0.012876 1.045650
v 0.483210 0.023727 1.046137
v 0.429890 0.045254 1.043548
v 0.446765 0.056931 1.061866
v 0.482368 0.018168 1.054166
v 0.436714 0.029620 1.052408
v 0.493204 0.046285 1.061929
v 0.403937 0.002674 1.036252
v 0.446967 -0.009499 1.044909
v 0.472001 0.024453 1.035271
v 0.422638 0.037299 1.028708
v 0.420446 0.025670 1.066065
v 0.473389 0.018222 1.027437
v 0.445688 -0.002936 1.054410
v 0.440808 0.046535 1.038107
v 0.428178 0.040323 1.057338
v 0.503895 0.014384 1.047667
v 0.442909 0.005267 1.044328
v 0.483461 0.050590 1.058626
v 0.513680 0.041809 1.040515
v 0.457636 0.025572 1.045046
v 0.482706 -0.013336 1.047785
v 0.542767 0.003507 1.045597
v 0.561318 0.017400 1.047001
v 0.520189 -0.007281 1.056869
v 0.481117 0.020387 1.060112
v 0.518195 0.044864 1.048079
v 0.368310 0.107582 1.031675
v 0.398995 0.109239 1.010999
v 0.392378 0.073007 1.000043
v 0.360637 0.072353 1.019316
v 0.358936 0.108099 0.996056
v 0.414955 0.097416 0.994266
v 0.379137 0.084383 1.012942
v 0.388477 0.119939 0.975862
v 0.408846 0.102299 0.949964
v 0.393468 0.071843 0.994225
v 0.431026 0.102767 0.986302
v 0.377829 0.074672 0.958558
v 0.422720 0.133540 1.008314
v 0.387261 0.096947 1.000725
v 0.432015 0.073578 0.988247
v 0.475237 0.109414 0.998128
v 0.432784 0.086513 0.942792
v 0.401831 0.075249 0.977160
v 0.438571 0.094881 0.972503
v 0.399098 0.069415 0.947135
v 0.431439 0.125737 0.999082
v 0.426298 0.085142 1.003634
v 0.393369 0.080529 0.975251
v 0.394723 0.116475 0.967981
v 0.458788 0.095334 0.970641
v 0.389534 0.091600 0.985955
v 0.431523 0.071750 0.991958
v 0.413167 0.116787 0.966256
v 0.400465 0.071822 0.949393
v 0.387975 0.101951 0.994764
v 0.417989 0.069772 0.985348
v 0.376939 0.105147 0.957869
v 0.372747 0.121000 0.991658
v 0.379943 0.081607 0.997239
v 0.433498 0.089091 0.992492
v 0.429894 0.135691 0.991337
v 0.369529 0.112487 1.040124
v 0.383687 0.115737 1.007400
v 0.377767 0.078293 1.001626
v 0.361553 0.075728 1.033853
v 0.298007 -0.062517 1.049616
v 0.306688 -0.039741 1.023261
v 0.323365 -0.068689 1.004639
v 0.312602 -0.091897 1.030344
v 0.283195 -0.078228 1.014120
v 0.310589 -0.034664 1.010976
v 0.317918 -0.071713 1.013362
v 0.275607 -0.041644 1.009606
v 0.314672 -0.007847 0.971881
v 0.320320 -0.061146 0.987233
v 0.318417 -0.024880 1.005871
v 0.314215 -0.043914 0.953246
v 0.316635 -0.006969 1.022747
v 0.329947 -0.044919 1.018795
v 0.313037 -0.046287 0.979554
v 0.301839 -0.007162 0.982885
v 0.316125 -0.015906 0.954295
v 0.320763 -0.049540 0.982622
v 0.321764 -0.017095 0.984070
v 0.313265 -0.048068 0.952954
v 0.329731 -0.016658 1.029562
v 0.338498 -0.045822 1.010437
v 0.308203 -0.039713 0.988142
v 0.300801 -0.009099 1.006267
v 0.330637 -0.003137 0.997336
v 0.306024 -0.048453 0.998285
v 0.341811 -0.036852 0.998673
v 0.294967 -0.014300 0.999094
v 0.316708 -0.043218 0.953891
v 0.297234 -0.047511 1.005591
v 0.333539 -0.049628 0.987532
v 0.280802 -0.038754 0.971832
v 0.274624 -0.038604 0.991146
v 0.312517 -0.043945 0.978909
v 0.323202 -0.055737 1.018612
v 0.284410 -0.052617 1.030113
v 0.277124 -0.070897 1.043304
v 0.283382 -0.048870 1.015665
v 0.310429 -0.072913 1.003425
v 0.302438 -0.096034 1.030196
v 0.324638 -0.070671 1.062070
v 0.351327 -0.053666 1.045213
v 0.351119 -0.081042 1.018525
v 0.322752 -0.096839 1.034558
v 0.311510 -0.073295 1.030647
v 0.356249 -0.048011 1.031284
v 0.345137 -0.084119 1.029323
v 0.322217 -0.037223 1.030452
v 0.315683 -0.104783 1.008980
v 0.362765 -0.091977 1.035281
v 0.343884 -0.080084 1.001333
v 0.333077 -0.115130 1.043946
v 0.379850 -0.079280 0.980518
v 0.352761 -0.065182 1.006667
v 0.359847 -0.099464 1.031525
v 0.388881 -0.112201 1.006154
v 0.312350 -0.107533 1.012764
v 0.351920 -0.103260 1.031637
v 0.339068 -0.097311 1.002627
v 0.324442 -0.111801 1.042197
v 0.384075 -0.115189 1.003904
v 0.376419 -0.085364 1.022492
v 0.341582 -0.085188 1.007062
v 0.348816 -0.116499 0.990079
v 0.336656 -0.116621 1.030200
v 0.375516 -0.088142 1.012245
v 0.339486 -0.082318 1.021303
v 0.372987 -0.122210 1.023301
v 0.338812 -0.057059 0.981535
v 0.332949 -0.087331 1.027706
v 0.363109 -0.067372 1.009108
v 0.308129 -0.074846 1.000957
v 0.305923 -0.080747 1.020163
v 0.340713 -0.071767 1.002169
v 0.361542 -0.083924 1.037496
v 0.326450 -0.095197 1.054523
v 0.327250 -0.075848 1.074593
v 0.342285 -0.054776 1.049742
v 0.330833 -0.079370 1.022839
v 0.313879 -0.099331 1.047887
v 0.391317 -0.045139 1.102183
v 0.366662 -0.027466 1.083058
v 0.369995 -0.053788 1.055544
v 0.393257 -0.072617 1.075965
v 0.364464 -0.071857 1.093950
v 0.356546 -0.024824 1.074262
v 0.376072 -0.055704 1.064693
v 0.343275 -0.042086 1.102610
v 0.309475 -0.023486 1.059253
v 0.356536 -0.052029 1.052065
v 0.346262 -0.014086 1.063138
v 0.319302 -0.061913 1.050456
v 0.355125 0.008432 1.074577
v 0.374068 -0.024195 1.060274
v 0.336199 -0.043237 1.054286
v 0.317259 -0.009258 1.066489
v 0.305633 -0.021438 1.039852
v 0.341266 -0.046123 1.048164
v 0.333373 -0.014676 1.050104
v 0.312656 -0.052972 1.039579
v 0.324090 -0.048889 1.070249
v 0.358080 -0.039309 1.064258
v 0.347628 -0.024597 1.030659
v 0.313057 -0.032419 1.037896
v 0.338011 0.006415 1.041099
v 0.347399 -0.040062 1.061433
v 0.360829 -0.019454 1.032897
v 0.325949 -0.012945 1.070817
v 0.320855 -0.047939 1.032191
v 0.345855 -0.036681 1.080359
v 0.356556 -0.037889 1.041211
v 0.309360 -0.044563 1.070758
v 0.343126 -0.024694 1.102077
v 0.351444 -0.052700 1.074315
v 0.360950 -0.021336 1.046624
v 0.354829 0.006632 1.075565
v 0.382982 -0.070769 1.110397
v 0.359408 -0.045229 1.101317
v 0.360193 -0.058026 1.065408
v 0.382315 -0.085065 1.075269
v 0.327731 0.078542 1.014365
v 0.336004 0.054295 1.039530
v 0.357535 0.035648 1.014132
v 0.350766 0.061446 0.989524
v 0.337278 0.084139 1.030218
v 0.364718 0.041230 1.022267
v 0.329329 0.049525 1.031928
v 0.371918 0.076220 1.018531
v 0.315149 0.062713 1.001129
v 0.330790 0.023221 1.037003
v 0.345865 0.040025 1.003199
v 0.301018 0.047838 1.035955
v 0.335351 -0.012910 1.013516
v 0.355697 0.017955 1.029638
v 0.327377 0.045269 1.012622
v 0.305694 0.013792 0.998515
v 0.297414 0.054155 1.012326
v 0.323964 0.026014 1.033629
v 0.320149 0.036156 1.003205
v 0.302213 0.045621 1.042913
v 0.331893 -0.013266 1.016252
v 0.350171 0.015266 1.028273
v 0.331223 0.037530 1.003704
v 0.311387 0.008957 0.993266
v 0.305234 0.044683 1.026805
v 0.343460 0.010705 1.021106
v 0.337420 0.047030 1.012425
v 0.311771 0.009198 1.037453
v 0.341632 0.060675 0.980321
v 0.333142 0.050488 1.034134
v 0.354646 0.033603 1.004053
v 0.321988 0.079031 1.010529
v 0.326979 0.080811 1.020481
v 0.345195 0.049820 1.002197
v 0.344279 0.027895 1.038974
v 0.323731 0.058364 1.056542
v 0.321633 0.094598 1.024347
v 0.334385 0.065401 1.041024
v 0.354357 0.056660 1.009760
v 0.343039 0.087345 0.993918
v 0.346959 0.016216 1.060072
v 0.376499 0.020245 1.040245
v 0.365783 -0.009731 1.019022
v 0.334990 -0.012224 1.037828
v 0.335371 0.023410 1.031894
v 0.385586 0.017050 1.022921
v 0.356443 -0.005139 1.032076
v 0.363623 0.045357 1.020712
v 0.398439 0.010175 0.970787
v 0.363715 -0.006799 1.012264
v 0.402142 0.011932 1.008756
v 0.359623 -0.006364 0.973944
v 0.390145 0.042897 1.030137
v 0.363708 0.013543 1.021306
v 0.397379 -0.011638 1.009382
v 0.432968 0.017103 1.020583
v 0.392815 0.005088 0.961583
v 0.373953 -0.007249 0.999938
v 0.403298 0.008845 0.990434
v 0.364635 -0.009360 0.970829
v 0.424565 0.013563 1.017363
v 0.391767 -0.011313 1.023346
v 0.371013 0.003341 0.994770
v 0.400119 0.027069 0.987583
v 0.425526 -0.005599 0.990377
v 0.369291 0.008635 1.003311
v 0.394159 -0.018108 1.013890
v 0.395369 0.022523 0.981235
v 0.327539 0.001065 1.012176
v 0.379652 0.018316 1.004370
v 0.361229 -0.011817 1.024701
v 0.345720 0.029704 0.990016
v 0.361220 0.032823 0.985570
v 0.352568 0.001765 1.009802
v 0.393654 0.001780 1.023513
v 0.404402 0.034622 1.000737
v 0.345682 0.033361 1.059466
v 0.363769 0.034848 1.028605
v 0.351098 -0.000272 1.019991
v 0.331204 -0.000639 1.050192
v 0.497651 0.183145 1.045312
v 0.529498 0.163186 1.019502
v 0.478620 0.149361 1.003966
v 0.446547 0.167876 1.027734
v 0.490312 0.201633 1.005937
v 0.534149 0.152813 1.005213
v 0.479255 0.159385 1.014979
v 0.539228 0.195896 0.994554
v 0.563025 0.139253 0.974875
v 0.496285 0.155834 0.988660
v 0.536416 0.131788 1.005457
v 0.521196 0.165121 0.958757
v 0.556418 0.164172 1.028381
v 0.511307 0.170181 1.010548
v 0.507983 0.116343 0.990533
v 0.558504 0.110156 1.010744
v 0.543868 0.133857 0.954739
v 0.509156 0.147906 0.981703
v 0.548077 0.131022 0.984690
v 0.509278 0.153541 0.952321
v 0.551741 0.151849 1.026047
v 0.510370 0.126721 1.010050
v 0.515371 0.164114 0.985948
v 0.554100 0.185353 1.000193
v 0.562528 0.125864 0.987941
v 0.514376 0.171159 0.997719
v 0.512811 0.119391 0.996536
v 0.558944 0.176898 0.990923
v 0.453922 0.180683 0.994725
v 0.535550 0.165853 0.994010
v 0.476092 0.143459 1.003463
v 0.511108 0.205593 0.984118
v 0.524503 0.184255 0.968384
v 0.488771 0.169605 0.993936
v 0.522617 0.132079 1.007463
v 0.563578 0.149806 0.983461
v 0.481639 0.189487 1.047452
v 0.529210 0.182659 1.025060
v 0.486223 0.166253 1.003554
v 0.441985 0.175124 1.025184
v 0.405309 0.202010 1.056163
v 0.452041 0.200136 1.050701
v 0.443905 0.184792 1.020319
v 0.390525 0.184974 1.023768
v 0.428379 0.226602 1.025527
v 0.476255 0.198035 1.039346
v 0.423318 0.188589 1.028995
v 0.486120 0.239811 1.034844
v 0.528869 0.220363 1.010453
v 0.452907 0.195208 1.013942
v 0.503025 0.195499 1.035931
v 0.481820 0.223833 0.990072
v 0.483483 0.202170 1.064720
v 0.448401 0.201425 1.036714
v 0.492700 0.180402 1.016494
v 0.524948 0.174794 1.044617
v 0.539377 0.207734 0.997363
v 0.480492 0.204740 1.006683
v 0.519734 0.198301 1.021888
v 0.500529 0.216624 0.982931
v 0.485365 0.197112 1.060073
v 0.470213 0.176391 1.036507
v 0.472851 0.212628 1.015230
v 0.498152 0.236023 1.039189
v 0.534185 0.209161 1.026782
v 0.454025 0.205647 1.029560
v 0.495968 0.183579 1.020601
v 0.499068 0.234555 1.038983
v 0.410094 0.206758 1.003837
v 0.481258 0.212790 1.030250
v 0.435906 0.180903 1.019990
v 0.462544 0.242448 1.013115
v 0.492986 0.240916 1.011508
v 0.443902 0.205035 1.013456
v 0.474014 0.181175 1.038639
v 0.519708 0.217266 1.037980
v 0.393351 0.195342 1.060532
v 0.445457 0.209616 1.055639
v 0.441923 0.197852 1.021426
v 0.386432 0.184050 1.025416
v 0.413687 0.028833 1.026184
v 0.410950 0.029394 1.024658
v 0.413497 0.032273 1.028482
v 0.418928 0.029070 1.031303
v 0.419239 0.026715 1.028774
v 0.416443 0.027947 1.027558
v 0.394607 0.029941 1.013526
v 0.398860 0.033962 1.018888
v 0.405515 0.029863 1.021281
v 0.420946 0.030704 1.030166
v 0.420731 0.031817 1.030131
v 0.448893 0.074559 1.105751
v 0.448728 0.071281 1.104255
v 0.447765 0.074138 1.104139
v 0.390424 0.106919 1.035785
v 0.391487 0.107876 1.037594
v 0.390774 0.107768 1.036643
v 0.420966 0.030858 1.030215
v 0.416497 0.030944 1.029885
v 0.410420 0.033258 1.026784
v 0.404508 0.033955 1.022981
v 0.393572 0.033639 1.014597
v 0.389146 0.030785 1.009376
v 0.387287 0.032745 1.008664
v 0.386406 0.031713 1.007315
v 0.449666 0.067138 1.103908
v 0.447792 0.077720 1.105561
v 0.446602 0.077010 1.103758
v 0.446488 0.080815 1.105084
v 0.444928 0.083841 1.104243
v 0.443128 0.086500 1.102948
v 0.441166 0.088402 1.101153
v 0.451013 0.068190 1.105991
v 0.449799 0.071367 1.105664
v 0.431116 0.013302 1.059324
v 0.431157 0.013795 1.062064
v 0.432932 0.016284 1.058459
v 0.432702 0.013509 1.053114
v 0.430651 0.011449 1.053985
v 0.430952 0.012525 1.056634
v 0.429872 0.014277 1.079313
v 0.432047 0.017792 1.073736
v 0.430976 0.014207 1.067659
v 0.430957 0.014939 1.052082
v 0.431025 0.015913 1.052261
v 0.475960 0.053320 0.997839
v 0.474902 0.050451 0.998619
v 0.475232 0.052952 0.999398
v 0.448506 0.081625 1.072724
v 0.449410 0.082462 1.071127
v 0.449002 0.082368 1.072083
v 0.430985 0.015074 1.052046
v 0.432690 0.015151 1.055576
v 0.432973 0.017064 1.061525
v 0.432695 0.017790 1.067674
v 0.431110 0.017512 1.079619
v 0.429110 0.014988 1.085264
v 0.429386 0.016734 1.086985
v 0.428739 0.015767 1.088237
v 0.474253 0.046823 0.998070
v 0.476295 0.056086 0.998755
v 0.475451 0.055465 1.000444
v 0.476503 0.058793 0.999950
v 0.476545 0.061441 1.001499
v 0.476349 0.063767 1.003428
v 0.475846 0.065431 1.005699
v 0.475215 0.047749 0.996127
v 0.475501 0.050527 0.997191
v 0.449058 0.014820 1.030699
v 0.451444 0.015318 1.029274
v 0.447377 0.017861 1.029536
v 0.442802 0.015030 1.032455
v 0.444607 0.012942 1.033815
v 0.446780 0.014034 1.032207
v 0.467241 0.015805 1.021657
v 0.461241 0.019376 1.022573
v 0.456448 0.015735 1.026595
v 0.442780 0.016480 1.034509
v 0.442902 0.017468 1.034358
v 0.372330 0.055385 1.022448
v 0.373552 0.052477 1.022985
v 0.374068 0.055011 1.022297
v 0.451998 0.084088 1.008561
v 0.450137 0.084937 1.008576
v 0.451184 0.084841 1.008450
v 0.442734 0.016617 1.034502
v 0.444969 0.016694 1.031215
v 0.450050 0.018604 1.027957
v 0.455588 0.019378 1.025067
v 0.466881 0.019091 1.020414
v 0.472852 0.016527 1.019309
v 0.474223 0.018278 1.018193
v 0.475651 0.017296 1.018131
v 0.373401 0.048802 1.023846
v 0.372964 0.058188 1.021686
v 0.374876 0.057559 1.021572
v 0.373908 0.060933 1.020895
v 0.375246 0.063617 1.020069
v 0.377038 0.065974 1.019261
v 0.379287 0.067661 1.018549
v 0.371206 0.049738 1.023978
v 0.371995 0.052553 1.023183
vn 0.5101 0.5036 -0.6973
vn 0.5048 0.4776 -0.7191
vn 0.5294 0.4830 -0.6975
vn 0.6154 0.5427 -0.5715
vn 0.5251 0.6541 -0.5445
vn 0.5595 0.5404 -0.6284
vn 0.5768 0.3687 -0.7289
vn 0.5548 0.3576 -0.7512
vn 0.5273 0.4266 -0.7348
vn 0.7673 0.2327 -0.5976
vn 0.7671 0.2344 -0.5971
vn 0.7672 0.2327 -0.5977
vn -0.7488 -0.2932 0.5944
vn -0.7306 -0.1227 0.6717
vn -0.7306 -0.1226 0.6717
vn -0.7306 -0.1222 0.6718
vn 0.6009 0.4761 -0.6421
vn 0.5236 0.4560 -0.7197
vn 0.5442 0.3958 -0.7398
vn 0.6007 0.3120 -0.7361
vn 0.6204 0.3348 -0.7092
vn 0.6361 0.3162 -0.7038
vn 0.6360 0.3433 -0.6912
vn 0.7676 0.2314 -0.5977
vn 0.7679 0.2313 -0.5973
vn 0.7678 0.2306 -0.5977
vn 0.7681 0.2292 -0.5979
vn 0.7682 0.2281 -0.5982
vn 0.7683 0.2277 -0.5982
vn 0.7770 0.1747 -0.6048
vn 0.7713 0.2105 -0.6006
vn 0.7672 0.2340 -0.5972
vn -0.8590 0.5034 -0.0934
vn -0.8755 0.4770 -0.0778
vn -0.8702 0.4803 -0.1102
vn -0.8029 0.5423 -0.2474
vn -0.7346 0.6536 -0.1824
vn -0.8243 0.5398 -0.1705
vn -0.9198 0.3685 -0.1352
vn -0.9284 0.3563 -0.1051
vn -0.9002 0.4261 -0.0893
vn -0.9012 0.2318 -0.3662
vn -0.9013 0.2320 -0.3660
vn -0.9013 0.2319 -0.3660
vn 0.8895 -0.2921 0.3512
vn 0.8896 -0.2921 0.3512
vn 0.8895 -0.2922 0.3513
vn 0.9472 -0.1218 0.2967
vn 0.9472 -0.1217 0.2967
vn 0.9472 -0.1212 0.2968
vn -0.8567 0.4757 -0.1994
vn -0.8892 0.4475 -0.0953
vn -0.9128 0.3955 -0.1014
vn -0.9382 0.3107 -0.1524
vn -0.9259 0.3304 -0.1832
vn -0.9276 0.3162 -0.1990
vn -0.9199 0.3334 -0.2066
vn -0.9016 0.2307 -0.3660
vn -0.9014 0.2306 -0.3664
vn -0.9018 0.2296 -0.3662
vn -0.9021 0.2283 -0.3662
vn -0.9023 0.2274 -0.3663
vn -0.9024 0.2268 -0.3664
vn -0.9131 0.1700 -0.3707
vn -0.9076 0.2014 -0.3685
vn -0.9010 0.2329 -0.3659
vn 0.1339 0.2330 0.9632
vn 0.1335 0.2345 0.9629
vn 0.1340 0.2330 0.9632
vn -0.1405 -0.2932 -0.9457
vn -0.2175 -0.1225 -0.9683
vn -0.2175 -0.1224 -0.9684
vn -0.2174 -0.1221 -0.9684
vn 0.1337 0.2317 0.9636
vn 0.1333 0.2315 0.9637
vn 0.1338 0.2308 0.9638
vn 0.1339 0.2293 0.9641
vn 0.1340 0.2287 0.9642
vn 0.1339 0.2280 0.9644
vn 0.1354 0.1721 0.9757
vn 0.1348 0.1981 0.9709
vn 0.1337 0.2343 0.9629
vn -0.9435 0.2682 0.1948
vn -0.9438 0.2670 0.1950
vn -0.9434 0.2684 0.1947
vn -0.9431 0.2696 0.1944
vn -0.2790 0.5161 0.8098
vn -0.2784 0.5175 0.8091
vn -0.2734 0.5297 0.8029
vn -0.2841 0.5034 0.8160
vn -0.4138 -0.0094 0.9103
vn -0.4143 -0.0068 0.9101
vn -0.4111 -0.0227 0.9113
vn -0.4170 0.0067 0.9089
vn -0.5646 0.1131 0.8176
vn -0.5636 0.1153 0.8180
vn -0.5650 0.1123 0.8174
vn -0.5660 0.1101 0.8170
vn -0.8433 0.2083 0.4954
vn -0.8407 0.2112 0.4986
vn -0.8427 0.2090 0.4962
vn -0.8453 0.2061 0.4929
vn -0.7123 -0.2871 0.6405
vn -0.5238 0.5352 0.6627
vn -0.5211 0.5311 0.6681
vn -0.5419 0.5626 0.6244
vn -0.5029 0.5041 0.7022
vn -0.8270 -0.2572 0.4998
vn -0.8272 -0.2569 0.4998
vn -0.8270 -0.2573 0.4999
vn -0.8269 -0.2576 0.4999
vn -0.6654 0.1170 0.7372
vn -0.6692 0.1328 0.7311
vn -0.6646 0.1139 0.7384
vn -0.6606 0.0982 0.7443
vn -0.8543 -0.2605 0.4498
vn -0.8534 -0.2621 0.4505
vn -0.8545 -0.2601 0.4496
vn -0.8554 -0.2584 0.4489
vn -0.5920 0.6800 0.4326
vn -0.6040 0.6709 0.4303
vn -0.5918 0.6802 0.4326
vn -0.5799 0.6890 0.4348
vn -0.4940 -0.5169 0.6991
vn -0.4937 -0.5172 0.6991
vn -0.4823 -0.5289 0.6983
vn -0.5055 -0.5047 0.6998
vn -0.7894 -0.4648 0.4010
vn -0.7909 -0.4572 0.4067
vn -0.7840 -0.4893 0.3820
vn -0.7953 -0.4318 0.4255
vn -0.5088 0.2489 0.8241
vn -0.5065 0.2080 0.8368
vn -0.5093 0.2600 0.8204
vn -0.5105 0.3003 0.8057
vn -0.0782 -0.0043 0.9969
vn -0.0782 -0.0044 0.9969
vn -0.0781 -0.0043 0.9969
vn -0.8383 -0.3020 0.4540
vn -0.8324 -0.3000 0.4659
vn -0.8394 -0.3023 0.4517
vn -0.8451 -0.3042 0.4396
vn -0.8620 -0.3775 0.3384
vn -0.8613 -0.3784 0.3389
vn -0.8557 -0.3864 0.3441
vn -0.8675 -0.3694 0.3331
vn -0.5539 0.0326 0.8320
vn -0.5540 0.0326 0.8319
vn -0.5514 0.0321 0.8337
vn -0.5565 0.0332 0.8302
vn -0.6358 0.4677 0.6140
vn -0.6347 0.4666 0.6159
vn -0.6414 0.4733 0.6038
vn -0.6292 0.4612 0.6256
vn 0.7046 0.3277 0.6295
vn 0.7089 0.3147 0.6312
vn 0.7042 0.3288 0.6293
vn 0.6998 0.3416 0.6274
vn 0.8911 0.1528 -0.4273
vn 0.8909 0.1536 -0.4274
vn 0.8959 0.1333 -0.4237
vn 0.8857 0.1729 -0.4308
vn 0.8739 0.2676 0.4057
vn 0.8768 0.2604 0.4043
vn 0.8328 0.3592 0.4212
vn 0.9088 0.1637 0.3837
vn 0.7809 0.0234 0.6243
vn 0.7146 -0.0719 0.6958
vn 0.7754 0.0148 0.6313
vn 0.8341 0.1215 0.5381
vn 0.8908 0.1871 0.4140
vn 0.8167 0.0771 0.5719
vn 0.8810 0.1691 0.4419
vn 0.9257 0.2813 0.2530
vn 0.6928 -0.2000 0.6929
vn 0.7191 -0.1739 0.6728
vn 0.6960 -0.1968 0.6905
vn 0.6708 -0.2206 0.7080
vn 0.7783 0.4585 0.4290
vn 0.7744 0.4608 0.4336
vn 0.7267 0.4867 0.4848
vn 0.8250 0.4270 0.3701
vn 0.8874 -0.0605 0.4570
vn 0.8886 -0.0734 0.4528
vn 0.8872 -0.0581 0.4577
vn 0.8859 -0.0452 0.4617
vn 0.9279 -0.0374 0.3710
vn 0.9321 -0.0709 0.3553
vn 0.9268 -0.0304 0.3743
vn 0.9211 0.0029 0.3893
vn 0.6114 -0.4399 0.6578
vn 0.6250 -0.4988 0.6005
vn 0.6086 -0.4293 0.6673
vn 0.5908 -0.3690 0.7175
vn 0.5092 0.5517 0.6605
vn 0.5166 0.4872 0.7041
vn 0.5094 0.5504 0.6614
vn 0.4993 0.6101 0.6152
vn 0.7935 -0.4836 0.3695
vn 0.7914 -0.4929 0.3614
vn 0.7841 -0.5222 0.3354
vn 0.7993 -0.4529 0.3950
vn 0.6501 -0.4076 0.6413
vn 0.6495 -0.4083 0.6414
vn 0.6333 -0.4296 0.6437
vn 0.6662 -0.3853 0.6385
vn 0.8131 -0.0128 0.5820
vn 0.8069 0.0439 0.5891
vn 0.8136 -0.0187 0.5812
vn 0.8168 -0.0759 0.5719
vn 0.7789 -0.4291 -0.4574
vn 0.7770 -0.4070 -0.4802
vn 0.7793 -0.5026 -0.3744
vn 0.7644 -0.3274 -0.5554
vn 0.8060 -0.2183 0.5501
vn 0.7416 -0.2133 0.6360
vn 0.8062 -0.2183 0.5500
vn 0.8668 -0.2209 0.4470
vn 0.5825 -0.2710 0.7663
vn 0.5825 -0.2707 0.7664
vn 0.5834 -0.2762 0.7637
vn 0.5815 -0.2655 0.7690
vn 0.7065 -0.1776 0.6851
vn 0.7229 -0.1816 0.6666
vn 0.6561 -0.1650 0.7364
vn 0.7741 -0.1944 0.6025
vn 0.4191 0.0243 0.9076
vn 0.4445 0.0121 0.8957
vn 0.3812 0.0423 0.9235
vn 0.4875 -0.0093 0.8731
vn 0.1130 0.2763 -0.9544
vn 0.1138 0.2863 -0.9513
vn 0.1128 0.2737 -0.9552
vn 0.1120 0.2638 -0.9580
vn -0.7993 0.0231 -0.6006
vn -0.5737 0.0094 -0.8190
vn -0.5737 0.0097 -0.8190
vn -0.5677 0.0364 -0.8225
vn -0.5794 -0.0176 -0.8149
vn -0.2642 0.1177 -0.9573
vn -0.2573 0.1114 -0.9599
vn -0.2676 0.1210 -0.9559
vn -0.2748 0.1276 -0.9530
vn -0.1634 0.1418 -0.9763
vn -0.1563 0.1359 -0.9783
vn -0.1686 0.1461 -0.9748
vn -0.1761 0.1524 -0.9725
vn -0.1798 -0.2312 -0.9561
vn -0.2022 -0.2139 -0.9557
vn -0.1750 -0.2349 -0.9561
vn -0.1516 -0.2528 -0.9556
vn -0.2079 0.3671 -0.9067
vn -0.2074 0.3676 -0.9066
vn -0.2087 0.3662 -0.9068
vn -0.2066 0.3685 -0.9064
vn 0.0186 -0.4134 -0.9104
vn 0.0195 -0.4081 -0.9127
vn 0.0187 -0.4133 -0.9104
vn 0.0179 -0.4184 -0.9081
vn -0.1150 0.0506 -0.9921
vn -0.1157 0.0485 -0.9921
vn -0.1151 0.0504 -0.9921
vn -0.1143 0.0524 -0.9921
vn 0.0601 -0.4388 -0.8966
vn 0.0633 -0.4350 -0.8982
vn 0.0610 -0.4378 -0.8970
vn 0.0580 -0.4415 -0.8954
vn 0.0194 0.5535 -0.8326
vn 0.0196 0.5530 -0.8330
vn 0.0193 0.5538 -0.8324
vn 0.0191 0.5543 -0.8321
vn -0.1431 -0.4494 -0.8818
vn -0.1416 -0.4458 -0.8839
vn -0.1520 -0.4702 -0.8694
vn -0.1327 -0.4251 -0.8954
vn 0.1017 -0.1789 -0.9786
vn -0.1848 0.0386 -0.9820
vn -0.7664 -0.3802 -0.5177
vn -0.1065 -0.0848 -0.9907
vn -0.1971 -0.3193 -0.9269
vn -0.1971 -0.3192 -0.9270
vn -0.1447 0.1125 -0.9831
vn -0.1439 0.1125 -0.9832
vn -0.1387 0.1124 -0.9839
vn -0.1500 0.1126 -0.9823
vn 0.0305 0.1884 -0.9816
vn 0.0309 0.1886 -0.9816
vn 0.0287 0.1872 -0.9819
vn 0.0328 0.1900 -0.9812
vn 0.7680 0.6308 -0.1105
vn 0.4570 0.3293 0.8263
vn 0.3260 0.5628 0.7596
vn 0.8598 0.5072 -0.0583
vn -0.7841 0.2123 -0.5832
vn -0.4378 -0.6942 -0.5713
vn -0.2288 -0.6403 -0.7333
vn -0.6595 0.2413 -0.7119
vn -0.8148 0.1864 -0.5490
vn -0.6684 -0.7178 -0.1950
vn -0.4954 -0.7813 -0.3797
vn -0.7179 0.1367 -0.6826
vn -0.5323 0.6869 0.4948
vn -0.0129 -0.0486 0.9987
vn -0.2572 -0.1271 0.9579
vn -0.3712 0.7525 0.5441
vn 0.7781 0.5301 -0.3370
vn 0.6663 0.3357 0.6659
vn 0.5494 0.6012 0.5803
vn 0.8905 0.3747 -0.2581
vn 0.3765 -0.0332 -0.9258
vn -0.6054 0.2005 -0.7703
vn -0.5807 -0.0803 -0.8101
vn 0.3459 0.1510 -0.9260
vn 0.3981 0.4747 0.7850
vn 0.3801 -0.4923 0.7831
vn 0.1134 -0.5156 0.8493
vn 0.2269 0.4511 0.8632
vn 0.3581 0.4472 0.8196
vn 0.1293 -0.4866 0.8640
vn -0.1554 -0.4475 0.8807
vn 0.1739 0.4632 0.8690
vn -0.4409 0.8976 -0.0048
vn -0.9964 0.0648 -0.0550
vn -0.9179 0.1932 -0.3466
vn -0.5349 0.8212 0.1990
vn 0.4367 0.1648 -0.8844
vn -0.3762 0.7080 -0.5977
vn -0.4626 0.4825 -0.7438
vn 0.4788 0.3448 -0.8074
vn 0.2447 0.5791 -0.7777
vn -0.7061 0.2032 -0.6784
vn -0.5665 0.0152 -0.8239
vn 0.1405 0.6882 -0.7118
vn 0.0888 0.6439 0.7600
vn 0.6794 -0.1616 0.7157
vn 0.5076 -0.3010 0.8073
vn -0.0227 0.5353 0.8444
vn 0.3645 0.2816 0.8876
vn 0.4475 -0.6581 0.6055
vn 0.2167 -0.7164 0.6632
vn 0.1977 0.2320 0.9524
vn -0.8880 0.4147 0.1988
vn -0.8313 -0.4438 -0.3347
vn -0.8363 -0.1842 -0.5164
vn -0.9231 0.2268 0.3104
vn 0.3708 0.6559 -0.6576
vn -0.5927 0.3178 -0.7401
vn -0.4222 0.1450 -0.8948
vn 0.2482 0.7692 -0.5889
vn 0.4915 0.8513 -0.1836
vn 0.9479 0.0947 0.3043
vn 0.8124 0.3035 0.4979
vn 0.6209 0.7210 -0.3076
vn -0.7737 0.6332 0.0225
vn -0.7090 -0.0430 -0.7039
vn -0.5542 0.0923 -0.8272
vn -0.6714 0.7368 -0.0804
vn -0.8256 0.5572 -0.0884
vn -0.6888 -0.2486 -0.6810
vn -0.5603 -0.1185 -0.8197
vn -0.7387 0.6469 -0.1892
vn -0.2452 0.2418 0.9388
vn 0.3844 -0.5611 0.7331
vn 0.1395 -0.6144 0.7766
vn 0.0187 0.2855 0.9582
vn 0.5062 0.7982 -0.3265
vn 0.9444 0.1316 0.3013
vn 0.8159 0.3630 0.4501
vn 0.6265 0.6558 -0.4212
vn 0.6852 0.4804 0.5474
vn 0.4117 -0.5249 0.7450
vn 0.2800 -0.3909 0.8768
vn 0.7710 0.4276 0.4718
vn -0.7814 0.6152 -0.1047
vn -0.5520 -0.0973 -0.8281
vn -0.4562 0.0436 -0.8888
vn -0.6677 0.7311 -0.1406
vn -0.8416 0.4254 -0.3328
vn -0.3703 -0.3937 -0.8414
vn -0.3198 -0.2542 -0.9128
vn -0.7614 0.5499 -0.3433
vn -0.3170 0.2770 0.9071
vn 0.1866 -0.6144 0.7666
vn -0.0703 -0.6467 0.7595
vn -0.1048 0.2885 0.9517
vn 0.6267 0.7218 0.2936
vn 0.5600 -0.1733 0.8102
vn 0.3939 -0.0078 0.9191
vn 0.7421 0.6265 0.2382
vn 0.6914 0.6884 0.2190
vn 0.9318 -0.3094 0.1897
vn 0.8610 -0.2413 0.4478
vn 0.7608 0.6459 0.0625
vn -0.7918 0.4282 0.4356
vn -0.9014 0.0411 -0.4310
vn -0.7738 0.2605 -0.5774
vn -0.7435 0.5844 0.3252
vn -0.9265 0.2093 0.3127
vn -0.8181 -0.2621 -0.5118
vn -0.7422 -0.0275 -0.6697
vn -0.9124 0.3620 0.1913
vn -0.0231 -0.2425 0.9699
vn 0.6063 -0.7258 0.3250
vn 0.3490 -0.8677 0.3540
vn 0.1611 -0.1766 0.9710
vn 0.6606 0.7396 0.1289
vn 0.9651 -0.2323 0.1205
vn 0.9079 -0.1470 0.3927
vn 0.7280 0.6843 -0.0424
vn 0.2663 -0.1022 -0.9585
vn -0.5992 -0.5150 -0.6130
vn -0.3719 -0.7169 -0.5897
vn 0.1188 -0.0025 -0.9929
vn 0.0594 0.9320 0.3576
vn 0.7529 0.2504 0.6087
vn 0.6069 0.1614 0.7782
vn -0.0244 0.8697 0.4930
vn 0.1936 0.8903 0.4122
vn 0.5355 0.0797 0.8407
vn 0.3122 0.0194 0.9498
vn 0.0377 0.8527 0.5211
vn -0.9361 0.2546 -0.2425
vn -0.7653 -0.5732 0.2928
vn -0.7808 -0.6240 -0.0330
vn -0.9637 0.2668 -0.0111
vn 0.4268 -0.0441 -0.9033
vn -0.5296 -0.3291 -0.7818
vn -0.3283 -0.5722 -0.7516
vn 0.3007 0.1021 -0.9482
vn 0.2114 0.9196 -0.3312
vn 0.6220 0.5717 0.5350
vn 0.3676 0.7297 0.5766
vn 0.4156 0.8408 -0.3469
vn -0.9090 -0.1488 -0.3894
vn -0.2043 -0.7418 -0.6387
vn -0.0775 -0.5553 -0.8281
vn -0.8392 -0.0488 -0.5416
vn -0.8847 -0.3774 -0.2735
vn -0.1184 -0.9411 -0.3168
vn -0.0134 -0.8233 -0.5674
vn -0.8264 -0.3311 -0.4555
vn -0.7523 0.4290 0.5000
vn 0.1438 0.2337 0.9616
vn -0.0491 0.0166 0.9987
vn -0.6298 0.5826 0.5137
vn 0.1716 0.8669 -0.4680
vn 0.3995 0.7539 0.5216
vn 0.1265 0.8675 0.4810
vn 0.3655 0.8261 -0.4289
vn 0.3681 0.6673 -0.6474
vn 0.8029 0.5323 0.2682
vn 0.5962 0.7603 0.2578
vn 0.5472 0.5400 -0.6395
vn -0.9720 0.2295 -0.0511
vn -0.7200 -0.6926 -0.0436
vn -0.6420 -0.6949 -0.3240
vn -0.9471 0.2118 -0.2411
vn -0.9514 -0.1700 0.2567
vn -0.3509 -0.9082 0.2282
vn -0.3573 -0.9316 -0.0662
vn -0.9748 -0.2134 0.0655
vn -0.3342 0.6710 0.6619
vn 0.6071 0.2771 0.7447
vn 0.4106 0.1287 0.9027
vn -0.1881 0.7868 0.5878
vn 0.3313 0.6594 -0.6748
vn 0.6695 0.6834 0.2912
vn 0.4365 0.8647 0.2486
vn 0.5071 0.5722 -0.6445
vn 0.1295 0.8420 -0.5237
vn 0.5057 0.7482 0.4295
vn 0.2377 0.8788 0.4138
vn 0.3432 0.7919 -0.5052
vn -0.8996 -0.0937 -0.4265
vn -0.3548 -0.8964 -0.2656
vn -0.2037 -0.8602 -0.4675
vn -0.8177 -0.0750 -0.5708
vn -0.3471 0.2008 0.9161
vn 0.3844 -0.4175 0.8234
vn 0.2243 -0.6279 0.7453
vn -0.4572 0.0183 0.8892
vn -0.7375 0.3717 0.5639
vn 0.2466 0.4506 0.8580
vn 0.1261 0.2257 0.9660
vn -0.6673 0.5366 0.5165
vn 0.1309 0.7883 -0.6012
vn 0.1855 0.8871 0.4227
vn -0.0897 0.9448 0.3152
vn 0.3055 0.7933 -0.5266
vn 0.9600 -0.1403 0.2424
vn 0.2220 -0.4469 0.8666
vn 0.3116 -0.1660 0.9356
vn 0.9127 -0.3390 0.2282
vn -0.2554 0.8811 -0.3980
vn -0.5999 0.0887 -0.7951
vn -0.3419 0.0075 -0.9397
vn -0.1162 0.8406 -0.5290
vn -0.3654 0.7832 -0.5031
vn -0.8575 0.0191 -0.5141
vn -0.6520 -0.1561 -0.7420
vn -0.2776 0.6768 -0.6818
vn 0.0396 0.6645 0.7462
vn 0.2198 -0.3389 0.9148
vn -0.0564 -0.2686 0.9616
vn 0.2236 0.6158 0.7555
vn 0.9886 0.1476 0.0291
vn 0.4859 -0.1866 0.8539
vn 0.5149 0.1151 0.8495
vn 0.9963 -0.0560 0.0652
vn -0.1975 0.9029 -0.3818
vn -0.8002 0.1058 -0.5903
vn -0.5946 0.1257 -0.7941
vn -0.3523 0.8943 -0.2759
vn -0.1758 0.1554 0.9721
vn 0.6868 -0.1671 0.7074
vn 0.6005 -0.4428 0.6659
vn -0.2158 -0.0346 0.9758
vn 0.0869 -0.0466 0.9951
vn 0.7843 -0.4240 0.4529
vn 0.6388 -0.6637 0.3890
vn 0.0107 -0.2234 0.9747
vn -0.9740 0.0185 0.2260
vn -0.6036 -0.6610 -0.4458
vn -0.6985 -0.4198 -0.5796
vn -0.9399 -0.1573 0.3030
vn -0.1645 0.9023 -0.3985
vn -0.9108 0.2001 -0.3611
vn -0.7803 0.1667 -0.6028
vn -0.2709 0.9257 -0.2640
vn 0.3105 0.9505 -0.0085
vn -0.4994 0.6557 -0.5663
vn -0.2546 0.6336 -0.7306
vn 0.1539 0.9859 0.0664
vn -0.1487 -0.1960 0.9693
vn 0.3687 -0.8172 0.4430
vn 0.1612 -0.9321 0.3243
vn -0.3064 -0.3212 0.8961
vn -0.1019 -0.4837 0.8693
vn 0.4583 -0.8729 0.1675
vn 0.2668 -0.9631 0.0370
vn -0.2471 -0.5907 0.7681
vn -0.8879 0.3807 0.2582
vn -0.7358 -0.0104 -0.6771
vn -0.6952 0.3053 -0.6507
vn -0.9631 0.1691 0.2095
vn 0.4332 0.8126 0.3900
vn -0.3901 0.8934 -0.2227
vn -0.1326 0.9153 -0.3802
vn 0.2680 0.8373 0.4766
vn 0.5762 0.4690 -0.6694
vn -0.4342 0.5805 -0.6888
vn -0.3585 0.3662 -0.8587
vn 0.5261 0.6244 -0.5773
vn 0.0160 -0.1792 0.9837
vn 0.4114 0.5993 0.6867
vn 0.6638 0.4806 0.5731
vn 0.2405 -0.2703 0.9323
vn 0.0206 0.1950 0.9806
vn 0.2355 0.8861 0.3993
vn 0.5039 0.8032 0.3176
vn 0.2698 0.1534 0.9506
vn -0.1433 0.8224 0.5506
vn -0.4842 0.7633 -0.4276
vn -0.2190 0.8881 -0.4042
vn -0.3317 0.7829 0.5263
vn 0.3592 0.3338 -0.8715
vn -0.6420 0.2282 -0.7319
vn -0.5376 -0.0118 -0.8431
vn 0.2826 0.4962 -0.8210
vn 0.4192 0.6054 -0.6766
vn -0.3272 0.9425 -0.0683
vn -0.4291 0.8433 -0.3237
vn 0.4815 0.7019 -0.5248
vn 0.5691 -0.0310 0.8217
vn 0.3422 -0.8502 0.4001
vn 0.0470 -0.8557 0.5154
vn 0.4013 -0.0671 0.9135
vn -0.6019 0.2909 0.7437
vn -0.8416 -0.4822 0.2434
vn -0.9425 -0.3341 0.0097
vn -0.7050 0.3811 0.5981
vn 0.0005 0.7850 0.6195
vn -0.8616 0.4832 0.1553
vn -0.7378 0.6750 -0.0065
vn -0.0948 0.6808 0.7263
vn 0.2249 0.6202 -0.7515
vn -0.2966 0.9521 0.0750
vn -0.4710 0.8686 -0.1539
vn 0.3255 0.7201 -0.6127
vn 0.6425 0.2904 0.7091
vn 0.6202 -0.6740 0.4013
vn 0.4450 -0.6072 0.6583
vn 0.8126 0.2148 0.5418
vn -0.6390 0.6472 0.4158
vn -0.4377 0.7308 -0.5239
vn -0.1876 0.8534 -0.4864
vn -0.4847 0.7593 0.4342
vn -0.7360 0.6517 0.1832
vn -0.5058 0.4427 -0.7404
vn -0.2899 0.6002 -0.7455
vn -0.6049 0.7783 0.1684
vn -0.8194 0.3658 -0.4413
vn -0.4284 -0.5045 -0.7496
vn -0.3199 -0.2532 -0.9130
vn -0.9193 0.1635 -0.3581
vn 0.7874 0.3287 0.5215
vn 0.7968 -0.5922 0.1205
vn 0.6935 -0.5812 0.4257
vn 0.9004 0.3020 0.3132
vn 0.2893 0.7650 -0.5755
vn -0.1772 -0.0614 -0.9823
vn 0.1229 -0.0854 -0.9887
vn 0.1082 0.7823 -0.6135
vn -0.5020 0.3237 0.8020
vn 0.3833 -0.0254 0.9233
vn 0.2965 -0.2991 0.9070
vn -0.5465 0.1225 0.8284
vn -0.4905 0.2693 0.8288
vn 0.2701 -0.2881 0.9187
vn 0.1322 -0.5292 0.8381
vn -0.5862 0.0561 0.8082
vn -0.3641 -0.4306 0.8258
vn 0.3669 -0.8890 0.2741
vn 0.1163 -0.9699 0.2138
vn -0.1651 -0.3843 0.9083
vn 0.2900 0.9031 -0.3166
vn -0.1849 0.2396 -0.9531
vn 0.1101 0.2220 -0.9688
vn 0.1026 0.9324 -0.3465
vn 0.0383 0.0630 -0.9973
vn -0.2619 -0.8110 -0.5231
vn -0.0082 -0.8534 -0.5212
vn -0.0625 0.0698 -0.9956
vn -0.4494 0.7914 0.4144
vn 0.5201 0.7302 0.4430
vn 0.5196 0.5493 0.6545
vn -0.4369 0.6961 0.5697
vn -0.3541 0.7434 0.5674
vn 0.6114 0.5289 0.5886
vn 0.5735 0.3303 0.7497
vn -0.3663 0.6240 0.6903
vn 0.0387 0.1983 0.9794
vn 0.7782 -0.3395 0.5284
vn 0.5577 -0.5023 0.6608
vn 0.2439 0.3152 0.9171
vn -0.0151 0.2524 -0.9675
vn -0.5221 -0.5898 -0.6161
vn -0.3077 -0.6962 -0.6486
vn -0.1205 0.2825 -0.9517
vn 0.3252 -0.0662 -0.9433
vn -0.5360 -0.5371 -0.6513
vn -0.3277 -0.7160 -0.6164
vn 0.1865 0.0298 -0.9820
vn -0.3206 0.9313 0.1727
vn 0.4564 0.5044 0.7330
vn 0.3052 0.4391 0.8450
vn -0.4258 0.8719 0.2418
vn -0.2214 0.9153 0.3366
vn 0.4457 0.3137 0.8384
vn 0.2827 0.2347 0.9300
vn -0.3490 0.8499 0.3949
vn -0.1910 0.3448 0.9190
vn 0.2506 -0.5832 0.7727
vn -0.0360 -0.5970 0.8014
vn 0.0017 0.3353 0.9421
vn 0.3308 -0.2074 -0.9206
vn -0.4716 -0.7054 -0.5292
vn -0.2365 -0.8502 -0.4703
vn 0.1754 -0.1314 -0.9757
vn -0.6937 0.4231 -0.5829
vn 0.2386 0.1952 -0.9513
vn 0.2225 0.4726 -0.8527
vn -0.6828 0.2568 -0.6840
vn 0.1633 0.3535 0.9211
vn 0.0087 -0.5833 0.8122
vn -0.2777 -0.5559 0.7835
vn -0.0310 0.3599 0.9325
vn 0.0315 0.2268 0.9734
vn 0.0931 -0.6900 0.7178
vn -0.1843 -0.7216 0.6673
vn -0.1699 0.1881 0.9674
vn 0.6428 0.7654 0.0293
vn 0.7072 0.0582 -0.7046
vn 0.8774 -0.0101 -0.4797
vn 0.5589 0.8177 -0.1374
vn -0.7309 0.4645 -0.5000
vn 0.2166 0.3998 -0.8906
vn 0.1748 0.6505 -0.7391
vn -0.7044 0.3228 -0.6321
vn -0.6953 0.6410 0.3251
vn 0.2051 0.5396 0.8166
vn 0.0227 0.3802 0.9246
vn -0.5850 0.7675 0.2623
vn 0.2246 0.1934 -0.9551
vn -0.1036 -0.6769 -0.7287
vn 0.1362 -0.7800 -0.6107
vn 0.4015 0.0939 -0.9110
vn 0.3261 -0.0711 -0.9427
vn -0.0324 -0.8535 -0.5202
vn 0.1980 -0.9138 -0.3547
vn 0.4890 -0.1458 -0.8600
vn 0.3613 0.9323 -0.0150
vn 0.4048 0.3491 0.8452
vn 0.1731 0.5305 0.8298
vn 0.5446 0.8381 0.0318
vn -0.7739 0.5800 0.2543
vn 0.0898 0.5765 0.8121
vn -0.0857 0.3964 0.9140
vn -0.6682 0.7164 0.2005
vn -0.8229 0.5375 0.1844
vn -0.2321 0.1956 0.9528
vn -0.4516 0.0074 0.8922
vn -0.7006 0.6662 0.2556
vn 0.6397 0.5133 -0.5720
vn 0.2562 -0.2394 -0.9365
vn 0.4407 -0.4475 -0.7782
vn 0.8063 0.3267 -0.4931
vn 0.5814 0.3000 -0.7563
vn 0.1141 -0.5136 -0.8504
vn 0.2977 -0.6715 -0.6785
vn 0.7307 0.1552 -0.6648
vn 0.3641 0.4432 0.8191
vn 0.1207 -0.5513 0.8255
vn -0.1008 -0.3697 0.9237
vn 0.5296 0.2857 0.7987
vn -0.8244 0.4877 0.2874
vn -0.0921 0.2397 0.9665
vn -0.2821 0.0409 0.9585
vn -0.7126 0.6272 0.3143
vn -0.3506 0.4187 -0.8377
vn 0.2463 -0.4300 -0.8686
vn 0.3943 -0.1857 -0.9000
vn -0.4435 0.2461 -0.8618
vn 0.4863 0.7551 0.4397
vn 0.0640 0.0593 0.9962
vn -0.1676 0.1527 0.9740
vn 0.3397 0.8337 0.4354
vn 0.4376 0.5744 0.6918
vn -0.0020 -0.2565 0.9666
vn -0.2299 -0.1755 0.9573
vn 0.2866 0.6571 0.6972
vn 0.9011 -0.0534 -0.4304
vn 0.2399 -0.7763 -0.5829
vn 0.3970 -0.8571 -0.3282
vn 0.8014 -0.0403 -0.5968
vn -0.4300 0.5574 -0.7102
vn 0.0527 -0.3396 -0.9391
vn 0.2072 -0.1018 -0.9730
vn -0.5542 0.3743 -0.7435
vn -0.3632 0.2111 -0.9075
vn 0.1609 -0.6596 -0.7342
vn 0.3492 -0.4721 -0.8094
vn -0.4548 0.1113 -0.8836
vn 0.4459 0.8398 0.3098
vn -0.0602 0.3401 0.9385
vn -0.3318 0.4419 0.8334
vn 0.2628 0.9241 0.2773
vn 0.5560 0.6299 0.5423
vn 0.1390 -0.1116 0.9840
vn -0.1209 0.0062 0.9926
vn 0.3797 0.7175 0.5840
vn 0.2579 0.2935 0.9205
vn 0.3703 -0.6670 0.6466
vn 0.1181 -0.5951 0.7949
vn 0.5257 0.1953 0.8279
vn -0.4115 0.5327 -0.7395
vn -0.0803 -0.4312 -0.8987
vn 0.1280 -0.2456 -0.9609
vn -0.5388 0.4149 -0.7331
vn -0.2869 0.4993 -0.8175
vn -0.0035 -0.4773 -0.8787
vn 0.2038 -0.2987 -0.9323
vn -0.4678 0.3433 -0.8145
vn 0.8784 0.2419 0.4122
vn 0.0908 -0.1279 0.9876
vn 0.0367 0.0693 0.9969
vn 0.8739 0.3378 0.3494
vn 0.7247 0.1930 0.6615
vn 0.0457 -0.5029 0.8631
vn -0.1157 -0.3571 0.9269
vn 0.6428 0.3146 0.6985
vn 0.9184 -0.1980 -0.3426
vn 0.0822 -0.4833 -0.8716
vn 0.1967 -0.6890 -0.6976
vn 0.8642 -0.0793 -0.4968
vn -0.3019 0.7073 -0.6392
vn -0.0277 -0.2157 -0.9761
vn 0.1763 -0.0336 -0.9838
vn -0.4789 0.5624 -0.6741
vn -0.9656 -0.1244 0.2282
vn -0.2397 -0.5246 0.8169
vn -0.3450 -0.7230 0.5985
vn -0.9137 -0.0202 0.4060
vn 0.2015 0.9688 -0.1442
vn 0.1051 0.4172 -0.9027
vn 0.3679 0.2860 -0.8848
vn 0.4152 0.8949 -0.1638
vn 0.3445 0.9305 -0.1246
vn 0.4718 0.3306 -0.8174
vn 0.7066 0.1727 -0.6862
vn 0.5530 0.8317 -0.0499
vn -0.0916 0.3450 0.9341
vn 0.4711 -0.4804 0.7397
vn 0.2023 -0.5412 0.8162
vn 0.1268 0.3889 0.9125
vn -0.9902 -0.0057 0.1394
vn -0.3580 -0.3209 0.8768
vn -0.4611 -0.5505 0.6960
vn -0.9467 0.1288 0.2952
vn -0.5813 0.7598 -0.2912
vn 0.0853 0.3320 -0.9394
vn 0.2020 0.5662 -0.7991
vn -0.6593 0.6252 -0.4177
vn 0.3087 0.0392 0.9504
vn -0.2519 -0.6986 0.6697
vn -0.5002 -0.5292 0.6854
vn 0.1561 0.1100 0.9816
vn 0.3077 -0.1769 0.9349
vn 0.2038 -0.9183 0.3395
vn -0.0840 -0.9292 0.3600
vn 0.1177 -0.2124 0.9701
vn 0.8423 0.5339 0.0737
vn 0.4634 0.2726 -0.8431
vn 0.6658 0.0774 -0.7421
vn 0.7371 0.6754 -0.0222
vn -0.6624 0.7491 -0.0009
vn -0.1338 0.5151 -0.8466
vn -0.0000 0.7271 -0.6866
vn -0.7591 0.6376 -0.1314
vn -0.6806 0.7299 -0.0640
vn -0.0903 0.4998 -0.8614
vn 0.0216 0.7290 -0.6842
vn -0.7669 0.5994 -0.2293
vn 0.4921 0.1268 0.8613
vn 0.3536 -0.7599 0.5455
vn 0.0619 -0.7715 0.6332
vn 0.3196 0.0946 0.9428
vn 0.3443 -0.0553 0.9372
vn 0.2302 -0.8644 0.4469
vn -0.0745 -0.8727 0.4825
vn 0.1636 -0.0916 0.9823
vn 0.7446 0.6674 0.0080
vn 0.3260 0.3570 -0.8754
vn 0.5846 0.1932 -0.7880
vn 0.6051 0.7913 -0.0874
vn -0.6291 0.7729 0.0831
vn 0.0380 0.7256 -0.6871
vn 0.1448 0.8809 -0.4506
vn -0.7032 0.7037 -0.1012
vn -0.4615 0.8642 0.2005
vn 0.3351 0.8373 -0.4321
vn 0.4211 0.8937 -0.1549
vn -0.5080 0.8614 0.0014
vn 0.0853 -0.2894 0.9534
vn -0.1149 -0.9538 0.2775
vn -0.4069 -0.8742 0.2650
vn -0.0778 -0.2774 0.9576
vn 0.9977 -0.0658 -0.0144
vn 0.4675 -0.4789 -0.7430
vn 0.4087 -0.6843 -0.6040
vn 0.9782 -0.1960 0.0684
vn 0.7346 0.3114 0.6028
vn 0.7420 0.5388 -0.3989
vn 0.9006 0.2858 -0.3275
vn 0.6703 0.5008 0.5476
vn -0.5984 0.7605 0.2520
vn 0.3202 0.9340 -0.1584
vn 0.3295 0.9338 0.1392
vn -0.6005 0.7977 0.0556
vn -0.4339 0.2585 -0.8631
vn 0.4462 -0.2630 -0.8554
vn 0.5035 0.0115 -0.8639
vn -0.4511 0.0648 -0.8901
vn -0.1118 0.7038 0.7016
vn -0.2711 -0.2271 0.9354
vn -0.5307 -0.2287 0.8161
vn -0.2762 0.7013 0.6571
vn -0.1226 0.5551 0.8227
vn -0.0409 -0.3987 0.9162
vn -0.3116 -0.4561 0.8336
vn -0.3053 0.5106 0.8038
vn 0.5517 0.8276 -0.1032
vn 0.8233 -0.0451 -0.5658
vn 0.9477 -0.0305 -0.3176
vn 0.4961 0.8230 -0.2768
vn -0.5323 0.0977 -0.8409
vn 0.4438 -0.2207 -0.8685
vn 0.4248 0.0686 -0.9027
vn -0.5076 -0.0960 -0.8562
vn -0.3328 0.7533 0.5672
vn -0.0513 -0.1448 0.9881
vn -0.3389 -0.1496 0.9289
vn -0.1942 0.7587 0.6218
vn 0.7622 0.3595 -0.5383
vn -0.0235 0.0396 -0.9989
vn 0.0544 -0.2455 -0.9679
vn 0.8100 0.1857 -0.5563
vn 0.8264 -0.0632 -0.5595
vn -0.0026 -0.4610 -0.8874
vn 0.0562 -0.6902 -0.7214
vn 0.8419 -0.2376 -0.4846
vn 0.5534 0.1450 0.8202
vn -0.1293 -0.5952 0.7931
vn -0.2655 -0.3354 0.9039
vn 0.6144 -0.0426 0.7878
vn -0.2312 0.9124 0.3378
vn 0.0154 0.1487 0.9888
vn -0.2692 0.1659 0.9487
vn -0.0585 0.9150 0.3992
vn -0.2498 0.8464 -0.4703
vn -0.3606 0.7534 0.5499
vn -0.5932 0.6874 0.4189
vn -0.1047 0.9234 -0.3693
vn 0.8967 -0.3932 -0.2034
vn 0.0875 -0.9486 -0.3041
vn 0.0588 -0.9968 -0.0545
vn 0.9017 -0.4284 -0.0575
vn 0.6743 -0.7319 -0.0986
vn -0.2503 -0.9342 -0.2543
vn -0.3237 -0.9461 0.0135
vn 0.6471 -0.7590 0.0718
vn 0.7110 0.3673 0.5996
vn -0.2147 0.1206 0.9692
vn -0.2059 0.3933 0.8961
vn 0.7136 0.2044 0.6700
vn -0.1046 0.8462 -0.5225
vn 0.0778 0.8665 0.4930
vn -0.2104 0.8807 0.4244
vn 0.0854 0.8813 -0.4648
vn -0.4824 0.6622 -0.5734
vn -0.4403 0.7733 0.4563
vn -0.6966 0.6293 0.3447
vn -0.3514 0.7994 -0.4874
vn 0.7825 -0.0362 -0.6216
vn 0.2411 0.7113 -0.6602
vn -0.0069 0.5454 -0.8381
vn 0.6328 -0.1012 -0.7677
vn 0.8971 0.0579 -0.4381
vn 0.3964 0.8458 -0.3570
vn 0.2058 0.7738 -0.5991
vn 0.7870 0.0425 -0.6154
vn 0.6456 0.7624 -0.0428
vn 0.0218 0.6718 0.7404
vn -0.1016 0.8424 0.5292
vn 0.7279 0.6745 0.1235
vn -0.8009 0.5933 -0.0811
vn -0.3174 0.4684 0.8246
vn -0.5605 0.2792 0.7797
vn -0.6723 0.7401 -0.0148
vn -0.5829 0.7868 -0.2028
vn 0.3195 0.9081 0.2707
vn 0.1138 0.8839 0.4535
vn -0.4510 0.8287 -0.3315
vn 0.1372 -0.4435 -0.8857
vn -0.2371 -0.9571 -0.1665
vn 0.0243 -0.9995 -0.0200
vn 0.2842 -0.5088 -0.8126
vn 0.9113 0.0762 0.4045
vn 0.2838 -0.5481 0.7868
vn 0.1410 -0.3462 0.9275
vn 0.8312 0.1973 0.5197
vn 0.7188 0.6654 -0.2015
vn 0.4441 0.4532 0.7729
vn 0.2834 0.6287 0.7241
vn 0.7886 0.5812 -0.2007
vn -0.6845 0.6772 -0.2700
vn 0.1681 0.9567 0.2376
vn -0.0325 0.9121 0.4088
vn -0.5606 0.7292 -0.3923
vn -0.1233 0.1370 -0.9829
vn -0.3740 -0.7587 -0.5334
vn -0.1099 -0.7531 -0.6487
vn -0.3329 0.1067 -0.9369
vn 0.8157 0.5775 0.0340
vn 0.2301 0.6015 0.7650
vn 0.0073 0.7904 0.6126
vn 0.6787 0.7339 -0.0293
vn 0.6596 0.5180 0.5446
vn -0.1695 0.2550 0.9520
vn -0.3195 0.4689 0.8234
vn 0.5581 0.6711 0.4880
vn 0.2809 0.3301 0.9012
vn -0.2828 -0.5206 0.8056
vn -0.4464 -0.3038 0.8417
vn 0.3866 0.1600 0.9082
vn -0.0386 0.2858 -0.9575
vn -0.1971 -0.6988 -0.6876
vn 0.0742 -0.6442 -0.7613
vn -0.2331 0.2276 -0.9454
vn -0.6929 0.7133 0.1051
vn -0.4226 0.1159 0.8989
vn -0.6838 0.0158 0.7295
vn -0.5631 0.7856 0.2563
vn 0.8309 0.5565 -0.0034
vn 0.6685 -0.0874 -0.7386
vn 0.7510 -0.2902 -0.5931
vn 0.8951 0.4397 0.0747
vn 0.9541 0.0201 -0.2989
vn 0.3223 -0.5815 -0.7470
vn 0.3323 -0.7649 -0.5518
vn 0.9765 -0.1013 -0.1901
vn 0.0989 0.2757 0.9561
vn -0.4249 -0.5676 0.7052
vn -0.6006 -0.3281 0.7291
vn 0.1957 0.1123 0.9742
vn -0.5456 0.8380 0.0030
vn -0.5725 0.1938 0.7967
vn -0.8224 0.1599 0.5461
vn -0.4360 0.8767 0.2032
vn -0.9637 0.0560 0.2612
vn -0.5530 -0.8124 0.1847
vn -0.7038 -0.6980 -0.1326
vn -0.8758 -0.0477 0.4804
vn 0.5541 0.6596 0.5078
vn 0.5136 0.7622 -0.3941
vn 0.7003 0.5098 -0.4997
vn 0.7640 0.5006 0.4071
vn 0.6707 0.6095 0.4226
vn 0.5617 0.6567 -0.5032
vn 0.7023 0.3981 -0.5901
vn 0.8301 0.4440 0.3373
vn 0.9809 0.1932 0.0209
vn 0.5492 -0.3889 -0.7397
vn 0.6067 -0.5363 -0.5868
vn 0.9527 0.3008 -0.0443
vn -0.8629 0.2762 0.4233
vn -0.4392 -0.5251 0.7290
vn -0.7322 -0.5560 0.3933
vn -0.7145 0.2582 0.6502
vn -0.9955 0.0950 -0.0035
vn -0.6057 -0.5107 0.6102
vn -0.7437 -0.6488 0.1612
vn -0.9320 0.1457 0.3318
vn 0.1673 0.7597 0.6283
vn 0.6462 0.7501 -0.1407
vn 0.8594 0.5083 -0.0545
vn 0.3583 0.6103 0.7065
vn 0.2234 0.8364 0.5005
vn 0.7220 0.6364 -0.2715
vn 0.8930 0.4260 -0.1454
vn 0.3657 0.7134 0.5978
vn 0.9887 0.0892 0.1208
vn 0.6561 -0.6562 -0.3727
vn 0.6848 -0.7284 -0.0193
vn 0.9862 0.0974 -0.1341
vn -0.9642 0.2563 -0.0679
vn -0.6899 -0.3389 0.6397
vn -0.8419 -0.4954 0.2142
vn -0.9126 0.3241 0.2491
vn -0.1411 0.5571 0.8184
vn -0.9385 0.2238 0.2628
vn -0.8558 0.4863 0.1765
vn -0.2220 0.4017 0.8884
vn 0.7960 0.5497 -0.2536
vn 0.8439 -0.3084 -0.4389
vn 0.9182 -0.3854 -0.0914
vn 0.8799 0.4752 0.0053
vn 0.8353 0.0382 -0.5485
vn 0.4055 -0.7684 -0.4951
vn 0.5207 -0.8302 -0.1990
vn 0.9401 -0.0433 -0.3382
vn -0.0490 0.8084 -0.5866
vn -0.8234 0.1423 -0.5493
vn -0.6393 0.0781 -0.7650
vn -0.1935 0.8651 -0.4628
vn -0.1447 0.4848 0.8626
vn -0.9390 0.2277 0.2577
vn -0.8546 0.4829 0.1907
vn -0.2225 0.3374 0.9147
vn 0.7576 0.5031 0.4158
vn 0.6326 0.4860 -0.6030
vn 0.8149 0.2757 -0.5098
vn 0.6678 0.6627 0.3389
vn -0.8756 0.3443 0.3389
vn -0.6269 -0.5573 0.5445
vn -0.6988 -0.6576 0.2815
vn -0.9472 0.2662 0.1789
vn -0.9582 -0.0956 0.2698
vn -0.4479 -0.8866 0.1152
vn -0.4645 -0.8677 -0.1771
vn -0.9910 -0.1083 0.0784
vn -0.3949 0.7044 -0.5898
vn 0.2109 -0.0238 -0.9772
vn 0.3652 0.2150 -0.9058
vn -0.4916 0.5571 -0.6693
vn 0.5264 0.5774 0.6241
vn 0.4420 0.8182 -0.3677
vn 0.6842 0.6591 -0.3123
vn 0.3871 0.7145 0.5827
vn 0.7781 0.4594 0.4285
vn 0.8672 0.0289 -0.4972
vn 0.9463 -0.1547 -0.2838
vn 0.7631 0.5835 0.2779
vn -0.8740 0.4847 0.0332
vn -0.7520 -0.2819 0.5959
vn -0.7953 -0.4720 0.3803
vn -0.9301 0.3545 -0.0961
vn -0.9594 0.2643 -0.0985
vn -0.7451 -0.4915 0.4509
vn -0.7068 -0.6704 0.2259
vn -0.9615 0.1342 -0.2397
vn 0.1838 0.5752 -0.7971
vn 0.3643 -0.4303 -0.8259
vn 0.5981 -0.2935 -0.7458
vn 0.0402 0.4790 -0.8769
vn 0.5300 0.6685 0.5217
vn 0.7541 0.4704 -0.4584
vn 0.9122 0.3054 -0.2731
vn 0.4572 0.7991 0.3904
vn -0.2849 0.5540 0.7823
vn -0.5059 -0.4303 0.7476
vn -0.7341 -0.2383 0.6359
vn -0.1583 0.4398 0.8840
vn -0.2369 0.5191 -0.8212
vn 0.5705 0.0308 -0.8207
vn 0.7206 0.2206 -0.6573
vn -0.1164 0.6760 -0.7276
vn -0.0300 0.3531 -0.9351
vn 0.6123 -0.3178 -0.7239
vn 0.7979 -0.1477 -0.5844
vn 0.1276 0.4786 -0.8687
vn -0.9306 -0.0898 -0.3548
vn -0.5708 -0.7723 0.2787
vn -0.5297 -0.8467 -0.0504
vn -0.9901 -0.0734 -0.1194
vn -0.1574 0.5529 0.8182
vn -0.6394 -0.3269 0.6959
vn -0.7979 -0.0868 0.5966
vn -0.0639 0.4065 0.9114
vn -0.3110 0.2026 0.9286
vn -0.5967 -0.6677 0.4451
vn -0.7713 -0.5081 0.3833
vn -0.2128 0.0850 0.9734
vn -0.0905 0.6831 -0.7247
vn 0.7739 0.2889 -0.5636
vn 0.8259 0.4531 -0.3357
vn -0.0384 0.8039 -0.5935
vn 0.0634 0.4733 -0.8786
vn 0.6199 -0.2662 -0.7381
vn 0.8187 -0.1431 -0.5560
vn 0.2555 0.5773 -0.7755
vn -0.6643 0.1352 -0.7351
vn -0.5399 -0.7711 -0.3375
vn -0.3601 -0.6845 -0.6339
vn -0.8504 0.0310 -0.5252
vn -0.1870 0.5036 0.8434
vn -0.4479 -0.4788 0.7551
vn -0.6660 -0.3099 0.6785
vn -0.0619 0.3874 0.9198
vn -0.5066 0.6315 0.5870
vn -0.6150 -0.3577 0.7027
vn -0.8408 -0.2050 0.5010
vn -0.3936 0.5419 0.7426
vn -0.0717 0.3233 -0.9436
vn 0.7678 0.0642 -0.6375
vn 0.8319 0.3067 -0.4624
vn 0.0036 0.5246 -0.8513
vn 0.0381 0.1953 -0.9800
vn 0.7166 -0.3108 -0.6244
vn 0.8747 -0.1032 -0.4736
vn 0.2097 0.3835 -0.8994
vn -0.9061 -0.1543 -0.3938
vn -0.6161 -0.6463 0.4503
vn -0.5607 -0.8045 0.1959
vn -0.9739 -0.0761 -0.2137
vn -0.3765 0.7044 0.6017
vn -0.3596 -0.2819 0.8895
vn -0.6200 -0.2001 0.7587
vn -0.2439 0.6614 0.7092
vn 0.4462 0.2030 0.8716
vn 0.9345 -0.3261 0.1426
vn 0.8001 -0.5020 0.3283
vn 0.5643 0.3119 0.7643
vn -0.1201 0.9746 -0.1892
vn -0.8717 0.4845 0.0727
vn -0.9104 0.3597 -0.2044
vn -0.1654 0.9100 -0.3803
vn -0.3533 0.9147 -0.1960
vn -0.9391 0.2956 0.1751
vn -0.9846 0.1454 -0.0967
vn -0.4103 0.8272 -0.3839
vn 0.4711 0.2756 -0.8379
vn 0.0866 -0.6751 -0.7326
vn 0.3449 -0.6696 -0.6578
vn 0.3005 0.2631 -0.9168
vn 0.4873 0.1280 0.8638
vn 0.9735 -0.2258 0.0368
vn 0.8716 -0.4433 0.2093
vn 0.5901 0.2679 0.7616
vn 0.1472 0.9769 0.1549
vn -0.7949 0.6028 0.0691
vn -0.6959 0.6918 -0.1927
vn 0.0654 0.9421 0.3289
vn 0.6521 -0.1814 -0.7361
vn 0.6595 -0.7492 0.0617
vn 0.7980 -0.5649 0.2101
vn 0.7557 -0.0856 -0.6492
vn 0.7845 -0.1440 -0.6032
vn 0.5916 -0.7976 0.1176
vn 0.7042 -0.6442 0.2985
vn 0.8628 -0.0651 -0.5014
vn -0.2028 0.2193 -0.9544
vn -0.9263 0.2875 -0.2438
vn -0.9190 0.0137 -0.3941
vn -0.2413 0.4172 -0.8762
vn 0.1744 0.9268 0.3326
vn -0.7414 0.6691 -0.0525
vn -0.5768 0.7732 -0.2635
vn 0.0524 0.8869 0.4590
vn 0.2938 0.6017 0.7427
vn -0.6902 0.5383 0.4836
vn -0.5545 0.7588 0.3416
vn 0.1947 0.4760 0.8576
vn 0.4098 0.0395 -0.9113
vn 0.2562 -0.8024 -0.5390
vn 0.4853 -0.8061 -0.3388
vn 0.6101 0.0015 -0.7923
vn 0.4531 0.0406 -0.8905
vn -0.0039 -0.7433 -0.6689
vn 0.1992 -0.8553 -0.4783
vn 0.6227 -0.0838 -0.7780
vn -0.0281 0.6043 -0.7962
vn -0.8763 0.4037 -0.2629
vn -0.8527 0.2185 -0.4745
vn -0.0658 0.7369 -0.6728
vn 0.5168 0.5627 0.6451
vn -0.4637 0.7718 0.4350
vn -0.2818 0.9228 0.2627
vn 0.3936 0.4909 0.7772
vn 0.2827 0.8878 0.3633
vn -0.5725 0.7963 -0.1953
vn -0.3490 0.8616 -0.3685
vn 0.1313 0.8742 0.4674
vn 0.6900 -0.6270 -0.3617
vn 0.0561 -0.9710 0.2326
vn 0.1851 -0.8546 0.4852
vn 0.7889 -0.5903 -0.1708
vn -0.2591 0.3659 -0.8939
vn -0.9094 -0.0797 -0.4082
vn -0.7981 -0.3764 -0.4706
vn -0.2171 0.1686 -0.9615
vn 0.2762 0.2069 -0.9385
vn -0.6720 0.3992 -0.6237
vn -0.6603 0.1388 -0.7381
vn 0.2546 0.3850 -0.8871
vn 0.5934 0.7115 0.3764
vn -0.3047 0.9506 -0.0590
vn -0.0850 0.9641 -0.2514
vn 0.4500 0.7364 0.5052
vn -0.3427 0.2520 0.9050
vn -0.9827 -0.0582 0.1759
vn -0.9433 0.2632 0.2022
vn -0.4134 0.0348 0.9099
vn 0.5151 0.7753 -0.3656
vn 0.8718 -0.0760 -0.4839
vn 0.9765 -0.0987 -0.1915
vn 0.6199 0.7655 -0.1725
vn 0.5517 0.7720 -0.3157
vn 0.7577 -0.0788 -0.6479
vn 0.9036 -0.1699 -0.3933
vn 0.6848 0.7125 -0.1531
vn -0.4865 0.7063 -0.5143
vn -0.8614 -0.2485 -0.4429
vn -0.7049 -0.2290 -0.6713
vn -0.6074 0.6945 -0.3858
vn -0.3716 0.2054 0.9054
vn -0.9917 0.0802 0.1009
vn -0.9029 0.3900 0.1805
vn -0.4885 -0.0054 0.8726
vn 0.4824 0.8353 0.2639
vn 0.9999 0.0102 0.0030
vn 0.9510 0.0275 0.3079
vn 0.5504 0.8327 0.0605
vn -0.5442 0.1996 -0.8148
vn -0.9888 -0.1473 0.0235
vn -0.9232 -0.3816 -0.0459
vn -0.5171 0.0734 -0.8528
vn -0.8025 -0.0314 -0.5959
vn -0.8894 -0.3189 0.3275
vn -0.7724 -0.5687 0.2829
vn -0.7554 -0.2027 -0.6232
vn 0.4620 -0.1117 -0.8798
vn 0.7556 -0.6531 -0.0501
vn 0.8950 -0.4433 -0.0503
vn 0.3845 -0.2589 -0.8861
vn 0.4407 0.8609 0.2542
vn 0.9224 0.1811 -0.3412
vn 0.9883 0.1349 -0.0707
vn 0.4270 0.9013 0.0729
vn -0.0913 0.7895 0.6069
vn 0.6722 0.7369 -0.0718
vn 0.7512 0.6311 0.1933
vn -0.1219 0.8913 0.4368
vn -0.7379 -0.0741 -0.6709
vn -0.5571 -0.8235 -0.1072
vn -0.3230 -0.9100 -0.2600
vn -0.6013 -0.1549 -0.7838
vn -0.8344 -0.0571 -0.5482
vn -0.5426 -0.8362 -0.0797
vn -0.3340 -0.9018 -0.2741
vn -0.7159 -0.1239 -0.6871
vn 0.1674 0.5493 -0.8187
vn 0.9472 0.1486 -0.2840
vn 0.8842 0.4232 -0.1977
vn 0.2400 0.3842 -0.8915
vn -0.4719 0.7572 0.4516
vn 0.3418 0.9291 -0.1414
vn 0.4170 0.8973 0.1449
vn -0.5151 0.8153 0.2646
vn 0.2600 0.6117 0.7472
vn 0.9392 0.3422 0.0283
vn 0.9506 0.1657 0.2624
vn 0.2868 0.7445 0.6028
vn -0.8300 0.0161 -0.5575
vn -0.5521 0.8233 -0.1317
vn -0.6524 0.7461 0.1327
vn -0.9214 -0.0120 -0.3885
vn -0.8539 0.0115 -0.5204
vn -0.3625 0.8257 -0.4323
vn -0.4540 0.8766 -0.1594
vn -0.9334 0.0676 -0.3525
vn -0.3795 0.7287 -0.5700
vn 0.6168 0.7113 -0.3371
vn 0.4594 0.8763 -0.1448
vn -0.2617 0.6534 -0.7103
vn 0.5834 0.4500 0.6762
vn 0.9292 0.2525 -0.2701
vn 0.9960 0.0388 -0.0810
vn 0.5776 0.6023 0.5510
vn 0.2300 0.8273 0.5125
vn -0.0405 0.8812 -0.4711
vn 0.2549 0.8625 -0.4373
vn 0.0379 0.8763 0.4802
vn -0.7980 -0.4652 0.3831
vn 0.0647 -0.8361 0.5448
vn 0.0918 -0.9566 0.2767
vn -0.7862 -0.5777 0.2195
vn -0.3756 0.1505 -0.9145
vn 0.3811 -0.4254 -0.8209
vn 0.5768 -0.2097 -0.7895
vn -0.2343 0.2837 -0.9298
vn -0.7167 0.3241 -0.6175
vn 0.2348 0.1403 -0.9619
vn 0.1965 0.4219 -0.8851
vn -0.6920 0.1522 -0.7057
vn 0.1118 0.6209 0.7758
vn -0.1275 0.9806 -0.1492
vn 0.1662 0.9807 -0.1028
vn -0.0824 0.6574 0.7490
vn -0.6623 0.1439 0.7353
vn -0.2684 -0.7801 0.5651
vn -0.5180 -0.7461 0.4183
vn -0.5139 0.1031 0.8516
vn -0.3649 0.5655 -0.7396
vn 0.4749 0.8036 -0.3587
vn 0.3603 0.9257 -0.1151
vn -0.4331 0.6804 -0.5912
vn -0.1634 0.4293 -0.8882
vn 0.7388 0.2742 -0.6156
vn 0.7525 0.4999 -0.4288
vn -0.1309 0.5986 -0.7902
vn 0.4549 0.5903 -0.6668
vn 0.8261 -0.3365 -0.4520
vn 0.9498 -0.1352 -0.2820
vn 0.4008 0.4571 -0.7940
vn -0.7040 0.1762 0.6880
vn -0.4413 -0.7783 0.4467
vn -0.6658 -0.6900 0.2839
vn -0.5761 0.1012 0.8111
vn 0.6332 0.6231 0.4591
vn 0.9828 -0.1457 -0.1134
vn 0.9600 -0.2256 0.1660
vn 0.6826 0.6755 0.2790
vn -0.6508 0.2879 -0.7026
vn -0.9908 -0.0080 0.1351
vn -0.9503 -0.3003 0.0819
vn -0.6634 0.0914 -0.7427
vn -0.7481 0.2603 -0.6103
vn -0.9502 0.0563 0.3065
vn -0.9337 -0.2309 0.2737
vn -0.7735 0.0716 -0.6298
vn -0.8228 -0.3617 -0.4383
vn -0.3173 -0.9137 0.2540
vn -0.2266 -0.9737 -0.0231
vn -0.8999 -0.3547 -0.2539
vn 0.5316 0.7745 0.3429
vn 0.9788 0.0369 -0.2016
vn 0.9962 -0.0189 0.0848
vn 0.5542 0.8180 0.1541
vn 0.6327 -0.0153 0.7742
vn 0.4948 -0.8431 0.2105
vn 0.3167 -0.8346 0.4507
vn 0.7814 -0.0512 0.6219
vn 0.1827 0.6858 -0.7045
vn -0.5584 0.8209 -0.1194
vn -0.7437 0.6076 -0.2787
vn 0.0520 0.5988 -0.7992
vn -0.0783 0.7541 -0.6521
vn -0.8253 0.5602 -0.0710
vn -0.9129 0.3299 -0.2403
vn -0.1567 0.6327 -0.7584
vn -0.5905 0.4261 -0.6854
vn -0.9650 -0.2536 -0.0670
vn -0.8538 -0.3616 -0.3746
vn -0.7282 0.5007 -0.4680
vn 0.6435 -0.0063 0.7654
vn 0.7555 -0.6549 -0.0163
vn 0.6014 -0.7625 0.2386
vn 0.8077 0.0357 0.5885
vn 0.2110 0.0942 0.9729
vn 0.6991 -0.6121 0.3695
vn 0.4661 -0.7000 0.5410
vn 0.4390 0.1299 0.8890
vn -0.0232 0.8610 -0.5080
vn -0.8504 0.4430 -0.2839
vn -0.8150 0.2541 -0.5207
vn -0.0301 0.7511 -0.6595
vn -0.1715 0.8334 -0.5254
vn -0.8344 0.0540 -0.5484
vn -0.6887 -0.0401 -0.7239
vn -0.1185 0.7573 -0.6422
vn -0.3262 0.3428 -0.8810
vn -0.3698 -0.6559 -0.6581
vn -0.1299 -0.5416 -0.8306
vn -0.5777 0.2208 -0.7858
vn 0.2561 0.0838 0.9630
vn 0.8906 -0.3639 0.2728
vn 0.7241 -0.5513 0.4144
vn 0.4034 0.1961 0.8938
vn -0.9293 -0.1487 0.3381
vn -0.1949 -0.4556 0.8686
vn -0.1437 -0.6935 0.7060
vn -0.9098 -0.3263 0.2564
vn -0.9049 0.0533 -0.4223
vn -0.7344 0.4418 0.5152
vn -0.8300 0.1726 0.5303
vn -0.8741 0.2408 -0.4219
vn -0.9572 0.1656 -0.2372
vn -0.7089 -0.5151 0.4817
vn -0.7353 -0.6419 0.2176
vn -0.9711 0.2327 -0.0537
vn 0.6188 0.7823 0.0714
vn 0.7483 0.1865 -0.6366
vn 0.8849 -0.0351 -0.4644
vn 0.7509 0.6365 0.1761
vn -0.9323 0.3126 -0.1820
vn -0.7343 -0.2993 0.6093
vn -0.8161 -0.4531 0.3588
vn -0.9154 0.4025 -0.0021
vn 0.5534 0.7807 -0.2901
vn 0.4594 0.0500 -0.8868
vn 0.6559 -0.1241 -0.7446
vn 0.7122 0.6668 -0.2195
vn 0.0030 0.4307 0.9025
vn 0.1803 -0.5752 0.7979
vn -0.0995 -0.5245 0.8456
vn 0.1731 0.3968 0.9015
vn -0.8872 0.4393 0.1408
vn -0.7624 -0.5562 0.3308
vn -0.8532 -0.5178 0.0622
vn -0.8552 0.4063 0.3217
vn 0.4825 0.1771 -0.8578
vn 0.9854 -0.1361 -0.1018
vn 0.9924 0.1187 0.0337
vn 0.5237 0.3464 -0.7783
vn -0.8642 0.1260 0.4872
vn -0.1540 -0.3260 0.9327
vn -0.1925 -0.5832 0.7892
vn -0.9041 -0.0623 0.4228
vn 0.4889 0.2021 0.8486
vn 0.0425 0.9159 0.3991
vn 0.2419 0.9518 0.1883
vn 0.6348 0.2624 0.7268
vn 0.1766 0.7166 0.6747
vn -0.6478 0.1255 0.7514
vn -0.7021 0.3849 0.5991
vn 0.1968 0.5652 0.8012
vn 0.8442 0.4043 0.3519
vn 0.8702 -0.1801 -0.4586
vn 0.9356 -0.3317 -0.1213
vn 0.8598 0.5019 0.0939
vn -0.7148 0.6363 -0.2901
vn -0.9061 0.0993 0.4112
vn -0.9560 -0.1896 0.2240
vn -0.8008 0.4307 -0.4162
vn 0.6381 0.5258 0.5624
vn 0.9810 -0.0355 -0.1908
vn 0.9765 -0.1831 0.1135
vn 0.6897 0.6338 0.3501
vn -0.0818 0.6959 -0.7134
vn -0.7464 0.6628 -0.0595
vn -0.8924 0.4152 -0.1765
vn -0.2065 0.5473 -0.8111
vn 0.5043 0.1915 -0.8420
vn 0.2414 -0.7728 -0.5870
vn 0.4857 -0.7189 -0.4973
vn 0.3484 0.1423 -0.9265
vn 0.0007 0.8949 -0.4463
vn -0.4291 0.0711 -0.9005
vn -0.1562 0.1254 -0.9797
vn -0.2188 0.8751 -0.4317
vn 0.7444 -0.1461 0.6516
vn -0.0796 -0.6047 0.7925
vn -0.2163 -0.3585 0.9081
vn 0.6515 -0.0069 0.7586
vn 0.4839 -0.2956 0.8237
vn 0.1692 0.6105 0.7738
vn 0.3820 0.7011 0.6021
vn 0.6363 -0.2205 0.7393
vn 0.6334 0.1532 0.7585
vn -0.1204 0.7088 0.6951
vn -0.0009 0.8787 0.4774
vn 0.7158 0.3119 0.6247
vn -0.0616 0.3273 0.9429
vn -0.7989 -0.2498 0.5472
vn -0.8352 0.1012 0.5405
vn -0.0763 0.0917 0.9929
vn 0.3884 0.8368 0.3858
vn 0.7356 0.4504 -0.5060
vn 0.8805 0.3505 -0.3193
vn 0.3101 0.9162 0.2537
vn -0.8676 0.2309 -0.4404
vn -0.8514 -0.5027 0.1494
vn -0.7158 -0.6963 -0.0537
vn -0.8118 0.0849 -0.5777
vn 0.3396 0.8349 0.4331
vn 0.7013 0.5302 -0.4765
vn 0.8629 0.4302 -0.2652
vn 0.2572 0.9240 0.2830
vn -0.5439 0.8082 -0.2256
vn -0.9498 0.1685 0.2635
vn -0.9991 -0.0416 -0.0030
vn -0.6161 0.6680 -0.4173
vn 0.3980 0.4010 -0.8251
vn 0.4357 -0.6110 -0.6610
vn 0.6643 -0.4925 -0.5623
vn 0.2603 0.3124 -0.9136
vn -0.4895 0.8561 -0.1658
vn -0.4103 0.1587 -0.8981
vn -0.1940 0.3876 -0.9012
vn -0.6875 0.6952 -0.2101
vn 0.6536 0.0665 0.7539
vn 0.2331 -0.7665 0.5985
vn -0.0444 -0.6803 0.7316
vn 0.4915 0.0871 0.8665
vn 0.5605 0.0068 0.8281
vn -0.2975 0.4309 0.8520
vn -0.1968 0.6655 0.7200
vn 0.6195 0.1865 0.7625
vn -0.6912 -0.1487 -0.7072
vn 0.1254 -0.7122 -0.6907
vn 0.2666 -0.5419 -0.7970
vn -0.6045 -0.0375 -0.7957
vn -0.8570 0.2250 0.4636
vn -0.0356 -0.0967 0.9947
vn -0.1887 -0.3025 0.9343
vn -0.7624 0.3749 0.5274
vn -0.2597 0.3459 -0.9016
vn -0.1368 -0.6845 -0.7161
vn 0.0763 -0.4920 -0.8673
vn -0.4991 0.1274 -0.8571
vn 0.4866 0.6449 0.5893
vn 0.4801 0.8293 -0.2858
vn 0.7041 0.5770 -0.4139
vn 0.7131 0.5131 0.4777
vn -0.6131 0.4537 0.6468
vn -0.4105 -0.5557 0.7230
vn -0.6355 -0.5163 0.5741
vn -0.4769 0.4147 0.7750
vn 0.4755 0.6552 0.5871
vn 0.5121 0.8061 -0.2966
vn 0.7346 0.5458 -0.4030
vn 0.7002 0.5160 0.4935
vn 0.8983 -0.1159 -0.4238
vn 0.0757 -0.5215 -0.8499
vn 0.1982 -0.7207 -0.6644
vn 0.8173 -0.0123 -0.5760
vn -0.5977 0.1250 0.7920
vn -0.4624 -0.8065 0.3685
vn -0.6740 -0.6935 0.2547
vn -0.4750 0.0329 0.8794
vn 0.0185 0.6783 -0.7345
vn 0.8582 0.2629 -0.4408
vn 0.8759 0.4276 -0.2234
vn 0.0469 0.7879 -0.6140
vn -0.5904 -0.1799 -0.7868
vn 0.2741 -0.6016 -0.7503
vn 0.4111 -0.3630 -0.8362
vn -0.4978 -0.0368 -0.8665
vn -0.3798 0.3017 -0.8745
vn 0.2116 -0.4775 -0.8528
vn 0.4148 -0.3589 -0.8362
vn -0.2015 0.4105 -0.8893
vn -0.9102 0.3973 0.1167
vn -0.5463 -0.2751 0.7911
vn -0.7129 -0.4079 0.5704
vn -0.8329 0.4743 0.2852
vn -0.9003 0.2829 0.3307
vn -0.6934 -0.6921 0.2004
vn -0.8288 -0.5563 -0.0597
vn -0.8401 0.1753 0.5133
vn 0.7450 0.3483 0.5690
vn 0.8439 0.3804 -0.3784
vn 0.9046 0.0910 -0.4165
vn 0.8268 0.1696 0.5363
vn -0.8258 0.2694 0.4954
vn -0.3416 -0.5971 0.7258
vn -0.5520 -0.6461 0.5271
vn -0.7064 0.2872 0.6469
vn 0.3404 0.7205 0.6041
vn 0.3171 0.9238 -0.2144
vn 0.6252 0.6902 -0.3644
vn 0.6525 0.5972 0.4665
vn 0.9614 0.2591 -0.0928
vn 0.5412 -0.4016 -0.7388
vn 0.6810 -0.5392 -0.4955
vn 0.8997 0.3310 -0.2845
vn -0.8915 0.1125 0.4389
vn -0.6721 -0.7370 -0.0718
vn -0.8280 -0.5040 -0.2459
vn -0.8251 -0.0738 0.5601
vn 0.2389 0.8095 -0.5362
vn 0.8824 0.0867 -0.4625
vn 0.9645 0.1656 -0.2056
vn 0.3119 0.8676 -0.3873
vn -0.4013 -0.1446 -0.9045
vn 0.3613 -0.7081 -0.6067
vn 0.5147 -0.5597 -0.6495
vn -0.2869 -0.0134 -0.9579
vn -0.7217 0.2468 -0.6467
vn 0.0061 -0.2893 -0.9572
vn 0.1972 -0.0686 -0.9780
vn -0.5990 0.3894 -0.6997
vn -0.8702 0.2119 0.4448
vn -0.2079 -0.4370 0.8751
vn -0.4032 -0.5779 0.7096
vn -0.7590 0.2911 0.5824
vn -0.3514 0.7374 -0.5769
vn -0.4661 -0.2368 -0.8525
vn -0.2216 -0.1280 -0.9667
vn -0.5236 0.6669 -0.5302
vn 0.8340 0.4177 0.3606
vn 0.4350 0.7977 -0.4178
vn 0.5347 0.5904 -0.6046
vn 0.9242 0.3090 0.2245
vn -0.4991 0.3972 -0.7702
vn -0.5015 -0.6105 -0.6131
vn -0.2867 -0.5389 -0.7921
vn -0.6527 0.3396 -0.6772
vn 0.6301 0.5267 0.5706
vn 0.2424 0.9518 -0.1877
vn 0.4208 0.8208 -0.3861
vn 0.7649 0.4741 0.4361
vn 0.8536 0.4247 -0.3016
vn 0.2191 -0.0148 -0.9756
vn 0.4249 -0.2007 -0.8827
vn 0.7359 0.5486 -0.3968
vn -0.5750 -0.2890 0.7654
vn -0.4780 -0.8758 -0.0671
vn -0.7108 -0.6981 -0.0866
vn -0.4427 -0.4341 0.7846
vn -0.0841 0.9900 -0.1134
vn 0.7202 0.5677 -0.3988
vn 0.8319 0.5406 -0.1253
vn 0.0142 0.9981 0.0594
vn -0.8222 0.1542 -0.5479
vn -0.1291 -0.3958 -0.9092
vn 0.0471 -0.1741 -0.9836
vn -0.7155 0.2926 -0.6344
vn 0.3052 0.9099 0.2811
vn -0.5427 0.8321 -0.1145
vn -0.4411 0.8048 -0.3971
vn 0.3626 0.9271 0.0947
vn -0.3438 0.8143 0.4677
vn -0.6214 -0.1060 0.7763
vn -0.8271 0.0288 0.5613
vn -0.2444 0.7329 0.6349
vn 0.3236 0.9338 -0.1530
vn 0.7097 0.1386 -0.6907
vn 0.8564 0.1621 -0.4903
vn 0.2424 0.9229 -0.2991
vn -0.9685 -0.2061 -0.1401
vn -0.5071 -0.5551 0.6594
vn -0.3967 -0.7480 0.5321
vn -0.9147 -0.3386 -0.2208
vn 0.3301 0.9141 -0.2356
vn 0.6729 0.0834 -0.7350
vn 0.8378 0.1314 -0.5299
vn 0.2399 0.8892 -0.3896
vn -0.5574 0.2935 -0.7767
vn -0.9861 0.1535 0.0629
vn -0.9884 -0.1452 0.0445
vn -0.5971 0.1022 -0.7957
vn 0.3428 -0.1504 -0.9273
vn 0.7662 -0.6318 -0.1173
vn 0.8965 -0.4172 -0.1493
vn 0.2722 -0.3034 -0.9131
vn -0.5495 0.1742 -0.8171
vn -0.1088 -0.7271 -0.6778
vn 0.0591 -0.5423 -0.8381
vn -0.6829 0.0015 -0.7305
vn 0.5458 0.6714 0.5013
vn -0.0216 0.0612 0.9979
vn -0.2635 0.2189 0.9395
vn 0.4028 0.7683 0.4974
vn 0.4328 0.7610 0.4834
vn -0.3655 0.9308 -0.0048
vn -0.2384 0.9333 -0.2684
vn 0.5119 0.7964 0.3220
vn -0.2068 -0.6474 -0.7335
vn 0.6982 -0.5664 -0.4379
vn 0.7511 -0.3130 -0.5812
vn -0.1504 -0.5022 -0.8516
vn -0.9300 -0.3433 -0.1317
vn -0.6321 0.0426 0.7737
vn -0.5984 -0.2485 0.7617
vn -0.9822 -0.1587 -0.1003
vn 0.0364 0.1532 -0.9875
vn 0.3722 -0.7226 -0.5824
vn 0.5894 -0.5311 -0.6087
vn -0.0949 0.0116 -0.9954
vn 0.1085 0.9809 0.1616
vn 0.4369 0.6178 -0.6538
vn 0.6823 0.5009 -0.5326
vn 0.2915 0.9295 0.2259
vn 0.1921 -0.2071 -0.9593
vn 0.3639 -0.9025 -0.2304
vn 0.6042 -0.7440 -0.2853
vn 0.0472 -0.3380 -0.9400
vn -0.0994 0.9818 -0.1619
vn 0.1749 0.4274 -0.8870
vn 0.4543 0.4037 -0.7941
vn 0.0954 0.9872 -0.1276
vn 0.5566 0.7519 -0.3533
vn 0.8480 -0.2155 -0.4842
vn 0.9647 -0.1069 -0.2405
vn 0.5080 0.6823 -0.5258
vn 0.2384 0.5066 0.8285
vn 0.7973 -0.2923 0.5281
vn 0.5899 -0.3747 0.7153
vn 0.3975 0.5555 0.7304
vn 0.1613 0.2498 -0.9548
vn 0.8600 0.3982 -0.3191
vn 0.7417 0.6393 -0.2027
vn 0.1091 0.4307 -0.8959
vn 0.1118 -0.7570 -0.6438
vn 0.8324 -0.5518 -0.0512
vn 0.9262 -0.3167 -0.2047
vn 0.2024 -0.6238 -0.7549
vn -0.3813 -0.7241 -0.5747
vn 0.4924 -0.8435 -0.2148
vn 0.6272 -0.6625 -0.4096
vn -0.2779 -0.6371 -0.7190
vn -0.9479 -0.0891 0.3058
vn -0.2755 0.4810 0.8323
vn -0.2890 0.2080 0.9345
vn -0.9581 0.1016 0.2679
vn -0.8882 0.2146 0.4062
vn -0.2735 -0.4817 0.8326
vn -0.4610 -0.6058 0.6484
vn -0.7838 0.2824 0.5531
vn 0.4969 0.7797 -0.3810
vn 0.2482 0.0623 -0.9667
vn 0.4640 -0.1126 -0.8787
vn 0.6521 0.6715 -0.3521
vn -0.9331 0.1952 0.3022
vn -0.2761 -0.2986 0.9136
vn -0.4390 -0.4844 0.7567
vn -0.8462 0.3068 0.4357
vn -0.0326 0.9619 -0.2713
vn -0.2277 0.2959 -0.9277
vn 0.0530 0.2253 -0.9728
vn 0.1520 0.9308 -0.3323
vn 0.4281 0.4324 -0.7935
vn 0.4483 -0.5814 -0.6789
vn 0.6833 -0.4646 -0.5632
vn 0.2901 0.3462 -0.8922
vn 0.7777 0.5113 0.3656
vn 0.8709 -0.4746 0.1278
vn 0.7978 -0.4447 0.4072
vn 0.8539 0.4838 0.1918
vn -0.3448 0.0748 -0.9357
vn 0.5817 0.2522 -0.7733
vn 0.5402 0.5193 -0.6622
vn -0.3588 0.2660 -0.8947
vn -0.4956 -0.0804 0.8648
vn 0.4369 -0.2959 0.8495
vn 0.4029 -0.5582 0.7253
vn -0.5110 -0.2697 0.8162
vn -0.1045 -0.7638 -0.6370
vn 0.6717 -0.7307 -0.1222
vn 0.8149 -0.5057 -0.2834
vn 0.0166 -0.6380 -0.7698
vn -0.7737 -0.5596 0.2970
vn -0.3996 0.1676 0.9012
vn -0.2792 -0.1161 0.9532
vn -0.8843 -0.3552 0.3030
vn -0.9968 -0.0728 0.0325
vn -0.4204 -0.4037 0.8126
vn -0.4812 -0.6192 0.6205
vn -0.9817 0.0512 0.1836
vn 0.4179 0.8681 -0.2678
vn 0.4882 0.1449 -0.8606
vn 0.7078 0.0011 -0.7064
vn 0.6028 0.7764 -0.1840
vn -0.9855 -0.1457 -0.0868
vn -0.5029 -0.3301 0.7988
vn -0.5278 -0.5749 0.6253
vn -0.9985 -0.0015 0.0552
vn -0.6503 0.3904 -0.6516
vn -0.9291 -0.3400 -0.1454
vn -0.7654 -0.5586 -0.3195
vn -0.5797 0.2347 -0.7803
vn 0.4504 0.6680 -0.5924
vn 0.8787 -0.2465 -0.4087
vn 0.9727 -0.0642 -0.2229
vn 0.4141 0.5505 -0.7249
vn 0.1961 0.8591 0.4727
vn 0.8731 0.1101 0.4750
vn 0.6851 0.1091 0.7202
vn 0.3610 0.8769 0.3174
vn -0.0288 0.1647 -0.9859
vn 0.5097 0.7461 -0.4285
vn 0.3023 0.8906 -0.3398
vn -0.1719 0.2972 -0.9392
vn 0.4283 -0.7792 -0.4576
vn 0.9121 -0.3500 0.2136
vn 0.9943 -0.0995 0.0385
vn 0.5234 -0.6227 -0.5816
vn -0.2491 0.1339 -0.9592
vn -0.1701 -0.7644 -0.6219
vn 0.1145 -0.7740 -0.6227
vn -0.0605 0.1056 -0.9926
vn -0.3745 0.8978 -0.2317
vn -0.2617 0.5980 0.7576
vn -0.5526 0.5496 0.6266
vn -0.2213 0.9685 -0.1143
vn -0.6466 0.7582 0.0839
vn -0.9299 -0.2035 0.3064
vn -0.9870 -0.1547 0.0438
vn -0.6349 0.7285 0.2571
vn 0.8310 0.1460 0.5368
vn 0.8890 -0.3597 -0.2835
vn 0.7830 -0.5981 -0.1709
vn 0.7918 -0.0197 0.6104
vn -0.4240 0.8991 0.1085
vn -0.6926 0.1262 0.7102
vn -0.8736 0.1530 0.4620
vn -0.3378 0.8946 0.2925
vn 0.9521 0.3037 0.0361
vn 0.5902 -0.0021 -0.8073
vn 0.6102 -0.2762 -0.7425
vn 0.9902 0.1263 0.0591
vn 0.2269 0.2308 0.9462
vn -0.4651 -0.4902 0.7372
vn -0.5873 -0.2143 0.7805
vn 0.2929 0.0517 0.9547
vn -0.4279 0.5982 0.6776
vn -0.4508 -0.4221 0.7865
vn -0.6863 -0.3270 0.6496
vn -0.2953 0.5309 0.7943
vn 0.2679 0.3950 -0.8788
vn 0.8660 -0.2068 -0.4554
vn 0.9664 -0.0108 -0.2568
vn 0.3665 0.5299 -0.7648
vn -0.8252 -0.1064 0.5548
vn -0.1163 -0.7062 0.6984
vn -0.1833 -0.8729 0.4521
vn -0.8788 -0.2531 0.4045
vn 0.4831 -0.0091 0.8755
vn -0.4816 -0.0578 0.8745
vn -0.5134 0.2242 0.8283
vn 0.4505 0.1718 0.8761
vn -0.3053 -0.3276 0.8941
vn -0.6020 -0.7980 0.0288
vn -0.7880 -0.6070 0.1032
vn -0.1991 -0.4808 0.8539
vn 0.0291 0.4874 0.8727
vn 0.7287 0.6694 0.1446
vn 0.8185 0.4657 0.3366
vn -0.0056 0.6486 0.7611
vn 0.4088 0.3802 -0.8296
vn 0.4266 -0.5676 -0.7042
vn 0.6485 -0.5591 -0.5166
vn 0.5727 0.3740 -0.7295
vn 0.1132 0.5641 0.8179
vn 0.5517 0.8312 -0.0680
vn 0.7332 0.6723 0.1021
vn 0.0127 0.7011 0.7129
vn -0.9589 0.2533 -0.1282
vn -0.7051 -0.6579 -0.2645
vn -0.5913 -0.6095 -0.5281
vn -0.9103 0.2699 -0.3139
vn 0.2794 0.8590 -0.4290
vn 0.8049 0.0004 -0.5935
vn 0.9179 0.1489 -0.3678
vn 0.2312 0.7704 -0.5942
vn -0.8808 0.4713 0.0454
vn -0.4081 0.3219 -0.8543
vn -0.3421 0.5845 -0.7357
vn -0.9458 0.3193 -0.0587
vn 0.5199 0.3269 0.7892
vn 0.6975 -0.5566 0.4514
vn 0.4685 -0.6709 0.5748
vn 0.3862 0.2397 0.8907
vn 0.6642 0.0172 0.7473
vn -0.2796 -0.0199 0.9599
vn -0.3181 0.2610 0.9114
vn 0.6357 0.1924 0.7476
vn 0.4377 -0.4920 0.7525
vn -0.4317 -0.1204 0.8940
vn -0.3385 0.1506 0.9288
vn 0.4957 -0.3285 0.8040
vn -0.6926 -0.3761 0.6155
vn -0.8915 -0.2387 -0.3850
vn -0.9764 -0.0079 -0.2159
vn -0.6797 -0.5382 0.4983
vn 0.2457 -0.0339 0.9688
vn 0.9610 0.1082 0.2546
vn 0.9233 -0.1859 0.3361
vn 0.3062 0.1657 0.9374
vn -0.6818 0.5658 -0.4637
vn -0.8324 -0.3735 -0.4095
vn -0.6407 -0.4416 -0.6280
vn -0.5873 0.5139 -0.6252
vn 0.2632 -0.0966 0.9599
vn 0.8944 0.3488 0.2799
vn 0.9519 0.0789 0.2962
vn 0.2516 0.0847 0.9641
vn -0.6999 0.7059 0.1083
vn -0.9471 -0.0835 -0.3099
vn -0.8038 -0.0181 -0.5947
vn -0.6502 0.7531 -0.0998
vn 0.4471 0.8610 0.2426
vn 0.7529 0.3199 -0.5752
vn 0.9007 0.2456 -0.3583
vn 0.3733 0.9235 0.0887
vn -0.5233 0.8167 0.2432
vn -0.2058 0.6736 -0.7099
vn -0.0204 0.8529 -0.5216
vn -0.6865 0.7249 0.0566
vn 0.5217 -0.4853 0.7016
vn 0.1317 -0.9913 -0.0055
vn -0.1581 -0.9814 0.1094
vn 0.3477 -0.5225 0.7785
vn 0.2735 -0.7776 0.5662
vn -0.5400 -0.3338 0.7726
vn -0.4089 -0.1021 0.9068
vn 0.3478 -0.6470 0.6785
vn 0.2131 -0.2388 0.9474
vn -0.3439 0.5241 0.7791
vn -0.1269 0.7052 0.6976
vn 0.3440 -0.1059 0.9330
vn -0.0451 0.1548 0.9869
vn -0.9002 0.1234 0.4175
vn -0.8150 0.3853 0.4328
vn -0.1193 -0.0051 0.9928
vn -0.1524 0.3573 0.9215
vn -0.4536 0.8871 0.0853
vn -0.1888 0.9612 0.2013
vn -0.3752 0.3495 0.8585
vn -0.4327 0.4543 -0.7787
vn 0.4851 0.2445 -0.8396
vn 0.5816 0.4626 -0.6691
vn -0.3701 0.6216 -0.6904
vn -0.2577 0.0264 0.9659
vn -0.6532 0.6974 0.2950
vn -0.4096 0.7920 0.4528
vn -0.4723 -0.0123 0.8813
vn -0.1117 -0.9933 -0.0308
vn 0.7780 -0.6196 -0.1038
vn 0.7431 -0.5535 -0.3761
vn -0.1117 -0.9701 -0.2156
vn -0.9807 -0.0871 -0.1750
vn -0.4088 0.5636 -0.7178
vn -0.5227 0.6964 -0.4918
vn -0.9270 -0.1582 -0.3399
vn 0.3835 0.7862 0.4846
vn 0.3541 0.7585 -0.5471
vn 0.5963 0.6652 -0.4493
vn 0.2341 0.8828 0.4072
vn -0.1390 -0.8570 0.4962
vn -0.7687 -0.6127 -0.1834
vn -0.9077 -0.4193 -0.0139
vn -0.2528 -0.7513 0.6096
vn 0.5945 0.0421 0.8030
vn -0.1382 0.6629 0.7359
vn -0.0092 0.8350 0.5502
vn 0.6826 0.1723 0.7102
vn 0.5309 -0.7833 0.3235
vn 0.3280 -0.1078 0.9385
vn 0.5285 0.1044 0.8425
vn 0.7150 -0.6335 0.2958
vn 0.2727 -0.1675 0.9474
vn -0.6320 0.2592 0.7303
vn -0.4328 0.4606 0.7749
vn 0.1322 -0.2977 0.9455
vn 0.9952 -0.0955 0.0198
vn 0.4817 -0.1892 -0.8557
vn 0.5325 -0.4615 -0.7096
vn 0.9907 0.0736 -0.1142
vn -0.2640 0.9490 0.1720
vn -0.6704 0.2912 0.6824
vn -0.8668 0.2001 0.4567
vn -0.4317 0.9018 0.0170
vn 0.9049 0.1770 0.3871
vn 0.7923 0.0090 -0.6100
vn 0.8819 -0.2692 -0.3870
vn 0.9083 0.3680 0.1989
vn 0.4793 0.8768 0.0372
vn -0.0970 0.6940 -0.7134
vn 0.0911 0.5209 -0.8487
vn 0.5984 0.7982 -0.0692
vn 0.6458 -0.1312 0.7521
vn 0.3319 -0.9259 0.1806
vn 0.1680 -0.8979 0.4069
vn 0.7622 -0.1737 0.6236
vn 0.2803 0.9599 0.0072
vn -0.1671 0.5368 -0.8270
vn 0.1340 0.5293 -0.8378
vn 0.0954 0.9952 -0.0196
vn 0.6647 -0.6313 0.3995
vn -0.2701 -0.7978 0.5391
vn -0.2959 -0.6032 0.7407
vn 0.6530 -0.5247 0.5462
vn 0.6211 -0.7653 -0.1692
vn 0.8744 -0.1209 0.4699
vn 0.9617 0.0842 0.2609
vn 0.7104 -0.6341 -0.3055
vn -0.2301 0.7258 -0.6483
vn 0.4814 0.1332 -0.8663
vn 0.6732 0.2629 -0.6912
vn -0.0889 0.8289 -0.5523
vn -0.9838 0.1788 0.0150
vn -0.6185 -0.7420 0.2587
vn -0.6788 -0.7341 -0.0189
vn -0.9672 0.1578 0.1991
vn 0.2810 0.9526 -0.1164
vn -0.0113 0.3777 -0.9259
vn 0.2579 0.3768 -0.8897
vn 0.0878 0.9810 -0.1732
vn 0.5468 -0.1427 0.8250
vn 0.6238 0.6809 0.3838
vn 0.7959 0.5866 0.1500
vn 0.7102 -0.1872 0.6787
vn 0.1708 0.9282 -0.3304
vn -0.3668 0.2486 -0.8965
vn -0.0852 0.2557 -0.9630
vn -0.0301 0.9460 -0.3229
vn 0.3998 -0.0030 0.9166
vn 0.5684 0.7361 0.3676
vn 0.7731 0.6085 0.1788
vn 0.5893 -0.0694 0.8049
vn 0.9737 0.0203 -0.2267
vn 0.2727 0.2095 -0.9390
vn 0.3580 -0.0930 -0.9291
vn 0.9347 0.2257 -0.2745
vn -0.4822 0.7215 -0.4969
vn 0.1662 0.1044 -0.9805
vn 0.3028 0.3447 -0.8886
vn -0.5695 0.5649 -0.5971
vn 0.0681 0.0898 0.9936
vn -0.2597 -0.7338 0.6277
vn -0.5256 -0.6381 0.5626
vn -0.1233 0.1317 0.9836
vn -0.4861 0.6496 -0.5846
vn 0.1423 0.0516 -0.9885
vn 0.3721 0.1964 -0.9072
vn -0.3276 0.7627 -0.5576
vn -0.1146 0.1542 0.9814
vn -0.8723 0.2346 0.4291
vn -0.8006 0.5088 0.3166
vn -0.0948 0.3514 0.9314
vn -0.8590 -0.0313 0.5111
vn -0.7156 -0.6240 -0.3138
vn -0.8525 -0.3595 -0.3794
vn -0.8063 -0.2244 0.5472
vn -0.2352 0.6542 0.7188
vn 0.7268 0.5593 0.3985
vn 0.6720 0.3872 0.6312
vn -0.1832 0.7909 0.5838
vn 0.8335 0.1553 -0.5302
vn 0.7612 -0.6267 -0.1669
vn 0.8344 -0.5176 0.1894
vn 0.9448 0.2096 -0.2518
vn -0.2295 0.6735 0.7027
vn 0.5455 0.8363 0.0550
vn 0.6395 0.7109 0.2927
vn -0.2748 0.7892 0.5493
vn -0.4315 0.0784 -0.8987
vn -0.5904 -0.7021 -0.3981
vn -0.3014 -0.8387 -0.4536
vn -0.2805 -0.0385 -0.9591
vn 0.4010 0.8414 -0.3623
vn 0.9913 0.0418 -0.1246
vn 0.9713 0.2155 0.1005
vn 0.4401 0.7380 -0.5116
vn 0.4941 -0.6816 0.5397
vn 0.4461 -0.7487 -0.4904
vn 0.2369 -0.9064 -0.3497
vn 0.6559 -0.6174 0.4343
vn 0.1548 0.9879 0.0064
vn 0.8843 0.3878 0.2600
vn 0.7852 0.3523 0.5092
vn 0.1135 0.9773 0.1790
vn 0.0147 -0.1426 0.9897
vn -0.7911 0.1331 0.5970
vn -0.7083 0.4272 0.5619
vn 0.0493 0.0567 0.9972
vn -0.1503 0.9039 0.4005
vn -0.8501 0.2686 0.4529
vn -0.9343 0.3069 0.1813
vn -0.2175 0.9497 0.2253
vn -0.6799 0.3703 0.6329
vn -0.3453 -0.5842 0.7345
vn -0.6034 -0.5657 0.5621
vn -0.5382 0.3429 0.7699
vn -0.4648 0.8588 -0.2155
vn 0.2568 0.4839 -0.8366
vn 0.3698 0.6747 -0.6388
vn -0.5335 0.7599 -0.3714
vn 0.4476 -0.3699 -0.8141
vn 0.7922 -0.6090 0.0384
vn 0.9311 -0.3529 0.0925
vn 0.5800 -0.2149 -0.7858
vn -0.4192 0.8914 -0.1725
vn 0.1009 0.4070 -0.9078
vn 0.2744 0.5938 -0.7564
vn -0.5313 0.7924 -0.2998
vn -0.9171 -0.3681 -0.1533
vn -0.4916 -0.5380 0.6848
vn -0.3141 -0.7487 0.5838
vn -0.8208 -0.5340 -0.2031
vn -0.0120 0.1016 -0.9948
vn 0.8662 -0.0870 -0.4921
vn 0.8215 0.1996 -0.5341
vn 0.0459 -0.0847 -0.9954
vn -0.3998 -0.1876 0.8972
vn -0.1089 -0.9527 0.2836
vn -0.3841 -0.8909 0.2425
vn -0.2252 -0.2549 0.9404
vn -0.4776 0.6091 -0.6332
vn 0.4211 0.3592 -0.8329
vn 0.5457 0.5420 -0.6390
vn -0.3827 0.7537 -0.5344
vn 0.1171 0.7494 0.6516
vn -0.7745 0.4689 0.4245
vn -0.7859 0.5905 0.1834
vn 0.1157 0.8485 0.5164
vn 0.2795 0.9485 0.1492
vn -0.6175 0.7861 -0.0287
vn -0.5578 0.7569 -0.3406
vn 0.2888 0.9548 -0.0704
vn -0.4251 0.8571 0.2909
vn -0.5722 -0.0023 0.8201
vn -0.7852 0.0418 0.6179
vn -0.3159 0.8381 0.4449
vn -0.0148 0.9604 -0.2782
vn 0.7850 0.3637 -0.5015
vn 0.8294 0.4964 -0.2564
vn -0.0236 0.8924 -0.4506
vn -0.8476 -0.5290 -0.0420
vn -0.5482 -0.3300 0.7685
vn -0.2671 -0.5830 0.7673
vn -0.6691 -0.7431 0.0083
vn 0.0379 0.9060 -0.4215
vn 0.6221 0.1211 -0.7735
vn 0.7521 0.2180 -0.6220
vn -0.0561 0.8422 -0.5362
vn -0.7369 -0.1141 -0.6663
vn -0.9784 -0.1626 0.1275
vn -0.8050 -0.5488 0.2254
vn -0.6668 -0.4637 -0.5833
vn 0.2641 -0.1286 -0.9559
vn 0.8317 -0.5221 -0.1887
vn 0.9225 -0.3027 -0.2397
vn 0.2164 -0.3093 -0.9260
vn -0.5063 0.5733 0.6442
vn -0.8837 -0.3127 0.3484
vn -0.9821 -0.0761 0.1725
vn -0.4657 0.4194 0.7792
vn 0.3390 0.5412 -0.7696
vn 0.8879 -0.1030 -0.4484
vn 0.9835 0.0502 -0.1738
vn 0.4621 0.6759 -0.5741
vn 0.4566 0.8727 0.1729
vn -0.4677 0.8670 0.1722
vn -0.4742 0.8669 -0.1537
vn 0.4265 0.9032 -0.0493
vn 0.9086 -0.0343 0.4162
vn 0.8018 -0.3579 -0.4785
vn 0.6815 -0.6124 -0.4007
vn 0.8607 -0.2188 0.4597
vn 0.2745 0.2105 0.9383
vn 0.8001 0.5836 0.1383
vn 0.9131 0.3322 0.2365
vn 0.2294 0.3958 0.8892
vn 0.5902 -0.0280 0.8067
vn 0.7605 -0.6492 0.0144
vn 0.5904 -0.7768 0.2190
vn 0.7301 0.0341 0.6825
vn -0.2454 0.6974 -0.6733
vn -0.9308 0.2751 -0.2408
vn -0.9106 -0.0147 -0.4131
vn -0.2683 0.5160 -0.8135
vn 0.6593 0.2270 0.7168
vn 0.9265 -0.3699 -0.0699
vn 0.8345 -0.5278 0.1582
vn 0.7538 0.3190 0.5744
vn -0.2215 0.8744 -0.4318
vn -0.9186 0.3662 -0.1485
vn -0.9038 0.1407 -0.4041
vn -0.2457 0.7418 -0.6240
vn -0.5280 0.0880 -0.8447
vn -0.4303 -0.8152 -0.3878
vn -0.2215 -0.7751 -0.5917
vn -0.6850 0.0385 -0.7275
vn 0.7224 0.3912 0.5702
vn 0.6929 -0.6093 0.3855
vn 0.5496 -0.5470 0.6315
vn 0.8393 0.3384 0.4255
vn -0.9940 0.0593 0.0915
vn -0.6202 -0.0513 -0.7828
vn -0.5346 0.2268 -0.8141
vn -0.9678 0.2477 0.0447
vn 0.8324 0.0008 0.5542
vn 0.8883 -0.2891 -0.3568
vn 0.7739 -0.5532 -0.3082
vn 0.7906 -0.1879 0.5828
vn -0.0127 -0.3468 -0.9379
vn 0.6170 0.3414 -0.7090
vn 0.4257 0.5575 -0.7127
vn -0.1204 -0.1943 -0.9735
vn 0.5442 0.1703 -0.8215
vn 0.9782 0.1723 0.1158
vn 0.9052 0.4199 0.0652
vn 0.6062 0.0257 -0.7949
vn -0.0154 0.2441 -0.9696
vn -0.8554 -0.1143 -0.5052
vn -0.7027 -0.3275 -0.6316
vn -0.1402 0.3850 -0.9122
vn 0.4639 0.6853 0.5613
vn 0.8119 -0.2420 0.5313
vn 0.6393 -0.3249 0.6969
vn 0.3642 0.6298 0.6860
vn 0.0116 0.1903 -0.9817
vn -0.8675 -0.0230 -0.4968
vn -0.7516 -0.2612 -0.6057
vn -0.0867 0.3446 -0.9347
vn 0.1302 0.9842 0.1198
vn 0.7776 0.3598 0.5157
vn 0.6208 0.3090 0.7205
vn 0.0451 0.9614 0.2715
vn -0.7750 0.5988 0.2019
vn -0.7068 -0.2928 0.6440
vn -0.9082 -0.2700 0.3197
vn -0.6933 0.5684 0.4430
vn -0.1062 0.9940 -0.0274
vn -0.4728 0.4402 0.7633
vn -0.6784 0.4978 0.5403
vn -0.0022 0.9893 0.1456
vn -0.0363 -0.3464 -0.9374
vn 0.5255 -0.7822 -0.3346
vn 0.7459 -0.5734 -0.3388
vn 0.1376 -0.2098 -0.9680
vn 0.0233 -0.3136 -0.9493
vn 0.3877 0.5523 -0.7380
vn 0.1371 0.6874 -0.7132
vn -0.1352 -0.2059 -0.9692
vn 0.5657 0.3176 -0.7610
vn 0.5893 0.8063 0.0499
vn 0.3101 0.9506 0.0168
vn 0.4176 0.4519 -0.7883
vn 0.8830 0.4541 0.1186
vn 0.5652 -0.2472 0.7871
vn 0.4982 0.0570 0.8652
vn 0.9665 0.2346 0.1043
vn 0.3381 0.6665 -0.6645
vn -0.4366 0.0314 -0.8991
vn -0.1860 -0.0736 -0.9798
vn 0.1719 0.7502 -0.6385
vn 0.0363 0.2573 0.9657
vn 0.3834 -0.5996 0.7025
vn 0.1104 -0.7301 0.6743
vn -0.1116 0.1538 0.9818
vn 0.3355 0.5656 -0.7533
vn -0.5696 0.0898 -0.8170
vn -0.3575 -0.0713 -0.9312
vn 0.2022 0.6783 -0.7064
vn 0.0112 0.4314 0.9021
vn 0.5539 -0.3368 0.7615
vn 0.3201 -0.5410 0.7777
vn -0.1092 0.2913 0.9504
vn -0.7463 0.6416 -0.1771
vn -0.8747 -0.3667 -0.3170
vn -0.7898 -0.2594 -0.5558
vn -0.8242 0.5651 -0.0371
vn -0.0011 0.6582 0.7528
vn -0.7558 -0.0171 0.6546
vn -0.8342 0.2108 0.5096
vn 0.0175 0.5118 0.8589
vn 0.0500 0.3755 -0.9255
vn 0.2831 -0.5514 -0.7848
vn 0.5534 -0.4881 -0.6749
vn 0.2111 0.4000 -0.8919
vn 0.3780 0.1477 -0.9139
vn 0.4919 0.8344 -0.2486
vn 0.2251 0.9385 -0.2619
vn 0.2175 0.2489 -0.9438
vn -0.5563 0.2491 0.7927
vn -0.8029 -0.5406 0.2510
vn -0.9194 -0.3875 0.0675
vn -0.6474 0.3312 0.6864
vn 0.1430 0.3328 0.9321
vn 0.9366 0.0570 0.3458
vn 0.8157 -0.1594 0.5560
vn 0.2865 0.5151 0.8078
vn -0.5315 0.5573 0.6379
vn -0.2465 -0.3926 0.8861
vn -0.5400 -0.3742 0.7539
vn -0.3811 0.5364 0.7530
vn -0.2414 0.2281 -0.9432
vn -0.7877 0.4892 -0.3743
vn -0.9568 0.1632 -0.2406
vn -0.4812 -0.0949 -0.8715
vn 0.7978 0.5719 0.1906
vn 0.8228 -0.4255 0.3769
vn 0.7370 -0.2679 0.6206
vn 0.8877 0.4584 0.0430
vn -0.0208 0.4853 -0.8741
vn -0.7116 0.6179 -0.3342
vn -0.8660 0.3381 -0.3684
vn -0.1723 0.2533 -0.9519
vn -0.6937 0.1678 -0.7004
vn -0.9377 -0.2999 0.1753
vn -0.8721 -0.4882 -0.0336
vn -0.7772 0.2888 -0.5591
vn 0.9679 -0.0478 0.2468
vn 0.3004 -0.7309 0.6129
vn 0.3258 -0.5168 0.7917
vn 0.9690 -0.2034 0.1406
vn -0.4784 0.8725 -0.0994
vn -0.6613 0.1658 -0.7316
vn -0.4283 0.2011 -0.8810
vn -0.3441 0.9101 -0.2307
vn -0.3276 0.1846 0.9266
vn -0.6999 -0.5834 0.4120
vn -0.8616 -0.4209 0.2838
vn -0.4415 0.2671 0.8566
vn -0.3237 0.5771 0.7498
vn -0.6228 -0.2725 0.7334
vn -0.8348 -0.2344 0.4981
vn -0.5225 0.6174 0.5880
vn 0.4979 0.4124 0.7629
vn 0.9399 -0.2993 0.1642
vn 0.8227 -0.4205 0.3825
vn 0.5987 0.4857 0.6369
vn -0.6829 0.5078 0.5251
vn -0.1730 -0.2568 0.9509
vn -0.4396 -0.3557 0.8248
vn -0.5320 0.5603 0.6348
vn 0.1165 -0.0538 -0.9917
vn -0.7605 -0.0150 -0.6491
vn -0.7734 -0.3038 -0.5564
vn 0.0900 -0.2443 -0.9655
vn 0.7379 0.6545 0.1648
vn 0.7480 -0.2194 0.6264
vn 0.5906 0.0983 0.8009
vn 0.9197 0.3876 0.0621
vn -0.0584 0.1515 -0.9867
vn -0.7507 0.5210 -0.4062
vn -0.8855 0.2594 -0.3855
vn -0.1445 0.0308 -0.9890
vn -0.7534 -0.1407 -0.6424
vn -0.8149 -0.4782 0.3276
vn -0.7224 -0.6808 0.1215
vn -0.8738 -0.0171 -0.4860
vn -0.2284 0.2692 0.9356
vn -0.7750 -0.4542 0.4395
vn -0.8849 -0.3181 0.3402
vn -0.1605 0.1663 0.9729
vn 0.2108 0.6353 -0.7429
vn 0.9291 -0.1282 -0.3470
vn 0.9661 0.0569 -0.2519
vn 0.1985 0.6816 -0.7043
vn -0.1464 0.3756 0.9151
vn -0.6110 -0.4131 0.6753
vn -0.8133 -0.2702 0.5154
vn -0.3108 0.4673 0.8277
vn -0.7071 0.2973 0.6416
vn -0.9259 -0.3745 0.0508
vn -0.9542 -0.1974 -0.2248
vn -0.7940 0.4048 0.4535
vn 0.2768 0.3283 0.9031
vn 0.7606 -0.4533 0.4647
vn 0.5247 -0.5074 0.6836
vn 0.5397 0.3617 0.7602
vn -0.2499 0.5318 0.8091
vn 0.0008 -0.4532 0.8914
vn -0.2818 -0.4288 0.8583
vn -0.0783 0.5131 0.8548
vn -0.0733 0.2978 -0.9518
vn -0.5009 0.8083 -0.3093
vn -0.7255 0.6421 -0.2478
vn -0.3070 0.1781 -0.9349
vn -0.3014 0.5587 0.7726
vn 0.0889 -0.3726 0.9237
vn -0.2012 -0.3912 0.8980
vn -0.1337 0.5663 0.8133
vn 0.0129 0.6816 -0.7316
vn -0.5252 0.8508 0.0153
vn -0.7497 0.6587 -0.0639
vn -0.1625 0.5806 -0.7978
vn -0.6818 0.4406 -0.5839
vn -0.9650 -0.2547 0.0619
vn -0.8991 -0.3620 -0.2461
vn -0.7777 0.5129 -0.3634
vn 0.9207 -0.0766 0.3826
vn 0.2959 -0.8539 0.4281
vn 0.2766 -0.6636 0.6951
vn 0.9421 -0.2460 0.2279
vn -0.1326 0.9614 0.2412
vn -0.5339 0.6252 -0.5693
vn -0.3181 0.6048 -0.7301
vn 0.0240 0.9964 0.0817
vn -0.6177 -0.1341 0.7749
vn -0.8836 -0.4681 -0.0083
vn -0.9496 -0.1606 -0.2692
vn -0.8081 0.0503 0.5869
vn 0.1506 0.8495 -0.5056
vn 0.3301 0.8416 0.4274
vn 0.0335 0.8554 0.5169
vn -0.0237 0.8997 -0.4359
vn 0.6883 0.6694 0.2796
vn 0.7894 -0.3169 0.5258
vn 0.6533 -0.1726 0.7372
vn 0.8037 0.5734 0.1590
vn -0.4192 0.8610 -0.2879
vn -0.9239 -0.0290 -0.3815
vn -0.7861 0.0198 -0.6177
vn -0.5276 0.8354 -0.1541
vn 0.3652 -0.3124 0.8770
vn 0.9420 -0.3200 0.1009
vn 0.8324 -0.5542 -0.0073
vn 0.3204 -0.4839 0.8143
vn -0.3533 0.8964 -0.2676
vn -0.9449 0.0610 -0.3215
vn -0.8162 0.0993 -0.5692
vn -0.4597 0.8796 -0.1227
vn -0.3850 -0.0433 0.9219
vn 0.5527 -0.2030 0.8083
vn 0.5221 -0.4750 0.7084
vn -0.3928 -0.2356 0.8889
vn -0.9856 -0.1444 -0.0879
vn -0.3272 -0.5814 -0.7449
vn -0.4228 -0.3290 -0.8444
vn -0.9441 -0.3266 -0.0449
vn -0.5565 0.2380 0.7960
vn -0.4783 -0.7367 0.4780
vn -0.6934 -0.6230 0.3620
vn -0.4279 0.1507 0.8912
vn 0.2436 0.6219 -0.7442
vn 0.9283 0.0432 -0.3693
vn 0.9677 0.2052 -0.1464
vn 0.2969 0.7323 -0.6128
vn 0.3599 0.7666 -0.5318
vn 0.4675 0.7875 0.4017
vn 0.1574 0.8684 0.4702
vn 0.1911 0.8597 -0.4738
vn -0.4960 -0.4065 0.7673
vn -0.6518 -0.7505 -0.1087
vn -0.8263 -0.5278 -0.1964
vn -0.6408 -0.2861 0.7124
vn 0.3785 -0.2286 0.8969
vn 0.9912 0.0554 0.1205
vn 0.9620 -0.2359 0.1377
vn 0.4343 -0.0421 0.8998
vn -0.7887 -0.0981 0.6069
vn -0.5099 -0.8599 -0.0248
vn -0.6972 -0.7015 -0.1474
vn -0.6845 -0.2208 0.6948
vn 0.1422 0.9537 -0.2650
vn -0.7030 0.7072 0.0749
vn -0.7948 0.5791 -0.1816
vn 0.0646 0.8943 -0.4427
vn -0.7439 -0.1637 0.6479
vn -0.3848 -0.9212 0.0578
vn -0.6027 -0.7952 -0.0667
vn -0.6171 -0.2693 0.7394
vn -0.1241 0.9759 0.1792
vn -0.7598 0.3562 0.5438
vn -0.8998 0.3239 0.2922
vn -0.2386 0.9707 0.0269
vn -0.8451 0.2819 -0.4542
vn -0.5066 -0.6713 -0.5409
vn -0.4069 -0.5004 -0.7642
vn -0.9339 0.1499 -0.3246
vn 0.1809 0.7659 -0.6170
vn 0.1059 -0.1879 -0.9764
vn 0.3726 -0.1275 -0.9192
vn 0.0030 0.7267 -0.6869
vn -0.6786 0.1087 0.7264
vn -0.9119 0.3800 -0.1549
vn -0.7570 0.6362 -0.1491
vn -0.6108 0.2980 0.7336
vn -0.4779 -0.6507 0.5901
vn -0.7200 -0.6079 -0.3348
vn -0.8798 -0.3614 -0.3089
vn -0.6123 -0.5122 0.6023
vn -0.1971 -0.9028 0.3822
vn -0.3229 -0.7633 -0.5595
vn -0.5791 -0.6207 -0.5286
vn -0.3743 -0.8425 0.3875
vn 0.5385 -0.1921 0.8204
vn 0.9674 0.2531 -0.0017
vn 0.9994 -0.0346 -0.0077
vn 0.5533 -0.0012 0.8330
vn 0.9132 0.0264 0.4066
vn 0.7765 -0.3003 -0.5540
vn 0.7765 -0.5248 -0.3487
vn 0.9534 0.1614 0.2549
vn -0.4177 0.8806 -0.2236
vn -0.9615 0.2358 0.1410
vn -0.9885 0.0651 -0.1362
vn -0.4697 0.7768 -0.4195
vn 0.7635 0.1524 0.6276
vn 0.9138 -0.2939 -0.2803
vn 0.8687 -0.4918 -0.0586
vn 0.8344 0.2728 0.4790
vn -0.3011 0.9481 -0.1023
vn -0.7660 0.4103 0.4948
vn -0.9270 0.2574 0.2727
vn -0.4426 0.8599 -0.2543
vn -0.8777 0.2260 -0.4225
vn -0.5920 -0.7306 -0.3402
vn -0.5079 -0.6002 -0.6178
vn -0.9643 0.1073 -0.2420
vn 0.0077 0.5516 -0.8341
vn -0.3298 -0.4154 -0.8477
vn -0.0497 -0.4006 -0.9149
vn -0.1874 0.5354 -0.8235
vn -0.6126 0.2031 0.7639
vn -0.9096 0.4013 -0.1075
vn -0.7375 0.6591 -0.1469
vn -0.5394 0.3986 0.7417
vn -0.4476 -0.8293 0.3346
vn -0.5288 -0.6085 -0.5916
vn -0.7333 -0.3988 -0.5506
vn -0.6061 -0.7159 0.3464
vn -0.6912 -0.7219 -0.0329
vn -0.3746 -0.3714 -0.8495
vn -0.5348 -0.1127 -0.8374
vn -0.8284 -0.5572 -0.0572
vn 0.2429 -0.6271 0.7401
vn 0.9184 0.0617 0.3908
vn 0.9495 -0.1865 0.2524
vn 0.2505 -0.4723 0.8451
vn 0.4239 -0.4651 0.7772
vn 0.7697 -0.6129 -0.1786
vn 0.5627 -0.8238 -0.0687
vn 0.6179 -0.3496 0.7042
vn -0.1307 0.9865 0.0985
vn -0.8799 0.4657 -0.0948
vn -0.8111 0.4310 -0.3955
vn -0.1117 0.9878 -0.1086
vn 0.4303 -0.2914 0.8544
vn 0.9340 -0.3558 -0.0341
vn 0.7809 -0.6212 0.0660
vn 0.5902 -0.1240 0.7977
vn -0.1033 0.2837 0.9534
vn 0.1104 -0.6311 0.7678
vn -0.1539 -0.7085 0.6888
vn -0.2893 0.2118 0.9335
vn -0.3046 0.9086 -0.2858
vn -0.4927 0.0779 -0.8667
vn -0.2480 0.2280 -0.9415
vn -0.5057 0.8186 -0.2722
vn 0.3701 0.8062 -0.4617
vn -0.0065 0.0225 -0.9997
vn 0.3090 -0.0021 -0.9510
vn 0.1937 0.8237 -0.5329
vn -0.8338 0.0356 0.5509
vn -0.6136 0.7888 -0.0358
vn -0.4365 0.8902 0.1301
vn -0.7340 0.1149 0.6694
vn -0.4299 -0.8257 -0.3654
vn -0.2659 -0.0949 -0.9593
vn -0.4965 0.0599 -0.8660
vn -0.5972 -0.7302 -0.3318
vn -0.6086 -0.1093 0.7859
vn -0.3006 -0.8784 0.3715
vn -0.4901 -0.8628 0.1240
vn -0.7741 -0.1353 0.6184
vn 0.0736 0.5074 0.8585
vn 0.8922 0.3675 0.2627
vn 0.8631 0.1577 0.4798
vn 0.1241 0.6670 0.7346
vn 0.1643 0.4518 0.8768
vn 0.7225 -0.3458 0.5987
vn 0.4781 -0.4055 0.7791
vn 0.3903 0.5015 0.7721
vn 0.0830 0.4518 -0.8882
vn -0.7843 0.2742 -0.5565
vn -0.7777 -0.0156 -0.6285
vn 0.0724 0.2696 -0.9602
vn 0.0590 0.5932 0.8029
vn 0.5538 -0.3018 0.7760
vn 0.2919 -0.3163 0.9026
vn 0.2729 0.6068 0.7465
vn 0.0578 0.6461 -0.7611
vn -0.7573 0.2262 -0.6127
vn -0.6725 -0.0504 -0.7384
vn 0.0951 0.4792 -0.8726
vn 0.8650 -0.0051 -0.5017
vn 0.4377 -0.8765 -0.2007
vn 0.6310 -0.7758 0.0057
vn 0.7598 -0.0938 -0.6433
vn 0.4288 0.6332 0.6444
vn 0.6625 -0.3609 0.6563
vn 0.4459 -0.2923 0.8460
vn 0.6065 0.5818 0.5420
vn -0.9549 0.2840 -0.0870
vn -0.4804 -0.1276 -0.8677
vn -0.3752 0.0778 -0.9237
vn -0.8995 0.4206 -0.1183
vn 0.7168 0.4905 0.4956
vn 0.9476 -0.3194 0.0095
vn 0.8492 -0.4860 0.2065
vn 0.6782 0.3780 0.6303
vn 0.4356 0.2899 -0.8521
vn 0.9653 0.2601 -0.0228
vn 0.8675 0.4935 0.0626
vn 0.3964 0.4438 -0.8037
vn 0.9675 -0.2525 -0.0138
vn 0.3287 -0.8098 0.4861
vn 0.4496 -0.5531 0.7013
vn 0.8966 -0.4294 -0.1083
vn 0.5174 0.8052 -0.2895
vn -0.4771 0.7234 -0.4990
vn -0.3224 0.6162 -0.7186
vn 0.4114 0.8975 -0.1591
vn -0.9428 0.2784 -0.1836
vn -0.8005 -0.5404 -0.2591
vn -0.6004 -0.4745 -0.6437
vn -0.8342 0.2985 -0.4637
vn 0.5673 0.7544 -0.3302
vn -0.4270 0.7193 -0.5480
vn -0.2777 0.5861 -0.7611
vn 0.4612 0.8621 -0.2098
vn 0.1972 0.3698 0.9079
vn 0.3510 -0.5676 0.7447
vn 0.0670 -0.6384 0.7668
vn 0.0262 0.3037 0.9524
vn -0.4003 0.9075 -0.1271
vn -0.7132 0.1039 -0.6932
vn -0.4900 0.2684 -0.8294
vn -0.5776 0.8124 -0.0794
vn 0.2350 0.5809 0.7793
vn -0.7389 0.4272 0.5211
vn -0.6121 0.6804 0.4029
vn 0.1433 0.4280 0.8924
vn 0.5080 0.1481 -0.8485
vn 0.3063 -0.7366 -0.6030
vn 0.5211 -0.7564 -0.3954
vn 0.6687 0.1155 -0.7345
vn 0.2287 -0.1632 -0.9597
vn 0.9144 -0.2681 -0.3032
vn 0.9647 0.0167 -0.2628
vn 0.2939 0.0250 -0.9555
vn 0.7401 -0.5426 -0.3972
vn 0.9199 -0.0794 0.3841
vn 0.9451 0.2142 0.2468
vn 0.8052 -0.3381 -0.4871
vn 0.8541 -0.2810 0.4377
vn -0.0327 -0.2733 0.9614
vn 0.0968 -0.0369 0.9946
vn 0.7823 -0.4441 0.4367
vn 0.7219 -0.2377 -0.6499
vn -0.2515 -0.1533 -0.9556
vn -0.1846 -0.4290 -0.8842
vn 0.6771 -0.0682 -0.7328
vn 0.1620 0.6230 0.7653
vn 0.0227 -0.3069 0.9515
vn -0.2536 -0.3033 0.9185
vn -0.0437 0.6281 0.7769
vn 0.7735 -0.2316 -0.5900
vn -0.1421 0.0200 -0.9896
vn -0.1167 -0.2582 -0.9590
vn 0.7654 -0.0557 -0.6412
vn 0.5170 0.6627 0.5418
vn 0.0386 -0.0410 0.9984
vn -0.2010 0.0691 0.9772
vn 0.3477 0.7601 0.5490
vn 0.1533 0.5909 -0.7920
vn -0.7310 0.1147 -0.6726
vn -0.5354 -0.0334 -0.8439
vn -0.0023 0.7193 -0.6946
vn 0.5621 0.8195 0.1112
vn -0.4555 0.8847 0.0992
vn -0.3424 0.9245 -0.1676
vn 0.4892 0.8221 0.2913
vn 0.3673 -0.6183 -0.6948
vn -0.0964 -0.9947 0.0353
vn 0.1223 -0.9642 0.2355
vn 0.5296 -0.6436 -0.5526
vn 0.2167 -0.6320 -0.7441
vn 0.9368 -0.2424 -0.2523
vn 0.9201 0.0163 -0.3913
vn 0.2313 -0.4712 -0.8512
vn 0.6127 -0.3168 -0.7240
vn 0.8703 0.4418 -0.2175
vn 0.6851 0.6307 -0.3645
vn 0.5185 -0.1804 -0.8358
vn 0.8716 0.0147 0.4900
vn -0.0013 -0.1265 0.9920
vn 0.0603 0.1553 0.9860
vn 0.8361 -0.1684 0.5221
vn 0.9940 0.0786 0.0755
vn 0.3839 0.8419 0.3793
vn 0.4598 0.8814 0.1080
vn 0.9644 0.0710 0.2547
vn -0.4481 0.4155 0.7916
vn -0.8878 0.4591 -0.0320
vn -0.7033 0.6882 -0.1779
vn -0.3799 0.6030 0.7014
vn 0.9876 0.0378 0.1525
vn 0.3635 0.5993 0.7133
vn 0.4646 0.7564 0.4604
vn 0.9396 -0.0407 0.3398
vn -0.7676 0.5172 0.3787
vn -0.6342 0.5167 -0.5752
vn -0.4168 0.7064 -0.5721
vn -0.6485 0.6665 0.3677
vn -0.8226 -0.2672 -0.5019
vn -0.3842 0.6625 -0.6430
vn -0.5561 0.6891 -0.4646
vn -0.7238 -0.2832 -0.6292
vn 0.3029 0.6743 -0.6735
vn -0.6649 0.6386 -0.3874
vn -0.6224 0.4725 -0.6240
vn 0.2720 0.8029 -0.5305
vn 0.2996 -0.9469 -0.1169
vn 0.1300 -0.6129 0.7794
vn 0.3795 -0.4692 0.7974
vn 0.4544 -0.8870 -0.0824
vn 0.3118 -0.1975 -0.9294
vn 0.7385 0.5082 -0.4431
vn 0.5238 0.7015 -0.4832
vn 0.1933 -0.0547 -0.9796
vn -0.0989 -0.7028 -0.7045
vn 0.4192 0.0872 -0.9037
vn 0.2013 0.2497 -0.9472
vn -0.2444 -0.5883 -0.7708
vn 0.7057 -0.3504 -0.6158
vn 0.9482 0.0128 0.3175
vn 0.9668 0.2154 0.1372
vn 0.7209 -0.4787 -0.5012
vn -0.2189 -0.2729 -0.9368
vn -0.9582 0.0575 -0.2802
vn -0.9550 -0.1784 -0.2368
vn -0.2359 -0.1359 -0.9622
vn 0.5232 0.8509 -0.0471
vn 0.8439 0.1167 0.5237
vn 0.6767 0.1733 0.7156
vn 0.4319 0.8973 0.0915
vn -0.0180 -0.2210 -0.9751
vn -0.8219 0.2453 -0.5141
vn -0.8727 0.0044 -0.4883
vn -0.0084 -0.0677 -0.9977
vn -0.0859 0.7556 -0.6493
vn -0.1003 0.9552 0.2783
vn -0.3683 0.8612 0.3503
vn -0.3064 0.7429 -0.5951
vn -0.7106 0.6783 0.1868
vn -0.2787 0.1345 0.9509
vn -0.5067 0.0100 0.8620
vn -0.5768 0.7710 0.2698
vn 0.2009 0.9467 -0.2516
vn -0.2985 0.7314 0.6131
vn -0.4836 0.7896 0.3777
vn 0.3055 0.9481 -0.0880
vn -0.8551 0.3024 0.4211
vn -0.1979 -0.0828 0.9767
vn -0.2581 -0.3692 0.8928
vn -0.9103 0.0952 0.4027
vn -0.0425 -0.8043 -0.5927
vn 0.5483 -0.0668 -0.8336
vn 0.3522 0.0819 -0.9323
vn -0.1681 -0.7030 -0.6911
vn 0.0071 0.8893 0.4572
vn -0.7803 0.3497 0.5184
vn -0.8708 0.4217 0.2527
vn -0.0714 0.9535 0.2927
vn 0.9085 0.1817 0.3763
vn 0.6256 -0.7548 0.1972
vn 0.5620 -0.6562 0.5036
vn 0.9825 0.0820 0.1675
vn -0.2437 0.9368 0.2510
vn -0.3901 0.1549 0.9076
vn -0.6327 0.2177 0.7432
vn -0.1108 0.9132 0.3922
vn 0.1108 -0.2385 -0.9648
vn -0.1722 0.6427 -0.7465
vn -0.4421 0.5835 -0.6812
vn -0.1027 -0.2715 -0.9569
vn -0.1582 0.9434 0.2916
vn -0.1037 0.1724 0.9795
vn -0.3700 0.2269 0.9009
vn 0.0153 0.9244 0.3811
vn 0.2612 -0.1194 -0.9579
vn 0.0277 0.7602 -0.6491
vn -0.2533 0.7186 -0.6477
vn 0.0682 -0.1292 -0.9893
vn -0.3432 0.0787 -0.9359
vn -0.9845 0.1091 -0.1375
vn -0.9474 -0.1733 -0.2689
vn -0.4142 0.2747 -0.8678
vn 0.0342 0.7523 0.6579
vn -0.8519 0.2921 0.4346
vn -0.8184 0.5115 0.2617
vn -0.0081 0.6256 0.7801
vn 0.5999 0.0778 -0.7963
vn 0.2232 -0.7891 -0.5723
vn 0.4052 -0.8377 -0.3663
vn 0.7259 0.0300 -0.6872
vn -0.0776 0.7987 0.5968
vn -0.8592 0.3256 0.3947
vn -0.8885 0.4442 0.1152
vn -0.1196 0.9003 0.4184
vn 0.5946 0.3196 -0.7378
vn 0.8168 0.5626 0.1278
vn 0.5748 0.7989 0.1771
vn 0.4885 0.5134 -0.7056
vn 0.9275 0.0729 0.3667
vn 0.3213 -0.6657 0.6735
vn 0.2997 -0.4153 0.8589
vn 0.9558 -0.1245 0.2665
vn 0.4007 0.8526 -0.3355
vn -0.3141 0.3530 -0.8813
vn -0.0441 0.2718 -0.9613
vn 0.2257 0.9217 -0.3155
vn -0.7246 -0.0665 -0.6859
vn -0.1837 -0.8448 -0.5025
vn 0.0363 -0.7529 -0.6572
vn -0.5911 -0.0236 -0.8062
vn 0.5302 0.8448 -0.0726
vn -0.2151 0.6285 -0.7475
vn 0.0538 0.5338 -0.8439
vn 0.3610 0.9317 -0.0404
vn -0.0288 0.6701 0.7417
vn 0.3050 -0.2132 0.9282
vn 0.0495 -0.3431 0.9380
vn -0.1932 0.5813 0.7904
vn -0.4070 0.8714 -0.2738
vn -0.6021 0.0042 -0.7984
vn -0.3797 0.1777 -0.9079
vn -0.6068 0.7597 -0.2336
vn -0.2160 0.7694 0.6011
vn -0.8782 0.4646 -0.1141
vn -0.6876 0.6982 -0.1995
vn -0.3864 0.6327 0.6712
vn 0.9236 0.1495 -0.3529
vn 0.5947 -0.7144 -0.3688
vn 0.6442 -0.7628 -0.0566
vn 0.9861 0.0880 -0.1411
vn 0.9212 0.1982 -0.3347
vn 0.8322 0.1022 0.5449
vn 0.6501 0.4340 0.6237
vn 0.8620 0.4473 -0.2383
vn 0.3810 0.7273 0.5709
vn 0.3932 -0.1155 0.9122
vn 0.0225 -0.1055 0.9942
vn 0.1683 0.7172 0.6763
vn 0.2486 0.5439 -0.8015
vn -0.1510 -0.3927 -0.9072
vn 0.1235 -0.4181 -0.9000
vn 0.0670 0.5500 -0.8325
vn 0.0920 0.9187 0.3841
vn -0.6482 0.6977 -0.3050
vn -0.4218 0.8070 -0.4134
vn -0.0932 0.8757 0.4738
vn -0.8155 -0.0157 -0.5786
vn 0.0501 -0.2880 -0.9563
vn 0.1323 -0.0527 -0.9898
vn -0.7689 0.1508 -0.6214
vn 0.3425 0.7909 0.5072
vn -0.4679 0.8754 -0.1217
vn -0.2154 0.9449 -0.2465
vn 0.1571 0.7821 0.6031
vn -0.8178 -0.2374 -0.5243
vn 0.0589 -0.7175 -0.6940
vn 0.1381 -0.5590 -0.8176
vn -0.7904 -0.1226 -0.6002
vn -0.9818 0.1348 0.1336
vn -0.5888 -0.0140 -0.8082
vn -0.6044 0.2498 -0.7565
vn -0.9956 -0.0388 0.0849
vn 0.7132 0.1300 0.6889
vn 0.3451 -0.7939 0.5005
vn 0.1989 -0.6685 0.7166
vn 0.8267 0.0233 0.5622
vn -0.6088 0.7558 0.2412
vn -0.6090 0.3849 -0.6935
vn -0.4434 0.4990 -0.7446
vn -0.4618 0.8658 0.1929
vn 0.4122 0.9062 0.0940
vn 0.6577 0.3495 0.6673
vn 0.2379 0.3057 0.9219
vn 0.2046 0.9142 0.3497
vn 0.2838 0.9542 0.0948
vn 0.1547 0.3985 0.9040
vn -0.0953 0.4288 0.8984
vn 0.1216 0.9878 0.0969
vn 0.3132 0.5576 0.7687
vn 0.4940 -0.4223 0.7600
vn 0.2133 -0.2740 0.9378
vn 0.6255 0.3964 0.6721
vn -0.2303 0.9672 0.1071
vn -0.4110 0.4533 -0.7909
vn -0.1683 0.6105 -0.7739
vn -0.4412 0.8955 0.0588
vn -0.5063 -0.2121 -0.8359
vn 0.3849 -0.5931 -0.7072
vn 0.5119 -0.3755 -0.7726
vn -0.4239 -0.0693 -0.9031
vn -0.1158 0.9859 0.1205
vn -0.4846 0.4980 -0.7191
vn -0.2083 0.6215 -0.7552
vn -0.3166 0.9419 0.1125
vn -0.5357 -0.0383 0.8435
vn 0.4069 -0.1986 0.8916
vn 0.3963 -0.4658 0.7912
vn -0.5418 -0.2226 0.8105
vn -0.7892 -0.0780 -0.6091
vn 0.1451 -0.3358 -0.9307
vn 0.0786 -0.0615 -0.9950
vn -0.7474 -0.2798 -0.6025
vn 0.6039 0.3737 0.7040
vn 0.2784 -0.5180 0.8088
vn 0.0628 -0.2663 0.9619
vn 0.7676 0.1382 0.6258
vn -0.5854 0.7910 -0.1778
vn -0.4644 0.1231 -0.8770
vn -0.2217 0.2058 -0.9531
vn -0.4350 0.8631 -0.2566
vn 0.4613 0.8859 -0.0492
vn 0.2881 0.4839 0.8263
vn 0.0256 0.5603 0.8279
vn 0.3046 0.9519 -0.0321
vn 0.8472 -0.4775 0.2329
vn 0.0308 -0.9737 0.2256
vn -0.0480 -0.8696 0.4914
vn 0.7988 -0.4346 0.4160
vn 0.7105 0.2871 -0.6424
vn -0.2814 0.4004 -0.8721
vn -0.1800 0.1474 -0.9726
vn 0.6439 0.4648 -0.6078
vn 0.3412 0.6219 -0.7048
vn -0.2182 -0.2083 -0.9534
vn 0.0577 -0.2542 -0.9654
vn 0.1529 0.6649 -0.7311
vn -0.3728 0.5736 0.7294
vn 0.3351 -0.0143 0.9421
vn 0.1471 -0.2814 0.9483
vn -0.4662 0.4235 0.7767
vn 0.3911 0.6270 -0.6737
vn -0.2486 -0.1319 -0.9596
vn 0.0112 -0.1980 -0.9801
vn 0.2079 0.6945 -0.6888
vn -0.1146 0.8776 0.4656
vn 0.3663 0.2033 0.9080
vn 0.1125 0.0143 0.9936
vn -0.2592 0.7730 0.5790
vn -0.6283 0.5335 -0.5663
vn -0.8389 -0.4427 -0.3167
vn -0.7058 -0.4394 -0.5556
vn -0.7324 0.5280 -0.4299
vn 0.3619 0.3533 -0.8627
vn -0.2767 -0.4461 -0.8511
vn 0.0043 -0.5153 -0.8570
vn 0.1598 0.4100 -0.8980
vn 0.6265 0.1936 0.7550
vn -0.2752 -0.0631 0.9593
vn -0.3881 0.1862 0.9026
vn 0.5595 0.3669 0.7432
vn 0.8997 -0.3972 0.1811
vn 0.1335 -0.9616 0.2396
vn 0.0594 -0.8585 0.5093
vn 0.8587 -0.3563 0.3683
vn -0.7077 -0.0978 0.6997
vn -0.8357 0.5492 0.0058
vn -0.6553 0.7451 0.1242
vn -0.6148 0.0479 0.7872
vn -0.9813 0.0904 -0.1700
vn -0.3377 -0.1937 -0.9211
vn -0.3839 0.0954 -0.9185
vn -0.9736 -0.1016 -0.2042
vn -0.4998 0.3875 0.7746
vn 0.4482 0.0150 0.8938
vn 0.2436 -0.1859 0.9519
vn -0.3573 0.5218 0.7746
vn 0.2525 0.4530 -0.8550
vn -0.1779 -0.4022 -0.8981
vn 0.0642 -0.5488 -0.8335
vn 0.4127 0.3487 -0.8414
vn -0.5209 0.4248 0.7404
vn 0.4356 0.0883 0.8958
vn 0.2356 -0.1138 0.9652
vn -0.3818 0.5630 0.7330
vn 0.0580 0.9545 -0.2927
vn -0.1612 0.2905 -0.9432
vn 0.1163 0.1977 -0.9733
vn 0.2410 0.9080 -0.3429
vn 0.6804 0.3077 0.6651
vn 0.7859 -0.5882 0.1909
vn 0.6456 -0.6214 0.4438
vn 0.7982 0.3158 0.5129
vn 0.0439 0.9950 -0.0898
vn 0.8927 0.4306 -0.1329
vn 0.8395 0.5243 0.1430
vn 0.1063 0.9561 -0.2730
vn -0.6739 -0.4134 0.6123
vn -0.6239 -0.7266 -0.2878
vn -0.7673 -0.4962 -0.4063
vn -0.7984 -0.2873 0.5291
vn -0.7621 -0.3238 0.5606
vn -0.9228 0.3786 -0.0714
vn -0.8052 0.5852 0.0960
vn -0.7140 -0.1782 0.6771
vn -0.8654 0.3241 0.3821
vn -0.5812 0.6707 -0.4609
vn -0.3832 0.8557 -0.3478
vn -0.7565 0.4744 0.4502
vn -0.7260 0.3932 -0.5642
vn 0.0045 -0.1960 -0.9806
vn 0.0744 0.0877 -0.9934
vn -0.7786 0.2087 -0.5918
vn -0.5404 0.7505 0.3804
vn 0.2321 0.3374 0.9123
vn -0.0183 0.2145 0.9765
vn -0.3716 0.8526 0.3673
vn 0.3301 0.2954 -0.8965
vn -0.1736 -0.5268 -0.8321
vn 0.0544 -0.6800 -0.7312
vn 0.4612 0.2006 -0.8644
vn -0.6617 0.6094 0.4368
vn 0.2059 0.3454 0.9156
vn -0.0153 0.1691 0.9855
vn -0.5170 0.7430 0.4250
vn 0.5428 0.6014 -0.5862
vn 0.2546 -0.2479 -0.9347
vn 0.4591 -0.3956 -0.7954
vn 0.6878 0.5037 -0.5227
vn 0.4619 0.6727 0.5780
vn 0.5858 -0.3251 0.7423
vn 0.3665 -0.2213 0.9037
vn 0.6244 0.6021 0.4975
vn 0.5578 0.7071 -0.4346
vn 0.9802 -0.1646 -0.1102
vn 0.9944 0.0402 0.0973
vn 0.5801 0.5771 -0.5749
vn -0.7860 0.3969 0.4741
vn -0.9203 -0.3874 -0.0546
vn -0.9184 -0.2459 -0.3098
vn -0.8206 0.4839 0.3041
vn -0.9146 -0.2118 0.3445
vn -0.8315 0.1877 -0.5228
vn -0.7828 0.4571 -0.4223
vn -0.9157 -0.0263 0.4011
vn 0.9468 0.2562 -0.1945
vn 0.8346 -0.4072 0.3710
vn 0.7262 -0.2040 0.6566
vn 0.9161 0.3965 0.0595
vn 0.0549 0.4319 -0.9003
vn -0.5804 -0.3546 -0.7331
vn -0.3384 -0.4581 -0.8220
vn -0.1090 0.4890 -0.8654
vn 0.9287 0.3696 -0.0305
vn 0.7958 -0.5988 -0.0906
vn 0.8366 -0.4914 0.2423
vn 0.9303 0.2683 -0.2502
vn -0.6698 0.3931 0.6299
vn 0.3068 0.4874 0.8175
vn 0.3076 0.2544 0.9169
vn -0.6478 0.2496 0.7198
vn 0.9025 0.2916 -0.3170
vn 0.5340 -0.5773 -0.6177
vn 0.7157 -0.6145 -0.3318
vn 0.8066 0.2822 -0.5194
vn -0.7459 0.5579 0.3639
vn 0.1973 0.8027 0.5628
vn 0.2002 0.6242 0.7552
vn -0.7263 0.4673 0.5042
vn -0.2291 0.2978 0.9267
vn 0.6124 -0.2857 0.7371
vn 0.3708 -0.4184 0.8291
vn -0.0032 0.4095 0.9123
vn -0.4193 0.0330 -0.9072
vn 0.1584 -0.7725 -0.6149
vn 0.2783 -0.5321 -0.7996
vn -0.5288 -0.2345 -0.8157
vn 0.1964 0.8905 0.4104
vn -0.0887 0.1806 0.9796
vn -0.3843 0.2138 0.8981
vn 0.0017 0.9198 0.3925
vn 0.9447 0.0360 -0.3259
vn 0.7409 -0.6264 0.2423
vn 0.7213 -0.4422 0.5331
vn 0.9859 0.1522 -0.0692
vn 0.9296 0.2209 0.2949
vn 0.6427 -0.7218 0.2569
vn 0.5096 -0.7160 0.4771
vn 0.8700 0.2288 0.4368
vn 0.0577 0.6777 -0.7331
vn -0.5133 -0.1555 -0.8440
vn -0.2483 -0.1990 -0.9480
vn -0.1276 0.7202 -0.6819
vn 0.5198 0.6318 0.5750
vn 0.9644 -0.1804 0.1933
vn 0.8336 -0.2065 0.5123
vn 0.6746 0.6480 0.3534
vn -0.8179 0.2422 0.5218
vn 0.0434 0.4705 0.8813
vn 0.0926 0.2049 0.9744
vn -0.7792 0.0751 0.6223
vn -0.0002 0.4777 -0.8785
vn 0.2537 -0.5219 -0.8144
vn 0.4647 -0.3573 -0.8102
vn -0.1660 0.3402 -0.9256
vn -0.6235 0.5652 0.5402
vn 0.3504 0.5315 0.7712
vn 0.3144 0.3203 0.8936
vn -0.6314 0.4302 0.6452
vn -0.1791 0.2376 0.9547
vn 0.6360 -0.3442 0.6907
vn 0.3904 -0.4716 0.7907
vn 0.0781 0.3552 0.9315
vn -0.2109 0.1991 -0.9570
vn 0.2915 -0.6671 -0.6856
vn 0.4381 -0.4396 -0.7841
vn -0.3480 -0.0539 -0.9359
vn 0.0880 0.6783 0.7295
vn -0.1594 -0.2250 0.9612
vn -0.4409 -0.1793 0.8795
vn -0.0969 0.7010 0.7065
vn 0.9201 0.2844 -0.2694
vn 0.8256 -0.4190 0.3780
vn 0.7658 -0.2410 0.5962
vn 0.9123 0.3925 -0.1170
vn 0.9349 0.2860 -0.2101
vn 0.8089 -0.4336 0.3971
vn 0.7333 -0.2637 0.6266
vn 0.9196 0.3910 -0.0373
vn 0.2323 0.2788 -0.9318
vn -0.5524 -0.3649 -0.7495
vn -0.3426 -0.5267 -0.7779
vn 0.0943 0.3505 -0.9318
vn 0.7385 0.6599 0.1382
vn 0.9095 -0.3406 0.2383
vn 0.8398 -0.2264 0.4935
vn 0.8119 0.5835 -0.0189
vn -0.7622 0.2357 0.6029
vn 0.0169 0.7891 0.6141
vn 0.1773 0.6055 0.7758
vn -0.6616 0.1389 0.7369
vn 0.6492 0.7543 0.0975
vn 0.9739 -0.2110 0.0840
vn 0.9255 -0.1246 0.3577
vn 0.7112 0.6989 -0.0760
vn -0.7530 0.5708 0.3275
vn 0.1107 0.9624 0.2480
vn 0.2186 0.8400 0.4967
vn -0.6839 0.5245 0.5071
vn -0.1719 0.4726 0.8643
vn 0.6134 -0.1682 0.7717
vn 0.3605 -0.2869 0.8875
vn 0.0500 0.5700 0.8202
vn -0.3253 -0.4387 -0.8377
vn 0.4395 -0.8425 -0.3116
vn 0.5225 -0.6511 -0.5505
vn -0.3678 -0.6398 -0.6748
vn 0.1065 0.9538 0.2810
vn -0.1267 0.3437 0.9305
vn -0.4829 0.3403 0.8069
vn -0.1088 0.9577 0.2662
vn 0.5489 0.3657 -0.7516
vn 0.9808 -0.1564 -0.1162
vn 0.9919 0.0549 0.1149
vn 0.6088 0.5282 -0.5919
vn -0.6976 0.7087 -0.1050
vn 0.0274 0.6751 -0.7373
vn 0.2081 0.8037 -0.5575
vn -0.5817 0.8134 0.0014
vn -0.2612 0.6631 -0.7015
vn -0.1132 -0.3286 -0.9377
vn 0.1253 -0.1718 -0.9771
vn -0.4201 0.5579 -0.7157
vn 0.0497 0.8424 0.5365
vn -0.1338 -0.0648 0.9889
vn -0.3677 0.0669 0.9276
vn 0.2111 0.7555 0.6202
vn 0.6976 -0.0046 -0.7165
vn -0.1746 -0.2982 -0.9384
vn -0.1342 -0.5681 -0.8120
vn 0.7170 -0.2121 -0.6641
vn 0.0693 0.9217 0.3818
vn -0.0551 0.1023 0.9932
vn -0.3130 0.2327 0.9208
vn 0.2270 0.8533 0.4695
vn 0.8092 0.2181 -0.5455
vn 0.0543 -0.1090 -0.9926
vn 0.0973 -0.4057 -0.9088
vn 0.8462 -0.0063 -0.5329
vn 0.6193 0.1182 0.7762
vn -0.1639 -0.5222 0.8369
vn -0.2400 -0.2568 0.9362
vn 0.6630 -0.0809 0.7442
vn 0.8933 0.4225 -0.1531
vn 0.8334 -0.5227 0.1794
vn 0.8543 -0.3067 0.4196
vn 0.9146 0.2602 -0.3096
vn -0.7086 0.6869 0.1611
vn -0.9664 -0.0612 -0.2496
vn -0.8142 0.0111 -0.5804
vn -0.6676 0.7395 -0.0863
vn -0.6569 0.7536 0.0244
vn 0.1047 0.8253 -0.5549
vn 0.2791 0.8994 -0.3365
vn -0.5425 0.8248 0.1598
vn 0.7724 -0.4746 0.4221
vn -0.0551 -0.4531 0.8898
vn -0.0202 -0.1717 0.9849
vn 0.7979 -0.3000 0.5228
vn 0.3262 -0.6134 -0.7193
vn -0.5793 -0.1469 -0.8018
vn -0.6146 -0.4022 -0.6786
vn 0.3311 -0.4573 -0.8254
vn 0.7981 0.1158 0.5913
vn 0.1644 -0.6571 0.7357
vn 0.0934 -0.4079 0.9082
vn 0.8579 -0.0898 0.5060
vn -0.2285 0.9735 0.0048
vn 0.5457 0.6887 0.4774
vn 0.3985 0.5810 0.7097
vn -0.3096 0.9343 0.1769
vn 0.7278 -0.1239 0.6746
vn -0.0181 -0.8130 0.5820
vn -0.0826 -0.6124 0.7862
vn 0.7753 -0.2847 0.5638
vn -0.1743 0.9795 -0.1005
vn 0.4338 0.6915 0.5777
vn 0.2321 0.5993 0.7661
vn -0.2991 0.9527 0.0540
vn -0.1773 0.6659 0.7246
vn 0.1761 -0.2772 0.9445
vn -0.1242 -0.2659 0.9560
vn -0.0006 0.6540 0.7565
vn -0.5809 0.8085 -0.0946
vn -0.8179 0.0831 0.5693
vn -0.9556 0.0436 0.2915
vn -0.5257 0.8441 0.1054
vn 0.8775 0.3667 0.3090
vn 0.0897 0.7157 0.6926
vn 0.0315 0.8934 0.4482
vn 0.8400 0.5171 0.1644
vn 0.6760 -0.5173 0.5248
vn -0.2106 -0.4352 0.8754
vn -0.1735 -0.1605 0.9717
vn 0.7004 -0.3511 0.6215
vn 0.6471 -0.7359 -0.1992
vn -0.1243 -0.9528 0.2769
vn -0.0199 -0.8375 0.5460
vn 0.7176 -0.6964 0.0136
vn 0.5177 -0.1023 -0.8494
vn -0.4256 0.2946 -0.8557
vn -0.4324 0.0100 -0.9016
vn 0.5165 0.0876 -0.8518
vn 0.2239 -0.0043 -0.9746
vn -0.5445 -0.5737 -0.6118
vn -0.2972 -0.7135 -0.6345
vn 0.0287 0.0942 -0.9951
vn 0.0400 0.9681 0.2473
vn 0.6416 0.3791 0.6668
vn 0.4349 0.2517 0.8646
vn -0.0661 0.9116 0.4058
vn 0.1984 -0.0234 -0.9798
vn -0.6735 -0.3988 -0.6224
vn -0.4554 -0.5969 -0.6606
vn 0.0227 0.1282 -0.9915
vn 0.0704 0.8369 0.5428
vn 0.5489 0.0676 0.8332
vn 0.3084 -0.0800 0.9479
vn -0.0607 0.7531 0.6551
vn -0.8108 0.5811 -0.0702
vn -0.8889 -0.4572 -0.0282
vn -0.8757 -0.4004 -0.2700
vn -0.8338 0.5473 0.0721
vn -0.8376 0.5433 -0.0573
vn -0.8672 -0.4664 0.1743
vn -0.8908 -0.4469 -0.0816
vn -0.8423 0.5293 0.1018
vn 0.8251 -0.0193 0.5647
vn -0.0079 0.2182 0.9759
vn -0.0064 0.4878 0.8730
vn 0.8328 0.1690 0.5272
vn -0.3507 0.1157 -0.9293
vn -0.9695 0.0431 -0.2412
vn -0.9410 -0.2744 -0.1978
vn -0.3719 -0.1040 -0.9224
vn 0.3997 -0.7376 0.5442
vn -0.4116 -0.3301 0.8495
vn -0.2824 -0.0944 0.9547
vn 0.4748 -0.5933 0.6500
vn 0.5037 -0.6359 -0.5847
vn -0.1921 0.0136 -0.9813
vn -0.3067 -0.2430 -0.9203
vn 0.5750 -0.4846 -0.6592
vn 0.4620 -0.5422 -0.7019
vn -0.5412 -0.6203 -0.5678
vn -0.4058 -0.8169 -0.4099
vn 0.3730 -0.4282 -0.8231
vn 0.2362 0.9645 0.1182
vn 0.4626 0.3553 0.8123
vn 0.1728 0.3208 0.9313
vn 0.0798 0.9690 0.2340
vn 0.4729 -0.4881 -0.7336
vn -0.5397 -0.5223 -0.6602
vn -0.4240 -0.7429 -0.5180
vn 0.3946 -0.3589 -0.8459
vn 0.9515 -0.0465 -0.3041
vn 0.3227 -0.6921 -0.6456
vn 0.3326 -0.8498 -0.4090
vn 0.9724 -0.1661 -0.1641
vn 0.3391 0.7091 0.6182
vn -0.3639 0.0434 0.9304
vn -0.4911 0.2787 0.8253
vn 0.4122 0.5663 0.7137
vn -0.5332 0.7809 -0.3254
vn -0.9143 0.1410 0.3798
vn -0.9902 0.0552 0.1283
vn -0.5110 0.8446 -0.1594
vn 0.4732 0.1992 0.8581
vn -0.3384 0.6668 0.6640
vn -0.2226 0.8517 0.4743
vn 0.5467 0.3414 0.7646
vn 0.1444 -0.9413 0.3052
vn -0.4970 -0.3913 0.7745
vn -0.3082 -0.2516 0.9175
vn 0.2657 -0.8578 0.4400
vn 0.0456 0.1795 -0.9827
vn -0.3567 -0.6356 -0.6847
vn -0.0962 -0.7772 -0.6219
vn 0.1915 0.0709 -0.9789
vn 0.6078 0.7085 -0.3587
vn -0.3148 0.5599 -0.7664
vn -0.1128 0.3959 -0.9113
vn 0.4732 0.8305 -0.2939
vn 0.2603 0.5557 -0.7896
vn -0.0710 -0.4155 -0.9068
vn 0.2216 -0.3994 -0.8896
vn 0.0794 0.5369 -0.8399
vn -0.4533 0.3305 0.8278
vn 0.3902 -0.1201 0.9129
vn 0.2742 -0.3780 0.8843
vn -0.5186 0.1367 0.8441
vn 0.2735 0.6550 -0.7044
vn -0.1829 -0.2381 -0.9539
vn 0.1090 -0.2575 -0.9601
vn 0.0882 0.6655 -0.7412
vn -0.5010 0.4619 0.7319
vn 0.3986 0.1741 0.9005
vn 0.3192 -0.1000 0.9424
vn -0.5381 0.2770 0.7961
vn -0.7866 0.1833 -0.5896
vn -0.2823 -0.6827 -0.6740
vn -0.1794 -0.4600 -0.8696
vn -0.8757 -0.0077 -0.4828
vn -0.0685 0.7246 -0.6857
vn -0.0012 -0.2667 -0.9638
vn 0.2445 -0.1421 -0.9592
vn -0.2488 0.6336 -0.7325
vn 0.4927 0.2701 0.8273
vn -0.3138 -0.2594 0.9134
vn -0.4801 -0.0276 0.8768
vn 0.3776 0.4126 0.8289
vn 0.1351 0.2839 -0.9493
vn -0.5649 -0.3272 -0.7575
vn -0.3868 -0.5681 -0.7264
vn 0.2328 0.1229 -0.9647
vn -0.8832 0.1951 -0.4265
vn -0.1072 0.1280 -0.9860
vn -0.0031 0.3899 -0.9208
vn -0.8259 0.3798 -0.4167
vn -0.3821 -0.1899 -0.9044
vn 0.0483 -0.9327 -0.3573
vn 0.2358 -0.8109 -0.5355
vn -0.5225 -0.3186 -0.7909
vn -0.7869 0.6001 -0.1437
vn -0.2569 0.6146 0.7459
vn -0.4358 0.4647 0.7708
vn -0.6650 0.7277 -0.1682
vn 0.3897 0.1483 0.9089
vn -0.0555 -0.6868 0.7247
vn -0.3291 -0.5590 0.7611
vn 0.2285 0.2006 0.9526
vn -0.5435 0.5717 -0.6147
vn -0.3305 0.8768 0.3492
vn -0.5618 0.7549 0.3384
vn -0.3860 0.6911 -0.6110
vn 0.5109 0.3602 -0.7805
vn 0.4491 -0.6028 -0.6595
vn 0.6470 -0.6104 -0.4569
vn 0.6312 0.3564 -0.6888
vn 0.3349 0.8096 0.4821
vn -0.0114 -0.0092 0.9999
vn -0.2278 0.1882 0.9554
vn 0.4591 0.7057 0.5397
vn 0.4471 0.5940 -0.6687
vn 0.8806 0.4090 0.2392
vn 0.7019 0.6809 0.2092
vn 0.6310 0.4246 -0.6493
vn -0.0281 0.5659 0.8240
vn 0.2785 -0.3248 0.9038
vn -0.0226 -0.4493 0.8931
vn -0.2002 0.4689 0.8603
vn -0.9919 0.0696 0.1062
vn -0.6262 0.0466 -0.7783
vn -0.5352 0.3246 -0.7799
vn -0.9619 0.2615 0.0803
vn -0.8740 -0.4813 -0.0664
vn -0.5665 0.0195 -0.8238
vn -0.6429 0.2786 -0.7135
vn -0.9502 -0.3114 -0.0161
vn -0.4878 -0.0928 -0.8680
vn 0.5406 -0.0891 -0.8365
vn 0.4298 0.1776 -0.8853
vn -0.4029 -0.2691 -0.8748
vn -0.9153 0.1015 -0.3899
vn -0.7876 -0.1643 0.5939
vn -0.8161 -0.3980 0.4190
vn -0.9331 0.2472 -0.2612
vn 0.6121 0.7181 -0.3312
vn 0.8372 -0.1945 -0.5112
vn 0.9393 -0.2422 -0.2430
vn 0.7078 0.6863 -0.1673
vn -0.9509 -0.0083 -0.3093
vn -0.7180 0.1321 0.6834
vn -0.7702 -0.1491 0.6201
vn -0.9522 0.1775 -0.2486
vn 0.3919 0.8573 -0.3338
vn 0.4834 0.0718 -0.8725
vn 0.7017 -0.0370 -0.7115
vn 0.5549 0.7928 -0.2522
vn -0.2107 0.4636 0.8606
vn 0.2867 -0.4260 0.8581
vn 0.0001 -0.4688 0.8833
vn -0.0197 0.4830 0.8754
vn -0.1128 0.9555 -0.2727
vn 0.4734 0.7069 0.5255
vn 0.1939 0.7697 0.6083
vn 0.0829 0.9465 -0.3119
vn -0.6428 -0.7646 -0.0480
vn 0.2746 -0.9325 -0.2348
vn 0.2673 -0.8174 -0.5102
vn -0.6450 -0.7245 -0.2430
vn -0.6965 -0.7036 -0.1407
vn -0.4054 -0.1893 -0.8943
vn -0.5646 0.0464 -0.8240
vn -0.8213 -0.5576 -0.1204
vn -0.9514 0.1526 -0.2674
vn -0.2582 0.5190 -0.8148
vn -0.2008 0.7441 -0.6371
vn -0.9304 0.3233 -0.1727
vn -0.4654 0.2268 -0.8555
vn 0.4512 -0.2389 -0.8598
vn 0.4764 0.0520 -0.8777
vn -0.4725 0.0342 -0.8807
vn -0.7730 0.2379 0.5881
vn -0.1208 0.9554 0.2695
vn -0.0407 0.8469 0.5303
vn -0.8367 0.3374 0.4314
vn 0.9726 0.1890 0.1350
vn 0.3598 0.4269 0.8297
vn 0.2602 0.6680 0.6972
vn 0.9265 0.3694 0.0713
vn -0.6370 0.6076 0.4744
vn 0.1783 0.9839 -0.0121
vn 0.2346 0.9325 0.2747
vn -0.6751 0.6778 0.2914
vn -0.2459 -0.8550 0.4567
vn -0.5325 -0.0299 0.8459
vn -0.2710 0.0292 0.9621
vn -0.0867 -0.8225 0.5621
vn 0.2259 -0.3018 0.9262
vn 0.1525 0.6905 0.7071
vn 0.4269 0.6001 0.6765
vn 0.0542 -0.2290 0.9719
vn -0.5560 0.8121 0.1773
vn 0.2343 0.5767 0.7826
vn -0.0199 0.4661 0.8845
vn -0.3873 0.9115 0.1382
vn -0.3379 -0.9333 -0.1213
vn 0.5380 -0.7242 -0.4315
vn 0.4450 -0.5851 -0.6779
vn -0.3867 -0.8710 -0.3030
vn -0.9695 0.0843 0.2300
vn -0.6346 0.5677 -0.5244
vn -0.5100 0.7788 -0.3653
vn -0.9130 0.2449 0.3262
vn -0.3385 -0.6927 0.6368
vn -0.9542 -0.2985 0.0188
vn -0.9842 -0.0486 0.1704
vn -0.3904 -0.5406 0.7452
vn -0.8938 -0.4461 -0.0471
vn -0.4165 -0.1324 -0.8994
vn -0.6011 0.0699 -0.7961
vn -0.7970 -0.5863 -0.1451
vn -0.4794 -0.3735 0.7942
vn 0.4559 0.0427 0.8890
vn 0.4684 -0.2475 0.8481
vn -0.4780 -0.1900 0.8576
vn -0.3039 0.6654 -0.6818
vn 0.0654 -0.1619 -0.9846
vn 0.3419 -0.0826 -0.9361
vn -0.1173 0.7197 -0.6843
vn -0.7073 -0.2476 0.6621
vn 0.1923 0.1442 0.9707
vn 0.1944 -0.1486 0.9696
vn -0.7103 -0.0571 0.7015
vn -0.6249 0.6247 0.4683
vn 0.2395 0.9433 0.2297
vn 0.3816 0.8059 0.4527
vn -0.5272 0.5687 0.6314
vn 0.2986 0.6428 0.7055
vn 0.9610 -0.0060 0.2765
vn 0.8457 -0.1178 0.5205
vn 0.4059 0.7206 0.5622
vn -0.6941 0.6985 -0.1742
vn 0.2930 0.9503 -0.1052
vn 0.1528 0.9758 0.1566
vn -0.6007 0.7190 -0.3496
vn 0.7383 0.3387 0.5833
vn 0.9620 -0.2180 -0.1644
vn 0.8843 -0.4659 -0.0328
vn 0.7196 0.1691 0.6735
vn -0.4050 -0.8655 0.2946
vn -0.9764 -0.1986 -0.0850
vn -0.9864 -0.0379 0.1600
vn -0.4423 -0.7704 0.4591
vn 0.6570 0.7458 -0.1105
vn 0.8785 0.0268 0.4769
vn 0.7081 0.1209 0.6957
vn 0.5743 0.8170 0.0523
vn -0.0834 0.4650 -0.8814
vn -0.4713 -0.4675 -0.7479
vn -0.2004 -0.4837 -0.8520
vn -0.2715 0.4666 -0.8418
vn 0.0574 0.8403 0.5391
vn 0.8852 0.2631 0.3837
vn 0.7496 0.1907 0.6339
vn 0.1742 0.9028 0.3931
vn -0.7663 -0.3798 0.5181
vn -0.3299 0.4004 0.8549
vn -0.0997 0.2561 0.9615
vn -0.6280 -0.4682 0.6216
vn 0.2858 0.8966 0.3383
vn 0.9448 0.2907 -0.1514
vn 0.9581 0.2501 0.1396
vn 0.3090 0.9396 0.1474
vn -0.8836 -0.2254 0.4105
vn -0.4455 0.5783 0.6834
vn -0.2548 0.4438 0.8592
vn -0.7767 -0.3003 0.5536
vn -0.0995 0.1383 0.9854
vn 0.7817 0.3652 0.5055
vn 0.7822 0.0942 0.6159
vn -0.0749 0.3282 0.9416
vn 0.5621 0.8249 -0.0601
vn 0.9024 -0.0030 0.4309
vn 0.7670 0.1791 0.6161
vn 0.6791 0.7147 -0.1677
vn -0.9978 0.0526 0.0412
vn -0.5978 -0.7326 -0.3255
vn -0.5356 -0.6099 -0.5842
vn -0.9833 0.1136 -0.1424
vn 0.5764 0.8140 0.0719
vn 0.9149 -0.0157 0.4033
vn 0.7594 -0.0048 0.6506
vn 0.5025 0.8273 0.2512
vn -0.8585 0.4021 -0.3184
vn -0.1037 0.4160 -0.9034
vn 0.0330 0.6382 -0.7692
vn -0.7774 0.5732 -0.2589
vn -0.4357 0.2900 -0.8521
vn 0.0597 -0.6021 -0.7962
vn 0.2372 -0.3914 -0.8891
vn -0.5537 0.1404 -0.8208
vn -0.5048 0.7233 -0.4712
vn -0.2483 0.8187 0.5177
vn -0.5160 0.7068 0.4839
vn -0.3414 0.8318 -0.4377
vn 0.3800 0.0826 0.9213
vn -0.1382 -0.6984 0.7022
vn -0.4059 -0.5385 0.7385
vn 0.2241 0.1401 0.9644
vn -0.6373 0.6590 -0.3995
vn -0.1953 0.8356 0.5134
vn -0.4376 0.7146 0.5457
vn -0.4834 0.7700 -0.4164
vn 0.6800 -0.1577 -0.7160
vn -0.0628 -0.7828 -0.6191
vn 0.0484 -0.9132 -0.4046
vn 0.7563 -0.2427 -0.6075
vn 0.5956 0.7208 0.3545
vn -0.0034 0.1657 0.9862
vn -0.1398 0.3995 0.9060
vn 0.6788 0.6075 0.4125
vn -0.3408 -0.2733 -0.8995
vn 0.4780 -0.7318 -0.4858
vn 0.5539 -0.5083 -0.6594
vn -0.3797 -0.4453 -0.8109
vn -0.0934 0.9053 0.4144
vn -0.1745 0.1234 0.9769
vn -0.4484 0.0716 0.8909
vn -0.2657 0.8815 0.3904
vn -0.9681 0.2507 0.0033
vn -0.5152 0.1865 -0.8365
vn -0.3751 0.4426 -0.8145
vn -0.9002 0.4354 -0.0094
vn -0.3374 0.8963 -0.2876
vn 0.0805 0.3093 -0.9476
vn 0.3372 0.3699 -0.8657
vn -0.1877 0.9490 -0.2534
vn -0.0578 0.3436 -0.9373
vn -0.3530 -0.6104 -0.7091
vn -0.0904 -0.6039 -0.7919
vn -0.2626 0.3280 -0.9074
vn 0.5209 0.8526 0.0408
vn 0.0906 0.4506 0.8881
vn -0.0865 0.6413 0.7624
vn 0.6322 0.7622 0.1393
vn 0.1341 -0.3408 0.9305
vn -0.7793 -0.2928 0.5540
vn -0.7947 -0.0337 0.6061
vn 0.1038 -0.1827 0.9777
vn 0.3757 0.8300 -0.4123
vn 0.4922 0.6295 0.6013
vn 0.2482 0.8287 0.5017
vn 0.5931 0.7418 -0.3129
vn 0.9000 -0.1638 -0.4039
vn 0.1185 -0.4133 -0.9029
vn 0.0686 -0.6479 -0.7586
vn 0.8874 -0.3307 -0.3212
vn 0.6349 0.0877 0.7676
vn -0.3561 -0.1588 0.9209
vn -0.3163 0.1133 0.9419
vn 0.6198 -0.0856 0.7801
vn -0.2240 0.2700 -0.9364
vn 0.0620 -0.6957 -0.7157
vn 0.2834 -0.5568 -0.7808
vn -0.3604 0.1670 -0.9177
vn 0.6420 0.6211 0.4495
vn 0.0239 0.1460 0.9890
vn -0.2174 0.3285 0.9192
vn 0.4822 0.7523 0.4489
vn -0.4685 0.8678 -0.1658
vn 0.1090 0.5141 -0.8508
vn 0.3459 0.5963 -0.7244
vn -0.3103 0.9462 -0.0919
vn -0.5285 0.7712 -0.3550
vn 0.4178 0.6420 -0.6429
vn 0.5016 0.7600 -0.4132
vn -0.4638 0.8520 -0.2427
vn 0.1774 0.4085 -0.8953
vn 0.0888 -0.6110 -0.7866
vn 0.3702 -0.5367 -0.7582
vn 0.0247 0.3500 -0.9364
vn -0.0715 0.9760 0.2055
vn -0.2994 0.2739 0.9140
vn -0.5359 0.3652 0.7612
vn 0.0754 0.9331 0.3516
vn 0.0276 -0.7282 0.6848
vn -0.4236 -0.9006 -0.0969
vn -0.7051 -0.7083 -0.0348
vn -0.1877 -0.6515 0.7350
vn 0.1932 0.9808 -0.0247
vn -0.1027 0.5198 0.8481
vn -0.3319 0.6482 0.6854
vn 0.3375 0.9336 0.1202
vn 0.9989 -0.0306 0.0351
vn 0.5957 -0.2994 -0.7453
vn 0.4848 -0.6141 -0.6228
vn 0.9601 -0.2703 0.0720
vn 0.3493 0.1301 0.9279
vn -0.1790 -0.7044 0.6869
vn -0.3631 -0.5067 0.7819
vn 0.4518 -0.0244 0.8918
vn 0.0830 0.2319 -0.9692
vn 0.4666 -0.6539 -0.5956
vn 0.6822 -0.4207 -0.5980
vn -0.0015 0.0932 -0.9956
vn 0.1058 0.6644 0.7398
vn -0.5335 -0.0430 0.8447
vn -0.7267 0.0814 0.6821
vn -0.0298 0.7582 0.6513
vn -0.7395 0.6386 -0.2130
vn 0.1658 0.8524 -0.4959
vn 0.2287 0.9446 -0.2355
vn -0.6945 0.7172 -0.0584
vn 0.5009 0.5293 -0.6848
vn 0.4968 0.5026 -0.7075
vn 0.5205 0.5090 -0.6856
vn 0.6016 0.5703 -0.5593
vn 0.5093 0.6795 -0.5281
vn 0.5476 0.5654 -0.6168
vn 0.5714 0.3912 -0.7214
vn 0.5487 0.3827 -0.7433
vn 0.5206 0.4512 -0.7249
vn 0.7643 0.2483 -0.5952
vn 0.7640 0.2497 -0.5949
vn 0.7642 0.2482 -0.5953
vn -0.7441 -0.3121 0.5907
vn -0.7290 -0.1306 0.6720
vn -0.7290 -0.1305 0.6720
vn -0.7290 -0.1300 0.6720
vn 0.5934 0.5010 -0.6300
vn 0.5158 0.4815 -0.7086
vn 0.5377 0.4208 -0.7306
vn 0.5955 0.3350 -0.7301
vn 0.6154 0.3556 -0.7034
vn 0.6308 0.3383 -0.6983
vn 0.6303 0.3652 -0.6851
vn 0.7646 0.2469 -0.5953
vn 0.7649 0.2468 -0.5950
vn 0.7648 0.2461 -0.5954
vn 0.7651 0.2446 -0.5956
vn 0.7653 0.2435 -0.5958
vn 0.7654 0.2431 -0.5958
vn 0.7744 0.1896 -0.6036
vn 0.7686 0.2258 -0.5985
vn 0.7641 0.2497 -0.5949
vn -0.8435 0.5292 -0.0916
vn -0.8613 0.5023 -0.0766
vn -0.8554 0.5065 -0.1085
vn -0.7855 0.5698 -0.2415
vn -0.7122 0.6794 -0.1768
vn -0.8084 0.5648 -0.1659
vn -0.9107 0.3906 -0.1343
vn -0.9187 0.3811 -0.1036
vn -0.8883 0.4506 -0.0885
vn -0.8977 0.2473 -0.3648
vn -0.8978 0.2472 -0.3644
vn -0.8977 0.2473 -0.3646
vn 0.8839 -0.3113 0.3489
vn 0.8839 -0.3113 0.3490
vn 0.9466 -0.1306 0.2948
vn 0.9466 -0.1304 0.2949
vn 0.9466 -0.1299 0.2949
vn -0.8427 0.5004 -0.1989
vn -0.8757 0.4735 -0.0942
vn -0.9018 0.4204 -0.1004
vn -0.9306 0.3333 -0.1510
vn -0.9186 0.3509 -0.1819
vn -0.9203 0.3378 -0.1974
vn -0.9122 0.3549 -0.2050
vn -0.8980 0.2461 -0.3646
vn -0.8979 0.2460 -0.3650
vn -0.8983 0.2450 -0.3647
vn -0.8986 0.2437 -0.3649
vn -0.8988 0.2428 -0.3650
vn -0.8990 0.2421 -0.3651
vn -0.9109 0.1844 -0.3691
vn -0.9045 0.2164 -0.3675
vn -0.8975 0.2485 -0.3644
vn 0.3426 0.5299 0.7758
vn 0.3641 0.5029 0.7839
vn 0.3335 0.5081 0.7941
vn 0.1835 0.5703 0.8006
vn 0.2028 0.6795 0.7051
vn 0.2604 0.5653 0.7827
vn 0.3390 0.3910 0.8557
vn 0.3695 0.3824 0.8469
vn 0.3675 0.4511 0.8133
vn 0.1334 0.2486 0.9594
vn 0.1332 0.2498 0.9591
vn 0.1335 0.2485 0.9594
vn -0.1395 -0.3120 -0.9398
vn -0.2163 -0.1308 -0.9675
vn -0.2163 -0.1306 -0.9676
vn -0.2163 -0.1303 -0.9676
vn 0.2490 0.5008 0.8290
vn 0.3564 0.4721 0.8063
vn 0.3638 0.4219 0.8304
vn 0.3345 0.3348 0.8809
vn 0.3017 0.3519 0.8861
vn 0.2894 0.3363 0.8962
vn 0.2787 0.3530 0.8931
vn 0.1332 0.2471 0.9598
vn 0.1327 0.2470 0.9599
vn 0.1333 0.2462 0.9600
vn 0.1332 0.2447 0.9604
vn 0.1334 0.2441 0.9605
vn 0.1334 0.2434 0.9607
vn 0.1357 0.1867 0.9730
vn 0.1343 0.2132 0.9677
vn 0.1332 0.2500 0.9590
vn -0.9419 0.2923 0.1655
vn -0.9419 0.2924 0.1655
vn -0.3497 0.5879 0.7294
vn -0.4754 0.0474 0.8785
vn -0.4756 0.0482 0.8784
vn -0.4743 0.0400 0.8795
vn -0.4767 0.0556 0.8773
vn -0.7112 0.0410 0.7018
vn -0.6684 0.1214 0.7338
vn -0.7141 0.0351 0.6992
vn -0.7538 -0.0560 0.6547
vn -0.8468 0.4107 0.3379
vn -0.7700 0.4510 0.4513
vn -0.8151 0.4296 0.3888
vn -0.8976 0.3708 0.2384
vn -0.3668 -0.1862 0.9115
vn -0.3119 -0.1057 0.9442
vn -0.4234 -0.2736 0.8637
vn -0.5047 -0.4103 0.7595
vn -0.6069 0.5535 0.5704
vn -0.8136 -0.3123 0.4904
vn -0.6786 0.1350 0.7220
vn -0.8618 -0.3010 0.4084
vn -0.6729 0.6419 0.3676
vn -0.1887 -0.6700 0.7179
vn -0.1133 -0.7431 0.6595
vn -0.2367 -0.6168 0.7506
vn -0.0815 -0.7702 0.6325
vn -0.7973 -0.4624 0.3879
vn -0.6412 0.2006 0.7407
vn -0.1270 -0.0150 0.9918
vn -0.9042 -0.1752 0.3896
vn -0.8978 -0.3179 0.3047
vn -0.3785 -0.0274 0.9252
vn -0.3850 -0.0255 0.9226
vn -0.3469 -0.0363 0.9372
vn -0.4164 -0.0165 0.9090
vn -0.7036 0.5131 0.4915
vn -0.6848 0.4901 0.5393
vn -0.6277 0.4252 0.6521
vn -0.7447 0.5692 0.3486
vn 0.2130 0.8671 0.4502
vn 0.4589 0.5622 0.6880
vn 0.3264 0.7567 0.5664
vn 0.1100 0.9348 0.3378
vn 0.9780 0.0576 -0.2007
vn 0.9780 0.0575 -0.2007
vn 0.9353 0.2534 0.2472
vn 0.8914 -0.1363 0.4322
vn 0.7004 -0.3320 0.6318
vn 0.8345 -0.2086 0.5099
vn 0.9749 0.0475 0.2174
vn 0.9074 -0.3035 0.2906
vn 0.9333 -0.2759 0.2298
vn 0.9190 -0.2920 0.2650
vn 0.8921 -0.3172 0.3219
vn 0.8909 -0.3365 0.3050
vn 0.9009 -0.3232 0.2898
vn 0.8913 -0.3360 0.3045
vn 0.8812 -0.3489 0.3191
vn 0.5493 0.6233 0.5566
vn 0.5317 0.6284 0.5678
vn 0.7910 0.5046 0.3459
vn 0.3099 0.6660 0.6785
vn 0.7293 0.4535 0.5123
vn 0.8945 -0.0695 0.4417
vn 0.7833 0.3543 0.5107
vn 0.4940 0.7295 0.4731
vn 0.9449 -0.0101 0.3271
vn 0.9472 -0.0306 0.3192
vn 0.9449 -0.0100 0.3271
vn 0.9422 0.0107 0.3349
vn 0.6633 -0.4645 0.5868
vn 0.5577 0.6155 0.5569
vn 0.8829 -0.4599 0.0949
vn 0.7581 -0.4120 0.5056
vn 0.9578 0.1251 0.2589
vn 0.8631 -0.3422 -0.3713
vn 0.8609 -0.1999 0.4678
vn 0.7528 -0.2415 0.6123
vn 0.8936 -0.1706 0.4151
vn 0.6332 -0.1480 0.7597
vn 0.5980 -0.1259 0.7916
vn 0.7337 -0.2159 0.6442
vn 0.4810 -0.0566 0.8749
vn 0.1502 0.3142 -0.9374
vn -0.7991 0.0286 -0.6005
vn -0.5714 0.0061 -0.8206
vn -0.5707 0.0107 -0.8211
vn -0.5766 -0.0279 -0.8165
vn -0.5649 0.0435 -0.8240
vn -0.3408 0.2119 -0.9160
vn -0.2929 0.1724 -0.9405
vn -0.3492 0.2189 -0.9111
vn -0.4113 0.2708 -0.8703
vn -0.1701 0.2643 -0.9493
vn -0.1859 0.2798 -0.9419
vn -0.1633 0.2576 -0.9523
vn -0.1479 0.2425 -0.9588
vn -0.2684 -0.3255 -0.9067
vn -0.3006 -0.2980 -0.9060
vn -0.2598 -0.3326 -0.9066
vn -0.2321 -0.3552 -0.9055
vn -0.3094 0.4567 -0.8341
vn 0.0293 -0.4882 -0.8722
vn -0.1596 0.0561 -0.9856
vn 0.0931 -0.4960 -0.8633
vn 0.0244 0.6343 -0.7727
vn -0.1789 -0.5597 -0.8092
vn -0.1788 -0.5596 -0.8092
vn -0.1791 -0.5602 -0.8088
vn -0.1786 -0.5590 -0.8097
vn 0.1008 -0.2193 -0.9704
vn -0.1847 0.0477 -0.9816
vn -0.7388 -0.4530 -0.4990
vn -0.1063 -0.1046 -0.9888
vn -0.2008 -0.3851 -0.9007
vn -0.2555 0.1819 -0.9495
vn -0.2247 0.1757 -0.9585
vn -0.1367 0.1571 -0.9781
vn -0.4008 0.2093 -0.8919
vn 0.0292 0.2461 -0.9688
vn 0.0311 0.2459 -0.9688
vn 0.0326 0.2458 -0.9688
vn 0.0275 0.2463 -0.9688
vn 0.7725 0.6178 -0.1466
vn 0.4811 0.3623 0.7983
vn 0.3513 0.6098 0.7105
vn 0.8782 0.4735 -0.0675
vn -0.7833 0.1662 -0.5990
vn -0.4647 -0.7192 -0.5166
vn -0.2179 -0.6764 -0.7036
vn -0.6423 0.1666 -0.7481
vn -0.8268 0.1216 -0.5492
vn -0.6763 -0.7195 -0.1579
vn -0.4559 -0.8111 -0.3664
vn -0.7134 0.0301 -0.7001
vn -0.5098 0.7498 0.4217
vn -0.0464 0.0418 0.9980
vn -0.3271 -0.0284 0.9445
vn -0.3349 0.8042 0.4910
vn 0.7608 0.5573 -0.3326
vn 0.6430 0.3786 0.6658
vn 0.5114 0.6280 0.5865
vn 0.8721 0.4114 -0.2648
vn 0.3327 -0.0323 -0.9425
vn -0.6339 0.2236 -0.7404
vn -0.6086 -0.0652 -0.7908
vn 0.3010 0.1608 -0.9400
vn 0.5330 0.3841 0.7539
vn 0.4471 -0.5647 0.6937
vn 0.1723 -0.5741 0.8004
vn 0.3659 0.3635 0.8568
vn 0.4317 0.4027 0.8071
vn 0.1570 -0.5110 0.8451
vn -0.1291 -0.4510 0.8831
vn 0.2466 0.4316 0.8677
vn -0.3535 0.9349 0.0314
vn -0.9908 0.1329 0.0239
vn -0.9401 0.2348 -0.2471
vn -0.4211 0.8828 0.2081
vn 0.4304 0.2361 -0.8712
vn -0.3879 0.7488 -0.5375
vn -0.4653 0.5253 -0.7124
vn 0.4724 0.4050 -0.7828
vn 0.1963 0.6104 -0.7674
vn -0.7621 0.3218 -0.5618
vn -0.6365 0.1425 -0.7580
vn 0.0951 0.7412 -0.6645
vn -0.1109 0.7083 0.6972
vn 0.5752 0.4010 0.7130
vn 0.3419 -0.1656 0.9250
vn -0.1313 0.4249 0.8956
vn 0.3157 0.2532 0.9144
vn 0.5542 -0.5620 0.6139
vn 0.1843 -0.7333 0.6545
vn 0.1666 0.1112 0.9797
vn -0.8158 0.5070 0.2783
vn -0.8973 -0.3782 -0.2278
vn -0.9000 -0.1467 -0.4105
vn -0.8508 0.3499 0.3921
vn 0.3734 0.6724 -0.6391
vn -0.6233 0.4467 -0.6419
vn -0.4758 0.2802 -0.8337
vn 0.2639 0.7991 -0.5401
vn 0.4948 0.8571 -0.1431
vn 0.9735 -0.0130 0.2284
vn 0.9084 0.0743 0.4114
vn 0.5221 0.8143 -0.2537
vn -0.8490 0.5234 -0.0727
vn -0.5823 -0.0515 -0.8114
vn -0.4087 0.0690 -0.9100
vn -0.6995 0.6726 -0.2413
vn -0.8272 0.5282 -0.1918
vn -0.5333 -0.2120 -0.8189
vn -0.4194 -0.0772 -0.9045
vn -0.6969 0.6482 -0.3069
vn -0.2556 0.2455 0.9351
vn 0.4458 -0.4976 0.7441
vn 0.1889 -0.5934 0.7825
vn -0.0071 0.2878 0.9577
vn 0.3611 0.8763 -0.3190
vn 0.9521 0.1948 0.2355
vn 0.8603 0.3183 0.3982
vn 0.4146 0.8100 -0.4148
vn 0.7275 0.1835 0.6611
vn 0.2830 -0.6402 0.7142
vn 0.1686 -0.4257 0.8890
vn 0.8756 -0.0700 0.4780
vn -0.6119 0.7522 -0.2445
vn -0.3730 0.0555 -0.9262
vn -0.2339 0.1202 -0.9648
vn -0.3777 0.8528 -0.3606
vn -0.6240 0.5612 -0.5437
vn -0.2874 -0.3100 -0.9063
vn -0.0962 -0.2057 -0.9739
vn -0.4471 0.6214 -0.6434
vn -0.1718 0.2829 0.9436
vn 0.1674 -0.6757 0.7179
vn -0.1343 -0.6591 0.7400
vn 0.0200 0.2291 0.9732
vn 0.6921 0.4942 0.5260
vn 0.4209 -0.4028 0.8128
vn 0.2920 -0.2025 0.9347
vn 0.8668 0.2814 0.4116
vn 0.5685 0.5758 0.5876
vn 0.7299 -0.4222 0.5375
vn 0.5083 -0.2371 0.8279
vn 0.8273 0.3932 0.4012
vn -0.3427 0.7239 0.5987
vn -0.5694 0.5672 -0.5950
vn -0.5632 0.7121 -0.4192
vn -0.1353 0.6806 0.7201
vn -0.6571 0.5555 0.5095
vn -0.6316 0.1892 -0.7518
vn -0.7458 0.3552 -0.5636
vn -0.4567 0.5223 0.7201
vn -0.1898 -0.4314 0.8820
vn 0.2375 -0.9585 -0.1579
vn -0.0404 -0.9650 0.2592
vn 0.4861 -0.7584 0.4342
vn 0.6590 0.6692 0.3434
vn 0.8532 -0.3602 0.3773
vn 0.7381 -0.3541 0.5743
vn 0.6993 0.6675 0.2559
vn 0.2101 -0.2307 -0.9501
vn -0.6468 -0.5691 -0.5077
vn -0.4293 -0.7641 -0.4815
vn 0.0520 -0.1229 -0.9911
vn 0.0780 0.9589 0.2727
vn 0.7943 0.3643 0.4861
vn 0.6578 0.2396 0.7141
vn 0.0107 0.8953 0.4454
vn 0.2131 0.9232 0.3199
vn 0.6204 0.1817 0.7629
vn 0.3814 0.1085 0.9180
vn 0.0724 0.8888 0.4525
vn -0.9247 0.2985 -0.2362
vn -0.7709 -0.5683 0.2875
vn -0.7870 -0.6170 -0.0026
vn -0.9481 0.3153 -0.0414
vn 0.3955 -0.1302 -0.9092
vn -0.5740 -0.3897 -0.7202
vn -0.3935 -0.6177 -0.6809
vn 0.2653 0.0055 -0.9641
vn 0.1522 0.9249 -0.3485
vn 0.5873 0.6164 0.5246
vn 0.3317 0.7487 0.5739
vn 0.3368 0.8665 -0.3684
vn -0.8962 -0.2142 -0.3885
vn -0.1656 -0.8012 -0.5750
vn -0.0458 -0.6266 -0.7780
vn -0.8284 -0.1214 -0.5469
vn -0.8518 -0.4588 -0.2528
vn -0.0427 -0.9683 -0.2460
vn 0.0544 -0.8636 -0.5013
vn -0.7954 -0.4211 -0.4359
vn -0.7312 0.4980 0.4662
vn 0.1438 0.2846 0.9478
vn -0.0576 0.0756 0.9955
vn -0.6040 0.6457 0.4671
vn 0.1242 0.8720 -0.4734
vn 0.3569 0.7770 0.5185
vn 0.0834 0.8720 0.4824
vn 0.3130 0.8420 -0.4393
vn 0.3233 0.7147 -0.6202
vn 0.7553 0.5843 0.2969
vn 0.5409 0.7827 0.3080
vn 0.4878 0.6098 -0.6247
vn -0.9831 0.1744 -0.0560
vn -0.6815 -0.7312 -0.0308
vn -0.5965 -0.7391 -0.3129
vn -0.9571 0.1472 -0.2494
vn -0.9304 -0.2672 0.2509
vn -0.2574 -0.9444 0.2047
vn -0.2587 -0.9619 -0.0884
vn -0.9483 -0.3113 0.0612
vn -0.3381 0.7377 0.5844
vn 0.5995 0.3523 0.7186
vn 0.4027 0.2167 0.8893
vn -0.1968 0.8428 0.5010
vn 0.2732 0.7091 -0.6501
vn 0.6018 0.7326 0.3180
vn 0.3574 0.8893 0.2853
vn 0.4520 0.6358 -0.6257
vn 0.1242 0.8474 -0.5162
vn 0.5030 0.7502 0.4291
vn 0.2367 0.8696 0.4334
vn 0.3129 0.8004 -0.5114
vn -0.9028 -0.1634 -0.3978
vn -0.3539 -0.9166 -0.1862
vn -0.1801 -0.8888 -0.4215
vn -0.8048 -0.1748 -0.5671
vn -0.3381 0.1657 0.9264
vn 0.3907 -0.4383 0.8095
vn 0.2237 -0.6623 0.7151
vn -0.4420 0.0014 0.8970
vn -0.7335 0.4359 0.5214
vn 0.2406 0.5318 0.8120
vn 0.1117 0.3043 0.9460
vn -0.6502 0.6021 0.4634
vn 0.1333 0.8030 -0.5809
vn 0.1676 0.8828 0.4388
vn -0.1009 0.9360 0.3373
vn 0.3130 0.8025 -0.5079
vn 0.9989 -0.0433 0.0200
vn 0.4446 -0.4577 0.7700
vn 0.5210 -0.1808 0.8342
vn 0.9717 -0.2363 0.0016
vn -0.3154 0.9104 -0.2676
vn -0.7280 0.1487 -0.6693
vn -0.5076 0.0943 -0.8564
vn -0.1919 0.8878 -0.4182
vn -0.4751 0.7993 -0.3680
vn -0.9372 -0.0352 -0.3470
vn -0.7996 -0.1489 -0.5817
vn -0.4167 0.7293 -0.5427
vn 0.0767 0.6932 0.7167
vn 0.2690 -0.2934 0.9174
vn -0.0112 -0.2211 0.9752
vn 0.2678 0.6441 0.7165
vn 0.9720 0.1766 -0.1552
vn 0.6428 -0.1651 0.7480
vn 0.6560 0.1287 0.7437
vn 0.9911 -0.0170 -0.1318
vn 0.0372 0.9292 -0.3676
vn -0.5762 0.3079 -0.7571
vn -0.2883 0.3731 -0.8819
vn -0.2956 0.9348 -0.1969
vn -0.4568 -0.0345 0.8889
vn 0.5438 -0.3436 0.7656
vn 0.4098 -0.5043 0.7601
vn -0.4209 -0.1886 0.8873
vn -0.1644 -0.0831 0.9829
vn 0.6417 -0.5392 0.5454
vn 0.4851 -0.7212 0.4945
vn -0.2314 -0.2049 0.9510
vn -0.6647 -0.7466 -0.0278
vn -0.0163 -0.8692 -0.4942
vn -0.3381 -0.5041 -0.7947
vn -0.4225 -0.8980 0.1230
vn 0.0028 0.9152 -0.4030
vn -0.7440 0.3355 -0.5778
vn -0.4841 0.3533 -0.8005
vn -0.2165 0.9567 -0.1943
vn 0.3387 0.9409 -0.0014
vn -0.5444 0.7014 -0.4601
vn -0.3205 0.6910 -0.6479
vn 0.1815 0.9776 0.1062
vn -0.1431 -0.3011 0.9428
vn 0.3969 -0.8408 0.3683
vn 0.1700 -0.9596 0.2244
vn -0.2853 -0.4107 0.8660
vn -0.0820 -0.5697 0.8177
vn 0.4962 -0.8607 0.1140
vn 0.2793 -0.9585 -0.0569
vn -0.2140 -0.6670 0.7136
vn -0.8549 0.3277 0.4022
vn -0.8336 -0.0351 -0.5513
vn -0.7966 0.2565 -0.5474
vn -0.9112 0.1405 0.3872
vn 0.4855 0.8239 0.2922
vn -0.4256 0.8889 -0.1694
vn -0.2073 0.9087 -0.3623
vn 0.3367 0.8455 0.4145
vn 0.6022 0.5595 -0.5696
vn -0.4132 0.6427 -0.6451
vn -0.3079 0.4489 -0.8389
vn 0.5279 0.7081 -0.4689
vn 0.1233 -0.1457 0.9816
vn 0.4630 0.6583 0.5935
vn 0.7009 0.5310 0.4762
vn 0.3002 -0.2136 0.9296
vn 0.1036 0.2824 0.9537
vn 0.2504 0.9307 0.2667
vn 0.5177 0.8326 0.1967
vn 0.2935 0.2468 0.9235
vn -0.1922 0.8142 0.5479
vn -0.5487 0.7301 -0.4071
vn -0.2915 0.8681 -0.4018
vn -0.3770 0.7541 0.5378
vn 0.2811 0.4010 -0.8719
vn -0.7035 0.2133 -0.6779
vn -0.5774 -0.0134 -0.8163
vn 0.1821 0.5574 -0.8100
vn 0.4779 0.6821 -0.5536
vn -0.3741 0.9264 -0.0426
vn -0.4346 0.8431 -0.3166
vn 0.5101 0.7698 -0.3837
vn 0.6983 -0.0349 0.7150
vn 0.4286 -0.8521 0.3005
vn 0.1762 -0.8755 0.4499
vn 0.5475 -0.0784 0.8331
vn -0.7068 0.3008 0.6402
vn -0.8621 -0.4902 0.1282
vn -0.9304 -0.3465 -0.1194
vn -0.7860 0.3866 0.4824
vn -0.1450 0.8345 0.5316
vn -0.9287 0.3632 0.0746
vn -0.8148 0.5717 -0.0964
vn -0.2482 0.7181 0.6502
vn 0.2742 0.6938 -0.6659
vn -0.3863 0.9187 0.0822
vn -0.5258 0.8352 -0.1612
vn 0.3549 0.7816 -0.5130
vn 0.7846 0.1564 0.5999
vn 0.5879 -0.7770 0.2250
vn 0.4656 -0.7368 0.4903
vn 0.8908 0.1067 0.4416
vn -0.6344 0.6307 0.4470
vn -0.4625 0.7409 -0.4869
vn -0.2025 0.8707 -0.4483
vn -0.4791 0.7459 0.4627
vn -0.7063 0.6471 0.2871
vn -0.5805 0.4935 -0.6477
vn -0.3412 0.6621 -0.6672
vn -0.5688 0.7810 0.2578
vn -0.8260 0.4649 -0.3188
vn -0.5641 -0.4513 -0.6915
vn -0.4594 -0.2310 -0.8576
vn -0.9201 0.3122 -0.2367
vn 0.8770 0.1988 0.4374
vn 0.7044 -0.7098 -0.0036
vn 0.6405 -0.7135 0.2840
vn 0.9498 0.1806 0.2553
vn 0.3344 0.7912 -0.5120
vn -0.1415 0.0204 -0.9897
vn 0.1506 -0.0158 -0.9885
vn 0.1445 0.8235 -0.5486
vn -0.5095 0.3494 0.7864
vn 0.3698 0.0077 0.9291
vn 0.2880 -0.2737 0.9177
vn -0.5582 0.1598 0.8142
vn -0.5152 0.2674 0.8143
vn 0.2475 -0.2944 0.9231
vn 0.1111 -0.5403 0.8341
vn -0.6048 0.0937 0.7909
vn -0.3429 -0.5013 0.7945
vn 0.3990 -0.8929 0.2085
vn 0.1351 -0.9834 0.1209
vn -0.1631 -0.4743 0.8651
vn 0.3255 0.9159 -0.2348
vn -0.1725 0.3445 -0.9228
vn 0.1182 0.3093 -0.9436
vn 0.1359 0.9583 -0.2514
vn 0.0353 0.1275 -0.9912
vn -0.2837 -0.7394 -0.6106
vn -0.0274 -0.8332 -0.5523
vn -0.0103 0.1809 -0.9835
vn -0.3963 0.8139 0.4250
vn 0.6381 0.4516 0.6236
vn 0.5140 0.4063 0.7555
vn -0.4252 0.7497 0.5072
vn -0.3018 0.7375 0.6042
vn 0.6589 0.0295 0.7516
vn 0.5105 0.1118 0.8526
vn -0.3806 0.6850 0.6213
vn -0.1170 0.1407 0.9831
vn 0.6124 -0.4436 0.6543
vn 0.3400 -0.5696 0.7483
vn 0.1398 0.2854 0.9482
vn 0.0988 0.3930 -0.9142
vn -0.4607 -0.4684 -0.7539
vn -0.2453 -0.5675 -0.7860
vn -0.0317 0.4269 -0.9037
vn 0.3251 0.0232 -0.9454
vn -0.6253 -0.3102 -0.7161
vn -0.4891 -0.5310 -0.6920
vn 0.2246 0.1199 -0.9671
vn -0.1905 0.9171 0.3502
vn 0.4652 0.2164 0.8584
vn 0.2587 0.2908 0.9211
vn -0.3194 0.9400 0.1199
vn -0.1314 0.8667 0.4813
vn 0.4439 0.1359 0.8857
vn 0.2210 0.0642 0.9732
vn -0.2335 0.8622 0.4496
vn -0.1532 0.2879 0.9453
vn 0.2008 -0.6591 0.7247
vn -0.0834 -0.6520 0.7536
vn 0.0177 0.2769 0.9607
vn 0.2952 -0.0602 -0.9535
vn -0.6642 -0.3961 -0.6340
vn -0.6036 -0.5745 -0.5528
vn 0.2450 0.0123 -0.9694
vn -0.5648 -0.0219 -0.8250
vn 0.2924 0.3166 -0.9023
vn 0.1772 0.5822 -0.7935
vn -0.3784 -0.1966 -0.9045
vn -0.1341 0.3880 0.9118
vn 0.2297 -0.4909 0.8404
vn -0.2032 -0.6285 0.7508
vn -0.1295 0.3174 0.9394
vn -0.1985 0.1171 0.9731
vn 0.2640 -0.7163 0.6459
vn -0.1432 -0.7924 0.5929
vn -0.1683 0.1085 0.9798
vn -0.0154 0.9876 0.1565
vn 0.3708 0.5674 -0.7352
vn 0.6255 0.7642 -0.1570
vn -0.0558 0.9662 -0.2516
vn -0.6530 0.0419 -0.7562
vn 0.2209 0.5721 -0.7899
vn -0.0063 0.7400 -0.6726
vn -0.4901 -0.0482 -0.8703
vn -0.7384 0.6533 0.1674
vn 0.1099 0.6668 0.7371
vn -0.0981 0.5003 0.8603
vn -0.6083 0.7859 0.1114
vn 0.3616 0.0788 -0.9290
vn -0.0650 -0.7361 -0.6737
vn 0.1639 -0.8390 -0.5189
vn 0.5184 -0.0143 -0.8550
vn 0.4888 -0.2006 -0.8490
vn 0.0143 -0.9087 -0.4172
vn 0.2175 -0.9533 -0.2096
vn 0.6316 -0.2617 -0.7298
vn 0.4796 0.8768 -0.0340
vn 0.4525 0.3285 0.8290
vn 0.2344 0.5239 0.8189
vn 0.6397 0.7686 -0.0027
vn -0.8059 0.5883 0.0668
vn -0.0281 0.6920 0.7213
vn -0.2329 0.5106 0.8277
vn -0.6823 0.7308 0.0202
vn -0.8736 0.4866 -0.0065
vn -0.4266 0.2289 0.8750
vn -0.6162 0.0219 0.7873
vn -0.7717 0.6315 0.0753
vn 0.6820 0.5517 -0.4801
vn 0.3944 -0.2648 -0.8800
vn 0.5562 -0.4394 -0.7054
vn 0.8120 0.4297 -0.3949
vn 0.6722 0.2962 -0.6785
vn 0.2419 -0.5461 -0.8020
vn 0.4041 -0.6894 -0.6012
vn 0.7971 0.1838 -0.5752
vn 0.4385 0.4643 0.7695
vn 0.2128 -0.5336 0.8185
vn -0.0026 -0.3657 0.9307
vn 0.5894 0.3427 0.7315
vn -0.8848 0.4627 0.0552
vn -0.3145 0.3267 0.8913
vn -0.5057 0.1062 0.8561
vn -0.7787 0.6187 0.1040
vn -0.3447 0.5024 -0.7929
vn 0.2041 -0.3706 -0.9061
vn 0.3776 -0.1306 -0.9167
vn -0.4355 0.3655 -0.8226
vn 0.5776 0.5954 0.5584
vn 0.2639 -0.0850 0.9608
vn -0.0992 0.1159 0.9883
vn 0.3126 0.7177 0.6223
vn 0.4376 0.4487 0.7792
vn 0.0647 -0.3359 0.9397
vn -0.2643 -0.1140 0.9577
vn 0.2181 0.5381 0.8142
vn 0.9233 -0.0017 -0.3841
vn 0.2361 -0.6432 -0.7283
vn 0.3176 -0.7946 -0.5174
vn 0.8542 0.0228 -0.5195
vn -0.4858 0.6035 -0.6323
vn -0.0413 -0.2601 -0.9647
vn 0.1727 -0.0546 -0.9835
vn -0.5635 0.5320 -0.6321
vn -0.3367 0.4279 -0.8388
vn 0.0411 -0.5475 -0.8358
vn 0.1744 -0.3108 -0.9343
vn -0.5521 0.1074 -0.8268
vn 0.6539 0.6299 0.4192
vn 0.0780 0.2242 0.9714
vn -0.2004 0.4580 0.8661
vn 0.4715 0.7802 0.4111
vn 0.8006 0.2929 0.5227
vn 0.1723 -0.2977 0.9390
vn -0.0216 -0.0565 0.9982
vn 0.7013 0.4051 0.5866
vn 0.2909 0.1558 0.9440
vn 0.3749 -0.7484 0.5471
vn 0.1189 -0.7004 0.7038
vn 0.5329 0.0796 0.8424
vn -0.3721 0.6279 -0.6836
vn -0.0493 -0.3391 -0.9394
vn 0.1047 -0.1022 -0.9892
vn -0.5736 0.3853 -0.7229
vn -0.3403 0.5540 -0.7598
vn -0.1434 -0.4395 -0.8867
vn 0.1450 -0.3752 -0.9155
vn -0.3623 0.5697 -0.7377
vn 0.8713 0.3959 0.2900
vn 0.2278 0.0368 0.9730
vn 0.0920 0.2358 0.9674
vn 0.8058 0.5194 0.2846
vn 0.8155 -0.0214 0.5783
vn 0.0168 -0.5866 0.8097
vn -0.1137 -0.4627 0.8792
vn 0.8268 0.0916 0.5550
vn 0.8696 -0.2929 -0.3975
vn -0.0057 -0.6925 -0.7214
vn 0.1398 -0.8393 -0.5255
vn 0.8125 -0.1867 -0.5523
vn -0.2986 0.8155 -0.4957
vn -0.2173 -0.0866 -0.9722
vn 0.0735 0.0522 -0.9959
vn -0.3987 0.7598 -0.5136
vn -0.8397 -0.5425 -0.0235
vn 0.0452 -0.7475 0.6627
vn 0.0554 -0.8169 0.5741
vn -0.8955 -0.4247 -0.1329
vn 0.0122 0.9952 0.0968
vn 0.1090 0.4794 -0.8708
vn 0.3808 0.5739 -0.7250
vn -0.0866 0.9782 0.1886
vn 0.0629 0.9946 0.0828
vn 0.5036 0.3520 -0.7890
vn 0.6428 0.4846 -0.5933
vn -0.0478 0.9877 0.1487
vn -0.1642 0.4224 0.8914
vn 0.4915 -0.3627 0.7918
vn 0.2274 -0.5253 0.8200
vn -0.1300 0.4463 0.8854
vn -0.9798 -0.1750 0.0968
vn -0.2829 -0.4653 0.8387
vn -0.3027 -0.6365 0.7094
vn -0.9852 -0.0618 0.1597
vn -0.6215 0.7120 -0.3268
vn 0.1282 0.4231 -0.8970
vn 0.2269 0.6293 -0.7433
vn -0.6743 0.5417 -0.5019
vn 0.3265 -0.0360 0.9445
vn -0.1114 -0.7838 0.6109
vn -0.3745 -0.6985 0.6097
vn 0.1129 0.0454 0.9926
vn 0.2245 -0.2607 0.9390
vn 0.2493 -0.9327 0.2607
vn -0.1036 -0.9589 0.2642
vn 0.0900 -0.3224 0.9423
vn 0.6355 0.7713 -0.0339
vn 0.2586 0.3368 -0.9054
vn 0.4007 0.2278 -0.8875
vn 0.5256 0.8507 0.0009
vn -0.6068 0.7928 0.0569
vn -0.0968 0.5858 -0.8047
vn 0.0525 0.7708 -0.6349
vn -0.7125 0.6975 -0.0765
vn -0.6500 0.7599 0.0067
vn -0.0686 0.5770 -0.8139
vn 0.0582 0.7703 -0.6351
vn -0.7406 0.6586 -0.1332
vn 0.5247 0.0700 0.8484
vn 0.3836 -0.7880 0.4816
vn 0.0800 -0.8109 0.5796
vn 0.3507 0.0190 0.9363
vn 0.3841 -0.1521 0.9107
vn 0.2285 -0.9088 0.3489
vn -0.0638 -0.9160 0.3961
vn 0.1992 -0.1882 0.9617
vn 0.7365 0.6722 0.0757
vn 0.3768 0.3923 -0.8391
vn 0.6076 0.2284 -0.7607
vn 0.6057 0.7957 0.0014
vn -0.5928 0.7949 0.1294
vn 0.0805 0.7641 -0.6400
vn 0.1946 0.8936 -0.4046
vn -0.6701 0.7412 -0.0408
vn -0.4566 0.8613 0.2229
vn 0.3488 0.8436 -0.4082
vn 0.4311 0.8925 -0.1324
vn -0.5040 0.8630 0.0348
vn 0.0734 -0.3963 0.9152
vn -0.1215 -0.9761 0.1802
vn -0.4040 -0.9001 0.1629
vn -0.1211 -0.3782 0.9178
vn 0.9999 0.0081 0.0087
vn 0.5547 -0.4393 -0.7066
vn 0.4882 -0.6788 -0.5485
vn 0.9814 -0.1676 0.0936
vn 0.7274 0.3569 0.5861
vn 0.7132 0.5663 -0.4130
vn 0.8750 0.3274 -0.3568
vn 0.6508 0.5307 0.5430
vn -0.5778 0.7800 0.2405
vn 0.3468 0.9215 -0.1748
vn 0.3598 0.9257 0.1169
vn -0.5813 0.8122 0.0494
vn -0.4212 0.2787 -0.8631
vn 0.4647 -0.2281 -0.8556
vn 0.5078 0.0630 -0.8592
vn -0.4390 0.0858 -0.8944
vn -0.1841 0.7275 0.6610
vn -0.3513 -0.1759 0.9196
vn -0.6048 -0.2004 0.7707
vn -0.3694 0.7129 0.5960
vn -0.1877 0.5615 0.8059
vn -0.1005 -0.3820 0.9187
vn -0.3690 -0.4474 0.8147
vn -0.3757 0.5104 0.7735
vn 0.5502 0.8310 -0.0820
vn 0.8376 -0.0367 -0.5451
vn 0.9603 -0.0085 -0.2787
vn 0.5029 0.8203 -0.2723
vn -0.5295 0.0904 -0.8435
vn 0.4424 -0.2186 -0.8698
vn 0.4225 0.0730 -0.9034
vn -0.5084 -0.1041 -0.8548
vn -0.4137 0.8031 0.4289
vn -0.1240 -0.0018 0.9923
vn -0.4071 -0.0198 0.9132
vn -0.2387 0.8231 0.5152
vn 0.7951 0.3673 -0.4825
vn 0.0637 0.0366 -0.9973
vn 0.1336 -0.2468 -0.9598
vn 0.8519 0.1794 -0.4920
vn 0.8214 0.0054 -0.5704
vn 0.0760 -0.5201 -0.8507
vn 0.1270 -0.7396 -0.6610
vn 0.8659 -0.1596 -0.4741
vn 0.5864 0.1681 0.7924
vn -0.0880 -0.6000 0.7951
vn -0.2018 -0.3548 0.9129
vn 0.6627 -0.0077 0.7488
vn -0.2777 0.9523 0.1267
vn -0.0165 0.3714 0.9283
vn -0.3057 0.3642 0.8797
vn -0.0943 0.9777 0.1874
vn -0.2795 0.8550 -0.4368
vn -0.3687 0.7306 0.5747
vn -0.6157 0.6562 0.4363
vn -0.1341 0.9326 -0.3350
vn 0.9043 -0.3527 -0.2406
vn 0.1508 -0.9359 -0.3183
vn 0.1315 -0.9908 -0.0308
vn 0.9045 -0.4225 -0.0583
vn 0.6757 -0.7189 -0.1634
vn -0.2529 -0.9458 -0.2039
vn -0.2887 -0.9535 0.0861
vn 0.6504 -0.7592 0.0246
vn 0.7343 0.4342 0.5218
vn -0.1427 0.1741 0.9743
vn -0.1505 0.4516 0.8794
vn 0.7420 0.2630 0.6167
vn -0.1187 0.8522 -0.5096
vn 0.0854 0.8658 0.4931
vn -0.2023 0.8733 0.4433
vn 0.0683 0.8812 -0.4678
vn -0.6256 0.6457 -0.4378
vn -0.4630 0.6782 0.5707
vn -0.6951 0.5108 0.5059
vn -0.4956 0.7793 -0.3834
vn 0.8346 0.0432 -0.5491
vn 0.2178 0.7711 -0.5983
vn 0.0289 0.6316 -0.7747
vn 0.7210 -0.0281 -0.6924
vn 0.8988 0.1020 -0.4263
vn 0.3550 0.8799 -0.3158
vn 0.1786 0.8204 -0.5432
vn 0.7989 0.0899 -0.5947
vn 0.6207 0.7464 -0.2401
vn 0.1054 0.7582 0.6434
vn -0.0403 0.9000 0.4339
vn 0.7243 0.6840 -0.0875
vn -0.8678 0.4928 -0.0643
vn -0.3737 0.4211 0.8265
vn -0.5697 0.2042 0.7961
vn -0.7602 0.6493 -0.0214
vn -0.6255 0.7629 -0.1637
vn 0.3162 0.9270 0.2018
vn 0.1214 0.9002 0.4182
vn -0.4966 0.8150 -0.2986
vn 0.1768 -0.5218 -0.8345
vn -0.2183 -0.9718 -0.0889
vn 0.0324 -0.9977 0.0602
vn 0.3413 -0.5740 -0.7444
vn 0.9707 0.1398 0.1952
vn 0.4988 -0.5305 0.6854
vn 0.3669 -0.3397 0.8660
vn 0.9053 0.2551 0.3398
vn 0.7658 0.5573 -0.3208
vn 0.5847 0.4453 0.6781
vn 0.4521 0.6840 0.5725
vn 0.8763 0.4204 -0.2355
vn -0.7389 0.6415 -0.2063
vn 0.1450 0.9709 0.1904
vn -0.0515 0.9151 0.3999
vn -0.6149 0.7127 -0.3375
vn -0.2187 0.0870 -0.9719
vn -0.4468 -0.7690 -0.4572
vn -0.1839 -0.7872 -0.5886
vn -0.4053 0.0752 -0.9111
vn 0.8571 0.5108 0.0662
vn 0.1966 0.6374 0.7450
vn 0.0277 0.8131 0.5815
vn 0.7572 0.6528 -0.0210
vn 0.6941 0.5380 0.4783
vn -0.1294 0.3541 0.9262
vn -0.2814 0.5587 0.7801
vn 0.5944 0.6910 0.4113
vn 0.2690 0.3096 0.9121
vn -0.3078 -0.5262 0.7927
vn -0.4725 -0.2849 0.8340
vn 0.3681 0.1396 0.9192
vn -0.0770 0.2381 -0.9682
vn -0.2394 -0.7222 -0.6489
vn 0.0403 -0.6796 -0.7325
vn -0.2666 0.1892 -0.9450
vn -0.7844 0.6197 -0.0262
vn -0.5909 0.0558 0.8048
vn -0.7779 -0.0808 0.6232
vn -0.6888 0.7158 0.1148
vn 0.8200 0.5708 0.0417
vn 0.7295 -0.0423 -0.6827
vn 0.8036 -0.2802 -0.5252
vn 0.9016 0.4133 0.1276
vn 0.9628 0.1626 -0.2159
vn 0.4953 -0.5121 -0.7017
vn 0.5064 -0.7125 -0.4857
vn 0.9955 0.0116 -0.0941
vn 0.0142 0.2290 0.9733
vn -0.4984 -0.5888 0.6363
vn -0.6716 -0.3506 0.6527
vn 0.1104 0.0585 0.9922
vn -0.6103 0.7841 -0.1125
vn -0.7221 0.1424 0.6770
vn -0.8911 0.0643 0.4493
vn -0.5290 0.8469 0.0538
vn -0.9246 0.0946 0.3690
vn -0.4734 -0.8237 0.3122
vn -0.6374 -0.7670 0.0740
vn -0.8431 0.0322 0.5368
vn 0.6098 0.6695 0.4243
vn 0.4739 0.7103 -0.5205
vn 0.6531 0.4868 -0.5800
vn 0.7512 0.5447 0.3727
vn 0.7474 0.5953 0.2950
vn 0.5019 0.5950 -0.6278
vn 0.6387 0.3432 -0.6886
vn 0.8622 0.4472 0.2380
vn 0.9257 0.3206 -0.2008
vn 0.4788 -0.3941 -0.7845
vn 0.6356 -0.5142 -0.5758
vn 0.8471 0.3924 -0.3583
vn -0.8783 0.2205 0.4243
vn -0.3640 -0.6247 0.6908
vn -0.5569 -0.6790 0.4784
vn -0.7727 0.2391 0.5880
vn -0.8025 0.5474 -0.2376
vn -0.8555 -0.2413 0.4581
vn -0.8990 -0.3477 0.2662
vn -0.7756 0.6175 -0.1312
vn 0.2209 0.6397 0.7362
vn 0.9512 0.2433 -0.1898
vn 0.9680 0.2504 -0.0174
vn 0.1106 0.6264 0.7716
vn 0.3469 0.7870 0.5103
vn 0.8957 0.3027 -0.3258
vn 0.9582 0.2216 -0.1809
vn 0.3217 0.7482 0.5802
vn 0.9988 -0.0108 0.0486
vn 0.5956 -0.6782 -0.4305
vn 0.6474 -0.7614 -0.0351
vn 0.9667 0.0213 -0.2551
vn -0.7722 0.5591 -0.3018
vn -0.8389 -0.2095 0.5023
vn -0.8426 -0.3475 0.4115
vn -0.7127 0.6397 -0.2878
vn -0.1451 0.5936 0.7915
vn -0.9381 0.2015 0.2815
vn -0.8661 0.4667 0.1791
vn -0.2210 0.4328 0.8740
vn 0.7136 0.5808 -0.3916
vn 0.8027 -0.3660 -0.4709
vn 0.8921 -0.4088 -0.1927
vn 0.8079 0.5460 -0.2218
vn 0.8138 0.0906 -0.5740
vn 0.4338 -0.7773 -0.4556
vn 0.5440 -0.8183 -0.1854
vn 0.9108 0.0385 -0.4110
vn -0.1252 0.8678 -0.4809
vn -0.9149 0.2344 -0.3285
vn -0.7865 0.1868 -0.5886
vn -0.2369 0.9146 -0.3277
vn -0.0932 0.5198 0.8492
vn -0.9184 0.2260 0.3249
vn -0.8330 0.4954 0.2465
vn -0.1765 0.3562 0.9176
vn 0.6997 0.5778 0.4202
vn 0.5862 0.5503 -0.5946
vn 0.7867 0.3554 -0.5048
vn 0.5940 0.7248 0.3491
vn -0.8828 0.3095 0.3533
vn -0.6119 -0.5885 0.5284
vn -0.6762 -0.6898 0.2586
vn -0.9556 0.2244 0.1909
vn -0.9454 -0.1909 0.2643
vn -0.3571 -0.9278 0.1081
vn -0.3708 -0.9102 -0.1847
vn -0.9751 -0.2098 0.0716
vn -0.3775 0.7636 -0.5239
vn 0.1952 0.0502 -0.9795
vn 0.3559 0.2767 -0.8926
vn -0.4827 0.6197 -0.6188
vn 0.4686 0.6402 0.6088
vn 0.3595 0.8495 -0.3861
vn 0.6145 0.7152 -0.3331
vn 0.3197 0.7578 0.5688
vn 0.5029 0.6364 0.5849
vn 0.9086 0.3184 -0.2704
vn 0.9905 0.1354 0.0247
vn 0.4930 0.7824 0.3805
vn -0.8879 0.4577 0.0458
vn -0.7607 -0.2856 0.5830
vn -0.7895 -0.5063 0.3469
vn -0.9523 0.2894 -0.0972
vn -0.9804 0.1720 -0.0962
vn -0.7222 -0.5383 0.4344
vn -0.6450 -0.7416 0.1843
vn -0.9677 0.0029 -0.2522
vn 0.1935 0.6010 -0.7755
vn 0.3614 -0.4076 -0.8386
vn 0.6015 -0.2623 -0.7546
vn 0.0507 0.4992 -0.8650
vn 0.1539 0.6842 0.7129
vn 0.6613 0.7365 -0.1427
vn 0.8164 0.5683 0.1028
vn 0.0767 0.8275 0.5562
vn -0.3369 0.4879 0.8053
vn -0.7429 -0.3561 0.5669
vn -0.9011 -0.0632 0.4291
vn -0.2294 0.3309 0.9154
vn -0.1638 0.6496 -0.7424
vn 0.6926 0.0360 -0.7204
vn 0.7623 0.2312 -0.6045
vn -0.1022 0.7212 -0.6852
vn 0.1047 0.3881 -0.9157
vn 0.6545 -0.4150 -0.6320
vn 0.8197 -0.2272 -0.5259
vn 0.1726 0.4628 -0.8695
vn -0.8910 0.1714 -0.4203
vn -0.7590 -0.6501 0.0347
vn -0.6740 -0.6468 -0.3569
vn -0.9818 0.1476 -0.1193
vn -0.1484 0.4916 0.8581
vn -0.7444 -0.3010 0.5960
vn -0.8481 -0.0565 0.5269
vn -0.0725 0.3425 0.9367
vn -0.2414 0.2721 0.9315
vn -0.8343 -0.3746 0.4044
vn -0.9301 -0.1243 0.3457
vn -0.2101 0.1085 0.9716
vn -0.1714 0.5836 -0.7938
vn 0.5749 0.1826 -0.7976
vn 0.7406 0.3707 -0.5605
vn -0.0525 0.7841 -0.6185
vn 0.0301 0.4668 -0.8838
vn 0.5486 -0.3645 -0.7524
vn 0.7416 -0.2337 -0.6289
vn 0.1655 0.5445 -0.8223
vn -0.5220 0.5151 -0.6799
vn -0.7367 -0.4796 -0.4767
vn -0.5659 -0.4859 -0.6661
vn -0.6319 0.5137 -0.5803
vn -0.2146 0.4187 0.8824
vn -0.6540 -0.4573 0.6027
vn -0.8191 -0.2582 0.5123
vn -0.1279 0.2744 0.9531
vn -0.5250 0.6537 0.5450
vn -0.6787 -0.3376 0.6522
vn -0.8899 -0.1573 0.4281
vn -0.4321 0.5395 0.7226
vn -0.0750 0.4078 -0.9100
vn 0.7559 0.2008 -0.6231
vn 0.7914 0.4557 -0.4076
vn -0.0320 0.6045 -0.7959
vn 0.0841 0.2751 -0.9577
vn 0.7482 -0.2598 -0.6105
vn 0.8952 -0.0301 -0.4446
vn 0.2144 0.4423 -0.8708
vn -0.8493 -0.2368 -0.4719
vn -0.5656 -0.7334 0.3771
vn -0.4755 -0.8704 0.1275
vn -0.9392 -0.1742 -0.2959
vn -0.3598 0.7559 0.5469
vn -0.4741 -0.2070 0.8558
vn -0.7385 -0.0576 0.6718
vn -0.2524 0.6921 0.6762
vn 0.7033 0.1520 0.6944
vn 0.9166 -0.3662 -0.1605
vn 0.8353 -0.5468 0.0570
vn 0.7899 0.2599 0.5554
vn -0.2088 0.9729 -0.0989
vn -0.8923 0.3904 0.2266
vn -0.9595 0.2793 -0.0364
vn -0.2841 0.9195 -0.2715
vn -0.4319 0.8978 -0.0858
vn -0.9362 0.1846 0.2989
vn -0.9976 0.0537 0.0429
vn -0.5077 0.8240 -0.2516
vn 0.5628 0.2514 -0.7875
vn 0.1823 -0.6958 -0.6947
vn 0.4540 -0.6746 -0.5820
vn 0.3985 0.2176 -0.8910
vn 0.7473 0.0755 0.6602
vn 0.9187 -0.2746 -0.2839
vn 0.8636 -0.4947 -0.0971
vn 0.8167 0.2111 0.5370
vn 0.1562 0.9799 0.1238
vn -0.7897 0.5912 0.1643
vn -0.7232 0.6826 -0.1053
vn 0.0912 0.9482 0.3044
vn 0.6898 -0.1571 -0.7067
vn 0.6745 -0.7364 0.0530
vn 0.8061 -0.5445 0.2319
vn 0.8056 -0.0500 -0.5904
vn 0.7935 -0.0924 -0.6016
vn 0.6272 -0.7777 0.0432
vn 0.7333 -0.6241 0.2699
vn 0.8919 -0.0122 -0.4521
vn -0.3305 0.2878 -0.8989
vn -0.9476 0.3076 -0.0862
vn -0.9714 0.0529 -0.2314
vn -0.3454 0.4637 -0.8159
vn 0.2150 0.9338 0.2861
vn -0.7385 0.6739 0.0207
vn -0.5900 0.7804 -0.2070
vn 0.0990 0.8940 0.4370
vn 0.2641 0.6868 0.6771
vn -0.7207 0.5096 0.4699
vn -0.6152 0.7269 0.3051
vn 0.1769 0.5670 0.8045
vn 0.5306 0.0176 -0.8474
vn 0.3442 -0.8276 -0.4433
vn 0.5492 -0.8023 -0.2337
vn 0.6860 0.0088 -0.7275
vn 0.5473 0.0001 -0.8369
vn 0.0682 -0.7928 -0.6056
vn 0.2588 -0.8798 -0.3987
vn 0.6843 -0.0847 -0.7243
vn -0.1404 0.6693 -0.7296
vn -0.9133 0.3884 -0.1227
vn -0.9034 0.2238 -0.3659
vn -0.1747 0.7931 -0.5835
vn 0.5286 0.6532 0.5421
vn -0.4776 0.7781 0.4080
vn -0.3249 0.9231 0.2056
vn 0.4206 0.5883 0.6907
vn 0.2863 0.9096 0.3012
vn -0.6381 0.7618 -0.1121
vn -0.4425 0.8398 -0.3144
vn 0.1439 0.8905 0.4316
vn 0.7696 -0.4976 -0.4001
vn 0.1739 -0.9679 0.1816
vn 0.2874 -0.8571 0.4274
vn 0.8592 -0.4561 -0.2318
vn -0.4991 0.3068 -0.8104
vn -0.9666 -0.2040 -0.1550
vn -0.8536 -0.4628 -0.2392
vn -0.4575 0.1277 -0.8800
vn 0.1733 0.2889 -0.9415
vn -0.7656 0.3413 -0.5453
vn -0.7235 0.0860 -0.6849
vn 0.1256 0.4663 -0.8757
vn 0.6298 0.7353 0.2505
vn -0.3323 0.9427 -0.0299
vn -0.1504 0.9543 -0.2582
vn 0.5084 0.7629 0.3993
vn -0.4368 0.2155 0.8734
vn -0.9851 -0.1452 0.0923
vn -0.9843 0.1489 0.0951
vn -0.4702 0.0226 0.8823
vn 0.5608 0.7527 -0.3447
vn 0.8904 -0.1388 -0.4335
vn 0.9745 -0.1649 -0.1522
vn 0.6522 0.7385 -0.1710
vn 0.5904 0.7572 -0.2794
vn 0.8052 -0.1225 -0.5801
vn 0.9220 -0.2115 -0.3243
vn 0.7021 0.7007 -0.1270
vn -0.6189 0.7037 -0.3490
vn -0.9432 -0.2585 -0.2088
vn -0.8485 -0.2127 -0.4845
vn -0.7171 0.6732 -0.1807
vn -0.4239 0.1604 0.8914
vn -0.9980 0.0003 0.0634
vn -0.9519 0.2873 0.1066
vn -0.4865 -0.0243 0.8734
vn 0.3652 0.8986 0.2431
vn 0.9950 0.0953 0.0310
vn 0.9638 0.0593 0.2599
vn 0.3901 0.9132 0.1180
vn -0.6593 0.1709 -0.7322
vn -0.9853 -0.1289 0.1123
vn -0.9094 -0.4102 0.0690
vn -0.6439 -0.0219 -0.7648
vn -0.8254 -0.0123 -0.5644
vn -0.8925 -0.2898 0.3458
vn -0.7758 -0.5560 0.2983
vn -0.7812 -0.2011 -0.5910
vn 0.5296 -0.1650 -0.8320
vn 0.7433 -0.6683 0.0307
vn 0.9056 -0.4240 0.0060
vn 0.4523 -0.3443 -0.8227
vn 0.2348 0.9256 0.2970
vn 0.8964 0.3627 -0.2547
vn 0.9477 0.3192 0.0055
vn 0.2235 0.9662 0.1286
vn -0.1424 0.8178 0.5577
vn 0.6277 0.7701 -0.1138
vn 0.7134 0.6840 0.1523
vn -0.1804 0.9037 0.3883
vn -0.7324 -0.1721 -0.6588
vn -0.4840 -0.8731 -0.0591
vn -0.2409 -0.9483 -0.2064
vn -0.5901 -0.2526 -0.7668
vn -0.8279 -0.1547 -0.5391
vn -0.4664 -0.8837 -0.0386
vn -0.2495 -0.9410 -0.2287
vn -0.7038 -0.2232 -0.6744
vn 0.1337 0.6130 -0.7787
vn 0.9342 0.2226 -0.2789
vn 0.8581 0.4843 -0.1706
vn 0.2120 0.4553 -0.8647
vn -0.4639 0.7789 0.4221
vn 0.3524 0.9186 -0.1791
vn 0.4299 0.8971 0.1018
vn -0.5078 0.8274 0.2399
vn 0.2052 0.6808 0.7032
vn 0.9120 0.4098 0.0165
vn 0.9331 0.2479 0.2607
vn 0.2201 0.8036 0.5530
vn -0.8309 0.0958 -0.5481
vn -0.4754 0.8718 -0.1183
vn -0.5779 0.8025 0.1482
vn -0.9234 0.0767 -0.3761
vn -0.8476 0.1060 -0.5200
vn -0.2944 0.8735 -0.3877
vn -0.3786 0.9190 -0.1096
vn -0.9224 0.1659 -0.3488
vn -0.3951 0.7661 -0.5070
vn 0.6001 0.7524 -0.2714
vn 0.4450 0.8930 -0.0678
vn -0.2806 0.7045 -0.6519
vn 0.5436 0.5204 0.6585
vn 0.9131 0.3061 -0.2692
vn 0.9921 0.1016 -0.0734
vn 0.5240 0.6662 0.5306
vn 0.2077 0.8346 0.5102
vn -0.0645 0.8774 -0.4753
vn 0.2259 0.8661 -0.4459
vn 0.0206 0.8759 0.4820
vn -0.7635 -0.5411 0.3525
vn 0.1256 -0.8694 0.4779
vn 0.1547 -0.9669 0.2030
vn -0.7472 -0.6383 0.1850
vn -0.3651 0.1546 -0.9181
vn 0.3647 -0.4524 -0.8138
vn 0.5675 -0.2411 -0.7873
vn -0.2207 0.2862 -0.9324
vn -0.7075 0.3742 -0.5995
vn 0.2345 0.2002 -0.9513
vn 0.2066 0.4759 -0.8549
vn -0.6891 0.2044 -0.6952
vn 0.1087 0.6700 0.7344
vn -0.1329 0.9676 -0.2146
vn 0.1562 0.9727 -0.1719
vn -0.0808 0.7022 0.7074
vn -0.7756 -0.0168 0.6310
vn -0.2212 -0.9008 0.3737
vn -0.3367 -0.9065 0.2546
vn -0.6881 0.0141 0.7255
vn -0.3651 0.6270 -0.6882
vn 0.4726 0.8365 -0.2774
vn 0.3536 0.9350 -0.0285
vn -0.4344 0.7243 -0.5354
vn -0.1804 0.5060 -0.8435
vn 0.7273 0.3515 -0.5895
vn 0.7308 0.5632 -0.3858
vn -0.1586 0.6634 -0.7313
vn 0.4428 0.6340 -0.6340
vn 0.8263 -0.3030 -0.4748
vn 0.9481 -0.1092 -0.2986
vn 0.3931 0.5053 -0.7682
vn -0.8396 0.0166 0.5430
vn -0.3668 -0.9064 0.2095
vn -0.4344 -0.8970 0.0820
vn -0.7774 0.0522 0.6269
vn 0.5952 0.6729 0.4394
vn 0.9897 -0.1037 -0.0989
vn 0.9676 -0.1696 0.1873
vn 0.6460 0.7193 0.2556
vn -0.6754 0.2957 -0.6756
vn -0.9858 -0.0293 0.1653
vn -0.9446 -0.3131 0.0985
vn -0.6837 0.1050 -0.7222
vn -0.7541 0.2718 -0.5979
vn -0.9489 0.0565 0.3104
vn -0.9339 -0.2345 0.2697
vn -0.7793 0.0786 -0.6217
vn -0.7880 -0.4451 -0.4254
vn -0.2213 -0.9368 0.2709
vn -0.1280 -0.9918 -0.0010
vn -0.8627 -0.4423 -0.2452
vn 0.4556 0.8282 0.3264
vn 0.9748 0.1139 -0.1920
vn 0.9925 0.0718 0.0985
vn 0.4786 0.8674 0.1360
vn 0.7166 -0.1507 0.6810
vn 0.3838 -0.9220 0.0523
vn 0.2625 -0.9270 0.2680
vn 0.7930 -0.1180 0.5977
vn 0.1786 0.8305 -0.5277
vn -0.6105 0.7920 0.0108
vn -0.7601 0.6244 -0.1799
vn 0.0610 0.7498 -0.6589
vn -0.1034 0.8208 -0.5618
vn -0.8571 0.5151 0.0018
vn -0.9235 0.3245 -0.2043
vn -0.1701 0.7283 -0.6638
vn -0.5829 0.5932 -0.5553
vn -0.9987 0.0203 0.0477
vn -0.8643 -0.0900 -0.4949
vn -0.7439 0.6537 -0.1389
vn 0.7195 -0.2519 0.6472
vn 0.5396 -0.8095 -0.2316
vn 0.4146 -0.9080 -0.0605
vn 0.7554 -0.1658 0.6340
vn 0.2371 0.0035 0.9715
vn 0.6762 -0.6723 0.3013
vn 0.4335 -0.7649 0.4764
vn 0.4508 0.0331 0.8920
vn -0.0475 0.8634 -0.5022
vn -0.7910 0.6116 -0.0131
vn -0.8841 0.3934 -0.2521
vn -0.1212 0.7388 -0.6630
vn -0.1998 0.8832 -0.4244
vn -0.9177 0.3336 -0.2156
vn -0.8694 0.1574 -0.4683
vn -0.1685 0.7810 -0.6014
vn -0.4406 0.6052 -0.6631
vn -0.6829 -0.3467 -0.6431
vn -0.4536 -0.3130 -0.8344
vn -0.6318 0.5744 -0.5205
vn 0.2551 -0.0697 0.9644
vn 0.8467 -0.4753 0.2393
vn 0.6900 -0.6647 0.2866
vn 0.3530 0.0436 0.9346
vn -0.9245 -0.2116 0.3170
vn -0.1837 -0.5296 0.8281
vn -0.1231 -0.7530 0.6464
vn -0.8976 -0.3804 0.2227
vn -0.8898 0.0812 -0.4491
vn -0.7357 0.4804 0.4775
vn -0.8435 0.2073 0.4956
vn -0.8501 0.2728 -0.4505
vn -0.9641 0.1397 -0.2260
vn -0.6844 -0.5625 0.4639
vn -0.7081 -0.6788 0.1948
vn -0.9791 0.1994 -0.0394
vn 0.5596 0.8238 0.0904
vn 0.7659 0.1940 -0.6130
vn 0.8984 0.0120 -0.4391
vn 0.6708 0.7175 0.1876
vn -0.9352 0.3084 -0.1740
vn -0.7317 -0.3384 0.5917
vn -0.8050 -0.4823 0.3455
vn -0.9189 0.3946 0.0015
vn 0.5093 0.8277 -0.2358
vn 0.4941 0.0906 -0.8647
vn 0.6892 -0.0600 -0.7221
vn 0.6489 0.7416 -0.1701
vn 0.0334 0.4258 0.9042
vn 0.2009 -0.5794 0.7899
vn -0.0847 -0.5208 0.8494
vn 0.2191 0.3739 0.9012
vn -0.8938 0.4314 0.1226
vn -0.7618 -0.5671 0.3132
vn -0.8544 -0.5183 0.0370
vn -0.8680 0.3857 0.3129
vn 0.4927 0.2107 -0.8443
vn 0.9863 -0.1301 -0.1015
vn 0.9911 0.1265 0.0422
vn 0.5287 0.3822 -0.7579
vn -0.8665 0.0861 0.4917
vn -0.1520 -0.3883 0.9089
vn -0.1888 -0.6338 0.7501
vn -0.9042 -0.0915 0.4172
vn 0.6023 0.2929 0.7426
vn 0.0621 0.9498 0.3065
vn 0.2331 0.9700 0.0689
vn 0.7259 0.3391 0.5984
vn 0.1534 0.7717 0.6172
vn -0.6855 0.1939 0.7018
vn -0.7324 0.4272 0.5302
vn 0.1646 0.6335 0.7560
vn 0.9291 0.2375 0.2835
vn 0.7681 -0.3921 -0.5062
vn 0.8014 -0.5412 -0.2545
vn 0.9396 0.3248 0.1080
vn -0.6094 0.7397 -0.2855
vn -0.9082 0.1407 0.3941
vn -0.9748 -0.0781 0.2089
vn -0.6895 0.6025 -0.4020
vn 0.8257 0.3320 0.4561
vn 0.8878 -0.3269 -0.3240
vn 0.8821 -0.4665 -0.0648
vn 0.8643 0.4160 0.2829
vn -0.1317 0.7571 -0.6399
vn -0.7651 0.6406 0.0655
vn -0.9057 0.4191 -0.0644
vn -0.2512 0.6329 -0.7324
vn 0.6333 0.0486 -0.7724
vn 0.2510 -0.8502 -0.4627
vn 0.5104 -0.7916 -0.3359
vn 0.4800 -0.0163 -0.8771
vn -0.0008 0.9447 -0.3280
vn -0.5281 0.2178 -0.8208
vn -0.2587 0.2515 -0.9327
vn -0.1915 0.9394 -0.2843
vn 0.7932 -0.2761 0.5428
vn -0.0547 -0.6684 0.7418
vn -0.1550 -0.4345 0.8873
vn 0.7310 -0.1392 0.6681
vn 0.5834 -0.2437 0.7747
vn 0.2399 0.6453 0.7253
vn 0.4312 0.7373 0.5201
vn 0.7273 -0.1624 0.6669
vn 0.7082 0.1626 0.6870
vn -0.0391 0.7560 0.6534
vn 0.0577 0.9059 0.4194
vn 0.7791 0.2896 0.5559
vn -0.1187 0.3703 0.9213
vn -0.8739 -0.1426 0.4647
vn -0.8969 0.1467 0.4172
vn -0.1311 0.1817 0.9746
vn 0.0464 0.9110 0.4098
vn 0.4740 0.7537 -0.4553
vn 0.7042 0.6956 0.1425
vn -0.0071 0.9999 0.0116
vn -0.9257 0.2598 -0.2750
vn -0.8151 -0.5040 0.2854
vn -0.7265 -0.6837 0.0687
vn -0.9011 0.1239 -0.4155
vn -0.1515 0.8759 0.4580
vn 0.2286 0.8216 -0.5222
vn 0.4864 0.8735 0.0195
vn -0.2145 0.9704 0.1109
vn -0.5148 0.8505 -0.1078
vn -0.9179 0.1324 0.3742
vn -0.9905 -0.0232 0.1352
vn -0.5987 0.7577 -0.2597
vn 0.4178 0.3766 -0.8268
vn 0.4293 -0.6292 -0.6479
vn 0.7008 -0.4641 -0.5418
vn 0.2850 0.2519 -0.9248
vn -0.4455 0.8940 -0.0480
vn -0.4448 0.2596 -0.8572
vn -0.2164 0.4367 -0.8732
vn -0.5873 0.8070 -0.0618
vn 0.7567 -0.0593 0.6510
vn 0.2321 -0.8419 0.4871
vn 0.0071 -0.7571 0.6533
vn 0.6185 -0.0271 0.7853
vn 0.5834 -0.0174 0.8120
vn -0.2290 0.4817 0.8459
vn -0.1244 0.7105 0.6926
vn 0.6524 0.1526 0.7424
vn -0.5377 -0.1500 -0.8297
vn 0.3936 -0.6471 -0.6529
vn 0.4447 -0.4925 -0.7482
vn -0.4428 -0.0777 -0.8932
vn -0.9079 0.2204 0.3565
vn -0.1786 -0.0394 0.9831
vn -0.3435 -0.2942 0.8919
vn -0.7889 0.4096 0.4582
vn -0.2999 0.1580 -0.9408
vn 0.0279 -0.8056 -0.5918
vn 0.1974 -0.5368 -0.8203
vn -0.4957 -0.1917 -0.8471
vn 0.2986 0.2763 0.9135
vn 0.6476 0.7458 0.1563
vn 0.8446 0.5284 0.0865
vn 0.4372 0.1694 0.8833
vn -0.9435 -0.2389 0.2297
vn -0.2906 -0.9567 0.0160
vn -0.3285 -0.9206 -0.2114
vn -0.9005 -0.2073 0.3823
vn 0.1827 0.3026 0.9354
vn 0.5512 0.7922 0.2619
vn 0.8087 0.5547 0.1958
vn 0.3672 0.1870 0.9111
vn 0.9689 -0.0226 -0.2462
vn 0.2015 -0.3760 -0.9044
vn 0.3603 -0.5697 -0.7387
vn 0.8877 0.0915 -0.4512
vn -0.8311 -0.3001 0.4682
vn -0.2716 -0.9492 -0.1592
vn -0.5322 -0.8010 -0.2741
vn -0.6959 -0.4714 0.5418
vn 0.0065 0.7814 -0.6240
vn 0.7865 0.4087 -0.4630
vn 0.8099 0.5693 -0.1412
vn 0.0139 0.9113 -0.4114
vn -0.4407 -0.3524 -0.8256
vn 0.5421 -0.5865 -0.6017
vn 0.6091 -0.3970 -0.6865
vn -0.3400 -0.2673 -0.9016
vn -0.2858 0.4184 -0.8621
vn 0.2083 -0.4817 -0.8512
vn 0.3735 -0.3404 -0.8629
vn -0.1363 0.5081 -0.8504
vn -0.7731 0.6297 -0.0761
vn -0.7316 -0.1653 0.6613
vn -0.7899 -0.2751 0.5480
vn -0.7099 0.7042 -0.0099
vn -0.9519 0.3049 0.0317
vn -0.7562 -0.6136 -0.2274
vn -0.7866 -0.3403 -0.5153
vn -0.9666 0.0677 0.2472
vn 0.6981 0.2228 0.6805
vn 0.8644 0.1222 -0.4878
vn 0.9430 0.0526 -0.3285
vn 0.5561 0.1819 0.8110
vn -0.8958 0.1459 0.4197
vn -0.5424 -0.7401 0.3976
vn -0.7146 -0.6939 0.0888
vn -0.7738 0.1044 0.6247
vn 0.3674 0.7192 0.5897
vn 0.3491 0.8734 -0.3396
vn 0.5957 0.6674 -0.4470
vn 0.5563 0.6627 0.5013
vn 0.9971 -0.0399 0.0642
vn 0.5060 -0.4672 -0.7251
vn 0.6428 -0.6725 -0.3668
vn 0.9654 0.0511 -0.2558
vn -0.9929 0.0748 0.0923
vn -0.6199 -0.6510 -0.4381
vn -0.7897 -0.1258 -0.6004
vn -0.8917 -0.4092 0.1936
vn 0.3825 0.8705 -0.3095
vn 0.9190 0.1927 -0.3439
vn 0.9791 0.2030 0.0123
vn 0.4477 0.8929 -0.0480
vn -0.2645 -0.0753 -0.9614
vn 0.4331 -0.7492 -0.5011
vn 0.4993 -0.5898 -0.6347
vn -0.2204 0.0780 -0.9723
vn -0.6776 0.4490 -0.5824
vn 0.0495 -0.1844 -0.9816
vn -0.1120 -0.0833 -0.9902
vn -0.5403 0.5814 0.6083
vn -0.8269 0.2926 0.4802
vn -0.3541 -0.4271 0.8320
vn -0.0957 -0.5903 0.8015
vn -0.4716 0.7901 -0.3916
vn 0.0041 0.8151 -0.5793
vn -0.2780 -0.1265 -0.9522
vn -0.0748 0.0249 -0.9969
vn -0.3915 0.6905 -0.6082
vn 0.6907 0.6997 0.1826
vn 0.0927 0.8310 -0.5484
vn 0.2177 0.6585 -0.7204
vn 0.8019 0.5971 0.0205
vn -0.2945 0.3996 -0.8681
vn -0.3613 -0.6187 -0.6977
vn -0.1223 -0.4728 -0.8726
vn -0.5722 0.2303 -0.7871
vn 0.3965 0.8391 0.3725
vn -0.1262 0.9463 -0.2976
vn 0.0615 0.8156 -0.5754
vn 0.5820 0.8100 0.0727
vn 0.6794 0.4718 -0.5620
vn -0.0750 -0.1042 -0.9917
vn 0.1337 -0.2392 -0.9617
vn 0.5606 0.5785 -0.5925
vn -0.3061 -0.3404 0.8891
vn -0.2943 -0.9532 0.0697
vn -0.4926 -0.8695 0.0365
vn -0.1625 -0.3881 0.9072
vn -0.0066 0.9349 -0.3548
vn 0.4465 0.4827 -0.7534
vn 0.7932 0.3567 -0.4935
vn 0.5068 0.8609 -0.0447
vn -0.8114 0.3147 -0.4925
vn 0.0067 -0.2596 -0.9657
vn -0.1495 -0.1684 -0.9743
vn -0.8329 0.5435 0.1048
vn 0.3230 0.9148 0.2427
vn -0.5774 0.8139 -0.0648
vn -0.5045 0.7908 -0.3467
vn 0.3583 0.9321 0.0528
vn -0.4495 0.8187 0.3572
vn -0.7394 -0.1153 0.6633
vn -0.8999 -0.0190 0.4356
vn -0.3740 0.7612 0.5298
vn 0.3146 0.9442 -0.0971
vn 0.7429 0.1899 -0.6419
vn 0.8884 0.2397 -0.3916
vn 0.2466 0.9278 -0.2800
vn -0.9646 -0.2012 -0.1705
vn -0.5553 -0.5624 0.6126
vn -0.4159 -0.7787 0.4698
vn -0.8964 -0.3663 -0.2495
vn 0.2850 0.9438 -0.1677
vn 0.6843 0.1710 -0.7088
vn 0.8481 0.2346 -0.4751
vn 0.2027 0.9173 -0.3427
vn -0.6348 0.3097 -0.7079
vn -0.9753 0.1442 0.1676
vn -0.9795 -0.1482 0.1365
vn -0.6726 0.1184 -0.7305
vn 0.4273 -0.2095 -0.8795
vn 0.7661 -0.6424 -0.0190
vn 0.9147 -0.3960 -0.0803
vn 0.3585 -0.3894 -0.8484
vn -0.5980 0.1300 -0.7909
vn -0.1400 -0.7699 -0.6226
vn 0.0190 -0.5976 -0.8016
vn -0.7110 -0.0051 -0.7032
vn 0.6000 0.6954 0.3954
vn 0.0465 0.1831 0.9820
vn -0.1985 0.3339 0.9215
vn 0.4421 0.8092 0.3870
vn 0.5000 0.7684 0.3995
vn -0.3619 0.9320 0.0176
vn -0.2672 0.9283 -0.2587
vn 0.5579 0.8009 0.2174
vn -0.2312 -0.7087 -0.6665
vn 0.6772 -0.6285 -0.3827
vn 0.7346 -0.3960 -0.5510
vn -0.1744 -0.5760 -0.7986
vn -0.9135 -0.3846 -0.1327
vn -0.6385 0.0046 0.7696
vn -0.5869 -0.2844 0.7580
vn -0.9742 -0.2003 -0.1037
vn 0.0543 0.0950 -0.9940
vn 0.3377 -0.7746 -0.5348
vn 0.5659 -0.5920 -0.5738
vn -0.0816 -0.0470 -0.9956
vn 0.0314 0.9795 0.1989
vn 0.3985 0.6688 -0.6276
vn 0.6461 0.5688 -0.5089
vn 0.2110 0.9416 0.2625
vn 0.1886 -0.3008 -0.9349
vn 0.3059 -0.9409 -0.1453
vn 0.5572 -0.8032 -0.2107
vn 0.0383 -0.4217 -0.9059
vn -0.1306 0.9890 -0.0690
vn 0.1621 0.5119 -0.8436
vn 0.4397 0.4866 -0.7549
vn 0.0614 0.9975 -0.0345
vn 0.4876 0.8207 -0.2977
vn 0.8692 -0.1202 -0.4797
vn 0.9675 -0.0382 -0.2501
vn 0.4456 0.7704 -0.4561
vn 0.2382 0.5369 0.8093
vn 0.7914 -0.2825 0.5421
vn 0.5797 -0.3518 0.7350
vn 0.4022 0.5786 0.7096
vn 0.1488 0.3283 -0.9328
vn 0.8331 0.4751 -0.2833
vn 0.6958 0.7013 -0.1551
vn 0.0825 0.4979 -0.8633
vn 0.0472 -0.8090 -0.5860
vn 0.7888 -0.6144 -0.0162
vn 0.8961 -0.4024 -0.1870
vn 0.1442 -0.6910 -0.7083
vn -0.3973 -0.7646 -0.5075
vn 0.4777 -0.8679 -0.1360
vn 0.6110 -0.7128 -0.3445
vn -0.2968 -0.6922 -0.6579
vn -0.9470 -0.0549 0.3166
vn -0.2663 0.5269 0.8072
vn -0.2816 0.2572 0.9244
vn -0.9538 0.1349 0.2683
vn -0.8864 0.1914 0.4214
vn -0.2678 -0.5271 0.8065
vn -0.4598 -0.6410 0.6146
vn -0.7789 0.2511 0.5747
vn 0.4594 0.8259 -0.3268
vn 0.2712 0.1315 -0.9535
vn 0.4932 -0.0420 -0.8689
vn 0.6239 0.7204 -0.3029
vn -0.9289 0.1943 0.3152
vn -0.2787 -0.3348 0.9001
vn -0.4437 -0.5134 0.7345
vn -0.8391 0.3022 0.4522
vn -0.0335 0.9855 -0.1666
vn -0.2276 0.3933 -0.8908
vn 0.0525 0.3247 -0.9443
vn 0.1491 0.9613 -0.2318
vn 0.4467 0.4174 -0.7914
vn 0.4318 -0.6005 -0.6731
vn 0.6761 -0.4792 -0.5597
vn 0.3074 0.3232 -0.8950
vn 0.7734 0.5179 0.3656
vn 0.8709 -0.4745 0.1280
vn 0.8007 -0.4350 0.4119
vn 0.8552 0.4823 0.1896
vn -0.3400 0.1330 -0.9310
vn 0.5792 0.3158 -0.7515
vn 0.5271 0.5761 -0.6246
vn -0.3608 0.3195 -0.8762
vn -0.4895 -0.1423 0.8603
vn 0.4380 -0.3633 0.8223
vn 0.3961 -0.6173 0.6797
vn -0.5091 -0.3260 0.7966
vn -0.1302 -0.8022 -0.5827
vn 0.6782 -0.7307 -0.0781
vn 0.8026 -0.5375 -0.2588
vn -0.0270 -0.7003 -0.7133
vn -0.7623 -0.6047 0.2309
vn -0.4579 0.1233 0.8804
vn -0.3257 -0.1338 0.9359
vn -0.8696 -0.4398 0.2244
vn -0.9942 -0.1043 0.0249
vn -0.4125 -0.4647 0.7835
vn -0.4620 -0.6706 0.5803
vn -0.9836 0.0151 0.1799
vn 0.3883 0.8982 -0.2062
vn 0.5307 0.1869 -0.8267
vn 0.7412 0.0554 -0.6690
vn 0.5522 0.8240 -0.1272
vn -0.9796 -0.1776 -0.0943
vn -0.4925 -0.3911 0.7775
vn -0.4998 -0.6247 0.6000
vn -0.9983 -0.0388 0.0424
vn -0.7250 0.3840 -0.5718
vn -0.9165 -0.3958 -0.0574
vn -0.7769 -0.5827 -0.2385
vn -0.6673 0.2478 -0.7024
vn 0.4499 0.7093 -0.5427
vn 0.8892 -0.2056 -0.4087
vn 0.9783 -0.0101 -0.2070
vn 0.4252 0.5831 -0.6922
vn 0.1585 0.9043 0.3964
vn 0.8840 0.1822 0.4304
vn 0.7175 0.1806 0.6727
vn 0.2950 0.9203 0.2570
vn -0.0107 0.2647 -0.9643
vn 0.5118 0.7823 -0.3549
vn 0.2825 0.9281 -0.2427
vn -0.1496 0.3900 -0.9086
vn 0.3853 -0.8168 -0.4293
vn 0.9134 -0.3474 0.2123
vn 0.9909 -0.1316 0.0288
vn 0.4701 -0.6889 -0.5518
vn -0.2961 0.0485 -0.9539
vn -0.1931 -0.8115 -0.5516
vn 0.1007 -0.8149 -0.5708
vn -0.1057 0.0208 -0.9942
vn -0.4504 0.8502 -0.2726
vn -0.3778 0.5897 0.7138
vn -0.6300 0.4964 0.5972
vn -0.3034 0.9358 -0.1793
vn -0.6722 0.7346 0.0923
vn -0.9174 -0.2337 0.3221
vn -0.9853 -0.1655 0.0433
vn -0.6649 0.6907 0.2843
vn 0.9005 0.1600 0.4043
vn 0.8482 -0.3403 -0.4059
vn 0.7592 -0.5895 -0.2759
vn 0.8752 -0.0180 0.4833
vn -0.5010 0.8628 0.0681
vn -0.7607 0.0580 0.6465
vn -0.9156 0.0676 0.3964
vn -0.4296 0.8675 0.2507
vn 0.9570 0.2802 0.0756
vn 0.6374 -0.0228 -0.7702
vn 0.6459 -0.3083 -0.6984
vn 0.9909 0.0886 0.1015
vn 0.1826 0.1786 0.9668
vn -0.5362 -0.4907 0.6868
vn -0.6491 -0.2217 0.7276
vn 0.2406 -0.0088 0.9706
vn -0.5335 0.6067 0.5893
vn -0.5701 -0.4102 0.7118
vn -0.7852 -0.3119 0.5350
vn -0.4184 0.5360 0.7333
vn 0.3883 0.4223 -0.8191
vn 0.9134 -0.2181 -0.3436
vn 0.9910 -0.0314 -0.1298
vn 0.4713 0.5464 -0.6923
vn -0.8856 -0.0865 0.4564
vn -0.2168 -0.7451 0.6307
vn -0.2563 -0.8899 0.3774
vn -0.9276 -0.2092 0.3094
vn 0.4641 -0.0093 0.8857
vn -0.4916 0.0230 0.8705
vn -0.4894 0.3096 0.8152
vn 0.4315 0.1988 0.8799
vn -0.0686 -0.3599 0.9305
vn -0.3438 -0.9352 0.0847
vn -0.4760 -0.8794 0.0081
vn 0.0551 -0.3681 0.9281
vn -0.3778 0.4288 0.8206
vn 0.3727 0.8837 0.2830
vn 0.5057 0.7450 0.4350
vn -0.4274 0.5509 0.7168
vn 0.2222 0.2604 -0.9396
vn 0.1792 -0.6559 -0.7333
vn 0.3944 -0.7259 -0.5635
vn 0.4887 0.1518 -0.8591
vn -0.1176 0.5913 0.7979
vn 0.3417 0.9361 -0.0840
vn 0.4922 0.8700 -0.0290
vn -0.2384 0.6530 0.7189
vn -0.6114 0.2215 -0.7597
vn -0.2214 -0.6495 -0.7274
vn 0.0765 -0.5684 -0.8192
vn -0.4485 0.2341 -0.8626
vn -0.3349 0.9004 -0.2776
vn 0.5433 0.4601 -0.7022
vn 0.6570 0.5195 -0.5463
vn -0.3395 0.8527 -0.3970
vn -0.6700 0.7405 -0.0520
vn -0.1576 0.4429 -0.8826
vn -0.0709 0.7716 -0.6322
vn -0.7633 0.5528 -0.3343
vn 0.1432 0.2485 0.9580
vn 0.4219 -0.6203 0.6613
vn 0.1218 -0.7756 0.6193
vn 0.0243 0.1163 0.9929
vn 0.6698 0.0085 0.7425
vn -0.2375 0.0091 0.9713
vn -0.2721 0.3136 0.9097
vn 0.6282 0.2307 0.7430
vn 0.4829 -0.4883 0.7269
vn -0.4093 -0.1943 0.8915
vn -0.3344 0.0861 0.9385
vn 0.5260 -0.3083 0.7927
vn -0.6104 -0.3909 0.6889
vn -0.9329 -0.2406 -0.2679
vn -0.9952 -0.0093 -0.0972
vn -0.6025 -0.5509 0.5775
vn 0.3709 -0.0087 0.9286
vn 0.9827 0.1360 0.1254
vn 0.9688 -0.1486 0.1982
vn 0.4115 0.1795 0.8935
vn -0.7861 0.5440 -0.2935
vn -0.8902 -0.4014 -0.2157
vn -0.7512 -0.4655 -0.4680
vn -0.7287 0.4929 -0.4754
vn 0.3276 -0.0762 0.9417
vn 0.9001 0.3726 0.2260
vn 0.9643 0.0863 0.2503
vn 0.3160 0.1193 0.9412
vn -0.7117 0.6658 0.2240
vn -0.9702 -0.1584 -0.1832
vn -0.8870 -0.0803 -0.4548
vn -0.6921 0.7208 0.0367
vn 0.4358 0.8715 0.2248
vn 0.7493 0.3211 -0.5791
vn 0.9050 0.2583 -0.3381
vn 0.3620 0.9306 0.0543
vn -0.5140 0.7930 0.3271
vn -0.2237 0.7251 -0.6512
vn -0.0266 0.8702 -0.4921
vn -0.6535 0.7279 0.2079
vn 0.6143 -0.5434 0.5722
vn 0.1085 -0.9884 -0.1067
vn -0.1417 -0.9889 0.0451
vn 0.4542 -0.5790 0.6771
vn 0.2649 -0.8221 0.5039
vn -0.5615 -0.3987 0.7251
vn -0.4384 -0.1821 0.8801
vn 0.3340 -0.6951 0.6365
vn 0.2689 -0.1519 0.9511
vn -0.3737 0.5275 0.7629
vn -0.1764 0.7243 0.6665
vn 0.3932 -0.0027 0.9194
vn -0.2466 0.1451 0.9582
vn -0.9669 -0.0175 0.2545
vn -0.9177 0.2699 0.2914
vn -0.3086 -0.0405 0.9503
vn -0.2159 0.3988 0.8913
vn -0.5085 0.8607 0.0264
vn -0.2494 0.9611 0.1188
vn -0.4011 0.3634 0.8408
vn -0.4266 0.5343 -0.7298
vn 0.5113 0.3604 -0.7801
vn 0.5836 0.5655 -0.5827
vn -0.3670 0.6878 -0.6263
vn -0.3340 0.0149 0.9425
vn -0.7180 0.6530 0.2409
vn -0.4960 0.7765 0.3886
vn -0.5030 -0.0451 0.8631
vn -0.1294 -0.9916 0.0089
vn 0.7604 -0.6472 -0.0549
vn 0.7410 -0.5798 -0.3388
vn -0.1212 -0.9753 -0.1848
vn -0.9827 -0.1378 -0.1237
vn -0.4796 0.5656 -0.6708
vn -0.5952 0.6813 -0.4262
vn -0.9321 -0.1969 -0.3041
vn 0.4031 0.7891 0.4636
vn 0.3654 0.7455 -0.5575
vn 0.6188 0.6396 -0.4560
vn 0.2544 0.8866 0.3863
vn -0.1518 -0.8851 0.4400
vn -0.7774 -0.5898 -0.2186
vn -0.9146 -0.4023 -0.0405
vn -0.2698 -0.7842 0.5588
vn 0.7231 0.1839 0.6659
vn -0.0670 0.7196 0.6912
vn 0.0087 0.8871 0.4615
vn 0.7788 0.3216 0.5386
vn 0.6622 -0.6882 0.2964
vn 0.4038 -0.0098 0.9148
vn 0.5719 0.2007 0.7954
vn 0.7962 -0.5521 0.2473
vn 0.1865 -0.1354 0.9731
vn -0.7305 0.1846 0.6575
vn -0.5553 0.4115 0.7227
vn 0.0537 -0.2784 0.9590
vn 0.9880 -0.0163 0.1534
vn 0.6027 -0.1798 -0.7774
vn 0.6419 -0.4327 -0.6330
vn 0.9890 0.1425 0.0389
vn -0.4059 0.9050 0.1274
vn -0.8138 0.1577 0.5594
vn -0.9466 0.0558 0.3175
vn -0.5262 0.8502 -0.0180
vn 0.9073 0.1767 0.3816
vn 0.7910 -0.0304 -0.6110
vn 0.8457 -0.2749 -0.4574
vn 0.9029 0.3360 0.2681
vn 0.5417 0.8310 0.1266
vn -0.0253 0.7676 -0.6404
vn 0.1554 0.5933 -0.7899
vn 0.6689 0.7433 0.0074
vn 0.7869 -0.0911 0.6104
vn 0.4367 -0.8959 0.0819
vn 0.3171 -0.8814 0.3502
vn 0.8859 -0.1299 0.4454
vn 0.2983 0.9507 0.0844
vn -0.1381 0.6132 -0.7777
vn 0.1536 0.5928 -0.7906
vn 0.1090 0.9915 0.0705
vn 0.7314 -0.5696 0.3750
vn -0.1715 -0.8727 0.4572
vn -0.2364 -0.6943 0.6798
vn 0.6894 -0.4795 0.5430
vn 0.7627 -0.6467 -0.0103
vn 0.8091 0.1016 0.5789
vn 0.8806 0.2967 0.3694
vn 0.8453 -0.5172 -0.1342
vn -0.2171 0.7979 -0.5623
vn 0.5005 0.1862 -0.8455
vn 0.6811 0.3085 -0.6640
vn -0.1019 0.8694 -0.4834
vn -0.9466 0.3208 0.0318
vn -0.7108 -0.6454 0.2796
vn -0.7851 -0.6193 -0.0047
vn -0.9313 0.2862 0.2254
vn 0.3108 0.9494 -0.0460
vn -0.0013 0.4589 -0.8885
vn 0.2887 0.4363 -0.8522
vn 0.1269 0.9872 -0.0963
vn 0.6909 -0.2044 0.6935
vn 0.7392 0.6315 0.2341
vn 0.8549 0.5187 -0.0120
vn 0.7989 -0.2638 0.5404
vn 0.1878 0.9522 -0.2408
vn -0.4253 0.3753 -0.8235
vn -0.1477 0.3674 -0.9182
vn -0.0024 0.9783 -0.2070
vn 0.5596 -0.0229 0.8284
vn 0.6704 0.7077 0.2230
vn 0.8311 0.5553 0.0297
vn 0.6943 -0.1054 0.7119
vn 0.9897 -0.1144 -0.0864
vn 0.4230 0.1413 -0.8950
vn 0.4567 -0.1503 -0.8768
vn 0.9891 0.0775 -0.1249
vn -0.4660 0.7930 -0.3924
vn 0.1387 0.2030 -0.9693
vn 0.2867 0.4316 -0.8553
vn -0.5602 0.6630 -0.4966
vn 0.0213 0.0498 0.9985
vn -0.3448 -0.7314 0.5884
vn -0.6018 -0.6059 0.5203
vn -0.1635 0.1135 0.9800
vn -0.4555 0.7437 -0.4893
vn 0.1106 0.1438 -0.9834
vn 0.3682 0.2886 -0.8838
vn -0.3050 0.8289 -0.4689
vn -0.2696 0.2231 0.9367
vn -0.9389 0.2297 0.2563
vn -0.8587 0.4909 0.1475
vn -0.2455 0.4082 0.8793
vn -0.8639 0.0701 0.4988
vn -0.7731 -0.5583 -0.3012
vn -0.8758 -0.2944 -0.3825
vn -0.8292 -0.1170 0.5466
vn -0.2270 0.7227 0.6529
vn 0.7303 0.6068 0.3137
vn 0.6873 0.4587 0.5633
vn -0.1803 0.8426 0.5075
vn 0.8238 0.1590 -0.5441
vn 0.7361 -0.6720 -0.0813
vn 0.8069 -0.5619 0.1823
vn 0.9026 0.2148 -0.3729
vn -0.2410 0.7217 0.6489
vn 0.5316 0.8470 -0.0095
vn 0.6261 0.7399 0.2461
vn -0.2884 0.8225 0.4903
vn -0.5617 0.0082 -0.8273
vn -0.6145 -0.7488 -0.2482
vn -0.3611 -0.8690 -0.3383
vn -0.4151 -0.0975 -0.9045
vn 0.4276 0.8416 -0.3298
vn 0.9895 0.0063 -0.1446
vn 0.9787 0.1848 0.0889
vn 0.4702 0.7345 -0.4893
vn 0.5574 -0.6598 0.5039
vn 0.4579 -0.7272 -0.5114
vn 0.2582 -0.8906 -0.3744
vn 0.7058 -0.5814 0.4048
vn 0.1529 0.9874 -0.0399
vn 0.8964 0.4176 0.1486
vn 0.8233 0.3715 0.4291
vn 0.1322 0.9792 0.1542
vn -0.1391 -0.0875 0.9864
vn -0.8767 0.1823 0.4452
vn -0.7844 0.4604 0.4158
vn -0.1045 0.1055 0.9889
vn -0.0073 0.8130 0.5822
vn -0.7163 0.3580 0.5989
vn -0.8417 0.4130 0.3478
vn -0.0341 0.9184 0.3941
vn -0.4847 0.3167 0.8153
vn -0.1327 -0.6497 0.7485
vn -0.5005 -0.5809 0.6419
vn -0.3263 0.2370 0.9151
vn -0.3999 0.9061 -0.1382
vn 0.2398 0.5232 -0.8178
vn 0.3846 0.6780 -0.6264
vn -0.4850 0.8140 -0.3198
vn 0.3628 -0.5498 -0.7524
vn 0.5495 -0.8354 -0.0160
vn 0.8168 -0.5617 0.1312
vn 0.7169 -0.3087 -0.6251
vn -0.3256 0.9413 -0.0896
vn 0.1021 0.4676 -0.8780
vn 0.2849 0.6323 -0.7204
vn -0.4747 0.8335 -0.2829
vn -0.7452 -0.6266 -0.2279
vn -0.3922 -0.6773 0.6225
vn -0.0891 -0.8512 0.5172
vn -0.5836 -0.7725 -0.2502
vn -0.1502 0.0830 -0.9852
vn 0.7940 -0.0742 -0.6033
vn 0.7730 0.1804 -0.6082
vn -0.1043 -0.0777 -0.9915
vn -0.3415 -0.3192 0.8840
vn 0.0224 -0.9843 0.1749
vn -0.2609 -0.9511 0.1652
vn -0.1527 -0.3781 0.9131
vn -0.4761 0.6666 -0.5735
vn 0.4124 0.4234 -0.8067
vn 0.5296 0.5941 -0.6055
vn -0.3932 0.8018 -0.4500
vn 0.1778 0.5643 0.8062
vn -0.7994 0.5705 0.1882
vn -0.6993 0.7038 0.1251
vn 0.2923 0.5469 0.7845
vn 0.2751 0.8574 0.4350
vn -0.5295 0.7584 0.3801
vn -0.5158 0.8547 -0.0582
vn 0.2400 0.9651 0.1049
vn -0.4420 0.7990 0.4076
vn -0.7812 -0.1075 0.6150
vn -0.9321 0.0461 0.3594
vn -0.3565 0.7514 0.5553
vn -0.0196 0.9982 -0.0573
vn 0.7648 0.6406 -0.0683
vn 0.6515 0.6780 0.3403
vn 0.0342 0.9312 -0.3630
vn -0.8307 -0.5539 -0.0552
vn -0.5422 -0.3626 0.7580
vn -0.2502 -0.6308 0.7345
vn -0.6570 -0.7536 -0.0223
vn 0.0095 0.9647 -0.2632
vn 0.5063 0.2932 -0.8110
vn 0.6806 0.4576 -0.5723
vn -0.0804 0.8882 -0.4523
vn -0.6456 0.0642 -0.7610
vn -0.9963 -0.0807 0.0291
vn -0.8994 -0.4347 0.0466
vn -0.6117 -0.2259 -0.7581
vn 0.2221 -0.1188 -0.9678
vn 0.6547 -0.7375 -0.1657
vn 0.8161 -0.3316 -0.4733
vn 0.2229 -0.5717 -0.7896
vn -0.5317 0.5836 0.6137
vn -0.9904 -0.0798 0.1132
vn -0.9513 0.3044 -0.0476
vn -0.5745 0.2952 0.7634
vn 0.4778 0.6037 -0.6382
vn 0.9649 -0.1513 -0.2145
vn 0.9999 -0.0118 0.0101
vn 0.5125 0.6831 -0.5203
vn 0.4985 0.8121 0.3033
vn -0.3670 0.8185 0.4420
vn -0.4409 0.8945 0.0749
vn 0.4178 0.9075 0.0441
vn 0.6724 0.7045 0.2270
vn 0.7433 0.0995 -0.6615
vn 0.8423 -0.0165 -0.5387
vn 0.6865 0.6549 0.3161
vn 0.1296 0.6835 0.7183
vn 0.2483 0.9426 -0.2234
vn 0.4125 0.8712 -0.2660
vn -0.0493 0.6700 0.7408
vn 0.2142 0.1204 0.9693
vn 0.7452 -0.5448 0.3845
vn 0.5397 -0.6883 0.4847
vn 0.3176 0.1909 0.9288
vn 0.0033 0.7059 -0.7083
vn -0.7617 -0.2631 -0.5922
vn -0.6396 -0.1523 -0.7534
vn 0.0491 0.6868 -0.7252
vn -0.0194 0.5729 0.8194
vn 0.8382 0.1188 0.5322
vn 0.6945 -0.0551 0.7174
vn 0.0793 0.6983 0.7114
vn -0.0561 0.9073 -0.4167
vn -0.8952 0.2173 -0.3890
vn -0.7981 0.1869 -0.5729
vn -0.0337 0.8592 -0.5105
vn -0.2549 -0.2739 -0.9274
vn 0.0365 -0.9484 -0.3149
vn 0.3213 -0.9297 -0.1800
vn -0.2896 -0.0908 -0.9528
vn 0.1116 0.6932 0.7121
vn 0.5741 -0.1036 0.8122
vn 0.3543 -0.3338 0.8735
vn 0.0476 0.7993 0.5990
vn -0.5676 -0.7995 0.1966
vn -0.1966 -0.5924 -0.7813
vn -0.3803 -0.4914 -0.7835
vn -0.6340 -0.7337 0.2446
vn 0.3977 0.9109 0.1098
vn 0.4272 0.5145 -0.7435
vn 0.6402 0.3226 -0.6972
vn 0.5962 0.7941 0.1182
vn 0.0776 -0.3363 -0.9385
vn 0.7245 0.2901 -0.6253
vn 0.5480 0.5251 -0.6512
vn -0.0183 -0.1707 -0.9852
vn 0.7165 0.0971 -0.6908
vn 0.9524 0.0509 0.3007
vn 0.9200 0.3293 0.2124
vn 0.7714 -0.0811 -0.6312
vn -0.1266 0.2869 -0.9495
vn -0.9182 -0.0410 -0.3939
vn -0.7961 -0.2613 -0.5458
vn -0.2334 0.4312 -0.8716
vn 0.5691 0.6490 0.5049
vn 0.8761 -0.2495 0.4126
vn 0.6972 -0.3614 0.6191
vn 0.4820 0.5714 0.6642
vn -0.0795 0.2389 -0.9678
vn -0.9128 0.0767 -0.4012
vn -0.8267 -0.1698 -0.5364
vn -0.1621 0.4029 -0.9008
vn 0.2394 0.9646 0.1108
vn 0.8454 0.3033 0.4396
vn 0.6901 0.2433 0.6816
vn 0.1627 0.9433 0.2894
vn -0.7687 0.6356 -0.0715
vn -0.8770 -0.2685 0.3984
vn -0.9524 -0.2828 0.1137
vn -0.7556 0.6430 0.1247
vn -0.0904 0.9868 -0.1345
vn -0.6270 0.5057 0.5927
vn -0.7785 0.5258 0.3428
vn -0.0121 0.9990 0.0433
vn 0.1314 -0.4545 -0.8810
vn 0.6096 -0.7833 -0.1218
vn 0.8110 -0.5710 -0.1272
vn 0.2871 -0.3373 -0.8965
vn 0.0543 -0.2749 -0.9599
vn 0.4646 0.5453 -0.6977
vn 0.2126 0.6985 -0.6833
vn -0.1012 -0.1557 -0.9826
vn 0.6897 0.3067 -0.6559
vn 0.6220 0.7617 0.1812
vn 0.3842 0.9172 0.1059
vn 0.5550 0.4382 -0.7071
vn 0.9093 0.4157 -0.0202
vn 0.6684 -0.2779 0.6899
vn 0.6191 -0.0036 0.7853
vn 0.9705 0.2333 -0.0610
vn 0.3253 0.7210 -0.6118
vn -0.4785 0.1417 -0.8666
vn -0.2276 0.0310 -0.9733
vn 0.1523 0.8040 -0.5748
vn 0.1125 0.1977 0.9738
vn 0.4502 -0.6279 0.6349
vn 0.1872 -0.7611 0.6210
vn -0.0502 0.0886 0.9948
vn 0.2914 0.6266 -0.7229
vn -0.6314 0.1876 -0.7525
vn -0.4327 0.0296 -0.9010
vn 0.1475 0.7403 -0.6559
vn 0.1187 0.4358 0.8922
vn 0.6679 -0.3129 0.6753
vn 0.4584 -0.5151 0.7243
vn -0.0008 0.2924 0.9563
vn -0.8103 0.5858 -0.0163
vn -0.8971 -0.4326 -0.0903
vn -0.8844 -0.3027 -0.3553
vn -0.8563 0.4935 0.1522
vn -0.1535 0.7253 0.6711
vn -0.8290 -0.0342 0.5583
vn -0.8982 0.1985 0.3922
vn -0.1360 0.5803 0.8030
vn 0.1890 0.3448 -0.9195
vn 0.4179 -0.5596 -0.7157
vn 0.6622 -0.4916 -0.5655
vn 0.3700 0.3771 -0.8491
vn 0.5307 0.2238 -0.8175
vn 0.5555 0.8279 -0.0780
vn 0.2924 0.9470 -0.1333
vn 0.3754 0.3327 -0.8651
vn -0.5560 0.2795 0.7828
vn -0.9579 -0.2764 -0.0774
vn -0.9923 -0.0754 -0.0984
vn -0.5367 0.3738 0.7564
vn 0.3020 0.1380 0.9433
vn 0.9480 -0.1758 0.2652
vn 0.8892 -0.3963 0.2286
vn 0.2731 0.2574 0.9269
vn -0.5389 0.5208 0.6621
vn -0.3645 -0.4695 0.8041
vn -0.6262 -0.4199 0.6569
vn -0.3983 0.4943 0.7727
vn -0.3251 0.3002 -0.8968
vn -0.8555 0.5048 -0.1157
vn -0.9696 0.2287 -0.0876
vn -0.4220 0.1605 -0.8923
vn 0.8890 0.3866 0.2456
vn 0.7568 -0.5766 0.3080
vn 0.6753 -0.3845 0.6293
vn 0.9728 0.2231 0.0627
vn -0.1067 0.5273 -0.8429
vn -0.7705 0.6150 -0.1679
vn -0.9144 0.3365 -0.2250
vn -0.2270 0.3911 -0.8919
vn -0.6762 0.2925 -0.6762
vn -0.9703 -0.2228 0.0940
vn -0.8856 -0.4008 -0.2347
vn -0.8035 0.4252 -0.4165
vn 0.9699 -0.0472 0.2389
vn 0.3584 -0.7731 0.5234
vn 0.3655 -0.5532 0.7486
vn 0.9706 -0.2183 0.1013
vn -0.5463 0.8334 0.0837
vn -0.7047 0.1986 -0.6812
vn -0.5287 0.2919 -0.7970
vn -0.4282 0.9037 -0.0001
vn -0.3815 0.1655 0.9095
vn -0.9059 -0.3981 0.1448
vn -0.9722 -0.1939 0.1312
vn -0.3968 0.2576 0.8810
vn -0.3452 0.6272 0.6982
vn -0.8699 -0.2188 0.4421
vn -0.9630 -0.0581 0.2633
vn -0.4352 0.6704 0.6009
vn 0.6556 0.0919 0.7495
vn 0.8614 -0.5062 -0.0422
vn 0.7105 -0.6157 0.3406
vn 0.8930 0.1397 0.4279
vn -0.6394 0.5597 0.5273
vn -0.2023 -0.2792 0.9387
vn -0.3916 -0.3349 0.8570
vn -0.4507 0.6153 0.6467
vn -0.0040 0.1340 -0.9910
vn -0.7275 0.4802 -0.4901
vn -0.8793 0.2467 -0.4074
vn -0.1821 -0.0452 -0.9822
vn 0.9495 0.3132 -0.0176
vn 0.6939 -0.5445 0.4713
vn 0.6950 -0.2797 0.6624
vn 0.9855 0.1232 -0.1166
vn -0.1616 0.3608 -0.9185
vn -0.5951 0.7889 -0.1531
vn -0.7621 0.6369 -0.1160
vn -0.3521 0.2374 -0.9054
vn -0.7925 0.3653 -0.4883
vn -0.8925 -0.0028 0.4511
vn -0.8830 -0.2145 0.4175
vn -0.7234 0.4585 -0.5163
vn -0.1563 0.2829 0.9463
vn -0.8830 -0.2016 0.4240
vn -0.9044 0.1233 0.4086
vn -0.1704 0.0775 0.9823
vn 0.3616 0.4411 -0.8214
vn 0.6578 -0.2551 -0.7087
vn 0.8938 -0.2413 -0.3780
vn 0.7694 0.4756 -0.4264
vn -0.1634 0.3089 0.9370
vn -0.6161 -0.4350 0.6567
vn -0.8272 -0.2749 0.4901
vn -0.3611 0.4225 0.8313
vn -0.4197 0.4602 0.7824
vn -0.8678 -0.0970 0.4874
vn -0.9855 0.1053 0.1333
vn -0.5765 0.6689 0.4692
vn 0.5945 -0.0063 0.8041
vn 0.6007 -0.7973 0.0597
vn 0.4552 -0.8835 0.1105
vn 0.5026 0.1536 0.8508
vn -0.1808 0.5927 0.7849
vn -0.0854 -0.4006 0.9123
vn -0.3600 -0.3349 0.8708
vn 0.0038 0.5335 0.8458
vn -0.1493 0.4302 -0.8903
vn -0.4741 0.8737 -0.1085
vn -0.7085 0.7013 -0.0787
vn -0.3244 0.3426 -0.8817
vn -0.1912 0.6115 0.7678
vn -0.0259 -0.3688 0.9291
vn -0.3079 -0.3190 0.8964
vn -0.0117 0.5701 0.8215
vn 0.0178 0.7911 -0.6114
vn -0.4435 0.8682 0.2227
vn -0.6795 0.7214 0.1334
vn -0.1551 0.7248 -0.6713
vn -0.6820 0.6663 -0.3014
vn -0.9074 0.0451 0.4178
vn -0.9919 -0.0233 -0.1248
vn -0.7167 0.6947 0.0608
vn 0.9401 -0.3306 0.0830
vn 0.1527 -0.9542 0.2574
vn 0.2447 -0.8221 0.5141
vn 0.8912 -0.4491 -0.0640
vn 0.0643 0.9708 0.2312
vn -0.6258 0.6879 -0.3676
vn -0.4490 0.6629 -0.5991
vn 0.1658 0.9839 0.0662
vn -0.3923 0.0544 0.9182
vn -0.9719 -0.2053 0.1151
vn -0.9963 0.0225 0.0824
vn -0.4148 0.1938 0.8890
vn 0.1339 0.8511 -0.5076
vn 0.3224 0.8431 0.4304
vn 0.0421 0.8582 0.5116
vn -0.0442 0.8944 -0.4450
vn 0.4189 0.8898 0.1807
vn 0.8333 -0.0011 0.5529
vn 0.7150 -0.1486 0.6832
vn 0.3008 0.9487 0.0977
vn -0.4301 0.8739 -0.2265
vn -0.9419 -0.0163 -0.3354
vn -0.8294 0.0002 -0.5587
vn -0.4972 0.8603 -0.1125
vn 0.1750 -0.2908 0.9406
vn 0.9244 -0.3732 0.0790
vn 0.8608 -0.5013 0.0873
vn 0.1563 -0.3770 0.9129
vn -0.3184 0.9273 -0.1968
vn -0.9646 0.1332 -0.2274
vn -0.8491 0.1917 -0.4923
vn -0.4270 0.9036 -0.0341
vn -0.3994 -0.4858 0.7775
vn 0.5528 -0.2592 0.7920
vn 0.5227 -0.4550 0.7210
vn -0.2383 -0.6229 0.7451
vn -0.6232 -0.7746 -0.1075
vn 0.0275 -0.8067 -0.5903
vn -0.4154 -0.3940 -0.8199
vn -0.3234 -0.9462 0.0104
vn -0.5409 -0.1195 0.8325
vn 0.0003 -0.9259 0.3777
vn -0.6791 -0.6631 0.3148
vn -0.3076 -0.4005 0.8631
vn 0.0740 0.7988 -0.5970
vn 0.6781 0.4234 -0.6008
vn 0.7248 0.6735 -0.1454
vn 0.0970 0.9947 -0.0355
vn 0.3406 0.7790 -0.5264
vn 0.4092 0.7990 0.4406
vn 0.1462 0.8653 0.4794
vn 0.1715 0.8519 -0.4948
vn -0.1381 -0.5541 0.8209
vn -0.2285 -0.9702 0.0803
vn -0.5318 -0.8433 -0.0774
vn -0.5085 -0.4961 0.7038
vn 0.4533 0.0573 0.8895
vn 0.8649 0.5012 0.0273
vn 0.9473 0.3192 -0.0272
vn 0.3938 0.1417 0.9082
vn -0.4974 -0.4977 0.7106
vn 0.1506 -0.9885 -0.0094
vn -0.4808 -0.8768 0.0027
vn -0.2541 -0.7101 0.6567
vn 0.1540 0.9629 -0.2218
vn -0.6997 0.7039 0.1221
vn -0.7954 0.5919 -0.1303
vn 0.0700 0.9176 -0.3914
vn -0.4000 -0.4304 0.8092
vn 0.2308 -0.9704 0.0711
vn -0.2888 -0.9513 0.1082
vn -0.2109 -0.6038 0.7687
vn -0.0910 0.9847 0.1485
vn -0.7535 0.4051 0.5178
vn -0.8945 0.3607 0.2641
vn -0.2106 0.9775 -0.0070
vn -0.7182 -0.3861 -0.5788
vn 0.0732 -0.9453 -0.3178
vn 0.1339 -0.8112 -0.5692
vn -0.7516 -0.5007 -0.4294
vn -0.1350 0.8566 -0.4981
vn 0.0094 -0.0725 -0.9973
vn 0.4328 0.3931 -0.8113
vn -0.1358 0.7476 -0.6502
vn -0.6783 0.1674 0.7155
vn -0.8861 0.4324 -0.1669
vn -0.7113 0.6845 -0.1598
vn -0.5972 0.3524 0.7205
vn -0.2513 -0.7628 0.5958
vn -0.4555 -0.8627 -0.2198
vn -0.7464 -0.6218 -0.2373
vn -0.5574 -0.5835 0.5906
vn -0.1504 -0.9064 0.3948
vn -0.2996 -0.7852 -0.5419
vn -0.5588 -0.6548 -0.5089
vn -0.3365 -0.8501 0.4051
vn 0.5467 -0.1974 0.8137
vn 0.9660 0.2585 0.0029
vn 0.9994 -0.0335 -0.0096
vn 0.5588 -0.0023 0.8293
vn 0.9192 0.0082 0.3937
vn 0.7587 -0.3506 -0.5491
vn 0.7465 -0.5660 -0.3497
vn 0.9578 0.1379 0.2521
vn -0.4108 0.8985 -0.1544
vn -0.9617 0.1988 0.1890
vn -0.9957 0.0622 -0.0692
vn -0.4685 0.8212 -0.3257
vn 0.7719 0.2026 0.6026
vn 0.9246 -0.2716 -0.2672
vn 0.8816 -0.4719 0.0040
vn 0.8516 0.3366 0.4018
vn -0.3063 0.9483 -0.0836
vn -0.7934 0.3608 0.4903
vn -0.9356 0.2237 0.2732
vn -0.4306 0.8761 -0.2168
vn -0.8899 0.2077 -0.4062
vn -0.5693 -0.7676 -0.2945
vn -0.4933 -0.6846 -0.5366
vn -0.9513 0.1484 -0.2700
vn -0.0755 0.5561 -0.8276
vn -0.3305 -0.4355 -0.8373
vn -0.0314 -0.4380 -0.8984
vn -0.1828 0.5416 -0.8205
vn -0.6386 0.2377 0.7319
vn -0.8872 0.4291 -0.1696
vn -0.7184 0.6692 -0.1902
vn -0.5572 0.4146 0.7195
vn -0.3686 -0.8607 0.3513
vn -0.4853 -0.6585 -0.5752
vn -0.7045 -0.4698 -0.5320
vn -0.5356 -0.7605 0.3670
vn -0.6338 -0.7730 0.0255
vn -0.3732 -0.4256 -0.8244
vn -0.5510 -0.1928 -0.8119
vn -0.7724 -0.6351 0.0093
vn 0.2224 -0.6893 0.6896
vn 0.9193 -0.0028 0.3935
vn 0.9386 -0.2509 0.2370
vn 0.2404 -0.5349 0.8100
vn 0.4739 -0.4891 0.7322
vn 0.7602 -0.6030 -0.2420
vn 0.5662 -0.8078 -0.1640
vn 0.6265 -0.3782 0.6815
vn -0.1725 0.9772 0.1240
vn -0.9174 0.3972 -0.0247
vn -0.8735 0.3724 -0.3136
vn -0.1722 0.9825 -0.0711
vn 0.4754 -0.3189 0.8199
vn 0.9234 -0.3716 -0.0960
vn 0.7831 -0.6211 -0.0323
vn 0.5977 -0.1705 0.7834
vn -0.1445 0.2315 0.9621
vn 0.0914 -0.6664 0.7400
vn -0.1775 -0.7428 0.6455
vn -0.3258 0.1600 0.9318
vn -0.3600 0.9181 -0.1661
vn -0.6060 0.1389 -0.7833
vn -0.3726 0.2871 -0.8825
vn -0.5341 0.8357 -0.1279
vn 0.3883 0.8449 -0.3680
vn 0.0574 0.1041 -0.9929
vn 0.3448 0.0779 -0.9354
vn 0.2082 0.8739 -0.4393
vn -0.8477 0.0838 0.5239
vn -0.6048 0.7936 -0.0668
vn -0.4019 0.9087 0.1126
vn -0.7378 0.1881 0.6483
vn -0.3715 -0.8769 -0.3051
vn -0.2718 -0.1768 -0.9460
vn -0.5099 -0.0272 -0.8598
vn -0.5460 -0.7898 -0.2795
vn -0.6319 -0.1549 0.7594
vn -0.2815 -0.9131 0.2950
vn -0.4597 -0.8858 0.0631
vn -0.7679 -0.1665 0.6186
vn 0.0674 0.5882 0.8059
vn 0.8785 0.4314 0.2050
vn 0.8720 0.2391 0.4271
vn 0.0976 0.7301 0.6763
vn 0.2883 0.4759 0.8309
vn 0.8076 -0.3359 0.4848
vn 0.6030 -0.4133 0.6824
vn 0.4487 0.5206 0.7264
vn -0.0772 0.4929 -0.8667
vn -0.8777 0.2556 -0.4053
vn -0.8716 -0.0259 -0.4896
vn -0.1002 0.3139 -0.9441
vn 0.1423 0.6233 0.7689
vn 0.6390 -0.2716 0.7197
vn 0.3884 -0.2932 0.8736
vn 0.3263 0.6353 0.7000
vn -0.0646 0.6875 -0.7233
vn -0.8569 0.2240 -0.4642
vn -0.7915 -0.0224 -0.6108
vn -0.0473 0.5336 -0.8444
vn 0.8918 0.0594 -0.4486
vn 0.4946 -0.8484 -0.1888
vn 0.6709 -0.7412 0.0218
vn 0.8028 -0.0368 -0.5951
vn 0.5208 0.6458 0.5583
vn 0.7569 -0.3516 0.5508
vn 0.5717 -0.2833 0.7700
vn 0.6709 0.5968 0.4400
vn -0.9519 0.3061 0.0113
vn -0.6205 -0.1235 -0.7745
vn -0.4767 0.1140 -0.8716
vn -0.8815 0.4659 -0.0765
vn 0.7374 0.4930 0.4618
vn 0.9502 -0.3117 -0.0036
vn 0.8458 -0.4925 0.2053
vn 0.7049 0.3646 0.6084
vn 0.5009 0.3257 -0.8019
vn 0.9685 0.2475 0.0267
vn 0.8575 0.4953 0.1394
vn 0.4588 0.5030 -0.7325
vn 0.9805 -0.0939 -0.1726
vn 0.4734 -0.8032 0.3615
vn 0.5927 -0.5997 0.5377
vn 0.9276 -0.2513 -0.2764
vn 0.5370 0.7766 -0.3295
vn -0.4853 0.8101 -0.3289
vn -0.3824 0.7146 -0.5857
vn 0.4615 0.8693 -0.1771
vn -0.9501 0.2377 0.2021
vn -0.7460 -0.6652 -0.0323
vn -0.7221 -0.6127 -0.3213
vn -0.9669 0.2550 0.0068
vn 0.5946 0.7059 -0.3849
vn -0.4222 0.8129 -0.4012
vn -0.3245 0.6890 -0.6481
vn 0.5248 0.8162 -0.2415
vn 0.2989 0.3821 0.8744
vn 0.4553 -0.5438 0.7050
vn 0.1773 -0.6289 0.7570
vn 0.1278 0.3103 0.9420
vn -0.3751 0.9237 0.0779
vn -0.8900 0.1890 -0.4150
vn -0.7228 0.3461 -0.5981
vn -0.5150 0.8371 0.1846
vn 0.1943 0.7019 0.6853
vn -0.7650 0.4004 0.5044
vn -0.6943 0.6333 0.3419
vn 0.1277 0.5690 0.8124
vn 0.5627 0.1284 -0.8166
vn 0.3829 -0.7621 -0.5221
vn 0.5787 -0.7575 -0.3021
vn 0.7137 0.1083 -0.6920
vn 0.4285 -0.1625 -0.8888
vn 0.9793 -0.1700 -0.1098
vn 0.9887 0.1229 -0.0854
vn 0.4674 0.0294 -0.8835
vn 0.7026 -0.5204 -0.4853
vn 0.9658 0.0143 0.2589
vn 0.9565 0.2694 0.1119
vn 0.7335 -0.3515 -0.5818
vn 0.8883 -0.3230 0.3267
vn 0.0691 -0.3482 0.9349
vn 0.2200 -0.0983 0.9705
vn 0.8009 -0.4973 0.3335
vn 0.7416 -0.1883 -0.6439
vn -0.2321 -0.2190 -0.9477
vn -0.1390 -0.4845 -0.8637
vn 0.6813 -0.0239 -0.7316
vn 0.1311 0.6585 0.7410
vn 0.0313 -0.2643 0.9639
vn -0.2614 -0.2697 0.9268
vn -0.0653 0.6534 0.7542
vn 0.7971 -0.1319 -0.5893
vn -0.1301 0.0063 -0.9915
vn -0.0710 -0.2796 -0.9575
vn 0.7621 0.0524 -0.6453
vn 0.5040 0.7426 0.4410
vn 0.1129 0.0668 0.9914
vn -0.1604 0.1737 0.9716
vn 0.3277 0.8244 0.4615
vn 0.0842 0.6649 -0.7422
vn -0.7946 0.1664 -0.5839
vn -0.6255 0.0265 -0.7798
vn -0.0476 0.7668 -0.6402
vn 0.5582 0.8290 0.0345
vn -0.4570 0.8758 0.1554
vn -0.3815 0.9161 -0.1237
vn 0.5012 0.8370 0.2197
vn 0.3812 -0.6372 -0.6699
vn -0.1000 -0.9920 0.0770
vn 0.1195 -0.9563 0.2668
vn 0.5303 -0.6489 -0.5456
vn 0.3077 -0.6535 -0.6916
vn 0.9653 -0.1863 -0.1828
vn 0.9405 0.0651 -0.3336
vn 0.3237 -0.4946 -0.8066
vn 0.6542 -0.2592 -0.7105
vn 0.8301 0.5230 -0.1937
vn 0.6365 0.6939 -0.3367
vn 0.5563 -0.1284 -0.8210
vn 0.9709 0.0596 0.2321
vn 0.2734 -0.1206 0.9543
vn 0.3286 0.1671 0.9296
vn 0.9518 -0.1297 0.2778
vn 0.9667 0.1694 -0.1917
vn 0.3810 0.8951 0.2316
vn 0.3888 0.9193 -0.0609
vn 0.9830 0.1835 0.0032
vn -0.4433 0.3352 0.8313
vn -0.9478 0.3181 0.0209
vn -0.8232 0.5607 -0.0891
vn -0.3911 0.5112 0.7653
vn 0.9626 0.2154 -0.1643
vn 0.4194 0.7398 0.5260
vn 0.4145 0.8710 0.2638
vn 0.9878 0.1546 0.0201
vn -0.7434 0.3696 0.5574
vn -0.7958 0.4619 -0.3916
vn -0.6056 0.6856 -0.4040
vn -0.6457 0.5374 0.5425
vn -0.8923 -0.3953 -0.2177
vn -0.6620 0.5646 -0.4929
vn -0.7992 0.5546 -0.2319
vn -0.8340 -0.3747 -0.4050
vn 0.2339 0.7429 -0.6273
vn -0.6904 0.6972 -0.1928
vn -0.6892 0.5646 -0.4541
vn 0.2152 0.8557 -0.4706
vn 0.3237 -0.9097 -0.2600
vn 0.2756 -0.6904 0.6689
vn 0.5203 -0.5303 0.6694
vn 0.5010 -0.8308 -0.2424
vn 0.4368 -0.1252 -0.8908
vn 0.7708 0.5555 -0.3119
vn 0.5536 0.7469 -0.3683
vn 0.3186 0.0214 -0.9476
vn -0.0699 -0.7407 -0.6682
vn 0.4660 0.0180 -0.8846
vn 0.2389 0.1937 -0.9515
vn -0.2103 -0.6282 -0.7491
vn 0.6994 -0.3519 -0.6222
vn 0.9585 0.0492 0.2810
vn 0.9653 0.2522 0.0681
vn 0.7294 -0.4852 -0.4822
vn -0.4720 -0.2908 -0.8323
vn -0.9942 0.0968 -0.0460
vn -0.9801 -0.1964 -0.0304
vn -0.5148 -0.1003 -0.8514
vn 0.5749 0.8109 -0.1091
vn 0.9229 0.0673 0.3791
vn 0.7710 0.1243 0.6245
vn 0.5060 0.8599 0.0674
vn -0.2611 -0.2290 -0.9378
vn -0.9205 0.2348 -0.3123
vn -0.9514 -0.0576 -0.3024
vn -0.2708 -0.0345 -0.9620
vn -0.1827 0.7746 -0.6055
vn -0.1491 0.9293 0.3379
vn -0.4156 0.8219 0.3895
vn -0.3693 0.7367 -0.5664
vn -0.7996 0.6002 0.0203
vn -0.4738 0.1349 0.8702
vn -0.6797 -0.0242 0.7331
vn -0.6882 0.7129 0.1345
vn 0.2051 0.9438 -0.2592
vn -0.3581 0.7391 0.5705
vn -0.5263 0.7813 0.3355
vn 0.3052 0.9477 -0.0931
vn -0.9203 0.3147 0.2322
vn -0.3912 -0.0866 0.9162
vn -0.4361 -0.3626 0.8236
vn -0.9715 0.1276 0.1998
vn 0.0161 -0.8435 -0.5369
vn 0.6246 -0.1455 -0.7673
vn 0.4244 0.0203 -0.9053
vn -0.1002 -0.7440 -0.6606
vn -0.0634 0.9163 0.3955
vn -0.8416 0.3613 0.4015
vn -0.9063 0.4056 0.1188
vn -0.1328 0.9663 0.2205
vn 0.9126 0.2173 0.3465
vn 0.6419 -0.7517 0.1515
vn 0.5938 -0.6782 0.4330
vn 0.9739 0.1474 0.1727
vn -0.2717 0.9560 0.1109
vn -0.5518 0.2482 0.7962
vn -0.7563 0.2856 0.5887
vn -0.1591 0.9494 0.2707
vn 0.0501 -0.2043 -0.9776
vn -0.2425 0.6638 -0.7075
vn -0.5143 0.5776 -0.6339
vn -0.1417 -0.2444 -0.9593
vn -0.1382 0.9782 0.1553
vn -0.2117 0.3091 0.9272
vn -0.4727 0.3613 0.8038
vn 0.0228 0.9640 0.2651
vn 0.2803 -0.0367 -0.9592
vn 0.0237 0.8065 -0.5908
vn -0.2654 0.7530 -0.6022
vn 0.0874 -0.0482 -0.9950
vn -0.3801 0.0935 -0.9202
vn -0.9909 0.0870 -0.1030
vn -0.9595 -0.1834 -0.2139
vn -0.4323 0.2719 -0.8598
vn -0.0401 0.8118 0.5826
vn -0.8885 0.2876 0.3576
vn -0.8450 0.5075 0.1688
vn -0.0955 0.6856 0.7217
vn 0.7535 0.0254 -0.6570
vn 0.3323 -0.8129 -0.4783
vn 0.4673 -0.8562 -0.2203
vn 0.8634 -0.0301 -0.5036
vn -0.1506 0.8435 0.5155
vn -0.9103 0.3249 0.2564
vn -0.9088 0.4166 -0.0226
vn -0.1779 0.9234 0.3401
vn 0.6948 0.3026 -0.6524
vn 0.8109 0.5190 0.2703
vn 0.6171 0.7401 0.2674
vn 0.5948 0.4700 -0.6521
vn 0.9616 0.1745 0.2117
vn 0.4857 -0.6508 0.5836
vn 0.4740 -0.4239 0.7718
vn 0.9938 0.0087 0.1108
vn 0.4372 0.8627 -0.2540
vn -0.3033 0.4606 -0.8342
vn -0.0377 0.3761 -0.9258
vn 0.2613 0.9394 -0.2220
vn -0.8525 -0.1228 -0.5081
vn -0.2753 -0.8760 -0.3960
vn -0.0847 -0.7930 -0.6033
vn -0.7398 -0.0945 -0.6662
vn 0.5896 0.8073 -0.0257
vn -0.1837 0.7033 -0.6868
vn 0.0662 0.5987 -0.7982
vn 0.4289 0.9030 0.0257
vn -0.0441 0.6971 0.7156
vn 0.3495 -0.1460 0.9255
vn 0.0935 -0.2902 0.9524
vn -0.2075 0.6014 0.7716
vn -0.5299 0.8380 -0.1302
vn -0.7563 -0.0119 -0.6541
vn -0.5729 0.1631 -0.8032
vn -0.6784 0.7326 -0.0554
vn -0.3295 0.7430 0.5825
vn -0.9481 0.3017 -0.1007
vn -0.8157 0.5378 -0.2131
vn -0.4469 0.6058 0.6582
vn 0.9127 0.2349 -0.3345
vn 0.6519 -0.6833 -0.3288
vn 0.6916 -0.7212 -0.0391
vn 0.9702 0.1894 -0.1515
vn 0.9400 0.1328 -0.3142
vn 0.7744 0.0987 0.6249
vn 0.6712 0.3738 0.6401
vn 0.9014 0.3227 -0.2886
vn 0.5762 0.7991 0.1716
vn 0.6280 0.0697 0.7751
vn 0.3693 0.1361 0.9193
vn 0.4270 0.8539 0.2977
vn 0.2796 0.5291 -0.8012
vn -0.1576 -0.3914 -0.9066
vn 0.1373 -0.4106 -0.9014
vn 0.0884 0.5335 -0.8412
vn 0.1469 0.9237 0.3540
vn -0.6794 0.7037 -0.2081
vn -0.4615 0.8043 -0.3743
vn -0.0129 0.8884 0.4589
vn -0.7369 0.1819 -0.6511
vn -0.0743 -0.3430 -0.9364
vn 0.1350 0.0182 -0.9907
vn -0.5864 0.3685 -0.7213
vn 0.3594 0.8136 0.4571
vn -0.4965 0.8621 -0.1017
vn -0.2616 0.9291 -0.2615
vn 0.1964 0.8036 0.5618
vn -0.8347 -0.2739 -0.4778
vn -0.0939 -0.8202 -0.5644
vn 0.0564 -0.6144 -0.7870
vn -0.7338 -0.1734 -0.6568
vn -0.9416 0.1755 0.2873
vn -0.7163 0.0313 -0.6971
vn -0.7109 0.3167 -0.6279
vn -0.9744 -0.0072 0.2249
vn 0.8935 0.0901 0.4399
vn 0.4240 -0.8226 0.3789
vn 0.3627 -0.6950 0.6208
vn 0.9544 -0.0072 0.2983
vn -0.4882 0.7989 0.3513
vn -0.7306 0.4566 -0.5076
vn -0.5012 0.5753 -0.6464
vn -0.3597 0.8999 0.2465
vn 0.5212 0.7799 -0.3465
vn 0.8279 0.2887 0.4808
vn 0.6714 0.4126 0.6156
vn 0.4335 0.8615 -0.2644
vn 0.8144 0.4777 0.3294
vn 0.3999 -0.1367 0.9063
vn 0.1813 0.0829 0.9799
vn 0.6796 0.6105 0.4067
vn 0.5457 0.3077 0.7794
vn 0.4858 -0.6578 0.5755
vn 0.2862 -0.5717 0.7689
vn 0.7245 0.2336 0.6485
vn -0.1273 0.9784 0.1628
vn -0.4238 0.5430 -0.7250
vn -0.1578 0.6531 -0.7406
vn -0.3164 0.9363 0.1526
vn -0.5573 -0.0081 -0.8302
vn 0.1788 -0.5978 -0.7814
vn 0.4221 -0.3659 -0.8294
vn -0.3990 0.0896 -0.9126
vn 0.0560 0.9886 0.1399
vn -0.4568 0.5971 -0.6594
vn -0.1861 0.6596 -0.7282
vn -0.1347 0.9762 0.1697
vn -0.5290 -0.0300 0.8481
vn 0.3856 -0.3014 0.8720
vn 0.3453 -0.5607 0.7526
vn -0.5505 -0.2274 0.8033
vn -0.8217 -0.1120 -0.5588
vn 0.0134 -0.4005 -0.9162
vn -0.1320 -0.0081 -0.9912
vn -0.6922 -0.4592 -0.5568
vn 0.6513 0.2244 0.7249
vn 0.1253 -0.6893 0.7136
vn 0.0109 -0.5128 0.8585
vn 0.7401 0.1340 0.6590
vn -0.5215 0.8512 -0.0588
vn -0.5658 0.2528 -0.7849
vn -0.2503 0.3142 -0.9158
vn -0.3974 0.9010 -0.1742
vn 0.8992 0.4365 0.0287
vn 0.7712 -0.0600 0.6338
vn 0.4485 0.2646 0.8537
vn 0.6982 0.6720 0.2469
vn 0.8725 -0.4882 0.0192
vn 0.0661 -0.9879 0.1406
vn 0.0291 -0.9073 0.4194
vn 0.8578 -0.4680 0.2127
vn 0.7294 0.2536 -0.6353
vn -0.2440 0.4785 -0.8435
vn -0.1672 0.2200 -0.9610
vn 0.6793 0.4366 -0.5899
vn 0.3541 0.6532 -0.6693
vn -0.2131 -0.1461 -0.9661
vn 0.0751 -0.2071 -0.9754
vn 0.1647 0.6950 -0.6999
vn -0.4303 0.6051 0.6699
vn 0.2995 0.0601 0.9522
vn 0.1408 -0.1872 0.9722
vn -0.5330 0.4446 0.7199
vn 0.4019 0.6630 -0.6316
vn -0.2599 -0.0433 -0.9647
vn 0.0188 -0.1348 -0.9907
vn 0.2178 0.7276 -0.6505
vn -0.1451 0.9221 0.3588
vn 0.4122 0.3237 0.8517
vn 0.1903 0.1698 0.9669
vn -0.2847 0.8370 0.4674
vn -0.7931 0.5057 -0.3394
vn -0.8821 -0.4695 -0.0369
vn -0.8322 -0.4478 -0.3270
vn -0.8623 0.4817 -0.1561
vn 0.3496 0.3498 -0.8692
vn -0.2659 -0.4682 -0.8426
vn 0.0186 -0.5453 -0.8380
vn 0.1605 0.3888 -0.9072
vn 0.6525 0.2391 0.7191
vn -0.2343 -0.0077 0.9721
vn -0.3514 0.2527 0.9015
vn 0.5726 0.4169 0.7059
vn 0.8908 -0.4523 -0.0449
vn 0.1165 -0.9839 0.1353
vn 0.0966 -0.9041 0.4162
vn 0.8893 -0.4323 0.1492
vn -0.7218 -0.0319 0.6913
vn -0.7886 0.6149 -0.0069
vn -0.5905 0.7995 0.1097
vn -0.6198 0.1125 0.7766
vn -0.9810 0.0833 -0.1754
vn -0.3419 -0.2005 -0.9181
vn -0.3834 0.0907 -0.9191
vn -0.9729 -0.1104 -0.2031
vn -0.4899 0.4384 0.7536
vn 0.4389 0.0377 0.8978
vn 0.2273 -0.1555 0.9613
vn -0.3443 0.5708 0.7454
vn 0.2371 0.4495 -0.8612
vn -0.1651 -0.4147 -0.8949
vn 0.0804 -0.5622 -0.8231
vn 0.4012 0.3399 -0.8506
vn -0.5114 0.4822 0.7113
vn 0.4273 0.1230 0.8957
vn 0.2209 -0.0702 0.9728
vn -0.3696 0.6183 0.6936
vn 0.0405 0.9812 -0.1889
vn -0.1600 0.3859 -0.9086
vn 0.1170 0.2975 -0.9475
vn 0.2240 0.9432 -0.2452
vn 0.6937 0.2768 0.6650
vn 0.7591 -0.6249 0.1826
vn 0.6200 -0.6486 0.4415
vn 0.8151 0.2751 0.5098
vn 0.0131 0.9980 -0.0615
vn 0.8718 0.4621 -0.1627
vn 0.7910 0.5938 0.1474
vn 0.1123 0.9503 -0.2905
vn -0.6355 -0.4825 0.6028
vn -0.5428 -0.7849 -0.2990
vn -0.7089 -0.5722 -0.4123
vn -0.7701 -0.3655 0.5228
vn -0.7788 -0.3051 0.5480
vn -0.9071 0.4162 -0.0623
vn -0.7777 0.6191 0.1085
vn -0.7280 -0.1567 0.6675
vn -0.8770 0.3827 0.2904
vn -0.4243 0.7452 -0.5144
vn -0.2705 0.8770 -0.3971
vn -0.7839 0.4855 0.3871
vn -0.7419 0.0574 -0.6680
vn 0.0448 -0.2522 -0.9666
vn 0.0723 0.1063 -0.9917
vn -0.7046 -0.2657 -0.6580
vn -0.5127 0.8068 0.2935
vn 0.2325 0.4197 0.8774
vn -0.0293 0.3089 0.9506
vn -0.3421 0.8986 0.2749
vn 0.3403 0.2598 -0.9037
vn -0.1419 -0.5611 -0.8155
vn 0.0834 -0.7112 -0.6981
vn 0.4884 0.1452 -0.8604
vn -0.6335 0.6785 0.3719
vn 0.2100 0.4149 0.8853
vn -0.0202 0.2520 0.9675
vn -0.4853 0.8021 0.3481
vn 0.5152 0.6461 -0.5631
vn 0.2835 -0.2182 -0.9338
vn 0.4921 -0.3559 -0.7944
vn 0.6563 0.5605 -0.5051
vn 0.4341 0.7194 0.5422
vn 0.6141 -0.2735 0.7403
vn 0.3952 -0.1798 0.9008
vn 0.5830 0.6621 0.4709
vn 0.4287 0.8101 -0.3999
vn 0.9932 -0.0198 -0.1149
vn 0.9914 0.0983 0.0864
vn 0.4367 0.7410 -0.5102
vn -0.9524 0.2940 0.0799
vn -0.9060 -0.4188 -0.0612
vn -0.6852 -0.2721 -0.6756
vn -0.8483 0.3477 -0.3995
vn -0.7808 -0.6246 0.0188
vn -0.5988 0.0104 -0.8009
vn -0.7033 0.1555 -0.6937
vn -0.8228 -0.5601 0.0962
vn 0.9339 0.2913 -0.2072
vn 0.7596 -0.4397 0.4791
vn 0.7107 -0.2782 0.6461
vn 0.9148 0.3858 -0.1192
vn -0.0135 0.4624 -0.8866
vn -0.7271 -0.2289 -0.6472
vn -0.5120 -0.3650 -0.7776
vn -0.1548 0.5354 -0.8303
vn 0.9238 0.3794 0.0508
vn 0.8406 -0.5240 -0.1375
vn 0.8512 -0.4432 0.2812
vn 0.9355 0.2832 -0.2114
vn -0.6194 0.5341 0.5754
vn 0.3818 0.3555 0.8531
vn 0.3506 0.1844 0.9182
vn -0.6998 0.4372 0.5649
vn 0.9531 0.2801 -0.1141
vn 0.6436 -0.4883 -0.5893
vn 0.7837 -0.5753 -0.2340
vn 0.8847 0.2885 -0.3661
vn -0.7007 0.6902 0.1808
vn 0.3113 0.6789 0.6650
vn 0.2772 0.5584 0.7819
vn -0.7671 0.6153 0.1814
vn -0.1767 0.3038 0.9362
vn 0.6211 -0.2839 0.7305
vn 0.4228 -0.4882 0.7635
vn -0.0603 0.3684 0.9277
vn -0.3937 0.0860 -0.9152
vn 0.2150 -0.7199 -0.6600
vn 0.3421 -0.4539 -0.8228
vn -0.4775 -0.1183 -0.8706
vn 0.3205 0.8049 0.4994
vn -0.0638 0.0866 0.9942
vn -0.3521 0.1826 0.9180
vn 0.1454 0.8593 0.4903
vn 0.9639 -0.0025 -0.2662
vn 0.6425 -0.7116 0.2843
vn 0.6443 -0.5463 0.5352
vn 0.9910 0.0826 -0.1052
vn 0.9815 0.1262 0.1440
vn 0.5990 -0.7896 0.1333
vn 0.5170 -0.7685 0.3771
vn 0.9441 0.1219 0.3062
vn 0.0345 0.7238 -0.6891
vn -0.6526 -0.0058 -0.7577
vn -0.4249 -0.0926 -0.9005
vn -0.1365 0.7825 -0.6075
vn 0.4980 0.4326 0.7515
vn 0.7946 -0.4838 0.3667
vn 0.6385 -0.6196 0.4566
vn 0.5073 0.4911 0.7081
vn -0.7478 0.3292 0.5766
vn 0.1993 0.2989 0.9333
vn 0.1440 0.0794 0.9864
vn -0.7303 0.1638 0.6632
vn 0.0302 0.5188 -0.8544
vn 0.1378 -0.5625 -0.8153
vn 0.3559 -0.3768 -0.8552
vn -0.1542 0.3459 -0.9255
vn -0.5442 0.7155 0.4382
vn 0.4260 0.3064 0.8512
vn 0.3023 0.2104 0.9297
vn -0.6211 0.6397 0.4528
vn -0.1874 0.2198 0.9574
vn 0.5206 -0.4955 0.6953
vn 0.2826 -0.6153 0.7359
vn -0.0001 0.2738 0.9618
vn -0.1461 0.3425 -0.9281
vn 0.2205 -0.6701 -0.7088
vn 0.4286 -0.3690 -0.8247
vn -0.2414 0.0967 -0.9656
vn 0.1566 0.5364 0.8293
vn -0.2030 -0.3274 0.9228
vn -0.4591 -0.2409 0.8551
vn -0.0532 0.6209 0.7821
vn 0.9332 0.2220 -0.2826
vn 0.8431 -0.4745 0.2532
vn 0.7665 -0.3046 0.5654
vn 0.9434 0.3317 -0.0080
vn 0.9312 0.2982 -0.2094
vn 0.7492 -0.4614 0.4752
vn 0.7172 -0.3053 0.6264
vn 0.9083 0.3886 -0.1551
vn 0.1376 0.1187 -0.9833
vn -0.6765 -0.2876 -0.6780
vn -0.3907 -0.4979 -0.7742
vn -0.1088 0.3077 -0.9452
vn 0.5857 0.7852 0.2011
vn 0.9086 -0.1850 0.3746
vn 0.7989 -0.1435 0.5841
vn 0.6358 0.7660 0.0951
vn -0.7477 0.3095 0.5875
vn 0.0411 0.8463 0.5310
vn 0.1990 0.6759 0.7096
vn -0.6465 0.2216 0.7300
vn 0.3924 0.8990 0.1944
vn 0.9352 0.0226 0.3535
vn 0.8373 -0.0116 0.5467
vn 0.4095 0.9055 0.1111
vn -0.7170 0.6465 0.2608
vn 0.1848 0.9681 0.1695
vn 0.2726 0.8665 0.4181
vn -0.6643 0.6075 0.4355
vn -0.1275 0.5736 0.8092
vn 0.6299 -0.1150 0.7681
vn 0.4019 -0.2529 0.8801
vn 0.0131 0.6374 0.7704
vn -0.3768 -0.5012 -0.7790
vn 0.3836 -0.8965 -0.2216
vn 0.4835 -0.7447 -0.4600
vn -0.4339 -0.6291 -0.6450
vn 0.3327 0.9268 0.1744
vn -0.0723 0.4447 0.8928
vn -0.3465 0.4873 0.8015
vn 0.1465 0.9793 0.1395
vn 0.6415 0.3998 -0.6547
vn 0.9812 -0.1898 -0.0350
vn 0.9758 0.0116 0.2183
vn 0.6872 0.5531 -0.4710
vn -0.7287 0.6837 0.0397
vn -0.0669 0.7601 -0.6463
vn 0.1381 0.8720 -0.4695
vn -0.5995 0.7881 0.1398
vn -0.3215 0.7081 -0.6287
vn -0.2059 -0.2598 -0.9435
vn 0.0349 -0.0973 -0.9946
vn -0.4877 0.6017 -0.6326
vn 0.0137 0.8839 0.4675
vn -0.1747 0.0199 0.9844
vn -0.4227 0.1498 0.8938
vn 0.1691 0.8094 0.5623
vn 0.7571 -0.0148 -0.6531
vn -0.0915 -0.3490 -0.9327
vn -0.0636 -0.6065 -0.7925
vn 0.7801 -0.1999 -0.5928
vn 0.0356 0.9560 0.2911
vn -0.0646 0.2022 0.9772
vn -0.3251 0.3090 0.8938
vn 0.2029 0.9031 0.3785
vn 0.8698 0.1954 -0.4531
vn 0.1519 -0.1503 -0.9769
vn 0.1857 -0.4280 -0.8845
vn 0.9054 0.0044 -0.4246
vn 0.7188 0.0602 0.6926
vn -0.0928 -0.5432 0.8345
vn -0.1352 -0.2763 0.9515
vn 0.7500 -0.1283 0.6489
vn 0.8482 0.4468 -0.2846
vn 0.8454 -0.5340 0.0095
vn 0.9065 -0.3516 0.2335
vn 0.8448 0.3156 -0.4322
vn -0.6365 0.6864 0.3518
vn -0.9929 -0.0871 -0.0805
vn -0.9354 0.0076 -0.3534
vn -0.6340 0.7548 0.1684
vn -0.6753 0.7283 0.1159
vn 0.0488 0.8685 -0.4932
vn 0.2452 0.9268 -0.2844
vn -0.5480 0.8005 0.2429
vn 0.7908 -0.5279 0.3098
vn 0.0029 -0.5289 0.8487
vn 0.0523 -0.2635 0.9632
vn 0.8319 -0.3680 0.4153
vn 0.3084 -0.6819 -0.6632
vn -0.6026 -0.2309 -0.7639
vn -0.6238 -0.4825 -0.6149
vn 0.3072 -0.5318 -0.7892
vn 0.8803 0.0732 0.4688
vn 0.2476 -0.7061 0.6633
vn 0.2061 -0.4827 0.8512
vn 0.9232 -0.0928 0.3729
vn -0.2583 0.9657 -0.0262
vn 0.5840 0.7279 0.3593
vn 0.4704 0.6356 0.6122
vn -0.3204 0.9345 0.1554
vn 0.7868 -0.2181 0.5773
vn -0.0004 -0.8662 0.4997
vn -0.0327 -0.6842 0.7285
vn 0.8148 -0.3644 0.4509
vn -0.2107 0.9672 -0.1421
vn 0.4725 0.7353 0.4858
vn 0.2866 0.6572 0.6971
vn -0.3246 0.9458 0.0139
vn -0.2130 0.6899 0.6919
vn 0.1638 -0.2245 0.9606
vn -0.1311 -0.2208 0.9665
vn -0.0191 0.6876 0.7259
vn -0.5737 0.8146 -0.0855
vn -0.8157 0.0697 0.5742
vn -0.9487 0.0326 0.3144
vn -0.5185 0.8493 0.0993
vn 0.8963 0.3817 0.2259
vn 0.1197 0.7776 0.6172
vn 0.0431 0.9258 0.3755
vn 0.8566 0.5092 0.0841
vn 0.6709 -0.5832 0.4581
vn -0.1997 -0.5029 0.8410
vn -0.1494 -0.2394 0.9594
vn 0.7055 -0.4244 0.5676
vn 0.6601 -0.7080 -0.2510
vn -0.1201 -0.9633 0.2401
vn -0.0195 -0.8675 0.4970
vn 0.7311 -0.6785 -0.0723
vn 0.5372 -0.0520 -0.8418
vn -0.4228 0.2927 -0.8577
vn -0.4126 0.0036 -0.9109
vn 0.5230 0.1433 -0.8402
vn 0.1570 -0.0616 -0.9857
vn -0.5966 -0.5918 -0.5421
vn -0.3502 -0.7506 -0.5603
vn -0.0192 0.0233 -0.9995
vn 0.0712 0.9839 0.1640
vn 0.7355 0.4094 0.5398
vn 0.5670 0.3156 0.7608
vn -0.0199 0.9430 0.3322
vn 0.1082 -0.0477 -0.9930
vn -0.7379 -0.4012 -0.5427
vn -0.5386 -0.6141 -0.5768
vn -0.0416 0.0785 -0.9960
vn 0.1272 0.8757 0.4658
vn 0.6574 0.1317 0.7419
vn 0.4433 0.0016 0.8964
vn 0.0036 0.8005 0.5993
vn -0.7967 0.6029 0.0413
vn -0.9041 -0.4145 0.1041
vn -0.9326 -0.3167 -0.1730
vn -0.8162 0.5322 0.2247
vn -0.8224 0.5688 0.0127
vn -0.8698 -0.4286 0.2443
vn -0.9247 -0.3784 -0.0413
vn -0.8237 0.5284 0.2060
vn 0.8900 0.0376 0.4544
vn 0.1129 0.2719 0.9557
vn 0.0879 0.5402 0.8369
vn 0.8846 0.2274 0.4072
vn -0.4648 0.0603 -0.8833
vn -0.9933 -0.0604 -0.0984
vn -0.9346 -0.3478 -0.0747
vn -0.4587 -0.1354 -0.8782
vn 0.4507 -0.7444 0.4927
vn -0.4135 -0.4626 0.7842
vn -0.3161 -0.2229 0.9222
vn 0.5088 -0.6026 0.6149
vn 0.6181 -0.5399 -0.5714
vn -0.1962 -0.0769 -0.9775
vn -0.2582 -0.3530 -0.8993
vn 0.6584 -0.3679 -0.6567
vn 0.4541 -0.5864 -0.6708
vn -0.5444 -0.6897 -0.4774
vn -0.3851 -0.8691 -0.3103
vn 0.3391 -0.4957 -0.7995
vn 0.2468 0.9690 -0.0054
vn 0.5606 0.4217 0.7126
vn 0.3048 0.4181 0.8557
vn 0.0931 0.9892 0.1128
vn 0.4685 -0.5329 -0.7047
vn -0.5429 -0.6074 -0.5799
vn -0.4018 -0.8113 -0.4247
vn 0.3654 -0.4230 -0.8292
vn 0.9644 0.1125 -0.2394
vn 0.4890 -0.6312 -0.6020
vn 0.4978 -0.7915 -0.3546
vn 0.9955 -0.0157 -0.0936
vn 0.3093 0.7698 0.5583
vn -0.3812 0.1073 0.9182
vn -0.5095 0.3387 0.7910
vn 0.3840 0.6304 0.6747
vn -0.6725 0.6945 -0.2558
vn -0.9085 -0.0413 0.4157
vn -0.9831 -0.1168 0.1409
vn -0.6588 0.7492 -0.0680
vn 0.5672 0.3630 0.7392
vn -0.3240 0.6932 0.6438
vn -0.2605 0.8702 0.4182
vn 0.6053 0.5070 0.6136
vn 0.1595 -0.9631 0.2166
vn -0.5427 -0.5032 0.6725
vn -0.3650 -0.3620 0.8578
vn 0.2653 -0.8924 0.3650
vn 0.0169 0.0991 -0.9949
vn -0.3716 -0.6890 -0.6223
vn -0.1143 -0.8195 -0.5615
vn 0.1796 -0.0111 -0.9837
vn 0.6652 0.6757 -0.3178
vn -0.2824 0.6558 -0.7001
vn -0.0988 0.4953 -0.8631
vn 0.5450 0.8045 -0.2363
vn 0.3257 0.5545 -0.7658
vn -0.0102 -0.4021 -0.9155
vn 0.2820 -0.3927 -0.8754
vn 0.1394 0.5413 -0.8292
vn -0.4827 0.3321 0.8104
vn 0.3717 -0.0752 0.9253
vn 0.2720 -0.3508 0.8961
vn -0.5434 0.1458 0.8267
vn 0.3236 0.6676 -0.6706
vn -0.1605 -0.1842 -0.9697
vn 0.1321 -0.2198 -0.9666
vn 0.1325 0.6918 -0.7098
vn -0.5355 0.4885 0.6889
vn 0.3703 0.2672 0.8897
vn 0.3136 -0.0149 0.9494
vn -0.5680 0.3094 0.7627
vn -0.8894 0.1934 -0.4142
vn -0.4194 -0.7009 -0.5769
vn -0.3560 -0.5037 -0.7871
vn -0.9526 0.0452 -0.3010
vn -0.0747 0.7632 -0.6419
vn -0.0100 -0.2021 -0.9793
vn 0.2543 -0.0723 -0.9644
vn -0.2470 0.6805 -0.6899
vn 0.5072 0.2674 0.8193
vn -0.2981 -0.2345 0.9253
vn -0.4752 -0.0041 0.8799
vn 0.3837 0.4192 0.8229
vn 0.0672 0.2333 -0.9701
vn -0.6328 -0.3507 -0.6904
vn -0.4597 -0.5882 -0.6654
vn 0.1651 0.0632 -0.9842
vn -0.8681 0.1428 -0.4753
vn -0.0183 0.1705 -0.9852
vn 0.0456 0.3941 -0.9179
vn -0.8580 0.2794 -0.4310
vn -0.3798 -0.2806 -0.8815
vn 0.0601 -0.9644 -0.2577
vn 0.2543 -0.8534 -0.4551
vn -0.4998 -0.3782 -0.7792
vn -0.7576 0.6137 -0.2222
vn -0.2772 0.6816 0.6772
vn -0.5114 0.5056 0.6948
vn -0.6221 0.7526 -0.2158
vn 0.4407 0.0821 0.8939
vn -0.0365 -0.7205 0.6925
vn -0.3027 -0.6036 0.7376
vn 0.2632 0.1404 0.9545
vn -0.5490 0.5699 -0.6114
vn -0.3519 0.8698 0.3459
vn -0.6057 0.7239 0.3302
vn -0.4013 0.6950 -0.5966
vn 0.6386 0.3670 -0.6764
vn 0.5613 -0.5804 -0.5900
vn 0.7233 -0.5988 -0.3440
vn 0.7735 0.3396 -0.5350
vn 0.3844 0.8531 0.3528
vn 0.0442 0.1291 0.9907
vn -0.1640 0.3273 0.9306
vn 0.5247 0.7369 0.4262
vn 0.4655 0.6153 -0.6361
vn 0.8694 0.4079 0.2788
vn 0.7039 0.6492 0.2882
vn 0.6029 0.4762 -0.6401
vn 0.0225 0.6155 0.7878
vn 0.3062 -0.2862 0.9079
vn 0.0268 -0.4019 0.9153
vn -0.1457 0.5377 0.8305
vn -0.9773 -0.1999 -0.0707
vn -0.3240 0.0526 -0.9446
vn -0.3568 0.1874 -0.9152
vn -0.9823 -0.1817 0.0445
vn -0.8513 -0.5198 -0.0713
vn -0.5744 0.0035 -0.8186
vn -0.6611 0.2605 -0.7036
vn -0.9366 -0.3499 -0.0195
vn -0.4830 -0.1185 -0.8676
vn 0.5367 -0.0944 -0.8385
vn 0.4257 0.1733 -0.8881
vn -0.4001 -0.2956 -0.8675
vn -0.9188 0.1040 -0.3809
vn -0.7862 -0.1951 0.5864
vn -0.8086 -0.4260 0.4058
vn -0.9355 0.2490 -0.2505
vn 0.5662 0.7608 -0.3171
vn 0.8463 -0.1296 -0.5166
vn 0.9509 -0.1866 -0.2469
vn 0.6705 0.7258 -0.1536
vn -0.9524 0.0062 -0.3049
vn -0.7205 0.1357 0.6800
vn -0.7711 -0.1475 0.6194
vn -0.9490 0.1936 -0.2487
vn 0.3239 0.9037 -0.2800
vn 0.4814 0.1630 -0.8612
vn 0.7062 0.0541 -0.7060
vn 0.4953 0.8443 -0.2045
vn -0.2027 0.4725 0.8577
vn 0.2772 -0.4328 0.8578
vn -0.0148 -0.4632 0.8861
vn -0.0068 0.4833 0.8754
vn -0.1474 0.9420 -0.3014
vn 0.4491 0.7373 0.5046
vn 0.1740 0.7909 0.5868
vn 0.0422 0.9385 -0.3426
vn -0.6140 -0.7893 -0.0072
vn 0.3147 -0.9302 -0.1890
vn 0.3004 -0.8334 -0.4640
vn -0.6202 -0.7588 -0.1990
vn -0.6358 -0.7639 -0.1106
vn -0.4014 -0.2518 -0.8806
vn -0.5776 -0.0256 -0.8159
vn -0.7745 -0.6254 -0.0950
vn -0.9357 0.2337 -0.2641
vn -0.2144 0.5950 -0.7746
vn -0.1469 0.8029 -0.5777
vn -0.9053 0.3945 -0.1575
vn -0.4587 0.2368 -0.8565
vn 0.4427 -0.2415 -0.8635
vn 0.4764 0.0505 -0.8778
vn -0.4715 0.0425 -0.8808
vn -0.7490 0.3348 0.5717
vn -0.0552 0.9810 0.1858
vn 0.0197 0.8904 0.4548
vn -0.8061 0.4272 0.4096
vn 0.9551 0.2667 0.1292
vn 0.3207 0.5036 0.8022
vn 0.2089 0.7298 0.6510
vn 0.8980 0.4368 0.0527
vn -0.6082 0.6595 0.4417
vn 0.2221 0.9726 -0.0684
vn 0.2795 0.9355 0.2160
vn -0.6443 0.7191 0.2605
vn -0.2191 -0.9004 0.3759
vn -0.5295 -0.1252 0.8390
vn -0.2695 -0.0608 0.9611
vn -0.0616 -0.8700 0.4891
vn 0.2379 -0.2570 0.9367
vn 0.1322 0.7277 0.6731
vn 0.4122 0.6368 0.6516
vn 0.0635 -0.1770 0.9822
vn -0.5236 0.8465 0.0965
vn 0.2504 0.6349 0.7309
vn -0.0053 0.5423 0.8402
vn -0.3569 0.9329 0.0485
vn -0.3485 -0.9362 -0.0444
vn 0.5287 -0.7586 -0.3809
vn 0.4356 -0.6412 -0.6317
vn -0.3994 -0.8885 -0.2260
vn -0.9611 0.1657 0.2209
vn -0.5731 0.6413 -0.5102
vn -0.4308 0.8356 -0.3409
vn -0.8918 0.3186 0.3214
vn -0.2834 -0.7546 0.5918
vn -0.9316 -0.3633 0.0110
vn -0.9758 -0.1263 0.1785
vn -0.3447 -0.6119 0.7119
vn -0.8590 -0.5108 -0.0331
vn -0.4180 -0.1752 -0.8914
vn -0.6139 0.0189 -0.7892
vn -0.7528 -0.6462 -0.1252
vn -0.4734 -0.4182 0.7753
vn 0.4491 0.0021 0.8935
vn 0.4693 -0.2852 0.8357
vn -0.4777 -0.2354 0.8464
vn -0.2940 0.7196 -0.6291
vn 0.0472 -0.0941 -0.9944
vn 0.3299 -0.0288 -0.9436
vn -0.1041 0.7684 -0.6315
vn -0.7011 -0.2687 0.6605
vn 0.1842 0.1299 0.9743
vn 0.1961 -0.1638 0.9668
vn -0.7098 -0.0768 0.7002
vn -0.6076 0.6765 0.4161
vn 0.2675 0.9524 0.1461
vn 0.4024 0.8343 0.3768
vn -0.5141 0.6311 0.5809
vn 0.2626 0.7021 0.6619
vn 0.9562 0.0489 0.2884
vn 0.8400 -0.0490 0.5404
vn 0.3691 0.7741 0.5144
vn -0.6629 0.7319 -0.1578
vn 0.3367 0.9381 -0.0818
vn 0.2031 0.9631 0.1769
vn -0.5729 0.7508 -0.3288
vn 0.7482 0.3401 0.5697
vn 0.9576 -0.2429 -0.1550
vn 0.8724 -0.4886 -0.0159
vn 0.7279 0.1687 0.6646
vn -0.3194 -0.9126 0.2553
vn -0.9550 -0.2851 -0.0815
vn -0.9767 -0.1324 0.1686
vn -0.3672 -0.8272 0.4253
vn 0.5806 0.8035 -0.1315
vn 0.8798 0.1162 0.4609
vn 0.7039 0.1958 0.6828
vn 0.4939 0.8690 0.0310
vn -0.0891 0.4674 -0.8795
vn -0.4632 -0.4780 -0.7463
vn -0.1887 -0.4833 -0.8549
vn -0.2790 0.4601 -0.8429
vn -0.0043 0.8848 0.4659
vn 0.8614 0.3473 0.3706
vn 0.7259 0.2888 0.6243
vn 0.1089 0.9419 0.3179
vn -0.7520 -0.4047 0.5203
vn -0.3513 0.3981 0.8474
vn -0.1134 0.2641 0.9578
vn -0.6087 -0.4877 0.6258
vn 0.1880 0.9300 0.3157
vn 0.9134 0.3783 -0.1505
vn 0.9264 0.3490 0.1412
vn 0.2088 0.9698 0.1262
vn -0.8802 -0.2082 0.4264
vn -0.4459 0.6115 0.6537
vn -0.2514 0.4871 0.8364
vn -0.7704 -0.2762 0.5746
vn -0.0998 0.1921 0.9763
vn 0.7694 0.4113 0.4888
vn 0.7799 0.1432 0.6093
vn -0.0850 0.3790 0.9215
vn 0.4753 0.8771 -0.0692
vn 0.9045 0.0856 0.4179
vn 0.7551 0.2591 0.6022
vn 0.6054 0.7762 -0.1764
vn -0.9996 -0.0051 0.0280
vn -0.5481 -0.7838 -0.2922
vn -0.4887 -0.6713 -0.5572
vn -0.9859 0.0474 -0.1607
vn 0.4811 0.8758 0.0390
vn 0.9182 0.1259 0.3757
vn 0.7500 0.1082 0.6525
vn 0.4107 0.8794 0.2409
vn -0.8296 0.4812 -0.2834
vn -0.0729 0.4943 -0.8662
vn 0.0717 0.6983 -0.7123
vn -0.7419 0.6374 -0.2078
vn -0.4214 0.2653 -0.8672
vn 0.0437 -0.6406 -0.7666
vn 0.2267 -0.4342 -0.8718
vn -0.5423 0.1137 -0.8325
vn -0.4598 0.7507 -0.4744
vn -0.2002 0.8358 0.5112
vn -0.4742 0.7369 0.4817
vn -0.2938 0.8461 -0.4448
vn 0.4002 0.0026 0.9164
vn -0.1260 -0.7491 0.6503
vn -0.3839 -0.6140 0.6896
vn 0.2251 0.0718 0.9717
vn -0.5935 0.6911 -0.4126
vn -0.1447 0.8591 0.4909
vn -0.4122 0.7448 0.5247
vn -0.4312 0.7966 -0.4236
vn 0.7112 -0.2224 -0.6669
vn -0.0264 -0.8215 -0.5697
vn 0.0727 -0.9441 -0.3215
vn 0.7841 -0.3335 -0.5235
vn 0.6011 0.7542 0.2643
vn 0.0492 0.2560 0.9654
vn -0.0926 0.4923 0.8655
vn 0.7006 0.6157 0.3607
vn -0.3396 -0.3563 -0.8705
vn 0.4610 -0.7891 -0.4059
vn 0.5470 -0.5848 -0.5989
vn -0.3841 -0.5148 -0.7664
vn -0.0675 0.9396 0.3357
vn -0.1731 0.2239 0.9591
vn -0.4487 0.1595 0.8794
vn -0.2606 0.9127 0.3148
vn -0.9474 0.3197 0.0122
vn -0.5003 0.2516 -0.8285
vn -0.3472 0.5001 -0.7933
vn -0.8674 0.4975 0.0119
vn -0.2224 0.9556 -0.1935
vn 0.0959 0.4022 -0.9105
vn 0.3756 0.4158 -0.8283
vn -0.0402 0.9847 -0.1693
vn -0.0656 0.4607 -0.8851
vn -0.5202 -0.3508 -0.7787
vn -0.2234 -0.4032 -0.8874
vn -0.2899 0.5503 -0.7831
vn 0.4277 0.8989 -0.0952
vn -0.0081 0.6175 0.7865
vn -0.1961 0.7627 0.6164
vn 0.5536 0.8320 0.0374
vn 0.0169 -0.4123 0.9109
vn -0.8149 -0.3762 0.4410
vn -0.8627 -0.0937 0.4969
vn -0.0408 -0.2359 0.9709
vn 0.3008 0.9156 -0.2668
vn 0.2451 0.6496 0.7196
vn -0.0019 0.7769 0.6296
vn 0.4711 0.8614 -0.1897
vn 0.9211 -0.2968 -0.2518
vn 0.1746 -0.6122 -0.7712
vn 0.1245 -0.8248 -0.5516
vn 0.8756 -0.4579 -0.1535
vn 0.6630 0.1698 0.7291
vn -0.2941 -0.1136 0.9490
vn -0.2674 0.1793 0.9467
vn 0.6436 -0.0210 0.7651
vn -0.2660 0.3911 -0.8811
vn -0.1568 -0.6390 -0.7531
vn 0.0922 -0.5774 -0.8112
vn -0.3387 0.3768 -0.8622
vn 0.6627 0.6978 0.2717
vn 0.0689 0.3642 0.9288
vn -0.1687 0.5267 0.8331
vn 0.5078 0.8270 0.2411
vn -0.3456 0.9256 -0.1541
vn 0.1131 0.5185 -0.8476
vn 0.3962 0.5381 -0.7439
vn -0.1020 0.9893 -0.1042
vn -0.4645 0.8252 -0.3213
vn 0.3779 0.5992 -0.7058
vn 0.5205 0.7105 -0.4735
vn -0.3586 0.9177 -0.1707
vn 0.2845 0.4663 -0.8376
vn 0.0630 -0.5499 -0.8329
vn 0.2919 -0.5232 -0.8006
vn 0.0991 0.4430 -0.8910
vn -0.0043 0.9038 0.4279
vn -0.4313 0.1054 0.8961
vn -0.6294 0.2539 0.7345
vn 0.1049 0.8429 0.5278
vn -0.4685 -0.5019 0.7271
vn -0.9927 0.0062 -0.1205
vn -0.9964 0.0456 0.0709
vn -0.3516 -0.4485 0.8217
vn 0.5299 0.8365 0.1396
vn -0.0707 0.3571 0.9314
vn -0.1772 0.5033 0.8458
vn 0.5820 0.8036 0.1248
vn 0.9639 -0.2075 0.1669
vn 0.5272 -0.4170 -0.7404
vn 0.4906 -0.5985 -0.6333
vn 0.9182 -0.2780 0.2822
vn 0.4619 -0.0255 0.8866
vn -0.4270 -0.5047 0.7503
vn -0.4241 -0.2268 0.8767
vn 0.5104 -0.1635 0.8443
vn 0.1864 0.2821 -0.9411
vn 0.4886 -0.6325 -0.6010
vn 0.6582 -0.5296 -0.5351
vn 0.0459 0.1951 -0.9797
vn 0.1103 0.5733 0.8119
vn -0.8275 0.0812 0.5556
vn -0.8170 0.3131 0.4842
vn 0.0555 0.6421 0.7646
vn -0.6761 0.6910 -0.2557
vn 0.3242 0.9007 -0.2891
vn 0.3332 0.9419 -0.0428
vn -0.6581 0.7420 -0.1280
vn -0.9324 0.3059 0.1925
vn -0.9328 0.3045 0.1928
vn -0.9324 0.3061 0.1924
vn -0.9320 0.3074 0.1921
vn -0.2676 0.5706 0.7765
vn -0.2667 0.5726 0.7752
vn -0.2615 0.5847 0.7680
vn -0.2728 0.5580 0.7837
vn -0.4137 -0.0116 0.9103
vn -0.4145 -0.0071 0.9100
vn -0.4111 -0.0262 0.9112
vn -0.4170 0.0077 0.9089
vn -0.5633 0.1305 0.8159
vn -0.5624 0.1327 0.8162
vn -0.5639 0.1290 0.8157
vn -0.5649 0.1268 0.8154
vn -0.8371 0.2390 0.4921
vn -0.8345 0.2419 0.4950
vn -0.8369 0.2392 0.4924
vn -0.8394 0.2362 0.4894
vn -0.7028 -0.3268 0.6319
vn -0.5015 0.5918 0.6312
vn -0.4973 0.5843 0.6413
vn -0.5155 0.6177 0.5940
vn -0.4829 0.5586 0.6743
vn -0.8181 -0.2937 0.4945
vn -0.8183 -0.2932 0.4944
vn -0.8179 -0.2941 0.4945
vn -0.6637 0.1336 0.7360
vn -0.6673 0.1528 0.7290
vn -0.6634 0.1323 0.7365
vn -0.6595 0.1131 0.7431
vn -0.8449 -0.2971 0.4448
vn -0.8439 -0.2991 0.4455
vn -0.8450 -0.2970 0.4447
vn -0.8461 -0.2950 0.4440
vn -0.5518 0.7303 0.4027
vn -0.5634 0.7221 0.4014
vn -0.5505 0.7312 0.4029
vn -0.5390 0.7390 0.4041
vn -0.4728 -0.5724 0.6700
vn -0.4738 -0.5713 0.6701
vn -0.4614 -0.5839 0.6680
vn -0.4855 -0.5592 0.6720
vn -0.7630 -0.5166 0.3886
vn -0.7644 -0.5117 0.3922
vn -0.7546 -0.5434 0.3677
vn -0.7718 -0.4835 0.4130
vn -0.5037 0.2854 0.8154
vn -0.5029 0.2383 0.8308
vn -0.5037 0.2955 0.8118
vn -0.5030 0.3415 0.7939
vn -0.0782 -0.0050 0.9969
vn -0.0782 -0.0051 0.9969
vn -0.0781 -0.0049 0.9969
vn -0.8258 -0.3433 0.4475
vn -0.8202 -0.3412 0.4591
vn -0.8270 -0.3438 0.4448
vn -0.8324 -0.3458 0.4330
vn -0.8418 -0.4264 0.3310
vn -0.8421 -0.4260 0.3308
vn -0.8353 -0.4352 0.3359
vn -0.8485 -0.4169 0.3258
vn -0.5537 0.0376 0.8319
vn -0.5540 0.0377 0.8317
vn -0.5513 0.0370 0.8335
vn -0.5564 0.0382 0.8300
vn -0.6142 0.5214 0.5924
vn -0.6127 0.5197 0.5953
vn -0.6189 0.5269 0.5826
vn -0.6081 0.5143 0.6047
vn 0.6923 0.3718 0.6185
vn 0.6975 0.3573 0.6211
vn 0.6920 0.3726 0.6183
vn 0.6866 0.3868 0.6156
vn 0.8874 0.1767 -0.4258
vn 0.8877 0.1756 -0.4256
vn 0.8933 0.1534 -0.4225
vn 0.8814 0.1985 -0.4287
vn 0.8614 0.3108 0.4017
vn 0.8695 0.2913 0.3990
vn 0.8155 0.4059 0.4125
vn 0.9048 0.1880 0.3820
vn 0.7749 0.0162 0.6319
vn 0.7140 -0.0829 0.6952
vn 0.7811 0.0277 0.6237
vn 0.8320 0.1399 0.5368
vn 0.8816 0.2049 0.4251
vn 0.8159 0.0889 0.5713
vn 0.8809 0.2033 0.4273
vn 0.9138 0.3205 0.2497
vn 0.6906 -0.2267 0.6868
vn 0.7155 -0.1997 0.6695
vn 0.6894 -0.2280 0.6876
vn 0.6655 -0.2525 0.7024
vn 0.7499 0.5131 0.4176
vn 0.7515 0.5122 0.4159
vn 0.6997 0.5408 0.4668
vn 0.8012 0.4785 0.3594
vn 0.8868 -0.0690 0.4569
vn 0.8878 -0.0846 0.4524
vn 0.8868 -0.0678 0.4572
vn 0.8856 -0.0522 0.4616
vn 0.9273 -0.0403 0.3721
vn 0.9313 -0.0817 0.3550
vn 0.9270 -0.0378 0.3731
vn 0.9211 0.0033 0.3893
vn 0.5919 -0.4873 0.6420
vn 0.6007 -0.5533 0.5771
vn 0.5915 -0.4848 0.6442
vn 0.5779 -0.4165 0.7018
vn 0.4858 0.6048 0.6311
vn 0.4974 0.5413 0.6779
vn 0.4853 0.6070 0.6293
vn 0.4711 0.6642 0.5804
vn 0.7639 -0.5394 0.3544
vn 0.7620 -0.5453 0.3493
vn 0.7509 -0.5771 0.3212
vn 0.7734 -0.5057 0.3822
vn 0.6340 -0.4564 0.6243
vn 0.6311 -0.4602 0.6244
vn 0.6148 -0.4813 0.6249
vn 0.6504 -0.4341 0.6233
vn 0.8132 -0.0163 0.5818
vn 0.8066 0.0507 0.5889
vn 0.8134 -0.0200 0.5813
vn 0.8160 -0.0875 0.5713
vn 0.7563 -0.4740 -0.4509
vn 0.7565 -0.4630 -0.4619
vn 0.7486 -0.5571 -0.3596
vn 0.7512 -0.3712 -0.5458
vn 0.8004 -0.2500 0.5449
vn 0.7361 -0.2443 0.6312
vn 0.7997 -0.2499 0.5458
vn 0.8599 -0.2529 0.4434
vn 0.5756 -0.3093 0.7570
vn 0.5755 -0.3084 0.7574
vn 0.5762 -0.3148 0.7542
vn 0.5749 -0.3028 0.7601
vn 0.7020 -0.2036 0.6824
vn 0.7202 -0.2088 0.6616
vn 0.6532 -0.1895 0.7331
vn 0.7693 -0.2229 0.5987
vn 0.4168 0.0294 0.9085
vn 0.4473 0.0123 0.8943
vn 0.3811 0.0488 0.9232
vn 0.4875 -0.0107 0.8731
vn 0.1116 0.3147 -0.9426
vn 0.1123 0.3260 -0.9387
vn 0.1115 0.3121 -0.9435
vn 0.1108 0.3010 -0.9472
vn -0.7992 0.0267 -0.6005
vn -0.5735 0.0122 -0.8191
vn -0.5739 0.0099 -0.8189
vn -0.5675 0.0419 -0.8223
vn -0.5793 -0.0203 -0.8148
vn -0.2629 0.1349 -0.9553
vn -0.2568 0.1283 -0.9579
vn -0.2676 0.1399 -0.9533
vn -0.2740 0.1468 -0.9505
vn -0.1622 0.1624 -0.9733
vn -0.1559 0.1563 -0.9753
vn -0.1687 0.1687 -0.9711
vn -0.1755 0.1752 -0.9688
vn -0.1802 -0.2628 -0.9479
vn -0.2007 -0.2450 -0.9485
vn -0.1715 -0.2704 -0.9474
vn -0.1500 -0.2886 -0.9456
vn -0.2035 0.4143 -0.8871
vn -0.2028 0.4151 -0.8869
vn -0.2042 0.4135 -0.8873
vn -0.2021 0.4159 -0.8867
vn 0.0181 -0.4642 -0.8856
vn 0.0189 -0.4584 -0.8885
vn 0.0182 -0.4639 -0.8857
vn 0.0174 -0.4694 -0.8828
vn -0.1149 0.0585 -0.9917
vn -0.1157 0.0560 -0.9917
vn -0.1151 0.0580 -0.9917
vn -0.1143 0.0605 -0.9916
vn 0.0581 -0.4912 -0.8691
vn 0.0614 -0.4869 -0.8713
vn 0.0593 -0.4896 -0.8699
vn 0.0562 -0.4937 -0.8678
vn 0.0185 0.6085 -0.7933
vn 0.0187 0.6080 -0.7937
vn 0.0184 0.6088 -0.7931
vn 0.0182 0.6094 -0.7927
vn -0.1391 -0.5034 -0.8528
vn -0.1367 -0.4970 -0.8569
vn -0.1468 -0.5237 -0.8392
vn -0.1289 -0.4764 -0.8697
vn 0.1011 -0.2054 -0.9734
vn -0.1848 0.0445 -0.9818
vn -0.7487 -0.4286 -0.5057
vn -0.1064 -0.0978 -0.9895
vn -0.1938 -0.3623 -0.9117
vn -0.1938 -0.3624 -0.9117
vn -0.1444 0.1296 -0.9810
vn -0.1436 0.1296 -0.9811
vn -0.1384 0.1295 -0.9819
vn -0.1497 0.1297 -0.9802
vn 0.0301 0.2160 -0.9759
vn 0.0308 0.2165 -0.9758
vn 0.0285 0.2147 -0.9763
vn 0.0326 0.2179 -0.9754
vn 0.7260 0.6746 -0.1334
vn 0.4386 0.3823 0.8133
vn 0.2932 0.6042 0.7409
vn 0.8260 0.5581 -0.0786
vn -0.7839 0.1810 -0.5939
vn -0.4280 -0.7205 -0.5456
vn -0.2177 -0.6714 -0.7084
vn -0.6577 0.2055 -0.7247
vn -0.8243 0.1383 -0.5490
vn -0.6349 -0.7516 -0.1789
vn -0.4605 -0.8103 -0.3623
vn -0.7252 0.0902 -0.6825
vn -0.5113 0.7251 0.4613
vn -0.0223 -0.0073 0.9997
vn -0.2694 -0.0782 0.9598
vn -0.3470 0.7873 0.5096
vn 0.7436 0.5744 -0.3423
vn 0.6437 0.3901 0.6584
vn 0.5078 0.6434 0.5728
vn 0.8653 0.4252 -0.2653
vn 0.3747 -0.0221 -0.9269
vn -0.6029 0.2083 -0.7701
vn -0.5812 -0.0733 -0.8104
vn 0.3461 0.1625 -0.9240
vn 0.3943 0.4742 0.7871
vn 0.3852 -0.4922 0.7806
vn 0.1175 -0.5228 0.8443
vn 0.2216 0.4443 0.8681
vn 0.3539 0.4503 0.8197
vn 0.1374 -0.4858 0.8632
vn -0.1506 -0.4546 0.8779
vn 0.1672 0.4603 0.8719
vn -0.3741 0.9273 -0.0109
vn -0.9906 0.1277 -0.0497
vn -0.9040 0.2587 -0.3405
vn -0.4805 0.8553 0.1940
vn 0.4321 0.2156 -0.8757
vn -0.3670 0.7511 -0.5488
vn -0.4604 0.5354 -0.7081
vn 0.4769 0.3887 -0.7883
vn 0.2483 0.6269 -0.7384
vn -0.6998 0.2377 -0.6737
vn -0.5567 0.0596 -0.8286
vn 0.1421 0.7317 -0.6667
vn 0.0904 0.6722 0.7349
vn 0.6743 -0.1407 0.7250
vn 0.5024 -0.2726 0.8206
vn -0.0233 0.5694 0.8217
vn 0.3715 0.2459 0.8953
vn 0.4352 -0.6859 0.5832
vn 0.2063 -0.7415 0.6385
vn 0.2014 0.1969 0.9595
vn -0.8864 0.4236 0.1865
vn -0.8329 -0.4512 -0.3204
vn -0.8406 -0.1875 -0.5082
vn -0.9256 0.2291 0.3013
vn 0.3712 0.7031 -0.6065
vn -0.5860 0.3610 -0.7255
vn -0.4122 0.1995 -0.8890
vn 0.2481 0.8102 -0.5311
vn 0.4273 0.8860 -0.1801
vn 0.9420 0.1569 0.2968
vn 0.7945 0.3587 0.4900
vn 0.5691 0.7634 -0.3055
vn -0.7351 0.6769 0.0363
vn -0.7182 0.0047 -0.6958
vn -0.5565 0.1318 -0.8203
vn -0.6274 0.7758 -0.0675
vn -0.8021 0.5911 -0.0852
vn -0.7042 -0.2218 -0.6745
vn -0.5718 -0.0978 -0.8145
vn -0.7107 0.6781 -0.1872
vn -0.2425 0.2213 0.9446
vn 0.3776 -0.5895 0.7141
vn 0.1306 -0.6352 0.7612
vn 0.0267 0.2564 0.9662
vn 0.4469 0.8361 -0.3180
vn 0.9362 0.1917 0.2945
vn 0.7942 0.4126 0.4460
vn 0.5779 0.7020 -0.4162
vn 0.6824 0.4785 0.5526
vn 0.4192 -0.5308 0.7365
vn 0.2826 -0.4107 0.8669
vn 0.7647 0.4374 0.4731
vn -0.7474 0.6584 -0.0889
vn -0.5650 -0.0552 -0.8232
vn -0.4625 0.0804 -0.8830
vn -0.6258 0.7696 -0.1268
vn -0.8295 0.4461 -0.3361
vn -0.3842 -0.3918 -0.8360
vn -0.3335 -0.2539 -0.9079
vn -0.7444 0.5707 -0.3467
vn -0.3157 0.2518 0.9148
vn 0.1817 -0.6423 0.7446
vn -0.0748 -0.6681 0.7403
vn -0.0983 0.2575 0.9613
vn 0.5941 0.7560 0.2746
vn 0.5743 -0.1309 0.8081
vn 0.4014 0.0263 0.9155
vn 0.7124 0.6666 0.2197
vn 0.6674 0.7126 0.2164
vn 0.9417 -0.2782 0.1890
vn 0.8696 -0.2091 0.4474
vn 0.7398 0.6702 0.0597
vn -0.7657 0.4748 0.4338
vn -0.9010 0.0816 -0.4260
vn -0.7641 0.2957 -0.5734
vn -0.7079 0.6270 0.3252
vn -0.9233 0.2292 0.3081
vn -0.8225 -0.2614 -0.5051
vn -0.7455 -0.0280 -0.6659
vn -0.9052 0.3817 0.1868
vn -0.0232 -0.2973 0.9545
vn 0.5798 -0.7670 0.2749
vn 0.3188 -0.9000 0.2973
vn 0.1631 -0.2375 0.9576
vn 0.6258 0.7692 0.1291
vn 0.9743 -0.1921 0.1178
vn 0.9146 -0.1029 0.3910
vn 0.6997 0.7131 -0.0429
vn 0.2586 -0.1400 -0.9558
vn -0.5860 -0.5655 -0.5803
vn -0.3539 -0.7580 -0.5479
vn 0.1075 -0.0440 -0.9932
vn 0.0257 0.9540 0.2986
vn 0.7399 0.3136 0.5952
vn 0.5964 0.2313 0.7687
vn -0.0579 0.8977 0.4367
vn 0.1726 0.9187 0.3553
vn 0.5329 0.1454 0.8336
vn 0.3131 0.0845 0.9459
vn 0.0162 0.8835 0.4682
vn -0.9428 0.2339 -0.2376
vn -0.7443 -0.6023 0.2886
vn -0.7644 -0.6433 -0.0432
vn -0.9719 0.2356 0.0001
vn 0.4189 -0.0601 -0.9060
vn -0.5206 -0.3741 -0.7675
vn -0.3162 -0.6101 -0.7265
vn 0.2918 0.0864 -0.9526
vn 0.1566 0.9259 -0.3437
vn 0.5898 0.6130 0.5257
vn 0.3314 0.7538 0.5674
vn 0.3616 0.8593 -0.3616
vn -0.9008 -0.1921 -0.3893
vn -0.1792 -0.7821 -0.5968
vn -0.0570 -0.6034 -0.7954
vn -0.8324 -0.0967 -0.5457
vn -0.8631 -0.4329 -0.2602
vn -0.0674 -0.9609 -0.2687
vn 0.0323 -0.8519 -0.5227
vn -0.8060 -0.3925 -0.4431
vn -0.7386 0.4749 0.4785
vn 0.1438 0.2673 0.9528
vn -0.0545 0.0555 0.9970
vn -0.6131 0.6247 0.4835
vn 0.1370 0.8709 -0.4721
vn 0.3695 0.7709 0.5188
vn 0.0962 0.8714 0.4810
vn 0.3292 0.8375 -0.4361
vn 0.3238 0.7047 -0.6313
vn 0.7635 0.5820 0.2798
vn 0.5444 0.7913 0.2783
vn 0.5078 0.5879 -0.6297
vn -0.9796 0.1933 -0.0549
vn -0.6949 -0.7183 -0.0350
vn -0.6123 -0.7245 -0.3165
vn -0.9541 0.1694 -0.2471
vn -0.9376 -0.2373 0.2540
vn -0.2876 -0.9336 0.2137
vn -0.2903 -0.9535 -0.0811
vn -0.9572 -0.2825 0.0624
vn -0.3378 0.7155 0.6115
vn 0.5996 0.3245 0.7316
vn 0.4014 0.1860 0.8968
vn -0.1937 0.8254 0.5303
vn 0.2914 0.6942 -0.6582
vn 0.6233 0.7184 0.3089
vn 0.3820 0.8829 0.2730
vn 0.4701 0.6163 -0.6319
vn 0.0922 0.8504 -0.5180
vn 0.4710 0.7675 0.4348
vn 0.2024 0.8829 0.4236
vn 0.3035 0.8088 -0.5037
vn -0.8911 -0.1581 -0.4254
vn -0.3088 -0.9244 -0.2239
vn -0.1588 -0.8903 -0.4269
vn -0.8088 -0.1419 -0.5707
vn -0.3371 0.1775 0.9246
vn 0.3766 -0.4517 0.8088
vn 0.2117 -0.6588 0.7220
vn -0.4502 -0.0055 0.8929
vn -0.7282 0.4218 0.5402
vn 0.2545 0.4907 0.8334
vn 0.1289 0.2737 0.9531
vn -0.6556 0.5808 0.4825
vn 0.1159 0.7990 -0.5901
vn 0.1671 0.8846 0.4354
vn -0.1064 0.9370 0.3328
vn 0.2877 0.8050 -0.5189
vn 0.9535 -0.1833 0.2391
vn 0.2114 -0.4800 0.8514
vn 0.3054 -0.2017 0.9306
vn 0.9001 -0.3786 0.2155
vn -0.2281 0.9111 -0.3432
vn -0.5980 0.1557 -0.7863
vn -0.3427 0.0689 -0.9369
vn -0.0926 0.8719 -0.4808
vn -0.3392 0.8176 -0.4652
vn -0.8545 0.0763 -0.5138
vn -0.6530 -0.1113 -0.7491
vn -0.2617 0.7064 -0.6576
vn 0.0339 0.6875 0.7254
vn 0.2226 -0.3146 0.9227
vn -0.0546 -0.2381 0.9697
vn 0.2199 0.6354 0.7402
vn 0.9883 0.1485 0.0337
vn 0.4910 -0.1866 0.8509
vn 0.5140 0.1170 0.8498
vn 0.9963 -0.0568 0.0650
vn -0.1519 0.9294 -0.3363
vn -0.7929 0.1706 -0.5849
vn -0.5852 0.1946 -0.7871
vn -0.3083 0.9225 -0.2322
vn -0.1686 0.1418 0.9754
vn 0.6839 -0.1925 0.7037
vn 0.5899 -0.4671 0.6586
vn -0.2133 -0.0486 0.9758
vn 0.0916 -0.0911 0.9916
vn 0.7689 -0.4728 0.4303
vn 0.6121 -0.7048 0.3586
vn 0.0086 -0.2639 0.9645
vn -0.9756 -0.0220 0.2186
vn -0.5693 -0.7007 -0.4300
vn -0.6749 -0.4663 -0.5718
vn -0.9339 -0.1952 0.2995
vn -0.1143 0.9275 -0.3559
vn -0.8968 0.2629 -0.3560
vn -0.7656 0.2358 -0.5985
vn -0.2202 0.9501 -0.2210
vn 0.3195 0.9469 0.0362
vn -0.4921 0.6854 -0.5367
vn -0.2490 0.6682 -0.7011
vn 0.1658 0.9797 0.1124
vn -0.1447 -0.2616 0.9543
vn 0.3607 -0.8510 0.3816
vn 0.1518 -0.9548 0.2555
vn -0.3033 -0.3809 0.8735
vn -0.1064 -0.5344 0.8385
vn 0.4420 -0.8904 0.1090
vn 0.2479 -0.9685 -0.0245
vn -0.2532 -0.6314 0.7330
vn -0.8750 0.4112 0.2554
vn -0.7406 0.0209 -0.6717
vn -0.6833 0.3350 -0.6487
vn -0.9570 0.1988 0.2114
vn 0.4271 0.8190 0.3832
vn -0.3966 0.8885 -0.2308
vn -0.1438 0.9100 -0.3889
vn 0.2658 0.8419 0.4696
vn 0.5719 0.5203 -0.6342
vn -0.4379 0.6222 -0.6490
vn -0.3617 0.4197 -0.8325
vn 0.5223 0.6667 -0.5317
vn 0.0261 -0.1651 0.9859
vn 0.3944 0.6224 0.6760
vn 0.6513 0.5095 0.5623
vn 0.2551 -0.2510 0.9338
vn 0.0206 0.2524 0.9674
vn 0.2108 0.9158 0.3419
vn 0.4787 0.8378 0.2628
vn 0.2716 0.2179 0.9374
vn -0.1083 0.8326 0.5431
vn -0.4499 0.7805 -0.4340
vn -0.1826 0.8914 -0.4148
vn -0.2956 0.7999 0.5223
vn 0.3592 0.3783 -0.8531
vn -0.6387 0.2538 -0.7264
vn -0.5327 0.0180 -0.8461
vn 0.2835 0.5374 -0.7943
vn 0.4149 0.6428 -0.6440
vn -0.3294 0.9441 -0.0131
vn -0.4335 0.8596 -0.2705
vn 0.4777 0.7288 -0.4906
vn 0.5706 -0.0937 0.8159
vn 0.3125 -0.8817 0.3534
vn 0.0147 -0.8848 0.4658
vn 0.4014 -0.1341 0.9060
vn -0.6082 0.2953 0.7368
vn -0.8315 -0.4938 0.2546
vn -0.9358 -0.3522 0.0164
vn -0.7132 0.3817 0.5880
vn 0.0424 0.8114 0.5830
vn -0.8349 0.5342 0.1325
vn -0.7026 0.7105 -0.0376
vn -0.0574 0.7174 0.6943
vn 0.2290 0.6557 -0.7195
vn -0.2858 0.9501 0.1249
vn -0.4628 0.8805 -0.1028
vn 0.3306 0.7442 -0.5804
vn 0.6436 0.2648 0.7181
vn 0.6036 -0.7015 0.3788
vn 0.4358 -0.6261 0.6465
vn 0.8192 0.1739 0.5466
vn -0.5988 0.6822 0.4196
vn -0.3910 0.7589 -0.5208
vn -0.1356 0.8663 -0.4807
vn -0.4402 0.7827 0.4399
vn -0.6900 0.6936 0.2068
vn -0.4803 0.4949 -0.7241
vn -0.2546 0.6388 -0.7260
vn -0.5518 0.8108 0.1956
vn -0.8134 0.3658 -0.4523
vn -0.4348 -0.5185 -0.7362
vn -0.3276 -0.2608 -0.9081
vn -0.9170 0.1541 -0.3679
vn 0.7922 0.3118 0.5246
vn 0.7806 -0.6149 0.1123
vn 0.6829 -0.5939 0.4253
vn 0.9105 0.2724 0.3111
vn 0.2821 0.7992 -0.5307
vn -0.1731 -0.0137 -0.9848
vn 0.1300 -0.0289 -0.9911
vn 0.1009 0.8143 -0.5716
vn -0.4950 0.3374 0.8007
vn 0.3792 -0.0268 0.9249
vn 0.2840 -0.3007 0.9104
vn -0.5438 0.1359 0.8281
vn -0.4817 0.2608 0.8367
vn 0.2626 -0.3078 0.9145
vn 0.1198 -0.5508 0.8260
vn -0.5804 0.0447 0.8131
vn -0.3610 -0.4839 0.7972
vn 0.3640 -0.9077 0.2089
vn 0.1151 -0.9828 0.1446
vn -0.1624 -0.4440 0.8812
vn 0.2797 0.9270 -0.2500
vn -0.1834 0.3016 -0.9356
vn 0.1121 0.2906 -0.9502
vn 0.0934 0.9556 -0.2795
vn 0.0398 -0.0006 -0.9992
vn -0.2550 -0.8418 -0.4758
vn 0.0017 -0.8841 -0.4672
vn -0.0567 0.0124 -0.9983
vn -0.4531 0.8157 0.3597
vn 0.5174 0.7587 0.3959
vn 0.5155 0.5937 0.6179
vn -0.4419 0.7309 0.5200
vn -0.3627 0.7793 0.5110
vn 0.6042 0.5722 0.5546
vn 0.5654 0.3855 0.7292
vn -0.3747 0.6694 0.6415
vn 0.0488 0.1966 0.9793
vn 0.7679 -0.3640 0.5271
vn 0.5416 -0.5218 0.6590
vn 0.2568 0.3102 0.9154
vn -0.0212 0.2180 -0.9757
vn -0.5067 -0.6216 -0.5974
vn -0.2887 -0.7248 -0.6256
vn -0.1229 0.2508 -0.9602
vn 0.3178 -0.1046 -0.9424
vn -0.5260 -0.5849 -0.6175
vn -0.3123 -0.7561 -0.5752
vn 0.1758 -0.0135 -0.9843
vn -0.3209 0.9406 0.1107
vn 0.4518 0.5525 0.7005
vn 0.2976 0.4922 0.8180
vn -0.4249 0.8859 0.1859
vn -0.2225 0.9369 0.2698
vn 0.4394 0.3705 0.8184
vn 0.2733 0.3002 0.9139
vn -0.3503 0.8765 0.3303
vn -0.1826 0.3306 0.9260
vn 0.2417 -0.6076 0.7566
vn -0.0471 -0.6114 0.7899
vn 0.0128 0.3114 0.9502
vn 0.3254 -0.2611 -0.9088
vn -0.4622 -0.7484 -0.4757
vn -0.2243 -0.8843 -0.4096
vn 0.1679 -0.1910 -0.9671
vn -0.6851 0.4631 -0.5622
vn 0.2395 0.2421 -0.9402
vn 0.2313 0.5129 -0.8267
vn -0.6792 0.2999 -0.6699
vn 0.1581 0.3401 0.9270
vn 0.0174 -0.5961 0.8027
vn -0.2718 -0.5758 0.7711
vn -0.0397 0.3399 0.9396
vn 0.0311 0.1886 0.9816
vn 0.0955 -0.7166 0.6909
vn -0.1820 -0.7512 0.6345
vn -0.1735 0.1430 0.9744
vn 0.5941 0.8031 0.0456
vn 0.7087 0.1085 -0.6971
vn 0.8813 0.0497 -0.4699
vn 0.5089 0.8521 -0.1219
vn -0.7188 0.5095 -0.4730
vn 0.2255 0.4530 -0.8625
vn 0.1918 0.6924 -0.6956
vn -0.6972 0.3736 -0.6119
vn -0.6731 0.6855 0.2774
vn 0.2176 0.5799 0.7851
vn 0.0276 0.4340 0.9005
vn -0.5583 0.8031 0.2080
vn 0.2220 0.1497 -0.9635
vn -0.1052 -0.7088 -0.6975
vn 0.1327 -0.8110 -0.5698
vn 0.3997 0.0439 -0.9156
vn 0.3243 -0.1373 -0.9359
vn -0.0509 -0.8840 -0.4646
vn 0.1768 -0.9397 -0.2926
vn 0.4848 -0.2140 -0.8481
vn 0.3120 0.9480 -0.0628
vn 0.3917 0.4097 0.8239
vn 0.1530 0.5764 0.8027
vn 0.5000 0.8659 -0.0145
vn -0.7476 0.6285 0.2147
vn 0.1102 0.6153 0.7806
vn -0.0740 0.4487 0.8906
vn -0.6364 0.7558 0.1541
vn -0.7939 0.5857 0.1636
vn -0.2325 0.2306 0.9449
vn -0.4603 0.0507 0.8863
vn -0.6658 0.7098 0.2301
vn 0.6225 0.5303 -0.5755
vn 0.2670 -0.2242 -0.9373
vn 0.4499 -0.4459 -0.7738
vn 0.8001 0.3300 -0.5010
vn 0.5773 0.2769 -0.7681
vn 0.1139 -0.5351 -0.8371
vn 0.2932 -0.6968 -0.6545
vn 0.7284 0.1233 -0.6739
vn 0.3554 0.4433 0.8229
vn 0.1251 -0.5615 0.8180
vn -0.0955 -0.3708 0.9238
vn 0.5244 0.2753 0.8057
vn -0.8003 0.5387 0.2634
vn -0.0906 0.2728 0.9578
vn -0.2906 0.0825 0.9533
vn -0.6821 0.6730 0.2860
vn -0.3388 0.4297 -0.8370
vn 0.2323 -0.4370 -0.8689
vn 0.3864 -0.1934 -0.9018
vn -0.4353 0.2557 -0.8632
vn 0.4674 0.7944 0.3879
vn 0.0716 0.1220 0.9900
vn -0.1634 0.2071 0.9646
vn 0.3173 0.8686 0.3806
vn 0.4264 0.6082 0.6695
vn 0.0074 -0.2233 0.9747
vn -0.2218 -0.1471 0.9639
vn 0.2721 0.6878 0.6729
vn 0.8959 -0.1143 -0.4292
vn 0.1981 -0.8138 -0.5464
vn 0.3550 -0.8890 -0.2892
vn 0.7954 -0.1052 -0.5969
vn -0.4155 0.5825 -0.6986
vn 0.0386 -0.3278 -0.9440
vn 0.1980 -0.0879 -0.9762
vn -0.5446 0.3969 -0.7388
vn -0.3534 0.1846 -0.9171
vn 0.1507 -0.6896 -0.7083
vn 0.3434 -0.5115 -0.7877
vn -0.4470 0.0896 -0.8900
vn 0.4336 0.8667 0.2468
vn -0.0591 0.4007 0.9143
vn -0.3317 0.4915 0.8052
vn 0.2532 0.9445 0.2091
vn 0.5389 0.6700 0.5105
vn 0.1526 -0.0671 0.9860
vn -0.1126 0.0422 0.9927
vn 0.3600 0.7537 0.5498
vn 0.2530 0.2705 0.9289
vn 0.3598 -0.6958 0.6215
vn 0.1134 -0.6111 0.7834
vn 0.5321 0.1519 0.8329
vn -0.3972 0.5487 -0.7357
vn -0.0957 -0.4258 -0.8997
vn 0.1171 -0.2432 -0.9629
vn -0.5271 0.4323 -0.7316
vn -0.2724 0.5091 -0.8164
vn -0.0154 -0.4796 -0.8773
vn 0.1925 -0.2979 -0.9350
vn -0.4597 0.3453 -0.8182
vn 0.8776 0.2654 0.3993
vn 0.1003 -0.1061 0.9893
vn 0.0307 0.0820 0.9962
vn 0.8676 0.3590 0.3441
vn 0.7202 0.1939 0.6662
vn 0.0573 -0.5200 0.8522
vn -0.1087 -0.3805 0.9184
vn 0.6349 0.3128 0.7065
vn 0.9101 -0.2437 -0.3352
vn 0.0652 -0.5283 -0.8466
vn 0.1726 -0.7285 -0.6630
vn 0.8606 -0.1280 -0.4930
vn -0.2855 0.7405 -0.6084
vn -0.0373 -0.1780 -0.9833
vn 0.1685 0.0053 -0.9857
vn -0.4679 0.5948 -0.6537
vn -0.9586 -0.1654 0.2316
vn -0.2169 -0.5725 0.7907
vn -0.3141 -0.7634 0.5644
vn -0.9087 -0.0651 0.4124
vn 0.1616 0.9833 -0.0835
vn 0.0964 0.4741 -0.8752
vn 0.3607 0.3505 -0.8643
vn 0.3785 0.9193 -0.1073
vn 0.2818 0.9554 -0.0882
vn 0.4583 0.3909 -0.7982
vn 0.6992 0.2382 -0.6741
vn 0.4998 0.8659 -0.0184
vn -0.0852 0.3404 0.9364
vn 0.4635 -0.4972 0.7335
vn 0.1919 -0.5502 0.8127
vn 0.1394 0.3777 0.9154
vn -0.9888 -0.0250 0.1470
vn -0.3514 -0.3585 0.8649
vn -0.4475 -0.5845 0.6768
vn -0.9463 0.1085 0.3044
vn -0.5573 0.7953 -0.2384
vn 0.0906 0.3900 -0.9164
vn 0.2161 0.6084 -0.7636
vn -0.6416 0.6711 -0.3714
vn 0.3003 0.0045 0.9538
vn -0.2374 -0.7351 0.6350
vn -0.4906 -0.5731 0.6564
vn 0.1448 0.0710 0.9869
vn 0.3039 -0.2441 0.9209
vn 0.1887 -0.9426 0.2755
vn -0.0989 -0.9509 0.2932
vn 0.1132 -0.2816 0.9528
vn 0.8084 0.5821 0.0876
vn 0.4551 0.3129 -0.8336
vn 0.6664 0.1253 -0.7350
vn 0.6956 0.7184 -0.0028
vn -0.6248 0.7799 0.0380
vn -0.1091 0.5640 -0.8186
vn 0.0356 0.7578 -0.6515
vn -0.7278 0.6792 -0.0947
vn -0.6459 0.7630 -0.0244
vn -0.0688 0.5501 -0.8323
vn 0.0560 0.7592 -0.6484
vn -0.7401 0.6447 -0.1915
vn 0.4938 0.0777 0.8661
vn 0.3396 -0.7905 0.5097
vn 0.0436 -0.8040 0.5930
vn 0.3197 0.0389 0.9467
vn 0.3427 -0.1191 0.9319
vn 0.2160 -0.8946 0.3912
vn -0.0906 -0.9016 0.4229
vn 0.1614 -0.1596 0.9739
vn 0.7011 0.7122 0.0355
vn 0.3131 0.4039 -0.8596
vn 0.5785 0.2506 -0.7762
vn 0.5565 0.8292 -0.0522
vn -0.5987 0.7928 0.1138
vn 0.0678 0.7508 -0.6570
vn 0.1814 0.8891 -0.4202
vn -0.6764 0.7333 -0.0684
vn -0.4560 0.8641 0.2128
vn 0.3418 0.8401 -0.4213
vn 0.4292 0.8909 -0.1486
vn -0.5036 0.8637 0.0185
vn 0.0859 -0.3519 0.9321
vn -0.0976 -0.9728 0.2100
vn -0.3907 -0.8983 0.2010
vn -0.0768 -0.3436 0.9360
vn 0.9936 -0.1110 -0.0192
vn 0.4375 -0.5293 -0.7269
vn 0.3712 -0.7249 -0.5803
vn 0.9693 -0.2359 0.0685
vn 0.7149 0.3631 0.5975
vn 0.7090 0.5808 -0.3999
vn 0.8818 0.3356 -0.3314
vn 0.6371 0.5453 0.5448
vn -0.5836 0.7746 0.2436
vn 0.3396 0.9252 -0.1696
vn 0.3514 0.9280 0.1238
vn -0.5868 0.8081 0.0511
vn -0.4296 0.2689 -0.8621
vn 0.4366 -0.2667 -0.8592
vn 0.5018 0.0080 -0.8649
vn -0.4502 0.0754 -0.8897
vn -0.1009 0.7313 0.6745
vn -0.2717 -0.1869 0.9440
vn -0.5331 -0.1925 0.8239
vn -0.2660 0.7280 0.6318
vn -0.1185 0.5644 0.8169
vn -0.0424 -0.3874 0.9209
vn -0.3141 -0.4505 0.8357
vn -0.3036 0.5151 0.8015
vn 0.5036 0.8599 -0.0838
vn 0.8267 0.0112 -0.5626
vn 0.9492 0.0310 -0.3130
vn 0.4499 0.8546 -0.2593
vn -0.5295 0.0927 -0.8433
vn 0.4395 -0.2281 -0.8688
vn 0.4256 0.0627 -0.9028
vn -0.5078 -0.1020 -0.8554
vn -0.3109 0.7876 0.5320
vn -0.0605 -0.1013 0.9930
vn -0.3511 -0.0987 0.9311
vn -0.1751 0.7896 0.5881
vn 0.7540 0.3800 -0.5359
vn -0.0208 0.0447 -0.9988
vn 0.0652 -0.2387 -0.9689
vn 0.8064 0.2054 -0.5546
vn 0.8226 -0.1085 -0.5582
vn -0.0124 -0.5086 -0.8609
vn 0.0457 -0.7301 -0.6818
vn 0.8346 -0.2794 -0.4748
vn 0.5468 0.1234 0.8281
vn -0.1193 -0.6255 0.7711
vn -0.2601 -0.3673 0.8930
vn 0.6100 -0.0656 0.7897
vn -0.2132 0.9382 0.2728
vn 0.0118 0.2129 0.9770
vn -0.2722 0.2357 0.9329
vn -0.0414 0.9408 0.3365
vn -0.2079 0.8556 -0.4741
vn -0.3250 0.7721 0.5462
vn -0.5595 0.7160 0.4174
vn -0.0604 0.9246 -0.3762
vn 0.8689 -0.4536 -0.1982
vn 0.0262 -0.9580 -0.2857
vn -0.0036 -0.9994 -0.0345
vn 0.8725 -0.4860 -0.0510
vn 0.6543 -0.7503 -0.0946
vn -0.2772 -0.9286 -0.2468
vn -0.3499 -0.9366 0.0201
vn 0.6270 -0.7754 0.0749
vn 0.7043 0.4032 0.5843
vn -0.2155 0.1596 0.9634
vn -0.2118 0.4283 0.8784
vn 0.7110 0.2422 0.6602
vn -0.0990 0.8480 -0.5207
vn 0.0828 0.8649 0.4950
vn -0.2018 0.8796 0.4307
vn 0.0875 0.8799 -0.4671
vn -0.4391 0.6972 -0.5667
vn -0.3881 0.7981 0.4609
vn -0.6516 0.6704 0.3549
vn -0.3010 0.8204 -0.4861
vn 0.7777 0.0008 -0.6287
vn 0.2300 0.7473 -0.6234
vn -0.0167 0.5889 -0.8081
vn 0.6259 -0.0596 -0.7776
vn 0.8910 0.1144 -0.4394
vn 0.3583 0.8780 -0.3175
vn 0.1668 0.8109 -0.5608
vn 0.7791 0.1056 -0.6179
vn 0.6119 0.7870 -0.0786
vn -0.0069 0.7036 0.7105
vn -0.1383 0.8565 0.4973
vn 0.6988 0.7100 0.0874
vn -0.7599 0.6418 -0.1033
vn -0.2949 0.5124 0.8065
vn -0.5465 0.3345 0.7678
vn -0.6241 0.7800 -0.0458
vn -0.5665 0.7975 -0.2074
vn 0.3394 0.9024 0.2653
vn 0.1351 0.8839 0.4478
vn -0.4357 0.8352 -0.3356
vn 0.1357 -0.4987 -0.8561
vn -0.2426 -0.9645 -0.1041
vn 0.0181 -0.9989 0.0432
vn 0.2802 -0.5592 -0.7802
vn 0.9083 0.0641 0.4133
vn 0.2817 -0.5792 0.7650
vn 0.1386 -0.3824 0.9136
vn 0.8270 0.1824 0.5317
vn 0.6704 0.7068 -0.2260
vn 0.4167 0.4998 0.7593
vn 0.2464 0.6661 0.7040
vn 0.7465 0.6284 -0.2187
vn -0.6578 0.7040 -0.2676
vn 0.2069 0.9490 0.2380
vn 0.0059 0.9123 0.4095
vn -0.5331 0.7509 -0.3898
vn -0.1275 0.0914 -0.9876
vn -0.3586 -0.7928 -0.4929
vn -0.0963 -0.7829 -0.6146
vn -0.3400 0.0520 -0.9390
vn 0.7807 0.6249 0.0055
vn 0.1931 0.6454 0.7390
vn -0.0341 0.8163 0.5766
vn 0.6404 0.7653 -0.0652
vn 0.6469 0.5714 0.5050
vn -0.1701 0.3061 0.9367
vn -0.3249 0.5094 0.7968
vn 0.5433 0.7160 0.4383
vn 0.2694 0.3264 0.9060
vn -0.2689 -0.5386 0.7985
vn -0.4381 -0.3237 0.8386
vn 0.3783 0.1563 0.9124
vn -0.0407 0.2552 -0.9660
vn -0.1927 -0.7262 -0.6599
vn 0.0780 -0.6668 -0.7411
vn -0.2374 0.1882 -0.9530
vn -0.6518 0.7544 0.0782
vn -0.4241 0.1615 0.8911
vn -0.6900 0.0727 0.7201
vn -0.5207 0.8227 0.2282
vn 0.8112 0.5847 -0.0074
vn 0.6755 -0.0785 -0.7331
vn 0.7645 -0.2734 -0.5838
vn 0.8778 0.4734 0.0727
vn 0.9509 -0.0287 -0.3082
vn 0.2933 -0.6298 -0.7192
vn 0.2995 -0.8028 -0.5155
vn 0.9702 -0.1449 -0.1943
vn 0.0866 0.2620 0.9612
vn -0.4083 -0.5929 0.6941
vn -0.5913 -0.3557 0.7237
vn 0.1866 0.0964 0.9777
vn -0.4901 0.8712 -0.0289
vn -0.5664 0.2488 0.7857
vn -0.8158 0.2265 0.5321
vn -0.3834 0.9077 0.1704
vn -0.9670 0.0048 0.2546
vn -0.4978 -0.8469 0.1871
vn -0.6693 -0.7312 -0.1321
vn -0.8727 -0.1117 0.4753
vn 0.5100 0.6974 0.5035
vn 0.4566 0.7943 -0.4007
vn 0.6599 0.5631 -0.4975
vn 0.7266 0.5504 0.4113
vn 0.6296 0.6508 0.4243
vn 0.5124 0.6979 -0.5003
vn 0.6726 0.4545 -0.5839
vn 0.7981 0.4949 0.3437
vn 0.9817 0.1901 0.0122
vn 0.5459 -0.4171 -0.7267
vn 0.6048 -0.5576 -0.5686
vn 0.9539 0.2947 -0.0574
vn -0.8642 0.2630 0.4290
vn -0.4229 -0.5519 0.7188
vn -0.7334 -0.5656 0.3770
vn -0.7124 0.2273 0.6639
vn -0.9977 0.0672 0.0035
vn -0.5834 -0.5483 0.5992
vn -0.7215 -0.6771 0.1448
vn -0.9319 0.1107 0.3455
vn 0.1215 0.7910 0.5997
vn 0.6024 0.7797 -0.1706
vn 0.8242 0.5613 -0.0745
vn 0.3157 0.6550 0.6865
vn 0.1648 0.8623 0.4788
vn 0.6810 0.6744 -0.2852
vn 0.8628 0.4815 -0.1539
vn 0.3127 0.7516 0.5808
vn 0.9922 0.0472 0.1151
vn 0.6168 -0.6979 -0.3640
vn 0.6502 -0.7598 -0.0048
vn 0.9882 0.0452 -0.1460
vn -0.9650 0.2552 -0.0600
vn -0.6867 -0.3597 0.6317
vn -0.8386 -0.5076 0.1977
vn -0.9112 0.3173 0.2628
vn -0.1170 0.5987 0.7924
vn -0.9267 0.2774 0.2534
vn -0.8338 0.5303 0.1535
vn -0.2028 0.4490 0.8702
vn 0.7813 0.5660 -0.2629
vn 0.8509 -0.2808 -0.4439
vn 0.9213 -0.3794 -0.0857
vn 0.8806 0.4738 0.0052
vn 0.8335 -0.0172 -0.5522
vn 0.3714 -0.8004 -0.4706
vn 0.4762 -0.8635 -0.1660
vn 0.9356 -0.1082 -0.3361
vn -0.0173 0.8425 -0.5385
vn -0.8145 0.1998 -0.5447
vn -0.6299 0.1436 -0.7632
vn -0.1605 0.8964 -0.4131
vn -0.1247 0.5256 0.8416
vn -0.9281 0.2780 0.2477
vn -0.8338 0.5256 0.1687
vn -0.2079 0.3833 0.8999
vn 0.7198 0.5539 0.4185
vn 0.6022 0.5296 -0.5974
vn 0.7969 0.3293 -0.5066
vn 0.6191 0.7051 0.3456
vn -0.8802 0.3216 0.3490
vn -0.6174 -0.5781 0.5335
vn -0.6845 -0.6788 0.2660
vn -0.9528 0.2391 0.1873
vn -0.9507 -0.1595 0.2660
vn -0.3876 -0.9152 0.1108
vn -0.4021 -0.8973 -0.1820
vn -0.9815 -0.1766 0.0736
vn -0.3814 0.7455 -0.5466
vn 0.2012 0.0248 -0.9792
vn 0.3610 0.2569 -0.8965
vn -0.4825 0.6034 -0.6350
vn 0.4875 0.6211 0.6137
vn 0.3859 0.8406 -0.3801
vn 0.6372 0.6982 -0.3263
vn 0.3413 0.7449 0.5733
vn 0.7573 0.4984 0.4220
vn 0.8698 0.0506 -0.4907
vn 0.9537 -0.1271 -0.2726
vn 0.7369 0.6197 0.2700
vn -0.8683 0.4940 0.0453
vn -0.7578 -0.2851 0.5868
vn -0.8003 -0.4745 0.3665
vn -0.9282 0.3620 -0.0858
vn -0.9673 0.2386 -0.0859
vn -0.7297 -0.5240 0.4392
vn -0.6839 -0.6990 0.2090
vn -0.9674 0.1068 -0.2295
vn 0.1910 0.5903 -0.7843
vn 0.3564 -0.4198 -0.8347
vn 0.5923 -0.2826 -0.7545
vn 0.0465 0.4927 -0.8689
vn 0.4775 0.7116 0.5154
vn 0.7238 0.5161 -0.4580
vn 0.8914 0.3629 -0.2716
vn 0.3957 0.8334 0.3858
vn -0.2833 0.5657 0.7744
vn -0.4986 -0.4240 0.7561
vn -0.7309 -0.2256 0.6441
vn -0.1595 0.4421 0.8827
vn -0.2411 0.5723 -0.7838
vn 0.5591 0.0727 -0.8259
vn 0.7120 0.2552 -0.6542
vn -0.1242 0.7212 -0.6815
vn -0.0245 0.3800 -0.9247
vn 0.6009 -0.3125 -0.7357
vn 0.7918 -0.1478 -0.5926
vn 0.1342 0.5014 -0.8548
vn -0.9255 -0.1454 -0.3497
vn -0.5153 -0.8094 0.2817
vn -0.4747 -0.8788 -0.0480
vn -0.9843 -0.1365 -0.1116
vn -0.1612 0.5743 0.8026
vn -0.6313 -0.3147 0.7089
vn -0.7931 -0.0742 0.6046
vn -0.0687 0.4244 0.9028
vn -0.3253 0.1761 0.9291
vn -0.5721 -0.6978 0.4310
vn -0.7511 -0.5476 0.3688
vn -0.2224 0.0652 0.9728
vn -0.1184 0.7261 -0.6773
vn 0.7593 0.3465 -0.5508
vn 0.8081 0.4984 -0.3139
vn -0.0709 0.8388 -0.5399
vn 0.0622 0.5045 -0.8612
vn 0.6117 -0.2449 -0.7522
vn 0.8146 -0.1295 -0.5654
vn 0.2556 0.6038 -0.7550
vn -0.6637 0.0944 -0.7420
vn -0.5123 -0.8056 -0.2977
vn -0.3444 -0.7129 -0.6108
vn -0.8513 -0.0301 -0.5238
vn -0.1914 0.5098 0.8387
vn -0.4421 -0.4775 0.7593
vn -0.6624 -0.3064 0.6837
vn -0.0666 0.3901 0.9183
vn -0.4922 0.6536 0.5750
vn -0.6145 -0.3395 0.7121
vn -0.8440 -0.1733 0.5075
vn -0.3858 0.5510 0.7400
vn -0.0763 0.3718 -0.9252
vn 0.7636 0.0992 -0.6381
vn 0.8231 0.3394 -0.4554
vn -0.0114 0.5671 -0.8236
vn 0.0458 0.2169 -0.9751
vn 0.7068 -0.3169 -0.6324
vn 0.8696 -0.1088 -0.4817
vn 0.2122 0.4028 -0.8903
vn -0.8993 -0.2034 -0.3871
vn -0.5693 -0.6920 0.4439
vn -0.5058 -0.8419 0.1881
vn -0.9699 -0.1308 -0.2053
vn -0.3539 0.7325 0.5816
vn -0.3688 -0.2502 0.8952
vn -0.6291 -0.1583 0.7611
vn -0.2252 0.6832 0.6946
vn 0.4550 0.2023 0.8672
vn 0.9248 -0.3513 0.1459
vn 0.7849 -0.5218 0.3342
vn 0.5754 0.3083 0.7576
vn -0.0555 0.9856 -0.1600
vn -0.8403 0.5363 0.0793
vn -0.8855 0.4203 -0.1981
vn -0.1046 0.9301 -0.3521
vn -0.2874 0.9420 -0.1736
vn -0.9179 0.3568 0.1734
vn -0.9723 0.2112 -0.0997
vn -0.3534 0.8615 -0.3646
vn 0.4754 0.2433 -0.8454
vn 0.0773 -0.7004 -0.7096
vn 0.3362 -0.6939 -0.6368
vn 0.3026 0.2279 -0.9255
vn 0.4945 0.1302 0.8594
vn 0.9673 -0.2504 0.0412
vn 0.8590 -0.4646 0.2150
vn 0.5977 0.2688 0.7553
vn 0.1939 0.9711 0.1390
vn -0.7667 0.6389 0.0624
vn -0.6663 0.7188 -0.1983
vn 0.1131 0.9433 0.3120
vn 0.6463 -0.2269 -0.7286
vn 0.6095 -0.7896 0.0718
vn 0.7583 -0.6134 0.2208
vn 0.7552 -0.1364 -0.6411
vn 0.7799 -0.1930 -0.5955
vn 0.5364 -0.8356 0.1187
vn 0.6569 -0.6904 0.3030
vn 0.8623 -0.1197 -0.4920
vn -0.1999 0.2582 -0.9452
vn -0.9181 0.3145 -0.2410
vn -0.9178 0.0418 -0.3949
vn -0.2268 0.4537 -0.8618
vn 0.2120 0.9245 0.3167
vn -0.7146 0.6967 -0.0626
vn -0.5486 0.7896 -0.2747
vn 0.0908 0.8917 0.4435
vn 0.3052 0.6411 0.7041
vn -0.6763 0.5901 0.4409
vn -0.5366 0.7942 0.2852
vn 0.2050 0.5245 0.8263
vn 0.4132 -0.0138 -0.9106
vn 0.2282 -0.8337 -0.5028
vn 0.4530 -0.8410 -0.2957
vn 0.6145 -0.0618 -0.7865
vn 0.4512 -0.0164 -0.8923
vn -0.0174 -0.7780 -0.6281
vn 0.1802 -0.8872 -0.4248
vn 0.6183 -0.1473 -0.7720
vn -0.0005 0.6517 -0.7585
vn -0.8592 0.4487 -0.2457
vn -0.8408 0.2741 -0.4668
vn -0.0325 0.7773 -0.6283
vn 0.5120 0.6046 0.6102
vn -0.4657 0.8006 0.3770
vn -0.2856 0.9380 0.1966
vn 0.3899 0.5407 0.7454
vn 0.3001 0.8853 0.3552
vn -0.5573 0.8051 -0.2032
vn -0.3353 0.8636 -0.3764
vn 0.1510 0.8755 0.4591
vn 0.6550 -0.6621 -0.3641
vn -0.0022 -0.9725 0.2327
vn 0.1327 -0.8672 0.4800
vn 0.7549 -0.6313 -0.1778
vn -0.2686 0.3753 -0.8871
vn -0.9066 -0.0836 -0.4136
vn -0.7893 -0.3824 -0.4803
vn -0.2245 0.1729 -0.9590
vn 0.2764 0.2443 -0.9295
vn -0.6645 0.4377 -0.6058
vn -0.6596 0.1807 -0.7295
vn 0.2602 0.4195 -0.8697
vn 0.5764 0.7330 0.3612
vn -0.3281 0.9413 -0.0789
vn -0.1126 0.9560 -0.2710
vn 0.4354 0.7561 0.4886
vn -0.3453 0.2666 0.8998
vn -0.9827 -0.0350 0.1820
vn -0.9375 0.2870 0.1969
vn -0.4128 0.0464 0.9096
vn 0.4720 0.8085 -0.3515
vn 0.8727 -0.0184 -0.4879
vn 0.9798 -0.0503 -0.1934
vn 0.5841 0.7962 -0.1578
vn 0.5101 0.8043 -0.3049
vn 0.7628 -0.0265 -0.6461
vn 0.9120 -0.1243 -0.3909
vn 0.6536 0.7431 -0.1436
vn -0.4624 0.7329 -0.4990
vn -0.8687 -0.2124 -0.4475
vn -0.7114 -0.1901 -0.6766
vn -0.5854 0.7209 -0.3709
vn -0.3752 0.2223 0.8999
vn -0.9879 0.1143 0.1052
vn -0.8895 0.4232 0.1722
vn -0.4891 0.0089 0.8722
vn 0.4271 0.8679 0.2538
vn 0.9977 0.0674 0.0047
vn 0.9459 0.0929 0.3109
vn 0.5004 0.8643 0.0500
vn -0.5473 0.2001 -0.8127
vn -0.9848 -0.1720 0.0237
vn -0.9152 -0.4002 -0.0484
vn -0.5187 0.0766 -0.8515
vn -0.8033 -0.0681 -0.5916
vn -0.8712 -0.3636 0.3299
vn -0.7425 -0.6075 0.2821
vn -0.7480 -0.2365 -0.6202
vn 0.4611 -0.1558 -0.8736
vn 0.7174 -0.6961 -0.0300
vn 0.8682 -0.4951 -0.0329
vn 0.3764 -0.2977 -0.8773
vn 0.3771 0.8913 0.2516
vn 0.9110 0.2408 -0.3348
vn 0.9772 0.2027 -0.0628
vn 0.3625 0.9293 0.0700
vn -0.1263 0.8097 0.5731
vn 0.6417 0.7603 -0.1005
vn 0.7255 0.6680 0.1655
vn -0.1623 0.9005 0.4033
vn -0.7353 -0.1399 -0.6632
vn -0.5084 -0.8578 -0.0756
vn -0.2680 -0.9368 -0.2247
vn -0.5948 -0.2206 -0.7730
vn -0.8311 -0.1225 -0.5425
vn -0.4919 -0.8690 -0.0527
vn -0.2776 -0.9291 -0.2442
vn -0.7088 -0.1907 -0.6791
vn 0.1456 0.5919 -0.7927
vn 0.9391 0.1979 -0.2811
vn 0.8672 0.4642 -0.1800
vn 0.2221 0.4315 -0.8744
vn -0.4663 0.7724 0.4311
vn 0.3492 0.9219 -0.1677
vn 0.4260 0.8974 0.1149
vn -0.5100 0.8238 0.2474
vn 0.2241 0.6588 0.7182
vn 0.9216 0.3876 0.0208
vn 0.9396 0.2207 0.2618
vn 0.2428 0.7851 0.5698
vn -0.8316 0.0687 -0.5511
vn -0.5014 0.8564 -0.1236
vn -0.6032 0.7848 0.1425
vn -0.9238 0.0468 -0.3799
vn -0.8505 0.0746 -0.5207
vn -0.3176 0.8584 -0.4027
vn -0.4042 0.9059 -0.1262
vn -0.9270 0.1334 -0.3506
vn -0.3901 0.7551 -0.5270
vn 0.6054 0.7403 -0.2923
vn 0.4495 0.8886 -0.0918
vn -0.2746 0.6891 -0.6706
vn 0.5579 0.4969 0.6647
vn 0.9189 0.2882 -0.2694
vn 0.9939 0.0803 -0.0759
vn 0.5428 0.6451 0.5378
vn 0.2144 0.8325 0.5109
vn -0.0572 0.8786 -0.4740
vn 0.2347 0.8651 -0.4433
vn 0.0258 0.8761 0.4815
vn -0.7749 -0.5177 0.3628
vn 0.1061 -0.8600 0.4991
vn 0.1348 -0.9647 0.2261
vn -0.7598 -0.6198 0.1963
vn -0.3688 0.1532 -0.9168
vn 0.3705 -0.4431 -0.8163
vn 0.5708 -0.2302 -0.7882
vn -0.2255 0.2854 -0.9315
vn -0.7107 0.3573 -0.6061
vn 0.2344 0.1798 -0.9554
vn 0.2030 0.4577 -0.8656
vn -0.6902 0.1865 -0.6992
vn 0.1096 0.6552 0.7474
vn -0.1313 0.9720 -0.1947
vn 0.1592 0.9757 -0.1507
vn -0.0813 0.6888 0.7204
vn -0.6664 0.0947 0.7395
vn -0.2405 -0.8117 0.5323
vn -0.4946 -0.7771 0.3892
vn -0.5157 0.0488 0.8554
vn -0.3650 0.6083 -0.7048
vn 0.4733 0.8271 -0.3031
vn 0.3556 0.9330 -0.0556
vn -0.4340 0.7112 -0.5531
vn -0.1743 0.4810 -0.8592
vn 0.7315 0.3260 -0.5989
vn 0.7382 0.5427 -0.4007
vn -0.1491 0.6426 -0.7515
vn 0.4506 0.6161 -0.6460
vn 0.8239 -0.3194 -0.4683
vn 0.9485 -0.1190 -0.2935
vn 0.3992 0.4828 -0.7794
vn -0.7132 0.1301 0.6888
vn -0.4063 -0.8089 0.4249
vn -0.6377 -0.7230 0.2659
vn -0.5826 0.0514 0.8111
vn 0.6086 0.6565 0.4456
vn 0.9875 -0.1188 -0.1031
vn 0.9651 -0.1892 0.1809
vn 0.6589 0.7048 0.2628
vn -0.6535 0.2960 -0.6966
vn -0.9910 -0.0109 0.1334
vn -0.9498 -0.3040 0.0735
vn -0.6647 0.0978 -0.7406
vn -0.7482 0.2705 -0.6058
vn -0.9502 0.0578 0.3063
vn -0.9357 -0.2299 0.2675
vn -0.7733 0.0810 -0.6289
vn -0.7989 -0.4208 -0.4299
vn -0.2509 -0.9309 0.2656
vn -0.1583 -0.9873 -0.0093
vn -0.8747 -0.4175 -0.2461
vn 0.4816 0.8112 0.3315
vn 0.9769 0.0877 -0.1947
vn 0.9947 0.0413 0.0947
vn 0.5045 0.8517 0.1415
vn 0.6366 -0.0739 0.7676
vn 0.4483 -0.8768 0.1740
vn 0.2751 -0.8650 0.4196
vn 0.7828 -0.1178 0.6110
vn 0.2036 0.7175 -0.6662
vn -0.5320 0.8440 -0.0679
vn -0.7205 0.6512 -0.2381
vn 0.0724 0.6389 -0.7659
vn -0.0369 0.7875 -0.6152
vn -0.7954 0.6044 -0.0451
vn -0.8931 0.3892 -0.2254
vn -0.1204 0.6752 -0.7277
vn -0.5869 0.4478 -0.6745
vn -0.9642 -0.2537 -0.0767
vn -0.8505 -0.3509 -0.3919
vn -0.7278 0.5161 -0.4516
vn 0.6492 -0.0486 0.7590
vn 0.7143 -0.6991 -0.0309
vn 0.5581 -0.7984 0.2260
vn 0.8157 -0.0154 0.5783
vn 0.2204 0.0624 0.9734
vn 0.6737 -0.6531 0.3458
vn 0.4394 -0.7319 0.5208
vn 0.4535 0.0874 0.8870
vn 0.0167 0.8909 -0.4538
vn -0.8278 0.4942 -0.2655
vn -0.7990 0.3178 -0.5106
vn 0.0062 0.7905 -0.6124
vn -0.1407 0.8663 -0.4793
vn -0.8303 0.1114 -0.5460
vn -0.6877 0.0237 -0.7257
vn -0.0880 0.7968 -0.5978
vn -0.3157 0.3266 -0.8909
vn -0.3705 -0.6816 -0.6309
vn -0.1368 -0.5570 -0.8192
vn -0.5783 0.1833 -0.7949
vn 0.2651 0.0709 0.9616
vn 0.8767 -0.3995 0.2679
vn 0.7030 -0.5815 0.4095
vn 0.4160 0.1792 0.8915
vn -0.9205 -0.2003 0.3355
vn -0.1728 -0.5069 0.8445
vn -0.1161 -0.7350 0.6681
vn -0.8955 -0.3718 0.2445
vn -0.9036 0.0857 -0.4197
vn -0.7173 0.4745 0.5102
vn -0.8219 0.2079 0.5303
vn -0.8647 0.2714 -0.4226
vn -0.9631 0.1440 -0.2275
vn -0.6896 -0.5504 0.4707
vn -0.7144 -0.6700 0.2016
vn -0.9778 0.2058 -0.0402
vn 0.5654 0.8215 0.0738
vn 0.7420 0.2367 -0.6272
vn 0.8898 0.0182 -0.4559
vn 0.7114 0.6798 0.1783
vn -0.9311 0.3213 -0.1729
vn -0.7355 -0.3140 0.6004
vn -0.8179 -0.4612 0.3439
vn -0.9132 0.4074 0.0105
vn 0.5105 0.8170 -0.2681
vn 0.4643 0.0989 -0.8802
vn 0.6670 -0.0746 -0.7413
vn 0.6791 0.7056 -0.2024
vn 0.0058 0.4211 0.9070
vn 0.1815 -0.5865 0.7894
vn -0.1003 -0.5329 0.8402
vn 0.1760 0.3824 0.9071
vn -0.8911 0.4314 0.1408
vn -0.7552 -0.5663 0.3301
vn -0.8496 -0.5239 0.0606
vn -0.8603 0.3936 0.3241
vn 0.4807 0.2025 -0.8532
vn 0.9865 -0.1243 -0.1064
vn 0.9910 0.1302 0.0317
vn 0.5166 0.3717 -0.7714
vn -0.8619 0.0993 0.4972
vn -0.1495 -0.3634 0.9196
vn -0.1872 -0.6173 0.7641
vn -0.9004 -0.0891 0.4259
vn 0.4820 0.2695 0.8337
vn 0.0074 0.9391 0.3434
vn 0.2036 0.9705 0.1291
vn 0.6241 0.3305 0.7080
vn 0.1854 0.7592 0.6239
vn -0.6395 0.1808 0.7472
vn -0.6931 0.4293 0.5790
vn 0.2064 0.6147 0.7613
vn 0.8359 0.4276 0.3443
vn 0.8752 -0.1773 -0.4502
vn 0.9409 -0.3217 -0.1062
vn 0.8492 0.5215 0.0832
vn -0.6862 0.6730 -0.2760
vn -0.9045 0.1366 0.4040
vn -0.9642 -0.1579 0.2129
vn -0.7884 0.4612 -0.4071
vn 0.6166 0.5638 0.5494
vn 0.9834 -0.0110 -0.1812
vn 0.9800 -0.1515 0.1289
vn 0.6639 0.6686 0.3351
vn -0.0459 0.7340 -0.6776
vn -0.7121 0.7016 -0.0249
vn -0.8678 0.4721 -0.1549
vn -0.1742 0.5956 -0.7841
vn 0.5089 0.1452 -0.8485
vn 0.2222 -0.8026 -0.5536
vn 0.4676 -0.7500 -0.4678
vn 0.3507 0.0938 -0.9318
vn 0.0203 0.9228 -0.3848
vn -0.4251 0.1343 -0.8951
vn -0.1519 0.1941 -0.9691
vn -0.2020 0.9046 -0.3753
vn 0.7374 -0.1748 0.6524
vn -0.0854 -0.6475 0.7573
vn -0.2192 -0.4082 0.8862
vn 0.6445 -0.0381 0.7636
vn 0.4854 -0.2648 0.8332
vn 0.1626 0.6350 0.7552
vn 0.3732 0.7266 0.5769
vn 0.6381 -0.1847 0.7475
vn 0.6245 0.2151 0.7508
vn -0.1357 0.7515 0.6456
vn -0.0185 0.9098 0.4146
vn 0.7029 0.3684 0.6084
vn -0.0720 0.3421 0.9369
vn -0.7932 -0.2455 0.5572
vn -0.8343 0.1084 0.5405
vn -0.0808 0.0993 0.9918
vn 0.3244 0.8633 0.3867
vn 0.7068 0.5000 -0.5005
vn 0.8566 0.4112 -0.3117
vn 0.2416 0.9367 0.2533
vn -0.8792 0.2012 -0.4319
vn -0.8318 -0.5361 0.1443
vn -0.6829 -0.7280 -0.0605
vn -0.8200 0.0498 -0.5701
vn 0.2781 0.8583 0.4312
vn 0.6676 0.5743 -0.4737
vn 0.8339 0.4857 -0.2621
vn 0.1906 0.9400 0.2831
vn -0.4920 0.8460 -0.2054
vn -0.9397 0.2250 0.2575
vn -0.9999 0.0119 -0.0114
vn -0.5822 0.7060 -0.4033
vn 0.4088 0.3876 -0.8263
vn 0.4222 -0.6262 -0.6554
vn 0.6540 -0.5092 -0.5594
vn 0.2695 0.2972 -0.9160
vn -0.4407 0.8895 -0.1207
vn -0.4069 0.2222 -0.8860
vn -0.1819 0.4410 -0.8789
vn -0.6505 0.7394 -0.1735
vn 0.6511 0.0211 0.7587
vn 0.2224 -0.7988 0.5589
vn -0.0576 -0.7184 0.6932
vn 0.4868 0.0348 0.8728
vn 0.5538 0.0477 0.8313
vn -0.2973 0.4784 0.8262
vn -0.1919 0.7062 0.6815
vn 0.6140 0.2238 0.7569
vn -0.6844 -0.1866 -0.7048
vn 0.1254 -0.7550 -0.6437
vn 0.2720 -0.5919 -0.7587
vn -0.5953 -0.0831 -0.7992
vn -0.8491 0.2510 0.4649
vn -0.0424 -0.1068 0.9934
vn -0.2031 -0.3084 0.9293
vn -0.7501 0.3965 0.5292
vn -0.2548 0.3304 -0.9088
vn -0.1367 -0.7132 -0.6875
vn 0.0703 -0.5072 -0.8590
vn -0.4998 0.0827 -0.8622
vn 0.4438 0.6843 0.5786
vn 0.4227 0.8538 -0.3039
vn 0.6596 0.6250 -0.4176
vn 0.6740 0.5631 0.4782
vn -0.6225 0.4457 0.6433
vn -0.4020 -0.5636 0.7216
vn -0.6288 -0.5237 0.5748
vn -0.4854 0.4054 0.7746
vn 0.4316 0.6942 0.5760
vn 0.4559 0.8329 -0.3139
vn 0.6921 0.5964 -0.4066
vn 0.6607 0.5659 0.4933
vn 0.8907 -0.1576 -0.4264
vn 0.0575 -0.5701 -0.8196
vn 0.1740 -0.7616 -0.6243
vn 0.8106 -0.0583 -0.5827
vn -0.6083 0.0745 0.7902
vn -0.4250 -0.8380 0.3423
vn -0.6409 -0.7320 0.2311
vn -0.4820 -0.0150 0.8761
vn -0.0154 0.7218 -0.6919
vn 0.8426 0.3210 -0.4324
vn 0.8567 0.4730 -0.2055
vn 0.0100 0.8251 -0.5649
vn -0.5848 -0.2083 -0.7840
vn 0.2708 -0.6459 -0.7138
vn 0.4102 -0.4146 -0.8123
vn -0.4904 -0.0688 -0.8688
vn -0.3710 0.3075 -0.8763
vn 0.1975 -0.4879 -0.8503
vn 0.4057 -0.3741 -0.8339
vn -0.1898 0.4113 -0.8915
vn -0.9024 0.4133 0.1223
vn -0.5530 -0.2803 0.7846
vn -0.7233 -0.4054 0.5590
vn -0.8231 0.4859 0.2940
vn -0.9116 0.2555 0.3222
vn -0.6623 -0.7199 0.2076
vn -0.8114 -0.5819 -0.0540
vn -0.8504 0.1376 0.5079
vn 0.7315 0.3827 0.5643
vn 0.8272 0.4130 -0.3811
vn 0.9017 0.1266 -0.4134
vn 0.8189 0.2048 0.5362
vn -0.8292 0.2444 0.5027
vn -0.3294 -0.6231 0.7094
vn -0.5430 -0.6673 0.5098
vn -0.7086 0.2569 0.6572
vn 0.3001 0.7500 0.5895
vn 0.2690 0.9314 -0.2454
vn 0.5760 0.7263 -0.3751
vn 0.6089 0.6406 0.4679
vn 0.9616 0.2541 -0.1034
vn 0.5375 -0.4277 -0.7267
vn 0.6791 -0.5575 -0.4776
vn 0.8987 0.3205 -0.2994
vn -0.8997 0.0721 0.4306
vn -0.6285 -0.7751 -0.0652
vn -0.8024 -0.5456 -0.2418
vn -0.8255 -0.1194 0.5517
vn 0.1928 0.8445 -0.4996
vn 0.8718 0.1517 -0.4657
vn 0.9532 0.2221 -0.2053
vn 0.2641 0.8993 -0.3487
vn -0.3956 -0.1796 -0.9007
vn 0.3430 -0.7513 -0.5639
vn 0.5057 -0.6082 -0.6118
vn -0.2770 -0.0583 -0.9591
vn -0.7151 0.2673 -0.6459
vn -0.0038 -0.2888 -0.9574
vn 0.1913 -0.0704 -0.9790
vn -0.5900 0.4091 -0.6961
vn -0.8672 0.2010 0.4555
vn -0.2066 -0.4669 0.8598
vn -0.4045 -0.6010 0.6893
vn -0.7539 0.2756 0.5964
vn -0.3277 0.7675 -0.5509
vn -0.4762 -0.1969 -0.8570
vn -0.2291 -0.0856 -0.9696
vn -0.5049 0.6970 -0.5092
vn 0.8072 0.4662 0.3620
vn 0.3749 0.8332 -0.4064
vn 0.4887 0.6384 -0.5946
vn 0.9036 0.3642 0.2257
vn -0.4985 0.3817 -0.7783
vn -0.4987 -0.6260 -0.5995
vn -0.2849 -0.5522 -0.7835
vn -0.6543 0.3197 -0.6853
vn 0.5979 0.5723 0.5613
vn 0.1771 0.9633 -0.2016
vn 0.3620 0.8438 -0.3963
vn 0.7344 0.5262 0.4287
vn 0.8377 0.4602 -0.2942
vn 0.2267 0.0010 -0.9740
vn 0.4387 -0.1795 -0.8805
vn 0.7155 0.5815 -0.3872
vn -0.5601 -0.3495 0.7511
vn -0.4169 -0.9038 -0.0965
vn -0.6612 -0.7415 -0.1139
vn -0.4201 -0.4854 0.7667
vn -0.1369 0.9862 -0.0936
vn 0.6913 0.6110 -0.3857
vn 0.8033 0.5843 -0.1153
vn -0.0413 0.9962 0.0770
vn -0.8178 0.1597 -0.5528
vn -0.1358 -0.4109 -0.9015
vn 0.0426 -0.1915 -0.9806
vn -0.7092 0.2974 -0.6393
vn 0.3164 0.9037 0.2885
vn -0.5345 0.8373 -0.1147
vn -0.4327 0.8117 -0.3924
vn 0.3750 0.9208 0.1077
vn -0.3147 0.8479 0.4266
vn -0.6230 -0.0540 0.7803
vn -0.8245 0.0891 0.5589
vn -0.2225 0.7649 0.6044
vn 0.2695 0.9562 -0.1144
vn 0.7020 0.2074 -0.6812
vn 0.8463 0.2311 -0.4800
vn 0.1881 0.9467 -0.2613
vn -0.9554 -0.2602 -0.1394
vn -0.4659 -0.6052 0.6455
vn -0.3454 -0.7864 0.5121
vn -0.8947 -0.3863 -0.2242
vn 0.2833 0.9398 -0.1912
vn 0.6676 0.1509 -0.7291
vn 0.8293 0.1991 -0.5221
vn 0.1942 0.9174 -0.3472
vn -0.5557 0.3111 -0.7710
vn -0.9840 0.1664 0.0643
vn -0.9905 -0.1324 0.0380
vn -0.5956 0.1185 -0.7945
vn 0.3400 -0.1947 -0.9200
vn 0.7311 -0.6758 -0.0932
vn 0.8733 -0.4697 -0.1296
vn 0.2623 -0.3425 -0.9022
vn -0.5433 0.1383 -0.8281
vn -0.1064 -0.7600 -0.6411
vn 0.0592 -0.5762 -0.8151
vn -0.6767 -0.0400 -0.7352
vn 0.5285 0.7162 0.4557
vn -0.0117 0.1158 0.9932
vn -0.2592 0.2626 0.9294
vn 0.3829 0.8085 0.4468
vn 0.4231 0.7751 0.4693
vn -0.3787 0.9251 -0.0267
vn -0.2510 0.9246 -0.2867
vn 0.5018 0.8071 0.3111
vn -0.2228 -0.6894 -0.6893
vn 0.6843 -0.6088 -0.4014
vn 0.7403 -0.3691 -0.5618
vn -0.1661 -0.5523 -0.8170
vn -0.9195 -0.3702 -0.1322
vn -0.6364 0.0176 0.7711
vn -0.5910 -0.2723 0.7593
vn -0.9772 -0.1857 -0.1024
vn 0.0489 0.1154 -0.9921
vn 0.3488 -0.7576 -0.5517
vn 0.5734 -0.5723 -0.5862
vn -0.0857 -0.0264 -0.9960
vn 0.0534 0.9810 0.1868
vn 0.4085 0.6550 -0.6356
vn 0.6564 0.5494 -0.5171
vn 0.2364 0.9387 0.2509
vn 0.1905 -0.2703 -0.9437
vn 0.3247 -0.9298 -0.1735
vn 0.5727 -0.7852 -0.2357
vn 0.0418 -0.3947 -0.9179
vn -0.1204 0.9879 -0.0981
vn 0.1658 0.4858 -0.8582
vn 0.4444 0.4607 -0.7683
vn 0.0724 0.9953 -0.0640
vn 0.5286 0.7830 -0.3280
vn 0.8521 -0.1729 -0.4940
vn 0.9669 -0.0619 -0.2475
vn 0.4851 0.7135 -0.5055
vn 0.2390 0.5269 0.8156
vn 0.7929 -0.2866 0.5377
vn 0.5824 -0.3601 0.7288
vn 0.4015 0.5708 0.7162
vn 0.1534 0.3025 -0.9407
vn 0.8426 0.4499 -0.2960
vn 0.7116 0.6813 -0.1717
vn 0.0917 0.4760 -0.8746
vn 0.0688 -0.7931 -0.6052
vn 0.8034 -0.5947 -0.0279
vn 0.9066 -0.3749 -0.1934
vn 0.1639 -0.6700 -0.7241
vn -0.3921 -0.7526 -0.5290
vn 0.4823 -0.8611 -0.1609
vn 0.6161 -0.6978 -0.3654
vn -0.2907 -0.6755 -0.6777
vn -0.9475 -0.0666 0.3129
vn -0.2696 0.5111 0.8162
vn -0.2843 0.2401 0.9282
vn -0.9554 0.1236 0.2681
vn -0.8864 0.1997 0.4175
vn -0.2692 -0.5127 0.8153
vn -0.4590 -0.6297 0.6267
vn -0.7802 0.2624 0.5679
vn 0.4604 0.8160 -0.3496
vn 0.2539 0.1098 -0.9610
vn 0.4758 -0.0619 -0.8774
vn 0.6223 0.7117 -0.3261
vn -0.9303 0.1949 0.3108
vn -0.2779 -0.3226 0.9048
vn -0.4423 -0.5036 0.7421
vn -0.8415 0.3041 0.4466
vn -0.0347 0.9791 -0.2003
vn -0.2253 0.3620 -0.9046
vn 0.0541 0.2924 -0.9548
vn 0.1494 0.9527 -0.2646
vn 0.4384 0.4242 -0.7924
vn 0.4355 -0.5931 -0.6772
vn 0.6749 -0.4758 -0.5640
vn 0.2994 0.3346 -0.8935
vn 0.7750 0.5156 0.3655
vn 0.8709 -0.4745 0.1281
vn 0.7996 -0.4383 0.4105
vn 0.8548 0.4828 0.1902
vn -0.3416 0.1133 -0.9330
vn 0.5802 0.2940 -0.7596
vn 0.5317 0.5569 -0.6380
vn -0.3601 0.3016 -0.8828
vn -0.4916 -0.1214 0.8623
vn 0.4376 -0.3404 0.8322
vn 0.3985 -0.5975 0.6959
vn -0.5098 -0.3072 0.8036
vn -0.1368 -0.7944 -0.5918
vn 0.6431 -0.7616 -0.0800
vn 0.7911 -0.5568 -0.2533
vn -0.0155 -0.6807 -0.7324
vn -0.7509 -0.5946 0.2875
vn -0.4132 0.1388 0.9000
vn -0.2817 -0.1451 0.9485
vn -0.8718 -0.3890 0.2977
vn -0.9940 -0.1022 0.0377
vn -0.4043 -0.4479 0.7975
vn -0.4576 -0.6581 0.5979
vn -0.9812 0.0191 0.1919
vn 0.3651 0.9008 -0.2350
vn 0.4858 0.2060 -0.8494
vn 0.7110 0.0621 -0.7004
vn 0.5601 0.8135 -0.1568
vn -0.9808 -0.1759 -0.0837
vn -0.4890 -0.3741 0.7880
vn -0.5023 -0.6143 0.6086
vn -0.9977 -0.0332 0.0599
vn -0.6604 0.3860 -0.6441
vn -0.9234 -0.3520 -0.1533
vn -0.7494 -0.5756 -0.3272
vn -0.5908 0.2213 -0.7759
vn 0.4344 0.7007 -0.5660
vn 0.8795 -0.2142 -0.4249
vn 0.9717 -0.0363 -0.2333
vn 0.4009 0.5865 -0.7038
vn 0.1500 0.8899 0.4309
vn 0.8650 0.1704 0.4719
vn 0.6747 0.1775 0.7164
vn 0.3175 0.9069 0.2771
vn -0.0250 0.2276 -0.9734
vn 0.4904 0.7872 -0.3739
vn 0.2783 0.9195 -0.2775
vn -0.1711 0.3536 -0.9196
vn 0.3764 -0.8187 -0.4337
vn 0.8913 -0.3990 0.2153
vn 0.9869 -0.1580 0.0336
vn 0.4824 -0.6696 -0.5646
vn -0.2507 0.0845 -0.9644
vn -0.1649 -0.7956 -0.5830
vn 0.1205 -0.8059 -0.5797
vn -0.0603 0.0510 -0.9969
vn -0.3276 0.9074 -0.2635
vn -0.2362 0.6353 0.7352
vn -0.5257 0.5947 0.6083
vn -0.1747 0.9725 -0.1539
vn -0.6116 0.7877 0.0743
vn -0.9378 -0.1590 0.3085
vn -0.9931 -0.1083 0.0452
vn -0.6023 0.7585 0.2488
vn 0.8397 0.1203 0.5295
vn 0.8727 -0.3989 -0.2814
vn 0.7572 -0.6322 -0.1643
vn 0.7949 -0.0440 0.6051
vn -0.3677 0.9271 0.0732
vn -0.6881 0.1887 0.7007
vn -0.8651 0.2227 0.4494
vn -0.2853 0.9226 0.2597
vn 0.9481 0.3163 0.0314
vn 0.5915 -0.0049 -0.8063
vn 0.6160 -0.2782 -0.7370
vn 0.9886 0.1390 0.0573
vn 0.2139 0.2219 0.9513
vn -0.4499 -0.5165 0.7286
vn -0.5812 -0.2430 0.7766
vn 0.2849 0.0409 0.9577
vn -0.4253 0.6132 0.6657
vn -0.4508 -0.4095 0.7932
vn -0.6879 -0.3093 0.6566
vn -0.2942 0.5419 0.7873
vn 0.2627 0.4303 -0.8636
vn 0.8628 -0.1886 -0.4690
vn 0.9643 0.0029 -0.2648
vn 0.3580 0.5629 -0.7450
vn -0.8160 -0.1678 0.5531
vn -0.0879 -0.7489 0.6568
vn -0.1484 -0.9051 0.3986
vn -0.8636 -0.3113 0.3965
vn 0.4813 0.0049 0.8765
vn -0.4821 -0.0469 0.8749
vn -0.5111 0.2355 0.8267
vn 0.4506 0.1865 0.8730
vn -0.2910 -0.3845 0.8761
vn -0.5547 -0.8320 -0.0104
vn -0.7524 -0.6550 0.0693
vn -0.1767 -0.5281 0.8306
vn 0.0078 0.5388 0.8424
vn 0.6982 0.7079 0.1067
vn 0.7984 0.5179 0.3071
vn -0.0358 0.6888 0.7241
vn 0.4147 0.3679 -0.8323
vn 0.4167 -0.5781 -0.7015
vn 0.6390 -0.5762 -0.5096
vn 0.5818 0.3554 -0.7315
vn 0.0872 0.6087 0.7886
vn 0.5108 0.8526 -0.1099
vn 0.7007 0.7106 0.0637
vn -0.0192 0.7325 0.6805
vn -0.9641 0.2276 -0.1369
vn -0.6894 -0.6805 -0.2483
vn -0.5725 -0.6386 -0.5142
vn -0.9151 0.2377 -0.3258
vn 0.2413 0.8920 -0.3823
vn 0.7988 0.0623 -0.5984
vn 0.9069 0.2072 -0.3669
vn 0.1978 0.8088 -0.5539
vn -0.8550 0.5152 0.0592
vn -0.3902 0.3746 -0.8411
vn -0.3078 0.6272 -0.7155
vn -0.9285 0.3683 -0.0470
vn 0.5322 0.3022 0.7909
vn 0.6821 -0.5809 0.4441
vn 0.4479 -0.6936 0.5642
vn 0.3967 0.2121 0.8931
vn 0.6627 0.0346 0.7481
vn -0.2802 -0.0030 0.9599
vn -0.3168 0.2774 0.9070
vn 0.6349 0.2105 0.7433
vn 0.4255 -0.5283 0.7348
vn -0.4282 -0.1360 0.8934
vn -0.3267 0.1310 0.9360
vn 0.4890 -0.3665 0.7915
vn -0.6733 -0.4202 0.6084
vn -0.8834 -0.2702 -0.3829
vn -0.9764 -0.0435 -0.2114
vn -0.6506 -0.5792 0.4911
vn 0.2505 -0.0263 0.9678
vn 0.9601 0.1048 0.2592
vn 0.9221 -0.1911 0.3364
vn 0.3052 0.1750 0.9361
vn -0.6769 0.5774 -0.4566
vn -0.8372 -0.3586 -0.4129
vn -0.6420 -0.4345 -0.6317
vn -0.5853 0.5192 -0.6228
vn 0.2675 -0.0854 0.9598
vn 0.8862 0.3699 0.2788
vn 0.9503 0.1007 0.2945
vn 0.2513 0.0954 0.9632
vn -0.6575 0.7447 0.1148
vn -0.9539 -0.0308 -0.2985
vn -0.8084 0.0224 -0.5882
vn -0.6089 0.7874 -0.0957
vn 0.3817 0.8890 0.2531
vn 0.7344 0.3762 -0.5650
vn 0.8848 0.3113 -0.3468
vn 0.3049 0.9472 0.0994
vn -0.4827 0.8335 0.2687
vn -0.1731 0.7046 -0.6882
vn 0.0193 0.8630 -0.5049
vn -0.6494 0.7552 0.0889
vn 0.5076 -0.5360 0.6746
vn 0.0973 -0.9936 -0.0580
vn -0.1885 -0.9804 0.0578
vn 0.3352 -0.5713 0.7492
vn 0.2705 -0.8171 0.5090
vn -0.5337 -0.3811 0.7550
vn -0.4002 -0.1599 0.9024
vn 0.3472 -0.6940 0.6307
vn 0.2064 -0.2066 0.9564
vn -0.3373 0.5567 0.7591
vn -0.1176 0.7349 0.6679
vn 0.3378 -0.0707 0.9386
vn -0.0452 0.1684 0.9847
vn -0.8969 0.1586 0.4128
vn -0.8038 0.4182 0.4232
vn -0.1236 0.0103 0.9923
vn -0.1442 0.4150 0.8983
vn -0.4175 0.9082 0.0286
vn -0.1540 0.9780 0.1404
vn -0.3654 0.4117 0.8348
vn -0.4343 0.5063 -0.7450
vn 0.4808 0.2949 -0.8257
vn 0.5773 0.5032 -0.6430
vn -0.3754 0.6652 -0.6454
vn -0.2633 0.0733 0.9619
vn -0.6217 0.7388 0.2603
vn -0.3763 0.8266 0.4186
vn -0.4812 0.0427 0.8756
vn -0.1581 -0.9874 -0.0042
vn 0.7489 -0.6565 -0.0908
vn 0.7165 -0.5960 -0.3626
vn -0.1582 -0.9694 -0.1879
vn -0.9811 -0.0555 -0.1853
vn -0.3888 0.6037 -0.6960
vn -0.5016 0.7298 -0.4646
vn -0.9273 -0.1218 -0.3538
vn 0.3383 0.8050 0.4874
vn 0.3122 0.7790 -0.5438
vn 0.5582 0.6981 -0.4485
vn 0.1852 0.8917 0.4131
vn -0.0820 -0.8797 0.4683
vn -0.7318 -0.6518 -0.1989
vn -0.8799 -0.4746 -0.0235
vn -0.2003 -0.7852 0.5859
vn 0.5875 0.1005 0.8030
vn -0.1499 0.7079 0.6902
vn -0.0215 0.8694 0.4937
vn 0.6737 0.2270 0.7033
vn 0.4877 -0.8216 0.2952
vn 0.3323 -0.1573 0.9300
vn 0.5396 0.0555 0.8401
vn 0.6850 -0.6742 0.2760
vn 0.2626 -0.1736 0.9492
vn -0.6226 0.2857 0.7285
vn -0.4165 0.4817 0.7710
vn 0.1189 -0.3008 0.9462
vn 0.9934 -0.1137 0.0144
vn 0.4792 -0.2225 -0.8490
vn 0.5181 -0.4933 -0.6987
vn 0.9914 0.0563 -0.1184
vn -0.1966 0.9696 0.1459
vn -0.6554 0.3561 0.6661
vn -0.8558 0.2662 0.4436
vn -0.3697 0.9291 -0.0065
vn 0.9050 0.1977 0.3768
vn 0.7991 0.0083 -0.6012
vn 0.8835 -0.2724 -0.3811
vn 0.8993 0.3911 0.1956
vn 0.4431 0.8924 0.0857
vn -0.1192 0.7234 -0.6801
vn 0.0759 0.5670 -0.8202
vn 0.5662 0.8240 -0.0214
vn 0.6415 -0.1992 0.7408
vn 0.2827 -0.9498 0.1342
vn 0.1222 -0.9235 0.3636
vn 0.7544 -0.2433 0.6097
vn 0.2678 0.9614 0.0637
vn -0.1716 0.5811 -0.7956
vn 0.1277 0.5771 -0.8067
vn 0.0858 0.9955 0.0405
vn 0.6499 -0.6719 0.3553
vn -0.2895 -0.8254 0.4847
vn -0.3099 -0.6456 0.6979
vn 0.6420 -0.5745 0.5078
vn 0.5727 -0.8041 -0.1595
vn 0.8714 -0.1675 0.4611
vn 0.9677 0.0349 0.2497
vn 0.6736 -0.6762 -0.2983
vn -0.2415 0.7672 -0.5941
vn 0.4704 0.1936 -0.8610
vn 0.6633 0.3133 -0.6796
vn -0.1027 0.8643 -0.4924
vn -0.9908 0.1342 0.0171
vn -0.5817 -0.7731 0.2529
vn -0.6456 -0.7633 -0.0255
vn -0.9732 0.1088 0.2027
vn 0.2598 0.9643 -0.0520
vn -0.0145 0.4357 -0.9000
vn 0.2529 0.4390 -0.8622
vn 0.0669 0.9920 -0.1073
vn 0.5564 -0.1139 0.8231
vn 0.5955 0.7099 0.3761
vn 0.7695 0.6234 0.1388
vn 0.7236 -0.1504 0.6736
vn 0.1786 0.9484 -0.2621
vn -0.3616 0.3121 -0.8785
vn -0.0802 0.3240 -0.9426
vn -0.0214 0.9667 -0.2550
vn 0.4066 0.0358 0.9129
vn 0.5332 0.7717 0.3467
vn 0.7423 0.6511 0.1584
vn 0.5998 -0.0237 0.7998
vn 0.9721 0.0422 -0.2307
vn 0.2761 0.2162 -0.9365
vn 0.3588 -0.0882 -0.9292
vn 0.9299 0.2484 -0.2712
vn -0.4656 0.7633 -0.4478
vn 0.1593 0.1601 -0.9742
vn 0.3028 0.3905 -0.8694
vn -0.5586 0.6144 -0.5572
vn 0.0601 0.0516 0.9969
vn -0.2410 -0.7661 0.5958
vn -0.5100 -0.6770 0.5307
vn -0.1346 0.0868 0.9871
vn -0.4758 0.6950 -0.5391
vn 0.1322 0.1056 -0.9856
vn 0.3666 0.2413 -0.8986
vn -0.3162 0.8027 -0.5058
vn -0.1153 0.1948 0.9740
vn -0.8647 0.2812 0.4162
vn -0.7799 0.5504 0.2979
vn -0.0845 0.3879 0.9178
vn -0.8595 -0.0735 0.5059
vn -0.6812 -0.6636 -0.3092
vn -0.8317 -0.4049 -0.3799
vn -0.7965 -0.2639 0.5440
vn -0.2540 0.6966 0.6709
vn 0.7109 0.6013 0.3647
vn 0.6605 0.4424 0.6067
vn -0.2081 0.8227 0.5289
vn 0.8402 0.1334 -0.5255
vn 0.7386 -0.6517 -0.1726
vn 0.8123 -0.5515 0.1897
vn 0.9541 0.1792 -0.2400
vn -0.2463 0.7058 0.6642
vn 0.5236 0.8520 0.0070
vn 0.6227 0.7420 0.2485
vn -0.2952 0.8092 0.5079
vn -0.4374 0.0247 -0.8990
vn -0.5641 -0.7394 -0.3675
vn -0.2650 -0.8714 -0.4128
vn -0.2843 -0.0973 -0.9538
vn 0.3468 0.8762 -0.3346
vn 0.9858 0.1033 -0.1327
vn 0.9581 0.2693 0.0973
vn 0.3920 0.7798 -0.4881
vn 0.4529 -0.7126 0.5358
vn 0.3971 -0.7743 -0.4928
vn 0.1802 -0.9166 -0.3570
vn 0.6168 -0.6565 0.4343
vn 0.0926 0.9955 -0.0225
vn 0.8586 0.4495 0.2465
vn 0.7630 0.4142 0.4963
vn 0.0523 0.9873 0.1503
vn 0.0039 -0.1303 0.9915
vn -0.7881 0.1596 0.5945
vn -0.6955 0.4530 0.5577
vn 0.0455 0.0703 0.9965
vn -0.0919 0.9263 0.3655
vn -0.8294 0.3359 0.4465
vn -0.9136 0.3674 0.1743
vn -0.1572 0.9691 0.1901
vn -0.6809 0.3567 0.6397
vn -0.3373 -0.6035 0.7225
vn -0.6027 -0.5762 0.5521
vn -0.5384 0.3193 0.7799
vn -0.4518 0.8784 -0.1558
vn 0.2606 0.5343 -0.8041
vn 0.3776 0.7074 -0.5975
vn -0.5239 0.7912 -0.3154
vn 0.4318 -0.4116 -0.8026
vn 0.7557 -0.6524 0.0571
vn 0.9088 -0.4046 0.1017
vn 0.5696 -0.2608 -0.7795
vn -0.3984 0.9106 -0.1100
vn 0.1050 0.4634 -0.8799
vn 0.2827 0.6340 -0.7198
vn -0.5140 0.8231 -0.2415
vn -0.8914 -0.4238 -0.1605
vn -0.4509 -0.5887 0.6709
vn -0.2625 -0.7852 0.5609
vn -0.7861 -0.5790 -0.2163
vn -0.0090 0.1042 -0.9945
vn 0.8650 -0.0797 -0.4955
vn 0.8205 0.2082 -0.5324
vn 0.0461 -0.0833 -0.9955
vn -0.3958 -0.2557 0.8820
vn -0.0742 -0.9721 0.2226
vn -0.3515 -0.9176 0.1856
vn -0.2195 -0.3215 0.9211
vn -0.4778 0.6551 -0.5853
vn 0.4193 0.4146 -0.8076
vn 0.5426 0.5851 -0.6026
vn -0.3861 0.7898 -0.4766
vn 0.1497 0.7778 0.6105
vn -0.7531 0.5216 0.4010
vn -0.7612 0.6301 0.1536
vn 0.1527 0.8691 0.4705
vn 0.3043 0.9392 0.1593
vn -0.6016 0.7982 -0.0316
vn -0.5412 0.7708 -0.3360
vn 0.3155 0.9474 -0.0533
vn -0.3794 0.8897 0.2540
vn -0.5782 0.0561 0.8140
vn -0.7871 0.1086 0.6072
vn -0.2744 0.8687 0.4125
vn -0.0619 0.9716 -0.2282
vn 0.7639 0.4244 -0.4861
vn 0.8034 0.5464 -0.2365
vn -0.0687 0.9125 -0.4033
vn -0.8077 -0.5864 -0.0616
vn -0.5277 -0.3819 0.7588
vn -0.2406 -0.6247 0.7429
vn -0.6236 -0.7812 -0.0286
vn 0.0092 0.9316 -0.3634
vn 0.6112 0.1891 -0.7686
vn 0.7405 0.2767 -0.6124
vn -0.0852 0.8732 -0.4798
vn -0.7335 -0.1712 -0.6578
vn -0.9728 -0.1920 0.1298
vn -0.7830 -0.5826 0.2178
vn -0.6361 -0.5097 -0.5793
vn 0.2638 -0.1636 -0.9506
vn 0.8039 -0.5698 -0.1709
vn 0.9077 -0.3543 -0.2247
vn 0.2084 -0.3383 -0.9177
vn -0.5009 0.5990 0.6247
vn -0.8826 -0.2969 0.3646
vn -0.9814 -0.0582 0.1827
vn -0.4654 0.4411 0.7673
vn 0.3200 0.5844 -0.7457
vn 0.8844 -0.0654 -0.4621
vn 0.9799 0.0819 -0.1820
vn 0.4358 0.7144 -0.5474
vn 0.4620 0.8710 0.1669
vn -0.4710 0.8685 0.1544
vn -0.4735 0.8655 -0.1634
vn 0.4352 0.8991 -0.0474
vn 0.9086 -0.0752 0.4109
vn 0.7807 -0.4040 -0.4768
vn 0.6483 -0.6523 -0.3927
vn 0.8514 -0.2564 0.4575
vn 0.2676 0.2598 0.9278
vn 0.7716 0.6254 0.1160
vn 0.8978 0.3815 0.2202
vn 0.2122 0.4393 0.8729
vn 0.5949 -0.0727 0.8005
vn 0.7213 -0.6926 -0.0024
vn 0.5460 -0.8130 0.2023
vn 0.7378 -0.0166 0.6748
vn -0.2215 0.7390 -0.6363
vn -0.9183 0.3190 -0.2346
vn -0.9068 0.0343 -0.4203
vn -0.2518 0.5597 -0.7895
vn 0.6674 0.2234 0.7104
vn 0.9161 -0.3957 -0.0649
vn 0.8199 -0.5475 0.1674
vn 0.7639 0.3116 0.5651
vn -0.1736 0.9067 -0.3845
vn -0.8964 0.4209 -0.1391
vn -0.8925 0.2038 -0.4025
vn -0.2076 0.7826 -0.5868
vn -0.5291 0.0335 -0.8479
vn -0.4032 -0.8472 -0.3459
vn -0.1976 -0.8073 -0.5560
vn -0.6858 -0.0216 -0.7275
vn 0.7252 0.3754 0.5772
vn 0.6845 -0.6256 0.3742
vn 0.5441 -0.5598 0.6249
vn 0.8447 0.3169 0.4314
vn -0.9927 0.0806 0.0892
vn -0.6211 -0.0366 -0.7829
vn -0.5332 0.2422 -0.8106
vn -0.9619 0.2693 0.0475
vn 0.8348 -0.0339 0.5495
vn 0.8734 -0.3305 -0.3578
vn 0.7475 -0.5904 -0.3045
vn 0.7842 -0.2204 0.5801
vn -0.0011 -0.3390 -0.9408
vn 0.6078 0.3619 -0.7068
vn 0.4107 0.5764 -0.7065
vn -0.1110 -0.1845 -0.9765
vn 0.5401 0.1918 -0.8195
vn 0.9707 0.2082 0.1202
vn 0.8888 0.4531 0.0690
vn 0.6081 0.0496 -0.7923
vn -0.0212 0.2648 -0.9641
vn -0.8506 -0.1226 -0.5113
vn -0.6929 -0.3322 -0.6399
vn -0.1464 0.4039 -0.9030
vn 0.4515 0.7085 0.5423
vn 0.8147 -0.2138 0.5390
vn 0.6446 -0.2937 0.7058
vn 0.3517 0.6557 0.6682
vn 0.0078 0.2130 -0.9770
vn -0.8649 -0.0284 -0.5011
vn -0.7448 -0.2642 -0.6127
vn -0.0907 0.3662 -0.9261
vn 0.0802 0.9942 0.0716
vn 0.7590 0.4233 0.4946
vn 0.6062 0.3740 0.7019
vn -0.0036 0.9745 0.2246
vn -0.7579 0.6241 0.1902
vn -0.7100 -0.2794 0.6464
vn -0.9197 -0.2353 0.3143
vn -0.6837 0.5799 0.4430
vn -0.0623 0.9952 -0.0748
vn -0.4566 0.4940 0.7399
vn -0.6572 0.5495 0.5159
vn 0.0401 0.9946 0.0957
vn -0.0393 -0.3899 -0.9200
vn 0.4919 -0.8228 -0.2846
vn 0.7190 -0.6266 -0.3007
vn 0.1369 -0.2596 -0.9559
vn 0.0304 -0.2873 -0.9574
vn 0.3797 0.5774 -0.7228
vn 0.1269 0.7122 -0.6904
vn -0.1292 -0.1750 -0.9761
vn 0.5500 0.3795 -0.7440
vn 0.5364 0.8396 0.0854
vn 0.2489 0.9670 0.0542
vn 0.3966 0.5048 -0.7668
vn 0.8693 0.4792 0.1215
vn 0.5782 -0.2334 0.7818
vn 0.5015 0.0734 0.8620
vn 0.9608 0.2559 0.1064
vn 0.3336 0.7074 -0.6231
vn -0.4300 0.0750 -0.8997
vn -0.1760 -0.0218 -0.9842
vn 0.1662 0.7872 -0.5938
vn 0.0414 0.2228 0.9740
vn 0.3771 -0.6269 0.6817
vn 0.1007 -0.7583 0.6441
vn -0.1061 0.1144 0.9878
vn 0.3330 0.6114 -0.7178
vn -0.5617 0.1243 -0.8180
vn -0.3454 -0.0280 -0.9380
vn 0.1985 0.7200 -0.6650
vn 0.0195 0.4305 0.9024
vn 0.5476 -0.3425 0.7634
vn 0.3098 -0.5511 0.7748
vn -0.1012 0.2843 0.9534
vn -0.7259 0.6632 -0.1823
vn -0.8859 -0.3438 -0.3115
vn -0.7996 -0.2382 -0.5513
vn -0.8072 0.5888 -0.0416
vn 0.0140 0.7003 0.7137
vn -0.7487 0.0308 0.6622
vn -0.8257 0.2510 0.5052
vn 0.0311 0.5593 0.8284
vn 0.0567 0.3691 -0.9277
vn 0.2733 -0.5606 -0.7817
vn 0.5469 -0.5027 -0.6695
vn 0.2191 0.3887 -0.8949
vn 0.3760 0.2148 -0.9014
vn 0.4568 0.8675 -0.1971
vn 0.1855 0.9610 -0.2049
vn 0.2125 0.3129 -0.9257
vn -0.5660 0.2439 0.7875
vn -0.7864 -0.5612 0.2581
vn -0.9073 -0.4145 0.0708
vn -0.6595 0.3222 0.6791
vn 0.1429 0.3733 0.9166
vn 0.9322 0.0716 0.3548
vn 0.8101 -0.1438 0.5684
vn 0.2771 0.5518 0.7866
vn -0.5185 0.5746 0.6332
vn -0.2531 -0.3873 0.8865
vn -0.5533 -0.3544 0.7538
vn -0.3699 0.5432 0.7538
vn -0.2586 0.2387 -0.9360
vn -0.7658 0.5343 -0.3580
vn -0.9453 0.2088 -0.2507
vn -0.4822 -0.0897 -0.8715
vn 0.7843 0.5883 0.1971
vn 0.8310 -0.4162 0.3692
vn 0.7460 -0.2530 0.6161
vn 0.8819 0.4689 0.0493
vn -0.0125 0.5245 -0.8513
vn -0.6846 0.6661 -0.2959
vn -0.8479 0.3986 -0.3496
vn -0.1624 0.2972 -0.9409
vn -0.7003 0.1655 -0.6944
vn -0.9302 -0.3253 0.1703
vn -0.8594 -0.5096 -0.0420
vn -0.7849 0.2842 -0.5505
vn 0.9628 -0.0975 0.2518
vn 0.2670 -0.7710 0.5782
vn 0.2991 -0.5665 0.7679
vn 0.9586 -0.2484 0.1391
vn -0.4259 0.9029 -0.0579
vn -0.6592 0.2335 -0.7147
vn -0.4269 0.2593 -0.8663
vn -0.2912 0.9376 -0.1900
vn -0.3386 0.1700 0.9254
vn -0.6779 -0.6110 0.4088
vn -0.8459 -0.4547 0.2789
vn -0.4557 0.2486 0.8547
vn -0.3118 0.6058 0.7320
vn -0.6210 -0.2397 0.7462
vn -0.8361 -0.2130 0.5056
vn -0.5184 0.6392 0.5681
vn 0.5005 0.4285 0.7523
vn 0.9363 -0.3050 0.1743
vn 0.8168 -0.4183 0.3974
vn 0.6031 0.4974 0.6235
vn -0.6706 0.5297 0.5193
vn -0.1827 -0.2491 0.9511
vn -0.4553 -0.3393 0.8232
vn -0.5176 0.5777 0.6312
vn 0.1113 -0.0726 -0.9911
vn -0.7614 -0.0420 -0.6470
vn -0.7662 -0.3303 -0.5511
vn 0.0934 -0.2639 -0.9600
vn 0.7008 0.6940 0.1647
vn 0.7599 -0.1919 0.6211
vn 0.5930 0.1445 0.7921
vn 0.9102 0.4085 0.0684
vn -0.0570 0.1812 -0.9818
vn -0.7343 0.5570 -0.3882
vn -0.8769 0.3011 -0.3746
vn -0.1476 0.0603 -0.9872
vn -0.7508 -0.1793 -0.6357
vn -0.7852 -0.5247 0.3288
vn -0.6811 -0.7215 0.1247
vn -0.8752 -0.0594 -0.4801
vn -0.2314 0.2716 0.9342
vn -0.7626 -0.4714 0.4429
vn -0.8740 -0.3497 0.3374
vn -0.1618 0.1781 0.9706
vn 0.1931 0.6778 -0.7094
vn 0.9277 -0.0878 -0.3628
vn 0.9628 0.0885 -0.2553
vn 0.1844 0.7202 -0.6688
vn -0.1525 0.3904 0.9079
vn -0.5995 -0.4137 0.6852
vn -0.8065 -0.2772 0.5223
vn -0.3195 0.4788 0.8177
vn -0.7077 0.3119 0.6340
vn -0.9239 -0.3775 0.0631
vn -0.9541 -0.2057 -0.2175
vn -0.7940 0.4167 0.4426
vn 0.2806 0.3267 0.9025
vn 0.7507 -0.4735 0.4607
vn 0.5130 -0.5140 0.6875
vn 0.5540 0.3477 0.7565
vn -0.2455 0.5393 0.8055
vn -0.0024 -0.4495 0.8933
vn -0.2872 -0.4194 0.8611
vn -0.0730 0.5161 0.8534
vn -0.0686 0.3474 -0.9352
vn -0.4655 0.8457 -0.2611
vn -0.6949 0.6879 -0.2095
vn -0.3039 0.2345 -0.9234
vn -0.2950 0.5739 0.7639
vn 0.0840 -0.3622 0.9283
vn -0.2096 -0.3747 0.9031
vn -0.1267 0.5776 0.8064
vn 0.0439 0.7159 -0.6968
vn -0.4891 0.8701 0.0611
vn -0.7172 0.6962 -0.0288
vn -0.1315 0.6254 -0.7692
vn -0.6765 0.4627 -0.5729
vn -0.9658 -0.2542 0.0514
vn -0.8984 -0.3508 -0.2641
vn -0.7746 0.5290 -0.3467
vn 0.9133 -0.1350 0.3842
vn 0.2548 -0.8879 0.3829
vn 0.2470 -0.7064 0.6633
vn 0.9265 -0.3027 0.2237
vn -0.0976 0.9570 0.2733
vn -0.5116 0.6609 -0.5491
vn -0.2981 0.6408 -0.7075
vn 0.0596 0.9910 0.1197
vn -0.6202 -0.1629 0.7673
vn -0.8676 -0.4969 -0.0156
vn -0.9469 -0.1871 -0.2614
vn -0.8085 0.0268 0.5879
vn 0.1340 0.8518 -0.5064
vn 0.3111 0.8468 0.4314
vn 0.0177 0.8561 0.5165
vn -0.0375 0.8966 -0.4413
vn 0.6620 0.6962 0.2776
vn 0.8028 -0.2895 0.5213
vn 0.6640 -0.1441 0.7338
vn 0.7845 0.5996 0.1583
vn -0.3687 0.8912 -0.2644
vn -0.9245 0.0329 -0.3797
vn -0.7841 0.0823 -0.6151
vn -0.4792 0.8678 -0.1314
vn 0.3492 -0.3629 0.8639
vn 0.9244 -0.3713 0.0871
vn 0.8018 -0.5970 -0.0267
vn 0.2944 -0.5280 0.7966
vn -0.2962 0.9239 -0.2422
vn -0.9396 0.1267 -0.3181
vn -0.8082 0.1667 -0.5648
vn -0.4047 0.9092 -0.0982
vn -0.3815 -0.0768 0.9212
vn 0.5521 -0.2404 0.7984
vn 0.5151 -0.5096 0.6892
vn -0.3935 -0.2670 0.8797
vn -0.9779 -0.1902 -0.0866
vn -0.3012 -0.6223 -0.7225
vn -0.4049 -0.3767 -0.8331
vn -0.9292 -0.3677 -0.0356
vn -0.5702 0.2004 0.7967
vn -0.4498 -0.7652 0.4606
vn -0.6690 -0.6572 0.3472
vn -0.4385 0.1140 0.8915
vn 0.2130 0.6676 -0.7134
vn 0.9218 0.0946 -0.3759
vn 0.9579 0.2475 -0.1452
vn 0.2626 0.7734 -0.5770
vn 0.3254 0.7840 -0.5287
vn 0.4290 0.8048 0.4102
vn 0.1199 0.8726 0.4734
vn 0.1576 0.8655 -0.4754
vn -0.4740 -0.4539 0.7546
vn -0.5997 -0.7895 -0.1305
vn -0.7878 -0.5785 -0.2111
vn -0.6246 -0.3395 0.7033
vn 0.3779 -0.2451 0.8928
vn 0.9915 0.0380 0.1247
vn 0.9580 -0.2537 0.1340
vn 0.4334 -0.0577 0.8993
vn -0.7863 -0.1586 0.5972
vn -0.4488 -0.8928 -0.0392
vn -0.6456 -0.7463 -0.1618
vn -0.6753 -0.2759 0.6840
vn 0.1871 0.9543 -0.2330
vn -0.6738 0.7332 0.0918
vn -0.7680 0.6187 -0.1653
vn 0.1101 0.9050 -0.4110
vn -0.7367 -0.2291 0.6363
vn -0.3211 -0.9465 0.0311
vn -0.5466 -0.8324 -0.0916
vn -0.6043 -0.3299 0.7252
vn -0.0613 0.9869 0.1490
vn -0.7361 0.4199 0.5309
vn -0.8781 0.3869 0.2814
vn -0.1758 0.9844 -0.0020
vn -0.8451 0.2572 -0.4687
vn -0.4963 -0.6987 -0.5153
vn -0.4017 -0.5288 -0.7476
vn -0.9341 0.1203 -0.3362
vn 0.1765 0.7966 -0.5782
vn 0.1073 -0.1428 -0.9839
vn 0.3734 -0.0780 -0.9244
vn -0.0026 0.7568 -0.6537
vn -0.6757 0.1559 0.7205
vn -0.8885 0.4289 -0.1631
vn -0.7186 0.6776 -0.1563
vn -0.5966 0.3404 0.7267
vn -0.4315 -0.6919 0.5788
vn -0.6782 -0.6490 -0.3448
vn -0.8536 -0.4171 -0.3122
vn -0.5737 -0.5620 0.5958
vn -0.1480 -0.9080 0.3920
vn -0.2864 -0.7831 -0.5521
vn -0.5467 -0.6559 -0.5205
vn -0.3260 -0.8570 0.3991
vn 0.5417 -0.1943 0.8178
vn 0.9661 0.2583 0.0033
vn 0.9995 -0.0301 -0.0078
vn 0.5537 -0.0025 0.8327
vn 0.9166 0.0117 0.3996
vn 0.7670 -0.3349 -0.5474
vn 0.7589 -0.5561 -0.3389
vn 0.9581 0.1457 0.2467
vn -0.3571 0.9128 -0.1984
vn -0.9448 0.2969 0.1385
vn -0.9817 0.1278 -0.1410
vn -0.4214 0.8142 -0.3992
vn 0.7696 0.1490 0.6209
vn 0.9066 -0.3204 -0.2745
vn 0.8562 -0.5143 -0.0493
vn 0.8412 0.2676 0.4699
vn -0.2278 0.9681 -0.1043
vn -0.7400 0.4664 0.4846
vn -0.9090 0.3219 0.2650
vn -0.3769 0.8901 -0.2562
vn -0.8806 0.1910 -0.4337
vn -0.5669 -0.7613 -0.3145
vn -0.4938 -0.6274 -0.6021
vn -0.9666 0.0610 -0.2490
vn 0.0081 0.5637 -0.8260
vn -0.3278 -0.4090 -0.8516
vn -0.0461 -0.3862 -0.9213
vn -0.1906 0.5418 -0.8186
vn -0.6033 0.2557 0.7554
vn -0.8835 0.4529 -0.1195
vn -0.6952 0.7011 -0.1587
vn -0.5169 0.4441 0.7318
vn -0.3857 -0.8562 0.3438
vn -0.4895 -0.6479 -0.5836
vn -0.7063 -0.4550 -0.5423
vn -0.5510 -0.7541 0.3573
vn -0.6460 -0.7633 -0.0085
vn -0.3588 -0.4174 -0.8349
vn -0.5338 -0.1689 -0.8285
vn -0.7946 -0.6060 -0.0361
vn 0.2230 -0.6676 0.7103
vn 0.9158 0.0212 0.4011
vn 0.9423 -0.2212 0.2513
vn 0.2340 -0.5170 0.8234
vn 0.3997 -0.5123 0.7602
vn 0.7245 -0.6602 -0.1981
vn 0.5063 -0.8567 -0.0991
vn 0.5969 -0.4042 0.6931
vn -0.0663 0.9910 0.1166
vn -0.8494 0.5206 -0.0870
vn -0.7847 0.4853 -0.3856
vn -0.0481 0.9950 -0.0877
vn 0.4239 -0.3291 0.8438
vn 0.9123 -0.4074 -0.0415
vn 0.7454 -0.6650 0.0463
vn 0.5864 -0.1637 0.7933
vn -0.1018 0.2517 0.9625
vn 0.1108 -0.6556 0.7470
vn -0.1530 -0.7352 0.6604
vn -0.2896 0.1728 0.9414
vn -0.2604 0.9366 -0.2343
vn -0.4929 0.1434 -0.8582
vn -0.2442 0.2905 -0.9252
vn -0.4684 0.8537 -0.2276
vn 0.3528 0.8406 -0.4110
vn -0.0030 0.0756 -0.9971
vn 0.3159 0.0609 -0.9468
vn 0.1776 0.8561 -0.4853
vn -0.8343 0.0999 0.5422
vn -0.5596 0.8269 -0.0548
vn -0.3782 0.9191 0.1104
vn -0.7304 0.1750 0.6602
vn -0.3903 -0.8605 -0.3276
vn -0.2690 -0.1495 -0.9514
vn -0.5050 0.0027 -0.8631
vn -0.5642 -0.7693 -0.2997
vn -0.6044 -0.1710 0.7781
vn -0.2559 -0.9077 0.3327
vn -0.4414 -0.8935 0.0823
vn -0.7683 -0.2040 0.6068
vn 0.0529 0.5575 0.8285
vn 0.8772 0.4096 0.2503
vn 0.8547 0.2079 0.4757
vn 0.0938 0.7102 0.6978
vn 0.1644 0.4662 0.8693
vn 0.7198 -0.3447 0.6025
vn 0.4722 -0.3944 0.7884
vn 0.3974 0.5087 0.7637
vn 0.0851 0.4888 -0.8683
vn -0.7802 0.3027 -0.5474
vn -0.7737 0.0168 -0.6334
vn 0.0762 0.3078 -0.9484
vn 0.0529 0.6154 0.7864
vn 0.5540 -0.2834 0.7828
vn 0.2903 -0.2887 0.9123
vn 0.2728 0.6239 0.7324
vn 0.0610 0.6876 -0.7235
vn -0.7500 0.2628 -0.6069
vn -0.6652 -0.0082 -0.7466
vn 0.0984 0.5229 -0.8467
vn 0.8669 -0.0663 -0.4940
vn 0.3791 -0.9068 -0.1844
vn 0.5811 -0.8136 0.0204
vn 0.7573 -0.1559 -0.6341
vn 0.4127 0.6539 0.6342
vn 0.6696 -0.3418 0.6594
vn 0.4527 -0.2650 0.8514
vn 0.5980 0.5969 0.5350
vn -0.9451 0.3170 -0.0800
vn -0.4902 -0.1084 -0.8648
vn -0.3746 0.0919 -0.9226
vn -0.8853 0.4508 -0.1145
vn 0.7201 0.4979 0.4832
vn 0.9455 -0.3250 0.0197
vn 0.8448 -0.4879 0.2196
vn 0.6821 0.3865 0.6208
vn 0.4212 0.3346 -0.8430
vn 0.9504 0.3107 -0.0129
vn 0.8403 0.5365 0.0776
vn 0.3740 0.4849 -0.7906
vn 0.9497 -0.3125 -0.0207
vn 0.2784 -0.8470 0.4528
vn 0.4137 -0.6035 0.6817
vn 0.8688 -0.4805 -0.1195
vn 0.5133 0.8244 -0.2385
vn -0.4796 0.7471 -0.4602
vn -0.3244 0.6536 -0.6838
vn 0.4086 0.9066 -0.1051
vn -0.9443 0.2702 -0.1881
vn -0.7988 -0.5490 -0.2460
vn -0.5878 -0.4953 -0.6397
vn -0.8332 0.2778 -0.4781
vn 0.5575 0.7826 -0.2772
vn -0.4342 0.7451 -0.5063
vn -0.2835 0.6271 -0.7255
vn 0.4519 0.8790 -0.1524
vn 0.2058 0.3503 0.9137
vn 0.3456 -0.5842 0.7344
vn 0.0584 -0.6577 0.7510
vn 0.0336 0.2795 0.9596
vn -0.3406 0.9358 -0.0915
vn -0.7109 0.1699 -0.6824
vn -0.4801 0.3293 -0.8130
vn -0.5253 0.8496 -0.0479
vn 0.2468 0.6220 0.7431
vn -0.7253 0.4865 0.4871
vn -0.5928 0.7241 0.3526
vn 0.1549 0.4766 0.8654
vn 0.5199 0.1037 -0.8479
vn 0.2789 -0.7646 -0.5810
vn 0.4907 -0.7906 -0.3662
vn 0.6800 0.0614 -0.7306
vn 0.2302 -0.1704 -0.9581
vn 0.9087 -0.2905 -0.2998
vn 0.9643 -0.0053 -0.2647
vn 0.2950 0.0183 -0.9553
vn 0.7225 -0.5742 -0.3851
vn 0.9196 -0.1046 0.3788
vn 0.9529 0.1912 0.2354
vn 0.7971 -0.3661 -0.4801
vn 0.8454 -0.3234 0.4252
vn -0.0370 -0.3008 0.9530
vn 0.1004 -0.0688 0.9926
vn 0.7689 -0.4837 0.4181
vn 0.7172 -0.2687 -0.6430
vn -0.2504 -0.1866 -0.9500
vn -0.1906 -0.4603 -0.8671
vn 0.6765 -0.0995 -0.7297
vn 0.1641 0.6451 0.7463
vn 0.0248 -0.2778 0.9603
vn -0.2527 -0.2808 0.9259
vn -0.0454 0.6472 0.7610
vn 0.7686 -0.2560 -0.5862
vn -0.1385 0.0049 -0.9903
vn -0.1200 -0.2735 -0.9543
vn 0.7653 -0.0800 -0.6387
vn 0.5011 0.7054 0.5013
vn 0.0500 0.0115 0.9987
vn -0.1941 0.1134 0.9744
vn 0.3291 0.7981 0.5047
vn 0.1607 0.6371 -0.7539
vn -0.7228 0.1544 -0.6736
vn -0.5250 0.0138 -0.8510
vn 0.0087 0.7600 -0.6498
vn 0.5556 0.8254 0.0997
vn -0.4643 0.8814 0.0866
vn -0.3541 0.9181 -0.1780
vn 0.4852 0.8293 0.2771
vn 0.3491 -0.6529 -0.6723
vn -0.1274 -0.9890 0.0758
vn 0.0901 -0.9586 0.2702
vn 0.5079 -0.6768 -0.5329
vn 0.1957 -0.6734 -0.7129
vn 0.9275 -0.2802 -0.2476
vn 0.9166 -0.0279 -0.3989
vn 0.2141 -0.5168 -0.8289
vn 0.6262 -0.2989 -0.7201
vn 0.8567 0.4668 -0.2193
vn 0.6617 0.6551 -0.3646
vn 0.5302 -0.1578 -0.8330
vn 0.8706 0.0042 0.4920
vn 0.0009 -0.1258 0.9921
vn 0.0608 0.1567 0.9858
vn 0.8345 -0.1793 0.5210
vn 0.9870 0.1419 0.0756
vn 0.3278 0.8727 0.3617
vn 0.4031 0.9108 0.0896
vn 0.9569 0.1378 0.2555
vn -0.4233 0.4692 0.7750
vn -0.8567 0.5131 -0.0517
vn -0.6567 0.7280 -0.1971
vn -0.3405 0.6446 0.6845
vn 0.9839 0.0804 0.1594
vn 0.3344 0.6440 0.6881
vn 0.4304 0.7937 0.4299
vn 0.9367 0.0063 0.3501
vn -0.7267 0.5687 0.3853
vn -0.5971 0.5646 -0.5698
vn -0.3681 0.7395 -0.5636
vn -0.5983 0.7069 0.3773
vn -0.8289 -0.2333 -0.5085
vn -0.3687 0.6871 -0.6260
vn -0.5383 0.7147 -0.4467
vn -0.7298 -0.2509 -0.6360
vn 0.3190 0.7130 -0.6244
vn -0.6515 0.6744 -0.3476
vn -0.6117 0.5233 -0.5933
vn 0.2923 0.8298 -0.4754
vn 0.2556 -0.9533 -0.1606
vn 0.1072 -0.6510 0.7515
vn 0.3618 -0.5209 0.7732
vn 0.4126 -0.9022 -0.1259
vn 0.3243 -0.1640 -0.9316
vn 0.7200 0.5452 -0.4294
vn 0.4965 0.7340 -0.4634
vn 0.2023 -0.0198 -0.9791
vn -0.0936 -0.7337 -0.6730
vn 0.4139 0.0504 -0.9089
vn 0.1958 0.2131 -0.9572
vn -0.2403 -0.6200 -0.7469
vn 0.6959 -0.3815 -0.6085
vn 0.9499 0.0026 0.3126
vn 0.9715 0.2007 0.1263
vn 0.7084 -0.5077 -0.4904
vn -0.2105 -0.2960 -0.9317
vn -0.9587 0.0426 -0.2813
vn -0.9532 -0.1913 -0.2342
vn -0.2329 -0.1620 -0.9589
vn 0.4638 0.8832 -0.0694
vn 0.8399 0.1838 0.5107
vn 0.6715 0.2321 0.7038
vn 0.3705 0.9262 0.0699
vn -0.0180 -0.2336 -0.9722
vn -0.8165 0.2539 -0.5185
vn -0.8722 0.0155 -0.4889
vn -0.0081 -0.0824 -0.9966
vn -0.0637 0.7726 -0.6317
vn -0.0723 0.9497 0.3048
vn -0.3388 0.8653 0.3695
vn -0.2802 0.7631 -0.5823
vn -0.6744 0.7215 0.1569
vn -0.2807 0.1796 0.9428
vn -0.5150 0.0646 0.8547
vn -0.5365 0.8097 0.2380
vn 0.2106 0.9377 -0.2764
vn -0.2918 0.7491 0.5947
vn -0.4754 0.8013 0.3632
vn 0.3150 0.9417 -0.1183
vn -0.8492 0.3087 0.4284
vn -0.2024 -0.0908 0.9751
vn -0.2686 -0.3786 0.8858
vn -0.9080 0.0991 0.4071
vn -0.0470 -0.8388 -0.5425
vn 0.5427 -0.1192 -0.8314
vn 0.3477 0.0256 -0.9372
vn -0.1726 -0.7421 -0.6477
vn 0.0550 0.9095 0.4120
vn -0.7586 0.4119 0.5048
vn -0.8476 0.4746 0.2371
vn -0.0199 0.9689 0.2466
vn 0.9122 0.1411 0.3846
vn 0.5916 -0.7872 0.1742
vn 0.5407 -0.6839 0.4899
vn 0.9849 0.0283 0.1707
vn -0.2072 0.9593 0.1920
vn -0.3864 0.2212 0.8954
vn -0.6250 0.2869 0.7260
vn -0.0772 0.9384 0.3368
vn 0.1051 -0.2156 -0.9708
vn -0.1619 0.6647 -0.7294
vn -0.4337 0.6118 -0.6615
vn -0.1131 -0.2414 -0.9638
vn -0.1446 0.9639 0.2237
vn -0.1000 0.2400 0.9656
vn -0.3645 0.2952 0.8832
vn 0.0284 0.9484 0.3158
vn 0.2589 -0.0741 -0.9631
vn 0.0303 0.7908 -0.6114
vn -0.2520 0.7525 -0.6084
vn 0.0634 -0.0782 -0.9949
vn -0.3473 0.0962 -0.9328
vn -0.9833 0.1135 -0.1426
vn -0.9471 -0.1708 -0.2716
vn -0.4102 0.2935 -0.8635
vn 0.0671 0.7888 0.6110
vn -0.8366 0.3501 0.4213
vn -0.7971 0.5561 0.2355
vn 0.0215 0.6713 0.7409
vn 0.6034 0.0198 -0.7972
vn 0.1933 -0.8214 -0.5366
vn 0.3725 -0.8687 -0.3265
vn 0.7271 -0.0303 -0.6859
vn -0.0301 0.8299 0.5571
vn -0.8387 0.3861 0.3841
vn -0.8640 0.4933 0.1010
vn -0.0650 0.9236 0.3778
vn 0.5754 0.3782 -0.7252
vn 0.7755 0.6140 0.1472
vn 0.5171 0.8334 0.1952
vn 0.4566 0.5595 -0.6917
vn 0.9260 0.0353 0.3760
vn 0.3057 -0.7033 0.6417
vn 0.2899 -0.4563 0.8413
vn 0.9495 -0.1626 0.2684
vn 0.3903 0.8798 -0.2714
vn -0.3122 0.4083 -0.8578
vn -0.0405 0.3368 -0.9407
vn 0.2162 0.9444 -0.2476
vn -0.7189 -0.1231 -0.6841
vn -0.1617 -0.8772 -0.4520
vn 0.0575 -0.7899 -0.6105
vn -0.5849 -0.0846 -0.8067
vn 0.5055 0.8626 -0.0207
vn -0.2273 0.6628 -0.7135
vn 0.0423 0.5801 -0.8134
vn 0.3377 0.9411 0.0164
vn -0.0254 0.6943 0.7193
vn 0.3021 -0.1829 0.9356
vn 0.0465 -0.3178 0.9470
vn -0.1906 0.6024 0.7751
vn -0.3567 0.9042 -0.2349
vn -0.6062 0.0650 -0.7927
vn -0.3779 0.2372 -0.8949
vn -0.5672 0.7984 -0.2020
vn -0.1666 0.7993 0.5774
vn -0.8446 0.5196 -0.1289
vn -0.6428 0.7331 -0.2223
vn -0.3418 0.6748 0.6540
vn 0.9285 0.1044 -0.3563
vn 0.5646 -0.7430 -0.3593
vn 0.6043 -0.7957 -0.0409
vn 0.9896 0.0320 -0.1402
vn 0.9115 0.2474 -0.3285
vn 0.8275 0.1347 0.5451
vn 0.6384 0.4669 0.6119
vn 0.8354 0.4915 -0.2460
vn 0.3783 0.7586 0.5304
vn 0.4008 -0.0623 0.9140
vn 0.0227 -0.0678 0.9974
vn 0.1661 0.7450 0.6461
vn 0.2513 0.5531 -0.7943
vn -0.1491 -0.3842 -0.9111
vn 0.1270 -0.4061 -0.9050
vn 0.0678 0.5586 -0.8266
vn 0.1304 0.9169 0.3773
vn -0.6190 0.7220 -0.3093
vn -0.3917 0.8190 -0.4193
vn -0.0526 0.8818 0.4687
vn -0.8152 -0.0148 -0.5790
vn 0.0468 -0.3037 -0.9516
vn 0.1328 -0.0680 -0.9888
vn -0.7671 0.1491 -0.6240
vn 0.3483 0.8019 0.4855
vn -0.4605 0.8753 -0.1475
vn -0.2124 0.9379 -0.2743
vn 0.1674 0.7960 0.5817
vn -0.8109 -0.2797 -0.5140
vn 0.0689 -0.7606 -0.6456
vn 0.1545 -0.6083 -0.7785
vn -0.7819 -0.1735 -0.5988
vn -0.9803 0.1455 0.1333
vn -0.5897 -0.0002 -0.8076
vn -0.6007 0.2645 -0.7545
vn -0.9960 -0.0275 0.0847
vn 0.7144 0.0802 0.6951
vn 0.3213 -0.8260 0.4632
vn 0.1807 -0.7028 0.6881
vn 0.8250 -0.0302 0.5643
vn -0.5530 0.7901 0.2644
vn -0.5889 0.4415 -0.6770
vn -0.4139 0.5447 -0.7294
vn -0.3995 0.8914 0.2139
vn 0.3718 0.9276 0.0363
vn 0.6405 0.4116 0.6483
vn 0.2288 0.3585 0.9051
vn 0.1773 0.9402 0.2908
vn 0.2685 0.9627 0.0322
vn 0.1501 0.4592 0.8756
vn -0.1010 0.4848 0.8688
vn 0.1044 0.9940 0.0330
vn 0.2965 0.5793 0.7592
vn 0.4893 -0.4242 0.7620
vn 0.2102 -0.2404 0.9476
vn 0.6322 0.3834 0.6733
vn -0.1849 0.9711 0.1506
vn -0.3932 0.5066 -0.7673
vn -0.1466 0.6487 -0.7468
vn -0.3977 0.9116 0.1040
vn -0.5029 -0.2397 -0.8304
vn 0.3744 -0.6397 -0.6713
vn 0.5093 -0.4282 -0.7465
vn -0.4164 -0.1033 -0.9033
vn -0.0735 0.9841 0.1617
vn -0.4664 0.5467 -0.6954
vn -0.1886 0.6580 -0.7290
vn -0.2732 0.9494 0.1551
vn -0.5292 -0.0644 0.8460
vn 0.4083 -0.2418 0.8802
vn 0.3907 -0.5055 0.7693
vn -0.5401 -0.2467 0.8046
vn -0.7853 -0.1021 -0.6106
vn 0.1442 -0.3679 -0.9186
vn 0.0815 -0.0931 -0.9923
vn -0.7453 -0.3025 -0.5941
vn 0.5923 0.3763 0.7125
vn 0.2823 -0.5285 0.8006
vn 0.0693 -0.2517 0.9653
vn 0.7629 0.1201 0.6352
vn -0.5439 0.8284 -0.1341
vn -0.4672 0.1872 -0.8641
vn -0.2212 0.2597 -0.9400
vn -0.3904 0.8960 -0.2116
vn 0.4254 0.8998 -0.0974
vn 0.2738 0.5358 0.7987
vn 0.0086 0.6019 0.7985
vn 0.2666 0.9602 -0.0830
vn 0.8217 -0.5277 0.2153
vn -0.0215 -0.9829 0.1829
vn -0.0951 -0.8878 0.4503
vn 0.7749 -0.4906 0.3986
vn 0.7039 0.3377 -0.6249
vn -0.2852 0.4330 -0.8551
vn -0.1798 0.1853 -0.9661
vn 0.6348 0.5106 -0.5799
vn 0.3326 0.6530 -0.6804
vn -0.2115 -0.1808 -0.9605
vn 0.0670 -0.2185 -0.9735
vn 0.1414 0.6917 -0.7082
vn -0.3592 0.6039 0.7115
vn 0.3272 0.0073 0.9449
vn 0.1341 -0.2604 0.9561
vn -0.4567 0.4516 0.7665
vn 0.3807 0.6635 -0.6440
vn -0.2405 -0.0986 -0.9656
vn 0.0218 -0.1566 -0.9874
vn 0.1941 0.7269 -0.6587
vn -0.1107 0.9088 0.4023
vn 0.3620 0.2654 0.8936
vn 0.1091 0.0766 0.9911
vn -0.2556 0.8099 0.5280
vn -0.6259 0.5410 -0.5618
vn -0.8398 -0.4380 -0.3208
vn -0.7067 -0.4313 -0.5608
vn -0.7312 0.5333 -0.4253
vn 0.3548 0.3546 -0.8651
vn -0.2719 -0.4579 -0.8464
vn 0.0128 -0.5207 -0.8537
vn 0.1481 0.4053 -0.9021
vn 0.6236 0.2277 0.7478
vn -0.2695 -0.0451 0.9619
vn -0.3869 0.2019 0.8997
vn 0.5556 0.3993 0.7293
vn 0.8753 -0.4530 0.1692
vn 0.0756 -0.9768 0.2006
vn 0.0068 -0.8817 0.4718
vn 0.8357 -0.4176 0.3568
vn -0.7179 -0.0548 0.6940
vn -0.8048 0.5935 -0.0021
vn -0.6126 0.7819 0.1154
vn -0.6189 0.0901 0.7803
vn -0.9811 0.0857 -0.1736
vn -0.3405 -0.1981 -0.9191
vn -0.3836 0.0924 -0.9189
vn -0.9732 -0.1075 -0.2035
vn -0.4927 0.4226 0.7607
vn 0.4422 0.0304 0.8964
vn 0.2329 -0.1662 0.9582
vn -0.3486 0.5548 0.7554
vn 0.2415 0.4509 -0.8593
vn -0.1688 -0.4110 -0.8959
vn 0.0758 -0.5577 -0.8266
vn 0.4044 0.3435 -0.8476
vn -0.5137 0.4651 0.7210
vn 0.4303 0.1119 0.8957
vn 0.2259 -0.0853 0.9704
vn -0.3733 0.6008 0.7069
vn 0.0458 0.9738 -0.2227
vn -0.1602 0.3555 -0.9208
vn 0.1171 0.2655 -0.9570
vn 0.2292 0.9331 -0.2772
vn 0.6896 0.2878 0.6646
vn 0.7681 -0.6127 0.1861
vn 0.6285 -0.6393 0.4430
vn 0.8099 0.2893 0.5103
vn -0.0199 0.9970 -0.0742
vn 0.8643 0.4861 -0.1290
vn 0.8068 0.5726 0.1459
vn 0.0435 0.9655 -0.2567
vn -0.6489 -0.4602 0.6059
vn -0.5702 -0.7666 -0.2952
vn -0.7292 -0.5478 -0.4101
vn -0.7803 -0.3399 0.5250
vn -0.7735 -0.3120 0.5517
vn -0.9124 0.4040 -0.0650
vn -0.7871 0.6079 0.1050
vn -0.7235 -0.1648 0.6704
vn -0.8426 0.3830 0.3785
vn -0.5266 0.7154 -0.4592
vn -0.3174 0.8846 -0.3416
vn -0.7250 0.5232 0.4480
vn -0.7168 0.4169 -0.5590
vn -0.0050 -0.1830 -0.9831
vn 0.0732 0.1000 -0.9923
vn -0.7745 0.2321 -0.5884
vn -0.5212 0.7891 0.3249
vn 0.2325 0.3885 0.8916
vn -0.0215 0.2763 0.9608
vn -0.3516 0.8849 0.3056
vn 0.3245 0.2681 -0.9071
vn -0.1690 -0.5565 -0.8135
vn 0.0617 -0.7056 -0.7059
vn 0.4550 0.1730 -0.8735
vn -0.6426 0.6566 0.3948
vn 0.2089 0.3908 0.8965
vn -0.0174 0.2241 0.9744
vn -0.4960 0.7835 0.3743
vn 0.5260 0.6207 -0.5815
vn 0.2657 -0.2325 -0.9356
vn 0.4728 -0.3804 -0.7949
vn 0.6754 0.5221 -0.5209
vn 0.4414 0.6973 0.5647
vn 0.5965 -0.2978 0.7453
vn 0.3753 -0.1902 0.9072
vn 0.6097 0.6247 0.4879
vn 0.5262 0.7441 -0.4115
vn 0.9845 -0.1240 -0.1242
vn 0.9930 0.0776 0.0890
vn 0.5556 0.6171 -0.5572
vn -0.7821 0.4155 0.4644
vn -0.9226 -0.3838 -0.0391
vn -0.9207 -0.2495 -0.3002
vn -0.8164 0.4989 0.2908
vn -0.9196 -0.2025 0.3367
vn -0.8280 0.2116 -0.5193
vn -0.7748 0.4796 -0.4119
vn -0.9176 -0.0164 0.3971
vn 0.9461 0.2668 -0.1835
vn 0.8345 -0.4181 0.3588
vn 0.7305 -0.2164 0.6478
vn 0.9109 0.4067 0.0697
vn 0.0505 0.4388 -0.8971
vn -0.5739 -0.3584 -0.7363
vn -0.3288 -0.4570 -0.8265
vn -0.1153 0.4939 -0.8618
vn 0.9338 0.3572 -0.0195
vn 0.7791 -0.6191 -0.0987
vn 0.8339 -0.4964 0.2414
vn 0.9394 0.2394 -0.2454
vn -0.6642 0.4389 0.6051
vn 0.3145 0.5213 0.7933
vn 0.3074 0.2931 0.9053
vn -0.6445 0.3010 0.7028
vn 0.9098 0.2679 -0.3169
vn 0.5167 -0.6036 -0.6072
vn 0.7067 -0.6318 -0.3183
vn 0.8132 0.2499 -0.5256
vn -0.7277 0.6016 0.3294
vn 0.2237 0.8294 0.5120
vn 0.2204 0.6632 0.7152
vn -0.7101 0.5196 0.4752
vn -0.2202 0.3109 0.9246
vn 0.6043 -0.2979 0.7390
vn 0.3560 -0.4241 0.8327
vn 0.0087 0.4158 0.9094
vn -0.4135 -0.0163 -0.9104
vn 0.1523 -0.8112 -0.5646
vn 0.2756 -0.5746 -0.7706
vn -0.5213 -0.2856 -0.8042
vn 0.2046 0.9156 0.3460
vn -0.0846 0.2495 0.9647
vn -0.3812 0.2762 0.8823
vn 0.0116 0.9447 0.3276
vn 0.9487 0.0110 -0.3159
vn 0.7136 -0.6615 0.2308
vn 0.7023 -0.4823 0.5236
vn 0.9906 0.1242 -0.0571
vn 0.9365 0.1804 0.3006
vn 0.6141 -0.7508 0.2433
vn 0.4827 -0.7428 0.4640
vn 0.8770 0.1888 0.4419
vn 0.0668 0.7076 -0.7035
vn -0.5160 -0.1142 -0.8489
vn -0.2496 -0.1550 -0.9559
vn -0.1196 0.7493 -0.6513
vn 0.4952 0.6633 0.5611
vn 0.9671 -0.1563 0.2006
vn 0.8339 -0.1656 0.5264
vn 0.6600 0.6714 0.3370
vn -0.8117 0.2758 0.5148
vn 0.0548 0.5038 0.8621
vn 0.0937 0.2406 0.9661
vn -0.7773 0.1105 0.6194
vn 0.0118 0.4808 -0.8767
vn 0.2422 -0.5289 -0.8134
vn 0.4545 -0.3642 -0.8129
vn -0.1578 0.3384 -0.9277
vn -0.6150 0.6103 0.4993
vn 0.3574 0.5708 0.7392
vn 0.3147 0.3678 0.8750
vn -0.6251 0.4839 0.6125
vn -0.1693 0.2420 0.9554
vn 0.6270 -0.3640 0.6888
vn 0.3750 -0.4854 0.7898
vn 0.0912 0.3523 0.9314
vn -0.2012 0.1695 -0.9648
vn 0.2758 -0.7017 -0.6569
vn 0.4289 -0.4729 -0.7697
vn -0.3407 -0.0903 -0.9358
vn 0.0975 0.7048 0.7026
vn -0.1583 -0.1846 0.9700
vn -0.4420 -0.1432 0.8855
vn -0.0887 0.7276 0.6803
vn 0.9189 0.2958 -0.2611
vn 0.8275 -0.4272 0.3644
vn 0.7676 -0.2543 0.5884
vn 0.9098 0.4014 -0.1057
vn 0.9339 0.2954 -0.2014
vn 0.8105 -0.4430 0.3832
vn 0.7348 -0.2785 0.6184
vn 0.9172 0.3976 -0.0255
vn 0.2239 0.2721 -0.9358
vn -0.5429 -0.3909 -0.7433
vn -0.3272 -0.5463 -0.7711
vn 0.0834 0.3408 -0.9364
vn 0.7161 0.6835 0.1418
vn 0.9201 -0.3152 0.2327
vn 0.8490 -0.1989 0.4895
vn 0.7954 0.6058 -0.0160
vn -0.7525 0.2843 0.5941
vn 0.0343 0.8278 0.5600
vn 0.1917 0.6534 0.7323
vn -0.6526 0.1930 0.7327
vn 0.6118 0.7848 0.0988
vn 0.9825 -0.1680 0.0809
vn 0.9314 -0.0779 0.3556
vn 0.6804 0.7289 -0.0756
vn -0.7315 0.6122 0.3003
vn 0.1482 0.9692 0.1966
vn 0.2502 0.8580 0.4486
vn -0.6650 0.5722 0.4800
vn -0.1680 0.5016 0.8486
vn 0.6063 -0.1571 0.7795
vn 0.3483 -0.2675 0.8984
vn 0.0571 0.5945 0.8020
vn -0.3285 -0.4946 -0.8047
vn 0.4244 -0.8707 -0.2484
vn 0.5167 -0.6969 -0.4974
vn -0.3753 -0.6768 -0.6333
vn 0.1281 0.9684 0.2141
vn -0.1214 0.4078 0.9050
vn -0.4764 0.3982 0.7839
vn -0.0821 0.9759 0.2022
vn 0.5392 0.4045 -0.7387
vn 0.9822 -0.1369 -0.1285
vn 0.9917 0.0719 0.1068
vn 0.5906 0.5641 -0.5771
vn -0.6714 0.7379 -0.0683
vn 0.0531 0.7080 -0.7043
vn 0.2370 0.8210 -0.5194
vn -0.5539 0.8315 0.0417
vn -0.2524 0.6880 -0.6804
vn -0.1190 -0.3019 -0.9459
vn 0.1205 -0.1411 -0.9826
vn -0.4136 0.5803 -0.7016
vn 0.0507 0.8746 0.4822
vn -0.1334 -0.0055 0.9911
vn -0.3653 0.1265 0.9223
vn 0.2124 0.7905 0.5745
vn 0.6929 -0.0398 -0.7199
vn -0.1765 -0.3403 -0.9236
vn -0.1316 -0.6068 -0.7839
vn 0.7128 -0.2447 -0.6573
vn 0.0696 0.9467 0.3145
vn -0.0553 0.1699 0.9839
vn -0.3116 0.2984 0.9022
vn 0.2269 0.8836 0.4096
vn 0.8050 0.2131 -0.5537
vn 0.0575 -0.1240 -0.9906
vn 0.1065 -0.4232 -0.8997
vn 0.8443 -0.0137 -0.5357
vn 0.6121 0.0993 0.7845
vn -0.1541 -0.5554 0.8172
vn -0.2372 -0.2922 0.9265
vn 0.6588 -0.0990 0.7458
vn 0.8945 0.4248 -0.1389
vn 0.8289 -0.5350 0.1635
vn 0.8573 -0.3121 0.4094
vn 0.9203 0.2523 -0.2989
vn -0.6664 0.7267 0.1670
vn -0.9714 -0.0085 -0.2375
vn -0.8170 0.0502 -0.5745
vn -0.6274 0.7743 -0.0824
vn -0.6350 0.7712 0.0449
vn 0.1333 0.8368 -0.5310
vn 0.3073 0.8992 -0.3116
vn -0.5211 0.8342 0.1802
vn 0.7571 -0.5167 0.3998
vn -0.0685 -0.4922 0.8678
vn -0.0206 -0.2185 0.9756
vn 0.7901 -0.3460 0.5061
vn 0.3296 -0.6574 -0.6777
vn -0.5723 -0.1975 -0.7959
vn -0.6101 -0.4433 -0.6567
vn 0.3363 -0.5076 -0.7932
vn 0.7945 0.0825 0.6016
vn 0.1592 -0.6930 0.7031
vn 0.0904 -0.4457 0.8906
vn 0.8519 -0.1251 0.5085
vn -0.2417 0.9693 -0.0449
vn 0.5350 0.7165 0.4475
vn 0.3894 0.6202 0.6810
vn -0.3232 0.9380 0.1256
vn 0.7187 -0.1811 0.6713
vn -0.0359 -0.8501 0.5254
vn -0.0991 -0.6615 0.7434
vn 0.7633 -0.3361 0.5518
vn -0.1809 0.9725 -0.1470
vn 0.4276 0.7185 0.5485
vn 0.2277 0.6360 0.7374
vn -0.3054 0.9522 0.0045
vn -0.1750 0.6919 0.7005
vn 0.1740 -0.2504 0.9524
vn -0.1297 -0.2308 0.9643
vn 0.0018 0.6759 0.7370
vn -0.5255 0.8440 -0.1075
vn -0.8158 0.1372 0.5619
vn -0.9536 0.1081 0.2811
vn -0.4715 0.8769 0.0936
vn 0.8565 0.4250 0.2930
vn 0.0489 0.7573 0.6513
vn -0.0143 0.9179 0.3965
vn 0.8133 0.5640 0.1430
vn 0.6634 -0.5600 0.4963
vn -0.2194 -0.4754 0.8520
vn -0.1728 -0.2086 0.9626
vn 0.6938 -0.3981 0.6001
vn 0.6171 -0.7571 -0.2146
vn -0.1668 -0.9496 0.2653
vn -0.0569 -0.8469 0.5287
vn 0.6895 -0.7243 -0.0073
vn 0.5131 -0.0967 -0.8529
vn -0.4198 0.3119 -0.8523
vn -0.4332 0.0271 -0.9009
vn 0.5162 0.0937 -0.8513
vn 0.2152 -0.0381 -0.9758
vn -0.5312 -0.6155 -0.5821
vn -0.2797 -0.7493 -0.6002
vn 0.0168 0.0548 -0.9984
vn 0.0104 0.9831 0.1825
vn 0.6284 0.4403 0.6413
vn 0.4276 0.3181 0.8462
vn -0.0927 0.9339 0.3454
vn 0.1890 -0.0411 -0.9811
vn -0.6602 -0.4401 -0.6086
vn -0.4361 -0.6334 -0.6393
vn 0.0124 0.1080 -0.9941
vn 0.0576 0.8692 0.4911
vn 0.5459 0.1274 0.8281
vn 0.3082 -0.0228 0.9511
vn -0.0709 0.7870 0.6129
vn -0.8046 0.5892 -0.0735
vn -0.8953 -0.4448 -0.0250
vn -0.8794 -0.3949 -0.2657
vn -0.8249 0.5611 0.0681
vn -0.8343 0.5484 -0.0564
vn -0.8707 -0.4605 0.1724
vn -0.8933 -0.4417 -0.0827
vn -0.8382 0.5357 0.1024
vn 0.8217 0.0076 0.5698
vn -0.0121 0.2563 0.9665
vn -0.0087 0.5228 0.8524
vn 0.8293 0.1942 0.5240
vn -0.3579 0.1065 -0.9277
vn -0.9699 0.0365 -0.2408
vn -0.9374 -0.2834 -0.2025
vn -0.3710 -0.1156 -0.9214
vn 0.3877 -0.7800 0.4912
vn -0.4081 -0.3751 0.8323
vn -0.2729 -0.1494 0.9504
vn 0.4675 -0.6437 0.6059
vn 0.4856 -0.6811 -0.5479
vn -0.1799 -0.0271 -0.9833
vn -0.3040 -0.2763 -0.9117
vn 0.5636 -0.5348 -0.6295
vn 0.4629 -0.5856 -0.6655
vn -0.5377 -0.6659 -0.5172
vn -0.4012 -0.8477 -0.3469
vn 0.3738 -0.4804 -0.7934
vn 0.2061 0.9770 0.0550
vn 0.4530 0.4192 0.7868
vn 0.1658 0.3822 0.9091
vn 0.0525 0.9840 0.1701
vn 0.4730 -0.5331 -0.7015
vn -0.5372 -0.5740 -0.6181
vn -0.4206 -0.7814 -0.4610
vn 0.3948 -0.4115 -0.8214
vn 0.9450 -0.1056 -0.3094
vn 0.2845 -0.7363 -0.6139
vn 0.2880 -0.8835 -0.3694
vn 0.9610 -0.2215 -0.1653
vn 0.3313 0.7521 0.5697
vn -0.3540 0.0949 0.9304
vn -0.4859 0.3212 0.8128
vn 0.4080 0.6158 0.6740
vn -0.4770 0.8191 -0.3186
vn -0.9079 0.1936 0.3718
vn -0.9861 0.1175 0.1173
vn -0.4524 0.8789 -0.1512
vn 0.4646 0.2594 0.8467
vn -0.3429 0.7141 0.6103
vn -0.2239 0.8846 0.4090
vn 0.5385 0.3945 0.7446
vn 0.1514 -0.9601 0.2351
vn -0.4887 -0.4489 0.7482
vn -0.3016 -0.3180 0.8988
vn 0.2730 -0.8858 0.3753
vn 0.0437 0.1347 -0.9899
vn -0.3512 -0.6684 -0.6557
vn -0.0882 -0.8084 -0.5820
vn 0.1888 0.0216 -0.9818
vn 0.5891 0.7488 -0.3036
vn -0.3222 0.5995 -0.7327
vn -0.1163 0.4497 -0.8856
vn 0.4537 0.8605 -0.2315
vn 0.2584 0.5681 -0.7813
vn -0.0691 -0.4089 -0.9100
vn 0.2263 -0.3849 -0.8948
vn 0.0765 0.5436 -0.8359
vn -0.4434 0.3413 0.8288
vn 0.3835 -0.1289 0.9145
vn 0.2594 -0.3864 0.8851
vn -0.5132 0.1474 0.8455
vn 0.2687 0.6829 -0.6793
vn -0.1781 -0.2108 -0.9612
vn 0.1167 -0.2212 -0.9682
vn 0.0820 0.6893 -0.7198
vn -0.4920 0.4987 0.7136
vn 0.3959 0.1958 0.8972
vn 0.3073 -0.0751 0.9487
vn -0.5346 0.3159 0.7838
vn -0.7843 0.1519 -0.6015
vn -0.2741 -0.7152 -0.6429
vn -0.1767 -0.4915 -0.8527
vn -0.8711 -0.0453 -0.4891
vn -0.0643 0.7537 -0.6541
vn -0.0017 -0.2304 -0.9731
vn 0.2427 -0.1006 -0.9649
vn -0.2468 0.6602 -0.7094
vn 0.4845 0.2998 0.8218
vn -0.3017 -0.2593 0.9175
vn -0.4741 -0.0318 0.8799
vn 0.3662 0.4401 0.8199
vn 0.1232 0.2703 -0.9549
vn -0.5559 -0.3541 -0.7521
vn -0.3707 -0.5928 -0.7149
vn 0.2239 0.1066 -0.9688
vn -0.8764 0.2357 -0.4198
vn -0.1036 0.1649 -0.9809
vn 0.0041 0.4237 -0.9058
vn -0.8157 0.4175 -0.4004
vn -0.3742 -0.2550 -0.8916
vn 0.0558 -0.9561 -0.2875
vn 0.2425 -0.8461 -0.4746
vn -0.5130 -0.3789 -0.7702
vn -0.7458 0.6447 -0.1676
vn -0.2198 0.6523 0.7254
vn -0.4103 0.5150 0.7527
vn -0.6160 0.7636 -0.1936
vn 0.3840 0.1167 0.9159
vn -0.0474 -0.7169 0.6956
vn -0.3242 -0.5951 0.7353
vn 0.2204 0.1653 0.9613
vn -0.5085 0.6143 -0.6034
vn -0.2745 0.8901 0.3639
vn -0.5124 0.7826 0.3535
vn -0.3453 0.7222 -0.5993
vn 0.5237 0.3426 -0.7800
vn 0.4359 -0.6187 -0.6536
vn 0.6350 -0.6289 -0.4486
vn 0.6423 0.3349 -0.6894
vn 0.3169 0.8454 0.4300
vn -0.0031 0.0489 0.9988
vn -0.2237 0.2394 0.9448
vn 0.4441 0.7472 0.4945
vn 0.4110 0.6362 -0.6530
vn 0.8494 0.4667 0.2466
vn 0.6541 0.7210 0.2286
vn 0.6012 0.4753 -0.6425
vn -0.0163 0.5804 0.8142
vn 0.2749 -0.3082 0.9107
vn -0.0310 -0.4435 0.8957
vn -0.1898 0.4762 0.8586
vn -0.9898 0.0972 0.1043
vn -0.6243 0.0715 -0.7779
vn -0.5287 0.3491 -0.7737
vn -0.9538 0.2885 0.0844
vn -0.8593 -0.5067 -0.0698
vn -0.5717 0.0094 -0.8204
vn -0.6550 0.2671 -0.7069
vn -0.9414 -0.3368 -0.0184
vn -0.4846 -0.1093 -0.8679
vn 0.5380 -0.0929 -0.8378
vn 0.4273 0.1746 -0.8871
vn -0.4012 -0.2862 -0.8701
vn -0.9175 0.1029 -0.3841
vn -0.7868 -0.1842 0.5891
vn -0.8113 -0.4162 0.4105
vn -0.9347 0.2483 -0.2544
vn 0.5823 0.7465 -0.3221
vn 0.8436 -0.1518 -0.5151
vn 0.9473 -0.2057 -0.2457
vn 0.6836 0.7125 -0.1584
vn -0.9519 0.0010 -0.3063
vn -0.7197 0.1346 0.6811
vn -0.7708 -0.1480 0.6197
vn -0.9502 0.1879 -0.2487
vn 0.3466 0.8892 -0.2987
vn 0.4830 0.1326 -0.8655
vn 0.7057 0.0236 -0.7082
vn 0.5153 0.8280 -0.2211
vn -0.2047 0.4697 0.8587
vn 0.2797 -0.4309 0.8579
vn -0.0105 -0.4652 0.8851
vn -0.0104 0.4833 0.8754
vn -0.1370 0.9463 -0.2927
vn 0.4566 0.7282 0.5111
vn 0.1801 0.7846 0.5933
vn 0.0545 0.9413 -0.3333
vn -0.6229 -0.7821 -0.0198
vn 0.3024 -0.9313 -0.2029
vn 0.2902 -0.8289 -0.4782
vn -0.6279 -0.7486 -0.2127
vn -0.6566 -0.7444 -0.1213
vn -0.4033 -0.2305 -0.8856
vn -0.5740 -0.0009 -0.8188
vn -0.7908 -0.6032 -0.1041
vn -0.9416 0.2067 -0.2658
vn -0.2297 0.5704 -0.7886
vn -0.1655 0.7843 -0.5979
vn -0.9142 0.3710 -0.1630
vn -0.4611 0.2330 -0.8562
vn 0.4458 -0.2404 -0.8623
vn 0.4764 0.0513 -0.8777
vn -0.4719 0.0394 -0.8808
vn -0.7574 0.3037 0.5781
vn -0.0768 0.9741 0.2127
vn -0.0004 0.8776 0.4794
vn -0.8165 0.3987 0.4176
vn 0.9616 0.2409 0.1316
vn 0.3346 0.4783 0.8120
vn 0.2267 0.7098 0.6669
vn 0.9080 0.4147 0.0592
vn -0.6173 0.6439 0.4520
vn 0.2086 0.9767 -0.0512
vn 0.2656 0.9352 0.2340
vn -0.6539 0.7067 0.2702
vn -0.2284 -0.8861 0.4034
vn -0.5309 -0.0935 0.8423
vn -0.2703 -0.0307 0.9623
vn -0.0703 -0.8549 0.5140
vn 0.2344 -0.2725 0.9332
vn 0.1387 0.7150 0.6852
vn 0.4169 0.6245 0.6604
vn 0.0608 -0.1951 0.9789
vn -0.5339 0.8367 0.1224
vn 0.2450 0.6170 0.7479
vn -0.0103 0.5186 0.8549
vn -0.3664 0.9273 0.0770
vn -0.3452 -0.9361 -0.0681
vn 0.5316 -0.7483 -0.3968
vn 0.4386 -0.6243 -0.6465
vn -0.3954 -0.8838 -0.2500
vn -0.9648 0.1384 0.2236
vn -0.5945 0.6176 -0.5150
vn -0.4579 0.8177 -0.3489
vn -0.8997 0.2940 0.3228
vn -0.3025 -0.7347 0.6072
vn -0.9397 -0.3416 0.0139
vn -0.9792 -0.1001 0.1764
vn -0.3607 -0.5886 0.7235
vn -0.8714 -0.4890 -0.0382
vn -0.4177 -0.1606 -0.8943
vn -0.6098 0.0365 -0.7917
vn -0.7684 -0.6262 -0.1323
vn -0.4755 -0.4027 0.7822
vn 0.4515 0.0159 0.8922
vn 0.4690 -0.2725 0.8401
vn -0.4778 -0.2195 0.8506
vn -0.2968 0.7019 -0.6474
vn 0.0526 -0.1176 -0.9917
vn 0.3334 -0.0478 -0.9416
vn -0.1078 0.7524 -0.6498
vn -0.7033 -0.2612 0.6612
vn 0.1871 0.1347 0.9731
vn 0.1955 -0.1588 0.9678
vn -0.7100 -0.0697 0.7007
vn -0.6131 0.6608 0.4329
vn 0.2587 0.9505 0.1722
vn 0.3958 0.8263 0.4007
vn -0.5183 0.6121 0.5973
vn 0.2754 0.6828 0.6767
vn 0.9580 0.0296 0.2851
vn 0.8420 -0.0728 0.5346
vn 0.3823 0.7567 0.5304
vn -0.6725 0.7219 -0.1629
vn 0.3235 0.9421 -0.0889
vn 0.1879 0.9672 0.1707
vn -0.5815 0.7413 -0.3352
vn 0.7448 0.3400 0.5741
vn 0.9591 -0.2347 -0.1582
vn 0.8764 -0.4810 -0.0215
vn 0.7250 0.1692 0.6676
vn -0.3483 -0.8983 0.2679
vn -0.9631 -0.2564 -0.0820
vn -0.9808 -0.1010 0.1666
vn -0.3928 -0.8095 0.4363
vn 0.6065 0.7854 -0.1239
vn 0.8805 0.0862 0.4661
vn 0.7063 0.1704 0.6871
vn 0.5210 0.8527 0.0388
vn -0.0869 0.4671 -0.8799
vn -0.4661 -0.4733 -0.7474
vn -0.1931 -0.4818 -0.8548
vn -0.2786 0.4628 -0.8415
vn 0.0163 0.8716 0.4899
vn 0.8698 0.3198 0.3758
vn 0.7341 0.2570 0.6286
vn 0.1308 0.9304 0.3424
vn -0.7566 -0.3966 0.5198
vn -0.3444 0.3993 0.8497
vn -0.1090 0.2620 0.9589
vn -0.6149 -0.4814 0.6247
vn 0.2199 0.9205 0.3229
vn 0.9246 0.3501 -0.1504
vn 0.9377 0.3173 0.1413
vn 0.2416 0.9613 0.1328
vn -0.8811 -0.2148 0.4213
vn -0.4463 0.6005 0.6635
vn -0.2530 0.4729 0.8440
vn -0.7722 -0.2850 0.5679
vn -0.0994 0.1737 0.9798
vn 0.7737 0.3956 0.4949
vn 0.7808 0.1263 0.6118
vn -0.0814 0.3618 0.9287
vn 0.5046 0.8609 -0.0655
vn 0.9049 0.0558 0.4219
vn 0.7602 0.2323 0.6068
vn 0.6305 0.7567 -0.1729
vn -0.9994 0.0151 0.0319
vn -0.5655 -0.7671 -0.3030
vn -0.5052 -0.6514 -0.5661
vn -0.9854 0.0704 -0.1552
vn 0.5282 0.8476 0.0503
vn 0.9168 0.0468 0.3967
vn 0.7616 0.0499 0.6461
vn 0.4559 0.8593 0.2317
vn -0.8395 0.4558 -0.2957
vn -0.0837 0.4690 -0.8792
vn 0.0585 0.6793 -0.7316
vn -0.7540 0.6171 -0.2251
vn -0.4255 0.2742 -0.8624
vn 0.0485 -0.6279 -0.7768
vn 0.2299 -0.4203 -0.8778
vn -0.5458 0.1232 -0.8288
vn -0.4624 0.7494 -0.4740
vn -0.2017 0.8335 0.5145
vn -0.4731 0.7362 0.4839
vn -0.2962 0.8459 -0.4436
vn 0.3722 0.0483 0.9269
vn -0.1274 -0.7332 0.6680
vn -0.3993 -0.5806 0.7096
vn 0.2137 0.1014 0.9716
vn -0.5968 0.6926 -0.4051
vn -0.1441 0.8507 0.5055
vn -0.3921 0.7444 0.5405
vn -0.4385 0.7924 -0.4241
vn 0.6689 -0.2238 -0.7088
vn -0.0904 -0.8202 -0.5648
vn 0.0196 -0.9390 -0.3434
vn 0.7433 -0.3036 -0.5961
vn 0.5683 0.7632 0.3076
vn -0.0015 0.2201 0.9755
vn -0.1472 0.4423 0.8847
vn 0.6571 0.6564 0.3707
vn -0.3399 -0.3292 -0.8810
vn 0.4667 -0.7711 -0.4331
vn 0.5494 -0.5602 -0.6199
vn -0.3826 -0.4924 -0.7818
vn -0.0689 0.9322 0.3553
vn -0.1712 0.1909 0.9666
vn -0.4472 0.1380 0.8837
vn -0.2417 0.9109 0.3344
vn -0.9550 0.2965 0.0088
vn -0.5059 0.2296 -0.8315
vn -0.3572 0.4809 -0.8007
vn -0.8790 0.4769 0.0044
vn -0.3325 0.9167 -0.2216
vn 0.0772 0.3747 -0.9239
vn 0.3351 0.4277 -0.8395
vn -0.1820 0.9658 -0.1846
vn -0.0578 0.3235 -0.9445
vn -0.3483 -0.6310 -0.6932
vn -0.0864 -0.6200 -0.7798
vn -0.2674 0.3023 -0.9150
vn 0.4845 0.8747 -0.0107
vn 0.0775 0.5028 0.8609
vn -0.1078 0.6770 0.7280
vn 0.6006 0.7944 0.0903
vn 0.1395 -0.3724 0.9175
vn -0.7759 -0.3186 0.5444
vn -0.7923 -0.0620 0.6069
vn 0.1073 -0.2169 0.9703
vn 0.3275 0.8458 -0.4212
vn 0.4525 0.6670 0.5919
vn 0.2020 0.8434 0.4979
vn 0.5461 0.7703 -0.3292
vn 0.8918 -0.2163 -0.3974
vn 0.1009 -0.4605 -0.8819
vn 0.0436 -0.6863 -0.7260
vn 0.8739 -0.3776 -0.3062
vn 0.6341 0.0835 0.7688
vn -0.3562 -0.1584 0.9209
vn -0.3151 0.1137 0.9422
vn 0.6198 -0.0901 0.7796
vn -0.2151 0.2405 -0.9465
vn 0.0542 -0.7220 -0.6898
vn 0.2772 -0.5885 -0.7595
vn -0.3528 0.1394 -0.9252
vn 0.6214 0.6694 0.4071
vn 0.0279 0.1990 0.9796
vn -0.2180 0.3719 0.9023
vn 0.4604 0.7937 0.3974
vn -0.4571 0.8827 -0.1086
vn 0.1109 0.5625 -0.8193
vn 0.3491 0.6338 -0.6903
vn -0.2998 0.9535 -0.0315
vn -0.5256 0.7941 -0.3053
vn 0.4184 0.6775 -0.6049
vn 0.5038 0.7811 -0.3689
vn -0.4592 0.8682 -0.1880
vn 0.1929 0.3939 -0.8987
vn 0.0726 -0.6242 -0.7779
vn 0.3582 -0.5538 -0.7517
vn 0.0403 0.3362 -0.9409
vn -0.0464 0.9893 0.1386
vn -0.2953 0.3391 0.8932
vn -0.5263 0.4283 0.7346
vn 0.0984 0.9524 0.2885
vn 0.0562 -0.7539 0.6546
vn -0.3877 -0.9110 -0.1408
vn -0.6685 -0.7405 -0.0692
vn -0.1555 -0.6866 0.7102
vn 0.1877 0.9788 -0.0817
vn -0.1041 0.5663 0.8176
vn -0.3317 0.6816 0.6522
vn 0.3320 0.9413 0.0613
vn 0.9965 -0.0770 0.0327
vn 0.5838 -0.3370 -0.7386
vn 0.4622 -0.6505 -0.6027
vn 0.9458 -0.3151 0.0783
vn 0.3400 0.0952 0.9356
vn -0.1692 -0.7377 0.6535
vn -0.3569 -0.5451 0.7586
vn 0.4445 -0.0581 0.8939
vn 0.0956 0.2082 -0.9734
vn 0.4445 -0.6843 -0.5780
vn 0.6693 -0.4551 -0.5873
vn 0.0088 0.0680 -0.9976
vn 0.1162 0.7071 0.6975
vn -0.5239 0.0089 0.8517
vn -0.7191 0.1249 0.6836
vn -0.0189 0.7967 0.6041
vn -0.7159 0.6719 -0.1899
vn 0.1996 0.8653 -0.4597
vn 0.2638 0.9443 -0.1967
vn -0.6692 0.7423 -0.0341
vn 0.5049 0.4774 -0.7191
vn 0.5294 0.4829 -0.6975
vn 0.6155 0.5427 -0.5716
vn 0.5251 0.6540 -0.5445
vn 0.5769 0.3687 -0.7289
vn 0.7671 0.2343 -0.5972
vn -0.7488 -0.2933 0.5944
vn -0.7488 -0.2932 0.5945
vn -0.7306 -0.1218 0.6719
vn -0.7306 -0.1213 0.6719
vn 0.6009 0.4760 -0.6421
vn 0.5236 0.4559 -0.7197
vn 0.6204 0.3348 -0.7093
vn 0.6359 0.3433 -0.6912
vn 0.7679 0.2313 -0.5974
vn 0.7680 0.2292 -0.5980
vn 0.7682 0.2282 -0.5982
vn 0.7683 0.2276 -0.5982
vn 0.7770 0.1745 -0.6049
vn 0.7713 0.2105 -0.6007
vn 0.7672 0.2341 -0.5972
vn -0.8589 0.5035 -0.0934
vn -0.8755 0.4769 -0.0778
vn -0.8030 0.5423 -0.2474
vn -0.7343 0.6539 -0.1823
vn -0.8243 0.5399 -0.1705
vn -0.9013 0.2319 -0.3659
vn -0.9013 0.2318 -0.3661
vn 0.8894 -0.2926 0.3512
vn 0.8894 -0.2927 0.3512
vn 0.9474 -0.1223 0.2959
vn 0.9474 -0.1221 0.2959
vn 0.9474 -0.1216 0.2960
vn -0.8568 0.4756 -0.1994
vn -0.9129 0.3955 -0.1014
vn -0.9199 0.3334 -0.2065
vn -0.9021 0.2283 -0.3663
vn -0.9024 0.2267 -0.3664
vn -0.9011 0.2329 -0.3658
vn 0.3487 0.5042 0.7901
vn 0.3703 0.4775 0.7968
vn 0.3396 0.4820 0.8077
vn 0.1873 0.5426 0.8188
vn 0.2091 0.6541 0.7269
vn 0.2645 0.5403 0.7988
vn 0.3428 0.3689 0.8640
vn 0.3731 0.3576 0.8561
vn 0.3727 0.4266 0.8241
vn -0.1405 -0.2930 -0.9457
vn -0.1405 -0.2929 -0.9458
vn -0.2177 -0.1219 -0.9684
vn -0.2177 -0.1217 -0.9684
vn -0.2177 -0.1215 -0.9684
vn 0.2556 0.4763 0.8413
vn 0.3621 0.4460 0.8185
vn 0.3685 0.3969 0.8406
vn 0.3371 0.3122 0.8882
vn 0.3043 0.3312 0.8931
vn 0.2916 0.3144 0.9034
vn 0.2812 0.3312 0.9007
vn 0.1337 0.2316 0.9636
vn 0.1338 0.2308 0.9637
vn 0.1354 0.1720 0.9757
vn 0.1348 0.1980 0.9709
vn 0.1337 0.2344 0.9629
vt 0.607274 0.708264
vt 0.591308 0.713701
vt 0.603170 0.685795
vt 0.640691 0.684938
vt 0.641109 0.703200
vt 0.623841 0.704739
vt 0.498350 0.765173
vt 0.515893 0.723255
vt 0.560521 0.728494
vt 0.835817 0.208514
vt 0.840662 0.227978
vt 0.828160 0.216807
vt 0.311972 0.352263
vt 0.318466 0.341174
vt 0.313344 0.345495
vt 0.638961 0.679119
vt 0.638703 0.678252
vt 0.634641 0.674514
vt 0.622026 0.683855
vt 0.584205 0.690323
vt 0.548705 0.704542
vt 0.485457 0.744714
vt 0.463891 0.780854
vt 0.448726 0.775873
vt 0.445116 0.786426
vt 0.821667 0.196393
vt 0.814091 0.206643
vt 0.806123 0.185712
vt 0.788758 0.176793
vt 0.770278 0.171221
vt 0.751999 0.170775
vt 0.855593 0.246343
vt 0.863539 0.233499
vt 0.848520 0.221878
vt 0.981847 0.082797
vt 0.987393 0.999768
vt 0.014648 1.000000
vt 0.014382 0.078796
s 1
usemtl Leaves.001
f 1/1/1 2/2/2 3/3/3
f 4/4/4 5/5/5 6/6/6
f 7/7/7 8/8/8 9/9/9
f 12/10/10 13/11/11 14/12/12
f 15/13/13 16/14/13 17/15/13
f 10/16/14 18/17/15 11/18/16
f 19/19/17 1/1/1 3/3/3
f 3/3/3 2/2/2 20/20/18
f 19/19/17 6/6/6 1/1/1
f 20/20/18 9/9/9 21/21/19
f 20/20/18 2/2/2 9/9/9
f 4/4/4 6/6/6 19/19/17
f 21/21/19 9/9/9 8/8/8
f 8/8/8 7/7/7 22/22/20
f 22/22/20 23/23/21 24/24/22
f 24/24/22 23/23/21 25/25/23
f 23/23/21 22/22/20 7/7/7
f 12/10/10 14/12/12 27/26/24
f 27/26/24 28/27/25 29/28/26
f 29/28/26 28/27/25 30/29/27
f 30/29/27 28/27/25 31/30/28
f 31/30/28 28/27/25 32/31/29
f 28/27/25 27/26/24 14/12/12
f 26/32/30 13/11/11 33/33/31
f 33/33/31 13/11/11 34/34/32
f 34/34/32 13/11/11 12/10/10
f 35/1/33 36/2/34 37/3/35
f 38/4/36 39/5/37 40/6/38
f 41/7/39 42/8/40 43/9/41
f 46/10/42 47/11/43 48/12/44
f 49/13/45 50/14/46 51/15/47
f 44/16/48 52/17/49 45/18/50
f 53/19/51 35/1/33 37/3/35
f 37/3/35 36/2/34 54/20/52
f 53/19/51 40/6/38 35/1/33
f 54/20/52 43/9/41 55/21/53
f 54/20/52 36/2/34 43/9/41
f 38/4/36 40/6/38 53/19/51
f 55/21/53 43/9/41 42/8/40
f 42/8/40 41/7/39 56/22/54
f 56/22/54 57/23/55 58/24/56
f 58/24/56 57/23/55 59/25/57
f 57/23/55 56/22/54 41/7/39
f 46/10/42 48/12/44 61/26/58
f 61/26/58 62/27/59 63/28/60
f 63/28/60 62/27/59 64/29/61
f 64/29/61 62/27/59 65/30/62
f 65/30/62 62/27/59 66/31/63
f 62/27/59 61/26/58 48/12/44
f 60/32/64 47/11/43 67/33/65
f 67/33/65 47/11/43 68/34/66
f 68/34/66 47/11/43 46/10/42
f 71/10/67 72/11/68 73/12/69
f 74/13/70 75/14/70 76/15/70
f 69/16/71 77/17/72 70/18/73
f 71/10/67 73/12/69 79/26/74
f 79/26/74 80/27/75 81/28/76
f 81/28/76 80/27/75 82/29/77
f 82/29/77 80/27/75 83/30/78
f 83/30/78 80/27/75 84/31/79
f 80/27/75 79/26/74 73/12/69
f 78/32/80 72/11/68 85/33/81
f 85/33/81 72/11/68 86/34/82
f 86/34/82 72/11/68 71/10/67
f 87/35/83 88/36/84 89/37/85
f 89/37/85 90/38/86 87/35/83
f 91/35/87 92/37/88 93/36/89
f 92/37/88 91/35/87 94/38/90
f 95/35/91 96/37/92 97/36/93
f 96/37/92 95/35/91 98/38/94
f 99/35/95 100/36/96 101/37/97
f 101/37/97 102/38/98 99/35/95
f 103/35/99 104/36/100 105/37/101
f 105/37/101 106/38/102 103/35/99
f 107/35/103 108/36/103 109/37/103
f 109/37/103 110/38/103 107/35/103
f 111/35/104 112/37/105 113/36/106
f 112/37/105 111/35/104 114/38/107
f 115/35/108 116/36/109 117/37/110
f 117/37/110 118/38/111 115/35/108
f 119/35/112 120/36/113 121/37/114
f 121/37/114 122/38/115 119/35/112
f 123/35/116 124/36/117 125/37/118
f 125/37/118 126/38/119 123/35/116
f 127/35/120 128/36/121 129/37/122
f 129/37/122 130/38/123 127/35/120
f 131/35/124 132/37/125 133/36/126
f 132/37/125 131/35/124 134/38/127
f 135/35/128 136/37/129 137/36/130
f 136/37/129 135/35/128 138/38/131
f 139/35/132 140/36/133 141/37/134
f 141/37/134 142/38/135 139/35/132
f 143/35/136 144/37/136 145/36/137
f 144/37/136 143/35/136 146/38/138
f 147/35/139 148/36/140 149/37/141
f 149/37/141 150/38/142 147/35/139
f 151/35/143 152/37/144 153/36/145
f 152/37/144 151/35/143 154/38/146
f 155/35/147 156/37/148 157/36/149
f 156/37/148 155/35/147 158/38/150
f 159/35/151 160/37/152 161/36/153
f 160/37/152 159/35/151 162/38/154
f 163/35/155 164/36/156 165/37/157
f 165/37/157 166/38/158 163/35/155
f 167/35/159 168/37/160 169/36/161
f 168/37/160 167/35/159 170/38/162
f 171/35/163 172/37/164 173/36/165
f 172/37/164 171/35/163 174/38/166
f 175/35/167 176/36/168 177/37/169
f 177/37/169 178/38/170 175/35/167
f 179/35/171 180/36/172 181/37/173
f 181/37/173 182/38/174 179/35/171
f 183/35/175 184/36/176 185/37/177
f 185/37/177 186/38/178 183/35/175
f 187/35/179 188/37/180 189/36/181
f 188/37/180 187/35/179 190/38/182
f 191/35/183 192/36/184 193/37/185
f 193/37/185 194/38/186 191/35/183
f 195/35/187 196/36/188 197/37/189
f 197/37/189 198/38/190 195/35/187
f 199/35/191 200/36/192 201/37/193
f 201/37/193 202/38/194 199/35/191
f 203/35/195 204/36/196 205/37/197
f 205/37/197 206/38/198 203/35/195
f 207/35/199 208/37/200 209/36/201
f 208/37/200 207/35/199 210/38/202
f 211/35/203 212/37/204 213/36/205
f 212/37/204 211/35/203 214/38/206
f 215/35/207 216/36/208 217/37/209
f 217/37/209 218/38/210 215/35/207
f 219/35/211 220/37/212 221/36/213
f 220/37/212 219/35/211 222/38/214
f 223/35/215 224/36/216 225/37/217
f 225/37/217 226/38/218 223/35/215
f 227/35/219 228/37/220 229/36/221
f 228/37/220 227/35/219 230/38/222
f 231/35/223 232/37/224 233/36/225
f 232/37/224 231/35/223 234/38/226
f 235/35/227 236/37/228 237/36/229
f 236/37/228 235/35/227 238/38/230
f 239/35/231 240/36/232 241/37/233
f 241/37/233 242/38/234 239/35/231
f 243/35/235 244/37/235 245/36/235
f 244/37/235 243/35/235 246/38/235
f 247/35/236 248/37/237 249/36/238
f 248/37/237 247/35/236 250/38/239
f 251/35/240 252/36/241 253/37/242
f 253/37/242 254/38/243 251/35/240
f 255/35/244 256/36/245 257/37/246
f 257/37/246 258/38/247 255/35/244
f 259/35/248 260/36/249 261/37/250
f 261/37/250 262/38/251 259/35/248
f 263/35/252 264/37/253 265/36/254
f 264/37/253 263/35/252 266/38/255
f 267/35/256 268/36/257 269/37/258
f 269/37/258 270/38/259 267/35/256
f 271/35/260 272/36/261 273/37/262
f 273/37/262 274/38/263 271/35/260
f 275/35/264 276/36/265 277/37/266
f 277/37/266 278/38/267 275/35/264
f 279/35/268 280/36/269 281/37/270
f 281/37/270 282/38/271 279/35/268
f 283/35/272 284/37/273 285/36/274
f 284/37/273 283/35/272 286/38/275
f 287/35/276 288/37/276 289/36/276
f 288/37/276 287/35/276 290/38/276
f 291/35/277 292/36/277 293/37/277
f 293/37/277 294/38/277 291/35/277
f 295/35/278 296/37/278 297/36/278
f 296/37/278 295/35/278 298/38/278
f 299/35/279 300/36/279 301/37/279
f 301/37/279 302/38/279 299/35/279
f 303/35/280 304/37/280 305/36/281
f 304/37/280 303/35/280 306/38/280
f 307/35/282 308/37/283 309/36/284
f 308/37/283 307/35/282 310/38/285
f 311/35/286 312/37/287 313/36/288
f 312/37/287 311/35/286 314/38/289
f 315/35/290 316/37/291 317/36/292
f 316/37/291 315/35/290 318/38/293
f 319/35/294 320/36/295 321/37/296
f 321/37/296 322/38/297 319/35/294
f 323/35/298 324/36/299 325/37/300
f 325/37/300 326/38/301 323/35/298
f 327/35/302 328/37/303 329/36/304
f 328/37/303 327/35/302 330/38/305
f 331/35/306 332/37/307 333/36/308
f 332/37/307 331/35/306 334/38/309
f 335/35/310 336/37/311 337/36/312
f 336/37/311 335/35/310 338/38/313
f 339/35/314 340/36/315 341/37/316
f 341/37/316 342/38/317 339/35/314
f 343/35/318 344/36/319 345/37/320
f 345/37/320 346/38/321 343/35/318
f 347/35/322 348/37/323 349/36/324
f 348/37/323 347/35/322 350/38/325
f 351/35/326 352/37/327 353/36/328
f 352/37/327 351/35/326 354/38/329
f 355/35/330 356/37/331 357/36/332
f 356/37/331 355/35/330 358/38/333
f 359/35/334 360/36/335 361/37/336
f 361/37/336 362/38/337 359/35/334
f 363/35/338 364/36/339 365/37/340
f 365/37/340 366/38/341 363/35/338
f 367/35/342 368/37/343 369/36/344
f 368/37/343 367/35/342 370/38/345
f 371/35/346 372/37/347 373/36/348
f 372/37/347 371/35/346 374/38/349
f 375/35/350 376/37/351 377/36/352
f 376/37/351 375/35/350 378/38/353
f 379/35/354 380/36/355 381/37/356
f 381/37/356 382/38/357 379/35/354
f 383/35/358 384/36/359 385/37/360
f 385/37/360 386/38/361 383/35/358
f 387/35/362 388/37/363 389/36/364
f 388/37/363 387/35/362 390/38/365
f 391/35/366 392/37/367 393/36/368
f 392/37/367 391/35/366 394/38/369
f 395/35/370 396/37/371 397/36/372
f 396/37/371 395/35/370 398/38/373
f 399/35/374 400/36/375 401/37/376
f 401/37/376 402/38/377 399/35/374
f 403/35/378 404/36/379 405/37/380
f 405/37/380 406/38/381 403/35/378
f 407/35/382 408/37/383 409/36/384
f 408/37/383 407/35/382 410/38/385
f 411/35/386 412/37/387 413/36/388
f 412/37/387 411/35/386 414/38/389
f 415/35/390 416/37/391 417/36/392
f 416/37/391 415/35/390 418/38/393
f 419/35/394 420/36/395 421/37/396
f 421/37/396 422/38/397 419/35/394
f 423/35/398 424/36/399 425/37/400
f 425/37/400 426/38/401 423/35/398
f 427/35/402 428/37/403 429/36/404
f 428/37/403 427/35/402 430/38/405
f 431/35/406 432/37/407 433/36/408
f 432/37/407 431/35/406 434/38/409
f 435/35/410 436/37/411 437/36/412
f 436/37/411 435/35/410 438/38/413
f 439/35/414 440/36/415 441/37/416
f 441/37/416 442/38/417 439/35/414
f 443/35/418 444/36/419 445/37/420
f 445/37/420 446/38/421 443/35/418
f 447/35/422 448/37/423 449/36/424
f 448/37/423 447/35/422 450/38/425
f 451/35/426 452/37/427 453/36/428
f 452/37/427 451/35/426 454/38/429
f 455/35/430 456/37/431 457/36/432
f 456/37/431 455/35/430 458/38/433
f 459/35/434 460/36/435 461/37/436
f 461/37/436 462/38/437 459/35/434
f 463/35/438 464/36/439 465/37/440
f 465/37/440 466/38/441 463/35/438
f 467/35/442 468/37/443 469/36/444
f 468/37/443 467/35/442 470/38/445
f 471/35/446 472/37/447 473/36/448
f 472/37/447 471/35/446 474/38/449
f 475/35/450 476/37/451 477/36/452
f 476/37/451 475/35/450 478/38/453
f 479/35/454 480/36/455 481/37/456
f 481/37/456 482/38/457 479/35/454
f 483/35/458 484/36/459 485/37/460
f 485/37/460 486/38/461 483/35/458
f 487/35/462 488/37/463 489/36/464
f 488/37/463 487/35/462 490/38/465
f 491/35/466 492/37/467 493/36/468
f 492/37/467 491/35/466 494/38/469
f 495/35/470 496/37/471 497/36/472
f 496/37/471 495/35/470 498/38/473
f 499/35/474 500/36/475 501/37/476
f 501/37/476 502/38/477 499/35/474
f 503/35/478 504/36/479 505/37/480
f 505/37/480 506/38/481 503/35/478
f 507/35/482 508/37/483 509/36/484
f 508/37/483 507/35/482 510/38/485
f 511/35/486 512/37/487 513/36/488
f 512/37/487 511/35/486 514/38/489
f 515/35/490 516/37/491 517/36/492
f 516/37/491 515/35/490 518/38/493
f 519/35/494 520/36/495 521/37/496
f 521/37/496 522/38/497 519/35/494
f 523/35/498 524/36/499 525/37/500
f 525/37/500 526/38/501 523/35/498
f 527/35/502 528/37/503 529/36/504
f 528/37/503 527/35/502 530/38/505
f 531/35/506 532/37/507 533/36/508
f 532/37/507 531/35/506 534/38/509
f 535/35/510 536/37/511 537/36/512
f 536/37/511 535/35/510 538/38/513
f 539/35/514 540/36/515 541/37/516
f 541/37/516 542/38/517 539/35/514
f 543/35/518 544/36/519 545/37/520
f 545/37/520 546/38/521 543/35/518
f 547/35/522 548/37/523 549/36/524
f 548/37/523 547/35/522 550/38/525
f 551/35/526 552/37/527 553/36/528
f 552/37/527 551/35/526 554/38/529
f 555/35/530 556/37/531 557/36/532
f 556/37/531 555/35/530 558/38/533
f 559/35/534 560/36/535 561/37/536
f 561/37/536 562/38/537 559/35/534
f 563/35/538 564/36/539 565/37/540
f 565/37/540 566/38/541 563/35/538
f 567/35/542 568/37/543 569/36/544
f 568/37/543 567/35/542 570/38/545
f 571/35/546 572/37/547 573/36/548
f 572/37/547 571/35/546 574/38/549
f 575/35/550 576/37/551 577/36/552
f 576/37/551 575/35/550 578/38/553
f 579/35/554 580/36/555 581/37/556
f 581/37/556 582/38/557 579/35/554
f 583/35/558 584/36/559 585/37/560
f 585/37/560 586/38/561 583/35/558
f 587/35/562 588/37/563 589/36/564
f 588/37/563 587/35/562 590/38/565
f 591/35/566 592/37/567 593/36/568
f 592/37/567 591/35/566 594/38/569
f 595/35/570 596/37/571 597/36/572
f 596/37/571 595/35/570 598/38/573
f 599/35/574 600/36/575 601/37/576
f 601/37/576 602/38/577 599/35/574
f 603/35/578 604/36/579 605/37/580
f 605/37/580 606/38/581 603/35/578
f 607/35/582 608/37/583 609/36/584
f 608/37/583 607/35/582 610/38/585
f 611/35/586 612/37/587 613/36/588
f 612/37/587 611/35/586 614/38/589
f 615/35/590 616/37/591 617/36/592
f 616/37/591 615/35/590 618/38/593
f 619/35/594 620/36/595 621/37/596
f 621/37/596 622/38/597 619/35/594
f 623/35/598 624/36/599 625/37/600
f 625/37/600 626/38/601 623/35/598
f 627/35/602 628/37/603 629/36/604
f 628/37/603 627/35/602 630/38/605
f 631/35/606 632/37/607 633/36/608
f 632/37/607 631/35/606 634/38/609
f 635/35/610 636/37/611 637/36/612
f 636/37/611 635/35/610 638/38/613
f 639/35/614 640/36/615 641/37/616
f 641/37/616 642/38/617 639/35/614
f 643/35/618 644/36/619 645/37/620
f 645/37/620 646/38/621 643/35/618
f 647/35/622 648/37/623 649/36/624
f 648/37/623 647/35/622 650/38/625
f 651/35/626 652/37/627 653/36/628
f 652/37/627 651/35/626 654/38/629
f 655/35/630 656/37/631 657/36/632
f 656/37/631 655/35/630 658/38/633
f 659/35/634 660/36/635 661/37/636
f 661/37/636 662/38/637 659/35/634
f 663/35/638 664/36/639 665/37/640
f 665/37/640 666/38/641 663/35/638
f 667/35/642 668/37/643 669/36/644
f 668/37/643 667/35/642 670/38/645
f 671/35/646 672/37/647 673/36/648
f 672/37/647 671/35/646 674/38/649
f 675/35/650 676/37/651 677/36/652
f 676/37/651 675/35/650 678/38/653
f 679/35/654 680/36/655 681/37/656
f 681/37/656 682/38/657 679/35/654
f 683/35/658 684/36/659 685/37/660
f 685/37/660 686/38/661 683/35/658
f 687/35/662 688/37/663 689/36/664
f 688/37/663 687/35/662 690/38/665
f 691/35/666 692/37/667 693/36/668
f 692/37/667 691/35/666 694/38/669
f 695/35/670 696/37/671 697/36/672
f 696/37/671 695/35/670 698/38/673
f 699/35/674 700/36/675 701/37/676
f 701/37/676 702/38/677 699/35/674
f 703/35/678 704/36/679 705/37/680
f 705/37/680 706/38/681 703/35/678
f 707/35/682 708/37/683 709/36/684
f 708/37/683 707/35/682 710/38/685
f 711/35/686 712/37/687 713/36/688
f 712/37/687 711/35/686 714/38/689
f 715/35/690 716/37/691 717/36/692
f 716/37/691 715/35/690 718/38/693
f 719/35/694 720/36/695 721/37/696
f 721/37/696 722/38/697 719/35/694
f 723/35/698 724/36/699 725/37/700
f 725/37/700 726/38/701 723/35/698
f 727/35/702 728/37/703 729/36/704
f 728/37/703 727/35/702 730/38/705
f 731/35/706 732/37/707 733/36/708
f 732/37/707 731/35/706 734/38/709
f 735/35/710 736/37/711 737/36/712
f 736/37/711 735/35/710 738/38/713
f 739/35/714 740/36/715 741/37/716
f 741/37/716 742/38/717 739/35/714
f 743/35/718 744/36/719 745/37/720
f 745/37/720 746/38/721 743/35/718
f 747/35/722 748/37/723 749/36/724
f 748/37/723 747/35/722 750/38/725
f 751/35/726 752/37/727 753/36/728
f 752/37/727 751/35/726 754/38/729
f 755/35/730 756/37/731 757/36/732
f 756/37/731 755/35/730 758/38/733
f 759/35/734 760/36/735 761/37/736
f 761/37/736 762/38/737 759/35/734
f 763/35/738 764/36/739 765/37/740
f 765/37/740 766/38/741 763/35/738
f 767/35/742 768/37/743 769/36/744
f 768/37/743 767/35/742 770/38/745
f 771/35/746 772/37/747 773/36/748
f 772/37/747 771/35/746 774/38/749
f 775/35/750 776/37/751 777/36/752
f 776/37/751 775/35/750 778/38/753
f 779/35/754 780/36/755 781/37/756
f 781/37/756 782/38/757 779/35/754
f 783/35/758 784/36/759 785/37/760
f 785/37/760 786/38/761 783/35/758
f 787/35/762 788/37/763 789/36/764
f 788/37/763 787/35/762 790/38/765
f 791/35/766 792/37/767 793/36/768
f 792/37/767 791/35/766 794/38/769
f 795/35/770 796/37/771 797/36/772
f 796/37/771 795/35/770 798/38/773
f 799/35/774 800/36/775 801/37/776
f 801/37/776 802/38/777 799/35/774
f 803/35/778 804/36/779 805/37/780
f 805/37/780 806/38/781 803/35/778
f 807/35/782 808/37/783 809/36/784
f 808/37/783 807/35/782 810/38/785
f 811/35/786 812/37/787 813/36/788
f 812/37/787 811/35/786 814/38/789
f 815/35/790 816/37/791 817/36/792
f 816/37/791 815/35/790 818/38/793
f 819/35/794 820/36/795 821/37/796
f 821/37/796 822/38/797 819/35/794
f 823/35/798 824/36/799 825/37/800
f 825/37/800 826/38/801 823/35/798
f 827/35/802 828/37/803 829/36/804
f 828/37/803 827/35/802 830/38/805
f 831/35/806 832/37/807 833/36/808
f 832/37/807 831/35/806 834/38/809
f 835/35/810 836/37/811 837/36/812
f 836/37/811 835/35/810 838/38/813
f 839/35/814 840/36/815 841/37/816
f 841/37/816 842/38/817 839/35/814
f 843/35/818 844/36/819 845/37/820
f 845/37/820 846/38/821 843/35/818
f 847/35/822 848/37/823 849/36/824
f 848/37/823 847/35/822 850/38/825
f 851/35/826 852/37/827 853/36/828
f 852/37/827 851/35/826 854/38/829
f 855/35/830 856/37/831 857/36/832
f 856/37/831 855/35/830 858/38/833
f 859/35/834 860/36/835 861/37/836
f 861/37/836 862/38/837 859/35/834
f 863/35/838 864/36/839 865/37/840
f 865/37/840 866/38/841 863/35/838
f 867/35/842 868/37/843 869/36/844
f 868/37/843 867/35/842 870/38/845
f 871/35/846 872/37/847 873/36/848
f 872/37/847 871/35/846 874/38/849
f 875/35/850 876/37/851 877/36/852
f 876/37/851 875/35/850 878/38/853
f 879/35/854 880/36/855 881/37/856
f 881/37/856 882/38/857 879/35/854
f 883/35/858 884/36/859 885/37/860
f 885/37/860 886/38/861 883/35/858
f 887/35/862 888/37/863 889/36/864
f 888/37/863 887/35/862 890/38/865
f 891/35/866 892/37/867 893/36/868
f 892/37/867 891/35/866 894/38/869
f 895/35/870 896/37/871 897/36/872
f 896/37/871 895/35/870 898/38/873
f 899/35/874 900/36/875 901/37/876
f 901/37/876 902/38/877 899/35/874
f 903/35/878 904/36/879 905/37/880
f 905/37/880 906/38/881 903/35/878
f 907/35/882 908/37/883 909/36/884
f 908/37/883 907/35/882 910/38/885
f 911/35/886 912/37/887 913/36/888
f 912/37/887 911/35/886 914/38/889
f 915/35/890 916/37/891 917/36/892
f 916/37/891 915/35/890 918/38/893
f 919/35/894 920/36/895 921/37/896
f 921/37/896 922/38/897 919/35/894
f 923/35/898 924/36/899 925/37/900
f 925/37/900 926/38/901 923/35/898
f 927/35/902 928/37/903 929/36/904
f 928/37/903 927/35/902 930/38/905
f 931/35/906 932/37/907 933/36/908
f 932/37/907 931/35/906 934/38/909
f 935/35/910 936/37/911 937/36/912
f 936/37/911 935/35/910 938/38/913
f 939/35/914 940/36/915 941/37/916
f 941/37/916 942/38/917 939/35/914
f 943/35/918 944/36/919 945/37/920
f 945/37/920 946/38/921 943/35/918
f 947/35/922 948/37/923 949/36/924
f 948/37/923 947/35/922 950/38/925
f 951/35/926 952/37/927 953/36/928
f 952/37/927 951/35/926 954/38/929
f 955/35/930 956/37/931 957/36/932
f 956/37/931 955/35/930 958/38/933
f 959/35/934 960/36/935 961/37/936
f 961/37/936 962/38/937 959/35/934
f 963/35/938 964/36/939 965/37/940
f 965/37/940 966/38/941 963/35/938
f 967/35/942 968/37/943 969/36/944
f 968/37/943 967/35/942 970/38/945
f 971/35/946 972/37/947 973/36/948
f 972/37/947 971/35/946 974/38/949
f 975/35/950 976/37/951 977/36/952
f 976/37/951 975/35/950 978/38/953
f 979/35/954 980/36/955 981/37/956
f 981/37/956 982/38/957 979/35/954
f 983/35/958 984/36/959 985/37/960
f 985/37/960 986/38/961 983/35/958
f 987/35/962 988/37/963 989/36/964
f 988/37/963 987/35/962 990/38/965
f 991/35/966 992/37/967 993/36/968
f 992/37/967 991/35/966 994/38/969
f 995/35/970 996/37/971 997/36/972
f 996/37/971 995/35/970 998/38/973
f 999/35/974 1000/36/975 1001/37/976
f 1001/37/976 1002/38/977 999/35/974
f 1003/35/978 1004/36/979 1005/37/980
f 1005/37/980 1006/38/981 1003/35/978
f 1007/35/982 1008/37/983 1009/36/984
f 1008/37/983 1007/35/982 1010/38/985
f 1011/35/986 1012/37/987 1013/36/988
f 1012/37/987 1011/35/986 1014/38/989
f 1015/35/990 1016/37/991 1017/36/992
f 1016/37/991 1015/35/990 1018/38/993
f 1019/35/994 1020/36/995 1021/37/996
f 1021/37/996 1022/38/997 1019/35/994
f 1023/35/998 1024/36/999 1025/37/1000
f 1025/37/1000 1026/38/1001 1023/35/998
f 1027/35/1002 1028/37/1003 1029/36/1004
f 1028/37/1003 1027/35/1002 1030/38/1005
f 1031/35/1006 1032/37/1007 1033/36/1008
f 1032/37/1007 1031/35/1006 1034/38/1009
f 1035/35/1010 1036/37/1011 1037/36/1012
f 1036/37/1011 1035/35/1010 1038/38/1013
f 1039/35/1014 1040/36/1015 1041/37/1016
f 1041/37/1016 1042/38/1017 1039/35/1014
f 1043/35/1018 1044/36/1019 1045/37/1020
f 1045/37/1020 1046/38/1021 1043/35/1018
f 1047/35/1022 1048/37/1023 1049/36/1024
f 1048/37/1023 1047/35/1022 1050/38/1025
f 1051/35/1026 1052/37/1027 1053/36/1028
f 1052/37/1027 1051/35/1026 1054/38/1029
f 1055/35/1030 1056/37/1031 1057/36/1032
f 1056/37/1031 1055/35/1030 1058/38/1033
f 1059/35/1034 1060/36/1035 1061/37/1036
f 1061/37/1036 1062/38/1037 1059/35/1034
f 1063/35/1038 1064/36/1039 1065/37/1040
f 1065/37/1040 1066/38/1041 1063/35/1038
f 1067/35/1042 1068/37/1043 1069/36/1044
f 1068/37/1043 1067/35/1042 1070/38/1045
f 1071/35/1046 1072/37/1047 1073/36/1048
f 1072/37/1047 1071/35/1046 1074/38/1049
f 1075/35/1050 1076/37/1051 1077/36/1052
f 1076/37/1051 1075/35/1050 1078/38/1053
f 1079/35/1054 1080/36/1055 1081/37/1056
f 1081/37/1056 1082/38/1057 1079/35/1054
f 1083/35/1058 1084/36/1059 1085/37/1060
f 1085/37/1060 1086/38/1061 1083/35/1058
f 1087/35/1062 1088/37/1063 1089/36/1064
f 1088/37/1063 1087/35/1062 1090/38/1065
f 1091/35/1066 1092/37/1067 1093/36/1068
f 1092/37/1067 1091/35/1066 1094/38/1069
f 1095/35/1070 1096/37/1071 1097/36/1072
f 1096/37/1071 1095/35/1070 1098/38/1073
f 1099/35/1074 1100/36/1075 1101/37/1076
f 1101/37/1076 1102/38/1077 1099/35/1074
f 1103/35/1078 1104/36/1079 1105/37/1080
f 1105/37/1080 1106/38/1081 1103/35/1078
f 1107/35/1082 1108/37/1083 1109/36/1084
f 1108/37/1083 1107/35/1082 1110/38/1085
f 1111/35/1086 1112/37/1087 1113/36/1088
f 1112/37/1087 1111/35/1086 1114/38/1089
f 1115/35/1090 1116/37/1091 1117/36/1092
f 1116/37/1091 1115/35/1090 1118/38/1093
f 1119/35/1094 1120/36/1095 1121/37/1096
f 1121/37/1096 1122/38/1097 1119/35/1094
f 1123/35/1098 1124/36/1099 1125/37/1100
f 1125/37/1100 1126/38/1101 1123/35/1098
f 1127/35/1102 1128/37/1103 1129/36/1104
f 1128/37/1103 1127/35/1102 1130/38/1105
f 1131/35/1106 1132/37/1107 1133/36/1108
f 1132/37/1107 1131/35/1106 1134/38/1109
f 1135/35/1110 1136/37/1111 1137/36/1112
f 1136/37/1111 1135/35/1110 1138/38/1113
f 1139/35/1114 1140/36/1115 1141/37/1116
f 1141/37/1116 1142/38/1117 1139/35/1114
f 1143/35/1118 1144/36/1119 1145/37/1120
f 1145/37/1120 1146/38/1121 1143/35/1118
f 1147/35/1122 1148/37/1123 1149/36/1124
f 1148/37/1123 1147/35/1122 1150/38/1125
f 1151/35/1126 1152/37/1127 1153/36/1128
f 1152/37/1127 1151/35/1126 1154/38/1129
f 1155/35/1130 1156/37/1131 1157/36/1132
f 1156/37/1131 1155/35/1130 1158/38/1133
f 1159/35/1134 1160/36/1135 1161/37/1136
f 1161/37/1136 1162/38/1137 1159/35/1134
f 1163/35/1138 1164/36/1139 1165/37/1140
f 1165/37/1140 1166/38/1141 1163/35/1138
f 1167/35/1142 1168/37/1143 1169/36/1144
f 1168/37/1143 1167/35/1142 1170/38/1145
f 1171/35/1146 1172/37/1147 1173/36/1148
f 1172/37/1147 1171/35/1146 1174/38/1149
f 1175/35/1150 1176/37/1151 1177/36/1152
f 1176/37/1151 1175/35/1150 1178/38/1153
f 1179/35/1154 1180/36/1155 1181/37/1156
f 1181/37/1156 1182/38/1157 1179/35/1154
f 1183/35/1158 1184/36/1159 1185/37/1160
f 1185/37/1160 1186/38/1161 1183/35/1158
f 1187/35/1162 1188/37/1163 1189/36/1164
f 1188/37/1163 1187/35/1162 1190/38/1165
f 1191/35/1166 1192/37/1167 1193/36/1168
f 1192/37/1167 1191/35/1166 1194/38/1169
f 1195/35/1170 1196/37/1171 1197/36/1172
f 1196/37/1171 1195/35/1170 1198/38/1173
f 1199/35/1174 1200/36/1175 1201/37/1176
f 1201/37/1176 1202/38/1177 1199/35/1174
f 1203/35/1178 1204/36/1179 1205/37/1180
f 1205/37/1180 1206/38/1181 1203/35/1178
f 1207/35/1182 1208/37/1183 1209/36/1184
f 1208/37/1183 1207/35/1182 1210/38/1185
f 1211/35/1186 1212/37/1187 1213/36/1188
f 1212/37/1187 1211/35/1186 1214/38/1189
f 1215/35/1190 1216/37/1191 1217/36/1192
f 1216/37/1191 1215/35/1190 1218/38/1193
f 1219/35/1194 1220/36/1195 1221/37/1196
f 1221/37/1196 1222/38/1197 1219/35/1194
f 1223/35/1198 1224/36/1199 1225/37/1200
f 1225/37/1200 1226/38/1201 1223/35/1198
f 1227/35/1202 1228/37/1203 1229/36/1204
f 1228/37/1203 1227/35/1202 1230/38/1205
f 1231/35/1206 1232/37/1207 1233/36/1208
f 1232/37/1207 1231/35/1206 1234/38/1209
f 1235/35/1210 1236/37/1211 1237/36/1212
f 1236/37/1211 1235/35/1210 1238/38/1213
f 1239/35/1214 1240/36/1215 1241/37/1216
f 1241/37/1216 1242/38/1217 1239/35/1214
f 1243/35/1218 1244/36/1219 1245/37/1220
f 1245/37/1220 1246/38/1221 1243/35/1218
f 1247/35/1222 1248/37/1223 1249/36/1224
f 1248/37/1223 1247/35/1222 1250/38/1225
f 1251/35/1226 1252/37/1227 1253/36/1228
f 1252/37/1227 1251/35/1226 1254/38/1229
f 1255/35/1230 1256/37/1231 1257/36/1232
f 1256/37/1231 1255/35/1230 1258/38/1233
f 1259/35/1234 1260/36/1235 1261/37/1236
f 1261/37/1236 1262/38/1237 1259/35/1234
f 1263/35/1238 1264/36/1239 1265/37/1240
f 1265/37/1240 1266/38/1241 1263/35/1238
f 1267/35/1242 1268/37/1243 1269/36/1244
f 1268/37/1243 1267/35/1242 1270/38/1245
f 1271/35/1246 1272/37/1247 1273/36/1248
f 1272/37/1247 1271/35/1246 1274/38/1249
f 1275/35/1250 1276/37/1251 1277/36/1252
f 1276/37/1251 1275/35/1250 1278/38/1253
f 1279/35/1254 1280/36/1255 1281/37/1256
f 1281/37/1256 1282/38/1257 1279/35/1254
f 1283/35/1258 1284/36/1259 1285/37/1260
f 1285/37/1260 1286/38/1261 1283/35/1258
f 1287/35/1262 1288/37/1263 1289/36/1264
f 1288/37/1263 1287/35/1262 1290/38/1265
f 1291/35/1266 1292/37/1267 1293/36/1268
f 1292/37/1267 1291/35/1266 1294/38/1269
f 1295/35/1270 1296/37/1271 1297/36/1272
f 1296/37/1271 1295/35/1270 1298/38/1273
f 1299/35/1274 1300/36/1275 1301/37/1276
f 1301/37/1276 1302/38/1277 1299/35/1274
f 1303/35/1278 1304/36/1279 1305/37/1280
f 1305/37/1280 1306/38/1281 1303/35/1278
f 1307/35/1282 1308/37/1283 1309/36/1284
f 1308/37/1283 1307/35/1282 1310/38/1285
f 1311/35/1286 1312/37/1287 1313/36/1288
f 1312/37/1287 1311/35/1286 1314/38/1289
f 1315/35/1290 1316/37/1291 1317/36/1292
f 1316/37/1291 1315/35/1290 1318/38/1293
f 1319/35/1294 1320/36/1295 1321/37/1296
f 1321/37/1296 1322/38/1297 1319/35/1294
f 1323/35/1298 1324/36/1299 1325/37/1300
f 1325/37/1300 1326/38/1301 1323/35/1298
f 1327/35/1302 1328/37/1303 1329/36/1304
f 1328/37/1303 1327/35/1302 1330/38/1305
f 1331/35/1306 1332/37/1307 1333/36/1308
f 1332/37/1307 1331/35/1306 1334/38/1309
f 1335/35/1310 1336/37/1311 1337/36/1312
f 1336/37/1311 1335/35/1310 1338/38/1313
f 1339/35/1314 1340/36/1315 1341/37/1316
f 1341/37/1316 1342/38/1317 1339/35/1314
f 1343/35/1318 1344/36/1319 1345/37/1320
f 1345/37/1320 1346/38/1321 1343/35/1318
f 1347/35/1322 1348/37/1323 1349/36/1324
f 1348/37/1323 1347/35/1322 1350/38/1325
f 1351/35/1326 1352/37/1327 1353/36/1328
f 1352/37/1327 1351/35/1326 1354/38/1329
f 1355/35/1330 1356/37/1331 1357/36/1332
f 1356/37/1331 1355/35/1330 1358/38/1333
f 1359/35/1334 1360/36/1335 1361/37/1336
f 1361/37/1336 1362/38/1337 1359/35/1334
f 1363/35/1338 1364/36/1339 1365/37/1340
f 1365/37/1340 1366/38/1341 1363/35/1338
f 1367/35/1342 1368/37/1343 1369/36/1344
f 1368/37/1343 1367/35/1342 1370/38/1345
f 1371/35/1346 1372/37/1347 1373/36/1348
f 1372/37/1347 1371/35/1346 1374/38/1349
f 1375/35/1350 1376/37/1351 1377/36/1352
f 1376/37/1351 1375/35/1350 1378/38/1353
f 1379/35/1354 1380/36/1355 1381/37/1356
f 1381/37/1356 1382/38/1357 1379/35/1354
f 1383/35/1358 1384/36/1359 1385/37/1360
f 1385/37/1360 1386/38/1361 1383/35/1358
f 1387/35/1362 1388/37/1363 1389/36/1364
f 1388/37/1363 1387/35/1362 1390/38/1365
f 1391/35/1366 1392/37/1367 1393/36/1368
f 1392/37/1367 1391/35/1366 1394/38/1369
f 1395/35/1370 1396/37/1371 1397/36/1372
f 1396/37/1371 1395/35/1370 1398/38/1373
f 1399/35/1374 1400/36/1375 1401/37/1376
f 1401/37/1376 1402/38/1377 1399/35/1374
f 1403/35/1378 1404/36/1379 1405/37/1380
f 1405/37/1380 1406/38/1381 1403/35/1378
f 1407/35/1382 1408/37/1383 1409/36/1384
f 1408/37/1383 1407/35/1382 1410/38/1385
f 1411/35/1386 1412/37/1387 1413/36/1388
f 1412/37/1387 1411/35/1386 1414/38/1389
f 1415/35/1390 1416/37/1391 1417/36/1392
f 1416/37/1391 1415/35/1390 1418/38/1393
f 1419/35/1394 1420/36/1395 1421/37/1396
f 1421/37/1396 1422/38/1397 1419/35/1394
f 1423/35/1398 1424/36/1399 1425/37/1400
f 1425/37/1400 1426/38/1401 1423/35/1398
f 1427/35/1402 1428/37/1403 1429/36/1404
f 1428/37/1403 1427/35/1402 1430/38/1405
f 1431/35/1406 1432/37/1407 1433/36/1408
f 1432/37/1407 1431/35/1406 1434/38/1409
f 1435/35/1410 1436/37/1411 1437/36/1412
f 1436/37/1411 1435/35/1410 1438/38/1413
f 1439/35/1414 1440/36/1415 1441/37/1416
f 1441/37/1416 1442/38/1417 1439/35/1414
f 1443/35/1418 1444/36/1419 1445/37/1420
f 1445/37/1420 1446/38/1421 1443/35/1418
f 1447/35/1422 1448/37/1423 1449/36/1424
f 1448/37/1423 1447/35/1422 1450/38/1425
f 1451/35/1426 1452/37/1427 1453/36/1428
f 1452/37/1427 1451/35/1426 1454/38/1429
f 1455/35/1430 1456/36/1431 1457/37/1432
f 1457/37/1432 1458/38/1433 1455/35/1430
f 1459/35/1434 1460/37/1435 1461/36/1436
f 1460/37/1435 1459/35/1434 1462/38/1437
f 1463/35/1438 1464/37/1439 1465/36/1440
f 1464/37/1439 1463/35/1438 1466/38/1441
f 1467/35/1442 1468/36/1443 1469/37/1444
f 1469/37/1444 1470/38/1445 1467/35/1442
f 1471/35/1446 1472/37/1447 1473/36/1448
f 1472/37/1447 1471/35/1446 1474/38/1449
f 1475/35/1450 1476/36/1451 1477/37/1452
f 1477/37/1452 1478/38/1453 1475/35/1450
f 1479/35/1454 1480/37/1455 1481/36/1456
f 1480/37/1455 1479/35/1454 1482/38/1457
f 1483/35/1458 1484/37/1459 1485/36/1460
f 1484/37/1459 1483/35/1458 1486/38/1461
f 1487/35/1462 1488/36/1463 1489/37/1464
f 1489/37/1464 1490/38/1465 1487/35/1462
f 1491/35/1466 1492/36/1467 1493/37/1468
f 1493/37/1468 1494/38/1469 1491/35/1466
f 1495/35/1470 1496/36/1471 1497/37/1472
f 1497/37/1472 1498/38/1473 1495/35/1470
f 1499/35/1474 1500/37/1475 1501/36/1476
f 1500/37/1475 1499/35/1474 1502/38/1477
f 1503/35/1478 1504/37/1479 1505/36/1480
f 1504/37/1479 1503/35/1478 1506/38/1481
f 1507/35/1482 1508/36/1483 1509/37/1484
f 1509/37/1484 1510/38/1485 1507/35/1482
f 1511/35/1486 1512/37/1487 1513/36/1488
f 1512/37/1487 1511/35/1486 1514/38/1489
f 1515/35/1490 1516/36/1491 1517/37/1492
f 1517/37/1492 1518/38/1493 1515/35/1490
f 1519/35/1494 1520/37/1495 1521/36/1496
f 1520/37/1495 1519/35/1494 1522/38/1497
f 1523/35/1498 1524/37/1499 1525/36/1500
f 1524/37/1499 1523/35/1498 1526/38/1501
f 1527/35/1502 1528/36/1503 1529/37/1504
f 1529/37/1504 1530/38/1505 1527/35/1502
f 1531/35/1506 1532/36/1507 1533/37/1508
f 1533/37/1508 1534/38/1509 1531/35/1506
f 1535/35/1510 1536/36/1511 1537/37/1512
f 1537/37/1512 1538/38/1513 1535/35/1510
f 1539/35/1514 1540/37/1515 1541/36/1516
f 1540/37/1515 1539/35/1514 1542/38/1517
f 1543/35/1518 1544/37/1519 1545/36/1520
f 1544/37/1519 1543/35/1518 1546/38/1521
f 1547/35/1522 1548/36/1523 1549/37/1524
f 1549/37/1524 1550/38/1525 1547/35/1522
f 1551/35/1526 1552/37/1527 1553/36/1528
f 1552/37/1527 1551/35/1526 1554/38/1529
f 1555/35/1530 1556/36/1531 1557/37/1532
f 1557/37/1532 1558/38/1533 1555/35/1530
f 1559/35/1534 1560/37/1535 1561/36/1536
f 1560/37/1535 1559/35/1534 1562/38/1537
f 1563/35/1538 1564/37/1539 1565/36/1540
f 1564/37/1539 1563/35/1538 1566/38/1541
f 1567/35/1542 1568/36/1543 1569/37/1544
f 1569/37/1544 1570/38/1545 1567/35/1542
f 1571/35/1546 1572/36/1547 1573/37/1548
f 1573/37/1548 1574/38/1549 1571/35/1546
f 1575/35/1550 1576/36/1551 1577/37/1552
f 1577/37/1552 1578/38/1553 1575/35/1550
f 1579/35/1554 1580/37/1555 1581/36/1556
f 1580/37/1555 1579/35/1554 1582/38/1557
f 1583/35/1558 1584/37/1559 1585/36/1560
f 1584/37/1559 1583/35/1558 1586/38/1561
f 1587/35/1562 1588/36/1563 1589/37/1564
f 1589/37/1564 1590/38/1565 1587/35/1562
f 1591/35/1566 1592/37/1567 1593/36/1568
f 1592/37/1567 1591/35/1566 1594/38/1569
f 1595/35/1570 1596/36/1571 1597/37/1572
f 1597/37/1572 1598/38/1573 1595/35/1570
f 1599/35/1574 1600/37/1575 1601/36/1576
f 1600/37/1575 1599/35/1574 1602/38/1577
f 1603/35/1578 1604/37/1579 1605/36/1580
f 1604/37/1579 1603/35/1578 1606/38/1581
f 1607/35/1582 1608/36/1583 1609/37/1584
f 1609/37/1584 1610/38/1585 1607/35/1582
f 1611/35/1586 1612/36/1587 1613/37/1588
f 1613/37/1588 1614/38/1589 1611/35/1586
f 1615/35/1590 1616/36/1591 1617/37/1592
f 1617/37/1592 1618/38/1593 1615/35/1590
f 1619/35/1594 1620/37/1595 1621/36/1596
f 1620/37/1595 1619/35/1594 1622/38/1597
f 1623/35/1598 1624/37/1599 1625/36/1600
f 1624/37/1599 1623/35/1598 1626/38/1601
f 1627/35/1602 1628/36/1603 1629/37/1604
f 1629/37/1604 1630/38/1605 1627/35/1602
f 1631/35/1606 1632/37/1607 1633/36/1608
f 1632/37/1607 1631/35/1606 1634/38/1609
f 1635/35/1610 1636/36/1611 1637/37/1612
f 1637/37/1612 1638/38/1613 1635/35/1610
f 1639/35/1614 1640/37/1615 1641/36/1616
f 1640/37/1615 1639/35/1614 1642/38/1617
f 1643/35/1618 1644/37/1619 1645/36/1620
f 1644/37/1619 1643/35/1618 1646/38/1621
f 1647/35/1622 1648/36/1623 1649/37/1624
f 1649/37/1624 1650/38/1625 1647/35/1622
f 1651/35/1626 1652/36/1627 1653/37/1628
f 1653/37/1628 1654/38/1629 1651/35/1626
f 1655/35/1630 1656/36/1631 1657/37/1632
f 1657/37/1632 1658/38/1633 1655/35/1630
f 1659/35/1634 1660/37/1635 1661/36/1636
f 1660/37/1635 1659/35/1634 1662/38/1637
f 1663/35/1638 1664/37/1639 1665/36/1640
f 1664/37/1639 1663/35/1638 1666/38/1641
f 1667/35/1642 1668/36/1643 1669/37/1644
f 1669/37/1644 1670/38/1645 1667/35/1642
f 1671/35/1646 1672/37/1647 1673/36/1648
f 1672/37/1647 1671/35/1646 1674/38/1649
f 1675/35/1650 1676/36/1651 1677/37/1652
f 1677/37/1652 1678/38/1653 1675/35/1650
f 1679/35/1654 1680/37/1655 1681/36/1656
f 1680/37/1655 1679/35/1654 1682/38/1657
f 1683/35/1658 1684/37/1659 1685/36/1660
f 1684/37/1659 1683/35/1658 1686/38/1661
f 1687/35/1662 1688/36/1663 1689/37/1664
f 1689/37/1664 1690/38/1665 1687/35/1662
f 1691/35/1666 1692/36/1667 1693/37/1668
f 1693/37/1668 1694/38/1669 1691/35/1666
f 1695/35/1670 1696/36/1671 1697/37/1672
f 1697/37/1672 1698/38/1673 1695/35/1670
f 1699/35/1674 1700/37/1675 1701/36/1676
f 1700/37/1675 1699/35/1674 1702/38/1677
f 1703/35/1678 1704/37/1679 1705/36/1680
f 1704/37/1679 1703/35/1678 1706/38/1681
f 1707/35/1682 1708/36/1683 1709/37/1684
f 1709/37/1684 1710/38/1685 1707/35/1682
f 1711/35/1686 1712/37/1687 1713/36/1688
f 1712/37/1687 1711/35/1686 1714/38/1689
f 1715/35/1690 1716/36/1691 1717/37/1692
f 1717/37/1692 1718/38/1693 1715/35/1690
f 1719/35/1694 1720/37/1695 1721/36/1696
f 1720/37/1695 1719/35/1694 1722/38/1697
f 1723/35/1698 1724/37/1699 1725/36/1700
f 1724/37/1699 1723/35/1698 1726/38/1701
f 1727/35/1702 1728/36/1703 1729/37/1704
f 1729/37/1704 1730/38/1705 1727/35/1702
f 1731/35/1706 1732/36/1707 1733/37/1708
f 1733/37/1708 1734/38/1709 1731/35/1706
f 1735/35/1710 1736/36/1711 1737/37/1712
f 1737/37/1712 1738/38/1713 1735/35/1710
f 1739/35/1714 1740/37/1715 1741/36/1716
f 1740/37/1715 1739/35/1714 1742/38/1717
f 1743/35/1718 1744/37/1719 1745/36/1720
f 1744/37/1719 1743/35/1718 1746/38/1721
f 1747/35/1722 1748/36/1723 1749/37/1724
f 1749/37/1724 1750/38/1725 1747/35/1722
f 1751/35/1726 1752/37/1727 1753/36/1728
f 1752/37/1727 1751/35/1726 1754/38/1729
f 1755/35/1730 1756/36/1731 1757/37/1732
f 1757/37/1732 1758/38/1733 1755/35/1730
f 1759/35/1734 1760/37/1735 1761/36/1736
f 1760/37/1735 1759/35/1734 1762/38/1737
f 1763/35/1738 1764/37/1739 1765/36/1740
f 1764/37/1739 1763/35/1738 1766/38/1741
f 1767/35/1742 1768/36/1743 1769/37/1744
f 1769/37/1744 1770/38/1745 1767/35/1742
f 1771/35/1746 1772/36/1747 1773/37/1748
f 1773/37/1748 1774/38/1749 1771/35/1746
f 1775/35/1750 1776/36/1751 1777/37/1752
f 1777/37/1752 1778/38/1753 1775/35/1750
f 1779/35/1754 1780/37/1755 1781/36/1756
f 1780/37/1755 1779/35/1754 1782/38/1757
f 1783/35/1758 1784/37/1759 1785/36/1760
f 1784/37/1759 1783/35/1758 1786/38/1761
f 1787/35/1762 1788/36/1763 1789/37/1764
f 1789/37/1764 1790/38/1765 1787/35/1762
f 1791/35/1766 1792/37/1767 1793/36/1768
f 1792/37/1767 1791/35/1766 1794/38/1769
f 1795/35/1770 1796/36/1771 1797/37/1772
f 1797/37/1772 1798/38/1773 1795/35/1770
f 1799/35/1774 1800/37/1775 1801/36/1776
f 1800/37/1775 1799/35/1774 1802/38/1777
f 1803/35/1778 1804/37/1779 1805/36/1780
f 1804/37/1779 1803/35/1778 1806/38/1781
f 1807/35/1782 1808/36/1783 1809/37/1784
f 1809/37/1784 1810/38/1785 1807/35/1782
f 1811/35/1786 1812/36/1787 1813/37/1788
f 1813/37/1788 1814/38/1789 1811/35/1786
f 1815/35/1790 1816/36/1791 1817/37/1792
f 1817/37/1792 1818/38/1793 1815/35/1790
f 1819/35/1794 1820/37/1795 1821/36/1796
f 1820/37/1795 1819/35/1794 1822/38/1797
f 1823/35/1798 1824/37/1799 1825/36/1800
f 1824/37/1799 1823/35/1798 1826/38/1801
f 1827/35/1802 1828/36/1803 1829/37/1804
f 1829/37/1804 1830/38/1805 1827/35/1802
f 1831/35/1806 1832/37/1807 1833/36/1808
f 1832/37/1807 1831/35/1806 1834/38/1809
f 1835/35/1810 1836/36/1811 1837/37/1812
f 1837/37/1812 1838/38/1813 1835/35/1810
f 1839/35/1814 1840/37/1815 1841/36/1816
f 1840/37/1815 1839/35/1814 1842/38/1817
f 1843/35/1818 1844/37/1819 1845/36/1820
f 1844/37/1819 1843/35/1818 1846/38/1821
f 1847/35/1822 1848/36/1823 1849/37/1824
f 1849/37/1824 1850/38/1825 1847/35/1822
f 1851/35/1826 1852/36/1827 1853/37/1828
f 1853/37/1828 1854/38/1829 1851/35/1826
f 1855/35/1830 1856/36/1831 1857/37/1832
f 1857/37/1832 1858/38/1833 1855/35/1830
f 1859/35/1834 1860/37/1835 1861/36/1836
f 1860/37/1835 1859/35/1834 1862/38/1837
f 1863/35/1838 1864/37/1839 1865/36/1840
f 1864/37/1839 1863/35/1838 1866/38/1841
f 1867/35/1842 1868/36/1843 1869/37/1844
f 1869/37/1844 1870/38/1845 1867/35/1842
f 1871/35/1846 1872/37/1847 1873/36/1848
f 1872/37/1847 1871/35/1846 1874/38/1849
f 1875/35/1850 1876/36/1851 1877/37/1852
f 1877/37/1852 1878/38/1853 1875/35/1850
f 1879/35/1854 1880/37/1855 1881/36/1856
f 1880/37/1855 1879/35/1854 1882/38/1857
f 1883/35/1858 1884/37/1859 1885/36/1860
f 1884/37/1859 1883/35/1858 1886/38/1861
f 1887/35/1862 1888/36/1863 1889/37/1864
f 1889/37/1864 1890/38/1865 1887/35/1862
f 1891/35/1866 1892/36/1867 1893/37/1868
f 1893/37/1868 1894/38/1869 1891/35/1866
f 1895/35/1870 1896/36/1871 1897/37/1872
f 1897/37/1872 1898/38/1873 1895/35/1870
f 1899/35/1874 1900/37/1875 1901/36/1876
f 1900/37/1875 1899/35/1874 1902/38/1877
f 1903/35/1878 1904/37/1879 1905/36/1880
f 1904/37/1879 1903/35/1878 1906/38/1881
f 1907/35/1882 1908/36/1883 1909/37/1884
f 1909/37/1884 1910/38/1885 1907/35/1882
f 1911/35/1886 1912/37/1887 1913/36/1888
f 1912/37/1887 1911/35/1886 1914/38/1889
f 1915/35/1890 1916/36/1891 1917/37/1892
f 1917/37/1892 1918/38/1893 1915/35/1890
f 1919/35/1894 1920/37/1895 1921/36/1896
f 1920/37/1895 1919/35/1894 1922/38/1897
f 1923/35/1898 1924/37/1899 1925/36/1900
f 1924/37/1899 1923/35/1898 1926/38/1901
f 1927/35/1902 1928/36/1903 1929/37/1904
f 1929/37/1904 1930/38/1905 1927/35/1902
f 1931/35/1906 1932/36/1907 1933/37/1908
f 1933/37/1908 1934/38/1909 1931/35/1906
f 1935/35/1910 1936/36/1911 1937/37/1912
f 1937/37/1912 1938/38/1913 1935/35/1910
f 1939/35/1914 1940/37/1915 1941/36/1916
f 1940/37/1915 1939/35/1914 1942/38/1917
f 1943/35/1918 1944/37/1919 1945/36/1920
f 1944/37/1919 1943/35/1918 1946/38/1921
f 1947/35/1922 1948/36/1923 1949/37/1924
f 1949/37/1924 1950/38/1925 1947/35/1922
f 1951/35/1926 1952/37/1927 1953/36/1928
f 1952/37/1927 1951/35/1926 1954/38/1929
f 1955/35/1930 1956/36/1931 1957/37/1932
f 1957/37/1932 1958/38/1933 1955/35/1930
f 1959/35/1934 1960/37/1935 1961/36/1936
f 1960/37/1935 1959/35/1934 1962/38/1937
f 1963/35/1938 1964/37/1939 1965/36/1940
f 1964/37/1939 1963/35/1938 1966/38/1941
f 1967/35/1942 1968/36/1943 1969/37/1944
f 1969/37/1944 1970/38/1945 1967/35/1942
f 1971/35/1946 1972/36/1947 1973/37/1948
f 1973/37/1948 1974/38/1949 1971/35/1946
f 1975/35/1950 1976/36/1951 1977/37/1952
f 1977/37/1952 1978/38/1953 1975/35/1950
f 1979/35/1954 1980/37/1955 1981/36/1956
f 1980/37/1955 1979/35/1954 1982/38/1957
f 1983/35/1958 1984/37/1959 1985/36/1960
f 1984/37/1959 1983/35/1958 1986/38/1961
f 1987/35/1962 1988/36/1963 1989/37/1964
f 1989/37/1964 1990/38/1965 1987/35/1962
f 1991/35/1966 1992/37/1967 1993/36/1968
f 1992/37/1967 1991/35/1966 1994/38/1969
f 1995/35/1970 1996/36/1971 1997/37/1972
f 1997/37/1972 1998/38/1973 1995/35/1970
f 1999/35/1974 2000/37/1975 2001/36/1976
f 2000/37/1975 1999/35/1974 2002/38/1977
f 2003/35/1978 2004/37/1979 2005/36/1980
f 2004/37/1979 2003/35/1978 2006/38/1981
f 2007/35/1982 2008/36/1983 2009/37/1984
f 2009/37/1984 2010/38/1985 2007/35/1982
f 2011/35/1986 2012/36/1987 2013/37/1988
f 2013/37/1988 2014/38/1989 2011/35/1986
f 2015/35/1990 2016/36/1991 2017/37/1992
f 2017/37/1992 2018/38/1993 2015/35/1990
f 2019/35/1994 2020/37/1995 2021/36/1996
f 2020/37/1995 2019/35/1994 2022/38/1997
f 2023/35/1998 2024/37/1999 2025/36/2000
f 2024/37/1999 2023/35/1998 2026/38/2001
f 2027/35/2002 2028/36/2003 2029/37/2004
f 2029/37/2004 2030/38/2005 2027/35/2002
f 2031/35/2006 2032/37/2007 2033/36/2008
f 2032/37/2007 2031/35/2006 2034/38/2009
f 2035/35/2010 2036/36/2011 2037/37/2012
f 2037/37/2012 2038/38/2013 2035/35/2010
f 2039/35/2014 2040/37/2015 2041/36/2016
f 2040/37/2015 2039/35/2014 2042/38/2017
f 2043/35/2018 2044/37/2019 2045/36/2020
f 2044/37/2019 2043/35/2018 2046/38/2021
f 2047/35/2022 2048/36/2023 2049/37/2024
f 2049/37/2024 2050/38/2025 2047/35/2022
f 2051/35/2026 2052/36/2027 2053/37/2028
f 2053/37/2028 2054/38/2029 2051/35/2026
f 2055/35/2030 2056/36/2031 2057/37/2032
f 2057/37/2032 2058/38/2033 2055/35/2030
f 2059/35/2034 2060/37/2035 2061/36/2036
f 2060/37/2035 2059/35/2034 2062/38/2037
f 2063/35/2038 2064/37/2039 2065/36/2040
f 2064/37/2039 2063/35/2038 2066/38/2041
f 2067/35/2042 2068/36/2043 2069/37/2044
f 2069/37/2044 2070/38/2045 2067/35/2042
f 2071/35/2046 2072/37/2047 2073/36/2048
f 2072/37/2047 2071/35/2046 2074/38/2049
f 2075/35/2050 2076/36/2051 2077/37/2052
f 2077/37/2052 2078/38/2053 2075/35/2050
f 2079/35/2054 2080/37/2055 2081/36/2056
f 2080/37/2055 2079/35/2054 2082/38/2057
f 2083/35/2058 2084/37/2059 2085/36/2060
f 2084/37/2059 2083/35/2058 2086/38/2061
f 2087/35/2062 2088/36/2063 2089/37/2064
f 2089/37/2064 2090/38/2065 2087/35/2062
f 2091/35/2066 2092/36/2067 2093/37/2068
f 2093/37/2068 2094/38/2069 2091/35/2066
f 2095/35/2070 2096/36/2071 2097/37/2072
f 2097/37/2072 2098/38/2073 2095/35/2070
f 2099/35/2074 2100/37/2075 2101/36/2076
f 2100/37/2075 2099/35/2074 2102/38/2077
f 2103/35/2078 2104/37/2079 2105/36/2080
f 2104/37/2079 2103/35/2078 2106/38/2081
f 2107/35/2082 2108/36/2083 2109/37/2084
f 2109/37/2084 2110/38/2085 2107/35/2082
f 2111/35/2086 2112/37/2087 2113/36/2088
f 2112/37/2087 2111/35/2086 2114/38/2089
f 2115/35/2090 2116/36/2091 2117/37/2092
f 2117/37/2092 2118/38/2093 2115/35/2090
f 2119/35/2094 2120/37/2095 2121/36/2096
f 2120/37/2095 2119/35/2094 2122/38/2097
f 2123/35/2098 2124/37/2099 2125/36/2100
f 2124/37/2099 2123/35/2098 2126/38/2101
f 2127/35/2102 2128/36/2103 2129/37/2104
f 2129/37/2104 2130/38/2105 2127/35/2102
f 2131/35/2106 2132/36/2107 2133/37/2108
f 2133/37/2108 2134/38/2109 2131/35/2106
f 2135/35/2110 2136/36/2111 2137/37/2112
f 2137/37/2112 2138/38/2113 2135/35/2110
f 2139/35/2114 2140/37/2115 2141/36/2116
f 2140/37/2115 2139/35/2114 2142/38/2117
f 2143/35/2118 2144/37/2119 2145/36/2120
f 2144/37/2119 2143/35/2118 2146/38/2121
f 2147/35/2122 2148/36/2123 2149/37/2124
f 2149/37/2124 2150/38/2125 2147/35/2122
f 2151/35/2126 2152/37/2127 2153/36/2128
f 2152/37/2127 2151/35/2126 2154/38/2129
f 2155/35/2130 2156/36/2131 2157/37/2132
f 2157/37/2132 2158/38/2133 2155/35/2130
f 2159/35/2134 2160/37/2135 2161/36/2136
f 2160/37/2135 2159/35/2134 2162/38/2137
f 2163/35/2138 2164/37/2139 2165/36/2140
f 2164/37/2139 2163/35/2138 2166/38/2141
f 2167/35/2142 2168/36/2143 2169/37/2144
f 2169/37/2144 2170/38/2145 2167/35/2142
f 2171/35/2146 2172/36/2147 2173/37/2148
f 2173/37/2148 2174/38/2149 2171/35/2146
f 2175/35/2150 2176/36/2151 2177/37/2152
f 2177/37/2152 2178/38/2153 2175/35/2150
f 2179/35/2154 2180/37/2155 2181/36/2156
f 2180/37/2155 2179/35/2154 2182/38/2157
f 2183/35/2158 2184/37/2159 2185/36/2160
f 2184/37/2159 2183/35/2158 2186/38/2161
f 2187/35/2162 2188/36/2163 2189/37/2164
f 2189/37/2164 2190/38/2165 2187/35/2162
f 2191/35/2166 2192/37/2167 2193/36/2168
f 2192/37/2167 2191/35/2166 2194/38/2169
f 2195/35/2170 2196/36/2171 2197/37/2172
f 2197/37/2172 2198/38/2173 2195/35/2170
f 2199/35/2174 2200/37/2175 2201/36/2176
f 2200/37/2175 2199/35/2174 2202/38/2177
f 2203/35/2178 2204/37/2179 2205/36/2180
f 2204/37/2179 2203/35/2178 2206/38/2181
f 2207/35/2182 2208/36/2183 2209/37/2184
f 2209/37/2184 2210/38/2185 2207/35/2182
f 2211/35/2186 2212/36/2187 2213/37/2188
f 2213/37/2188 2214/38/2189 2211/35/2186
f 2215/35/2190 2216/36/2191 2217/37/2192
f 2217/37/2192 2218/38/2193 2215/35/2190
f 2219/35/2194 2220/37/2195 2221/36/2196
f 2220/37/2195 2219/35/2194 2222/38/2197
f 2223/35/2198 2224/37/2199 2225/36/2200
f 2224/37/2199 2223/35/2198 2226/38/2201
f 2227/35/2202 2228/36/2203 2229/37/2204
f 2229/37/2204 2230/38/2205 2227/35/2202
f 2231/35/2206 2232/37/2207 2233/36/2208
f 2232/37/2207 2231/35/2206 2234/38/2209
f 2235/35/2210 2236/36/2211 2237/37/2212
f 2237/37/2212 2238/38/2213 2235/35/2210
f 2239/35/2214 2240/37/2215 2241/36/2216
f 2240/37/2215 2239/35/2214 2242/38/2217
f 2243/35/2218 2244/37/2219 2245/36/2220
f 2244/37/2219 2243/35/2218 2246/38/2221
f 2247/35/2222 2248/36/2223 2249/37/2224
f 2249/37/2224 2250/38/2225 2247/35/2222
f 2251/35/2226 2252/36/2227 2253/37/2228
f 2253/37/2228 2254/38/2229 2251/35/2226
f 2255/35/2230 2256/36/2231 2257/37/2232
f 2257/37/2232 2258/38/2233 2255/35/2230
f 2259/35/2234 2260/37/2235 2261/36/2236
f 2260/37/2235 2259/35/2234 2262/38/2237
f 2263/35/2238 2264/37/2239 2265/36/2240
f 2264/37/2239 2263/35/2238 2266/38/2241
f 2267/35/2242 2268/36/2243 2269/37/2244
f 2269/37/2244 2270/38/2245 2267/35/2242
f 2271/35/2246 2272/37/2247 2273/36/2248
f 2272/37/2247 2271/35/2246 2274/38/2249
f 2275/35/2250 2276/36/2251 2277/37/2252
f 2277/37/2252 2278/38/2253 2275/35/2250
f 2279/35/2254 2280/37/2255 2281/36/2256
f 2280/37/2255 2279/35/2254 2282/38/2257
f 2283/35/2258 2284/37/2259 2285/36/2260
f 2284/37/2259 2283/35/2258 2286/38/2261
f 2287/35/2262 2288/36/2263 2289/37/2264
f 2289/37/2264 2290/38/2265 2287/35/2262
f 2291/35/2266 2292/36/2267 2293/37/2268
f 2293/37/2268 2294/38/2269 2291/35/2266
f 2295/35/2270 2296/36/2271 2297/37/2272
f 2297/37/2272 2298/38/2273 2295/35/2270
f 2299/35/2274 2300/37/2275 2301/36/2276
f 2300/37/2275 2299/35/2274 2302/38/2277
f 2303/35/2278 2304/37/2279 2305/36/2280
f 2304/37/2279 2303/35/2278 2306/38/2281
f 2307/35/2282 2308/36/2283 2309/37/2284
f 2309/37/2284 2310/38/2285 2307/35/2282
f 2311/35/2286 2312/37/2287 2313/36/2288
f 2312/37/2287 2311/35/2286 2314/38/2289
f 2315/35/2290 2316/36/2291 2317/37/2292
f 2317/37/2292 2318/38/2293 2315/35/2290
f 2319/35/2294 2320/37/2295 2321/36/2296
f 2320/37/2295 2319/35/2294 2322/38/2297
f 2323/35/2298 2324/37/2299 2325/36/2300
f 2324/37/2299 2323/35/2298 2326/38/2301
f 2327/35/2302 2328/36/2303 2329/37/2304
f 2329/37/2304 2330/38/2305 2327/35/2302
f 2331/35/2306 2332/36/2307 2333/37/2308
f 2333/37/2308 2334/38/2309 2331/35/2306
f 2335/35/2310 2336/36/2311 2337/37/2312
f 2337/37/2312 2338/38/2313 2335/35/2310
f 2339/35/2314 2340/37/2315 2341/36/2316
f 2340/37/2315 2339/35/2314 2342/38/2317
f 2343/35/2318 2344/37/2319 2345/36/2320
f 2344/37/2319 2343/35/2318 2346/38/2321
f 2347/35/2322 2348/36/2323 2349/37/2324
f 2349/37/2324 2350/38/2325 2347/35/2322
f 2351/35/2326 2352/37/2327 2353/36/2328
f 2352/37/2327 2351/35/2326 2354/38/2329
f 2355/35/2330 2356/36/2331 2357/37/2332
f 2357/37/2332 2358/38/2333 2355/35/2330
f 2359/35/2334 2360/37/2335 2361/36/2336
f 2360/37/2335 2359/35/2334 2362/38/2337
f 2363/35/2338 2364/37/2339 2365/36/2340
f 2364/37/2339 2363/35/2338 2366/38/2341
f 2367/35/2342 2368/36/2343 2369/37/2344
f 2369/37/2344 2370/38/2345 2367/35/2342
f 2371/35/2346 2372/36/2347 2373/37/2348
f 2373/37/2348 2374/38/2349 2371/35/2346
f 2375/35/2350 2376/36/2351 2377/37/2352
f 2377/37/2352 2378/38/2353 2375/35/2350
f 2379/35/2354 2380/37/2355 2381/36/2356
f 2380/37/2355 2379/35/2354 2382/38/2357
f 2383/35/2358 2384/37/2359 2385/36/2360
f 2384/37/2359 2383/35/2358 2386/38/2361
f 2387/35/2362 2388/36/2363 2389/37/2364
f 2389/37/2364 2390/38/2365 2387/35/2362
f 2391/35/2366 2392/37/2367 2393/36/2368
f 2392/37/2367 2391/35/2366 2394/38/2369
f 2395/35/2370 2396/36/2371 2397/37/2372
f 2397/37/2372 2398/38/2373 2395/35/2370
f 2399/35/2374 2400/37/2375 2401/36/2376
f 2400/37/2375 2399/35/2374 2402/38/2377
f 2403/35/2378 2404/37/2379 2405/36/2380
f 2404/37/2379 2403/35/2378 2406/38/2381
f 2407/35/2382 2408/36/2383 2409/37/2384
f 2409/37/2384 2410/38/2385 2407/35/2382
f 2411/35/2386 2412/36/2387 2413/37/2388
f 2413/37/2388 2414/38/2389 2411/35/2386
f 2415/35/2390 2416/36/2391 2417/37/2392
f 2417/37/2392 2418/38/2393 2415/35/2390
f 2419/35/2394 2420/37/2395 2421/36/2396
f 2420/37/2395 2419/35/2394 2422/38/2397
f 2423/35/2398 2424/37/2399 2425/36/2400
f 2424/37/2399 2423/35/2398 2426/38/2401
f 2427/35/2402 2428/36/2403 2429/37/2404
f 2429/37/2404 2430/38/2405 2427/35/2402
f 2431/35/2406 2432/37/2407 2433/36/2408
f 2432/37/2407 2431/35/2406 2434/38/2409
f 2435/35/2410 2436/36/2411 2437/37/2412
f 2437/37/2412 2438/38/2413 2435/35/2410
f 2439/35/2414 2440/37/2415 2441/36/2416
f 2440/37/2415 2439/35/2414 2442/38/2417
f 2443/35/2418 2444/37/2419 2445/36/2420
f 2444/37/2419 2443/35/2418 2446/38/2421
f 2447/35/2422 2448/36/2423 2449/37/2424
f 2449/37/2424 2450/38/2425 2447/35/2422
f 2451/35/2426 2452/36/2427 2453/37/2428
f 2453/37/2428 2454/38/2429 2451/35/2426
f 2455/35/2430 2456/36/2431 2457/37/2432
f 2457/37/2432 2458/38/2433 2455/35/2430
f 2459/35/2434 2460/37/2435 2461/36/2436
f 2460/37/2435 2459/35/2434 2462/38/2437
f 2463/35/2438 2464/37/2439 2465/36/2440
f 2464/37/2439 2463/35/2438 2466/38/2441
f 2467/35/2442 2468/36/2443 2469/37/2444
f 2469/37/2444 2470/38/2445 2467/35/2442
f 2471/35/2446 2472/37/2447 2473/36/2448
f 2472/37/2447 2471/35/2446 2474/38/2449
f 2475/35/2450 2476/36/2451 2477/37/2452
f 2477/37/2452 2478/38/2453 2475/35/2450
f 2479/35/2454 2480/37/2455 2481/36/2456
f 2480/37/2455 2479/35/2454 2482/38/2457
f 2483/35/2458 2484/37/2459 2485/36/2460
f 2484/37/2459 2483/35/2458 2486/38/2461
f 2487/35/2462 2488/36/2463 2489/37/2464
f 2489/37/2464 2490/38/2465 2487/35/2462
f 2491/35/2466 2492/36/2467 2493/37/2468
f 2493/37/2468 2494/38/2469 2491/35/2466
f 2495/35/2470 2496/36/2471 2497/37/2472
f 2497/37/2472 2498/38/2473 2495/35/2470
f 2499/35/2474 2500/37/2475 2501/36/2476
f 2500/37/2475 2499/35/2474 2502/38/2477
f 2503/35/2478 2504/37/2479 2505/36/2480
f 2504/37/2479 2503/35/2478 2506/38/2481
f 2507/35/2482 2508/36/2483 2509/37/2484
f 2509/37/2484 2510/38/2485 2507/35/2482
f 2511/35/2486 2512/37/2487 2513/36/2488
f 2512/37/2487 2511/35/2486 2514/38/2489
f 2515/35/2490 2516/36/2491 2517/37/2492
f 2517/37/2492 2518/38/2493 2515/35/2490
f 2519/35/2494 2520/37/2495 2521/36/2496
f 2520/37/2495 2519/35/2494 2522/38/2497
f 2523/35/2498 2524/37/2499 2525/36/2500
f 2524/37/2499 2523/35/2498 2526/38/2501
f 2527/35/2502 2528/36/2503 2529/37/2504
f 2529/37/2504 2530/38/2505 2527/35/2502
f 2531/35/2506 2532/36/2507 2533/37/2508
f 2533/37/2508 2534/38/2509 2531/35/2506
f 2535/35/2510 2536/36/2511 2537/37/2512
f 2537/37/2512 2538/38/2513 2535/35/2510
f 2539/35/2514 2540/37/2515 2541/36/2516
f 2540/37/2515 2539/35/2514 2542/38/2517
f 2543/35/2518 2544/37/2519 2545/36/2520
f 2544/37/2519 2543/35/2518 2546/38/2521
f 2547/35/2522 2548/36/2523 2549/37/2524
f 2549/37/2524 2550/38/2525 2547/35/2522
f 2551/35/2526 2552/37/2527 2553/36/2528
f 2552/37/2527 2551/35/2526 2554/38/2529
f 2555/35/2530 2556/36/2531 2557/37/2532
f 2557/37/2532 2558/38/2533 2555/35/2530
f 2559/35/2534 2560/37/2535 2561/36/2536
f 2560/37/2535 2559/35/2534 2562/38/2537
f 2563/35/2538 2564/37/2539 2565/36/2540
f 2564/37/2539 2563/35/2538 2566/38/2541
f 2567/35/2542 2568/36/2543 2569/37/2544
f 2569/37/2544 2570/38/2545 2567/35/2542
f 2571/35/2546 2572/36/2547 2573/37/2548
f 2573/37/2548 2574/38/2549 2571/35/2546
f 2575/35/2550 2576/36/2551 2577/37/2552
f 2577/37/2552 2578/38/2553 2575/35/2550
f 2579/35/2554 2580/37/2555 2581/36/2556
f 2580/37/2555 2579/35/2554 2582/38/2557
f 2583/35/2558 2584/37/2559 2585/36/2560
f 2584/37/2559 2583/35/2558 2586/38/2561
f 2587/35/2562 2588/36/2563 2589/37/2564
f 2589/37/2564 2590/38/2565 2587/35/2562
f 2591/35/2566 2592/37/2567 2593/36/2568
f 2592/37/2567 2591/35/2566 2594/38/2569
f 2595/35/2570 2596/36/2571 2597/37/2572
f 2597/37/2572 2598/38/2573 2595/35/2570
f 2599/35/2574 2600/37/2575 2601/36/2576
f 2600/37/2575 2599/35/2574 2602/38/2577
f 2603/35/2578 2604/37/2579 2605/36/2580
f 2604/37/2579 2603/35/2578 2606/38/2581
f 2607/35/2582 2608/36/2583 2609/37/2584
f 2609/37/2584 2610/38/2585 2607/35/2582
f 2611/35/2586 2612/36/2587 2613/37/2588
f 2613/37/2588 2614/38/2589 2611/35/2586
f 2615/35/2590 2616/36/2591 2617/37/2592
f 2617/37/2592 2618/38/2593 2615/35/2590
f 2619/35/2594 2620/37/2595 2621/36/2596
f 2620/37/2595 2619/35/2594 2622/38/2597
f 2623/35/2598 2624/37/2599 2625/36/2600
f 2624/37/2599 2623/35/2598 2626/38/2601
f 2627/35/2602 2628/36/2603 2629/37/2604
f 2629/37/2604 2630/38/2605 2627/35/2602
f 2631/35/2606 2632/37/2607 2633/36/2608
f 2632/37/2607 2631/35/2606 2634/38/2609
f 2635/35/2610 2636/36/2611 2637/37/2612
f 2637/37/2612 2638/38/2613 2635/35/2610
f 2639/35/2614 2640/37/2615 2641/36/2616
f 2640/37/2615 2639/35/2614 2642/38/2617
f 2643/35/2618 2644/37/2619 2645/36/2620
f 2644/37/2619 2643/35/2618 2646/38/2621
f 2647/35/2622 2648/36/2623 2649/37/2624
f 2649/37/2624 2650/38/2625 2647/35/2622
f 2651/35/2626 2652/36/2627 2653/37/2628
f 2653/37/2628 2654/38/2629 2651/35/2626
f 2655/35/2630 2656/36/2631 2657/37/2632
f 2657/37/2632 2658/38/2633 2655/35/2630
f 2659/35/2634 2660/37/2635 2661/36/2636
f 2660/37/2635 2659/35/2634 2662/38/2637
f 2663/35/2638 2664/37/2639 2665/36/2640
f 2664/37/2639 2663/35/2638 2666/38/2641
f 2667/35/2642 2668/36/2643 2669/37/2644
f 2669/37/2644 2670/38/2645 2667/35/2642
f 2671/35/2646 2672/37/2647 2673/36/2648
f 2672/37/2647 2671/35/2646 2674/38/2649
f 2675/35/2650 2676/36/2651 2677/37/2652
f 2677/37/2652 2678/38/2653 2675/35/2650
f 2679/35/2654 2680/37/2655 2681/36/2656
f 2680/37/2655 2679/35/2654 2682/38/2657
f 2683/35/2658 2684/37/2659 2685/36/2660
f 2684/37/2659 2683/35/2658 2686/38/2661
f 2687/35/2662 2688/36/2663 2689/37/2664
f 2689/37/2664 2690/38/2665 2687/35/2662
f 2691/35/2666 2692/36/2667 2693/37/2668
f 2693/37/2668 2694/38/2669 2691/35/2666
f 2695/35/2670 2696/36/2671 2697/37/2672
f 2697/37/2672 2698/38/2673 2695/35/2670
f 2699/35/2674 2700/37/2675 2701/36/2676
f 2700/37/2675 2699/35/2674 2702/38/2677
f 2703/35/2678 2704/37/2679 2705/36/2680
f 2704/37/2679 2703/35/2678 2706/38/2681
f 2707/35/2682 2708/36/2683 2709/37/2684
f 2709/37/2684 2710/38/2685 2707/35/2682
f 2711/35/2686 2712/37/2687 2713/36/2688
f 2712/37/2687 2711/35/2686 2714/38/2689
f 2715/35/2690 2716/36/2691 2717/37/2692
f 2717/37/2692 2718/38/2693 2715/35/2690
f 2719/35/2694 2720/37/2695 2721/36/2696
f 2720/37/2695 2719/35/2694 2722/38/2697
f 2723/35/2698 2724/37/2699 2725/36/2700
f 2724/37/2699 2723/35/2698 2726/38/2701
f 2727/35/2702 2728/36/2703 2729/37/2704
f 2729/37/2704 2730/38/2705 2727/35/2702
f 2731/35/2706 2732/36/2707 2733/37/2708
f 2733/37/2708 2734/38/2709 2731/35/2706
f 2735/35/2710 2736/36/2711 2737/37/2712
f 2737/37/2712 2738/38/2713 2735/35/2710
f 2739/35/2714 2740/37/2715 2741/36/2716
f 2740/37/2715 2739/35/2714 2742/38/2717
f 2743/35/2718 2744/37/2719 2745/36/2720
f 2744/37/2719 2743/35/2718 2746/38/2721
f 2747/35/2722 2748/36/2723 2749/37/2724
f 2749/37/2724 2750/38/2725 2747/35/2722
f 2751/35/2726 2752/37/2727 2753/36/2728
f 2752/37/2727 2751/35/2726 2754/38/2729
f 2755/35/2730 2756/36/2731 2757/37/2732
f 2757/37/2732 2758/38/2733 2755/35/2730
f 2759/35/2734 2760/37/2735 2761/36/2736
f 2760/37/2735 2759/35/2734 2762/38/2737
f 2763/35/2738 2764/37/2739 2765/36/2740
f 2764/37/2739 2763/35/2738 2766/38/2741
f 2767/35/2742 2768/36/2743 2769/37/2744
f 2769/37/2744 2770/38/2745 2767/35/2742
f 2771/35/2746 2772/36/2747 2773/37/2748
f 2773/37/2748 2774/38/2749 2771/35/2746
f 2775/35/2750 2776/36/2751 2777/37/2752
f 2777/37/2752 2778/38/2753 2775/35/2750
f 2779/35/2754 2780/37/2755 2781/36/2756
f 2780/37/2755 2779/35/2754 2782/38/2757
f 2783/35/2758 2784/37/2759 2785/36/2760
f 2784/37/2759 2783/35/2758 2786/38/2761
f 2787/35/2762 2788/36/2763 2789/37/2764
f 2789/37/2764 2790/38/2765 2787/35/2762
f 2791/35/2766 2792/37/2767 2793/36/2768
f 2792/37/2767 2791/35/2766 2794/38/2769
f 2795/35/2770 2796/36/2771 2797/37/2772
f 2797/37/2772 2798/38/2773 2795/35/2770
f 2799/35/2774 2800/37/2775 2801/36/2776
f 2800/37/2775 2799/35/2774 2802/38/2777
f 2803/35/2778 2804/37/2779 2805/36/2780
f 2804/37/2779 2803/35/2778 2806/38/2781
f 2807/35/2782 2808/36/2783 2809/37/2784
f 2809/37/2784 2810/38/2785 2807/35/2782
f 2811/35/2786 2812/36/2787 2813/37/2788
f 2813/37/2788 2814/38/2789 2811/35/2786
f 2815/35/2790 2816/36/2791 2817/37/2792
f 2817/37/2792 2818/38/2793 2815/35/2790
f 2819/35/2794 2820/37/2795 2821/36/2796
f 2820/37/2795 2819/35/2794 2822/38/2797
f 2823/35/2798 2824/37/2799 2825/36/2800
f 2824/37/2799 2823/35/2798 2826/38/2801
f 2827/35/2802 2828/36/2803 2829/37/2804
f 2829/37/2804 2830/38/2805 2827/35/2802
f 2831/35/2806 2832/37/2807 2833/36/2808
f 2832/37/2807 2831/35/2806 2834/38/2809
f 2835/35/2810 2836/36/2811 2837/37/2812
f 2837/37/2812 2838/38/2813 2835/35/2810
f 2839/35/2814 2840/37/2815 2841/36/2816
f 2840/37/2815 2839/35/2814 2842/38/2817
f 2843/35/2818 2844/37/2819 2845/36/2820
f 2844/37/2819 2843/35/2818 2846/38/2821
f 2847/35/2822 2848/36/2823 2849/37/2824
f 2849/37/2824 2850/38/2825 2847/35/2822
f 2851/35/2826 2852/36/2827 2853/37/2828
f 2853/37/2828 2854/38/2829 2851/35/2826
f 2855/35/2830 2856/36/2831 2857/37/2832
f 2857/37/2832 2858/38/2833 2855/35/2830
f 2859/35/2834 2860/37/2835 2861/36/2836
f 2860/37/2835 2859/35/2834 2862/38/2837
f 2863/35/2838 2864/37/2839 2865/36/2840
f 2864/37/2839 2863/35/2838 2866/38/2841
f 2867/35/2842 2868/36/2843 2869/37/2844
f 2869/37/2844 2870/38/2845 2867/35/2842
f 2871/35/2846 2872/37/2847 2873/36/2848
f 2872/37/2847 2871/35/2846 2874/38/2849
f 2875/35/2850 2876/36/2851 2877/37/2852
f 2877/37/2852 2878/38/2853 2875/35/2850
f 2879/35/2854 2880/37/2855 2881/36/2856
f 2880/37/2855 2879/35/2854 2882/38/2857
f 2883/35/2858 2884/37/2859 2885/36/2860
f 2884/37/2859 2883/35/2858 2886/38/2861
f 2887/35/2862 2888/36/2863 2889/37/2864
f 2889/37/2864 2890/38/2865 2887/35/2862
f 2891/35/2866 2892/36/2867 2893/37/2868
f 2893/37/2868 2894/38/2869 2891/35/2866
f 2895/35/2870 2896/36/2871 2897/37/2872
f 2897/37/2872 2898/38/2873 2895/35/2870
f 2899/35/2874 2900/37/2875 2901/36/2876
f 2900/37/2875 2899/35/2874 2902/38/2877
f 2903/35/2878 2904/37/2879 2905/36/2880
f 2904/37/2879 2903/35/2878 2906/38/2881
f 2907/35/2882 2908/36/2883 2909/37/2884
f 2909/37/2884 2910/38/2885 2907/35/2882
f 2911/35/2886 2912/37/2887 2913/36/2888
f 2912/37/2887 2911/35/2886 2914/38/2889
f 2915/35/2890 2916/36/2891 2917/37/2892
f 2917/37/2892 2918/38/2893 2915/35/2890
f 2919/35/2894 2920/37/2895 2921/36/2896
f 2920/37/2895 2919/35/2894 2922/38/2897
f 2923/35/2898 2924/37/2899 2925/36/2900
f 2924/37/2899 2923/35/2898 2926/38/2901
f 2927/35/2902 2928/36/2903 2929/37/2904
f 2929/37/2904 2930/38/2905 2927/35/2902
f 2931/35/2906 2932/36/2907 2933/37/2908
f 2933/37/2908 2934/38/2909 2931/35/2906
f 2935/35/2910 2936/36/2911 2937/37/2912
f 2937/37/2912 2938/38/2913 2935/35/2910
f 2939/35/2914 2940/37/2915 2941/36/2916
f 2940/37/2915 2939/35/2914 2942/38/2917
f 2943/35/2918 2944/37/2919 2945/36/2920
f 2944/37/2919 2943/35/2918 2946/38/2921
f 2947/35/2922 2948/36/2923 2949/37/2924
f 2949/37/2924 2950/38/2925 2947/35/2922
f 2951/35/2926 2952/37/2927 2953/36/2928
f 2952/37/2927 2951/35/2926 2954/38/2929
f 2955/35/2930 2956/36/2931 2957/37/2932
f 2957/37/2932 2958/38/2933 2955/35/2930
f 2959/35/2934 2960/37/2935 2961/36/2936
f 2960/37/2935 2959/35/2934 2962/38/2937
f 2963/35/2938 2964/37/2939 2965/36/2940
f 2964/37/2939 2963/35/2938 2966/38/2941
f 2967/35/2942 2968/36/2943 2969/37/2944
f 2969/37/2944 2970/38/2945 2967/35/2942
f 2971/35/2946 2972/36/2947 2973/37/2948
f 2973/37/2948 2974/38/2949 2971/35/2946
f 2975/35/2950 2976/36/2951 2977/37/2952
f 2977/37/2952 2978/38/2953 2975/35/2950
f 2979/35/2954 2980/37/2955 2981/36/2956
f 2980/37/2955 2979/35/2954 2982/38/2957
f 2983/35/2958 2984/37/2959 2985/36/2960
f 2984/37/2959 2983/35/2958 2986/38/2961
f 2987/35/2962 2988/36/2963 2989/37/2964
f 2989/37/2964 2990/38/2965 2987/35/2962
f 2991/35/2966 2992/37/2967 2993/36/2968
f 2992/37/2967 2991/35/2966 2994/38/2969
f 2995/35/2970 2996/36/2971 2997/37/2972
f 2997/37/2972 2998/38/2973 2995/35/2970
f 2999/35/2974 3000/37/2975 3001/36/2976
f 3000/37/2975 2999/35/2974 3002/38/2977
f 3003/35/2978 3004/37/2979 3005/36/2980
f 3004/37/2979 3003/35/2978 3006/38/2981
f 3007/35/2982 3008/36/2983 3009/37/2984
f 3009/37/2984 3010/38/2985 3007/35/2982
f 3011/35/2986 3012/36/2987 3013/37/2988
f 3013/37/2988 3014/38/2989 3011/35/2986
f 3015/35/2990 3016/36/2991 3017/37/2992
f 3017/37/2992 3018/38/2993 3015/35/2990
f 3019/35/2994 3020/37/2995 3021/36/2996
f 3020/37/2995 3019/35/2994 3022/38/2997
f 3023/35/2998 3024/37/2999 3025/36/3000
f 3024/37/2999 3023/35/2998 3026/38/3001
f 3027/35/3002 3028/36/3003 3029/37/3004
f 3029/37/3004 3030/38/3005 3027/35/3002
f 3031/35/3006 3032/37/3007 3033/36/3008
f 3032/37/3007 3031/35/3006 3034/38/3009
f 3035/35/3010 3036/36/3011 3037/37/3012
f 3037/37/3012 3038/38/3013 3035/35/3010
f 3039/35/3014 3040/37/3015 3041/36/3016
f 3040/37/3015 3039/35/3014 3042/38/3017
f 3043/35/3018 3044/37/3019 3045/36/3020
f 3044/37/3019 3043/35/3018 3046/38/3021
f 3047/35/3022 3048/36/3023 3049/37/3024
f 3049/37/3024 3050/38/3025 3047/35/3022
f 3051/35/3026 3052/36/3027 3053/37/3028
f 3053/37/3028 3054/38/3029 3051/35/3026
f 3055/35/3030 3056/36/3031 3057/37/3032
f 3057/37/3032 3058/38/3033 3055/35/3030
f 3059/35/3034 3060/37/3035 3061/36/3036
f 3060/37/3035 3059/35/3034 3062/38/3037
f 3063/35/3038 3064/37/3039 3065/36/3040
f 3064/37/3039 3063/35/3038 3066/38/3041
f 3067/35/3042 3068/36/3043 3069/37/3044
f 3069/37/3044 3070/38/3045 3067/35/3042
f 3071/35/3046 3072/37/3047 3073/36/3048
f 3072/37/3047 3071/35/3046 3074/38/3049
f 3075/35/3050 3076/36/3051 3077/37/3052
f 3077/37/3052 3078/38/3053 3075/35/3050
f 3079/35/3054 3080/37/3055 3081/36/3056
f 3080/37/3055 3079/35/3054 3082/38/3057
f 3083/35/3058 3084/37/3059 3085/36/3060
f 3084/37/3059 3083/35/3058 3086/38/3061
f 3087/35/3062 3088/36/3063 3089/37/3064
f 3089/37/3064 3090/38/3065 3087/35/3062
f 3091/35/3066 3092/36/3067 3093/37/3068
f 3093/37/3068 3094/38/3069 3091/35/3066
f 3095/35/3070 3096/36/3071 3097/37/3072
f 3097/37/3072 3098/38/3073 3095/35/3070
f 3099/35/3074 3100/37/3075 3101/36/3076
f 3100/37/3075 3099/35/3074 3102/38/3077
f 3103/35/3078 3104/37/3079 3105/36/3080
f 3104/37/3079 3103/35/3078 3106/38/3081
f 3107/35/3082 3108/36/3083 3109/37/3084
f 3109/37/3084 3110/38/3085 3107/35/3082
f 3111/35/3086 3112/37/3087 3113/36/3088
f 3112/37/3087 3111/35/3086 3114/38/3089
f 3115/35/3090 3116/36/3091 3117/37/3092
f 3117/37/3092 3118/38/3093 3115/35/3090
f 3119/35/3094 3120/37/3095 3121/36/3096
f 3120/37/3095 3119/35/3094 3122/38/3097
f 3123/35/3098 3124/37/3099 3125/36/3100
f 3124/37/3099 3123/35/3098 3126/38/3101
f 3127/35/3102 3128/36/3103 3129/37/3104
f 3129/37/3104 3130/38/3105 3127/35/3102
f 3131/35/3106 3132/36/3107 3133/37/3108
f 3133/37/3108 3134/38/3109 3131/35/3106
f 3135/35/3110 3136/36/3111 3137/37/3112
f 3137/37/3112 3138/38/3113 3135/35/3110
f 3139/35/3114 3140/37/3115 3141/36/3116
f 3140/37/3115 3139/35/3114 3142/38/3117
f 3143/35/3118 3144/37/3119 3145/36/3120
f 3144/37/3119 3143/35/3118 3146/38/3121
f 3147/35/3122 3148/36/3123 3149/37/3124
f 3149/37/3124 3150/38/3125 3147/35/3122
f 3151/35/3126 3152/37/3127 3153/36/3128
f 3152/37/3127 3151/35/3126 3154/38/3129
f 3155/35/3130 3156/36/3131 3157/37/3132
f 3157/37/3132 3158/38/3133 3155/35/3130
f 3159/35/3134 3160/37/3135 3161/36/3136
f 3160/37/3135 3159/35/3134 3162/38/3137
f 3163/35/3138 3164/37/3139 3165/36/3140
f 3164/37/3139 3163/35/3138 3166/38/3141
f 3167/35/3142 3168/36/3143 3169/37/3144
f 3169/37/3144 3170/38/3145 3167/35/3142
f 3171/35/3146 3172/36/3147 3173/37/3148
f 3173/37/3148 3174/38/3149 3171/35/3146
f 3175/35/3150 3176/36/3151 3177/37/3152
f 3177/37/3152 3178/38/3153 3175/35/3150
f 3179/35/3154 3180/37/3155 3181/36/3156
f 3180/37/3155 3179/35/3154 3182/38/3157
f 3183/35/3158 3184/37/3159 3185/36/3160
f 3184/37/3159 3183/35/3158 3186/38/3161
f 3187/35/3162 3188/36/3163 3189/37/3164
f 3189/37/3164 3190/38/3165 3187/35/3162
f 3191/35/3166 3192/37/3167 3193/36/3168
f 3192/37/3167 3191/35/3166 3194/38/3169
f 3195/35/3170 3196/36/3171 3197/37/3172
f 3197/37/3172 3198/38/3173 3195/35/3170
f 3199/35/3174 3200/37/3175 3201/36/3176
f 3200/37/3175 3199/35/3174 3202/38/3177
f 3203/35/3178 3204/37/3179 3205/36/3180
f 3204/37/3179 3203/35/3178 3206/38/3181
f 3207/35/3182 3208/36/3183 3209/37/3184
f 3209/37/3184 3210/38/3185 3207/35/3182
f 3211/35/3186 3212/36/3187 3213/37/3188
f 3213/37/3188 3214/38/3189 3211/35/3186
f 3215/35/3190 3216/36/3191 3217/37/3192
f 3217/37/3192 3218/38/3193 3215/35/3190
f 3219/35/3194 3220/37/3195 3221/36/3196
f 3220/37/3195 3219/35/3194 3222/38/3197
f 3223/35/3198 3224/37/3199 3225/36/3200
f 3224/37/3199 3223/35/3198 3226/38/3201
f 3227/35/3202 3228/36/3203 3229/37/3204
f 3229/37/3204 3230/38/3205 3227/35/3202
f 3231/35/3206 3232/37/3207 3233/36/3208
f 3232/37/3207 3231/35/3206 3234/38/3209
f 3235/35/3210 3236/36/3211 3237/37/3212
f 3237/37/3212 3238/38/3213 3235/35/3210
f 3239/35/3214 3240/37/3215 3241/36/3216
f 3240/37/3215 3239/35/3214 3242/38/3217
f 3243/35/3218 3244/37/3219 3245/36/3220
f 3244/37/3219 3243/35/3218 3246/38/3221
f 3247/35/3222 3248/36/3223 3249/37/3224
f 3249/37/3224 3250/38/3225 3247/35/3222
f 3251/35/3226 3252/36/3227 3253/37/3228
f 3253/37/3228 3254/38/3229 3251/35/3226
f 3255/35/3230 3256/36/3231 3257/37/3232
f 3257/37/3232 3258/38/3233 3255/35/3230
f 3259/35/3234 3260/37/3235 3261/36/3236
f 3260/37/3235 3259/35/3234 3262/38/3237
f 3263/35/3238 3264/37/3239 3265/36/3240
f 3264/37/3239 3263/35/3238 3266/38/3241
f 3267/35/3242 3268/36/3243 3269/37/3244
f 3269/37/3244 3270/38/3245 3267/35/3242
f 3271/35/3246 3272/37/3247 3273/36/3248
f 3272/37/3247 3271/35/3246 3274/38/3249
f 3275/35/3250 3276/36/3251 3277/37/3252
f 3277/37/3252 3278/38/3253 3275/35/3250
f 3279/35/3254 3280/37/3255 3281/36/3256
f 3280/37/3255 3279/35/3254 3282/38/3257
f 3283/35/3258 3284/37/3259 3285/36/3260
f 3284/37/3259 3283/35/3258 3286/38/3261
f 3287/35/3262 3288/36/3263 3289/37/3264
f 3289/37/3264 3290/38/3265 3287/35/3262
f 3291/35/3266 3292/36/3267 3293/37/3268
f 3293/37/3268 3294/38/3269 3291/35/3266
f 3295/35/3270 3296/36/3271 3297/37/3272
f 3297/37/3272 3298/38/3273 3295/35/3270
f 3299/35/3274 3300/37/3275 3301/36/3276
f 3300/37/3275 3299/35/3274 3302/38/3277
f 3303/35/3278 3304/37/3279 3305/36/3280
f 3304/37/3279 3303/35/3278 3306/38/3281
f 3307/35/3282 3308/36/3283 3309/37/3284
f 3309/37/3284 3310/38/3285 3307/35/3282
f 3311/35/3286 3312/37/3287 3313/36/3288
f 3312/37/3287 3311/35/3286 3314/38/3289
f 3315/35/3290 3316/36/3291 3317/37/3292
f 3317/37/3292 3318/38/3293 3315/35/3290
f 3319/35/3294 3320/37/3295 3321/36/3296
f 3320/37/3295 3319/35/3294 3322/38/3297
f 3323/35/3298 3324/37/3299 3325/36/3300
f 3324/37/3299 3323/35/3298 3326/38/3301
f 3327/35/3302 3328/36/3303 3329/37/3304
f 3329/37/3304 3330/38/3305 3327/35/3302
f 3331/35/3306 3332/36/3307 3333/37/3308
f 3333/37/3308 3334/38/3309 3331/35/3306
f 3335/35/3310 3336/36/3311 3337/37/3312
f 3337/37/3312 3338/38/3313 3335/35/3310
f 3339/35/3314 3340/37/3315 3341/36/3316
f 3340/37/3315 3339/35/3314 3342/38/3317
f 3343/35/3318 3344/37/3319 3345/36/3320
f 3344/37/3319 3343/35/3318 3346/38/3321
f 3347/35/3322 3348/36/3323 3349/37/3324
f 3349/37/3324 3350/38/3325 3347/35/3322
f 3351/35/3326 3352/37/3327 3353/36/3328
f 3352/37/3327 3351/35/3326 3354/38/3329
f 3355/35/3330 3356/36/3331 3357/37/3332
f 3357/37/3332 3358/38/3333 3355/35/3330
f 3359/35/3334 3360/37/3335 3361/36/3336
f 3360/37/3335 3359/35/3334 3362/38/3337
f 3363/35/3338 3364/37/3339 3365/36/3340
f 3364/37/3339 3363/35/3338 3366/38/3341
f 3367/35/3342 3368/36/3343 3369/37/3344
f 3369/37/3344 3370/38/3345 3367/35/3342
f 3371/35/3346 3372/36/3347 3373/37/3348
f 3373/37/3348 3374/38/3349 3371/35/3346
f 3375/35/3350 3376/36/3351 3377/37/3352
f 3377/37/3352 3378/38/3353 3375/35/3350
f 3379/35/3354 3380/37/3355 3381/36/3356
f 3380/37/3355 3379/35/3354 3382/38/3357
f 3383/35/3358 3384/37/3359 3385/36/3360
f 3384/37/3359 3383/35/3358 3386/38/3361
f 3387/35/3362 3388/36/3363 3389/37/3364
f 3389/37/3364 3390/38/3365 3387/35/3362
f 3391/35/3366 3392/37/3367 3393/36/3368
f 3392/37/3367 3391/35/3366 3394/38/3369
f 3395/35/3370 3396/36/3371 3397/37/3372
f 3397/37/3372 3398/38/3373 3395/35/3370
f 3399/35/3374 3400/37/3375 3401/36/3376
f 3400/37/3375 3399/35/3374 3402/38/3377
f 3403/35/3378 3404/37/3379 3405/36/3380
f 3404/37/3379 3403/35/3378 3406/38/3381
f 3407/35/3382 3408/36/3383 3409/37/3384
f 3409/37/3384 3410/38/3385 3407/35/3382
f 3411/35/3386 3412/36/3387 3413/37/3388
f 3413/37/3388 3414/38/3389 3411/35/3386
f 3415/35/3390 3416/36/3391 3417/37/3392
f 3417/37/3392 3418/38/3393 3415/35/3390
f 3419/35/3394 3420/37/3395 3421/36/3396
f 3420/37/3395 3419/35/3394 3422/38/3397
f 3423/35/3398 3424/37/3399 3425/36/3400
f 3424/37/3399 3423/35/3398 3426/38/3401
f 3427/35/3402 3428/36/3403 3429/37/3404
f 3429/37/3404 3430/38/3405 3427/35/3402
f 3431/35/3406 3432/37/3407 3433/36/3408
f 3432/37/3407 3431/35/3406 3434/38/3409
f 3435/35/3410 3436/36/3411 3437/37/3412
f 3437/37/3412 3438/38/3413 3435/35/3410
f 3439/35/3414 3440/37/3415 3441/36/3416
f 3440/37/3415 3439/35/3414 3442/38/3417
f 3443/35/3418 3444/37/3419 3445/36/3420
f 3444/37/3419 3443/35/3418 3446/38/3421
f 3447/35/3422 3448/36/3423 3449/37/3424
f 3449/37/3424 3450/38/3425 3447/35/3422
f 3451/35/3426 3452/36/3427 3453/37/3428
f 3453/37/3428 3454/38/3429 3451/35/3426
f 3455/35/3430 3456/36/3431 3457/37/3432
f 3457/37/3432 3458/38/3433 3455/35/3430
f 3459/35/3434 3460/37/3435 3461/36/3436
f 3460/37/3435 3459/35/3434 3462/38/3437
f 3463/35/3438 3464/37/3439 3465/36/3440
f 3464/37/3439 3463/35/3438 3466/38/3441
f 3467/35/3442 3468/36/3443 3469/37/3444
f 3469/37/3444 3470/38/3445 3467/35/3442
f 3471/35/3446 3472/37/3447 3473/36/3448
f 3472/37/3447 3471/35/3446 3474/38/3449
f 3475/35/3450 3476/36/3451 3477/37/3452
f 3477/37/3452 3478/38/3453 3475/35/3450
f 3479/35/3454 3480/37/3455 3481/36/3456
f 3480/37/3455 3479/35/3454 3482/38/3457
f 3483/35/3458 3484/37/3459 3485/36/3460
f 3484/37/3459 3483/35/3458 3486/38/3461
f 3487/35/3462 3488/36/3463 3489/37/3464
f 3489/37/3464 3490/38/3465 3487/35/3462
f 3491/35/3466 3492/36/3467 3493/37/3468
f 3493/37/3468 3494/38/3469 3491/35/3466
f 3495/35/3470 3496/36/3471 3497/37/3472
f 3497/37/3472 3498/38/3473 3495/35/3470
f 3499/35/3474 3500/37/3475 3501/36/3476
f 3500/37/3475 3499/35/3474 3502/38/3477
f 3503/35/3478 3504/37/3479 3505/36/3480
f 3504/37/3479 3503/35/3478 3506/38/3481
f 3507/35/3482 3508/36/3483 3509/37/3484
f 3509/37/3484 3510/38/3485 3507/35/3482
f 3511/35/3486 3512/37/3487 3513/36/3488
f 3512/37/3487 3511/35/3486 3514/38/3489
f 3515/35/3490 3516/36/3491 3517/37/3492
f 3517/37/3492 3518/38/3493 3515/35/3490
f 3519/35/3494 3520/37/3495 3521/36/3496
f 3520/37/3495 3519/35/3494 3522/38/3497
f 3523/35/3498 3524/37/3499 3525/36/3500
f 3524/37/3499 3523/35/3498 3526/38/3501
f 3527/35/3502 3528/36/3503 3529/37/3504
f 3529/37/3504 3530/38/3505 3527/35/3502
f 3531/35/3506 3532/36/3507 3533/37/3508
f 3533/37/3508 3534/38/3509 3531/35/3506
f 3535/35/3510 3536/36/3511 3537/37/3512
f 3537/37/3512 3538/38/3513 3535/35/3510
f 3539/35/3514 3540/37/3515 3541/36/3516
f 3540/37/3515 3539/35/3514 3542/38/3517
f 3543/35/3518 3544/37/3519 3545/36/3520
f 3544/37/3519 3543/35/3518 3546/38/3521
f 3547/35/3522 3548/36/3523 3549/37/3524
f 3549/37/3524 3550/38/3525 3547/35/3522
f 3551/35/3526 3552/37/3527 3553/36/3528
f 3552/37/3527 3551/35/3526 3554/38/3529
f 3555/35/3530 3556/36/3531 3557/37/3532
f 3557/37/3532 3558/38/3533 3555/35/3530
f 3559/35/3534 3560/37/3535 3561/36/3536
f 3560/37/3535 3559/35/3534 3562/38/3537
f 3563/35/3538 3564/37/3539 3565/36/3540
f 3564/37/3539 3563/35/3538 3566/38/3541
f 3567/35/3542 3568/36/3543 3569/37/3544
f 3569/37/3544 3570/38/3545 3567/35/3542
f 3571/35/3546 3572/36/3547 3573/37/3548
f 3573/37/3548 3574/38/3549 3571/35/3546
f 3575/35/3550 3576/36/3551 3577/37/3552
f 3577/37/3552 3578/38/3553 3575/35/3550
f 3579/35/3554 3580/37/3555 3581/36/3556
f 3580/37/3555 3579/35/3554 3582/38/3557
f 3583/35/3558 3584/37/3559 3585/36/3560
f 3584/37/3559 3583/35/3558 3586/38/3561
f 3587/35/3562 3588/36/3563 3589/37/3564
f 3589/37/3564 3590/38/3565 3587/35/3562
f 3591/35/3566 3592/37/3567 3593/36/3568
f 3592/37/3567 3591/35/3566 3594/38/3569
f 3595/35/3570 3596/36/3571 3597/37/3572
f 3597/37/3572 3598/38/3573 3595/35/3570
f 3599/35/3574 3600/37/3575 3601/36/3576
f 3600/37/3575 3599/35/3574 3602/38/3577
f 3603/35/3578 3604/37/3579 3605/36/3580
f 3604/37/3579 3603/35/3578 3606/38/3581
f 3607/35/3582 3608/36/3583 3609/37/3584
f 3609/37/3584 3610/38/3585 3607/35/3582
f 3611/35/3586 3612/36/3587 3613/37/3588
f 3613/37/3588 3614/38/3589 3611/35/3586
f 3615/35/3590 3616/36/3591 3617/37/3592
f 3617/37/3592 3618/38/3593 3615/35/3590
f 3619/35/3594 3620/37/3595 3621/36/3596
f 3620/37/3595 3619/35/3594 3622/38/3597
f 3623/35/3598 3624/37/3599 3625/36/3600
f 3624/37/3599 3623/35/3598 3626/38/3601
f 3627/35/3602 3628/36/3603 3629/37/3604
f 3629/37/3604 3630/38/3605 3627/35/3602
f 3631/35/3606 3632/37/3607 3633/36/3608
f 3632/37/3607 3631/35/3606 3634/38/3609
f 3635/35/3610 3636/36/3611 3637/37/3612
f 3637/37/3612 3638/38/3613 3635/35/3610
f 3639/35/3614 3640/37/3615 3641/36/3616
f 3640/37/3615 3639/35/3614 3642/38/3617
f 3643/35/3618 3644/37/3619 3645/36/3620
f 3644/37/3619 3643/35/3618 3646/38/3621
f 3647/35/3622 3648/36/3623 3649/37/3624
f 3649/37/3624 3650/38/3625 3647/35/3622
f 3651/35/3626 3652/36/3627 3653/37/3628
f 3653/37/3628 3654/38/3629 3651/35/3626
f 3655/35/3630 3656/36/3631 3657/37/3632
f 3657/37/3632 3658/38/3633 3655/35/3630
f 3659/35/3634 3660/37/3635 3661/36/3636
f 3660/37/3635 3659/35/3634 3662/38/3637
f 3663/35/3638 3664/37/3639 3665/36/3640
f 3664/37/3639 3663/35/3638 3666/38/3641
f 3667/35/3642 3668/36/3643 3669/37/3644
f 3669/37/3644 3670/38/3645 3667/35/3642
f 3671/35/3646 3672/37/3647 3673/36/3648
f 3672/37/3647 3671/35/3646 3674/38/3649
f 3675/35/3650 3676/36/3651 3677/37/3652
f 3677/37/3652 3678/38/3653 3675/35/3650
f 3679/35/3654 3680/37/3655 3681/36/3656
f 3680/37/3655 3679/35/3654 3682/38/3657
f 3683/35/3658 3684/37/3659 3685/36/3660
f 3684/37/3659 3683/35/3658 3686/38/3661
f 3687/35/3662 3688/36/3663 3689/37/3664
f 3689/37/3664 3690/38/3665 3687/35/3662
f 3691/35/3666 3692/36/3667 3693/37/3668
f 3693/37/3668 3694/38/3669 3691/35/3666
f 3695/35/3670 3696/36/3671 3697/37/3672
f 3697/37/3672 3698/38/3673 3695/35/3670
f 3699/35/3674 3700/37/3675 3701/36/3676
f 3700/37/3675 3699/35/3674 3702/38/3677
f 3703/35/3678 3704/37/3679 3705/36/3680
f 3704/37/3679 3703/35/3678 3706/38/3681
f 3707/35/3682 3708/36/3683 3709/37/3684
f 3709/37/3684 3710/38/3685 3707/35/3682
f 3711/35/3686 3712/37/3687 3713/36/3688
f 3712/37/3687 3711/35/3686 3714/38/3689
f 3715/35/3690 3716/36/3691 3717/37/3692
f 3717/37/3692 3718/38/3693 3715/35/3690
f 3719/35/3694 3720/37/3695 3721/36/3696
f 3720/37/3695 3719/35/3694 3722/38/3697
f 3723/35/3698 3724/37/3699 3725/36/3700
f 3724/37/3699 3723/35/3698 3726/38/3701
f 3727/35/3702 3728/36/3703 3729/37/3704
f 3729/37/3704 3730/38/3705 3727/35/3702
f 3731/35/3706 3732/36/3707 3733/37/3708
f 3733/37/3708 3734/38/3709 3731/35/3706
f 3735/1/3710 3736/2/3711 3737/3/3712
f 3738/4/3713 3739/5/3714 3740/6/3715
f 3741/7/3716 3742/8/3717 3743/9/3718
f 3746/10/3719 3747/11/3720 3748/12/3721
f 3749/13/3722 3750/14/3722 3751/15/3722
f 3744/16/3723 3752/17/3724 3745/18/3725
f 3753/19/3726 3735/1/3710 3737/3/3712
f 3737/3/3712 3736/2/3711 3754/20/3727
f 3753/19/3726 3740/6/3715 3735/1/3710
f 3754/20/3727 3743/9/3718 3755/21/3728
f 3754/20/3727 3736/2/3711 3743/9/3718
f 3738/4/3713 3740/6/3715 3753/19/3726
f 3755/21/3728 3743/9/3718 3742/8/3717
f 3742/8/3717 3741/7/3716 3756/22/3729
f 3756/22/3729 3757/23/3730 3758/24/3731
f 3758/24/3731 3757/23/3730 3759/25/3732
f 3757/23/3730 3756/22/3729 3741/7/3716
f 3746/10/3719 3748/12/3721 3761/26/3733
f 3761/26/3733 3762/27/3734 3763/28/3735
f 3763/28/3735 3762/27/3734 3764/29/3736
f 3764/29/3736 3762/27/3734 3765/30/3737
f 3765/30/3737 3762/27/3734 3766/31/3738
f 3762/27/3734 3761/26/3733 3748/12/3721
f 3760/32/3739 3747/11/3720 3767/33/3740
f 3767/33/3740 3747/11/3720 3768/34/3741
f 3768/34/3741 3747/11/3720 3746/10/3719
f 3769/1/3742 3770/2/3743 3771/3/3744
f 3772/4/3745 3773/5/3746 3774/6/3747
f 3775/7/3748 3776/8/3749 3777/9/3750
f 3780/10/3751 3781/11/3752 3782/12/3753
f 3783/13/3754 3784/14/3754 3785/15/3755
f 3778/16/3756 3786/17/3757 3779/18/3758
f 3787/19/3759 3769/1/3742 3771/3/3744
f 3771/3/3744 3770/2/3743 3788/20/3760
f 3787/19/3759 3774/6/3747 3769/1/3742
f 3788/20/3760 3777/9/3750 3789/21/3761
f 3788/20/3760 3770/2/3743 3777/9/3750
f 3772/4/3745 3774/6/3747 3787/19/3759
f 3789/21/3761 3777/9/3750 3776/8/3749
f 3776/8/3749 3775/7/3748 3790/22/3762
f 3790/22/3762 3791/23/3763 3792/24/3764
f 3792/24/3764 3791/23/3763 3793/25/3765
f 3791/23/3763 3790/22/3762 3775/7/3748
f 3780/10/3751 3782/12/3753 3795/26/3766
f 3795/26/3766 3796/27/3767 3797/28/3768
f 3797/28/3768 3796/27/3767 3798/29/3769
f 3798/29/3769 3796/27/3767 3799/30/3770
f 3799/30/3770 3796/27/3767 3800/31/3771
f 3796/27/3767 3795/26/3766 3782/12/3753
f 3794/32/3772 3781/11/3752 3801/33/3773
f 3801/33/3773 3781/11/3752 3802/34/3774
f 3802/34/3774 3781/11/3752 3780/10/3751
f 3803/1/3775 3804/2/3776 3805/3/3777
f 3806/4/3778 3807/5/3779 3808/6/3780
f 3809/7/3781 3810/8/3782 3811/9/3783
f 3814/10/3784 3815/11/3785 3816/12/3786
f 3817/13/3787 3818/14/3787 3819/15/3787
f 3812/16/3788 3820/17/3789 3813/18/3790
f 3821/19/3791 3803/1/3775 3805/3/3777
f 3805/3/3777 3804/2/3776 3822/20/3792
f 3821/19/3791 3808/6/3780 3803/1/3775
f 3822/20/3792 3811/9/3783 3823/21/3793
f 3822/20/3792 3804/2/3776 3811/9/3783
f 3806/4/3778 3808/6/3780 3821/19/3791
f 3823/21/3793 3811/9/3783 3810/8/3782
f 3810/8/3782 3809/7/3781 3824/22/3794
f 3824/22/3794 3825/23/3795 3826/24/3796
f 3826/24/3796 3825/23/3795 3827/25/3797
f 3825/23/3795 3824/22/3794 3809/7/3781
f 3814/10/3784 3816/12/3786 3829/26/3798
f 3829/26/3798 3830/27/3799 3831/28/3800
f 3831/28/3800 3830/27/3799 3832/29/3801
f 3832/29/3801 3830/27/3799 3833/30/3802
f 3833/30/3802 3830/27/3799 3834/31/3803
f 3830/27/3799 3829/26/3798 3816/12/3786
f 3828/32/3804 3815/11/3785 3835/33/3805
f 3835/33/3805 3815/11/3785 3836/34/3806
f 3836/34/3806 3815/11/3785 3814/10/3784
f 3837/35/3807 3838/36/3808 3839/37/3807
f 3839/37/3807 3840/38/3807 3837/35/3807
f 3841/35/3809 3842/37/3809 3843/36/3809
f 3842/37/3809 3841/35/3809 3844/38/3809
f 3845/35/3810 3846/37/3811 3847/36/3812
f 3846/37/3811 3845/35/3810 3848/38/3813
f 3849/35/3814 3850/36/3815 3851/37/3816
f 3851/37/3816 3852/38/3817 3849/35/3814
f 3853/35/3818 3854/36/3819 3855/37/3820
f 3855/37/3820 3856/38/3821 3853/35/3818
f 3857/35/3822 3858/36/3823 3859/37/3824
f 3859/37/3824 3860/38/3825 3857/35/3822
f 3861/35/3826 3862/37/3826 3863/36/3826
f 3862/37/3826 3861/35/3826 3864/38/3826
f 3865/35/3827 3866/36/3827 3867/37/3827
f 3867/37/3827 3868/38/3827 3865/35/3827
f 3869/35/3828 3870/36/3828 3871/37/3828
f 3871/37/3828 3872/38/3828 3869/35/3828
f 3873/35/3829 3874/36/3829 3875/37/3829
f 3875/37/3829 3876/38/3829 3873/35/3829
f 3877/35/3830 3878/36/3830 3879/37/3830
f 3879/37/3830 3880/38/3830 3877/35/3830
f 3881/35/3831 3882/37/3832 3883/36/3833
f 3882/37/3832 3881/35/3831 3884/38/3834
f 3885/35/3835 3886/37/3835 3887/36/3835
f 3886/37/3835 3885/35/3835 3888/38/3835
f 3889/35/3836 3890/36/3836 3891/37/3836
f 3891/37/3836 3892/38/3836 3889/35/3836
f 3893/35/3837 3894/37/3837 3895/36/3837
f 3894/37/3837 3893/35/3837 3896/38/3837
f 3897/35/3838 3898/36/3838 3899/37/3838
f 3899/37/3838 3900/38/3838 3897/35/3838
f 3901/35/3839 3902/37/3839 3903/36/3839
f 3902/37/3839 3901/35/3839 3904/38/3839
f 3905/35/3840 3906/37/3841 3907/36/3842
f 3906/37/3841 3905/35/3840 3908/38/3843
f 3909/35/3844 3910/37/3845 3911/36/3846
f 3910/37/3845 3909/35/3844 3912/38/3847
f 3913/35/3848 3914/36/3849 3915/37/3850
f 3915/37/3850 3916/38/3851 3913/35/3848
f 3917/35/3852 3918/37/3852 3919/36/3852
f 3918/37/3852 3917/35/3852 3920/38/3853
f 3921/35/3854 3922/37/3854 3923/36/3854
f 3922/37/3854 3921/35/3854 3924/38/3854
f 3925/35/3855 3926/36/3856 3927/37/3857
f 3927/37/3857 3928/38/3858 3925/35/3855
f 3929/35/3859 3930/36/3860 3931/37/3861
f 3931/37/3861 3932/38/3862 3929/35/3859
f 3933/35/3863 3934/36/3864 3935/37/3865
f 3935/37/3865 3936/38/3866 3933/35/3863
f 3937/35/3867 3938/37/3868 3939/36/3869
f 3938/37/3868 3937/35/3867 3940/38/3870
f 3941/35/3871 3942/36/3872 3943/37/3873
f 3943/37/3873 3944/38/3874 3941/35/3871
f 3945/35/3875 3946/36/3876 3947/37/3877
f 3947/37/3877 3948/38/3878 3945/35/3875
f 3949/35/3879 3950/36/3879 3951/37/3879
f 3951/37/3879 3952/38/3879 3949/35/3879
f 3953/35/3880 3954/36/3880 3955/37/3880
f 3955/37/3880 3956/38/3880 3953/35/3880
f 3957/35/3881 3958/37/3881 3959/36/3881
f 3958/37/3881 3957/35/3881 3960/38/3881
f 3961/35/3882 3962/37/3882 3963/36/3882
f 3962/37/3882 3961/35/3882 3964/38/3882
f 3965/35/3883 3966/36/3883 3967/37/3883
f 3967/37/3883 3968/38/3883 3965/35/3883
f 3969/35/3884 3970/37/3884 3971/36/3884
f 3970/37/3884 3969/35/3884 3972/38/3884
f 3973/35/3885 3974/36/3885 3975/37/3885
f 3975/37/3885 3976/38/3885 3973/35/3885
f 3977/35/3886 3978/37/3886 3979/36/3886
f 3978/37/3886 3977/35/3886 3980/38/3886
f 3981/35/3887 3982/37/3887 3983/36/3887
f 3982/37/3887 3981/35/3887 3984/38/3887
f 3985/35/3888 3986/37/3889 3987/36/3890
f 3986/37/3889 3985/35/3888 3988/38/3891
f 3989/35/3892 3990/36/3892 3991/37/3892
f 3991/37/3892 3992/38/3892 3989/35/3892
f 3993/35/3893 3994/37/3893 3995/36/3893
f 3994/37/3893 3993/35/3893 3996/38/3893
f 3997/35/3894 3998/37/3895 3999/36/3896
f 3998/37/3895 3997/35/3894 4000/38/3897
f 4001/35/3898 4002/36/3899 4003/37/3900
f 4003/37/3900 4004/38/3901 4001/35/3898
f 4005/35/3902 4006/36/3903 4007/37/3904
f 4007/37/3904 4008/38/3905 4005/35/3902
f 4009/35/3906 4010/36/3907 4011/37/3908
f 4011/37/3908 4012/38/3909 4009/35/3906
f 4013/35/3910 4014/37/3910 4015/36/3910
f 4014/37/3910 4013/35/3910 4016/38/3910
f 4017/35/3911 4018/36/3911 4019/37/3911
f 4019/37/3911 4020/38/3911 4017/35/3911
f 4021/35/3912 4022/36/3912 4023/37/3912
f 4023/37/3912 4024/38/3912 4021/35/3912
f 4025/35/3913 4026/36/3913 4027/37/3913
f 4027/37/3913 4028/38/3913 4025/35/3913
f 4029/35/3914 4030/36/3914 4031/37/3914
f 4031/37/3914 4032/38/3914 4029/35/3914
f 4033/35/3915 4034/37/3916 4035/36/3917
f 4034/37/3916 4033/35/3915 4036/38/3918
f 4037/35/3919 4038/37/3919 4039/36/3919
f 4038/37/3919 4037/35/3919 4040/38/3919
f 4041/35/3920 4042/36/3920 4043/37/3920
f 4043/37/3920 4044/38/3920 4041/35/3920
f 4045/35/3921 4046/37/3921 4047/36/3921
f 4046/37/3921 4045/35/3921 4048/38/3921
f 4049/35/3922 4050/36/3922 4051/37/3922
f 4051/37/3922 4052/38/3922 4049/35/3922
f 4053/35/3923 4054/37/3923 4055/36/3923
f 4054/37/3923 4053/35/3923 4056/38/3923
f 4057/35/3924 4058/37/3925 4059/36/3926
f 4058/37/3925 4057/35/3924 4060/38/3927
f 4061/35/3928 4062/37/3929 4063/36/3930
f 4062/37/3929 4061/35/3928 4064/38/3931
f 4065/35/3932 4066/37/3933 4067/36/3934
f 4066/37/3933 4065/35/3932 4068/38/3935
f 4069/35/3936 4070/36/3937 4071/37/3938
f 4071/37/3938 4072/38/3939 4069/35/3936
f 4073/35/3940 4074/36/3941 4075/37/3942
f 4075/37/3942 4076/38/3943 4073/35/3940
f 4077/35/3944 4078/37/3945 4079/36/3946
f 4078/37/3945 4077/35/3944 4080/38/3947
f 4081/35/3948 4082/37/3949 4083/36/3950
f 4082/37/3949 4081/35/3948 4084/38/3951
f 4085/35/3952 4086/37/3953 4087/36/3954
f 4086/37/3953 4085/35/3952 4088/38/3955
f 4089/35/3956 4090/36/3957 4091/37/3958
f 4091/37/3958 4092/38/3959 4089/35/3956
f 4093/35/3960 4094/36/3961 4095/37/3962
f 4095/37/3962 4096/38/3963 4093/35/3960
f 4097/35/3964 4098/37/3965 4099/36/3966
f 4098/37/3965 4097/35/3964 4100/38/3967
f 4101/35/3968 4102/37/3969 4103/36/3970
f 4102/37/3969 4101/35/3968 4104/38/3971
f 4105/35/3972 4106/37/3973 4107/36/3974
f 4106/37/3973 4105/35/3972 4108/38/3975
f 4109/35/3976 4110/36/3977 4111/37/3978
f 4111/37/3978 4112/38/3979 4109/35/3976
f 4113/35/3980 4114/36/3981 4115/37/3982
f 4115/37/3982 4116/38/3983 4113/35/3980
f 4117/35/3984 4118/37/3985 4119/36/3986
f 4118/37/3985 4117/35/3984 4120/38/3987
f 4121/35/3988 4122/37/3989 4123/36/3990
f 4122/37/3989 4121/35/3988 4124/38/3991
f 4125/35/3992 4126/37/3993 4127/36/3994
f 4126/37/3993 4125/35/3992 4128/38/3995
f 4129/35/3996 4130/36/3997 4131/37/3998
f 4131/37/3998 4132/38/3999 4129/35/3996
f 4133/35/4000 4134/36/4001 4135/37/4002
f 4135/37/4002 4136/38/4003 4133/35/4000
f 4137/35/4004 4138/37/4005 4139/36/4006
f 4138/37/4005 4137/35/4004 4140/38/4007
f 4141/35/4008 4142/37/4009 4143/36/4010
f 4142/37/4009 4141/35/4008 4144/38/4011
f 4145/35/4012 4146/37/4013 4147/36/4014
f 4146/37/4013 4145/35/4012 4148/38/4015
f 4149/35/4016 4150/36/4017 4151/37/4018
f 4151/37/4018 4152/38/4019 4149/35/4016
f 4153/35/4020 4154/36/4021 4155/37/4022
f 4155/37/4022 4156/38/4023 4153/35/4020
f 4157/35/4024 4158/37/4025 4159/36/4026
f 4158/37/4025 4157/35/4024 4160/38/4027
f 4161/35/4028 4162/37/4029 4163/36/4030
f 4162/37/4029 4161/35/4028 4164/38/4031
f 4165/35/4032 4166/37/4033 4167/36/4034
f 4166/37/4033 4165/35/4032 4168/38/4035
f 4169/35/4036 4170/36/4037 4171/37/4038
f 4171/37/4038 4172/38/4039 4169/35/4036
f 4173/35/4040 4174/36/4041 4175/37/4042
f 4175/37/4042 4176/38/4043 4173/35/4040
f 4177/35/4044 4178/37/4045 4179/36/4046
f 4178/37/4045 4177/35/4044 4180/38/4047
f 4181/35/4048 4182/37/4049 4183/36/4050
f 4182/37/4049 4181/35/4048 4184/38/4051
f 4185/35/4052 4186/37/4053 4187/36/4054
f 4186/37/4053 4185/35/4052 4188/38/4055
f 4189/35/4056 4190/36/4057 4191/37/4058
f 4191/37/4058 4192/38/4059 4189/35/4056
f 4193/35/4060 4194/36/4061 4195/37/4062
f 4195/37/4062 4196/38/4063 4193/35/4060
f 4197/35/4064 4198/37/4065 4199/36/4066
f 4198/37/4065 4197/35/4064 4200/38/4067
f 4201/35/4068 4202/37/4069 4203/36/4070
f 4202/37/4069 4201/35/4068 4204/38/4071
f 4205/35/4072 4206/37/4073 4207/36/4074
f 4206/37/4073 4205/35/4072 4208/38/4075
f 4209/35/4076 4210/36/4077 4211/37/4078
f 4211/37/4078 4212/38/4079 4209/35/4076
f 4213/35/4080 4214/36/4081 4215/37/4082
f 4215/37/4082 4216/38/4083 4213/35/4080
f 4217/35/4084 4218/37/4085 4219/36/4086
f 4218/37/4085 4217/35/4084 4220/38/4087
f 4221/35/4088 4222/37/4089 4223/36/4090
f 4222/37/4089 4221/35/4088 4224/38/4091
f 4225/35/4092 4226/37/4093 4227/36/4094
f 4226/37/4093 4225/35/4092 4228/38/4095
f 4229/35/4096 4230/36/4097 4231/37/4098
f 4231/37/4098 4232/38/4099 4229/35/4096
f 4233/35/4100 4234/36/4101 4235/37/4102
f 4235/37/4102 4236/38/4103 4233/35/4100
f 4237/35/4104 4238/37/4105 4239/36/4106
f 4238/37/4105 4237/35/4104 4240/38/4107
f 4241/35/4108 4242/37/4109 4243/36/4110
f 4242/37/4109 4241/35/4108 4244/38/4111
f 4245/35/4112 4246/37/4113 4247/36/4114
f 4246/37/4113 4245/35/4112 4248/38/4115
f 4249/35/4116 4250/36/4117 4251/37/4118
f 4251/37/4118 4252/38/4119 4249/35/4116
f 4253/35/4120 4254/36/4121 4255/37/4122
f 4255/37/4122 4256/38/4123 4253/35/4120
f 4257/35/4124 4258/37/4125 4259/36/4126
f 4258/37/4125 4257/35/4124 4260/38/4127
f 4261/35/4128 4262/37/4129 4263/36/4130
f 4262/37/4129 4261/35/4128 4264/38/4131
f 4265/35/4132 4266/37/4133 4267/36/4134
f 4266/37/4133 4265/35/4132 4268/38/4135
f 4269/35/4136 4270/36/4137 4271/37/4138
f 4271/37/4138 4272/38/4139 4269/35/4136
f 4273/35/4140 4274/36/4141 4275/37/4142
f 4275/37/4142 4276/38/4143 4273/35/4140
f 4277/35/4144 4278/37/4145 4279/36/4146
f 4278/37/4145 4277/35/4144 4280/38/4147
f 4281/35/4148 4282/37/4149 4283/36/4150
f 4282/37/4149 4281/35/4148 4284/38/4151
f 4285/35/4152 4286/37/4153 4287/36/4154
f 4286/37/4153 4285/35/4152 4288/38/4155
f 4289/35/4156 4290/36/4157 4291/37/4158
f 4291/37/4158 4292/38/4159 4289/35/4156
f 4293/35/4160 4294/36/4161 4295/37/4162
f 4295/37/4162 4296/38/4163 4293/35/4160
f 4297/35/4164 4298/37/4165 4299/36/4166
f 4298/37/4165 4297/35/4164 4300/38/4167
f 4301/35/4168 4302/37/4169 4303/36/4170
f 4302/37/4169 4301/35/4168 4304/38/4171
f 4305/35/4172 4306/37/4173 4307/36/4174
f 4306/37/4173 4305/35/4172 4308/38/4175
f 4309/35/4176 4310/36/4177 4311/37/4178
f 4311/37/4178 4312/38/4179 4309/35/4176
f 4313/35/4180 4314/36/4181 4315/37/4182
f 4315/37/4182 4316/38/4183 4313/35/4180
f 4317/35/4184 4318/37/4185 4319/36/4186
f 4318/37/4185 4317/35/4184 4320/38/4187
f 4321/35/4188 4322/37/4189 4323/36/4190
f 4322/37/4189 4321/35/4188 4324/38/4191
f 4325/35/4192 4326/37/4193 4327/36/4194
f 4326/37/4193 4325/35/4192 4328/38/4195
f 4329/35/4196 4330/36/4197 4331/37/4198
f 4331/37/4198 4332/38/4199 4329/35/4196
f 4333/35/4200 4334/36/4201 4335/37/4202
f 4335/37/4202 4336/38/4203 4333/35/4200
f 4337/35/4204 4338/37/4205 4339/36/4206
f 4338/37/4205 4337/35/4204 4340/38/4207
f 4341/35/4208 4342/37/4209 4343/36/4210
f 4342/37/4209 4341/35/4208 4344/38/4211
f 4345/35/4212 4346/37/4213 4347/36/4214
f 4346/37/4213 4345/35/4212 4348/38/4215
f 4349/35/4216 4350/36/4217 4351/37/4218
f 4351/37/4218 4352/38/4219 4349/35/4216
f 4353/35/4220 4354/36/4221 4355/37/4222
f 4355/37/4222 4356/38/4223 4353/35/4220
f 4357/35/4224 4358/37/4225 4359/36/4226
f 4358/37/4225 4357/35/4224 4360/38/4227
f 4361/35/4228 4362/37/4229 4363/36/4230
f 4362/37/4229 4361/35/4228 4364/38/4231
f 4365/35/4232 4366/37/4233 4367/36/4234
f 4366/37/4233 4365/35/4232 4368/38/4235
f 4369/35/4236 4370/36/4237 4371/37/4238
f 4371/37/4238 4372/38/4239 4369/35/4236
f 4373/35/4240 4374/36/4241 4375/37/4242
f 4375/37/4242 4376/38/4243 4373/35/4240
f 4377/35/4244 4378/37/4245 4379/36/4246
f 4378/37/4245 4377/35/4244 4380/38/4247
f 4381/35/4248 4382/37/4249 4383/36/4250
f 4382/37/4249 4381/35/4248 4384/38/4251
f 4385/35/4252 4386/37/4253 4387/36/4254
f 4386/37/4253 4385/35/4252 4388/38/4255
f 4389/35/4256 4390/36/4257 4391/37/4258
f 4391/37/4258 4392/38/4259 4389/35/4256
f 4393/35/4260 4394/36/4261 4395/37/4262
f 4395/37/4262 4396/38/4263 4393/35/4260
f 4397/35/4264 4398/37/4265 4399/36/4266
f 4398/37/4265 4397/35/4264 4400/38/4267
f 4401/35/4268 4402/37/4269 4403/36/4270
f 4402/37/4269 4401/35/4268 4404/38/4271
f 4405/35/4272 4406/37/4273 4407/36/4274
f 4406/37/4273 4405/35/4272 4408/38/4275
f 4409/35/4276 4410/36/4277 4411/37/4278
f 4411/37/4278 4412/38/4279 4409/35/4276
f 4413/35/4280 4414/36/4281 4415/37/4282
f 4415/37/4282 4416/38/4283 4413/35/4280
f 4417/35/4284 4418/37/4285 4419/36/4286
f 4418/37/4285 4417/35/4284 4420/38/4287
f 4421/35/4288 4422/37/4289 4423/36/4290
f 4422/37/4289 4421/35/4288 4424/38/4291
f 4425/35/4292 4426/37/4293 4427/36/4294
f 4426/37/4293 4425/35/4292 4428/38/4295
f 4429/35/4296 4430/36/4297 4431/37/4298
f 4431/37/4298 4432/38/4299 4429/35/4296
f 4433/35/4300 4434/36/4301 4435/37/4302
f 4435/37/4302 4436/38/4303 4433/35/4300
f 4437/35/4304 4438/37/4305 4439/36/4306
f 4438/37/4305 4437/35/4304 4440/38/4307
f 4441/35/4308 4442/37/4309 4443/36/4310
f 4442/37/4309 4441/35/4308 4444/38/4311
f 4445/35/4312 4446/37/4313 4447/36/4314
f 4446/37/4313 4445/35/4312 4448/38/4315
f 4449/35/4316 4450/36/4317 4451/37/4318
f 4451/37/4318 4452/38/4319 4449/35/4316
f 4453/35/4320 4454/36/4321 4455/37/4322
f 4455/37/4322 4456/38/4323 4453/35/4320
f 4457/35/4324 4458/37/4325 4459/36/4326
f 4458/37/4325 4457/35/4324 4460/38/4327
f 4461/35/4328 4462/37/4329 4463/36/4330
f 4462/37/4329 4461/35/4328 4464/38/4331
f 4465/35/4332 4466/37/4333 4467/36/4334
f 4466/37/4333 4465/35/4332 4468/38/4335
f 4469/35/4336 4470/36/4337 4471/37/4338
f 4471/37/4338 4472/38/4339 4469/35/4336
f 4473/35/4340 4474/36/4341 4475/37/4342
f 4475/37/4342 4476/38/4343 4473/35/4340
f 4477/35/4344 4478/37/4345 4479/36/4346
f 4478/37/4345 4477/35/4344 4480/38/4347
f 4481/35/4348 4482/37/4349 4483/36/4350
f 4482/37/4349 4481/35/4348 4484/38/4351
f 4485/35/4352 4486/37/4353 4487/36/4354
f 4486/37/4353 4485/35/4352 4488/38/4355
f 4489/35/4356 4490/36/4357 4491/37/4358
f 4491/37/4358 4492/38/4359 4489/35/4356
f 4493/35/4360 4494/36/4361 4495/37/4362
f 4495/37/4362 4496/38/4363 4493/35/4360
f 4497/35/4364 4498/37/4365 4499/36/4366
f 4498/37/4365 4497/35/4364 4500/38/4367
f 4501/35/4368 4502/37/4369 4503/36/4370
f 4502/37/4369 4501/35/4368 4504/38/4371
f 4505/35/4372 4506/37/4373 4507/36/4374
f 4506/37/4373 4505/35/4372 4508/38/4375
f 4509/35/4376 4510/36/4377 4511/37/4378
f 4511/37/4378 4512/38/4379 4509/35/4376
f 4513/35/4380 4514/36/4381 4515/37/4382
f 4515/37/4382 4516/38/4383 4513/35/4380
f 4517/35/4384 4518/37/4385 4519/36/4386
f 4518/37/4385 4517/35/4384 4520/38/4387
f 4521/35/4388 4522/37/4389 4523/36/4390
f 4522/37/4389 4521/35/4388 4524/38/4391
f 4525/35/4392 4526/37/4393 4527/36/4394
f 4526/37/4393 4525/35/4392 4528/38/4395
f 4529/35/4396 4530/36/4397 4531/37/4398
f 4531/37/4398 4532/38/4399 4529/35/4396
f 4533/35/4400 4534/36/4401 4535/37/4402
f 4535/37/4402 4536/38/4403 4533/35/4400
f 4537/35/4404 4538/37/4405 4539/36/4406
f 4538/37/4405 4537/35/4404 4540/38/4407
f 4541/35/4408 4542/37/4409 4543/36/4410
f 4542/37/4409 4541/35/4408 4544/38/4411
f 4545/35/4412 4546/37/4413 4547/36/4414
f 4546/37/4413 4545/35/4412 4548/38/4415
f 4549/35/4416 4550/36/4417 4551/37/4418
f 4551/37/4418 4552/38/4419 4549/35/4416
f 4553/35/4420 4554/36/4421 4555/37/4422
f 4555/37/4422 4556/38/4423 4553/35/4420
f 4557/35/4424 4558/37/4425 4559/36/4426
f 4558/37/4425 4557/35/4424 4560/38/4427
f 4561/35/4428 4562/37/4429 4563/36/4430
f 4562/37/4429 4561/35/4428 4564/38/4431
f 4565/35/4432 4566/37/4433 4567/36/4434
f 4566/37/4433 4565/35/4432 4568/38/4435
f 4569/35/4436 4570/36/4437 4571/37/4438
f 4571/37/4438 4572/38/4439 4569/35/4436
f 4573/35/4440 4574/36/4441 4575/37/4442
f 4575/37/4442 4576/38/4443 4573/35/4440
f 4577/35/4444 4578/37/4445 4579/36/4446
f 4578/37/4445 4577/35/4444 4580/38/4447
f 4581/35/4448 4582/37/4449 4583/36/4450
f 4582/37/4449 4581/35/4448 4584/38/4451
f 4585/35/4452 4586/37/4453 4587/36/4454
f 4586/37/4453 4585/35/4452 4588/38/4455
f 4589/35/4456 4590/36/4457 4591/37/4458
f 4591/37/4458 4592/38/4459 4589/35/4456
f 4593/35/4460 4594/36/4461 4595/37/4462
f 4595/37/4462 4596/38/4463 4593/35/4460
f 4597/35/4464 4598/37/4465 4599/36/4466
f 4598/37/4465 4597/35/4464 4600/38/4467
f 4601/35/4468 4602/37/4469 4603/36/4470
f 4602/37/4469 4601/35/4468 4604/38/4471
f 4605/35/4472 4606/37/4473 4607/36/4474
f 4606/37/4473 4605/35/4472 4608/38/4475
f 4609/35/4476 4610/36/4477 4611/37/4478
f 4611/37/4478 4612/38/4479 4609/35/4476
f 4613/35/4480 4614/36/4481 4615/37/4482
f 4615/37/4482 4616/38/4483 4613/35/4480
f 4617/35/4484 4618/37/4485 4619/36/4486
f 4618/37/4485 4617/35/4484 4620/38/4487
f 4621/35/4488 4622/37/4489 4623/36/4490
f 4622/37/4489 4621/35/4488 4624/38/4491
f 4625/35/4492 4626/37/4493 4627/36/4494
f 4626/37/4493 4625/35/4492 4628/38/4495
f 4629/35/4496 4630/36/4497 4631/37/4498
f 4631/37/4498 4632/38/4499 4629/35/4496
f 4633/35/4500 4634/36/4501 4635/37/4502
f 4635/37/4502 4636/38/4503 4633/35/4500
f 4637/35/4504 4638/37/4505 4639/36/4506
f 4638/37/4505 4637/35/4504 4640/38/4507
f 4641/35/4508 4642/37/4509 4643/36/4510
f 4642/37/4509 4641/35/4508 4644/38/4511
f 4645/35/4512 4646/37/4513 4647/36/4514
f 4646/37/4513 4645/35/4512 4648/38/4515
f 4649/35/4516 4650/36/4517 4651/37/4518
f 4651/37/4518 4652/38/4519 4649/35/4516
f 4653/35/4520 4654/36/4521 4655/37/4522
f 4655/37/4522 4656/38/4523 4653/35/4520
f 4657/35/4524 4658/37/4525 4659/36/4526
f 4658/37/4525 4657/35/4524 4660/38/4527
f 4661/35/4528 4662/37/4529 4663/36/4530
f 4662/37/4529 4661/35/4528 4664/38/4531
f 4665/35/4532 4666/37/4533 4667/36/4534
f 4666/37/4533 4665/35/4532 4668/38/4535
f 4669/35/4536 4670/36/4537 4671/37/4538
f 4671/37/4538 4672/38/4539 4669/35/4536
f 4673/35/4540 4674/36/4541 4675/37/4542
f 4675/37/4542 4676/38/4543 4673/35/4540
f 4677/35/4544 4678/37/4545 4679/36/4546
f 4678/37/4545 4677/35/4544 4680/38/4547
f 4681/35/4548 4682/37/4549 4683/36/4550
f 4682/37/4549 4681/35/4548 4684/38/4551
f 4685/35/4552 4686/37/4553 4687/36/4554
f 4686/37/4553 4685/35/4552 4688/38/4555
f 4689/35/4556 4690/36/4557 4691/37/4558
f 4691/37/4558 4692/38/4559 4689/35/4556
f 4693/35/4560 4694/36/4561 4695/37/4562
f 4695/37/4562 4696/38/4563 4693/35/4560
f 4697/35/4564 4698/37/4565 4699/36/4566
f 4698/37/4565 4697/35/4564 4700/38/4567
f 4701/35/4568 4702/37/4569 4703/36/4570
f 4702/37/4569 4701/35/4568 4704/38/4571
f 4705/35/4572 4706/37/4573 4707/36/4574
f 4706/37/4573 4705/35/4572 4708/38/4575
f 4709/35/4576 4710/36/4577 4711/37/4578
f 4711/37/4578 4712/38/4579 4709/35/4576
f 4713/35/4580 4714/36/4581 4715/37/4582
f 4715/37/4582 4716/38/4583 4713/35/4580
f 4717/35/4584 4718/37/4585 4719/36/4586
f 4718/37/4585 4717/35/4584 4720/38/4587
f 4721/35/4588 4722/37/4589 4723/36/4590
f 4722/37/4589 4721/35/4588 4724/38/4591
f 4725/35/4592 4726/37/4593 4727/36/4594
f 4726/37/4593 4725/35/4592 4728/38/4595
f 4729/35/4596 4730/36/4597 4731/37/4598
f 4731/37/4598 4732/38/4599 4729/35/4596
f 4733/35/4600 4734/36/4601 4735/37/4602
f 4735/37/4602 4736/38/4603 4733/35/4600
f 4737/35/4604 4738/37/4605 4739/36/4606
f 4738/37/4605 4737/35/4604 4740/38/4607
f 4741/35/4608 4742/37/4609 4743/36/4610
f 4742/37/4609 4741/35/4608 4744/38/4611
f 4745/35/4612 4746/37/4613 4747/36/4614
f 4746/37/4613 4745/35/4612 4748/38/4615
f 4749/35/4616 4750/36/4617 4751/37/4618
f 4751/37/4618 4752/38/4619 4749/35/4616
f 4753/35/4620 4754/36/4621 4755/37/4622
f 4755/37/4622 4756/38/4623 4753/35/4620
f 4757/35/4624 4758/37/4625 4759/36/4626
f 4758/37/4625 4757/35/4624 4760/38/4627
f 4761/35/4628 4762/37/4629 4763/36/4630
f 4762/37/4629 4761/35/4628 4764/38/4631
f 4765/35/4632 4766/37/4633 4767/36/4634
f 4766/37/4633 4765/35/4632 4768/38/4635
f 4769/35/4636 4770/36/4637 4771/37/4638
f 4771/37/4638 4772/38/4639 4769/35/4636
f 4773/35/4640 4774/36/4641 4775/37/4642
f 4775/37/4642 4776/38/4643 4773/35/4640
f 4777/35/4644 4778/37/4645 4779/36/4646
f 4778/37/4645 4777/35/4644 4780/38/4647
f 4781/35/4648 4782/37/4649 4783/36/4650
f 4782/37/4649 4781/35/4648 4784/38/4651
f 4785/35/4652 4786/37/4653 4787/36/4654
f 4786/37/4653 4785/35/4652 4788/38/4655
f 4789/35/4656 4790/36/4657 4791/37/4658
f 4791/37/4658 4792/38/4659 4789/35/4656
f 4793/35/4660 4794/36/4661 4795/37/4662
f 4795/37/4662 4796/38/4663 4793/35/4660
f 4797/35/4664 4798/37/4665 4799/36/4666
f 4798/37/4665 4797/35/4664 4800/38/4667
f 4801/35/4668 4802/37/4669 4803/36/4670
f 4802/37/4669 4801/35/4668 4804/38/4671
f 4805/35/4672 4806/37/4673 4807/36/4674
f 4806/37/4673 4805/35/4672 4808/38/4675
f 4809/35/4676 4810/36/4677 4811/37/4678
f 4811/37/4678 4812/38/4679 4809/35/4676
f 4813/35/4680 4814/36/4681 4815/37/4682
f 4815/37/4682 4816/38/4683 4813/35/4680
f 4817/35/4684 4818/37/4685 4819/36/4686
f 4818/37/4685 4817/35/4684 4820/38/4687
f 4821/35/4688 4822/37/4689 4823/36/4690
f 4822/37/4689 4821/35/4688 4824/38/4691
f 4825/35/4692 4826/37/4693 4827/36/4694
f 4826/37/4693 4825/35/4692 4828/38/4695
f 4829/35/4696 4830/36/4697 4831/37/4698
f 4831/37/4698 4832/38/4699 4829/35/4696
f 4833/35/4700 4834/36/4701 4835/37/4702
f 4835/37/4702 4836/38/4703 4833/35/4700
f 4837/35/4704 4838/37/4705 4839/36/4706
f 4838/37/4705 4837/35/4704 4840/38/4707
f 4841/35/4708 4842/37/4709 4843/36/4710
f 4842/37/4709 4841/35/4708 4844/38/4711
f 4845/35/4712 4846/37/4713 4847/36/4714
f 4846/37/4713 4845/35/4712 4848/38/4715
f 4849/35/4716 4850/36/4717 4851/37/4718
f 4851/37/4718 4852/38/4719 4849/35/4716
f 4853/35/4720 4854/36/4721 4855/37/4722
f 4855/37/4722 4856/38/4723 4853/35/4720
f 4857/35/4724 4858/37/4725 4859/36/4726
f 4858/37/4725 4857/35/4724 4860/38/4727
f 4861/35/4728 4862/37/4729 4863/36/4730
f 4862/37/4729 4861/35/4728 4864/38/4731
f 4865/35/4732 4866/37/4733 4867/36/4734
f 4866/37/4733 4865/35/4732 4868/38/4735
f 4869/35/4736 4870/36/4737 4871/37/4738
f 4871/37/4738 4872/38/4739 4869/35/4736
f 4873/35/4740 4874/36/4741 4875/37/4742
f 4875/37/4742 4876/38/4743 4873/35/4740
f 4877/35/4744 4878/37/4745 4879/36/4746
f 4878/37/4745 4877/35/4744 4880/38/4747
f 4881/35/4748 4882/37/4749 4883/36/4750
f 4882/37/4749 4881/35/4748 4884/38/4751
f 4885/35/4752 4886/37/4753 4887/36/4754
f 4886/37/4753 4885/35/4752 4888/38/4755
f 4889/35/4756 4890/36/4757 4891/37/4758
f 4891/37/4758 4892/38/4759 4889/35/4756
f 4893/35/4760 4894/36/4761 4895/37/4762
f 4895/37/4762 4896/38/4763 4893/35/4760
f 4897/35/4764 4898/37/4765 4899/36/4766
f 4898/37/4765 4897/35/4764 4900/38/4767
f 4901/35/4768 4902/37/4769 4903/36/4770
f 4902/37/4769 4901/35/4768 4904/38/4771
f 4905/35/4772 4906/37/4773 4907/36/4774
f 4906/37/4773 4905/35/4772 4908/38/4775
f 4909/35/4776 4910/36/4777 4911/37/4778
f 4911/37/4778 4912/38/4779 4909/35/4776
f 4913/35/4780 4914/36/4781 4915/37/4782
f 4915/37/4782 4916/38/4783 4913/35/4780
f 4917/35/4784 4918/37/4785 4919/36/4786
f 4918/37/4785 4917/35/4784 4920/38/4787
f 4921/35/4788 4922/37/4789 4923/36/4790
f 4922/37/4789 4921/35/4788 4924/38/4791
f 4925/35/4792 4926/37/4793 4927/36/4794
f 4926/37/4793 4925/35/4792 4928/38/4795
f 4929/35/4796 4930/36/4797 4931/37/4798
f 4931/37/4798 4932/38/4799 4929/35/4796
f 4933/35/4800 4934/36/4801 4935/37/4802
f 4935/37/4802 4936/38/4803 4933/35/4800
f 4937/35/4804 4938/37/4805 4939/36/4806
f 4938/37/4805 4937/35/4804 4940/38/4807
f 4941/35/4808 4942/37/4809 4943/36/4810
f 4942/37/4809 4941/35/4808 4944/38/4811
f 4945/35/4812 4946/37/4813 4947/36/4814
f 4946/37/4813 4945/35/4812 4948/38/4815
f 4949/35/4816 4950/36/4817 4951/37/4818
f 4951/37/4818 4952/38/4819 4949/35/4816
f 4953/35/4820 4954/36/4821 4955/37/4822
f 4955/37/4822 4956/38/4823 4953/35/4820
f 4957/35/4824 4958/37/4825 4959/36/4826
f 4958/37/4825 4957/35/4824 4960/38/4827
f 4961/35/4828 4962/37/4829 4963/36/4830
f 4962/37/4829 4961/35/4828 4964/38/4831
f 4965/35/4832 4966/37/4833 4967/36/4834
f 4966/37/4833 4965/35/4832 4968/38/4835
f 4969/35/4836 4970/36/4837 4971/37/4838
f 4971/37/4838 4972/38/4839 4969/35/4836
f 4973/35/4840 4974/36/4841 4975/37/4842
f 4975/37/4842 4976/38/4843 4973/35/4840
f 4977/35/4844 4978/37/4845 4979/36/4846
f 4978/37/4845 4977/35/4844 4980/38/4847
f 4981/35/4848 4982/37/4849 4983/36/4850
f 4982/37/4849 4981/35/4848 4984/38/4851
f 4985/35/4852 4986/37/4853 4987/36/4854
f 4986/37/4853 4985/35/4852 4988/38/4855
f 4989/35/4856 4990/36/4857 4991/37/4858
f 4991/37/4858 4992/38/4859 4989/35/4856
f 4993/35/4860 4994/36/4861 4995/37/4862
f 4995/37/4862 4996/38/4863 4993/35/4860
f 4997/35/4864 4998/37/4865 4999/36/4866
f 4998/37/4865 4997/35/4864 5000/38/4867
f 5001/35/4868 5002/37/4869 5003/36/4870
f 5002/37/4869 5001/35/4868 5004/38/4871
f 5005/35/4872 5006/37/4873 5007/36/4874
f 5006/37/4873 5005/35/4872 5008/38/4875
f 5009/35/4876 5010/36/4877 5011/37/4878
f 5011/37/4878 5012/38/4879 5009/35/4876
f 5013/35/4880 5014/36/4881 5015/37/4882
f 5015/37/4882 5016/38/4883 5013/35/4880
f 5017/35/4884 5018/37/4885 5019/36/4886
f 5018/37/4885 5017/35/4884 5020/38/4887
f 5021/35/4888 5022/37/4889 5023/36/4890
f 5022/37/4889 5021/35/4888 5024/38/4891
f 5025/35/4892 5026/37/4893 5027/36/4894
f 5026/37/4893 5025/35/4892 5028/38/4895
f 5029/35/4896 5030/36/4897 5031/37/4898
f 5031/37/4898 5032/38/4899 5029/35/4896
f 5033/35/4900 5034/36/4901 5035/37/4902
f 5035/37/4902 5036/38/4903 5033/35/4900
f 5037/35/4904 5038/37/4905 5039/36/4906
f 5038/37/4905 5037/35/4904 5040/38/4907
f 5041/35/4908 5042/37/4909 5043/36/4910
f 5042/37/4909 5041/35/4908 5044/38/4911
f 5045/35/4912 5046/37/4913 5047/36/4914
f 5046/37/4913 5045/35/4912 5048/38/4915
f 5049/35/4916 5050/36/4917 5051/37/4918
f 5051/37/4918 5052/38/4919 5049/35/4916
f 5053/35/4920 5054/36/4921 5055/37/4922
f 5055/37/4922 5056/38/4923 5053/35/4920
f 5057/35/4924 5058/37/4925 5059/36/4926
f 5058/37/4925 5057/35/4924 5060/38/4927
f 5061/35/4928 5062/37/4929 5063/36/4930
f 5062/37/4929 5061/35/4928 5064/38/4931
f 5065/35/4932 5066/37/4933 5067/36/4934
f 5066/37/4933 5065/35/4932 5068/38/4935
f 5069/35/4936 5070/36/4937 5071/37/4938
f 5071/37/4938 5072/38/4939 5069/35/4936
f 5073/35/4940 5074/36/4941 5075/37/4942
f 5075/37/4942 5076/38/4943 5073/35/4940
f 5077/35/4944 5078/37/4945 5079/36/4946
f 5078/37/4945 5077/35/4944 5080/38/4947
f 5081/35/4948 5082/37/4949 5083/36/4950
f 5082/37/4949 5081/35/4948 5084/38/4951
f 5085/35/4952 5086/37/4953 5087/36/4954
f 5086/37/4953 5085/35/4952 5088/38/4955
f 5089/35/4956 5090/36/4957 5091/37/4958
f 5091/37/4958 5092/38/4959 5089/35/4956
f 5093/35/4960 5094/36/4961 5095/37/4962
f 5095/37/4962 5096/38/4963 5093/35/4960
f 5097/35/4964 5098/37/4965 5099/36/4966
f 5098/37/4965 5097/35/4964 5100/38/4967
f 5101/35/4968 5102/37/4969 5103/36/4970
f 5102/37/4969 5101/35/4968 5104/38/4971
f 5105/35/4972 5106/37/4973 5107/36/4974
f 5106/37/4973 5105/35/4972 5108/38/4975
f 5109/35/4976 5110/36/4977 5111/37/4978
f 5111/37/4978 5112/38/4979 5109/35/4976
f 5113/35/4980 5114/36/4981 5115/37/4982
f 5115/37/4982 5116/38/4983 5113/35/4980
f 5117/35/4984 5118/37/4985 5119/36/4986
f 5118/37/4985 5117/35/4984 5120/38/4987
f 5121/35/4988 5122/37/4989 5123/36/4990
f 5122/37/4989 5121/35/4988 5124/38/4991
f 5125/35/4992 5126/37/4993 5127/36/4994
f 5126/37/4993 5125/35/4992 5128/38/4995
f 5129/35/4996 5130/36/4997 5131/37/4998
f 5131/37/4998 5132/38/4999 5129/35/4996
f 5133/35/5000 5134/36/5001 5135/37/5002
f 5135/37/5002 5136/38/5003 5133/35/5000
f 5137/35/5004 5138/37/5005 5139/36/5006
f 5138/37/5005 5137/35/5004 5140/38/5007
f 5141/35/5008 5142/37/5009 5143/36/5010
f 5142/37/5009 5141/35/5008 5144/38/5011
f 5145/35/5012 5146/37/5013 5147/36/5014
f 5146/37/5013 5145/35/5012 5148/38/5015
f 5149/35/5016 5150/36/5017 5151/37/5018
f 5151/37/5018 5152/38/5019 5149/35/5016
f 5153/35/5020 5154/36/5021 5155/37/5022
f 5155/37/5022 5156/38/5023 5153/35/5020
f 5157/35/5024 5158/37/5025 5159/36/5026
f 5158/37/5025 5157/35/5024 5160/38/5027
f 5161/35/5028 5162/37/5029 5163/36/5030
f 5162/37/5029 5161/35/5028 5164/38/5031
f 5165/35/5032 5166/37/5033 5167/36/5034
f 5166/37/5033 5165/35/5032 5168/38/5035
f 5169/35/5036 5170/36/5037 5171/37/5038
f 5171/37/5038 5172/38/5039 5169/35/5036
f 5173/35/5040 5174/36/5041 5175/37/5042
f 5175/37/5042 5176/38/5043 5173/35/5040
f 5177/35/5044 5178/37/5045 5179/36/5046
f 5178/37/5045 5177/35/5044 5180/38/5047
f 5181/35/5048 5182/37/5049 5183/36/5050
f 5182/37/5049 5181/35/5048 5184/38/5051
f 5185/35/5052 5186/37/5053 5187/36/5054
f 5186/37/5053 5185/35/5052 5188/38/5055
f 5189/35/5056 5190/36/5057 5191/37/5058
f 5191/37/5058 5192/38/5059 5189/35/5056
f 5193/35/5060 5194/36/5061 5195/37/5062
f 5195/37/5062 5196/38/5063 5193/35/5060
f 5197/35/5064 5198/37/5065 5199/36/5066
f 5198/37/5065 5197/35/5064 5200/38/5067
f 5201/35/5068 5202/37/5069 5203/36/5070
f 5202/37/5069 5201/35/5068 5204/38/5071
f 5205/35/5072 5206/36/5073 5207/37/5074
f 5207/37/5074 5208/38/5075 5205/35/5072
f 5209/35/5076 5210/37/5077 5211/36/5078
f 5210/37/5077 5209/35/5076 5212/38/5079
f 5213/35/5080 5214/37/5081 5215/36/5082
f 5214/37/5081 5213/35/5080 5216/38/5083
f 5217/35/5084 5218/36/5085 5219/37/5086
f 5219/37/5086 5220/38/5087 5217/35/5084
f 5221/35/5088 5222/37/5089 5223/36/5090
f 5222/37/5089 5221/35/5088 5224/38/5091
f 5225/35/5092 5226/36/5093 5227/37/5094
f 5227/37/5094 5228/38/5095 5225/35/5092
f 5229/35/5096 5230/37/5097 5231/36/5098
f 5230/37/5097 5229/35/5096 5232/38/5099
f 5233/35/5100 5234/37/5101 5235/36/5102
f 5234/37/5101 5233/35/5100 5236/38/5103
f 5237/35/5104 5238/36/5105 5239/37/5106
f 5239/37/5106 5240/38/5107 5237/35/5104
f 5241/35/5108 5242/36/5109 5243/37/5110
f 5243/37/5110 5244/38/5111 5241/35/5108
f 5245/35/5112 5246/36/5113 5247/37/5114
f 5247/37/5114 5248/38/5115 5245/35/5112
f 5249/35/5116 5250/37/5117 5251/36/5118
f 5250/37/5117 5249/35/5116 5252/38/5119
f 5253/35/5120 5254/37/5121 5255/36/5122
f 5254/37/5121 5253/35/5120 5256/38/5123
f 5257/35/5124 5258/36/5125 5259/37/5126
f 5259/37/5126 5260/38/5127 5257/35/5124
f 5261/35/5128 5262/37/5129 5263/36/5130
f 5262/37/5129 5261/35/5128 5264/38/5131
f 5265/35/5132 5266/36/5133 5267/37/5134
f 5267/37/5134 5268/38/5135 5265/35/5132
f 5269/35/5136 5270/37/5137 5271/36/5138
f 5270/37/5137 5269/35/5136 5272/38/5139
f 5273/35/5140 5274/37/5141 5275/36/5142
f 5274/37/5141 5273/35/5140 5276/38/5143
f 5277/35/5144 5278/36/5145 5279/37/5146
f 5279/37/5146 5280/38/5147 5277/35/5144
f 5281/35/5148 5282/36/5149 5283/37/5150
f 5283/37/5150 5284/38/5151 5281/35/5148
f 5285/35/5152 5286/36/5153 5287/37/5154
f 5287/37/5154 5288/38/5155 5285/35/5152
f 5289/35/5156 5290/37/5157 5291/36/5158
f 5290/37/5157 5289/35/5156 5292/38/5159
f 5293/35/5160 5294/37/5161 5295/36/5162
f 5294/37/5161 5293/35/5160 5296/38/5163
f 5297/35/5164 5298/36/5165 5299/37/5166
f 5299/37/5166 5300/38/5167 5297/35/5164
f 5301/35/5168 5302/37/5169 5303/36/5170
f 5302/37/5169 5301/35/5168 5304/38/5171
f 5305/35/5172 5306/36/5173 5307/37/5174
f 5307/37/5174 5308/38/5175 5305/35/5172
f 5309/35/5176 5310/37/5177 5311/36/5178
f 5310/37/5177 5309/35/5176 5312/38/5179
f 5313/35/5180 5314/37/5181 5315/36/5182
f 5314/37/5181 5313/35/5180 5316/38/5183
f 5317/35/5184 5318/36/5185 5319/37/5186
f 5319/37/5186 5320/38/5187 5317/35/5184
f 5321/35/5188 5322/36/5189 5323/37/5190
f 5323/37/5190 5324/38/5191 5321/35/5188
f 5325/35/5192 5326/36/5193 5327/37/5194
f 5327/37/5194 5328/38/5195 5325/35/5192
f 5329/35/5196 5330/37/5197 5331/36/5198
f 5330/37/5197 5329/35/5196 5332/38/5199
f 5333/35/5200 5334/37/5201 5335/36/5202
f 5334/37/5201 5333/35/5200 5336/38/5203
f 5337/35/5204 5338/36/5205 5339/37/5206
f 5339/37/5206 5340/38/5207 5337/35/5204
f 5341/35/5208 5342/37/5209 5343/36/5210
f 5342/37/5209 5341/35/5208 5344/38/5211
f 5345/35/5212 5346/36/5213 5347/37/5214
f 5347/37/5214 5348/38/5215 5345/35/5212
f 5349/35/5216 5350/37/5217 5351/36/5218
f 5350/37/5217 5349/35/5216 5352/38/5219
f 5353/35/5220 5354/37/5221 5355/36/5222
f 5354/37/5221 5353/35/5220 5356/38/5223
f 5357/35/5224 5358/36/5225 5359/37/5226
f 5359/37/5226 5360/38/5227 5357/35/5224
f 5361/35/5228 5362/36/5229 5363/37/5230
f 5363/37/5230 5364/38/5231 5361/35/5228
f 5365/35/5232 5366/36/5233 5367/37/5234
f 5367/37/5234 5368/38/5235 5365/35/5232
f 5369/35/5236 5370/37/5237 5371/36/5238
f 5370/37/5237 5369/35/5236 5372/38/5239
f 5373/35/5240 5374/37/5241 5375/36/5242
f 5374/37/5241 5373/35/5240 5376/38/5243
f 5377/35/5244 5378/36/5245 5379/37/5246
f 5379/37/5246 5380/38/5247 5377/35/5244
f 5381/35/5248 5382/37/5249 5383/36/5250
f 5382/37/5249 5381/35/5248 5384/38/5251
f 5385/35/5252 5386/36/5253 5387/37/5254
f 5387/37/5254 5388/38/5255 5385/35/5252
f 5389/35/5256 5390/37/5257 5391/36/5258
f 5390/37/5257 5389/35/5256 5392/38/5259
f 5393/35/5260 5394/37/5261 5395/36/5262
f 5394/37/5261 5393/35/5260 5396/38/5263
f 5397/35/5264 5398/36/5265 5399/37/5266
f 5399/37/5266 5400/38/5267 5397/35/5264
f 5401/35/5268 5402/36/5269 5403/37/5270
f 5403/37/5270 5404/38/5271 5401/35/5268
f 5405/35/5272 5406/36/5273 5407/37/5274
f 5407/37/5274 5408/38/5275 5405/35/5272
f 5409/35/5276 5410/37/5277 5411/36/5278
f 5410/37/5277 5409/35/5276 5412/38/5279
f 5413/35/5280 5414/37/5281 5415/36/5282
f 5414/37/5281 5413/35/5280 5416/38/5283
f 5417/35/5284 5418/36/5285 5419/37/5286
f 5419/37/5286 5420/38/5287 5417/35/5284
f 5421/35/5288 5422/37/5289 5423/36/5290
f 5422/37/5289 5421/35/5288 5424/38/5291
f 5425/35/5292 5426/36/5293 5427/37/5294
f 5427/37/5294 5428/38/5295 5425/35/5292
f 5429/35/5296 5430/37/5297 5431/36/5298
f 5430/37/5297 5429/35/5296 5432/38/5299
f 5433/35/5300 5434/37/5301 5435/36/5302
f 5434/37/5301 5433/35/5300 5436/38/5303
f 5437/35/5304 5438/36/5305 5439/37/5306
f 5439/37/5306 5440/38/5307 5437/35/5304
f 5441/35/5308 5442/36/5309 5443/37/5310
f 5443/37/5310 5444/38/5311 5441/35/5308
f 5445/35/5312 5446/36/5313 5447/37/5314
f 5447/37/5314 5448/38/5315 5445/35/5312
f 5449/35/5316 5450/37/5317 5451/36/5318
f 5450/37/5317 5449/35/5316 5452/38/5319
f 5453/35/5320 5454/37/5321 5455/36/5322
f 5454/37/5321 5453/35/5320 5456/38/5323
f 5457/35/5324 5458/36/5325 5459/37/5326
f 5459/37/5326 5460/38/5327 5457/35/5324
f 5461/35/5328 5462/37/5329 5463/36/5330
f 5462/37/5329 5461/35/5328 5464/38/5331
f 5465/35/5332 5466/36/5333 5467/37/5334
f 5467/37/5334 5468/38/5335 5465/35/5332
f 5469/35/5336 5470/37/5337 5471/36/5338
f 5470/37/5337 5469/35/5336 5472/38/5339
f 5473/35/5340 5474/37/5341 5475/36/5342
f 5474/37/5341 5473/35/5340 5476/38/5343
f 5477/35/5344 5478/36/5345 5479/37/5346
f 5479/37/5346 5480/38/5347 5477/35/5344
f 5481/35/5348 5482/36/5349 5483/37/5350
f 5483/37/5350 5484/38/5351 5481/35/5348
f 5485/35/5352 5486/36/5353 5487/37/5354
f 5487/37/5354 5488/38/5355 5485/35/5352
f 5489/35/5356 5490/37/5357 5491/36/5358
f 5490/37/5357 5489/35/5356 5492/38/5359
f 5493/35/5360 5494/37/5361 5495/36/5362
f 5494/37/5361 5493/35/5360 5496/38/5363
f 5497/35/5364 5498/36/5365 5499/37/5366
f 5499/37/5366 5500/38/5367 5497/35/5364
f 5501/35/5368 5502/37/5369 5503/36/5370
f 5502/37/5369 5501/35/5368 5504/38/5371
f 5505/35/5372 5506/36/5373 5507/37/5374
f 5507/37/5374 5508/38/5375 5505/35/5372
f 5509/35/5376 5510/37/5377 5511/36/5378
f 5510/37/5377 5509/35/5376 5512/38/5379
f 5513/35/5380 5514/37/5381 5515/36/5382
f 5514/37/5381 5513/35/5380 5516/38/5383
f 5517/35/5384 5518/36/5385 5519/37/5386
f 5519/37/5386 5520/38/5387 5517/35/5384
f 5521/35/5388 5522/36/5389 5523/37/5390
f 5523/37/5390 5524/38/5391 5521/35/5388
f 5525/35/5392 5526/36/5393 5527/37/5394
f 5527/37/5394 5528/38/5395 5525/35/5392
f 5529/35/5396 5530/37/5397 5531/36/5398
f 5530/37/5397 5529/35/5396 5532/38/5399
f 5533/35/5400 5534/37/5401 5535/36/5402
f 5534/37/5401 5533/35/5400 5536/38/5403
f 5537/35/5404 5538/36/5405 5539/37/5406
f 5539/37/5406 5540/38/5407 5537/35/5404
f 5541/35/5408 5542/37/5409 5543/36/5410
f 5542/37/5409 5541/35/5408 5544/38/5411
f 5545/35/5412 5546/36/5413 5547/37/5414
f 5547/37/5414 5548/38/5415 5545/35/5412
f 5549/35/5416 5550/37/5417 5551/36/5418
f 5550/37/5417 5549/35/5416 5552/38/5419
f 5553/35/5420 5554/37/5421 5555/36/5422
f 5554/37/5421 5553/35/5420 5556/38/5423
f 5557/35/5424 5558/36/5425 5559/37/5426
f 5559/37/5426 5560/38/5427 5557/35/5424
f 5561/35/5428 5562/36/5429 5563/37/5430
f 5563/37/5430 5564/38/5431 5561/35/5428
f 5565/35/5432 5566/36/5433 5567/37/5434
f 5567/37/5434 5568/38/5435 5565/35/5432
f 5569/35/5436 5570/37/5437 5571/36/5438
f 5570/37/5437 5569/35/5436 5572/38/5439
f 5573/35/5440 5574/37/5441 5575/36/5442
f 5574/37/5441 5573/35/5440 5576/38/5443
f 5577/35/5444 5578/36/5445 5579/37/5446
f 5579/37/5446 5580/38/5447 5577/35/5444
f 5581/35/5448 5582/37/5449 5583/36/5450
f 5582/37/5449 5581/35/5448 5584/38/5451
f 5585/35/5452 5586/36/5453 5587/37/5454
f 5587/37/5454 5588/38/5455 5585/35/5452
f 5589/35/5456 5590/37/5457 5591/36/5458
f 5590/37/5457 5589/35/5456 5592/38/5459
f 5593/35/5460 5594/37/5461 5595/36/5462
f 5594/37/5461 5593/35/5460 5596/38/5463
f 5597/35/5464 5598/36/5465 5599/37/5466
f 5599/37/5466 5600/38/5467 5597/35/5464
f 5601/35/5468 5602/36/5469 5603/37/5470
f 5603/37/5470 5604/38/5471 5601/35/5468
f 5605/35/5472 5606/36/5473 5607/37/5474
f 5607/37/5474 5608/38/5475 5605/35/5472
f 5609/35/5476 5610/37/5477 5611/36/5478
f 5610/37/5477 5609/35/5476 5612/38/5479
f 5613/35/5480 5614/37/5481 5615/36/5482
f 5614/37/5481 5613/35/5480 5616/38/5483
f 5617/35/5484 5618/36/5485 5619/37/5486
f 5619/37/5486 5620/38/5487 5617/35/5484
f 5621/35/5488 5622/37/5489 5623/36/5490
f 5622/37/5489 5621/35/5488 5624/38/5491
f 5625/35/5492 5626/36/5493 5627/37/5494
f 5627/37/5494 5628/38/5495 5625/35/5492
f 5629/35/5496 5630/37/5497 5631/36/5498
f 5630/37/5497 5629/35/5496 5632/38/5499
f 5633/35/5500 5634/37/5501 5635/36/5502
f 5634/37/5501 5633/35/5500 5636/38/5503
f 5637/35/5504 5638/36/5505 5639/37/5506
f 5639/37/5506 5640/38/5507 5637/35/5504
f 5641/35/5508 5642/36/5509 5643/37/5510
f 5643/37/5510 5644/38/5511 5641/35/5508
f 5645/35/5512 5646/36/5513 5647/37/5514
f 5647/37/5514 5648/38/5515 5645/35/5512
f 5649/35/5516 5650/37/5517 5651/36/5518
f 5650/37/5517 5649/35/5516 5652/38/5519
f 5653/35/5520 5654/37/5521 5655/36/5522
f 5654/37/5521 5653/35/5520 5656/38/5523
f 5657/35/5524 5658/36/5525 5659/37/5526
f 5659/37/5526 5660/38/5527 5657/35/5524
f 5661/35/5528 5662/37/5529 5663/36/5530
f 5662/37/5529 5661/35/5528 5664/38/5531
f 5665/35/5532 5666/36/5533 5667/37/5534
f 5667/37/5534 5668/38/5535 5665/35/5532
f 5669/35/5536 5670/37/5537 5671/36/5538
f 5670/37/5537 5669/35/5536 5672/38/5539
f 5673/35/5540 5674/37/5541 5675/36/5542
f 5674/37/5541 5673/35/5540 5676/38/5543
f 5677/35/5544 5678/36/5545 5679/37/5546
f 5679/37/5546 5680/38/5547 5677/35/5544
f 5681/35/5548 5682/36/5549 5683/37/5550
f 5683/37/5550 5684/38/5551 5681/35/5548
f 5685/35/5552 5686/36/5553 5687/37/5554
f 5687/37/5554 5688/38/5555 5685/35/5552
f 5689/35/5556 5690/37/5557 5691/36/5558
f 5690/37/5557 5689/35/5556 5692/38/5559
f 5693/35/5560 5694/37/5561 5695/36/5562
f 5694/37/5561 5693/35/5560 5696/38/5563
f 5697/35/5564 5698/36/5565 5699/37/5566
f 5699/37/5566 5700/38/5567 5697/35/5564
f 5701/35/5568 5702/37/5569 5703/36/5570
f 5702/37/5569 5701/35/5568 5704/38/5571
f 5705/35/5572 5706/36/5573 5707/37/5574
f 5707/37/5574 5708/38/5575 5705/35/5572
f 5709/35/5576 5710/37/5577 5711/36/5578
f 5710/37/5577 5709/35/5576 5712/38/5579
f 5713/35/5580 5714/37/5581 5715/36/5582
f 5714/37/5581 5713/35/5580 5716/38/5583
f 5717/35/5584 5718/36/5585 5719/37/5586
f 5719/37/5586 5720/38/5587 5717/35/5584
f 5721/35/5588 5722/36/5589 5723/37/5590
f 5723/37/5590 5724/38/5591 5721/35/5588
f 5725/35/5592 5726/36/5593 5727/37/5594
f 5727/37/5594 5728/38/5595 5725/35/5592
f 5729/35/5596 5730/37/5597 5731/36/5598
f 5730/37/5597 5729/35/5596 5732/38/5599
f 5733/35/5600 5734/37/5601 5735/36/5602
f 5734/37/5601 5733/35/5600 5736/38/5603
f 5737/35/5604 5738/36/5605 5739/37/5606
f 5739/37/5606 5740/38/5607 5737/35/5604
f 5741/35/5608 5742/37/5609 5743/36/5610
f 5742/37/5609 5741/35/5608 5744/38/5611
f 5745/35/5612 5746/36/5613 5747/37/5614
f 5747/37/5614 5748/38/5615 5745/35/5612
f 5749/35/5616 5750/37/5617 5751/36/5618
f 5750/37/5617 5749/35/5616 5752/38/5619
f 5753/35/5620 5754/37/5621 5755/36/5622
f 5754/37/5621 5753/35/5620 5756/38/5623
f 5757/35/5624 5758/36/5625 5759/37/5626
f 5759/37/5626 5760/38/5627 5757/35/5624
f 5761/35/5628 5762/36/5629 5763/37/5630
f 5763/37/5630 5764/38/5631 5761/35/5628
f 5765/35/5632 5766/36/5633 5767/37/5634
f 5767/37/5634 5768/38/5635 5765/35/5632
f 5769/35/5636 5770/37/5637 5771/36/5638
f 5770/37/5637 5769/35/5636 5772/38/5639
f 5773/35/5640 5774/37/5641 5775/36/5642
f 5774/37/5641 5773/35/5640 5776/38/5643
f 5777/35/5644 5778/36/5645 5779/37/5646
f 5779/37/5646 5780/38/5647 5777/35/5644
f 5781/35/5648 5782/37/5649 5783/36/5650
f 5782/37/5649 5781/35/5648 5784/38/5651
f 5785/35/5652 5786/36/5653 5787/37/5654
f 5787/37/5654 5788/38/5655 5785/35/5652
f 5789/35/5656 5790/37/5657 5791/36/5658
f 5790/37/5657 5789/35/5656 5792/38/5659
f 5793/35/5660 5794/37/5661 5795/36/5662
f 5794/37/5661 5793/35/5660 5796/38/5663
f 5797/35/5664 5798/36/5665 5799/37/5666
f 5799/37/5666 5800/38/5667 5797/35/5664
f 5801/35/5668 5802/36/5669 5803/37/5670
f 5803/37/5670 5804/38/5671 5801/35/5668
f 5805/35/5672 5806/36/5673 5807/37/5674
f 5807/37/5674 5808/38/5675 5805/35/5672
f 5809/35/5676 5810/37/5677 5811/36/5678
f 5810/37/5677 5809/35/5676 5812/38/5679
f 5813/35/5680 5814/37/5681 5815/36/5682
f 5814/37/5681 5813/35/5680 5816/38/5683
f 5817/35/5684 5818/36/5685 5819/37/5686
f 5819/37/5686 5820/38/5687 5817/35/5684
f 5821/35/5688 5822/37/5689 5823/36/5690
f 5822/37/5689 5821/35/5688 5824/38/5691
f 5825/35/5692 5826/36/5693 5827/37/5694
f 5827/37/5694 5828/38/5695 5825/35/5692
f 5829/35/5696 5830/37/5697 5831/36/5698
f 5830/37/5697 5829/35/5696 5832/38/5699
f 5833/35/5700 5834/37/5701 5835/36/5702
f 5834/37/5701 5833/35/5700 5836/38/5703
f 5837/35/5704 5838/36/5705 5839/37/5706
f 5839/37/5706 5840/38/5707 5837/35/5704
f 5841/35/5708 5842/36/5709 5843/37/5710
f 5843/37/5710 5844/38/5711 5841/35/5708
f 5845/35/5712 5846/36/5713 5847/37/5714
f 5847/37/5714 5848/38/5715 5845/35/5712
f 5849/35/5716 5850/37/5717 5851/36/5718
f 5850/37/5717 5849/35/5716 5852/38/5719
f 5853/35/5720 5854/37/5721 5855/36/5722
f 5854/37/5721 5853/35/5720 5856/38/5723
f 5857/35/5724 5858/36/5725 5859/37/5726
f 5859/37/5726 5860/38/5727 5857/35/5724
f 5861/35/5728 5862/37/5729 5863/36/5730
f 5862/37/5729 5861/35/5728 5864/38/5731
f 5865/35/5732 5866/36/5733 5867/37/5734
f 5867/37/5734 5868/38/5735 5865/35/5732
f 5869/35/5736 5870/37/5737 5871/36/5738
f 5870/37/5737 5869/35/5736 5872/38/5739
f 5873/35/5740 5874/37/5741 5875/36/5742
f 5874/37/5741 5873/35/5740 5876/38/5743
f 5877/35/5744 5878/36/5745 5879/37/5746
f 5879/37/5746 5880/38/5747 5877/35/5744
f 5881/35/5748 5882/36/5749 5883/37/5750
f 5883/37/5750 5884/38/5751 5881/35/5748
f 5885/35/5752 5886/36/5753 5887/37/5754
f 5887/37/5754 5888/38/5755 5885/35/5752
f 5889/35/5756 5890/37/5757 5891/36/5758
f 5890/37/5757 5889/35/5756 5892/38/5759
f 5893/35/5760 5894/37/5761 5895/36/5762
f 5894/37/5761 5893/35/5760 5896/38/5763
f 5897/35/5764 5898/36/5765 5899/37/5766
f 5899/37/5766 5900/38/5767 5897/35/5764
f 5901/35/5768 5902/37/5769 5903/36/5770
f 5902/37/5769 5901/35/5768 5904/38/5771
f 5905/35/5772 5906/36/5773 5907/37/5774
f 5907/37/5774 5908/38/5775 5905/35/5772
f 5909/35/5776 5910/37/5777 5911/36/5778
f 5910/37/5777 5909/35/5776 5912/38/5779
f 5913/35/5780 5914/37/5781 5915/36/5782
f 5914/37/5781 5913/35/5780 5916/38/5783
f 5917/35/5784 5918/36/5785 5919/37/5786
f 5919/37/5786 5920/38/5787 5917/35/5784
f 5921/35/5788 5922/36/5789 5923/37/5790
f 5923/37/5790 5924/38/5791 5921/35/5788
f 5925/35/5792 5926/36/5793 5927/37/5794
f 5927/37/5794 5928/38/5795 5925/35/5792
f 5929/35/5796 5930/37/5797 5931/36/5798
f 5930/37/5797 5929/35/5796 5932/38/5799
f 5933/35/5800 5934/37/5801 5935/36/5802
f 5934/37/5801 5933/35/5800 5936/38/5803
f 5937/35/5804 5938/36/5805 5939/37/5806
f 5939/37/5806 5940/38/5807 5937/35/5804
f 5941/35/5808 5942/37/5809 5943/36/5810
f 5942/37/5809 5941/35/5808 5944/38/5811
f 5945/35/5812 5946/36/5813 5947/37/5814
f 5947/37/5814 5948/38/5815 5945/35/5812
f 5949/35/5816 5950/37/5817 5951/36/5818
f 5950/37/5817 5949/35/5816 5952/38/5819
f 5953/35/5820 5954/37/5821 5955/36/5822
f 5954/37/5821 5953/35/5820 5956/38/5823
f 5957/35/5824 5958/36/5825 5959/37/5826
f 5959/37/5826 5960/38/5827 5957/35/5824
f 5961/35/5828 5962/36/5829 5963/37/5830
f 5963/37/5830 5964/38/5831 5961/35/5828
f 5965/35/5832 5966/36/5833 5967/37/5834
f 5967/37/5834 5968/38/5835 5965/35/5832
f 5969/35/5836 5970/37/5837 5971/36/5838
f 5970/37/5837 5969/35/5836 5972/38/5839
f 5973/35/5840 5974/37/5841 5975/36/5842
f 5974/37/5841 5973/35/5840 5976/38/5843
f 5977/35/5844 5978/36/5845 5979/37/5846
f 5979/37/5846 5980/38/5847 5977/35/5844
f 5981/35/5848 5982/37/5849 5983/36/5850
f 5982/37/5849 5981/35/5848 5984/38/5851
f 5985/35/5852 5986/36/5853 5987/37/5854
f 5987/37/5854 5988/38/5855 5985/35/5852
f 5989/35/5856 5990/37/5857 5991/36/5858
f 5990/37/5857 5989/35/5856 5992/38/5859
f 5993/35/5860 5994/37/5861 5995/36/5862
f 5994/37/5861 5993/35/5860 5996/38/5863
f 5997/35/5864 5998/36/5865 5999/37/5866
f 5999/37/5866 6000/38/5867 5997/35/5864
f 6001/35/5868 6002/36/5869 6003/37/5870
f 6003/37/5870 6004/38/5871 6001/35/5868
f 6005/35/5872 6006/36/5873 6007/37/5874
f 6007/37/5874 6008/38/5875 6005/35/5872
f 6009/35/5876 6010/37/5877 6011/36/5878
f 6010/37/5877 6009/35/5876 6012/38/5879
f 6013/35/5880 6014/37/5881 6015/36/5882
f 6014/37/5881 6013/35/5880 6016/38/5883
f 6017/35/5884 6018/36/5885 6019/37/5886
f 6019/37/5886 6020/38/5887 6017/35/5884
f 6021/35/5888 6022/37/5889 6023/36/5890
f 6022/37/5889 6021/35/5888 6024/38/5891
f 6025/35/5892 6026/36/5893 6027/37/5894
f 6027/37/5894 6028/38/5895 6025/35/5892
f 6029/35/5896 6030/37/5897 6031/36/5898
f 6030/37/5897 6029/35/5896 6032/38/5899
f 6033/35/5900 6034/37/5901 6035/36/5902
f 6034/37/5901 6033/35/5900 6036/38/5903
f 6037/35/5904 6038/36/5905 6039/37/5906
f 6039/37/5906 6040/38/5907 6037/35/5904
f 6041/35/5908 6042/36/5909 6043/37/5910
f 6043/37/5910 6044/38/5911 6041/35/5908
f 6045/35/5912 6046/36/5913 6047/37/5914
f 6047/37/5914 6048/38/5915 6045/35/5912
f 6049/35/5916 6050/37/5917 6051/36/5918
f 6050/37/5917 6049/35/5916 6052/38/5919
f 6053/35/5920 6054/37/5921 6055/36/5922
f 6054/37/5921 6053/35/5920 6056/38/5923
f 6057/35/5924 6058/36/5925 6059/37/5926
f 6059/37/5926 6060/38/5927 6057/35/5924
f 6061/35/5928 6062/37/5929 6063/36/5930
f 6062/37/5929 6061/35/5928 6064/38/5931
f 6065/35/5932 6066/36/5933 6067/37/5934
f 6067/37/5934 6068/38/5935 6065/35/5932
f 6069/35/5936 6070/37/5937 6071/36/5938
f 6070/37/5937 6069/35/5936 6072/38/5939
f 6073/35/5940 6074/37/5941 6075/36/5942
f 6074/37/5941 6073/35/5940 6076/38/5943
f 6077/35/5944 6078/36/5945 6079/37/5946
f 6079/37/5946 6080/38/5947 6077/35/5944
f 6081/35/5948 6082/36/5949 6083/37/5950
f 6083/37/5950 6084/38/5951 6081/35/5948
f 6085/35/5952 6086/36/5953 6087/37/5954
f 6087/37/5954 6088/38/5955 6085/35/5952
f 6089/35/5956 6090/37/5957 6091/36/5958
f 6090/37/5957 6089/35/5956 6092/38/5959
f 6093/35/5960 6094/37/5961 6095/36/5962
f 6094/37/5961 6093/35/5960 6096/38/5963
f 6097/35/5964 6098/36/5965 6099/37/5966
f 6099/37/5966 6100/38/5967 6097/35/5964
f 6101/35/5968 6102/37/5969 6103/36/5970
f 6102/37/5969 6101/35/5968 6104/38/5971
f 6105/35/5972 6106/36/5973 6107/37/5974
f 6107/37/5974 6108/38/5975 6105/35/5972
f 6109/35/5976 6110/37/5977 6111/36/5978
f 6110/37/5977 6109/35/5976 6112/38/5979
f 6113/35/5980 6114/37/5981 6115/36/5982
f 6114/37/5981 6113/35/5980 6116/38/5983
f 6117/35/5984 6118/36/5985 6119/37/5986
f 6119/37/5986 6120/38/5987 6117/35/5984
f 6121/35/5988 6122/36/5989 6123/37/5990
f 6123/37/5990 6124/38/5991 6121/35/5988
f 6125/35/5992 6126/36/5993 6127/37/5994
f 6127/37/5994 6128/38/5995 6125/35/5992
f 6129/35/5996 6130/37/5997 6131/36/5998
f 6130/37/5997 6129/35/5996 6132/38/5999
f 6133/35/6000 6134/37/6001 6135/36/6002
f 6134/37/6001 6133/35/6000 6136/38/6003
f 6137/35/6004 6138/36/6005 6139/37/6006
f 6139/37/6006 6140/38/6007 6137/35/6004
f 6141/35/6008 6142/37/6009 6143/36/6010
f 6142/37/6009 6141/35/6008 6144/38/6011
f 6145/35/6012 6146/36/6013 6147/37/6014
f 6147/37/6014 6148/38/6015 6145/35/6012
f 6149/35/6016 6150/37/6017 6151/36/6018
f 6150/37/6017 6149/35/6016 6152/38/6019
f 6153/35/6020 6154/37/6021 6155/36/6022
f 6154/37/6021 6153/35/6020 6156/38/6023
f 6157/35/6024 6158/36/6025 6159/37/6026
f 6159/37/6026 6160/38/6027 6157/35/6024
f 6161/35/6028 6162/36/6029 6163/37/6030
f 6163/37/6030 6164/38/6031 6161/35/6028
f 6165/35/6032 6166/36/6033 6167/37/6034
f 6167/37/6034 6168/38/6035 6165/35/6032
f 6169/35/6036 6170/37/6037 6171/36/6038
f 6170/37/6037 6169/35/6036 6172/38/6039
f 6173/35/6040 6174/37/6041 6175/36/6042
f 6174/37/6041 6173/35/6040 6176/38/6043
f 6177/35/6044 6178/36/6045 6179/37/6046
f 6179/37/6046 6180/38/6047 6177/35/6044
f 6181/35/6048 6182/37/6049 6183/36/6050
f 6182/37/6049 6181/35/6048 6184/38/6051
f 6185/35/6052 6186/36/6053 6187/37/6054
f 6187/37/6054 6188/38/6055 6185/35/6052
f 6189/35/6056 6190/37/6057 6191/36/6058
f 6190/37/6057 6189/35/6056 6192/38/6059
f 6193/35/6060 6194/37/6061 6195/36/6062
f 6194/37/6061 6193/35/6060 6196/38/6063
f 6197/35/6064 6198/36/6065 6199/37/6066
f 6199/37/6066 6200/38/6067 6197/35/6064
f 6201/35/6068 6202/36/6069 6203/37/6070
f 6203/37/6070 6204/38/6071 6201/35/6068
f 6205/35/6072 6206/36/6073 6207/37/6074
f 6207/37/6074 6208/38/6075 6205/35/6072
f 6209/35/6076 6210/37/6077 6211/36/6078
f 6210/37/6077 6209/35/6076 6212/38/6079
f 6213/35/6080 6214/37/6081 6215/36/6082
f 6214/37/6081 6213/35/6080 6216/38/6083
f 6217/35/6084 6218/36/6085 6219/37/6086
f 6219/37/6086 6220/38/6087 6217/35/6084
f 6221/35/6088 6222/37/6089 6223/36/6090
f 6222/37/6089 6221/35/6088 6224/38/6091
f 6225/35/6092 6226/36/6093 6227/37/6094
f 6227/37/6094 6228/38/6095 6225/35/6092
f 6229/35/6096 6230/37/6097 6231/36/6098
f 6230/37/6097 6229/35/6096 6232/38/6099
f 6233/35/6100 6234/37/6101 6235/36/6102
f 6234/37/6101 6233/35/6100 6236/38/6103
f 6237/35/6104 6238/36/6105 6239/37/6106
f 6239/37/6106 6240/38/6107 6237/35/6104
f 6241/35/6108 6242/36/6109 6243/37/6110
f 6243/37/6110 6244/38/6111 6241/35/6108
f 6245/35/6112 6246/36/6113 6247/37/6114
f 6247/37/6114 6248/38/6115 6245/35/6112
f 6249/35/6116 6250/37/6117 6251/36/6118
f 6250/37/6117 6249/35/6116 6252/38/6119
f 6253/35/6120 6254/37/6121 6255/36/6122
f 6254/37/6121 6253/35/6120 6256/38/6123
f 6257/35/6124 6258/36/6125 6259/37/6126
f 6259/37/6126 6260/38/6127 6257/35/6124
f 6261/35/6128 6262/37/6129 6263/36/6130
f 6262/37/6129 6261/35/6128 6264/38/6131
f 6265/35/6132 6266/36/6133 6267/37/6134
f 6267/37/6134 6268/38/6135 6265/35/6132
f 6269/35/6136 6270/37/6137 6271/36/6138
f 6270/37/6137 6269/35/6136 6272/38/6139
f 6273/35/6140 6274/37/6141 6275/36/6142
f 6274/37/6141 6273/35/6140 6276/38/6143
f 6277/35/6144 6278/36/6145 6279/37/6146
f 6279/37/6146 6280/38/6147 6277/35/6144
f 6281/35/6148 6282/36/6149 6283/37/6150
f 6283/37/6150 6284/38/6151 6281/35/6148
f 6285/35/6152 6286/36/6153 6287/37/6154
f 6287/37/6154 6288/38/6155 6285/35/6152
f 6289/35/6156 6290/37/6157 6291/36/6158
f 6290/37/6157 6289/35/6156 6292/38/6159
f 6293/35/6160 6294/37/6161 6295/36/6162
f 6294/37/6161 6293/35/6160 6296/38/6163
f 6297/35/6164 6298/36/6165 6299/37/6166
f 6299/37/6166 6300/38/6167 6297/35/6164
f 6301/35/6168 6302/37/6169 6303/36/6170
f 6302/37/6169 6301/35/6168 6304/38/6171
f 6305/35/6172 6306/36/6173 6307/37/6174
f 6307/37/6174 6308/38/6175 6305/35/6172
f 6309/35/6176 6310/37/6177 6311/36/6178
f 6310/37/6177 6309/35/6176 6312/38/6179
f 6313/35/6180 6314/37/6181 6315/36/6182
f 6314/37/6181 6313/35/6180 6316/38/6183
f 6317/35/6184 6318/36/6185 6319/37/6186
f 6319/37/6186 6320/38/6187 6317/35/6184
f 6321/35/6188 6322/36/6189 6323/37/6190
f 6323/37/6190 6324/38/6191 6321/35/6188
f 6325/35/6192 6326/36/6193 6327/37/6194
f 6327/37/6194 6328/38/6195 6325/35/6192
f 6329/35/6196 6330/37/6197 6331/36/6198
f 6330/37/6197 6329/35/6196 6332/38/6199
f 6333/35/6200 6334/37/6201 6335/36/6202
f 6334/37/6201 6333/35/6200 6336/38/6203
f 6337/35/6204 6338/36/6205 6339/37/6206
f 6339/37/6206 6340/38/6207 6337/35/6204
f 6341/35/6208 6342/37/6209 6343/36/6210
f 6342/37/6209 6341/35/6208 6344/38/6211
f 6345/35/6212 6346/36/6213 6347/37/6214
f 6347/37/6214 6348/38/6215 6345/35/6212
f 6349/35/6216 6350/37/6217 6351/36/6218
f 6350/37/6217 6349/35/6216 6352/38/6219
f 6353/35/6220 6354/37/6221 6355/36/6222
f 6354/37/6221 6353/35/6220 6356/38/6223
f 6357/35/6224 6358/36/6225 6359/37/6226
f 6359/37/6226 6360/38/6227 6357/35/6224
f 6361/35/6228 6362/36/6229 6363/37/6230
f 6363/37/6230 6364/38/6231 6361/35/6228
f 6365/35/6232 6366/36/6233 6367/37/6234
f 6367/37/6234 6368/38/6235 6365/35/6232
f 6369/35/6236 6370/37/6237 6371/36/6238
f 6370/37/6237 6369/35/6236 6372/38/6239
f 6373/35/6240 6374/37/6241 6375/36/6242
f 6374/37/6241 6373/35/6240 6376/38/6243
f 6377/35/6244 6378/36/6245 6379/37/6246
f 6379/37/6246 6380/38/6247 6377/35/6244
f 6381/35/6248 6382/37/6249 6383/36/6250
f 6382/37/6249 6381/35/6248 6384/38/6251
f 6385/35/6252 6386/36/6253 6387/37/6254
f 6387/37/6254 6388/38/6255 6385/35/6252
f 6389/35/6256 6390/37/6257 6391/36/6258
f 6390/37/6257 6389/35/6256 6392/38/6259
f 6393/35/6260 6394/37/6261 6395/36/6262
f 6394/37/6261 6393/35/6260 6396/38/6263
f 6397/35/6264 6398/36/6265 6399/37/6266
f 6399/37/6266 6400/38/6267 6397/35/6264
f 6401/35/6268 6402/36/6269 6403/37/6270
f 6403/37/6270 6404/38/6271 6401/35/6268
f 6405/35/6272 6406/36/6273 6407/37/6274
f 6407/37/6274 6408/38/6275 6405/35/6272
f 6409/35/6276 6410/37/6277 6411/36/6278
f 6410/37/6277 6409/35/6276 6412/38/6279
f 6413/35/6280 6414/37/6281 6415/36/6282
f 6414/37/6281 6413/35/6280 6416/38/6283
f 6417/35/6284 6418/36/6285 6419/37/6286
f 6419/37/6286 6420/38/6287 6417/35/6284
f 6421/35/6288 6422/37/6289 6423/36/6290
f 6422/37/6289 6421/35/6288 6424/38/6291
f 6425/35/6292 6426/36/6293 6427/37/6294
f 6427/37/6294 6428/38/6295 6425/35/6292
f 6429/35/6296 6430/37/6297 6431/36/6298
f 6430/37/6297 6429/35/6296 6432/38/6299
f 6433/35/6300 6434/37/6301 6435/36/6302
f 6434/37/6301 6433/35/6300 6436/38/6303
f 6437/35/6304 6438/36/6305 6439/37/6306
f 6439/37/6306 6440/38/6307 6437/35/6304
f 6441/35/6308 6442/36/6309 6443/37/6310
f 6443/37/6310 6444/38/6311 6441/35/6308
f 6445/35/6312 6446/36/6313 6447/37/6314
f 6447/37/6314 6448/38/6315 6445/35/6312
f 6449/35/6316 6450/37/6317 6451/36/6318
f 6450/37/6317 6449/35/6316 6452/38/6319
f 6453/35/6320 6454/37/6321 6455/36/6322
f 6454/37/6321 6453/35/6320 6456/38/6323
f 6457/35/6324 6458/36/6325 6459/37/6326
f 6459/37/6326 6460/38/6327 6457/35/6324
f 6461/35/6328 6462/37/6329 6463/36/6330
f 6462/37/6329 6461/35/6328 6464/38/6331
f 6465/35/6332 6466/36/6333 6467/37/6334
f 6467/37/6334 6468/38/6335 6465/35/6332
f 6469/35/6336 6470/37/6337 6471/36/6338
f 6470/37/6337 6469/35/6336 6472/38/6339
f 6473/35/6340 6474/37/6341 6475/36/6342
f 6474/37/6341 6473/35/6340 6476/38/6343
f 6477/35/6344 6478/36/6345 6479/37/6346
f 6479/37/6346 6480/38/6347 6477/35/6344
f 6481/35/6348 6482/36/6349 6483/37/6350
f 6483/37/6350 6484/38/6351 6481/35/6348
f 6485/35/6352 6486/36/6353 6487/37/6354
f 6487/37/6354 6488/38/6355 6485/35/6352
f 6489/35/6356 6490/37/6357 6491/36/6358
f 6490/37/6357 6489/35/6356 6492/38/6359
f 6493/35/6360 6494/37/6361 6495/36/6362
f 6494/37/6361 6493/35/6360 6496/38/6363
f 6497/35/6364 6498/36/6365 6499/37/6366
f 6499/37/6366 6500/38/6367 6497/35/6364
f 6501/35/6368 6502/37/6369 6503/36/6370
f 6502/37/6369 6501/35/6368 6504/38/6371
f 6505/35/6372 6506/36/6373 6507/37/6374
f 6507/37/6374 6508/38/6375 6505/35/6372
f 6509/35/6376 6510/37/6377 6511/36/6378
f 6510/37/6377 6509/35/6376 6512/38/6379
f 6513/35/6380 6514/37/6381 6515/36/6382
f 6514/37/6381 6513/35/6380 6516/38/6383
f 6517/35/6384 6518/36/6385 6519/37/6386
f 6519/37/6386 6520/38/6387 6517/35/6384
f 6521/35/6388 6522/36/6389 6523/37/6390
f 6523/37/6390 6524/38/6391 6521/35/6388
f 6525/35/6392 6526/36/6393 6527/37/6394
f 6527/37/6394 6528/38/6395 6525/35/6392
f 6529/35/6396 6530/37/6397 6531/36/6398
f 6530/37/6397 6529/35/6396 6532/38/6399
f 6533/35/6400 6534/37/6401 6535/36/6402
f 6534/37/6401 6533/35/6400 6536/38/6403
f 6537/35/6404 6538/36/6405 6539/37/6406
f 6539/37/6406 6540/38/6407 6537/35/6404
f 6541/35/6408 6542/37/6409 6543/36/6410
f 6542/37/6409 6541/35/6408 6544/38/6411
f 6545/35/6412 6546/36/6413 6547/37/6414
f 6547/37/6414 6548/38/6415 6545/35/6412
f 6549/35/6416 6550/37/6417 6551/36/6418
f 6550/37/6417 6549/35/6416 6552/38/6419
f 6553/35/6420 6554/37/6421 6555/36/6422
f 6554/37/6421 6553/35/6420 6556/38/6423
f 6557/35/6424 6558/36/6425 6559/37/6426
f 6559/37/6426 6560/38/6427 6557/35/6424
f 6561/35/6428 6562/36/6429 6563/37/6430
f 6563/37/6430 6564/38/6431 6561/35/6428
f 6565/35/6432 6566/36/6433 6567/37/6434
f 6567/37/6434 6568/38/6435 6565/35/6432
f 6569/35/6436 6570/37/6437 6571/36/6438
f 6570/37/6437 6569/35/6436 6572/38/6439
f 6573/35/6440 6574/37/6441 6575/36/6442
f 6574/37/6441 6573/35/6440 6576/38/6443
f 6577/35/6444 6578/36/6445 6579/37/6446
f 6579/37/6446 6580/38/6447 6577/35/6444
f 6581/35/6448 6582/37/6449 6583/36/6450
f 6582/37/6449 6581/35/6448 6584/38/6451
f 6585/35/6452 6586/36/6453 6587/37/6454
f 6587/37/6454 6588/38/6455 6585/35/6452
f 6589/35/6456 6590/37/6457 6591/36/6458
f 6590/37/6457 6589/35/6456 6592/38/6459
f 6593/35/6460 6594/37/6461 6595/36/6462
f 6594/37/6461 6593/35/6460 6596/38/6463
f 6597/35/6464 6598/36/6465 6599/37/6466
f 6599/37/6466 6600/38/6467 6597/35/6464
f 6601/35/6468 6602/36/6469 6603/37/6470
f 6603/37/6470 6604/38/6471 6601/35/6468
f 6605/35/6472 6606/36/6473 6607/37/6474
f 6607/37/6474 6608/38/6475 6605/35/6472
f 6609/35/6476 6610/37/6477 6611/36/6478
f 6610/37/6477 6609/35/6476 6612/38/6479
f 6613/35/6480 6614/37/6481 6615/36/6482
f 6614/37/6481 6613/35/6480 6616/38/6483
f 6617/35/6484 6618/36/6485 6619/37/6486
f 6619/37/6486 6620/38/6487 6617/35/6484
f 6621/35/6488 6622/37/6489 6623/36/6490
f 6622/37/6489 6621/35/6488 6624/38/6491
f 6625/35/6492 6626/36/6493 6627/37/6494
f 6627/37/6494 6628/38/6495 6625/35/6492
f 6629/35/6496 6630/37/6497 6631/36/6498
f 6630/37/6497 6629/35/6496 6632/38/6499
f 6633/35/6500 6634/37/6501 6635/36/6502
f 6634/37/6501 6633/35/6500 6636/38/6503
f 6637/35/6504 6638/36/6505 6639/37/6506
f 6639/37/6506 6640/38/6507 6637/35/6504
f 6641/35/6508 6642/36/6509 6643/37/6510
f 6643/37/6510 6644/38/6511 6641/35/6508
f 6645/35/6512 6646/36/6513 6647/37/6514
f 6647/37/6514 6648/38/6515 6645/35/6512
f 6649/35/6516 6650/37/6517 6651/36/6518
f 6650/37/6517 6649/35/6516 6652/38/6519
f 6653/35/6520 6654/37/6521 6655/36/6522
f 6654/37/6521 6653/35/6520 6656/38/6523
f 6657/35/6524 6658/36/6525 6659/37/6526
f 6659/37/6526 6660/38/6527 6657/35/6524
f 6661/35/6528 6662/37/6529 6663/36/6530
f 6662/37/6529 6661/35/6528 6664/38/6531
f 6665/35/6532 6666/36/6533 6667/37/6534
f 6667/37/6534 6668/38/6535 6665/35/6532
f 6669/35/6536 6670/37/6537 6671/36/6538
f 6670/37/6537 6669/35/6536 6672/38/6539
f 6673/35/6540 6674/37/6541 6675/36/6542
f 6674/37/6541 6673/35/6540 6676/38/6543
f 6677/35/6544 6678/36/6545 6679/37/6546
f 6679/37/6546 6680/38/6547 6677/35/6544
f 6681/35/6548 6682/36/6549 6683/37/6550
f 6683/37/6550 6684/38/6551 6681/35/6548
f 6685/35/6552 6686/36/6553 6687/37/6554
f 6687/37/6554 6688/38/6555 6685/35/6552
f 6689/35/6556 6690/37/6557 6691/36/6558
f 6690/37/6557 6689/35/6556 6692/38/6559
f 6693/35/6560 6694/37/6561 6695/36/6562
f 6694/37/6561 6693/35/6560 6696/38/6563
f 6697/35/6564 6698/36/6565 6699/37/6566
f 6699/37/6566 6700/38/6567 6697/35/6564
f 6701/35/6568 6702/37/6569 6703/36/6570
f 6702/37/6569 6701/35/6568 6704/38/6571
f 6705/35/6572 6706/36/6573 6707/37/6574
f 6707/37/6574 6708/38/6575 6705/35/6572
f 6709/35/6576 6710/37/6577 6711/36/6578
f 6710/37/6577 6709/35/6576 6712/38/6579
f 6713/35/6580 6714/37/6581 6715/36/6582
f 6714/37/6581 6713/35/6580 6716/38/6583
f 6717/35/6584 6718/36/6585 6719/37/6586
f 6719/37/6586 6720/38/6587 6717/35/6584
f 6721/35/6588 6722/36/6589 6723/37/6590
f 6723/37/6590 6724/38/6591 6721/35/6588
f 6725/35/6592 6726/36/6593 6727/37/6594
f 6727/37/6594 6728/38/6595 6725/35/6592
f 6729/35/6596 6730/37/6597 6731/36/6598
f 6730/37/6597 6729/35/6596 6732/38/6599
f 6733/35/6600 6734/37/6601 6735/36/6602
f 6734/37/6601 6733/35/6600 6736/38/6603
f 6737/35/6604 6738/36/6605 6739/37/6606
f 6739/37/6606 6740/38/6607 6737/35/6604
f 6741/35/6608 6742/37/6609 6743/36/6610
f 6742/37/6609 6741/35/6608 6744/38/6611
f 6745/35/6612 6746/36/6613 6747/37/6614
f 6747/37/6614 6748/38/6615 6745/35/6612
f 6749/35/6616 6750/37/6617 6751/36/6618
f 6750/37/6617 6749/35/6616 6752/38/6619
f 6753/35/6620 6754/37/6621 6755/36/6622
f 6754/37/6621 6753/35/6620 6756/38/6623
f 6757/35/6624 6758/36/6625 6759/37/6626
f 6759/37/6626 6760/38/6627 6757/35/6624
f 6761/35/6628 6762/36/6629 6763/37/6630
f 6763/37/6630 6764/38/6631 6761/35/6628
f 6765/35/6632 6766/36/6633 6767/37/6634
f 6767/37/6634 6768/38/6635 6765/35/6632
f 6769/35/6636 6770/37/6637 6771/36/6638
f 6770/37/6637 6769/35/6636 6772/38/6639
f 6773/35/6640 6774/37/6641 6775/36/6642
f 6774/37/6641 6773/35/6640 6776/38/6643
f 6777/35/6644 6778/36/6645 6779/37/6646
f 6779/37/6646 6780/38/6647 6777/35/6644
f 6781/35/6648 6782/37/6649 6783/36/6650
f 6782/37/6649 6781/35/6648 6784/38/6651
f 6785/35/6652 6786/36/6653 6787/37/6654
f 6787/37/6654 6788/38/6655 6785/35/6652
f 6789/35/6656 6790/37/6657 6791/36/6658
f 6790/37/6657 6789/35/6656 6792/38/6659
f 6793/35/6660 6794/37/6661 6795/36/6662
f 6794/37/6661 6793/35/6660 6796/38/6663
f 6797/35/6664 6798/36/6665 6799/37/6666
f 6799/37/6666 6800/38/6667 6797/35/6664
f 6801/35/6668 6802/36/6669 6803/37/6670
f 6803/37/6670 6804/38/6671 6801/35/6668
f 6805/35/6672 6806/36/6673 6807/37/6674
f 6807/37/6674 6808/38/6675 6805/35/6672
f 6809/35/6676 6810/37/6677 6811/36/6678
f 6810/37/6677 6809/35/6676 6812/38/6679
f 6813/35/6680 6814/37/6681 6815/36/6682
f 6814/37/6681 6813/35/6680 6816/38/6683
f 6817/35/6684 6818/36/6685 6819/37/6686
f 6819/37/6686 6820/38/6687 6817/35/6684
f 6821/35/6688 6822/37/6689 6823/36/6690
f 6822/37/6689 6821/35/6688 6824/38/6691
f 6825/35/6692 6826/36/6693 6827/37/6694
f 6827/37/6694 6828/38/6695 6825/35/6692
f 6829/35/6696 6830/37/6697 6831/36/6698
f 6830/37/6697 6829/35/6696 6832/38/6699
f 6833/35/6700 6834/37/6701 6835/36/6702
f 6834/37/6701 6833/35/6700 6836/38/6703
f 6837/35/6704 6838/36/6705 6839/37/6706
f 6839/37/6706 6840/38/6707 6837/35/6704
f 6841/35/6708 6842/36/6709 6843/37/6710
f 6843/37/6710 6844/38/6711 6841/35/6708
f 6845/35/6712 6846/36/6713 6847/37/6714
f 6847/37/6714 6848/38/6715 6845/35/6712
f 6849/35/6716 6850/37/6717 6851/36/6718
f 6850/37/6717 6849/35/6716 6852/38/6719
f 6853/35/6720 6854/37/6721 6855/36/6722
f 6854/37/6721 6853/35/6720 6856/38/6723
f 6857/35/6724 6858/36/6725 6859/37/6726
f 6859/37/6726 6860/38/6727 6857/35/6724
f 6861/35/6728 6862/37/6729 6863/36/6730
f 6862/37/6729 6861/35/6728 6864/38/6731
f 6865/35/6732 6866/36/6733 6867/37/6734
f 6867/37/6734 6868/38/6735 6865/35/6732
f 6869/35/6736 6870/37/6737 6871/36/6738
f 6870/37/6737 6869/35/6736 6872/38/6739
f 6873/35/6740 6874/37/6741 6875/36/6742
f 6874/37/6741 6873/35/6740 6876/38/6743
f 6877/35/6744 6878/36/6745 6879/37/6746
f 6879/37/6746 6880/38/6747 6877/35/6744
f 6881/35/6748 6882/36/6749 6883/37/6750
f 6883/37/6750 6884/38/6751 6881/35/6748
f 6885/35/6752 6886/36/6753 6887/37/6754
f 6887/37/6754 6888/38/6755 6885/35/6752
f 6889/35/6756 6890/37/6757 6891/36/6758
f 6890/37/6757 6889/35/6756 6892/38/6759
f 6893/35/6760 6894/37/6761 6895/36/6762
f 6894/37/6761 6893/35/6760 6896/38/6763
f 6897/35/6764 6898/36/6765 6899/37/6766
f 6899/37/6766 6900/38/6767 6897/35/6764
f 6901/35/6768 6902/37/6769 6903/36/6770
f 6902/37/6769 6901/35/6768 6904/38/6771
f 6905/35/6772 6906/36/6773 6907/37/6774
f 6907/37/6774 6908/38/6775 6905/35/6772
f 6909/35/6776 6910/37/6777 6911/36/6778
f 6910/37/6777 6909/35/6776 6912/38/6779
f 6913/35/6780 6914/37/6781 6915/36/6782
f 6914/37/6781 6913/35/6780 6916/38/6783
f 6917/35/6784 6918/36/6785 6919/37/6786
f 6919/37/6786 6920/38/6787 6917/35/6784
f 6921/35/6788 6922/36/6789 6923/37/6790
f 6923/37/6790 6924/38/6791 6921/35/6788
f 6925/35/6792 6926/36/6793 6927/37/6794
f 6927/37/6794 6928/38/6795 6925/35/6792
f 6929/35/6796 6930/37/6797 6931/36/6798
f 6930/37/6797 6929/35/6796 6932/38/6799
f 6933/35/6800 6934/37/6801 6935/36/6802
f 6934/37/6801 6933/35/6800 6936/38/6803
f 6937/35/6804 6938/36/6805 6939/37/6806
f 6939/37/6806 6940/38/6807 6937/35/6804
f 6941/35/6808 6942/37/6809 6943/36/6810
f 6942/37/6809 6941/35/6808 6944/38/6811
f 6945/35/6812 6946/36/6813 6947/37/6814
f 6947/37/6814 6948/38/6815 6945/35/6812
f 6949/35/6816 6950/37/6817 6951/36/6818
f 6950/37/6817 6949/35/6816 6952/38/6819
f 6953/35/6820 6954/37/6821 6955/36/6822
f 6954/37/6821 6953/35/6820 6956/38/6823
f 6957/35/6824 6958/36/6825 6959/37/6826
f 6959/37/6826 6960/38/6827 6957/35/6824
f 6961/35/6828 6962/36/6829 6963/37/6830
f 6963/37/6830 6964/38/6831 6961/35/6828
f 6965/35/6832 6966/36/6833 6967/37/6834
f 6967/37/6834 6968/38/6835 6965/35/6832
f 6969/35/6836 6970/37/6837 6971/36/6838
f 6970/37/6837 6969/35/6836 6972/38/6839
f 6973/35/6840 6974/37/6841 6975/36/6842
f 6974/37/6841 6973/35/6840 6976/38/6843
f 6977/35/6844 6978/36/6845 6979/37/6846
f 6979/37/6846 6980/38/6847 6977/35/6844
f 6981/35/6848 6982/37/6849 6983/36/6850
f 6982/37/6849 6981/35/6848 6984/38/6851
f 6985/35/6852 6986/36/6853 6987/37/6854
f 6987/37/6854 6988/38/6855 6985/35/6852
f 6989/35/6856 6990/37/6857 6991/36/6858
f 6990/37/6857 6989/35/6856 6992/38/6859
f 6993/35/6860 6994/37/6861 6995/36/6862
f 6994/37/6861 6993/35/6860 6996/38/6863
f 6997/35/6864 6998/36/6865 6999/37/6866
f 6999/37/6866 7000/38/6867 6997/35/6864
f 7001/35/6868 7002/36/6869 7003/37/6870
f 7003/37/6870 7004/38/6871 7001/35/6868
f 7005/35/6872 7006/36/6873 7007/37/6874
f 7007/37/6874 7008/38/6875 7005/35/6872
f 7009/35/6876 7010/37/6877 7011/36/6878
f 7010/37/6877 7009/35/6876 7012/38/6879
f 7013/35/6880 7014/37/6881 7015/36/6882
f 7014/37/6881 7013/35/6880 7016/38/6883
f 7017/35/6884 7018/36/6885 7019/37/6886
f 7019/37/6886 7020/38/6887 7017/35/6884
f 7021/35/6888 7022/37/6889 7023/36/6890
f 7022/37/6889 7021/35/6888 7024/38/6891
f 7025/35/6892 7026/36/6893 7027/37/6894
f 7027/37/6894 7028/38/6895 7025/35/6892
f 7029/35/6896 7030/37/6897 7031/36/6898
f 7030/37/6897 7029/35/6896 7032/38/6899
f 7033/35/6900 7034/37/6901 7035/36/6902
f 7034/37/6901 7033/35/6900 7036/38/6903
f 7037/35/6904 7038/36/6905 7039/37/6906
f 7039/37/6906 7040/38/6907 7037/35/6904
f 7041/35/6908 7042/36/6909 7043/37/6910
f 7043/37/6910 7044/38/6911 7041/35/6908
f 7045/35/6912 7046/36/6913 7047/37/6914
f 7047/37/6914 7048/38/6915 7045/35/6912
f 7049/35/6916 7050/37/6917 7051/36/6918
f 7050/37/6917 7049/35/6916 7052/38/6919
f 7053/35/6920 7054/37/6921 7055/36/6922
f 7054/37/6921 7053/35/6920 7056/38/6923
f 7057/35/6924 7058/36/6925 7059/37/6926
f 7059/37/6926 7060/38/6927 7057/35/6924
f 7061/35/6928 7062/37/6929 7063/36/6930
f 7062/37/6929 7061/35/6928 7064/38/6931
f 7065/35/6932 7066/36/6933 7067/37/6934
f 7067/37/6934 7068/38/6935 7065/35/6932
f 7069/35/6936 7070/37/6937 7071/36/6938
f 7070/37/6937 7069/35/6936 7072/38/6939
f 7073/35/6940 7074/37/6941 7075/36/6942
f 7074/37/6941 7073/35/6940 7076/38/6943
f 7077/35/6944 7078/36/6945 7079/37/6946
f 7079/37/6946 7080/38/6947 7077/35/6944
f 7081/35/6948 7082/36/6949 7083/37/6950
f 7083/37/6950 7084/38/6951 7081/35/6948
f 7085/35/6952 7086/36/6953 7087/37/6954
f 7087/37/6954 7088/38/6955 7085/35/6952
f 7089/35/6956 7090/37/6957 7091/36/6958
f 7090/37/6957 7089/35/6956 7092/38/6959
f 7093/35/6960 7094/37/6961 7095/36/6962
f 7094/37/6961 7093/35/6960 7096/38/6963
f 7097/35/6964 7098/36/6965 7099/37/6966
f 7099/37/6966 7100/38/6967 7097/35/6964
f 7101/35/6968 7102/37/6969 7103/36/6970
f 7102/37/6969 7101/35/6968 7104/38/6971
f 7105/35/6972 7106/36/6973 7107/37/6974
f 7107/37/6974 7108/38/6975 7105/35/6972
f 7109/35/6976 7110/37/6977 7111/36/6978
f 7110/37/6977 7109/35/6976 7112/38/6979
f 7113/35/6980 7114/37/6981 7115/36/6982
f 7114/37/6981 7113/35/6980 7116/38/6983
f 7117/35/6984 7118/36/6985 7119/37/6986
f 7119/37/6986 7120/38/6987 7117/35/6984
f 7121/35/6988 7122/36/6989 7123/37/6990
f 7123/37/6990 7124/38/6991 7121/35/6988
f 7125/35/6992 7126/36/6993 7127/37/6994
f 7127/37/6994 7128/38/6995 7125/35/6992
f 7129/35/6996 7130/37/6997 7131/36/6998
f 7130/37/6997 7129/35/6996 7132/38/6999
f 7133/35/7000 7134/37/7001 7135/36/7002
f 7134/37/7001 7133/35/7000 7136/38/7003
f 7137/35/7004 7138/36/7005 7139/37/7006
f 7139/37/7006 7140/38/7007 7137/35/7004
f 7141/35/7008 7142/37/7009 7143/36/7010
f 7142/37/7009 7141/35/7008 7144/38/7011
f 7145/35/7012 7146/36/7013 7147/37/7014
f 7147/37/7014 7148/38/7015 7145/35/7012
f 7149/35/7016 7150/37/7017 7151/36/7018
f 7150/37/7017 7149/35/7016 7152/38/7019
f 7153/35/7020 7154/37/7021 7155/36/7022
f 7154/37/7021 7153/35/7020 7156/38/7023
f 7157/35/7024 7158/36/7025 7159/37/7026
f 7159/37/7026 7160/38/7027 7157/35/7024
f 7161/35/7028 7162/36/7029 7163/37/7030
f 7163/37/7030 7164/38/7031 7161/35/7028
f 7165/35/7032 7166/36/7033 7167/37/7034
f 7167/37/7034 7168/38/7035 7165/35/7032
f 7169/35/7036 7170/37/7037 7171/36/7038
f 7170/37/7037 7169/35/7036 7172/38/7039
f 7173/35/7040 7174/37/7041 7175/36/7042
f 7174/37/7041 7173/35/7040 7176/38/7043
f 7177/35/7044 7178/36/7045 7179/37/7046
f 7179/37/7046 7180/38/7047 7177/35/7044
f 7181/35/7048 7182/37/7049 7183/36/7050
f 7182/37/7049 7181/35/7048 7184/38/7051
f 7185/35/7052 7186/36/7053 7187/37/7054
f 7187/37/7054 7188/38/7055 7185/35/7052
f 7189/35/7056 7190/37/7057 7191/36/7058
f 7190/37/7057 7189/35/7056 7192/38/7059
f 7193/35/7060 7194/37/7061 7195/36/7062
f 7194/37/7061 7193/35/7060 7196/38/7063
f 7197/35/7064 7198/36/7065 7199/37/7066
f 7199/37/7066 7200/38/7067 7197/35/7064
f 7201/35/7068 7202/36/7069 7203/37/7070
f 7203/37/7070 7204/38/7071 7201/35/7068
f 7205/35/7072 7206/36/7073 7207/37/7074
f 7207/37/7074 7208/38/7075 7205/35/7072
f 7209/35/7076 7210/37/7077 7211/36/7078
f 7210/37/7077 7209/35/7076 7212/38/7079
f 7213/35/7080 7214/37/7081 7215/36/7082
f 7214/37/7081 7213/35/7080 7216/38/7083
f 7217/35/7084 7218/36/7085 7219/37/7086
f 7219/37/7086 7220/38/7087 7217/35/7084
f 7221/35/7088 7222/37/7089 7223/36/7090
f 7222/37/7089 7221/35/7088 7224/38/7091
f 7225/35/7092 7226/36/7093 7227/37/7094
f 7227/37/7094 7228/38/7095 7225/35/7092
f 7229/35/7096 7230/37/7097 7231/36/7098
f 7230/37/7097 7229/35/7096 7232/38/7099
f 7233/35/7100 7234/37/7101 7235/36/7102
f 7234/37/7101 7233/35/7100 7236/38/7103
f 7237/35/7104 7238/36/7105 7239/37/7106
f 7239/37/7106 7240/38/7107 7237/35/7104
f 7241/35/7108 7242/36/7109 7243/37/7110
f 7243/37/7110 7244/38/7111 7241/35/7108
f 7245/35/7112 7246/36/7113 7247/37/7114
f 7247/37/7114 7248/38/7115 7245/35/7112
f 7249/35/7116 7250/37/7117 7251/36/7118
f 7250/37/7117 7249/35/7116 7252/38/7119
f 7253/35/7120 7254/37/7121 7255/36/7122
f 7254/37/7121 7253/35/7120 7256/38/7123
f 7257/35/7124 7258/36/7125 7259/37/7126
f 7259/37/7126 7260/38/7127 7257/35/7124
f 7261/35/7128 7262/37/7129 7263/36/7130
f 7262/37/7129 7261/35/7128 7264/38/7131
f 7265/35/7132 7266/36/7133 7267/37/7134
f 7267/37/7134 7268/38/7135 7265/35/7132
f 7269/35/7136 7270/37/7137 7271/36/7138
f 7270/37/7137 7269/35/7136 7272/38/7139
f 7273/35/7140 7274/37/7141 7275/36/7142
f 7274/37/7141 7273/35/7140 7276/38/7143
f 7277/35/7144 7278/36/7145 7279/37/7146
f 7279/37/7146 7280/38/7147 7277/35/7144
f 7281/35/7148 7282/36/7149 7283/37/7150
f 7283/37/7150 7284/38/7151 7281/35/7148
f 7285/35/7152 7286/36/7153 7287/37/7154
f 7287/37/7154 7288/38/7155 7285/35/7152
f 7289/35/7156 7290/37/7157 7291/36/7158
f 7290/37/7157 7289/35/7156 7292/38/7159
f 7293/35/7160 7294/37/7161 7295/36/7162
f 7294/37/7161 7293/35/7160 7296/38/7163
f 7297/35/7164 7298/36/7165 7299/37/7166
f 7299/37/7166 7300/38/7167 7297/35/7164
f 7301/35/7168 7302/37/7169 7303/36/7170
f 7302/37/7169 7301/35/7168 7304/38/7171
f 7305/35/7172 7306/36/7173 7307/37/7174
f 7307/37/7174 7308/38/7175 7305/35/7172
f 7309/35/7176 7310/37/7177 7311/36/7178
f 7310/37/7177 7309/35/7176 7312/38/7179
f 7313/35/7180 7314/37/7181 7315/36/7182
f 7314/37/7181 7313/35/7180 7316/38/7183
f 7317/35/7184 7318/36/7185 7319/37/7186
f 7319/37/7186 7320/38/7187 7317/35/7184
f 7321/35/7188 7322/36/7189 7323/37/7190
f 7323/37/7190 7324/38/7191 7321/35/7188
f 7325/35/7192 7326/36/7193 7327/37/7194
f 7327/37/7194 7328/38/7195 7325/35/7192
f 7329/35/7196 7330/37/7197 7331/36/7198
f 7330/37/7197 7329/35/7196 7332/38/7199
f 7333/35/7200 7334/37/7201 7335/36/7202
f 7334/37/7201 7333/35/7200 7336/38/7203
f 7337/35/7204 7338/36/7205 7339/37/7206
f 7339/37/7206 7340/38/7207 7337/35/7204
f 7341/35/7208 7342/37/7209 7343/36/7210
f 7342/37/7209 7341/35/7208 7344/38/7211
f 7345/35/7212 7346/36/7213 7347/37/7214
f 7347/37/7214 7348/38/7215 7345/35/7212
f 7349/35/7216 7350/37/7217 7351/36/7218
f 7350/37/7217 7349/35/7216 7352/38/7219
f 7353/35/7220 7354/37/7221 7355/36/7222
f 7354/37/7221 7353/35/7220 7356/38/7223
f 7357/35/7224 7358/36/7225 7359/37/7226
f 7359/37/7226 7360/38/7227 7357/35/7224
f 7361/35/7228 7362/36/7229 7363/37/7230
f 7363/37/7230 7364/38/7231 7361/35/7228
f 7365/35/7232 7366/36/7233 7367/37/7234
f 7367/37/7234 7368/38/7235 7365/35/7232
f 7369/35/7236 7370/37/7237 7371/36/7238
f 7370/37/7237 7369/35/7236 7372/38/7239
f 7373/35/7240 7374/37/7241 7375/36/7242
f 7374/37/7241 7373/35/7240 7376/38/7243
f 7377/35/7244 7378/36/7245 7379/37/7246
f 7379/37/7246 7380/38/7247 7377/35/7244
f 7381/35/7248 7382/37/7249 7383/36/7250
f 7382/37/7249 7381/35/7248 7384/38/7251
f 7385/35/7252 7386/36/7253 7387/37/7254
f 7387/37/7254 7388/38/7255 7385/35/7252
f 7389/35/7256 7390/37/7257 7391/36/7258
f 7390/37/7257 7389/35/7256 7392/38/7259
f 7393/35/7260 7394/37/7261 7395/36/7262
f 7394/37/7261 7393/35/7260 7396/38/7263
f 7397/35/7264 7398/36/7265 7399/37/7266
f 7399/37/7266 7400/38/7267 7397/35/7264
f 7401/35/7268 7402/36/7269 7403/37/7270
f 7403/37/7270 7404/38/7271 7401/35/7268
f 7405/35/7272 7406/36/7273 7407/37/7274
f 7407/37/7274 7408/38/7275 7405/35/7272
f 7409/35/7276 7410/37/7277 7411/36/7278
f 7410/37/7277 7409/35/7276 7412/38/7279
f 7413/35/7280 7414/37/7281 7415/36/7282
f 7414/37/7281 7413/35/7280 7416/38/7283
f 7417/35/7284 7418/36/7285 7419/37/7286
f 7419/37/7286 7420/38/7287 7417/35/7284
f 7421/35/7288 7422/37/7289 7423/36/7290
f 7422/37/7289 7421/35/7288 7424/38/7291
f 7425/35/7292 7426/36/7293 7427/37/7294
f 7427/37/7294 7428/38/7295 7425/35/7292
f 7429/35/7296 7430/37/7297 7431/36/7298
f 7430/37/7297 7429/35/7296 7432/38/7299
f 7433/35/7300 7434/37/7301 7435/36/7302
f 7434/37/7301 7433/35/7300 7436/38/7303
f 7437/35/7304 7438/36/7305 7439/37/7306
f 7439/37/7306 7440/38/7307 7437/35/7304
f 7441/35/7308 7442/36/7309 7443/37/7310
f 7443/37/7310 7444/38/7311 7441/35/7308
f 7445/35/7312 7446/36/7313 7447/37/7314
f 7447/37/7314 7448/38/7315 7445/35/7312
f 7449/35/7316 7450/37/7317 7451/36/7318
f 7450/37/7317 7449/35/7316 7452/38/7319
f 7453/35/7320 7454/37/7321 7455/36/7322
f 7454/37/7321 7453/35/7320 7456/38/7323
f 7457/35/7324 7458/36/7325 7459/37/7326
f 7459/37/7326 7460/38/7327 7457/35/7324
f 7461/35/7328 7462/37/7329 7463/36/7330
f 7462/37/7329 7461/35/7328 7464/38/7331
f 7465/35/7332 7466/36/7333 7467/37/7334
f 7467/37/7334 7468/38/7335 7465/35/7332
f 7469/35/7336 7470/37/7337 7471/36/7338
f 7470/37/7337 7469/35/7336 7472/38/7339
f 7473/35/7340 7474/37/7341 7475/36/7342
f 7474/37/7341 7473/35/7340 7476/38/7343
f 7477/35/7344 7478/36/7345 7479/37/7346
f 7479/37/7346 7480/38/7347 7477/35/7344
f 7481/35/7348 7482/36/7349 7483/37/7350
f 7483/37/7350 7484/38/7351 7481/35/7348
f 7485/35/7352 7486/36/7353 7487/37/7354
f 7487/37/7354 7488/38/7355 7485/35/7352
f 7489/35/7356 7490/37/7357 7491/36/7358
f 7490/37/7357 7489/35/7356 7492/38/7359
f 7493/35/7360 7494/37/7361 7495/36/7362
f 7494/37/7361 7493/35/7360 7496/38/7363
f 7497/35/7364 7498/36/7365 7499/37/7366
f 7499/37/7366 7500/38/7367 7497/35/7364
f 7501/35/7368 7502/36/7369 7503/37/7370
f 7503/37/7370 7504/38/7371 7501/35/7368
f 7505/35/7372 7506/36/7372 7507/37/7372
f 7507/37/7372 7508/38/7372 7505/35/7372
f 7509/35/7373 7510/37/7374 7511/36/7375
f 7510/37/7374 7509/35/7373 7512/38/7376
f 7513/35/7377 7514/36/7378 7515/37/7377
f 7515/37/7377 7516/38/7379 7513/35/7377
f 7517/35/7380 7518/36/7381 7519/37/7382
f 7519/37/7382 7520/38/7383 7517/35/7380
f 7521/35/7384 7522/36/7385 7523/37/7386
f 7523/37/7386 7524/38/7387 7521/35/7384
f 7525/35/7388 7526/36/7389 7527/37/7390
f 7527/37/7390 7528/38/7391 7525/35/7388
f 7529/35/7392 7530/37/7393 7531/36/7394
f 7530/37/7393 7529/35/7392 7532/38/7395
f 7533/35/7396 7534/37/7397 7535/36/7398
f 7534/37/7397 7533/35/7396 7536/38/7399
f 7537/35/7400 7538/36/7401 7539/37/7402
f 7539/37/7402 7540/38/7403 7537/35/7400
f 7541/35/7404 7542/37/7404 7543/36/7405
f 7542/37/7404 7541/35/7404 7544/38/7406
f 7545/35/7407 7546/36/7408 7547/37/7409
f 7547/37/7409 7548/38/7410 7545/35/7407
f 7549/35/7411 7550/37/7412 7551/36/7413
f 7550/37/7412 7549/35/7411 7552/38/7414
f 7553/35/7415 7554/37/7416 7555/36/7417
f 7554/37/7416 7553/35/7415 7556/38/7418
f 7557/35/7419 7558/37/7420 7559/36/7421
f 7558/37/7420 7557/35/7419 7560/38/7422
f 7561/35/7423 7562/36/7424 7563/37/7425
f 7563/37/7425 7564/38/7426 7561/35/7423
f 7565/35/7427 7566/37/7428 7567/36/7429
f 7566/37/7428 7565/35/7427 7568/38/7430
f 7569/35/7431 7570/37/7432 7571/36/7433
f 7570/37/7432 7569/35/7431 7572/38/7434
f 7573/35/7435 7574/36/7436 7575/37/7437
f 7575/37/7437 7576/38/7438 7573/35/7435
f 7577/35/7439 7578/36/7440 7579/37/7441
f 7579/37/7441 7580/38/7442 7577/35/7439
f 7581/35/7443 7582/36/7444 7583/37/7445
f 7583/37/7445 7584/38/7446 7581/35/7443
f 7585/35/7447 7586/37/7448 7587/36/7449
f 7586/37/7448 7585/35/7447 7588/38/7450
f 7589/35/7451 7590/36/7452 7591/37/7453
f 7591/37/7453 7592/38/7454 7589/35/7451
f 7593/35/7455 7594/36/7456 7595/37/7457
f 7595/37/7457 7596/38/7458 7593/35/7455
f 7597/35/7459 7598/36/7460 7599/37/7461
f 7599/37/7461 7600/38/7462 7597/35/7459
f 7601/35/7463 7602/36/7464 7603/37/7465
f 7603/37/7465 7604/38/7466 7601/35/7463
f 7605/35/7467 7606/37/7468 7607/36/7469
f 7606/37/7468 7605/35/7467 7608/38/7470
f 7609/35/7471 7610/37/7472 7611/36/7473
f 7610/37/7472 7609/35/7471 7612/38/7474
f 7613/35/7475 7614/36/7476 7615/37/7477
f 7615/37/7477 7616/38/7478 7613/35/7475
f 7617/35/7479 7618/37/7480 7619/36/7481
f 7618/37/7480 7617/35/7479 7620/38/7482
f 7621/35/7483 7622/36/7484 7623/37/7485
f 7623/37/7485 7624/38/7486 7621/35/7483
f 7625/35/7487 7626/37/7488 7627/36/7489
f 7626/37/7488 7625/35/7487 7628/38/7490
f 7629/35/7491 7630/37/7492 7631/36/7493
f 7630/37/7492 7629/35/7491 7632/38/7494
f 7633/35/7495 7634/37/7496 7635/36/7497
f 7634/37/7496 7633/35/7495 7636/38/7498
f 7637/35/7499 7638/36/7500 7639/37/7501
f 7639/37/7501 7640/38/7502 7637/35/7499
f 7641/35/7503 7642/37/7503 7643/36/7503
f 7642/37/7503 7641/35/7503 7644/38/7503
f 7645/35/7504 7646/37/7505 7647/36/7506
f 7646/37/7505 7645/35/7504 7648/38/7507
f 7649/35/7508 7650/36/7509 7651/37/7510
f 7651/37/7510 7652/38/7511 7649/35/7508
f 7653/35/7512 7654/36/7513 7655/37/7514
f 7655/37/7514 7656/38/7515 7653/35/7512
f 7657/35/7516 7658/36/7517 7659/37/7518
f 7659/37/7518 7660/38/7519 7657/35/7516
f 7661/35/7520 7662/37/7521 7663/36/7522
f 7662/37/7521 7661/35/7520 7664/38/7523
f 7665/35/7524 7666/36/7525 7667/37/7526
f 7667/37/7526 7668/38/7527 7665/35/7524
f 7669/35/7528 7670/36/7529 7671/37/7530
f 7671/37/7530 7672/38/7531 7669/35/7528
f 7673/35/7532 7674/36/7533 7675/37/7534
f 7675/37/7534 7676/38/7535 7673/35/7532
f 7677/35/7536 7678/36/7537 7679/37/7538
f 7679/37/7538 7680/38/7539 7677/35/7536
f 7681/35/7540 7682/37/7541 7683/36/7542
f 7682/37/7541 7681/35/7540 7684/38/7543
f 7685/35/7544 7686/37/7544 7687/36/7544
f 7686/37/7544 7685/35/7544 7688/38/7544
f 7689/35/7545 7690/36/7545 7691/37/7545
f 7691/37/7545 7692/38/7545 7689/35/7545
f 7693/35/7546 7694/37/7546 7695/36/7546
f 7694/37/7546 7693/35/7546 7696/38/7546
f 7697/35/7547 7698/36/7547 7699/37/7547
f 7699/37/7547 7700/38/7547 7697/35/7547
f 7701/35/7548 7702/37/7548 7703/36/7548
f 7702/37/7548 7701/35/7548 7704/38/7549
f 7705/35/7550 7706/37/7551 7707/36/7552
f 7706/37/7551 7705/35/7550 7708/38/7553
f 7709/35/7554 7710/37/7555 7711/36/7556
f 7710/37/7555 7709/35/7554 7712/38/7557
f 7713/35/7558 7714/37/7559 7715/36/7560
f 7714/37/7559 7713/35/7558 7716/38/7561
f 7717/35/7562 7718/36/7563 7719/37/7564
f 7719/37/7564 7720/38/7565 7717/35/7562
f 7721/35/7566 7722/36/7567 7723/37/7568
f 7723/37/7568 7724/38/7569 7721/35/7566
f 7725/35/7570 7726/37/7571 7727/36/7572
f 7726/37/7571 7725/35/7570 7728/38/7573
f 7729/35/7574 7730/37/7575 7731/36/7576
f 7730/37/7575 7729/35/7574 7732/38/7577
f 7733/35/7578 7734/37/7579 7735/36/7580
f 7734/37/7579 7733/35/7578 7736/38/7581
f 7737/35/7582 7738/36/7583 7739/37/7584
f 7739/37/7584 7740/38/7585 7737/35/7582
f 7741/35/7586 7742/36/7587 7743/37/7588
f 7743/37/7588 7744/38/7589 7741/35/7586
f 7745/35/7590 7746/37/7591 7747/36/7592
f 7746/37/7591 7745/35/7590 7748/38/7593
f 7749/35/7594 7750/37/7595 7751/36/7596
f 7750/37/7595 7749/35/7594 7752/38/7597
f 7753/35/7598 7754/37/7599 7755/36/7600
f 7754/37/7599 7753/35/7598 7756/38/7601
f 7757/35/7602 7758/36/7603 7759/37/7604
f 7759/37/7604 7760/38/7605 7757/35/7602
f 7761/35/7606 7762/36/7607 7763/37/7608
f 7763/37/7608 7764/38/7609 7761/35/7606
f 7765/35/7610 7766/37/7611 7767/36/7612
f 7766/37/7611 7765/35/7610 7768/38/7613
f 7769/35/7614 7770/37/7615 7771/36/7616
f 7770/37/7615 7769/35/7614 7772/38/7617
f 7773/35/7618 7774/37/7619 7775/36/7620
f 7774/37/7619 7773/35/7618 7776/38/7621
f 7777/35/7622 7778/36/7623 7779/37/7624
f 7779/37/7624 7780/38/7625 7777/35/7622
f 7781/35/7626 7782/36/7627 7783/37/7628
f 7783/37/7628 7784/38/7629 7781/35/7626
f 7785/35/7630 7786/37/7631 7787/36/7632
f 7786/37/7631 7785/35/7630 7788/38/7633
f 7789/35/7634 7790/37/7635 7791/36/7636
f 7790/37/7635 7789/35/7634 7792/38/7637
f 7793/35/7638 7794/37/7639 7795/36/7640
f 7794/37/7639 7793/35/7638 7796/38/7641
f 7797/35/7642 7798/36/7643 7799/37/7644
f 7799/37/7644 7800/38/7645 7797/35/7642
f 7801/35/7646 7802/36/7647 7803/37/7648
f 7803/37/7648 7804/38/7649 7801/35/7646
f 7805/35/7650 7806/37/7651 7807/36/7652
f 7806/37/7651 7805/35/7650 7808/38/7653
f 7809/35/7654 7810/37/7655 7811/36/7656
f 7810/37/7655 7809/35/7654 7812/38/7657
f 7813/35/7658 7814/37/7659 7815/36/7660
f 7814/37/7659 7813/35/7658 7816/38/7661
f 7817/35/7662 7818/36/7663 7819/37/7664
f 7819/37/7664 7820/38/7665 7817/35/7662
f 7821/35/7666 7822/36/7667 7823/37/7668
f 7823/37/7668 7824/38/7669 7821/35/7666
f 7825/35/7670 7826/37/7671 7827/36/7672
f 7826/37/7671 7825/35/7670 7828/38/7673
f 7829/35/7674 7830/37/7675 7831/36/7676
f 7830/37/7675 7829/35/7674 7832/38/7677
f 7833/35/7678 7834/37/7679 7835/36/7680
f 7834/37/7679 7833/35/7678 7836/38/7681
f 7837/35/7682 7838/36/7683 7839/37/7684
f 7839/37/7684 7840/38/7685 7837/35/7682
f 7841/35/7686 7842/36/7687 7843/37/7688
f 7843/37/7688 7844/38/7689 7841/35/7686
f 7845/35/7690 7846/37/7691 7847/36/7692
f 7846/37/7691 7845/35/7690 7848/38/7693
f 7849/35/7694 7850/37/7695 7851/36/7696
f 7850/37/7695 7849/35/7694 7852/38/7697
f 7853/35/7698 7854/37/7699 7855/36/7700
f 7854/37/7699 7853/35/7698 7856/38/7701
f 7857/35/7702 7858/36/7703 7859/37/7704
f 7859/37/7704 7860/38/7705 7857/35/7702
f 7861/35/7706 7862/36/7707 7863/37/7708
f 7863/37/7708 7864/38/7709 7861/35/7706
f 7865/35/7710 7866/37/7711 7867/36/7712
f 7866/37/7711 7865/35/7710 7868/38/7713
f 7869/35/7714 7870/37/7715 7871/36/7716
f 7870/37/7715 7869/35/7714 7872/38/7717
f 7873/35/7718 7874/37/7719 7875/36/7720
f 7874/37/7719 7873/35/7718 7876/38/7721
f 7877/35/7722 7878/36/7723 7879/37/7724
f 7879/37/7724 7880/38/7725 7877/35/7722
f 7881/35/7726 7882/36/7727 7883/37/7728
f 7883/37/7728 7884/38/7729 7881/35/7726
f 7885/35/7730 7886/37/7731 7887/36/7732
f 7886/37/7731 7885/35/7730 7888/38/7733
f 7889/35/7734 7890/37/7735 7891/36/7736
f 7890/37/7735 7889/35/7734 7892/38/7737
f 7893/35/7738 7894/37/7739 7895/36/7740
f 7894/37/7739 7893/35/7738 7896/38/7741
f 7897/35/7742 7898/36/7743 7899/37/7744
f 7899/37/7744 7900/38/7745 7897/35/7742
f 7901/35/7746 7902/36/7747 7903/37/7748
f 7903/37/7748 7904/38/7749 7901/35/7746
f 7905/35/7750 7906/37/7751 7907/36/7752
f 7906/37/7751 7905/35/7750 7908/38/7753
f 7909/35/7754 7910/37/7755 7911/36/7756
f 7910/37/7755 7909/35/7754 7912/38/7757
f 7913/35/7758 7914/37/7759 7915/36/7760
f 7914/37/7759 7913/35/7758 7916/38/7761
f 7917/35/7762 7918/36/7763 7919/37/7764
f 7919/37/7764 7920/38/7765 7917/35/7762
f 7921/35/7766 7922/36/7767 7923/37/7768
f 7923/37/7768 7924/38/7769 7921/35/7766
f 7925/35/7770 7926/37/7771 7927/36/7772
f 7926/37/7771 7925/35/7770 7928/38/7773
f 7929/35/7774 7930/37/7775 7931/36/7776
f 7930/37/7775 7929/35/7774 7932/38/7777
f 7933/35/7778 7934/37/7779 7935/36/7780
f 7934/37/7779 7933/35/7778 7936/38/7781
f 7937/35/7782 7938/36/7783 7939/37/7784
f 7939/37/7784 7940/38/7785 7937/35/7782
f 7941/35/7786 7942/36/7787 7943/37/7788
f 7943/37/7788 7944/38/7789 7941/35/7786
f 7945/35/7790 7946/37/7791 7947/36/7792
f 7946/37/7791 7945/35/7790 7948/38/7793
f 7949/35/7794 7950/37/7795 7951/36/7796
f 7950/37/7795 7949/35/7794 7952/38/7797
f 7953/35/7798 7954/37/7799 7955/36/7800
f 7954/37/7799 7953/35/7798 7956/38/7801
f 7957/35/7802 7958/36/7803 7959/37/7804
f 7959/37/7804 7960/38/7805 7957/35/7802
f 7961/35/7806 7962/36/7807 7963/37/7808
f 7963/37/7808 7964/38/7809 7961/35/7806
f 7965/35/7810 7966/37/7811 7967/36/7812
f 7966/37/7811 7965/35/7810 7968/38/7813
f 7969/35/7814 7970/37/7815 7971/36/7816
f 7970/37/7815 7969/35/7814 7972/38/7817
f 7973/35/7818 7974/37/7819 7975/36/7820
f 7974/37/7819 7973/35/7818 7976/38/7821
f 7977/35/7822 7978/36/7823 7979/37/7824
f 7979/37/7824 7980/38/7825 7977/35/7822
f 7981/35/7826 7982/36/7827 7983/37/7828
f 7983/37/7828 7984/38/7829 7981/35/7826
f 7985/35/7830 7986/37/7831 7987/36/7832
f 7986/37/7831 7985/35/7830 7988/38/7833
f 7989/35/7834 7990/37/7835 7991/36/7836
f 7990/37/7835 7989/35/7834 7992/38/7837
f 7993/35/7838 7994/37/7839 7995/36/7840
f 7994/37/7839 7993/35/7838 7996/38/7841
f 7997/35/7842 7998/36/7843 7999/37/7844
f 7999/37/7844 8000/38/7845 7997/35/7842
f 8001/35/7846 8002/36/7847 8003/37/7848
f 8003/37/7848 8004/38/7849 8001/35/7846
f 8005/35/7850 8006/37/7851 8007/36/7852
f 8006/37/7851 8005/35/7850 8008/38/7853
f 8009/35/7854 8010/37/7855 8011/36/7856
f 8010/37/7855 8009/35/7854 8012/38/7857
f 8013/35/7858 8014/37/7859 8015/36/7860
f 8014/37/7859 8013/35/7858 8016/38/7861
f 8017/35/7862 8018/36/7863 8019/37/7864
f 8019/37/7864 8020/38/7865 8017/35/7862
f 8021/35/7866 8022/36/7867 8023/37/7868
f 8023/37/7868 8024/38/7869 8021/35/7866
f 8025/35/7870 8026/37/7871 8027/36/7872
f 8026/37/7871 8025/35/7870 8028/38/7873
f 8029/35/7874 8030/37/7875 8031/36/7876
f 8030/37/7875 8029/35/7874 8032/38/7877
f 8033/35/7878 8034/37/7879 8035/36/7880
f 8034/37/7879 8033/35/7878 8036/38/7881
f 8037/35/7882 8038/36/7883 8039/37/7884
f 8039/37/7884 8040/38/7885 8037/35/7882
f 8041/35/7886 8042/36/7887 8043/37/7888
f 8043/37/7888 8044/38/7889 8041/35/7886
f 8045/35/7890 8046/37/7891 8047/36/7892
f 8046/37/7891 8045/35/7890 8048/38/7893
f 8049/35/7894 8050/37/7895 8051/36/7896
f 8050/37/7895 8049/35/7894 8052/38/7897
f 8053/35/7898 8054/37/7899 8055/36/7900
f 8054/37/7899 8053/35/7898 8056/38/7901
f 8057/35/7902 8058/36/7903 8059/37/7904
f 8059/37/7904 8060/38/7905 8057/35/7902
f 8061/35/7906 8062/36/7907 8063/37/7908
f 8063/37/7908 8064/38/7909 8061/35/7906
f 8065/35/7910 8066/37/7911 8067/36/7912
f 8066/37/7911 8065/35/7910 8068/38/7913
f 8069/35/7914 8070/37/7915 8071/36/7916
f 8070/37/7915 8069/35/7914 8072/38/7917
f 8073/35/7918 8074/37/7919 8075/36/7920
f 8074/37/7919 8073/35/7918 8076/38/7921
f 8077/35/7922 8078/36/7923 8079/37/7924
f 8079/37/7924 8080/38/7925 8077/35/7922
f 8081/35/7926 8082/36/7927 8083/37/7928
f 8083/37/7928 8084/38/7929 8081/35/7926
f 8085/35/7930 8086/37/7931 8087/36/7932
f 8086/37/7931 8085/35/7930 8088/38/7933
f 8089/35/7934 8090/37/7935 8091/36/7936
f 8090/37/7935 8089/35/7934 8092/38/7937
f 8093/35/7938 8094/37/7939 8095/36/7940
f 8094/37/7939 8093/35/7938 8096/38/7941
f 8097/35/7942 8098/36/7943 8099/37/7944
f 8099/37/7944 8100/38/7945 8097/35/7942
f 8101/35/7946 8102/36/7947 8103/37/7948
f 8103/37/7948 8104/38/7949 8101/35/7946
f 8105/35/7950 8106/37/7951 8107/36/7952
f 8106/37/7951 8105/35/7950 8108/38/7953
f 8109/35/7954 8110/37/7955 8111/36/7956
f 8110/37/7955 8109/35/7954 8112/38/7957
f 8113/35/7958 8114/37/7959 8115/36/7960
f 8114/37/7959 8113/35/7958 8116/38/7961
f 8117/35/7962 8118/36/7963 8119/37/7964
f 8119/37/7964 8120/38/7965 8117/35/7962
f 8121/35/7966 8122/36/7967 8123/37/7968
f 8123/37/7968 8124/38/7969 8121/35/7966
f 8125/35/7970 8126/37/7971 8127/36/7972
f 8126/37/7971 8125/35/7970 8128/38/7973
f 8129/35/7974 8130/37/7975 8131/36/7976
f 8130/37/7975 8129/35/7974 8132/38/7977
f 8133/35/7978 8134/37/7979 8135/36/7980
f 8134/37/7979 8133/35/7978 8136/38/7981
f 8137/35/7982 8138/36/7983 8139/37/7984
f 8139/37/7984 8140/38/7985 8137/35/7982
f 8141/35/7986 8142/36/7987 8143/37/7988
f 8143/37/7988 8144/38/7989 8141/35/7986
f 8145/35/7990 8146/37/7991 8147/36/7992
f 8146/37/7991 8145/35/7990 8148/38/7993
f 8149/35/7994 8150/37/7995 8151/36/7996
f 8150/37/7995 8149/35/7994 8152/38/7997
f 8153/35/7998 8154/37/7999 8155/36/8000
f 8154/37/7999 8153/35/7998 8156/38/8001
f 8157/35/8002 8158/36/8003 8159/37/8004
f 8159/37/8004 8160/38/8005 8157/35/8002
f 8161/35/8006 8162/36/8007 8163/37/8008
f 8163/37/8008 8164/38/8009 8161/35/8006
f 8165/35/8010 8166/37/8011 8167/36/8012
f 8166/37/8011 8165/35/8010 8168/38/8013
f 8169/35/8014 8170/37/8015 8171/36/8016
f 8170/37/8015 8169/35/8014 8172/38/8017
f 8173/35/8018 8174/37/8019 8175/36/8020
f 8174/37/8019 8173/35/8018 8176/38/8021
f 8177/35/8022 8178/36/8023 8179/37/8024
f 8179/37/8024 8180/38/8025 8177/35/8022
f 8181/35/8026 8182/36/8027 8183/37/8028
f 8183/37/8028 8184/38/8029 8181/35/8026
f 8185/35/8030 8186/37/8031 8187/36/8032
f 8186/37/8031 8185/35/8030 8188/38/8033
f 8189/35/8034 8190/37/8035 8191/36/8036
f 8190/37/8035 8189/35/8034 8192/38/8037
f 8193/35/8038 8194/37/8039 8195/36/8040
f 8194/37/8039 8193/35/8038 8196/38/8041
f 8197/35/8042 8198/36/8043 8199/37/8044
f 8199/37/8044 8200/38/8045 8197/35/8042
f 8201/35/8046 8202/36/8047 8203/37/8048
f 8203/37/8048 8204/38/8049 8201/35/8046
f 8205/35/8050 8206/37/8051 8207/36/8052
f 8206/37/8051 8205/35/8050 8208/38/8053
f 8209/35/8054 8210/37/8055 8211/36/8056
f 8210/37/8055 8209/35/8054 8212/38/8057
f 8213/35/8058 8214/37/8059 8215/36/8060
f 8214/37/8059 8213/35/8058 8216/38/8061
f 8217/35/8062 8218/36/8063 8219/37/8064
f 8219/37/8064 8220/38/8065 8217/35/8062
f 8221/35/8066 8222/36/8067 8223/37/8068
f 8223/37/8068 8224/38/8069 8221/35/8066
f 8225/35/8070 8226/37/8071 8227/36/8072
f 8226/37/8071 8225/35/8070 8228/38/8073
f 8229/35/8074 8230/37/8075 8231/36/8076
f 8230/37/8075 8229/35/8074 8232/38/8077
f 8233/35/8078 8234/37/8079 8235/36/8080
f 8234/37/8079 8233/35/8078 8236/38/8081
f 8237/35/8082 8238/36/8083 8239/37/8084
f 8239/37/8084 8240/38/8085 8237/35/8082
f 8241/35/8086 8242/36/8087 8243/37/8088
f 8243/37/8088 8244/38/8089 8241/35/8086
f 8245/35/8090 8246/37/8091 8247/36/8092
f 8246/37/8091 8245/35/8090 8248/38/8093
f 8249/35/8094 8250/37/8095 8251/36/8096
f 8250/37/8095 8249/35/8094 8252/38/8097
f 8253/35/8098 8254/37/8099 8255/36/8100
f 8254/37/8099 8253/35/8098 8256/38/8101
f 8257/35/8102 8258/36/8103 8259/37/8104
f 8259/37/8104 8260/38/8105 8257/35/8102
f 8261/35/8106 8262/36/8107 8263/37/8108
f 8263/37/8108 8264/38/8109 8261/35/8106
f 8265/35/8110 8266/37/8111 8267/36/8112
f 8266/37/8111 8265/35/8110 8268/38/8113
f 8269/35/8114 8270/37/8115 8271/36/8116
f 8270/37/8115 8269/35/8114 8272/38/8117
f 8273/35/8118 8274/37/8119 8275/36/8120
f 8274/37/8119 8273/35/8118 8276/38/8121
f 8277/35/8122 8278/36/8123 8279/37/8124
f 8279/37/8124 8280/38/8125 8277/35/8122
f 8281/35/8126 8282/36/8127 8283/37/8128
f 8283/37/8128 8284/38/8129 8281/35/8126
f 8285/35/8130 8286/37/8131 8287/36/8132
f 8286/37/8131 8285/35/8130 8288/38/8133
f 8289/35/8134 8290/37/8135 8291/36/8136
f 8290/37/8135 8289/35/8134 8292/38/8137
f 8293/35/8138 8294/37/8139 8295/36/8140
f 8294/37/8139 8293/35/8138 8296/38/8141
f 8297/35/8142 8298/36/8143 8299/37/8144
f 8299/37/8144 8300/38/8145 8297/35/8142
f 8301/35/8146 8302/36/8147 8303/37/8148
f 8303/37/8148 8304/38/8149 8301/35/8146
f 8305/35/8150 8306/37/8151 8307/36/8152
f 8306/37/8151 8305/35/8150 8308/38/8153
f 8309/35/8154 8310/37/8155 8311/36/8156
f 8310/37/8155 8309/35/8154 8312/38/8157
f 8313/35/8158 8314/37/8159 8315/36/8160
f 8314/37/8159 8313/35/8158 8316/38/8161
f 8317/35/8162 8318/36/8163 8319/37/8164
f 8319/37/8164 8320/38/8165 8317/35/8162
f 8321/35/8166 8322/36/8167 8323/37/8168
f 8323/37/8168 8324/38/8169 8321/35/8166
f 8325/35/8170 8326/37/8171 8327/36/8172
f 8326/37/8171 8325/35/8170 8328/38/8173
f 8329/35/8174 8330/37/8175 8331/36/8176
f 8330/37/8175 8329/35/8174 8332/38/8177
f 8333/35/8178 8334/37/8179 8335/36/8180
f 8334/37/8179 8333/35/8178 8336/38/8181
f 8337/35/8182 8338/36/8183 8339/37/8184
f 8339/37/8184 8340/38/8185 8337/35/8182
f 8341/35/8186 8342/36/8187 8343/37/8188
f 8343/37/8188 8344/38/8189 8341/35/8186
f 8345/35/8190 8346/37/8191 8347/36/8192
f 8346/37/8191 8345/35/8190 8348/38/8193
f 8349/35/8194 8350/37/8195 8351/36/8196
f 8350/37/8195 8349/35/8194 8352/38/8197
f 8353/35/8198 8354/37/8199 8355/36/8200
f 8354/37/8199 8353/35/8198 8356/38/8201
f 8357/35/8202 8358/36/8203 8359/37/8204
f 8359/37/8204 8360/38/8205 8357/35/8202
f 8361/35/8206 8362/36/8207 8363/37/8208
f 8363/37/8208 8364/38/8209 8361/35/8206
f 8365/35/8210 8366/37/8211 8367/36/8212
f 8366/37/8211 8365/35/8210 8368/38/8213
f 8369/35/8214 8370/37/8215 8371/36/8216
f 8370/37/8215 8369/35/8214 8372/38/8217
f 8373/35/8218 8374/37/8219 8375/36/8220
f 8374/37/8219 8373/35/8218 8376/38/8221
f 8377/35/8222 8378/36/8223 8379/37/8224
f 8379/37/8224 8380/38/8225 8377/35/8222
f 8381/35/8226 8382/36/8227 8383/37/8228
f 8383/37/8228 8384/38/8229 8381/35/8226
f 8385/35/8230 8386/37/8231 8387/36/8232
f 8386/37/8231 8385/35/8230 8388/38/8233
f 8389/35/8234 8390/37/8235 8391/36/8236
f 8390/37/8235 8389/35/8234 8392/38/8237
f 8393/35/8238 8394/37/8239 8395/36/8240
f 8394/37/8239 8393/35/8238 8396/38/8241
f 8397/35/8242 8398/36/8243 8399/37/8244
f 8399/37/8244 8400/38/8245 8397/35/8242
f 8401/35/8246 8402/36/8247 8403/37/8248
f 8403/37/8248 8404/38/8249 8401/35/8246
f 8405/35/8250 8406/37/8251 8407/36/8252
f 8406/37/8251 8405/35/8250 8408/38/8253
f 8409/35/8254 8410/37/8255 8411/36/8256
f 8410/37/8255 8409/35/8254 8412/38/8257
f 8413/35/8258 8414/37/8259 8415/36/8260
f 8414/37/8259 8413/35/8258 8416/38/8261
f 8417/35/8262 8418/36/8263 8419/37/8264
f 8419/37/8264 8420/38/8265 8417/35/8262
f 8421/35/8266 8422/36/8267 8423/37/8268
f 8423/37/8268 8424/38/8269 8421/35/8266
f 8425/35/8270 8426/37/8271 8427/36/8272
f 8426/37/8271 8425/35/8270 8428/38/8273
f 8429/35/8274 8430/37/8275 8431/36/8276
f 8430/37/8275 8429/35/8274 8432/38/8277
f 8433/35/8278 8434/37/8279 8435/36/8280
f 8434/37/8279 8433/35/8278 8436/38/8281
f 8437/35/8282 8438/36/8283 8439/37/8284
f 8439/37/8284 8440/38/8285 8437/35/8282
f 8441/35/8286 8442/36/8287 8443/37/8288
f 8443/37/8288 8444/38/8289 8441/35/8286
f 8445/35/8290 8446/37/8291 8447/36/8292
f 8446/37/8291 8445/35/8290 8448/38/8293
f 8449/35/8294 8450/37/8295 8451/36/8296
f 8450/37/8295 8449/35/8294 8452/38/8297
f 8453/35/8298 8454/37/8299 8455/36/8300
f 8454/37/8299 8453/35/8298 8456/38/8301
f 8457/35/8302 8458/36/8303 8459/37/8304
f 8459/37/8304 8460/38/8305 8457/35/8302
f 8461/35/8306 8462/36/8307 8463/37/8308
f 8463/37/8308 8464/38/8309 8461/35/8306
f 8465/35/8310 8466/37/8311 8467/36/8312
f 8466/37/8311 8465/35/8310 8468/38/8313
f 8469/35/8314 8470/37/8315 8471/36/8316
f 8470/37/8315 8469/35/8314 8472/38/8317
f 8473/35/8318 8474/37/8319 8475/36/8320
f 8474/37/8319 8473/35/8318 8476/38/8321
f 8477/35/8322 8478/36/8323 8479/37/8324
f 8479/37/8324 8480/38/8325 8477/35/8322
f 8481/35/8326 8482/36/8327 8483/37/8328
f 8483/37/8328 8484/38/8329 8481/35/8326
f 8485/35/8330 8486/37/8331 8487/36/8332
f 8486/37/8331 8485/35/8330 8488/38/8333
f 8489/35/8334 8490/37/8335 8491/36/8336
f 8490/37/8335 8489/35/8334 8492/38/8337
f 8493/35/8338 8494/37/8339 8495/36/8340
f 8494/37/8339 8493/35/8338 8496/38/8341
f 8497/35/8342 8498/36/8343 8499/37/8344
f 8499/37/8344 8500/38/8345 8497/35/8342
f 8501/35/8346 8502/36/8347 8503/37/8348
f 8503/37/8348 8504/38/8349 8501/35/8346
f 8505/35/8350 8506/37/8351 8507/36/8352
f 8506/37/8351 8505/35/8350 8508/38/8353
f 8509/35/8354 8510/37/8355 8511/36/8356
f 8510/37/8355 8509/35/8354 8512/38/8357
f 8513/35/8358 8514/37/8359 8515/36/8360
f 8514/37/8359 8513/35/8358 8516/38/8361
f 8517/35/8362 8518/36/8363 8519/37/8364
f 8519/37/8364 8520/38/8365 8517/35/8362
f 8521/35/8366 8522/36/8367 8523/37/8368
f 8523/37/8368 8524/38/8369 8521/35/8366
f 8525/35/8370 8526/37/8371 8527/36/8372
f 8526/37/8371 8525/35/8370 8528/38/8373
f 8529/35/8374 8530/37/8375 8531/36/8376
f 8530/37/8375 8529/35/8374 8532/38/8377
f 8533/35/8378 8534/37/8379 8535/36/8380
f 8534/37/8379 8533/35/8378 8536/38/8381
f 8537/35/8382 8538/36/8383 8539/37/8384
f 8539/37/8384 8540/38/8385 8537/35/8382
f 8541/35/8386 8542/36/8387 8543/37/8388
f 8543/37/8388 8544/38/8389 8541/35/8386
f 8545/35/8390 8546/37/8391 8547/36/8392
f 8546/37/8391 8545/35/8390 8548/38/8393
f 8549/35/8394 8550/37/8395 8551/36/8396
f 8550/37/8395 8549/35/8394 8552/38/8397
f 8553/35/8398 8554/37/8399 8555/36/8400
f 8554/37/8399 8553/35/8398 8556/38/8401
f 8557/35/8402 8558/36/8403 8559/37/8404
f 8559/37/8404 8560/38/8405 8557/35/8402
f 8561/35/8406 8562/36/8407 8563/37/8408
f 8563/37/8408 8564/38/8409 8561/35/8406
f 8565/35/8410 8566/37/8411 8567/36/8412
f 8566/37/8411 8565/35/8410 8568/38/8413
f 8569/35/8414 8570/37/8415 8571/36/8416
f 8570/37/8415 8569/35/8414 8572/38/8417
f 8573/35/8418 8574/37/8419 8575/36/8420
f 8574/37/8419 8573/35/8418 8576/38/8421
f 8577/35/8422 8578/36/8423 8579/37/8424
f 8579/37/8424 8580/38/8425 8577/35/8422
f 8581/35/8426 8582/36/8427 8583/37/8428
f 8583/37/8428 8584/38/8429 8581/35/8426
f 8585/35/8430 8586/37/8431 8587/36/8432
f 8586/37/8431 8585/35/8430 8588/38/8433
f 8589/35/8434 8590/37/8435 8591/36/8436
f 8590/37/8435 8589/35/8434 8592/38/8437
f 8593/35/8438 8594/37/8439 8595/36/8440
f 8594/37/8439 8593/35/8438 8596/38/8441
f 8597/35/8442 8598/36/8443 8599/37/8444
f 8599/37/8444 8600/38/8445 8597/35/8442
f 8601/35/8446 8602/36/8447 8603/37/8448
f 8603/37/8448 8604/38/8449 8601/35/8446
f 8605/35/8450 8606/37/8451 8607/36/8452
f 8606/37/8451 8605/35/8450 8608/38/8453
f 8609/35/8454 8610/37/8455 8611/36/8456
f 8610/37/8455 8609/35/8454 8612/38/8457
f 8613/35/8458 8614/37/8459 8615/36/8460
f 8614/37/8459 8613/35/8458 8616/38/8461
f 8617/35/8462 8618/36/8463 8619/37/8464
f 8619/37/8464 8620/38/8465 8617/35/8462
f 8621/35/8466 8622/36/8467 8623/37/8468
f 8623/37/8468 8624/38/8469 8621/35/8466
f 8625/35/8470 8626/37/8471 8627/36/8472
f 8626/37/8471 8625/35/8470 8628/38/8473
f 8629/35/8474 8630/37/8475 8631/36/8476
f 8630/37/8475 8629/35/8474 8632/38/8477
f 8633/35/8478 8634/37/8479 8635/36/8480
f 8634/37/8479 8633/35/8478 8636/38/8481
f 8637/35/8482 8638/36/8483 8639/37/8484
f 8639/37/8484 8640/38/8485 8637/35/8482
f 8641/35/8486 8642/36/8487 8643/37/8488
f 8643/37/8488 8644/38/8489 8641/35/8486
f 8645/35/8490 8646/37/8491 8647/36/8492
f 8646/37/8491 8645/35/8490 8648/38/8493
f 8649/35/8494 8650/37/8495 8651/36/8496
f 8650/37/8495 8649/35/8494 8652/38/8497
f 8653/35/8498 8654/37/8499 8655/36/8500
f 8654/37/8499 8653/35/8498 8656/38/8501
f 8657/35/8502 8658/36/8503 8659/37/8504
f 8659/37/8504 8660/38/8505 8657/35/8502
f 8661/35/8506 8662/36/8507 8663/37/8508
f 8663/37/8508 8664/38/8509 8661/35/8506
f 8665/35/8510 8666/37/8511 8667/36/8512
f 8666/37/8511 8665/35/8510 8668/38/8513
f 8669/35/8514 8670/37/8515 8671/36/8516
f 8670/37/8515 8669/35/8514 8672/38/8517
f 8673/35/8518 8674/37/8519 8675/36/8520
f 8674/37/8519 8673/35/8518 8676/38/8521
f 8677/35/8522 8678/36/8523 8679/37/8524
f 8679/37/8524 8680/38/8525 8677/35/8522
f 8681/35/8526 8682/36/8527 8683/37/8528
f 8683/37/8528 8684/38/8529 8681/35/8526
f 8685/35/8530 8686/37/8531 8687/36/8532
f 8686/37/8531 8685/35/8530 8688/38/8533
f 8689/35/8534 8690/37/8535 8691/36/8536
f 8690/37/8535 8689/35/8534 8692/38/8537
f 8693/35/8538 8694/37/8539 8695/36/8540
f 8694/37/8539 8693/35/8538 8696/38/8541
f 8697/35/8542 8698/36/8543 8699/37/8544
f 8699/37/8544 8700/38/8545 8697/35/8542
f 8701/35/8546 8702/36/8547 8703/37/8548
f 8703/37/8548 8704/38/8549 8701/35/8546
f 8705/35/8550 8706/37/8551 8707/36/8552
f 8706/37/8551 8705/35/8550 8708/38/8553
f 8709/35/8554 8710/37/8555 8711/36/8556
f 8710/37/8555 8709/35/8554 8712/38/8557
f 8713/35/8558 8714/37/8559 8715/36/8560
f 8714/37/8559 8713/35/8558 8716/38/8561
f 8717/35/8562 8718/36/8563 8719/37/8564
f 8719/37/8564 8720/38/8565 8717/35/8562
f 8721/35/8566 8722/36/8567 8723/37/8568
f 8723/37/8568 8724/38/8569 8721/35/8566
f 8725/35/8570 8726/37/8571 8727/36/8572
f 8726/37/8571 8725/35/8570 8728/38/8573
f 8729/35/8574 8730/37/8575 8731/36/8576
f 8730/37/8575 8729/35/8574 8732/38/8577
f 8733/35/8578 8734/37/8579 8735/36/8580
f 8734/37/8579 8733/35/8578 8736/38/8581
f 8737/35/8582 8738/36/8583 8739/37/8584
f 8739/37/8584 8740/38/8585 8737/35/8582
f 8741/35/8586 8742/36/8587 8743/37/8588
f 8743/37/8588 8744/38/8589 8741/35/8586
f 8745/35/8590 8746/37/8591 8747/36/8592
f 8746/37/8591 8745/35/8590 8748/38/8593
f 8749/35/8594 8750/37/8595 8751/36/8596
f 8750/37/8595 8749/35/8594 8752/38/8597
f 8753/35/8598 8754/37/8599 8755/36/8600
f 8754/37/8599 8753/35/8598 8756/38/8601
f 8757/35/8602 8758/36/8603 8759/37/8604
f 8759/37/8604 8760/38/8605 8757/35/8602
f 8761/35/8606 8762/36/8607 8763/37/8608
f 8763/37/8608 8764/38/8609 8761/35/8606
f 8765/35/8610 8766/37/8611 8767/36/8612
f 8766/37/8611 8765/35/8610 8768/38/8613
f 8769/35/8614 8770/37/8615 8771/36/8616
f 8770/37/8615 8769/35/8614 8772/38/8617
f 8773/35/8618 8774/37/8619 8775/36/8620
f 8774/37/8619 8773/35/8618 8776/38/8621
f 8777/35/8622 8778/36/8623 8779/37/8624
f 8779/37/8624 8780/38/8625 8777/35/8622
f 8781/35/8626 8782/36/8627 8783/37/8628
f 8783/37/8628 8784/38/8629 8781/35/8626
f 8785/35/8630 8786/37/8631 8787/36/8632
f 8786/37/8631 8785/35/8630 8788/38/8633
f 8789/35/8634 8790/37/8635 8791/36/8636
f 8790/37/8635 8789/35/8634 8792/38/8637
f 8793/35/8638 8794/37/8639 8795/36/8640
f 8794/37/8639 8793/35/8638 8796/38/8641
f 8797/35/8642 8798/36/8643 8799/37/8644
f 8799/37/8644 8800/38/8645 8797/35/8642
f 8801/35/8646 8802/36/8647 8803/37/8648
f 8803/37/8648 8804/38/8649 8801/35/8646
f 8805/35/8650 8806/37/8651 8807/36/8652
f 8806/37/8651 8805/35/8650 8808/38/8653
f 8809/35/8654 8810/37/8655 8811/36/8656
f 8810/37/8655 8809/35/8654 8812/38/8657
f 8813/35/8658 8814/37/8659 8815/36/8660
f 8814/37/8659 8813/35/8658 8816/38/8661
f 8817/35/8662 8818/36/8663 8819/37/8664
f 8819/37/8664 8820/38/8665 8817/35/8662
f 8821/35/8666 8822/36/8667 8823/37/8668
f 8823/37/8668 8824/38/8669 8821/35/8666
f 8825/35/8670 8826/37/8671 8827/36/8672
f 8826/37/8671 8825/35/8670 8828/38/8673
f 8829/35/8674 8830/37/8675 8831/36/8676
f 8830/37/8675 8829/35/8674 8832/38/8677
f 8833/35/8678 8834/37/8679 8835/36/8680
f 8834/37/8679 8833/35/8678 8836/38/8681
f 8837/35/8682 8838/36/8683 8839/37/8684
f 8839/37/8684 8840/38/8685 8837/35/8682
f 8841/35/8686 8842/36/8687 8843/37/8688
f 8843/37/8688 8844/38/8689 8841/35/8686
f 8845/35/8690 8846/37/8691 8847/36/8692
f 8846/37/8691 8845/35/8690 8848/38/8693
f 8849/35/8694 8850/37/8695 8851/36/8696
f 8850/37/8695 8849/35/8694 8852/38/8697
f 8853/35/8698 8854/36/8699 8855/37/8700
f 8855/37/8700 8856/38/8701 8853/35/8698
f 8857/35/8702 8858/37/8703 8859/36/8704
f 8858/37/8703 8857/35/8702 8860/38/8705
f 8861/35/8706 8862/37/8707 8863/36/8708
f 8862/37/8707 8861/35/8706 8864/38/8709
f 8865/35/8710 8866/36/8711 8867/37/8712
f 8867/37/8712 8868/38/8713 8865/35/8710
f 8869/35/8714 8870/37/8715 8871/36/8716
f 8870/37/8715 8869/35/8714 8872/38/8717
f 8873/35/8718 8874/36/8719 8875/37/8720
f 8875/37/8720 8876/38/8721 8873/35/8718
f 8877/35/8722 8878/37/8723 8879/36/8724
f 8878/37/8723 8877/35/8722 8880/38/8725
f 8881/35/8726 8882/37/8727 8883/36/8728
f 8882/37/8727 8881/35/8726 8884/38/8729
f 8885/35/8730 8886/36/8731 8887/37/8732
f 8887/37/8732 8888/38/8733 8885/35/8730
f 8889/35/8734 8890/36/8735 8891/37/8736
f 8891/37/8736 8892/38/8737 8889/35/8734
f 8893/35/8738 8894/36/8739 8895/37/8740
f 8895/37/8740 8896/38/8741 8893/35/8738
f 8897/35/8742 8898/37/8743 8899/36/8744
f 8898/37/8743 8897/35/8742 8900/38/8745
f 8901/35/8746 8902/37/8747 8903/36/8748
f 8902/37/8747 8901/35/8746 8904/38/8749
f 8905/35/8750 8906/36/8751 8907/37/8752
f 8907/37/8752 8908/38/8753 8905/35/8750
f 8909/35/8754 8910/37/8755 8911/36/8756
f 8910/37/8755 8909/35/8754 8912/38/8757
f 8913/35/8758 8914/36/8759 8915/37/8760
f 8915/37/8760 8916/38/8761 8913/35/8758
f 8917/35/8762 8918/37/8763 8919/36/8764
f 8918/37/8763 8917/35/8762 8920/38/8765
f 8921/35/8766 8922/37/8767 8923/36/8768
f 8922/37/8767 8921/35/8766 8924/38/8769
f 8925/35/8770 8926/36/8771 8927/37/8772
f 8927/37/8772 8928/38/8773 8925/35/8770
f 8929/35/8774 8930/36/8775 8931/37/8776
f 8931/37/8776 8932/38/8777 8929/35/8774
f 8933/35/8778 8934/36/8779 8935/37/8780
f 8935/37/8780 8936/38/8781 8933/35/8778
f 8937/35/8782 8938/37/8783 8939/36/8784
f 8938/37/8783 8937/35/8782 8940/38/8785
f 8941/35/8786 8942/37/8787 8943/36/8788
f 8942/37/8787 8941/35/8786 8944/38/8789
f 8945/35/8790 8946/36/8791 8947/37/8792
f 8947/37/8792 8948/38/8793 8945/35/8790
f 8949/35/8794 8950/37/8795 8951/36/8796
f 8950/37/8795 8949/35/8794 8952/38/8797
f 8953/35/8798 8954/36/8799 8955/37/8800
f 8955/37/8800 8956/38/8801 8953/35/8798
f 8957/35/8802 8958/37/8803 8959/36/8804
f 8958/37/8803 8957/35/8802 8960/38/8805
f 8961/35/8806 8962/37/8807 8963/36/8808
f 8962/37/8807 8961/35/8806 8964/38/8809
f 8965/35/8810 8966/36/8811 8967/37/8812
f 8967/37/8812 8968/38/8813 8965/35/8810
f 8969/35/8814 8970/36/8815 8971/37/8816
f 8971/37/8816 8972/38/8817 8969/35/8814
f 8973/35/8818 8974/36/8819 8975/37/8820
f 8975/37/8820 8976/38/8821 8973/35/8818
f 8977/35/8822 8978/37/8823 8979/36/8824
f 8978/37/8823 8977/35/8822 8980/38/8825
f 8981/35/8826 8982/37/8827 8983/36/8828
f 8982/37/8827 8981/35/8826 8984/38/8829
f 8985/35/8830 8986/36/8831 8987/37/8832
f 8987/37/8832 8988/38/8833 8985/35/8830
f 8989/35/8834 8990/37/8835 8991/36/8836
f 8990/37/8835 8989/35/8834 8992/38/8837
f 8993/35/8838 8994/36/8839 8995/37/8840
f 8995/37/8840 8996/38/8841 8993/35/8838
f 8997/35/8842 8998/37/8843 8999/36/8844
f 8998/37/8843 8997/35/8842 9000/38/8845
f 9001/35/8846 9002/37/8847 9003/36/8848
f 9002/37/8847 9001/35/8846 9004/38/8849
f 9005/35/8850 9006/36/8851 9007/37/8852
f 9007/37/8852 9008/38/8853 9005/35/8850
f 9009/35/8854 9010/36/8855 9011/37/8856
f 9011/37/8856 9012/38/8857 9009/35/8854
f 9013/35/8858 9014/36/8859 9015/37/8860
f 9015/37/8860 9016/38/8861 9013/35/8858
f 9017/35/8862 9018/37/8863 9019/36/8864
f 9018/37/8863 9017/35/8862 9020/38/8865
f 9021/35/8866 9022/37/8867 9023/36/8868
f 9022/37/8867 9021/35/8866 9024/38/8869
f 9025/35/8870 9026/36/8871 9027/37/8872
f 9027/37/8872 9028/38/8873 9025/35/8870
f 9029/35/8874 9030/37/8875 9031/36/8876
f 9030/37/8875 9029/35/8874 9032/38/8877
f 9033/35/8878 9034/36/8879 9035/37/8880
f 9035/37/8880 9036/38/8881 9033/35/8878
f 9037/35/8882 9038/37/8883 9039/36/8884
f 9038/37/8883 9037/35/8882 9040/38/8885
f 9041/35/8886 9042/37/8887 9043/36/8888
f 9042/37/8887 9041/35/8886 9044/38/8889
f 9045/35/8890 9046/36/8891 9047/37/8892
f 9047/37/8892 9048/38/8893 9045/35/8890
f 9049/35/8894 9050/36/8895 9051/37/8896
f 9051/37/8896 9052/38/8897 9049/35/8894
f 9053/35/8898 9054/36/8899 9055/37/8900
f 9055/37/8900 9056/38/8901 9053/35/8898
f 9057/35/8902 9058/37/8903 9059/36/8904
f 9058/37/8903 9057/35/8902 9060/38/8905
f 9061/35/8906 9062/37/8907 9063/36/8908
f 9062/37/8907 9061/35/8906 9064/38/8909
f 9065/35/8910 9066/36/8911 9067/37/8912
f 9067/37/8912 9068/38/8913 9065/35/8910
f 9069/35/8914 9070/37/8915 9071/36/8916
f 9070/37/8915 9069/35/8914 9072/38/8917
f 9073/35/8918 9074/36/8919 9075/37/8920
f 9075/37/8920 9076/38/8921 9073/35/8918
f 9077/35/8922 9078/37/8923 9079/36/8924
f 9078/37/8923 9077/35/8922 9080/38/8925
f 9081/35/8926 9082/37/8927 9083/36/8928
f 9082/37/8927 9081/35/8926 9084/38/8929
f 9085/35/8930 9086/36/8931 9087/37/8932
f 9087/37/8932 9088/38/8933 9085/35/8930
f 9089/35/8934 9090/36/8935 9091/37/8936
f 9091/37/8936 9092/38/8937 9089/35/8934
f 9093/35/8938 9094/36/8939 9095/37/8940
f 9095/37/8940 9096/38/8941 9093/35/8938
f 9097/35/8942 9098/37/8943 9099/36/8944
f 9098/37/8943 9097/35/8942 9100/38/8945
f 9101/35/8946 9102/37/8947 9103/36/8948
f 9102/37/8947 9101/35/8946 9104/38/8949
f 9105/35/8950 9106/36/8951 9107/37/8952
f 9107/37/8952 9108/38/8953 9105/35/8950
f 9109/35/8954 9110/37/8955 9111/36/8956
f 9110/37/8955 9109/35/8954 9112/38/8957
f 9113/35/8958 9114/36/8959 9115/37/8960
f 9115/37/8960 9116/38/8961 9113/35/8958
f 9117/35/8962 9118/37/8963 9119/36/8964
f 9118/37/8963 9117/35/8962 9120/38/8965
f 9121/35/8966 9122/37/8967 9123/36/8968
f 9122/37/8967 9121/35/8966 9124/38/8969
f 9125/35/8970 9126/36/8971 9127/37/8972
f 9127/37/8972 9128/38/8973 9125/35/8970
f 9129/35/8974 9130/36/8975 9131/37/8976
f 9131/37/8976 9132/38/8977 9129/35/8974
f 9133/35/8978 9134/36/8979 9135/37/8980
f 9135/37/8980 9136/38/8981 9133/35/8978
f 9137/35/8982 9138/37/8983 9139/36/8984
f 9138/37/8983 9137/35/8982 9140/38/8985
f 9141/35/8986 9142/37/8987 9143/36/8988
f 9142/37/8987 9141/35/8986 9144/38/8989
f 9145/35/8990 9146/36/8991 9147/37/8992
f 9147/37/8992 9148/38/8993 9145/35/8990
f 9149/35/8994 9150/37/8995 9151/36/8996
f 9150/37/8995 9149/35/8994 9152/38/8997
f 9153/35/8998 9154/36/8999 9155/37/9000
f 9155/37/9000 9156/38/9001 9153/35/8998
f 9157/35/9002 9158/37/9003 9159/36/9004
f 9158/37/9003 9157/35/9002 9160/38/9005
f 9161/35/9006 9162/37/9007 9163/36/9008
f 9162/37/9007 9161/35/9006 9164/38/9009
f 9165/35/9010 9166/36/9011 9167/37/9012
f 9167/37/9012 9168/38/9013 9165/35/9010
f 9169/35/9014 9170/36/9015 9171/37/9016
f 9171/37/9016 9172/38/9017 9169/35/9014
f 9173/35/9018 9174/36/9019 9175/37/9020
f 9175/37/9020 9176/38/9021 9173/35/9018
f 9177/35/9022 9178/37/9023 9179/36/9024
f 9178/37/9023 9177/35/9022 9180/38/9025
f 9181/35/9026 9182/37/9027 9183/36/9028
f 9182/37/9027 9181/35/9026 9184/38/9029
f 9185/35/9030 9186/36/9031 9187/37/9032
f 9187/37/9032 9188/38/9033 9185/35/9030
f 9189/35/9034 9190/37/9035 9191/36/9036
f 9190/37/9035 9189/35/9034 9192/38/9037
f 9193/35/9038 9194/36/9039 9195/37/9040
f 9195/37/9040 9196/38/9041 9193/35/9038
f 9197/35/9042 9198/37/9043 9199/36/9044
f 9198/37/9043 9197/35/9042 9200/38/9045
f 9201/35/9046 9202/37/9047 9203/36/9048
f 9202/37/9047 9201/35/9046 9204/38/9049
f 9205/35/9050 9206/36/9051 9207/37/9052
f 9207/37/9052 9208/38/9053 9205/35/9050
f 9209/35/9054 9210/36/9055 9211/37/9056
f 9211/37/9056 9212/38/9057 9209/35/9054
f 9213/35/9058 9214/36/9059 9215/37/9060
f 9215/37/9060 9216/38/9061 9213/35/9058
f 9217/35/9062 9218/37/9063 9219/36/9064
f 9218/37/9063 9217/35/9062 9220/38/9065
f 9221/35/9066 9222/37/9067 9223/36/9068
f 9222/37/9067 9221/35/9066 9224/38/9069
f 9225/35/9070 9226/36/9071 9227/37/9072
f 9227/37/9072 9228/38/9073 9225/35/9070
f 9229/35/9074 9230/37/9075 9231/36/9076
f 9230/37/9075 9229/35/9074 9232/38/9077
f 9233/35/9078 9234/36/9079 9235/37/9080
f 9235/37/9080 9236/38/9081 9233/35/9078
f 9237/35/9082 9238/37/9083 9239/36/9084
f 9238/37/9083 9237/35/9082 9240/38/9085
f 9241/35/9086 9242/37/9087 9243/36/9088
f 9242/37/9087 9241/35/9086 9244/38/9089
f 9245/35/9090 9246/36/9091 9247/37/9092
f 9247/37/9092 9248/38/9093 9245/35/9090
f 9249/35/9094 9250/36/9095 9251/37/9096
f 9251/37/9096 9252/38/9097 9249/35/9094
f 9253/35/9098 9254/36/9099 9255/37/9100
f 9255/37/9100 9256/38/9101 9253/35/9098
f 9257/35/9102 9258/37/9103 9259/36/9104
f 9258/37/9103 9257/35/9102 9260/38/9105
f 9261/35/9106 9262/37/9107 9263/36/9108
f 9262/37/9107 9261/35/9106 9264/38/9109
f 9265/35/9110 9266/36/9111 9267/37/9112
f 9267/37/9112 9268/38/9113 9265/35/9110
f 9269/35/9114 9270/37/9115 9271/36/9116
f 9270/37/9115 9269/35/9114 9272/38/9117
f 9273/35/9118 9274/36/9119 9275/37/9120
f 9275/37/9120 9276/38/9121 9273/35/9118
f 9277/35/9122 9278/37/9123 9279/36/9124
f 9278/37/9123 9277/35/9122 9280/38/9125
f 9281/35/9126 9282/37/9127 9283/36/9128
f 9282/37/9127 9281/35/9126 9284/38/9129
f 9285/35/9130 9286/36/9131 9287/37/9132
f 9287/37/9132 9288/38/9133 9285/35/9130
f 9289/35/9134 9290/36/9135 9291/37/9136
f 9291/37/9136 9292/38/9137 9289/35/9134
f 9293/35/9138 9294/36/9139 9295/37/9140
f 9295/37/9140 9296/38/9141 9293/35/9138
f 9297/35/9142 9298/37/9143 9299/36/9144
f 9298/37/9143 9297/35/9142 9300/38/9145
f 9301/35/9146 9302/37/9147 9303/36/9148
f 9302/37/9147 9301/35/9146 9304/38/9149
f 9305/35/9150 9306/36/9151 9307/37/9152
f 9307/37/9152 9308/38/9153 9305/35/9150
f 9309/35/9154 9310/37/9155 9311/36/9156
f 9310/37/9155 9309/35/9154 9312/38/9157
f 9313/35/9158 9314/36/9159 9315/37/9160
f 9315/37/9160 9316/38/9161 9313/35/9158
f 9317/35/9162 9318/37/9163 9319/36/9164
f 9318/37/9163 9317/35/9162 9320/38/9165
f 9321/35/9166 9322/37/9167 9323/36/9168
f 9322/37/9167 9321/35/9166 9324/38/9169
f 9325/35/9170 9326/36/9171 9327/37/9172
f 9327/37/9172 9328/38/9173 9325/35/9170
f 9329/35/9174 9330/36/9175 9331/37/9176
f 9331/37/9176 9332/38/9177 9329/35/9174
f 9333/35/9178 9334/36/9179 9335/37/9180
f 9335/37/9180 9336/38/9181 9333/35/9178
f 9337/35/9182 9338/37/9183 9339/36/9184
f 9338/37/9183 9337/35/9182 9340/38/9185
f 9341/35/9186 9342/37/9187 9343/36/9188
f 9342/37/9187 9341/35/9186 9344/38/9189
f 9345/35/9190 9346/36/9191 9347/37/9192
f 9347/37/9192 9348/38/9193 9345/35/9190
f 9349/35/9194 9350/37/9195 9351/36/9196
f 9350/37/9195 9349/35/9194 9352/38/9197
f 9353/35/9198 9354/36/9199 9355/37/9200
f 9355/37/9200 9356/38/9201 9353/35/9198
f 9357/35/9202 9358/37/9203 9359/36/9204
f 9358/37/9203 9357/35/9202 9360/38/9205
f 9361/35/9206 9362/37/9207 9363/36/9208
f 9362/37/9207 9361/35/9206 9364/38/9209
f 9365/35/9210 9366/36/9211 9367/37/9212
f 9367/37/9212 9368/38/9213 9365/35/9210
f 9369/35/9214 9370/36/9215 9371/37/9216
f 9371/37/9216 9372/38/9217 9369/35/9214
f 9373/35/9218 9374/36/9219 9375/37/9220
f 9375/37/9220 9376/38/9221 9373/35/9218
f 9377/35/9222 9378/37/9223 9379/36/9224
f 9378/37/9223 9377/35/9222 9380/38/9225
f 9381/35/9226 9382/37/9227 9383/36/9228
f 9382/37/9227 9381/35/9226 9384/38/9229
f 9385/35/9230 9386/36/9231 9387/37/9232
f 9387/37/9232 9388/38/9233 9385/35/9230
f 9389/35/9234 9390/37/9235 9391/36/9236
f 9390/37/9235 9389/35/9234 9392/38/9237
f 9393/35/9238 9394/36/9239 9395/37/9240
f 9395/37/9240 9396/38/9241 9393/35/9238
f 9397/35/9242 9398/37/9243 9399/36/9244
f 9398/37/9243 9397/35/9242 9400/38/9245
f 9401/35/9246 9402/37/9247 9403/36/9248
f 9402/37/9247 9401/35/9246 9404/38/9249
f 9405/35/9250 9406/36/9251 9407/37/9252
f 9407/37/9252 9408/38/9253 9405/35/9250
f 9409/35/9254 9410/36/9255 9411/37/9256
f 9411/37/9256 9412/38/9257 9409/35/9254
f 9413/35/9258 9414/36/9259 9415/37/9260
f 9415/37/9260 9416/38/9261 9413/35/9258
f 9417/35/9262 9418/37/9263 9419/36/9264
f 9418/37/9263 9417/35/9262 9420/38/9265
f 9421/35/9266 9422/37/9267 9423/36/9268
f 9422/37/9267 9421/35/9266 9424/38/9269
f 9425/35/9270 9426/36/9271 9427/37/9272
f 9427/37/9272 9428/38/9273 9425/35/9270
f 9429/35/9274 9430/37/9275 9431/36/9276
f 9430/37/9275 9429/35/9274 9432/38/9277
f 9433/35/9278 9434/36/9279 9435/37/9280
f 9435/37/9280 9436/38/9281 9433/35/9278
f 9437/35/9282 9438/37/9283 9439/36/9284
f 9438/37/9283 9437/35/9282 9440/38/9285
f 9441/35/9286 9442/37/9287 9443/36/9288
f 9442/37/9287 9441/35/9286 9444/38/9289
f 9445/35/9290 9446/36/9291 9447/37/9292
f 9447/37/9292 9448/38/9293 9445/35/9290
f 9449/35/9294 9450/36/9295 9451/37/9296
f 9451/37/9296 9452/38/9297 9449/35/9294
f 9453/35/9298 9454/36/9299 9455/37/9300
f 9455/37/9300 9456/38/9301 9453/35/9298
f 9457/35/9302 9458/37/9303 9459/36/9304
f 9458/37/9303 9457/35/9302 9460/38/9305
f 9461/35/9306 9462/37/9307 9463/36/9308
f 9462/37/9307 9461/35/9306 9464/38/9309
f 9465/35/9310 9466/36/9311 9467/37/9312
f 9467/37/9312 9468/38/9313 9465/35/9310
f 9469/35/9314 9470/37/9315 9471/36/9316
f 9470/37/9315 9469/35/9314 9472/38/9317
f 9473/35/9318 9474/36/9319 9475/37/9320
f 9475/37/9320 9476/38/9321 9473/35/9318
f 9477/35/9322 9478/37/9323 9479/36/9324
f 9478/37/9323 9477/35/9322 9480/38/9325
f 9481/35/9326 9482/37/9327 9483/36/9328
f 9482/37/9327 9481/35/9326 9484/38/9329
f 9485/35/9330 9486/36/9331 9487/37/9332
f 9487/37/9332 9488/38/9333 9485/35/9330
f 9489/35/9334 9490/36/9335 9491/37/9336
f 9491/37/9336 9492/38/9337 9489/35/9334
f 9493/35/9338 9494/36/9339 9495/37/9340
f 9495/37/9340 9496/38/9341 9493/35/9338
f 9497/35/9342 9498/37/9343 9499/36/9344
f 9498/37/9343 9497/35/9342 9500/38/9345
f 9501/35/9346 9502/37/9347 9503/36/9348
f 9502/37/9347 9501/35/9346 9504/38/9349
f 9505/35/9350 9506/36/9351 9507/37/9352
f 9507/37/9352 9508/38/9353 9505/35/9350
f 9509/35/9354 9510/37/9355 9511/36/9356
f 9510/37/9355 9509/35/9354 9512/38/9357
f 9513/35/9358 9514/36/9359 9515/37/9360
f 9515/37/9360 9516/38/9361 9513/35/9358
f 9517/35/9362 9518/37/9363 9519/36/9364
f 9518/37/9363 9517/35/9362 9520/38/9365
f 9521/35/9366 9522/37/9367 9523/36/9368
f 9522/37/9367 9521/35/9366 9524/38/9369
f 9525/35/9370 9526/36/9371 9527/37/9372
f 9527/37/9372 9528/38/9373 9525/35/9370
f 9529/35/9374 9530/36/9375 9531/37/9376
f 9531/37/9376 9532/38/9377 9529/35/9374
f 9533/35/9378 9534/36/9379 9535/37/9380
f 9535/37/9380 9536/38/9381 9533/35/9378
f 9537/35/9382 9538/37/9383 9539/36/9384
f 9538/37/9383 9537/35/9382 9540/38/9385
f 9541/35/9386 9542/37/9387 9543/36/9388
f 9542/37/9387 9541/35/9386 9544/38/9389
f 9545/35/9390 9546/36/9391 9547/37/9392
f 9547/37/9392 9548/38/9393 9545/35/9390
f 9549/35/9394 9550/37/9395 9551/36/9396
f 9550/37/9395 9549/35/9394 9552/38/9397
f 9553/35/9398 9554/36/9399 9555/37/9400
f 9555/37/9400 9556/38/9401 9553/35/9398
f 9557/35/9402 9558/37/9403 9559/36/9404
f 9558/37/9403 9557/35/9402 9560/38/9405
f 9561/35/9406 9562/37/9407 9563/36/9408
f 9562/37/9407 9561/35/9406 9564/38/9409
f 9565/35/9410 9566/36/9411 9567/37/9412
f 9567/37/9412 9568/38/9413 9565/35/9410
f 9569/35/9414 9570/36/9415 9571/37/9416
f 9571/37/9416 9572/38/9417 9569/35/9414
f 9573/35/9418 9574/36/9419 9575/37/9420
f 9575/37/9420 9576/38/9421 9573/35/9418
f 9577/35/9422 9578/37/9423 9579/36/9424
f 9578/37/9423 9577/35/9422 9580/38/9425
f 9581/35/9426 9582/37/9427 9583/36/9428
f 9582/37/9427 9581/35/9426 9584/38/9429
f 9585/35/9430 9586/36/9431 9587/37/9432
f 9587/37/9432 9588/38/9433 9585/35/9430
f 9589/35/9434 9590/37/9435 9591/36/9436
f 9590/37/9435 9589/35/9434 9592/38/9437
f 9593/35/9438 9594/36/9439 9595/37/9440
f 9595/37/9440 9596/38/9441 9593/35/9438
f 9597/35/9442 9598/37/9443 9599/36/9444
f 9598/37/9443 9597/35/9442 9600/38/9445
f 9601/35/9446 9602/37/9447 9603/36/9448
f 9602/37/9447 9601/35/9446 9604/38/9449
f 9605/35/9450 9606/36/9451 9607/37/9452
f 9607/37/9452 9608/38/9453 9605/35/9450
f 9609/35/9454 9610/36/9455 9611/37/9456
f 9611/37/9456 9612/38/9457 9609/35/9454
f 9613/35/9458 9614/36/9459 9615/37/9460
f 9615/37/9460 9616/38/9461 9613/35/9458
f 9617/35/9462 9618/37/9463 9619/36/9464
f 9618/37/9463 9617/35/9462 9620/38/9465
f 9621/35/9466 9622/37/9467 9623/36/9468
f 9622/37/9467 9621/35/9466 9624/38/9469
f 9625/35/9470 9626/36/9471 9627/37/9472
f 9627/37/9472 9628/38/9473 9625/35/9470
f 9629/35/9474 9630/37/9475 9631/36/9476
f 9630/37/9475 9629/35/9474 9632/38/9477
f 9633/35/9478 9634/36/9479 9635/37/9480
f 9635/37/9480 9636/38/9481 9633/35/9478
f 9637/35/9482 9638/37/9483 9639/36/9484
f 9638/37/9483 9637/35/9482 9640/38/9485
f 9641/35/9486 9642/37/9487 9643/36/9488
f 9642/37/9487 9641/35/9486 9644/38/9489
f 9645/35/9490 9646/36/9491 9647/37/9492
f 9647/37/9492 9648/38/9493 9645/35/9490
f 9649/35/9494 9650/36/9495 9651/37/9496
f 9651/37/9496 9652/38/9497 9649/35/9494
f 9653/35/9498 9654/36/9499 9655/37/9500
f 9655/37/9500 9656/38/9501 9653/35/9498
f 9657/35/9502 9658/37/9503 9659/36/9504
f 9658/37/9503 9657/35/9502 9660/38/9505
f 9661/35/9506 9662/37/9507 9663/36/9508
f 9662/37/9507 9661/35/9506 9664/38/9509
f 9665/35/9510 9666/36/9511 9667/37/9512
f 9667/37/9512 9668/38/9513 9665/35/9510
f 9669/35/9514 9670/37/9515 9671/36/9516
f 9670/37/9515 9669/35/9514 9672/38/9517
f 9673/35/9518 9674/36/9519 9675/37/9520
f 9675/37/9520 9676/38/9521 9673/35/9518
f 9677/35/9522 9678/37/9523 9679/36/9524
f 9678/37/9523 9677/35/9522 9680/38/9525
f 9681/35/9526 9682/37/9527 9683/36/9528
f 9682/37/9527 9681/35/9526 9684/38/9529
f 9685/35/9530 9686/36/9531 9687/37/9532
f 9687/37/9532 9688/38/9533 9685/35/9530
f 9689/35/9534 9690/36/9535 9691/37/9536
f 9691/37/9536 9692/38/9537 9689/35/9534
f 9693/35/9538 9694/36/9539 9695/37/9540
f 9695/37/9540 9696/38/9541 9693/35/9538
f 9697/35/9542 9698/37/9543 9699/36/9544
f 9698/37/9543 9697/35/9542 9700/38/9545
f 9701/35/9546 9702/37/9547 9703/36/9548
f 9702/37/9547 9701/35/9546 9704/38/9549
f 9705/35/9550 9706/36/9551 9707/37/9552
f 9707/37/9552 9708/38/9553 9705/35/9550
f 9709/35/9554 9710/37/9555 9711/36/9556
f 9710/37/9555 9709/35/9554 9712/38/9557
f 9713/35/9558 9714/36/9559 9715/37/9560
f 9715/37/9560 9716/38/9561 9713/35/9558
f 9717/35/9562 9718/37/9563 9719/36/9564
f 9718/37/9563 9717/35/9562 9720/38/9565
f 9721/35/9566 9722/37/9567 9723/36/9568
f 9722/37/9567 9721/35/9566 9724/38/9569
f 9725/35/9570 9726/36/9571 9727/37/9572
f 9727/37/9572 9728/38/9573 9725/35/9570
f 9729/35/9574 9730/36/9575 9731/37/9576
f 9731/37/9576 9732/38/9577 9729/35/9574
f 9733/35/9578 9734/36/9579 9735/37/9580
f 9735/37/9580 9736/38/9581 9733/35/9578
f 9737/35/9582 9738/37/9583 9739/36/9584
f 9738/37/9583 9737/35/9582 9740/38/9585
f 9741/35/9586 9742/37/9587 9743/36/9588
f 9742/37/9587 9741/35/9586 9744/38/9589
f 9745/35/9590 9746/36/9591 9747/37/9592
f 9747/37/9592 9748/38/9593 9745/35/9590
f 9749/35/9594 9750/37/9595 9751/36/9596
f 9750/37/9595 9749/35/9594 9752/38/9597
f 9753/35/9598 9754/36/9599 9755/37/9600
f 9755/37/9600 9756/38/9601 9753/35/9598
f 9757/35/9602 9758/37/9603 9759/36/9604
f 9758/37/9603 9757/35/9602 9760/38/9605
f 9761/35/9606 9762/37/9607 9763/36/9608
f 9762/37/9607 9761/35/9606 9764/38/9609
f 9765/35/9610 9766/36/9611 9767/37/9612
f 9767/37/9612 9768/38/9613 9765/35/9610
f 9769/35/9614 9770/36/9615 9771/37/9616
f 9771/37/9616 9772/38/9617 9769/35/9614
f 9773/35/9618 9774/36/9619 9775/37/9620
f 9775/37/9620 9776/38/9621 9773/35/9618
f 9777/35/9622 9778/37/9623 9779/36/9624
f 9778/37/9623 9777/35/9622 9780/38/9625
f 9781/35/9626 9782/37/9627 9783/36/9628
f 9782/37/9627 9781/35/9626 9784/38/9629
f 9785/35/9630 9786/36/9631 9787/37/9632
f 9787/37/9632 9788/38/9633 9785/35/9630
f 9789/35/9634 9790/37/9635 9791/36/9636
f 9790/37/9635 9789/35/9634 9792/38/9637
f 9793/35/9638 9794/36/9639 9795/37/9640
f 9795/37/9640 9796/38/9641 9793/35/9638
f 9797/35/9642 9798/37/9643 9799/36/9644
f 9798/37/9643 9797/35/9642 9800/38/9645
f 9801/35/9646 9802/37/9647 9803/36/9648
f 9802/37/9647 9801/35/9646 9804/38/9649
f 9805/35/9650 9806/36/9651 9807/37/9652
f 9807/37/9652 9808/38/9653 9805/35/9650
f 9809/35/9654 9810/36/9655 9811/37/9656
f 9811/37/9656 9812/38/9657 9809/35/9654
f 9813/35/9658 9814/36/9659 9815/37/9660
f 9815/37/9660 9816/38/9661 9813/35/9658
f 9817/35/9662 9818/37/9663 9819/36/9664
f 9818/37/9663 9817/35/9662 9820/38/9665
f 9821/35/9666 9822/37/9667 9823/36/9668
f 9822/37/9667 9821/35/9666 9824/38/9669
f 9825/35/9670 9826/36/9671 9827/37/9672
f 9827/37/9672 9828/38/9673 9825/35/9670
f 9829/35/9674 9830/37/9675 9831/36/9676
f 9830/37/9675 9829/35/9674 9832/38/9677
f 9833/35/9678 9834/36/9679 9835/37/9680
f 9835/37/9680 9836/38/9681 9833/35/9678
f 9837/35/9682 9838/37/9683 9839/36/9684
f 9838/37/9683 9837/35/9682 9840/38/9685
f 9841/35/9686 9842/37/9687 9843/36/9688
f 9842/37/9687 9841/35/9686 9844/38/9689
f 9845/35/9690 9846/36/9691 9847/37/9692
f 9847/37/9692 9848/38/9693 9845/35/9690
f 9849/35/9694 9850/36/9695 9851/37/9696
f 9851/37/9696 9852/38/9697 9849/35/9694
f 9853/35/9698 9854/36/9699 9855/37/9700
f 9855/37/9700 9856/38/9701 9853/35/9698
f 9857/35/9702 9858/37/9703 9859/36/9704
f 9858/37/9703 9857/35/9702 9860/38/9705
f 9861/35/9706 9862/37/9707 9863/36/9708
f 9862/37/9707 9861/35/9706 9864/38/9709
f 9865/35/9710 9866/36/9711 9867/37/9712
f 9867/37/9712 9868/38/9713 9865/35/9710
f 9869/35/9714 9870/37/9715 9871/36/9716
f 9870/37/9715 9869/35/9714 9872/38/9717
f 9873/35/9718 9874/36/9719 9875/37/9720
f 9875/37/9720 9876/38/9721 9873/35/9718
f 9877/35/9722 9878/37/9723 9879/36/9724
f 9878/37/9723 9877/35/9722 9880/38/9725
f 9881/35/9726 9882/37/9727 9883/36/9728
f 9882/37/9727 9881/35/9726 9884/38/9729
f 9885/35/9730 9886/36/9731 9887/37/9732
f 9887/37/9732 9888/38/9733 9885/35/9730
f 9889/35/9734 9890/36/9735 9891/37/9736
f 9891/37/9736 9892/38/9737 9889/35/9734
f 9893/35/9738 9894/36/9739 9895/37/9740
f 9895/37/9740 9896/38/9741 9893/35/9738
f 9897/35/9742 9898/37/9743 9899/36/9744
f 9898/37/9743 9897/35/9742 9900/38/9745
f 9901/35/9746 9902/37/9747 9903/36/9748
f 9902/37/9747 9901/35/9746 9904/38/9749
f 9905/35/9750 9906/36/9751 9907/37/9752
f 9907/37/9752 9908/38/9753 9905/35/9750
f 9909/35/9754 9910/37/9755 9911/36/9756
f 9910/37/9755 9909/35/9754 9912/38/9757
f 9913/35/9758 9914/36/9759 9915/37/9760
f 9915/37/9760 9916/38/9761 9913/35/9758
f 9917/35/9762 9918/37/9763 9919/36/9764
f 9918/37/9763 9917/35/9762 9920/38/9765
f 9921/35/9766 9922/37/9767 9923/36/9768
f 9922/37/9767 9921/35/9766 9924/38/9769
f 9925/35/9770 9926/36/9771 9927/37/9772
f 9927/37/9772 9928/38/9773 9925/35/9770
f 9929/35/9774 9930/36/9775 9931/37/9776
f 9931/37/9776 9932/38/9777 9929/35/9774
f 9933/35/9778 9934/36/9779 9935/37/9780
f 9935/37/9780 9936/38/9781 9933/35/9778
f 9937/35/9782 9938/37/9783 9939/36/9784
f 9938/37/9783 9937/35/9782 9940/38/9785
f 9941/35/9786 9942/37/9787 9943/36/9788
f 9942/37/9787 9941/35/9786 9944/38/9789
f 9945/35/9790 9946/36/9791 9947/37/9792
f 9947/37/9792 9948/38/9793 9945/35/9790
f 9949/35/9794 9950/37/9795 9951/36/9796
f 9950/37/9795 9949/35/9794 9952/38/9797
f 9953/35/9798 9954/36/9799 9955/37/9800
f 9955/37/9800 9956/38/9801 9953/35/9798
f 9957/35/9802 9958/37/9803 9959/36/9804
f 9958/37/9803 9957/35/9802 9960/38/9805
f 9961/35/9806 9962/37/9807 9963/36/9808
f 9962/37/9807 9961/35/9806 9964/38/9809
f 9965/35/9810 9966/36/9811 9967/37/9812
f 9967/37/9812 9968/38/9813 9965/35/9810
f 9969/35/9814 9970/36/9815 9971/37/9816
f 9971/37/9816 9972/38/9817 9969/35/9814
f 9973/35/9818 9974/36/9819 9975/37/9820
f 9975/37/9820 9976/38/9821 9973/35/9818
f 9977/35/9822 9978/37/9823 9979/36/9824
f 9978/37/9823 9977/35/9822 9980/38/9825
f 9981/35/9826 9982/37/9827 9983/36/9828
f 9982/37/9827 9981/35/9826 9984/38/9829
f 9985/35/9830 9986/36/9831 9987/37/9832
f 9987/37/9832 9988/38/9833 9985/35/9830
f 9989/35/9834 9990/37/9835 9991/36/9836
f 9990/37/9835 9989/35/9834 9992/38/9837
f 9993/35/9838 9994/36/9839 9995/37/9840
f 9995/37/9840 9996/38/9841 9993/35/9838
f 9997/35/9842 9998/37/9843 9999/36/9844
f 9998/37/9843 9997/35/9842 10000/38/9845
f 10001/35/9846 10002/37/9847 10003/36/9848
f 10002/37/9847 10001/35/9846 10004/38/9849
f 10005/35/9850 10006/36/9851 10007/37/9852
f 10007/37/9852 10008/38/9853 10005/35/9850
f 10009/35/9854 10010/36/9855 10011/37/9856
f 10011/37/9856 10012/38/9857 10009/35/9854
f 10013/35/9858 10014/36/9859 10015/37/9860
f 10015/37/9860 10016/38/9861 10013/35/9858
f 10017/35/9862 10018/37/9863 10019/36/9864
f 10018/37/9863 10017/35/9862 10020/38/9865
f 10021/35/9866 10022/37/9867 10023/36/9868
f 10022/37/9867 10021/35/9866 10024/38/9869
f 10025/35/9870 10026/36/9871 10027/37/9872
f 10027/37/9872 10028/38/9873 10025/35/9870
f 10029/35/9874 10030/37/9875 10031/36/9876
f 10030/37/9875 10029/35/9874 10032/38/9877
f 10033/35/9878 10034/36/9879 10035/37/9880
f 10035/37/9880 10036/38/9881 10033/35/9878
f 10037/35/9882 10038/37/9883 10039/36/9884
f 10038/37/9883 10037/35/9882 10040/38/9885
f 10041/35/9886 10042/37/9887 10043/36/9888
f 10042/37/9887 10041/35/9886 10044/38/9889
f 10045/35/9890 10046/36/9891 10047/37/9892
f 10047/37/9892 10048/38/9893 10045/35/9890
f 10049/35/9894 10050/36/9895 10051/37/9896
f 10051/37/9896 10052/38/9897 10049/35/9894
f 10053/35/9898 10054/36/9899 10055/37/9900
f 10055/37/9900 10056/38/9901 10053/35/9898
f 10057/35/9902 10058/37/9903 10059/36/9904
f 10058/37/9903 10057/35/9902 10060/38/9905
f 10061/35/9906 10062/37/9907 10063/36/9908
f 10062/37/9907 10061/35/9906 10064/38/9909
f 10065/35/9910 10066/36/9911 10067/37/9912
f 10067/37/9912 10068/38/9913 10065/35/9910
f 10069/35/9914 10070/37/9915 10071/36/9916
f 10070/37/9915 10069/35/9914 10072/38/9917
f 10073/35/9918 10074/36/9919 10075/37/9920
f 10075/37/9920 10076/38/9921 10073/35/9918
f 10077/35/9922 10078/37/9923 10079/36/9924
f 10078/37/9923 10077/35/9922 10080/38/9925
f 10081/35/9926 10082/37/9927 10083/36/9928
f 10082/37/9927 10081/35/9926 10084/38/9929
f 10085/35/9930 10086/36/9931 10087/37/9932
f 10087/37/9932 10088/38/9933 10085/35/9930
f 10089/35/9934 10090/36/9935 10091/37/9936
f 10091/37/9936 10092/38/9937 10089/35/9934
f 10093/35/9938 10094/36/9939 10095/37/9940
f 10095/37/9940 10096/38/9941 10093/35/9938
f 10097/35/9942 10098/37/9943 10099/36/9944
f 10098/37/9943 10097/35/9942 10100/38/9945
f 10101/35/9946 10102/37/9947 10103/36/9948
f 10102/37/9947 10101/35/9946 10104/38/9949
f 10105/35/9950 10106/36/9951 10107/37/9952
f 10107/37/9952 10108/38/9953 10105/35/9950
f 10109/35/9954 10110/37/9955 10111/36/9956
f 10110/37/9955 10109/35/9954 10112/38/9957
f 10113/35/9958 10114/36/9959 10115/37/9960
f 10115/37/9960 10116/38/9961 10113/35/9958
f 10117/35/9962 10118/37/9963 10119/36/9964
f 10118/37/9963 10117/35/9962 10120/38/9965
f 10121/35/9966 10122/37/9967 10123/36/9968
f 10122/37/9967 10121/35/9966 10124/38/9969
f 10125/35/9970 10126/36/9971 10127/37/9972
f 10127/37/9972 10128/38/9973 10125/35/9970
f 10129/35/9974 10130/36/9975 10131/37/9976
f 10131/37/9976 10132/38/9977 10129/35/9974
f 10133/35/9978 10134/36/9979 10135/37/9980
f 10135/37/9980 10136/38/9981 10133/35/9978
f 10137/35/9982 10138/37/9983 10139/36/9984
f 10138/37/9983 10137/35/9982 10140/38/9985
f 10141/35/9986 10142/37/9987 10143/36/9988
f 10142/37/9987 10141/35/9986 10144/38/9989
f 10145/35/9990 10146/36/9991 10147/37/9992
f 10147/37/9992 10148/38/9993 10145/35/9990
f 10149/35/9994 10150/37/9995 10151/36/9996
f 10150/37/9995 10149/35/9994 10152/38/9997
f 10153/35/9998 10154/36/9999 10155/37/10000
f 10155/37/10000 10156/38/10001 10153/35/9998
f 10157/35/10002 10158/37/10003 10159/36/10004
f 10158/37/10003 10157/35/10002 10160/38/10005
f 10161/35/10006 10162/37/10007 10163/36/10008
f 10162/37/10007 10161/35/10006 10164/38/10009
f 10165/35/10010 10166/36/10011 10167/37/10012
f 10167/37/10012 10168/38/10013 10165/35/10010
f 10169/35/10014 10170/36/10015 10171/37/10016
f 10171/37/10016 10172/38/10017 10169/35/10014
f 10173/35/10018 10174/36/10019 10175/37/10020
f 10175/37/10020 10176/38/10021 10173/35/10018
f 10177/35/10022 10178/37/10023 10179/36/10024
f 10178/37/10023 10177/35/10022 10180/38/10025
f 10181/35/10026 10182/37/10027 10183/36/10028
f 10182/37/10027 10181/35/10026 10184/38/10029
f 10185/35/10030 10186/36/10031 10187/37/10032
f 10187/37/10032 10188/38/10033 10185/35/10030
f 10189/35/10034 10190/37/10035 10191/36/10036
f 10190/37/10035 10189/35/10034 10192/38/10037
f 10193/35/10038 10194/36/10039 10195/37/10040
f 10195/37/10040 10196/38/10041 10193/35/10038
f 10197/35/10042 10198/37/10043 10199/36/10044
f 10198/37/10043 10197/35/10042 10200/38/10045
f 10201/35/10046 10202/37/10047 10203/36/10048
f 10202/37/10047 10201/35/10046 10204/38/10049
f 10205/35/10050 10206/36/10051 10207/37/10052
f 10207/37/10052 10208/38/10053 10205/35/10050
f 10209/35/10054 10210/36/10055 10211/37/10056
f 10211/37/10056 10212/38/10057 10209/35/10054
f 10213/35/10058 10214/36/10059 10215/37/10060
f 10215/37/10060 10216/38/10061 10213/35/10058
f 10217/35/10062 10218/37/10063 10219/36/10064
f 10218/37/10063 10217/35/10062 10220/38/10065
f 10221/35/10066 10222/37/10067 10223/36/10068
f 10222/37/10067 10221/35/10066 10224/38/10069
f 10225/35/10070 10226/36/10071 10227/37/10072
f 10227/37/10072 10228/38/10073 10225/35/10070
f 10229/35/10074 10230/37/10075 10231/36/10076
f 10230/37/10075 10229/35/10074 10232/38/10077
f 10233/35/10078 10234/36/10079 10235/37/10080
f 10235/37/10080 10236/38/10081 10233/35/10078
f 10237/35/10082 10238/37/10083 10239/36/10084
f 10238/37/10083 10237/35/10082 10240/38/10085
f 10241/35/10086 10242/37/10087 10243/36/10088
f 10242/37/10087 10241/35/10086 10244/38/10089
f 10245/35/10090 10246/36/10091 10247/37/10092
f 10247/37/10092 10248/38/10093 10245/35/10090
f 10249/35/10094 10250/36/10095 10251/37/10096
f 10251/37/10096 10252/38/10097 10249/35/10094
f 10253/35/10098 10254/36/10099 10255/37/10100
f 10255/37/10100 10256/38/10101 10253/35/10098
f 10257/35/10102 10258/37/10103 10259/36/10104
f 10258/37/10103 10257/35/10102 10260/38/10105
f 10261/35/10106 10262/37/10107 10263/36/10108
f 10262/37/10107 10261/35/10106 10264/38/10109
f 10265/35/10110 10266/36/10111 10267/37/10112
f 10267/37/10112 10268/38/10113 10265/35/10110
f 10269/35/10114 10270/37/10115 10271/36/10116
f 10270/37/10115 10269/35/10114 10272/38/10117
f 10273/35/10118 10274/36/10119 10275/37/10120
f 10275/37/10120 10276/38/10121 10273/35/10118
f 10277/35/10122 10278/37/10123 10279/36/10124
f 10278/37/10123 10277/35/10122 10280/38/10125
f 10281/35/10126 10282/37/10127 10283/36/10128
f 10282/37/10127 10281/35/10126 10284/38/10129
f 10285/35/10130 10286/36/10131 10287/37/10132
f 10287/37/10132 10288/38/10133 10285/35/10130
f 10289/35/10134 10290/36/10135 10291/37/10136
f 10291/37/10136 10292/38/10137 10289/35/10134
f 10293/35/10138 10294/36/10139 10295/37/10140
f 10295/37/10140 10296/38/10141 10293/35/10138
f 10297/35/10142 10298/37/10143 10299/36/10144
f 10298/37/10143 10297/35/10142 10300/38/10145
f 10301/35/10146 10302/37/10147 10303/36/10148
f 10302/37/10147 10301/35/10146 10304/38/10149
f 10305/35/10150 10306/36/10151 10307/37/10152
f 10307/37/10152 10308/38/10153 10305/35/10150
f 10309/35/10154 10310/37/10155 10311/36/10156
f 10310/37/10155 10309/35/10154 10312/38/10157
f 10313/35/10158 10314/36/10159 10315/37/10160
f 10315/37/10160 10316/38/10161 10313/35/10158
f 10317/35/10162 10318/37/10163 10319/36/10164
f 10318/37/10163 10317/35/10162 10320/38/10165
f 10321/35/10166 10322/37/10167 10323/36/10168
f 10322/37/10167 10321/35/10166 10324/38/10169
f 10325/35/10170 10326/36/10171 10327/37/10172
f 10327/37/10172 10328/38/10173 10325/35/10170
f 10329/35/10174 10330/36/10175 10331/37/10176
f 10331/37/10176 10332/38/10177 10329/35/10174
f 10333/35/10178 10334/36/10179 10335/37/10180
f 10335/37/10180 10336/38/10181 10333/35/10178
f 10337/35/10182 10338/37/10183 10339/36/10184
f 10338/37/10183 10337/35/10182 10340/38/10185
f 10341/35/10186 10342/37/10187 10343/36/10188
f 10342/37/10187 10341/35/10186 10344/38/10189
f 10345/35/10190 10346/36/10191 10347/37/10192
f 10347/37/10192 10348/38/10193 10345/35/10190
f 10349/35/10194 10350/37/10195 10351/36/10196
f 10350/37/10195 10349/35/10194 10352/38/10197
f 10353/35/10198 10354/36/10199 10355/37/10200
f 10355/37/10200 10356/38/10201 10353/35/10198
f 10357/35/10202 10358/37/10203 10359/36/10204
f 10358/37/10203 10357/35/10202 10360/38/10205
f 10361/35/10206 10362/37/10207 10363/36/10208
f 10362/37/10207 10361/35/10206 10364/38/10209
f 10365/35/10210 10366/36/10211 10367/37/10212
f 10367/37/10212 10368/38/10213 10365/35/10210
f 10369/35/10214 10370/36/10215 10371/37/10216
f 10371/37/10216 10372/38/10217 10369/35/10214
f 10373/35/10218 10374/36/10219 10375/37/10220
f 10375/37/10220 10376/38/10221 10373/35/10218
f 10377/35/10222 10378/37/10223 10379/36/10224
f 10378/37/10223 10377/35/10222 10380/38/10225
f 10381/35/10226 10382/37/10227 10383/36/10228
f 10382/37/10227 10381/35/10226 10384/38/10229
f 10385/35/10230 10386/36/10231 10387/37/10232
f 10387/37/10232 10388/38/10233 10385/35/10230
f 10389/35/10234 10390/37/10235 10391/36/10236
f 10390/37/10235 10389/35/10234 10392/38/10237
f 10393/35/10238 10394/36/10239 10395/37/10240
f 10395/37/10240 10396/38/10241 10393/35/10238
f 10397/35/10242 10398/37/10243 10399/36/10244
f 10398/37/10243 10397/35/10242 10400/38/10245
f 10401/35/10246 10402/37/10247 10403/36/10248
f 10402/37/10247 10401/35/10246 10404/38/10249
f 10405/35/10250 10406/36/10251 10407/37/10252
f 10407/37/10252 10408/38/10253 10405/35/10250
f 10409/35/10254 10410/36/10255 10411/37/10256
f 10411/37/10256 10412/38/10257 10409/35/10254
f 10413/35/10258 10414/36/10259 10415/37/10260
f 10415/37/10260 10416/38/10261 10413/35/10258
f 10417/35/10262 10418/37/10263 10419/36/10264
f 10418/37/10263 10417/35/10262 10420/38/10265
f 10421/35/10266 10422/37/10267 10423/36/10268
f 10422/37/10267 10421/35/10266 10424/38/10269
f 10425/35/10270 10426/36/10271 10427/37/10272
f 10427/37/10272 10428/38/10273 10425/35/10270
f 10429/35/10274 10430/37/10275 10431/36/10276
f 10430/37/10275 10429/35/10274 10432/38/10277
f 10433/35/10278 10434/36/10279 10435/37/10280
f 10435/37/10280 10436/38/10281 10433/35/10278
f 10437/35/10282 10438/37/10283 10439/36/10284
f 10438/37/10283 10437/35/10282 10440/38/10285
f 10441/35/10286 10442/37/10287 10443/36/10288
f 10442/37/10287 10441/35/10286 10444/38/10289
f 10445/35/10290 10446/36/10291 10447/37/10292
f 10447/37/10292 10448/38/10293 10445/35/10290
f 10449/35/10294 10450/36/10295 10451/37/10296
f 10451/37/10296 10452/38/10297 10449/35/10294
f 10453/35/10298 10454/36/10299 10455/37/10300
f 10455/37/10300 10456/38/10301 10453/35/10298
f 10457/35/10302 10458/37/10303 10459/36/10304
f 10458/37/10303 10457/35/10302 10460/38/10305
f 10461/35/10306 10462/37/10307 10463/36/10308
f 10462/37/10307 10461/35/10306 10464/38/10309
f 10465/35/10310 10466/36/10311 10467/37/10312
f 10467/37/10312 10468/38/10313 10465/35/10310
f 10469/35/10314 10470/37/10315 10471/36/10316
f 10470/37/10315 10469/35/10314 10472/38/10317
f 10473/35/10318 10474/36/10319 10475/37/10320
f 10475/37/10320 10476/38/10321 10473/35/10318
f 10477/35/10322 10478/37/10323 10479/36/10324
f 10478/37/10323 10477/35/10322 10480/38/10325
f 10481/35/10326 10482/37/10327 10483/36/10328
f 10482/37/10327 10481/35/10326 10484/38/10329
f 10485/35/10330 10486/36/10331 10487/37/10332
f 10487/37/10332 10488/38/10333 10485/35/10330
f 10489/35/10334 10490/36/10335 10491/37/10336
f 10491/37/10336 10492/38/10337 10489/35/10334
f 10493/35/10338 10494/36/10339 10495/37/10340
f 10495/37/10340 10496/38/10341 10493/35/10338
f 10497/35/10342 10498/37/10343 10499/36/10344
f 10498/37/10343 10497/35/10342 10500/38/10345
f 10501/35/10346 10502/37/10347 10503/36/10348
f 10502/37/10347 10501/35/10346 10504/38/10349
f 10505/35/10350 10506/36/10351 10507/37/10352
f 10507/37/10352 10508/38/10353 10505/35/10350
f 10509/35/10354 10510/37/10355 10511/36/10356
f 10510/37/10355 10509/35/10354 10512/38/10357
f 10513/35/10358 10514/36/10359 10515/37/10360
f 10515/37/10360 10516/38/10361 10513/35/10358
f 10517/35/10362 10518/37/10363 10519/36/10364
f 10518/37/10363 10517/35/10362 10520/38/10365
f 10521/35/10366 10522/37/10367 10523/36/10368
f 10522/37/10367 10521/35/10366 10524/38/10369
f 10525/35/10370 10526/36/10371 10527/37/10372
f 10527/37/10372 10528/38/10373 10525/35/10370
f 10529/35/10374 10530/36/10375 10531/37/10376
f 10531/37/10376 10532/38/10377 10529/35/10374
f 10533/35/10378 10534/36/10379 10535/37/10380
f 10535/37/10380 10536/38/10381 10533/35/10378
f 10537/35/10382 10538/37/10383 10539/36/10384
f 10538/37/10383 10537/35/10382 10540/38/10385
f 10541/35/10386 10542/37/10387 10543/36/10388
f 10542/37/10387 10541/35/10386 10544/38/10389
f 10545/35/10390 10546/36/10391 10547/37/10392
f 10547/37/10392 10548/38/10393 10545/35/10390
f 10549/35/10394 10550/37/10395 10551/36/10396
f 10550/37/10395 10549/35/10394 10552/38/10397
f 10553/35/10398 10554/36/10399 10555/37/10400
f 10555/37/10400 10556/38/10401 10553/35/10398
f 10557/35/10402 10558/37/10403 10559/36/10404
f 10558/37/10403 10557/35/10402 10560/38/10405
f 10561/35/10406 10562/37/10407 10563/36/10408
f 10562/37/10407 10561/35/10406 10564/38/10409
f 10565/35/10410 10566/36/10411 10567/37/10412
f 10567/37/10412 10568/38/10413 10565/35/10410
f 10569/35/10414 10570/36/10415 10571/37/10416
f 10571/37/10416 10572/38/10417 10569/35/10414
f 10573/35/10418 10574/36/10419 10575/37/10420
f 10575/37/10420 10576/38/10421 10573/35/10418
f 10577/35/10422 10578/37/10423 10579/36/10424
f 10578/37/10423 10577/35/10422 10580/38/10425
f 10581/35/10426 10582/37/10427 10583/36/10428
f 10582/37/10427 10581/35/10426 10584/38/10429
f 10585/35/10430 10586/36/10431 10587/37/10432
f 10587/37/10432 10588/38/10433 10585/35/10430
f 10589/35/10434 10590/37/10435 10591/36/10436
f 10590/37/10435 10589/35/10434 10592/38/10437
f 10593/35/10438 10594/36/10439 10595/37/10440
f 10595/37/10440 10596/38/10441 10593/35/10438
f 10597/35/10442 10598/37/10443 10599/36/10444
f 10598/37/10443 10597/35/10442 10600/38/10445
f 10601/35/10446 10602/37/10447 10603/36/10448
f 10602/37/10447 10601/35/10446 10604/38/10449
f 10605/35/10450 10606/36/10451 10607/37/10452
f 10607/37/10452 10608/38/10453 10605/35/10450
f 10609/35/10454 10610/36/10455 10611/37/10456
f 10611/37/10456 10612/38/10457 10609/35/10454
f 10613/35/10458 10614/36/10459 10615/37/10460
f 10615/37/10460 10616/38/10461 10613/35/10458
f 10617/35/10462 10618/37/10463 10619/36/10464
f 10618/37/10463 10617/35/10462 10620/38/10465
f 10621/35/10466 10622/37/10467 10623/36/10468
f 10622/37/10467 10621/35/10466 10624/38/10469
f 10625/35/10470 10626/36/10471 10627/37/10472
f 10627/37/10472 10628/38/10473 10625/35/10470
f 10629/35/10474 10630/37/10475 10631/36/10476
f 10630/37/10475 10629/35/10474 10632/38/10477
f 10633/35/10478 10634/36/10479 10635/37/10480
f 10635/37/10480 10636/38/10481 10633/35/10478
f 10637/35/10482 10638/37/10483 10639/36/10484
f 10638/37/10483 10637/35/10482 10640/38/10485
f 10641/35/10486 10642/37/10487 10643/36/10488
f 10642/37/10487 10641/35/10486 10644/38/10489
f 10645/35/10490 10646/36/10491 10647/37/10492
f 10647/37/10492 10648/38/10493 10645/35/10490
f 10649/35/10494 10650/36/10495 10651/37/10496
f 10651/37/10496 10652/38/10497 10649/35/10494
f 10653/35/10498 10654/36/10499 10655/37/10500
f 10655/37/10500 10656/38/10501 10653/35/10498
f 10657/35/10502 10658/37/10503 10659/36/10504
f 10658/37/10503 10657/35/10502 10660/38/10505
f 10661/35/10506 10662/37/10507 10663/36/10508
f 10662/37/10507 10661/35/10506 10664/38/10509
f 10665/35/10510 10666/36/10511 10667/37/10512
f 10667/37/10512 10668/38/10513 10665/35/10510
f 10669/35/10514 10670/37/10515 10671/36/10516
f 10670/37/10515 10669/35/10514 10672/38/10517
f 10673/35/10518 10674/36/10519 10675/37/10520
f 10675/37/10520 10676/38/10521 10673/35/10518
f 10677/35/10522 10678/37/10523 10679/36/10524
f 10678/37/10523 10677/35/10522 10680/38/10525
f 10681/35/10526 10682/37/10527 10683/36/10528
f 10682/37/10527 10681/35/10526 10684/38/10529
f 10685/35/10530 10686/36/10531 10687/37/10532
f 10687/37/10532 10688/38/10533 10685/35/10530
f 10689/35/10534 10690/36/10535 10691/37/10536
f 10691/37/10536 10692/38/10537 10689/35/10534
f 10693/35/10538 10694/36/10539 10695/37/10540
f 10695/37/10540 10696/38/10541 10693/35/10538
f 10697/35/10542 10698/37/10543 10699/36/10544
f 10698/37/10543 10697/35/10542 10700/38/10545
f 10701/35/10546 10702/37/10547 10703/36/10548
f 10702/37/10547 10701/35/10546 10704/38/10549
f 10705/35/10550 10706/36/10551 10707/37/10552
f 10707/37/10552 10708/38/10553 10705/35/10550
f 10709/35/10554 10710/37/10555 10711/36/10556
f 10710/37/10555 10709/35/10554 10712/38/10557
f 10713/35/10558 10714/36/10559 10715/37/10560
f 10715/37/10560 10716/38/10561 10713/35/10558
f 10717/35/10562 10718/37/10563 10719/36/10564
f 10718/37/10563 10717/35/10562 10720/38/10565
f 10721/35/10566 10722/37/10567 10723/36/10568
f 10722/37/10567 10721/35/10566 10724/38/10569
f 10725/35/10570 10726/36/10571 10727/37/10572
f 10727/37/10572 10728/38/10573 10725/35/10570
f 10729/35/10574 10730/36/10575 10731/37/10576
f 10731/37/10576 10732/38/10577 10729/35/10574
f 10733/35/10578 10734/36/10579 10735/37/10580
f 10735/37/10580 10736/38/10581 10733/35/10578
f 10737/35/10582 10738/37/10583 10739/36/10584
f 10738/37/10583 10737/35/10582 10740/38/10585
f 10741/35/10586 10742/37/10587 10743/36/10588
f 10742/37/10587 10741/35/10586 10744/38/10589
f 10745/35/10590 10746/36/10591 10747/37/10592
f 10747/37/10592 10748/38/10593 10745/35/10590
f 10749/35/10594 10750/37/10595 10751/36/10596
f 10750/37/10595 10749/35/10594 10752/38/10597
f 10753/35/10598 10754/36/10599 10755/37/10600
f 10755/37/10600 10756/38/10601 10753/35/10598
f 10757/35/10602 10758/37/10603 10759/36/10604
f 10758/37/10603 10757/35/10602 10760/38/10605
f 10761/35/10606 10762/37/10607 10763/36/10608
f 10762/37/10607 10761/35/10606 10764/38/10609
f 10765/35/10610 10766/36/10611 10767/37/10612
f 10767/37/10612 10768/38/10613 10765/35/10610
f 10769/35/10614 10770/36/10615 10771/37/10616
f 10771/37/10616 10772/38/10617 10769/35/10614
f 10773/35/10618 10774/36/10619 10775/37/10620
f 10775/37/10620 10776/38/10621 10773/35/10618
f 10777/35/10622 10778/37/10623 10779/36/10624
f 10778/37/10623 10777/35/10622 10780/38/10625
f 10781/35/10626 10782/37/10627 10783/36/10628
f 10782/37/10627 10781/35/10626 10784/38/10629
f 10785/35/10630 10786/36/10631 10787/37/10632
f 10787/37/10632 10788/38/10633 10785/35/10630
f 10789/35/10634 10790/37/10635 10791/36/10636
f 10790/37/10635 10789/35/10634 10792/38/10637
f 10793/35/10638 10794/36/10639 10795/37/10640
f 10795/37/10640 10796/38/10641 10793/35/10638
f 10797/35/10642 10798/37/10643 10799/36/10644
f 10798/37/10643 10797/35/10642 10800/38/10645
f 10801/35/10646 10802/37/10647 10803/36/10648
f 10802/37/10647 10801/35/10646 10804/38/10649
f 10805/35/10650 10806/36/10651 10807/37/10652
f 10807/37/10652 10808/38/10653 10805/35/10650
f 10809/35/10654 10810/36/10655 10811/37/10656
f 10811/37/10656 10812/38/10657 10809/35/10654
f 10813/35/10658 10814/36/10659 10815/37/10660
f 10815/37/10660 10816/38/10661 10813/35/10658
f 10817/35/10662 10818/37/10663 10819/36/10664
f 10818/37/10663 10817/35/10662 10820/38/10665
f 10821/35/10666 10822/37/10667 10823/36/10668
f 10822/37/10667 10821/35/10666 10824/38/10669
f 10825/35/10670 10826/36/10671 10827/37/10672
f 10827/37/10672 10828/38/10673 10825/35/10670
f 10829/35/10674 10830/37/10675 10831/36/10676
f 10830/37/10675 10829/35/10674 10832/38/10677
f 10833/35/10678 10834/36/10679 10835/37/10680
f 10835/37/10680 10836/38/10681 10833/35/10678
f 10837/35/10682 10838/37/10683 10839/36/10684
f 10838/37/10683 10837/35/10682 10840/38/10685
f 10841/35/10686 10842/37/10687 10843/36/10688
f 10842/37/10687 10841/35/10686 10844/38/10689
f 10845/35/10690 10846/36/10691 10847/37/10692
f 10847/37/10692 10848/38/10693 10845/35/10690
f 10849/35/10694 10850/36/10695 10851/37/10696
f 10851/37/10696 10852/38/10697 10849/35/10694
f 10853/35/10698 10854/36/10699 10855/37/10700
f 10855/37/10700 10856/38/10701 10853/35/10698
f 10857/35/10702 10858/37/10703 10859/36/10704
f 10858/37/10703 10857/35/10702 10860/38/10705
f 10861/35/10706 10862/37/10707 10863/36/10708
f 10862/37/10707 10861/35/10706 10864/38/10709
f 10865/35/10710 10866/36/10711 10867/37/10712
f 10867/37/10712 10868/38/10713 10865/35/10710
f 10869/35/10714 10870/37/10715 10871/36/10716
f 10870/37/10715 10869/35/10714 10872/38/10717
f 10873/35/10718 10874/36/10719 10875/37/10720
f 10875/37/10720 10876/38/10721 10873/35/10718
f 10877/35/10722 10878/37/10723 10879/36/10724
f 10878/37/10723 10877/35/10722 10880/38/10725
f 10881/35/10726 10882/37/10727 10883/36/10728
f 10882/37/10727 10881/35/10726 10884/38/10729
f 10885/35/10730 10886/36/10731 10887/37/10732
f 10887/37/10732 10888/38/10733 10885/35/10730
f 10889/35/10734 10890/36/10735 10891/37/10736
f 10891/37/10736 10892/38/10737 10889/35/10734
f 10893/35/10738 10894/36/10739 10895/37/10740
f 10895/37/10740 10896/38/10741 10893/35/10738
f 10897/35/10742 10898/37/10743 10899/36/10744
f 10898/37/10743 10897/35/10742 10900/38/10745
f 10901/35/10746 10902/37/10747 10903/36/10748
f 10902/37/10747 10901/35/10746 10904/38/10749
f 10905/35/10750 10906/36/10751 10907/37/10752
f 10907/37/10752 10908/38/10753 10905/35/10750
f 10909/35/10754 10910/37/10755 10911/36/10756
f 10910/37/10755 10909/35/10754 10912/38/10757
f 10913/35/10758 10914/36/10759 10915/37/10760
f 10915/37/10760 10916/38/10761 10913/35/10758
f 10917/35/10762 10918/37/10763 10919/36/10764
f 10918/37/10763 10917/35/10762 10920/38/10765
f 10921/35/10766 10922/37/10767 10923/36/10768
f 10922/37/10767 10921/35/10766 10924/38/10769
f 10925/35/10770 10926/36/10771 10927/37/10772
f 10927/37/10772 10928/38/10773 10925/35/10770
f 10929/35/10774 10930/36/10775 10931/37/10776
f 10931/37/10776 10932/38/10777 10929/35/10774
f 10933/35/10778 10934/36/10779 10935/37/10780
f 10935/37/10780 10936/38/10781 10933/35/10778
f 10937/35/10782 10938/37/10783 10939/36/10784
f 10938/37/10783 10937/35/10782 10940/38/10785
f 10941/35/10786 10942/37/10787 10943/36/10788
f 10942/37/10787 10941/35/10786 10944/38/10789
f 10945/35/10790 10946/36/10791 10947/37/10792
f 10947/37/10792 10948/38/10793 10945/35/10790
f 10949/35/10794 10950/37/10795 10951/36/10796
f 10950/37/10795 10949/35/10794 10952/38/10797
f 10953/35/10798 10954/36/10799 10955/37/10800
f 10955/37/10800 10956/38/10801 10953/35/10798
f 10957/35/10802 10958/37/10803 10959/36/10804
f 10958/37/10803 10957/35/10802 10960/38/10805
f 10961/35/10806 10962/37/10807 10963/36/10808
f 10962/37/10807 10961/35/10806 10964/38/10809
f 10965/35/10810 10966/36/10811 10967/37/10812
f 10967/37/10812 10968/38/10813 10965/35/10810
f 10969/35/10814 10970/36/10815 10971/37/10816
f 10971/37/10816 10972/38/10817 10969/35/10814
f 10973/35/10818 10974/36/10819 10975/37/10820
f 10975/37/10820 10976/38/10821 10973/35/10818
f 10977/35/10822 10978/37/10823 10979/36/10824
f 10978/37/10823 10977/35/10822 10980/38/10825
f 10981/35/10826 10982/37/10827 10983/36/10828
f 10982/37/10827 10981/35/10826 10984/38/10829
f 10985/35/10830 10986/36/10831 10987/37/10832
f 10987/37/10832 10988/38/10833 10985/35/10830
f 10989/35/10834 10990/37/10835 10991/36/10836
f 10990/37/10835 10989/35/10834 10992/38/10837
f 10993/35/10838 10994/36/10839 10995/37/10840
f 10995/37/10840 10996/38/10841 10993/35/10838
f 10997/35/10842 10998/37/10843 10999/36/10844
f 10998/37/10843 10997/35/10842 11000/38/10845
f 11001/35/10846 11002/37/10847 11003/36/10848
f 11002/37/10847 11001/35/10846 11004/38/10849
f 11005/35/10850 11006/36/10851 11007/37/10852
f 11007/37/10852 11008/38/10853 11005/35/10850
f 11009/35/10854 11010/36/10855 11011/37/10856
f 11011/37/10856 11012/38/10857 11009/35/10854
f 11013/35/10858 11014/36/10859 11015/37/10860
f 11015/37/10860 11016/38/10861 11013/35/10858
f 11017/35/10862 11018/37/10863 11019/36/10864
f 11018/37/10863 11017/35/10862 11020/38/10865
f 11021/35/10866 11022/37/10867 11023/36/10868
f 11022/37/10867 11021/35/10866 11024/38/10869
f 11025/35/10870 11026/36/10871 11027/37/10872
f 11027/37/10872 11028/38/10873 11025/35/10870
f 11029/35/10874 11030/37/10875 11031/36/10876
f 11030/37/10875 11029/35/10874 11032/38/10877
f 11033/35/10878 11034/36/10879 11035/37/10880
f 11035/37/10880 11036/38/10881 11033/35/10878
f 11037/35/10882 11038/37/10883 11039/36/10884
f 11038/37/10883 11037/35/10882 11040/38/10885
f 11041/35/10886 11042/37/10887 11043/36/10888
f 11042/37/10887 11041/35/10886 11044/38/10889
f 11045/35/10890 11046/36/10891 11047/37/10892
f 11047/37/10892 11048/38/10893 11045/35/10890
f 11049/35/10894 11050/36/10895 11051/37/10896
f 11051/37/10896 11052/38/10897 11049/35/10894
f 11053/35/10898 11054/36/10899 11055/37/10900
f 11055/37/10900 11056/38/10901 11053/35/10898
f 11057/35/10902 11058/37/10903 11059/36/10904
f 11058/37/10903 11057/35/10902 11060/38/10905
f 11061/35/10906 11062/37/10907 11063/36/10908
f 11062/37/10907 11061/35/10906 11064/38/10909
f 11065/35/10910 11066/36/10911 11067/37/10912
f 11067/37/10912 11068/38/10913 11065/35/10910
f 11069/35/10914 11070/37/10915 11071/36/10916
f 11070/37/10915 11069/35/10914 11072/38/10917
f 11073/35/10918 11074/36/10919 11075/37/10920
f 11075/37/10920 11076/38/10921 11073/35/10918
f 11077/35/10922 11078/37/10923 11079/36/10924
f 11078/37/10923 11077/35/10922 11080/38/10925
f 11081/35/10926 11082/37/10927 11083/36/10928
f 11082/37/10927 11081/35/10926 11084/38/10929
f 11085/35/10930 11086/36/10931 11087/37/10932
f 11087/37/10932 11088/38/10933 11085/35/10930
f 11089/35/10934 11090/36/10935 11091/37/10936
f 11091/37/10936 11092/38/10937 11089/35/10934
f 11093/35/10938 11094/36/10939 11095/37/10940
f 11095/37/10940 11096/38/10941 11093/35/10938
f 11097/35/10942 11098/37/10943 11099/36/10944
f 11098/37/10943 11097/35/10942 11100/38/10945
f 11101/35/10946 11102/37/10947 11103/36/10948
f 11102/37/10947 11101/35/10946 11104/38/10949
f 11105/35/10950 11106/36/10951 11107/37/10952
f 11107/37/10952 11108/38/10953 11105/35/10950
f 11109/35/10954 11110/37/10955 11111/36/10956
f 11110/37/10955 11109/35/10954 11112/38/10957
f 11113/35/10958 11114/36/10959 11115/37/10960
f 11115/37/10960 11116/38/10961 11113/35/10958
f 11117/35/10962 11118/37/10963 11119/36/10964
f 11118/37/10963 11117/35/10962 11120/38/10965
f 11121/35/10966 11122/37/10967 11123/36/10968
f 11122/37/10967 11121/35/10966 11124/38/10969
f 11125/35/10970 11126/36/10971 11127/37/10972
f 11127/37/10972 11128/38/10973 11125/35/10970
f 11129/35/10974 11130/36/10975 11131/37/10976
f 11131/37/10976 11132/38/10977 11129/35/10974
f 11133/1/1 11134/2/10978 11135/3/10979
f 11136/4/10980 11137/5/10981 11138/6/6
f 11139/7/10982 11140/8/8 11141/9/9
f 11144/10/10 11145/11/10983 11146/12/12
f 11147/13/10984 11148/14/10985 11149/15/10984
f 11142/16/10986 11150/17/10986 11143/18/10987
f 11151/19/10988 11133/1/1 11135/3/10979
f 11135/3/10979 11134/2/10978 11152/20/10989
f 11151/19/10988 11138/6/6 11133/1/1
f 11152/20/10989 11141/9/9 11153/21/19
f 11152/20/10989 11134/2/10978 11141/9/9
f 11136/4/10980 11138/6/6 11151/19/10988
f 11153/21/19 11141/9/9 11140/8/8
f 11140/8/8 11139/7/10982 11154/22/20
f 11154/22/20 11155/23/10990 11156/24/22
f 11156/24/22 11155/23/10990 11157/25/10991
f 11155/23/10990 11154/22/20 11139/7/10982
f 11144/10/10 11146/12/12 11159/26/24
f 11159/26/24 11160/27/10992 11161/28/26
f 11161/28/26 11160/27/10992 11162/29/10993
f 11162/29/10993 11160/27/10992 11163/30/10994
f 11163/30/10994 11160/27/10992 11164/31/10995
f 11160/27/10992 11159/26/24 11146/12/12
f 11158/32/10996 11145/11/10983 11165/33/10997
f 11165/33/10997 11145/11/10983 11166/34/10998
f 11166/34/10998 11145/11/10983 11144/10/10
f 11167/1/10999 11168/2/11000 11169/3/35
f 11170/4/11001 11171/5/11002 11172/6/11003
f 11173/7/39 11174/8/40 11175/9/41
f 11178/10/42 11179/11/11004 11180/12/11005
f 11181/13/11006 11182/14/11006 11183/15/11007
f 11176/16/11008 11184/17/11009 11177/18/11010
f 11185/19/11011 11167/1/10999 11169/3/35
f 11169/3/35 11168/2/11000 11186/20/52
f 11185/19/11011 11172/6/11003 11167/1/10999
f 11186/20/52 11175/9/41 11187/21/11012
f 11186/20/52 11168/2/11000 11175/9/41
f 11170/4/11001 11172/6/11003 11185/19/11011
f 11187/21/11012 11175/9/41 11174/8/40
f 11174/8/40 11173/7/39 11188/22/54
f 11188/22/54 11189/23/55 11190/24/56
f 11190/24/56 11189/23/55 11191/25/11013
f 11189/23/55 11188/22/54 11173/7/39
f 11178/10/42 11180/12/11005 11193/26/58
f 11193/26/58 11194/27/59 11195/28/60
f 11195/28/60 11194/27/59 11196/29/11014
f 11196/29/11014 11194/27/59 11197/30/62
f 11197/30/62 11194/27/59 11198/31/11015
f 11194/27/59 11193/26/58 11180/12/11005
f 11192/32/64 11179/11/11004 11199/33/65
f 11199/33/65 11179/11/11004 11200/34/11016
f 11200/34/11016 11179/11/11004 11178/10/42
f 11201/1/11017 11202/2/11018 11203/3/11019
f 11204/4/11020 11205/5/11021 11206/6/11022
f 11207/7/11023 11208/8/11024 11209/9/11025
f 11212/10/67 11213/11/68 11214/12/69
f 11215/13/11026 11216/14/11027 11217/15/11027
f 11210/16/11028 11218/17/11029 11211/18/11030
f 11219/19/11031 11201/1/11017 11203/3/11019
f 11203/3/11019 11202/2/11018 11220/20/11032
f 11219/19/11031 11206/6/11022 11201/1/11017
f 11220/20/11032 11209/9/11025 11221/21/11033
f 11220/20/11032 11202/2/11018 11209/9/11025
f 11204/4/11020 11206/6/11022 11219/19/11031
f 11221/21/11033 11209/9/11025 11208/8/11024
f 11208/8/11024 11207/7/11023 11222/22/11034
f 11222/22/11034 11223/23/11035 11224/24/11036
f 11224/24/11036 11223/23/11035 11225/25/11037
f 11223/23/11035 11222/22/11034 11207/7/11023
f 11212/10/67 11214/12/69 11227/26/11038
f 11227/26/11038 11228/27/75 11229/28/11039
f 11229/28/11039 11228/27/75 11230/29/77
f 11230/29/77 11228/27/75 11231/30/78
f 11231/30/78 11228/27/75 11232/31/79
f 11228/27/75 11227/26/11038 11214/12/69
f 11226/32/11040 11213/11/68 11233/33/11041
f 11233/33/11041 11213/11/68 11234/34/11042
f 11234/34/11042 11213/11/68 11212/10/67
