# Blender 4.1.0
# www.blender.org
mtllib BackgroundLeaves.mtl
o Background_leaves
v -0.674608 0.154369 1.010144
v -0.677501 0.167181 1.034535
v -0.648214 0.149554 1.017045
v -0.650682 0.163869 1.040633
v -0.661990 0.149207 1.015400
v -0.655921 0.153030 1.022009
v -0.650479 0.153778 1.030069
v -0.662857 0.158368 1.025790
v -0.676633 0.158021 1.024145
v -0.670355 0.161726 1.030627
v -0.665122 0.162592 1.038814
v -0.602314 0.139918 1.029650
v -0.606153 0.151077 1.054591
v -0.576832 0.133301 1.036841
v -0.579327 0.149208 1.059248
v -0.591492 0.142189 1.045716
v -0.592092 0.152764 1.055072
v -0.598823 0.146633 1.050154
v -0.603103 0.148307 1.040882
v -0.588648 0.139543 1.032128
v -0.584162 0.137745 1.041279
v -0.577637 0.143999 1.046319
v -0.600889 0.130657 1.013057
v -0.603065 0.139957 1.029325
v -0.574735 0.126414 1.018981
v -0.576911 0.135714 1.035249
v -0.601602 0.136630 1.020485
v -0.575448 0.132387 1.026408
v -0.582178 0.129111 1.016443
v -0.582891 0.135085 1.023871
v -0.584354 0.138411 1.032711
v -0.591735 0.129172 1.015130
v -0.592448 0.135145 1.022558
v -0.593911 0.138472 1.031399
v -0.606479 0.154548 1.054851
v -0.608776 0.164364 1.072021
v -0.580325 0.150305 1.060775
v -0.582622 0.160121 1.077945
v -0.608042 0.157994 1.064216
v -0.581887 0.153751 1.070140
v -0.592867 0.154315 1.056805
v -0.594430 0.157761 1.066170
v -0.595164 0.164131 1.073975
v -0.624321 0.144493 1.026549
v -0.627453 0.157877 1.049963
v -0.602235 0.140910 1.031551
v -0.605367 0.154294 1.054965
v -0.612782 0.144451 1.028116
v -0.615914 0.157835 1.051530
v -0.625471 0.152655 1.037472
v -0.613932 0.152613 1.039039
v -0.603385 0.149072 1.042474
v -0.650580 0.145490 1.020189
v -0.652634 0.162681 1.041571
v -0.623347 0.145054 1.024081
v -0.627085 0.156299 1.048636
v -0.625164 0.150861 1.036260
v -0.633037 0.153321 1.041672
v -0.639807 0.159675 1.045005
v -0.638346 0.152613 1.033495
v -0.636871 0.145597 1.021961
v -0.644548 0.148750 1.027003
v -0.651514 0.154411 1.030706
v -0.646323 0.141334 1.002470
v -0.648483 0.150562 1.018614
v -0.619843 0.138243 1.007779
v -0.622002 0.147472 1.023923
v -0.647297 0.146466 1.010260
v -0.620816 0.143376 1.015569
v -0.639196 0.137523 1.005602
v -0.640169 0.142656 1.013392
v -0.641355 0.146752 1.021746
v -0.625533 0.137204 1.007612
v -0.626506 0.142337 1.015402
v -0.627692 0.146433 1.023756
v -0.627073 0.135064 1.012409
v -0.629182 0.144077 1.028175
v -0.601608 0.130932 1.018177
v -0.603716 0.139945 1.033943
v -0.627920 0.141575 1.019174
v -0.601766 0.137332 1.025098
v -0.613730 0.134699 1.013819
v -0.613810 0.143101 1.020189
v -0.615955 0.144208 1.030453
v -0.631515 0.159024 1.049957
v -0.633707 0.168393 1.066346
v -0.605360 0.154781 1.055881
v -0.607553 0.164150 1.072270
v -0.632611 0.163709 1.058152
v -0.606456 0.159466 1.064075
v -0.617547 0.160204 1.051353
v -0.619534 0.161587 1.061113
v -0.619699 0.169401 1.067441
v -0.655605 0.161791 1.042363
v -0.657901 0.171604 1.059528
v -0.629451 0.157548 1.048287
v -0.631747 0.167361 1.065452
v -0.657455 0.164035 1.052373
v -0.631416 0.159775 1.058291
v -0.642299 0.160630 1.045008
v -0.644090 0.163120 1.054684
v -0.644556 0.170270 1.061874
v -0.659538 0.143715 0.991803
v -0.673375 0.157202 1.011653
v -0.637140 0.145022 1.008053
v -0.650552 0.160012 1.027101
v -0.649059 0.141678 1.001779
v -0.646608 0.147117 1.009496
v -0.644736 0.149519 1.018761
v -0.655258 0.151112 1.009853
v -0.667177 0.147769 1.003579
v -0.664468 0.153128 1.011267
v -0.662854 0.155610 1.020561
v -0.598195 0.146102 1.037047
v -0.612815 0.157815 1.057305
v -0.576426 0.145479 1.053496
v -0.589702 0.161939 1.071221
v -0.594620 0.151647 1.055401
v -0.600437 0.162450 1.062415
v -0.603718 0.154731 1.056353
v -0.604499 0.154856 1.046035
v -0.586559 0.148773 1.044154
v -0.585523 0.148563 1.054448
v -0.582497 0.156366 1.060535
v -0.589183 0.136281 1.023428
v -0.598768 0.145961 1.036478
v -0.566742 0.138032 1.038610
v -0.576327 0.147712 1.051661
v -0.593601 0.142445 1.029247
v -0.571160 0.144195 1.044429
v -0.573071 0.138931 1.033295
v -0.577489 0.145095 1.039114
v -0.582656 0.148611 1.046346
v -0.581329 0.136894 1.028742
v -0.585746 0.143057 1.034560
v -0.590913 0.146574 1.041792
v -0.613806 0.161149 1.056955
v -0.623922 0.171365 1.070729
v -0.591366 0.162900 1.072138
v -0.601482 0.173116 1.085912
v -0.619278 0.164795 1.064623
v -0.596838 0.166546 1.079805
v -0.602051 0.163913 1.063539
v -0.607523 0.167559 1.071206
v -0.612167 0.174129 1.077312
v -0.617944 0.145733 1.025880
v -0.631738 0.159665 1.044663
v -0.598994 0.147212 1.038701
v -0.612788 0.161143 1.057483
v -0.607973 0.148222 1.031357
v -0.621768 0.162153 1.050139
v -0.624425 0.154169 1.034487
v -0.614454 0.156657 1.039963
v -0.605475 0.155647 1.047308
v -0.639760 0.140766 1.010703
v -0.652476 0.158504 1.027453
v -0.616241 0.146323 1.023853
v -0.630641 0.158116 1.043777
v -0.623389 0.152405 1.033717
v -0.632999 0.153502 1.035656
v -0.641506 0.158495 1.035517
v -0.634714 0.151159 1.026323
v -0.627908 0.143870 1.017104
v -0.637322 0.145661 1.018674
v -0.646026 0.149961 1.018904
v -0.628626 0.136446 0.996325
v -0.638138 0.146052 1.009276
v -0.605859 0.139349 1.010892
v -0.615371 0.148955 1.023843
v -0.633270 0.141758 1.002505
v -0.610503 0.144661 1.017072
v -0.622612 0.134434 1.002234
v -0.627256 0.139746 1.008414
v -0.632124 0.144039 1.015185
v -0.610817 0.137128 1.008898
v -0.615460 0.142440 1.015078
v -0.620328 0.146734 1.021850
v -0.613623 0.135030 1.013105
v -0.622912 0.144411 1.025753
v -0.591774 0.136735 1.027888
v -0.601063 0.146116 1.040536
v -0.618011 0.141647 1.018189
v -0.595571 0.143398 1.033371
v -0.601891 0.137574 1.019108
v -0.605758 0.146170 1.023833
v -0.611691 0.147471 1.032452
v -0.635644 0.159929 1.043085
v -0.645300 0.169680 1.056233
v -0.613204 0.161679 1.058268
v -0.622859 0.171431 1.071416
v -0.640472 0.164804 1.049659
v -0.618032 0.166555 1.064842
v -0.623602 0.164109 1.049081
v -0.629252 0.165680 1.057250
v -0.633081 0.173682 1.061987
v -0.655329 0.157063 1.027276
v -0.665442 0.167276 1.041046
v -0.632889 0.158814 1.042458
v -0.643002 0.169027 1.056228
v -0.661095 0.159519 1.035606
v -0.638755 0.161228 1.050745
v -0.643949 0.158902 1.034521
v -0.649580 0.161589 1.042528
v -0.653886 0.168936 1.048051
v -0.668852 0.184053 1.056779
v -0.648839 0.187425 1.075634
v -0.650622 0.169758 1.041590
v -0.630183 0.174633 1.059642
v -0.660177 0.173973 1.050729
v -0.650451 0.173244 1.050751
v -0.641572 0.169441 1.052107
v -0.649730 0.178592 1.058612
v -0.659286 0.182806 1.067751
v -0.649570 0.181960 1.067529
v -0.640681 0.178274 1.069129
v -0.619104 0.143559 1.015536
v -0.600063 0.145534 1.035408
v -0.602062 0.127819 1.001159
v -0.581677 0.134542 1.018496
v -0.601063 0.136677 1.018283
v -0.590477 0.142850 1.025324
v -0.600563 0.141106 1.026845
v -0.608416 0.147166 1.023897
v -0.609404 0.138433 1.007011
v -0.601563 0.132248 1.009721
v -0.591465 0.134115 1.008438
v -0.633298 0.140936 1.003095
v -0.619751 0.143925 1.015879
v -0.615584 0.127571 0.987450
v -0.602038 0.130560 1.000235
v -0.626150 0.143754 1.008780
v -0.608436 0.130389 0.993136
v -0.620495 0.133005 0.991383
v -0.613347 0.135823 0.997069
v -0.606948 0.135994 1.004168
v -0.627098 0.136258 0.997619
v -0.619950 0.139076 1.003305
v -0.613551 0.139247 1.010404
v -0.598496 0.148615 1.035939
v -0.584199 0.151769 1.049432
v -0.580783 0.135249 1.020294
v -0.566486 0.138403 1.033787
v -0.591762 0.148730 1.043465
v -0.574048 0.135364 1.027821
v -0.589105 0.143820 1.027108
v -0.582370 0.143935 1.034635
v -0.574808 0.146975 1.040601
v -0.632320 0.155016 1.029990
v -0.612824 0.159317 1.048389
v -0.617362 0.143729 1.016779
v -0.597866 0.148030 1.035179
v -0.624346 0.151122 1.022450
v -0.604850 0.155423 1.040850
v -0.622156 0.158636 1.038405
v -0.614182 0.154742 1.030866
v -0.607198 0.147349 1.025194
v -0.651872 0.165688 1.045313
v -0.631298 0.173796 1.061681
v -0.633081 0.156129 1.027637
v -0.614190 0.158292 1.047178
v -0.623583 0.157395 1.037309
v -0.623689 0.159864 1.046859
v -0.622692 0.166229 1.054331
v -0.632545 0.163708 1.045328
v -0.642384 0.161234 1.036301
v -0.642294 0.164396 1.045482
v -0.641493 0.170067 1.053323
v -0.662742 0.167196 1.030183
v -0.649299 0.170162 1.042870
v -0.644703 0.154983 1.013924
v -0.631260 0.157949 1.026611
v -0.655902 0.169211 1.036276
v -0.637862 0.156997 1.020017
v -0.658147 0.160649 1.026845
v -0.651306 0.162664 1.032938
v -0.644704 0.163615 1.039531
v -0.648728 0.155744 1.018011
v -0.641887 0.157758 1.024104
v -0.635285 0.158710 1.030698
v -0.647519 0.152547 1.022288
v -0.634391 0.155444 1.034678
v -0.630273 0.139533 1.007056
v -0.617144 0.142430 1.019446
v -0.640637 0.156121 1.027648
v -0.622923 0.142755 1.012004
v -0.638705 0.147910 1.013290
v -0.630747 0.153085 1.017879
v -0.624854 0.150966 1.026362
v -0.614756 0.161495 1.051445
v -0.601109 0.164506 1.064325
v -0.597043 0.148130 1.035801
v -0.583396 0.151141 1.048681
v -0.607932 0.163001 1.057885
v -0.590219 0.149635 1.042241
v -0.604864 0.158056 1.042025
v -0.599076 0.156318 1.050063
v -0.591467 0.161011 1.054668
v -0.632987 0.173567 1.064391
v -0.618694 0.176720 1.077880
v -0.615274 0.160201 1.048746
v -0.600981 0.163355 1.062235
v -0.626558 0.172464 1.072522
v -0.608927 0.159118 1.056960
v -0.623757 0.167786 1.056219
v -0.617398 0.167006 1.064092
v -0.609714 0.170883 1.069473
v -0.621376 0.189999 1.085645
v -0.595515 0.180366 1.083237
v -0.627043 0.177683 1.061487
v -0.600756 0.169553 1.058277
v -0.624820 0.180804 1.074826
v -0.619331 0.177370 1.067531
v -0.614899 0.170967 1.061658
v -0.611279 0.179025 1.072362
v -0.609056 0.182146 1.085701
v -0.603787 0.178700 1.078249
v -0.599135 0.172309 1.072533
v -0.637393 0.154999 1.019811
v -0.612095 0.144035 1.018760
v -0.643909 0.141446 0.997036
v -0.617266 0.135230 0.993451
v -0.628002 0.142741 1.007898
v -0.614209 0.142605 1.004822
v -0.620048 0.143388 1.013329
v -0.623863 0.152080 1.017451
v -0.639550 0.150805 1.006742
v -0.635955 0.142094 1.002467
v -0.629895 0.141330 0.994113
v -0.655233 0.161286 1.022127
v -0.637386 0.155383 1.020535
v -0.661076 0.150107 0.998085
v -0.643229 0.144204 0.996492
v -0.645935 0.159658 1.020625
v -0.651778 0.148479 0.996582
v -0.658920 0.154886 1.004537
v -0.649622 0.153258 1.003034
v -0.641073 0.148983 1.002944
v -0.657278 0.157374 1.013713
v -0.647980 0.155745 1.012210
v -0.639431 0.151470 1.012120
v -0.609384 0.146121 1.018035
v -0.590549 0.139891 1.016354
v -0.615227 0.134942 0.993993
v -0.596392 0.128712 0.992312
v -0.600380 0.141544 1.017975
v -0.606224 0.130365 0.993933
v -0.611771 0.142420 1.005006
v -0.602767 0.137843 1.004946
v -0.592936 0.136190 1.003325
v -0.630526 0.163637 1.039637
v -0.604841 0.155141 1.037344
v -0.635460 0.154197 1.019334
v -0.609776 0.145702 1.017042
v -0.632498 0.160667 1.028552
v -0.606813 0.152171 1.026259
v -0.617267 0.160859 1.037706
v -0.619239 0.157889 1.026621
v -0.622202 0.151419 1.017404
v -0.627239 0.173074 1.064759
v -0.600476 0.168385 1.060435
v -0.632005 0.165701 1.038685
v -0.606925 0.155067 1.037534
v -0.619413 0.160569 1.038011
v -0.612082 0.159292 1.044488
v -0.603649 0.161911 1.048886
v -0.616596 0.165789 1.050229
v -0.629530 0.169713 1.051548
v -0.622003 0.169130 1.057655
v -0.613766 0.171055 1.062423
v -0.642938 0.183052 1.062937
v -0.625228 0.177194 1.061356
v -0.648455 0.173026 1.038280
v -0.630745 0.167168 1.036699
v -0.633929 0.180652 1.061909
v -0.639446 0.170625 1.037251
v -0.645409 0.177161 1.057079
v -0.636401 0.174761 1.056051
v -0.627699 0.171303 1.055498
v -0.647833 0.173355 1.044023
v -0.638825 0.170955 1.042995
v -0.630123 0.167497 1.042442
v -0.645793 0.168614 1.045848
v -0.628497 0.162893 1.044304
v -0.651483 0.157730 1.022438
v -0.634187 0.152009 1.020895
v -0.636516 0.167850 1.044352
v -0.642360 0.156671 1.020310
v -0.648562 0.165278 1.033145
v -0.638405 0.165908 1.030384
v -0.630314 0.159243 1.031516
v -0.602987 0.156505 1.040883
v -0.585007 0.150558 1.039278
v -0.608830 0.145326 1.016840
v -0.590851 0.139379 1.015236
v -0.593997 0.153532 1.040080
v -0.599841 0.142353 1.016038
v -0.604833 0.154077 1.027130
v -0.596919 0.147942 1.028059
v -0.587184 0.148239 1.025555
v -0.599818 0.167673 1.063486
v -0.580988 0.161445 1.061805
v -0.605662 0.156494 1.039443
v -0.586832 0.150266 1.037763
v -0.591166 0.161883 1.064016
v -0.596995 0.150716 1.040090
v -0.602328 0.162904 1.050982
v -0.593737 0.157514 1.051404
v -0.583827 0.156783 1.049332
v 0.003677 -0.016561 1.038069
v 0.004050 -0.017916 1.075959
v 0.039801 -0.028058 1.038798
v 0.040830 -0.027101 1.076688
v 0.020848 -0.026784 1.038798
v 0.030304 -0.027015 1.048219
v 0.038724 -0.031855 1.057379
v 0.021926 -0.022987 1.057378
v 0.002973 -0.021713 1.057379
v 0.012683 -0.022005 1.066538
v 0.020848 -0.026784 1.075959
v 0.102550 -0.049963 1.039928
v 0.101514 -0.053615 1.077502
v 0.137265 -0.063758 1.039928
v 0.138301 -0.060106 1.077502
v 0.119389 -0.058686 1.058715
v 0.120871 -0.052517 1.076988
v 0.110452 -0.056151 1.068109
v 0.103744 -0.047658 1.058970
v 0.121369 -0.052658 1.040442
v 0.128327 -0.061222 1.049322
v 0.138495 -0.057517 1.058460
v 0.101496 -0.049664 1.013868
v 0.101496 -0.049664 1.039689
v 0.137247 -0.059807 1.013868
v 0.137247 -0.059807 1.039689
v 0.102074 -0.047628 1.026778
v 0.137825 -0.057771 1.026778
v 0.127144 -0.054572 1.013868
v 0.127721 -0.052536 1.026778
v 0.127144 -0.054572 1.039689
v 0.114009 -0.053214 1.013868
v 0.114587 -0.051178 1.026778
v 0.114009 -0.053214 1.039689
v 0.101496 -0.049664 1.080203
v 0.101496 -0.049664 1.107454
v 0.137247 -0.059807 1.080203
v 0.137247 -0.059807 1.107454
v 0.100858 -0.051914 1.093829
v 0.136609 -0.062056 1.093829
v 0.120196 -0.051830 1.080203
v 0.119558 -0.054079 1.093829
v 0.120196 -0.051830 1.107454
v 0.072804 -0.041524 1.042829
v 0.072804 -0.041524 1.079990
v 0.102993 -0.050089 1.042829
v 0.102993 -0.050089 1.079990
v 0.088662 -0.043114 1.042829
v 0.088662 -0.043114 1.079990
v 0.073445 -0.039263 1.061409
v 0.089303 -0.040854 1.061409
v 0.103634 -0.047828 1.061409
v 0.036490 -0.034927 1.040140
v 0.038152 -0.029070 1.077301
v 0.073902 -0.039213 1.040140
v 0.072969 -0.042503 1.077301
v 0.073516 -0.040574 1.058721
v 0.063729 -0.041034 1.068011
v 0.055641 -0.035502 1.077301
v 0.055480 -0.036071 1.058721
v 0.055338 -0.036569 1.040140
v 0.045853 -0.035963 1.049430
v 0.037463 -0.031498 1.058721
v 0.039734 -0.027924 1.015749
v 0.039734 -0.027924 1.041373
v 0.075988 -0.036294 1.015749
v 0.075988 -0.036294 1.041373
v 0.039905 -0.027121 1.028561
v 0.076159 -0.035491 1.028561
v 0.049352 -0.034871 1.015749
v 0.049523 -0.034068 1.028561
v 0.049352 -0.034871 1.041373
v 0.068117 -0.037178 1.015749
v 0.068288 -0.036376 1.028561
v 0.068117 -0.037178 1.041373
v 0.066339 -0.042930 1.020211
v 0.066339 -0.042930 1.045235
v 0.101149 -0.052806 1.020211
v 0.101148 -0.052806 1.045235
v 0.066719 -0.039798 1.032723
v 0.102470 -0.049940 1.032723
v 0.084595 -0.044869 1.019522
v 0.086187 -0.039257 1.032723
v 0.084595 -0.044869 1.045924
v 0.067413 -0.039995 1.081398
v 0.067413 -0.039995 1.107411
v 0.103164 -0.050137 1.081398
v 0.103164 -0.050137 1.107411
v 0.067413 -0.039995 1.094405
v 0.103164 -0.050137 1.094405
v 0.086692 -0.040119 1.081637
v 0.085289 -0.045066 1.094405
v 0.086692 -0.040119 1.107172
v 0.034105 -0.030545 1.078106
v 0.034105 -0.030545 1.105349
v 0.069855 -0.040688 1.078106
v 0.069855 -0.040687 1.105349
v 0.033014 -0.034648 1.091727
v 0.068605 -0.044802 1.091727
v 0.052363 -0.034271 1.078343
v 0.051341 -0.037855 1.091727
v 0.052362 -0.034273 1.105112
v 0.020803 -0.017276 1.006851
v 0.005851 -0.014283 1.041566
v 0.053285 -0.027740 1.023377
v 0.038989 -0.022435 1.058092
v 0.035975 -0.026931 1.015598
v 0.040826 -0.025856 1.027989
v 0.044724 -0.029414 1.040251
v 0.029568 -0.021011 1.032472
v 0.012258 -0.020203 1.024693
v 0.017446 -0.019212 1.036955
v 0.021007 -0.022685 1.049346
v 0.109716 -0.047852 1.052181
v 0.093545 -0.047210 1.086304
v 0.141146 -0.060715 1.067739
v 0.127048 -0.052769 1.101862
v 0.117346 -0.053963 1.077021
v 0.111490 -0.045711 1.093508
v 0.105446 -0.050586 1.081663
v 0.103194 -0.043358 1.069691
v 0.126662 -0.050016 1.060535
v 0.129246 -0.057339 1.072380
v 0.134958 -0.052370 1.084352
v 0.119255 -0.050558 1.028056
v 0.108855 -0.047608 1.051505
v 0.151721 -0.059769 1.043615
v 0.141321 -0.056819 1.067064
v 0.114633 -0.047047 1.039781
v 0.147099 -0.056258 1.055339
v 0.142603 -0.054814 1.038947
v 0.137981 -0.051303 1.050672
v 0.132203 -0.051864 1.062396
v 0.130618 -0.053782 1.033502
v 0.125996 -0.050271 1.045226
v 0.120218 -0.050832 1.056951
v 0.092537 -0.042978 1.088297
v 0.081561 -0.039864 1.113045
v 0.125003 -0.052189 1.103856
v 0.114027 -0.049075 1.128604
v 0.086411 -0.043671 1.100671
v 0.118877 -0.052882 1.116230
v 0.109594 -0.044678 1.096076
v 0.103468 -0.045371 1.108451
v 0.098618 -0.041564 1.120825
v 0.081533 -0.039857 1.041870
v 0.066566 -0.035610 1.075617
v 0.108949 -0.047635 1.055008
v 0.093982 -0.043388 1.088755
v 0.096005 -0.041054 1.048439
v 0.081037 -0.036807 1.082186
v 0.074691 -0.035473 1.058743
v 0.089163 -0.036670 1.065312
v 0.102107 -0.043251 1.071882
v 0.049550 -0.034488 1.024048
v 0.036243 -0.024385 1.057795
v 0.083677 -0.037842 1.039606
v 0.067776 -0.036886 1.073354
v 0.075808 -0.037080 1.056480
v 0.063099 -0.036712 1.061027
v 0.052090 -0.030351 1.065575
v 0.059413 -0.033043 1.048701
v 0.066756 -0.035664 1.031827
v 0.054350 -0.034229 1.036374
v 0.043039 -0.028936 1.040921
v 0.062510 -0.030242 1.002404
v 0.052190 -0.027314 1.025674
v 0.095480 -0.037680 1.017962
v 0.085159 -0.034752 1.041232
v 0.057526 -0.027977 1.014016
v 0.090495 -0.035414 1.029575
v 0.071143 -0.036909 1.007072
v 0.066158 -0.034644 1.018684
v 0.060822 -0.033981 1.030341
v 0.088257 -0.038748 1.014894
v 0.083273 -0.036483 1.026506
v 0.077936 -0.035820 1.038163
v 0.084695 -0.043994 1.018886
v 0.074616 -0.041134 1.041612
v 0.116306 -0.052962 1.034035
v 0.106227 -0.050102 1.056761
v 0.080079 -0.039444 1.030044
v 0.112545 -0.048655 1.045603
v 0.101629 -0.045558 1.025835
v 0.097904 -0.038438 1.037823
v 0.090995 -0.042541 1.049812
v 0.061103 -0.034061 1.074550
v 0.050626 -0.031088 1.098173
v 0.093569 -0.043271 1.090109
v 0.083092 -0.040299 1.113732
v 0.055864 -0.032574 1.086362
v 0.088331 -0.041785 1.101920
v 0.078643 -0.033692 1.082546
v 0.072098 -0.037180 1.094141
v 0.068358 -0.030774 1.105736
v 0.032181 -0.025855 1.057064
v 0.021208 -0.022742 1.081805
v 0.064647 -0.035066 1.072623
v 0.053674 -0.031953 1.097363
v 0.025598 -0.028400 1.069464
v 0.057917 -0.037626 1.084959
v 0.048701 -0.029088 1.065060
v 0.042289 -0.031143 1.077212
v 0.037919 -0.026031 1.089369
v 0.020320 -0.013463 1.112234
v 0.050101 -0.023161 1.133604
v 0.041695 -0.020776 1.081782
v 0.072132 -0.028162 1.103152
v 0.030255 -0.021633 1.096922
v 0.043393 -0.022909 1.094920
v 0.055183 -0.028705 1.092553
v 0.045898 -0.021969 1.107693
v 0.034459 -0.022826 1.122833
v 0.047540 -0.024074 1.120466
v 0.059386 -0.029898 1.118464
v 0.078503 -0.035321 1.028376
v 0.106921 -0.047330 1.050157
v 0.098191 -0.044853 0.998095
v 0.128682 -0.049557 1.019877
v 0.102556 -0.046091 1.024126
v 0.118467 -0.044015 1.034930
v 0.104739 -0.046710 1.037142
v 0.094414 -0.037192 1.038991
v 0.090106 -0.035969 1.013323
v 0.100373 -0.045472 1.011111
v 0.114159 -0.042794 1.009262
v 0.057464 -0.029352 1.014162
v 0.077704 -0.035095 1.029130
v 0.078188 -0.035232 0.983881
v 0.098429 -0.040974 0.998849
v 0.068162 -0.030188 1.021646
v 0.088886 -0.036067 0.991365
v 0.072592 -0.031276 0.992966
v 0.083290 -0.032112 1.000450
v 0.092833 -0.037019 1.007933
v 0.064717 -0.031410 1.003564
v 0.075415 -0.032245 1.011048
v 0.084958 -0.037153 1.018532
v 0.109463 -0.044105 1.052615
v 0.130826 -0.050166 1.068413
v 0.130188 -0.049984 1.022335
v 0.151550 -0.056045 1.038132
v 0.119507 -0.049385 1.060514
v 0.140231 -0.055264 1.030234
v 0.120650 -0.044139 1.037475
v 0.130693 -0.049419 1.045374
v 0.142012 -0.050200 1.053272
v 0.063533 -0.031074 1.055253
v 0.092664 -0.039339 1.076795
v 0.081033 -0.036039 1.029683
v 0.110164 -0.044304 1.051225
v 0.073047 -0.030865 1.042468
v 0.102178 -0.039129 1.064010
v 0.078740 -0.032946 1.066024
v 0.088254 -0.032736 1.053239
v 0.096240 -0.037911 1.040454
v 0.039966 -0.028093 1.083627
v 0.070758 -0.030501 1.105169
v 0.062352 -0.028116 1.053347
v 0.090549 -0.039671 1.074889
v 0.076531 -0.033609 1.064118
v 0.077783 -0.037202 1.077073
v 0.080734 -0.034802 1.090029
v 0.066008 -0.031239 1.079258
v 0.051301 -0.027604 1.068487
v 0.052855 -0.030130 1.081443
v 0.055504 -0.028797 1.094398
v 0.023601 -0.015528 1.068503
v 0.043687 -0.021226 1.083357
v 0.044828 -0.019634 1.038223
v 0.064914 -0.025333 1.053076
v 0.033837 -0.017580 1.075974
v 0.055064 -0.021687 1.045694
v 0.028711 -0.021195 1.059419
v 0.038947 -0.023248 1.066890
v 0.048797 -0.026894 1.074273
v 0.039922 -0.021360 1.044195
v 0.050158 -0.023413 1.051667
v 0.060008 -0.027058 1.059049
v 0.041698 -0.028120 1.046896
v 0.061315 -0.033685 1.061402
v 0.061876 -0.033845 1.017413
v 0.081493 -0.039410 1.031919
v 0.052084 -0.027826 1.054548
v 0.072808 -0.033706 1.024267
v 0.052098 -0.027830 1.031755
v 0.064038 -0.025154 1.039408
v 0.072794 -0.033702 1.047060
v 0.090643 -0.038766 1.082177
v 0.111035 -0.044551 1.097256
v 0.111367 -0.044645 1.051896
v 0.131759 -0.050430 1.066976
v 0.100839 -0.041658 1.089716
v 0.121563 -0.047538 1.059436
v 0.102596 -0.036812 1.067175
v 0.111201 -0.044598 1.074576
v 0.122613 -0.042490 1.081977
v 0.068753 -0.032555 1.108480
v 0.090110 -0.038614 1.124273
v 0.089478 -0.038435 1.078200
v 0.110834 -0.044494 1.093992
v 0.078312 -0.039679 1.116319
v 0.098937 -0.045588 1.086161
v 0.079684 -0.034203 1.093477
v 0.089156 -0.040764 1.101239
v 0.100667 -0.040158 1.108994
v 0.088884 -0.028068 1.142822
v 0.122650 -0.038897 1.129397
v 0.076961 -0.025935 1.106892
v 0.111384 -0.034451 1.093467
v 0.081894 -0.031437 1.124391
v 0.088111 -0.030749 1.112597
v 0.092719 -0.034508 1.100645
v 0.099806 -0.032416 1.118144
v 0.104738 -0.037918 1.135643
v 0.110637 -0.037128 1.123691
v 0.115563 -0.040989 1.111898
v 0.055450 -0.023935 1.044028
v 0.088458 -0.037245 1.031396
v 0.042395 -0.024177 1.009030
v 0.077475 -0.030183 0.996398
v 0.065426 -0.030711 1.020213
v 0.083797 -0.029332 1.014313
v 0.076942 -0.033978 1.025805
v 0.073229 -0.026335 1.037137
v 0.050517 -0.019891 1.026113
v 0.053911 -0.027444 1.014621
v 0.061084 -0.022890 1.003289
v 0.032193 -0.017337 1.053821
v 0.055588 -0.023974 1.045140
v 0.020174 -0.013927 1.018823
v 0.043569 -0.020564 1.010142
v 0.044468 -0.018619 1.049481
v 0.032449 -0.015209 1.014482
v 0.024402 -0.012758 1.029322
v 0.036676 -0.014040 1.024982
v 0.047796 -0.019395 1.020641
v 0.027986 -0.016143 1.041571
v 0.040261 -0.017426 1.037231
v 0.051381 -0.022780 1.032891
v 0.092295 -0.034388 1.031520
v 0.116986 -0.041392 1.022358
v 0.080276 -0.030978 0.996521
v 0.104967 -0.037983 0.987360
v 0.104002 -0.040139 1.026939
v 0.091983 -0.036730 0.991941
v 0.087109 -0.029777 1.014021
v 0.098817 -0.035529 1.009440
v 0.111801 -0.036782 1.004859
v 0.068079 -0.027517 1.072174
v 0.101748 -0.037070 1.059680
v 0.057929 -0.024638 1.042620
v 0.091599 -0.034190 1.030126
v 0.063768 -0.023386 1.057397
v 0.097437 -0.032938 1.044903
v 0.085555 -0.030033 1.065927
v 0.081244 -0.025901 1.051150
v 0.075406 -0.027153 1.036373
v 0.076551 -0.033626 1.107675
v 0.111882 -0.037322 1.095181
v 0.066194 -0.024360 1.072676
v 0.098930 -0.037202 1.060183
v 0.082642 -0.030497 1.066430
v 0.093214 -0.036733 1.072056
v 0.105487 -0.036978 1.077682
v 0.088490 -0.032770 1.083929
v 0.071514 -0.028492 1.090176
v 0.082389 -0.033662 1.095802
v 0.094359 -0.034973 1.101428
v 0.056142 -0.019913 1.114736
v 0.079357 -0.026499 1.106121
v 0.044626 -0.014730 1.079737
v 0.067842 -0.021316 1.071123
v 0.067991 -0.022423 1.110480
v 0.056475 -0.017241 1.075482
v 0.051428 -0.022794 1.104236
v 0.063277 -0.025304 1.099980
v 0.074644 -0.029380 1.095622
v 0.046178 -0.018288 1.086641
v 0.058027 -0.020798 1.082385
v 0.069394 -0.024874 1.078026
v 0.048623 -0.025238 1.085273
v 0.071295 -0.031670 1.076860
v 0.036920 -0.021918 1.051196
v 0.059593 -0.028350 1.042783
v 0.060968 -0.025500 1.081527
v 0.048949 -0.022090 1.046529
v 0.042998 -0.020402 1.068466
v 0.056551 -0.018183 1.064028
v 0.066919 -0.027188 1.059590
v 0.104837 -0.037946 1.064484
v 0.128405 -0.044632 1.055739
v 0.092818 -0.034536 1.029486
v 0.116386 -0.041222 1.020740
v 0.116621 -0.041289 1.060111
v 0.104602 -0.037879 1.025113
v 0.100447 -0.031355 1.046904
v 0.110611 -0.039584 1.042612
v 0.123583 -0.037919 1.038320
v 0.113051 -0.040276 1.098199
v 0.137735 -0.047279 1.089039
v 0.101032 -0.036866 1.063200
v 0.125716 -0.043869 1.054041
v 0.124212 -0.047855 1.093553
v 0.112227 -0.044511 1.058696
v 0.107639 -0.037287 1.080619
v 0.118749 -0.044313 1.076123
v 0.131891 -0.044170 1.071619
v -0.070126 0.004346 1.071833
v -0.069752 0.002991 1.109723
v -0.034002 -0.007152 1.072562
v -0.032972 -0.006195 1.110452
v -0.052954 -0.005878 1.072562
v -0.043499 -0.006108 1.081983
v -0.035079 -0.010949 1.091143
v -0.051877 -0.002080 1.091143
v -0.070829 -0.000806 1.091143
v -0.061119 -0.001098 1.100302
v -0.052954 -0.005878 1.109723
v 0.028748 -0.029057 1.073692
v 0.027712 -0.032709 1.111266
v 0.063462 -0.042851 1.073692
v 0.064498 -0.039199 1.111266
v 0.045587 -0.037780 1.092479
v 0.047068 -0.031610 1.110752
v 0.036649 -0.035244 1.101873
v 0.029941 -0.026752 1.092734
v 0.047566 -0.031751 1.074206
v 0.054524 -0.040315 1.083085
v 0.064692 -0.036611 1.092224
v 0.027694 -0.028758 1.047632
v 0.027694 -0.028758 1.073453
v 0.063444 -0.038900 1.047632
v 0.063444 -0.038900 1.073453
v 0.028271 -0.026722 1.060542
v 0.064022 -0.036864 1.060542
v 0.053341 -0.033666 1.047632
v 0.053919 -0.031630 1.060542
v 0.053341 -0.033666 1.073453
v 0.040206 -0.032308 1.047632
v 0.040784 -0.030271 1.060542
v 0.040206 -0.032308 1.073453
v 0.027694 -0.028758 1.113967
v 0.027694 -0.028758 1.141218
v 0.063444 -0.038900 1.113967
v 0.063444 -0.038900 1.141218
v 0.027056 -0.031007 1.127593
v 0.062806 -0.041150 1.127593
v 0.046393 -0.030923 1.113967
v 0.045755 -0.033173 1.127593
v 0.046393 -0.030923 1.141218
v -0.000999 -0.020617 1.076593
v -0.000999 -0.020617 1.113754
v 0.029190 -0.029182 1.076593
v 0.029190 -0.029182 1.113754
v 0.014859 -0.022208 1.076593
v 0.014859 -0.022208 1.113754
v -0.000358 -0.018357 1.095173
v 0.015501 -0.019947 1.095173
v 0.029832 -0.026921 1.095173
v -0.037312 -0.014020 1.073904
v -0.035651 -0.008164 1.111066
v 0.000100 -0.018306 1.073904
v -0.000834 -0.021597 1.111066
v -0.000286 -0.019667 1.092485
v -0.010074 -0.020128 1.101775
v -0.018162 -0.014596 1.111066
v -0.018323 -0.015165 1.092485
v -0.018464 -0.015662 1.073904
v -0.027949 -0.015056 1.083194
v -0.036339 -0.010591 1.092485
v -0.034069 -0.007017 1.049513
v -0.034069 -0.007017 1.075137
v 0.002185 -0.015387 1.049513
v 0.002185 -0.015387 1.075137
v -0.033898 -0.006215 1.062325
v 0.002356 -0.014584 1.062325
v -0.024451 -0.013964 1.049513
v -0.024280 -0.013161 1.062325
v -0.024451 -0.013964 1.075137
v -0.005686 -0.016272 1.049513
v -0.005515 -0.015469 1.062325
v -0.005686 -0.016272 1.075137
v -0.007463 -0.022024 1.053975
v -0.007463 -0.022024 1.078999
v 0.027346 -0.031899 1.053975
v 0.027346 -0.031899 1.078999
v -0.007083 -0.018891 1.066487
v 0.028667 -0.029034 1.066487
v 0.010792 -0.023963 1.053286
v 0.012384 -0.018351 1.066487
v 0.010792 -0.023963 1.079688
v -0.006389 -0.019088 1.115162
v -0.006389 -0.019088 1.141175
v 0.029361 -0.029231 1.115162
v 0.029361 -0.029231 1.141175
v -0.006389 -0.019088 1.128169
v 0.029361 -0.029231 1.128169
v 0.012889 -0.019212 1.115401
v 0.011486 -0.024159 1.128169
v 0.012889 -0.019212 1.140936
v -0.039698 -0.009638 1.111870
v -0.039698 -0.009638 1.139113
v -0.003947 -0.019781 1.111870
v -0.003947 -0.019781 1.139113
v -0.040788 -0.013741 1.125491
v -0.005198 -0.023895 1.125491
v -0.021440 -0.013364 1.112107
v -0.022461 -0.016949 1.125491
v -0.021440 -0.013366 1.138876
v -0.052999 0.003631 1.040615
v -0.067952 0.006624 1.075330
v -0.020518 -0.006833 1.057141
v -0.034814 -0.001528 1.091856
v -0.037828 -0.006025 1.049362
v -0.032977 -0.004949 1.061753
v -0.029079 -0.008507 1.074015
v -0.044235 -0.000105 1.066236
v -0.061545 0.000704 1.058457
v -0.056357 0.001695 1.070719
v -0.052796 -0.001779 1.083110
v 0.035913 -0.026946 1.085945
v 0.019743 -0.026304 1.120068
v 0.067343 -0.039808 1.101503
v 0.053245 -0.031863 1.135626
v 0.043543 -0.033056 1.110785
v 0.037687 -0.024805 1.127272
v 0.031643 -0.029680 1.115427
v 0.029391 -0.022452 1.103455
v 0.052860 -0.029109 1.094299
v 0.055443 -0.036432 1.106144
v 0.061155 -0.031463 1.118116
v 0.045453 -0.029652 1.061820
v 0.035053 -0.026701 1.085269
v 0.077919 -0.038863 1.077379
v 0.067519 -0.035912 1.100828
v 0.040830 -0.026141 1.073545
v 0.073296 -0.035351 1.089103
v 0.068801 -0.033908 1.072711
v 0.064178 -0.030396 1.084436
v 0.058401 -0.030957 1.096160
v 0.056816 -0.032876 1.067266
v 0.052193 -0.029364 1.078990
v 0.046416 -0.029925 1.090715
v 0.018734 -0.022072 1.122061
v 0.007758 -0.018958 1.146809
v 0.051201 -0.031283 1.137620
v 0.040224 -0.028169 1.162368
v 0.012608 -0.022764 1.134435
v 0.045074 -0.031975 1.149994
v 0.035792 -0.023772 1.129840
v 0.029665 -0.024464 1.142215
v 0.024815 -0.020658 1.154589
v 0.007731 -0.018950 1.075634
v -0.007237 -0.014704 1.109381
v 0.035147 -0.026728 1.088772
v 0.020179 -0.022482 1.122519
v 0.022202 -0.020147 1.082203
v 0.007235 -0.015901 1.115950
v 0.000888 -0.014566 1.092507
v 0.015360 -0.015763 1.099077
v 0.028304 -0.022344 1.105646
v -0.024253 -0.013581 1.057812
v -0.037559 -0.003478 1.091559
v 0.009875 -0.016936 1.073370
v -0.006027 -0.015979 1.107118
v 0.002005 -0.016173 1.090244
v -0.010704 -0.015805 1.094791
v -0.021712 -0.009444 1.099339
v -0.014390 -0.012137 1.082465
v -0.007047 -0.014758 1.065591
v -0.019453 -0.013323 1.070138
v -0.030764 -0.008029 1.074685
v -0.011292 -0.009335 1.036168
v -0.021613 -0.006407 1.059438
v 0.021677 -0.016773 1.051727
v 0.011356 -0.013845 1.074996
v -0.016277 -0.007070 1.047780
v 0.016693 -0.014508 1.063339
v -0.002660 -0.016002 1.040836
v -0.007644 -0.013737 1.052448
v -0.012980 -0.013074 1.064105
v 0.014455 -0.017842 1.048658
v 0.009470 -0.015576 1.060270
v 0.004134 -0.014914 1.071927
v 0.010892 -0.023087 1.052650
v 0.000813 -0.020228 1.075376
v 0.042504 -0.032055 1.067799
v 0.032424 -0.029196 1.090525
v 0.006276 -0.018537 1.063808
v 0.038742 -0.027748 1.079367
v 0.027826 -0.024651 1.059599
v 0.024101 -0.017531 1.071588
v 0.017192 -0.021634 1.083576
v -0.012699 -0.013154 1.108314
v -0.023177 -0.010181 1.131938
v 0.019767 -0.022365 1.123873
v 0.009289 -0.019392 1.147496
v -0.017938 -0.011668 1.120126
v 0.014528 -0.020879 1.135684
v 0.004841 -0.012785 1.116310
v -0.001705 -0.016273 1.127905
v -0.005444 -0.009867 1.139500
v -0.041622 -0.004949 1.090828
v -0.052595 -0.001835 1.115569
v -0.009155 -0.014159 1.106387
v -0.020129 -0.011046 1.131127
v -0.048205 -0.007493 1.103228
v -0.015886 -0.016719 1.118723
v -0.025102 -0.008181 1.098824
v -0.031514 -0.010237 1.110976
v -0.035884 -0.005125 1.123133
v -0.053482 0.007444 1.145998
v -0.023701 -0.002255 1.167368
v -0.032108 0.000131 1.115546
v -0.001671 -0.007256 1.136916
v -0.043547 -0.000727 1.130686
v -0.030410 -0.002002 1.128684
v -0.018620 -0.007799 1.126317
v -0.027905 -0.001062 1.141457
v -0.039344 -0.001919 1.156597
v -0.026263 -0.003167 1.154230
v -0.014416 -0.008991 1.152228
v 0.004700 -0.014415 1.062140
v 0.033119 -0.026423 1.083921
v 0.024388 -0.023946 1.031859
v 0.054879 -0.028651 1.053641
v 0.028753 -0.025185 1.057890
v 0.044664 -0.023108 1.068694
v 0.030936 -0.025804 1.070906
v 0.020611 -0.016285 1.072755
v 0.016304 -0.015062 1.047087
v 0.026571 -0.024565 1.044875
v 0.040356 -0.021887 1.043026
v -0.016339 -0.008446 1.047926
v 0.003902 -0.014188 1.062894
v 0.004385 -0.014325 1.017645
v 0.024626 -0.020068 1.032613
v -0.005641 -0.009281 1.055410
v 0.015083 -0.015161 1.025129
v -0.001210 -0.010370 1.026730
v 0.009488 -0.011205 1.034214
v 0.019030 -0.016112 1.041698
v -0.009086 -0.010504 1.037328
v 0.001612 -0.011339 1.044812
v 0.011155 -0.016246 1.052296
v 0.035661 -0.023198 1.086379
v 0.057023 -0.029259 1.102177
v 0.056385 -0.029078 1.056099
v 0.077748 -0.035139 1.071896
v 0.045704 -0.028478 1.094278
v 0.066428 -0.034358 1.063998
v 0.046847 -0.023233 1.071239
v 0.056890 -0.028512 1.079138
v 0.068210 -0.029293 1.087036
v -0.010270 -0.010168 1.089017
v 0.018861 -0.018432 1.110559
v 0.007231 -0.015133 1.063447
v 0.036362 -0.023397 1.084989
v -0.000756 -0.009958 1.076232
v 0.028375 -0.018223 1.097774
v 0.004937 -0.012039 1.099788
v 0.014451 -0.011830 1.087003
v 0.022438 -0.017004 1.074218
v -0.033837 -0.007187 1.117391
v -0.003044 -0.009595 1.138934
v -0.011451 -0.007210 1.087111
v 0.016746 -0.018765 1.108653
v 0.002728 -0.012703 1.097882
v 0.003980 -0.016295 1.110837
v 0.006932 -0.013895 1.123793
v -0.007795 -0.010332 1.113022
v -0.022502 -0.006698 1.102251
v -0.020948 -0.009223 1.115207
v -0.018298 -0.007890 1.128163
v -0.050202 0.005379 1.102267
v -0.030115 -0.000320 1.117121
v -0.028975 0.001272 1.071987
v -0.008888 -0.004426 1.086840
v -0.039966 0.003326 1.109738
v -0.018738 -0.000780 1.079458
v -0.045092 -0.000289 1.093183
v -0.034856 -0.002342 1.100654
v -0.025006 -0.005987 1.108037
v -0.033881 -0.000453 1.077959
v -0.023645 -0.002506 1.085431
v -0.013795 -0.006152 1.092813
v -0.032105 -0.007213 1.080660
v -0.012488 -0.012779 1.095166
v -0.011926 -0.012938 1.051177
v 0.007690 -0.018503 1.065683
v -0.021719 -0.006920 1.088312
v -0.000994 -0.012799 1.058031
v -0.021705 -0.006924 1.065519
v -0.009764 -0.004248 1.073172
v -0.001008 -0.012795 1.080824
v 0.016840 -0.017859 1.115941
v 0.037232 -0.023644 1.131020
v 0.037565 -0.023739 1.085660
v 0.057956 -0.029524 1.100740
v 0.027036 -0.020752 1.123480
v 0.047760 -0.026631 1.093200
v 0.028793 -0.015905 1.100939
v 0.037398 -0.023691 1.108340
v 0.048810 -0.021584 1.115741
v -0.005049 -0.011649 1.142244
v 0.016307 -0.017708 1.158037
v 0.015675 -0.017528 1.111964
v 0.037031 -0.023587 1.127756
v 0.004510 -0.018773 1.150083
v 0.025135 -0.024681 1.119925
v 0.005881 -0.013296 1.127241
v 0.015354 -0.019858 1.135003
v 0.026865 -0.019251 1.142758
v 0.015081 -0.007161 1.176586
v 0.048847 -0.017990 1.163161
v 0.003159 -0.005028 1.140656
v 0.037581 -0.013545 1.127231
v 0.008091 -0.010530 1.158155
v 0.014309 -0.009842 1.146362
v 0.018916 -0.013601 1.134409
v 0.026003 -0.011509 1.151908
v 0.030935 -0.017011 1.169407
v 0.036834 -0.016222 1.157455
v 0.041761 -0.020082 1.145662
v -0.018353 -0.003028 1.077792
v 0.014655 -0.016338 1.065160
v -0.031408 -0.003270 1.042794
v 0.003672 -0.009277 1.030162
v -0.008376 -0.009804 1.053977
v 0.009994 -0.008426 1.048077
v 0.003139 -0.013071 1.059569
v -0.000574 -0.005428 1.070901
v -0.023286 0.001016 1.059877
v -0.019892 -0.006537 1.048386
v -0.012718 -0.001983 1.037053
v -0.041609 0.003570 1.087585
v -0.018215 -0.003067 1.078904
v -0.053629 0.006980 1.052587
v -0.030234 0.000343 1.043906
v -0.029335 0.002287 1.083245
v -0.041354 0.005697 1.048246
v -0.049401 0.008149 1.063086
v -0.037126 0.006866 1.058746
v -0.026007 0.001512 1.054405
v -0.045816 0.004763 1.075336
v -0.033541 0.003481 1.070995
v -0.022422 -0.001874 1.066655
v 0.018492 -0.013481 1.065284
v 0.043183 -0.020486 1.056122
v 0.006473 -0.010071 1.030285
v 0.031164 -0.017076 1.021124
v 0.030199 -0.019233 1.060703
v 0.018180 -0.015823 1.025705
v 0.013307 -0.008871 1.047785
v 0.025014 -0.014623 1.043204
v 0.037998 -0.015876 1.038623
v -0.005724 -0.006611 1.105938
v 0.027946 -0.016163 1.093444
v -0.015873 -0.003731 1.076384
v 0.017796 -0.013284 1.063890
v -0.010035 -0.002479 1.091161
v 0.023635 -0.012031 1.078667
v 0.011752 -0.009126 1.099691
v 0.007441 -0.004994 1.084914
v 0.001603 -0.006247 1.070137
v 0.002749 -0.012719 1.141439
v 0.038080 -0.016415 1.128945
v -0.007609 -0.003453 1.106440
v 0.025127 -0.016296 1.093947
v 0.008840 -0.009590 1.100194
v 0.019412 -0.015827 1.105820
v 0.031684 -0.016071 1.111446
v 0.014688 -0.011864 1.117693
v -0.002288 -0.007586 1.123940
v 0.008587 -0.012756 1.129566
v 0.020556 -0.014067 1.135192
v -0.017661 0.000994 1.148500
v 0.005555 -0.005593 1.139885
v -0.029177 0.006177 1.113501
v -0.005961 -0.000410 1.104887
v -0.005812 -0.001517 1.144244
v -0.017328 0.003666 1.109246
v -0.022374 -0.001887 1.138000
v -0.010525 -0.004398 1.133744
v 0.000842 -0.008474 1.129386
v -0.027625 0.002619 1.120405
v -0.015776 0.000108 1.116149
v -0.004409 -0.003968 1.111790
v -0.025180 -0.004331 1.119037
v -0.002507 -0.010764 1.110624
v -0.036883 -0.001011 1.084960
v -0.014210 -0.007444 1.076548
v -0.012835 -0.004594 1.115291
v -0.024854 -0.001184 1.080293
v -0.030805 0.000505 1.102230
v -0.017252 0.002723 1.097792
v -0.006884 -0.006282 1.093354
v 0.031034 -0.017039 1.098248
v 0.054603 -0.023726 1.089503
v 0.019015 -0.013629 1.063250
v 0.042584 -0.020316 1.054504
v 0.042818 -0.020382 1.093875
v 0.030799 -0.016973 1.058877
v 0.026644 -0.010449 1.080668
v 0.036809 -0.018677 1.076376
v 0.049780 -0.017012 1.072084
v 0.039249 -0.019370 1.131963
v 0.063932 -0.026373 1.122804
v 0.027230 -0.015960 1.096964
v 0.051913 -0.022963 1.087805
v 0.050409 -0.026948 1.127317
v 0.038424 -0.023605 1.092460
v 0.033836 -0.016380 1.114383
v 0.044946 -0.023407 1.109887
v 0.058089 -0.023263 1.105383
v 0.018533 -0.026883 0.989993
v 0.016663 -0.023103 1.013637
v 0.041758 -0.031835 0.993583
v 0.040192 -0.026586 1.016967
v 0.029776 -0.032136 0.992534
v 0.035195 -0.030592 0.998839
v 0.040196 -0.031993 1.005512
v 0.029211 -0.027469 1.003610
v 0.017229 -0.027770 1.002561
v 0.022826 -0.026281 1.008723
v 0.027649 -0.027627 1.015539
v 0.082200 -0.041651 0.999979
v 0.079570 -0.039412 1.023650
v 0.104689 -0.048194 1.003341
v 0.103017 -0.041315 1.026191
v 0.092130 -0.043803 1.013495
v 0.091724 -0.037682 1.024101
v 0.085850 -0.041608 1.018572
v 0.081753 -0.037845 1.011533
v 0.094136 -0.042175 1.001518
v 0.098409 -0.045999 1.008418
v 0.104107 -0.042012 1.014087
v 0.083015 -0.044688 0.983760
v 0.081537 -0.041555 0.999744
v 0.105983 -0.048912 0.986711
v 0.104505 -0.045779 1.002695
v 0.082543 -0.041828 0.991523
v 0.105511 -0.046052 0.994474
v 0.099380 -0.046252 0.985579
v 0.098908 -0.043392 0.993343
v 0.097902 -0.043119 1.001564
v 0.091054 -0.046166 0.984793
v 0.090582 -0.043306 0.992556
v 0.089576 -0.043033 1.000777
v 0.079218 -0.036640 1.024824
v 0.077658 -0.033333 1.041694
v 0.102186 -0.040863 1.027775
v 0.100626 -0.037557 1.044645
v 0.078143 -0.036416 1.033512
v 0.101111 -0.040639 1.036463
v 0.091083 -0.036906 1.025973
v 0.090008 -0.036681 1.034661
v 0.089524 -0.033599 1.042843
v 0.062924 -0.037785 0.999319
v 0.060797 -0.033276 1.022323
v 0.082319 -0.041351 1.001811
v 0.080192 -0.036842 1.024816
v 0.072974 -0.037858 1.000262
v 0.070847 -0.033349 1.023267
v 0.062157 -0.034094 1.010567
v 0.072208 -0.034167 1.011511
v 0.081552 -0.037660 1.013059
v 0.039923 -0.036114 0.995122
v 0.038565 -0.027885 1.017469
v 0.063660 -0.036617 0.997415
v 0.061101 -0.034199 1.020790
v 0.062418 -0.035227 1.009071
v 0.055750 -0.034948 1.014421
v 0.049870 -0.030861 1.019097
v 0.050859 -0.033477 1.007659
v 0.051857 -0.036048 0.996213
v 0.045330 -0.035090 1.001443
v 0.039310 -0.031681 1.006239
v 0.043029 -0.034552 0.979295
v 0.041562 -0.031443 0.995157
v 0.066230 -0.037649 0.982047
v 0.064763 -0.034540 0.997910
v 0.042365 -0.032491 0.987133
v 0.065566 -0.035588 0.989886
v 0.049407 -0.038300 0.980619
v 0.048743 -0.036238 0.988458
v 0.047940 -0.035191 0.996482
v 0.061321 -0.038649 0.981789
v 0.060657 -0.036588 0.989628
v 0.059854 -0.035541 0.997652
v 0.060218 -0.041771 0.985191
v 0.058786 -0.038735 1.000682
v 0.082581 -0.045883 0.988065
v 0.081149 -0.042847 1.003556
v 0.059593 -0.038292 0.992561
v 0.082561 -0.042515 0.995512
v 0.071833 -0.042005 0.985864
v 0.071814 -0.036838 0.993406
v 0.070322 -0.038802 1.002208
v 0.057253 -0.032468 1.022750
v 0.055764 -0.029312 1.038854
v 0.080221 -0.036692 1.025702
v 0.078732 -0.033535 1.041805
v 0.056509 -0.030890 1.030802
v 0.079476 -0.035114 1.033753
v 0.069373 -0.031408 1.023818
v 0.067992 -0.033002 1.032278
v 0.067911 -0.028310 1.039625
v 0.036043 -0.028933 1.017962
v 0.034483 -0.025627 1.034827
v 0.059010 -0.033156 1.020914
v 0.057451 -0.029851 1.037779
v 0.034770 -0.029882 1.026859
v 0.057638 -0.034122 1.029804
v 0.047690 -0.030161 1.019434
v 0.046451 -0.030814 1.028122
v 0.046158 -0.026914 1.036005
v 0.031127 -0.030128 0.971561
v 0.019593 -0.024923 0.991974
v 0.051108 -0.032734 0.984630
v 0.039878 -0.026060 1.004783
v 0.040626 -0.034172 0.978900
v 0.042918 -0.031724 0.986663
v 0.044836 -0.032215 0.994884
v 0.035351 -0.028829 0.988302
v 0.024869 -0.030267 0.982572
v 0.027384 -0.027867 0.990282
v 0.029078 -0.028309 0.998556
v 0.085907 -0.038445 1.007635
v 0.073751 -0.034837 1.027919
v 0.105395 -0.042713 1.020357
v 0.094198 -0.034465 1.039821
v 0.089573 -0.038775 1.024138
v 0.084557 -0.032004 1.033032
v 0.081662 -0.036806 1.026029
v 0.080590 -0.033914 1.017604
v 0.096191 -0.037797 1.013873
v 0.097484 -0.040744 1.022247
v 0.100157 -0.035888 1.029302
v 0.093416 -0.042499 0.993488
v 0.085393 -0.038426 1.007145
v 0.113384 -0.044447 1.005800
v 0.105360 -0.040373 1.019457
v 0.089672 -0.039169 1.000088
v 0.109639 -0.041117 1.012400
v 0.107681 -0.042470 1.001860
v 0.103937 -0.039140 1.008460
v 0.099657 -0.038397 1.015517
v 0.100405 -0.043181 0.997797
v 0.096660 -0.039851 1.004397
v 0.092381 -0.039107 1.011454
v 0.072803 -0.032034 1.028574
v 0.064335 -0.027734 1.042988
v 0.092771 -0.033982 1.040886
v 0.084302 -0.029682 1.055300
v 0.068274 -0.031313 1.036034
v 0.088241 -0.033261 1.048346
v 0.083168 -0.031162 1.034404
v 0.078639 -0.030441 1.041864
v 0.074700 -0.026862 1.048818
v 0.068391 -0.036367 0.998925
v 0.056844 -0.030504 1.018581
v 0.085253 -0.038012 1.009321
v 0.073705 -0.032149 1.028977
v 0.077175 -0.035479 1.003821
v 0.065628 -0.029616 1.023476
v 0.062914 -0.031999 1.008499
v 0.071698 -0.031111 1.013394
v 0.079776 -0.033644 1.018895
v 0.049039 -0.037044 0.985717
v 0.038260 -0.027461 1.004715
v 0.069775 -0.035271 0.997371
v 0.057795 -0.031499 1.017397
v 0.063822 -0.033204 1.007352
v 0.055550 -0.033155 1.009525
v 0.048065 -0.029299 1.011024
v 0.053764 -0.032592 1.001260
v 0.059472 -0.035840 0.991488
v 0.051340 -0.035113 0.993541
v 0.043715 -0.031934 0.995160
v 0.058230 -0.036297 0.972393
v 0.050268 -0.032254 0.985946
v 0.078430 -0.037118 0.984506
v 0.070468 -0.033076 0.998059
v 0.054323 -0.033772 0.979063
v 0.074523 -0.034594 0.991176
v 0.063708 -0.039362 0.976525
v 0.059801 -0.036837 0.983195
v 0.055745 -0.035319 0.990079
v 0.074113 -0.038567 0.982402
v 0.070206 -0.036043 0.989071
v 0.066150 -0.034525 0.995955
v 0.071891 -0.041535 0.985366
v 0.064115 -0.037587 0.998602
v 0.091333 -0.043431 0.997353
v 0.083556 -0.039483 1.010589
v 0.068134 -0.037630 0.991484
v 0.088101 -0.039578 1.003796
v 0.082219 -0.040687 0.990658
v 0.078854 -0.035039 0.997010
v 0.074015 -0.036521 1.004622
v 0.053396 -0.029988 1.017469
v 0.045312 -0.025884 1.031228
v 0.073363 -0.031936 1.029781
v 0.065279 -0.027832 1.043540
v 0.049354 -0.027936 1.024349
v 0.069321 -0.029884 1.036660
v 0.063954 -0.027782 1.023195
v 0.059337 -0.028910 1.030504
v 0.056019 -0.023753 1.036702
v 0.035815 -0.028693 1.004257
v 0.027350 -0.024395 1.018667
v 0.055783 -0.030641 1.016568
v 0.047317 -0.026343 1.030978
v 0.031084 -0.029142 1.011944
v 0.050964 -0.031115 1.024212
v 0.045902 -0.028775 1.010387
v 0.041270 -0.028941 1.017868
v 0.037584 -0.024553 1.024546
v 0.024612 -0.015010 1.036295
v 0.042580 -0.016709 1.052140
v 0.040146 -0.022003 1.019366
v 0.058418 -0.022233 1.034951
v 0.032123 -0.021354 1.028310
v 0.040562 -0.021632 1.027847
v 0.048388 -0.024829 1.027663
v 0.041363 -0.019356 1.035753
v 0.033341 -0.018707 1.044697
v 0.041764 -0.019015 1.044002
v 0.049605 -0.022182 1.044050
v 0.067043 -0.035371 0.989859
v 0.084240 -0.038528 1.006185
v 0.081611 -0.043813 0.973236
v 0.099767 -0.042330 0.988741
v 0.082926 -0.041171 0.989711
v 0.092218 -0.037660 0.996884
v 0.083583 -0.039849 0.997948
v 0.076533 -0.034326 0.997412
v 0.075235 -0.036931 0.981166
v 0.082268 -0.042492 0.981473
v 0.090920 -0.040266 0.980638
v 0.054340 -0.034610 0.979324
v 0.066487 -0.035185 0.990260
v 0.069388 -0.040732 0.962289
v 0.081535 -0.041307 0.973226
v 0.060681 -0.033604 0.984563
v 0.075728 -0.039726 0.967529
v 0.065161 -0.037503 0.967153
v 0.071502 -0.036497 0.972393
v 0.077308 -0.038078 0.978090
v 0.059607 -0.036753 0.973362
v 0.065948 -0.035747 0.978601
v 0.071754 -0.037328 0.984298
v 0.085546 -0.036088 1.007421
v 0.098367 -0.036695 1.018964
v 0.100594 -0.042210 0.990387
v 0.113414 -0.042817 1.001930
v 0.091661 -0.037820 1.013445
v 0.106709 -0.043943 0.996411
v 0.093452 -0.037303 0.998577
v 0.099566 -0.039036 1.004602
v 0.106272 -0.037910 1.010120
v 0.055888 -0.030342 1.005262
v 0.073370 -0.031169 1.021002
v 0.068594 -0.035511 0.990877
v 0.086076 -0.036339 1.006618
v 0.062594 -0.031216 0.997767
v 0.080076 -0.032044 1.013507
v 0.064925 -0.029319 1.012878
v 0.071632 -0.030194 1.005383
v 0.077632 -0.034489 0.998493
v 0.039298 -0.026408 1.021347
v 0.057549 -0.023515 1.036429
v 0.055114 -0.028810 1.003655
v 0.072164 -0.031728 1.019765
v 0.063676 -0.030088 1.011678
v 0.063892 -0.030668 1.020208
v 0.064894 -0.027441 1.028065
v 0.056078 -0.027388 1.020259
v 0.047272 -0.027291 1.012445
v 0.047627 -0.027193 1.020855
v 0.048489 -0.024643 1.028832
v 0.029276 -0.021405 1.009638
v 0.041330 -0.021976 1.020491
v 0.044556 -0.026401 0.992404
v 0.056610 -0.026972 1.003257
v 0.035384 -0.021181 1.015001
v 0.050664 -0.026177 0.997767
v 0.033278 -0.025722 1.004966
v 0.039386 -0.025498 1.010329
v 0.045332 -0.026293 1.015819
v 0.041209 -0.027027 0.996088
v 0.047318 -0.026803 1.001451
v 0.053263 -0.027597 1.006942
v 0.042491 -0.030782 0.998693
v 0.054263 -0.031339 1.009293
v 0.057142 -0.036743 0.982108
v 0.068914 -0.037300 0.992707
v 0.048573 -0.029075 1.003880
v 0.063620 -0.035197 0.986846
v 0.049886 -0.031842 0.989772
v 0.056833 -0.028570 0.994732
v 0.062307 -0.032430 1.000955
v 0.071763 -0.030278 1.024167
v 0.084001 -0.030857 1.035185
v 0.086811 -0.036400 1.007133
v 0.099048 -0.036979 1.018151
v 0.077882 -0.030567 1.029676
v 0.092929 -0.036690 1.012642
v 0.080049 -0.030201 1.015195
v 0.085406 -0.033628 1.021159
v 0.092061 -0.030770 1.026011
v 0.056195 -0.024500 1.038643
v 0.069011 -0.025107 1.050182
v 0.071242 -0.030622 1.021609
v 0.084058 -0.031229 1.033148
v 0.062095 -0.027409 1.044839
v 0.077075 -0.033540 1.027880
v 0.064007 -0.026712 1.030075
v 0.069831 -0.029287 1.036149
v 0.076600 -0.027309 1.041414
v 0.066680 -0.016398 1.060282
v 0.089201 -0.022790 1.054916
v 0.061136 -0.020123 1.037212
v 0.083961 -0.025045 1.031586
v 0.063497 -0.021122 1.048968
v 0.068051 -0.021770 1.041873
v 0.071811 -0.025282 1.035162
v 0.075169 -0.021456 1.046064
v 0.077529 -0.022455 1.057820
v 0.081887 -0.023078 1.050599
v 0.085843 -0.026615 1.044014
v 0.051108 -0.027748 0.997037
v 0.073224 -0.035623 0.992438
v 0.044911 -0.032895 0.974789
v 0.067985 -0.036129 0.969369
v 0.059067 -0.034259 0.983613
v 0.070896 -0.033066 0.980650
v 0.066145 -0.034941 0.988026
v 0.062800 -0.029048 0.993906
v 0.048840 -0.027702 0.985207
v 0.051989 -0.033577 0.979201
v 0.056935 -0.031720 0.971950
v 0.035607 -0.023813 1.001179
v 0.051133 -0.027630 0.997737
v 0.029888 -0.026639 0.978521
v 0.045415 -0.030456 0.975079
v 0.043637 -0.024428 0.999229
v 0.037919 -0.027254 0.976571
v 0.031892 -0.024399 0.985072
v 0.039922 -0.025014 0.983122
v 0.047418 -0.028216 0.981630
v 0.033605 -0.024802 0.993249
v 0.041636 -0.025417 0.991299
v 0.049132 -0.028619 0.989806
v 0.075495 -0.033619 0.992335
v 0.091882 -0.037647 0.988702
v 0.069777 -0.036445 0.969677
v 0.086164 -0.040474 0.966044
v 0.083393 -0.037062 0.990771
v 0.077675 -0.039889 0.968113
v 0.073017 -0.033186 0.980680
v 0.080916 -0.036629 0.979116
v 0.089404 -0.037215 0.977046
v 0.057611 -0.025825 1.015503
v 0.079957 -0.031319 1.010548
v 0.052782 -0.028212 0.996369
v 0.075128 -0.033706 0.991415
v 0.055550 -0.025308 1.005634
v 0.077896 -0.030802 1.000679
v 0.069081 -0.027136 1.012771
v 0.067020 -0.026619 1.002902
v 0.064252 -0.029522 0.993638
v 0.061197 -0.024812 1.038645
v 0.084311 -0.026585 1.033032
v 0.056247 -0.023918 1.015329
v 0.078161 -0.031502 1.010744
v 0.067241 -0.027529 1.013004
v 0.073864 -0.030100 1.017767
v 0.081274 -0.028863 1.021856
v 0.070026 -0.026478 1.024397
v 0.058788 -0.024047 1.026930
v 0.065550 -0.025940 1.031573
v 0.072820 -0.025381 1.035782
v 0.047307 -0.016640 1.040335
v 0.062715 -0.020428 1.036919
v 0.041821 -0.018340 1.017478
v 0.057229 -0.022128 1.014062
v 0.055122 -0.018029 1.038572
v 0.049637 -0.019729 1.015715
v 0.045079 -0.019968 1.033976
v 0.052894 -0.021357 1.032213
v 0.060487 -0.023756 1.030560
v 0.042570 -0.019616 1.022271
v 0.050386 -0.021005 1.020508
v 0.057978 -0.023404 1.018855
v 0.044514 -0.023943 1.022413
v 0.059562 -0.027642 1.019077
v 0.038947 -0.026695 1.000352
v 0.053994 -0.030395 0.997015
v 0.052507 -0.023850 1.020706
v 0.046789 -0.026677 0.998048
v 0.041710 -0.023312 1.011137
v 0.050385 -0.021698 1.008746
v 0.057586 -0.027215 1.007617
v 0.081666 -0.031101 1.013777
v 0.097308 -0.034946 1.010309
v 0.075948 -0.033927 0.991119
v 0.091590 -0.037773 0.987651
v 0.089487 -0.033024 1.012043
v 0.083769 -0.035850 0.989385
v 0.079600 -0.029406 1.001860
v 0.086628 -0.034437 1.000714
v 0.094955 -0.033181 0.998456
v 0.085014 -0.027981 1.035326
v 0.101396 -0.032008 1.031694
v 0.079295 -0.030807 1.012668
v 0.095677 -0.034835 1.009036
v 0.092658 -0.032594 1.033926
v 0.086956 -0.035443 1.011366
v 0.082474 -0.028574 1.023814
v 0.090052 -0.032831 1.022435
v 0.098570 -0.032533 1.020245
v -0.028987 -0.016778 0.983618
v -0.030857 -0.012998 1.007262
v -0.005762 -0.021730 0.987209
v -0.007328 -0.016481 1.010593
v -0.017744 -0.022031 0.986160
v -0.012325 -0.020487 0.992465
v -0.007324 -0.021888 0.999138
v -0.018309 -0.017364 0.997235
v -0.030291 -0.017665 0.996186
v -0.024694 -0.016176 1.002349
v -0.019871 -0.017522 1.009164
v 0.034680 -0.031546 0.993604
v 0.032050 -0.029307 1.017275
v 0.057169 -0.038089 0.996966
v 0.055498 -0.031210 1.019816
v 0.044609 -0.033698 1.007121
v 0.044204 -0.027577 1.017727
v 0.038330 -0.031503 1.012198
v 0.034233 -0.027740 1.005159
v 0.046616 -0.032070 0.995144
v 0.050889 -0.035894 1.002043
v 0.056587 -0.031907 1.007712
v 0.035495 -0.034583 0.977385
v 0.034017 -0.031450 0.993369
v 0.058463 -0.038807 0.980337
v 0.056985 -0.035674 0.996321
v 0.035023 -0.031723 0.985148
v 0.057991 -0.035947 0.988100
v 0.051860 -0.036147 0.979205
v 0.051388 -0.033287 0.986968
v 0.050382 -0.033014 0.995189
v 0.043534 -0.036061 0.978418
v 0.043062 -0.033201 0.986181
v 0.042056 -0.032929 0.994402
v 0.031698 -0.026535 1.018449
v 0.030138 -0.023228 1.035320
v 0.054666 -0.030758 1.021401
v 0.053106 -0.027452 1.038271
v 0.030623 -0.026311 1.027137
v 0.053591 -0.030534 1.030089
v 0.043563 -0.026801 1.019599
v 0.042488 -0.026576 1.028286
v 0.042004 -0.023494 1.036469
v 0.015404 -0.027680 0.992944
v 0.013277 -0.023171 1.015949
v 0.034799 -0.031246 0.995437
v 0.032672 -0.026737 1.018441
v 0.025455 -0.027753 0.993888
v 0.023328 -0.023244 1.016893
v 0.014637 -0.023989 1.004193
v 0.024688 -0.024062 1.005136
v 0.034032 -0.027555 1.006685
v -0.007597 -0.026009 0.988748
v -0.008955 -0.017780 1.011094
v 0.016140 -0.026512 0.991041
v 0.013581 -0.024094 1.014416
v 0.014897 -0.025122 1.002696
v 0.008230 -0.024843 1.008046
v 0.002350 -0.020756 1.012723
v 0.003339 -0.023372 1.001284
v 0.004337 -0.025943 0.989838
v -0.002190 -0.024985 0.995068
v -0.008210 -0.021576 0.999865
v -0.004491 -0.024447 0.972921
v -0.005958 -0.021338 0.988783
v 0.018710 -0.027544 0.975673
v 0.017243 -0.024436 0.991535
v -0.005155 -0.022386 0.980759
v 0.018046 -0.025483 0.983511
v 0.001887 -0.028195 0.974245
v 0.001223 -0.026133 0.982083
v 0.000420 -0.025086 0.990107
v 0.013801 -0.028544 0.975415
v 0.013137 -0.026483 0.983253
v 0.012334 -0.025436 0.991277
v 0.012698 -0.031666 0.978816
v 0.011266 -0.028630 0.994308
v 0.035061 -0.035778 0.981690
v 0.033629 -0.032742 0.997181
v 0.012073 -0.028187 0.986186
v 0.035041 -0.032410 0.989138
v 0.024313 -0.031900 0.979490
v 0.024294 -0.026733 0.987031
v 0.022802 -0.028697 0.995834
v 0.009733 -0.022363 1.016376
v 0.008244 -0.019207 1.032479
v 0.032701 -0.026587 1.019327
v 0.031212 -0.023430 1.035431
v 0.008989 -0.020785 1.024428
v 0.031956 -0.025009 1.027379
v 0.021853 -0.021303 1.017444
v 0.020472 -0.022897 1.025903
v 0.020391 -0.018205 1.033251
v -0.011477 -0.018828 1.011588
v -0.013037 -0.015522 1.028453
v 0.011490 -0.023051 1.014539
v 0.009931 -0.019746 1.031404
v -0.012750 -0.019777 1.020485
v 0.010118 -0.024017 1.023430
v 0.000170 -0.020056 1.013059
v -0.001069 -0.020709 1.021747
v -0.001362 -0.016809 1.029631
v -0.016393 -0.020023 0.965186
v -0.027927 -0.014818 0.985599
v 0.003588 -0.022629 0.978255
v -0.007643 -0.015955 0.998408
v -0.006894 -0.024067 0.972526
v -0.004602 -0.021619 0.980289
v -0.002684 -0.022110 0.988510
v -0.012169 -0.018724 0.981927
v -0.022651 -0.020162 0.976198
v -0.020136 -0.017762 0.983908
v -0.018442 -0.018205 0.992182
v 0.038387 -0.028340 1.001260
v 0.026231 -0.024733 1.021545
v 0.057875 -0.032608 1.013982
v 0.046678 -0.024360 1.033446
v 0.042053 -0.028670 1.017764
v 0.037037 -0.021899 1.026658
v 0.034142 -0.026701 1.019654
v 0.033070 -0.023809 1.011229
v 0.048671 -0.027692 1.007499
v 0.049964 -0.030639 1.015873
v 0.052637 -0.025783 1.022927
v 0.045896 -0.032394 0.987114
v 0.037873 -0.028321 1.000771
v 0.065864 -0.034342 0.999425
v 0.057840 -0.030269 1.013083
v 0.042152 -0.029064 0.993713
v 0.062119 -0.031012 1.006025
v 0.060161 -0.032365 0.995486
v 0.056417 -0.029035 1.002085
v 0.052138 -0.028292 1.009143
v 0.052885 -0.033076 0.991423
v 0.049140 -0.029746 0.998023
v 0.044861 -0.029002 1.005080
v 0.025283 -0.021929 1.022200
v 0.016815 -0.017629 1.036614
v 0.045251 -0.023877 1.034512
v 0.036782 -0.019577 1.048926
v 0.020754 -0.021208 1.029660
v 0.040721 -0.023156 1.041971
v 0.035648 -0.021057 1.028029
v 0.031119 -0.020336 1.035489
v 0.027180 -0.016757 1.042443
v 0.020871 -0.026262 0.992550
v 0.009324 -0.020399 1.012206
v 0.037733 -0.027907 1.002947
v 0.026185 -0.022044 1.022603
v 0.029655 -0.025374 0.997446
v 0.018108 -0.019511 1.017102
v 0.015394 -0.021894 1.002124
v 0.024178 -0.021006 1.007020
v 0.032256 -0.023539 1.012521
v 0.001519 -0.026939 0.979343
v -0.009260 -0.017356 0.998341
v 0.022255 -0.025166 0.990997
v 0.010275 -0.021394 1.011022
v 0.016302 -0.023099 1.000978
v 0.008030 -0.023050 1.003150
v 0.000545 -0.019194 1.004649
v 0.006244 -0.022487 0.994886
v 0.011952 -0.025735 0.985114
v 0.003820 -0.025008 0.987166
v -0.003805 -0.021829 0.988786
v 0.010710 -0.026192 0.966019
v 0.002748 -0.022150 0.979572
v 0.030910 -0.027013 0.978131
v 0.022948 -0.022971 0.991684
v 0.006803 -0.023668 0.972689
v 0.027003 -0.024489 0.984801
v 0.016188 -0.029257 0.970151
v 0.012281 -0.026732 0.976821
v 0.008225 -0.025214 0.983704
v 0.026593 -0.028462 0.976027
v 0.022686 -0.025938 0.982697
v 0.018630 -0.024420 0.989580
v 0.024371 -0.031430 0.978991
v 0.016595 -0.027482 0.992227
v 0.043813 -0.033326 0.990979
v 0.036036 -0.029378 1.004215
v 0.020614 -0.027525 0.985110
v 0.040581 -0.029473 0.997422
v 0.034699 -0.030582 0.984284
v 0.031334 -0.024934 0.990635
v 0.026495 -0.026416 0.998248
v 0.005876 -0.019883 1.011095
v -0.002208 -0.015779 1.024854
v 0.025843 -0.021831 1.023407
v 0.017759 -0.017727 1.037165
v 0.001834 -0.017831 1.017974
v 0.021801 -0.019779 1.030286
v 0.016434 -0.017677 1.016821
v 0.011817 -0.018805 1.024130
v 0.008499 -0.013648 1.030327
v -0.011705 -0.018588 0.997882
v -0.020170 -0.014290 1.012292
v 0.008263 -0.020536 1.010194
v -0.000203 -0.016238 1.024604
v -0.016436 -0.019037 1.005569
v 0.003444 -0.021010 1.017837
v -0.001618 -0.018670 1.004013
v -0.006250 -0.018836 1.011494
v -0.009936 -0.014448 1.018172
v -0.022908 -0.004905 1.029921
v -0.004940 -0.006604 1.045766
v -0.007374 -0.011898 1.012991
v 0.010898 -0.012128 1.028577
v -0.015397 -0.011249 1.021935
v -0.006958 -0.011527 1.021472
v 0.000868 -0.014724 1.021288
v -0.006157 -0.009251 1.029379
v -0.014179 -0.008602 1.038323
v -0.005756 -0.008910 1.037628
v 0.002085 -0.012077 1.037676
v 0.019523 -0.025266 0.983485
v 0.036720 -0.028423 0.999811
v 0.034091 -0.033708 0.966861
v 0.052247 -0.032225 0.982366
v 0.035406 -0.031066 0.983336
v 0.044698 -0.027555 0.990509
v 0.036063 -0.029744 0.991574
v 0.029013 -0.024221 0.991038
v 0.027715 -0.026826 0.974792
v 0.034748 -0.032387 0.975099
v 0.043400 -0.030161 0.974264
v 0.006820 -0.024505 0.972949
v 0.018967 -0.025080 0.983886
v 0.021868 -0.030627 0.955915
v 0.034015 -0.031202 0.966852
v 0.013161 -0.023499 0.978189
v 0.028208 -0.029621 0.961154
v 0.017641 -0.027398 0.960779
v 0.023982 -0.026392 0.966018
v 0.029788 -0.027973 0.971716
v 0.012087 -0.026648 0.966987
v 0.018428 -0.025642 0.972227
v 0.024234 -0.027223 0.977924
v 0.038026 -0.025983 1.001046
v 0.050847 -0.026590 1.012589
v 0.053074 -0.032105 0.984012
v 0.065894 -0.032712 0.995555
v 0.044141 -0.027715 1.007071
v 0.059189 -0.033838 0.990037
v 0.045931 -0.027198 0.992203
v 0.052046 -0.028931 0.998227
v 0.058752 -0.027805 1.003746
v 0.008368 -0.020237 0.998887
v 0.025850 -0.021064 1.014628
v 0.021074 -0.025406 0.984503
v 0.038556 -0.026234 1.000243
v 0.015074 -0.021111 0.991393
v 0.032556 -0.021939 1.007133
v 0.017405 -0.019214 1.006503
v 0.024112 -0.020089 0.999009
v 0.030112 -0.024384 0.992119
v -0.008222 -0.016303 1.014973
v 0.010029 -0.013410 1.030055
v 0.007594 -0.018705 0.997280
v 0.024644 -0.021623 1.013391
v 0.016156 -0.019983 1.005303
v 0.016372 -0.020563 1.013834
v 0.017374 -0.017336 1.021691
v 0.008558 -0.017283 1.013885
v -0.000248 -0.017186 1.006070
v 0.000107 -0.017088 1.014481
v 0.000969 -0.014538 1.022458
v -0.018244 -0.011300 1.003263
v -0.006190 -0.011871 1.014117
v -0.002964 -0.016296 0.986030
v 0.009090 -0.016867 0.996883
v -0.012136 -0.011076 1.008626
v 0.003144 -0.016072 0.991393
v -0.014242 -0.015617 0.998592
v -0.008134 -0.015393 1.003955
v -0.002188 -0.016188 1.009445
v -0.006311 -0.016922 0.989714
v -0.000202 -0.016698 0.995077
v 0.005743 -0.017492 1.000567
v -0.005029 -0.020677 0.992319
v 0.006743 -0.021234 1.002918
v 0.009622 -0.026638 0.975733
v 0.021394 -0.027195 0.986333
v 0.001053 -0.018970 0.997506
v 0.016100 -0.025092 0.980472
v 0.002366 -0.021737 0.983397
v 0.009313 -0.018465 0.988358
v 0.014786 -0.022325 0.994580
v 0.024243 -0.020173 1.017793
v 0.036481 -0.020752 1.028811
v 0.039291 -0.026295 1.000758
v 0.051528 -0.026874 1.011777
v 0.030362 -0.020462 1.023302
v 0.045409 -0.026585 1.006268
v 0.032529 -0.020096 1.008821
v 0.037886 -0.023523 1.014785
v 0.044541 -0.020665 1.019637
v 0.008675 -0.014395 1.032269
v 0.021491 -0.015002 1.043808
v 0.023722 -0.020517 1.015234
v 0.036538 -0.021124 1.026774
v 0.014575 -0.017305 1.038465
v 0.029555 -0.023435 1.021506
v 0.016487 -0.016607 1.023700
v 0.022311 -0.019182 1.029775
v 0.029080 -0.017204 1.035039
v 0.019160 -0.006293 1.053908
v 0.041681 -0.012685 1.048542
v 0.013617 -0.010018 1.030838
v 0.036440 -0.014940 1.025212
v 0.015977 -0.011017 1.042594
v 0.020531 -0.011665 1.035498
v 0.024291 -0.015177 1.028788
v 0.027649 -0.011351 1.039690
v 0.030009 -0.012350 1.051446
v 0.034367 -0.012973 1.044224
v 0.038323 -0.016510 1.037639
v 0.003588 -0.017643 0.990662
v 0.025704 -0.025518 0.986063
v -0.002609 -0.022790 0.968415
v 0.020465 -0.026024 0.962995
v 0.011547 -0.024154 0.977239
v 0.023376 -0.022961 0.974275
v 0.018625 -0.024836 0.981651
v 0.015280 -0.018943 0.987532
v 0.001320 -0.017597 0.978832
v 0.004469 -0.023472 0.972827
v 0.009415 -0.021615 0.965576
v -0.011913 -0.013708 0.994805
v 0.003613 -0.017525 0.991362
v -0.017632 -0.016534 0.972147
v -0.002105 -0.020351 0.968704
v -0.003883 -0.014323 0.992854
v -0.009601 -0.017149 0.970197
v -0.015628 -0.014294 0.978698
v -0.007598 -0.014909 0.976748
v -0.000102 -0.018111 0.975255
v -0.013915 -0.014697 0.986874
v -0.005884 -0.015312 0.984924
v 0.001612 -0.018514 0.983432
v 0.027975 -0.023514 0.985961
v 0.044362 -0.027542 0.982328
v 0.022257 -0.026340 0.963303
v 0.038644 -0.030369 0.959670
v 0.035873 -0.026957 0.984397
v 0.030155 -0.029784 0.961739
v 0.025497 -0.023081 0.974305
v 0.033396 -0.026524 0.972741
v 0.041885 -0.027110 0.970672
v 0.010091 -0.015720 1.009128
v 0.032437 -0.021214 1.004174
v 0.005262 -0.018107 0.989995
v 0.027608 -0.023601 0.985041
v 0.008030 -0.015204 0.999259
v 0.030376 -0.020697 0.994305
v 0.021561 -0.017031 1.006397
v 0.019500 -0.016514 0.996528
v 0.016732 -0.019417 0.987264
v 0.013677 -0.014707 1.032270
v 0.036792 -0.016480 1.026658
v 0.008727 -0.013813 1.008954
v 0.030641 -0.021397 1.004369
v 0.019721 -0.017424 1.006630
v 0.026344 -0.019995 1.011392
v 0.033754 -0.018758 1.015482
v 0.022506 -0.016373 1.018023
v 0.011268 -0.013942 1.020556
v 0.018030 -0.015835 1.025199
v 0.025300 -0.015276 1.029408
v -0.000213 -0.006535 1.033961
v 0.015195 -0.010323 1.030544
v -0.005699 -0.008235 1.011103
v 0.009709 -0.012023 1.007687
v 0.007602 -0.007924 1.032197
v 0.002117 -0.009624 1.009340
v -0.002441 -0.009863 1.027602
v 0.005374 -0.011252 1.025839
v 0.012967 -0.013651 1.024186
v -0.004950 -0.009511 1.015897
v 0.002866 -0.010900 1.014134
v 0.010458 -0.013299 1.012481
v -0.003006 -0.013838 1.016038
v 0.012042 -0.017538 1.012702
v -0.008573 -0.016590 0.993977
v 0.006474 -0.020290 0.990641
v 0.004987 -0.013745 1.014332
v -0.000731 -0.016572 0.991674
v -0.005810 -0.013207 1.004763
v 0.002865 -0.011593 1.002372
v 0.010066 -0.017110 1.001243
v 0.034146 -0.020996 1.007403
v 0.049788 -0.024841 1.003935
v 0.028428 -0.023822 0.984745
v 0.044070 -0.027668 0.981277
v 0.041967 -0.022919 1.005669
v 0.036249 -0.025745 0.983011
v 0.032080 -0.019301 0.995486
v 0.039108 -0.024332 0.994340
v 0.047435 -0.023076 0.992081
v 0.037494 -0.017876 1.028952
v 0.053876 -0.021903 1.025320
v 0.031775 -0.020702 1.006294
v 0.048157 -0.024730 1.002662
v 0.045138 -0.022489 1.027552
v 0.039436 -0.025338 1.004992
v 0.034954 -0.018469 1.017439
v 0.042532 -0.022726 1.016060
v 0.051050 -0.022428 1.013871
v -0.143272 0.025341 1.071833
v -0.142898 0.023986 1.109723
v -0.107148 0.013844 1.072562
v -0.106118 0.014801 1.110452
v -0.126100 0.015118 1.072562
v -0.116645 0.014887 1.081983
v -0.108225 0.010047 1.091143
v -0.125023 0.018915 1.091142
v -0.143975 0.020189 1.091143
v -0.134265 0.019897 1.100302
v -0.126100 0.015118 1.109723
v -0.044398 -0.008061 1.073692
v -0.045434 -0.011713 1.111266
v -0.009684 -0.021856 1.073692
v -0.008648 -0.018204 1.111266
v -0.027559 -0.016784 1.092479
v -0.026078 -0.010615 1.110752
v -0.036497 -0.014249 1.101873
v -0.043204 -0.005756 1.092734
v -0.025580 -0.010756 1.074206
v -0.018622 -0.019320 1.083085
v -0.008454 -0.015615 1.092224
v -0.045452 -0.007762 1.047632
v -0.045452 -0.007762 1.073453
v -0.009702 -0.017905 1.047632
v -0.009702 -0.017905 1.073453
v -0.044875 -0.005726 1.060542
v -0.009124 -0.015869 1.060542
v -0.019805 -0.012670 1.047632
v -0.019227 -0.010634 1.060542
v -0.019805 -0.012670 1.073453
v -0.032939 -0.011312 1.047632
v -0.032362 -0.009276 1.060542
v -0.032940 -0.011312 1.073453
v -0.045452 -0.007762 1.113967
v -0.045452 -0.007762 1.141218
v -0.009702 -0.017905 1.113967
v -0.009702 -0.017905 1.141218
v -0.046090 -0.010012 1.127593
v -0.010340 -0.020154 1.127593
v -0.026753 -0.009928 1.113967
v -0.027391 -0.012177 1.127593
v -0.026753 -0.009928 1.141218
v -0.074145 0.000378 1.076593
v -0.074145 0.000378 1.113754
v -0.043956 -0.008187 1.076593
v -0.043956 -0.008187 1.113754
v -0.058287 -0.001212 1.076593
v -0.058287 -0.001213 1.113754
v -0.073504 0.002639 1.095173
v -0.057645 0.001048 1.095173
v -0.043314 -0.005926 1.095173
v -0.110458 0.006975 1.073904
v -0.108797 0.012832 1.111065
v -0.073046 0.002689 1.073904
v -0.073980 -0.000601 1.111065
v -0.073432 0.001328 1.092485
v -0.083220 0.000868 1.101775
v -0.091308 0.006400 1.111065
v -0.091469 0.005831 1.092485
v -0.091610 0.005333 1.073904
v -0.101095 0.005939 1.083194
v -0.109485 0.010404 1.092485
v -0.107215 0.013978 1.049513
v -0.107215 0.013978 1.075137
v -0.070961 0.005608 1.049513
v -0.070961 0.005608 1.075137
v -0.107044 0.014781 1.062325
v -0.070790 0.006411 1.062325
v -0.097597 0.007031 1.049513
v -0.097426 0.007834 1.062325
v -0.097597 0.007031 1.075137
v -0.078831 0.004724 1.049513
v -0.078660 0.005526 1.062325
v -0.078831 0.004724 1.075137
v -0.080609 -0.001028 1.053975
v -0.080609 -0.001028 1.078999
v -0.045800 -0.010904 1.053975
v -0.045800 -0.010904 1.078999
v -0.080229 0.002104 1.066487
v -0.044479 -0.008038 1.066487
v -0.062354 -0.002967 1.053286
v -0.060762 0.002645 1.066487
v -0.062354 -0.002967 1.079688
v -0.079535 0.001907 1.115162
v -0.079535 0.001907 1.141175
v -0.043785 -0.008235 1.115162
v -0.043785 -0.008235 1.141175
v -0.079535 0.001907 1.128169
v -0.043785 -0.008235 1.128169
v -0.060257 0.001783 1.115401
v -0.061660 -0.003164 1.128169
v -0.060257 0.001783 1.140936
v -0.112844 0.011357 1.111870
v -0.112844 0.011357 1.139113
v -0.077093 0.001214 1.111870
v -0.077093 0.001214 1.139113
v -0.113934 0.007254 1.125491
v -0.078344 -0.002900 1.125491
v -0.094586 0.007631 1.112107
v -0.095607 0.004047 1.125491
v -0.094586 0.007629 1.138876
v -0.126145 0.024626 1.040615
v -0.141098 0.027619 1.075330
v -0.093663 0.014162 1.057141
v -0.107960 0.019467 1.091856
v -0.110974 0.014970 1.049362
v -0.106123 0.016046 1.061753
v -0.102225 0.012488 1.074015
v -0.117381 0.020891 1.066236
v -0.134691 0.021699 1.058457
v -0.129503 0.022690 1.070719
v -0.125942 0.019217 1.083110
v -0.037233 -0.005950 1.085945
v -0.053403 -0.005308 1.120068
v -0.005802 -0.018813 1.101503
v -0.019901 -0.010867 1.135626
v -0.029603 -0.012061 1.110785
v -0.035459 -0.003809 1.127272
v -0.041503 -0.008685 1.115427
v -0.043754 -0.001456 1.103455
v -0.020286 -0.008114 1.094299
v -0.017703 -0.015437 1.106144
v -0.011991 -0.010468 1.118116
v -0.027693 -0.008656 1.061820
v -0.038093 -0.005706 1.085269
v 0.004773 -0.017867 1.077379
v -0.005627 -0.014917 1.100828
v -0.032316 -0.005145 1.073545
v 0.000150 -0.014356 1.089103
v -0.004345 -0.012912 1.072711
v -0.008968 -0.009401 1.084436
v -0.014745 -0.009962 1.096160
v -0.016330 -0.011880 1.067266
v -0.020953 -0.008369 1.078990
v -0.026730 -0.008930 1.090715
v -0.054412 -0.001076 1.122061
v -0.065388 0.002038 1.146809
v -0.021945 -0.010287 1.137620
v -0.032922 -0.007173 1.162368
v -0.060538 -0.001769 1.134435
v -0.028072 -0.010980 1.149994
v -0.037354 -0.002776 1.129840
v -0.043481 -0.003469 1.142215
v -0.048331 0.000338 1.154589
v -0.065415 0.002045 1.075634
v -0.080383 0.006292 1.109381
v -0.037999 -0.005733 1.088772
v -0.052967 -0.001486 1.122519
v -0.050944 0.000848 1.082203
v -0.065911 0.005095 1.115950
v -0.072258 0.006429 1.092507
v -0.057786 0.005232 1.099076
v -0.044842 -0.001349 1.105646
v -0.097399 0.007414 1.057812
v -0.110705 0.017517 1.091559
v -0.063271 0.004060 1.073370
v -0.079172 0.005016 1.107118
v -0.071141 0.004822 1.090244
v -0.083850 0.005190 1.094791
v -0.094858 0.011551 1.099339
v -0.087536 0.008859 1.082465
v -0.080193 0.006238 1.065591
v -0.092599 0.007673 1.070138
v -0.103910 0.012966 1.074685
v -0.084438 0.011660 1.036168
v -0.094759 0.014588 1.059438
v -0.051469 0.004222 1.051726
v -0.061789 0.007150 1.074996
v -0.089423 0.013925 1.047780
v -0.056453 0.006488 1.063339
v -0.075806 0.004993 1.040835
v -0.080790 0.007258 1.052448
v -0.086126 0.007921 1.064105
v -0.058691 0.003154 1.048658
v -0.063676 0.005419 1.060270
v -0.069012 0.006082 1.071927
v -0.062254 -0.002092 1.052650
v -0.072333 0.000768 1.075376
v -0.030642 -0.011060 1.067799
v -0.040721 -0.008201 1.090525
v -0.066870 0.002458 1.063808
v -0.034404 -0.006753 1.079367
v -0.045320 -0.003656 1.059599
v -0.049045 0.003464 1.071587
v -0.055954 -0.000639 1.083576
v -0.085845 0.007841 1.108314
v -0.096323 0.010814 1.131937
v -0.053379 -0.001369 1.123873
v -0.063857 0.001603 1.147496
v -0.091084 0.009328 1.120126
v -0.058618 0.000117 1.135684
v -0.068305 0.008210 1.116310
v -0.074851 0.004722 1.127905
v -0.078590 0.011128 1.139500
v -0.114768 0.016047 1.090828
v -0.125741 0.019160 1.115569
v -0.082301 0.006836 1.106387
v -0.093275 0.009949 1.131127
v -0.121351 0.013502 1.103228
v -0.089032 0.004276 1.118723
v -0.098248 0.012814 1.098824
v -0.104660 0.010759 1.110976
v -0.109030 0.015871 1.123133
v -0.126628 0.028439 1.145998
v -0.096847 0.018741 1.167368
v -0.105254 0.021126 1.115546
v -0.074817 0.013740 1.136916
v -0.116693 0.020269 1.130686
v -0.103556 0.018993 1.128684
v -0.091766 0.013197 1.126317
v -0.101051 0.019933 1.141457
v -0.112490 0.019076 1.156597
v -0.099409 0.017828 1.154230
v -0.087562 0.012004 1.152228
v -0.068446 0.006581 1.062140
v -0.040027 -0.005428 1.083921
v -0.048758 -0.002951 1.031859
v -0.018267 -0.007655 1.053641
v -0.044393 -0.004189 1.057890
v -0.028482 -0.002113 1.068694
v -0.042210 -0.004808 1.070906
v -0.052535 0.004710 1.072755
v -0.056842 0.005933 1.047087
v -0.046575 -0.003570 1.044875
v -0.032790 -0.000892 1.043026
v -0.089485 0.012549 1.047926
v -0.069244 0.006807 1.062894
v -0.068761 0.006670 1.017645
v -0.048520 0.000928 1.032613
v -0.078787 0.011714 1.055410
v -0.058063 0.005835 1.025129
v -0.074356 0.010626 1.026730
v -0.063658 0.009790 1.034214
v -0.054115 0.004883 1.041698
v -0.082232 0.010492 1.037328
v -0.071534 0.009657 1.044812
v -0.061991 0.004749 1.052296
v -0.037485 -0.002203 1.086379
v -0.016123 -0.008264 1.102177
v -0.016761 -0.008083 1.056099
v 0.004602 -0.014143 1.071896
v -0.027442 -0.007483 1.094278
v -0.006718 -0.013362 1.063998
v -0.026299 -0.002237 1.071239
v -0.016256 -0.007517 1.079138
v -0.004936 -0.008298 1.087036
v -0.083416 0.010828 1.089017
v -0.054285 0.002563 1.110559
v -0.065915 0.005863 1.063447
v -0.036784 -0.002402 1.084989
v -0.073902 0.011037 1.076232
v -0.044771 0.002772 1.097774
v -0.068209 0.008956 1.099788
v -0.058695 0.009166 1.087003
v -0.050708 0.003991 1.074218
v -0.106983 0.013809 1.117391
v -0.076190 0.011400 1.138933
v -0.084597 0.013786 1.087111
v -0.056400 0.002231 1.108653
v -0.070418 0.008293 1.097882
v -0.069166 0.004700 1.110837
v -0.066214 0.007100 1.123793
v -0.080941 0.010663 1.113022
v -0.095648 0.014298 1.102251
v -0.094093 0.011772 1.115207
v -0.091444 0.013105 1.128162
v -0.123348 0.026374 1.102267
v -0.103261 0.020676 1.117121
v -0.102121 0.022268 1.071987
v -0.082034 0.016569 1.086840
v -0.113111 0.024321 1.109738
v -0.091884 0.020215 1.079458
v -0.118238 0.020707 1.093183
v -0.108002 0.018654 1.100654
v -0.098152 0.015008 1.108037
v -0.107027 0.020542 1.077959
v -0.096791 0.018489 1.085431
v -0.086941 0.014844 1.092813
v -0.105251 0.013782 1.080660
v -0.085634 0.008217 1.095166
v -0.085072 0.008057 1.051177
v -0.065456 0.002492 1.065683
v -0.094865 0.014076 1.088312
v -0.074140 0.008196 1.058031
v -0.094851 0.014072 1.065519
v -0.082910 0.016748 1.073172
v -0.074154 0.008200 1.080824
v -0.056306 0.003136 1.115941
v -0.035914 -0.002649 1.131020
v -0.035581 -0.002743 1.085660
v -0.015190 -0.008528 1.100740
v -0.046110 0.000244 1.123480
v -0.025386 -0.005636 1.093200
v -0.044353 0.005090 1.100939
v -0.035748 -0.002696 1.108340
v -0.024336 -0.000589 1.115741
v -0.078195 0.009347 1.142244
v -0.056839 0.003288 1.158037
v -0.057471 0.003467 1.111964
v -0.036115 -0.002592 1.127756
v -0.068636 0.002223 1.150083
v -0.048011 -0.003686 1.119925
v -0.067265 0.007699 1.127241
v -0.057792 0.001138 1.135003
v -0.046281 0.001744 1.142758
v -0.058065 0.013834 1.176586
v -0.024299 0.003005 1.163161
v -0.069987 0.015967 1.140656
v -0.035565 0.007451 1.127231
v -0.065055 0.010465 1.158155
v -0.058837 0.011153 1.146361
v -0.054230 0.007394 1.134409
v -0.047143 0.009486 1.151908
v -0.042211 0.003984 1.169407
v -0.036312 0.004774 1.157455
v -0.031385 0.000913 1.145662
v -0.091499 0.017967 1.077792
v -0.058491 0.004657 1.065160
v -0.104554 0.017725 1.042794
v -0.069474 0.011719 1.030162
v -0.081522 0.011191 1.053977
v -0.063152 0.012570 1.048077
v -0.070006 0.007924 1.059569
v -0.073720 0.015567 1.070901
v -0.096432 0.022011 1.059877
v -0.093038 0.014458 1.048386
v -0.085864 0.019012 1.037053
v -0.114755 0.024565 1.087585
v -0.091361 0.017928 1.078904
v -0.126775 0.027975 1.052587
v -0.103380 0.021338 1.043906
v -0.102481 0.023283 1.083245
v -0.114500 0.026693 1.048246
v -0.122547 0.029144 1.063086
v -0.110272 0.027862 1.058746
v -0.099152 0.022507 1.054405
v -0.118962 0.025759 1.075336
v -0.106687 0.024476 1.070995
v -0.095568 0.019122 1.066655
v -0.054654 0.007514 1.065284
v -0.029963 0.000509 1.056122
v -0.066673 0.010924 1.030285
v -0.041982 0.003919 1.021124
v -0.042947 0.001763 1.060703
v -0.054966 0.005172 1.025705
v -0.059839 0.012125 1.047785
v -0.048132 0.006373 1.043204
v -0.035148 0.005120 1.038623
v -0.078870 0.014384 1.105938
v -0.045200 0.004832 1.093444
v -0.089019 0.017264 1.076384
v -0.055350 0.007712 1.063890
v -0.083181 0.018516 1.091161
v -0.049511 0.008964 1.078667
v -0.061393 0.011869 1.099691
v -0.065705 0.016001 1.084914
v -0.071543 0.014749 1.070137
v -0.070397 0.008276 1.141439
v -0.035066 0.004580 1.128945
v -0.080755 0.017542 1.106440
v -0.048019 0.004700 1.093947
v -0.064306 0.011405 1.100194
v -0.053734 0.005169 1.105820
v -0.041462 0.004924 1.111446
v -0.058458 0.009132 1.117693
v -0.075434 0.013410 1.123940
v -0.064559 0.008240 1.129566
v -0.052590 0.006929 1.135192
v -0.090807 0.021989 1.148500
v -0.067591 0.015403 1.139885
v -0.102323 0.027172 1.113501
v -0.079107 0.020585 1.104887
v -0.078958 0.019479 1.144244
v -0.090474 0.024661 1.109245
v -0.095520 0.019108 1.138000
v -0.083671 0.016598 1.133744
v -0.072304 0.012522 1.129386
v -0.100771 0.023614 1.120405
v -0.088922 0.021103 1.116149
v -0.077555 0.017028 1.111790
v -0.098326 0.016664 1.119037
v -0.075653 0.010232 1.110624
v -0.110028 0.019984 1.084960
v -0.087356 0.013552 1.076547
v -0.085981 0.016402 1.115291
v -0.098000 0.019812 1.080293
v -0.103950 0.021500 1.102230
v -0.090398 0.023719 1.097792
v -0.080030 0.014714 1.093354
v -0.042112 0.003956 1.098248
v -0.018543 -0.002730 1.089503
v -0.054131 0.007366 1.063250
v -0.030562 0.000680 1.054504
v -0.030328 0.000613 1.093875
v -0.042347 0.004023 1.058877
v -0.046502 0.010547 1.080668
v -0.036337 0.002318 1.076376
v -0.023366 0.003983 1.072084
v -0.033897 0.001626 1.131963
v -0.009214 -0.005377 1.122803
v -0.045916 0.005036 1.096964
v -0.021233 -0.001967 1.087805
v -0.022737 -0.005953 1.127317
v -0.034722 -0.002609 1.092460
v -0.039310 0.004615 1.114383
v -0.028199 -0.002411 1.109887
v -0.015057 -0.002268 1.105383
v -0.213271 0.047290 1.071833
v -0.212897 0.045935 1.109723
v -0.177147 0.035792 1.072562
v -0.176117 0.036749 1.110452
v -0.196099 0.037067 1.072562
v -0.186644 0.036836 1.081983
v -0.178224 0.031995 1.091143
v -0.195022 0.040864 1.091143
v -0.213974 0.042138 1.091143
v -0.204264 0.041846 1.100302
v -0.196099 0.037067 1.109723
v -0.114397 0.013888 1.073692
v -0.115433 0.010236 1.111266
v -0.079683 0.000093 1.073692
v -0.078647 0.003745 1.111266
v -0.097558 0.005164 1.092479
v -0.096077 0.011334 1.110752
v -0.106496 0.007700 1.101873
v -0.113203 0.016192 1.092734
v -0.095579 0.011193 1.074206
v -0.088621 0.002629 1.083085
v -0.078453 0.006333 1.092224
v -0.115451 0.014187 1.047632
v -0.115451 0.014187 1.073453
v -0.079701 0.004044 1.047632
v -0.079701 0.004044 1.073453
v -0.114873 0.016223 1.060542
v -0.079123 0.006080 1.060542
v -0.089804 0.009279 1.047632
v -0.089226 0.011315 1.060542
v -0.089804 0.009279 1.073453
v -0.102938 0.010637 1.047632
v -0.102361 0.012673 1.060542
v -0.102938 0.010637 1.073453
v -0.115451 0.014187 1.113967
v -0.115451 0.014187 1.141218
v -0.079701 0.004044 1.113967
v -0.079701 0.004044 1.141218
v -0.116089 0.011937 1.127593
v -0.080339 0.001795 1.127593
v -0.096752 0.012021 1.113967
v -0.097390 0.009771 1.127593
v -0.096752 0.012021 1.141218
v -0.144144 0.022327 1.076593
v -0.144144 0.022327 1.113754
v -0.113955 0.013762 1.076593
v -0.113955 0.013762 1.113754
v -0.128286 0.020736 1.076593
v -0.128286 0.020736 1.113754
v -0.143503 0.024588 1.095173
v -0.127644 0.022997 1.095173
v -0.113313 0.016023 1.095173
v -0.180457 0.028924 1.073904
v -0.178796 0.034780 1.111066
v -0.143045 0.024638 1.073904
v -0.143979 0.021348 1.111066
v -0.143431 0.023277 1.092485
v -0.153219 0.022817 1.101775
v -0.161307 0.028348 1.111066
v -0.161468 0.027780 1.092485
v -0.161609 0.027282 1.073904
v -0.171094 0.027888 1.083194
v -0.179484 0.032353 1.092485
v -0.177214 0.035927 1.049513
v -0.177214 0.035927 1.075137
v -0.140960 0.027557 1.049513
v -0.140960 0.027557 1.075137
v -0.177043 0.036729 1.062325
v -0.140789 0.028360 1.062325
v -0.167596 0.028980 1.049513
v -0.167425 0.029783 1.062325
v -0.167596 0.028980 1.075137
v -0.148830 0.026672 1.049513
v -0.148659 0.027475 1.062325
v -0.148830 0.026672 1.075137
v -0.150608 0.020921 1.053975
v -0.150608 0.020921 1.078999
v -0.115799 0.011045 1.053975
v -0.115799 0.011045 1.078999
v -0.150228 0.024053 1.066487
v -0.114478 0.013910 1.066487
v -0.132353 0.018982 1.053286
v -0.130761 0.024593 1.066487
v -0.132353 0.018982 1.079688
v -0.149534 0.023856 1.115162
v -0.149534 0.023856 1.141175
v -0.113784 0.013714 1.115162
v -0.113784 0.013714 1.141175
v -0.149534 0.023856 1.128169
v -0.113784 0.013714 1.128169
v -0.130256 0.023732 1.115401
v -0.131659 0.018785 1.128169
v -0.130256 0.023732 1.140936
v -0.182843 0.033306 1.111870
v -0.182843 0.033306 1.139113
v -0.147092 0.023163 1.111870
v -0.147092 0.023163 1.139113
v -0.183933 0.029203 1.125491
v -0.148343 0.019049 1.125491
v -0.164585 0.029580 1.112107
v -0.165606 0.025995 1.125491
v -0.164585 0.029578 1.138876
v -0.196144 0.046575 1.040615
v -0.211097 0.049568 1.075330
v -0.163662 0.036111 1.057141
v -0.177959 0.041416 1.091856
v -0.180973 0.036919 1.049362
v -0.176122 0.037995 1.061753
v -0.172224 0.034437 1.074015
v -0.187380 0.042840 1.066236
v -0.204690 0.043648 1.058457
v -0.199502 0.044639 1.070719
v -0.195941 0.041166 1.083110
v -0.107232 0.015999 1.085945
v -0.123402 0.016640 1.120068
v -0.075801 0.003136 1.101503
v -0.089900 0.011081 1.135626
v -0.099602 0.009888 1.110785
v -0.105458 0.018140 1.127272
v -0.111502 0.013264 1.115427
v -0.113753 0.020492 1.103455
v -0.090285 0.013835 1.094299
v -0.087702 0.006512 1.106144
v -0.081990 0.011481 1.118116
v -0.097692 0.013292 1.061820
v -0.108092 0.016243 1.085269
v -0.065226 0.004082 1.077379
v -0.075626 0.007032 1.100828
v -0.102315 0.016804 1.073545
v -0.069849 0.007593 1.089103
v -0.074344 0.009037 1.072711
v -0.078967 0.012548 1.084436
v -0.084744 0.011987 1.096160
v -0.086329 0.010069 1.067266
v -0.090952 0.013580 1.078990
v -0.096729 0.013019 1.090715
v -0.124411 0.020872 1.122061
v -0.135387 0.023986 1.146809
v -0.091944 0.011662 1.137620
v -0.102921 0.014776 1.162368
v -0.130537 0.020180 1.134435
v -0.098071 0.010969 1.149994
v -0.107353 0.019172 1.129840
v -0.113480 0.018480 1.142215
v -0.118330 0.022286 1.154589
v -0.135414 0.023994 1.075634
v -0.150382 0.028241 1.109381
v -0.107998 0.016216 1.088772
v -0.122966 0.020463 1.122519
v -0.120942 0.022797 1.082203
v -0.135910 0.027043 1.115950
v -0.142257 0.028378 1.092507
v -0.127785 0.027181 1.099076
v -0.114841 0.020600 1.105646
v -0.167398 0.029363 1.057812
v -0.180704 0.039466 1.091559
v -0.133270 0.026009 1.073370
v -0.149171 0.026965 1.107118
v -0.141140 0.026771 1.090244
v -0.153849 0.027139 1.094791
v -0.164857 0.033500 1.099339
v -0.157535 0.030808 1.082465
v -0.150192 0.028187 1.065591
v -0.162598 0.029621 1.070138
v -0.173909 0.034915 1.074685
v -0.154437 0.033609 1.036168
v -0.164758 0.036537 1.059438
v -0.121468 0.026171 1.051727
v -0.131788 0.029099 1.074996
v -0.159422 0.035874 1.047780
v -0.126452 0.028436 1.063339
v -0.145805 0.026942 1.040836
v -0.150789 0.029207 1.052448
v -0.156125 0.029870 1.064105
v -0.128690 0.025103 1.048658
v -0.133675 0.027368 1.060270
v -0.139011 0.028031 1.071927
v -0.132253 0.019857 1.052650
v -0.142332 0.022717 1.075376
v -0.100641 0.010889 1.067799
v -0.110720 0.013748 1.090525
v -0.136869 0.024407 1.063808
v -0.104403 0.015196 1.079367
v -0.115319 0.018293 1.059599
v -0.119044 0.025413 1.071588
v -0.125953 0.021310 1.083576
v -0.155844 0.029790 1.108314
v -0.166322 0.032763 1.131938
v -0.123378 0.020579 1.123873
v -0.133856 0.023552 1.147496
v -0.161083 0.031276 1.120126
v -0.128617 0.022066 1.135684
v -0.138304 0.030159 1.116310
v -0.144850 0.026671 1.127905
v -0.148589 0.033077 1.139500
v -0.184767 0.037996 1.090828
v -0.195740 0.041109 1.115569
v -0.152300 0.028785 1.106387
v -0.163274 0.031898 1.131127
v -0.191350 0.035451 1.103228
v -0.159031 0.026225 1.118723
v -0.168247 0.034763 1.098824
v -0.174659 0.032707 1.110976
v -0.179029 0.037819 1.123133
v -0.196627 0.050388 1.145998
v -0.166846 0.040690 1.167368
v -0.175253 0.043075 1.115546
v -0.144816 0.035689 1.136916
v -0.186692 0.042217 1.130686
v -0.173555 0.040942 1.128684
v -0.161765 0.035145 1.126317
v -0.171050 0.041882 1.141457
v -0.182489 0.041025 1.156597
v -0.169408 0.039777 1.154230
v -0.157561 0.033953 1.152228
v -0.138445 0.028529 1.062140
v -0.110026 0.016521 1.083922
v -0.118757 0.018998 1.031859
v -0.088266 0.014293 1.053641
v -0.114391 0.017760 1.057890
v -0.098481 0.019836 1.068694
v -0.112209 0.017140 1.070906
v -0.122534 0.026659 1.072755
v -0.126841 0.027882 1.047087
v -0.116574 0.018379 1.044875
v -0.102789 0.021057 1.043026
v -0.159484 0.034498 1.047926
v -0.139243 0.028756 1.062894
v -0.138760 0.028619 1.017645
v -0.118519 0.022876 1.032613
v -0.148786 0.033663 1.055410
v -0.128062 0.027784 1.025129
v -0.144355 0.032574 1.026730
v -0.133657 0.031739 1.034214
v -0.124114 0.026832 1.041698
v -0.152231 0.032440 1.037328
v -0.141533 0.031605 1.044812
v -0.131990 0.026698 1.052296
v -0.107484 0.019746 1.086379
v -0.086122 0.013685 1.102177
v -0.086760 0.013866 1.056099
v -0.065397 0.007806 1.071896
v -0.097441 0.014466 1.094278
v -0.076717 0.008587 1.063998
v -0.096298 0.019711 1.071239
v -0.086255 0.014432 1.079138
v -0.074935 0.013651 1.087036
v -0.153415 0.032776 1.089017
v -0.124284 0.024512 1.110559
v -0.135914 0.027811 1.063447
v -0.106783 0.019547 1.084989
v -0.143901 0.032986 1.076232
v -0.114770 0.024721 1.097774
v -0.138208 0.030905 1.099788
v -0.128694 0.031114 1.087003
v -0.120707 0.025940 1.074218
v -0.176982 0.035758 1.117391
v -0.146189 0.033349 1.138934
v -0.154596 0.035734 1.087111
v -0.126399 0.024180 1.108653
v -0.140417 0.030241 1.097882
v -0.139165 0.026649 1.110837
v -0.136213 0.029049 1.123793
v -0.150940 0.032612 1.113022
v -0.165647 0.036247 1.102251
v -0.164092 0.033721 1.115207
v -0.161443 0.035054 1.128163
v -0.193347 0.048323 1.102267
v -0.173260 0.042625 1.117121
v -0.172120 0.044217 1.071987
v -0.152033 0.038518 1.086840
v -0.183110 0.046270 1.109738
v -0.161883 0.042164 1.079458
v -0.188237 0.042656 1.093183
v -0.178001 0.040603 1.100654
v -0.168151 0.036957 1.108037
v -0.177026 0.042491 1.077959
v -0.166790 0.040438 1.085431
v -0.156940 0.036792 1.092813
v -0.175250 0.035731 1.080660
v -0.155633 0.030166 1.095166
v -0.155071 0.030006 1.051177
v -0.135455 0.024441 1.065683
v -0.164863 0.036024 1.088312
v -0.144139 0.030145 1.058031
v -0.164850 0.036020 1.065519
v -0.152909 0.038696 1.073172
v -0.144153 0.030149 1.080824
v -0.126305 0.025085 1.115941
v -0.105913 0.019300 1.131020
v -0.105580 0.019206 1.085660
v -0.085189 0.013420 1.100740
v -0.116109 0.022193 1.123480
v -0.095385 0.016313 1.093200
v -0.114352 0.027039 1.100939
v -0.105747 0.019253 1.108340
v -0.094335 0.021360 1.115741
v -0.148194 0.031295 1.142244
v -0.126838 0.025236 1.158037
v -0.127470 0.025416 1.111964
v -0.106114 0.019357 1.127756
v -0.138635 0.024171 1.150083
v -0.118010 0.018263 1.119925
v -0.137264 0.029648 1.127241
v -0.127791 0.023087 1.135003
v -0.116280 0.023693 1.142758
v -0.128064 0.035783 1.176586
v -0.094298 0.024954 1.163161
v -0.139986 0.037916 1.140656
v -0.105564 0.029399 1.127231
v -0.135054 0.032414 1.158155
v -0.128836 0.033102 1.146362
v -0.124229 0.029343 1.134409
v -0.117142 0.031435 1.151908
v -0.112210 0.025933 1.169407
v -0.106311 0.026723 1.157455
v -0.101384 0.022862 1.145662
v -0.161498 0.039916 1.077792
v -0.128490 0.026606 1.065160
v -0.174553 0.039674 1.042794
v -0.139473 0.033668 1.030162
v -0.151521 0.033140 1.053977
v -0.133151 0.034518 1.048077
v -0.140005 0.029873 1.059569
v -0.143719 0.037516 1.070901
v -0.166431 0.043960 1.059877
v -0.163037 0.036407 1.048386
v -0.155863 0.040961 1.037053
v -0.184754 0.046514 1.087585
v -0.161360 0.039877 1.078904
v -0.196773 0.049924 1.052587
v -0.173379 0.043287 1.043906
v -0.172480 0.045232 1.083245
v -0.184499 0.048642 1.048246
v -0.192546 0.051093 1.063086
v -0.180271 0.049810 1.058746
v -0.169151 0.044456 1.054405
v -0.188961 0.047708 1.075336
v -0.176686 0.046425 1.070995
v -0.165567 0.041071 1.066655
v -0.124653 0.029463 1.065284
v -0.099962 0.022458 1.056122
v -0.136672 0.032873 1.030285
v -0.111981 0.025868 1.021124
v -0.112945 0.023711 1.060703
v -0.124965 0.027121 1.025705
v -0.129838 0.034074 1.047785
v -0.118131 0.028322 1.043204
v -0.105147 0.027069 1.038623
v -0.148869 0.036333 1.105938
v -0.115199 0.026781 1.093444
v -0.159018 0.039213 1.076384
v -0.125349 0.029661 1.063890
v -0.153180 0.040465 1.091161
v -0.119510 0.030913 1.078667
v -0.131392 0.033818 1.099691
v -0.135704 0.037950 1.084914
v -0.141542 0.036698 1.070137
v -0.140396 0.030225 1.141439
v -0.105065 0.026529 1.128945
v -0.150754 0.039491 1.106440
v -0.118018 0.026649 1.093947
v -0.134305 0.033354 1.100194
v -0.123733 0.027117 1.105820
v -0.111461 0.026873 1.111446
v -0.128457 0.031080 1.117693
v -0.145433 0.035359 1.123940
v -0.134558 0.030189 1.129566
v -0.122589 0.028878 1.135192
v -0.160806 0.043938 1.148500
v -0.137590 0.037351 1.139885
v -0.172322 0.049121 1.113501
v -0.149106 0.042534 1.104887
v -0.148957 0.041427 1.144244
v -0.160473 0.046610 1.109246
v -0.165519 0.041057 1.138000
v -0.153670 0.038547 1.133744
v -0.142303 0.034471 1.129386
v -0.170770 0.045563 1.120405
v -0.158921 0.043052 1.116149
v -0.147554 0.038976 1.111790
v -0.168325 0.038613 1.119037
v -0.145652 0.032181 1.110624
v -0.180027 0.041933 1.084960
v -0.157355 0.035501 1.076548
v -0.155979 0.038351 1.115291
v -0.167999 0.041760 1.080293
v -0.173949 0.043449 1.102230
v -0.160397 0.045667 1.097792
v -0.150029 0.036662 1.093354
v -0.112111 0.025905 1.098248
v -0.088542 0.019219 1.089503
v -0.124130 0.029315 1.063250
v -0.100561 0.022628 1.054504
v -0.100327 0.022562 1.093875
v -0.112346 0.025972 1.058877
v -0.116501 0.032495 1.080668
v -0.106336 0.024267 1.076376
v -0.093365 0.025932 1.072084
v -0.103896 0.023574 1.131963
v -0.079213 0.016572 1.122804
v -0.115915 0.026984 1.096964
v -0.091232 0.019982 1.087805
v -0.092736 0.015996 1.127317
v -0.104721 0.019339 1.092460
v -0.109309 0.026564 1.114383
v -0.098198 0.019538 1.109887
v -0.085056 0.019681 1.105383
v -0.247249 0.061590 1.078244
v -0.246983 0.060623 1.105281
v -0.221473 0.053386 1.078764
v -0.220739 0.054068 1.105801
v -0.234997 0.054295 1.078764
v -0.228250 0.054130 1.085487
v -0.222242 0.050676 1.092022
v -0.234228 0.057004 1.092022
v -0.247752 0.057913 1.092022
v -0.240823 0.057705 1.098558
v -0.234997 0.054295 1.105281
v -0.176699 0.037755 1.079571
v -0.177438 0.035150 1.106382
v -0.151929 0.027913 1.079571
v -0.151190 0.030518 1.106382
v -0.164684 0.031531 1.092976
v -0.163627 0.035934 1.106015
v -0.171061 0.033340 1.099679
v -0.175847 0.039400 1.093158
v -0.163271 0.035833 1.079937
v -0.158306 0.029722 1.086273
v -0.151051 0.032365 1.092794
v -0.177451 0.037969 1.060976
v -0.177451 0.037969 1.079400
v -0.151941 0.030732 1.060976
v -0.151941 0.030732 1.079400
v -0.177039 0.039422 1.070188
v -0.151529 0.032184 1.070188
v -0.159151 0.034467 1.060976
v -0.158739 0.035919 1.070188
v -0.159151 0.034467 1.079400
v -0.168523 0.035436 1.060976
v -0.168111 0.036889 1.070188
v -0.168523 0.035436 1.079400
v -0.177451 0.037969 1.108309
v -0.177451 0.037969 1.127754
v -0.151942 0.030732 1.108309
v -0.151942 0.030732 1.127754
v -0.177906 0.036364 1.118031
v -0.152397 0.029127 1.118031
v -0.164108 0.036423 1.108309
v -0.164563 0.034818 1.118031
v -0.164108 0.036423 1.127754
v -0.197925 0.043777 1.081640
v -0.197925 0.043777 1.108157
v -0.176383 0.037666 1.081641
v -0.176383 0.037666 1.108157
v -0.186609 0.042642 1.081641
v -0.186609 0.042642 1.108157
v -0.197467 0.045390 1.094899
v -0.186151 0.044256 1.094899
v -0.175926 0.039279 1.094899
v -0.223836 0.048485 1.079722
v -0.222650 0.052663 1.106238
v -0.197141 0.045426 1.079722
v -0.197807 0.043079 1.106238
v -0.197416 0.044455 1.092980
v -0.204400 0.044127 1.099609
v -0.210171 0.048074 1.106238
v -0.210286 0.047668 1.092980
v -0.210387 0.047313 1.079722
v -0.217155 0.047745 1.086351
v -0.223142 0.050931 1.092980
v -0.221521 0.053481 1.062318
v -0.221521 0.053481 1.080602
v -0.195653 0.047509 1.062318
v -0.195653 0.047509 1.080602
v -0.221399 0.054054 1.071460
v -0.195531 0.048082 1.071460
v -0.214659 0.048525 1.062318
v -0.214537 0.049097 1.071460
v -0.214659 0.048525 1.080602
v -0.201269 0.046878 1.062318
v -0.201147 0.047451 1.071460
v -0.201269 0.046878 1.080602
v -0.202537 0.042774 1.065502
v -0.202537 0.042774 1.083358
v -0.177699 0.035727 1.065502
v -0.177699 0.035727 1.083358
v -0.202266 0.045009 1.074430
v -0.176756 0.037772 1.074430
v -0.189511 0.041390 1.065010
v -0.188375 0.045395 1.074430
v -0.189511 0.041390 1.083849
v -0.201771 0.044868 1.109162
v -0.201771 0.044868 1.127723
v -0.176261 0.037631 1.109162
v -0.176261 0.037631 1.127723
v -0.201771 0.044868 1.118442
v -0.176261 0.037631 1.118442
v -0.188015 0.044780 1.109332
v -0.189016 0.041250 1.118442
v -0.188015 0.044780 1.127553
v -0.225538 0.051611 1.106812
v -0.225538 0.051611 1.126252
v -0.200028 0.044374 1.106812
v -0.200028 0.044374 1.126252
v -0.226316 0.048684 1.116532
v -0.200921 0.041438 1.116532
v -0.212510 0.048953 1.106982
v -0.213239 0.046395 1.116532
v -0.212510 0.048951 1.126082
v -0.235029 0.061079 1.055969
v -0.245698 0.063215 1.080740
v -0.211852 0.053613 1.067761
v -0.222053 0.057398 1.092532
v -0.224204 0.054190 1.062210
v -0.220742 0.054957 1.071052
v -0.217961 0.052418 1.079801
v -0.228775 0.058414 1.074250
v -0.241127 0.058991 1.068700
v -0.237425 0.059698 1.077450
v -0.234884 0.057220 1.086291
v -0.171586 0.039262 1.088314
v -0.183124 0.039720 1.112662
v -0.149159 0.030084 1.099415
v -0.159219 0.035753 1.123763
v -0.166142 0.034902 1.106039
v -0.170320 0.040789 1.117802
v -0.174633 0.037311 1.109350
v -0.176240 0.042468 1.100808
v -0.159494 0.037718 1.094275
v -0.157651 0.032493 1.102727
v -0.153575 0.036038 1.111269
v -0.164779 0.037331 1.071100
v -0.172200 0.039436 1.087831
v -0.141613 0.030758 1.082201
v -0.149034 0.032864 1.098933
v -0.168078 0.039836 1.079466
v -0.144912 0.033264 1.090567
v -0.148119 0.034294 1.078871
v -0.151418 0.036799 1.087237
v -0.155540 0.036399 1.095603
v -0.156671 0.035030 1.074985
v -0.159970 0.037536 1.083351
v -0.164092 0.037136 1.091717
v -0.183844 0.042739 1.114084
v -0.191676 0.044961 1.131743
v -0.160678 0.036167 1.125186
v -0.168510 0.038389 1.142845
v -0.188215 0.042245 1.122914
v -0.165049 0.035673 1.134015
v -0.171673 0.041526 1.119635
v -0.176044 0.041032 1.128465
v -0.179505 0.043748 1.137294
v -0.191696 0.044967 1.080956
v -0.202376 0.047997 1.105036
v -0.172133 0.039417 1.090331
v -0.182813 0.042447 1.114411
v -0.181369 0.044113 1.085643
v -0.192050 0.047143 1.109724
v -0.196578 0.048095 1.092996
v -0.186252 0.047241 1.097684
v -0.177015 0.042545 1.102371
v -0.214517 0.048798 1.068239
v -0.224012 0.056007 1.092320
v -0.190166 0.046404 1.079341
v -0.201512 0.047087 1.103422
v -0.195781 0.046948 1.091381
v -0.204849 0.047211 1.094626
v -0.212704 0.051750 1.097871
v -0.207479 0.049829 1.085830
v -0.202240 0.047958 1.073790
v -0.211092 0.048982 1.077035
v -0.219163 0.052760 1.080280
v -0.205269 0.051827 1.052796
v -0.212633 0.053917 1.069400
v -0.181744 0.046520 1.063897
v -0.189108 0.048610 1.080501
v -0.208826 0.053444 1.061081
v -0.185301 0.048137 1.072183
v -0.199110 0.047070 1.056126
v -0.202666 0.048687 1.064412
v -0.206474 0.049160 1.072730
v -0.186898 0.045758 1.061708
v -0.190454 0.047374 1.069993
v -0.194262 0.047847 1.078312
v -0.189440 0.042015 1.064557
v -0.196632 0.044055 1.080772
v -0.166884 0.035616 1.075366
v -0.174076 0.037656 1.091582
v -0.192734 0.045261 1.072518
v -0.169567 0.038689 1.083620
v -0.177357 0.040899 1.069515
v -0.180015 0.045979 1.078069
v -0.184944 0.043052 1.086623
v -0.206273 0.049103 1.104275
v -0.213750 0.051224 1.121131
v -0.183107 0.042530 1.115377
v -0.190583 0.044651 1.132233
v -0.210011 0.050163 1.112703
v -0.186845 0.043591 1.123805
v -0.193758 0.049366 1.109981
v -0.198428 0.046877 1.118254
v -0.201096 0.051448 1.126527
v -0.226911 0.054958 1.091798
v -0.234740 0.057179 1.109452
v -0.203745 0.048385 1.102900
v -0.211574 0.050607 1.120553
v -0.231608 0.053142 1.100646
v -0.208547 0.046559 1.111703
v -0.215123 0.052651 1.097503
v -0.219698 0.051184 1.106175
v -0.222817 0.054832 1.114849
v -0.235374 0.063800 1.131164
v -0.214124 0.056880 1.146413
v -0.220122 0.058582 1.109435
v -0.198404 0.053311 1.124684
v -0.228285 0.057970 1.120238
v -0.218911 0.057060 1.118810
v -0.210498 0.052924 1.117121
v -0.217123 0.057731 1.127924
v -0.225285 0.057119 1.138727
v -0.215952 0.056229 1.137038
v -0.207498 0.052073 1.135610
v -0.193858 0.048203 1.071328
v -0.173580 0.039635 1.086870
v -0.179810 0.041402 1.049721
v -0.158053 0.038045 1.065263
v -0.176695 0.040518 1.068296
v -0.165342 0.042000 1.076005
v -0.175137 0.040076 1.077583
v -0.182505 0.046868 1.078902
v -0.185578 0.047741 1.060587
v -0.178252 0.040960 1.059008
v -0.168416 0.042871 1.057689
v -0.208870 0.052462 1.061186
v -0.194428 0.048365 1.071866
v -0.194083 0.048267 1.039579
v -0.179640 0.044169 1.050259
v -0.201237 0.051866 1.066526
v -0.186449 0.047671 1.044919
v -0.198075 0.051089 1.046061
v -0.190442 0.050493 1.051401
v -0.183633 0.046992 1.056741
v -0.203695 0.050994 1.053623
v -0.196061 0.050398 1.058963
v -0.189252 0.046896 1.064304
v -0.171766 0.041936 1.088624
v -0.156523 0.037611 1.099896
v -0.156979 0.037740 1.067017
v -0.141735 0.033416 1.078289
v -0.164600 0.038168 1.094260
v -0.149812 0.033973 1.072653
v -0.163784 0.041911 1.077820
v -0.156618 0.038144 1.083457
v -0.148541 0.037586 1.089093
v -0.204540 0.051233 1.090506
v -0.183754 0.045336 1.105877
v -0.192052 0.047691 1.072260
v -0.171266 0.041794 1.087631
v -0.197751 0.051383 1.081383
v -0.176965 0.045486 1.096754
v -0.193689 0.049898 1.098191
v -0.186900 0.050048 1.089069
v -0.181202 0.046355 1.079946
v -0.221356 0.053361 1.110752
v -0.199384 0.051642 1.126123
v -0.205383 0.053344 1.089146
v -0.185262 0.045099 1.104517
v -0.195265 0.049425 1.096831
v -0.194372 0.046861 1.106076
v -0.192266 0.048574 1.115320
v -0.202774 0.051116 1.107635
v -0.213268 0.053710 1.099949
v -0.212159 0.051907 1.109193
v -0.210268 0.052859 1.118438
v -0.233033 0.062327 1.099960
v -0.218700 0.058261 1.110559
v -0.217886 0.059397 1.078354
v -0.203554 0.055330 1.088953
v -0.225729 0.060862 1.105291
v -0.210582 0.057932 1.083685
v -0.229387 0.058283 1.093478
v -0.222083 0.056818 1.098809
v -0.215054 0.054216 1.104077
v -0.221387 0.058165 1.082616
v -0.214083 0.056700 1.087947
v -0.207055 0.054099 1.093215
v -0.220120 0.053342 1.084543
v -0.206123 0.049371 1.094894
v -0.205722 0.049257 1.063505
v -0.191724 0.045286 1.073856
v -0.212709 0.053551 1.090003
v -0.197921 0.049356 1.068396
v -0.212699 0.053548 1.073739
v -0.204179 0.055458 1.079199
v -0.197931 0.049359 1.084660
v -0.185195 0.045745 1.109717
v -0.170645 0.041617 1.120477
v -0.170408 0.041550 1.088111
v -0.155858 0.037422 1.098870
v -0.177920 0.043681 1.115097
v -0.163133 0.039486 1.093490
v -0.176667 0.047140 1.099013
v -0.170526 0.041584 1.104294
v -0.162383 0.043088 1.109575
v -0.200815 0.050177 1.128486
v -0.185576 0.045853 1.139755
v -0.186027 0.045981 1.106879
v -0.170788 0.041658 1.118148
v -0.193994 0.045093 1.134079
v -0.179277 0.040877 1.112560
v -0.193015 0.049001 1.117780
v -0.186256 0.044319 1.123319
v -0.178043 0.044752 1.128852
v -0.186451 0.053379 1.152990
v -0.162357 0.045652 1.143411
v -0.194958 0.054901 1.127352
v -0.170396 0.048824 1.117773
v -0.191439 0.050975 1.139839
v -0.187002 0.051466 1.131424
v -0.183714 0.048783 1.122895
v -0.178657 0.050276 1.135382
v -0.175138 0.046350 1.147868
v -0.170929 0.046914 1.139340
v -0.167414 0.044159 1.130924
v -0.210307 0.056328 1.082497
v -0.186755 0.046831 1.073483
v -0.219623 0.056155 1.057524
v -0.194591 0.051869 1.048510
v -0.203189 0.051493 1.065503
v -0.190081 0.052476 1.061294
v -0.194972 0.049162 1.069493
v -0.197621 0.054615 1.077579
v -0.213827 0.059213 1.069713
v -0.211406 0.053824 1.061513
v -0.206287 0.057074 1.053427
v -0.226902 0.061036 1.089484
v -0.210209 0.056300 1.083290
v -0.235478 0.063469 1.064511
v -0.218785 0.058733 1.058317
v -0.218143 0.060121 1.086387
v -0.226719 0.062554 1.061414
v -0.232462 0.064303 1.072003
v -0.223703 0.063388 1.068906
v -0.215769 0.059567 1.065809
v -0.229904 0.061888 1.080744
v -0.221145 0.060972 1.077646
v -0.213211 0.057152 1.074549
v -0.184017 0.048869 1.073571
v -0.166399 0.043871 1.067034
v -0.192593 0.051302 1.048598
v -0.174975 0.046304 1.042061
v -0.175663 0.044765 1.070302
v -0.184239 0.047198 1.045330
v -0.187717 0.052159 1.061085
v -0.179363 0.048055 1.057816
v -0.170099 0.047161 1.054547
v -0.201296 0.053771 1.102580
v -0.177271 0.046956 1.093665
v -0.208538 0.055826 1.081491
v -0.184513 0.049010 1.072577
v -0.204372 0.056720 1.092036
v -0.180347 0.049904 1.083121
v -0.188826 0.051977 1.098122
v -0.191902 0.054925 1.087578
v -0.196068 0.054031 1.077034
v -0.195251 0.049413 1.127911
v -0.170040 0.046776 1.118996
v -0.202641 0.056025 1.102938
v -0.179282 0.046861 1.094024
v -0.190904 0.051646 1.098481
v -0.183361 0.047195 1.102495
v -0.174604 0.047021 1.106510
v -0.186731 0.050023 1.110967
v -0.198844 0.053076 1.115425
v -0.191085 0.049387 1.119439
v -0.182544 0.048451 1.123454
v -0.209814 0.059198 1.132949
v -0.193248 0.054498 1.126803
v -0.218031 0.062896 1.107977
v -0.201465 0.058196 1.101830
v -0.201359 0.057406 1.129913
v -0.209576 0.061104 1.104940
v -0.213177 0.057142 1.125458
v -0.204722 0.055351 1.122421
v -0.196611 0.052442 1.119311
v -0.216923 0.060357 1.112902
v -0.208469 0.058566 1.109866
v -0.200358 0.055657 1.106756
v -0.215179 0.055398 1.111926
v -0.199001 0.050808 1.105924
v -0.223529 0.057767 1.087611
v -0.207351 0.053177 1.081608
v -0.206370 0.055211 1.109254
v -0.214946 0.057644 1.084281
v -0.219192 0.058849 1.099934
v -0.209522 0.060432 1.096767
v -0.202124 0.054006 1.093601
v -0.175068 0.046330 1.097093
v -0.158250 0.041559 1.090852
v -0.183644 0.048763 1.072120
v -0.166827 0.043992 1.065879
v -0.166659 0.043945 1.093972
v -0.175235 0.046378 1.069000
v -0.178200 0.051033 1.084549
v -0.170947 0.045161 1.081486
v -0.161691 0.046349 1.078423
v -0.169206 0.044667 1.121149
v -0.151593 0.039671 1.114614
v -0.177782 0.047101 1.096177
v -0.160169 0.042104 1.089641
v -0.161243 0.039260 1.117834
v -0.169795 0.041646 1.092963
v -0.173068 0.046801 1.108605
v -0.165140 0.041787 1.105397
v -0.155763 0.041889 1.102184
v -0.077865 -0.004503 0.989799
v -0.077132 0.001751 1.005479
v -0.061844 -0.009505 0.991764
v -0.060804 -0.002316 1.007021
v -0.070276 -0.008751 0.991746
v -0.065924 -0.007269 0.995521
v -0.062068 -0.007699 1.000032
v -0.069488 -0.003877 0.998622
v -0.077920 -0.003123 0.998603
v -0.073459 -0.001715 1.002280
v -0.069712 -0.002071 1.006889
v -0.034031 -0.019006 0.995470
v -0.033947 -0.013727 1.011451
v -0.018665 -0.025058 0.997568
v -0.017609 -0.016827 1.012210
v -0.026306 -0.019392 1.004509
v -0.025327 -0.013611 1.010828
v -0.030127 -0.016559 1.007980
v -0.033195 -0.014658 1.002802
v -0.025661 -0.020244 0.995955
v -0.022486 -0.022225 1.001039
v -0.017793 -0.019198 1.003982
v -0.034894 -0.023556 0.984809
v -0.034502 -0.018914 0.995331
v -0.019042 -0.028132 0.986237
v -0.018650 -0.023490 0.996759
v -0.034427 -0.020412 0.989697
v -0.018575 -0.024988 0.991125
v -0.023505 -0.025873 0.985407
v -0.023038 -0.022730 0.990295
v -0.023114 -0.021231 0.995929
v -0.029346 -0.025157 0.985309
v -0.028879 -0.022014 0.990197
v -0.028954 -0.020516 0.995831
v -0.033887 -0.011631 1.011840
v -0.033473 -0.006732 1.022946
v -0.018035 -0.016207 1.013269
v -0.017621 -0.011308 1.024374
v -0.033980 -0.010090 1.017805
v -0.018128 -0.014666 1.019233
v -0.025574 -0.012745 1.012022
v -0.025667 -0.011204 1.017987
v -0.025160 -0.007846 1.023128
v -0.047177 -0.014677 0.995464
v -0.046613 -0.007996 1.010607
v -0.033791 -0.018541 0.996670
v -0.033227 -0.011860 1.011814
v -0.040126 -0.015521 0.995574
v -0.039561 -0.008841 1.010717
v -0.046594 -0.010423 1.002622
v -0.039542 -0.011267 1.002731
v -0.033208 -0.014287 1.003828
v -0.063345 -0.012022 0.993585
v -0.062001 -0.002975 1.007655
v -0.046713 -0.014232 0.993940
v -0.046587 -0.008881 1.009686
v -0.046612 -0.011441 1.001761
v -0.050833 -0.009838 1.005739
v -0.054256 -0.005813 1.008619
v -0.054614 -0.009383 1.001151
v -0.054962 -0.012925 0.993671
v -0.059041 -0.010890 0.997453
v -0.062606 -0.007297 1.000528
v -0.062223 -0.013593 0.982348
v -0.061834 -0.008987 0.992790
v -0.046135 -0.017452 0.983452
v -0.045746 -0.012846 0.993894
v -0.061947 -0.010965 0.987423
v -0.045859 -0.014824 0.988526
v -0.057987 -0.016543 0.983492
v -0.057711 -0.013915 0.988567
v -0.057598 -0.011937 0.993934
v -0.049646 -0.017716 0.983699
v -0.049370 -0.015088 0.988773
v -0.049257 -0.013109 0.994141
v -0.050409 -0.019236 0.986572
v -0.050029 -0.014738 0.996770
v -0.034974 -0.023692 0.987963
v -0.034594 -0.019193 0.998160
v -0.050028 -0.015715 0.991103
v -0.034176 -0.020291 0.992531
v -0.042303 -0.020376 0.986437
v -0.041355 -0.015735 0.990789
v -0.041902 -0.015630 0.997196
v -0.048982 -0.007053 1.010966
v -0.048587 -0.002377 1.021567
v -0.033130 -0.011629 1.012394
v -0.032735 -0.006953 1.022995
v -0.048785 -0.004715 1.016266
v -0.032932 -0.009291 1.017695
v -0.040393 -0.007299 1.010871
v -0.040858 -0.007003 1.016980
v -0.040006 -0.002709 1.021277
v -0.063801 -0.003382 1.008294
v -0.063388 0.001516 1.019395
v -0.047949 -0.007958 1.009722
v -0.047536 -0.003060 1.020824
v -0.064108 -0.002592 1.014595
v -0.048327 -0.007170 1.016027
v -0.055692 -0.005083 1.008858
v -0.055968 -0.004126 1.014969
v -0.055286 -0.000272 1.019767
v -0.070716 -0.010618 0.977016
v -0.076828 -0.002973 0.990790
v -0.056071 -0.012314 0.985273
v -0.061875 -0.003734 0.998623
v -0.063893 -0.013169 0.982150
v -0.061537 -0.010563 0.986951
v -0.059639 -0.009857 0.992546
v -0.066449 -0.007643 0.988031
v -0.074271 -0.008499 0.984908
v -0.071768 -0.005954 0.989669
v -0.070017 -0.005186 0.995304
v -0.030640 -0.016031 1.000003
v -0.037319 -0.009435 1.013973
v -0.016494 -0.018866 1.008310
v -0.022200 -0.009318 1.020941
v -0.026906 -0.014150 1.011142
v -0.029208 -0.007751 1.016439
v -0.032112 -0.011793 1.012557
v -0.033248 -0.010971 1.006402
v -0.022980 -0.015621 1.003609
v -0.021700 -0.016508 1.009726
v -0.018941 -0.012401 1.013646
v -0.026776 -0.021589 0.990554
v -0.031032 -0.016043 0.999694
v -0.012144 -0.022948 0.998191
v -0.016399 -0.017401 1.007331
v -0.028633 -0.017993 0.994751
v -0.014000 -0.019352 1.002388
v -0.016242 -0.021654 0.995498
v -0.018098 -0.018058 0.999695
v -0.020497 -0.016108 1.004638
v -0.021655 -0.022065 0.993227
v -0.023511 -0.018469 0.997424
v -0.025910 -0.016518 1.002367
v -0.037709 -0.007340 1.014035
v -0.042200 -0.001486 1.023681
v -0.023077 -0.008698 1.021672
v -0.027568 -0.002844 1.031319
v -0.040254 -0.005322 1.019270
v -0.025622 -0.006680 1.026908
v -0.030006 -0.006845 1.017321
v -0.032551 -0.004827 1.022557
v -0.034497 -0.000991 1.026968
v -0.043293 -0.014278 0.994676
v -0.049417 -0.006295 1.007830
v -0.030937 -0.015425 1.001125
v -0.037061 -0.007442 1.014279
v -0.036756 -0.013763 0.997407
v -0.042881 -0.005781 1.010561
v -0.046054 -0.009373 1.000839
v -0.039517 -0.008859 1.003570
v -0.033698 -0.010520 1.007288
v -0.057770 -0.014898 0.986802
v -0.063115 -0.004549 0.998884
v -0.042358 -0.013890 0.993367
v -0.048921 -0.007237 1.007124
v -0.045602 -0.010448 1.000193
v -0.051190 -0.009324 1.002122
v -0.055980 -0.005778 1.002952
v -0.052994 -0.009999 0.996479
v -0.049998 -0.014192 0.989993
v -0.055444 -0.012636 0.991726
v -0.060376 -0.009521 0.992751
v -0.052298 -0.017218 0.977074
v -0.056521 -0.011714 0.986144
v -0.037430 -0.017860 0.984386
v -0.041653 -0.012356 0.993456
v -0.054326 -0.014146 0.981453
v -0.039458 -0.014788 0.988766
v -0.048428 -0.019203 0.980080
v -0.050456 -0.016131 0.984460
v -0.052651 -0.013699 0.989150
v -0.040700 -0.018758 0.983408
v -0.042728 -0.015686 0.987788
v -0.044923 -0.013254 0.992479
v -0.042262 -0.020135 0.986020
v -0.046386 -0.014759 0.994878
v -0.028015 -0.021458 0.993456
v -0.032139 -0.016082 1.002314
v -0.044117 -0.016217 0.989799
v -0.029485 -0.017576 0.997436
v -0.034625 -0.019732 0.988945
v -0.036054 -0.014629 0.992589
v -0.038977 -0.014061 0.998290
v -0.051856 -0.005788 1.007177
v -0.056143 -0.000200 1.016385
v -0.037223 -0.007146 1.014814
v -0.041511 -0.001558 1.024022
v -0.053999 -0.002994 1.011781
v -0.039367 -0.004352 1.019418
v -0.043920 -0.004417 1.010174
v -0.046683 -0.003673 1.015600
v -0.048129 0.001069 1.019213
v -0.064946 -0.005229 0.998896
v -0.069436 0.000623 1.008540
v -0.050313 -0.006588 1.006533
v -0.054804 -0.000736 1.016177
v -0.067707 -0.003956 1.004480
v -0.053141 -0.005330 1.012096
v -0.057489 -0.005314 1.002552
v -0.060174 -0.003887 1.007946
v -0.061901 0.000436 1.012028
v -0.069306 0.009886 1.019279
v -0.055785 0.009407 1.029402
v -0.060299 0.001167 1.007948
v -0.046470 0.001622 1.017648
v -0.065169 0.003681 1.014399
v -0.059358 0.002639 1.013667
v -0.054183 -0.000295 1.013615
v -0.058042 0.005287 1.018675
v -0.062912 0.007801 1.025126
v -0.057131 0.006705 1.024241
v -0.051925 0.003825 1.024342
v -0.044816 -0.014817 0.988394
v -0.031911 -0.016147 0.999116
v -0.036573 -0.024389 0.977552
v -0.022695 -0.022768 0.986935
v -0.034242 -0.020268 0.988334
v -0.026978 -0.017677 0.992185
v -0.033077 -0.018208 0.993725
v -0.037582 -0.013868 0.992879
v -0.039882 -0.017931 0.982247
v -0.035407 -0.022329 0.982943
v -0.029278 -0.021740 0.981553
v -0.054361 -0.014680 0.981761
v -0.045159 -0.014580 0.988669
v -0.045631 -0.022776 0.970250
v -0.036429 -0.022676 0.977158
v -0.049489 -0.013807 0.984842
v -0.040759 -0.021903 0.973331
v -0.047958 -0.019461 0.973302
v -0.043086 -0.018589 0.976383
v -0.038756 -0.019361 0.980210
v -0.051306 -0.017513 0.977732
v -0.046433 -0.016641 0.980813
v -0.042103 -0.017413 0.984640
v -0.030720 -0.014423 0.999509
v -0.021008 -0.014317 1.006800
v -0.021990 -0.022519 0.987997
v -0.012278 -0.022413 0.995288
v -0.026163 -0.015279 1.003566
v -0.017434 -0.023375 0.992055
v -0.025968 -0.017297 0.993221
v -0.021412 -0.018153 0.997278
v -0.016256 -0.017191 1.000512
v -0.051046 -0.008070 0.998748
v -0.037802 -0.007926 1.008691
v -0.043674 -0.014906 0.989028
v -0.030430 -0.014762 0.998970
v -0.047002 -0.010400 0.993395
v -0.033758 -0.010256 1.003337
v -0.044123 -0.007084 1.003305
v -0.040079 -0.009415 0.997952
v -0.036751 -0.013921 0.993585
v -0.061091 -0.001462 1.010037
v -0.047067 0.001048 1.018906
v -0.051581 -0.007192 0.997452
v -0.038775 -0.008378 1.007998
v -0.045140 -0.007670 1.002673
v -0.044411 -0.006821 1.008585
v -0.042883 -0.003550 1.013400
v -0.049581 -0.003852 1.008533
v -0.056269 -0.004125 1.003653
v -0.055397 -0.002844 1.009370
v -0.054012 -0.000005 1.014380
v -0.068523 0.001143 1.001793
v -0.059391 0.001242 1.008649
v -0.059557 -0.006237 0.989957
v -0.050425 -0.006138 0.996812
v -0.063865 0.001523 1.005094
v -0.054899 -0.005857 0.993257
v -0.066424 -0.002863 0.999055
v -0.061766 -0.002484 1.002355
v -0.057292 -0.002764 1.005911
v -0.061663 -0.005806 0.992756
v -0.057005 -0.005426 0.996056
v -0.052531 -0.005707 0.999612
v -0.060877 -0.008098 0.995054
v -0.051959 -0.008001 1.001749
v -0.052377 -0.015981 0.983846
v -0.043459 -0.015884 0.990541
v -0.056133 -0.006731 0.998004
v -0.047404 -0.014827 0.986492
v -0.056473 -0.010830 0.988716
v -0.051021 -0.008511 0.991220
v -0.047064 -0.010728 0.995780
v -0.038616 -0.006699 1.010803
v -0.029346 -0.006599 1.017763
v -0.029887 -0.014796 0.999292
v -0.020616 -0.014695 1.006251
v -0.033981 -0.006649 1.014283
v -0.025251 -0.014745 1.002771
v -0.033508 -0.008748 1.004205
v -0.029616 -0.010697 1.008527
v -0.024407 -0.008649 1.011037
v -0.047923 0.000831 1.020648
v -0.038214 0.000937 1.027936
v -0.039194 -0.007265 1.009136
v -0.029484 -0.007160 1.016425
v -0.043596 -0.000782 1.025018
v -0.034909 -0.008866 1.013563
v -0.043294 -0.002673 1.014709
v -0.039003 -0.004069 1.018948
v -0.033755 -0.002570 1.021871
v -0.038407 0.008585 1.033610
v -0.023647 0.001340 1.029713
v -0.044247 0.003143 1.018717
v -0.029179 -0.003168 1.014396
v -0.041822 0.003985 1.026784
v -0.039228 0.002068 1.021785
v -0.037383 -0.001670 1.017540
v -0.033947 0.002242 1.024215
v -0.031522 0.003084 1.032282
v -0.029071 0.001184 1.027203
v -0.027082 -0.002571 1.023038
v -0.054768 -0.007077 0.992979
v -0.040350 -0.015181 0.989860
v -0.061114 -0.013306 0.978906
v -0.045724 -0.018459 0.974449
v -0.050732 -0.014244 0.984383
v -0.042631 -0.014970 0.981526
v -0.045541 -0.014713 0.987122
v -0.046971 -0.009514 0.990405
v -0.057209 -0.008589 0.985005
v -0.055923 -0.013775 0.981644
v -0.052870 -0.014045 0.976126
v -0.064931 -0.002340 0.996040
v -0.054690 -0.006895 0.993437
v -0.070792 -0.007093 0.981298
v -0.060550 -0.011648 0.978695
v -0.059539 -0.003795 0.994366
v -0.065400 -0.008548 0.979623
v -0.068742 -0.004782 0.985319
v -0.063350 -0.006236 0.983645
v -0.058500 -0.009337 0.982716
v -0.066983 -0.004004 0.990880
v -0.061591 -0.005458 0.989206
v -0.056741 -0.008559 0.988278
v -0.038620 -0.014042 0.989353
v -0.027811 -0.018849 0.986606
v -0.044481 -0.018795 0.974611
v -0.033671 -0.023603 0.971864
v -0.033515 -0.017355 0.988392
v -0.039375 -0.022108 0.973650
v -0.041163 -0.015245 0.981450
v -0.036058 -0.018557 0.980489
v -0.030354 -0.020052 0.978703
v -0.048741 -0.003634 1.004953
v -0.034001 -0.010190 1.001207
v -0.053690 -0.007648 0.992504
v -0.038950 -0.014203 0.988758
v -0.050857 -0.004553 0.998235
v -0.036117 -0.011109 0.994489
v -0.041070 -0.005998 1.002666
v -0.043186 -0.006917 0.995948
v -0.046018 -0.010012 0.990217
v -0.044470 0.000153 1.020425
v -0.028950 -0.004036 1.015606
v -0.049551 -0.002233 1.004610
v -0.035249 -0.010118 1.001467
v -0.042362 -0.006061 1.002986
v -0.037611 -0.007722 1.006284
v -0.032062 -0.006962 1.008484
v -0.039508 -0.003914 1.010462
v -0.046944 -0.000838 1.012426
v -0.042051 -0.002068 1.015528
v -0.036644 -0.001739 1.017924
v -0.053359 0.007265 1.021061
v -0.043195 0.002744 1.018478
v -0.058984 0.003228 1.005993
v -0.048820 -0.001292 1.003411
v -0.048164 0.005330 1.019647
v -0.053788 0.001293 1.004579
v -0.055637 0.004261 1.017353
v -0.050442 0.002326 1.015939
v -0.045473 -0.000259 1.014770
v -0.058212 0.002999 1.009430
v -0.053016 0.001065 1.008016
v -0.048048 -0.001521 1.006847
v -0.057191 -0.000110 1.010097
v -0.047265 -0.004524 1.007574
v -0.062897 -0.004738 0.995743
v -0.052971 -0.009152 0.993220
v -0.051752 -0.001042 1.008480
v -0.057612 -0.005796 0.993738
v -0.059918 -0.001090 1.002440
v -0.053935 -0.001151 1.000081
v -0.049446 -0.005748 0.999779
v -0.032558 -0.009721 1.003288
v -0.022240 -0.014310 1.000665
v -0.038419 -0.014475 0.988545
v -0.028101 -0.019063 0.985923
v -0.027399 -0.012016 1.001976
v -0.033260 -0.016769 0.987234
v -0.034735 -0.010141 0.994986
v -0.030330 -0.014392 0.994605
v -0.024607 -0.014646 0.992412
v -0.028404 -0.004712 1.017355
v -0.017598 -0.009518 1.014609
v -0.034265 -0.009465 1.002612
v -0.023459 -0.014271 0.999866
v -0.023556 -0.008774 1.016702
v -0.029400 -0.013529 1.002029
v -0.031061 -0.006587 1.009713
v -0.026229 -0.010396 1.009022
v -0.020444 -0.011310 1.007015
v -0.140261 0.011723 0.964305
v -0.139410 0.018990 0.982524
v -0.121646 0.005911 0.966588
v -0.120438 0.014264 0.984315
v -0.131443 0.006787 0.966567
v -0.126386 0.008510 0.970954
v -0.121906 0.008009 0.976194
v -0.130528 0.012451 0.974556
v -0.140325 0.013326 0.974535
v -0.135141 0.014962 0.978807
v -0.130788 0.014549 0.984162
v -0.089330 -0.005128 0.970894
v -0.089232 0.001006 0.989463
v -0.071476 -0.012160 0.973331
v -0.070248 -0.002596 0.990345
v -0.080354 -0.005577 0.981397
v -0.079216 0.001141 0.988739
v -0.084793 -0.002286 0.985430
v -0.088358 -0.000076 0.979413
v -0.079604 -0.006567 0.971458
v -0.075915 -0.008868 0.977364
v -0.070463 -0.005351 0.980785
v -0.090332 -0.010415 0.958506
v -0.089877 -0.005021 0.970732
v -0.071913 -0.015732 0.960166
v -0.071458 -0.010338 0.972392
v -0.089790 -0.006762 0.964186
v -0.071371 -0.012079 0.965845
v -0.077100 -0.013107 0.959201
v -0.076557 -0.009455 0.964881
v -0.076645 -0.007714 0.971427
v -0.083886 -0.012276 0.959087
v -0.083343 -0.008623 0.964767
v -0.083430 -0.006882 0.971313
v -0.089162 0.003441 0.989915
v -0.088682 0.009134 1.002818
v -0.070743 -0.001876 0.991574
v -0.070263 0.003817 1.004478
v -0.089270 0.005231 0.996845
v -0.070851 -0.000086 0.998505
v -0.079503 0.002147 0.990126
v -0.079611 0.003937 0.997057
v -0.079023 0.007839 1.003029
v -0.104604 -0.000098 0.970887
v -0.103949 0.007664 0.988482
v -0.089051 -0.004588 0.972288
v -0.088395 0.003174 0.989884
v -0.096411 -0.001079 0.971015
v -0.095756 0.006683 0.988610
v -0.103927 0.004844 0.979203
v -0.095734 0.003863 0.979331
v -0.088373 0.000355 0.980605
v -0.123390 0.002986 0.968703
v -0.121829 0.013498 0.985052
v -0.104065 0.000419 0.969116
v -0.103919 0.006636 0.987412
v -0.103948 0.003661 0.978204
v -0.108852 0.005524 0.982825
v -0.112830 0.010201 0.986172
v -0.113245 0.006052 0.977495
v -0.113650 0.001938 0.968803
v -0.118389 0.004301 0.973198
v -0.122532 0.008477 0.976771
v -0.122086 0.001161 0.955648
v -0.121634 0.006513 0.967780
v -0.103393 -0.003323 0.956930
v -0.102941 0.002029 0.969062
v -0.121765 0.004215 0.961544
v -0.103072 -0.000269 0.962826
v -0.117165 -0.002267 0.956977
v -0.116844 0.000787 0.962873
v -0.116713 0.003086 0.969109
v -0.107472 -0.003629 0.957217
v -0.107152 -0.000575 0.963113
v -0.107021 0.001723 0.969349
v -0.108359 -0.005396 0.960556
v -0.107918 -0.000169 0.972404
v -0.090425 -0.010573 0.962171
v -0.089984 -0.005346 0.974020
v -0.107917 -0.001304 0.965820
v -0.089498 -0.006621 0.967479
v -0.098940 -0.006720 0.960399
v -0.097839 -0.001328 0.965455
v -0.098475 -0.001205 0.972900
v -0.106701 0.008760 0.988899
v -0.106243 0.014193 1.001216
v -0.088282 0.003443 0.990559
v -0.087824 0.008877 1.002875
v -0.106472 0.011477 0.995057
v -0.088053 0.006160 0.996717
v -0.096722 0.008474 0.988789
v -0.097262 0.008818 0.995887
v -0.096272 0.013808 1.000879
v -0.123920 0.013026 0.985794
v -0.123440 0.018716 0.998693
v -0.105501 0.007709 0.987453
v -0.105021 0.013399 1.000353
v -0.124277 0.013944 0.993116
v -0.105941 0.008624 0.994780
v -0.114498 0.011049 0.986450
v -0.114819 0.012161 0.993550
v -0.114026 0.016639 0.999125
v -0.131955 0.004618 0.949452
v -0.139056 0.013501 0.965456
v -0.114938 0.002647 0.959046
v -0.121682 0.012616 0.974558
v -0.124026 0.001654 0.955417
v -0.121289 0.004682 0.960996
v -0.119084 0.005502 0.967496
v -0.126997 0.008074 0.962251
v -0.136085 0.007081 0.958622
v -0.133176 0.010037 0.964154
v -0.131143 0.010929 0.970701
v -0.085389 -0.001672 0.976161
v -0.093150 0.005992 0.992393
v -0.068953 -0.004965 0.985813
v -0.075583 0.006128 1.000490
v -0.081051 0.000513 0.989103
v -0.083725 0.007949 0.995258
v -0.087100 0.003253 0.990748
v -0.088419 0.004208 0.983597
v -0.076490 -0.001195 0.980351
v -0.075002 -0.002226 0.987458
v -0.071796 0.002546 0.992013
v -0.080900 -0.008130 0.965182
v -0.085844 -0.001685 0.975802
v -0.063898 -0.009708 0.974056
v -0.068843 -0.003263 0.984675
v -0.083057 -0.003951 0.970058
v -0.066056 -0.005530 0.978932
v -0.068660 -0.008205 0.970927
v -0.070817 -0.004027 0.975803
v -0.073604 -0.001761 0.981547
v -0.074949 -0.008682 0.968288
v -0.077107 -0.004504 0.973164
v -0.079894 -0.002237 0.978907
v -0.093603 0.008427 0.992465
v -0.098822 0.015229 1.003673
v -0.076602 0.006848 1.001339
v -0.081820 0.013650 1.012547
v -0.096560 0.010772 0.998548
v -0.079559 0.009193 1.007422
v -0.084653 0.009002 0.996283
v -0.087610 0.011347 1.002366
v -0.089871 0.015804 1.007492
v -0.100091 0.000366 0.969971
v -0.107207 0.009641 0.985255
v -0.085734 -0.000967 0.977464
v -0.092851 0.008308 0.992749
v -0.092496 0.000963 0.973145
v -0.099612 0.010238 0.988429
v -0.103299 0.006065 0.977132
v -0.095704 0.006662 0.980305
v -0.088943 0.004732 0.984625
v -0.116913 -0.000355 0.960823
v -0.123123 0.011670 0.974861
v -0.099005 0.000816 0.968450
v -0.106631 0.008547 0.984435
v -0.102774 0.004815 0.976382
v -0.109267 0.006122 0.978622
v -0.114833 0.010242 0.979587
v -0.111363 0.005337 0.972066
v -0.107882 0.000466 0.964530
v -0.114210 0.002273 0.966543
v -0.119940 0.005893 0.967735
v -0.110554 -0.003051 0.949519
v -0.115461 0.003344 0.960058
v -0.093279 -0.003797 0.958015
v -0.098186 0.002598 0.968554
v -0.112911 0.000519 0.954608
v -0.095635 -0.000227 0.963104
v -0.106058 -0.005358 0.953012
v -0.108414 -0.001788 0.958101
v -0.110965 0.001038 0.963551
v -0.097078 -0.004841 0.956879
v -0.099435 -0.001271 0.961968
v -0.101985 0.001555 0.967418
v -0.098893 -0.006440 0.959913
v -0.103685 -0.000194 0.970206
v -0.082339 -0.007977 0.968554
v -0.087131 -0.001731 0.978846
v -0.101049 -0.001888 0.964304
v -0.084048 -0.003467 0.973178
v -0.090020 -0.005972 0.963312
v -0.091680 -0.000042 0.967547
v -0.095076 0.000618 0.974171
v -0.110040 0.010230 0.984497
v -0.115022 0.016723 0.995196
v -0.093039 0.008652 0.993370
v -0.098020 0.015144 1.004069
v -0.112531 0.013477 0.989846
v -0.095530 0.011898 0.998720
v -0.100820 0.011823 0.987979
v -0.104030 0.012687 0.994283
v -0.105710 0.018197 0.998481
v -0.125250 0.010879 0.974875
v -0.130467 0.017679 0.986080
v -0.108248 0.009301 0.983748
v -0.113466 0.016100 0.994954
v -0.128458 0.012359 0.981363
v -0.111534 0.010762 0.990212
v -0.116586 0.010781 0.979123
v -0.119706 0.012438 0.985390
v -0.121712 0.017461 0.990133
v -0.130316 0.028442 0.998557
v -0.114606 0.027885 1.010320
v -0.119851 0.018311 0.985392
v -0.103782 0.018840 0.996662
v -0.125510 0.021232 0.992888
v -0.118757 0.020021 0.992037
v -0.112744 0.016612 0.991977
v -0.117228 0.023098 0.997856
v -0.122887 0.026019 1.005352
v -0.116170 0.024746 1.004323
v -0.110121 0.021399 1.004440
v -0.101861 -0.000261 0.962672
v -0.086867 -0.001807 0.975130
v -0.092283 -0.011383 0.950074
v -0.076158 -0.009499 0.960977
v -0.089575 -0.006595 0.962602
v -0.081135 -0.003583 0.967077
v -0.088221 -0.004201 0.968866
v -0.093456 0.000842 0.967884
v -0.096127 -0.003879 0.955530
v -0.090929 -0.008989 0.956338
v -0.083807 -0.008305 0.954724
v -0.112951 -0.000101 0.954966
v -0.102259 0.000015 0.962992
v -0.102808 -0.009508 0.941590
v -0.092116 -0.009392 0.949617
v -0.107290 0.000913 0.958545
v -0.097147 -0.008494 0.945170
v -0.105512 -0.005657 0.945136
v -0.099851 -0.004643 0.948716
v -0.094820 -0.005541 0.953163
v -0.109401 -0.003394 0.950284
v -0.103740 -0.002380 0.953864
v -0.098709 -0.003278 0.958311
v -0.085482 0.000197 0.975587
v -0.074198 0.000320 0.984058
v -0.075339 -0.009210 0.962211
v -0.064054 -0.009087 0.970683
v -0.080188 -0.000798 0.980301
v -0.070045 -0.010205 0.966926
v -0.079961 -0.003142 0.968280
v -0.074667 -0.004137 0.972995
v -0.068676 -0.003019 0.976752
v -0.109100 0.007579 0.974703
v -0.093711 0.007746 0.986255
v -0.100534 -0.000365 0.963408
v -0.085146 -0.000197 0.974961
v -0.104400 0.004871 0.968483
v -0.089012 0.005038 0.980035
v -0.101056 0.008724 0.979998
v -0.096356 0.006016 0.973778
v -0.092490 0.000780 0.968703
v -0.120770 0.015256 0.987819
v -0.104476 0.018173 0.998125
v -0.109721 0.008599 0.973197
v -0.094842 0.007221 0.985450
v -0.102238 0.008043 0.979263
v -0.101390 0.009030 0.986133
v -0.099615 0.012831 0.991727
v -0.107397 0.012480 0.986072
v -0.115168 0.012162 0.980402
v -0.114156 0.013650 0.987045
v -0.112546 0.016950 0.992866
v -0.129406 0.018283 0.978241
v -0.118795 0.018398 0.986206
v -0.118988 0.009708 0.964488
v -0.108378 0.009824 0.972454
v -0.123994 0.018724 0.982076
v -0.113576 0.010150 0.968323
v -0.126967 0.013628 0.975060
v -0.121555 0.014069 0.978894
v -0.116356 0.013743 0.983025
v -0.121436 0.010209 0.967741
v -0.116023 0.010651 0.971575
v -0.110825 0.010325 0.975706
v -0.120522 0.007546 0.970411
v -0.110160 0.007659 0.978190
v -0.110646 -0.001613 0.957388
v -0.100284 -0.001501 0.965167
v -0.115011 0.009134 0.973838
v -0.104867 -0.000273 0.960463
v -0.115405 0.004371 0.963047
v -0.109071 0.007066 0.965956
v -0.104473 0.004490 0.971254
v -0.094658 0.009171 0.988710
v -0.083886 0.009288 0.996796
v -0.084514 -0.000236 0.975334
v -0.073742 -0.000119 0.983421
v -0.089272 0.009230 0.992753
v -0.079128 -0.000178 0.979378
v -0.088722 0.006791 0.981043
v -0.084200 0.004526 0.986065
v -0.078148 0.006906 0.988981
v -0.105471 0.017921 1.000148
v -0.094190 0.018043 1.008617
v -0.095328 0.008514 0.986773
v -0.084047 0.008636 0.995242
v -0.100443 0.016047 1.005226
v -0.090349 0.006653 0.991917
v -0.100093 0.013850 0.993247
v -0.095107 0.012227 0.998173
v -0.089008 0.013969 1.001569
v -0.094414 0.026930 1.015209
v -0.077264 0.018513 1.010681
v -0.101200 0.020607 0.997905
v -0.083692 0.013275 0.992884
v -0.098383 0.021585 1.007278
v -0.095368 0.019358 1.001469
v -0.093224 0.015015 0.996537
v -0.089232 0.019560 1.004293
v -0.086415 0.020538 1.013666
v -0.083567 0.018331 1.007765
v -0.081256 0.013968 1.002925
v -0.113424 0.008732 0.967999
v -0.096672 -0.000684 0.964376
v -0.120798 0.001494 0.951648
v -0.102916 -0.004493 0.946469
v -0.108735 0.000405 0.958012
v -0.099322 -0.000438 0.954692
v -0.102703 -0.000140 0.961194
v -0.104365 0.005900 0.965009
v -0.116260 0.006976 0.958734
v -0.114767 0.000950 0.954830
v -0.111218 0.000636 0.948418
v -0.125233 0.014236 0.971557
v -0.113333 0.008944 0.968532
v -0.132043 0.008713 0.954427
v -0.120143 0.003421 0.951403
v -0.118968 0.012546 0.969611
v -0.125778 0.007023 0.952482
v -0.129661 0.011399 0.959100
v -0.123396 0.009709 0.957154
v -0.117761 0.006107 0.956075
v -0.127616 0.012303 0.965561
v -0.121351 0.010613 0.963616
v -0.115716 0.007011 0.962537
v -0.094662 0.000640 0.963787
v -0.082102 -0.004946 0.960595
v -0.101471 -0.004883 0.946658
v -0.088912 -0.010469 0.943466
v -0.088730 -0.003210 0.962670
v -0.095539 -0.008732 0.945541
v -0.097617 -0.000758 0.954604
v -0.091685 -0.004607 0.953487
v -0.085057 -0.006344 0.951412
v -0.106421 0.012733 0.981912
v -0.089294 0.005116 0.977560
v -0.112171 0.008069 0.967448
v -0.095045 0.000452 0.963095
v -0.108879 0.011665 0.974107
v -0.091753 0.004048 0.969754
v -0.097508 0.009986 0.979255
v -0.099966 0.008918 0.971449
v -0.103258 0.005322 0.964790
v -0.101459 0.017133 0.999890
v -0.083426 0.012266 0.994290
v -0.107363 0.014360 0.981514
v -0.090745 0.005198 0.977862
v -0.099010 0.009913 0.979627
v -0.093489 0.007982 0.983459
v -0.087042 0.008866 0.986016
v -0.095693 0.012407 0.988313
v -0.104333 0.015982 0.990595
v -0.098648 0.014552 0.994200
v -0.092365 0.014935 0.996984
v -0.111787 0.025396 1.000628
v -0.099978 0.020144 0.997627
v -0.118322 0.020705 0.983121
v -0.106513 0.015453 0.980120
v -0.105751 0.023148 0.998985
v -0.112286 0.018457 0.981478
v -0.114434 0.021906 0.996320
v -0.108397 0.019658 0.994677
v -0.102625 0.016654 0.993319
v -0.117426 0.020440 0.987114
v -0.111389 0.018192 0.985471
v -0.105616 0.015188 0.984113
v -0.116239 0.016828 0.987889
v -0.104707 0.011699 0.984958
v -0.122870 0.011450 0.971211
v -0.111337 0.006321 0.968280
v -0.109919 0.015744 0.986011
v -0.116729 0.010221 0.968882
v -0.119408 0.015688 0.978992
v -0.112456 0.015617 0.976252
v -0.107240 0.010277 0.975900
v -0.087619 0.005660 0.979977
v -0.075630 0.000328 0.976931
v -0.094428 0.000137 0.962848
v -0.082440 -0.005195 0.959801
v -0.081624 0.002994 0.978454
v -0.088434 -0.002529 0.961325
v -0.090148 0.005172 0.970332
v -0.085029 0.000232 0.969889
v -0.078380 -0.000062 0.967341
v -0.082792 0.011480 0.996322
v -0.070236 0.005896 0.993131
v -0.089601 0.005957 0.979193
v -0.077046 0.000373 0.976002
v -0.077159 0.006761 0.995563
v -0.083949 0.001235 0.978515
v -0.085879 0.009302 0.987443
v -0.080265 0.004876 0.986641
v -0.073542 0.003814 0.984308
v -0.193208 0.024063 0.968992
v -0.192358 0.031331 0.987212
v -0.174594 0.018252 0.971276
v -0.173386 0.026605 0.989003
v -0.184391 0.019127 0.971255
v -0.179334 0.020850 0.975641
v -0.174854 0.020350 0.980882
v -0.183476 0.024791 0.979244
v -0.193273 0.025667 0.979222
v -0.188089 0.027303 0.983495
v -0.183736 0.026890 0.988850
v -0.142278 0.007213 0.975582
v -0.142180 0.013347 0.994151
v -0.124424 0.000181 0.978019
v -0.123196 0.009744 0.995033
v -0.133302 0.006764 0.986085
v -0.132164 0.013482 0.993427
v -0.137741 0.010055 0.990118
v -0.141306 0.012265 0.984101
v -0.132552 0.005774 0.976146
v -0.128863 0.003473 0.982052
v -0.123411 0.006990 0.985473
v -0.143280 0.001926 0.963194
v -0.142825 0.007319 0.975420
v -0.124861 -0.003391 0.964854
v -0.124406 0.002003 0.977080
v -0.142737 0.005579 0.968874
v -0.124318 0.000262 0.970533
v -0.130048 -0.000767 0.963889
v -0.129505 0.002886 0.969569
v -0.129592 0.004627 0.976115
v -0.136833 0.000065 0.963775
v -0.136291 0.003718 0.969455
v -0.136378 0.005459 0.976001
v -0.142110 0.015782 0.994603
v -0.141630 0.021474 1.007506
v -0.123691 0.010465 0.996262
v -0.123211 0.016157 1.009166
v -0.142218 0.017572 1.001533
v -0.123799 0.012255 1.003193
v -0.132451 0.014488 0.994814
v -0.132559 0.016278 1.001745
v -0.131971 0.020180 1.007717
v -0.157552 0.012243 0.975575
v -0.156897 0.020005 0.993170
v -0.141998 0.007753 0.976976
v -0.141343 0.015515 0.994572
v -0.149359 0.011262 0.975702
v -0.148703 0.019024 0.993298
v -0.156875 0.017185 0.983891
v -0.148681 0.016204 0.984019
v -0.141321 0.012695 0.985293
v -0.176338 0.015327 0.973391
v -0.174776 0.025839 0.989740
v -0.157013 0.012760 0.973804
v -0.156866 0.018977 0.992100
v -0.156896 0.016002 0.982891
v -0.161800 0.017865 0.987513
v -0.165777 0.022541 0.990859
v -0.166193 0.018393 0.982183
v -0.166598 0.014278 0.973491
v -0.171337 0.016642 0.977886
v -0.175480 0.020818 0.981459
v -0.175034 0.013502 0.960336
v -0.174582 0.018854 0.972468
v -0.156341 0.009018 0.961618
v -0.155889 0.014370 0.973750
v -0.174713 0.016556 0.966232
v -0.156020 0.012071 0.967514
v -0.170112 0.010074 0.961664
v -0.169792 0.013128 0.967561
v -0.169660 0.015426 0.973797
v -0.160420 0.008712 0.961905
v -0.160100 0.011765 0.967801
v -0.159968 0.014064 0.974037
v -0.161307 0.006945 0.965243
v -0.160866 0.012172 0.977092
v -0.143373 0.001768 0.966859
v -0.142932 0.006995 0.978708
v -0.160865 0.011037 0.970507
v -0.142446 0.005720 0.972167
v -0.151888 0.005621 0.965087
v -0.150787 0.011013 0.970142
v -0.151423 0.011135 0.977588
v -0.159649 0.021101 0.993587
v -0.159190 0.026534 1.005904
v -0.141230 0.015784 0.995246
v -0.140771 0.021217 1.007563
v -0.159420 0.023817 0.999745
v -0.141001 0.018501 1.001405
v -0.149670 0.020815 0.993477
v -0.150210 0.021159 1.000575
v -0.149220 0.026149 1.005567
v -0.176868 0.025366 0.990482
v -0.176388 0.031057 1.003381
v -0.158449 0.020050 0.992141
v -0.157969 0.025740 1.005041
v -0.177225 0.026284 0.997804
v -0.158889 0.020964 0.999468
v -0.167446 0.023389 0.991138
v -0.167767 0.024502 0.998238
v -0.166974 0.028980 1.003812
v -0.184902 0.016958 0.954139
v -0.192004 0.025842 0.970144
v -0.167886 0.014988 0.963733
v -0.174630 0.024957 0.979246
v -0.176974 0.013994 0.960105
v -0.174237 0.017022 0.965684
v -0.172032 0.017843 0.972184
v -0.179945 0.020415 0.966939
v -0.189033 0.019421 0.963310
v -0.186124 0.022378 0.968842
v -0.184091 0.023270 0.975389
v -0.138337 0.010669 0.980849
v -0.146097 0.018333 0.997081
v -0.121901 0.007376 0.990501
v -0.128531 0.018469 1.005177
v -0.133999 0.012854 0.993791
v -0.136673 0.020290 0.999946
v -0.140048 0.015593 0.995436
v -0.141367 0.016548 0.988284
v -0.129438 0.011146 0.985038
v -0.127950 0.010115 0.992146
v -0.124744 0.014887 0.996701
v -0.133848 0.004211 0.969869
v -0.138792 0.010656 0.980489
v -0.116846 0.002633 0.978743
v -0.121791 0.009077 0.989363
v -0.136005 0.008389 0.974746
v -0.119004 0.006811 0.983620
v -0.121608 0.004135 0.975615
v -0.123765 0.008314 0.980491
v -0.126552 0.010580 0.986235
v -0.127897 0.003659 0.972975
v -0.130054 0.007837 0.977852
v -0.132842 0.010103 0.983595
v -0.146551 0.020768 0.997153
v -0.151769 0.027570 1.008361
v -0.129549 0.019189 1.006026
v -0.134768 0.025991 1.017235
v -0.149508 0.023113 1.003236
v -0.132507 0.021534 1.012110
v -0.137601 0.021343 1.000971
v -0.140558 0.023687 1.007054
v -0.142819 0.028144 1.012179
v -0.153039 0.012706 0.974659
v -0.160155 0.021982 0.989943
v -0.138682 0.011373 0.982152
v -0.145798 0.020649 0.997437
v -0.145444 0.013304 0.977832
v -0.152560 0.022579 0.993117
v -0.156247 0.018406 0.981820
v -0.148652 0.019003 0.984993
v -0.141890 0.017073 0.989313
v -0.169860 0.011986 0.965511
v -0.176071 0.024011 0.979548
v -0.151953 0.013157 0.973138
v -0.159579 0.020887 0.989123
v -0.155722 0.017156 0.981070
v -0.162215 0.018462 0.983310
v -0.167781 0.022583 0.984275
v -0.164311 0.017678 0.976754
v -0.160829 0.012807 0.969218
v -0.167157 0.014614 0.971231
v -0.172888 0.018233 0.972423
v -0.163502 0.009290 0.954207
v -0.168409 0.015685 0.964746
v -0.146226 0.008544 0.962703
v -0.151133 0.014939 0.973242
v -0.165859 0.012860 0.959296
v -0.148583 0.012113 0.967792
v -0.159006 0.006983 0.957700
v -0.161362 0.010553 0.962789
v -0.163913 0.013379 0.968239
v -0.150026 0.007500 0.961567
v -0.152383 0.011070 0.966656
v -0.154933 0.013896 0.972106
v -0.151841 0.005901 0.964601
v -0.156633 0.012147 0.974894
v -0.135287 0.004364 0.973242
v -0.140079 0.010610 0.983534
v -0.153997 0.010453 0.968992
v -0.136995 0.008874 0.977866
v -0.142968 0.006369 0.968000
v -0.144628 0.012298 0.972234
v -0.148024 0.012958 0.978859
v -0.162988 0.022571 0.989184
v -0.167970 0.029064 0.999883
v -0.145987 0.020993 0.998058
v -0.150968 0.027485 1.008757
v -0.165479 0.025817 0.994534
v -0.148478 0.024239 1.003408
v -0.153768 0.024164 0.992666
v -0.156978 0.025028 0.998971
v -0.158658 0.030538 1.003169
v -0.178197 0.023220 0.979562
v -0.183415 0.030020 0.990767
v -0.161196 0.021641 0.988436
v -0.166413 0.028441 0.999641
v -0.181406 0.024700 0.986051
v -0.164481 0.023103 0.994900
v -0.169534 0.023122 0.983811
v -0.172654 0.024779 0.990078
v -0.174660 0.029802 0.994821
v -0.183264 0.040783 1.003245
v -0.167553 0.040226 1.015008
v -0.172798 0.030652 0.990080
v -0.156730 0.031181 1.001350
v -0.178458 0.033573 0.997576
v -0.171705 0.032362 0.996725
v -0.165692 0.028953 0.996665
v -0.170176 0.035439 1.002544
v -0.175835 0.038360 1.010040
v -0.169118 0.037086 1.009011
v -0.163069 0.033740 1.009128
v -0.154809 0.012079 0.967360
v -0.139814 0.010534 0.979818
v -0.145231 0.000958 0.954762
v -0.129106 0.002841 0.965665
v -0.142523 0.005746 0.967290
v -0.134083 0.008757 0.971765
v -0.141168 0.008140 0.973554
v -0.146403 0.013182 0.972572
v -0.149075 0.008462 0.960218
v -0.143877 0.003352 0.961026
v -0.136755 0.004036 0.959412
v -0.165899 0.012239 0.959653
v -0.155207 0.012356 0.967680
v -0.155756 0.002832 0.946278
v -0.145064 0.002949 0.954305
v -0.160238 0.013253 0.963233
v -0.150095 0.003846 0.949858
v -0.158460 0.006683 0.949824
v -0.152799 0.007698 0.953404
v -0.147767 0.006800 0.957851
v -0.162349 0.008947 0.954972
v -0.156688 0.009961 0.958552
v -0.151657 0.009063 0.962999
v -0.138430 0.012538 0.980274
v -0.127145 0.012661 0.988746
v -0.128287 0.003131 0.966899
v -0.117002 0.003254 0.975370
v -0.133136 0.011543 0.984989
v -0.122993 0.002136 0.971614
v -0.132909 0.009199 0.972968
v -0.127615 0.008204 0.977683
v -0.121624 0.009321 0.981440
v -0.162047 0.019920 0.979391
v -0.146659 0.020087 0.990943
v -0.153482 0.011976 0.968096
v -0.138094 0.012143 0.979648
v -0.157348 0.017212 0.973171
v -0.141960 0.017379 0.984723
v -0.154003 0.021065 0.984686
v -0.149304 0.018357 0.978465
v -0.145438 0.013121 0.973391
v -0.173718 0.027597 0.992507
v -0.157424 0.030514 1.002813
v -0.162669 0.020939 0.977885
v -0.147790 0.019562 0.990138
v -0.155185 0.020384 0.983951
v -0.154338 0.021371 0.990821
v -0.152563 0.025171 0.996415
v -0.160345 0.024821 0.990760
v -0.168116 0.024503 0.985090
v -0.167103 0.025991 0.991732
v -0.165494 0.029290 0.997553
v -0.182354 0.030624 0.982929
v -0.171743 0.030739 0.990894
v -0.171936 0.022049 0.969176
v -0.161326 0.022164 0.977141
v -0.176942 0.031065 0.986763
v -0.166524 0.022490 0.973011
v -0.179915 0.025969 0.979747
v -0.174503 0.026410 0.983582
v -0.169304 0.026084 0.987713
v -0.174383 0.022550 0.972429
v -0.168971 0.022991 0.976263
v -0.163773 0.022665 0.980394
v -0.173470 0.019887 0.975099
v -0.163108 0.020000 0.982878
v -0.163594 0.010728 0.962075
v -0.153232 0.010840 0.969855
v -0.167958 0.021475 0.978526
v -0.157815 0.012068 0.965150
v -0.168353 0.016712 0.967735
v -0.162019 0.019406 0.970643
v -0.157420 0.016831 0.975942
v -0.147605 0.021512 0.993398
v -0.136833 0.021629 1.001484
v -0.137462 0.012105 0.980022
v -0.126690 0.012222 0.988109
v -0.142219 0.021570 0.997441
v -0.132076 0.012163 0.984065
v -0.141669 0.019132 0.985731
v -0.137148 0.016867 0.990753
v -0.131095 0.019247 0.993669
v -0.158419 0.030261 1.004836
v -0.147138 0.030384 1.013305
v -0.148276 0.020854 0.991460
v -0.136995 0.020977 0.999929
v -0.153391 0.028388 1.009914
v -0.143297 0.018994 0.996604
v -0.153041 0.026190 0.997935
v -0.148054 0.024568 1.002861
v -0.141956 0.026310 1.006257
v -0.147362 0.039271 1.019897
v -0.130212 0.030853 1.015369
v -0.154148 0.032947 1.002593
v -0.136640 0.025615 0.997572
v -0.151330 0.033926 1.011965
v -0.148315 0.031699 1.006157
v -0.146172 0.027356 1.001225
v -0.142180 0.031900 1.008981
v -0.139362 0.032879 1.018354
v -0.136515 0.030672 1.012453
v -0.134204 0.026309 1.007613
v -0.166372 0.021073 0.972687
v -0.149620 0.011656 0.969064
v -0.173746 0.013835 0.956336
v -0.155864 0.007848 0.951157
v -0.161683 0.012746 0.962700
v -0.152270 0.011902 0.959380
v -0.155651 0.012201 0.965882
v -0.157312 0.018241 0.969697
v -0.169208 0.019316 0.963422
v -0.167714 0.013290 0.959518
v -0.164166 0.012977 0.953106
v -0.178181 0.026577 0.976244
v -0.166281 0.021284 0.973220
v -0.184990 0.021054 0.959115
v -0.173090 0.015761 0.956091
v -0.171916 0.024887 0.974299
v -0.178725 0.019364 0.957170
v -0.182608 0.023740 0.963787
v -0.176343 0.022050 0.961842
v -0.170709 0.018447 0.960763
v -0.180564 0.024644 0.970249
v -0.174299 0.022954 0.968304
v -0.168664 0.019351 0.967225
v -0.147609 0.012980 0.968475
v -0.135050 0.007394 0.965283
v -0.154419 0.007457 0.951346
v -0.141859 0.001872 0.948154
v -0.141678 0.009131 0.967358
v -0.148487 0.003608 0.950229
v -0.150565 0.011583 0.959292
v -0.144633 0.007734 0.958175
v -0.138005 0.005997 0.956100
v -0.159369 0.025073 0.986600
v -0.142242 0.017456 0.982247
v -0.165119 0.020410 0.972135
v -0.147992 0.012793 0.967783
v -0.161827 0.024005 0.978795
v -0.144701 0.016388 0.974442
v -0.150456 0.022326 0.983942
v -0.152914 0.021258 0.976137
v -0.156206 0.017663 0.969478
v -0.154407 0.029474 1.004578
v -0.136374 0.024607 0.998978
v -0.160310 0.026701 0.986202
v -0.143693 0.017539 0.982550
v -0.151958 0.022254 0.984315
v -0.146437 0.020323 0.988147
v -0.139990 0.021207 0.990703
v -0.148641 0.024748 0.993001
v -0.157281 0.028323 0.995283
v -0.151596 0.026893 0.998888
v -0.145313 0.027276 1.001671
v -0.164735 0.037737 1.005316
v -0.152926 0.032485 1.002315
v -0.171270 0.033046 0.987809
v -0.159461 0.027794 0.984808
v -0.158698 0.035489 1.003673
v -0.165234 0.030798 0.986166
v -0.167382 0.034247 1.001008
v -0.161345 0.031999 0.999365
v -0.155573 0.028995 0.998007
v -0.170373 0.032781 0.991802
v -0.164337 0.030533 0.990159
v -0.158564 0.027529 0.988801
v -0.169187 0.029169 0.992577
v -0.157654 0.024039 0.989646
v -0.175817 0.023791 0.975899
v -0.164285 0.018662 0.972968
v -0.162867 0.028085 0.990699
v -0.169677 0.022562 0.973570
v -0.172356 0.028029 0.983680
v -0.165404 0.027958 0.980939
v -0.160188 0.022617 0.980588
v -0.140566 0.018001 0.984665
v -0.128578 0.012669 0.981618
v -0.147376 0.012478 0.967536
v -0.135387 0.007146 0.964489
v -0.134572 0.015335 0.983142
v -0.141382 0.009812 0.966013
v -0.143096 0.017513 0.975019
v -0.137977 0.012573 0.974577
v -0.131327 0.012279 0.972029
v -0.135740 0.023821 1.001010
v -0.123184 0.018237 0.997819
v -0.142549 0.018298 0.983881
v -0.129993 0.012714 0.980690
v -0.130106 0.019101 1.000251
v -0.136896 0.013576 0.983203
v -0.138827 0.021643 0.992131
v -0.133212 0.017216 0.991328
v -0.126490 0.016155 0.988996
v -0.241729 0.039778 0.990651
v -0.240878 0.047046 1.008870
v -0.223114 0.033967 0.992934
v -0.221906 0.042320 1.010662
v -0.232911 0.034842 0.992913
v -0.227854 0.036565 0.997300
v -0.223374 0.036065 1.002541
v -0.231996 0.040506 1.000902
v -0.241793 0.041382 1.000881
v -0.236609 0.043017 1.005153
v -0.232256 0.042604 1.010509
v -0.190798 0.022928 0.997241
v -0.190700 0.029061 1.015809
v -0.172944 0.015896 0.999678
v -0.171716 0.025459 1.016691
v -0.181822 0.022479 1.007743
v -0.180684 0.029196 1.015086
v -0.186261 0.025770 1.011776
v -0.189826 0.027979 1.005759
v -0.181073 0.021489 0.997804
v -0.177383 0.019187 1.003711
v -0.171931 0.022705 1.007131
v -0.191800 0.017641 0.984853
v -0.191345 0.023034 0.997079
v -0.173381 0.012324 0.986512
v -0.172926 0.017718 0.998738
v -0.191258 0.021294 0.990532
v -0.172839 0.015977 0.992192
v -0.178568 0.014948 0.985548
v -0.178025 0.018601 0.991227
v -0.178113 0.020342 0.997774
v -0.185354 0.015780 0.985434
v -0.184811 0.019433 0.991113
v -0.184898 0.021173 0.997659
v -0.190631 0.031497 1.016261
v -0.190150 0.037189 1.029165
v -0.172212 0.026180 1.017921
v -0.171731 0.031872 1.030824
v -0.190738 0.033287 1.023192
v -0.172319 0.027970 1.024851
v -0.180972 0.030203 1.016473
v -0.181079 0.031993 1.023403
v -0.180491 0.035895 1.029376
v -0.206072 0.027957 0.997233
v -0.205417 0.035720 1.014829
v -0.190519 0.023468 0.998635
v -0.189863 0.031230 1.016230
v -0.197879 0.026976 0.997361
v -0.197224 0.034739 1.014956
v -0.205395 0.032900 1.005550
v -0.197202 0.031919 1.005677
v -0.189841 0.028410 1.006951
v -0.224858 0.031042 0.995050
v -0.223297 0.041554 1.011399
v -0.205533 0.028475 0.995463
v -0.205387 0.034692 1.013759
v -0.205416 0.031717 1.004550
v -0.210320 0.033580 1.009172
v -0.214298 0.038256 1.012518
v -0.214713 0.034108 1.003841
v -0.215118 0.029993 0.995150
v -0.219858 0.032357 0.999544
v -0.224000 0.036533 1.003118
v -0.223554 0.029217 0.981994
v -0.223103 0.034569 0.994127
v -0.204861 0.024733 0.983276
v -0.204409 0.030085 0.995409
v -0.223234 0.032271 0.987890
v -0.204540 0.027786 0.989172
v -0.218633 0.025789 0.983323
v -0.218312 0.028843 0.989219
v -0.218181 0.031141 0.995456
v -0.208941 0.024427 0.983563
v -0.208620 0.027480 0.989459
v -0.208489 0.029779 0.995696
v -0.209827 0.022660 0.986902
v -0.209386 0.027887 0.998751
v -0.191893 0.017483 0.988518
v -0.191452 0.022710 1.000366
v -0.209385 0.026751 0.992166
v -0.190966 0.021435 0.993826
v -0.200409 0.021336 0.986745
v -0.199308 0.026728 0.991801
v -0.199943 0.026850 0.999246
v -0.208169 0.036815 1.015245
v -0.207711 0.042249 1.027562
v -0.189750 0.031499 1.016905
v -0.189292 0.036932 1.029222
v -0.207940 0.039532 1.021404
v -0.189521 0.034215 1.023063
v -0.198190 0.036530 1.015135
v -0.198731 0.036874 1.022234
v -0.197740 0.041863 1.027226
v -0.225388 0.041081 1.012140
v -0.224908 0.046772 1.025040
v -0.206969 0.035765 1.013800
v -0.206489 0.041455 1.026699
v -0.225745 0.041999 1.019462
v -0.207409 0.036679 1.021126
v -0.215966 0.039104 1.012796
v -0.216287 0.040217 1.019896
v -0.215494 0.044695 1.025471
v -0.233423 0.032673 0.975798
v -0.240524 0.041557 0.991802
v -0.216406 0.030703 0.985392
v -0.223150 0.040672 1.000904
v -0.225494 0.029709 0.981763
v -0.222757 0.032737 0.987343
v -0.220552 0.033558 0.993842
v -0.228465 0.036130 0.988597
v -0.237553 0.035136 0.984969
v -0.234645 0.038093 0.990500
v -0.232611 0.038985 0.997048
v -0.186857 0.026384 1.002508
v -0.194618 0.034048 1.018740
v -0.170421 0.023091 1.012159
v -0.177052 0.034184 1.026836
v -0.182519 0.028569 1.015449
v -0.185193 0.036005 1.021605
v -0.188569 0.031308 1.017094
v -0.189888 0.032263 1.009943
v -0.177958 0.026861 1.006697
v -0.176470 0.025830 1.013804
v -0.173264 0.030602 1.018359
v -0.182368 0.019926 0.991528
v -0.187313 0.026371 1.002148
v -0.165367 0.018348 1.000402
v -0.170311 0.024792 1.011022
v -0.184525 0.024104 0.996405
v -0.167524 0.022526 1.005278
v -0.170128 0.019850 0.997273
v -0.172285 0.024028 1.002150
v -0.175073 0.026295 1.007893
v -0.176417 0.019374 0.994634
v -0.178575 0.023552 0.999510
v -0.181362 0.025818 1.005254
v -0.195071 0.036483 1.018811
v -0.200290 0.043284 1.030020
v -0.178070 0.034904 1.027685
v -0.183288 0.041706 1.038893
v -0.198028 0.038827 1.024894
v -0.181027 0.037249 1.033768
v -0.186121 0.037058 1.022629
v -0.189078 0.039402 1.028713
v -0.191340 0.043859 1.033838
v -0.201559 0.028421 0.996317
v -0.208675 0.037697 1.011602
v -0.187202 0.027088 1.003811
v -0.194319 0.036364 1.019095
v -0.193964 0.029019 0.999491
v -0.201081 0.038294 1.014775
v -0.204767 0.034120 1.003478
v -0.197173 0.034718 1.006652
v -0.190411 0.032787 1.010972
v -0.218381 0.027701 0.987170
v -0.224591 0.039726 1.001207
v -0.200473 0.028872 0.994797
v -0.208099 0.036602 1.010781
v -0.204242 0.032871 1.002728
v -0.210735 0.034177 1.004969
v -0.216301 0.038297 1.005934
v -0.212831 0.033393 0.998413
v -0.209350 0.028521 0.990876
v -0.215678 0.030329 0.992890
v -0.221409 0.033948 0.994082
v -0.212022 0.025005 0.975865
v -0.216929 0.031400 0.986404
v -0.194747 0.024258 0.984362
v -0.199654 0.030654 0.994901
v -0.214379 0.028574 0.980954
v -0.197103 0.027828 0.989451
v -0.207526 0.022698 0.979359
v -0.209882 0.026268 0.984447
v -0.212433 0.029094 0.989898
v -0.198547 0.023215 0.983226
v -0.200903 0.026785 0.988314
v -0.203454 0.029611 0.993765
v -0.200361 0.021616 0.986260
v -0.205153 0.027862 0.996552
v -0.183807 0.020079 0.994900
v -0.188600 0.026325 1.005192
v -0.202517 0.026168 0.990651
v -0.185516 0.024589 0.999525
v -0.191488 0.022084 0.989658
v -0.193148 0.028013 0.993893
v -0.196544 0.028673 1.000517
v -0.211508 0.038286 1.010843
v -0.216490 0.044779 1.021542
v -0.194507 0.036707 1.019717
v -0.199489 0.043200 1.030416
v -0.213999 0.041532 1.016192
v -0.196998 0.039954 1.025066
v -0.202288 0.039879 1.014325
v -0.205499 0.040743 1.020629
v -0.207178 0.046252 1.024827
v -0.226718 0.038935 1.001221
v -0.231935 0.045735 1.012426
v -0.209717 0.037356 1.010095
v -0.214934 0.044156 1.021300
v -0.229926 0.040415 1.007710
v -0.213002 0.038818 1.016559
v -0.218054 0.038837 1.005469
v -0.221174 0.040494 1.011737
v -0.223181 0.045517 1.016480
v -0.231784 0.056498 1.024904
v -0.216074 0.055941 1.036666
v -0.221319 0.046367 1.011739
v -0.205251 0.046896 1.023009
v -0.226978 0.049287 1.019235
v -0.220225 0.048077 1.018384
v -0.214212 0.044668 1.018323
v -0.218696 0.051154 1.024202
v -0.224355 0.054075 1.031698
v -0.217638 0.052801 1.030670
v -0.211590 0.049455 1.030787
v -0.203329 0.027794 0.989019
v -0.188335 0.026249 1.001477
v -0.193751 0.016673 0.976421
v -0.177626 0.018556 0.987324
v -0.191043 0.021461 0.988949
v -0.182603 0.024472 0.993424
v -0.189689 0.023855 0.995213
v -0.194924 0.028897 0.994230
v -0.197596 0.024177 0.981877
v -0.192397 0.019067 0.982685
v -0.185275 0.019751 0.981070
v -0.214419 0.027954 0.981312
v -0.203727 0.028070 0.989339
v -0.204276 0.018547 0.967936
v -0.193584 0.018663 0.975963
v -0.208758 0.028968 0.984892
v -0.198615 0.019561 0.971516
v -0.206980 0.022398 0.971483
v -0.201319 0.023412 0.975062
v -0.196288 0.022515 0.979509
v -0.210869 0.024662 0.976631
v -0.205208 0.025676 0.980210
v -0.200177 0.024778 0.984657
v -0.186951 0.028253 1.001933
v -0.175666 0.028376 1.010404
v -0.176807 0.018846 0.988557
v -0.165522 0.018968 0.997029
v -0.181656 0.027258 1.006648
v -0.171513 0.017851 0.993272
v -0.181429 0.024913 0.994627
v -0.176135 0.023919 0.999341
v -0.170145 0.025036 1.003098
v -0.210568 0.035635 1.001050
v -0.195179 0.035802 1.012602
v -0.202002 0.027691 0.989755
v -0.186614 0.027858 1.001307
v -0.205869 0.032927 0.994829
v -0.190480 0.033094 1.006381
v -0.202524 0.036780 1.006344
v -0.197825 0.034072 1.000124
v -0.193958 0.028836 0.995050
v -0.222239 0.043312 1.014166
v -0.205944 0.046229 1.024471
v -0.211189 0.036654 0.999544
v -0.196310 0.035277 1.011796
v -0.203706 0.036099 1.005609
v -0.202858 0.037086 1.012479
v -0.201083 0.040886 1.018073
v -0.208865 0.040535 1.012418
v -0.216637 0.040218 1.006748
v -0.215624 0.041706 1.013391
v -0.214014 0.045005 1.019212
v -0.230874 0.046339 1.004587
v -0.220264 0.046454 1.012553
v -0.220457 0.037764 0.990835
v -0.209846 0.037879 0.998800
v -0.225462 0.046780 1.008422
v -0.215044 0.038205 0.994669
v -0.228435 0.041684 1.001406
v -0.223023 0.042125 1.005241
v -0.217825 0.041799 1.009371
v -0.222904 0.038265 0.994087
v -0.217491 0.038706 0.997922
v -0.212293 0.038380 1.002053
v -0.221990 0.035602 0.996757
v -0.211628 0.035714 1.004536
v -0.212114 0.026442 0.983734
v -0.201752 0.026555 0.991513
v -0.216479 0.037190 1.000184
v -0.206336 0.027783 0.986809
v -0.216874 0.032427 0.989393
v -0.210539 0.035121 0.992302
v -0.205941 0.032546 0.997600
v -0.196126 0.037227 1.015056
v -0.185354 0.037344 1.023143
v -0.185982 0.027820 1.001681
v -0.175211 0.027937 1.009767
v -0.190740 0.037285 1.019099
v -0.180596 0.027878 1.005724
v -0.190190 0.034847 1.007390
v -0.185668 0.032582 1.012412
v -0.179616 0.034962 1.015328
v -0.206940 0.045976 1.026495
v -0.195658 0.046099 1.034963
v -0.196796 0.036569 1.013119
v -0.185515 0.036692 1.021588
v -0.201911 0.044102 1.031573
v -0.191817 0.034709 1.018263
v -0.201561 0.041905 1.019594
v -0.196575 0.040283 1.024519
v -0.190477 0.042025 1.027916
v -0.195882 0.054986 1.041556
v -0.178732 0.046568 1.037028
v -0.202668 0.048662 1.024251
v -0.185160 0.041330 1.019231
v -0.199851 0.049641 1.033624
v -0.196836 0.047414 1.027816
v -0.194692 0.043071 1.022883
v -0.190700 0.047615 1.030639
v -0.187883 0.048594 1.040012
v -0.185035 0.046387 1.034112
v -0.182724 0.042024 1.029271
v -0.214892 0.036787 0.994346
v -0.198140 0.027371 0.990722
v -0.222266 0.029550 0.977994
v -0.204384 0.023563 0.972816
v -0.210203 0.028461 0.984358
v -0.200790 0.027617 0.981039
v -0.204171 0.027916 0.987540
v -0.205833 0.033956 0.991355
v -0.217729 0.035031 0.985081
v -0.216235 0.029005 0.981176
v -0.212687 0.028692 0.974765
v -0.226701 0.042292 0.997903
v -0.214801 0.036999 0.994879
v -0.233511 0.036769 0.980774
v -0.221611 0.031476 0.977750
v -0.220436 0.040601 0.995957
v -0.227246 0.035079 0.978828
v -0.231129 0.039455 0.985446
v -0.224864 0.037764 0.983500
v -0.219229 0.034162 0.982422
v -0.229085 0.040359 0.991908
v -0.222820 0.038668 0.989962
v -0.217185 0.035066 0.988883
v -0.196130 0.028695 0.990134
v -0.183570 0.023109 0.986942
v -0.202939 0.023172 0.973004
v -0.190380 0.017586 0.969812
v -0.190198 0.024846 0.989016
v -0.197008 0.019323 0.971887
v -0.199085 0.027298 0.980950
v -0.193153 0.023449 0.979833
v -0.186525 0.021712 0.977759
v -0.207889 0.040788 1.008259
v -0.190762 0.033171 1.003906
v -0.213639 0.036124 0.993794
v -0.196513 0.028508 0.989441
v -0.210348 0.039720 1.000453
v -0.193221 0.032103 0.996101
v -0.198976 0.038041 1.005601
v -0.201435 0.036973 0.997796
v -0.204726 0.033378 0.991136
v -0.202927 0.045189 1.026236
v -0.184895 0.040322 1.020637
v -0.208831 0.042416 1.007860
v -0.192213 0.033254 1.004208
v -0.200478 0.037968 1.005974
v -0.194957 0.036038 1.009806
v -0.188510 0.036921 1.012362
v -0.197161 0.040463 1.014659
v -0.205802 0.044038 1.016942
v -0.200116 0.042608 1.020547
v -0.193833 0.042991 1.023330
v -0.213255 0.053452 1.026975
v -0.201446 0.048199 1.023973
v -0.219790 0.048761 1.009468
v -0.207981 0.043509 1.006467
v -0.207219 0.051203 1.025331
v -0.213754 0.046513 1.007825
v -0.215902 0.049962 1.022667
v -0.209866 0.047714 1.021024
v -0.204093 0.044710 1.019666
v -0.218894 0.048496 1.013461
v -0.212857 0.046248 1.011818
v -0.207085 0.043244 1.010460
v -0.217708 0.044883 1.014236
v -0.206175 0.039754 1.011305
v -0.224338 0.039506 0.997558
v -0.212805 0.034377 0.994627
v -0.211388 0.043800 1.012357
v -0.218197 0.038277 0.995228
v -0.220876 0.043744 1.005339
v -0.213924 0.043673 1.002598
v -0.208709 0.038332 1.002247
v -0.189087 0.033715 1.006324
v -0.177098 0.028384 1.003277
v -0.195896 0.028192 0.989195
v -0.183908 0.022861 0.986148
v -0.183092 0.031049 1.004800
v -0.189902 0.025527 0.987671
v -0.191616 0.033228 0.996678
v -0.186497 0.028288 0.996236
v -0.179848 0.027994 0.993687
v -0.184260 0.039536 1.022669
v -0.171704 0.033952 1.019478
v -0.191069 0.034013 1.005539
v -0.178514 0.028429 1.002348
v -0.178627 0.034816 1.021910
v -0.185417 0.029291 1.004861
v -0.187347 0.037357 1.013789
v -0.181733 0.032931 1.012987
v -0.175011 0.031870 1.010654
v -0.295224 0.054619 0.978846
v -0.294215 0.063239 1.000456
v -0.273145 0.047726 0.981555
v -0.271712 0.057633 1.002581
v -0.284765 0.048764 0.981529
v -0.278767 0.050808 0.986733
v -0.273454 0.050215 0.992948
v -0.283680 0.055482 0.991005
v -0.295300 0.056521 0.990980
v -0.289152 0.058461 0.996047
v -0.283988 0.057971 1.002399
v -0.234816 0.034633 0.986662
v -0.234700 0.041908 1.008686
v -0.213639 0.026293 0.989553
v -0.212183 0.037635 1.009732
v -0.224170 0.034100 0.999119
v -0.222820 0.042068 1.007828
v -0.229435 0.038004 1.003903
v -0.233663 0.040624 0.996766
v -0.223280 0.032926 0.987331
v -0.218904 0.030196 0.994336
v -0.212438 0.034368 0.998393
v -0.236005 0.028362 0.971969
v -0.235465 0.034759 0.986470
v -0.214158 0.022056 0.973938
v -0.213618 0.028453 0.988438
v -0.235361 0.032695 0.978705
v -0.213515 0.026388 0.980674
v -0.220310 0.025168 0.972794
v -0.219666 0.029501 0.979530
v -0.219770 0.031565 0.987294
v -0.228358 0.026155 0.972658
v -0.227715 0.030487 0.979394
v -0.227818 0.032552 0.987159
v -0.234617 0.044796 1.009222
v -0.234047 0.051548 1.024527
v -0.212771 0.038490 1.011191
v -0.212201 0.045242 1.026495
v -0.234745 0.046919 1.017442
v -0.212899 0.040613 1.019411
v -0.223161 0.043261 1.009473
v -0.223289 0.045384 1.017693
v -0.222591 0.050013 1.024777
v -0.252932 0.040598 0.986654
v -0.252155 0.049805 1.007523
v -0.234484 0.035273 0.988316
v -0.233707 0.044480 1.009185
v -0.243214 0.039435 0.986805
v -0.242437 0.048641 1.007674
v -0.252129 0.046461 0.996517
v -0.242411 0.045297 0.996669
v -0.233681 0.041136 0.998180
v -0.275214 0.044257 0.984064
v -0.273362 0.056725 1.003454
v -0.252293 0.041212 0.984553
v -0.252119 0.048586 1.006254
v -0.252154 0.045057 0.995332
v -0.257971 0.047267 1.000813
v -0.262688 0.052814 1.004782
v -0.263181 0.047894 0.994491
v -0.263661 0.043013 0.984182
v -0.269283 0.045817 0.989395
v -0.274196 0.050769 0.993633
v -0.273667 0.042092 0.968579
v -0.273131 0.048440 0.982969
v -0.251496 0.036773 0.970099
v -0.250960 0.043122 0.984489
v -0.273287 0.045714 0.975572
v -0.251115 0.040395 0.977092
v -0.267830 0.038026 0.970155
v -0.267449 0.041648 0.977148
v -0.267294 0.044375 0.984545
v -0.256334 0.036410 0.970440
v -0.255954 0.040032 0.977433
v -0.255798 0.042759 0.984830
v -0.257386 0.034315 0.974400
v -0.256863 0.040515 0.988453
v -0.236115 0.028175 0.976316
v -0.235592 0.034375 0.990370
v -0.256862 0.039168 0.980643
v -0.235015 0.032862 0.982612
v -0.246215 0.032744 0.974214
v -0.244909 0.039140 0.980210
v -0.245662 0.039285 0.989041
v -0.255420 0.051105 1.008017
v -0.254876 0.057549 1.022626
v -0.233573 0.044799 1.009986
v -0.233029 0.051243 1.024594
v -0.255148 0.054327 1.015322
v -0.233301 0.048021 1.017290
v -0.243584 0.050766 1.007887
v -0.244224 0.051174 1.016306
v -0.243050 0.057092 1.022227
v -0.275843 0.056164 1.004334
v -0.275273 0.062914 1.019634
v -0.253996 0.049858 1.006302
v -0.253426 0.056608 1.021602
v -0.276265 0.057253 1.013019
v -0.254518 0.050943 1.014992
v -0.264667 0.053819 1.005112
v -0.265048 0.055139 1.013534
v -0.264107 0.060450 1.020146
v -0.285372 0.046192 0.961230
v -0.293795 0.056728 0.980212
v -0.265189 0.043855 0.972609
v -0.273188 0.055679 0.991007
v -0.275968 0.042676 0.968305
v -0.272722 0.046268 0.974922
v -0.270106 0.047241 0.982632
v -0.279492 0.050291 0.976410
v -0.290271 0.049113 0.972107
v -0.286821 0.052619 0.978668
v -0.284409 0.053677 0.986433
v -0.230142 0.038732 0.992910
v -0.239346 0.047822 1.012162
v -0.210647 0.034826 1.004357
v -0.218511 0.047983 1.021765
v -0.224997 0.041324 1.008259
v -0.228168 0.050143 1.015560
v -0.232171 0.044573 1.010210
v -0.233736 0.045705 1.001728
v -0.219587 0.039298 0.997878
v -0.217822 0.038075 1.006308
v -0.214019 0.043735 1.011710
v -0.224817 0.031073 0.979887
v -0.230682 0.038716 0.992483
v -0.204652 0.029200 0.990412
v -0.210517 0.036844 1.003008
v -0.227376 0.036028 0.985671
v -0.207211 0.034156 0.996196
v -0.210299 0.030982 0.986701
v -0.212858 0.035938 0.992485
v -0.216164 0.038626 0.999297
v -0.217759 0.030417 0.983570
v -0.220318 0.035373 0.989354
v -0.223624 0.038061 0.996166
v -0.239884 0.050710 1.012246
v -0.246074 0.058777 1.025541
v -0.219719 0.048838 1.022771
v -0.225909 0.056905 1.036066
v -0.243392 0.053491 1.019462
v -0.223227 0.051619 1.029987
v -0.229268 0.051392 1.016775
v -0.232776 0.054173 1.023990
v -0.235458 0.059459 1.030069
v -0.247579 0.041149 0.985567
v -0.256020 0.052150 1.003695
v -0.230551 0.039568 0.994455
v -0.238992 0.050569 1.012583
v -0.238571 0.041857 0.989331
v -0.247012 0.052858 1.007460
v -0.251385 0.047908 0.994060
v -0.242376 0.048617 0.997825
v -0.234356 0.046327 1.002948
v -0.267531 0.040294 0.974717
v -0.274897 0.054556 0.991367
v -0.246292 0.041683 0.983763
v -0.255336 0.050852 1.002722
v -0.250762 0.046426 0.993171
v -0.258463 0.047975 0.995828
v -0.265064 0.052862 0.996973
v -0.260948 0.047045 0.988052
v -0.256819 0.041267 0.979114
v -0.264325 0.043411 0.981502
v -0.271122 0.047704 0.982915
v -0.259989 0.037096 0.961310
v -0.265809 0.044681 0.973809
v -0.239499 0.036211 0.971387
v -0.245319 0.043797 0.983887
v -0.262785 0.041330 0.967345
v -0.242294 0.040445 0.977423
v -0.254656 0.034360 0.965453
v -0.257451 0.038595 0.971488
v -0.260476 0.041946 0.977953
v -0.244006 0.034974 0.970039
v -0.246801 0.039208 0.976075
v -0.249826 0.042559 0.982539
v -0.246158 0.033077 0.973638
v -0.251842 0.040485 0.985846
v -0.226524 0.031254 0.983886
v -0.232208 0.038662 0.996094
v -0.248715 0.038476 0.978846
v -0.228550 0.036603 0.989371
v -0.235635 0.033632 0.977669
v -0.237603 0.040665 0.982692
v -0.241631 0.041447 0.990548
v -0.259380 0.052849 1.002796
v -0.265288 0.060550 1.015485
v -0.239215 0.050977 1.013321
v -0.245124 0.058677 1.026011
v -0.262334 0.056699 1.009140
v -0.242169 0.054827 1.019666
v -0.248444 0.054738 1.006925
v -0.252252 0.055763 1.014403
v -0.254244 0.062298 1.019382
v -0.277420 0.053619 0.991383
v -0.283607 0.061684 1.004673
v -0.257255 0.051746 1.001908
v -0.263443 0.059811 1.015198
v -0.281224 0.055373 0.999079
v -0.261151 0.053479 1.009575
v -0.267144 0.053502 0.996422
v -0.270844 0.055468 1.003855
v -0.273224 0.061425 1.009481
v -0.283429 0.074450 1.019473
v -0.264795 0.073789 1.033424
v -0.271016 0.062433 1.003858
v -0.251958 0.063060 1.017225
v -0.277728 0.065897 1.012749
v -0.269719 0.064461 1.011740
v -0.262587 0.060418 1.011668
v -0.267905 0.068111 1.018641
v -0.274617 0.071575 1.027532
v -0.266650 0.070065 1.026312
v -0.259476 0.066096 1.026451
v -0.249679 0.040405 0.976910
v -0.231894 0.038572 0.991687
v -0.238318 0.027214 0.961968
v -0.219193 0.029448 0.974900
v -0.235106 0.032893 0.976827
v -0.225096 0.036465 0.982135
v -0.233500 0.035732 0.984257
v -0.239709 0.041713 0.983092
v -0.242878 0.036114 0.968439
v -0.236712 0.030053 0.969398
v -0.228265 0.030865 0.967483
v -0.262833 0.040595 0.967770
v -0.250151 0.040732 0.977290
v -0.250802 0.029437 0.951905
v -0.238120 0.029575 0.961425
v -0.256118 0.041797 0.972016
v -0.244087 0.030640 0.956151
v -0.254009 0.034005 0.956111
v -0.247294 0.035208 0.960357
v -0.241327 0.034143 0.965631
v -0.258622 0.036689 0.962217
v -0.251907 0.037892 0.966463
v -0.245940 0.036827 0.971737
v -0.230252 0.040949 0.992228
v -0.216868 0.041094 1.002275
v -0.218222 0.029791 0.976363
v -0.204837 0.029937 0.986411
v -0.223973 0.039769 0.997820
v -0.211942 0.028611 0.981955
v -0.223704 0.036988 0.983562
v -0.217424 0.035808 0.989154
v -0.210319 0.037134 0.993610
v -0.258264 0.049704 0.991180
v -0.240012 0.049902 1.004882
v -0.248105 0.040282 0.977783
v -0.229853 0.040481 0.991485
v -0.252691 0.046492 0.983802
v -0.234439 0.046691 0.997504
v -0.248723 0.051062 0.997460
v -0.243150 0.047850 0.990082
v -0.238564 0.041640 0.984063
v -0.272107 0.058810 1.006737
v -0.252780 0.062269 1.018960
v -0.259001 0.050914 0.989394
v -0.241353 0.049280 1.003926
v -0.250125 0.050255 0.996588
v -0.249120 0.051425 1.004736
v -0.247015 0.055933 1.011371
v -0.256245 0.055517 1.004664
v -0.265462 0.055140 0.997939
v -0.264261 0.056905 1.005818
v -0.262352 0.060818 1.012722
v -0.282349 0.062400 0.995376
v -0.269764 0.062537 1.004824
v -0.269993 0.052230 0.979064
v -0.257408 0.052367 0.988512
v -0.275930 0.062923 0.999924
v -0.263574 0.052753 0.983612
v -0.279456 0.056879 0.991602
v -0.273037 0.057402 0.996151
v -0.266871 0.057015 1.001050
v -0.272896 0.052824 0.982922
v -0.266476 0.053347 0.987470
v -0.260311 0.052961 0.992369
v -0.271812 0.049665 0.986089
v -0.259522 0.049799 0.995315
v -0.260098 0.038801 0.970642
v -0.247808 0.038935 0.979869
v -0.265275 0.051549 0.990154
v -0.253244 0.040391 0.974289
v -0.265743 0.045900 0.977354
v -0.258230 0.049095 0.980805
v -0.252776 0.046041 0.987089
v -0.241135 0.051592 1.007793
v -0.228358 0.051731 1.017384
v -0.229104 0.040435 0.991929
v -0.216328 0.040574 1.001520
v -0.234747 0.051662 1.012589
v -0.222716 0.040504 0.996724
v -0.234094 0.048770 0.998700
v -0.228731 0.046083 1.004656
v -0.221553 0.048906 1.008115
v -0.253961 0.061970 1.021359
v -0.240580 0.062116 1.031404
v -0.241930 0.050813 1.005495
v -0.228550 0.050958 1.015540
v -0.247997 0.059748 1.027383
v -0.236025 0.048606 1.011596
v -0.247582 0.057142 1.013175
v -0.241667 0.055218 1.019017
v -0.234435 0.057283 1.023045
v -0.240846 0.072656 1.039223
v -0.220504 0.062672 1.033853
v -0.248894 0.065156 1.018699
v -0.228129 0.056460 1.012744
v -0.245553 0.066317 1.029816
v -0.241977 0.063675 1.022927
v -0.239435 0.058524 1.017076
v -0.234699 0.063914 1.026276
v -0.231358 0.065075 1.037393
v -0.227980 0.062457 1.030394
v -0.225240 0.057282 1.024653
v -0.263393 0.051071 0.983229
v -0.243524 0.039903 0.978931
v -0.272140 0.042487 0.963834
v -0.250930 0.035386 0.957692
v -0.257832 0.041195 0.971383
v -0.246668 0.040195 0.967445
v -0.250678 0.040549 0.975157
v -0.252648 0.047713 0.979682
v -0.266757 0.048988 0.972240
v -0.264986 0.041841 0.967608
v -0.260777 0.041469 0.960004
v -0.277400 0.057600 0.987448
v -0.263286 0.051323 0.983861
v -0.285476 0.051049 0.967131
v -0.271362 0.044772 0.963544
v -0.269969 0.055595 0.985140
v -0.278046 0.049045 0.964824
v -0.282651 0.054235 0.972673
v -0.275220 0.052230 0.970365
v -0.268537 0.047958 0.969086
v -0.280227 0.055307 0.980337
v -0.272796 0.053302 0.978029
v -0.266112 0.049030 0.976750
v -0.241140 0.041473 0.978233
v -0.226243 0.034848 0.974447
v -0.249216 0.034923 0.957916
v -0.234320 0.028298 0.954130
v -0.234104 0.036908 0.976908
v -0.242181 0.030357 0.956591
v -0.244645 0.039816 0.967341
v -0.237609 0.035251 0.966016
v -0.229748 0.033191 0.963555
v -0.255087 0.055817 0.999730
v -0.234774 0.046782 0.994568
v -0.261907 0.050285 0.982574
v -0.241594 0.041251 0.977412
v -0.258003 0.054550 0.990472
v -0.237690 0.045516 0.985310
v -0.244515 0.052559 0.996578
v -0.247432 0.051292 0.987320
v -0.251336 0.047027 0.979422
v -0.249202 0.061036 1.021053
v -0.227814 0.055263 1.014412
v -0.256204 0.057747 0.999258
v -0.236494 0.046880 0.994926
v -0.246297 0.052472 0.997020
v -0.239749 0.050183 1.001565
v -0.232102 0.051230 1.004597
v -0.242363 0.055431 1.007322
v -0.252611 0.059671 1.010029
v -0.245868 0.057975 1.014305
v -0.238416 0.058429 1.017606
v -0.261452 0.070836 1.021929
v -0.247445 0.064607 1.018369
v -0.269203 0.065273 1.001165
v -0.255196 0.059044 0.997605
v -0.254292 0.068170 1.019980
v -0.262043 0.062607 0.999216
v -0.264591 0.066697 1.016820
v -0.257431 0.064031 1.014871
v -0.250585 0.060468 1.013260
v -0.268139 0.064958 1.005901
v -0.260980 0.062292 1.003952
v -0.254133 0.058729 1.002341
v -0.266733 0.060674 1.006820
v -0.253054 0.054590 1.003343
v -0.274597 0.054296 0.987038
v -0.260918 0.048212 0.983562
v -0.259237 0.059388 1.004592
v -0.267313 0.052838 0.984275
v -0.270491 0.059322 0.996267
v -0.262245 0.059238 0.993016
v -0.256059 0.052904 0.992600
v -0.232786 0.047428 0.997435
v -0.218567 0.041104 0.993822
v -0.240863 0.040877 0.977119
v -0.226643 0.034553 0.973505
v -0.225676 0.044266 0.995629
v -0.233753 0.037715 0.975312
v -0.235786 0.046849 0.985995
v -0.229715 0.040990 0.985470
v -0.221828 0.040641 0.982448
v -0.227061 0.054331 1.016822
v -0.212169 0.047708 1.013037
v -0.235138 0.047781 0.996505
v -0.220246 0.041158 0.992720
v -0.220380 0.048733 1.015922
v -0.228433 0.042180 0.995701
v -0.230723 0.051748 1.006290
v -0.224064 0.046498 1.005339
v -0.216091 0.045239 1.002572
v -0.352772 0.073258 1.004535
v -0.351763 0.081878 1.026145
v -0.330694 0.066365 1.007244
v -0.329261 0.076272 1.028269
v -0.342314 0.067403 1.007218
v -0.336316 0.069447 1.012421
v -0.331003 0.068854 1.018637
v -0.341229 0.074121 1.016694
v -0.352849 0.075160 1.016669
v -0.346701 0.077100 1.021736
v -0.341537 0.076610 1.028088
v -0.292365 0.053272 1.012351
v -0.292249 0.060547 1.034375
v -0.271188 0.044932 1.015242
v -0.269732 0.056274 1.035421
v -0.281719 0.052739 1.024808
v -0.280369 0.060707 1.033517
v -0.286984 0.056643 1.029592
v -0.291212 0.059264 1.022455
v -0.280829 0.051565 1.013020
v -0.276453 0.048836 1.020025
v -0.269987 0.053008 1.024082
v -0.293554 0.047001 0.997658
v -0.293014 0.053398 1.012159
v -0.271707 0.040695 0.999626
v -0.271167 0.047092 1.014127
v -0.292910 0.051334 1.004394
v -0.271064 0.045028 1.006363
v -0.277859 0.043808 0.998482
v -0.277215 0.048140 1.005219
v -0.277319 0.050205 1.012983
v -0.285907 0.044794 0.998347
v -0.285264 0.049127 1.005083
v -0.285367 0.051191 1.012848
v -0.292166 0.063436 1.034911
v -0.291596 0.070187 1.050215
v -0.270320 0.057129 1.036880
v -0.269750 0.063881 1.052184
v -0.292294 0.065559 1.043131
v -0.270448 0.059252 1.045100
v -0.280710 0.061900 1.035162
v -0.280838 0.064024 1.043382
v -0.280140 0.068652 1.050466
v -0.310481 0.059237 1.012342
v -0.309704 0.068444 1.033212
v -0.292033 0.053912 1.014005
v -0.291256 0.063119 1.034874
v -0.300763 0.058074 1.012494
v -0.299986 0.067281 1.033363
v -0.309678 0.065100 1.022206
v -0.299960 0.063936 1.022358
v -0.291230 0.059775 1.023869
v -0.332763 0.062896 1.009753
v -0.330911 0.075364 1.029143
v -0.309842 0.059851 1.010242
v -0.309668 0.067225 1.031942
v -0.309703 0.063696 1.021021
v -0.315520 0.065906 1.026502
v -0.320237 0.071453 1.030471
v -0.320730 0.066533 1.020180
v -0.321210 0.061652 1.009871
v -0.326832 0.064456 1.015083
v -0.331745 0.069409 1.019322
v -0.331216 0.060731 0.994268
v -0.330680 0.067079 1.008658
v -0.309045 0.055412 0.995788
v -0.308509 0.061761 1.010178
v -0.330836 0.064353 1.001261
v -0.308664 0.059034 1.002781
v -0.325379 0.056665 0.995844
v -0.324998 0.060287 1.002837
v -0.324843 0.063014 1.010234
v -0.313883 0.055050 0.996128
v -0.313503 0.058672 1.003122
v -0.313347 0.061398 1.010518
v -0.314935 0.052954 1.000089
v -0.314412 0.059154 1.014142
v -0.293664 0.046814 1.002005
v -0.293141 0.053014 1.016058
v -0.314411 0.057807 1.006332
v -0.292564 0.051501 1.008300
v -0.303764 0.051383 0.999903
v -0.302458 0.057779 1.005899
v -0.303211 0.057924 1.014730
v -0.312969 0.069744 1.033706
v -0.312424 0.076188 1.048315
v -0.291122 0.063438 1.035674
v -0.290578 0.069882 1.050283
v -0.312697 0.072966 1.041010
v -0.290850 0.066660 1.042979
v -0.301133 0.069405 1.033575
v -0.301773 0.069813 1.041995
v -0.300599 0.075731 1.047916
v -0.333391 0.074803 1.030023
v -0.332822 0.081553 1.045323
v -0.311545 0.068497 1.031991
v -0.310975 0.075247 1.047291
v -0.333814 0.075892 1.038708
v -0.312066 0.069582 1.040681
v -0.322216 0.072458 1.030801
v -0.322596 0.073778 1.039223
v -0.321656 0.079089 1.045835
v -0.342921 0.064831 0.986918
v -0.351344 0.075367 1.005901
v -0.322738 0.062494 0.998298
v -0.330737 0.074318 1.016696
v -0.333517 0.061315 0.993994
v -0.330271 0.064907 1.000611
v -0.327655 0.065880 1.008321
v -0.337041 0.068930 1.002099
v -0.347820 0.067752 0.997796
v -0.344370 0.071258 1.004357
v -0.341958 0.072316 1.012122
v -0.287691 0.057371 1.018598
v -0.296895 0.066461 1.037850
v -0.268196 0.053465 1.030046
v -0.276060 0.066622 1.047453
v -0.282546 0.059963 1.033948
v -0.285717 0.068782 1.041249
v -0.289720 0.063212 1.035899
v -0.291285 0.064345 1.027417
v -0.277135 0.057937 1.023567
v -0.275371 0.056714 1.031997
v -0.271568 0.062374 1.037399
v -0.282366 0.049712 1.005576
v -0.288231 0.057356 1.018172
v -0.262201 0.047839 1.016101
v -0.268066 0.055483 1.028697
v -0.284925 0.054667 1.011359
v -0.264760 0.052795 1.021884
v -0.267848 0.049622 1.012390
v -0.270407 0.054577 1.018174
v -0.273713 0.057265 1.024986
v -0.275308 0.049056 1.009259
v -0.277867 0.054012 1.015043
v -0.281173 0.056700 1.021855
v -0.297433 0.069349 1.037935
v -0.303623 0.077417 1.051229
v -0.277268 0.067477 1.048460
v -0.283458 0.075544 1.061755
v -0.300940 0.072130 1.045150
v -0.280776 0.070258 1.055676
v -0.286817 0.070031 1.042464
v -0.290325 0.072812 1.049679
v -0.293007 0.078098 1.055758
v -0.305128 0.059788 1.011256
v -0.313569 0.070789 1.029384
v -0.288100 0.058207 1.020144
v -0.296540 0.069208 1.038272
v -0.296120 0.060496 1.015020
v -0.304561 0.071497 1.033149
v -0.308933 0.066547 1.019749
v -0.299925 0.067256 1.023513
v -0.291905 0.064966 1.028637
v -0.325080 0.058933 1.000406
v -0.332446 0.073195 1.017056
v -0.303841 0.060322 1.009452
v -0.312885 0.069491 1.028411
v -0.308311 0.065065 1.018860
v -0.316012 0.066615 1.021517
v -0.322613 0.071502 1.022662
v -0.318497 0.065684 1.013741
v -0.314368 0.059906 1.004803
v -0.321874 0.062050 1.007191
v -0.328671 0.066343 1.008604
v -0.317538 0.055735 0.986998
v -0.323358 0.063321 0.999498
v -0.297048 0.054850 0.997076
v -0.302868 0.062436 1.009576
v -0.320333 0.059969 0.993034
v -0.299843 0.059084 1.003111
v -0.312205 0.052999 0.991142
v -0.315000 0.057234 0.997177
v -0.318025 0.060585 1.003642
v -0.301555 0.053613 0.995728
v -0.304350 0.057847 1.001764
v -0.307375 0.061198 1.008228
v -0.303707 0.051716 0.999327
v -0.309391 0.059124 1.011535
v -0.284073 0.049893 1.009575
v -0.289757 0.057301 1.021782
v -0.306264 0.057115 1.004535
v -0.286099 0.055242 1.015060
v -0.293184 0.052271 1.003358
v -0.295152 0.059304 1.008381
v -0.299180 0.060086 1.016237
v -0.316929 0.071488 1.028484
v -0.322837 0.079189 1.041174
v -0.296764 0.069616 1.039009
v -0.302672 0.077316 1.051699
v -0.319883 0.075338 1.034829
v -0.299718 0.073466 1.045354
v -0.305993 0.073377 1.032614
v -0.309801 0.074402 1.040092
v -0.311793 0.080937 1.045071
v -0.334968 0.072258 1.017072
v -0.341156 0.080323 1.030362
v -0.314803 0.070385 1.027597
v -0.320991 0.078450 1.040887
v -0.338773 0.074013 1.024768
v -0.318700 0.072119 1.035264
v -0.324693 0.072141 1.022111
v -0.328393 0.074107 1.029544
v -0.330773 0.080064 1.035170
v -0.340977 0.093089 1.045162
v -0.322344 0.092428 1.059113
v -0.328565 0.081072 1.029547
v -0.309507 0.081700 1.042914
v -0.335277 0.084537 1.038438
v -0.327268 0.083100 1.037429
v -0.320136 0.079057 1.037356
v -0.325454 0.086750 1.044330
v -0.332166 0.090214 1.053221
v -0.324199 0.088704 1.052001
v -0.317025 0.084735 1.052140
v -0.307228 0.059044 1.002599
v -0.289443 0.057211 1.017375
v -0.295867 0.045853 0.987657
v -0.276742 0.048087 1.000589
v -0.292655 0.051532 1.002516
v -0.282645 0.055104 1.007824
v -0.291049 0.054371 1.009946
v -0.297258 0.060352 1.008781
v -0.300427 0.054753 0.994128
v -0.294261 0.048692 0.995087
v -0.285814 0.049504 0.993172
v -0.320382 0.059234 0.993458
v -0.307700 0.059372 1.002979
v -0.308351 0.048076 0.977594
v -0.295669 0.048214 0.987114
v -0.313667 0.060436 0.997704
v -0.301636 0.049279 0.981840
v -0.311558 0.052644 0.981800
v -0.304843 0.053847 0.986046
v -0.298876 0.052782 0.991320
v -0.316171 0.055329 0.987906
v -0.309456 0.056531 0.992152
v -0.303489 0.055466 0.997426
v -0.287801 0.059588 1.017916
v -0.274417 0.059733 1.027964
v -0.275771 0.048430 1.002052
v -0.262386 0.048576 1.012100
v -0.281522 0.058408 1.023508
v -0.269491 0.047250 1.007644
v -0.281253 0.055627 1.009251
v -0.274973 0.054447 1.014843
v -0.267868 0.055773 1.019299
v -0.315813 0.068343 1.016869
v -0.297561 0.068542 1.030571
v -0.305654 0.058921 1.003472
v -0.287402 0.059120 1.017174
v -0.310240 0.065131 1.009491
v -0.291988 0.065330 1.023193
v -0.306272 0.069701 1.023149
v -0.300699 0.066490 1.015771
v -0.296113 0.060280 1.009752
v -0.329656 0.077449 1.032426
v -0.310329 0.080909 1.044649
v -0.316550 0.069553 1.015083
v -0.298902 0.067919 1.029615
v -0.307674 0.068894 1.022277
v -0.306669 0.070064 1.030425
v -0.304564 0.074572 1.037060
v -0.313794 0.074156 1.030353
v -0.323011 0.073780 1.023628
v -0.321810 0.075544 1.031506
v -0.319901 0.079458 1.038411
v -0.339898 0.081039 1.021065
v -0.327313 0.081176 1.030513
v -0.327542 0.070869 1.004753
v -0.314957 0.071006 1.014201
v -0.333479 0.081562 1.025613
v -0.321123 0.071392 1.009301
v -0.337005 0.075518 1.017291
v -0.330586 0.076041 1.021840
v -0.324420 0.075655 1.026739
v -0.330445 0.071463 1.008611
v -0.324025 0.071986 1.013159
v -0.317860 0.071600 1.018058
v -0.329361 0.068304 1.011778
v -0.317071 0.068438 1.021004
v -0.317647 0.057441 0.996331
v -0.305357 0.057574 1.005558
v -0.322824 0.070188 1.015843
v -0.310793 0.059031 0.999978
v -0.323292 0.064539 1.003043
v -0.315779 0.067734 1.006493
v -0.310325 0.064680 1.012778
v -0.298684 0.070231 1.033482
v -0.285907 0.070370 1.043073
v -0.286653 0.059074 1.017617
v -0.273877 0.059213 1.027209
v -0.292296 0.070301 1.038277
v -0.280265 0.059143 1.022413
v -0.291643 0.067409 1.024389
v -0.286280 0.064722 1.030345
v -0.279102 0.067545 1.033804
v -0.311510 0.080609 1.047048
v -0.298129 0.080755 1.057093
v -0.299479 0.069452 1.031184
v -0.286098 0.069597 1.041229
v -0.305546 0.078387 1.053072
v -0.293574 0.067245 1.037285
v -0.305130 0.075781 1.038864
v -0.299216 0.073857 1.044706
v -0.291983 0.075923 1.048734
v -0.298395 0.091295 1.064912
v -0.278053 0.081311 1.059542
v -0.306443 0.083795 1.044388
v -0.285678 0.075099 1.038433
v -0.303102 0.084956 1.055505
v -0.299526 0.082314 1.048615
v -0.296983 0.077163 1.042765
v -0.292248 0.082553 1.051965
v -0.288907 0.083714 1.063082
v -0.285529 0.081096 1.056083
v -0.282788 0.075921 1.050342
v -0.320942 0.069711 1.008917
v -0.301073 0.058542 1.004620
v -0.329689 0.061126 0.989523
v -0.308479 0.054025 0.983381
v -0.315381 0.059834 0.997071
v -0.304217 0.058834 0.993134
v -0.308227 0.059188 1.000846
v -0.310197 0.066352 1.005370
v -0.324306 0.067628 0.997928
v -0.322535 0.060480 0.993297
v -0.318326 0.060109 0.985693
v -0.334949 0.076239 1.013137
v -0.320834 0.069962 1.009550
v -0.343025 0.069688 0.992820
v -0.328911 0.063411 0.989233
v -0.327518 0.074234 1.010829
v -0.335595 0.067684 0.990512
v -0.340200 0.072874 0.998362
v -0.332769 0.070869 0.996054
v -0.326086 0.066597 0.994775
v -0.337776 0.073946 1.006026
v -0.330345 0.071942 1.003718
v -0.323661 0.067669 1.002439
v -0.298688 0.060112 1.003922
v -0.283792 0.053487 1.000136
v -0.306765 0.053562 0.983605
v -0.291869 0.046937 0.979819
v -0.291653 0.055547 1.002596
v -0.299730 0.048997 0.982280
v -0.302194 0.058455 0.993030
v -0.295158 0.053890 0.991705
v -0.287297 0.051830 0.989244
v -0.312636 0.074456 1.025419
v -0.292323 0.065422 1.020257
v -0.319456 0.068924 1.008263
v -0.299143 0.059890 1.003101
v -0.315552 0.073189 1.016161
v -0.295239 0.064155 1.010999
v -0.302064 0.071198 1.022267
v -0.304980 0.069931 1.013009
v -0.308885 0.065666 1.005111
v -0.306751 0.079676 1.046742
v -0.285363 0.073903 1.040101
v -0.313753 0.076386 1.024947
v -0.294043 0.065520 1.020615
v -0.303846 0.071111 1.022709
v -0.297298 0.068822 1.027254
v -0.289651 0.069869 1.030286
v -0.299912 0.074070 1.033011
v -0.310160 0.078310 1.035718
v -0.303417 0.076614 1.039994
v -0.295965 0.077068 1.043295
v -0.319001 0.089475 1.047618
v -0.304994 0.083246 1.044058
v -0.326752 0.083912 1.026853
v -0.312745 0.077683 1.023294
v -0.311841 0.086809 1.045669
v -0.319592 0.081246 1.024904
v -0.322140 0.085336 1.042508
v -0.314980 0.082670 1.040560
v -0.308133 0.079107 1.038949
v -0.325688 0.083597 1.031590
v -0.318529 0.080931 1.029641
v -0.311682 0.077368 1.028030
v -0.324282 0.079313 1.032508
v -0.310603 0.073229 1.029032
v -0.332146 0.072935 1.012727
v -0.318467 0.066851 1.009251
v -0.316785 0.078028 1.030281
v -0.324862 0.071477 1.009964
v -0.328040 0.077961 1.021956
v -0.319794 0.077877 1.018705
v -0.313608 0.071543 1.018288
v -0.290335 0.066067 1.023124
v -0.276116 0.059743 1.019511
v -0.298412 0.059516 1.002808
v -0.284192 0.053192 0.999194
v -0.283225 0.062905 1.021317
v -0.291302 0.056354 1.001001
v -0.293335 0.065488 1.011684
v -0.287264 0.059630 1.011159
v -0.279377 0.059281 1.008137
v -0.284610 0.072971 1.042511
v -0.269718 0.066347 1.038726
v -0.292687 0.066420 1.022194
v -0.277795 0.059797 1.018409
v -0.277929 0.067373 1.041611
v -0.285982 0.060819 1.021390
v -0.288272 0.070387 1.031979
v -0.281613 0.065137 1.031027
v -0.273640 0.063878 1.028261
v -0.451024 0.094216 0.991637
v -0.450863 0.105442 1.019592
v -0.421702 0.088260 0.995141
v -0.421165 0.101198 1.022340
v -0.436793 0.088063 0.995108
v -0.429344 0.091484 1.001839
v -0.422427 0.091422 1.009880
v -0.436283 0.096851 1.007366
v -0.451373 0.096654 1.007334
v -0.443717 0.099962 1.013889
v -0.437008 0.100013 1.022105
v -0.370648 0.076469 1.001748
v -0.371460 0.085847 1.030238
v -0.342297 0.068532 1.005487
v -0.341920 0.083321 1.031592
v -0.356878 0.077190 1.017863
v -0.356193 0.087621 1.029128
v -0.364169 0.081518 1.024051
v -0.369956 0.084332 1.014818
v -0.355579 0.075795 1.002613
v -0.349587 0.072861 1.011675
v -0.341817 0.079083 1.016923
v -0.371351 0.068243 0.982741
v -0.371500 0.076547 1.001499
v -0.342405 0.063012 0.985287
v -0.342555 0.071315 1.004045
v -0.371095 0.073904 0.991455
v -0.342149 0.068672 0.994001
v -0.350732 0.066205 0.983807
v -0.350476 0.071865 0.992521
v -0.350882 0.074508 1.002566
v -0.361220 0.066412 0.983632
v -0.360963 0.072072 0.992346
v -0.361369 0.074716 1.002390
v -0.371735 0.089575 1.030932
v -0.371892 0.098339 1.050730
v -0.342789 0.084343 1.033478
v -0.342946 0.093107 1.053277
v -0.372179 0.092290 1.041566
v -0.343233 0.087059 1.044112
v -0.356789 0.089112 1.031256
v -0.357234 0.091827 1.041890
v -0.356947 0.097875 1.051054
v -0.394750 0.081756 1.001737
v -0.394965 0.093706 1.028734
v -0.370307 0.077338 1.003887
v -0.370522 0.089288 1.030884
v -0.382091 0.081541 1.001933
v -0.382305 0.093491 1.028930
v -0.394490 0.089406 1.014497
v -0.381830 0.089191 1.014693
v -0.370047 0.084988 1.016647
v -0.423906 0.083522 0.998386
v -0.423168 0.099811 1.023471
v -0.394008 0.082629 0.999020
v -0.394758 0.092142 1.027092
v -0.394336 0.087596 1.012963
v -0.402114 0.089672 1.020054
v -0.408917 0.096187 1.025188
v -0.408902 0.089791 1.011876
v -0.408875 0.083447 0.998540
v -0.416479 0.086313 1.005283
v -0.423456 0.092038 1.010765
v -0.421630 0.080941 0.978355
v -0.421779 0.089181 0.996970
v -0.392396 0.077023 0.980322
v -0.392544 0.085263 0.998937
v -0.421619 0.085652 0.987401
v -0.392385 0.081734 0.989368
v -0.413582 0.076479 0.980394
v -0.413570 0.081191 0.989440
v -0.413730 0.084719 0.999009
v -0.398575 0.075917 0.980762
v -0.398563 0.080628 0.989809
v -0.398723 0.084157 0.999377
v -0.399652 0.073082 0.985885
v -0.399797 0.081129 1.004065
v -0.371468 0.067988 0.988364
v -0.371613 0.076035 1.006544
v -0.399618 0.079396 0.993962
v -0.370672 0.074164 0.996508
v -0.385068 0.072535 0.985645
v -0.384232 0.080938 0.993402
v -0.385221 0.081025 1.004825
v -0.399337 0.094948 1.029373
v -0.399488 0.103313 1.048272
v -0.370391 0.089716 1.031920
v -0.370542 0.098081 1.050818
v -0.399412 0.099130 1.038822
v -0.370467 0.093898 1.041369
v -0.384061 0.096073 1.029204
v -0.384940 0.096514 1.040096
v -0.384209 0.104285 1.047755
v -0.426287 0.098763 1.024609
v -0.426444 0.107524 1.044401
v -0.397341 0.093531 1.027155
v -0.397499 0.102292 1.046947
v -0.426975 0.100108 1.035844
v -0.398155 0.094859 1.038397
v -0.411596 0.097220 1.025615
v -0.412260 0.098869 1.036510
v -0.411751 0.105827 1.045063
v -0.437234 0.084672 0.968848
v -0.449463 0.097119 0.993404
v -0.410953 0.084328 0.983568
v -0.422806 0.098489 1.007369
v -0.424669 0.081389 0.978001
v -0.420965 0.086439 0.986561
v -0.417727 0.088037 0.996534
v -0.430208 0.090724 0.988486
v -0.443924 0.087784 0.982918
v -0.439947 0.092752 0.991406
v -0.436983 0.094432 1.001452
v -0.365175 0.082362 1.009830
v -0.378220 0.092844 1.034734
v -0.339572 0.079908 1.024638
v -0.351429 0.095802 1.047157
v -0.358896 0.086376 1.029686
v -0.364141 0.097307 1.039131
v -0.368558 0.089610 1.032210
v -0.370721 0.090861 1.021237
v -0.351666 0.084483 1.016257
v -0.349234 0.083142 1.027162
v -0.345087 0.090928 1.034151
v -0.357312 0.073208 0.992983
v -0.365868 0.082270 1.009277
v -0.331115 0.073460 1.006598
v -0.339671 0.082522 1.022893
v -0.361259 0.079248 1.000465
v -0.335062 0.079500 1.014081
v -0.338617 0.075008 1.001798
v -0.342564 0.081048 1.009280
v -0.347174 0.084071 1.018092
v -0.348143 0.073296 0.997748
v -0.352090 0.079336 1.005231
v -0.356699 0.082359 1.014043
v -0.379293 0.096490 1.034844
v -0.388323 0.106055 1.052042
v -0.353096 0.096742 1.048460
v -0.362126 0.106307 1.065657
v -0.384174 0.099606 1.044178
v -0.357977 0.099858 1.057793
v -0.365722 0.098769 1.040703
v -0.370603 0.101885 1.050037
v -0.374752 0.108333 1.057901
v -0.387933 0.083170 1.000331
v -0.400247 0.096213 1.023783
v -0.365812 0.083383 1.011829
v -0.378126 0.096426 1.035280
v -0.376435 0.085271 1.005201
v -0.388749 0.098314 1.028652
v -0.393723 0.091367 1.011318
v -0.382224 0.093467 1.016188
v -0.371601 0.091580 1.022816
v -0.413496 0.079437 0.986295
v -0.424858 0.096819 1.007834
v -0.386347 0.084028 0.997998
v -0.399196 0.094633 1.022524
v -0.392725 0.089541 1.010168
v -0.402841 0.090519 1.013606
v -0.411981 0.095937 1.015086
v -0.405916 0.088994 1.003546
v -0.399840 0.082103 0.991983
v -0.409782 0.083871 0.995072
v -0.419096 0.088499 0.996901
v -0.403369 0.076317 0.968951
v -0.411860 0.085310 0.985121
v -0.376884 0.077883 0.981988
v -0.385375 0.086876 0.998158
v -0.407525 0.081397 0.976759
v -0.381040 0.082963 0.989795
v -0.396145 0.073500 0.974311
v -0.400301 0.078580 0.982119
v -0.404636 0.082494 0.990481
v -0.382521 0.075695 0.980244
v -0.386676 0.080775 0.988052
v -0.391011 0.084689 0.996414
v -0.385040 0.072970 0.984900
v -0.393332 0.081753 1.000692
v -0.359533 0.073216 0.998157
v -0.367825 0.081999 1.013949
v -0.389043 0.079580 0.991637
v -0.362846 0.079832 1.005252
v -0.371570 0.075073 0.990114
v -0.375032 0.083864 0.996611
v -0.380319 0.084340 1.006775
v -0.404664 0.096669 1.022618
v -0.413284 0.105799 1.039034
v -0.378467 0.096921 1.036234
v -0.387087 0.106052 1.052650
v -0.408974 0.101234 1.030826
v -0.382777 0.101487 1.044442
v -0.390840 0.100544 1.027961
v -0.395875 0.101360 1.037634
v -0.399302 0.109507 1.044075
v -0.427980 0.095279 1.007855
v -0.437008 0.104841 1.025047
v -0.401783 0.095531 1.021470
v -0.410811 0.105093 1.038663
v -0.433108 0.097035 1.017811
v -0.407026 0.097247 1.031388
v -0.414741 0.096485 1.014374
v -0.419762 0.098526 1.023989
v -0.423611 0.105879 1.031267
v -0.438462 0.121293 1.044192
v -0.414396 0.122902 1.062240
v -0.420903 0.107467 1.023993
v -0.396460 0.110790 1.041285
v -0.429998 0.111040 1.035494
v -0.419502 0.110249 1.034189
v -0.409790 0.105986 1.034095
v -0.417649 0.115185 1.043116
v -0.426744 0.118757 1.054618
v -0.416292 0.117865 1.053039
v -0.406536 0.113704 1.053219
v -0.390537 0.081936 0.989133
v -0.367409 0.081924 1.008247
v -0.374177 0.066460 0.969803
v -0.349860 0.071859 0.986532
v -0.370793 0.074192 0.989025
v -0.358382 0.080110 0.995892
v -0.369101 0.078058 0.998636
v -0.377880 0.084935 0.997129
v -0.381219 0.077312 0.978174
v -0.372485 0.070326 0.979414
v -0.361721 0.072485 0.976937
v -0.407490 0.080444 0.977308
v -0.391188 0.082295 0.989624
v -0.390535 0.067673 0.956785
v -0.374233 0.069525 0.969101
v -0.399008 0.082878 0.982801
v -0.382053 0.070108 0.962278
v -0.395265 0.073128 0.962226
v -0.386783 0.075562 0.967719
v -0.378963 0.074980 0.974542
v -0.401556 0.075974 0.970125
v -0.393074 0.078408 0.975618
v -0.385254 0.077826 0.982441
v -0.365610 0.085200 1.008947
v -0.348405 0.087154 1.021946
v -0.348655 0.072429 0.988425
v -0.331450 0.074383 1.001423
v -0.357373 0.084510 1.016181
v -0.340418 0.071740 0.995659
v -0.356660 0.080967 0.997737
v -0.348423 0.080278 1.004971
v -0.339455 0.082921 1.010735
v -0.402813 0.092770 1.007592
v -0.379352 0.095434 1.025317
v -0.388496 0.081986 0.990262
v -0.365034 0.084650 1.007987
v -0.395217 0.089372 0.998048
v -0.371755 0.092036 1.015773
v -0.390715 0.095777 1.015716
v -0.383118 0.092379 1.006172
v -0.376397 0.084993 0.998386
v -0.421829 0.102660 1.027717
v -0.397414 0.109664 1.043529
v -0.403921 0.094229 1.005281
v -0.380995 0.094456 1.024081
v -0.392412 0.094553 1.014588
v -0.391272 0.096192 1.025129
v -0.389158 0.102270 1.033712
v -0.400982 0.100517 1.025036
v -0.412794 0.098816 1.016336
v -0.411481 0.101245 1.026528
v -0.409540 0.106533 1.035459
v -0.435483 0.105929 1.013020
v -0.419306 0.107766 1.025242
v -0.418240 0.094472 0.991919
v -0.402063 0.096309 1.004140
v -0.427291 0.107450 1.018904
v -0.410048 0.095993 0.997802
v -0.431032 0.099205 1.008139
v -0.422840 0.100726 1.014022
v -0.414854 0.101043 1.020360
v -0.422054 0.094853 0.996909
v -0.413862 0.096374 1.002793
v -0.405876 0.096690 1.009131
v -0.420243 0.090931 1.001006
v -0.404444 0.092726 1.012942
v -0.403735 0.078497 0.981024
v -0.387936 0.080291 0.992960
v -0.412079 0.094218 1.006265
v -0.395124 0.081448 0.985742
v -0.411936 0.086887 0.989707
v -0.402689 0.091991 0.994170
v -0.395267 0.088780 1.002300
v -0.381019 0.097460 1.029083
v -0.364596 0.099325 1.041491
v -0.364064 0.084690 1.008561
v -0.347641 0.086555 1.020968
v -0.372807 0.098393 1.035287
v -0.355853 0.085623 1.014764
v -0.371586 0.094757 1.017320
v -0.364330 0.092008 1.025026
v -0.355465 0.096588 1.029499
v -0.398894 0.109122 1.046633
v -0.381694 0.111076 1.059628
v -0.381940 0.096352 1.026111
v -0.364740 0.098305 1.039105
v -0.390926 0.107050 1.054425
v -0.374049 0.094292 1.034003
v -0.390047 0.103751 1.036045
v -0.382183 0.102055 1.043603
v -0.373148 0.105669 1.048814
v -0.383427 0.124605 1.069742
v -0.355933 0.114442 1.062795
v -0.392795 0.113891 1.043191
v -0.364924 0.105441 1.035488
v -0.388648 0.115826 1.057572
v -0.383698 0.112898 1.048660
v -0.379746 0.106605 1.041092
v -0.374364 0.114166 1.052993
v -0.370217 0.116101 1.067374
v -0.365524 0.113178 1.058321
v -0.361315 0.106881 1.050894
v -0.409594 0.093852 0.997306
v -0.382550 0.082102 0.991747
v -0.419717 0.081651 0.972217
v -0.391485 0.075312 0.964272
v -0.401133 0.081877 0.981982
v -0.386635 0.082063 0.976889
v -0.391842 0.081990 0.986864
v -0.395323 0.090949 0.992718
v -0.413648 0.090728 0.983090
v -0.410425 0.081764 0.977099
v -0.404960 0.081841 0.967262
v -0.428480 0.100405 1.002764
v -0.409488 0.094190 0.998124
v -0.438009 0.090909 0.976482
v -0.419017 0.084694 0.971842
v -0.418653 0.098806 0.999779
v -0.428182 0.089310 0.973497
v -0.434794 0.095382 0.983651
v -0.424967 0.093783 0.980666
v -0.415802 0.089167 0.979011
v -0.431816 0.097082 0.993565
v -0.421988 0.095482 0.990580
v -0.412824 0.090866 0.988925
v -0.379689 0.084438 0.990843
v -0.359645 0.077878 0.985946
v -0.389218 0.074942 0.964561
v -0.369174 0.068383 0.959664
v -0.370033 0.079492 0.989129
v -0.379562 0.069996 0.962847
v -0.383981 0.081843 0.976753
v -0.374325 0.076896 0.975039
v -0.363937 0.075283 0.971856
v -0.399531 0.101055 1.018653
v -0.372198 0.092110 1.011975
v -0.407578 0.093037 0.996459
v -0.380245 0.084092 0.989781
v -0.403117 0.099040 1.006677
v -0.375783 0.090095 0.999999
v -0.385497 0.098258 1.014575
v -0.389082 0.096243 1.002599
v -0.393544 0.090239 0.992382
v -0.392647 0.108549 1.046237
v -0.364361 0.103943 1.037646
v -0.401223 0.103392 1.018042
v -0.374425 0.092009 1.012438
v -0.387778 0.097911 1.015147
v -0.379050 0.095829 1.021027
v -0.369347 0.098187 1.024949
v -0.383106 0.102238 1.028474
v -0.396854 0.106341 1.031976
v -0.387952 0.105050 1.037507
v -0.378422 0.106617 1.041778
v -0.409704 0.119544 1.047370
v -0.390857 0.113376 1.042765
v -0.418945 0.111361 1.020509
v -0.400098 0.105194 1.015904
v -0.400139 0.117057 1.044849
v -0.409379 0.108875 1.017987
v -0.413198 0.113803 1.040760
v -0.403632 0.111316 1.038239
v -0.394351 0.107635 1.036155
v -0.417534 0.111097 1.026635
v -0.407969 0.108610 1.024114
v -0.398688 0.104929 1.022030
v -0.415159 0.105769 1.027824
v -0.396753 0.099745 1.023327
v -0.424437 0.096523 1.002234
v -0.406031 0.090500 0.997737
v -0.405343 0.105104 1.024942
v -0.414872 0.095608 0.998660
v -0.419817 0.103533 1.014173
v -0.409194 0.104514 1.009968
v -0.400398 0.097178 1.009429
v -0.369725 0.093203 1.015684
v -0.350592 0.086942 1.011010
v -0.379254 0.083707 0.989402
v -0.360121 0.077446 0.984728
v -0.360159 0.090072 1.013347
v -0.369688 0.080577 0.987065
v -0.373509 0.092063 1.000885
v -0.364923 0.085325 1.000206
v -0.354728 0.085916 0.996296
v -0.363269 0.102843 1.040763
v -0.343231 0.096285 1.035867
v -0.372798 0.093347 1.014481
v -0.352760 0.086789 1.009585
v -0.353932 0.096521 1.039599
v -0.363431 0.087024 1.013441
v -0.367640 0.099034 1.027139
v -0.358378 0.093157 1.025908
v -0.347952 0.092590 1.022329
v -0.525596 0.121476 1.011918
v -0.525412 0.134345 1.043967
v -0.491980 0.114647 1.015935
v -0.491365 0.129480 1.047118
v -0.509281 0.114421 1.015897
v -0.500741 0.118343 1.023614
v -0.492811 0.118272 1.032833
v -0.508696 0.124496 1.029951
v -0.525997 0.124270 1.029913
v -0.517219 0.128062 1.037429
v -0.509527 0.128121 1.046849
v -0.433449 0.101130 1.023510
v -0.434379 0.111881 1.056173
v -0.400945 0.092030 1.027797
v -0.400513 0.108984 1.057725
v -0.417662 0.101955 1.041985
v -0.416877 0.113914 1.054900
v -0.426021 0.106918 1.049079
v -0.432656 0.110144 1.038494
v -0.416173 0.100357 1.024501
v -0.409304 0.096992 1.034891
v -0.400395 0.104126 1.040908
v -0.434255 0.091699 1.001719
v -0.434426 0.101218 1.023225
v -0.401070 0.085701 1.004638
v -0.401241 0.095220 1.026144
v -0.433961 0.098188 1.011709
v -0.400776 0.092190 1.014629
v -0.410617 0.089362 1.002942
v -0.410323 0.095851 1.012932
v -0.410788 0.098881 1.024447
v -0.422640 0.089599 1.002741
v -0.422346 0.096089 1.012731
v -0.422811 0.099119 1.024246
v -0.434695 0.116155 1.056968
v -0.434875 0.126202 1.079666
v -0.401509 0.110157 1.059888
v -0.401690 0.120204 1.082585
v -0.435204 0.119268 1.069160
v -0.402019 0.113270 1.072079
v -0.417560 0.115624 1.057340
v -0.418070 0.118736 1.069531
v -0.417741 0.125671 1.080037
v -0.461081 0.107190 1.023497
v -0.461327 0.120890 1.054448
v -0.433058 0.102125 1.025962
v -0.433304 0.115825 1.056913
v -0.446567 0.106944 1.023722
v -0.446814 0.120644 1.054673
v -0.460782 0.115960 1.038126
v -0.446269 0.115714 1.038350
v -0.432759 0.110895 1.040591
v -0.494507 0.109215 1.019656
v -0.493661 0.127890 1.048414
v -0.460230 0.108192 1.020382
v -0.461090 0.119097 1.052566
v -0.460607 0.113886 1.036367
v -0.469523 0.116266 1.044497
v -0.477322 0.123735 1.050383
v -0.477305 0.116402 1.035121
v -0.477275 0.109129 1.019832
v -0.485992 0.112415 1.027562
v -0.493991 0.118978 1.033848
v -0.491898 0.106256 0.996690
v -0.492068 0.115703 1.018032
v -0.458382 0.101764 0.998946
v -0.458552 0.111211 1.020287
v -0.491885 0.111657 1.007062
v -0.458369 0.107165 1.009317
v -0.482670 0.101141 0.999028
v -0.482657 0.106542 1.009400
v -0.482840 0.110588 1.020370
v -0.465466 0.100496 0.999450
v -0.465453 0.105898 1.009822
v -0.465636 0.109943 1.020792
v -0.466701 0.097246 1.005324
v -0.466866 0.106472 1.026166
v -0.434389 0.091406 1.008166
v -0.434555 0.100632 1.029008
v -0.466661 0.104485 1.014583
v -0.433476 0.098487 1.017502
v -0.449981 0.096619 1.005048
v -0.449022 0.106252 1.013941
v -0.450156 0.106353 1.027038
v -0.466340 0.122314 1.055181
v -0.466512 0.131904 1.076847
v -0.433155 0.116316 1.058100
v -0.433327 0.125906 1.079766
v -0.466426 0.127109 1.066014
v -0.433241 0.121111 1.068933
v -0.448827 0.123605 1.054987
v -0.449834 0.124110 1.067474
v -0.448996 0.133019 1.076255
v -0.497236 0.126688 1.049719
v -0.497417 0.136732 1.072410
v -0.464051 0.120690 1.052638
v -0.464232 0.130734 1.075329
v -0.498025 0.128231 1.062599
v -0.464985 0.122212 1.065526
v -0.480394 0.124920 1.050873
v -0.481155 0.126809 1.063362
v -0.480571 0.134787 1.073169
v -0.509787 0.110533 0.985791
v -0.523807 0.124804 1.013944
v -0.479656 0.110139 1.002667
v -0.493246 0.126374 1.029954
v -0.495381 0.106770 0.996285
v -0.491135 0.112559 1.006099
v -0.487423 0.114391 1.017532
v -0.501732 0.117471 1.008306
v -0.517457 0.114102 1.001923
v -0.512897 0.119797 1.011653
v -0.509499 0.121723 1.023170
v -0.427174 0.107885 1.032775
v -0.442130 0.119902 1.061328
v -0.397822 0.105072 1.049752
v -0.411415 0.123293 1.075570
v -0.419976 0.112487 1.055540
v -0.425989 0.125019 1.066368
v -0.431053 0.116195 1.058434
v -0.433532 0.117629 1.045854
v -0.411687 0.110317 1.040144
v -0.408899 0.108780 1.052646
v -0.404145 0.117705 1.060658
v -0.418159 0.097390 1.013461
v -0.427969 0.107780 1.032142
v -0.388126 0.097679 1.029071
v -0.397935 0.108069 1.047752
v -0.422684 0.104315 1.022039
v -0.392651 0.104604 1.037649
v -0.396727 0.099454 1.023567
v -0.401252 0.106379 1.032145
v -0.406536 0.109844 1.042248
v -0.407648 0.097491 1.018924
v -0.412173 0.104416 1.027503
v -0.417457 0.107881 1.037606
v -0.443360 0.124082 1.061453
v -0.453713 0.135048 1.081170
v -0.413326 0.124371 1.077063
v -0.423679 0.135337 1.096779
v -0.448956 0.127655 1.072154
v -0.418922 0.127944 1.087764
v -0.427801 0.126695 1.068170
v -0.433397 0.130267 1.078871
v -0.438154 0.137660 1.087886
v -0.453266 0.108812 1.021886
v -0.467383 0.123765 1.048772
v -0.427904 0.109056 1.035067
v -0.442022 0.124009 1.061953
v -0.440083 0.111220 1.027468
v -0.454201 0.126173 1.054354
v -0.459903 0.118209 1.034482
v -0.446720 0.120617 1.040065
v -0.434541 0.118453 1.047663
v -0.482573 0.104532 1.005794
v -0.495598 0.124459 1.030487
v -0.451447 0.109795 1.019211
v -0.466178 0.121953 1.047328
v -0.458760 0.116116 1.033163
v -0.470356 0.117237 1.037104
v -0.480835 0.123448 1.038801
v -0.473883 0.115488 1.025571
v -0.466917 0.107589 1.012315
v -0.478314 0.109616 1.015857
v -0.488992 0.114921 1.017953
v -0.470962 0.100955 0.985910
v -0.480697 0.111265 1.004448
v -0.440598 0.102750 1.000855
v -0.450333 0.113060 1.019394
v -0.475727 0.106779 0.994861
v -0.445363 0.108574 1.009807
v -0.462680 0.097726 0.992055
v -0.467445 0.103550 1.001006
v -0.472414 0.108036 1.010593
v -0.447060 0.100242 0.998857
v -0.451825 0.106066 1.007808
v -0.456795 0.110553 1.017395
v -0.449948 0.097118 1.004194
v -0.459455 0.107187 1.022299
v -0.420706 0.097399 1.019393
v -0.430212 0.107469 1.037497
v -0.454538 0.104696 1.011918
v -0.424504 0.104985 1.027528
v -0.434506 0.099529 1.010172
v -0.438475 0.109607 1.017621
v -0.444536 0.110152 1.029273
v -0.472447 0.124288 1.047437
v -0.482329 0.134755 1.066257
v -0.442413 0.124577 1.063047
v -0.452295 0.135044 1.081867
v -0.477388 0.129522 1.056847
v -0.447354 0.129811 1.072457
v -0.456598 0.128730 1.053562
v -0.462371 0.129666 1.064652
v -0.466299 0.139005 1.072036
v -0.499178 0.122694 1.030511
v -0.509527 0.133656 1.050222
v -0.469144 0.122983 1.046121
v -0.479494 0.133945 1.065831
v -0.505057 0.124707 1.041925
v -0.475155 0.124950 1.057491
v -0.483999 0.124077 1.037985
v -0.489756 0.126417 1.049009
v -0.494169 0.134846 1.057352
v -0.511195 0.152517 1.072171
v -0.483604 0.154363 1.092861
v -0.491064 0.136667 1.049013
v -0.463041 0.140477 1.068837
v -0.501491 0.140763 1.062199
v -0.489457 0.139856 1.060702
v -0.478323 0.134970 1.060595
v -0.487334 0.145515 1.070937
v -0.497761 0.149610 1.084123
v -0.485778 0.148588 1.082313
v -0.474593 0.143817 1.082519
v -0.456251 0.107397 1.009047
v -0.429735 0.107383 1.030961
v -0.437494 0.089654 0.986886
v -0.409617 0.095844 1.006066
v -0.433615 0.098519 1.008924
v -0.419387 0.105303 1.016796
v -0.431675 0.102951 1.019943
v -0.441741 0.110835 1.018214
v -0.445569 0.102095 0.996484
v -0.435555 0.094086 0.997905
v -0.423215 0.096562 0.995066
v -0.475686 0.105686 0.995490
v -0.456997 0.107809 1.009610
v -0.456249 0.091045 0.971962
v -0.437559 0.093168 0.986082
v -0.465962 0.108477 1.001788
v -0.446524 0.093836 0.978260
v -0.461671 0.097299 0.978200
v -0.451947 0.100090 0.984497
v -0.442982 0.099422 0.992319
v -0.468883 0.100562 0.987256
v -0.459159 0.103352 0.993553
v -0.450194 0.102684 1.001375
v -0.427673 0.111139 1.031764
v -0.407948 0.113379 1.046666
v -0.408235 0.096498 1.008236
v -0.388510 0.098738 1.023138
v -0.418230 0.110348 1.040057
v -0.398792 0.095707 1.016529
v -0.417412 0.106286 1.018912
v -0.407969 0.105496 1.027205
v -0.397687 0.108526 1.033814
v -0.470325 0.119817 1.030210
v -0.443427 0.122872 1.050531
v -0.453911 0.107454 1.010342
v -0.427013 0.110508 1.030663
v -0.461616 0.115922 1.019268
v -0.434718 0.118976 1.039589
v -0.456454 0.123265 1.039524
v -0.447745 0.119369 1.028582
v -0.440040 0.110901 1.019656
v -0.492125 0.131156 1.053282
v -0.464135 0.139185 1.071410
v -0.471595 0.121490 1.027561
v -0.445311 0.121750 1.049114
v -0.458400 0.121861 1.038231
v -0.457094 0.123740 1.050315
v -0.454670 0.130709 1.060155
v -0.468225 0.128699 1.050208
v -0.481767 0.126749 1.040234
v -0.480262 0.129533 1.051919
v -0.478037 0.135596 1.062159
v -0.507779 0.134903 1.036433
v -0.489233 0.137010 1.050445
v -0.488011 0.121769 1.012241
v -0.469465 0.123875 1.026253
v -0.498388 0.136647 1.043179
v -0.478620 0.123512 1.018986
v -0.502676 0.127195 1.030837
v -0.493284 0.128939 1.037582
v -0.484129 0.129302 1.044848
v -0.492383 0.122206 1.017963
v -0.482992 0.123949 1.024708
v -0.473837 0.124312 1.031974
v -0.490307 0.117710 1.022660
v -0.472194 0.119767 1.036343
v -0.471381 0.103454 0.999751
v -0.453269 0.105511 1.013435
v -0.480947 0.121478 1.028688
v -0.461510 0.106837 1.005160
v -0.480783 0.113073 1.009706
v -0.470182 0.118924 1.014822
v -0.461674 0.115243 1.024143
v -0.445339 0.125195 1.054848
v -0.426510 0.127333 1.069073
v -0.425901 0.110554 1.031320
v -0.407073 0.112692 1.045545
v -0.435924 0.126264 1.061961
v -0.416487 0.111623 1.038433
v -0.434524 0.122096 1.041363
v -0.426206 0.118944 1.050197
v -0.416042 0.124195 1.055326
v -0.465832 0.138565 1.074969
v -0.446113 0.140804 1.089866
v -0.446394 0.123924 1.051441
v -0.426675 0.126163 1.066338
v -0.456697 0.136188 1.083902
v -0.437348 0.121562 1.060489
v -0.455690 0.132407 1.062830
v -0.446673 0.130463 1.071494
v -0.436315 0.134605 1.077469
v -0.448100 0.156315 1.101462
v -0.416578 0.144663 1.093497
v -0.458839 0.144032 1.071023
v -0.426887 0.134344 1.062192
v -0.454085 0.146250 1.087510
v -0.448410 0.142894 1.077293
v -0.443879 0.135679 1.068616
v -0.437709 0.144347 1.082260
v -0.432954 0.146565 1.098747
v -0.427575 0.143214 1.088368
v -0.422749 0.135995 1.079854
v -0.478098 0.121058 1.018418
v -0.447094 0.107588 1.012044
v -0.489704 0.107070 0.989654
v -0.457338 0.099803 0.980545
v -0.468399 0.107329 1.000849
v -0.451777 0.107542 0.995010
v -0.457747 0.107458 1.006446
v -0.461738 0.117730 1.013157
v -0.482747 0.117476 1.002120
v -0.479052 0.107199 0.995252
v -0.472786 0.107288 0.983973
v -0.499751 0.128571 1.024675
v -0.477978 0.121445 1.019355
v -0.510676 0.117684 0.994544
v -0.488902 0.110559 0.989224
v -0.488485 0.126737 1.021253
v -0.499409 0.115851 0.991121
v -0.506990 0.122812 1.002762
v -0.495723 0.120978 0.999340
v -0.485216 0.115686 0.997442
v -0.503575 0.124760 1.014129
v -0.492308 0.122927 1.010707
v -0.481801 0.117635 1.008809
v -0.443815 0.110265 1.011008
v -0.420835 0.102745 1.005393
v -0.454739 0.099379 0.980877
v -0.431759 0.091858 0.975262
v -0.432744 0.104594 1.009043
v -0.443669 0.093708 0.978912
v -0.448735 0.107290 0.994854
v -0.437665 0.101619 0.992889
v -0.425755 0.099769 0.989240
v -0.466562 0.129316 1.042891
v -0.435226 0.119061 1.035235
v -0.475787 0.120123 1.017447
v -0.444451 0.109868 1.009791
v -0.470673 0.127006 1.029161
v -0.439337 0.116751 1.021504
v -0.450472 0.126109 1.038216
v -0.454583 0.123799 1.024486
v -0.459698 0.116916 1.012772
v -0.458670 0.137907 1.074515
v -0.426241 0.132627 1.064665
v -0.468502 0.131995 1.042190
v -0.437779 0.118945 1.035766
v -0.453088 0.125712 1.038872
v -0.443081 0.123325 1.045612
v -0.431957 0.126028 1.050109
v -0.447731 0.130672 1.054150
v -0.463492 0.135377 1.058165
v -0.453287 0.133896 1.064506
v -0.442362 0.135692 1.069402
v -0.478225 0.150512 1.075813
v -0.456618 0.143441 1.070534
v -0.488819 0.141131 1.045018
v -0.467212 0.134060 1.039739
v -0.467259 0.147662 1.072923
v -0.477853 0.138281 1.042128
v -0.482230 0.143930 1.068236
v -0.471264 0.141080 1.065345
v -0.460623 0.136859 1.062957
v -0.487202 0.140828 1.052042
v -0.476236 0.137978 1.049152
v -0.465595 0.133757 1.046763
v -0.484479 0.134720 1.053405
v -0.463377 0.127814 1.048249
v -0.495115 0.124120 1.024067
v -0.474014 0.117215 1.018912
v -0.473225 0.133958 1.050101
v -0.484149 0.123071 1.019970
v -0.489819 0.132157 1.037755
v -0.477641 0.133281 1.032934
v -0.467555 0.124872 1.032315
v -0.432391 0.120314 1.039488
v -0.410456 0.113136 1.034128
v -0.443316 0.109428 1.009356
v -0.421380 0.102249 1.003997
v -0.421423 0.116725 1.036808
v -0.432348 0.105838 1.006677
v -0.436730 0.119007 1.022520
v -0.426886 0.111282 1.021742
v -0.415197 0.111960 1.017259
v -0.424989 0.131366 1.068239
v -0.402016 0.123848 1.062626
v -0.435914 0.120479 1.038108
v -0.412941 0.112961 1.032495
v -0.414285 0.124118 1.066904
v -0.425175 0.113230 1.036915
v -0.430001 0.126999 1.052620
v -0.419382 0.120262 1.051208
v -0.407429 0.119611 1.047105
v -0.598866 0.141740 1.012106
v -0.601634 0.150651 1.036915
v -0.573612 0.136263 1.018007
v -0.575973 0.146704 1.042255
v -0.586793 0.136153 1.016403
v -0.580986 0.138900 1.023172
v -0.575779 0.138541 1.030908
v -0.587623 0.143457 1.027461
v -0.600804 0.143346 1.025857
v -0.594797 0.145999 1.032490
v -0.589790 0.145735 1.040362
v -0.529695 0.125463 1.028676
v -0.533368 0.132734 1.053788
v -0.505313 0.118240 1.034613
v -0.507700 0.130346 1.057953
v -0.519340 0.125487 1.044201
v -0.519914 0.134270 1.054467
v -0.526354 0.129111 1.048994
v -0.530450 0.131925 1.040430
v -0.516619 0.124779 1.030974
v -0.512327 0.121864 1.039407
v -0.506083 0.127123 1.045011
v -0.528331 0.118885 1.011725
v -0.530413 0.125543 1.028373
v -0.503306 0.114079 1.016777
v -0.505388 0.120737 1.033424
v -0.529014 0.123561 1.019555
v -0.503989 0.118756 1.024606
v -0.510428 0.116972 1.014729
v -0.511110 0.121648 1.022559
v -0.512510 0.123630 1.031377
v -0.519572 0.117203 1.013493
v -0.520255 0.121879 1.021323
v -0.521654 0.123861 1.030141
v -0.533680 0.135989 1.054493
v -0.535877 0.143016 1.072064
v -0.508655 0.131184 1.059545
v -0.510853 0.138211 1.077115
v -0.535175 0.138014 1.063824
v -0.510150 0.133209 1.068876
v -0.520656 0.135510 1.056314
v -0.522151 0.137534 1.065645
v -0.522853 0.142537 1.073884
v -0.550751 0.130209 1.026343
v -0.553747 0.139791 1.050302
v -0.529619 0.126151 1.030609
v -0.532615 0.135733 1.054568
v -0.539711 0.129962 1.027822
v -0.542707 0.139544 1.051782
v -0.551851 0.136496 1.037774
v -0.540811 0.136249 1.039253
v -0.530719 0.132439 1.042040
v -0.575875 0.131996 1.020448
v -0.577841 0.145454 1.042986
v -0.549819 0.131067 1.024078
v -0.553395 0.138471 1.048836
v -0.551557 0.134958 1.036388
v -0.559090 0.136571 1.041842
v -0.565568 0.142151 1.045842
v -0.564170 0.136984 1.034000
v -0.562759 0.131863 1.022141
v -0.570104 0.134183 1.027337
v -0.576770 0.139057 1.031595
v -0.571803 0.130404 1.003107
v -0.573869 0.137011 1.019628
v -0.546466 0.126772 1.007728
v -0.548532 0.133379 1.024249
v -0.572734 0.134236 1.011169
v -0.547397 0.130604 1.015790
v -0.564983 0.126378 1.005570
v -0.565914 0.130210 1.013632
v -0.567049 0.132986 1.022090
v -0.551910 0.125810 1.007432
v -0.552842 0.129642 1.015494
v -0.553977 0.132417 1.023953
v -0.553384 0.123146 1.011695
v -0.555402 0.129599 1.027829
v -0.529019 0.118468 1.016613
v -0.531036 0.124920 1.032747
v -0.554195 0.128421 1.018968
v -0.529170 0.123616 1.024019
v -0.540618 0.122614 1.012982
v -0.540694 0.129733 1.020131
v -0.542747 0.129422 1.030004
v -0.557634 0.140879 1.050448
v -0.559731 0.147586 1.067220
v -0.532609 0.136073 1.055500
v -0.534707 0.142781 1.072271
v -0.558683 0.144232 1.058834
v -0.533658 0.139427 1.063886
v -0.544270 0.141812 1.051928
v -0.546170 0.141830 1.061360
v -0.546329 0.148396 1.068391
v -0.580684 0.144506 1.043619
v -0.582881 0.151531 1.061184
v -0.555659 0.139701 1.048671
v -0.557856 0.146726 1.066235
v -0.582454 0.145307 1.053402
v -0.557540 0.140486 1.058446
v -0.567953 0.143056 1.045972
v -0.569667 0.144134 1.055470
v -0.570112 0.149957 1.063231
v -0.584447 0.134073 0.993314
v -0.597686 0.144225 1.013910
v -0.563017 0.133160 1.008886
v -0.575849 0.144842 1.028921
v -0.574421 0.130822 1.002498
v -0.572075 0.134954 1.010530
v -0.570284 0.136003 1.019629
v -0.580351 0.138692 1.011398
v -0.591756 0.136355 1.005010
v -0.589164 0.140415 1.013005
v -0.587619 0.141536 1.022141
v -0.525753 0.130344 1.036504
v -0.539742 0.138759 1.057252
v -0.504925 0.127575 1.052009
v -0.517627 0.140825 1.070984
v -0.522333 0.133167 1.054630
v -0.527899 0.142475 1.062707
v -0.531037 0.135963 1.055941
v -0.531785 0.137448 1.046180
v -0.514620 0.131933 1.043592
v -0.513629 0.130371 1.053319
v -0.510733 0.136959 1.060120
v -0.517131 0.122841 1.022298
v -0.526301 0.130285 1.035946
v -0.495659 0.122489 1.036916
v -0.504830 0.129933 1.050565
v -0.521357 0.127911 1.028628
v -0.499886 0.127559 1.043247
v -0.501715 0.124045 1.031999
v -0.505942 0.129115 1.038329
v -0.510885 0.131490 1.045647
v -0.509616 0.122718 1.027414
v -0.513842 0.127788 1.033744
v -0.518786 0.130162 1.041063
v -0.540690 0.141965 1.057362
v -0.550369 0.149822 1.071767
v -0.519219 0.141614 1.071980
v -0.528898 0.149470 1.086385
v -0.545926 0.144405 1.065110
v -0.524455 0.144053 1.079729
v -0.529443 0.143713 1.063966
v -0.534679 0.146152 1.071714
v -0.539122 0.151569 1.078371
v -0.544649 0.131473 1.025873
v -0.557847 0.142187 1.045517
v -0.526518 0.131176 1.038218
v -0.539716 0.141889 1.057861
v -0.535109 0.133106 1.031392
v -0.548308 0.143820 1.051036
v -0.550850 0.138326 1.035146
v -0.541310 0.139959 1.040665
v -0.532719 0.138029 1.047491
v -0.565523 0.128776 1.010833
v -0.577690 0.143366 1.029055
v -0.543020 0.132300 1.024031
v -0.556798 0.140836 1.044473
v -0.549859 0.136757 1.034183
v -0.559054 0.137540 1.036166
v -0.567194 0.142289 1.036695
v -0.560695 0.136556 1.027011
v -0.554183 0.130870 1.017310
v -0.563191 0.132359 1.019035
v -0.571518 0.136402 1.019823
v -0.554870 0.126586 0.996637
v -0.563971 0.133974 1.010181
v -0.533087 0.127408 1.010825
v -0.542187 0.134795 1.024369
v -0.559313 0.130802 1.003196
v -0.537530 0.131623 1.017385
v -0.549116 0.123897 1.001970
v -0.553559 0.128112 1.008529
v -0.558217 0.131284 1.015514
v -0.537830 0.125567 1.008642
v -0.542273 0.129783 1.015201
v -0.546931 0.132955 1.022186
v -0.540515 0.123022 1.012350
v -0.549403 0.130237 1.025578
v -0.519609 0.122680 1.026584
v -0.528497 0.129894 1.039811
v -0.544714 0.128619 1.018044
v -0.523242 0.128267 1.032662
v -0.529290 0.124637 1.018375
v -0.532990 0.132158 1.023991
v -0.538667 0.132249 1.032331
v -0.561585 0.142646 1.044057
v -0.570824 0.150145 1.057807
v -0.540114 0.142294 1.058676
v -0.549353 0.149793 1.072426
v -0.566204 0.146395 1.050932
v -0.544733 0.146044 1.065551
v -0.550063 0.145813 1.050292
v -0.555469 0.146219 1.058241
v -0.559132 0.153175 1.063790
v -0.580420 0.142024 1.028696
v -0.590096 0.149879 1.043097
v -0.558949 0.141672 1.043315
v -0.568625 0.149527 1.057716
v -0.585936 0.143248 1.036916
v -0.564561 0.142863 1.051488
v -0.569531 0.142807 1.035805
v -0.574919 0.144293 1.043748
v -0.579039 0.150524 1.049955
v -0.593359 0.163693 1.060228
v -0.574210 0.164391 1.078541
v -0.575916 0.152158 1.043941
v -0.556360 0.154387 1.061693
v -0.585058 0.154942 1.053160
v -0.575752 0.154248 1.053084
v -0.567257 0.150465 1.053865
v -0.575063 0.158275 1.061241
v -0.584206 0.161058 1.070460
v -0.574909 0.160285 1.070138
v -0.566404 0.156581 1.071165
v -0.545759 0.130782 1.015783
v -0.527540 0.130022 1.034875
v -0.529454 0.117772 1.000075
v -0.509949 0.121846 1.017394
v -0.528497 0.123897 1.017475
v -0.518368 0.128814 1.024964
v -0.528019 0.126960 1.026175
v -0.535533 0.133093 1.024184
v -0.536478 0.127054 1.007026
v -0.528975 0.120834 1.008775
v -0.519314 0.122774 1.007806
v -0.559340 0.129945 1.003646
v -0.546378 0.131084 1.016157
v -0.542392 0.119351 0.987052
v -0.529430 0.120490 0.999562
v -0.552501 0.131862 1.009407
v -0.535552 0.121269 0.992813
v -0.547090 0.123980 0.991498
v -0.540251 0.125897 0.997259
v -0.534129 0.125119 1.004009
v -0.553408 0.126237 0.997838
v -0.546569 0.128154 1.003599
v -0.540447 0.127376 1.010349
v -0.526042 0.132871 1.035786
v -0.512362 0.134073 1.048990
v -0.509093 0.122278 1.019192
v -0.495414 0.123480 1.032395
v -0.519598 0.131983 1.042934
v -0.502650 0.121390 1.026339
v -0.517056 0.129497 1.026784
v -0.510612 0.128610 1.033931
v -0.503376 0.130699 1.039987
v -0.558405 0.139725 1.030997
v -0.539751 0.141364 1.049002
v -0.544093 0.130779 1.016983
v -0.525439 0.132418 1.034989
v -0.550775 0.137033 1.023337
v -0.532121 0.138673 1.041342
v -0.548680 0.142041 1.039451
v -0.541050 0.139350 1.031791
v -0.534368 0.133095 1.025437
v -0.577112 0.147808 1.046930
v -0.557427 0.153324 1.063514
v -0.559133 0.141091 1.028914
v -0.541058 0.140553 1.047718
v -0.550045 0.141010 1.038247
v -0.550146 0.142085 1.047624
v -0.549192 0.147126 1.055547
v -0.558619 0.145930 1.046683
v -0.568034 0.144781 1.037801
v -0.567947 0.146562 1.046919
v -0.567181 0.150897 1.055101
v -0.587513 0.151241 1.032793
v -0.574650 0.152371 1.045208
v -0.570252 0.141821 1.015768
v -0.557390 0.142951 1.028183
v -0.580968 0.152343 1.038834
v -0.563707 0.142923 1.021809
v -0.583116 0.145479 1.028762
v -0.576571 0.146581 1.034803
v -0.570253 0.146609 1.041177
v -0.574103 0.142001 1.019742
v -0.567558 0.143103 1.025783
v -0.561241 0.143131 1.032157
v -0.572947 0.138405 1.023371
v -0.560386 0.139509 1.035496
v -0.556446 0.128091 1.007214
v -0.543884 0.129195 1.019338
v -0.566362 0.141082 1.028924
v -0.549414 0.130488 1.012330
v -0.564514 0.135203 1.014231
v -0.556900 0.139499 1.019265
v -0.551261 0.136367 1.027023
v -0.541599 0.143023 1.052186
v -0.528541 0.144171 1.064790
v -0.524651 0.132430 1.035591
v -0.511593 0.133577 1.048195
v -0.535070 0.143597 1.058488
v -0.518122 0.133003 1.041893
v -0.532134 0.141011 1.042804
v -0.526596 0.138300 1.050191
v -0.519316 0.142138 1.055176
v -0.559043 0.152748 1.066052
v -0.545367 0.153949 1.079252
v -0.542094 0.142154 1.049457
v -0.528419 0.143356 1.062657
v -0.552892 0.150626 1.073611
v -0.536021 0.140040 1.057097
v -0.550212 0.148352 1.057543
v -0.544127 0.146570 1.064900
v -0.536775 0.149531 1.070513
v -0.547933 0.165505 1.088369
v -0.523189 0.156695 1.084811
v -0.553355 0.157033 1.063845
v -0.528204 0.149754 1.059727
v -0.551228 0.158224 1.076899
v -0.545976 0.155936 1.069532
v -0.541736 0.150646 1.063118
v -0.538272 0.156864 1.074328
v -0.536145 0.158055 1.087381
v -0.531104 0.155776 1.079864
v -0.526653 0.150477 1.073601
v -0.563258 0.141057 1.021349
v -0.539053 0.130806 1.018901
v -0.569493 0.131231 0.997973
v -0.544001 0.125815 0.993752
v -0.554273 0.131018 1.008437
v -0.541075 0.131298 1.005504
v -0.546663 0.130912 1.013669
v -0.550313 0.138603 1.018727
v -0.565322 0.138813 1.008409
v -0.561883 0.131124 1.003205
v -0.556085 0.131507 0.995187
v -0.580328 0.146708 1.024377
v -0.563252 0.141325 1.022086
v -0.585918 0.139299 1.000114
v -0.568843 0.133916 0.997823
v -0.571431 0.145364 1.022737
v -0.577022 0.137955 0.998474
v -0.583855 0.142972 1.006861
v -0.574959 0.141628 1.005221
v -0.566780 0.137589 1.004570
v -0.582284 0.144114 1.015885
v -0.573388 0.142771 1.014245
v -0.565209 0.138732 1.013594
v -0.536459 0.132879 1.018491
v -0.518437 0.127198 1.016073
v -0.542050 0.125470 0.994228
v -0.524028 0.119789 0.991810
v -0.527844 0.128550 1.017828
v -0.533435 0.121141 0.993565
v -0.538743 0.131098 1.005654
v -0.530128 0.126768 1.004991
v -0.520721 0.125417 1.003236
v -0.556688 0.146617 1.041280
v -0.532112 0.138870 1.037983
v -0.561409 0.140360 1.020791
v -0.536834 0.132613 1.017494
v -0.558575 0.145270 1.030383
v -0.533999 0.137523 1.027085
v -0.544002 0.144240 1.039083
v -0.545889 0.142893 1.028185
v -0.548723 0.137983 1.018594
v -0.553543 0.152232 1.066336
v -0.527936 0.148361 1.061617
v -0.558103 0.148699 1.040651
v -0.534107 0.138774 1.038152
v -0.546055 0.143925 1.039333
v -0.539041 0.141857 1.045301
v -0.530971 0.143756 1.049816
v -0.543359 0.147253 1.051602
v -0.555735 0.150797 1.053372
v -0.548533 0.149435 1.059082
v -0.540651 0.150628 1.063855
v -0.568564 0.161929 1.065931
v -0.551618 0.156587 1.063657
v -0.573843 0.155693 1.041237
v -0.556897 0.150351 1.038964
v -0.559944 0.159790 1.064638
v -0.565223 0.153555 1.039945
v -0.570928 0.157122 1.059599
v -0.562309 0.154983 1.058307
v -0.553983 0.151780 1.057326
v -0.573248 0.155245 1.046724
v -0.564628 0.153106 1.045431
v -0.556302 0.149903 1.044450
v -0.571296 0.150510 1.047825
v -0.554747 0.145293 1.045604
v -0.576740 0.143296 1.024201
v -0.560191 0.138080 1.021980
v -0.562420 0.149984 1.046306
v -0.568011 0.142575 1.022043
v -0.573945 0.149032 1.035346
v -0.564227 0.149994 1.032813
v -0.556485 0.143528 1.033003
v -0.530338 0.139693 1.041516
v -0.513135 0.134270 1.039208
v -0.535929 0.132284 1.017253
v -0.518726 0.126861 1.014945
v -0.521737 0.136982 1.040362
v -0.527328 0.129573 1.016099
v -0.532105 0.139213 1.028163
v -0.524532 0.133277 1.028230
v -0.515218 0.133890 1.025897
v -0.527307 0.147283 1.064414
v -0.509290 0.141603 1.061996
v -0.532898 0.139874 1.040151
v -0.514881 0.134194 1.037734
v -0.519028 0.141726 1.064150
v -0.524606 0.134312 1.039998
v -0.529708 0.144419 1.051934
v -0.521488 0.139256 1.051620
v -0.512006 0.138837 1.049559
v -0.765461 0.166929 1.002895
v -0.769098 0.183037 1.033559
v -0.732279 0.160875 1.011571
v -0.735381 0.178872 1.041226
v -0.749598 0.160439 1.009503
v -0.741967 0.165245 1.017812
v -0.735126 0.166186 1.027945
v -0.750688 0.171956 1.022565
v -0.768008 0.171520 1.020497
v -0.760115 0.176178 1.028647
v -0.753536 0.177266 1.038939
v -0.674571 0.148760 1.027419
v -0.679398 0.162790 1.058775
v -0.642534 0.140441 1.036459
v -0.645670 0.160440 1.064630
v -0.660966 0.151616 1.047617
v -0.661720 0.164911 1.059380
v -0.670182 0.157203 1.053196
v -0.675563 0.159307 1.041539
v -0.657390 0.148288 1.030534
v -0.651750 0.146029 1.042038
v -0.643547 0.153891 1.048375
v -0.672780 0.137117 1.006557
v -0.675515 0.148809 1.027010
v -0.639897 0.131783 1.014004
v -0.642633 0.143475 1.034457
v -0.673676 0.144627 1.015895
v -0.640794 0.139293 1.023343
v -0.649255 0.135174 1.010814
v -0.650152 0.142684 1.020152
v -0.651991 0.146866 1.031267
v -0.661271 0.135250 1.009163
v -0.662168 0.142760 1.018502
v -0.664007 0.146942 1.029616
v -0.679808 0.167154 1.059102
v -0.682695 0.179494 1.080688
v -0.646926 0.161820 1.066549
v -0.649813 0.174160 1.088136
v -0.681772 0.171486 1.070876
v -0.648890 0.166152 1.078324
v -0.662695 0.166861 1.061558
v -0.664659 0.171193 1.073333
v -0.665582 0.179201 1.083145
v -0.702239 0.154512 1.023520
v -0.706176 0.171339 1.052956
v -0.674472 0.150008 1.029809
v -0.678409 0.166835 1.059245
v -0.687732 0.154460 1.025490
v -0.691670 0.171287 1.054926
v -0.703684 0.164773 1.037251
v -0.689178 0.164721 1.039222
v -0.675917 0.160269 1.043541
v -0.735252 0.155766 1.015523
v -0.737835 0.177379 1.042405
v -0.701015 0.155217 1.020416
v -0.705714 0.169356 1.051288
v -0.703299 0.162519 1.035728
v -0.713197 0.165611 1.042532
v -0.721708 0.173600 1.046722
v -0.719871 0.164721 1.032252
v -0.718018 0.155901 1.017751
v -0.727669 0.159864 1.024090
v -0.736428 0.166982 1.028746
v -0.729901 0.150540 0.993247
v -0.732616 0.162143 1.013544
v -0.696609 0.146655 0.999921
v -0.699324 0.158257 1.020218
v -0.731125 0.156993 1.003041
v -0.697833 0.153108 1.009715
v -0.720940 0.145750 0.997184
v -0.722163 0.152203 1.006978
v -0.723655 0.157352 1.017481
v -0.703763 0.145349 0.999711
v -0.704986 0.151802 1.009505
v -0.706478 0.156952 1.020007
v -0.705699 0.142657 1.005742
v -0.708351 0.153989 1.025564
v -0.673683 0.137464 1.012994
v -0.676334 0.148795 1.032816
v -0.706764 0.150844 1.014247
v -0.673882 0.145510 1.021695
v -0.688924 0.142199 1.007514
v -0.689025 0.152763 1.015523
v -0.691722 0.154154 1.028427
v -0.711283 0.172781 1.052948
v -0.714039 0.184560 1.073554
v -0.678401 0.167447 1.060396
v -0.681157 0.179226 1.081002
v -0.712661 0.178671 1.063251
v -0.679779 0.173336 1.070699
v -0.693723 0.174265 1.054704
v -0.696220 0.176004 1.066975
v -0.696428 0.185828 1.074931
v -0.741570 0.176260 1.043401
v -0.744457 0.188597 1.064981
v -0.708688 0.170926 1.050849
v -0.711575 0.183262 1.072429
v -0.743896 0.179081 1.055987
v -0.711159 0.173725 1.063427
v -0.724842 0.174800 1.046727
v -0.727094 0.177931 1.058892
v -0.727679 0.186920 1.067932
v -0.746515 0.153534 0.979835
v -0.763911 0.170491 1.004791
v -0.718356 0.155177 1.000265
v -0.735218 0.174023 1.024213
v -0.733341 0.150974 0.992378
v -0.730259 0.157811 1.002079
v -0.727906 0.160831 1.013728
v -0.741134 0.162834 1.002528
v -0.756119 0.158631 0.994641
v -0.752714 0.165369 1.004306
v -0.750684 0.168488 1.015992
v -0.669392 0.156536 1.036718
v -0.687773 0.171261 1.062187
v -0.642024 0.155752 1.057398
v -0.658715 0.176446 1.079682
v -0.664899 0.163506 1.059793
v -0.672212 0.177088 1.068611
v -0.676336 0.167384 1.060990
v -0.677319 0.167541 1.048017
v -0.654763 0.159894 1.045653
v -0.653461 0.159629 1.058596
v -0.649657 0.169440 1.066248
v -0.658062 0.144189 1.019595
v -0.670112 0.156358 1.036003
v -0.629849 0.146389 1.038683
v -0.641899 0.158559 1.055091
v -0.663616 0.151937 1.026911
v -0.635403 0.154138 1.045999
v -0.637806 0.147520 1.032001
v -0.643360 0.155269 1.039316
v -0.649856 0.159690 1.048408
v -0.648188 0.144959 1.026276
v -0.653742 0.152707 1.033592
v -0.660238 0.157128 1.042684
v -0.689020 0.175453 1.061747
v -0.701738 0.188297 1.079064
v -0.660807 0.177654 1.080835
v -0.673525 0.190498 1.098152
v -0.695899 0.180037 1.071387
v -0.667686 0.182238 1.090475
v -0.674241 0.178928 1.070024
v -0.681120 0.183512 1.079664
v -0.686959 0.191772 1.087341
v -0.694221 0.156072 1.022679
v -0.711564 0.173587 1.046293
v -0.670397 0.157930 1.038797
v -0.687739 0.175445 1.062411
v -0.681686 0.159201 1.029564
v -0.699029 0.176716 1.053178
v -0.702369 0.166677 1.033499
v -0.689834 0.169806 1.040385
v -0.678545 0.168535 1.049618
v -0.721649 0.149827 1.003597
v -0.737637 0.172127 1.024657
v -0.692081 0.156814 1.020130
v -0.710185 0.171639 1.045180
v -0.701067 0.164459 1.032531
v -0.713149 0.165839 1.034969
v -0.723845 0.172116 1.034794
v -0.715305 0.162894 1.023235
v -0.706749 0.153729 1.011645
v -0.718585 0.155981 1.013618
v -0.729527 0.161386 1.013908
v -0.707652 0.144395 0.985521
v -0.719610 0.156472 1.001803
v -0.679029 0.148045 1.003835
v -0.690987 0.160122 1.020118
v -0.713490 0.151074 0.993290
v -0.684867 0.154724 1.011605
v -0.700091 0.141865 0.992950
v -0.705929 0.148544 1.000719
v -0.712049 0.153942 1.009232
v -0.685261 0.145253 1.001329
v -0.691099 0.151932 1.009098
v -0.697219 0.157330 1.017611
v -0.688789 0.142615 1.006617
v -0.700468 0.154410 1.022519
v -0.661319 0.144758 1.025202
v -0.672998 0.156553 1.041104
v -0.694306 0.150934 1.013009
v -0.666093 0.153135 1.032096
v -0.674039 0.145813 1.014164
v -0.678901 0.156621 1.020105
v -0.686360 0.158256 1.030941
v -0.716475 0.173918 1.044310
v -0.728615 0.186179 1.060840
v -0.688262 0.176119 1.063397
v -0.700402 0.188379 1.079927
v -0.722545 0.180049 1.052575
v -0.694332 0.182249 1.071662
v -0.701335 0.179174 1.051848
v -0.708438 0.181149 1.062119
v -0.713252 0.191209 1.068074
v -0.741224 0.170316 1.024433
v -0.753938 0.183156 1.041745
v -0.713011 0.172517 1.043521
v -0.725725 0.185357 1.060833
v -0.748472 0.173403 1.034907
v -0.720386 0.175552 1.053940
v -0.726916 0.172628 1.033542
v -0.733995 0.176006 1.043609
v -0.739409 0.185243 1.050553
v -0.758225 0.204249 1.061525
v -0.733064 0.208488 1.085230
v -0.735305 0.186277 1.042429
v -0.709609 0.192406 1.065125
v -0.747319 0.191575 1.053920
v -0.735090 0.190659 1.053947
v -0.723928 0.185877 1.055652
v -0.734184 0.197382 1.063830
v -0.746198 0.202681 1.075320
v -0.733983 0.201617 1.075041
v -0.722807 0.196983 1.077052
v -0.695680 0.153338 1.009674
v -0.671741 0.155821 1.034657
v -0.674255 0.133550 0.991598
v -0.648626 0.142002 1.013395
v -0.672998 0.144686 1.013127
v -0.659689 0.152446 1.021979
v -0.672369 0.150254 1.023892
v -0.682242 0.157873 1.020185
v -0.683484 0.146894 0.998955
v -0.673626 0.139118 1.002363
v -0.660931 0.141465 1.000749
v -0.713525 0.150041 0.994032
v -0.696494 0.153798 1.010105
v -0.691255 0.133237 0.974363
v -0.674224 0.136995 0.990436
v -0.704538 0.153583 1.001180
v -0.682268 0.136780 0.981512
v -0.697429 0.140069 0.979308
v -0.688442 0.143612 0.986456
v -0.680398 0.143827 0.995381
v -0.705730 0.144160 0.987148
v -0.696744 0.147702 0.994296
v -0.688699 0.147917 1.003221
v -0.669771 0.159694 1.035324
v -0.651796 0.163660 1.052288
v -0.647502 0.142890 1.015656
v -0.629527 0.146856 1.032620
v -0.661304 0.159839 1.044787
v -0.639035 0.143035 1.025119
v -0.657964 0.153667 1.024223
v -0.649497 0.153811 1.033686
v -0.639989 0.157632 1.041187
v -0.712296 0.167742 1.027845
v -0.687785 0.173150 1.050978
v -0.693490 0.153552 1.011236
v -0.668979 0.158960 1.034369
v -0.702270 0.162847 1.018366
v -0.677759 0.168254 1.041499
v -0.699517 0.172293 1.038425
v -0.689492 0.167398 1.028946
v -0.680712 0.158103 1.021816
v -0.736877 0.181159 1.047110
v -0.711011 0.191353 1.067688
v -0.713252 0.169141 1.024887
v -0.689502 0.171860 1.049455
v -0.701312 0.170733 1.037047
v -0.701444 0.173838 1.049054
v -0.700191 0.181839 1.058447
v -0.712578 0.178670 1.047129
v -0.724949 0.175560 1.035780
v -0.724835 0.179536 1.047322
v -0.723828 0.186665 1.057181
v -0.750543 0.183055 1.028089
v -0.733643 0.186784 1.044039
v -0.727863 0.167701 1.007647
v -0.710963 0.171429 1.023597
v -0.741943 0.185588 1.035749
v -0.719263 0.170233 1.015307
v -0.744766 0.174824 1.023891
v -0.736166 0.177357 1.031551
v -0.727865 0.178553 1.039841
v -0.732924 0.168657 1.012785
v -0.724324 0.171190 1.020445
v -0.716023 0.172386 1.028735
v -0.731405 0.164638 1.018162
v -0.714899 0.168280 1.033739
v -0.709722 0.148277 0.999012
v -0.693216 0.151918 1.014589
v -0.722751 0.169131 1.024902
v -0.700482 0.152327 1.005233
v -0.720324 0.158808 1.006850
v -0.710318 0.165315 1.012619
v -0.702910 0.162650 1.023285
v -0.690214 0.175888 1.054820
v -0.673056 0.179674 1.071013
v -0.667944 0.159084 1.035151
v -0.650786 0.162870 1.051344
v -0.681635 0.177781 1.062916
v -0.659365 0.160977 1.043248
v -0.677777 0.171564 1.042976
v -0.670500 0.169379 1.053082
v -0.660934 0.175280 1.058872
v -0.713134 0.191065 1.071095
v -0.695165 0.195029 1.088054
v -0.690864 0.174261 1.051427
v -0.672895 0.178226 1.068385
v -0.705052 0.189678 1.081318
v -0.682885 0.172900 1.061753
v -0.701530 0.183797 1.060821
v -0.693535 0.182816 1.070719
v -0.683875 0.187690 1.077485
v -0.698537 0.211725 1.097817
v -0.666023 0.199613 1.094789
v -0.705661 0.196240 1.067444
v -0.672612 0.186018 1.063408
v -0.702866 0.200164 1.084214
v -0.695965 0.195847 1.075044
v -0.690394 0.187797 1.067660
v -0.685842 0.197927 1.081117
v -0.683047 0.201851 1.097887
v -0.676423 0.197518 1.088519
v -0.670575 0.189483 1.081332
v -0.718674 0.167721 1.015048
v -0.686868 0.153937 1.013727
v -0.726865 0.150682 0.986415
v -0.693369 0.142867 0.981907
v -0.706867 0.152309 1.000071
v -0.689525 0.152139 0.996204
v -0.696867 0.153123 1.006899
v -0.701664 0.164050 1.012082
v -0.721385 0.162448 0.998617
v -0.716866 0.151496 0.993243
v -0.709247 0.150536 0.982740
v -0.741102 0.175625 1.017960
v -0.718665 0.168204 1.015958
v -0.748449 0.161571 0.987734
v -0.726011 0.154149 0.985731
v -0.729412 0.173578 1.016071
v -0.736759 0.159524 0.985844
v -0.745738 0.167578 0.995846
v -0.734048 0.165531 0.993956
v -0.723300 0.160157 0.993843
v -0.743674 0.170706 1.007381
v -0.731984 0.168659 1.005492
v -0.721236 0.163285 1.005378
v -0.683460 0.156559 1.012816
v -0.659779 0.148726 1.010702
v -0.690806 0.142505 0.982589
v -0.667126 0.134672 0.980475
v -0.672140 0.150804 1.012740
v -0.679486 0.136750 0.982513
v -0.686461 0.151906 0.996435
v -0.675141 0.146152 0.996359
v -0.662780 0.144073 0.994321
v -0.710040 0.178581 1.039974
v -0.677748 0.167900 1.037092
v -0.716244 0.166713 1.014449
v -0.683952 0.156032 1.011567
v -0.712519 0.174847 1.026037
v -0.680227 0.164166 1.023155
v -0.693371 0.175088 1.037547
v -0.695850 0.171354 1.023610
v -0.699575 0.163220 1.012022
v -0.705908 0.190445 1.071558
v -0.672261 0.184550 1.066122
v -0.711899 0.181176 1.038777
v -0.680369 0.167806 1.037330
v -0.696068 0.174724 1.037929
v -0.686852 0.173119 1.046073
v -0.676249 0.176410 1.051602
v -0.692527 0.181286 1.053291
v -0.708788 0.186220 1.054949
v -0.699324 0.185486 1.062627
v -0.688968 0.187906 1.068622
v -0.725645 0.202990 1.069268
v -0.703379 0.195625 1.067281
v -0.732581 0.190385 1.038268
v -0.710315 0.183020 1.036280
v -0.714319 0.199972 1.067975
v -0.721255 0.187367 1.036975
v -0.728752 0.195584 1.061903
v -0.717426 0.192566 1.060610
v -0.706486 0.188219 1.059915
v -0.731800 0.190799 1.045488
v -0.720474 0.187781 1.044196
v -0.709534 0.183434 1.043501
v -0.729235 0.184838 1.047782
v -0.707490 0.177645 1.045842
v -0.736388 0.171154 1.018351
v -0.714643 0.163961 1.016411
v -0.717572 0.183877 1.045902
v -0.724918 0.169823 1.015675
v -0.732716 0.180645 1.031812
v -0.719946 0.181436 1.028340
v -0.709774 0.173056 1.029765
v -0.675417 0.169614 1.041540
v -0.652813 0.162137 1.039523
v -0.682764 0.155560 1.011313
v -0.660159 0.148083 1.009296
v -0.664115 0.165876 1.040531
v -0.671461 0.151822 1.010304
v -0.677738 0.166561 1.024250
v -0.667788 0.158849 1.025418
v -0.655549 0.159222 1.022270
v -0.671434 0.183655 1.069958
v -0.647760 0.175825 1.067845
v -0.678780 0.169601 1.039731
v -0.655106 0.161770 1.037618
v -0.660555 0.176376 1.070625
v -0.667884 0.162336 1.040544
v -0.674589 0.177659 1.054238
v -0.663788 0.170883 1.054767
v -0.651329 0.169963 1.052163
v -0.885346 0.166045 0.983806
v -0.893744 0.183625 1.019986
v -0.845586 0.167761 0.994042
v -0.853863 0.187655 1.029032
v -0.865398 0.162728 0.991603
v -0.857876 0.170254 1.001406
v -0.850251 0.173126 1.013362
v -0.869665 0.175693 1.007014
v -0.889477 0.170661 1.004575
v -0.881615 0.178085 1.014190
v -0.874330 0.181058 1.026334
v -0.776024 0.168920 1.012741
v -0.785247 0.183798 1.049738
v -0.736989 0.167730 1.023408
v -0.745829 0.189918 1.056645
v -0.761118 0.175764 1.036573
v -0.765464 0.190864 1.050451
v -0.773183 0.179781 1.043155
v -0.779925 0.180795 1.029401
v -0.756133 0.172872 1.016416
v -0.749054 0.171747 1.029990
v -0.741673 0.182940 1.037467
v -0.770917 0.155993 0.988126
v -0.777123 0.168729 1.012258
v -0.731690 0.158458 0.996914
v -0.737897 0.171194 1.021046
v -0.773913 0.164399 0.999145
v -0.734687 0.166864 1.007932
v -0.743343 0.159912 0.993150
v -0.746340 0.168318 1.004168
v -0.749550 0.172648 1.017281
v -0.757187 0.156856 0.991202
v -0.760184 0.165262 1.002220
v -0.763394 0.169592 1.015334
v -0.786861 0.188712 1.050123
v -0.793411 0.202154 1.075592
v -0.747635 0.191177 1.058910
v -0.754185 0.204619 1.084379
v -0.790254 0.193182 1.064015
v -0.751028 0.195647 1.072802
v -0.767096 0.192852 1.053021
v -0.770489 0.197322 1.066913
v -0.773646 0.206294 1.078490
v -0.809360 0.168299 1.008141
v -0.818292 0.186629 1.042872
v -0.776236 0.170381 1.015561
v -0.785168 0.188711 1.050292
v -0.792657 0.172034 1.010465
v -0.801589 0.190364 1.045196
v -0.813708 0.179727 1.024343
v -0.797005 0.183461 1.026667
v -0.780583 0.181808 1.031763
v -0.847670 0.161105 0.998706
v -0.856296 0.185295 1.030423
v -0.808137 0.169431 1.004479
v -0.817241 0.184467 1.040904
v -0.812674 0.177234 1.022545
v -0.824871 0.178201 1.030573
v -0.836754 0.185166 1.035517
v -0.832317 0.175432 1.018444
v -0.827877 0.165769 1.001335
v -0.840018 0.167804 1.008814
v -0.851957 0.173701 1.014307
v -0.840147 0.156493 0.972423
v -0.846306 0.169131 0.996370
v -0.800828 0.160732 0.980297
v -0.806987 0.173371 1.004245
v -0.843243 0.163596 0.983978
v -0.803923 0.167836 0.991853
v -0.828584 0.153325 0.977068
v -0.831679 0.160429 0.988624
v -0.834742 0.165964 1.001016
v -0.808716 0.157358 0.980049
v -0.811812 0.164462 0.991605
v -0.814875 0.169997 1.003997
v -0.810240 0.153755 0.987166
v -0.816255 0.166098 1.010553
v -0.772047 0.156155 0.995721
v -0.778061 0.168498 1.019109
v -0.813607 0.162895 0.997200
v -0.774381 0.165360 1.005987
v -0.790821 0.157617 0.989256
v -0.793700 0.169744 0.998706
v -0.797167 0.170639 1.013931
v -0.824545 0.186952 1.042863
v -0.830798 0.199782 1.067175
v -0.785319 0.189417 1.051650
v -0.791571 0.202248 1.075962
v -0.827672 0.193367 1.055019
v -0.788445 0.195832 1.063806
v -0.804730 0.193253 1.044934
v -0.808058 0.194600 1.059412
v -0.810868 0.205848 1.068799
v -0.860301 0.183031 1.031598
v -0.866849 0.196468 1.057060
v -0.821074 0.185496 1.040386
v -0.827623 0.198934 1.065847
v -0.863714 0.185668 1.046448
v -0.824650 0.188070 1.055226
v -0.840673 0.185727 1.035522
v -0.844083 0.188740 1.049875
v -0.847107 0.198929 1.060541
v -0.860044 0.155591 0.956599
v -0.884495 0.170548 0.986044
v -0.828077 0.164848 0.980703
v -0.852407 0.182119 1.008958
v -0.844218 0.156091 0.971397
v -0.842461 0.164764 0.982844
v -0.840543 0.168855 0.996588
v -0.856286 0.167698 0.983374
v -0.872427 0.158942 0.974067
v -0.870272 0.167585 0.985471
v -0.868752 0.171705 0.999259
v -0.772100 0.179220 1.023712
v -0.797099 0.191353 1.053763
v -0.740408 0.185479 1.048113
v -0.765024 0.204921 1.074405
v -0.768754 0.188416 1.050938
v -0.780720 0.202128 1.061342
v -0.782926 0.189885 1.052351
v -0.784098 0.189808 1.037045
v -0.756147 0.186911 1.034255
v -0.754581 0.186947 1.049525
v -0.752770 0.199230 1.058554
v -0.755834 0.167979 1.003510
v -0.772882 0.178828 1.022869
v -0.723951 0.177892 1.026031
v -0.740999 0.188741 1.045390
v -0.764252 0.175441 1.012142
v -0.732368 0.185354 1.034663
v -0.733401 0.177111 1.018147
v -0.741818 0.184573 1.026779
v -0.750449 0.187960 1.037506
v -0.744675 0.171449 1.011393
v -0.753092 0.178910 1.020024
v -0.761723 0.182297 1.030752
v -0.799630 0.195850 1.053244
v -0.817622 0.207300 1.073676
v -0.767747 0.205763 1.075765
v -0.785739 0.217213 1.096197
v -0.808744 0.199324 1.064618
v -0.776861 0.209237 1.087139
v -0.783536 0.203714 1.063010
v -0.792650 0.207188 1.074383
v -0.801528 0.215164 1.083441
v -0.800544 0.172191 1.007148
v -0.825079 0.187805 1.035010
v -0.773620 0.180562 1.026166
v -0.798155 0.196176 1.054028
v -0.786941 0.179070 1.015272
v -0.811476 0.194684 1.043133
v -0.812693 0.182260 1.019916
v -0.799090 0.189140 1.028039
v -0.785769 0.190631 1.038933
v -0.830466 0.157831 0.984635
v -0.854694 0.179305 1.009482
v -0.798276 0.173604 1.004142
v -0.822983 0.185925 1.033696
v -0.810615 0.180049 1.018773
v -0.824876 0.178476 1.021650
v -0.838824 0.182900 1.021443
v -0.826586 0.174524 1.007805
v -0.814345 0.166219 0.994130
v -0.828550 0.165713 0.996459
v -0.842554 0.169069 0.996801
v -0.812941 0.155244 0.963307
v -0.829858 0.166009 0.982518
v -0.780965 0.166931 0.984916
v -0.797882 0.177697 1.004127
v -0.821405 0.161400 0.972474
v -0.789429 0.173087 0.994083
v -0.803581 0.154311 0.972072
v -0.812045 0.160468 0.981239
v -0.820498 0.165077 0.991284
v -0.787405 0.162088 0.981958
v -0.795869 0.168245 0.991125
v -0.804322 0.172854 1.001169
v -0.790775 0.158131 0.988198
v -0.807296 0.168645 1.006960
v -0.759731 0.167783 1.010126
v -0.776252 0.178297 1.028888
v -0.799298 0.166258 0.995739
v -0.767415 0.176171 1.018260
v -0.774641 0.165668 0.997102
v -0.783062 0.176830 1.004111
v -0.792072 0.176761 1.016897
v -0.830816 0.186902 1.032670
v -0.847990 0.197831 1.052173
v -0.798933 0.196815 1.055191
v -0.816107 0.207744 1.074694
v -0.839403 0.192367 1.042422
v -0.807520 0.202279 1.064943
v -0.814773 0.196909 1.041564
v -0.823461 0.197323 1.053682
v -0.831631 0.207638 1.060709
v -0.858347 0.176283 1.009219
v -0.876334 0.187729 1.029644
v -0.826464 0.186195 1.031740
v -0.844451 0.197642 1.052165
v -0.867494 0.177938 1.021576
v -0.835743 0.187758 1.044033
v -0.842491 0.182686 1.019965
v -0.851519 0.184720 1.031843
v -0.860164 0.193931 1.040036
v -0.886784 0.210874 1.052982
v -0.858945 0.222334 1.080951
v -0.855713 0.196194 1.030451
v -0.827753 0.209967 1.057230
v -0.870921 0.199147 1.044009
v -0.856613 0.201292 1.044041
v -0.842519 0.198711 1.046052
v -0.857329 0.209264 1.055701
v -0.872537 0.212217 1.069258
v -0.858205 0.214189 1.068930
v -0.844136 0.211781 1.071302
v -0.801507 0.168664 0.991804
v -0.774615 0.177784 1.021281
v -0.771681 0.151503 0.970478
v -0.744406 0.167932 0.996195
v -0.773148 0.164644 0.995879
v -0.759866 0.177054 1.006323
v -0.773881 0.171214 1.008580
v -0.787234 0.177398 1.004206
v -0.785790 0.164441 0.979158
v -0.772414 0.158073 0.983178
v -0.758423 0.164096 0.981275
v -0.821175 0.160202 0.973349
v -0.802564 0.168981 0.992313
v -0.791158 0.146696 0.950143
v -0.772546 0.155474 0.969107
v -0.811763 0.166629 0.981783
v -0.781745 0.153123 0.958577
v -0.800048 0.152941 0.955976
v -0.790636 0.159368 0.964411
v -0.781437 0.161720 0.974941
v -0.810669 0.155475 0.965227
v -0.801257 0.161902 0.973661
v -0.792058 0.164254 0.984191
v -0.773362 0.182755 1.022069
v -0.753720 0.192020 1.042084
v -0.743345 0.169248 0.998862
v -0.723702 0.178513 1.018877
v -0.763659 0.185136 1.033234
v -0.733641 0.171630 1.010027
v -0.758201 0.178909 1.008970
v -0.748498 0.181291 1.020135
v -0.738558 0.188174 1.028985
v -0.824392 0.180889 1.013244
v -0.797607 0.193523 1.040538
v -0.799044 0.169483 0.993648
v -0.772259 0.182117 1.020941
v -0.811577 0.177880 1.002060
v -0.784792 0.190514 1.029354
v -0.810881 0.189468 1.025727
v -0.798066 0.186459 1.014544
v -0.785533 0.178063 1.006131
v -0.856183 0.189895 1.035974
v -0.829091 0.208390 1.060254
v -0.825859 0.182249 1.009754
v -0.799246 0.191590 1.038741
v -0.812537 0.187204 1.024101
v -0.813502 0.190741 1.038268
v -0.814153 0.200275 1.049351
v -0.827576 0.193388 1.035997
v -0.840995 0.186573 1.022606
v -0.841904 0.191177 1.036224
v -0.842610 0.199643 1.047856
v -0.872402 0.188501 1.013531
v -0.853933 0.197213 1.032351
v -0.842292 0.176769 0.989413
v -0.823823 0.185480 1.008232
v -0.863170 0.193665 1.022570
v -0.833060 0.181933 0.998451
v -0.863602 0.180542 1.008579
v -0.854370 0.185706 1.017617
v -0.845132 0.189254 1.027398
v -0.848364 0.176545 0.995475
v -0.839132 0.181709 1.004513
v -0.829895 0.185257 1.014295
v -0.845565 0.172319 1.001819
v -0.827528 0.180827 1.020199
v -0.816338 0.159168 0.979224
v -0.798301 0.167676 0.997603
v -0.836785 0.179752 1.009771
v -0.806767 0.166245 0.986565
v -0.831291 0.168510 0.988473
v -0.821482 0.178614 0.995280
v -0.812261 0.177486 1.007863
v -0.801118 0.196038 1.045071
v -0.782368 0.204882 1.064176
v -0.771100 0.182532 1.021864
v -0.752351 0.191376 1.040970
v -0.791743 0.200460 1.054623
v -0.761725 0.186954 1.031417
v -0.785677 0.194317 1.031097
v -0.776734 0.193707 1.043020
v -0.767272 0.202998 1.049851
v -0.831458 0.207503 1.064273
v -0.811821 0.216765 1.084283
v -0.801440 0.193996 1.041067
v -0.781804 0.203258 1.061076
v -0.821797 0.208022 1.076336
v -0.791904 0.194517 1.053251
v -0.816207 0.202176 1.052152
v -0.806751 0.203140 1.063830
v -0.796912 0.211275 1.071813
v -0.820069 0.235091 1.095801
v -0.779493 0.229663 1.092229
v -0.824214 0.215412 1.059966
v -0.783518 0.212298 1.055204
v -0.822026 0.220658 1.079752
v -0.812956 0.217496 1.068932
v -0.804440 0.209692 1.060220
v -0.801854 0.222537 1.076098
v -0.799665 0.227783 1.095884
v -0.790910 0.224531 1.084831
v -0.782080 0.216817 1.076352
v -0.831724 0.179196 0.998146
v -0.791525 0.171658 0.996587
v -0.836691 0.157450 0.964361
v -0.796109 0.157221 0.959044
v -0.814108 0.164554 0.980474
v -0.794113 0.168895 0.975911
v -0.802817 0.168106 0.988531
v -0.811194 0.179424 0.994645
v -0.833464 0.172420 0.978759
v -0.825400 0.161002 0.972418
v -0.816383 0.161891 0.960026
v -0.859596 0.182422 1.001581
v -0.831841 0.179754 0.999219
v -0.864371 0.164331 0.965918
v -0.836616 0.161663 0.963555
v -0.845612 0.183126 0.999352
v -0.850387 0.165034 0.963689
v -0.862824 0.171952 0.975489
v -0.848839 0.172655 0.973260
v -0.835068 0.169283 0.973126
v -0.861267 0.176090 0.989099
v -0.847283 0.176794 0.986870
v -0.833512 0.173422 0.986737
v -0.788291 0.175567 0.995511
v -0.758997 0.172751 0.993018
v -0.793066 0.157476 0.959848
v -0.763772 0.154659 0.957354
v -0.773762 0.171908 0.995422
v -0.778537 0.153816 0.959758
v -0.790526 0.169429 0.976184
v -0.775997 0.165770 0.976095
v -0.761232 0.166612 0.973691
v -0.824633 0.193949 1.027555
v -0.784687 0.190109 1.024154
v -0.828665 0.178672 0.997439
v -0.788719 0.174832 0.994038
v -0.826508 0.189005 1.011111
v -0.786562 0.185164 1.007711
v -0.804541 0.194292 1.024691
v -0.806416 0.189347 1.008247
v -0.808574 0.179014 0.994575
v -0.822982 0.208680 1.064820
v -0.782729 0.210700 1.058405
v -0.827450 0.196449 1.026142
v -0.787677 0.189316 1.024435
v -0.807549 0.193167 1.025142
v -0.796525 0.193731 1.034750
v -0.785188 0.200293 1.041274
v -0.805191 0.201643 1.043267
v -0.825190 0.203066 1.045223
v -0.814111 0.204697 1.054282
v -0.802829 0.210191 1.061355
v -0.848971 0.217950 1.062117
v -0.821428 0.215302 1.059773
v -0.853654 0.201633 1.025541
v -0.826110 0.198985 1.023196
v -0.835151 0.217441 1.060592
v -0.839834 0.201123 1.024016
v -0.850609 0.208616 1.053427
v -0.836788 0.208107 1.051902
v -0.823065 0.205968 1.051083
v -0.852863 0.202314 1.034061
v -0.839043 0.201805 1.032535
v -0.825319 0.199666 1.031716
v -0.848353 0.196127 1.036767
v -0.821453 0.193540 1.034477
v -0.853002 0.178512 1.002043
v -0.826103 0.175925 0.999753
v -0.834683 0.198073 1.034549
v -0.839458 0.179981 0.998885
v -0.851261 0.190391 1.017925
v -0.836777 0.194643 1.013829
v -0.822881 0.187663 1.015509
v -0.782453 0.192691 1.029402
v -0.754490 0.190003 1.027022
v -0.787228 0.174600 0.993739
v -0.759266 0.171911 0.991358
v -0.768471 0.191347 1.028212
v -0.773247 0.173256 0.992549
v -0.784324 0.188571 1.009003
v -0.770859 0.182301 1.010380
v -0.756876 0.185932 1.006666
v -0.781543 0.209887 1.062931
v -0.752258 0.207072 1.060438
v -0.786318 0.191796 1.027268
v -0.757033 0.188980 1.024774
v -0.767124 0.204359 1.063718
v -0.771882 0.186288 1.028227
v -0.783605 0.202163 1.044384
v -0.769405 0.197194 1.045009
v -0.754830 0.199394 1.041936
vn 0.3827 0.7185 -0.5808
vn 0.3176 0.8055 -0.5003
vn 0.1503 0.9042 -0.3997
vn 0.4346 0.7391 -0.5147
vn 0.0369 0.9264 -0.3747
vn 0.2425 0.8558 -0.4570
vn 0.2685 0.8655 -0.4228
vn 0.0892 0.9472 -0.3081
vn 0.2157 0.8446 -0.4900
vn 0.2985 0.8756 -0.3797
vn 0.3303 0.7960 -0.5072
vn 0.2212 0.6532 -0.7242
vn 0.2834 0.8291 -0.4819
vn 0.2403 0.8551 -0.4594
vn 0.5422 0.7779 -0.3177
vn 0.2444 0.8567 -0.4543
vn 0.1986 0.8793 -0.4330
vn -0.0855 0.8352 -0.5433
vn 0.2361 0.9619 -0.1379
vn 0.2423 0.8559 -0.4569
vn 0.1558 0.8126 -0.5616
vn 0.3239 0.8818 -0.3429
vn 0.2580 0.7648 -0.5903
vn 0.4303 0.8073 -0.4039
vn 0.4431 0.7189 -0.5356
vn 0.2207 0.9243 -0.3113
vn 0.4066 0.8752 -0.2621
vn 0.1568 0.8665 -0.4739
vn 0.1749 0.7754 -0.6068
vn 0.1378 0.9343 -0.3288
vn 0.2578 0.7649 -0.5904
vn 0.2205 0.9244 -0.3113
vn 0.3689 0.8905 -0.2661
vn 0.2193 0.9269 -0.3044
vn 0.4075 0.7259 -0.5541
vn 0.3937 0.8197 -0.4159
vn 0.0642 0.9400 -0.3351
vn 0.1027 0.7753 -0.6231
vn 0.2583 0.7602 -0.5961
vn 0.2549 0.7873 -0.5615
vn 0.4077 0.8152 -0.4115
vn 0.4188 0.7480 -0.5149
vn 0.0694 0.8700 -0.4881
vn 0.0832 0.8025 -0.5909
vn 0.2259 0.9110 -0.3450
vn 0.3903 0.8698 -0.3017
vn 0.2968 0.8746 -0.3834
vn 0.3849 0.7980 -0.4638
vn 0.1910 0.8328 -0.5195
vn 0.1737 0.9251 -0.3376
vn 0.2297 0.8507 -0.4728
vn 0.1583 0.8776 -0.4524
vn 0.0763 0.8588 -0.5066
vn 0.2369 0.7621 -0.6025
vn 0.1520 0.8069 -0.5708
vn 0.1700 0.8219 -0.5437
vn 0.0041 0.8469 -0.5318
vn -0.1333 0.8199 -0.5568
vn 0.0311 0.8364 -0.5472
vn -0.1473 0.8797 -0.4522
vn -0.1405 0.8513 -0.5055
vn 0.5630 0.7207 -0.4045
vn 0.2820 0.8487 -0.4474
vn 0.2847 0.8164 -0.5024
vn 0.5495 0.7784 -0.3036
vn 0.2701 0.8791 -0.3927
vn 0.0165 0.8987 -0.4383
vn 0.2673 0.6322 -0.7272
vn 0.4562 0.7975 -0.3949
vn 0.4267 0.6689 -0.6088
vn 0.1874 0.9737 -0.1300
vn 0.3703 0.9099 -0.1871
vn 0.0156 0.8690 -0.4946
vn 0.0921 0.7231 -0.6845
vn 0.0357 0.9642 -0.2629
vn 0.3218 0.8989 -0.2974
vn 0.1817 0.9781 -0.1016
vn 0.3563 0.7514 -0.5553
vn 0.1202 0.9316 -0.3431
vn 0.1547 0.7842 -0.6010
vn 0.2679 0.6098 -0.7460
vn 0.2429 0.8558 -0.4567
vn 0.2854 0.9435 -0.1686
vn 0.2025 0.9568 -0.2088
vn 0.3515 0.6607 -0.6632
vn 0.3430 0.8345 -0.4312
vn 0.1126 0.9712 -0.2100
vn 0.1783 0.6905 -0.7010
vn 0.2644 0.6924 -0.6713
vn 0.4399 0.7433 -0.5041
vn 0.3358 0.8197 -0.4640
vn 0.1289 0.8874 -0.4425
vn 0.4594 0.7786 -0.4275
vn 0.0123 0.8869 -0.4619
vn 0.2425 0.8558 -0.4569
vn 0.2520 0.8730 -0.4175
vn 0.0319 0.9225 -0.3848
vn 0.2322 0.8371 -0.4953
vn 0.2619 0.8920 -0.3685
vn 0.3516 0.8127 -0.4647
vn 0.3564 0.6362 -0.6843
vn 0.2937 0.8368 -0.4621
vn 0.2415 0.8545 -0.4598
vn 0.4784 0.8520 -0.2127
vn 0.2431 0.8573 -0.4539
vn 0.1896 0.8711 -0.4531
vn -0.0217 0.7611 -0.6483
vn 0.1009 0.9789 -0.1778
vn 0.2093 0.7886 -0.5781
vn 0.2704 0.9058 -0.3263
vn 0.3215 0.7616 -0.5626
vn 0.4029 0.8515 -0.3356
vn 0.4784 0.7593 -0.4411
vn 0.1572 0.9276 -0.3388
vn 0.3172 0.9221 -0.2217
vn 0.1687 0.8471 -0.5039
vn 0.2497 0.7534 -0.6084
vn 0.0859 0.9188 -0.3853
vn 0.3213 0.7616 -0.5628
vn 0.1569 0.9276 -0.3389
vn 0.2817 0.9288 -0.2406
vn 0.1529 0.9304 -0.3333
vn 0.4514 0.7575 -0.4717
vn 0.3718 0.8552 -0.3612
vn 0.0202 0.9084 -0.4175
vn 0.1899 0.7371 -0.6486
vn 0.3248 0.7568 -0.5673
vn 0.3042 0.7847 -0.5401
vn 0.3837 0.8539 -0.3516
vn 0.4435 0.7840 -0.4344
vn 0.0935 0.8313 -0.5479
vn 0.1555 0.7615 -0.6292
vn 0.1767 0.9135 -0.3664
vn 0.3179 0.9108 -0.2634
vn 0.2618 0.8904 -0.3723
vn 0.3851 0.8289 -0.4056
vn 0.2225 0.8185 -0.5296
vn 0.1237 0.9168 -0.3797
vn 0.2375 0.8471 -0.4754
vn 0.1602 0.8597 -0.4850
vn 0.1085 0.8205 -0.5612
vn 0.3072 0.7537 -0.5810
vn 0.2103 0.7816 -0.5873
vn 0.2141 0.8018 -0.5579
vn 0.0538 0.7921 -0.6081
vn -0.0577 0.7352 -0.6754
vn 0.0860 0.7865 -0.6115
vn -0.1194 0.7974 -0.5915
vn -0.0887 0.7677 -0.6346
vn 0.5393 0.7949 -0.2781
vn 0.2763 0.8578 -0.4333
vn 0.3046 0.8233 -0.4789
vn 0.4798 0.8549 -0.1972
vn 0.2400 0.8886 -0.3909
vn 0.0218 0.8514 -0.5241
vn 0.4033 0.6253 -0.6682
vn 0.4249 0.8480 -0.3169
vn 0.4989 0.7023 -0.5078
vn 0.0514 0.9806 -0.1890
vn 0.2505 0.9531 -0.1696
vn 0.0469 0.8185 -0.5726
vn 0.2118 0.6799 -0.7021
vn -0.0366 0.9307 -0.3638
vn 0.2488 0.9250 -0.2872
vn 0.0350 0.9856 -0.1653
vn 0.4008 0.7715 -0.4941
vn 0.0758 0.9115 -0.4043
vn 0.2277 0.7580 -0.6112
vn 0.4146 0.6022 -0.6822
vn 0.2428 0.8560 -0.4565
vn 0.1604 0.9693 -0.1866
vn 0.0972 0.9622 -0.2545
vn 0.4517 0.6750 -0.5834
vn 0.3285 0.8579 -0.3951
vn 0.0130 0.9573 -0.2889
vn 0.3023 0.6651 -0.6828
vn 0.3697 0.6870 -0.6256
vn 0.1833 0.7388 -0.6486
vn 0.2364 0.8054 -0.5435
vn 0.2461 0.9043 -0.3487
vn 0.2672 0.7183 -0.6423
vn 0.2041 0.9473 -0.2469
vn 0.2423 0.8558 -0.4570
vn 0.2847 0.8447 -0.4533
vn 0.2885 0.9267 -0.2406
vn 0.1995 0.8654 -0.4596
vn 0.3355 0.8295 -0.4465
vn 0.2352 0.7959 -0.5579
vn -0.0376 0.7787 -0.6262
vn 0.2386 0.8295 -0.5050
vn 0.2391 0.8567 -0.4571
vn 0.4783 0.6508 -0.5897
vn 0.2456 0.8551 -0.4566
vn 0.2422 0.8805 -0.4076
vn -0.0216 0.9622 -0.2714
vn 0.4949 0.8363 -0.2359
vn 0.1020 0.8801 -0.4638
vn 0.3777 0.8143 -0.4406
vn 0.1231 0.8189 -0.5606
vn 0.3680 0.7400 -0.5630
vn 0.2495 0.7055 -0.6633
vn 0.3555 0.8701 -0.3414
vn 0.4773 0.7558 -0.4484
vn 0.1844 0.8958 -0.4043
vn 0.0673 0.8578 -0.5096
vn 0.2984 0.9090 -0.2909
vn 0.1230 0.8190 -0.5605
vn 0.3553 0.8702 -0.3412
vn 0.4589 0.7815 -0.4226
vn 0.3603 0.8704 -0.3357
vn 0.2191 0.7286 -0.6489
vn 0.3439 0.7658 -0.5434
vn 0.2525 0.9373 -0.2403
vn 0.0127 0.8844 -0.4666
vn 0.1174 0.8168 -0.5649
vn 0.1503 0.8293 -0.5383
vn 0.3531 0.7562 -0.5509
vn 0.2617 0.7308 -0.6304
vn 0.1240 0.9290 -0.3486
vn 0.0343 0.9023 -0.4297
vn 0.3305 0.8690 -0.3682
vn 0.4391 0.7699 -0.4630
vn 0.3317 0.8304 -0.4477
vn 0.2974 0.7663 -0.5695
vn 0.1600 0.8727 -0.4613
vn 0.3103 0.8938 -0.3239
vn 0.2219 0.8607 -0.4583
vn 0.2044 0.8975 -0.3907
vn 0.1109 0.9238 -0.3665
vn 0.1011 0.8269 -0.5532
vn 0.0910 0.8794 -0.4674
vn 0.1265 0.8778 -0.4621
vn 0.0454 0.9429 -0.3299
vn -0.0663 0.9672 -0.2453
vn 0.0469 0.9315 -0.3606
vn 0.0208 0.9864 -0.1631
vn -0.0228 0.9786 -0.2046
vn 0.4081 0.6255 -0.6650
vn 0.2691 0.8348 -0.4803
vn 0.2202 0.8253 -0.5201
vn 0.4921 0.6441 -0.5857
vn 0.3115 0.8454 -0.4339
vn 0.1376 0.9515 -0.2751
vn -0.0213 0.7481 -0.6633
vn 0.3851 0.7206 -0.5765
vn 0.1689 0.6923 -0.7016
vn 0.4760 0.8578 -0.1939
vn 0.5200 0.7697 -0.3702
vn 0.0867 0.9458 -0.3130
vn -0.0577 0.8633 -0.5014
vn 0.2934 0.9407 -0.1701
vn 0.4139 0.8137 -0.4082
vn 0.4931 0.8531 -0.1706
vn 0.1992 0.7663 -0.6108
vn 0.2773 0.9167 -0.2875
vn 0.0626 0.8694 -0.4902
vn -0.0435 0.7347 -0.6770
vn 0.2427 0.8556 -0.4572
vn 0.4962 0.8170 -0.2936
vn 0.4261 0.8670 -0.2583
vn 0.0844 0.7262 -0.6823
vn 0.3101 0.7989 -0.5153
vn 0.3776 0.9059 -0.1917
vn -0.0312 0.8157 -0.5776
vn 0.0409 0.7821 -0.6218
vn 0.0274 0.8391 -0.5432
vn 0.1587 0.8446 -0.5114
vn 0.3378 0.8581 -0.3866
vn 0.0721 0.7948 -0.6026
vn 0.3992 0.8710 -0.2864
vn 0.2422 0.8559 -0.4570
vn 0.2648 0.8325 -0.4866
vn 0.4443 0.8263 -0.3462
vn 0.2194 0.8776 -0.4263
vn 0.2925 0.8021 -0.5207
vn 0.1441 0.8417 -0.5203
vn -0.0715 0.9295 -0.3617
vn 0.1964 0.8512 -0.4867
vn 0.2406 0.8576 -0.4545
vn 0.2014 0.6554 -0.7279
vn 0.2441 0.8542 -0.4592
vn 0.2858 0.8597 -0.4234
vn 0.2553 0.9577 -0.1331
vn 0.5288 0.6855 -0.5004
vn 0.1651 0.9200 -0.3556
vn 0.3146 0.7744 -0.5489
vn 0.0860 0.8951 -0.4374
vn 0.1943 0.7561 -0.6249
vn 0.0418 0.7962 -0.6036
vn 0.3921 0.7939 -0.4647
vn 0.3419 0.6969 -0.6304
vn 0.2605 0.8886 -0.3775
vn 0.1040 0.9269 -0.3606
vn 0.4090 0.8260 -0.3878
vn 0.0861 0.8952 -0.4372
vn 0.3922 0.7940 -0.4645
vn 0.3598 0.7156 -0.5988
vn 0.3988 0.7906 -0.4646
vn 0.0438 0.8201 -0.5706
vn 0.2047 0.7788 -0.5930
vn 0.4279 0.8458 -0.3186
vn 0.1119 0.9503 -0.2904
vn 0.0788 0.8965 -0.4360
vn 0.1217 0.8884 -0.4427
vn 0.2008 0.7703 -0.6052
vn 0.0823 0.8031 -0.5902
vn 0.2763 0.9149 -0.2943
vn 0.1573 0.9465 -0.2816
vn 0.3591 0.8099 -0.4638
vn 0.3161 0.7258 -0.6110
vn 0.2899 0.8044 -0.5185
vn 0.1601 0.8020 -0.5754
vn 0.1980 0.8960 -0.3976
vn 0.3875 0.8214 -0.4186
vn 0.2314 0.8665 -0.4423
vn 0.2822 0.8794 -0.3834
vn 0.2544 0.9205 -0.2965
vn 0.0815 0.9058 -0.4157
vn 0.1559 0.9238 -0.3498
vn 0.1798 0.9103 -0.3729
vn 0.2480 0.9428 -0.2226
vn 0.2478 0.9653 -0.0822
vn 0.2235 0.9436 -0.2444
vn 0.3626 0.9273 -0.0925
vn 0.3058 0.9481 -0.0875
vn 0.0985 0.6806 -0.7260
vn 0.2332 0.8381 -0.4931
vn 0.1735 0.8582 -0.4831
vn 0.2092 0.6440 -0.7359
vn 0.2938 0.8184 -0.4938
vn 0.3430 0.9040 -0.2551
vn -0.1003 0.9113 -0.3994
vn 0.1867 0.7391 -0.6473
vn -0.0375 0.8215 -0.5690
vn 0.5549 0.6946 -0.4578
vn 0.4251 0.6685 -0.6103
vn 0.2851 0.9274 -0.2422
vn 0.0373 0.9645 -0.2614
vn 0.4998 0.8115 -0.3027
vn 0.3572 0.7516 -0.5545
vn 0.5782 0.6770 -0.4553
vn 0.0743 0.8452 -0.5293
vn 0.4023 0.8378 -0.3691
vn 0.1193 0.9314 -0.3439
vn -0.1286 0.9108 -0.3922
vn 0.2422 0.8556 -0.4574
vn 0.4829 0.6892 -0.5403
vn 0.4872 0.7406 -0.4628
vn -0.0597 0.8687 -0.4918
vn 0.2182 0.8075 -0.5481
vn 0.5198 0.7645 -0.3812
vn -0.0188 0.9427 -0.3331
vn -0.0202 0.9085 -0.4175
vn 0.3903 0.9007 -0.1908
vn 0.3398 0.9378 -0.0710
vn 0.1905 0.9781 0.0837
vn 0.4492 0.8840 -0.1296
vn 0.0819 0.9882 0.1293
vn 0.2731 0.9620 -0.0001
vn 0.3026 0.9526 0.0311
vn 0.1412 0.9714 0.1909
vn 0.2428 0.9696 -0.0311
vn 0.3370 0.9389 0.0697
vn 0.3510 0.9327 -0.0831
vn 0.2123 0.9205 -0.3280
vn 0.3093 0.9501 -0.0395
vn 0.2706 0.9627 -0.0024
vn 0.5760 0.8161 0.0469
vn 0.2752 0.9614 0.0024
vn 0.2335 0.9716 0.0372
vn -0.0616 0.9970 -0.0469
vn 0.3028 0.8948 0.3280
vn 0.2729 0.9620 -0.0000
vn 0.1745 0.9794 -0.1016
vn 0.3658 0.9251 0.1016
vn 0.2696 0.9493 -0.1618
vn 0.4600 0.8879 -0.0000
vn 0.4542 0.8767 -0.1586
vn 0.2696 0.9493 0.1618
vn 0.4542 0.8767 0.1586
vn 0.1874 0.9823 0.0004
vn 0.1869 0.9691 -0.1612
vn 0.1866 0.9691 0.1612
vn 0.2693 0.9494 -0.1618
vn 0.2693 0.9494 0.1618
vn 0.4178 0.8931 0.1670
vn 0.2690 0.9482 0.1691
vn 0.4178 0.8931 -0.1670
vn 0.4237 0.9058 -0.0000
vn 0.1134 0.9794 0.1670
vn 0.1134 0.9794 -0.1670
vn 0.2690 0.9482 -0.1691
vn 0.2708 0.9544 -0.1255
vn 0.4376 0.8992 -0.0000
vn 0.4342 0.8923 -0.1236
vn 0.0998 0.9950 -0.0000
vn 0.0990 0.9874 -0.1236
vn 0.2708 0.9544 0.1255
vn 0.4342 0.8923 0.1236
vn 0.3348 0.9399 0.0663
vn 0.4091 0.9111 -0.0509
vn 0.2148 0.9749 -0.0595
vn 0.2207 0.9645 0.1449
vn 0.2586 0.9659 -0.0149
vn 0.1917 0.9811 0.0242
vn 0.1041 0.9943 -0.0223
vn 0.2473 0.9537 -0.1713
vn 0.1695 0.9791 -0.1120
vn 0.1909 0.9781 -0.0833
vn 0.0292 0.9987 -0.0416
vn -0.1115 0.9919 -0.0607
vn 0.0539 0.9965 -0.0631
vn -0.1115 0.9919 0.0607
vn -0.1117 0.9937 -0.0000
vn 0.5845 0.8093 -0.0585
vn 0.3125 0.9499 -0.0000
vn 0.3079 0.9493 -0.0636
vn 0.5845 0.8093 0.0585
vn 0.3079 0.9493 0.0636
vn 0.0539 0.9965 0.0631
vn 0.2560 0.9025 -0.3463
vn 0.4857 0.8741 -0.0000
vn 0.4275 0.8704 -0.2445
vn 0.2560 0.9025 0.3463
vn 0.4275 0.8704 0.2445
vn 0.0457 0.9990 -0.0000
vn 0.0933 0.9652 -0.2445
vn 0.0933 0.9652 0.2445
vn 0.3691 0.9173 0.1495
vn 0.2532 0.8924 0.3736
vn 0.3690 0.9173 -0.1495
vn 0.1676 0.9744 0.1495
vn 0.1676 0.9744 -0.1495
vn 0.2532 0.8924 -0.3736
vn 0.2735 0.9619 -0.0000
vn 0.3476 0.8927 0.2868
vn 0.2629 0.9268 0.2683
vn 0.3475 0.8927 -0.2867
vn 0.3733 0.9277 -0.0000
vn 0.1748 0.9426 0.2847
vn 0.1748 0.9426 -0.2847
vn 0.2630 0.9268 -0.2681
vn 0.4557 0.8821 -0.1190
vn 0.3621 0.9315 -0.0347
vn 0.1642 0.9856 0.0410
vn 0.4845 0.8740 -0.0378
vn 0.0467 0.9982 0.0375
vn 0.2873 0.9570 0.0412
vn 0.0757 0.9900 0.1193
vn 0.2580 0.9653 -0.0412
vn 0.3028 0.9486 0.0917
vn 0.3772 0.9253 -0.0407
vn 0.3485 0.8819 -0.3176
vn 0.3219 0.9466 -0.0198
vn 0.2718 0.9624 -0.0032
vn 0.5278 0.8298 0.1814
vn 0.2741 0.9617 0.0032
vn 0.2221 0.9749 0.0168
vn -0.0134 0.9833 -0.1814
vn 0.1665 0.9335 0.3176
vn 0.2242 0.9653 -0.1339
vn 0.3161 0.9392 0.1339
vn 0.3347 0.9308 -0.1468
vn 0.4423 0.8929 0.0838
vn 0.5006 0.8635 -0.0612
vn 0.2044 0.9678 0.1470
vn 0.3729 0.8997 0.2268
vn 0.1956 0.9800 -0.0366
vn 0.2593 0.9485 -0.1818
vn 0.1294 0.9854 0.1109
vn 0.3345 0.9309 -0.1469
vn 0.2042 0.9678 0.1469
vn 0.3365 0.9161 0.2179
vn 0.2009 0.9675 0.1536
vn 0.4711 0.8779 -0.0854
vn 0.4096 0.9098 0.0672
vn 0.0602 0.9945 0.0854
vn 0.1947 0.9564 -0.2179
vn 0.3371 0.9288 -0.1536
vn 0.3213 0.9401 -0.1140
vn 0.4221 0.9036 0.0735
vn 0.4686 0.8825 -0.0393
vn 0.1153 0.9906 -0.0735
vn 0.1642 0.9689 -0.1852
vn 0.2202 0.9688 0.1140
vn 0.3691 0.9108 0.1852
vn 0.3023 0.9492 0.0877
vn 0.4168 0.9089 0.0144
vn 0.2440 0.9666 -0.0789
vn 0.1668 0.9798 0.1103
vn 0.2659 0.9638 -0.0197
vn 0.1893 0.9818 -0.0129
vn 0.1282 0.9875 -0.0920
vn 0.3183 0.9335 -0.1649
vn 0.2238 0.9637 -0.1454
vn 0.2318 0.9665 -0.1105
vn 0.0676 0.9878 -0.1401
vn -0.0537 0.9755 -0.2133
vn 0.0988 0.9838 -0.1495
vn -0.1025 0.9894 -0.1032
vn -0.0782 0.9842 -0.1585
vn 0.5779 0.8112 0.0898
vn 0.3089 0.9509 0.0173
vn 0.3302 0.9430 -0.0422
vn 0.5308 0.8245 0.1961
vn 0.2790 0.9575 0.0733
vn 0.0479 0.9982 -0.0348
vn 0.3955 0.8629 -0.3145
vn 0.4655 0.8799 0.0957
vn 0.5106 0.8468 -0.1493
vn 0.1166 0.9421 0.3145
vn 0.3136 0.9026 0.2947
vn 0.0659 0.9932 -0.0957
vn 0.2071 0.9329 -0.2947
vn 0.0102 0.9887 0.1493
vn 0.2996 0.9370 0.1796
vn 0.1027 0.9351 0.3393
vn 0.4200 0.9028 -0.0920
vn 0.1167 0.9889 0.0920
vn 0.2371 0.9547 -0.1796
vn 0.4036 0.8497 -0.3393
vn 0.2734 0.9619 0.0003
vn 0.2240 0.9278 0.2984
vn 0.1549 0.9574 0.2436
vn 0.4550 0.8623 -0.2224
vn 0.3639 0.9304 0.0443
vn 0.0680 0.9728 0.2212
vn 0.2973 0.9078 -0.2958
vn 0.3709 0.8962 -0.2435
vn 0.1883 0.9580 -0.2163
vn 0.2555 0.9617 -0.0989
vn 0.2899 0.9499 0.1167
vn 0.2704 0.9347 -0.2306
vn 0.2604 0.9376 0.2305
vn 0.2729 0.9620 -0.0002
vn 0.3144 0.9493 -0.0073
vn 0.3432 0.9141 0.2160
vn 0.2310 0.9729 0.0073
vn 0.3641 0.9312 -0.0149
vn 0.2522 0.9607 -0.1159
vn -0.0259 0.9881 -0.1518
vn 0.2629 0.9633 -0.0541
vn 0.2697 0.9629 0.0006
vn 0.4788 0.8437 -0.2428
vn 0.2761 0.9611 -0.0006
vn 0.2790 0.9587 0.0546
vn 0.0356 0.9694 0.2428
vn 0.5409 0.8273 0.1518
vn 0.1350 0.9906 0.0221
vn 0.4053 0.9139 -0.0221
vn 0.1427 0.9853 -0.0940
vn 0.3791 0.9109 -0.1631
vn 0.2500 0.9346 -0.2530
vn 0.3963 0.9133 0.0936
vn 0.4986 0.8641 -0.0692
vn 0.2233 0.9721 0.0719
vn 0.0948 0.9952 -0.0244
vn 0.3473 0.9235 0.1627
vn 0.1425 0.9853 -0.0938
vn 0.3961 0.9134 0.0938
vn 0.4847 0.8741 -0.0321
vn 0.4016 0.9106 0.0980
vn 0.2229 0.9484 -0.2257
vn 0.3589 0.9242 -0.1307
vn 0.3083 0.9241 0.2257
vn 0.0465 0.9984 0.0321
vn 0.1364 0.9858 -0.0980
vn 0.1724 0.9823 -0.0727
vn 0.3666 0.9193 -0.1431
vn 0.2669 0.9397 -0.2136
vn 0.1708 0.9749 0.1431
vn 0.0726 0.9949 0.0703
vn 0.3691 0.9265 0.0727
vn 0.4607 0.8848 -0.0703
vn 0.3603 0.9327 -0.0150
vn 0.3106 0.9390 -0.1476
vn 0.1922 0.9813 0.0140
vn 0.3549 0.9265 0.1255
vn 0.2529 0.9675 0.0035
vn 0.2444 0.9662 0.0819
vn 0.1558 0.9796 0.1266
vn 0.1221 0.9892 -0.0811
vn 0.1238 0.9921 0.0200
vn 0.1593 0.9870 0.0196
vn 0.0955 0.9799 0.1751
vn -0.0062 0.9620 0.2728
vn 0.0934 0.9853 0.1428
vn 0.0889 0.9351 0.3432
vn 0.0414 0.9503 0.3086
vn 0.4006 0.8615 -0.3121
vn 0.2958 0.9547 -0.0337
vn 0.2430 0.9677 -0.0671
vn 0.4923 0.8354 -0.2443
vn 0.3427 0.9394 0.0066
vn 0.1924 0.9572 0.2160
vn -0.0154 0.9795 -0.2007
vn 0.3932 0.9004 -0.1863
vn 0.1656 0.9446 -0.2832
vn 0.5275 0.8255 0.2007
vn 0.5489 0.8359 0.0002
vn 0.1382 0.9727 0.1863
vn -0.0281 0.9996 -0.0002
vn 0.3551 0.8909 0.2832
vn 0.4440 0.8961 0.0014
vn 0.5460 0.8093 0.2166
vn 0.2095 0.9626 -0.1720
vn 0.3272 0.9292 0.1720
vn 0.0927 0.9957 -0.0014
vn -0.0397 0.9755 -0.2166
vn 0.2733 0.9619 -0.0005
vn 0.5357 0.8393 0.0923
vn 0.4732 0.8671 0.1555
vn 0.0861 0.9669 -0.2401
vn 0.3305 0.9399 -0.0863
vn 0.4340 0.8690 0.2377
vn -0.0123 0.9956 -0.0924
vn 0.0528 0.9864 -0.1554
vn 0.0507 0.9970 -0.0579
vn 0.1843 0.9819 -0.0430
vn 0.3739 0.9261 0.0507
vn 0.0864 0.9869 -0.1361
vn 0.4445 0.8854 0.1364
vn 0.2728 0.9621 -0.0001
vn 0.2908 0.9560 -0.0397
vn 0.4804 0.8752 0.0576
vn 0.2546 0.9662 0.0397
vn 0.3129 0.9458 -0.0874
vn 0.1688 0.9844 -0.0503
vn -0.0245 0.9877 0.1546
vn 0.2244 0.9742 -0.0228
vn 0.2716 0.9624 0.0031
vn 0.1925 0.9249 -0.3279
vn 0.2743 0.9616 -0.0030
vn 0.3193 0.9473 0.0257
vn 0.3218 0.8882 0.3279
vn 0.5395 0.8277 -0.1546
vn 0.2102 0.9693 0.1278
vn 0.3301 0.9353 -0.1278
vn 0.1227 0.9910 0.0541
vn 0.2026 0.9609 -0.1886
vn 0.0564 0.9895 -0.1329
vn 0.4158 0.9078 -0.0546
vn 0.3438 0.9080 -0.2395
vn 0.3001 0.9503 0.0823
vn 0.1499 0.9795 0.1344
vn 0.4418 0.8967 0.0256
vn 0.1228 0.9909 0.0544
vn 0.4159 0.9078 -0.0544
vn 0.3658 0.9078 -0.2051
vn 0.4222 0.9047 -0.0569
vn 0.0631 0.9937 -0.0928
vn 0.2175 0.9643 -0.1511
vn 0.4681 0.8788 0.0928
vn 0.1655 0.9646 0.2051
vn 0.1158 0.9916 0.0569
vn 0.1571 0.9867 0.0422
vn 0.2119 0.9632 -0.1653
vn 0.0983 0.9876 -0.1225
vn 0.3255 0.9310 0.1653
vn 0.2110 0.9556 0.2056
vn 0.3845 0.9222 -0.0422
vn 0.3222 0.9241 -0.2056
vn 0.3106 0.9468 -0.0841
vn 0.1767 0.9770 -0.1193
vn 0.2373 0.9685 0.0760
vn 0.4175 0.9087 -0.0007
vn 0.2642 0.9643 0.0190
vn 0.3208 0.9445 0.0703
vn 0.3040 0.9376 0.1688
vn 0.1209 0.9895 0.0786
vn 0.2019 0.9699 0.1358
vn 0.2225 0.9691 0.1064
vn 0.3058 0.9202 0.2442
vn 0.3194 0.8697 0.3764
vn 0.2797 0.9325 0.2286
vn 0.4293 0.8385 0.3356
vn 0.3751 0.8556 0.3567
vn 0.0926 0.9488 -0.3019
vn 0.2593 0.9650 -0.0390
vn 0.2026 0.9792 -0.0135
vn 0.1986 0.9188 -0.3412
vn 0.3178 0.9465 -0.0563
vn 0.3941 0.9000 0.1861
vn -0.0577 0.9915 0.1164
vn 0.1917 0.9575 -0.2154
vn -0.0173 0.9965 -0.0814
vn 0.5698 0.8135 -0.1164
vn 0.4257 0.8709 -0.2458
vn 0.3397 0.9156 0.2154
vn 0.0951 0.9647 0.2457
vn 0.5380 0.8390 0.0814
vn 0.3700 0.9170 -0.1489
vn 0.5917 0.7963 -0.1256
vn 0.0990 0.9939 -0.0483
vn 0.4377 0.8978 0.0483
vn 0.1667 0.9747 0.1489
vn -0.0853 0.9884 0.1256
vn 0.2728 0.9621 -0.0006
vn 0.4908 0.8521 -0.1819
vn 0.5060 0.8578 -0.0902
vn -0.0288 0.9995 0.0110
vn 0.2371 0.9663 -0.0997
vn 0.5473 0.8369 -0.0118
vn 0.0314 0.9832 0.1796
vn 0.0200 0.9957 0.0901
vn 0.4491 0.8840 -0.1296
vn 0.3369 0.9389 0.0697
vn 0.3094 0.9501 -0.0395
vn 0.1876 0.9822 0.0002
vn 0.2630 0.9268 0.2683
vn 0.1748 0.9425 0.2847
vn 0.2718 0.9624 -0.0031
vn 0.1952 0.9801 -0.0365
vn 0.2588 0.9486 -0.1821
vn 0.5779 0.8111 0.0898
vn 0.3710 0.8962 -0.2435
vn 0.2605 0.9376 0.2305
vn 0.3431 0.9141 0.2160
vn 0.2232 0.9721 0.0717
vn 0.3475 0.9235 0.1625
vn 0.4440 0.8960 0.0014
vn 0.4445 0.8853 0.1364
vn 0.3128 0.9458 -0.0873
vn 0.2716 0.9624 0.0030
vn 0.1497 0.9796 0.1340
vn 0.4294 0.8385 0.3356
vn 0.3751 0.8556 0.3566
vn 0.0951 0.9647 0.2458
vn 0.3377 0.8791 -0.3363
vn 0.2740 0.9338 -0.2303
vn 0.1087 0.9892 -0.0982
vn 0.3919 0.8798 -0.2689
vn -0.0040 0.9980 -0.0637
vn 0.1995 0.9649 -0.1708
vn 0.2267 0.9644 -0.1362
vn 0.0506 0.9987 0.0043
vn 0.1717 0.9636 -0.2048
vn 0.2583 0.9615 -0.0932
vn 0.2866 0.9274 -0.2403
vn 0.1718 0.8560 -0.4875
vn 0.2400 0.9490 -0.2042
vn 0.1973 0.9649 -0.1733
vn 0.5070 0.8588 -0.0734
vn 0.2015 0.9650 -0.1681
vn 0.1561 0.9779 -0.1392
vn -0.1312 0.9598 -0.2483
vn 0.2044 0.9648 0.1654
vn 0.1994 0.9649 -0.1707
vn 0.1095 0.9535 -0.2808
vn 0.2852 0.9568 -0.0571
vn 0.2116 0.9212 -0.3265
vn 0.3907 0.9095 -0.1421
vn 0.4001 0.8676 -0.2953
vn 0.1824 0.9832 -0.0103
vn 0.3714 0.9283 0.0146
vn 0.1134 0.9769 -0.1810
vn 0.1280 0.9331 -0.3360
vn 0.0985 0.9949 -0.0210
vn 0.2114 0.9212 -0.3265
vn 0.1821 0.9832 -0.0103
vn 0.3333 0.9427 0.0169
vn 0.1812 0.9834 -0.0029
vn 0.3635 0.8787 -0.3095
vn 0.3533 0.9237 -0.1484
vn 0.0246 0.9994 -0.0227
vn 0.0548 0.9355 -0.3492
vn 0.2118 0.9186 -0.3335
vn 0.2091 0.9333 -0.2920
vn 0.3676 0.9185 -0.1460
vn 0.3759 0.8877 -0.2657
vn 0.0250 0.9815 -0.1901
vn 0.0359 0.9503 -0.3094
vn 0.1865 0.9814 -0.0467
vn 0.3536 0.9351 -0.0241
vn 0.2565 0.9617 -0.0969
vn 0.3430 0.9177 -0.2003
vn 0.1460 0.9608 -0.2357
vn 0.1342 0.9904 -0.0334
vn 0.1862 0.9645 -0.1871
vn 0.1151 0.9809 -0.1568
vn 0.0313 0.9769 -0.2114
vn 0.1901 0.9216 -0.3383
vn 0.1055 0.9508 -0.2912
vn 0.1242 0.9572 -0.2614
vn -0.0416 0.9707 -0.2367
vn -0.1792 0.9476 -0.2644
vn -0.0150 0.9667 -0.2555
vn -0.1901 0.9709 -0.1458
vn -0.1850 0.9610 -0.2055
vn 0.5255 0.8327 -0.1745
vn 0.2396 0.9567 -0.1654
vn 0.2408 0.9435 -0.2277
vn 0.5149 0.8551 -0.0601
vn 0.2293 0.9679 -0.1034
vn -0.0265 0.9909 -0.1320
vn 0.2183 0.8389 -0.4986
vn 0.4172 0.8983 -0.1375
vn 0.3817 0.8426 -0.3800
vn 0.1557 0.9716 0.1783
vn 0.3376 0.9362 0.0979
vn -0.0290 0.9804 -0.1948
vn 0.0428 0.9049 -0.4235
vn -0.0014 0.9985 0.0543
vn 0.2847 0.9586 -0.0086
vn 0.1512 0.9666 0.2068
vn 0.3117 0.9013 -0.3008
vn 0.0804 0.9962 -0.0348
vn 0.1074 0.9389 -0.3271
vn 0.2187 0.8235 -0.5235
vn 0.2000 0.9648 -0.1706
vn 0.2528 0.9589 0.1289
vn 0.1678 0.9810 0.0978
vn 0.3045 0.8491 -0.4316
vn 0.3016 0.9405 -0.1564
vn 0.0776 0.9915 0.1042
vn 0.1291 0.8825 -0.4523
vn 0.2163 0.8783 -0.4265
vn 0.3976 0.8807 -0.2576
vn 0.2934 0.9365 -0.1920
vn 0.0859 0.9859 -0.1434
vn 0.4195 0.8908 -0.1745
vn -0.0314 0.9869 -0.1580
vn 0.1996 0.9649 -0.1707
vn 0.2103 0.9692 -0.1283
vn -0.0093 0.9972 -0.0743
vn 0.1881 0.9588 -0.2127
vn 0.2218 0.9721 -0.0762
vn 0.3093 0.9307 -0.1954
vn 0.3091 0.8326 -0.4595
vn 0.2509 0.9505 -0.1834
vn 0.1985 0.9645 -0.1739
vn 0.4460 0.8936 0.0517
vn 0.2002 0.9653 -0.1675
vn 0.1464 0.9761 -0.1606
vn -0.0702 0.9250 -0.3734
vn 0.0671 0.9882 0.1375
vn 0.1628 0.9381 -0.3058
vn 0.2318 0.9722 -0.0321
vn 0.2763 0.9119 -0.3034
vn 0.3652 0.9288 -0.0625
vn 0.4384 0.8776 -0.1941
vn 0.1176 0.9925 -0.0332
vn 0.2828 0.9566 0.0707
vn 0.1245 0.9685 -0.2157
vn 0.2028 0.9157 -0.3470
vn 0.0451 0.9960 -0.0775
vn 0.2761 0.9119 -0.3035
vn 0.1174 0.9925 -0.0334
vn 0.2463 0.9676 0.0561
vn 0.1135 0.9932 -0.0270
vn 0.4101 0.8844 -0.2228
vn 0.3329 0.9392 -0.0846
vn -0.0221 0.9938 -0.1094
vn 0.1418 0.9106 -0.3883
vn 0.2795 0.9089 -0.3095
vn 0.2594 0.9261 -0.2741
vn 0.3452 0.9354 -0.0762
vn 0.4032 0.8975 -0.1788
vn 0.0474 0.9645 -0.2599
vn 0.1076 0.9263 -0.3611
vn 0.1362 0.9886 -0.0646
vn 0.2819 0.9590 0.0276
vn 0.2216 0.9718 -0.0803
vn 0.3449 0.9288 -0.1354
vn 0.1774 0.9516 -0.2508
vn 0.0827 0.9938 -0.0743
vn 0.1940 0.9623 -0.1909
vn 0.1161 0.9742 -0.1934
vn 0.0620 0.9591 -0.2763
vn 0.2614 0.9096 -0.3228
vn 0.1636 0.9343 -0.3167
vn 0.1682 0.9444 -0.2826
vn 0.0062 0.9447 -0.3280
vn -0.1067 0.9076 -0.4060
vn 0.0383 0.9418 -0.3340
vn -0.1662 0.9378 -0.3047
vn -0.1367 0.9244 -0.3561
vn 0.5054 0.8624 -0.0304
vn 0.2343 0.9607 -0.1489
vn 0.2615 0.9434 -0.2039
vn 0.4480 0.8915 0.0673
vn 0.1991 0.9751 -0.0977
vn -0.0237 0.9732 -0.2286
vn 0.3569 0.8190 -0.4493
vn 0.3881 0.9204 -0.0466
vn 0.4575 0.8453 -0.2761
vn 0.0172 0.9915 0.1290
vn 0.2176 0.9671 0.1321
vn 0.0001 0.9583 -0.2858
vn 0.1628 0.8740 -0.4578
vn -0.0771 0.9958 -0.0495
vn 0.2115 0.9773 0.0118
vn 0.0017 0.9881 0.1536
vn 0.3582 0.9028 -0.2379
vn 0.0339 0.9946 -0.0977
vn 0.1806 0.9201 -0.3474
vn 0.3682 0.8020 -0.4703
vn 0.1999 0.9649 -0.1703
vn 0.1264 0.9842 0.1242
vn 0.0605 0.9964 0.0596
vn 0.4077 0.8413 -0.3548
vn 0.2881 0.9508 -0.1143
vn -0.0250 0.9993 0.0282
vn 0.2544 0.8575 -0.4472
vn 0.3236 0.8628 -0.3883
vn 0.1351 0.9119 -0.3875
vn 0.1910 0.9441 -0.2686
vn 0.2066 0.9770 -0.0529
vn 0.2197 0.8938 -0.3909
vn 0.1680 0.9841 0.0586
vn 0.1994 0.9649 -0.1709
vn 0.2421 0.9548 -0.1722
vn 0.2532 0.9659 0.0552
vn 0.1562 0.9732 -0.1688
vn 0.2936 0.9403 -0.1724
vn 0.1894 0.9395 -0.2853
vn -0.0856 0.9342 -0.3463
vn 0.1942 0.9549 -0.2245
vn 0.1961 0.9656 -0.1705
vn 0.4346 0.8214 -0.3693
vn 0.2027 0.9642 -0.1708
vn 0.2008 0.9727 -0.1162
vn -0.0588 0.9971 0.0476
vn 0.4618 0.8867 0.0243
vn 0.0583 0.9846 -0.1650
vn 0.3364 0.9257 -0.1730
vn 0.0768 0.9579 -0.2768
vn 0.3233 0.8933 -0.3121
vn 0.2015 0.8876 -0.4142
vn 0.3171 0.9465 -0.0605
vn 0.4370 0.8764 -0.2021
vn 0.1428 0.9840 -0.1068
vn 0.0218 0.9766 -0.2139
vn 0.2616 0.9652 0.0013
vn 0.0766 0.9579 -0.2766
vn 0.3169 0.9465 -0.0603
vn 0.4192 0.8921 -0.1689
vn 0.3221 0.9451 -0.0551
vn 0.1711 0.9038 -0.3923
vn 0.2994 0.9107 -0.2846
vn 0.2169 0.9743 0.0600
vn -0.0311 0.9861 -0.1633
vn 0.0709 0.9570 -0.2813
vn 0.1046 0.9617 -0.2533
vn 0.3085 0.9043 -0.2951
vn 0.2144 0.9017 -0.3755
vn 0.0840 0.9956 -0.0410
vn -0.0084 0.9923 -0.1233
vn 0.2910 0.9529 -0.0854
vn 0.3979 0.8930 -0.2102
vn 0.2897 0.9413 -0.1731
vn 0.2518 0.9176 -0.3076
vn 0.1165 0.9791 -0.1668
vn 0.2721 0.9616 -0.0349
vn 0.1788 0.9691 -0.1698
vn 0.1633 0.9821 -0.0936
vn 0.0703 0.9958 -0.0591
vn 0.0549 0.9623 -0.2665
vn 0.0472 0.9846 -0.1682
vn 0.0829 0.9828 -0.1649
vn 0.0060 0.9998 -0.0163
vn -0.1025 0.9919 0.0753
vn 0.0064 0.9988 -0.0490
vn -0.0124 0.9876 0.1564
vn -0.0576 0.9916 0.1161
vn 0.3619 0.8184 -0.4463
vn 0.2257 0.9533 -0.2005
vn 0.1753 0.9549 -0.2396
vn 0.4488 0.8143 -0.3681
vn 0.2698 0.9504 -0.1545
vn 0.1002 0.9943 0.0354
vn -0.0701 0.9174 -0.3917
vn 0.3403 0.8799 -0.3317
vn 0.1197 0.8840 -0.4520
vn 0.4442 0.8931 0.0714
vn 0.4828 0.8668 -0.1251
vn 0.0479 0.9989 -0.0007
vn -0.1024 0.9743 -0.2006
vn 0.2607 0.9571 0.1263
vn 0.3740 0.9162 -0.1436
vn 0.4624 0.8819 0.0915
vn 0.1519 0.9268 -0.3436
vn 0.2402 0.9707 0.0079
vn 0.0180 0.9812 -0.1921
vn -0.0925 0.9082 -0.4082
vn 0.1998 0.9648 -0.1711
vn 0.4611 0.8866 -0.0367
vn 0.3913 0.9201 0.0150
vn 0.0352 0.9068 -0.4202
vn 0.2660 0.9320 -0.2464
vn 0.3448 0.9342 0.0920
vn -0.0781 0.9542 -0.2888
vn -0.0070 0.9390 -0.3437
vn -0.0187 0.9679 -0.2507
vn 0.1137 0.9681 -0.2232
vn 0.2978 0.9487 -0.1065
vn 0.0246 0.9463 -0.3225
vn 0.3631 0.9317 -0.0095
vn 0.1992 0.9650 -0.1708
vn 0.2211 0.9530 -0.2070
vn 0.4067 0.9099 -0.0818
vn 0.1772 0.9750 -0.1341
vn 0.2481 0.9360 -0.2499
vn 0.0989 0.9677 -0.2320
vn -0.1119 0.9926 -0.0467
vn 0.1523 0.9681 -0.1990
vn 0.1977 0.9658 -0.1679
vn 0.1519 0.8585 -0.4897
vn 0.2010 0.9641 -0.1735
vn 0.2442 0.9597 -0.1392
vn 0.2238 0.9600 0.1680
vn 0.4881 0.8282 -0.2754
vn 0.1250 0.9908 -0.0518
vn 0.2697 0.9195 -0.2861
vn 0.0431 0.9900 -0.1346
vn 0.1467 0.9214 -0.3600
vn -0.0057 0.9467 -0.3220
vn 0.3503 0.9144 -0.2027
vn 0.2954 0.8727 -0.3888
vn 0.2198 0.9717 -0.0859
vn 0.0636 0.9966 -0.0524
vn 0.3696 0.9214 -0.1202
vn 0.0432 0.9900 -0.1344
vn 0.3503 0.9145 -0.2025
vn 0.3141 0.8811 -0.3535
vn 0.3571 0.9116 -0.2038
vn -0.0029 0.9590 -0.2832
vn 0.1578 0.9332 -0.3229
vn 0.3910 0.9191 -0.0490
vn 0.0739 0.9970 0.0213
vn 0.0359 0.9905 -0.1326
vn 0.0787 0.9866 -0.1429
vn 0.1536 0.9289 -0.3370
vn 0.0351 0.9506 -0.3084
vn 0.2389 0.9710 0.0010
vn 0.1198 0.9924 0.0270
vn 0.3169 0.9280 -0.1958
vn 0.2697 0.8929 -0.3605
vn 0.2455 0.9374 -0.2470
vn 0.1134 0.9480 -0.2974
vn 0.1567 0.9825 -0.1003
vn 0.3469 0.9258 -0.1501
vn 0.1888 0.9700 -0.1532
vn 0.2418 0.9657 -0.0949
vn 0.2168 0.9762 0.0014
vn 0.0392 0.9931 -0.1106
vn 0.1160 0.9922 -0.0448
vn 0.1392 0.9877 -0.0718
vn 0.2131 0.9739 0.0787
vn 0.2184 0.9510 0.2189
vn 0.1876 0.9805 0.0591
vn 0.3336 0.9227 0.1934
vn 0.2765 0.9385 0.2065
vn 0.0485 0.8778 -0.4765
vn 0.1891 0.9591 -0.2104
vn 0.1295 0.9727 -0.1925
vn 0.1596 0.8505 -0.5011
vn 0.2502 0.9430 -0.2193
vn 0.3075 0.9510 0.0325
vn -0.1417 0.9861 -0.0872
vn 0.1385 0.9119 -0.3863
vn -0.0841 0.9567 -0.2786
vn 0.5158 0.8244 -0.2330
vn 0.3801 0.8426 -0.3815
vn 0.2496 0.9668 0.0540
vn 0.0003 0.9984 0.0558
vn 0.4645 0.8843 -0.0471
vn 0.3126 0.9013 -0.3001
vn 0.5396 0.8079 -0.2370
vn 0.0286 0.9711 -0.2371
vn 0.3634 0.9264 -0.0985
vn 0.0795 0.9962 -0.0356
vn -0.1697 0.9823 -0.0797
vn 0.1993 0.9649 -0.1713
vn 0.4404 0.8424 -0.3105
vn 0.4467 0.8670 -0.2209
vn -0.1041 0.9763 -0.1897
vn 0.1725 0.9468 -0.2717
vn 0.4822 0.8653 -0.1370
vn -0.0583 0.9982 -0.0173
vn -0.0625 0.9922 -0.1080
vn 0.2740 0.9337 -0.2303
vn 0.2583 0.9615 -0.0933
vn -0.1313 0.9598 -0.2483
vn 0.1276 0.9332 -0.3360
vn 0.0988 0.9949 -0.0209
vn 0.2114 0.9212 -0.3266
vn 0.1242 0.9572 -0.2613
vn 0.3818 0.8425 -0.3800
vn 0.2847 0.9586 -0.0085
vn 0.2187 0.8235 -0.5234
vn 0.3045 0.8491 -0.4317
vn 0.2163 0.8782 -0.4265
vn -0.0094 0.9972 -0.0743
vn 0.2218 0.9721 -0.0761
vn 0.1628 0.9380 -0.3058
vn 0.4383 0.8776 -0.1941
vn 0.1239 0.9686 -0.2156
vn 0.2027 0.9157 -0.3470
vn 0.0621 0.9591 -0.2764
vn 0.2615 0.9096 -0.3228
vn 0.0062 0.9447 -0.3279
vn -0.1662 0.9378 -0.3048
vn 0.3881 0.9205 -0.0466
vn 0.4574 0.8453 -0.2761
vn 0.4077 0.8414 -0.3548
vn 0.1894 0.9396 -0.2853
vn 0.1942 0.9549 -0.2246
vn 0.3171 0.9465 -0.0604
vn 0.2614 0.9652 0.0015
vn 0.1046 0.9617 -0.2532
vn 0.0064 0.9988 -0.0491
vn 0.4487 0.8143 -0.3681
vn -0.0702 0.9174 -0.3917
vn 0.4828 0.8668 -0.1250
vn -0.0070 0.9390 -0.3438
vn 0.2202 0.9717 -0.0857
vn 0.0637 0.9966 -0.0521
vn 0.3169 0.9280 -0.1957
vn 0.2698 0.8929 -0.3605
vn 0.3369 0.9390 0.0697
vn 0.1874 0.9823 0.0005
vn 0.1864 0.9692 -0.1612
vn 0.1869 0.9691 0.1612
vn 0.4091 0.9111 -0.0510
vn 0.3691 0.9173 -0.1495
vn 0.1950 0.9801 -0.0364
vn 0.2590 0.9486 -0.1820
vn 0.1292 0.9854 0.1108
vn 0.3371 0.9289 -0.1536
vn 0.2555 0.9617 -0.0990
vn 0.3642 0.9312 -0.0149
vn 0.2232 0.9721 0.0718
vn 0.2229 0.9483 -0.2257
vn 0.1924 0.9573 0.2160
vn 0.3129 0.9458 -0.0873
vn 0.3219 0.8882 0.3279
vn 0.2027 0.9609 -0.1886
vn 0.3004 0.9502 0.0824
vn 0.2026 0.9792 -0.0136
vn 0.4257 0.8709 -0.2457
vn 0.1875 0.9823 0.0003
vn 0.3622 0.9315 -0.0347
vn 0.2232 0.9722 0.0712
vn 0.0944 0.9952 -0.0239
vn 0.3962 0.9134 0.0938
vn 0.1238 0.9921 0.0199
vn 0.2743 0.9616 -0.0031
vn 0.4420 0.8967 0.0261
vn 0.3194 0.8696 0.3764
vn -0.1115 0.9919 -0.0606
vn 0.4274 0.8704 0.2445
vn 0.3028 0.9486 0.0918
vn 0.1951 0.9801 -0.0364
vn 0.1883 0.9580 -0.2162
vn 0.3471 0.9236 0.1630
vn 0.2669 0.9398 -0.2136
vn 0.4439 0.8961 0.0014
vn 0.1688 0.9844 -0.0504
vn 0.4419 0.8967 0.0259
vn 0.2371 0.9663 -0.0998
vn 0.3973 0.7360 -0.5482
vn 0.3515 0.8197 -0.4523
vn 0.2082 0.9231 -0.3234
vn 0.4579 0.7438 -0.4869
vn 0.1013 0.9537 -0.2831
vn 0.2876 0.8722 -0.3956
vn 0.3180 0.8754 -0.3640
vn 0.1624 0.9616 -0.2214
vn 0.2564 0.8675 -0.4263
vn 0.3534 0.8776 -0.3240
vn 0.3622 0.8098 -0.4616
vn 0.2150 0.7037 -0.6772
vn 0.3223 0.8445 -0.4277
vn 0.2851 0.8720 -0.3979
vn 0.5897 0.7494 -0.3012
vn 0.2898 0.8726 -0.3932
vn 0.2495 0.8972 -0.3644
vn -0.0480 0.8946 -0.4442
vn 0.3274 0.9423 -0.0692
vn 0.2874 0.8723 -0.3955
vn 0.1859 0.8499 -0.4930
vn 0.3832 0.8770 -0.2900
vn 0.2784 0.7955 -0.5382
vn 0.4733 0.7993 -0.3702
vn 0.4619 0.7253 -0.5106
vn 0.2894 0.9260 -0.2424
vn 0.4727 0.8532 -0.2206
vn 0.2027 0.8931 -0.4016
vn 0.1957 0.8162 -0.5436
vn 0.2070 0.9462 -0.2488
vn 0.2781 0.7956 -0.5382
vn 0.2892 0.9261 -0.2424
vn 0.4368 0.8726 -0.2186
vn 0.2891 0.9280 -0.2352
vn 0.4255 0.7379 -0.5240
vn 0.4373 0.8167 -0.3766
vn 0.1340 0.9600 -0.2459
vn 0.1226 0.8253 -0.5513
vn 0.2775 0.7915 -0.5445
vn 0.2809 0.8148 -0.5071
vn 0.4510 0.8103 -0.3742
vn 0.4434 0.7542 -0.4844
vn 0.1149 0.9073 -0.4045
vn 0.1098 0.8505 -0.5144
vn 0.2894 0.9160 -0.2777
vn 0.4518 0.8539 -0.2584
vn 0.3512 0.8771 -0.3275
vn 0.4210 0.8014 -0.4249
vn 0.2275 0.8617 -0.4536
vn 0.2402 0.9345 -0.2627
vn 0.2726 0.8702 -0.4103
vn 0.2074 0.9018 -0.3791
vn 0.1184 0.8975 -0.4248
vn 0.2559 0.7963 -0.5481
vn 0.1805 0.8456 -0.5023
vn 0.2029 0.8557 -0.4761
vn 0.0430 0.8958 -0.4423
vn -0.0983 0.8858 -0.4535
vn 0.0669 0.8845 -0.4617
vn -0.0942 0.9348 -0.3425
vn -0.0964 0.9120 -0.3987
vn 0.5945 0.7004 -0.3951
vn 0.3268 0.8601 -0.3916
vn 0.3200 0.8341 -0.4494
vn 0.5985 0.7476 -0.2881
vn 0.3243 0.8854 -0.3331
vn 0.0712 0.9354 -0.3463
vn 0.2579 0.6787 -0.6877
vn 0.4987 0.7860 -0.3653
vn 0.4321 0.6856 -0.5859
vn 0.2814 0.9580 -0.0544
vn 0.4488 0.8828 -0.1388
vn 0.0609 0.9124 -0.4048
vn 0.0996 0.7816 -0.6158
vn 0.1163 0.9788 -0.1688
vn 0.3879 0.8891 -0.2431
vn 0.2794 0.9599 -0.0253
vn 0.3777 0.7684 -0.5166
vn 0.1875 0.9469 -0.2612
vn 0.1773 0.8263 -0.5346
vn 0.2539 0.6584 -0.7085
vn 0.2880 0.8722 -0.3954
vn 0.3707 0.9225 -0.1071
vn 0.2861 0.9486 -0.1357
vn 0.3512 0.6912 -0.6316
vn 0.3872 0.8381 -0.3842
vn 0.1987 0.9721 -0.1249
vn 0.1794 0.7424 -0.6455
vn 0.2678 0.7322 -0.6262
vn 0.4648 0.7462 -0.4766
vn 0.3749 0.8279 -0.4172
vn 0.1805 0.9134 -0.3649
vn 0.4962 0.7706 -0.3998
vn 0.0632 0.9268 -0.3702
vn 0.3031 0.8839 -0.3561
vn 0.0948 0.9514 -0.2928
vn 0.2712 0.8590 -0.4342
vn 0.3203 0.8962 -0.3069
vn 0.3897 0.8194 -0.4205
vn 0.3509 0.6688 -0.6554
vn 0.3354 0.8488 -0.4086
vn 0.2862 0.8714 -0.3985
vn 0.5463 0.8174 -0.1826
vn 0.2887 0.8733 -0.3925
vn 0.2374 0.8922 -0.3841
vn -0.0046 0.8266 -0.5628
vn 0.1915 0.9773 -0.0909
vn 0.2342 0.8226 -0.5181
vn 0.3348 0.9043 -0.2649
vn 0.3437 0.7828 -0.5187
vn 0.4585 0.8382 -0.2952
vn 0.5114 0.7512 -0.4174
vn 0.2241 0.9388 -0.2617
vn 0.3941 0.9041 -0.1655
vn 0.2088 0.8763 -0.4342
vn 0.2669 0.7870 -0.5562
vn 0.1482 0.9424 -0.2999
vn 0.3435 0.7829 -0.5188
vn 0.2238 0.9388 -0.2618
vn 0.3577 0.9164 -0.1793
vn 0.2208 0.9413 -0.2555
vn 0.4812 0.7555 -0.4446
vn 0.4255 0.8479 -0.3164
vn 0.0782 0.9424 -0.3252
vn 0.2017 0.7814 -0.5905
vn 0.3458 0.7782 -0.5242
vn 0.3316 0.8049 -0.4921
vn 0.4381 0.8444 -0.3084
vn 0.4804 0.7783 -0.4042
vn 0.1279 0.8732 -0.4703
vn 0.1726 0.8069 -0.5649
vn 0.2388 0.9259 -0.2927
vn 0.3890 0.8974 -0.2079
vn 0.3196 0.8951 -0.3109
vn 0.4309 0.8255 -0.3645
vn 0.2559 0.8454 -0.4688
vn 0.1854 0.9360 -0.2992
vn 0.2797 0.8662 -0.4141
vn 0.2038 0.8875 -0.4132
vn 0.1401 0.8625 -0.4863
vn 0.3267 0.7785 -0.5359
vn 0.2334 0.8166 -0.5279
vn 0.2427 0.8329 -0.4973
vn 0.0778 0.8451 -0.5289
vn -0.0460 0.8076 -0.5879
vn 0.1086 0.8368 -0.5367
vn -0.0909 0.8661 -0.4915
vn -0.0686 0.8384 -0.5407
vn 0.5929 0.7621 -0.2600
vn 0.3238 0.8682 -0.3761
vn 0.3429 0.8363 -0.4279
vn 0.5497 0.8185 -0.1671
vn 0.2959 0.8976 -0.3269
vn 0.0619 0.8976 -0.4364
vn 0.3977 0.6514 -0.6461
vn 0.4819 0.8304 -0.2796
vn 0.5181 0.7001 -0.4914
vn 0.1416 0.9853 -0.0960
vn 0.3373 0.9358 -0.1031
vn 0.0778 0.8680 -0.4905
vn 0.2112 0.7286 -0.6516
vn 0.0304 0.9643 -0.2632
vn 0.3198 0.9212 -0.2218
vn 0.1285 0.9892 -0.0702
vn 0.4304 0.7770 -0.4594
vn 0.1348 0.9383 -0.3184
vn 0.2454 0.7942 -0.5559
vn 0.4048 0.6291 -0.6636
vn 0.2880 0.8723 -0.3952
vn 0.2482 0.9627 -0.1076
vn 0.1777 0.9696 -0.1679
vn 0.4603 0.6863 -0.5632
vn 0.3794 0.8587 -0.3445
vn 0.0903 0.9771 -0.1925
vn 0.3009 0.7027 -0.6447
vn 0.3761 0.7111 -0.5940
vn 0.1954 0.7837 -0.5895
vn 0.2666 0.8326 -0.4855
vn 0.3082 0.9078 -0.2843
vn 0.2766 0.7544 -0.5953
vn 0.2824 0.9433 -0.1745
vn 0.2874 0.8722 -0.3957
vn 0.3284 0.8565 -0.3981
vn 0.3642 0.9137 -0.1804
vn 0.2459 0.8864 -0.3922
vn 0.3776 0.8356 -0.3990
vn 0.2628 0.8249 -0.5005
vn -0.0159 0.8432 -0.5374
vn 0.2756 0.8519 -0.4453
vn 0.2843 0.8735 -0.3953
vn 0.4831 0.6604 -0.5749
vn 0.2906 0.8712 -0.3958
vn 0.2954 0.8911 -0.3444
vn 0.0586 0.9836 -0.1705
vn 0.5583 0.8029 -0.2090
vn 0.1508 0.9112 -0.3834
vn 0.4182 0.8157 -0.3996
vn 0.1544 0.8593 -0.4876
vn 0.3872 0.7568 -0.5267
vn 0.2554 0.7458 -0.6152
vn 0.4132 0.8621 -0.2934
vn 0.5091 0.7486 -0.4248
vn 0.2403 0.9117 -0.3333
vn 0.1088 0.8980 -0.4264
vn 0.3669 0.9005 -0.2333
vn 0.1543 0.8594 -0.4874
vn 0.4130 0.8622 -0.2932
vn 0.4967 0.7730 -0.3946
vn 0.4186 0.8612 -0.2883
vn 0.2296 0.7701 -0.5951
vn 0.3683 0.7826 -0.5019
vn 0.3299 0.9277 -0.1747
vn 0.0628 0.9248 -0.3752
vn 0.1480 0.8583 -0.4914
vn 0.1848 0.8643 -0.4677
vn 0.3755 0.7729 -0.5114
vn 0.2738 0.7659 -0.5817
vn 0.1904 0.9446 -0.2673
vn 0.0902 0.9363 -0.3395
vn 0.3855 0.8665 -0.3171
vn 0.4714 0.7681 -0.4333
vn 0.3738 0.8370 -0.3996
vn 0.3197 0.7907 -0.5221
vn 0.2075 0.8978 -0.3885
vn 0.3731 0.8881 -0.2684
vn 0.2676 0.8793 -0.3940
vn 0.2618 0.9100 -0.3216
vn 0.1750 0.9427 -0.2840
vn 0.1344 0.8686 -0.4769
vn 0.1395 0.9120 -0.3857
vn 0.1749 0.9062 -0.3849
vn 0.1163 0.9642 -0.2382
vn 0.0178 0.9901 -0.1391
vn 0.1132 0.9562 -0.2699
vn 0.1148 0.9912 -0.0662
vn 0.0664 0.9925 -0.1028
vn 0.4028 0.6509 -0.6435
vn 0.3090 0.8513 -0.4240
vn 0.2554 0.8513 -0.4584
vn 0.4964 0.6519 -0.5733
vn 0.3570 0.8524 -0.3821
vn 0.2142 0.9573 -0.1941
vn -0.0073 0.8153 -0.5789
vn 0.4004 0.7374 -0.5440
vn 0.1703 0.7451 -0.6448
vn 0.5466 0.8214 -0.1632
vn 0.5613 0.7494 -0.3513
vn 0.1593 0.9610 -0.2261
vn -0.0128 0.9150 -0.4034
vn 0.3782 0.9192 -0.1098
vn 0.4574 0.8078 -0.3719
vn 0.5654 0.8124 -0.1426
vn 0.2182 0.8052 -0.5514
vn 0.3470 0.9101 -0.2263
vn 0.1078 0.9075 -0.4059
vn -0.0321 0.8059 -0.5912
vn 0.2878 0.8720 -0.3959
vn 0.5513 0.7901 -0.2681
vn 0.4914 0.8427 -0.2200
vn 0.0926 0.7851 -0.6124
vn 0.3417 0.8156 -0.4669
vn 0.4551 0.8786 -0.1446
vn -0.0002 0.8737 -0.4865
vn 0.0625 0.8380 -0.5420
vn 0.0640 0.8871 -0.4571
vn 0.1977 0.8756 -0.4406
vn 0.3895 0.8571 -0.3372
vn 0.0968 0.8453 -0.5254
vn 0.4623 0.8524 -0.2441
vn 0.2873 0.8723 -0.3956
vn 0.3038 0.8502 -0.4298
vn 0.4954 0.8103 -0.3130
vn 0.2705 0.8927 -0.3604
vn 0.3241 0.8211 -0.4699
vn 0.1820 0.8753 -0.4480
vn -0.0041 0.9664 -0.2571
vn 0.2383 0.8756 -0.4201
vn 0.2862 0.8739 -0.3929
vn 0.1954 0.7083 -0.6783
vn 0.2887 0.8707 -0.3982
vn 0.3344 0.8679 -0.3672
vn 0.3464 0.9357 -0.0671
vn 0.5465 0.6797 -0.4893
vn 0.2292 0.9322 -0.2800
vn 0.3398 0.7947 -0.5030
vn 0.1396 0.9248 -0.3540
vn 0.2108 0.7972 -0.5657
vn 0.0670 0.8499 -0.5227
vn 0.4275 0.7967 -0.4271
vn 0.3492 0.7243 -0.5945
vn 0.3173 0.8941 -0.3162
vn 0.1691 0.9459 -0.2770
vn 0.4562 0.8183 -0.3495
vn 0.1397 0.9249 -0.3537
vn 0.4276 0.7968 -0.4269
vn 0.3724 0.7374 -0.5635
vn 0.4338 0.7928 -0.4281
vn 0.0751 0.8696 -0.4880
vn 0.2269 0.8150 -0.5332
vn 0.4843 0.8282 -0.2819
vn 0.1871 0.9604 -0.2063
vn 0.1328 0.9267 -0.3516
vn 0.1735 0.9151 -0.3640
vn 0.2208 0.8084 -0.5457
vn 0.1092 0.8511 -0.5135
vn 0.3451 0.9092 -0.2331
vn 0.2325 0.9511 -0.2034
vn 0.3968 0.8158 -0.4208
vn 0.3291 0.7533 -0.5694
vn 0.3220 0.8234 -0.4672
vn 0.1874 0.8405 -0.5083
vn 0.2545 0.9098 -0.3278
vn 0.4310 0.8192 -0.3783
vn 0.2794 0.8823 -0.3788
vn 0.3374 0.8834 -0.3253
vn 0.3238 0.9172 -0.2321
vn 0.1386 0.9334 -0.3310
vn 0.2213 0.9363 -0.2728
vn 0.2408 0.9231 -0.2998
vn 0.3280 0.9317 -0.1562
vn 0.3453 0.9384 -0.0152
vn 0.3015 0.9373 -0.1747
vn 0.4533 0.8903 -0.0426
vn 0.4000 0.9160 -0.0290
vn 0.0967 0.7435 -0.6617
vn 0.2725 0.8597 -0.4320
vn 0.2170 0.8845 -0.4131
vn 0.2009 0.6972 -0.6882
vn 0.3301 0.8341 -0.4418
vn 0.4139 0.8873 -0.2033
vn -0.0386 0.9554 -0.2927
vn 0.1989 0.7836 -0.5886
vn -0.0048 0.8791 -0.4766
vn 0.5779 0.6813 -0.4494
vn 0.4303 0.6856 -0.5872
vn 0.3607 0.9148 -0.1815
vn 0.1181 0.9788 -0.1674
vn 0.5533 0.7853 -0.2780
vn 0.3787 0.7684 -0.5159
vn 0.5991 0.6613 -0.4514
vn 0.1125 0.8868 -0.4482
vn 0.4528 0.8285 -0.3295
vn 0.1866 0.9469 -0.2619
vn -0.0659 0.9570 -0.2824
vn 0.2873 0.8721 -0.3961
vn 0.4973 0.6923 -0.5228
vn 0.5157 0.7341 -0.4417
vn -0.0132 0.9194 -0.3931
vn 0.2484 0.8370 -0.4876
vn 0.5593 0.7455 -0.3626
vn 0.0525 0.9709 -0.2338
vn 0.0383 0.9465 -0.3204
vn 0.4733 0.7993 -0.3703
vn 0.2025 0.8933 -0.4013
vn 0.1956 0.8162 -0.5436
vn 0.2065 0.9463 -0.2489
vn 0.4255 0.7378 -0.5240
vn 0.2539 0.6585 -0.7085
vn 0.3896 0.8194 -0.4205
vn 0.1915 0.9773 -0.0910
vn 0.2091 0.8761 -0.4343
vn 0.1477 0.9424 -0.3002
vn 0.3435 0.7828 -0.5188
vn 0.2207 0.9413 -0.2555
vn 0.4813 0.7554 -0.4446
vn 0.3890 0.8975 -0.2079
vn 0.2426 0.8329 -0.4973
vn 0.0779 0.8451 -0.5289
vn 0.1086 0.8367 -0.5367
vn -0.0908 0.8661 -0.4915
vn -0.0685 0.8384 -0.5407
vn 0.3372 0.9358 -0.1031
vn 0.0304 0.9642 -0.2633
vn 0.2666 0.8326 -0.4854
vn 0.2953 0.8911 -0.3444
vn 0.1091 0.8977 -0.4268
vn 0.1481 0.8583 -0.4914
vn 0.1904 0.9446 -0.2674
vn 0.4715 0.7681 -0.4333
vn 0.3571 0.8524 -0.3821
vn 0.3781 0.9192 -0.1098
vn 0.4915 0.8427 -0.2200
vn 0.1977 0.8756 -0.4407
vn 0.3241 0.8211 -0.4698
vn 0.2293 0.9322 -0.2800
vn 0.3177 0.8940 -0.3160
vn 0.1693 0.9460 -0.2765
vn 0.4562 0.8183 -0.3497
vn 0.2545 0.9098 -0.3277
vn 0.3239 0.9172 -0.2321
vn 0.2212 0.9363 -0.2728
vn 0.2009 0.6971 -0.6882
vn 0.3301 0.8341 -0.4419
vn 0.5532 0.7853 -0.2780
vn 0.4527 0.8285 -0.3295
vn 0.2483 0.8370 -0.4876
vn 0.2876 0.8722 -0.3957
vn 0.2563 0.8675 -0.4262
vn 0.3534 0.8775 -0.3241
vn 0.2023 0.8934 -0.4012
vn -0.0965 0.9120 -0.3987
vn 0.0996 0.7815 -0.6158
vn 0.2793 0.9599 -0.0253
vn 0.1773 0.8263 -0.5347
vn 0.2674 0.7870 -0.5560
vn 0.1476 0.9424 -0.3003
vn 0.3459 0.7782 -0.5242
vn 0.5930 0.7621 -0.2600
vn 0.1777 0.9697 -0.1679
vn 0.1954 0.7838 -0.5895
vn 0.3284 0.8566 -0.3981
vn 0.2404 0.9119 -0.3326
vn 0.3666 0.9008 -0.2329
vn 0.4964 0.6519 -0.5732
vn 0.3416 0.8156 -0.4669
vn 0.5465 0.6797 -0.4892
vn 0.3492 0.7243 -0.5944
vn 0.1691 0.9458 -0.2770
vn 0.4561 0.8182 -0.3500
vn 0.0968 0.7435 -0.6617
vn -0.0385 0.9554 -0.2927
vn 0.2081 0.9231 -0.3234
vn 0.2564 0.8675 -0.4262
vn 0.3534 0.8776 -0.3241
vn 0.4619 0.7252 -0.5106
vn 0.2024 0.8933 -0.4012
vn 0.1961 0.8161 -0.5436
vn 0.4648 0.7462 -0.4767
vn 0.3750 0.8279 -0.4172
vn 0.0948 0.9515 -0.2928
vn 0.3203 0.8962 -0.3070
vn 0.3354 0.8488 -0.4087
vn 0.1476 0.9424 -0.3002
vn 0.2959 0.8976 -0.3268
vn 0.2756 0.8519 -0.4452
vn 0.1088 0.8979 -0.4264
vn 0.4967 0.7731 -0.3946
vn 0.4185 0.8612 -0.2883
vn 0.3730 0.8881 -0.2684
vn 0.5612 0.7494 -0.3513
vn 0.3470 0.9101 -0.2264
vn 0.2209 0.8084 -0.5457
vn 0.2169 0.8845 -0.4131
vn 0.3301 0.8342 -0.4418
vn 0.3608 0.9148 -0.1815
vn 0.4973 0.6924 -0.5228
vn 0.3243 0.8853 -0.3331
vn 0.2087 0.8763 -0.4342
vn 0.4813 0.7555 -0.4446
vn 0.2738 0.7660 -0.5817
vn 0.3197 0.7907 -0.5222
vn -0.0128 0.9149 -0.4034
vn 0.3782 0.9192 -0.1099
vn 0.1693 0.9459 -0.2768
vn 0.4562 0.8184 -0.3495
vn 0.4303 0.6855 -0.5872
vn 0.2563 0.8675 -0.4263
vn 0.3535 0.8775 -0.3241
vn 0.1479 0.9424 -0.3001
vn 0.2427 0.8329 -0.4974
vn 0.2879 0.8723 -0.3952
vn 0.2404 0.9118 -0.3328
vn 0.2296 0.7702 -0.5951
vn 0.1703 0.7452 -0.6448
vn 0.2108 0.7972 -0.5658
vn 0.3178 0.8940 -0.3159
vn 0.1693 0.9460 -0.2766
vn 0.3201 0.7727 -0.5482
vn 0.2660 0.8513 -0.4523
vn 0.1129 0.9395 -0.3234
vn 0.3797 0.7866 -0.4869
vn 0.0035 0.9591 -0.2831
vn 0.1971 0.8970 -0.3956
vn 0.2270 0.9033 -0.3640
vn 0.0635 0.9731 -0.2214
vn 0.1665 0.8892 -0.4262
vn 0.2620 0.9090 -0.3240
vn 0.2777 0.8425 -0.4616
vn 0.1421 0.7220 -0.6772
vn 0.2345 0.8730 -0.4277
vn 0.1946 0.8966 -0.3979
vn 0.5101 0.8056 -0.3012
vn 0.1993 0.8976 -0.3931
vn 0.1566 0.9180 -0.3644
vn -0.1390 0.8851 -0.4442
vn 0.2295 0.9708 -0.0692
vn 0.1969 0.8971 -0.3955
vn 0.0982 0.8645 -0.4930
vn 0.2917 0.9115 -0.2900
vn 0.1958 0.8197 -0.5382
vn 0.3892 0.8434 -0.3703
vn 0.3855 0.7686 -0.5106
vn 0.1934 0.9507 -0.2424
vn 0.3832 0.8970 -0.2206
vn 0.1102 0.9093 -0.4013
vn 0.1113 0.8319 -0.5436
vn 0.1094 0.9623 -0.2488
vn 0.1955 0.8198 -0.5382
vn 0.1932 0.9508 -0.2424
vn 0.3455 0.9126 -0.2186
vn 0.1929 0.9526 -0.2352
vn 0.3479 0.7774 -0.5240
vn 0.3517 0.8570 -0.3766
vn 0.0354 0.9687 -0.2459
vn 0.0378 0.8335 -0.5513
vn 0.1953 0.8157 -0.5445
vn 0.1963 0.8392 -0.5071
vn 0.3660 0.8520 -0.3742
vn 0.3641 0.7955 -0.4844
vn 0.0218 0.9143 -0.4045
vn 0.0225 0.8572 -0.5144
vn 0.1945 0.9408 -0.2777
vn 0.3623 0.8955 -0.2584
vn 0.2599 0.9084 -0.3275
vn 0.3370 0.8401 -0.4249
vn 0.1384 0.8804 -0.4536
vn 0.1436 0.9541 -0.2627
vn 0.1824 0.8935 -0.4103
vn 0.1143 0.9183 -0.3791
vn 0.0262 0.9049 -0.4248
vn 0.1733 0.8183 -0.5481
vn 0.0933 0.8596 -0.5023
vn 0.1145 0.8719 -0.4761
vn -0.0486 0.8956 -0.4423
vn -0.1882 0.8712 -0.4535
vn -0.0237 0.8867 -0.4617
vn -0.1891 0.9203 -0.3425
vn -0.1890 0.8974 -0.3987
vn 0.5199 0.7574 -0.3951
vn 0.2374 0.8890 -0.3916
vn 0.2332 0.8624 -0.4494
vn 0.5191 0.8047 -0.2881
vn 0.2323 0.9138 -0.3331
vn -0.0246 0.9378 -0.3463
vn 0.1873 0.7014 -0.6877
vn 0.4159 0.8328 -0.3653
vn 0.3599 0.7261 -0.5859
vn 0.1822 0.9817 -0.0544
vn 0.3564 0.9240 -0.1388
vn -0.0325 0.9138 -0.4048
vn 0.0194 0.7876 -0.6158
vn 0.0158 0.9855 -0.1688
vn 0.2952 0.9240 -0.2431
vn 0.1800 0.9833 -0.0253
vn 0.2973 0.8029 -0.5166
vn 0.0899 0.9611 -0.2612
vn 0.0921 0.8400 -0.5347
vn 0.1854 0.6809 -0.7085
vn 0.1975 0.8970 -0.3954
vn 0.2747 0.9555 -0.1071
vn 0.1878 0.9728 -0.1357
vn 0.2788 0.7234 -0.6316
vn 0.2997 0.8733 -0.3842
vn 0.0985 0.9873 -0.1249
vn 0.1027 0.7568 -0.6455
vn 0.1917 0.7557 -0.6262
vn 0.3862 0.7897 -0.4767
vn 0.2885 0.8618 -0.4172
vn 0.0864 0.9270 -0.3649
vn 0.4150 0.8173 -0.3998
vn -0.0317 0.9284 -0.3702
vn 0.2114 0.9102 -0.3561
vn -0.0027 0.9562 -0.2928
vn 0.1821 0.8822 -0.4342
vn 0.2271 0.9242 -0.3070
vn 0.3040 0.8549 -0.4205
vn 0.2809 0.7011 -0.6554
vn 0.2471 0.8786 -0.4086
vn 0.1958 0.8960 -0.3985
vn 0.4600 0.8689 -0.1826
vn 0.1981 0.8981 -0.3926
vn 0.1452 0.9118 -0.3841
vn -0.0889 0.8218 -0.5628
vn 0.0907 0.9917 -0.0909
vn 0.1491 0.8422 -0.5181
vn 0.2408 0.9337 -0.2649
vn 0.2620 0.8138 -0.5187
vn 0.3706 0.8806 -0.2952
vn 0.4321 0.7994 -0.4174
vn 0.1271 0.9567 -0.2617
vn 0.2998 0.9395 -0.1655
vn 0.1182 0.8930 -0.4342
vn 0.1852 0.8101 -0.5562
vn 0.0508 0.9525 -0.3002
vn 0.2618 0.8138 -0.5188
vn 0.1269 0.9567 -0.2618
vn 0.2624 0.9482 -0.1793
vn 0.1236 0.9589 -0.2555
vn 0.4017 0.8006 -0.4446
vn 0.3367 0.8868 -0.3164
vn -0.0183 0.9455 -0.3252
vn 0.1210 0.7979 -0.5905
vn 0.2646 0.8095 -0.5242
vn 0.2477 0.8346 -0.4921
vn 0.3497 0.8847 -0.3084
vn 0.3985 0.8233 -0.4042
vn 0.0381 0.8817 -0.4703
vn 0.0893 0.8203 -0.5649
vn 0.1430 0.9454 -0.2927
vn 0.2954 0.9325 -0.2079
vn 0.2266 0.9230 -0.3109
vn 0.3444 0.8652 -0.3645
vn 0.1683 0.8671 -0.4688
vn 0.0890 0.9500 -0.2992
vn 0.1899 0.8902 -0.4141
vn 0.1122 0.9037 -0.4132
vn 0.0513 0.8723 -0.4863
vn 0.2456 0.8078 -0.5359
vn 0.1489 0.8361 -0.5279
vn 0.1564 0.8533 -0.4973
vn -0.0088 0.8486 -0.5289
vn -0.1282 0.7987 -0.5879
vn 0.0227 0.8435 -0.5367
vn -0.1787 0.8523 -0.4915
vn -0.1537 0.8270 -0.5407
vn 0.5121 0.8186 -0.2600
vn 0.2335 0.8967 -0.3761
vn 0.2558 0.8669 -0.4279
vn 0.4633 0.8703 -0.1671
vn 0.2028 0.9231 -0.3269
vn -0.0300 0.8993 -0.4364
vn 0.3292 0.6886 -0.6461
vn 0.3946 0.8753 -0.2796
vn 0.4439 0.7493 -0.4914
vn 0.0403 0.9946 -0.0960
vn 0.2400 0.9653 -0.1031
vn -0.0112 0.8714 -0.4905
vn 0.1357 0.7463 -0.6516
vn -0.0682 0.9623 -0.2632
vn 0.2241 0.9490 -0.2218
vn 0.0269 0.9972 -0.0702
vn 0.3489 0.8168 -0.4594
vn 0.0384 0.9472 -0.3184
vn 0.1631 0.8151 -0.5559
vn 0.3385 0.6671 -0.6636
vn 0.1975 0.8971 -0.3952
vn 0.1487 0.9830 -0.1076
vn 0.0778 0.9827 -0.1679
vn 0.3879 0.7297 -0.5632
vn 0.2898 0.8929 -0.3445
vn -0.0099 0.9813 -0.1925
vn 0.2277 0.7297 -0.6447
vn 0.3016 0.7458 -0.5940
vn 0.1144 0.7996 -0.5895
vn 0.1803 0.8555 -0.4854
vn 0.2140 0.9345 -0.2843
vn 0.1982 0.7787 -0.5953
vn 0.1847 0.9672 -0.1745
vn 0.1969 0.8970 -0.3957
vn 0.2393 0.8856 -0.3981
vn 0.2691 0.9461 -0.1804
vn 0.1542 0.9069 -0.3922
vn 0.2904 0.8698 -0.3990
vn 0.1772 0.8474 -0.5005
vn -0.1019 0.8372 -0.5374
vn 0.1872 0.8756 -0.4453
vn 0.1937 0.8979 -0.3953
vn 0.4132 0.7062 -0.5749
vn 0.2002 0.8963 -0.3958
vn 0.2029 0.9166 -0.3444
vn -0.0420 0.9845 -0.1705
vn 0.4735 0.8557 -0.2090
vn 0.0571 0.9218 -0.3834
vn 0.3328 0.8541 -0.3996
vn 0.0659 0.8706 -0.4876
vn 0.3079 0.7923 -0.5267
vn 0.1780 0.7680 -0.6152
vn 0.3230 0.8998 -0.2934
vn 0.4300 0.7966 -0.4248
vn 0.1461 0.9316 -0.3328
vn 0.0169 0.9042 -0.4268
vn 0.2728 0.9335 -0.2329
vn 0.0658 0.8707 -0.4874
vn 0.3229 0.8999 -0.2932
vn 0.4152 0.8197 -0.3946
vn 0.3285 0.8994 -0.2883
vn 0.1498 0.7895 -0.5951
vn 0.2865 0.8161 -0.5019
vn 0.2335 0.9565 -0.1747
vn -0.0319 0.9264 -0.3752
vn 0.0597 0.8689 -0.4914
vn 0.0957 0.8787 -0.4677
vn 0.2947 0.8072 -0.5114
vn 0.1943 0.7899 -0.5817
vn 0.0931 0.9591 -0.2674
vn -0.0058 0.9406 -0.3395
vn 0.2951 0.9013 -0.3171
vn 0.3906 0.8122 -0.4333
vn 0.2864 0.8708 -0.3996
vn 0.2373 0.8192 -0.5221
vn 0.1148 0.9143 -0.3885
vn 0.2805 0.9216 -0.2684
vn 0.1765 0.9020 -0.3940
vn 0.1676 0.9319 -0.3216
vn 0.0779 0.9557 -0.2840
vn 0.0451 0.8778 -0.4769
vn 0.0458 0.9215 -0.3857
vn 0.0816 0.9194 -0.3849
vn 0.0174 0.9711 -0.2382
vn -0.0833 0.9868 -0.1391
vn 0.0151 0.9628 -0.2699
vn 0.0131 0.9977 -0.0662
vn -0.0352 0.9941 -0.1028
vn 0.3343 0.6886 -0.6435
vn 0.2205 0.8784 -0.4240
vn 0.1672 0.8729 -0.4584
vn 0.4273 0.6991 -0.5733
vn 0.2682 0.8844 -0.3821
vn 0.1155 0.9742 -0.1941
vn -0.0904 0.8103 -0.5789
vn 0.3230 0.7744 -0.5440
vn 0.0934 0.7586 -0.6448
vn 0.4599 0.8728 -0.1632
vn 0.4819 0.8027 -0.3513
vn 0.0604 0.9722 -0.2261
vn -0.1061 0.9089 -0.4034
vn 0.2824 0.9530 -0.1098
vn 0.3726 0.8502 -0.3719
vn 0.4795 0.8658 -0.1426
vn 0.1349 0.8232 -0.5514
vn 0.2523 0.9408 -0.2263
vn 0.0147 0.9138 -0.4059
vn -0.1142 0.7984 -0.5912
vn 0.1973 0.8968 -0.3959
vn 0.4678 0.8422 -0.2681
vn 0.4029 0.8884 -0.2200
vn 0.0120 0.7905 -0.6124
vn 0.2567 0.8462 -0.4669
vn 0.3630 0.9205 -0.1446
vn -0.0894 0.8691 -0.4865
vn -0.0233 0.8400 -0.5420
vn -0.0269 0.8890 -0.4571
vn 0.1074 0.8912 -0.4406
vn 0.3001 0.8923 -0.3372
vn 0.0100 0.8508 -0.5254
vn 0.3730 0.8952 -0.2441
vn 0.1968 0.8971 -0.3956
vn 0.2155 0.8768 -0.4298
vn 0.4101 0.8566 -0.3130
vn 0.1780 0.9156 -0.3604
vn 0.2386 0.8499 -0.4698
vn 0.0918 0.8893 -0.4480
vn -0.1027 0.9609 -0.2571
vn 0.1477 0.8954 -0.4201
vn 0.1955 0.8986 -0.3929
vn 0.1221 0.7245 -0.6783
vn 0.1984 0.8956 -0.3982
vn 0.2441 0.8975 -0.3672
vn 0.2491 0.9662 -0.0671
vn 0.4743 0.7319 -0.4893
vn 0.1329 0.9508 -0.2800
vn 0.2569 0.8252 -0.5030
vn 0.0445 0.9342 -0.3540
vn 0.1283 0.8145 -0.5657
vn -0.0201 0.8523 -0.5227
vn 0.3440 0.8362 -0.4271
vn 0.2735 0.7562 -0.5944
vn 0.2244 0.9218 -0.3162
vn 0.0718 0.9582 -0.2771
vn 0.3702 0.8605 -0.3500
vn 0.0446 0.9343 -0.3537
vn 0.3441 0.8363 -0.4269
vn 0.2952 0.7716 -0.5635
vn 0.3507 0.8329 -0.4281
vn -0.0140 0.8728 -0.4880
vn 0.1426 0.8339 -0.5332
vn 0.3973 0.8733 -0.2819
vn 0.0881 0.9745 -0.2063
vn 0.0375 0.9354 -0.3516
vn 0.0792 0.9280 -0.3640
vn 0.1372 0.8267 -0.5457
vn 0.0218 0.8578 -0.5135
vn 0.2505 0.9396 -0.2331
vn 0.1342 0.9699 -0.2034
vn 0.3115 0.8520 -0.4208
vn 0.2506 0.7829 -0.5694
vn 0.2363 0.8520 -0.4672
vn 0.1007 0.8553 -0.5083
vn 0.1604 0.9311 -0.3277
vn 0.3452 0.8589 -0.3783
vn 0.1879 0.9062 -0.3788
vn 0.2455 0.9132 -0.3253
vn 0.2286 0.9455 -0.2321
vn 0.0427 0.9427 -0.3310
vn 0.1245 0.9540 -0.2728
vn 0.1453 0.9429 -0.2998
vn 0.2312 0.9603 -0.1562
vn 0.2478 0.9687 -0.0152
vn 0.2043 0.9632 -0.1747
vn 0.3601 0.9319 -0.0426
vn 0.3045 0.9521 -0.0290
vn 0.0204 0.7495 -0.6617
vn 0.1834 0.8830 -0.4320
vn 0.1256 0.9020 -0.4131
vn 0.1287 0.7140 -0.6882
vn 0.2433 0.8635 -0.4418
vn 0.3212 0.9249 -0.2033
vn -0.1358 0.9465 -0.2927
vn 0.1179 0.7998 -0.5886
vn -0.0945 0.8740 -0.4766
vn 0.5053 0.7367 -0.4494
vn 0.3581 0.7259 -0.5872
vn 0.2655 0.9469 -0.1815
vn 0.0176 0.9857 -0.1674
vn 0.4702 0.8376 -0.2780
vn 0.2983 0.8030 -0.5159
vn 0.5285 0.7190 -0.4514
vn 0.0214 0.8937 -0.4482
vn 0.3659 0.8704 -0.3295
vn 0.0890 0.9610 -0.2619
vn -0.1632 0.9453 -0.2824
vn 0.1968 0.8969 -0.3961
vn 0.4240 0.7395 -0.5228
vn 0.4381 0.7829 -0.4417
vn -0.1069 0.9133 -0.3931
vn 0.1616 0.8580 -0.4876
vn 0.4803 0.7986 -0.3626
vn -0.0468 0.9711 -0.2338
vn -0.0585 0.9455 -0.3204
vn 0.2620 0.9090 -0.3241
vn 0.1993 0.8976 -0.3932
vn 0.1958 0.8198 -0.5382
vn 0.1105 0.9091 -0.4016
vn 0.1112 0.8319 -0.5436
vn 0.1932 0.9507 -0.2424
vn 0.3480 0.7774 -0.5240
vn 0.0263 0.9049 -0.4248
vn -0.1882 0.8712 -0.4534
vn 0.3862 0.7897 -0.4766
vn 0.2272 0.9242 -0.3070
vn 0.4601 0.8689 -0.1826
vn 0.1981 0.8982 -0.3925
vn 0.4320 0.7994 -0.4174
vn 0.1854 0.8101 -0.5561
vn 0.0513 0.9526 -0.2999
vn 0.3489 0.8169 -0.4594
vn 0.1974 0.8971 -0.3952
vn 0.1773 0.8474 -0.5005
vn 0.1872 0.8756 -0.4452
vn 0.1461 0.9317 -0.3326
vn 0.0166 0.9044 -0.4264
vn 0.1942 0.7899 -0.5817
vn 0.0931 0.9591 -0.2673
vn 0.0815 0.9194 -0.3849
vn 0.4795 0.8659 -0.1426
vn 0.2524 0.9408 -0.2263
vn 0.4101 0.8567 -0.3130
vn 0.2735 0.7562 -0.5945
vn 0.0718 0.9582 -0.2770
vn 0.3704 0.8606 -0.3495
vn 0.1246 0.9540 -0.2728
vn 0.0204 0.7494 -0.6617
vn 0.4241 0.7395 -0.5228
vn 0.1617 0.8580 -0.4876
vn 0.3827 0.7920 -0.4758
vn 0.3176 0.8670 -0.3839
vn 0.1503 0.9508 -0.2707
vn 0.4346 0.8032 -0.4074
vn 0.0369 0.9694 -0.2429
vn 0.2425 0.9108 -0.3341
vn 0.2684 0.9157 -0.2990
vn 0.0892 0.9807 -0.1740
vn 0.2157 0.9043 -0.3684
vn 0.2985 0.9197 -0.2549
vn 0.3303 0.8585 -0.3922
vn 0.2212 0.7471 -0.6268
vn 0.2834 0.8879 -0.3625
vn 0.2403 0.9105 -0.3366
vn 0.5422 0.8144 -0.2070
vn 0.2444 0.9113 -0.3313
vn 0.1986 0.9307 -0.3071
vn -0.0855 0.9023 -0.4225
vn 0.2361 0.9717 -0.0034
vn 0.2423 0.9109 -0.3340
vn 0.1558 0.8825 -0.4437
vn 0.3239 0.9207 -0.2175
vn 0.2580 0.8392 -0.4787
vn 0.4303 0.8554 -0.2883
vn 0.4431 0.7861 -0.4309
vn 0.2207 0.9585 -0.1803
vn 0.4065 0.9031 -0.1384
vn 0.1570 0.9237 -0.3495
vn 0.1753 0.8519 -0.4935
vn 0.1381 0.9708 -0.1962
vn 0.2578 0.8392 -0.4788
vn 0.2205 0.9586 -0.1804
vn 0.3689 0.9188 -0.1403
vn 0.2193 0.9602 -0.1732
vn 0.4075 0.7956 -0.4483
vn 0.3937 0.8694 -0.2985
vn 0.0642 0.9773 -0.2018
vn 0.1027 0.8541 -0.5098
vn 0.2583 0.8354 -0.4852
vn 0.2549 0.8574 -0.4471
vn 0.4077 0.8643 -0.2947
vn 0.4188 0.8121 -0.4064
vn 0.0694 0.9292 -0.3629
vn 0.0832 0.8765 -0.4741
vn 0.2259 0.9500 -0.2156
vn 0.3903 0.9032 -0.1784
vn 0.2968 0.9193 -0.2586
vn 0.3849 0.8545 -0.3488
vn 0.1910 0.8967 -0.3992
vn 0.1737 0.9630 -0.2063
vn 0.2297 0.9080 -0.3505
vn 0.1583 0.9318 -0.3266
vn 0.0763 0.9206 -0.3829
vn 0.2369 0.8382 -0.4913
vn 0.1520 0.8781 -0.4537
vn 0.1700 0.8892 -0.4247
vn 0.0041 0.9123 -0.4095
vn -0.1333 0.8890 -0.4380
vn 0.0311 0.9041 -0.4262
vn -0.1473 0.9338 -0.3261
vn -0.1405 0.9131 -0.3828
vn 0.5630 0.7698 -0.3009
vn 0.2820 0.9025 -0.3257
vn 0.2847 0.8781 -0.3845
vn 0.5495 0.8129 -0.1930
vn 0.2701 0.9250 -0.2672
vn 0.0165 0.9507 -0.3097
vn 0.2673 0.7268 -0.6327
vn 0.4562 0.8445 -0.2807
vn 0.4267 0.7467 -0.5103
vn 0.1874 0.9823 0.0061
vn 0.3703 0.9270 -0.0594
vn 0.0156 0.9291 -0.3696
vn 0.0921 0.8109 -0.5779
vn 0.0357 0.9913 -0.1269
vn 0.3218 0.9314 -0.1701
vn 0.1817 0.9827 0.0348
vn 0.3563 0.8211 -0.4459
vn 0.1202 0.9701 -0.2108
vn 0.1547 0.8598 -0.4867
vn 0.2679 0.7071 -0.6544
vn 0.2429 0.9108 -0.3338
vn 0.2854 0.9577 -0.0364
vn 0.2025 0.9765 -0.0743
vn 0.3515 0.7462 -0.5654
vn 0.3430 0.8862 -0.3115
vn 0.1126 0.9909 -0.0735
vn 0.1783 0.7809 -0.5986
vn 0.2644 0.7786 -0.5691
vn 0.4399 0.8059 -0.3963
vn 0.3358 0.8761 -0.3460
vn 0.1289 0.9401 -0.3155
vn 0.4594 0.8303 -0.3156
vn 0.0123 0.9423 -0.3347
vn 0.2425 0.9108 -0.3340
vn 0.2520 0.9224 -0.2927
vn 0.0319 0.9668 -0.2534
vn 0.2322 0.8976 -0.3747
vn 0.2619 0.9344 -0.2415
vn 0.3516 0.8692 -0.3478
vn 0.3564 0.7248 -0.5896
vn 0.2937 0.8927 -0.3418
vn 0.2415 0.9099 -0.3371
vn 0.4784 0.8732 -0.0927
vn 0.2431 0.9118 -0.3308
vn 0.1896 0.9254 -0.3282
vn -0.0217 0.8435 -0.5367
vn 0.1009 0.9941 -0.0406
vn 0.2093 0.8611 -0.4634
vn 0.2704 0.9422 -0.1978
vn 0.3215 0.8322 -0.4518
vn 0.4029 0.8897 -0.2146
vn 0.4784 0.8131 -0.3318
vn 0.1572 0.9656 -0.2071
vn 0.3172 0.9439 -0.0919
vn 0.1689 0.9087 -0.3818
vn 0.2496 0.8303 -0.4983
vn 0.0858 0.9632 -0.2546
vn 0.3213 0.8322 -0.4519
vn 0.1569 0.9656 -0.2073
vn 0.2817 0.9532 -0.1097
vn 0.1529 0.9675 -0.2013
vn 0.4514 0.8155 -0.3623
vn 0.3718 0.8969 -0.2394
vn 0.0202 0.9575 -0.2878
vn 0.1899 0.8197 -0.5403
vn 0.3248 0.8280 -0.4571
vn 0.3042 0.8519 -0.4262
vn 0.3837 0.8944 -0.2300
vn 0.4435 0.8366 -0.3217
vn 0.0935 0.8991 -0.4276
vn 0.1555 0.8413 -0.5178
vn 0.1767 0.9554 -0.2365
vn 0.3180 0.9385 -0.1348
vn 0.2618 0.9334 -0.2455
vn 0.3851 0.8771 -0.2870
vn 0.2225 0.8840 -0.4112
vn 0.1237 0.9605 -0.2491
vn 0.2375 0.9048 -0.3535
vn 0.1602 0.9186 -0.3613
vn 0.1085 0.8903 -0.4422
vn 0.3072 0.8269 -0.4710
vn 0.2103 0.8554 -0.4734
vn 0.2141 0.8713 -0.4415
vn 0.0538 0.8686 -0.4926
vn -0.0577 0.8216 -0.5671
vn 0.0860 0.8636 -0.4968
vn -0.1194 0.8716 -0.4754
vn -0.0887 0.8482 -0.5222
vn 0.5393 0.8257 -0.1654
vn 0.2763 0.9096 -0.3104
vn 0.3046 0.8817 -0.3603
vn 0.4798 0.8740 -0.0769
vn 0.2400 0.9341 -0.2641
vn 0.0218 0.9157 -0.4013
vn 0.4033 0.7117 -0.5752
vn 0.4249 0.8837 -0.1965
vn 0.4989 0.7658 -0.4057
vn 0.0514 0.9974 -0.0515
vn 0.2505 0.9674 -0.0360
vn 0.0469 0.8899 -0.4538
vn 0.2118 0.7705 -0.6012
vn -0.0366 0.9721 -0.2315
vn 0.2488 0.9558 -0.1564
vn 0.0350 0.9990 -0.0273
vn 0.4008 0.8325 -0.3825
vn 0.0758 0.9587 -0.2742
vn 0.2277 0.8353 -0.5004
vn 0.4146 0.6909 -0.5923
vn 0.2428 0.9109 -0.3336
vn 0.1604 0.9858 -0.0506
vn 0.0972 0.9881 -0.1189
vn 0.4517 0.7492 -0.4843
vn 0.3285 0.9043 -0.2725
vn 0.0130 0.9880 -0.1536
vn 0.3023 0.7532 -0.5842
vn 0.3697 0.7670 -0.5245
vn 0.1833 0.8214 -0.5400
vn 0.2364 0.8729 -0.4268
vn 0.2461 0.9439 -0.2202
vn 0.2672 0.8003 -0.5367
vn 0.2041 0.9724 -0.1134
vn 0.2423 0.9108 -0.3342
vn 0.2847 0.8993 -0.3320
vn 0.2886 0.9511 -0.1101
vn 0.1995 0.9207 -0.3354
vn 0.3355 0.8833 -0.3274
vn 0.2352 0.8654 -0.4424
vn -0.0376 0.8579 -0.5124
vn 0.2386 0.8914 -0.3853
vn 0.2391 0.9117 -0.3341
vn 0.4783 0.7262 -0.4939
vn 0.2456 0.9101 -0.3339
vn 0.2422 0.9284 -0.2818
vn -0.0216 0.9905 -0.1356
vn 0.4949 0.8609 -0.1178
vn 0.1020 0.9358 -0.3375
vn 0.3777 0.8675 -0.3237
vn 0.1231 0.8886 -0.4419
vn 0.3680 0.8108 -0.4551
vn 0.2495 0.7905 -0.5593
vn 0.3555 0.9090 -0.2176
vn 0.4773 0.8105 -0.3395
vn 0.1844 0.9432 -0.2764
vn 0.0673 0.9200 -0.3860
vn 0.2984 0.9406 -0.1622
vn 0.1230 0.8887 -0.4417
vn 0.3553 0.9091 -0.2175
vn 0.4589 0.8325 -0.3103
vn 0.3603 0.9084 -0.2120
vn 0.2191 0.8114 -0.5418
vn 0.3439 0.8337 -0.4322
vn 0.2525 0.9615 -0.1082
vn 0.0127 0.9404 -0.3397
vn 0.1174 0.8871 -0.4464
vn 0.1503 0.8958 -0.4183
vn 0.3531 0.8252 -0.4410
vn 0.2617 0.8110 -0.5232
vn 0.1240 0.9683 -0.2167
vn 0.0343 0.9531 -0.3006
vn 0.3305 0.9116 -0.2444
vn 0.4391 0.8266 -0.3519
vn 0.3317 0.8844 -0.3285
vn 0.2974 0.8378 -0.4579
vn 0.1600 0.9282 -0.3360
vn 0.3103 0.9300 -0.1970
vn 0.2219 0.9158 -0.3347
vn 0.2044 0.9430 -0.2627
vn 0.1109 0.9656 -0.2351
vn 0.1011 0.8955 -0.4334
vn 0.0910 0.9356 -0.3412
vn 0.1265 0.9333 -0.3362
vn 0.0454 0.9795 -0.1962
vn -0.0663 0.9918 -0.1091
vn 0.0469 0.9725 -0.2282
vn 0.0208 0.9995 -0.0250
vn -0.0228 0.9975 -0.0672
vn 0.4081 0.7116 -0.5720
vn 0.2691 0.8932 -0.3601
vn 0.2202 0.8893 -0.4008
vn 0.4921 0.7189 -0.4909
vn 0.3115 0.8973 -0.3127
vn 0.1376 0.9804 -0.1407
vn -0.0213 0.8327 -0.5533
vn 0.3851 0.7935 -0.4712
vn 0.1689 0.7827 -0.5990
vn 0.4760 0.8764 -0.0733
vn 0.5200 0.8136 -0.2601
vn 0.0867 0.9800 -0.1791
vn -0.0577 0.9244 -0.3771
vn 0.2934 0.9552 -0.0382
vn 0.4139 0.8623 -0.2916
vn 0.4930 0.8685 -0.0509
vn 0.1992 0.8435 -0.4989
vn 0.2773 0.9477 -0.1579
vn 0.0626 0.9288 -0.3652
vn -0.0435 0.8214 -0.5687
vn 0.2428 0.9107 -0.3343
vn 0.4962 0.8498 -0.1777
vn 0.4261 0.8944 -0.1358
vn 0.0844 0.8137 -0.5752
vn 0.3101 0.8626 -0.3998
vn 0.3776 0.9237 -0.0645
vn -0.0312 0.8878 -0.4592
vn 0.0409 0.8606 -0.5076
vn 0.0274 0.9063 -0.4218
vn 0.1587 0.9072 -0.3896
vn 0.3378 0.9034 -0.2641
vn 0.0721 0.8706 -0.4868
vn 0.3992 0.9022 -0.1631
vn 0.2422 0.9109 -0.3341
vn 0.2648 0.8919 -0.3667
vn 0.4443 0.8663 -0.2285
vn 0.2194 0.9281 -0.3007
vn 0.2925 0.8664 -0.4046
vn 0.1441 0.9057 -0.3988
vn -0.0715 0.9707 -0.2295
vn 0.1964 0.9104 -0.3642
vn 0.2406 0.9123 -0.3315
vn 0.2014 0.7498 -0.6302
vn 0.2441 0.9095 -0.3365
vn 0.2859 0.9100 -0.3003
vn 0.2553 0.9669 0.0008
vn 0.5288 0.7482 -0.4007
vn 0.1651 0.9603 -0.2248
vn 0.3146 0.8430 -0.4364
vn 0.0860 0.9471 -0.3093
vn 0.1943 0.8353 -0.5142
vn 0.0418 0.8721 -0.4876
vn 0.3921 0.8506 -0.3504
vn 0.3419 0.7775 -0.5279
vn 0.2602 0.9323 -0.2511
vn 0.1041 0.9680 -0.2283
vn 0.4090 0.8718 -0.2697
vn 0.0861 0.9471 -0.3091
vn 0.3922 0.8507 -0.3501
vn 0.3598 0.7916 -0.4940
vn 0.3988 0.8473 -0.3506
vn 0.0438 0.8912 -0.4516
vn 0.2047 0.8533 -0.4795
vn 0.4279 0.8818 -0.1985
vn 0.1119 0.9814 -0.1561
vn 0.0788 0.9482 -0.3077
vn 0.1217 0.9411 -0.3154
vn 0.2008 0.8467 -0.4928
vn 0.0823 0.8770 -0.4733
vn 0.2764 0.9468 -0.1648
vn 0.1573 0.9764 -0.1479
vn 0.3591 0.8663 -0.3473
vn 0.3161 0.8033 -0.5047
vn 0.2899 0.8684 -0.4022
vn 0.1601 0.8740 -0.4589
vn 0.1980 0.9424 -0.2697
vn 0.3875 0.8714 -0.3008
vn 0.2314 0.9194 -0.3181
vn 0.2822 0.9240 -0.2580
vn 0.2544 0.9527 -0.1662
vn 0.0815 0.9546 -0.2864
vn 0.1559 0.9633 -0.2185
vn 0.1798 0.9531 -0.2433
vn 0.2480 0.9646 -0.0900
vn 0.2478 0.9674 0.0522
vn 0.2235 0.9683 -0.1115
vn 0.3626 0.9312 0.0368
vn 0.3058 0.9511 0.0446
vn 0.0985 0.7746 -0.6248
vn 0.2332 0.8983 -0.3724
vn 0.1735 0.9168 -0.3597
vn 0.2092 0.7397 -0.6396
vn 0.2938 0.8789 -0.3758
vn 0.3430 0.9306 -0.1275
vn -0.1003 0.9578 -0.2694
vn 0.1867 0.8215 -0.5387
vn -0.0375 0.8923 -0.4498
vn 0.5549 0.7513 -0.3573
vn 0.4251 0.7465 -0.5119
vn 0.2851 0.9520 -0.1116
vn 0.0373 0.9914 -0.1254
vn 0.4998 0.8456 -0.1874
vn 0.3572 0.8211 -0.4451
vn 0.5782 0.7335 -0.3572
vn 0.0743 0.9103 -0.4072
vn 0.4023 0.8808 -0.2496
vn 0.1193 0.9700 -0.2116
vn -0.1286 0.9563 -0.2624
vn 0.2422 0.9107 -0.3346
vn 0.4829 0.7573 -0.4397
vn 0.4872 0.7975 -0.3558
vn -0.0597 0.9284 -0.3668
vn 0.2182 0.8756 -0.4310
vn 0.5198 0.8099 -0.2717
vn -0.0188 0.9797 -0.1995
vn -0.0202 0.9575 -0.2877
vn 0.3177 0.8055 -0.5003
vn 0.2985 0.8756 -0.3798
vn 0.2834 0.8292 -0.4819
vn 0.4065 0.8752 -0.2621
vn 0.1570 0.8664 -0.4740
vn 0.1753 0.7754 -0.6067
vn 0.1376 0.9343 -0.3288
vn 0.2578 0.7649 -0.5903
vn 0.3689 0.8906 -0.2661
vn 0.4267 0.6689 -0.6087
vn 0.1874 0.9736 -0.1300
vn 0.2679 0.6098 -0.7459
vn 0.3515 0.6608 -0.6632
vn 0.1689 0.8471 -0.5039
vn 0.2496 0.7533 -0.6084
vn 0.0864 0.9188 -0.3851
vn 0.3213 0.7616 -0.5627
vn 0.2423 0.8559 -0.4568
vn 0.1529 0.9303 -0.3333
vn 0.3180 0.9108 -0.2634
vn 0.3851 0.8289 -0.4057
vn 0.3072 0.7537 -0.5809
vn 0.0218 0.8513 -0.5241
vn 0.2886 0.9267 -0.2406
vn 0.3355 0.8295 -0.4466
vn 0.1844 0.8956 -0.4048
vn 0.2526 0.9373 -0.2403
vn 0.4391 0.7700 -0.4630
vn 0.1265 0.8777 -0.4621
vn -0.0663 0.9672 -0.2454
vn 0.4081 0.6256 -0.6649
vn 0.2202 0.8252 -0.5201
vn 0.4930 0.8531 -0.1706
vn 0.3101 0.7990 -0.5153
vn 0.3378 0.8582 -0.3866
vn -0.0715 0.9296 -0.3617
vn 0.0419 0.7962 -0.6036
vn 0.1217 0.8884 -0.4426
vn 0.0823 0.8031 -0.5901
vn 0.2823 0.8794 -0.3834
vn 0.0815 0.9058 -0.4158
vn -0.0202 0.9084 -0.4175
vn 0.2138 0.7854 -0.5808
vn 0.1311 0.8559 -0.5003
vn -0.0539 0.9150 -0.3997
vn 0.2599 0.8170 -0.5147
vn -0.1694 0.9115 -0.3747
vn 0.0467 0.8883 -0.4570
vn 0.0699 0.9035 -0.4228
vn -0.1230 0.9434 -0.3081
vn 0.0231 0.8714 -0.4900
vn 0.0970 0.9200 -0.3797
vn 0.1456 0.8494 -0.5072
vn 0.0708 0.6860 -0.7242
vn 0.0925 0.8714 -0.4819
vn 0.0447 0.8871 -0.4594
vn 0.3562 0.8787 -0.3177
vn 0.0483 0.8895 -0.4543
vn -0.0013 0.9014 -0.4330
vn -0.2685 0.7954 -0.5433
vn 0.0170 0.9903 -0.1379
vn 0.0465 0.8883 -0.4569
vn -0.0283 0.8269 -0.5616
vn 0.1204 0.9316 -0.3429
vn 0.0820 0.8030 -0.5903
vn 0.2406 0.8826 -0.4039
vn 0.2727 0.7993 -0.5356
vn 0.0103 0.9503 -0.3113
vn 0.2024 0.9436 -0.2621
vn -0.0393 0.8797 -0.4738
vn -0.0013 0.7949 -0.6068
vn -0.0731 0.9416 -0.3288
vn 0.0818 0.8030 -0.5903
vn 0.0100 0.9502 -0.3113
vn 0.1623 0.9502 -0.2661
vn 0.0083 0.9525 -0.3044
vn 0.2364 0.7982 -0.5541
vn 0.2022 0.8866 -0.4159
vn -0.1458 0.9308 -0.3351
vn -0.0718 0.7788 -0.6231
vn 0.0834 0.7986 -0.5961
vn 0.0740 0.8242 -0.5615
vn 0.2168 0.8853 -0.4115
vn 0.2425 0.8222 -0.5149
vn -0.1252 0.8638 -0.4881
vn -0.0968 0.8009 -0.5909
vn 0.0183 0.9384 -0.3450
vn 0.1877 0.9347 -0.3017
vn 0.0955 0.9186 -0.3834
vn 0.1984 0.8635 -0.4638
vn 0.0016 0.8545 -0.5195
vn -0.0358 0.9406 -0.3376
vn 0.0353 0.8804 -0.4728
vn -0.0402 0.8909 -0.4524
vn -0.1160 0.8543 -0.5066
vn 0.0620 0.7957 -0.6025
vn -0.0307 0.8205 -0.5708
vn -0.0165 0.8391 -0.5437
vn -0.1838 0.8267 -0.5318
vn -0.3117 0.7699 -0.5568
vn -0.1552 0.8225 -0.5472
vn -0.3386 0.8251 -0.4522
vn -0.3258 0.7990 -0.5055
vn 0.3892 0.8276 -0.4045
vn 0.0868 0.8901 -0.4474
vn 0.0966 0.8592 -0.5024
vn 0.3632 0.8808 -0.3036
vn 0.0684 0.9171 -0.3927
vn -0.1832 0.8800 -0.4383
vn 0.1204 0.6758 -0.7272
vn 0.2680 0.8788 -0.3949
vn 0.2677 0.7468 -0.6088
vn -0.0332 0.9910 -0.1300
vn 0.1593 0.9693 -0.1871
vn -0.1775 0.8508 -0.4946
vn -0.0706 0.7255 -0.6845
vn -0.1790 0.9481 -0.2629
vn 0.1145 0.9479 -0.2974
vn -0.0397 0.9940 -0.1016
vn 0.1809 0.8117 -0.5553
vn -0.0894 0.9351 -0.3431
vn -0.0231 0.7989 -0.6010
vn 0.1260 0.6540 -0.7460
vn 0.0471 0.8884 -0.4567
vn 0.0691 0.9833 -0.1686
vn -0.0147 0.9779 -0.2088
vn 0.1963 0.7222 -0.6632
vn 0.1494 0.8898 -0.4312
vn -0.1056 0.9720 -0.2100
vn 0.0208 0.7129 -0.7010
vn 0.1043 0.7338 -0.6713
vn 0.2641 0.8223 -0.5041
vn 0.1457 0.8738 -0.4640
vn -0.0711 0.8939 -0.4425
vn 0.2753 0.8611 -0.4275
vn -0.1847 0.8675 -0.4619
vn 0.0467 0.8883 -0.4569
vn 0.0521 0.9072 -0.4175
vn -0.1734 0.9066 -0.3848
vn 0.0408 0.8678 -0.4953
vn 0.0576 0.9278 -0.3685
vn 0.1627 0.8704 -0.4647
vn 0.2065 0.6994 -0.6843
vn 0.1008 0.8811 -0.4621
vn 0.0461 0.8868 -0.4598
vn 0.2776 0.9369 -0.2127
vn 0.0470 0.8898 -0.4539
vn -0.0083 0.8914 -0.4531
vn -0.1899 0.7373 -0.6483
vn -0.1187 0.9769 -0.1778
vn 0.0292 0.8154 -0.5781
vn 0.0628 0.9432 -0.3263
vn 0.1447 0.8140 -0.5626
vn 0.2041 0.9196 -0.3356
vn 0.2981 0.8465 -0.4411
vn -0.0524 0.9394 -0.3388
vn 0.1049 0.9695 -0.2217
vn -0.0232 0.8634 -0.5039
vn 0.0765 0.7900 -0.6084
vn -0.1199 0.9149 -0.3853
vn 0.1445 0.8139 -0.5628
vn -0.0526 0.9393 -0.3389
vn 0.0688 0.9682 -0.2406
vn -0.0572 0.9411 -0.3333
vn 0.2722 0.8387 -0.4717
vn 0.1729 0.9163 -0.3612
vn -0.1817 0.8903 -0.4175
vn 0.0218 0.7608 -0.6486
vn 0.1489 0.8100 -0.5673
vn 0.1226 0.8327 -0.5401
vn 0.1848 0.9177 -0.3516
vn 0.2586 0.8628 -0.4344
vn -0.0932 0.8313 -0.5479
vn -0.0172 0.7770 -0.6292
vn -0.0303 0.9299 -0.3664
vn 0.1081 0.9586 -0.2634
vn 0.0578 0.9263 -0.3723
vn 0.1917 0.8937 -0.4057
vn 0.0355 0.8475 -0.5296
vn -0.0826 0.9214 -0.3797
vn 0.0438 0.8787 -0.4754
vn -0.0344 0.8738 -0.4850
vn -0.0761 0.8242 -0.5612
vn 0.1325 0.8031 -0.5810
vn 0.0317 0.8088 -0.5873
vn 0.0310 0.8293 -0.5579
vn -0.1231 0.7843 -0.6081
vn -0.2193 0.7041 -0.6754
vn -0.0906 0.7860 -0.6115
vn -0.2932 0.7511 -0.5915
vn -0.2567 0.7290 -0.6346
vn 0.3496 0.8947 -0.2781
vn 0.0792 0.8978 -0.4333
vn 0.1145 0.8704 -0.4789
vn 0.2783 0.9400 -0.1972
vn 0.0370 0.9197 -0.3909
vn -0.1675 0.8350 -0.5241
vn 0.2546 0.6991 -0.6682
vn 0.2263 0.9211 -0.3169
vn 0.3308 0.7954 -0.5078
vn -0.1673 0.9676 -0.1890
vn 0.0329 0.9850 -0.1696
vn -0.1358 0.8085 -0.5726
vn 0.0558 0.7099 -0.7021
vn -0.2420 0.8995 -0.3638
vn 0.0375 0.9571 -0.2872
vn -0.1844 0.9688 -0.1653
vn 0.2197 0.8412 -0.4941
vn -0.1282 0.9056 -0.4043
vn 0.0540 0.7897 -0.6112
vn 0.2707 0.6792 -0.6822
vn 0.0470 0.8885 -0.4565
vn -0.0585 0.9807 -0.1866
vn -0.1186 0.9598 -0.2545
vn 0.2908 0.7584 -0.5834
vn 0.1301 0.9094 -0.3951
vn -0.1996 0.9363 -0.2889
vn 0.1473 0.7156 -0.6828
vn 0.2082 0.7519 -0.6256
vn 0.0150 0.7610 -0.6485
vn 0.0520 0.8378 -0.5436
vn 0.0395 0.9364 -0.3487
vn 0.1013 0.7597 -0.6423
vn -0.0111 0.9690 -0.2469
vn 0.0465 0.8882 -0.4570
vn 0.0903 0.8868 -0.4533
vn 0.0759 0.9676 -0.2406
vn 0.0026 0.8881 -0.4596
vn 0.1432 0.8832 -0.4465
vn 0.0529 0.8282 -0.5579
vn -0.2093 0.7510 -0.6262
vn 0.0487 0.8617 -0.5050
vn 0.0432 0.8884 -0.4571
vn 0.3220 0.7407 -0.5897
vn 0.0499 0.8883 -0.4566
vn 0.0409 0.9122 -0.4076
vn -0.2344 0.9335 -0.2714
vn 0.2971 0.9253 -0.2359
vn -0.0957 0.8808 -0.4638
vn 0.1878 0.8778 -0.4406
vn -0.0615 0.8258 -0.5606
vn 0.1948 0.8032 -0.5630
vn 0.0869 0.7433 -0.6633
vn 0.1537 0.9273 -0.3414
vn 0.2978 0.8428 -0.4484
vn -0.0188 0.9144 -0.4044
vn -0.1246 0.8513 -0.5096
vn 0.0894 0.9526 -0.2909
vn -0.0617 0.8259 -0.5605
vn 0.1535 0.9274 -0.3412
vn 0.2742 0.8638 -0.4226
vn 0.1583 0.9286 -0.3357
vn 0.0521 0.7591 -0.6489
vn 0.1655 0.8230 -0.5434
vn 0.0384 0.9699 -0.2403
vn -0.1837 0.8652 -0.4666
vn -0.0666 0.8225 -0.5649
vn -0.0373 0.8419 -0.5383
vn 0.1766 0.8156 -0.5509
vn 0.0931 0.7706 -0.6304
vn -0.0851 0.9334 -0.3486
vn -0.1666 0.8875 -0.4297
vn 0.1296 0.9207 -0.3682
vn 0.2575 0.8482 -0.4630
vn 0.1393 0.8833 -0.4477
vn 0.1201 0.8132 -0.5695
vn -0.0375 0.8865 -0.4613
vn 0.1044 0.9403 -0.3239
vn 0.0255 0.8884 -0.4583
vn 0.0003 0.9205 -0.3907
vn -0.0967 0.9254 -0.3665
vn -0.0847 0.8287 -0.5532
vn -0.1062 0.8777 -0.4674
vn -0.0713 0.8839 -0.4621
vn -0.1648 0.9295 -0.3299
vn -0.2791 0.9284 -0.2454
vn -0.1608 0.9187 -0.3606
vn -0.1984 0.9664 -0.1631
vn -0.2392 0.9492 -0.2046
vn 0.2592 0.7005 -0.6649
vn 0.0773 0.8737 -0.4803
vn 0.0317 0.8535 -0.5201
vn 0.3370 0.7372 -0.5857
vn 0.1163 0.8934 -0.4339
vn -0.0768 0.9584 -0.2751
vn -0.1867 0.7247 -0.6633
vn 0.2157 0.7881 -0.5765
vn 0.0112 0.7125 -0.7016
vn 0.2739 0.9420 -0.1939
vn 0.3364 0.8659 -0.3702
vn -0.1252 0.9415 -0.3130
vn -0.2477 0.8290 -0.5014
vn 0.0775 0.9824 -0.1701
vn 0.2232 0.8852 -0.4082
vn 0.2916 0.9412 -0.1706
vn 0.0243 0.7914 -0.6108
vn 0.0672 0.9554 -0.2875
vn -0.1317 0.8616 -0.4902
vn -0.2053 0.7068 -0.6770
vn 0.0470 0.8881 -0.4572
vn 0.3027 0.9067 -0.2936
vn 0.2232 0.9399 -0.2583
vn -0.0788 0.7268 -0.6823
vn 0.1252 0.8478 -0.5153
vn 0.1673 0.9671 -0.1917
vn -0.2113 0.7885 -0.5776
vn -0.1335 0.7717 -0.6218
vn -0.1594 0.8243 -0.5432
vn -0.0325 0.8587 -0.5114
vn 0.1391 0.9117 -0.3866
vn -0.1059 0.7910 -0.6026
vn 0.1961 0.9378 -0.2864
vn 0.0464 0.8883 -0.4570
vn 0.0736 0.8705 -0.4866
vn 0.2500 0.9043 -0.3462
vn 0.0193 0.9044 -0.4263
vn 0.1074 0.8470 -0.5207
vn -0.0461 0.8527 -0.5203
vn -0.2759 0.8905 -0.3617
vn 0.0027 0.8735 -0.4867
vn 0.0445 0.8896 -0.4545
vn 0.0511 0.6837 -0.7279
vn 0.0486 0.8870 -0.4592
vn 0.0881 0.9016 -0.4234
vn 0.0366 0.9904 -0.1331
vn 0.3637 0.7857 -0.5004
vn -0.0430 0.9337 -0.3556
vn 0.1351 0.8249 -0.5489
vn -0.1146 0.8919 -0.4374
vn 0.0218 0.7804 -0.6249
vn -0.1357 0.7856 -0.6036
vn 0.2063 0.8611 -0.4647
vn 0.1788 0.7554 -0.6304
vn 0.0571 0.9243 -0.3774
vn -0.1041 0.9270 -0.3603
vn 0.2157 0.8963 -0.3873
vn -0.1145 0.8920 -0.4372
vn 0.2064 0.8612 -0.4645
vn 0.1921 0.7775 -0.5988
vn 0.2136 0.8594 -0.4646
vn -0.1391 0.8094 -0.5706
vn 0.0269 0.8048 -0.5930
vn 0.2297 0.9196 -0.3186
vn -0.1016 0.9515 -0.2904
vn -0.1219 0.8917 -0.4360
vn -0.0783 0.8933 -0.4427
vn 0.0250 0.7957 -0.6052
vn -0.0978 0.8013 -0.5902
vn 0.0666 0.9534 -0.2943
vn -0.0565 0.9579 -0.2816
vn 0.1706 0.8693 -0.4638
vn 0.1473 0.7778 -0.6110
vn 0.1043 0.8487 -0.5185
vn -0.0218 0.8175 -0.5754
vn -0.0056 0.9176 -0.3976
vn 0.1957 0.8868 -0.4186
vn 0.0335 0.8962 -0.4423
vn 0.0802 0.9201 -0.3834
vn 0.0440 0.9540 -0.2965
vn -0.1214 0.9013 -0.4157
vn -0.0528 0.9354 -0.3497
vn -0.0265 0.9275 -0.3729
vn 0.0328 0.9744 -0.2226
vn 0.0276 0.9962 -0.0822
vn 0.0088 0.9696 -0.2444
vn 0.1479 0.9847 -0.0925
vn 0.0880 0.9923 -0.0875
vn -0.0549 0.6855 -0.7260
vn 0.0416 0.8690 -0.4931
vn -0.0211 0.8753 -0.4831
vn 0.0612 0.6744 -0.7359
vn 0.1050 0.8632 -0.4938
vn 0.1340 0.9576 -0.2551
vn -0.2998 0.8664 -0.3994
vn 0.0182 0.7621 -0.6473
vn -0.2187 0.7927 -0.5690
vn 0.3871 0.8003 -0.4578
vn 0.2662 0.7461 -0.6103
vn 0.0724 0.9675 -0.2422
vn -0.1775 0.9488 -0.2614
vn 0.3074 0.9021 -0.3027
vn 0.1816 0.8121 -0.5545
vn 0.4137 0.7884 -0.4553
vn -0.1150 0.8406 -0.5293
vn 0.2065 0.9062 -0.3691
vn -0.0902 0.9347 -0.3439
vn -0.3274 0.8596 -0.3922
vn 0.0465 0.8881 -0.4574
vn 0.3181 0.7791 -0.5403
vn 0.3109 0.8302 -0.4628
vn -0.2508 0.8338 -0.4918
vn 0.0337 0.8358 -0.5481
vn 0.3374 0.8608 -0.3812
vn -0.2274 0.9150 -0.3331
vn -0.2211 0.8814 -0.4175
vn 0.2420 0.8559 -0.4569
vn 0.0846 0.8699 -0.4859
vn 0.0547 0.9243 -0.3778
vn 0.2743 0.8078 -0.5217
vn 0.5572 0.7508 -0.3547
vn 0.1418 0.8674 -0.4769
vn 0.2421 0.8559 -0.4570
vn 0.1066 0.8345 -0.5407
vn 0.0300 0.8883 -0.4583
vn 0.3038 0.8115 -0.4992
vn 0.5104 0.8263 -0.2381
vn 0.1559 0.8447 -0.5120
vn 0.2421 0.8560 -0.4567
vn 0.1345 0.9238 -0.3585
vn 0.2118 0.9415 -0.2622
vn 0.1974 0.8275 -0.5256
vn 0.4509 0.6359 -0.6264
vn 0.1739 0.9020 -0.3951
vn 0.2424 0.8560 -0.4566
vn 0.2737 0.9109 -0.3089
vn 0.3911 0.8692 -0.3025
vn 0.1574 0.8688 -0.4695
vn 0.1541 0.6635 -0.7322
vn 0.2632 0.8937 -0.3632
vn 0.2726 0.9621 -0.0000
vn 0.1151 0.9934 -0.0000
vn 0.0990 0.9874 0.1236
vn 0.2952 0.9518 -0.0833
vn 0.5855 0.8107 -0.0000
vn 0.1724 0.9850 -0.0000
vn 0.2727 0.9621 -0.0001
vn 0.1292 0.9893 -0.0672
vn 0.0647 0.9971 0.0393
vn 0.3266 0.9429 -0.0655
vn 0.5553 0.8192 0.1432
vn 0.1815 0.9824 -0.0431
vn 0.2728 0.9621 0.0002
vn 0.1799 0.9750 0.1307
vn 0.2663 0.9399 0.2136
vn 0.2201 0.9731 -0.0680
vn 0.4472 0.8499 -0.2787
vn 0.2140 0.9732 0.0839
vn 0.2730 0.9620 0.0003
vn 0.3213 0.9349 0.1511
vn 0.4349 0.8921 0.1225
vn 0.1886 0.9820 0.0052
vn 0.1458 0.9354 -0.3221
vn 0.3048 0.9475 0.0970
vn 0.2141 0.9732 0.0839
vn 0.1459 0.9354 -0.3221
vn 0.1991 0.9650 -0.1707
vn 0.0402 0.9812 -0.1886
vn 0.0136 0.9976 -0.0678
vn 0.2298 0.9410 -0.2485
vn 0.5211 0.8454 -0.1175
vn 0.0978 0.9783 -0.1827
vn 0.1991 0.9650 -0.1708
vn 0.0607 0.9657 -0.2524
vn -0.0136 0.9879 -0.1547
vn 0.2600 0.9385 -0.2270
vn 0.4775 0.8784 0.0185
vn 0.1110 0.9683 -0.2236
vn 0.1992 0.9650 -0.1705
vn 0.0942 0.9942 -0.0524
vn 0.1752 0.9836 0.0420
vn 0.1522 0.9579 -0.2433
vn 0.4060 0.8178 -0.4079
vn 0.1325 0.9866 -0.0953
vn 0.1995 0.9650 -0.1704
vn 0.2358 0.9717 -0.0140
vn 0.3544 0.9348 -0.0251
vn 0.1136 0.9778 -0.1758
vn 0.1043 0.8657 -0.4896
vn 0.2233 0.9722 -0.0707
vn 0.1110 0.9683 -0.2237
vn 0.1994 0.9650 -0.1704
vn 0.2727 0.9621 -0.0000
vn 0.3213 0.9348 0.1511
vn 0.2872 0.8724 -0.3955
vn 0.1302 0.9053 -0.4042
vn 0.1183 0.9502 -0.2884
vn 0.3067 0.8287 -0.4681
vn 0.5975 0.7252 -0.3422
vn 0.1873 0.8961 -0.4023
vn 0.2872 0.8723 -0.3957
vn 0.1420 0.8742 -0.4644
vn 0.0812 0.9260 -0.3686
vn 0.3386 0.8269 -0.4491
vn 0.5723 0.7917 -0.2139
vn 0.1949 0.8761 -0.4409
vn 0.2873 0.8725 -0.3953
vn 0.1991 0.9394 -0.2789
vn 0.2878 0.9384 -0.1911
vn 0.2325 0.8565 -0.4609
vn 0.4504 0.6525 -0.6094
vn 0.2316 0.9180 -0.3218
vn 0.2875 0.8724 -0.3953
vn 0.3405 0.9071 -0.2476
vn 0.4524 0.8533 -0.2593
vn 0.2036 0.8951 -0.3967
vn 0.1491 0.7215 -0.6761
vn 0.3224 0.8972 -0.3018
vn 0.2872 0.8724 -0.3956
vn 0.1491 0.7216 -0.6761
vn 0.1302 0.9053 -0.4043
vn 0.5723 0.7916 -0.2139
vn 0.3223 0.8972 -0.3018
vn 0.1182 0.9502 -0.2884
vn 0.3067 0.8287 -0.4682
vn 0.2876 0.8724 -0.3953
vn 0.1301 0.9053 -0.4042
vn 0.1992 0.9394 -0.2789
vn 0.1967 0.8971 -0.3955
vn 0.0371 0.9139 -0.4042
vn 0.0207 0.9573 -0.2884
vn 0.2205 0.8557 -0.4681
vn 0.5204 0.7824 -0.3422
vn 0.0949 0.9106 -0.4023
vn 0.1967 0.8971 -0.3957
vn 0.0520 0.8841 -0.4644
vn -0.0137 0.9295 -0.3686
vn 0.2524 0.8571 -0.4491
vn 0.4885 0.8459 -0.2139
vn 0.1045 0.8914 -0.4409
vn 0.1968 0.8972 -0.3953
vn 0.1023 0.9549 -0.2789
vn 0.1905 0.9629 -0.1911
vn 0.1439 0.8757 -0.4609
vn 0.3815 0.6951 -0.6094
vn 0.1368 0.9369 -0.3218
vn 0.1970 0.8972 -0.3953
vn 0.2462 0.9371 -0.2476
vn 0.3630 0.8950 -0.2593
vn 0.1112 0.9112 -0.3967
vn 0.0747 0.7330 -0.6761
vn 0.2291 0.9254 -0.3018
vn 0.1967 0.8971 -0.3956
vn 0.3815 0.6950 -0.6094
vn 0.2420 0.9109 -0.3340
vn 0.0846 0.9288 -0.3609
vn 0.0547 0.9677 -0.2462
vn 0.2743 0.8722 -0.4049
vn 0.5572 0.7927 -0.2473
vn 0.1418 0.9251 -0.3522
vn 0.2421 0.9109 -0.3342
vn 0.1066 0.9013 -0.4199
vn 0.0300 0.9432 -0.3309
vn 0.3038 0.8728 -0.3821
vn 0.5104 0.8513 -0.1214
vn 0.1559 0.9074 -0.3902
vn 0.2421 0.9110 -0.3338
vn 0.1345 0.9645 -0.2272
vn 0.2118 0.9687 -0.1294
vn 0.1974 0.8923 -0.4059
vn 0.4509 0.7165 -0.5323
vn 0.1739 0.9480 -0.2664
vn 0.2424 0.9110 -0.3337
vn 0.2737 0.9449 -0.1798
vn 0.3911 0.9027 -0.1792
vn 0.1574 0.9254 -0.3448
vn 0.1541 0.7584 -0.6333
vn 0.2632 0.9354 -0.2360
vn 0.5104 0.8263 -0.2380
vn 0.1974 0.8276 -0.5256
vn 0.0462 0.8883 -0.4569
vn -0.1103 0.8670 -0.4859
vn -0.1516 0.9134 -0.3778
vn 0.0884 0.8485 -0.5217
vn 0.3768 0.8557 -0.3547
vn -0.0540 0.8773 -0.4769
vn 0.0463 0.8883 -0.4570
vn -0.0811 0.8373 -0.5407
vn -0.1678 0.8728 -0.4583
vn 0.1163 0.8586 -0.4993
vn 0.3145 0.9189 -0.2380
vn -0.0353 0.8583 -0.5120
vn 0.0463 0.8884 -0.4567
vn -0.0737 0.9306 -0.3585
vn -0.0022 0.9650 -0.2622
vn 0.0090 0.8507 -0.5256
vn 0.2986 0.7200 -0.6264
vn -0.0305 0.9181 -0.3951
vn 0.0466 0.8885 -0.4566
vn 0.0649 0.9489 -0.3089
vn 0.1887 0.9343 -0.3025
vn -0.0392 0.8820 -0.4695
vn 0.0032 0.6811 -0.7322
vn 0.0585 0.9299 -0.3632
vt 0.402623 0.647128
vt 0.458996 0.698746
vt 0.402635 0.750375
vt 0.515368 0.750364
vt 0.515345 0.543870
vt 0.515357 0.647117
vt 0.402612 0.543881
vt 0.628090 0.647106
vt 0.628102 0.750353
vt 0.571717 0.595488
vt 0.628078 0.543859
vt 0.622243 0.886835
vt 0.562710 0.837193
vt 0.622231 0.787540
vt 0.503176 0.787551
vt 0.384146 0.986151
vt 0.443667 0.936498
vt 0.503201 0.986140
vt 0.384133 0.886856
vt 0.503188 0.886846
vt 0.622256 0.986130
vt 0.384121 0.787561
vt 0.420368 0.173480
vt 0.489962 0.240367
vt 0.420372 0.240379
vt 0.559548 0.173457
vt 0.559552 0.240355
vt 0.489953 0.095420
vt 0.420363 0.095432
vt 0.559543 0.095408
vt 0.489948 0.017372
vt 0.420357 0.017383
vt 0.559538 0.017360
vt 0.839365 0.387534
vt 0.775492 0.496439
vt 0.775485 0.387546
vt 0.903252 0.496416
vt 0.839372 0.496427
vt 0.775478 0.278653
vt 0.903239 0.278630
vt 0.903246 0.387523
vt 0.033069 0.648911
vt 0.168144 0.753276
vt 0.033083 0.753287
vt 0.168116 0.544524
vt 0.033055 0.544534
vt 0.303190 0.648889
vt 0.168130 0.648900
vt 0.303204 0.753265
vt 0.211612 0.170773
vt 0.270804 0.120273
vt 0.270817 0.221262
vt 0.152419 0.221272
vt 0.152407 0.120284
vt 0.034021 0.221283
vt 0.034009 0.120294
vt 0.152394 0.019295
vt 0.093202 0.069795
vt 0.033997 0.019305
vt 0.508947 0.469216
vt 0.435934 0.522552
vt 0.435931 0.469230
vt 0.581967 0.522526
vt 0.508950 0.522539
vt 0.435919 0.268634
vt 0.508940 0.344796
vt 0.435923 0.344810
vt 0.581951 0.268608
vt 0.581956 0.344783
vt 0.581963 0.469203
vt 0.041714 0.389090
vt 0.119250 0.502436
vt 0.041722 0.502448
vt 0.196769 0.389066
vt 0.196778 0.502424
vt 0.119234 0.275721
vt 0.041706 0.275733
vt 0.196761 0.275709
vt 0.834230 0.628606
vt 0.762013 0.721701
vt 0.762006 0.628616
vt 0.906462 0.721681
vt 0.834238 0.721691
vt 0.761998 0.535531
vt 0.906447 0.535512
vt 0.906454 0.628597
vt 0.814073 0.881552
vt 0.745851 0.986116
vt 0.745844 0.881563
vt 0.882309 0.986094
vt 0.814080 0.986105
vt 0.745837 0.777009
vt 0.882295 0.776988
vt 0.882302 0.881541
vt 0.489958 0.173468
vt 0.839359 0.278642
vt 0.303176 0.544513
vt 0.270792 0.019284
vt 0.508935 0.268621
vt 0.119242 0.389078
vt 0.834223 0.535522
vt 0.814066 0.776998
s 1
usemtl leaves9.001
f 5/1/1 6/2/2 3/3/3
f 3/3/3 6/2/2 7/4/4
f 9/5/5 8/6/6 1/7/7
f 8/6/6 11/8/8 4/9/9
f 7/4/4 8/6/6 4/9/9
f 8/6/6 5/1/1 1/7/7
f 10/10/10 9/5/5 2/11/11
f 11/8/8 10/10/10 2/11/11
f 107/1/90 108/2/91 105/3/92
f 105/3/92 108/2/91 109/4/93
f 111/5/94 110/6/95 103/7/96
f 110/6/95 113/8/97 106/9/98
f 109/4/93 110/6/95 106/9/98
f 110/6/95 107/1/90 103/7/96
f 112/10/99 111/5/94 104/11/100
f 113/8/97 112/10/99 104/11/100
f 209/1/178 210/2/179 207/3/180
f 207/3/180 210/2/179 211/4/181
f 213/5/182 212/6/183 205/7/184
f 212/6/183 215/8/185 208/9/186
f 211/4/181 212/6/183 208/9/186
f 212/6/183 209/1/178 205/7/184
f 214/10/187 213/5/182 206/11/188
f 215/8/185 214/10/187 206/11/188
f 311/1/266 312/2/267 309/3/268
f 309/3/268 312/2/267 313/4/269
f 315/5/270 314/6/271 307/7/272
f 314/6/271 317/8/273 310/9/274
f 313/4/269 314/6/271 310/9/274
f 314/6/271 311/1/266 307/7/272
f 316/10/275 315/5/270 308/11/276
f 317/8/273 316/10/275 308/11/276
f 413/1/354 414/2/355 411/3/356
f 411/3/356 414/2/355 415/4/357
f 417/5/358 416/6/359 409/7/360
f 416/6/359 419/8/361 412/9/362
f 415/4/357 416/6/359 412/9/362
f 416/6/359 413/1/354 409/7/360
f 418/10/363 417/5/358 410/11/364
f 419/8/361 418/10/363 410/11/364
f 515/1/443 516/2/444 513/3/445
f 513/3/445 516/2/444 517/4/446
f 519/5/447 518/6/359 511/7/448
f 518/6/359 521/8/449 514/9/450
f 517/4/446 518/6/359 514/9/450
f 518/6/359 515/1/443 511/7/448
f 520/10/451 519/5/447 512/11/452
f 521/8/449 520/10/451 512/11/452
f 617/1/530 618/2/531 615/3/532
f 615/3/532 618/2/531 619/4/533
f 621/5/534 620/6/535 613/7/536
f 620/6/535 623/8/537 616/9/538
f 619/4/533 620/6/535 616/9/538
f 620/6/535 617/1/530 613/7/536
f 622/10/539 621/5/534 614/11/540
f 623/8/537 622/10/539 614/11/540
f 719/1/618 720/2/619 717/3/620
f 717/3/620 720/2/619 721/4/621
f 723/5/622 722/6/623 715/7/624
f 722/6/623 725/8/625 718/9/626
f 721/4/621 722/6/623 718/9/626
f 722/6/623 719/1/618 715/7/624
f 724/10/627 723/5/622 716/11/628
f 725/8/625 724/10/627 716/11/628
f 821/1/354 822/2/355 819/3/356
f 819/3/356 822/2/355 823/4/706
f 825/5/358 824/6/359 817/7/360
f 824/6/359 827/8/361 820/9/362
f 823/4/706 824/6/359 820/9/362
f 824/6/359 821/1/354 817/7/360
f 826/10/707 825/5/358 818/11/364
f 827/8/361 826/10/707 818/11/364
f 923/1/443 924/2/444 921/3/445
f 921/3/445 924/2/444 925/4/446
f 927/5/447 926/6/359 919/7/448
f 926/6/359 929/8/449 922/9/450
f 925/4/446 926/6/359 922/9/450
f 926/6/359 923/1/443 919/7/448
f 928/10/451 927/5/447 920/11/452
f 929/8/449 928/10/451 920/11/452
f 1025/1/530 1026/2/531 1023/3/532
f 1023/3/532 1026/2/531 1027/4/533
f 1029/5/717 1028/6/535 1021/7/536
f 1028/6/535 1031/8/718 1024/9/538
f 1027/4/533 1028/6/535 1024/9/538
f 1028/6/535 1025/1/530 1021/7/536
f 1030/10/539 1029/5/717 1022/11/540
f 1031/8/718 1030/10/539 1022/11/540
f 1127/1/618 1128/2/619 1125/3/620
f 1125/3/620 1128/2/619 1129/4/621
f 1131/5/722 1130/6/623 1123/7/624
f 1130/6/623 1133/8/625 1126/9/626
f 1129/4/621 1130/6/623 1126/9/626
f 1130/6/623 1127/1/618 1123/7/624
f 1132/10/723 1131/5/722 1124/11/628
f 1133/8/625 1132/10/723 1124/11/628
f 1229/1/729 1230/2/730 1227/3/731
f 1227/3/731 1230/2/730 1231/4/732
f 1233/5/733 1232/6/734 1225/7/735
f 1232/6/734 1235/8/736 1228/9/737
f 1231/4/732 1232/6/734 1228/9/737
f 1232/6/734 1229/1/729 1225/7/735
f 1234/10/738 1233/5/733 1226/11/739
f 1235/8/736 1234/10/738 1226/11/739
f 1331/1/818 1332/2/819 1329/3/820
f 1329/3/820 1332/2/819 1333/4/821
f 1335/5/822 1334/6/823 1327/7/824
f 1334/6/823 1337/8/825 1330/9/826
f 1333/4/821 1334/6/823 1330/9/826
f 1334/6/823 1331/1/818 1327/7/824
f 1336/10/827 1335/5/822 1328/11/828
f 1337/8/825 1336/10/827 1328/11/828
f 1433/1/906 1434/2/907 1431/3/908
f 1431/3/908 1434/2/907 1435/4/909
f 1437/5/910 1436/6/911 1429/7/912
f 1436/6/911 1439/8/913 1432/9/914
f 1435/4/909 1436/6/911 1432/9/914
f 1436/6/911 1433/1/906 1429/7/912
f 1438/10/915 1437/5/910 1430/11/916
f 1439/8/913 1438/10/915 1430/11/916
f 1535/1/994 1536/2/995 1533/3/996
f 1533/3/996 1536/2/995 1537/4/997
f 1539/5/998 1538/6/999 1531/7/1000
f 1538/6/999 1541/8/1001 1534/9/1002
f 1537/4/997 1538/6/999 1534/9/1002
f 1538/6/999 1535/1/994 1531/7/1000
f 1540/10/1003 1539/5/998 1532/11/1004
f 1541/8/1001 1540/10/1003 1532/11/1004
f 1637/1/729 1638/2/1082 1635/3/731
f 1635/3/731 1638/2/1082 1639/4/732
f 1641/5/733 1640/6/734 1633/7/735
f 1640/6/734 1643/8/736 1636/9/737
f 1639/4/732 1640/6/734 1636/9/737
f 1640/6/734 1637/1/729 1633/7/735
f 1642/10/1083 1641/5/733 1634/11/739
f 1643/8/736 1642/10/1083 1634/11/739
f 1739/1/818 1740/2/819 1737/3/820
f 1737/3/820 1740/2/819 1741/4/821
f 1743/5/822 1742/6/823 1735/7/824
f 1742/6/823 1745/8/1094 1738/9/826
f 1741/4/821 1742/6/823 1738/9/826
f 1742/6/823 1739/1/818 1735/7/824
f 1744/10/1095 1743/5/822 1736/11/828
f 1745/8/1094 1744/10/1095 1736/11/828
f 1841/1/906 1842/2/907 1839/3/908
f 1839/3/908 1842/2/907 1843/4/909
f 1845/5/910 1844/6/911 1837/7/912
f 1844/6/911 1847/8/913 1840/9/914
f 1843/4/909 1844/6/911 1840/9/914
f 1844/6/911 1841/1/906 1837/7/912
f 1846/10/915 1845/5/910 1838/11/1107
f 1847/8/913 1846/10/915 1838/11/1107
f 1943/1/994 1944/2/995 1941/3/996
f 1941/3/996 1944/2/995 1945/4/997
f 1947/5/998 1946/6/999 1939/7/1000
f 1946/6/999 1949/8/1001 1942/9/1002
f 1945/4/997 1946/6/999 1942/9/1002
f 1946/6/999 1943/1/994 1939/7/1000
f 1948/10/1003 1947/5/998 1940/11/1004
f 1949/8/1001 1948/10/1003 1940/11/1004
f 2045/1/354 2046/2/355 2043/3/356
f 2043/3/356 2046/2/355 2047/4/357
f 2049/5/358 2048/6/359 2041/7/360
f 2048/6/359 2051/8/361 2044/9/362
f 2047/4/357 2048/6/359 2044/9/362
f 2048/6/359 2045/1/354 2041/7/360
f 2050/10/1121 2049/5/358 2042/11/364
f 2051/8/361 2050/10/1121 2042/11/364
f 2147/1/443 2148/2/444 2145/3/445
f 2145/3/445 2148/2/444 2149/4/446
f 2151/5/447 2150/6/359 2143/7/448
f 2150/6/359 2153/8/449 2146/9/450
f 2149/4/446 2150/6/359 2146/9/450
f 2150/6/359 2147/1/443 2143/7/448
f 2152/10/451 2151/5/447 2144/11/452
f 2153/8/449 2152/10/451 2144/11/452
f 2249/1/530 2250/2/1131 2247/3/532
f 2247/3/532 2250/2/1131 2251/4/533
f 2253/5/534 2252/6/535 2245/7/536
f 2252/6/535 2255/8/718 2248/9/538
f 2251/4/533 2252/6/535 2248/9/538
f 2252/6/535 2249/1/530 2245/7/536
f 2254/10/1132 2253/5/534 2246/11/540
f 2255/8/718 2254/10/1132 2246/11/540
f 2351/1/618 2352/2/619 2349/3/620
f 2349/3/620 2352/2/619 2353/4/621
f 2355/5/722 2354/6/623 2347/7/624
f 2354/6/623 2357/8/625 2350/9/626
f 2353/4/621 2354/6/623 2350/9/626
f 2354/6/623 2351/1/618 2347/7/624
f 2356/10/1136 2355/5/722 2348/11/628
f 2357/8/625 2356/10/1136 2348/11/628
f 2453/1/354 2454/2/355 2451/3/356
f 2451/3/356 2454/2/355 2455/4/357
f 2457/5/358 2456/6/359 2449/7/360
f 2456/6/359 2459/8/361 2452/9/362
f 2455/4/357 2456/6/359 2452/9/362
f 2456/6/359 2453/1/354 2449/7/360
f 2458/10/1121 2457/5/358 2450/11/364
f 2459/8/361 2458/10/1121 2450/11/364
f 2555/1/443 2556/2/1143 2553/3/445
f 2553/3/445 2556/2/1143 2557/4/446
f 2559/5/447 2558/6/359 2551/7/448
f 2558/6/359 2561/8/449 2554/9/450
f 2557/4/446 2558/6/359 2554/9/450
f 2558/6/359 2555/1/443 2551/7/448
f 2560/10/451 2559/5/447 2552/11/452
f 2561/8/449 2560/10/451 2552/11/452
f 2657/1/530 2658/2/531 2655/3/532
f 2655/3/532 2658/2/531 2659/4/533
f 2661/5/717 2660/6/535 2653/7/536
f 2660/6/535 2663/8/718 2656/9/538
f 2659/4/533 2660/6/535 2656/9/538
f 2660/6/535 2657/1/530 2653/7/536
f 2662/10/539 2661/5/717 2654/11/540
f 2663/8/718 2662/10/539 2654/11/540
f 2759/1/618 2760/2/619 2757/3/620
f 2757/3/620 2760/2/619 2761/4/621
f 2763/5/722 2762/6/623 2755/7/624
f 2762/6/623 2765/8/625 2758/9/626
f 2761/4/621 2762/6/623 2758/9/626
f 2762/6/623 2759/1/618 2755/7/624
f 2764/10/1136 2763/5/722 2756/11/628
f 2765/8/625 2764/10/1136 2756/11/628
f 2861/1/354 2862/2/355 2859/3/356
f 2859/3/356 2862/2/355 2863/4/706
f 2865/5/358 2864/6/359 2857/7/360
f 2864/6/359 2867/8/361 2860/9/362
f 2863/4/706 2864/6/359 2860/9/362
f 2864/6/359 2861/1/354 2857/7/360
f 2866/10/1121 2865/5/358 2858/11/364
f 2867/8/361 2866/10/1121 2858/11/364
f 2963/1/443 2964/2/1143 2961/3/445
f 2961/3/445 2964/2/1143 2965/4/446
f 2967/5/447 2966/6/359 2959/7/448
f 2966/6/359 2969/8/449 2962/9/450
f 2965/4/446 2966/6/359 2962/9/450
f 2966/6/359 2963/1/443 2959/7/448
f 2968/10/1153 2967/5/447 2960/11/452
f 2969/8/449 2968/10/1153 2960/11/452
f 3065/1/1155 3066/2/1131 3063/3/532
f 3063/3/532 3066/2/1131 3067/4/533
f 3069/5/717 3068/6/535 3061/7/536
f 3068/6/535 3071/8/718 3064/9/538
f 3067/4/533 3068/6/535 3064/9/538
f 3068/6/535 3065/1/1155 3061/7/536
f 3070/10/1132 3069/5/717 3062/11/540
f 3071/8/718 3070/10/1132 3062/11/540
f 3167/1/618 3168/2/619 3165/3/620
f 3165/3/620 3168/2/619 3169/4/621
f 3171/5/722 3170/6/623 3163/7/624
f 3170/6/623 3173/8/625 3166/9/626
f 3169/4/621 3170/6/623 3166/9/626
f 3170/6/623 3167/1/618 3163/7/624
f 3172/10/1136 3171/5/722 3164/11/1159
f 3173/8/625 3172/10/1136 3164/11/1159
f 3269/1/1162 3270/2/1163 3267/3/1164
f 3267/3/1164 3270/2/1163 3271/4/1165
f 3273/5/1166 3272/6/1167 3265/7/1168
f 3272/6/1167 3275/8/1169 3268/9/1170
f 3271/4/1165 3272/6/1167 3268/9/1170
f 3272/6/1167 3269/1/1162 3265/7/1168
f 3274/10/1171 3273/5/1166 3266/11/1172
f 3275/8/1169 3274/10/1171 3266/11/1172
f 3371/1/1251 3372/2/1252 3369/3/1253
f 3369/3/1253 3372/2/1252 3373/4/1254
f 3375/5/1255 3374/6/1167 3367/7/1256
f 3374/6/1167 3377/8/1257 3370/9/1258
f 3373/4/1254 3374/6/1167 3370/9/1258
f 3374/6/1167 3371/1/1251 3367/7/1256
f 3376/10/1259 3375/5/1255 3368/11/1260
f 3377/8/1257 3376/10/1259 3368/11/1260
f 3473/1/1338 3474/2/1339 3471/3/1340
f 3471/3/1340 3474/2/1339 3475/4/1341
f 3477/5/1342 3476/6/1343 3469/7/1344
f 3476/6/1343 3479/8/1345 3472/9/1346
f 3475/4/1341 3476/6/1343 3472/9/1346
f 3476/6/1343 3473/1/1338 3469/7/1344
f 3478/10/1347 3477/5/1342 3470/11/1348
f 3479/8/1345 3478/10/1347 3470/11/1348
f 3575/1/1426 3576/2/1427 3573/3/1428
f 3573/3/1428 3576/2/1427 3577/4/1429
f 3579/5/1430 3578/6/1431 3571/7/1432
f 3578/6/1431 3581/8/1433 3574/9/1434
f 3577/4/1429 3578/6/1431 3574/9/1434
f 3578/6/1431 3575/1/1426 3571/7/1432
f 3580/10/1435 3579/5/1430 3572/11/1436
f 3581/8/1433 3580/10/1435 3572/11/1436
f 3677/1/1162 3678/2/1163 3675/3/1164
f 3675/3/1164 3678/2/1163 3679/4/1165
f 3681/5/1166 3680/6/1167 3673/7/1168
f 3680/6/1167 3683/8/1169 3676/9/1170
f 3679/4/1165 3680/6/1167 3676/9/1170
f 3680/6/1167 3677/1/1162 3673/7/1168
f 3682/10/1171 3681/5/1166 3674/11/1172
f 3683/8/1169 3682/10/1171 3674/11/1172
f 3779/1/1251 3780/2/1252 3777/3/1253
f 3777/3/1253 3780/2/1252 3781/4/1254
f 3783/5/1255 3782/6/1167 3775/7/1256
f 3782/6/1167 3785/8/1257 3778/9/1258
f 3781/4/1254 3782/6/1167 3778/9/1258
f 3782/6/1167 3779/1/1251 3775/7/1256
f 3784/10/1259 3783/5/1255 3776/11/1520
f 3785/8/1257 3784/10/1259 3776/11/1520
f 3881/1/1338 3882/2/1535 3879/3/1340
f 3879/3/1340 3882/2/1535 3883/4/1341
f 3885/5/1342 3884/6/1343 3877/7/1344
f 3884/6/1343 3887/8/1345 3880/9/1346
f 3883/4/1341 3884/6/1343 3880/9/1346
f 3884/6/1343 3881/1/1338 3877/7/1344
f 3886/10/1347 3885/5/1342 3878/11/1348
f 3887/8/1345 3886/10/1347 3878/11/1348
f 3983/1/1426 3984/2/1544 3981/3/1428
f 3981/3/1428 3984/2/1544 3985/4/1429
f 3987/5/1430 3986/6/1431 3979/7/1432
f 3986/6/1431 3989/8/1433 3982/9/1434
f 3985/4/1429 3986/6/1431 3982/9/1434
f 3986/6/1431 3983/1/1426 3979/7/1432
f 3988/10/1545 3987/5/1430 3980/11/1436
f 3989/8/1433 3988/10/1545 3980/11/1436
f 4085/1/1162 4086/2/1163 4083/3/1164
f 4083/3/1164 4086/2/1163 4087/4/1165
f 4089/5/1166 4088/6/1558 4081/7/1168
f 4088/6/1558 4091/8/1169 4084/9/1559
f 4087/4/1165 4088/6/1558 4084/9/1559
f 4088/6/1558 4085/1/1162 4081/7/1168
f 4090/10/1560 4089/5/1166 4082/11/1172
f 4091/8/1169 4090/10/1560 4082/11/1172
f 4187/1/1251 4188/2/1252 4185/3/1253
f 4185/3/1253 4188/2/1252 4189/4/1254
f 4191/5/1255 4190/6/1167 4183/7/1256
f 4190/6/1167 4193/8/1257 4186/9/1258
f 4189/4/1254 4190/6/1167 4186/9/1258
f 4190/6/1167 4187/1/1251 4183/7/1256
f 4192/10/1259 4191/5/1255 4184/11/1520
f 4193/8/1257 4192/10/1259 4184/11/1520
f 4289/1/1571 4290/2/1339 4287/3/1340
f 4287/3/1340 4290/2/1339 4291/4/1341
f 4293/5/1342 4292/6/1343 4285/7/1572
f 4292/6/1343 4295/8/1345 4288/9/1346
f 4291/4/1341 4292/6/1343 4288/9/1346
f 4292/6/1343 4289/1/1571 4285/7/1572
f 4294/10/1347 4293/5/1342 4286/11/1348
f 4295/8/1345 4294/10/1347 4286/11/1348
f 4391/1/1426 4392/2/1544 4389/3/1428
f 4389/3/1428 4392/2/1544 4393/4/1429
f 4395/5/1430 4394/6/1431 4387/7/1432
f 4394/6/1431 4397/8/1433 4390/9/1434
f 4393/4/1429 4394/6/1431 4390/9/1434
f 4394/6/1431 4391/1/1426 4387/7/1432
f 4396/10/1545 4395/5/1430 4388/11/1436
f 4397/8/1433 4396/10/1545 4388/11/1436
f 4493/1/1162 4494/2/1163 4491/3/1583
f 4491/3/1583 4494/2/1163 4495/4/1165
f 4497/5/1166 4496/6/1558 4489/7/1168
f 4496/6/1558 4499/8/1169 4492/9/1584
f 4495/4/1165 4496/6/1558 4492/9/1584
f 4496/6/1558 4493/1/1162 4489/7/1168
f 4498/10/1585 4497/5/1166 4490/11/1172
f 4499/8/1169 4498/10/1585 4490/11/1172
f 4595/1/1589 4596/2/1590 4593/3/1253
f 4593/3/1253 4596/2/1590 4597/4/1254
f 4599/5/1255 4598/6/1167 4591/7/1256
f 4598/6/1167 4601/8/1591 4594/9/1258
f 4597/4/1254 4598/6/1167 4594/9/1258
f 4598/6/1167 4595/1/1589 4591/7/1256
f 4600/10/1592 4599/5/1255 4592/11/1520
f 4601/8/1591 4600/10/1592 4592/11/1520
f 4697/1/1571 4698/2/1535 4695/3/1340
f 4695/3/1340 4698/2/1535 4699/4/1341
f 4701/5/1342 4700/6/1343 4693/7/1344
f 4700/6/1343 4703/8/1345 4696/9/1346
f 4699/4/1341 4700/6/1343 4696/9/1346
f 4700/6/1343 4697/1/1571 4693/7/1344
f 4702/10/1347 4701/5/1342 4694/11/1348
f 4703/8/1345 4702/10/1347 4694/11/1348
f 4799/1/1426 4800/2/1427 4797/3/1428
f 4797/3/1428 4800/2/1427 4801/4/1429
f 4803/5/1430 4802/6/1431 4795/7/1432
f 4802/6/1431 4805/8/1433 4798/9/1434
f 4801/4/1429 4802/6/1431 4798/9/1434
f 4802/6/1431 4799/1/1426 4795/7/1432
f 4804/10/1545 4803/5/1430 4796/11/1436
f 4805/8/1433 4804/10/1545 4796/11/1436
f 4901/1/1162 4902/2/1163 4899/3/1164
f 4899/3/1164 4902/2/1163 4903/4/1165
f 4905/5/1166 4904/6/1167 4897/7/1168
f 4904/6/1167 4907/8/1169 4900/9/1559
f 4903/4/1165 4904/6/1167 4900/9/1559
f 4904/6/1167 4901/1/1162 4897/7/1168
f 4906/10/1560 4905/5/1166 4898/11/1172
f 4907/8/1169 4906/10/1560 4898/11/1172
f 5003/1/1251 5004/2/1590 5001/3/1253
f 5001/3/1253 5004/2/1590 5005/4/1254
f 5007/5/1255 5006/6/1167 4999/7/1256
f 5006/6/1167 5009/8/1257 5002/9/1258
f 5005/4/1254 5006/6/1167 5002/9/1258
f 5006/6/1167 5003/1/1251 4999/7/1256
f 5008/10/1592 5007/5/1255 5000/11/1520
f 5009/8/1257 5008/10/1592 5000/11/1520
f 5105/1/1571 5106/2/1339 5103/3/1340
f 5103/3/1340 5106/2/1339 5107/4/1341
f 5109/5/1342 5108/6/1343 5101/7/1344
f 5108/6/1343 5111/8/1345 5104/9/1346
f 5107/4/1341 5108/6/1343 5104/9/1346
f 5108/6/1343 5105/1/1571 5101/7/1344
f 5110/10/1347 5109/5/1342 5102/11/1348
f 5111/8/1345 5110/10/1347 5102/11/1348
f 5207/1/1426 5208/2/1427 5205/3/1428
f 5205/3/1428 5208/2/1427 5209/4/1429
f 5211/5/1430 5210/6/1431 5203/7/1432
f 5210/6/1431 5213/8/1433 5206/9/1434
f 5209/4/1429 5210/6/1431 5206/9/1434
f 5210/6/1431 5207/1/1426 5203/7/1432
f 5212/10/1435 5211/5/1430 5204/11/1436
f 5213/8/1433 5212/10/1435 5204/11/1436
f 5309/1/1162 5310/2/1163 5307/3/1164
f 5307/3/1164 5310/2/1163 5311/4/1165
f 5313/5/1166 5312/6/1558 5305/7/1168
f 5312/6/1558 5315/8/1169 5308/9/1618
f 5311/4/1165 5312/6/1558 5308/9/1618
f 5312/6/1558 5309/1/1162 5305/7/1168
f 5314/10/1619 5313/5/1166 5306/11/1172
f 5315/8/1169 5314/10/1619 5306/11/1172
f 5411/1/1251 5412/2/1252 5409/3/1253
f 5409/3/1253 5412/2/1252 5413/4/1254
f 5415/5/1255 5414/6/1167 5407/7/1256
f 5414/6/1167 5417/8/1257 5410/9/1258
f 5413/4/1254 5414/6/1167 5410/9/1258
f 5414/6/1167 5411/1/1251 5407/7/1256
f 5416/10/1592 5415/5/1255 5408/11/1260
f 5417/8/1257 5416/10/1592 5408/11/1260
f 5513/1/1571 5514/2/1339 5511/3/1340
f 5511/3/1340 5514/2/1339 5515/4/1341
f 5517/5/1342 5516/6/1343 5509/7/1344
f 5516/6/1343 5519/8/1345 5512/9/1346
f 5515/4/1341 5516/6/1343 5512/9/1346
f 5516/6/1343 5513/1/1571 5509/7/1344
f 5518/10/1347 5517/5/1342 5510/11/1348
f 5519/8/1345 5518/10/1347 5510/11/1348
f 5615/1/1426 5616/2/1544 5613/3/1428
f 5613/3/1428 5616/2/1544 5617/4/1429
f 5619/5/1430 5618/6/1431 5611/7/1432
f 5618/6/1431 5621/8/1433 5614/9/1434
f 5617/4/1429 5618/6/1431 5614/9/1434
f 5618/6/1431 5615/1/1426 5611/7/1432
f 5620/10/1545 5619/5/1430 5612/11/1436
f 5621/8/1433 5620/10/1545 5612/11/1436
f 5717/1/1629 5718/2/1630 5715/3/1631
f 5715/3/1631 5718/2/1630 5719/4/1632
f 5721/5/1633 5720/6/1634 5713/7/1635
f 5720/6/1634 5723/8/1636 5716/9/1637
f 5719/4/1632 5720/6/1634 5716/9/1637
f 5720/6/1634 5717/1/1629 5713/7/1635
f 5722/10/1638 5721/5/1633 5714/11/1639
f 5723/8/1636 5722/10/1638 5714/11/1639
f 5819/1/1718 5820/2/1719 5817/3/1720
f 5817/3/1720 5820/2/1719 5821/4/1721
f 5823/5/1722 5822/6/1634 5815/7/1723
f 5822/6/1634 5825/8/1724 5818/9/1725
f 5821/4/1721 5822/6/1634 5818/9/1725
f 5822/6/1634 5819/1/1718 5815/7/1723
f 5824/10/1726 5823/5/1722 5816/11/1727
f 5825/8/1724 5824/10/1726 5816/11/1727
f 5921/1/1805 5922/2/1806 5919/3/1807
f 5919/3/1807 5922/2/1806 5923/4/1808
f 5925/5/1809 5924/6/1810 5917/7/1811
f 5924/6/1810 5927/8/1812 5920/9/1813
f 5923/4/1808 5924/6/1810 5920/9/1813
f 5924/6/1810 5921/1/1805 5917/7/1811
f 5926/10/1814 5925/5/1809 5918/11/1815
f 5927/8/1812 5926/10/1814 5918/11/1815
f 6023/1/1893 6024/2/1894 6021/3/1895
f 6021/3/1895 6024/2/1894 6025/4/1896
f 6027/5/1897 6026/6/1898 6019/7/1899
f 6026/6/1898 6029/8/1900 6022/9/1901
f 6025/4/1896 6026/6/1898 6022/9/1901
f 6026/6/1898 6023/1/1893 6019/7/1899
f 6028/10/1902 6027/5/1897 6020/11/1903
f 6029/8/1900 6028/10/1902 6020/11/1903
f 6125/1/1629 6126/2/1630 6123/3/1631
f 6123/3/1631 6126/2/1630 6127/4/1632
f 6129/5/1633 6128/6/1634 6121/7/1635
f 6128/6/1634 6131/8/1636 6124/9/1637
f 6127/4/1632 6128/6/1634 6124/9/1637
f 6128/6/1634 6125/1/1629 6121/7/1635
f 6130/10/1981 6129/5/1633 6122/11/1639
f 6131/8/1636 6130/10/1981 6122/11/1639
f 6227/1/1990 6228/2/1719 6225/3/1720
f 6225/3/1720 6228/2/1719 6229/4/1721
f 6231/5/1722 6230/6/1634 6223/7/1723
f 6230/6/1634 6233/8/1724 6226/9/1725
f 6229/4/1721 6230/6/1634 6226/9/1725
f 6230/6/1634 6227/1/1990 6223/7/1723
f 6232/10/1991 6231/5/1722 6224/11/1727
f 6233/8/1724 6232/10/1991 6224/11/1727
f 6329/1/1805 6330/2/1806 6327/3/1807
f 6327/3/1807 6330/2/1806 6331/4/1808
f 6333/5/1809 6332/6/1810 6325/7/1811
f 6332/6/1810 6335/8/1812 6328/9/1813
f 6331/4/1808 6332/6/1810 6328/9/1813
f 6332/6/1810 6329/1/1805 6325/7/1811
f 6334/10/1814 6333/5/1809 6326/11/1999
f 6335/8/1812 6334/10/1814 6326/11/1999
f 6431/1/1893 6432/2/1894 6429/3/1895
f 6429/3/1895 6432/2/1894 6433/4/1896
f 6435/5/1897 6434/6/1898 6427/7/1899
f 6434/6/1898 6437/8/2008 6430/9/1901
f 6433/4/1896 6434/6/1898 6430/9/1901
f 6434/6/1898 6431/1/1893 6427/7/1899
f 6436/10/1902 6435/5/1897 6428/11/1903
f 6437/8/2008 6436/10/1902 6428/11/1903
f 6533/1/2016 6534/2/2017 6531/3/2018
f 6531/3/2018 6534/2/2017 6535/4/2019
f 6537/5/2020 6536/6/2021 6529/7/2022
f 6536/6/2021 6539/8/2023 6532/9/2024
f 6535/4/2019 6536/6/2021 6532/9/2024
f 6536/6/2021 6533/1/2016 6529/7/2022
f 6538/10/2025 6537/5/2020 6530/11/2026
f 6539/8/2023 6538/10/2025 6530/11/2026
f 6635/1/2105 6636/2/2106 6633/3/2107
f 6633/3/2107 6636/2/2106 6637/4/2108
f 6639/5/2109 6638/6/2110 6631/7/2111
f 6638/6/2110 6641/8/2112 6634/9/2113
f 6637/4/2108 6638/6/2110 6634/9/2113
f 6638/6/2110 6635/1/2105 6631/7/2111
f 6640/10/2114 6639/5/2109 6632/11/2115
f 6641/8/2112 6640/10/2114 6632/11/2115
f 6737/1/2193 6738/2/2194 6735/3/2195
f 6735/3/2195 6738/2/2194 6739/4/2196
f 6741/5/2197 6740/6/2198 6733/7/2199
f 6740/6/2198 6743/8/2200 6736/9/2201
f 6739/4/2196 6740/6/2198 6736/9/2201
f 6740/6/2198 6737/1/2193 6733/7/2199
f 6742/10/2202 6741/5/2197 6734/11/2203
f 6743/8/2200 6742/10/2202 6734/11/2203
f 6839/1/2281 6840/2/2282 6837/3/2283
f 6837/3/2283 6840/2/2282 6841/4/2284
f 6843/5/2285 6842/6/2286 6835/7/2287
f 6842/6/2286 6845/8/2288 6838/9/2289
f 6841/4/2284 6842/6/2286 6838/9/2289
f 6842/6/2286 6839/1/2281 6835/7/2287
f 6844/10/2290 6843/5/2285 6836/11/2291
f 6845/8/2288 6844/10/2290 6836/11/2291
f 6941/1/1 6942/2/2369 6939/3/3
f 6939/3/3 6942/2/2369 6943/4/4
f 6945/5/5 6944/6/6 6937/7/7
f 6944/6/6 6947/8/8 6940/9/9
f 6943/4/4 6944/6/6 6940/9/9
f 6944/6/6 6941/1/1 6937/7/7
f 6946/10/2370 6945/5/5 6938/11/11
f 6947/8/8 6946/10/2370 6938/11/11
f 7043/1/90 7044/2/91 7041/3/92
f 7041/3/92 7044/2/91 7045/4/93
f 7047/5/94 7046/6/95 7039/7/96
f 7046/6/95 7049/8/97 7042/9/98
f 7045/4/93 7046/6/95 7042/9/98
f 7046/6/95 7043/1/90 7039/7/96
f 7048/10/99 7047/5/94 7040/11/100
f 7049/8/97 7048/10/99 7040/11/100
f 7145/1/178 7146/2/179 7143/3/180
f 7143/3/180 7146/2/179 7147/4/181
f 7149/5/182 7148/6/183 7141/7/184
f 7148/6/183 7151/8/2392 7144/9/186
f 7147/4/181 7148/6/183 7144/9/186
f 7148/6/183 7145/1/178 7141/7/184
f 7150/10/2393 7149/5/182 7142/11/188
f 7151/8/2392 7150/10/2393 7142/11/188
f 7247/1/266 7248/2/267 7245/3/2403
f 7245/3/2403 7248/2/267 7249/4/269
f 7251/5/270 7250/6/271 7243/7/272
f 7250/6/271 7253/8/273 7246/9/274
f 7249/4/269 7250/6/271 7246/9/274
f 7250/6/271 7247/1/266 7243/7/272
f 7252/10/275 7251/5/270 7244/11/276
f 7253/8/273 7252/10/275 7244/11/276
f 7349/1/2411 7350/2/2412 7347/3/2413
f 7347/3/2413 7350/2/2412 7351/4/2414
f 7353/5/2415 7352/6/2416 7345/7/2417
f 7352/6/2416 7355/8/2418 7348/9/2419
f 7351/4/2414 7352/6/2416 7348/9/2419
f 7352/6/2416 7349/1/2411 7345/7/2417
f 7354/10/2420 7353/5/2415 7346/11/2421
f 7355/8/2418 7354/10/2420 7346/11/2421
f 7451/1/2500 7452/2/2501 7449/3/2502
f 7449/3/2502 7452/2/2501 7453/4/2503
f 7455/5/2504 7454/6/2505 7447/7/2506
f 7454/6/2505 7457/8/2507 7450/9/2508
f 7453/4/2503 7454/6/2505 7450/9/2508
f 7454/6/2505 7451/1/2500 7447/7/2506
f 7456/10/2509 7455/5/2504 7448/11/2510
f 7457/8/2507 7456/10/2509 7448/11/2510
f 7553/1/2588 7554/2/2589 7551/3/2590
f 7551/3/2590 7554/2/2589 7555/4/2591
f 7557/5/2592 7556/6/2593 7549/7/2594
f 7556/6/2593 7559/8/2595 7552/9/2596
f 7555/4/2591 7556/6/2593 7552/9/2596
f 7556/6/2593 7553/1/2588 7549/7/2594
f 7558/10/2597 7557/5/2592 7550/11/2598
f 7559/8/2595 7558/10/2597 7550/11/2598
f 7655/1/2676 7656/2/2677 7653/3/2678
f 7653/3/2678 7656/2/2677 7657/4/2679
f 7659/5/2680 7658/6/2681 7651/7/2682
f 7658/6/2681 7661/8/2683 7654/9/2684
f 7657/4/2679 7658/6/2681 7654/9/2684
f 7658/6/2681 7655/1/2676 7651/7/2682
f 7660/10/2685 7659/5/2680 7652/11/2686
f 7661/8/2683 7660/10/2685 7652/11/2686
f 9/5/5 10/10/10 8/6/6
f 8/6/6 10/10/10 11/8/8
f 7/4/4 6/2/2 8/6/6
f 8/6/6 6/2/2 5/1/1
f 111/5/94 112/10/99 110/6/95
f 110/6/95 112/10/99 113/8/97
f 109/4/93 108/2/91 110/6/95
f 110/6/95 108/2/91 107/1/90
f 213/5/182 214/10/187 212/6/183
f 212/6/183 214/10/187 215/8/185
f 211/4/181 210/2/179 212/6/183
f 212/6/183 210/2/179 209/1/178
f 315/5/270 316/10/275 314/6/271
f 314/6/271 316/10/275 317/8/273
f 313/4/269 312/2/267 314/6/271
f 314/6/271 312/2/267 311/1/266
f 417/5/358 418/10/363 416/6/359
f 416/6/359 418/10/363 419/8/361
f 415/4/357 414/2/355 416/6/359
f 416/6/359 414/2/355 413/1/354
f 519/5/447 520/10/451 518/6/359
f 518/6/359 520/10/451 521/8/449
f 517/4/446 516/2/444 518/6/359
f 518/6/359 516/2/444 515/1/443
f 621/5/534 622/10/539 620/6/535
f 620/6/535 622/10/539 623/8/537
f 619/4/533 618/2/531 620/6/535
f 620/6/535 618/2/531 617/1/530
f 723/5/622 724/10/627 722/6/623
f 722/6/623 724/10/627 725/8/625
f 721/4/621 720/2/619 722/6/623
f 722/6/623 720/2/619 719/1/618
f 825/5/358 826/10/707 824/6/359
f 824/6/359 826/10/707 827/8/361
f 823/4/706 822/2/355 824/6/359
f 824/6/359 822/2/355 821/1/354
f 927/5/447 928/10/451 926/6/359
f 926/6/359 928/10/451 929/8/449
f 925/4/446 924/2/444 926/6/359
f 926/6/359 924/2/444 923/1/443
f 1029/5/717 1030/10/539 1028/6/535
f 1028/6/535 1030/10/539 1031/8/718
f 1027/4/533 1026/2/531 1028/6/535
f 1028/6/535 1026/2/531 1025/1/530
f 1131/5/722 1132/10/723 1130/6/623
f 1130/6/623 1132/10/723 1133/8/625
f 1129/4/621 1128/2/619 1130/6/623
f 1130/6/623 1128/2/619 1127/1/618
f 1233/5/733 1234/10/738 1232/6/734
f 1232/6/734 1234/10/738 1235/8/736
f 1231/4/732 1230/2/730 1232/6/734
f 1232/6/734 1230/2/730 1229/1/729
f 1335/5/822 1336/10/827 1334/6/823
f 1334/6/823 1336/10/827 1337/8/825
f 1333/4/821 1332/2/819 1334/6/823
f 1334/6/823 1332/2/819 1331/1/818
f 1437/5/910 1438/10/915 1436/6/911
f 1436/6/911 1438/10/915 1439/8/913
f 1435/4/909 1434/2/907 1436/6/911
f 1436/6/911 1434/2/907 1433/1/906
f 1539/5/998 1540/10/1003 1538/6/999
f 1538/6/999 1540/10/1003 1541/8/1001
f 1537/4/997 1536/2/995 1538/6/999
f 1538/6/999 1536/2/995 1535/1/994
f 1641/5/733 1642/10/1083 1640/6/734
f 1640/6/734 1642/10/1083 1643/8/736
f 1639/4/732 1638/2/1082 1640/6/734
f 1640/6/734 1638/2/1082 1637/1/729
f 1743/5/822 1744/10/1095 1742/6/823
f 1742/6/823 1744/10/1095 1745/8/1094
f 1741/4/821 1740/2/819 1742/6/823
f 1742/6/823 1740/2/819 1739/1/818
f 1845/5/910 1846/10/915 1844/6/911
f 1844/6/911 1846/10/915 1847/8/913
f 1843/4/909 1842/2/907 1844/6/911
f 1844/6/911 1842/2/907 1841/1/906
f 1947/5/998 1948/10/1003 1946/6/999
f 1946/6/999 1948/10/1003 1949/8/1001
f 1945/4/997 1944/2/995 1946/6/999
f 1946/6/999 1944/2/995 1943/1/994
f 2049/5/358 2050/10/1121 2048/6/359
f 2048/6/359 2050/10/1121 2051/8/361
f 2047/4/357 2046/2/355 2048/6/359
f 2048/6/359 2046/2/355 2045/1/354
f 2151/5/447 2152/10/451 2150/6/359
f 2150/6/359 2152/10/451 2153/8/449
f 2149/4/446 2148/2/444 2150/6/359
f 2150/6/359 2148/2/444 2147/1/443
f 2253/5/534 2254/10/1132 2252/6/535
f 2252/6/535 2254/10/1132 2255/8/718
f 2251/4/533 2250/2/1131 2252/6/535
f 2252/6/535 2250/2/1131 2249/1/530
f 2355/5/722 2356/10/1136 2354/6/623
f 2354/6/623 2356/10/1136 2357/8/625
f 2353/4/621 2352/2/619 2354/6/623
f 2354/6/623 2352/2/619 2351/1/618
f 2457/5/358 2458/10/1121 2456/6/359
f 2456/6/359 2458/10/1121 2459/8/361
f 2455/4/357 2454/2/355 2456/6/359
f 2456/6/359 2454/2/355 2453/1/354
f 2559/5/447 2560/10/451 2558/6/359
f 2558/6/359 2560/10/451 2561/8/449
f 2557/4/446 2556/2/1143 2558/6/359
f 2558/6/359 2556/2/1143 2555/1/443
f 2661/5/717 2662/10/539 2660/6/535
f 2660/6/535 2662/10/539 2663/8/718
f 2659/4/533 2658/2/531 2660/6/535
f 2660/6/535 2658/2/531 2657/1/530
f 2763/5/722 2764/10/1136 2762/6/623
f 2762/6/623 2764/10/1136 2765/8/625
f 2761/4/621 2760/2/619 2762/6/623
f 2762/6/623 2760/2/619 2759/1/618
f 2865/5/358 2866/10/1121 2864/6/359
f 2864/6/359 2866/10/1121 2867/8/361
f 2863/4/706 2862/2/355 2864/6/359
f 2864/6/359 2862/2/355 2861/1/354
f 2967/5/447 2968/10/1153 2966/6/359
f 2966/6/359 2968/10/1153 2969/8/449
f 2965/4/446 2964/2/1143 2966/6/359
f 2966/6/359 2964/2/1143 2963/1/443
f 3069/5/717 3070/10/1132 3068/6/535
f 3068/6/535 3070/10/1132 3071/8/718
f 3067/4/533 3066/2/1131 3068/6/535
f 3068/6/535 3066/2/1131 3065/1/1155
f 3171/5/722 3172/10/1136 3170/6/623
f 3170/6/623 3172/10/1136 3173/8/625
f 3169/4/621 3168/2/619 3170/6/623
f 3170/6/623 3168/2/619 3167/1/618
f 3273/5/1166 3274/10/1171 3272/6/1167
f 3272/6/1167 3274/10/1171 3275/8/1169
f 3271/4/1165 3270/2/1163 3272/6/1167
f 3272/6/1167 3270/2/1163 3269/1/1162
f 3375/5/1255 3376/10/1259 3374/6/1167
f 3374/6/1167 3376/10/1259 3377/8/1257
f 3373/4/1254 3372/2/1252 3374/6/1167
f 3374/6/1167 3372/2/1252 3371/1/1251
f 3477/5/1342 3478/10/1347 3476/6/1343
f 3476/6/1343 3478/10/1347 3479/8/1345
f 3475/4/1341 3474/2/1339 3476/6/1343
f 3476/6/1343 3474/2/1339 3473/1/1338
f 3579/5/1430 3580/10/1435 3578/6/1431
f 3578/6/1431 3580/10/1435 3581/8/1433
f 3577/4/1429 3576/2/1427 3578/6/1431
f 3578/6/1431 3576/2/1427 3575/1/1426
f 3681/5/1166 3682/10/1171 3680/6/1167
f 3680/6/1167 3682/10/1171 3683/8/1169
f 3679/4/1165 3678/2/1163 3680/6/1167
f 3680/6/1167 3678/2/1163 3677/1/1162
f 3783/5/1255 3784/10/1259 3782/6/1167
f 3782/6/1167 3784/10/1259 3785/8/1257
f 3781/4/1254 3780/2/1252 3782/6/1167
f 3782/6/1167 3780/2/1252 3779/1/1251
f 3885/5/1342 3886/10/1347 3884/6/1343
f 3884/6/1343 3886/10/1347 3887/8/1345
f 3883/4/1341 3882/2/1535 3884/6/1343
f 3884/6/1343 3882/2/1535 3881/1/1338
f 3987/5/1430 3988/10/1545 3986/6/1431
f 3986/6/1431 3988/10/1545 3989/8/1433
f 3985/4/1429 3984/2/1544 3986/6/1431
f 3986/6/1431 3984/2/1544 3983/1/1426
f 4089/5/1166 4090/10/1560 4088/6/1558
f 4088/6/1558 4090/10/1560 4091/8/1169
f 4087/4/1165 4086/2/1163 4088/6/1558
f 4088/6/1558 4086/2/1163 4085/1/1162
f 4191/5/1255 4192/10/1259 4190/6/1167
f 4190/6/1167 4192/10/1259 4193/8/1257
f 4189/4/1254 4188/2/1252 4190/6/1167
f 4190/6/1167 4188/2/1252 4187/1/1251
f 4293/5/1342 4294/10/1347 4292/6/1343
f 4292/6/1343 4294/10/1347 4295/8/1345
f 4291/4/1341 4290/2/1339 4292/6/1343
f 4292/6/1343 4290/2/1339 4289/1/1571
f 4395/5/1430 4396/10/1545 4394/6/1431
f 4394/6/1431 4396/10/1545 4397/8/1433
f 4393/4/1429 4392/2/1544 4394/6/1431
f 4394/6/1431 4392/2/1544 4391/1/1426
f 4497/5/1166 4498/10/1585 4496/6/1558
f 4496/6/1558 4498/10/1585 4499/8/1169
f 4495/4/1165 4494/2/1163 4496/6/1558
f 4496/6/1558 4494/2/1163 4493/1/1162
f 4599/5/1255 4600/10/1592 4598/6/1167
f 4598/6/1167 4600/10/1592 4601/8/1591
f 4597/4/1254 4596/2/1590 4598/6/1167
f 4598/6/1167 4596/2/1590 4595/1/1589
f 4701/5/1342 4702/10/1347 4700/6/1343
f 4700/6/1343 4702/10/1347 4703/8/1345
f 4699/4/1341 4698/2/1535 4700/6/1343
f 4700/6/1343 4698/2/1535 4697/1/1571
f 4803/5/1430 4804/10/1545 4802/6/1431
f 4802/6/1431 4804/10/1545 4805/8/1433
f 4801/4/1429 4800/2/1427 4802/6/1431
f 4802/6/1431 4800/2/1427 4799/1/1426
f 4905/5/1166 4906/10/1560 4904/6/1167
f 4904/6/1167 4906/10/1560 4907/8/1169
f 4903/4/1165 4902/2/1163 4904/6/1167
f 4904/6/1167 4902/2/1163 4901/1/1162
f 5007/5/1255 5008/10/1592 5006/6/1167
f 5006/6/1167 5008/10/1592 5009/8/1257
f 5005/4/1254 5004/2/1590 5006/6/1167
f 5006/6/1167 5004/2/1590 5003/1/1251
f 5109/5/1342 5110/10/1347 5108/6/1343
f 5108/6/1343 5110/10/1347 5111/8/1345
f 5107/4/1341 5106/2/1339 5108/6/1343
f 5108/6/1343 5106/2/1339 5105/1/1571
f 5211/5/1430 5212/10/1435 5210/6/1431
f 5210/6/1431 5212/10/1435 5213/8/1433
f 5209/4/1429 5208/2/1427 5210/6/1431
f 5210/6/1431 5208/2/1427 5207/1/1426
f 5313/5/1166 5314/10/1619 5312/6/1558
f 5312/6/1558 5314/10/1619 5315/8/1169
f 5311/4/1165 5310/2/1163 5312/6/1558
f 5312/6/1558 5310/2/1163 5309/1/1162
f 5415/5/1255 5416/10/1592 5414/6/1167
f 5414/6/1167 5416/10/1592 5417/8/1257
f 5413/4/1254 5412/2/1252 5414/6/1167
f 5414/6/1167 5412/2/1252 5411/1/1251
f 5517/5/1342 5518/10/1347 5516/6/1343
f 5516/6/1343 5518/10/1347 5519/8/1345
f 5515/4/1341 5514/2/1339 5516/6/1343
f 5516/6/1343 5514/2/1339 5513/1/1571
f 5619/5/1430 5620/10/1545 5618/6/1431
f 5618/6/1431 5620/10/1545 5621/8/1433
f 5617/4/1429 5616/2/1544 5618/6/1431
f 5618/6/1431 5616/2/1544 5615/1/1426
f 5721/5/1633 5722/10/1638 5720/6/1634
f 5720/6/1634 5722/10/1638 5723/8/1636
f 5719/4/1632 5718/2/1630 5720/6/1634
f 5720/6/1634 5718/2/1630 5717/1/1629
f 5823/5/1722 5824/10/1726 5822/6/1634
f 5822/6/1634 5824/10/1726 5825/8/1724
f 5821/4/1721 5820/2/1719 5822/6/1634
f 5822/6/1634 5820/2/1719 5819/1/1718
f 5925/5/1809 5926/10/1814 5924/6/1810
f 5924/6/1810 5926/10/1814 5927/8/1812
f 5923/4/1808 5922/2/1806 5924/6/1810
f 5924/6/1810 5922/2/1806 5921/1/1805
f 6027/5/1897 6028/10/1902 6026/6/1898
f 6026/6/1898 6028/10/1902 6029/8/1900
f 6025/4/1896 6024/2/1894 6026/6/1898
f 6026/6/1898 6024/2/1894 6023/1/1893
f 6129/5/1633 6130/10/1981 6128/6/1634
f 6128/6/1634 6130/10/1981 6131/8/1636
f 6127/4/1632 6126/2/1630 6128/6/1634
f 6128/6/1634 6126/2/1630 6125/1/1629
f 6231/5/1722 6232/10/1991 6230/6/1634
f 6230/6/1634 6232/10/1991 6233/8/1724
f 6229/4/1721 6228/2/1719 6230/6/1634
f 6230/6/1634 6228/2/1719 6227/1/1990
f 6333/5/1809 6334/10/1814 6332/6/1810
f 6332/6/1810 6334/10/1814 6335/8/1812
f 6331/4/1808 6330/2/1806 6332/6/1810
f 6332/6/1810 6330/2/1806 6329/1/1805
f 6435/5/1897 6436/10/1902 6434/6/1898
f 6434/6/1898 6436/10/1902 6437/8/2008
f 6433/4/1896 6432/2/1894 6434/6/1898
f 6434/6/1898 6432/2/1894 6431/1/1893
f 6537/5/2020 6538/10/2025 6536/6/2021
f 6536/6/2021 6538/10/2025 6539/8/2023
f 6535/4/2019 6534/2/2017 6536/6/2021
f 6536/6/2021 6534/2/2017 6533/1/2016
f 6639/5/2109 6640/10/2114 6638/6/2110
f 6638/6/2110 6640/10/2114 6641/8/2112
f 6637/4/2108 6636/2/2106 6638/6/2110
f 6638/6/2110 6636/2/2106 6635/1/2105
f 6741/5/2197 6742/10/2202 6740/6/2198
f 6740/6/2198 6742/10/2202 6743/8/2200
f 6739/4/2196 6738/2/2194 6740/6/2198
f 6740/6/2198 6738/2/2194 6737/1/2193
f 6843/5/2285 6844/10/2290 6842/6/2286
f 6842/6/2286 6844/10/2290 6845/8/2288
f 6841/4/2284 6840/2/2282 6842/6/2286
f 6842/6/2286 6840/2/2282 6839/1/2281
f 6945/5/5 6946/10/2370 6944/6/6
f 6944/6/6 6946/10/2370 6947/8/8
f 6943/4/4 6942/2/2369 6944/6/6
f 6944/6/6 6942/2/2369 6941/1/1
f 7047/5/94 7048/10/99 7046/6/95
f 7046/6/95 7048/10/99 7049/8/97
f 7045/4/93 7044/2/91 7046/6/95
f 7046/6/95 7044/2/91 7043/1/90
f 7149/5/182 7150/10/2393 7148/6/183
f 7148/6/183 7150/10/2393 7151/8/2392
f 7147/4/181 7146/2/179 7148/6/183
f 7148/6/183 7146/2/179 7145/1/178
f 7251/5/270 7252/10/275 7250/6/271
f 7250/6/271 7252/10/275 7253/8/273
f 7249/4/269 7248/2/267 7250/6/271
f 7250/6/271 7248/2/267 7247/1/266
f 7353/5/2415 7354/10/2420 7352/6/2416
f 7352/6/2416 7354/10/2420 7355/8/2418
f 7351/4/2414 7350/2/2412 7352/6/2416
f 7352/6/2416 7350/2/2412 7349/1/2411
f 7455/5/2504 7456/10/2509 7454/6/2505
f 7454/6/2505 7456/10/2509 7457/8/2507
f 7453/4/2503 7452/2/2501 7454/6/2505
f 7454/6/2505 7452/2/2501 7451/1/2500
f 7557/5/2592 7558/10/2597 7556/6/2593
f 7556/6/2593 7558/10/2597 7559/8/2595
f 7555/4/2591 7554/2/2589 7556/6/2593
f 7556/6/2593 7554/2/2589 7553/1/2588
f 7659/5/2680 7660/10/2685 7658/6/2681
f 7658/6/2681 7660/10/2685 7661/8/2683
f 7657/4/2679 7656/2/2677 7658/6/2681
f 7658/6/2681 7656/2/2677 7655/1/2676
usemtl leaves.001
f 17/12/12 18/13/13 13/14/14
f 18/13/13 19/15/15 13/14/14
f 14/16/16 21/17/17 22/18/18
f 20/19/19 21/17/17 14/16/16
f 16/20/20 17/12/12 15/21/21
f 19/15/15 16/20/20 12/22/22
f 16/20/20 20/19/19 12/22/22
f 22/18/18 16/20/20 15/21/21
f 119/12/101 120/13/102 115/14/103
f 120/13/102 121/15/104 115/14/103
f 116/16/105 123/17/106 124/18/107
f 122/19/108 123/17/106 116/16/105
f 118/20/20 119/12/101 117/21/109
f 121/15/104 118/20/20 114/22/110
f 118/20/20 122/19/108 114/22/110
f 124/18/107 118/20/20 117/21/109
f 221/12/189 222/13/190 217/14/191
f 222/13/190 223/15/192 217/14/191
f 218/16/193 225/17/194 226/18/195
f 224/19/196 225/17/194 218/16/193
f 220/20/20 221/12/189 219/21/197
f 223/15/192 220/20/20 216/22/198
f 220/20/20 224/19/196 216/22/198
f 226/18/195 220/20/20 219/21/197
f 323/12/277 324/13/278 319/14/279
f 324/13/278 325/15/280 319/14/279
f 320/16/281 327/17/282 328/18/283
f 326/19/284 327/17/282 320/16/281
f 322/20/20 323/12/277 321/21/285
f 325/15/280 322/20/20 318/22/286
f 322/20/20 326/19/284 318/22/286
f 328/18/283 322/20/20 321/21/285
f 425/12/365 426/13/366 421/14/367
f 426/13/366 427/15/368 421/14/367
f 422/16/369 429/17/370 430/18/371
f 428/19/372 429/17/370 422/16/369
f 424/20/373 425/12/365 423/21/374
f 427/15/368 424/20/373 420/22/375
f 424/20/373 428/19/372 420/22/375
f 430/18/371 424/20/373 423/21/374
f 527/12/453 528/13/454 523/14/455
f 528/13/454 529/15/456 523/14/455
f 524/16/457 531/17/458 532/18/459
f 530/19/460 531/17/458 524/16/457
f 526/20/373 527/12/453 525/21/461
f 529/15/456 526/20/373 522/22/462
f 526/20/373 530/19/460 522/22/462
f 532/18/459 526/20/373 525/21/461
f 629/12/541 630/13/542 625/14/543
f 630/13/542 631/15/544 625/14/543
f 626/16/545 633/17/546 634/18/547
f 632/19/548 633/17/546 626/16/545
f 628/20/373 629/12/541 627/21/549
f 631/15/544 628/20/373 624/22/550
f 628/20/373 632/19/548 624/22/550
f 634/18/547 628/20/373 627/21/549
f 731/12/629 732/13/630 727/14/631
f 732/13/630 733/15/632 727/14/631
f 728/16/633 735/17/634 736/18/635
f 734/19/636 735/17/634 728/16/633
f 730/20/373 731/12/629 729/21/637
f 733/15/632 730/20/373 726/22/638
f 730/20/373 734/19/636 726/22/638
f 736/18/635 730/20/373 729/21/637
f 833/12/365 834/13/708 829/14/367
f 834/13/708 835/15/368 829/14/367
f 830/16/369 837/17/370 838/18/371
f 836/19/372 837/17/370 830/16/369
f 832/20/373 833/12/365 831/21/374
f 835/15/368 832/20/373 828/22/375
f 832/20/373 836/19/372 828/22/375
f 838/18/371 832/20/373 831/21/374
f 935/12/453 936/13/454 931/14/712
f 936/13/454 937/15/456 931/14/712
f 932/16/457 939/17/458 940/18/459
f 938/19/460 939/17/458 932/16/457
f 934/20/373 935/12/453 933/21/461
f 937/15/456 934/20/373 930/22/462
f 934/20/373 938/19/460 930/22/462
f 940/18/459 934/20/373 933/21/461
f 1037/12/541 1038/13/542 1033/14/543
f 1038/13/542 1039/15/544 1033/14/543
f 1034/16/545 1041/17/546 1042/18/547
f 1040/19/548 1041/17/546 1034/16/545
f 1036/20/373 1037/12/541 1035/21/549
f 1039/15/544 1036/20/373 1032/22/550
f 1036/20/373 1040/19/548 1032/22/550
f 1042/18/547 1036/20/373 1035/21/549
f 1139/12/629 1140/13/630 1135/14/724
f 1140/13/630 1141/15/632 1135/14/724
f 1136/16/633 1143/17/634 1144/18/635
f 1142/19/636 1143/17/634 1136/16/633
f 1138/20/373 1139/12/629 1137/21/637
f 1141/15/632 1138/20/373 1134/22/638
f 1138/20/373 1142/19/636 1134/22/638
f 1144/18/635 1138/20/373 1137/21/637
f 1241/12/740 1242/13/741 1237/14/742
f 1242/13/741 1243/15/743 1237/14/742
f 1238/16/744 1245/17/745 1246/18/746
f 1244/19/747 1245/17/745 1238/16/744
f 1240/20/748 1241/12/740 1239/21/749
f 1243/15/743 1240/20/748 1236/22/750
f 1240/20/748 1244/19/747 1236/22/750
f 1246/18/746 1240/20/748 1239/21/749
f 1343/12/829 1344/13/830 1339/14/831
f 1344/13/830 1345/15/832 1339/14/831
f 1340/16/833 1347/17/834 1348/18/835
f 1346/19/836 1347/17/834 1340/16/833
f 1342/20/748 1343/12/829 1341/21/837
f 1345/15/832 1342/20/748 1338/22/838
f 1342/20/748 1346/19/836 1338/22/838
f 1348/18/835 1342/20/748 1341/21/837
f 1445/12/917 1446/13/918 1441/14/919
f 1446/13/918 1447/15/920 1441/14/919
f 1442/16/921 1449/17/922 1450/18/923
f 1448/19/924 1449/17/922 1442/16/921
f 1444/20/748 1445/12/917 1443/21/925
f 1447/15/920 1444/20/748 1440/22/926
f 1444/20/748 1448/19/924 1440/22/926
f 1450/18/923 1444/20/748 1443/21/925
f 1547/12/1005 1548/13/1006 1543/14/1007
f 1548/13/1006 1549/15/1008 1543/14/1007
f 1544/16/1009 1551/17/1010 1552/18/1011
f 1550/19/1012 1551/17/1010 1544/16/1009
f 1546/20/748 1547/12/1005 1545/21/1013
f 1549/15/1008 1546/20/748 1542/22/1014
f 1546/20/748 1550/19/1012 1542/22/1014
f 1552/18/1011 1546/20/748 1545/21/1013
f 1649/12/740 1650/13/741 1645/14/742
f 1650/13/741 1651/15/743 1645/14/742
f 1646/16/744 1653/17/745 1654/18/1084
f 1652/19/747 1653/17/745 1646/16/744
f 1648/20/748 1649/12/740 1647/21/749
f 1651/15/743 1648/20/748 1644/22/750
f 1648/20/748 1652/19/747 1644/22/750
f 1654/18/1084 1648/20/748 1647/21/749
f 1751/12/829 1752/13/830 1747/14/831
f 1752/13/830 1753/15/832 1747/14/831
f 1748/16/833 1755/17/834 1756/18/835
f 1754/19/836 1755/17/834 1748/16/833
f 1750/20/748 1751/12/829 1749/21/1096
f 1753/15/832 1750/20/748 1746/22/838
f 1750/20/748 1754/19/836 1746/22/838
f 1756/18/835 1750/20/748 1749/21/1096
f 1853/12/917 1854/13/1108 1849/14/919
f 1854/13/1108 1855/15/920 1849/14/919
f 1850/16/921 1857/17/922 1858/18/923
f 1856/19/924 1857/17/922 1850/16/921
f 1852/20/748 1853/12/917 1851/21/925
f 1855/15/920 1852/20/748 1848/22/926
f 1852/20/748 1856/19/924 1848/22/926
f 1858/18/923 1852/20/748 1851/21/925
f 1955/12/1005 1956/13/1006 1951/14/1007
f 1956/13/1006 1957/15/1008 1951/14/1007
f 1952/16/1009 1959/17/1010 1960/18/1011
f 1958/19/1012 1959/17/1010 1952/16/1009
f 1954/20/748 1955/12/1005 1953/21/1013
f 1957/15/1008 1954/20/748 1950/22/1014
f 1954/20/748 1958/19/1012 1950/22/1014
f 1960/18/1011 1954/20/748 1953/21/1013
f 2057/12/365 2058/13/708 2053/14/367
f 2058/13/708 2059/15/368 2053/14/367
f 2054/16/369 2061/17/370 2062/18/371
f 2060/19/372 2061/17/370 2054/16/369
f 2056/20/373 2057/12/365 2055/21/374
f 2059/15/368 2056/20/373 2052/22/375
f 2056/20/373 2060/19/372 2052/22/375
f 2062/18/371 2056/20/373 2055/21/374
f 2159/12/453 2160/13/454 2155/14/455
f 2160/13/454 2161/15/456 2155/14/455
f 2156/16/457 2163/17/458 2164/18/459
f 2162/19/460 2163/17/458 2156/16/457
f 2158/20/373 2159/12/453 2157/21/461
f 2161/15/456 2158/20/373 2154/22/462
f 2158/20/373 2162/19/460 2154/22/462
f 2164/18/459 2158/20/373 2157/21/461
f 2261/12/541 2262/13/542 2257/14/543
f 2262/13/542 2263/15/544 2257/14/543
f 2258/16/545 2265/17/546 2266/18/547
f 2264/19/548 2265/17/546 2258/16/545
f 2260/20/373 2261/12/541 2259/21/549
f 2263/15/544 2260/20/373 2256/22/550
f 2260/20/373 2264/19/548 2256/22/550
f 2266/18/547 2260/20/373 2259/21/549
f 2363/12/629 2364/13/630 2359/14/631
f 2364/13/630 2365/15/632 2359/14/631
f 2360/16/633 2367/17/634 2368/18/1137
f 2366/19/636 2367/17/634 2360/16/633
f 2362/20/373 2363/12/629 2361/21/637
f 2365/15/632 2362/20/373 2358/22/638
f 2362/20/373 2366/19/636 2358/22/638
f 2368/18/1137 2362/20/373 2361/21/637
f 2465/12/365 2466/13/708 2461/14/367
f 2466/13/708 2467/15/368 2461/14/367
f 2462/16/369 2469/17/370 2470/18/371
f 2468/19/372 2469/17/370 2462/16/369
f 2464/20/373 2465/12/365 2463/21/374
f 2467/15/368 2464/20/373 2460/22/375
f 2464/20/373 2468/19/372 2460/22/375
f 2470/18/371 2464/20/373 2463/21/374
f 2567/12/453 2568/13/454 2563/14/712
f 2568/13/454 2569/15/456 2563/14/712
f 2564/16/457 2571/17/458 2572/18/459
f 2570/19/460 2571/17/458 2564/16/457
f 2566/20/373 2567/12/453 2565/21/461
f 2569/15/456 2566/20/373 2562/22/462
f 2566/20/373 2570/19/460 2562/22/462
f 2572/18/459 2566/20/373 2565/21/461
f 2669/12/541 2670/13/542 2665/14/543
f 2670/13/542 2671/15/544 2665/14/543
f 2666/16/545 2673/17/546 2674/18/547
f 2672/19/548 2673/17/546 2666/16/545
f 2668/20/373 2669/12/541 2667/21/549
f 2671/15/544 2668/20/373 2664/22/550
f 2668/20/373 2672/19/548 2664/22/550
f 2674/18/547 2668/20/373 2667/21/549
f 2771/12/629 2772/13/630 2767/14/724
f 2772/13/630 2773/15/632 2767/14/724
f 2768/16/1148 2775/17/634 2776/18/1137
f 2774/19/636 2775/17/634 2768/16/1148
f 2770/20/373 2771/12/629 2769/21/637
f 2773/15/632 2770/20/373 2766/22/638
f 2770/20/373 2774/19/636 2766/22/638
f 2776/18/1137 2770/20/373 2769/21/637
f 2873/12/365 2874/13/708 2869/14/367
f 2874/13/708 2875/15/368 2869/14/367
f 2870/16/369 2877/17/370 2878/18/371
f 2876/19/372 2877/17/370 2870/16/369
f 2872/20/373 2873/12/365 2871/21/374
f 2875/15/368 2872/20/373 2868/22/375
f 2872/20/373 2876/19/372 2868/22/375
f 2878/18/371 2872/20/373 2871/21/374
f 2975/12/453 2976/13/454 2971/14/455
f 2976/13/454 2977/15/456 2971/14/455
f 2972/16/457 2979/17/458 2980/18/459
f 2978/19/460 2979/17/458 2972/16/457
f 2974/20/373 2975/12/453 2973/21/461
f 2977/15/456 2974/20/373 2970/22/462
f 2974/20/373 2978/19/460 2970/22/462
f 2980/18/459 2974/20/373 2973/21/461
f 3077/12/541 3078/13/542 3073/14/543
f 3078/13/542 3079/15/544 3073/14/543
f 3074/16/545 3081/17/546 3082/18/547
f 3080/19/548 3081/17/546 3074/16/545
f 3076/20/373 3077/12/541 3075/21/549
f 3079/15/544 3076/20/373 3072/22/550
f 3076/20/373 3080/19/548 3072/22/550
f 3082/18/547 3076/20/373 3075/21/549
f 3179/12/629 3180/13/630 3175/14/631
f 3180/13/630 3181/15/632 3175/14/631
f 3176/16/1148 3183/17/634 3184/18/635
f 3182/19/636 3183/17/634 3176/16/1148
f 3178/20/373 3179/12/629 3177/21/637
f 3181/15/632 3178/20/373 3174/22/638
f 3178/20/373 3182/19/636 3174/22/638
f 3184/18/635 3178/20/373 3177/21/637
f 3281/12/1173 3282/13/1174 3277/14/1175
f 3282/13/1174 3283/15/1176 3277/14/1175
f 3278/16/1177 3285/17/1178 3286/18/1179
f 3284/19/1180 3285/17/1178 3278/16/1177
f 3280/20/1181 3281/12/1173 3279/21/1182
f 3283/15/1176 3280/20/1181 3276/22/1183
f 3280/20/1181 3284/19/1180 3276/22/1183
f 3286/18/1179 3280/20/1181 3279/21/1182
f 3383/12/1261 3384/13/1262 3379/14/1263
f 3384/13/1262 3385/15/1264 3379/14/1263
f 3380/16/1265 3387/17/1266 3388/18/1267
f 3386/19/1268 3387/17/1266 3380/16/1265
f 3382/20/1181 3383/12/1261 3381/21/1269
f 3385/15/1264 3382/20/1181 3378/22/1270
f 3382/20/1181 3386/19/1268 3378/22/1270
f 3388/18/1267 3382/20/1181 3381/21/1269
f 3485/12/1349 3486/13/1350 3481/14/1351
f 3486/13/1350 3487/15/1352 3481/14/1351
f 3482/16/1353 3489/17/1354 3490/18/1355
f 3488/19/1356 3489/17/1354 3482/16/1353
f 3484/20/1181 3485/12/1349 3483/21/1357
f 3487/15/1352 3484/20/1181 3480/22/1358
f 3484/20/1181 3488/19/1356 3480/22/1358
f 3490/18/1355 3484/20/1181 3483/21/1357
f 3587/12/1437 3588/13/1438 3583/14/1439
f 3588/13/1438 3589/15/1440 3583/14/1439
f 3584/16/1441 3591/17/1442 3592/18/1443
f 3590/19/1444 3591/17/1442 3584/16/1441
f 3586/20/1181 3587/12/1437 3585/21/1445
f 3589/15/1440 3586/20/1181 3582/22/1446
f 3586/20/1181 3590/19/1444 3582/22/1446
f 3592/18/1443 3586/20/1181 3585/21/1445
f 3689/12/1173 3690/13/1174 3685/14/1175
f 3690/13/1174 3691/15/1176 3685/14/1175
f 3686/16/1177 3693/17/1178 3694/18/1179
f 3692/19/1180 3693/17/1178 3686/16/1177
f 3688/20/1181 3689/12/1173 3687/21/1182
f 3691/15/1176 3688/20/1181 3684/22/1183
f 3688/20/1181 3692/19/1180 3684/22/1183
f 3694/18/1179 3688/20/1181 3687/21/1182
f 3791/12/1261 3792/13/1262 3787/14/1263
f 3792/13/1262 3793/15/1264 3787/14/1263
f 3788/16/1265 3795/17/1266 3796/18/1267
f 3794/19/1521 3795/17/1266 3788/16/1265
f 3790/20/1181 3791/12/1261 3789/21/1269
f 3793/15/1264 3790/20/1181 3786/22/1270
f 3790/20/1181 3794/19/1521 3786/22/1270
f 3796/18/1267 3790/20/1181 3789/21/1269
f 3893/12/1349 3894/13/1350 3889/14/1351
f 3894/13/1350 3895/15/1352 3889/14/1351
f 3890/16/1353 3897/17/1536 3898/18/1355
f 3896/19/1356 3897/17/1536 3890/16/1353
f 3892/20/1181 3893/12/1349 3891/21/1357
f 3895/15/1352 3892/20/1181 3888/22/1358
f 3892/20/1181 3896/19/1356 3888/22/1358
f 3898/18/1355 3892/20/1181 3891/21/1357
f 3995/12/1437 3996/13/1438 3991/14/1439
f 3996/13/1438 3997/15/1440 3991/14/1439
f 3992/16/1441 3999/17/1442 4000/18/1443
f 3998/19/1444 3999/17/1442 3992/16/1441
f 3994/20/1181 3995/12/1437 3993/21/1546
f 3997/15/1440 3994/20/1181 3990/22/1446
f 3994/20/1181 3998/19/1444 3990/22/1446
f 4000/18/1443 3994/20/1181 3993/21/1546
f 4097/12/1173 4098/13/1174 4093/14/1175
f 4098/13/1174 4099/15/1176 4093/14/1175
f 4094/16/1177 4101/17/1178 4102/18/1179
f 4100/19/1180 4101/17/1178 4094/16/1177
f 4096/20/1181 4097/12/1173 4095/21/1182
f 4099/15/1176 4096/20/1181 4092/22/1183
f 4096/20/1181 4100/19/1180 4092/22/1183
f 4102/18/1179 4096/20/1181 4095/21/1182
f 4199/12/1261 4200/13/1262 4195/14/1263
f 4200/13/1262 4201/15/1264 4195/14/1263
f 4196/16/1265 4203/17/1266 4204/18/1267
f 4202/19/1268 4203/17/1266 4196/16/1265
f 4198/20/1181 4199/12/1261 4197/21/1269
f 4201/15/1264 4198/20/1181 4194/22/1270
f 4198/20/1181 4202/19/1268 4194/22/1270
f 4204/18/1267 4198/20/1181 4197/21/1269
f 4301/12/1349 4302/13/1350 4297/14/1351
f 4302/13/1350 4303/15/1352 4297/14/1351
f 4298/16/1353 4305/17/1536 4306/18/1355
f 4304/19/1356 4305/17/1536 4298/16/1353
f 4300/20/1181 4301/12/1349 4299/21/1357
f 4303/15/1352 4300/20/1181 4296/22/1358
f 4300/20/1181 4304/19/1356 4296/22/1358
f 4306/18/1355 4300/20/1181 4299/21/1357
f 4403/12/1437 4404/13/1438 4399/14/1439
f 4404/13/1438 4405/15/1440 4399/14/1439
f 4400/16/1441 4407/17/1442 4408/18/1443
f 4406/19/1577 4407/17/1442 4400/16/1441
f 4402/20/1181 4403/12/1437 4401/21/1445
f 4405/15/1440 4402/20/1181 4398/22/1446
f 4402/20/1181 4406/19/1577 4398/22/1446
f 4408/18/1443 4402/20/1181 4401/21/1445
f 4505/12/1173 4506/13/1174 4501/14/1175
f 4506/13/1174 4507/15/1176 4501/14/1175
f 4502/16/1177 4509/17/1178 4510/18/1179
f 4508/19/1180 4509/17/1178 4502/16/1177
f 4504/20/1181 4505/12/1173 4503/21/1182
f 4507/15/1176 4504/20/1181 4500/22/1183
f 4504/20/1181 4508/19/1180 4500/22/1183
f 4510/18/1179 4504/20/1181 4503/21/1182
f 4607/12/1261 4608/13/1593 4603/14/1263
f 4608/13/1593 4609/15/1264 4603/14/1263
f 4604/16/1265 4611/17/1266 4612/18/1267
f 4610/19/1268 4611/17/1266 4604/16/1265
f 4606/20/1181 4607/12/1261 4605/21/1269
f 4609/15/1264 4606/20/1181 4602/22/1270
f 4606/20/1181 4610/19/1268 4602/22/1270
f 4612/18/1267 4606/20/1181 4605/21/1269
f 4709/12/1349 4710/13/1596 4705/14/1351
f 4710/13/1596 4711/15/1352 4705/14/1351
f 4706/16/1353 4713/17/1536 4714/18/1355
f 4712/19/1356 4713/17/1536 4706/16/1353
f 4708/20/1181 4709/12/1349 4707/21/1357
f 4711/15/1352 4708/20/1181 4704/22/1358
f 4708/20/1181 4712/19/1356 4704/22/1358
f 4714/18/1355 4708/20/1181 4707/21/1357
f 4811/12/1437 4812/13/1438 4807/14/1439
f 4812/13/1438 4813/15/1440 4807/14/1439
f 4808/16/1441 4815/17/1442 4816/18/1443
f 4814/19/1444 4815/17/1442 4808/16/1441
f 4810/20/1181 4811/12/1437 4809/21/1445
f 4813/15/1440 4810/20/1181 4806/22/1446
f 4810/20/1181 4814/19/1444 4806/22/1446
f 4816/18/1443 4810/20/1181 4809/21/1445
f 4913/12/1173 4914/13/1174 4909/14/1175
f 4914/13/1174 4915/15/1176 4909/14/1175
f 4910/16/1177 4917/17/1178 4918/18/1179
f 4916/19/1180 4917/17/1178 4910/16/1177
f 4912/20/1181 4913/12/1173 4911/21/1182
f 4915/15/1176 4912/20/1181 4908/22/1183
f 4912/20/1181 4916/19/1180 4908/22/1183
f 4918/18/1179 4912/20/1181 4911/21/1182
f 5015/12/1261 5016/13/1262 5011/14/1263
f 5016/13/1262 5017/15/1264 5011/14/1263
f 5012/16/1265 5019/17/1266 5020/18/1267
f 5018/19/1521 5019/17/1266 5012/16/1265
f 5014/20/1181 5015/12/1261 5013/21/1269
f 5017/15/1264 5014/20/1181 5010/22/1270
f 5014/20/1181 5018/19/1521 5010/22/1270
f 5020/18/1267 5014/20/1181 5013/21/1269
f 5117/12/1349 5118/13/1596 5113/14/1351
f 5118/13/1596 5119/15/1352 5113/14/1351
f 5114/16/1353 5121/17/1354 5122/18/1355
f 5120/19/1356 5121/17/1354 5114/16/1353
f 5116/20/1181 5117/12/1349 5115/21/1357
f 5119/15/1352 5116/20/1181 5112/22/1358
f 5116/20/1181 5120/19/1356 5112/22/1358
f 5122/18/1355 5116/20/1181 5115/21/1357
f 5219/12/1437 5220/13/1438 5215/14/1439
f 5220/13/1438 5221/15/1440 5215/14/1439
f 5216/16/1441 5223/17/1442 5224/18/1443
f 5222/19/1577 5223/17/1442 5216/16/1441
f 5218/20/1181 5219/12/1437 5217/21/1445
f 5221/15/1440 5218/20/1181 5214/22/1446
f 5218/20/1181 5222/19/1577 5214/22/1446
f 5224/18/1443 5218/20/1181 5217/21/1445
f 5321/12/1173 5322/13/1174 5317/14/1175
f 5322/13/1174 5323/15/1176 5317/14/1175
f 5318/16/1177 5325/17/1178 5326/18/1179
f 5324/19/1180 5325/17/1178 5318/16/1177
f 5320/20/1181 5321/12/1173 5319/21/1182
f 5323/15/1176 5320/20/1181 5316/22/1183
f 5320/20/1181 5324/19/1180 5316/22/1183
f 5326/18/1179 5320/20/1181 5319/21/1182
f 5423/12/1261 5424/13/1262 5419/14/1263
f 5424/13/1262 5425/15/1264 5419/14/1263
f 5420/16/1265 5427/17/1266 5428/18/1267
f 5426/19/1268 5427/17/1266 5420/16/1265
f 5422/20/1181 5423/12/1261 5421/21/1269
f 5425/15/1264 5422/20/1181 5418/22/1270
f 5422/20/1181 5426/19/1268 5418/22/1270
f 5428/18/1267 5422/20/1181 5421/21/1269
f 5525/12/1349 5526/13/1350 5521/14/1351
f 5526/13/1350 5527/15/1352 5521/14/1351
f 5522/16/1353 5529/17/1354 5530/18/1355
f 5528/19/1356 5529/17/1354 5522/16/1353
f 5524/20/1181 5525/12/1349 5523/21/1357
f 5527/15/1352 5524/20/1181 5520/22/1358
f 5524/20/1181 5528/19/1356 5520/22/1358
f 5530/18/1355 5524/20/1181 5523/21/1357
f 5627/12/1437 5628/13/1438 5623/14/1439
f 5628/13/1438 5629/15/1440 5623/14/1439
f 5624/16/1441 5631/17/1442 5632/18/1443
f 5630/19/1444 5631/17/1442 5624/16/1441
f 5626/20/1181 5627/12/1437 5625/21/1445
f 5629/15/1440 5626/20/1181 5622/22/1446
f 5626/20/1181 5630/19/1444 5622/22/1446
f 5632/18/1443 5626/20/1181 5625/21/1445
f 5729/12/1640 5730/13/1641 5725/14/1642
f 5730/13/1641 5731/15/1643 5725/14/1642
f 5726/16/1644 5733/17/1645 5734/18/1646
f 5732/19/1647 5733/17/1645 5726/16/1644
f 5728/20/1648 5729/12/1640 5727/21/1649
f 5731/15/1643 5728/20/1648 5724/22/1650
f 5728/20/1648 5732/19/1647 5724/22/1650
f 5734/18/1646 5728/20/1648 5727/21/1649
f 5831/12/1728 5832/13/1729 5827/14/1730
f 5832/13/1729 5833/15/1731 5827/14/1730
f 5828/16/1732 5835/17/1733 5836/18/1734
f 5834/19/1735 5835/17/1733 5828/16/1732
f 5830/20/1648 5831/12/1728 5829/21/1736
f 5833/15/1731 5830/20/1648 5826/22/1737
f 5830/20/1648 5834/19/1735 5826/22/1737
f 5836/18/1734 5830/20/1648 5829/21/1736
f 5933/12/1816 5934/13/1817 5929/14/1818
f 5934/13/1817 5935/15/1819 5929/14/1818
f 5930/16/1820 5937/17/1821 5938/18/1822
f 5936/19/1823 5937/17/1821 5930/16/1820
f 5932/20/1648 5933/12/1816 5931/21/1824
f 5935/15/1819 5932/20/1648 5928/22/1825
f 5932/20/1648 5936/19/1823 5928/22/1825
f 5938/18/1822 5932/20/1648 5931/21/1824
f 6035/12/1904 6036/13/1905 6031/14/1906
f 6036/13/1905 6037/15/1907 6031/14/1906
f 6032/16/1908 6039/17/1909 6040/18/1910
f 6038/19/1911 6039/17/1909 6032/16/1908
f 6034/20/1648 6035/12/1904 6033/21/1912
f 6037/15/1907 6034/20/1648 6030/22/1913
f 6034/20/1648 6038/19/1911 6030/22/1913
f 6040/18/1910 6034/20/1648 6033/21/1912
f 6137/12/1640 6138/13/1641 6133/14/1642
f 6138/13/1641 6139/15/1643 6133/14/1642
f 6134/16/1982 6141/17/1645 6142/18/1646
f 6140/19/1647 6141/17/1645 6134/16/1982
f 6136/20/1648 6137/12/1640 6135/21/1649
f 6139/15/1643 6136/20/1648 6132/22/1650
f 6136/20/1648 6140/19/1647 6132/22/1650
f 6142/18/1646 6136/20/1648 6135/21/1649
f 6239/12/1728 6240/13/1729 6235/14/1730
f 6240/13/1729 6241/15/1992 6235/14/1730
f 6236/16/1993 6243/17/1733 6244/18/1734
f 6242/19/1735 6243/17/1733 6236/16/1993
f 6238/20/1648 6239/12/1728 6237/21/1736
f 6241/15/1992 6238/20/1648 6234/22/1737
f 6238/20/1648 6242/19/1735 6234/22/1737
f 6244/18/1734 6238/20/1648 6237/21/1736
f 6341/12/1816 6342/13/2000 6337/14/1818
f 6342/13/2000 6343/15/1819 6337/14/1818
f 6338/16/1820 6345/17/1821 6346/18/1822
f 6344/19/1823 6345/17/1821 6338/16/1820
f 6340/20/1648 6341/12/1816 6339/21/1824
f 6343/15/1819 6340/20/1648 6336/22/1825
f 6340/20/1648 6344/19/1823 6336/22/1825
f 6346/18/1822 6340/20/1648 6339/21/1824
f 6443/12/1904 6444/13/1905 6439/14/1906
f 6444/13/1905 6445/15/1907 6439/14/1906
f 6440/16/1908 6447/17/1909 6448/18/1910
f 6446/19/1911 6447/17/1909 6440/16/1908
f 6442/20/1648 6443/12/1904 6441/21/1912
f 6445/15/1907 6442/20/1648 6438/22/1913
f 6442/20/1648 6446/19/1911 6438/22/1913
f 6448/18/1910 6442/20/1648 6441/21/1912
f 6545/12/2027 6546/13/2028 6541/14/2029
f 6546/13/2028 6547/15/2030 6541/14/2029
f 6542/16/2031 6549/17/2032 6550/18/2033
f 6548/19/2034 6549/17/2032 6542/16/2031
f 6544/20/2035 6545/12/2027 6543/21/2036
f 6547/15/2030 6544/20/2035 6540/22/2037
f 6544/20/2035 6548/19/2034 6540/22/2037
f 6550/18/2033 6544/20/2035 6543/21/2036
f 6647/12/2116 6648/13/2117 6643/14/2118
f 6648/13/2117 6649/15/2119 6643/14/2118
f 6644/16/2120 6651/17/2121 6652/18/2122
f 6650/19/2123 6651/17/2121 6644/16/2120
f 6646/20/2035 6647/12/2116 6645/21/2124
f 6649/15/2119 6646/20/2035 6642/22/2125
f 6646/20/2035 6650/19/2123 6642/22/2125
f 6652/18/2122 6646/20/2035 6645/21/2124
f 6749/12/2204 6750/13/2205 6745/14/2206
f 6750/13/2205 6751/15/2207 6745/14/2206
f 6746/16/2208 6753/17/2209 6754/18/2210
f 6752/19/2211 6753/17/2209 6746/16/2208
f 6748/20/2035 6749/12/2204 6747/21/2212
f 6751/15/2207 6748/20/2035 6744/22/2213
f 6748/20/2035 6752/19/2211 6744/22/2213
f 6754/18/2210 6748/20/2035 6747/21/2212
f 6851/12/2292 6852/13/2293 6847/14/2294
f 6852/13/2293 6853/15/2295 6847/14/2294
f 6848/16/2296 6855/17/2297 6856/18/2298
f 6854/19/2299 6855/17/2297 6848/16/2296
f 6850/20/2035 6851/12/2292 6849/21/2300
f 6853/15/2295 6850/20/2035 6846/22/2301
f 6850/20/2035 6854/19/2299 6846/22/2301
f 6856/18/2298 6850/20/2035 6849/21/2300
f 6953/12/12 6954/13/2371 6949/14/14
f 6954/13/2371 6955/15/15 6949/14/14
f 6950/16/16 6957/17/17 6958/18/18
f 6956/19/19 6957/17/17 6950/16/16
f 6952/20/20 6953/12/12 6951/21/21
f 6955/15/15 6952/20/20 6948/22/22
f 6952/20/20 6956/19/19 6948/22/22
f 6958/18/18 6952/20/20 6951/21/21
f 7055/12/101 7056/13/102 7051/14/103
f 7056/13/102 7057/15/104 7051/14/103
f 7052/16/105 7059/17/106 7060/18/107
f 7058/19/108 7059/17/106 7052/16/105
f 7054/20/20 7055/12/101 7053/21/109
f 7057/15/104 7054/20/20 7050/22/110
f 7054/20/20 7058/19/108 7050/22/110
f 7060/18/107 7054/20/20 7053/21/109
f 7157/12/189 7158/13/190 7153/14/191
f 7158/13/190 7159/15/192 7153/14/191
f 7154/16/193 7161/17/194 7162/18/195
f 7160/19/196 7161/17/194 7154/16/193
f 7156/20/20 7157/12/189 7155/21/197
f 7159/15/192 7156/20/20 7152/22/198
f 7156/20/20 7160/19/196 7152/22/198
f 7162/18/195 7156/20/20 7155/21/197
f 7259/12/2404 7260/13/278 7255/14/279
f 7260/13/278 7261/15/280 7255/14/279
f 7256/16/281 7263/17/282 7264/18/283
f 7262/19/284 7263/17/282 7256/16/281
f 7258/20/20 7259/12/2404 7257/21/285
f 7261/15/280 7258/20/20 7254/22/286
f 7258/20/20 7262/19/284 7254/22/286
f 7264/18/283 7258/20/20 7257/21/285
f 7361/12/2422 7362/13/2423 7357/14/2424
f 7362/13/2423 7363/15/2425 7357/14/2424
f 7358/16/2426 7365/17/2427 7366/18/2428
f 7364/19/2429 7365/17/2427 7358/16/2426
f 7360/20/2430 7361/12/2422 7359/21/2431
f 7363/15/2425 7360/20/2430 7356/22/2432
f 7360/20/2430 7364/19/2429 7356/22/2432
f 7366/18/2428 7360/20/2430 7359/21/2431
f 7463/12/2511 7464/13/2512 7459/14/2513
f 7464/13/2512 7465/15/2514 7459/14/2513
f 7460/16/2515 7467/17/2516 7468/18/2517
f 7466/19/2518 7467/17/2516 7460/16/2515
f 7462/20/2430 7463/12/2511 7461/21/2519
f 7465/15/2514 7462/20/2430 7458/22/2520
f 7462/20/2430 7466/19/2518 7458/22/2520
f 7468/18/2517 7462/20/2430 7461/21/2519
f 7565/12/2599 7566/13/2600 7561/14/2601
f 7566/13/2600 7567/15/2602 7561/14/2601
f 7562/16/2603 7569/17/2604 7570/18/2605
f 7568/19/2606 7569/17/2604 7562/16/2603
f 7564/20/2430 7565/12/2599 7563/21/2607
f 7567/15/2602 7564/20/2430 7560/22/2608
f 7564/20/2430 7568/19/2606 7560/22/2608
f 7570/18/2605 7564/20/2430 7563/21/2607
f 7667/12/2687 7668/13/2688 7663/14/2689
f 7668/13/2688 7669/15/2690 7663/14/2689
f 7664/16/2691 7671/17/2692 7672/18/2693
f 7670/19/2694 7671/17/2692 7664/16/2691
f 7666/20/2430 7667/12/2687 7665/21/2695
f 7669/15/2690 7666/20/2430 7662/22/2696
f 7666/20/2430 7670/19/2694 7662/22/2696
f 7672/18/2693 7666/20/2430 7665/21/2695
f 16/20/20 18/13/13 17/12/12
f 19/15/15 18/13/13 16/20/20
f 16/20/20 21/17/17 20/19/19
f 22/18/18 21/17/17 16/20/20
f 118/20/20 120/13/102 119/12/101
f 121/15/104 120/13/102 118/20/20
f 118/20/20 123/17/106 122/19/108
f 124/18/107 123/17/106 118/20/20
f 220/20/20 222/13/190 221/12/189
f 223/15/192 222/13/190 220/20/20
f 220/20/20 225/17/194 224/19/196
f 226/18/195 225/17/194 220/20/20
f 322/20/20 324/13/278 323/12/277
f 325/15/280 324/13/278 322/20/20
f 322/20/20 327/17/282 326/19/284
f 328/18/283 327/17/282 322/20/20
f 424/20/373 426/13/366 425/12/365
f 427/15/368 426/13/366 424/20/373
f 424/20/373 429/17/370 428/19/372
f 430/18/371 429/17/370 424/20/373
f 526/20/373 528/13/454 527/12/453
f 529/15/456 528/13/454 526/20/373
f 526/20/373 531/17/458 530/19/460
f 532/18/459 531/17/458 526/20/373
f 628/20/373 630/13/542 629/12/541
f 631/15/544 630/13/542 628/20/373
f 628/20/373 633/17/546 632/19/548
f 634/18/547 633/17/546 628/20/373
f 730/20/373 732/13/630 731/12/629
f 733/15/632 732/13/630 730/20/373
f 730/20/373 735/17/634 734/19/636
f 736/18/635 735/17/634 730/20/373
f 832/20/373 834/13/708 833/12/365
f 835/15/368 834/13/708 832/20/373
f 832/20/373 837/17/370 836/19/372
f 838/18/371 837/17/370 832/20/373
f 934/20/373 936/13/454 935/12/453
f 937/15/456 936/13/454 934/20/373
f 934/20/373 939/17/458 938/19/460
f 940/18/459 939/17/458 934/20/373
f 1036/20/373 1038/13/542 1037/12/541
f 1039/15/544 1038/13/542 1036/20/373
f 1036/20/373 1041/17/546 1040/19/548
f 1042/18/547 1041/17/546 1036/20/373
f 1138/20/373 1140/13/630 1139/12/629
f 1141/15/632 1140/13/630 1138/20/373
f 1138/20/373 1143/17/634 1142/19/636
f 1144/18/635 1143/17/634 1138/20/373
f 1240/20/748 1242/13/741 1241/12/740
f 1243/15/743 1242/13/741 1240/20/748
f 1240/20/748 1245/17/745 1244/19/747
f 1246/18/746 1245/17/745 1240/20/748
f 1342/20/748 1344/13/830 1343/12/829
f 1345/15/832 1344/13/830 1342/20/748
f 1342/20/748 1347/17/834 1346/19/836
f 1348/18/835 1347/17/834 1342/20/748
f 1444/20/748 1446/13/918 1445/12/917
f 1447/15/920 1446/13/918 1444/20/748
f 1444/20/748 1449/17/922 1448/19/924
f 1450/18/923 1449/17/922 1444/20/748
f 1546/20/748 1548/13/1006 1547/12/1005
f 1549/15/1008 1548/13/1006 1546/20/748
f 1546/20/748 1551/17/1010 1550/19/1012
f 1552/18/1011 1551/17/1010 1546/20/748
f 1648/20/748 1650/13/741 1649/12/740
f 1651/15/743 1650/13/741 1648/20/748
f 1648/20/748 1653/17/745 1652/19/747
f 1654/18/1084 1653/17/745 1648/20/748
f 1750/20/748 1752/13/830 1751/12/829
f 1753/15/832 1752/13/830 1750/20/748
f 1750/20/748 1755/17/834 1754/19/836
f 1756/18/835 1755/17/834 1750/20/748
f 1852/20/748 1854/13/1108 1853/12/917
f 1855/15/920 1854/13/1108 1852/20/748
f 1852/20/748 1857/17/922 1856/19/924
f 1858/18/923 1857/17/922 1852/20/748
f 1954/20/748 1956/13/1006 1955/12/1005
f 1957/15/1008 1956/13/1006 1954/20/748
f 1954/20/748 1959/17/1010 1958/19/1012
f 1960/18/1011 1959/17/1010 1954/20/748
f 2056/20/373 2058/13/708 2057/12/365
f 2059/15/368 2058/13/708 2056/20/373
f 2056/20/373 2061/17/370 2060/19/372
f 2062/18/371 2061/17/370 2056/20/373
f 2158/20/373 2160/13/454 2159/12/453
f 2161/15/456 2160/13/454 2158/20/373
f 2158/20/373 2163/17/458 2162/19/460
f 2164/18/459 2163/17/458 2158/20/373
f 2260/20/373 2262/13/542 2261/12/541
f 2263/15/544 2262/13/542 2260/20/373
f 2260/20/373 2265/17/546 2264/19/548
f 2266/18/547 2265/17/546 2260/20/373
f 2362/20/373 2364/13/630 2363/12/629
f 2365/15/632 2364/13/630 2362/20/373
f 2362/20/373 2367/17/634 2366/19/636
f 2368/18/1137 2367/17/634 2362/20/373
f 2464/20/373 2466/13/708 2465/12/365
f 2467/15/368 2466/13/708 2464/20/373
f 2464/20/373 2469/17/370 2468/19/372
f 2470/18/371 2469/17/370 2464/20/373
f 2566/20/373 2568/13/454 2567/12/453
f 2569/15/456 2568/13/454 2566/20/373
f 2566/20/373 2571/17/458 2570/19/460
f 2572/18/459 2571/17/458 2566/20/373
f 2668/20/373 2670/13/542 2669/12/541
f 2671/15/544 2670/13/542 2668/20/373
f 2668/20/373 2673/17/546 2672/19/548
f 2674/18/547 2673/17/546 2668/20/373
f 2770/20/373 2772/13/630 2771/12/629
f 2773/15/632 2772/13/630 2770/20/373
f 2770/20/373 2775/17/634 2774/19/636
f 2776/18/1137 2775/17/634 2770/20/373
f 2872/20/373 2874/13/708 2873/12/365
f 2875/15/368 2874/13/708 2872/20/373
f 2872/20/373 2877/17/370 2876/19/372
f 2878/18/371 2877/17/370 2872/20/373
f 2974/20/373 2976/13/454 2975/12/453
f 2977/15/456 2976/13/454 2974/20/373
f 2974/20/373 2979/17/458 2978/19/460
f 2980/18/459 2979/17/458 2974/20/373
f 3076/20/373 3078/13/542 3077/12/541
f 3079/15/544 3078/13/542 3076/20/373
f 3076/20/373 3081/17/546 3080/19/548
f 3082/18/547 3081/17/546 3076/20/373
f 3178/20/373 3180/13/630 3179/12/629
f 3181/15/632 3180/13/630 3178/20/373
f 3178/20/373 3183/17/634 3182/19/636
f 3184/18/635 3183/17/634 3178/20/373
f 3280/20/1181 3282/13/1174 3281/12/1173
f 3283/15/1176 3282/13/1174 3280/20/1181
f 3280/20/1181 3285/17/1178 3284/19/1180
f 3286/18/1179 3285/17/1178 3280/20/1181
f 3382/20/1181 3384/13/1262 3383/12/1261
f 3385/15/1264 3384/13/1262 3382/20/1181
f 3382/20/1181 3387/17/1266 3386/19/1268
f 3388/18/1267 3387/17/1266 3382/20/1181
f 3484/20/1181 3486/13/1350 3485/12/1349
f 3487/15/1352 3486/13/1350 3484/20/1181
f 3484/20/1181 3489/17/1354 3488/19/1356
f 3490/18/1355 3489/17/1354 3484/20/1181
f 3586/20/1181 3588/13/1438 3587/12/1437
f 3589/15/1440 3588/13/1438 3586/20/1181
f 3586/20/1181 3591/17/1442 3590/19/1444
f 3592/18/1443 3591/17/1442 3586/20/1181
f 3688/20/1181 3690/13/1174 3689/12/1173
f 3691/15/1176 3690/13/1174 3688/20/1181
f 3688/20/1181 3693/17/1178 3692/19/1180
f 3694/18/1179 3693/17/1178 3688/20/1181
f 3790/20/1181 3792/13/1262 3791/12/1261
f 3793/15/1264 3792/13/1262 3790/20/1181
f 3790/20/1181 3795/17/1266 3794/19/1521
f 3796/18/1267 3795/17/1266 3790/20/1181
f 3892/20/1181 3894/13/1350 3893/12/1349
f 3895/15/1352 3894/13/1350 3892/20/1181
f 3892/20/1181 3897/17/1536 3896/19/1356
f 3898/18/1355 3897/17/1536 3892/20/1181
f 3994/20/1181 3996/13/1438 3995/12/1437
f 3997/15/1440 3996/13/1438 3994/20/1181
f 3994/20/1181 3999/17/1442 3998/19/1444
f 4000/18/1443 3999/17/1442 3994/20/1181
f 4096/20/1181 4098/13/1174 4097/12/1173
f 4099/15/1176 4098/13/1174 4096/20/1181
f 4096/20/1181 4101/17/1178 4100/19/1180
f 4102/18/1179 4101/17/1178 4096/20/1181
f 4198/20/1181 4200/13/1262 4199/12/1261
f 4201/15/1264 4200/13/1262 4198/20/1181
f 4198/20/1181 4203/17/1266 4202/19/1268
f 4204/18/1267 4203/17/1266 4198/20/1181
f 4300/20/1181 4302/13/1350 4301/12/1349
f 4303/15/1352 4302/13/1350 4300/20/1181
f 4300/20/1181 4305/17/1536 4304/19/1356
f 4306/18/1355 4305/17/1536 4300/20/1181
f 4402/20/1181 4404/13/1438 4403/12/1437
f 4405/15/1440 4404/13/1438 4402/20/1181
f 4402/20/1181 4407/17/1442 4406/19/1577
f 4408/18/1443 4407/17/1442 4402/20/1181
f 4504/20/1181 4506/13/1174 4505/12/1173
f 4507/15/1176 4506/13/1174 4504/20/1181
f 4504/20/1181 4509/17/1178 4508/19/1180
f 4510/18/1179 4509/17/1178 4504/20/1181
f 4606/20/1181 4608/13/1593 4607/12/1261
f 4609/15/1264 4608/13/1593 4606/20/1181
f 4606/20/1181 4611/17/1266 4610/19/1268
f 4612/18/1267 4611/17/1266 4606/20/1181
f 4708/20/1181 4710/13/1596 4709/12/1349
f 4711/15/1352 4710/13/1596 4708/20/1181
f 4708/20/1181 4713/17/1536 4712/19/1356
f 4714/18/1355 4713/17/1536 4708/20/1181
f 4810/20/1181 4812/13/1438 4811/12/1437
f 4813/15/1440 4812/13/1438 4810/20/1181
f 4810/20/1181 4815/17/1442 4814/19/1444
f 4816/18/1443 4815/17/1442 4810/20/1181
f 4912/20/1181 4914/13/1174 4913/12/1173
f 4915/15/1176 4914/13/1174 4912/20/1181
f 4912/20/1181 4917/17/1178 4916/19/1180
f 4918/18/1179 4917/17/1178 4912/20/1181
f 5014/20/1181 5016/13/1262 5015/12/1261
f 5017/15/1264 5016/13/1262 5014/20/1181
f 5014/20/1181 5019/17/1266 5018/19/1521
f 5020/18/1267 5019/17/1266 5014/20/1181
f 5116/20/1181 5118/13/1596 5117/12/1349
f 5119/15/1352 5118/13/1596 5116/20/1181
f 5116/20/1181 5121/17/1354 5120/19/1356
f 5122/18/1355 5121/17/1354 5116/20/1181
f 5218/20/1181 5220/13/1438 5219/12/1437
f 5221/15/1440 5220/13/1438 5218/20/1181
f 5218/20/1181 5223/17/1442 5222/19/1577
f 5224/18/1443 5223/17/1442 5218/20/1181
f 5320/20/1181 5322/13/1174 5321/12/1173
f 5323/15/1176 5322/13/1174 5320/20/1181
f 5320/20/1181 5325/17/1178 5324/19/1180
f 5326/18/1179 5325/17/1178 5320/20/1181
f 5422/20/1181 5424/13/1262 5423/12/1261
f 5425/15/1264 5424/13/1262 5422/20/1181
f 5422/20/1181 5427/17/1266 5426/19/1268
f 5428/18/1267 5427/17/1266 5422/20/1181
f 5524/20/1181 5526/13/1350 5525/12/1349
f 5527/15/1352 5526/13/1350 5524/20/1181
f 5524/20/1181 5529/17/1354 5528/19/1356
f 5530/18/1355 5529/17/1354 5524/20/1181
f 5626/20/1181 5628/13/1438 5627/12/1437
f 5629/15/1440 5628/13/1438 5626/20/1181
f 5626/20/1181 5631/17/1442 5630/19/1444
f 5632/18/1443 5631/17/1442 5626/20/1181
f 5728/20/1648 5730/13/1641 5729/12/1640
f 5731/15/1643 5730/13/1641 5728/20/1648
f 5728/20/1648 5733/17/1645 5732/19/1647
f 5734/18/1646 5733/17/1645 5728/20/1648
f 5830/20/1648 5832/13/1729 5831/12/1728
f 5833/15/1731 5832/13/1729 5830/20/1648
f 5830/20/1648 5835/17/1733 5834/19/1735
f 5836/18/1734 5835/17/1733 5830/20/1648
f 5932/20/1648 5934/13/1817 5933/12/1816
f 5935/15/1819 5934/13/1817 5932/20/1648
f 5932/20/1648 5937/17/1821 5936/19/1823
f 5938/18/1822 5937/17/1821 5932/20/1648
f 6034/20/1648 6036/13/1905 6035/12/1904
f 6037/15/1907 6036/13/1905 6034/20/1648
f 6034/20/1648 6039/17/1909 6038/19/1911
f 6040/18/1910 6039/17/1909 6034/20/1648
f 6136/20/1648 6138/13/1641 6137/12/1640
f 6139/15/1643 6138/13/1641 6136/20/1648
f 6136/20/1648 6141/17/1645 6140/19/1647
f 6142/18/1646 6141/17/1645 6136/20/1648
f 6238/20/1648 6240/13/1729 6239/12/1728
f 6241/15/1992 6240/13/1729 6238/20/1648
f 6238/20/1648 6243/17/1733 6242/19/1735
f 6244/18/1734 6243/17/1733 6238/20/1648
f 6340/20/1648 6342/13/2000 6341/12/1816
f 6343/15/1819 6342/13/2000 6340/20/1648
f 6340/20/1648 6345/17/1821 6344/19/1823
f 6346/18/1822 6345/17/1821 6340/20/1648
f 6442/20/1648 6444/13/1905 6443/12/1904
f 6445/15/1907 6444/13/1905 6442/20/1648
f 6442/20/1648 6447/17/1909 6446/19/1911
f 6448/18/1910 6447/17/1909 6442/20/1648
f 6544/20/2035 6546/13/2028 6545/12/2027
f 6547/15/2030 6546/13/2028 6544/20/2035
f 6544/20/2035 6549/17/2032 6548/19/2034
f 6550/18/2033 6549/17/2032 6544/20/2035
f 6646/20/2035 6648/13/2117 6647/12/2116
f 6649/15/2119 6648/13/2117 6646/20/2035
f 6646/20/2035 6651/17/2121 6650/19/2123
f 6652/18/2122 6651/17/2121 6646/20/2035
f 6748/20/2035 6750/13/2205 6749/12/2204
f 6751/15/2207 6750/13/2205 6748/20/2035
f 6748/20/2035 6753/17/2209 6752/19/2211
f 6754/18/2210 6753/17/2209 6748/20/2035
f 6850/20/2035 6852/13/2293 6851/12/2292
f 6853/15/2295 6852/13/2293 6850/20/2035
f 6850/20/2035 6855/17/2297 6854/19/2299
f 6856/18/2298 6855/17/2297 6850/20/2035
f 6952/20/20 6954/13/2371 6953/12/12
f 6955/15/15 6954/13/2371 6952/20/20
f 6952/20/20 6957/17/17 6956/19/19
f 6958/18/18 6957/17/17 6952/20/20
f 7054/20/20 7056/13/102 7055/12/101
f 7057/15/104 7056/13/102 7054/20/20
f 7054/20/20 7059/17/106 7058/19/108
f 7060/18/107 7059/17/106 7054/20/20
f 7156/20/20 7158/13/190 7157/12/189
f 7159/15/192 7158/13/190 7156/20/20
f 7156/20/20 7161/17/194 7160/19/196
f 7162/18/195 7161/17/194 7156/20/20
f 7258/20/20 7260/13/278 7259/12/2404
f 7261/15/280 7260/13/278 7258/20/20
f 7258/20/20 7263/17/282 7262/19/284
f 7264/18/283 7263/17/282 7258/20/20
f 7360/20/2430 7362/13/2423 7361/12/2422
f 7363/15/2425 7362/13/2423 7360/20/2430
f 7360/20/2430 7365/17/2427 7364/19/2429
f 7366/18/2428 7365/17/2427 7360/20/2430
f 7462/20/2430 7464/13/2512 7463/12/2511
f 7465/15/2514 7464/13/2512 7462/20/2430
f 7462/20/2430 7467/17/2516 7466/19/2518
f 7468/18/2517 7467/17/2516 7462/20/2430
f 7564/20/2430 7566/13/2600 7565/12/2599
f 7567/15/2602 7566/13/2600 7564/20/2430
f 7564/20/2430 7569/17/2604 7568/19/2606
f 7570/18/2605 7569/17/2604 7564/20/2430
f 7666/20/2430 7668/13/2688 7667/12/2687
f 7669/15/2690 7668/13/2688 7666/20/2430
f 7666/20/2430 7671/17/2692 7670/19/2694
f 7672/18/2693 7671/17/2692 7666/20/2430
usemtl leaves1.001
f 29/23/23 28/24/24 25/25/25
f 28/24/24 31/26/26 26/27/27
f 33/28/28 29/23/23 32/29/29
f 31/26/26 33/28/28 34/30/30
f 27/31/20 32/29/29 23/32/31
f 33/28/28 24/33/32 34/30/30
f 131/23/111 130/24/112 127/25/113
f 130/24/112 133/26/114 128/27/115
f 135/28/116 131/23/111 134/29/117
f 133/26/114 135/28/116 136/30/118
f 129/31/20 134/29/117 125/32/119
f 136/30/118 129/31/20 126/33/120
f 233/23/199 232/24/200 229/25/201
f 232/24/200 235/26/202 230/27/203
f 237/28/204 233/23/199 236/29/205
f 235/26/202 237/28/204 238/30/206
f 227/32/207 237/28/204 236/29/205
f 238/30/206 231/31/20 228/33/208
f 335/23/287 334/24/288 331/25/289
f 334/24/288 337/26/290 332/27/291
f 339/28/292 335/23/287 338/29/293
f 337/26/290 339/28/292 340/30/294
f 333/31/20 338/29/293 329/32/295
f 339/28/292 330/33/296 340/30/294
f 437/23/376 436/24/377 433/25/378
f 436/24/377 439/26/379 434/27/380
f 441/28/381 437/23/376 440/29/382
f 439/26/379 441/28/381 442/30/383
f 435/31/373 440/29/382 431/32/384
f 441/28/381 432/33/385 442/30/383
f 539/23/463 538/24/464 535/25/465
f 538/24/464 541/26/466 536/27/467
f 543/28/468 539/23/463 542/29/469
f 541/26/466 543/28/468 544/30/470
f 537/31/373 542/29/469 533/32/471
f 543/28/468 534/33/472 544/30/470
f 641/23/551 640/24/552 637/25/553
f 640/24/552 643/26/554 638/27/555
f 645/28/556 641/23/551 644/29/557
f 643/26/554 645/28/556 646/30/558
f 639/31/373 644/29/557 635/32/559
f 646/30/558 639/31/373 636/33/560
f 743/23/639 742/24/640 739/25/641
f 742/24/640 745/26/642 740/27/643
f 747/28/644 743/23/639 746/29/645
f 745/26/642 747/28/644 748/30/646
f 741/31/373 746/29/645 737/32/647
f 747/28/644 738/33/648 748/30/646
f 845/23/376 844/24/377 841/25/378
f 844/24/377 847/26/379 842/27/380
f 849/28/709 845/23/376 848/29/382
f 847/26/379 849/28/709 850/30/383
f 839/32/384 849/28/709 848/29/382
f 850/30/383 843/31/373 840/33/385
f 947/23/463 946/24/464 943/25/465
f 946/24/464 949/26/466 944/27/467
f 951/28/713 947/23/463 950/29/714
f 949/26/466 951/28/713 952/30/470
f 941/32/471 951/28/713 950/29/714
f 952/30/470 945/31/373 942/33/472
f 1049/23/551 1048/24/552 1045/25/553
f 1048/24/552 1051/26/554 1046/27/555
f 1053/28/719 1049/23/551 1052/29/557
f 1051/26/554 1053/28/719 1054/30/720
f 1047/31/373 1052/29/557 1043/32/559
f 1054/30/720 1047/31/373 1044/33/560
f 1151/23/639 1150/24/640 1147/25/641
f 1150/24/640 1153/26/642 1148/27/643
f 1155/28/644 1151/23/639 1154/29/725
f 1153/26/642 1155/28/644 1156/30/646
f 1149/31/373 1154/29/725 1145/32/647
f 1155/28/644 1146/33/648 1156/30/646
f 1253/23/751 1252/24/752 1249/25/753
f 1252/24/752 1255/26/754 1250/27/755
f 1257/28/756 1253/23/751 1256/29/757
f 1255/26/754 1257/28/756 1258/30/758
f 1251/31/748 1256/29/757 1247/32/759
f 1257/28/756 1248/33/760 1258/30/758
f 1355/23/839 1354/24/840 1351/25/841
f 1354/24/840 1357/26/842 1352/27/843
f 1359/28/844 1355/23/839 1358/29/845
f 1357/26/842 1359/28/844 1360/30/846
f 1349/32/847 1359/28/844 1358/29/845
f 1360/30/846 1353/31/748 1350/33/848
f 1457/23/927 1456/24/928 1453/25/929
f 1456/24/928 1459/26/930 1454/27/931
f 1461/28/932 1457/23/927 1460/29/933
f 1459/26/930 1461/28/932 1462/30/934
f 1455/31/748 1460/29/933 1451/32/935
f 1462/30/934 1455/31/748 1452/33/936
f 1559/23/1015 1558/24/1016 1555/25/1017
f 1558/24/1016 1561/26/1018 1556/27/1019
f 1563/28/1020 1559/23/1015 1562/29/1021
f 1561/26/1018 1563/28/1020 1564/30/1022
f 1553/32/1023 1563/28/1020 1562/29/1021
f 1564/30/1022 1557/31/748 1554/33/1024
f 1661/23/751 1660/24/752 1657/25/753
f 1660/24/752 1663/26/754 1658/27/755
f 1665/28/756 1661/23/751 1664/29/1085
f 1663/26/754 1665/28/756 1666/30/1086
f 1659/31/748 1664/29/1085 1655/32/1087
f 1665/28/756 1656/33/760 1666/30/1086
f 1763/23/839 1762/24/840 1759/25/1097
f 1762/24/840 1765/26/842 1760/27/843
f 1767/28/1098 1763/23/839 1766/29/1099
f 1765/26/842 1767/28/1098 1768/30/846
f 1761/31/748 1766/29/1099 1757/32/847
f 1767/28/1098 1758/33/848 1768/30/846
f 1865/23/927 1864/24/928 1861/25/929
f 1864/24/928 1867/26/1109 1862/27/931
f 1869/28/932 1865/23/927 1868/29/933
f 1867/26/1109 1869/28/932 1870/30/1110
f 1863/31/748 1868/29/933 1859/32/935
f 1870/30/1110 1863/31/748 1860/33/936
f 1967/23/1015 1966/24/1016 1963/25/1017
f 1966/24/1016 1969/26/1018 1964/27/1019
f 1971/28/1117 1967/23/1015 1970/29/1118
f 1969/26/1018 1971/28/1117 1972/30/1022
f 1961/32/1023 1971/28/1117 1970/29/1118
f 1972/30/1022 1965/31/748 1962/33/1024
f 2069/23/376 2068/24/377 2065/25/378
f 2068/24/377 2071/26/379 2066/27/380
f 2073/28/1122 2069/23/376 2072/29/1123
f 2071/26/379 2073/28/1122 2074/30/1124
f 2063/32/384 2073/28/1122 2072/29/1123
f 2074/30/1124 2067/31/373 2064/33/385
f 2171/23/463 2170/24/464 2167/25/465
f 2170/24/464 2173/26/466 2168/27/467
f 2175/28/1127 2171/23/463 2174/29/1128
f 2173/26/466 2175/28/1127 2176/30/1129
f 2165/32/471 2175/28/1127 2174/29/1128
f 2176/30/1129 2169/31/373 2166/33/472
f 2273/23/551 2272/24/552 2269/25/553
f 2272/24/552 2275/26/554 2270/27/555
f 2277/28/1133 2273/23/551 2276/29/557
f 2275/26/554 2277/28/1133 2278/30/720
f 2271/31/373 2276/29/557 2267/32/559
f 2278/30/720 2271/31/373 2268/33/560
f 2375/23/639 2374/24/1138 2371/25/641
f 2374/24/1138 2377/26/642 2372/27/643
f 2379/28/1139 2375/23/639 2378/29/645
f 2377/26/642 2379/28/1139 2380/30/646
f 2369/32/647 2379/28/1139 2378/29/645
f 2380/30/646 2373/31/373 2370/33/648
f 2477/23/376 2476/24/377 2473/25/378
f 2476/24/377 2479/26/379 2474/27/380
f 2481/28/1142 2477/23/376 2480/29/1123
f 2479/26/379 2481/28/1142 2482/30/1124
f 2471/32/384 2481/28/1142 2480/29/1123
f 2482/30/1124 2475/31/373 2472/33/385
f 2579/23/463 2578/24/464 2575/25/465
f 2578/24/464 2581/26/466 2576/27/467
f 2583/28/713 2579/23/463 2582/29/1128
f 2581/26/466 2583/28/713 2584/30/470
f 2573/32/471 2583/28/713 2582/29/1128
f 2584/30/470 2577/31/373 2574/33/472
f 2681/23/551 2680/24/552 2677/25/553
f 2680/24/552 2683/26/554 2678/27/555
f 2685/28/1144 2681/23/551 2684/29/1145
f 2683/26/554 2685/28/1144 2686/30/720
f 2679/31/373 2684/29/1145 2675/32/559
f 2686/30/720 2679/31/373 2676/33/1146
f 2783/23/639 2782/24/640 2779/25/641
f 2782/24/640 2785/26/642 2780/27/643
f 2787/28/644 2783/23/639 2786/29/645
f 2785/26/642 2787/28/644 2788/30/1149
f 2777/32/647 2787/28/644 2786/29/645
f 2788/30/1149 2781/31/373 2778/33/648
f 2885/23/376 2884/24/377 2881/25/378
f 2884/24/377 2887/26/379 2882/27/380
f 2889/28/1142 2885/23/376 2888/29/382
f 2887/26/379 2889/28/1142 2890/30/383
f 2879/32/384 2889/28/1142 2888/29/382
f 2889/28/1142 2880/33/385 2890/30/383
f 2987/23/463 2986/24/464 2983/25/465
f 2986/24/464 2989/26/466 2984/27/467
f 2991/28/1154 2987/23/463 2990/29/469
f 2989/26/466 2991/28/1154 2992/30/1129
f 2985/31/373 2990/29/469 2981/32/471
f 2992/30/1129 2985/31/373 2982/33/472
f 3089/23/551 3088/24/552 3085/25/553
f 3088/24/552 3091/26/554 3086/27/555
f 3093/28/1144 3089/23/551 3092/29/1145
f 3091/26/554 3093/28/1144 3094/30/1156
f 3083/32/559 3093/28/1144 3092/29/1145
f 3093/28/1144 3084/33/1146 3094/30/1156
f 3191/23/639 3190/24/640 3187/25/641
f 3190/24/640 3193/26/642 3188/27/643
f 3195/28/1139 3191/23/639 3194/29/725
f 3193/26/642 3195/28/1139 3196/30/1160
f 3189/31/373 3194/29/725 3185/32/647
f 3196/30/1160 3189/31/373 3186/33/648
f 3293/23/1184 3292/24/1185 3289/25/1186
f 3292/24/1185 3295/26/1187 3290/27/1188
f 3297/28/1189 3293/23/1184 3296/29/1190
f 3295/26/1187 3297/28/1189 3298/30/1191
f 3287/32/1192 3297/28/1189 3296/29/1190
f 3298/30/1191 3291/31/1181 3288/33/1193
f 3395/23/1271 3394/24/1272 3391/25/1273
f 3394/24/1272 3397/26/1274 3392/27/1275
f 3399/28/1276 3395/23/1271 3398/29/1277
f 3397/26/1274 3399/28/1276 3400/30/1278
f 3389/32/1279 3399/28/1276 3398/29/1277
f 3400/30/1278 3393/31/1181 3390/33/1280
f 3497/23/1359 3496/24/1360 3493/25/1361
f 3496/24/1360 3499/26/1362 3494/27/1363
f 3501/28/1364 3497/23/1359 3500/29/1365
f 3499/26/1362 3501/28/1364 3502/30/1366
f 3491/32/1367 3501/28/1364 3500/29/1365
f 3502/30/1366 3495/31/1181 3492/33/1368
f 3599/23/1447 3598/24/1448 3595/25/1449
f 3598/24/1448 3601/26/1450 3596/27/1451
f 3603/28/1452 3599/23/1447 3602/29/1453
f 3601/26/1450 3603/28/1452 3604/30/1454
f 3597/31/1181 3602/29/1453 3593/32/1455
f 3603/28/1452 3594/33/1456 3604/30/1454
f 3701/23/1184 3700/24/1514 3697/25/1186
f 3700/24/1514 3703/26/1187 3698/27/1188
f 3705/28/1515 3701/23/1184 3704/29/1516
f 3703/26/1187 3705/28/1515 3706/30/1517
f 3699/31/1181 3704/29/1516 3695/32/1192
f 3705/28/1515 3696/33/1193 3706/30/1517
f 3803/23/1271 3802/24/1272 3799/25/1273
f 3802/24/1272 3805/26/1274 3800/27/1275
f 3807/28/1522 3803/23/1271 3806/29/1277
f 3805/26/1274 3807/28/1522 3808/30/1523
f 3797/32/1524 3807/28/1522 3806/29/1277
f 3807/28/1522 3798/33/1280 3808/30/1523
f 3905/23/1359 3904/24/1360 3901/25/1361
f 3904/24/1360 3907/26/1362 3902/27/1363
f 3909/28/1364 3905/23/1359 3908/29/1537
f 3907/26/1362 3909/28/1364 3910/30/1366
f 3899/32/1367 3909/28/1364 3908/29/1537
f 3910/30/1366 3903/31/1181 3900/33/1368
f 4007/23/1447 4006/24/1448 4003/25/1449
f 4006/24/1448 4009/26/1450 4004/27/1451
f 4011/28/1547 4007/23/1447 4010/29/1548
f 4009/26/1450 4011/28/1547 4012/30/1549
f 4001/32/1455 4011/28/1547 4010/29/1548
f 4012/30/1549 4005/31/1181 4002/33/1456
f 4109/23/1184 4108/24/1514 4105/25/1186
f 4108/24/1514 4111/26/1187 4106/27/1188
f 4113/28/1561 4109/23/1184 4112/29/1516
f 4111/26/1187 4113/28/1561 4114/30/1191
f 4107/31/1181 4112/29/1516 4103/32/1192
f 4113/28/1561 4104/33/1193 4114/30/1191
f 4211/23/1271 4210/24/1272 4207/25/1273
f 4210/24/1272 4213/26/1274 4208/27/1275
f 4215/28/1522 4211/23/1271 4214/29/1566
f 4213/26/1274 4215/28/1522 4216/30/1567
f 4205/32/1279 4215/28/1522 4214/29/1566
f 4216/30/1567 4209/31/1181 4206/33/1280
f 4313/23/1359 4312/24/1360 4309/25/1361
f 4312/24/1360 4315/26/1362 4310/27/1363
f 4317/28/1573 4313/23/1359 4316/29/1365
f 4315/26/1362 4317/28/1573 4318/30/1574
f 4307/32/1367 4317/28/1573 4316/29/1365
f 4318/30/1574 4311/31/1181 4308/33/1368
f 4415/23/1447 4414/24/1448 4411/25/1449
f 4414/24/1448 4417/26/1450 4412/27/1578
f 4419/28/1452 4415/23/1447 4418/29/1579
f 4417/26/1450 4419/28/1452 4420/30/1580
f 4409/32/1455 4419/28/1452 4418/29/1579
f 4420/30/1580 4413/31/1181 4410/33/1456
f 4517/23/1184 4516/24/1514 4513/25/1586
f 4516/24/1514 4519/26/1187 4514/27/1188
f 4521/28/1587 4517/23/1184 4520/29/1588
f 4519/26/1187 4521/28/1587 4522/30/1191
f 4515/31/1181 4520/29/1588 4511/32/1192
f 4521/28/1587 4512/33/1193 4522/30/1191
f 4619/23/1271 4618/24/1272 4615/25/1273
f 4618/24/1272 4621/26/1274 4616/27/1275
f 4623/28/1522 4619/23/1271 4622/29/1566
f 4621/26/1274 4623/28/1522 4624/30/1594
f 4613/32/1524 4623/28/1522 4622/29/1566
f 4624/30/1594 4617/31/1181 4614/33/1280
f 4721/23/1359 4720/24/1360 4717/25/1361
f 4720/24/1360 4723/26/1362 4718/27/1363
f 4725/28/1364 4721/23/1359 4724/29/1597
f 4723/26/1362 4725/28/1364 4726/30/1366
f 4715/32/1367 4725/28/1364 4724/29/1597
f 4726/30/1366 4719/31/1181 4716/33/1368
f 4823/23/1447 4822/24/1448 4819/25/1449
f 4822/24/1448 4825/26/1450 4820/27/1451
f 4827/28/1452 4823/23/1447 4826/29/1453
f 4825/26/1450 4827/28/1452 4828/30/1580
f 4821/31/1181 4826/29/1453 4817/32/1455
f 4828/30/1580 4821/31/1181 4818/33/1456
f 4925/23/1184 4924/24/1514 4921/25/1186
f 4924/24/1514 4927/26/1187 4922/27/1188
f 4929/28/1587 4925/23/1184 4928/29/1588
f 4927/26/1187 4929/28/1587 4930/30/1191
f 4923/31/1181 4928/29/1588 4919/32/1192
f 4930/30/1191 4923/31/1181 4920/33/1193
f 5027/23/1271 5026/24/1272 5023/25/1273
f 5026/24/1272 5029/26/1274 5024/27/1275
f 5031/28/1609 5027/23/1271 5030/29/1277
f 5029/26/1274 5031/28/1609 5032/30/1278
f 5021/32/1279 5031/28/1609 5030/29/1277
f 5032/30/1278 5025/31/1181 5022/33/1280
f 5129/23/1359 5128/24/1360 5125/25/1361
f 5128/24/1360 5131/26/1362 5126/27/1363
f 5133/28/1573 5129/23/1359 5132/29/1537
f 5131/26/1362 5133/28/1573 5134/30/1366
f 5123/32/1367 5133/28/1573 5132/29/1537
f 5133/28/1573 5124/33/1368 5134/30/1366
f 5231/23/1447 5230/24/1448 5227/25/1449
f 5230/24/1448 5233/26/1450 5228/27/1451
f 5235/28/1452 5231/23/1447 5234/29/1615
f 5233/26/1450 5235/28/1452 5236/30/1616
f 5225/32/1455 5235/28/1452 5234/29/1615
f 5236/30/1616 5229/31/1181 5226/33/1456
f 5333/23/1184 5332/24/1185 5329/25/1586
f 5332/24/1185 5335/26/1187 5330/27/1188
f 5337/28/1587 5333/23/1184 5336/29/1588
f 5335/26/1187 5337/28/1587 5338/30/1191
f 5327/32/1192 5337/28/1587 5336/29/1588
f 5337/28/1587 5328/33/1193 5338/30/1191
f 5435/23/1271 5434/24/1272 5431/25/1273
f 5434/24/1272 5437/26/1274 5432/27/1275
f 5439/28/1276 5435/23/1271 5438/29/1277
f 5437/26/1274 5439/28/1276 5440/30/1620
f 5429/32/1279 5439/28/1276 5438/29/1277
f 5440/30/1620 5433/31/1181 5430/33/1280
f 5537/23/1359 5536/24/1360 5533/25/1361
f 5536/24/1360 5539/26/1362 5534/27/1363
f 5541/28/1623 5537/23/1359 5540/29/1365
f 5539/26/1362 5541/28/1623 5542/30/1366
f 5531/32/1367 5541/28/1623 5540/29/1365
f 5541/28/1623 5532/33/1368 5542/30/1366
f 5639/23/1447 5638/24/1626 5635/25/1449
f 5638/24/1626 5641/26/1450 5636/27/1451
f 5643/28/1627 5639/23/1447 5642/29/1628
f 5641/26/1450 5643/28/1627 5644/30/1580
f 5633/32/1455 5643/28/1627 5642/29/1628
f 5643/28/1627 5634/33/1456 5644/30/1580
f 5741/23/1651 5740/24/1652 5737/25/1653
f 5740/24/1652 5743/26/1654 5738/27/1655
f 5745/28/1656 5741/23/1651 5744/29/1657
f 5743/26/1654 5745/28/1656 5746/30/1658
f 5735/32/1659 5745/28/1656 5744/29/1657
f 5746/30/1658 5739/31/1648 5736/33/1660
f 5843/23/1738 5842/24/1739 5839/25/1740
f 5842/24/1739 5845/26/1741 5840/27/1742
f 5847/28/1743 5843/23/1738 5846/29/1744
f 5845/26/1741 5847/28/1743 5848/30/1745
f 5837/32/1746 5847/28/1743 5846/29/1744
f 5848/30/1745 5841/31/1648 5838/33/1747
f 5945/23/1826 5944/24/1827 5941/25/1828
f 5944/24/1827 5947/26/1829 5942/27/1830
f 5949/28/1831 5945/23/1826 5948/29/1832
f 5947/26/1829 5949/28/1831 5950/30/1833
f 5943/31/1648 5948/29/1832 5939/32/1834
f 5950/30/1833 5943/31/1648 5940/33/1835
f 6047/23/1914 6046/24/1915 6043/25/1916
f 6046/24/1915 6049/26/1917 6044/27/1918
f 6051/28/1919 6047/23/1914 6050/29/1920
f 6049/26/1917 6051/28/1919 6052/30/1921
f 6045/31/1648 6050/29/1920 6041/32/1922
f 6052/30/1921 6045/31/1648 6042/33/1923
f 6149/23/1983 6148/24/1652 6145/25/1653
f 6148/24/1652 6151/26/1654 6146/27/1655
f 6153/28/1984 6149/23/1983 6152/29/1985
f 6151/26/1654 6153/28/1984 6154/30/1658
f 6143/32/1659 6153/28/1984 6152/29/1985
f 6154/30/1658 6147/31/1648 6144/33/1986
f 6251/23/1738 6250/24/1739 6247/25/1994
f 6250/24/1739 6253/26/1741 6248/27/1742
f 6255/28/1743 6251/23/1738 6254/29/1995
f 6253/26/1741 6255/28/1743 6256/30/1996
f 6245/32/1746 6255/28/1743 6254/29/1995
f 6255/28/1743 6246/33/1747 6256/30/1996
f 6353/23/1826 6352/24/1827 6349/25/1828
f 6352/24/1827 6355/26/1829 6350/27/1830
f 6357/28/2001 6353/23/1826 6356/29/2002
f 6355/26/1829 6357/28/2001 6358/30/1833
f 6351/31/1648 6356/29/2002 6347/32/1834
f 6358/30/1833 6351/31/1648 6348/33/1835
f 6455/23/1914 6454/24/1915 6451/25/1916
f 6454/24/1915 6457/26/1917 6452/27/2009
f 6459/28/1919 6455/23/1914 6458/29/2010
f 6457/26/1917 6459/28/1919 6460/30/2011
f 6453/31/1648 6458/29/2010 6449/32/1922
f 6460/30/2011 6453/31/1648 6450/33/1923
f 6557/23/2038 6556/24/2039 6553/25/2040
f 6556/24/2039 6559/26/2041 6554/27/2042
f 6561/28/2043 6557/23/2038 6560/29/2044
f 6559/26/2041 6561/28/2043 6562/30/2045
f 6551/32/2046 6561/28/2043 6560/29/2044
f 6562/30/2045 6555/31/2035 6552/33/2047
f 6659/23/2126 6658/24/2127 6655/25/2128
f 6658/24/2127 6661/26/2129 6656/27/2130
f 6663/28/2131 6659/23/2126 6662/29/2132
f 6661/26/2129 6663/28/2131 6664/30/2133
f 6653/32/2134 6663/28/2131 6662/29/2132
f 6663/28/2131 6654/33/2135 6664/30/2133
f 6761/23/2214 6760/24/2215 6757/25/2216
f 6760/24/2215 6763/26/2217 6758/27/2218
f 6765/28/2219 6761/23/2214 6764/29/2220
f 6763/26/2217 6765/28/2219 6766/30/2221
f 6755/32/2222 6765/28/2219 6764/29/2220
f 6765/28/2219 6756/33/2223 6766/30/2221
f 6863/23/2302 6862/24/2303 6859/25/2304
f 6862/24/2303 6865/26/2305 6860/27/2306
f 6867/28/2307 6863/23/2302 6866/29/2308
f 6865/26/2305 6867/28/2307 6868/30/2309
f 6857/32/2310 6867/28/2307 6866/29/2308
f 6867/28/2307 6858/33/2311 6868/30/2309
f 6965/23/23 6964/24/24 6961/25/25
f 6964/24/24 6967/26/26 6962/27/2372
f 6969/28/2373 6965/23/23 6968/29/2374
f 6967/26/26 6969/28/2373 6970/30/2375
f 6963/31/20 6968/29/2374 6959/32/2376
f 6969/28/2373 6960/33/32 6970/30/2375
f 7067/23/111 7066/24/112 7063/25/113
f 7066/24/112 7069/26/114 7064/27/115
f 7071/28/2382 7067/23/111 7070/29/2383
f 7069/26/114 7071/28/2382 7072/30/2384
f 7061/32/2385 7071/28/2382 7070/29/2383
f 7072/30/2384 7065/31/2386 7062/33/120
f 7169/23/199 7168/24/200 7165/25/201
f 7168/24/200 7171/26/202 7166/27/203
f 7173/28/2394 7169/23/199 7172/29/205
f 7171/26/202 7173/28/2394 7174/30/206
f 7167/31/20 7172/29/205 7163/32/207
f 7174/30/206 7167/31/20 7164/33/208
f 7271/23/287 7270/24/288 7267/25/2405
f 7270/24/288 7273/26/290 7268/27/291
f 7275/28/292 7271/23/287 7274/29/293
f 7273/26/290 7275/28/292 7276/30/294
f 7269/31/20 7274/29/293 7265/32/295
f 7275/28/292 7266/33/296 7276/30/294
f 7373/23/2433 7372/24/2434 7369/25/2435
f 7372/24/2434 7375/26/2436 7370/27/2437
f 7377/28/2438 7373/23/2433 7376/29/2439
f 7375/26/2436 7377/28/2438 7378/30/2440
f 7367/32/2441 7377/28/2438 7376/29/2439
f 7377/28/2438 7368/33/2442 7378/30/2440
f 7475/23/2521 7474/24/2522 7471/25/2523
f 7474/24/2522 7477/26/2524 7472/27/2525
f 7479/28/2526 7475/23/2521 7478/29/2527
f 7477/26/2524 7479/28/2526 7480/30/2528
f 7469/32/2529 7479/28/2526 7478/29/2527
f 7480/30/2528 7473/31/2430 7470/33/2530
f 7577/23/2609 7576/24/2610 7573/25/2611
f 7576/24/2610 7579/26/2612 7574/27/2613
f 7581/28/2614 7577/23/2609 7580/29/2615
f 7579/26/2612 7581/28/2614 7582/30/2616
f 7575/31/2430 7580/29/2615 7571/32/2617
f 7581/28/2614 7572/33/2618 7582/30/2616
f 7679/23/2697 7678/24/2698 7675/25/2699
f 7678/24/2698 7681/26/2700 7676/27/2701
f 7683/28/2702 7679/23/2697 7682/29/2703
f 7681/26/2700 7683/28/2702 7684/30/2704
f 7673/32/2705 7683/28/2702 7682/29/2703
f 7683/28/2702 7674/33/2706 7684/30/2704
f 29/23/23 30/95/2764 28/24/24
f 28/24/24 30/95/2764 31/26/26
f 33/28/28 30/95/2764 29/23/23
f 31/26/26 30/95/2764 33/28/28
f 27/31/20 33/28/28 32/29/29
f 33/28/28 27/31/20 24/33/32
f 131/23/111 132/95/2770 130/24/112
f 130/24/112 132/95/2770 133/26/114
f 135/28/116 132/95/2770 131/23/111
f 133/26/114 132/95/2770 135/28/116
f 129/31/20 135/28/116 134/29/117
f 136/30/118 135/28/116 129/31/20
f 233/23/199 234/95/2776 232/24/200
f 232/24/200 234/95/2776 235/26/202
f 237/28/204 234/95/2776 233/23/199
f 235/26/202 234/95/2776 237/28/204
f 227/32/207 231/31/20 237/28/204
f 238/30/206 237/28/204 231/31/20
f 335/23/287 336/95/2782 334/24/288
f 334/24/288 336/95/2782 337/26/290
f 339/28/292 336/95/2782 335/23/287
f 337/26/290 336/95/2782 339/28/292
f 333/31/20 339/28/292 338/29/293
f 339/28/292 333/31/20 330/33/296
f 437/23/376 438/95/2788 436/24/377
f 436/24/377 438/95/2788 439/26/379
f 441/28/381 438/95/2788 437/23/376
f 439/26/379 438/95/2788 441/28/381
f 435/31/373 441/28/381 440/29/382
f 441/28/381 435/31/373 432/33/385
f 539/23/463 540/95/2794 538/24/464
f 538/24/464 540/95/2794 541/26/466
f 543/28/468 540/95/2794 539/23/463
f 541/26/466 540/95/2794 543/28/468
f 537/31/373 543/28/468 542/29/469
f 543/28/468 537/31/373 534/33/472
f 641/23/551 642/95/2800 640/24/552
f 640/24/552 642/95/2800 643/26/554
f 645/28/556 642/95/2800 641/23/551
f 643/26/554 642/95/2800 645/28/556
f 639/31/373 645/28/556 644/29/557
f 646/30/558 645/28/556 639/31/373
f 743/23/639 744/95/2806 742/24/640
f 742/24/640 744/95/2806 745/26/642
f 747/28/644 744/95/2806 743/23/639
f 745/26/642 744/95/2806 747/28/644
f 741/31/373 747/28/644 746/29/645
f 747/28/644 741/31/373 738/33/648
f 845/23/376 846/95/2788 844/24/377
f 844/24/377 846/95/2788 847/26/379
f 849/28/709 846/95/2788 845/23/376
f 847/26/379 846/95/2788 849/28/709
f 839/32/384 843/31/373 849/28/709
f 850/30/383 849/28/709 843/31/373
f 947/23/463 948/95/2794 946/24/464
f 946/24/464 948/95/2794 949/26/466
f 951/28/713 948/95/2794 947/23/463
f 949/26/466 948/95/2794 951/28/713
f 941/32/471 945/31/373 951/28/713
f 952/30/470 951/28/713 945/31/373
f 1049/23/551 1050/95/2800 1048/24/552
f 1048/24/552 1050/95/2800 1051/26/554
f 1053/28/719 1050/95/2800 1049/23/551
f 1051/26/554 1050/95/2800 1053/28/719
f 1047/31/373 1053/28/719 1052/29/557
f 1054/30/720 1053/28/719 1047/31/373
f 1151/23/639 1152/95/2806 1150/24/640
f 1150/24/640 1152/95/2806 1153/26/642
f 1155/28/644 1152/95/2806 1151/23/639
f 1153/26/642 1152/95/2806 1155/28/644
f 1149/31/373 1155/28/644 1154/29/725
f 1155/28/644 1149/31/373 1146/33/648
f 1253/23/751 1254/95/2814 1252/24/752
f 1252/24/752 1254/95/2814 1255/26/754
f 1257/28/756 1254/95/2814 1253/23/751
f 1255/26/754 1254/95/2814 1257/28/756
f 1251/31/748 1257/28/756 1256/29/757
f 1257/28/756 1251/31/748 1248/33/760
f 1355/23/839 1356/95/2820 1354/24/840
f 1354/24/840 1356/95/2820 1357/26/842
f 1359/28/844 1356/95/2820 1355/23/839
f 1357/26/842 1356/95/2820 1359/28/844
f 1349/32/847 1353/31/748 1359/28/844
f 1360/30/846 1359/28/844 1353/31/748
f 1457/23/927 1458/95/2826 1456/24/928
f 1456/24/928 1458/95/2826 1459/26/930
f 1461/28/932 1458/95/2826 1457/23/927
f 1459/26/930 1458/95/2826 1461/28/932
f 1455/31/748 1461/28/932 1460/29/933
f 1462/30/934 1461/28/932 1455/31/748
f 1559/23/1015 1560/95/2832 1558/24/1016
f 1558/24/1016 1560/95/2832 1561/26/1018
f 1563/28/1020 1560/95/2832 1559/23/1015
f 1561/26/1018 1560/95/2832 1563/28/1020
f 1553/32/1023 1557/31/748 1563/28/1020
f 1564/30/1022 1563/28/1020 1557/31/748
f 1661/23/751 1662/95/2814 1660/24/752
f 1660/24/752 1662/95/2814 1663/26/754
f 1665/28/756 1662/95/2814 1661/23/751
f 1663/26/754 1662/95/2814 1665/28/756
f 1659/31/748 1665/28/756 1664/29/1085
f 1665/28/756 1659/31/748 1656/33/760
f 1763/23/839 1764/95/2820 1762/24/840
f 1762/24/840 1764/95/2820 1765/26/842
f 1767/28/1098 1764/95/2820 1763/23/839
f 1765/26/842 1764/95/2820 1767/28/1098
f 1761/31/748 1767/28/1098 1766/29/1099
f 1767/28/1098 1761/31/748 1758/33/848
f 1865/23/927 1866/95/2826 1864/24/928
f 1864/24/928 1866/95/2826 1867/26/1109
f 1869/28/932 1866/95/2826 1865/23/927
f 1867/26/1109 1866/95/2826 1869/28/932
f 1863/31/748 1869/28/932 1868/29/933
f 1870/30/1110 1869/28/932 1863/31/748
f 1967/23/1015 1968/95/2839 1966/24/1016
f 1966/24/1016 1968/95/2839 1969/26/1018
f 1971/28/1117 1968/95/2839 1967/23/1015
f 1969/26/1018 1968/95/2839 1971/28/1117
f 1961/32/1023 1965/31/748 1971/28/1117
f 1972/30/1022 1971/28/1117 1965/31/748
f 2069/23/376 2070/95/2840 2068/24/377
f 2068/24/377 2070/95/2840 2071/26/379
f 2073/28/1122 2070/95/2840 2069/23/376
f 2071/26/379 2070/95/2840 2073/28/1122
f 2063/32/384 2067/31/373 2073/28/1122
f 2074/30/1124 2073/28/1122 2067/31/373
f 2171/23/463 2172/95/2794 2170/24/464
f 2170/24/464 2172/95/2794 2173/26/466
f 2175/28/1127 2172/95/2794 2171/23/463
f 2173/26/466 2172/95/2794 2175/28/1127
f 2165/32/471 2169/31/373 2175/28/1127
f 2176/30/1129 2175/28/1127 2169/31/373
f 2273/23/551 2274/95/2800 2272/24/552
f 2272/24/552 2274/95/2800 2275/26/554
f 2277/28/1133 2274/95/2800 2273/23/551
f 2275/26/554 2274/95/2800 2277/28/1133
f 2271/31/373 2277/28/1133 2276/29/557
f 2278/30/720 2277/28/1133 2271/31/373
f 2375/23/639 2376/95/2806 2374/24/1138
f 2374/24/1138 2376/95/2806 2377/26/642
f 2379/28/1139 2376/95/2806 2375/23/639
f 2377/26/642 2376/95/2806 2379/28/1139
f 2369/32/647 2373/31/373 2379/28/1139
f 2380/30/646 2379/28/1139 2373/31/373
f 2477/23/376 2478/95/2788 2476/24/377
f 2476/24/377 2478/95/2788 2479/26/379
f 2481/28/1142 2478/95/2788 2477/23/376
f 2479/26/379 2478/95/2788 2481/28/1142
f 2471/32/384 2475/31/373 2481/28/1142
f 2482/30/1124 2481/28/1142 2475/31/373
f 2579/23/463 2580/95/2794 2578/24/464
f 2578/24/464 2580/95/2794 2581/26/466
f 2583/28/713 2580/95/2794 2579/23/463
f 2581/26/466 2580/95/2794 2583/28/713
f 2573/32/471 2577/31/373 2583/28/713
f 2584/30/470 2583/28/713 2577/31/373
f 2681/23/551 2682/95/2800 2680/24/552
f 2680/24/552 2682/95/2800 2683/26/554
f 2685/28/1144 2682/95/2800 2681/23/551
f 2683/26/554 2682/95/2800 2685/28/1144
f 2679/31/373 2685/28/1144 2684/29/1145
f 2686/30/720 2685/28/1144 2679/31/373
f 2783/23/639 2784/95/2806 2782/24/640
f 2782/24/640 2784/95/2806 2785/26/642
f 2787/28/644 2784/95/2806 2783/23/639
f 2785/26/642 2784/95/2806 2787/28/644
f 2777/32/647 2781/31/373 2787/28/644
f 2788/30/1149 2787/28/644 2781/31/373
f 2885/23/376 2886/95/2840 2884/24/377
f 2884/24/377 2886/95/2840 2887/26/379
f 2889/28/1142 2886/95/2840 2885/23/376
f 2887/26/379 2886/95/2840 2889/28/1142
f 2879/32/384 2883/31/373 2889/28/1142
f 2889/28/1142 2883/31/373 2880/33/385
f 2987/23/463 2988/95/2794 2986/24/464
f 2986/24/464 2988/95/2794 2989/26/466
f 2991/28/1154 2988/95/2794 2987/23/463
f 2989/26/466 2988/95/2794 2991/28/1154
f 2985/31/373 2991/28/1154 2990/29/469
f 2992/30/1129 2991/28/1154 2985/31/373
f 3089/23/551 3090/95/2800 3088/24/552
f 3088/24/552 3090/95/2800 3091/26/554
f 3093/28/1144 3090/95/2800 3089/23/551
f 3091/26/554 3090/95/2800 3093/28/1144
f 3083/32/559 3087/31/373 3093/28/1144
f 3093/28/1144 3087/31/373 3084/33/1146
f 3191/23/639 3192/95/2806 3190/24/640
f 3190/24/640 3192/95/2806 3193/26/642
f 3195/28/1139 3192/95/2806 3191/23/639
f 3193/26/642 3192/95/2806 3195/28/1139
f 3189/31/373 3195/28/1139 3194/29/725
f 3196/30/1160 3195/28/1139 3189/31/373
f 3293/23/1184 3294/95/2842 3292/24/1185
f 3292/24/1185 3294/95/2842 3295/26/1187
f 3297/28/1189 3294/95/2842 3293/23/1184
f 3295/26/1187 3294/95/2842 3297/28/1189
f 3287/32/1192 3291/31/1181 3297/28/1189
f 3298/30/1191 3297/28/1189 3291/31/1181
f 3395/23/1271 3396/95/2848 3394/24/1272
f 3394/24/1272 3396/95/2848 3397/26/1274
f 3399/28/1276 3396/95/2848 3395/23/1271
f 3397/26/1274 3396/95/2848 3399/28/1276
f 3389/32/1279 3393/31/1181 3399/28/1276
f 3400/30/1278 3399/28/1276 3393/31/1181
f 3497/23/1359 3498/95/2854 3496/24/1360
f 3496/24/1360 3498/95/2854 3499/26/1362
f 3501/28/1364 3498/95/2854 3497/23/1359
f 3499/26/1362 3498/95/2854 3501/28/1364
f 3491/32/1367 3495/31/1181 3501/28/1364
f 3502/30/1366 3501/28/1364 3495/31/1181
f 3599/23/1447 3600/95/2860 3598/24/1448
f 3598/24/1448 3600/95/2860 3601/26/1450
f 3603/28/1452 3600/95/2860 3599/23/1447
f 3601/26/1450 3600/95/2860 3603/28/1452
f 3597/31/1181 3603/28/1452 3602/29/1453
f 3603/28/1452 3597/31/1181 3594/33/1456
f 3701/23/1184 3702/95/2866 3700/24/1514
f 3700/24/1514 3702/95/2866 3703/26/1187
f 3705/28/1515 3702/95/2866 3701/23/1184
f 3703/26/1187 3702/95/2866 3705/28/1515
f 3699/31/1181 3705/28/1515 3704/29/1516
f 3705/28/1515 3699/31/1181 3696/33/1193
f 3803/23/1271 3804/95/2848 3802/24/1272
f 3802/24/1272 3804/95/2848 3805/26/1274
f 3807/28/1522 3804/95/2848 3803/23/1271
f 3805/26/1274 3804/95/2848 3807/28/1522
f 3797/32/1524 3801/31/1181 3807/28/1522
f 3807/28/1522 3801/31/1181 3798/33/1280
f 3905/23/1359 3906/95/2854 3904/24/1360
f 3904/24/1360 3906/95/2854 3907/26/1362
f 3909/28/1364 3906/95/2854 3905/23/1359
f 3907/26/1362 3906/95/2854 3909/28/1364
f 3899/32/1367 3903/31/1181 3909/28/1364
f 3910/30/1366 3909/28/1364 3903/31/1181
f 4007/23/1447 4008/95/2860 4006/24/1448
f 4006/24/1448 4008/95/2860 4009/26/1450
f 4011/28/1547 4008/95/2860 4007/23/1447
f 4009/26/1450 4008/95/2860 4011/28/1547
f 4001/32/1455 4005/31/1181 4011/28/1547
f 4012/30/1549 4011/28/1547 4005/31/1181
f 4109/23/1184 4110/95/2866 4108/24/1514
f 4108/24/1514 4110/95/2866 4111/26/1187
f 4113/28/1561 4110/95/2866 4109/23/1184
f 4111/26/1187 4110/95/2866 4113/28/1561
f 4107/31/1181 4113/28/1561 4112/29/1516
f 4113/28/1561 4107/31/1181 4104/33/1193
f 4211/23/1271 4212/95/2848 4210/24/1272
f 4210/24/1272 4212/95/2848 4213/26/1274
f 4215/28/1522 4212/95/2848 4211/23/1271
f 4213/26/1274 4212/95/2848 4215/28/1522
f 4205/32/1279 4209/31/1181 4215/28/1522
f 4216/30/1567 4215/28/1522 4209/31/1181
f 4313/23/1359 4314/95/2854 4312/24/1360
f 4312/24/1360 4314/95/2854 4315/26/1362
f 4317/28/1573 4314/95/2854 4313/23/1359
f 4315/26/1362 4314/95/2854 4317/28/1573
f 4307/32/1367 4311/31/1181 4317/28/1573
f 4318/30/1574 4317/28/1573 4311/31/1181
f 4415/23/1447 4416/95/2860 4414/24/1448
f 4414/24/1448 4416/95/2860 4417/26/1450
f 4419/28/1452 4416/95/2860 4415/23/1447
f 4417/26/1450 4416/95/2860 4419/28/1452
f 4409/32/1455 4413/31/1181 4419/28/1452
f 4420/30/1580 4419/28/1452 4413/31/1181
f 4517/23/1184 4518/95/2842 4516/24/1514
f 4516/24/1514 4518/95/2842 4519/26/1187
f 4521/28/1587 4518/95/2842 4517/23/1184
f 4519/26/1187 4518/95/2842 4521/28/1587
f 4515/31/1181 4521/28/1587 4520/29/1588
f 4521/28/1587 4515/31/1181 4512/33/1193
f 4619/23/1271 4620/95/2848 4618/24/1272
f 4618/24/1272 4620/95/2848 4621/26/1274
f 4623/28/1522 4620/95/2848 4619/23/1271
f 4621/26/1274 4620/95/2848 4623/28/1522
f 4613/32/1524 4617/31/1181 4623/28/1522
f 4624/30/1594 4623/28/1522 4617/31/1181
f 4721/23/1359 4722/95/2854 4720/24/1360
f 4720/24/1360 4722/95/2854 4723/26/1362
f 4725/28/1364 4722/95/2854 4721/23/1359
f 4723/26/1362 4722/95/2854 4725/28/1364
f 4715/32/1367 4719/31/1181 4725/28/1364
f 4726/30/1366 4725/28/1364 4719/31/1181
f 4823/23/1447 4824/95/2860 4822/24/1448
f 4822/24/1448 4824/95/2860 4825/26/1450
f 4827/28/1452 4824/95/2860 4823/23/1447
f 4825/26/1450 4824/95/2860 4827/28/1452
f 4821/31/1181 4827/28/1452 4826/29/1453
f 4828/30/1580 4827/28/1452 4821/31/1181
f 4925/23/1184 4926/95/2842 4924/24/1514
f 4924/24/1514 4926/95/2842 4927/26/1187
f 4929/28/1587 4926/95/2842 4925/23/1184
f 4927/26/1187 4926/95/2842 4929/28/1587
f 4923/31/1181 4929/28/1587 4928/29/1588
f 4930/30/1191 4929/28/1587 4923/31/1181
f 5027/23/1271 5028/95/2848 5026/24/1272
f 5026/24/1272 5028/95/2848 5029/26/1274
f 5031/28/1609 5028/95/2848 5027/23/1271
f 5029/26/1274 5028/95/2848 5031/28/1609
f 5021/32/1279 5025/31/1181 5031/28/1609
f 5032/30/1278 5031/28/1609 5025/31/1181
f 5129/23/1359 5130/95/2854 5128/24/1360
f 5128/24/1360 5130/95/2854 5131/26/1362
f 5133/28/1573 5130/95/2854 5129/23/1359
f 5131/26/1362 5130/95/2854 5133/28/1573
f 5123/32/1367 5127/31/1181 5133/28/1573
f 5133/28/1573 5127/31/1181 5124/33/1368
f 5231/23/1447 5232/95/2873 5230/24/1448
f 5230/24/1448 5232/95/2873 5233/26/1450
f 5235/28/1452 5232/95/2873 5231/23/1447
f 5233/26/1450 5232/95/2873 5235/28/1452
f 5225/32/1455 5229/31/1181 5235/28/1452
f 5236/30/1616 5235/28/1452 5229/31/1181
f 5333/23/1184 5334/95/2866 5332/24/1185
f 5332/24/1185 5334/95/2866 5335/26/1187
f 5337/28/1587 5334/95/2866 5333/23/1184
f 5335/26/1187 5334/95/2866 5337/28/1587
f 5327/32/1192 5331/31/1181 5337/28/1587
f 5337/28/1587 5331/31/1181 5328/33/1193
f 5435/23/1271 5436/95/2848 5434/24/1272
f 5434/24/1272 5436/95/2848 5437/26/1274
f 5439/28/1276 5436/95/2848 5435/23/1271
f 5437/26/1274 5436/95/2848 5439/28/1276
f 5429/32/1279 5433/31/1181 5439/28/1276
f 5440/30/1620 5439/28/1276 5433/31/1181
f 5537/23/1359 5538/95/2854 5536/24/1360
f 5536/24/1360 5538/95/2854 5539/26/1362
f 5541/28/1623 5538/95/2854 5537/23/1359
f 5539/26/1362 5538/95/2854 5541/28/1623
f 5531/32/1367 5535/31/1181 5541/28/1623
f 5541/28/1623 5535/31/1181 5532/33/1368
f 5639/23/1447 5640/95/2860 5638/24/1626
f 5638/24/1626 5640/95/2860 5641/26/1450
f 5643/28/1627 5640/95/2860 5639/23/1447
f 5641/26/1450 5640/95/2860 5643/28/1627
f 5633/32/1455 5637/31/1181 5643/28/1627
f 5643/28/1627 5637/31/1181 5634/33/1456
f 5741/23/1651 5742/95/2876 5740/24/1652
f 5740/24/1652 5742/95/2876 5743/26/1654
f 5745/28/1656 5742/95/2876 5741/23/1651
f 5743/26/1654 5742/95/2876 5745/28/1656
f 5735/32/1659 5739/31/1648 5745/28/1656
f 5746/30/1658 5745/28/1656 5739/31/1648
f 5843/23/1738 5844/95/2882 5842/24/1739
f 5842/24/1739 5844/95/2882 5845/26/1741
f 5847/28/1743 5844/95/2882 5843/23/1738
f 5845/26/1741 5844/95/2882 5847/28/1743
f 5837/32/1746 5841/31/1648 5847/28/1743
f 5848/30/1745 5847/28/1743 5841/31/1648
f 5945/23/1826 5946/95/2888 5944/24/1827
f 5944/24/1827 5946/95/2888 5947/26/1829
f 5949/28/1831 5946/95/2888 5945/23/1826
f 5947/26/1829 5946/95/2888 5949/28/1831
f 5943/31/1648 5949/28/1831 5948/29/1832
f 5950/30/1833 5949/28/1831 5943/31/1648
f 6047/23/1914 6048/95/2894 6046/24/1915
f 6046/24/1915 6048/95/2894 6049/26/1917
f 6051/28/1919 6048/95/2894 6047/23/1914
f 6049/26/1917 6048/95/2894 6051/28/1919
f 6045/31/1648 6051/28/1919 6050/29/1920
f 6052/30/1921 6051/28/1919 6045/31/1648
f 6149/23/1983 6150/95/2900 6148/24/1652
f 6148/24/1652 6150/95/2900 6151/26/1654
f 6153/28/1984 6150/95/2900 6149/23/1983
f 6151/26/1654 6150/95/2900 6153/28/1984
f 6143/32/1659 6147/31/1648 6153/28/1984
f 6154/30/1658 6153/28/1984 6147/31/1648
f 6251/23/1738 6252/95/2882 6250/24/1739
f 6250/24/1739 6252/95/2882 6253/26/1741
f 6255/28/1743 6252/95/2882 6251/23/1738
f 6253/26/1741 6252/95/2882 6255/28/1743
f 6245/32/1746 6249/31/1648 6255/28/1743
f 6255/28/1743 6249/31/1648 6246/33/1747
f 6353/23/1826 6354/95/2888 6352/24/1827
f 6352/24/1827 6354/95/2888 6355/26/1829
f 6357/28/2001 6354/95/2888 6353/23/1826
f 6355/26/1829 6354/95/2888 6357/28/2001
f 6351/31/1648 6357/28/2001 6356/29/2002
f 6358/30/1833 6357/28/2001 6351/31/1648
f 6455/23/1914 6456/95/2894 6454/24/1915
f 6454/24/1915 6456/95/2894 6457/26/1917
f 6459/28/1919 6456/95/2894 6455/23/1914
f 6457/26/1917 6456/95/2894 6459/28/1919
f 6453/31/1648 6459/28/1919 6458/29/2010
f 6460/30/2011 6459/28/1919 6453/31/1648
f 6557/23/2038 6558/95/2902 6556/24/2039
f 6556/24/2039 6558/95/2902 6559/26/2041
f 6561/28/2043 6558/95/2902 6557/23/2038
f 6559/26/2041 6558/95/2902 6561/28/2043
f 6551/32/2046 6555/31/2035 6561/28/2043
f 6562/30/2045 6561/28/2043 6555/31/2035
f 6659/23/2126 6660/95/2908 6658/24/2127
f 6658/24/2127 6660/95/2908 6661/26/2129
f 6663/28/2131 6660/95/2908 6659/23/2126
f 6661/26/2129 6660/95/2908 6663/28/2131
f 6653/32/2134 6657/31/2035 6663/28/2131
f 6663/28/2131 6657/31/2035 6654/33/2135
f 6761/23/2214 6762/95/2914 6760/24/2215
f 6760/24/2215 6762/95/2914 6763/26/2217
f 6765/28/2219 6762/95/2914 6761/23/2214
f 6763/26/2217 6762/95/2914 6765/28/2219
f 6755/32/2222 6759/31/2035 6765/28/2219
f 6765/28/2219 6759/31/2035 6756/33/2223
f 6863/23/2302 6864/95/2920 6862/24/2303
f 6862/24/2303 6864/95/2920 6865/26/2305
f 6867/28/2307 6864/95/2920 6863/23/2302
f 6865/26/2305 6864/95/2920 6867/28/2307
f 6857/32/2310 6861/31/2035 6867/28/2307
f 6867/28/2307 6861/31/2035 6858/33/2311
f 6965/23/23 6966/95/2764 6964/24/24
f 6964/24/24 6966/95/2764 6967/26/26
f 6969/28/2373 6966/95/2764 6965/23/23
f 6967/26/26 6966/95/2764 6969/28/2373
f 6963/31/20 6969/28/2373 6968/29/2374
f 6969/28/2373 6963/31/20 6960/33/32
f 7067/23/111 7068/95/2770 7066/24/112
f 7066/24/112 7068/95/2770 7069/26/114
f 7071/28/2382 7068/95/2770 7067/23/111
f 7069/26/114 7068/95/2770 7071/28/2382
f 7061/32/2385 7065/31/2386 7071/28/2382
f 7072/30/2384 7071/28/2382 7065/31/2386
f 7169/23/199 7170/95/2776 7168/24/200
f 7168/24/200 7170/95/2776 7171/26/202
f 7173/28/2394 7170/95/2776 7169/23/199
f 7171/26/202 7170/95/2776 7173/28/2394
f 7167/31/20 7173/28/2394 7172/29/205
f 7174/30/206 7173/28/2394 7167/31/20
f 7271/23/287 7272/95/2782 7270/24/288
f 7270/24/288 7272/95/2782 7273/26/290
f 7275/28/292 7272/95/2782 7271/23/287
f 7273/26/290 7272/95/2782 7275/28/292
f 7269/31/20 7275/28/292 7274/29/293
f 7275/28/292 7269/31/20 7266/33/296
f 7373/23/2433 7374/95/2928 7372/24/2434
f 7372/24/2434 7374/95/2928 7375/26/2436
f 7377/28/2438 7374/95/2928 7373/23/2433
f 7375/26/2436 7374/95/2928 7377/28/2438
f 7367/32/2441 7371/31/2430 7377/28/2438
f 7377/28/2438 7371/31/2430 7368/33/2442
f 7475/23/2521 7476/95/2934 7474/24/2522
f 7474/24/2522 7476/95/2934 7477/26/2524
f 7479/28/2526 7476/95/2934 7475/23/2521
f 7477/26/2524 7476/95/2934 7479/28/2526
f 7469/32/2529 7473/31/2430 7479/28/2526
f 7480/30/2528 7479/28/2526 7473/31/2430
f 7577/23/2609 7578/95/2940 7576/24/2610
f 7576/24/2610 7578/95/2940 7579/26/2612
f 7581/28/2614 7578/95/2940 7577/23/2609
f 7579/26/2612 7578/95/2940 7581/28/2614
f 7575/31/2430 7581/28/2614 7580/29/2615
f 7581/28/2614 7575/31/2430 7572/33/2618
f 7679/23/2697 7680/95/2946 7678/24/2698
f 7678/24/2698 7680/95/2946 7681/26/2700
f 7683/28/2702 7680/95/2946 7679/23/2697
f 7681/26/2700 7680/95/2946 7683/28/2702
f 7673/32/2705 7677/31/2430 7683/28/2702
f 7683/28/2702 7677/31/2430 7674/33/2706
usemtl leaves3.001
f 42/34/20 37/35/33 41/36/34
f 42/34/20 38/37/35 40/38/36
f 35/39/37 42/34/20 41/36/34
f 42/34/20 36/40/38 43/41/39
f 144/34/20 139/35/121 143/36/122
f 144/34/20 140/37/123 142/38/124
f 137/39/125 144/34/20 143/36/122
f 144/34/20 138/40/126 145/41/127
f 246/34/20 241/35/209 245/36/210
f 246/34/20 242/37/211 244/38/212
f 239/39/213 246/34/20 245/36/210
f 246/34/20 240/40/214 247/41/215
f 348/34/20 343/35/297 347/36/298
f 348/34/20 344/37/299 346/38/300
f 341/39/301 348/34/20 347/36/298
f 348/34/20 342/40/302 349/41/303
f 450/34/373 445/35/386 449/36/387
f 450/34/373 446/37/388 448/38/389
f 443/39/390 450/34/373 449/36/387
f 450/34/373 444/40/391 451/41/392
f 552/34/373 547/35/473 551/36/474
f 552/34/373 548/37/475 550/38/476
f 545/39/477 552/34/373 551/36/474
f 552/34/373 546/40/478 553/41/479
f 654/34/373 649/35/561 653/36/562
f 654/34/373 650/37/563 652/38/564
f 647/39/565 654/34/373 653/36/562
f 654/34/373 648/40/566 655/41/567
f 756/34/373 751/35/649 755/36/650
f 756/34/373 752/37/651 754/38/652
f 749/39/653 756/34/373 755/36/650
f 756/34/373 750/40/654 757/41/655
f 858/34/373 853/35/386 857/36/387
f 858/34/373 854/37/388 856/38/389
f 851/39/390 858/34/373 857/36/387
f 858/34/373 852/40/391 859/41/392
f 960/34/373 955/35/473 959/36/474
f 960/34/373 956/37/475 958/38/476
f 953/39/477 960/34/373 959/36/474
f 960/34/373 954/40/478 961/41/479
f 1062/34/373 1057/35/561 1061/36/562
f 1062/34/373 1058/37/563 1060/38/564
f 1055/39/565 1062/34/373 1061/36/562
f 1062/34/373 1056/40/566 1063/41/567
f 1164/34/373 1159/35/649 1163/36/650
f 1164/34/373 1160/37/651 1162/38/652
f 1157/39/653 1164/34/373 1163/36/650
f 1164/34/373 1158/40/654 1165/41/655
f 1266/34/748 1261/35/761 1265/36/762
f 1266/34/748 1262/37/763 1264/38/764
f 1259/39/765 1266/34/748 1265/36/762
f 1266/34/748 1260/40/766 1267/41/767
f 1368/34/748 1363/35/849 1367/36/850
f 1368/34/748 1364/37/851 1366/38/852
f 1361/39/853 1368/34/748 1367/36/850
f 1368/34/748 1362/40/854 1369/41/855
f 1470/34/748 1465/35/937 1469/36/938
f 1470/34/748 1466/37/939 1468/38/940
f 1463/39/941 1470/34/748 1469/36/938
f 1470/34/748 1464/40/942 1471/41/943
f 1572/34/748 1567/35/1025 1571/36/1026
f 1572/34/748 1568/37/1027 1570/38/1028
f 1565/39/1029 1572/34/748 1571/36/1026
f 1572/34/748 1566/40/1030 1573/41/1031
f 1674/34/748 1669/35/761 1673/36/762
f 1674/34/748 1670/37/763 1672/38/764
f 1667/39/765 1674/34/748 1673/36/762
f 1674/34/748 1668/40/766 1675/41/767
f 1776/34/748 1771/35/849 1775/36/850
f 1776/34/748 1772/37/851 1774/38/852
f 1769/39/853 1776/34/748 1775/36/850
f 1776/34/748 1770/40/854 1777/41/855
f 1878/34/748 1873/35/937 1877/36/938
f 1878/34/748 1874/37/939 1876/38/940
f 1871/39/941 1878/34/748 1877/36/938
f 1878/34/748 1872/40/942 1879/41/943
f 1980/34/748 1975/35/1025 1979/36/1026
f 1980/34/748 1976/37/1027 1978/38/1028
f 1973/39/1029 1980/34/748 1979/36/1026
f 1980/34/748 1974/40/1030 1981/41/1031
f 2082/34/373 2077/35/386 2081/36/387
f 2082/34/373 2078/37/388 2080/38/389
f 2075/39/390 2082/34/373 2081/36/387
f 2082/34/373 2076/40/391 2083/41/392
f 2184/34/373 2179/35/473 2183/36/474
f 2184/34/373 2180/37/475 2182/38/476
f 2177/39/477 2184/34/373 2183/36/474
f 2184/34/373 2178/40/478 2185/41/1130
f 2286/34/373 2281/35/561 2285/36/562
f 2286/34/373 2282/37/1134 2284/38/564
f 2279/39/565 2286/34/373 2285/36/562
f 2286/34/373 2280/40/566 2287/41/567
f 2388/34/373 2383/35/649 2387/36/650
f 2388/34/373 2384/37/651 2386/38/652
f 2381/39/653 2388/34/373 2387/36/650
f 2388/34/373 2382/40/654 2389/41/655
f 2490/34/373 2485/35/386 2489/36/387
f 2490/34/373 2486/37/388 2488/38/389
f 2483/39/390 2490/34/373 2489/36/387
f 2490/34/373 2484/40/391 2491/41/392
f 2592/34/373 2587/35/473 2591/36/474
f 2592/34/373 2588/37/475 2590/38/476
f 2585/39/477 2592/34/373 2591/36/474
f 2592/34/373 2586/40/478 2593/41/1130
f 2694/34/373 2689/35/561 2693/36/562
f 2694/34/373 2690/37/563 2692/38/564
f 2687/39/565 2694/34/373 2693/36/562
f 2694/34/373 2688/40/566 2695/41/567
f 2796/34/373 2791/35/649 2795/36/650
f 2796/34/373 2792/37/651 2794/38/652
f 2789/39/653 2796/34/373 2795/36/650
f 2796/34/373 2790/40/654 2797/41/655
f 2898/34/373 2893/35/386 2897/36/387
f 2898/34/373 2894/37/388 2896/38/389
f 2891/39/390 2898/34/373 2897/36/387
f 2898/34/373 2892/40/391 2899/41/392
f 3000/34/373 2995/35/473 2999/36/474
f 3000/34/373 2996/37/475 2998/38/476
f 2993/39/477 3000/34/373 2999/36/474
f 3000/34/373 2994/40/478 3001/41/479
f 3102/34/373 3097/35/561 3101/36/562
f 3102/34/373 3098/37/563 3100/38/564
f 3095/39/565 3102/34/373 3101/36/562
f 3102/34/373 3096/40/566 3103/41/567
f 3204/34/373 3199/35/649 3203/36/650
f 3204/34/373 3200/37/651 3202/38/652
f 3197/39/653 3204/34/373 3203/36/650
f 3204/34/373 3198/40/654 3205/41/655
f 3306/34/1181 3301/35/1194 3305/36/1195
f 3306/34/1181 3302/37/1196 3304/38/1197
f 3299/39/1198 3306/34/1181 3305/36/1195
f 3306/34/1181 3300/40/1199 3307/41/1200
f 3408/34/1181 3403/35/1281 3407/36/1282
f 3408/34/1181 3404/37/1283 3406/38/1284
f 3401/39/1285 3408/34/1181 3407/36/1282
f 3408/34/1181 3402/40/1286 3409/41/1287
f 3510/34/1181 3505/35/1369 3509/36/1370
f 3510/34/1181 3506/37/1371 3508/38/1372
f 3503/39/1373 3510/34/1181 3509/36/1370
f 3510/34/1181 3504/40/1374 3511/41/1375
f 3612/34/1181 3607/35/1457 3611/36/1458
f 3612/34/1181 3608/37/1459 3610/38/1460
f 3605/39/1461 3612/34/1181 3611/36/1458
f 3612/34/1181 3606/40/1462 3613/41/1463
f 3714/34/1181 3709/35/1194 3713/36/1195
f 3714/34/1181 3710/37/1518 3712/38/1197
f 3707/39/1198 3714/34/1181 3713/36/1195
f 3714/34/1181 3708/40/1199 3715/41/1200
f 3816/34/1181 3811/35/1281 3815/36/1525
f 3816/34/1181 3812/37/1526 3814/38/1284
f 3809/39/1285 3816/34/1181 3815/36/1525
f 3816/34/1181 3810/40/1286 3817/41/1287
f 3918/34/1181 3913/35/1369 3917/36/1370
f 3918/34/1181 3914/37/1371 3916/38/1372
f 3911/39/1373 3918/34/1181 3917/36/1370
f 3918/34/1181 3912/40/1374 3919/41/1538
f 4020/34/1181 4015/35/1457 4019/36/1458
f 4020/34/1181 4016/37/1459 4018/38/1460
f 4013/39/1461 4020/34/1181 4019/36/1458
f 4020/34/1181 4014/40/1462 4021/41/1463
f 4122/34/1181 4117/35/1194 4121/36/1195
f 4122/34/1181 4118/37/1518 4120/38/1197
f 4115/39/1198 4122/34/1181 4121/36/1195
f 4122/34/1181 4116/40/1199 4123/41/1200
f 4224/34/1181 4219/35/1281 4223/36/1282
f 4224/34/1181 4220/37/1283 4222/38/1284
f 4217/39/1285 4224/34/1181 4223/36/1282
f 4224/34/1181 4218/40/1286 4225/41/1568
f 4326/34/1181 4321/35/1369 4325/36/1370
f 4326/34/1181 4322/37/1371 4324/38/1372
f 4319/39/1373 4326/34/1181 4325/36/1370
f 4326/34/1181 4320/40/1374 4327/41/1375
f 4428/34/1181 4423/35/1457 4427/36/1458
f 4428/34/1181 4424/37/1459 4426/38/1460
f 4421/39/1461 4428/34/1181 4427/36/1458
f 4428/34/1181 4422/40/1462 4429/41/1463
f 4530/34/1181 4525/35/1194 4529/36/1195
f 4530/34/1181 4526/37/1196 4528/38/1197
f 4523/39/1198 4530/34/1181 4529/36/1195
f 4530/34/1181 4524/40/1199 4531/41/1200
f 4632/34/1181 4627/35/1281 4631/36/1525
f 4632/34/1181 4628/37/1283 4630/38/1284
f 4625/39/1285 4632/34/1181 4631/36/1525
f 4632/34/1181 4626/40/1286 4633/41/1287
f 4734/34/1181 4729/35/1598 4733/36/1599
f 4734/34/1181 4730/37/1371 4732/38/1372
f 4727/39/1373 4734/34/1181 4733/36/1599
f 4734/34/1181 4728/40/1374 4735/41/1375
f 4836/34/1181 4831/35/1457 4835/36/1458
f 4836/34/1181 4832/37/1459 4834/38/1460
f 4829/39/1461 4836/34/1181 4835/36/1458
f 4836/34/1181 4830/40/1462 4837/41/1463
f 4938/34/1181 4933/35/1194 4937/36/1195
f 4938/34/1181 4934/37/1196 4936/38/1197
f 4931/39/1198 4938/34/1181 4937/36/1195
f 4938/34/1181 4932/40/1199 4939/41/1200
f 5040/34/1181 5035/35/1281 5039/36/1282
f 5040/34/1181 5036/37/1610 5038/38/1284
f 5033/39/1285 5040/34/1181 5039/36/1282
f 5040/34/1181 5034/40/1286 5041/41/1568
f 5142/34/1181 5137/35/1598 5141/36/1370
f 5142/34/1181 5138/37/1371 5140/38/1372
f 5135/39/1373 5142/34/1181 5141/36/1370
f 5142/34/1181 5136/40/1374 5143/41/1375
f 5244/34/1181 5239/35/1457 5243/36/1458
f 5244/34/1181 5240/37/1459 5242/38/1460
f 5237/39/1461 5244/34/1181 5243/36/1458
f 5244/34/1181 5238/40/1462 5245/41/1463
f 5346/34/1181 5341/35/1194 5345/36/1195
f 5346/34/1181 5342/37/1196 5344/38/1197
f 5339/39/1198 5346/34/1181 5345/36/1195
f 5346/34/1181 5340/40/1199 5347/41/1200
f 5448/34/1181 5443/35/1281 5447/36/1282
f 5448/34/1181 5444/37/1283 5446/38/1284
f 5441/39/1285 5448/34/1181 5447/36/1282
f 5448/34/1181 5442/40/1286 5449/41/1287
f 5550/34/1181 5545/35/1369 5549/36/1370
f 5550/34/1181 5546/37/1624 5548/38/1372
f 5543/39/1373 5550/34/1181 5549/36/1370
f 5550/34/1181 5544/40/1374 5551/41/1538
f 5652/34/1181 5647/35/1457 5651/36/1458
f 5652/34/1181 5648/37/1459 5650/38/1460
f 5645/39/1461 5652/34/1181 5651/36/1458
f 5652/34/1181 5646/40/1462 5653/41/1463
f 5754/34/1648 5749/35/1661 5753/36/1662
f 5754/34/1648 5750/37/1663 5752/38/1664
f 5747/39/1665 5754/34/1648 5753/36/1662
f 5754/34/1648 5748/40/1666 5755/41/1667
f 5856/34/1648 5851/35/1748 5855/36/1749
f 5856/34/1648 5852/37/1750 5854/38/1751
f 5849/39/1752 5856/34/1648 5855/36/1749
f 5856/34/1648 5850/40/1753 5857/41/1754
f 5958/34/1648 5953/35/1836 5957/36/1837
f 5958/34/1648 5954/37/1838 5956/38/1839
f 5951/39/1840 5958/34/1648 5957/36/1837
f 5958/34/1648 5952/40/1841 5959/41/1842
f 6060/34/1648 6055/35/1924 6059/36/1925
f 6060/34/1648 6056/37/1926 6058/38/1927
f 6053/39/1928 6060/34/1648 6059/36/1925
f 6060/34/1648 6054/40/1929 6061/41/1930
f 6162/34/1648 6157/35/1661 6161/36/1662
f 6162/34/1648 6158/37/1987 6160/38/1664
f 6155/39/1665 6162/34/1648 6161/36/1662
f 6162/34/1648 6156/40/1666 6163/41/1667
f 6264/34/1648 6259/35/1748 6263/36/1749
f 6264/34/1648 6260/37/1750 6262/38/1751
f 6257/39/1752 6264/34/1648 6263/36/1749
f 6264/34/1648 6258/40/1753 6265/41/1754
f 6366/34/1648 6361/35/1836 6365/36/1837
f 6366/34/1648 6362/37/1838 6364/38/1839
f 6359/39/1840 6366/34/1648 6365/36/1837
f 6366/34/1648 6360/40/1841 6367/41/1842
f 6468/34/1648 6463/35/1924 6467/36/1925
f 6468/34/1648 6464/37/1926 6466/38/1927
f 6461/39/1928 6468/34/1648 6467/36/1925
f 6468/34/1648 6462/40/1929 6469/41/1930
f 6570/34/2035 6565/35/2048 6569/36/2049
f 6570/34/2035 6566/37/2050 6568/38/2051
f 6563/39/2052 6570/34/2035 6569/36/2049
f 6570/34/2035 6564/40/2053 6571/41/2054
f 6672/34/2035 6667/35/2136 6671/36/2137
f 6672/34/2035 6668/37/2138 6670/38/2139
f 6665/39/2140 6672/34/2035 6671/36/2137
f 6672/34/2035 6666/40/2141 6673/41/2142
f 6774/34/2035 6769/35/2224 6773/36/2225
f 6774/34/2035 6770/37/2226 6772/38/2227
f 6767/39/2228 6774/34/2035 6773/36/2225
f 6774/34/2035 6768/40/2229 6775/41/2230
f 6876/34/2035 6871/35/2312 6875/36/2313
f 6876/34/2035 6872/37/2314 6874/38/2315
f 6869/39/2316 6876/34/2035 6875/36/2313
f 6876/34/2035 6870/40/2317 6877/41/2318
f 6978/34/20 6973/35/2377 6977/36/34
f 6978/34/20 6974/37/35 6976/38/36
f 6971/39/37 6978/34/20 6977/36/34
f 6978/34/20 6972/40/38 6979/41/39
f 7080/34/20 7075/35/121 7079/36/2387
f 7080/34/20 7076/37/123 7078/38/124
f 7073/39/125 7080/34/20 7079/36/2387
f 7080/34/20 7074/40/126 7081/41/127
f 7182/34/20 7177/35/209 7181/36/210
f 7182/34/20 7178/37/211 7180/38/212
f 7175/39/2395 7182/34/20 7181/36/210
f 7182/34/20 7176/40/214 7183/41/215
f 7284/34/20 7279/35/297 7283/36/298
f 7284/34/20 7280/37/299 7282/38/300
f 7277/39/301 7284/34/20 7283/36/298
f 7284/34/20 7278/40/302 7285/41/303
f 7386/34/2430 7381/35/2443 7385/36/2444
f 7386/34/2430 7382/37/2445 7384/38/2446
f 7379/39/2447 7386/34/2430 7385/36/2444
f 7386/34/2430 7380/40/2448 7387/41/2449
f 7488/34/2430 7483/35/2531 7487/36/2532
f 7488/34/2430 7484/37/2533 7486/38/2534
f 7481/39/2535 7488/34/2430 7487/36/2532
f 7488/34/2430 7482/40/2536 7489/41/2537
f 7590/34/2430 7585/35/2619 7589/36/2620
f 7590/34/2430 7586/37/2621 7588/38/2622
f 7583/39/2623 7590/34/2430 7589/36/2620
f 7590/34/2430 7584/40/2624 7591/41/2625
f 7692/34/2430 7687/35/2707 7691/36/2708
f 7692/34/2430 7688/37/2709 7690/38/2710
f 7685/39/2711 7692/34/2430 7691/36/2708
f 7692/34/2430 7686/40/2712 7693/41/2713
f 42/34/20 40/38/36 37/35/33
f 42/34/20 43/41/39 38/37/35
f 35/39/37 39/96/2765 42/34/20
f 42/34/20 39/96/2765 36/40/38
f 144/34/20 142/38/124 139/35/121
f 144/34/20 145/41/127 140/37/123
f 137/39/125 141/96/2771 144/34/20
f 144/34/20 141/96/2771 138/40/126
f 246/34/20 244/38/212 241/35/209
f 246/34/20 247/41/215 242/37/211
f 239/39/213 243/96/2777 246/34/20
f 246/34/20 243/96/2777 240/40/214
f 348/34/20 346/38/300 343/35/297
f 348/34/20 349/41/303 344/37/299
f 341/39/301 345/96/2783 348/34/20
f 348/34/20 345/96/2783 342/40/302
f 450/34/373 448/38/389 445/35/386
f 450/34/373 451/41/392 446/37/388
f 443/39/390 447/96/2789 450/34/373
f 450/34/373 447/96/2789 444/40/391
f 552/34/373 550/38/476 547/35/473
f 552/34/373 553/41/479 548/37/475
f 545/39/477 549/96/2795 552/34/373
f 552/34/373 549/96/2795 546/40/478
f 654/34/373 652/38/564 649/35/561
f 654/34/373 655/41/567 650/37/563
f 647/39/565 651/96/2801 654/34/373
f 654/34/373 651/96/2801 648/40/566
f 756/34/373 754/38/652 751/35/649
f 756/34/373 757/41/655 752/37/651
f 749/39/653 753/96/2807 756/34/373
f 756/34/373 753/96/2807 750/40/654
f 858/34/373 856/38/389 853/35/386
f 858/34/373 859/41/392 854/37/388
f 851/39/390 855/96/2789 858/34/373
f 858/34/373 855/96/2789 852/40/391
f 960/34/373 958/38/476 955/35/473
f 960/34/373 961/41/479 956/37/475
f 953/39/477 957/96/2795 960/34/373
f 960/34/373 957/96/2795 954/40/478
f 1062/34/373 1060/38/564 1057/35/561
f 1062/34/373 1063/41/567 1058/37/563
f 1055/39/565 1059/96/2801 1062/34/373
f 1062/34/373 1059/96/2801 1056/40/566
f 1164/34/373 1162/38/652 1159/35/649
f 1164/34/373 1165/41/655 1160/37/651
f 1157/39/653 1161/96/2807 1164/34/373
f 1164/34/373 1161/96/2807 1158/40/654
f 1266/34/748 1264/38/764 1261/35/761
f 1266/34/748 1267/41/767 1262/37/763
f 1259/39/765 1263/96/2815 1266/34/748
f 1266/34/748 1263/96/2815 1260/40/766
f 1368/34/748 1366/38/852 1363/35/849
f 1368/34/748 1369/41/855 1364/37/851
f 1361/39/853 1365/96/2821 1368/34/748
f 1368/34/748 1365/96/2821 1362/40/854
f 1470/34/748 1468/38/940 1465/35/937
f 1470/34/748 1471/41/943 1466/37/939
f 1463/39/941 1467/96/2827 1470/34/748
f 1470/34/748 1467/96/2827 1464/40/942
f 1572/34/748 1570/38/1028 1567/35/1025
f 1572/34/748 1573/41/1031 1568/37/1027
f 1565/39/1029 1569/96/2833 1572/34/748
f 1572/34/748 1569/96/2833 1566/40/1030
f 1674/34/748 1672/38/764 1669/35/761
f 1674/34/748 1675/41/767 1670/37/763
f 1667/39/765 1671/96/2815 1674/34/748
f 1674/34/748 1671/96/2815 1668/40/766
f 1776/34/748 1774/38/852 1771/35/849
f 1776/34/748 1777/41/855 1772/37/851
f 1769/39/853 1773/96/2821 1776/34/748
f 1776/34/748 1773/96/2821 1770/40/854
f 1878/34/748 1876/38/940 1873/35/937
f 1878/34/748 1879/41/943 1874/37/939
f 1871/39/941 1875/96/2827 1878/34/748
f 1878/34/748 1875/96/2827 1872/40/942
f 1980/34/748 1978/38/1028 1975/35/1025
f 1980/34/748 1981/41/1031 1976/37/1027
f 1973/39/1029 1977/96/2833 1980/34/748
f 1980/34/748 1977/96/2833 1974/40/1030
f 2082/34/373 2080/38/389 2077/35/386
f 2082/34/373 2083/41/392 2078/37/388
f 2075/39/390 2079/96/2789 2082/34/373
f 2082/34/373 2079/96/2789 2076/40/391
f 2184/34/373 2182/38/476 2179/35/473
f 2184/34/373 2185/41/1130 2180/37/475
f 2177/39/477 2181/96/2795 2184/34/373
f 2184/34/373 2181/96/2795 2178/40/478
f 2286/34/373 2284/38/564 2281/35/561
f 2286/34/373 2287/41/567 2282/37/1134
f 2279/39/565 2283/96/2801 2286/34/373
f 2286/34/373 2283/96/2801 2280/40/566
f 2388/34/373 2386/38/652 2383/35/649
f 2388/34/373 2389/41/655 2384/37/651
f 2381/39/653 2385/96/2841 2388/34/373
f 2388/34/373 2385/96/2841 2382/40/654
f 2490/34/373 2488/38/389 2485/35/386
f 2490/34/373 2491/41/392 2486/37/388
f 2483/39/390 2487/96/2789 2490/34/373
f 2490/34/373 2487/96/2789 2484/40/391
f 2592/34/373 2590/38/476 2587/35/473
f 2592/34/373 2593/41/1130 2588/37/475
f 2585/39/477 2589/96/2795 2592/34/373
f 2592/34/373 2589/96/2795 2586/40/478
f 2694/34/373 2692/38/564 2689/35/561
f 2694/34/373 2695/41/567 2690/37/563
f 2687/39/565 2691/96/2801 2694/34/373
f 2694/34/373 2691/96/2801 2688/40/566
f 2796/34/373 2794/38/652 2791/35/649
f 2796/34/373 2797/41/655 2792/37/651
f 2789/39/653 2793/96/2841 2796/34/373
f 2796/34/373 2793/96/2841 2790/40/654
f 2898/34/373 2896/38/389 2893/35/386
f 2898/34/373 2899/41/392 2894/37/388
f 2891/39/390 2895/96/2789 2898/34/373
f 2898/34/373 2895/96/2789 2892/40/391
f 3000/34/373 2998/38/476 2995/35/473
f 3000/34/373 3001/41/479 2996/37/475
f 2993/39/477 2997/96/2795 3000/34/373
f 3000/34/373 2997/96/2795 2994/40/478
f 3102/34/373 3100/38/564 3097/35/561
f 3102/34/373 3103/41/567 3098/37/563
f 3095/39/565 3099/96/2801 3102/34/373
f 3102/34/373 3099/96/2801 3096/40/566
f 3204/34/373 3202/38/652 3199/35/649
f 3204/34/373 3205/41/655 3200/37/651
f 3197/39/653 3201/96/2807 3204/34/373
f 3204/34/373 3201/96/2807 3198/40/654
f 3306/34/1181 3304/38/1197 3301/35/1194
f 3306/34/1181 3307/41/1200 3302/37/1196
f 3299/39/1198 3303/96/2843 3306/34/1181
f 3306/34/1181 3303/96/2843 3300/40/1199
f 3408/34/1181 3406/38/1284 3403/35/1281
f 3408/34/1181 3409/41/1287 3404/37/1283
f 3401/39/1285 3405/96/2849 3408/34/1181
f 3408/34/1181 3405/96/2849 3402/40/1286
f 3510/34/1181 3508/38/1372 3505/35/1369
f 3510/34/1181 3511/41/1375 3506/37/1371
f 3503/39/1373 3507/96/2855 3510/34/1181
f 3510/34/1181 3507/96/2855 3504/40/1374
f 3612/34/1181 3610/38/1460 3607/35/1457
f 3612/34/1181 3613/41/1463 3608/37/1459
f 3605/39/1461 3609/96/2861 3612/34/1181
f 3612/34/1181 3609/96/2861 3606/40/1462
f 3714/34/1181 3712/38/1197 3709/35/1194
f 3714/34/1181 3715/41/1200 3710/37/1518
f 3707/39/1198 3711/96/2843 3714/34/1181
f 3714/34/1181 3711/96/2843 3708/40/1199
f 3816/34/1181 3814/38/1284 3811/35/1281
f 3816/34/1181 3817/41/1287 3812/37/1526
f 3809/39/1285 3813/96/2849 3816/34/1181
f 3816/34/1181 3813/96/2849 3810/40/1286
f 3918/34/1181 3916/38/1372 3913/35/1369
f 3918/34/1181 3919/41/1538 3914/37/1371
f 3911/39/1373 3915/96/2855 3918/34/1181
f 3918/34/1181 3915/96/2855 3912/40/1374
f 4020/34/1181 4018/38/1460 4015/35/1457
f 4020/34/1181 4021/41/1463 4016/37/1459
f 4013/39/1461 4017/96/2861 4020/34/1181
f 4020/34/1181 4017/96/2861 4014/40/1462
f 4122/34/1181 4120/38/1197 4117/35/1194
f 4122/34/1181 4123/41/1200 4118/37/1518
f 4115/39/1198 4119/96/2868 4122/34/1181
f 4122/34/1181 4119/96/2868 4116/40/1199
f 4224/34/1181 4222/38/1284 4219/35/1281
f 4224/34/1181 4225/41/1568 4220/37/1283
f 4217/39/1285 4221/96/2849 4224/34/1181
f 4224/34/1181 4221/96/2849 4218/40/1286
f 4326/34/1181 4324/38/1372 4321/35/1369
f 4326/34/1181 4327/41/1375 4322/37/1371
f 4319/39/1373 4323/96/2855 4326/34/1181
f 4326/34/1181 4323/96/2855 4320/40/1374
f 4428/34/1181 4426/38/1460 4423/35/1457
f 4428/34/1181 4429/41/1463 4424/37/1459
f 4421/39/1461 4425/96/2861 4428/34/1181
f 4428/34/1181 4425/96/2861 4422/40/1462
f 4530/34/1181 4528/38/1197 4525/35/1194
f 4530/34/1181 4531/41/1200 4526/37/1196
f 4523/39/1198 4527/96/2843 4530/34/1181
f 4530/34/1181 4527/96/2843 4524/40/1199
f 4632/34/1181 4630/38/1284 4627/35/1281
f 4632/34/1181 4633/41/1287 4628/37/1283
f 4625/39/1285 4629/96/2849 4632/34/1181
f 4632/34/1181 4629/96/2849 4626/40/1286
f 4734/34/1181 4732/38/1372 4729/35/1598
f 4734/34/1181 4735/41/1375 4730/37/1371
f 4727/39/1373 4731/96/2855 4734/34/1181
f 4734/34/1181 4731/96/2855 4728/40/1374
f 4836/34/1181 4834/38/1460 4831/35/1457
f 4836/34/1181 4837/41/1463 4832/37/1459
f 4829/39/1461 4833/96/2861 4836/34/1181
f 4836/34/1181 4833/96/2861 4830/40/1462
f 4938/34/1181 4936/38/1197 4933/35/1194
f 4938/34/1181 4939/41/1200 4934/37/1196
f 4931/39/1198 4935/96/2843 4938/34/1181
f 4938/34/1181 4935/96/2843 4932/40/1199
f 5040/34/1181 5038/38/1284 5035/35/1281
f 5040/34/1181 5041/41/1568 5036/37/1610
f 5033/39/1285 5037/96/2849 5040/34/1181
f 5040/34/1181 5037/96/2849 5034/40/1286
f 5142/34/1181 5140/38/1372 5137/35/1598
f 5142/34/1181 5143/41/1375 5138/37/1371
f 5135/39/1373 5139/96/2855 5142/34/1181
f 5142/34/1181 5139/96/2855 5136/40/1374
f 5244/34/1181 5242/38/1460 5239/35/1457
f 5244/34/1181 5245/41/1463 5240/37/1459
f 5237/39/1461 5241/96/2861 5244/34/1181
f 5244/34/1181 5241/96/2861 5238/40/1462
f 5346/34/1181 5344/38/1197 5341/35/1194
f 5346/34/1181 5347/41/1200 5342/37/1196
f 5339/39/1198 5343/96/2874 5346/34/1181
f 5346/34/1181 5343/96/2874 5340/40/1199
f 5448/34/1181 5446/38/1284 5443/35/1281
f 5448/34/1181 5449/41/1287 5444/37/1283
f 5441/39/1285 5445/96/2849 5448/34/1181
f 5448/34/1181 5445/96/2849 5442/40/1286
f 5550/34/1181 5548/38/1372 5545/35/1369
f 5550/34/1181 5551/41/1538 5546/37/1624
f 5543/39/1373 5547/96/2875 5550/34/1181
f 5550/34/1181 5547/96/2875 5544/40/1374
f 5652/34/1181 5650/38/1460 5647/35/1457
f 5652/34/1181 5653/41/1463 5648/37/1459
f 5645/39/1461 5649/96/2861 5652/34/1181
f 5652/34/1181 5649/96/2861 5646/40/1462
f 5754/34/1648 5752/38/1664 5749/35/1661
f 5754/34/1648 5755/41/1667 5750/37/1663
f 5747/39/1665 5751/96/2877 5754/34/1648
f 5754/34/1648 5751/96/2877 5748/40/1666
f 5856/34/1648 5854/38/1751 5851/35/1748
f 5856/34/1648 5857/41/1754 5852/37/1750
f 5849/39/1752 5853/96/2883 5856/34/1648
f 5856/34/1648 5853/96/2883 5850/40/1753
f 5958/34/1648 5956/38/1839 5953/35/1836
f 5958/34/1648 5959/41/1842 5954/37/1838
f 5951/39/1840 5955/96/2889 5958/34/1648
f 5958/34/1648 5955/96/2889 5952/40/1841
f 6060/34/1648 6058/38/1927 6055/35/1924
f 6060/34/1648 6061/41/1930 6056/37/1926
f 6053/39/1928 6057/96/2895 6060/34/1648
f 6060/34/1648 6057/96/2895 6054/40/1929
f 6162/34/1648 6160/38/1664 6157/35/1661
f 6162/34/1648 6163/41/1667 6158/37/1987
f 6155/39/1665 6159/96/2877 6162/34/1648
f 6162/34/1648 6159/96/2877 6156/40/1666
f 6264/34/1648 6262/38/1751 6259/35/1748
f 6264/34/1648 6265/41/1754 6260/37/1750
f 6257/39/1752 6261/96/2883 6264/34/1648
f 6264/34/1648 6261/96/2883 6258/40/1753
f 6366/34/1648 6364/38/1839 6361/35/1836
f 6366/34/1648 6367/41/1842 6362/37/1838
f 6359/39/1840 6363/96/2889 6366/34/1648
f 6366/34/1648 6363/96/2889 6360/40/1841
f 6468/34/1648 6466/38/1927 6463/35/1924
f 6468/34/1648 6469/41/1930 6464/37/1926
f 6461/39/1928 6465/96/2895 6468/34/1648
f 6468/34/1648 6465/96/2895 6462/40/1929
f 6570/34/2035 6568/38/2051 6565/35/2048
f 6570/34/2035 6571/41/2054 6566/37/2050
f 6563/39/2052 6567/96/2903 6570/34/2035
f 6570/34/2035 6567/96/2903 6564/40/2053
f 6672/34/2035 6670/38/2139 6667/35/2136
f 6672/34/2035 6673/41/2142 6668/37/2138
f 6665/39/2140 6669/96/2909 6672/34/2035
f 6672/34/2035 6669/96/2909 6666/40/2141
f 6774/34/2035 6772/38/2227 6769/35/2224
f 6774/34/2035 6775/41/2230 6770/37/2226
f 6767/39/2228 6771/96/2915 6774/34/2035
f 6774/34/2035 6771/96/2915 6768/40/2229
f 6876/34/2035 6874/38/2315 6871/35/2312
f 6876/34/2035 6877/41/2318 6872/37/2314
f 6869/39/2316 6873/96/2921 6876/34/2035
f 6876/34/2035 6873/96/2921 6870/40/2317
f 6978/34/20 6976/38/36 6973/35/2377
f 6978/34/20 6979/41/39 6974/37/35
f 6971/39/37 6975/96/2765 6978/34/20
f 6978/34/20 6975/96/2765 6972/40/38
f 7080/34/20 7078/38/124 7075/35/121
f 7080/34/20 7081/41/127 7076/37/123
f 7073/39/125 7077/96/2771 7080/34/20
f 7080/34/20 7077/96/2771 7074/40/126
f 7182/34/20 7180/38/212 7177/35/209
f 7182/34/20 7183/41/215 7178/37/211
f 7175/39/2395 7179/96/2777 7182/34/20
f 7182/34/20 7179/96/2777 7176/40/214
f 7284/34/20 7282/38/300 7279/35/297
f 7284/34/20 7285/41/303 7280/37/299
f 7277/39/301 7281/96/2783 7284/34/20
f 7284/34/20 7281/96/2783 7278/40/302
f 7386/34/2430 7384/38/2446 7381/35/2443
f 7386/34/2430 7387/41/2449 7382/37/2445
f 7379/39/2447 7383/96/2929 7386/34/2430
f 7386/34/2430 7383/96/2929 7380/40/2448
f 7488/34/2430 7486/38/2534 7483/35/2531
f 7488/34/2430 7489/41/2537 7484/37/2533
f 7481/39/2535 7485/96/2935 7488/34/2430
f 7488/34/2430 7485/96/2935 7482/40/2536
f 7590/34/2430 7588/38/2622 7585/35/2619
f 7590/34/2430 7591/41/2625 7586/37/2621
f 7583/39/2623 7587/96/2941 7590/34/2430
f 7590/34/2430 7587/96/2941 7584/40/2624
f 7692/34/2430 7690/38/2710 7687/35/2707
f 7692/34/2430 7693/41/2713 7688/37/2709
f 7685/39/2711 7689/96/2947 7692/34/2430
f 7692/34/2430 7689/96/2947 7686/40/2712
usemtl leaves4.001
f 48/42/40 52/43/41 46/44/42
f 50/45/43 48/42/40 44/46/44
f 50/45/43 49/47/45 51/48/20
f 52/43/41 49/47/45 47/49/46
f 150/42/128 154/43/129 148/44/130
f 152/45/131 150/42/128 146/46/132
f 152/45/131 151/47/133 153/48/20
f 154/43/129 151/47/133 149/49/134
f 252/42/216 256/43/217 250/44/218
f 254/45/219 252/42/216 248/46/220
f 254/45/219 253/47/221 255/48/20
f 256/43/217 253/47/221 251/49/222
f 354/42/304 358/43/305 352/44/306
f 356/45/307 354/42/304 350/46/308
f 356/45/307 355/47/309 357/48/20
f 358/43/305 355/47/309 353/49/310
f 456/42/393 460/43/394 454/44/395
f 458/45/396 456/42/393 452/46/397
f 458/45/396 457/47/398 459/48/373
f 460/43/394 457/47/398 455/49/399
f 558/42/480 562/43/481 556/44/482
f 560/45/483 558/42/480 554/46/484
f 560/45/483 559/47/485 561/48/373
f 562/43/481 559/47/485 557/49/486
f 660/42/568 664/43/569 658/44/570
f 662/45/571 660/42/568 656/46/572
f 662/45/571 661/47/573 663/48/373
f 664/43/569 661/47/573 659/49/574
f 762/42/656 766/43/657 760/44/658
f 764/45/659 762/42/656 758/46/660
f 764/45/659 763/47/661 765/48/373
f 766/43/657 763/47/661 761/49/662
f 864/42/393 868/43/394 862/44/395
f 866/45/396 864/42/393 860/46/397
f 866/45/396 865/47/398 867/48/373
f 868/43/394 865/47/398 863/49/399
f 966/42/480 970/43/481 964/44/482
f 968/45/483 966/42/480 962/46/484
f 968/45/483 967/47/485 969/48/373
f 970/43/481 967/47/485 965/49/486
f 1068/42/568 1072/43/569 1066/44/570
f 1070/45/571 1068/42/568 1064/46/572
f 1070/45/571 1069/47/573 1071/48/373
f 1072/43/569 1069/47/573 1067/49/574
f 1170/42/656 1174/43/657 1168/44/658
f 1172/45/659 1170/42/656 1166/46/660
f 1172/45/659 1171/47/661 1173/48/373
f 1174/43/657 1171/47/661 1169/49/662
f 1272/42/768 1276/43/769 1270/44/770
f 1274/45/771 1272/42/768 1268/46/772
f 1274/45/771 1273/47/773 1275/48/748
f 1276/43/769 1273/47/773 1271/49/774
f 1374/42/856 1378/43/857 1372/44/858
f 1376/45/859 1374/42/856 1370/46/860
f 1376/45/859 1375/47/861 1377/48/748
f 1378/43/857 1375/47/861 1373/49/862
f 1476/42/944 1480/43/945 1474/44/946
f 1478/45/947 1476/42/944 1472/46/948
f 1478/45/947 1477/47/949 1479/48/748
f 1480/43/945 1477/47/949 1475/49/950
f 1578/42/1032 1582/43/1033 1576/44/1034
f 1580/45/1035 1578/42/1032 1574/46/1036
f 1580/45/1035 1579/47/1037 1581/48/748
f 1582/43/1033 1579/47/1037 1577/49/1038
f 1680/42/768 1684/43/769 1678/44/770
f 1682/45/771 1680/42/768 1676/46/772
f 1682/45/771 1681/47/773 1683/48/748
f 1684/43/769 1681/47/773 1679/49/774
f 1782/42/856 1786/43/857 1780/44/858
f 1784/45/859 1782/42/856 1778/46/860
f 1784/45/859 1783/47/861 1785/48/748
f 1786/43/857 1783/47/861 1781/49/862
f 1884/42/1111 1888/43/945 1882/44/946
f 1886/45/947 1884/42/1111 1880/46/948
f 1886/45/947 1885/47/949 1887/48/748
f 1888/43/945 1885/47/949 1883/49/950
f 1986/42/1032 1990/43/1033 1984/44/1034
f 1988/45/1035 1986/42/1032 1982/46/1036
f 1988/45/1035 1987/47/1119 1989/48/748
f 1990/43/1033 1987/47/1119 1985/49/1120
f 2088/42/393 2092/43/394 2086/44/395
f 2090/45/396 2088/42/393 2084/46/397
f 2090/45/396 2089/47/398 2091/48/373
f 2092/43/394 2089/47/398 2087/49/399
f 2190/42/480 2194/43/481 2188/44/482
f 2192/45/483 2190/42/480 2186/46/484
f 2192/45/483 2191/47/485 2193/48/373
f 2194/43/481 2191/47/485 2189/49/486
f 2292/42/568 2296/43/569 2290/44/570
f 2294/45/571 2292/42/568 2288/46/572
f 2294/45/571 2293/47/573 2295/48/373
f 2296/43/569 2293/47/573 2291/49/574
f 2394/42/656 2398/43/657 2392/44/658
f 2396/45/659 2394/42/656 2390/46/660
f 2396/45/659 2395/47/661 2397/48/373
f 2398/43/657 2395/47/661 2393/49/662
f 2496/42/393 2500/43/394 2494/44/395
f 2498/45/396 2496/42/393 2492/46/397
f 2498/45/396 2497/47/398 2499/48/373
f 2500/43/394 2497/47/398 2495/49/399
f 2598/42/480 2602/43/481 2596/44/482
f 2600/45/483 2598/42/480 2594/46/484
f 2600/45/483 2599/47/485 2601/48/373
f 2602/43/481 2599/47/485 2597/49/486
f 2700/42/568 2704/43/569 2698/44/570
f 2702/45/571 2700/42/568 2696/46/572
f 2702/45/571 2701/47/573 2703/48/373
f 2704/43/569 2701/47/573 2699/49/574
f 2802/42/656 2806/43/657 2800/44/658
f 2804/45/659 2802/42/656 2798/46/660
f 2804/45/659 2803/47/661 2805/48/373
f 2806/43/657 2803/47/661 2801/49/662
f 2904/42/393 2908/43/394 2902/44/395
f 2906/45/396 2904/42/393 2900/46/397
f 2906/45/396 2905/47/398 2907/48/373
f 2908/43/394 2905/47/398 2903/49/399
f 3006/42/480 3010/43/481 3004/44/482
f 3008/45/483 3006/42/480 3002/46/484
f 3008/45/483 3007/47/485 3009/48/373
f 3010/43/481 3007/47/485 3005/49/486
f 3108/42/568 3112/43/569 3106/44/1157
f 3110/45/571 3108/42/568 3104/46/572
f 3110/45/571 3109/47/573 3111/48/373
f 3112/43/569 3109/47/573 3107/49/574
f 3210/42/656 3214/43/657 3208/44/658
f 3212/45/659 3210/42/656 3206/46/660
f 3212/45/659 3211/47/661 3213/48/373
f 3214/43/657 3211/47/661 3209/49/662
f 3312/42/1201 3316/43/1202 3310/44/1203
f 3314/45/1204 3312/42/1201 3308/46/1205
f 3314/45/1204 3313/47/1206 3315/48/1181
f 3316/43/1202 3313/47/1206 3311/49/1207
f 3414/42/1288 3418/43/1289 3412/44/1290
f 3416/45/1291 3414/42/1288 3410/46/1292
f 3416/45/1291 3415/47/1293 3417/48/1181
f 3418/43/1289 3415/47/1293 3413/49/1294
f 3516/42/1376 3520/43/1377 3514/44/1378
f 3518/45/1379 3516/42/1376 3512/46/1380
f 3518/45/1379 3517/47/1381 3519/48/1181
f 3520/43/1377 3517/47/1381 3515/49/1382
f 3618/42/1464 3622/43/1465 3616/44/1466
f 3620/45/1467 3618/42/1464 3614/46/1468
f 3620/45/1467 3619/47/1469 3621/48/1181
f 3622/43/1465 3619/47/1469 3617/49/1470
f 3720/42/1201 3724/43/1202 3718/44/1203
f 3722/45/1204 3720/42/1201 3716/46/1205
f 3722/45/1204 3721/47/1206 3723/48/1181
f 3724/43/1202 3721/47/1206 3719/49/1207
f 3822/42/1288 3826/43/1289 3820/44/1290
f 3824/45/1291 3822/42/1288 3818/46/1292
f 3824/45/1291 3823/47/1293 3825/48/1181
f 3826/43/1289 3823/47/1293 3821/49/1527
f 3924/42/1376 3928/43/1377 3922/44/1378
f 3926/45/1539 3924/42/1376 3920/46/1380
f 3926/45/1539 3925/47/1381 3927/48/1181
f 3928/43/1377 3925/47/1381 3923/49/1540
f 4026/42/1464 4030/43/1465 4024/44/1466
f 4028/45/1467 4026/42/1464 4022/46/1468
f 4028/45/1467 4027/47/1469 4029/48/1181
f 4030/43/1465 4027/47/1469 4025/49/1470
f 4128/42/1201 4132/43/1202 4126/44/1203
f 4130/45/1204 4128/42/1201 4124/46/1205
f 4130/45/1204 4129/47/1206 4131/48/1181
f 4132/43/1202 4129/47/1206 4127/49/1207
f 4230/42/1288 4234/43/1289 4228/44/1290
f 4232/45/1291 4230/42/1288 4226/46/1292
f 4232/45/1291 4231/47/1293 4233/48/1181
f 4234/43/1289 4231/47/1293 4229/49/1527
f 4332/42/1376 4336/43/1377 4330/44/1378
f 4334/45/1539 4332/42/1376 4328/46/1380
f 4334/45/1539 4333/47/1381 4335/48/1181
f 4336/43/1377 4333/47/1381 4331/49/1540
f 4434/42/1464 4438/43/1465 4432/44/1466
f 4436/45/1467 4434/42/1464 4430/46/1468
f 4436/45/1467 4435/47/1469 4437/48/1181
f 4438/43/1465 4435/47/1469 4433/49/1470
f 4536/42/1201 4540/43/1202 4534/44/1203
f 4538/45/1204 4536/42/1201 4532/46/1205
f 4538/45/1204 4537/47/1206 4539/48/1181
f 4540/43/1202 4537/47/1206 4535/49/1207
f 4638/42/1288 4642/43/1289 4636/44/1290
f 4640/45/1291 4638/42/1288 4634/46/1292
f 4640/45/1291 4639/47/1293 4641/48/1181
f 4642/43/1289 4639/47/1293 4637/49/1527
f 4740/42/1376 4744/43/1377 4738/44/1378
f 4742/45/1379 4740/42/1376 4736/46/1380
f 4742/45/1379 4741/47/1381 4743/48/1181
f 4744/43/1377 4741/47/1381 4739/49/1540
f 4842/42/1464 4846/43/1603 4840/44/1466
f 4844/45/1467 4842/42/1464 4838/46/1468
f 4844/45/1467 4843/47/1469 4845/48/1181
f 4846/43/1603 4843/47/1469 4841/49/1470
f 4944/42/1201 4948/43/1202 4942/44/1203
f 4946/45/1204 4944/42/1201 4940/46/1205
f 4946/45/1204 4945/47/1206 4947/48/1181
f 4948/43/1202 4945/47/1206 4943/49/1207
f 5046/42/1288 5050/43/1289 5044/44/1290
f 5048/45/1291 5046/42/1288 5042/46/1292
f 5048/45/1291 5047/47/1293 5049/48/1181
f 5050/43/1289 5047/47/1293 5045/49/1527
f 5148/42/1376 5152/43/1377 5146/44/1611
f 5150/45/1379 5148/42/1376 5144/46/1380
f 5150/45/1379 5149/47/1381 5151/48/1181
f 5152/43/1377 5149/47/1381 5147/49/1540
f 5250/42/1464 5254/43/1465 5248/44/1466
f 5252/45/1467 5250/42/1464 5246/46/1468
f 5252/45/1467 5251/47/1469 5253/48/1181
f 5254/43/1465 5251/47/1469 5249/49/1470
f 5352/42/1201 5356/43/1202 5350/44/1203
f 5354/45/1204 5352/42/1201 5348/46/1205
f 5354/45/1204 5353/47/1206 5355/48/1181
f 5356/43/1202 5353/47/1206 5351/49/1207
f 5454/42/1288 5458/43/1289 5452/44/1290
f 5456/45/1291 5454/42/1288 5450/46/1292
f 5456/45/1291 5455/47/1293 5457/48/1181
f 5458/43/1289 5455/47/1293 5453/49/1527
f 5556/42/1376 5560/43/1377 5554/44/1378
f 5558/45/1539 5556/42/1376 5552/46/1380
f 5558/45/1539 5557/47/1381 5559/48/1181
f 5560/43/1377 5557/47/1381 5555/49/1540
f 5658/42/1464 5662/43/1465 5656/44/1466
f 5660/45/1467 5658/42/1464 5654/46/1468
f 5660/45/1467 5659/47/1469 5661/48/1181
f 5662/43/1465 5659/47/1469 5657/49/1470
f 5760/42/1668 5764/43/1669 5758/44/1670
f 5762/45/1671 5760/42/1668 5756/46/1672
f 5762/45/1671 5761/47/1673 5763/48/1648
f 5764/43/1669 5761/47/1673 5759/49/1674
f 5862/42/1755 5866/43/1756 5860/44/1757
f 5864/45/1758 5862/42/1755 5858/46/1759
f 5864/45/1758 5863/47/1760 5865/48/1648
f 5866/43/1756 5863/47/1760 5861/49/1761
f 5964/42/1843 5968/43/1844 5962/44/1845
f 5966/45/1846 5964/42/1843 5960/46/1847
f 5966/45/1846 5965/47/1848 5967/48/1648
f 5968/43/1844 5965/47/1848 5963/49/1849
f 6066/42/1931 6070/43/1932 6064/44/1933
f 6068/45/1934 6066/42/1931 6062/46/1935
f 6068/45/1934 6067/47/1936 6069/48/1648
f 6070/43/1932 6067/47/1936 6065/49/1937
f 6168/42/1668 6172/43/1669 6166/44/1670
f 6170/45/1671 6168/42/1668 6164/46/1672
f 6170/45/1671 6169/47/1673 6171/48/1648
f 6172/43/1669 6169/47/1673 6167/49/1674
f 6270/42/1755 6274/43/1756 6268/44/1757
f 6272/45/1758 6270/42/1755 6266/46/1759
f 6272/45/1758 6271/47/1760 6273/48/1648
f 6274/43/1756 6271/47/1760 6269/49/1761
f 6372/42/1843 6376/43/1844 6370/44/2003
f 6374/45/2004 6372/42/1843 6368/46/1847
f 6374/45/2004 6373/47/1848 6375/48/1648
f 6376/43/1844 6373/47/1848 6371/49/1849
f 6474/42/1931 6478/43/1932 6472/44/1933
f 6476/45/1934 6474/42/1931 6470/46/1935
f 6476/45/1934 6475/47/1936 6477/48/1648
f 6478/43/1932 6475/47/1936 6473/49/1937
f 6576/42/2055 6580/43/2056 6574/44/2057
f 6578/45/2058 6576/42/2055 6572/46/2059
f 6578/45/2058 6577/47/2060 6579/48/2035
f 6580/43/2056 6577/47/2060 6575/49/2061
f 6678/42/2143 6682/43/2144 6676/44/2145
f 6680/45/2146 6678/42/2143 6674/46/2147
f 6680/45/2146 6679/47/2148 6681/48/2035
f 6682/43/2144 6679/47/2148 6677/49/2149
f 6780/42/2231 6784/43/2232 6778/44/2233
f 6782/45/2234 6780/42/2231 6776/46/2235
f 6782/45/2234 6781/47/2236 6783/48/2035
f 6784/43/2232 6781/47/2236 6779/49/2237
f 6882/42/2319 6886/43/2320 6880/44/2321
f 6884/45/2322 6882/42/2319 6878/46/2323
f 6884/45/2322 6883/47/2324 6885/48/2035
f 6886/43/2320 6883/47/2324 6881/49/2325
f 6984/42/40 6988/43/41 6982/44/42
f 6986/45/43 6984/42/40 6980/46/44
f 6986/45/43 6985/47/45 6987/48/20
f 6988/43/41 6985/47/45 6983/49/46
f 7086/42/128 7090/43/129 7084/44/130
f 7088/45/131 7086/42/128 7082/46/132
f 7088/45/131 7087/47/133 7089/48/20
f 7090/43/129 7087/47/133 7085/49/2388
f 7188/42/216 7192/43/217 7186/44/218
f 7190/45/219 7188/42/216 7184/46/220
f 7190/45/219 7189/47/221 7191/48/20
f 7192/43/217 7189/47/221 7187/49/2396
f 7290/42/2406 7294/43/305 7288/44/2407
f 7292/45/307 7290/42/2406 7286/46/308
f 7292/45/307 7291/47/309 7293/48/20
f 7294/43/305 7291/47/309 7289/49/310
f 7392/42/2450 7396/43/2451 7390/44/2452
f 7394/45/2453 7392/42/2450 7388/46/2454
f 7394/45/2453 7393/47/2455 7395/48/2430
f 7396/43/2451 7393/47/2455 7391/49/2456
f 7494/42/2538 7498/43/2539 7492/44/2540
f 7496/45/2541 7494/42/2538 7490/46/2542
f 7496/45/2541 7495/47/2543 7497/48/2430
f 7498/43/2539 7495/47/2543 7493/49/2544
f 7596/42/2626 7600/43/2627 7594/44/2628
f 7598/45/2629 7596/42/2626 7592/46/2630
f 7598/45/2629 7597/47/2631 7599/48/2430
f 7600/43/2627 7597/47/2631 7595/49/2632
f 7698/42/2714 7702/43/2715 7696/44/2716
f 7700/45/2717 7698/42/2714 7694/46/2718
f 7700/45/2717 7699/47/2719 7701/48/2430
f 7702/43/2715 7699/47/2719 7697/49/2720
f 48/42/40 51/48/20 52/43/41
f 50/45/43 51/48/20 48/42/40
f 50/45/43 45/97/2766 49/47/45
f 52/43/41 51/48/20 49/47/45
f 150/42/128 153/48/20 154/43/129
f 152/45/131 153/48/20 150/42/128
f 152/45/131 147/97/2772 151/47/133
f 154/43/129 153/48/20 151/47/133
f 252/42/216 255/48/20 256/43/217
f 254/45/219 255/48/20 252/42/216
f 254/45/219 249/97/2778 253/47/221
f 256/43/217 255/48/20 253/47/221
f 354/42/304 357/48/20 358/43/305
f 356/45/307 357/48/20 354/42/304
f 356/45/307 351/97/2784 355/47/309
f 358/43/305 357/48/20 355/47/309
f 456/42/393 459/48/373 460/43/394
f 458/45/396 459/48/373 456/42/393
f 458/45/396 453/97/2790 457/47/398
f 460/43/394 459/48/373 457/47/398
f 558/42/480 561/48/373 562/43/481
f 560/45/483 561/48/373 558/42/480
f 560/45/483 555/97/2796 559/47/485
f 562/43/481 561/48/373 559/47/485
f 660/42/568 663/48/373 664/43/569
f 662/45/571 663/48/373 660/42/568
f 662/45/571 657/97/2802 661/47/573
f 664/43/569 663/48/373 661/47/573
f 762/42/656 765/48/373 766/43/657
f 764/45/659 765/48/373 762/42/656
f 764/45/659 759/97/2808 763/47/661
f 766/43/657 765/48/373 763/47/661
f 864/42/393 867/48/373 868/43/394
f 866/45/396 867/48/373 864/42/393
f 866/45/396 861/97/2790 865/47/398
f 868/43/394 867/48/373 865/47/398
f 966/42/480 969/48/373 970/43/481
f 968/45/483 969/48/373 966/42/480
f 968/45/483 963/97/2796 967/47/485
f 970/43/481 969/48/373 967/47/485
f 1068/42/568 1071/48/373 1072/43/569
f 1070/45/571 1071/48/373 1068/42/568
f 1070/45/571 1065/97/2802 1069/47/573
f 1072/43/569 1071/48/373 1069/47/573
f 1170/42/656 1173/48/373 1174/43/657
f 1172/45/659 1173/48/373 1170/42/656
f 1172/45/659 1167/97/2808 1171/47/661
f 1174/43/657 1173/48/373 1171/47/661
f 1272/42/768 1275/48/748 1276/43/769
f 1274/45/771 1275/48/748 1272/42/768
f 1274/45/771 1269/97/2816 1273/47/773
f 1276/43/769 1275/48/748 1273/47/773
f 1374/42/856 1377/48/748 1378/43/857
f 1376/45/859 1377/48/748 1374/42/856
f 1376/45/859 1371/97/2822 1375/47/861
f 1378/43/857 1377/48/748 1375/47/861
f 1476/42/944 1479/48/748 1480/43/945
f 1478/45/947 1479/48/748 1476/42/944
f 1478/45/947 1473/97/2828 1477/47/949
f 1480/43/945 1479/48/748 1477/47/949
f 1578/42/1032 1581/48/748 1582/43/1033
f 1580/45/1035 1581/48/748 1578/42/1032
f 1580/45/1035 1575/97/2834 1579/47/1037
f 1582/43/1033 1581/48/748 1579/47/1037
f 1680/42/768 1683/48/748 1684/43/769
f 1682/45/771 1683/48/748 1680/42/768
f 1682/45/771 1677/97/2816 1681/47/773
f 1684/43/769 1683/48/748 1681/47/773
f 1782/42/856 1785/48/748 1786/43/857
f 1784/45/859 1785/48/748 1782/42/856
f 1784/45/859 1779/97/2822 1783/47/861
f 1786/43/857 1785/48/748 1783/47/861
f 1884/42/1111 1887/48/748 1888/43/945
f 1886/45/947 1887/48/748 1884/42/1111
f 1886/45/947 1881/97/2828 1885/47/949
f 1888/43/945 1887/48/748 1885/47/949
f 1986/42/1032 1989/48/748 1990/43/1033
f 1988/45/1035 1989/48/748 1986/42/1032
f 1988/45/1035 1983/97/2834 1987/47/1119
f 1990/43/1033 1989/48/748 1987/47/1119
f 2088/42/393 2091/48/373 2092/43/394
f 2090/45/396 2091/48/373 2088/42/393
f 2090/45/396 2085/97/2790 2089/47/398
f 2092/43/394 2091/48/373 2089/47/398
f 2190/42/480 2193/48/373 2194/43/481
f 2192/45/483 2193/48/373 2190/42/480
f 2192/45/483 2187/97/2796 2191/47/485
f 2194/43/481 2193/48/373 2191/47/485
f 2292/42/568 2295/48/373 2296/43/569
f 2294/45/571 2295/48/373 2292/42/568
f 2294/45/571 2289/97/2802 2293/47/573
f 2296/43/569 2295/48/373 2293/47/573
f 2394/42/656 2397/48/373 2398/43/657
f 2396/45/659 2397/48/373 2394/42/656
f 2396/45/659 2391/97/2808 2395/47/661
f 2398/43/657 2397/48/373 2395/47/661
f 2496/42/393 2499/48/373 2500/43/394
f 2498/45/396 2499/48/373 2496/42/393
f 2498/45/396 2493/97/2790 2497/47/398
f 2500/43/394 2499/48/373 2497/47/398
f 2598/42/480 2601/48/373 2602/43/481
f 2600/45/483 2601/48/373 2598/42/480
f 2600/45/483 2595/97/2796 2599/47/485
f 2602/43/481 2601/48/373 2599/47/485
f 2700/42/568 2703/48/373 2704/43/569
f 2702/45/571 2703/48/373 2700/42/568
f 2702/45/571 2697/97/2802 2701/47/573
f 2704/43/569 2703/48/373 2701/47/573
f 2802/42/656 2805/48/373 2806/43/657
f 2804/45/659 2805/48/373 2802/42/656
f 2804/45/659 2799/97/2808 2803/47/661
f 2806/43/657 2805/48/373 2803/47/661
f 2904/42/393 2907/48/373 2908/43/394
f 2906/45/396 2907/48/373 2904/42/393
f 2906/45/396 2901/97/2790 2905/47/398
f 2908/43/394 2907/48/373 2905/47/398
f 3006/42/480 3009/48/373 3010/43/481
f 3008/45/483 3009/48/373 3006/42/480
f 3008/45/483 3003/97/2796 3007/47/485
f 3010/43/481 3009/48/373 3007/47/485
f 3108/42/568 3111/48/373 3112/43/569
f 3110/45/571 3111/48/373 3108/42/568
f 3110/45/571 3105/97/2802 3109/47/573
f 3112/43/569 3111/48/373 3109/47/573
f 3210/42/656 3213/48/373 3214/43/657
f 3212/45/659 3213/48/373 3210/42/656
f 3212/45/659 3207/97/2808 3211/47/661
f 3214/43/657 3213/48/373 3211/47/661
f 3312/42/1201 3315/48/1181 3316/43/1202
f 3314/45/1204 3315/48/1181 3312/42/1201
f 3314/45/1204 3309/97/2844 3313/47/1206
f 3316/43/1202 3315/48/1181 3313/47/1206
f 3414/42/1288 3417/48/1181 3418/43/1289
f 3416/45/1291 3417/48/1181 3414/42/1288
f 3416/45/1291 3411/97/2850 3415/47/1293
f 3418/43/1289 3417/48/1181 3415/47/1293
f 3516/42/1376 3519/48/1181 3520/43/1377
f 3518/45/1379 3519/48/1181 3516/42/1376
f 3518/45/1379 3513/97/2856 3517/47/1381
f 3520/43/1377 3519/48/1181 3517/47/1381
f 3618/42/1464 3621/48/1181 3622/43/1465
f 3620/45/1467 3621/48/1181 3618/42/1464
f 3620/45/1467 3615/97/2862 3619/47/1469
f 3622/43/1465 3621/48/1181 3619/47/1469
f 3720/42/1201 3723/48/1181 3724/43/1202
f 3722/45/1204 3723/48/1181 3720/42/1201
f 3722/45/1204 3717/97/2844 3721/47/1206
f 3724/43/1202 3723/48/1181 3721/47/1206
f 3822/42/1288 3825/48/1181 3826/43/1289
f 3824/45/1291 3825/48/1181 3822/42/1288
f 3824/45/1291 3819/97/2850 3823/47/1293
f 3826/43/1289 3825/48/1181 3823/47/1293
f 3924/42/1376 3927/48/1181 3928/43/1377
f 3926/45/1539 3927/48/1181 3924/42/1376
f 3926/45/1539 3921/97/2856 3925/47/1381
f 3928/43/1377 3927/48/1181 3925/47/1381
f 4026/42/1464 4029/48/1181 4030/43/1465
f 4028/45/1467 4029/48/1181 4026/42/1464
f 4028/45/1467 4023/97/2862 4027/47/1469
f 4030/43/1465 4029/48/1181 4027/47/1469
f 4128/42/1201 4131/48/1181 4132/43/1202
f 4130/45/1204 4131/48/1181 4128/42/1201
f 4130/45/1204 4125/97/2844 4129/47/1206
f 4132/43/1202 4131/48/1181 4129/47/1206
f 4230/42/1288 4233/48/1181 4234/43/1289
f 4232/45/1291 4233/48/1181 4230/42/1288
f 4232/45/1291 4227/97/2850 4231/47/1293
f 4234/43/1289 4233/48/1181 4231/47/1293
f 4332/42/1376 4335/48/1181 4336/43/1377
f 4334/45/1539 4335/48/1181 4332/42/1376
f 4334/45/1539 4329/97/2856 4333/47/1381
f 4336/43/1377 4335/48/1181 4333/47/1381
f 4434/42/1464 4437/48/1181 4438/43/1465
f 4436/45/1467 4437/48/1181 4434/42/1464
f 4436/45/1467 4431/97/2862 4435/47/1469
f 4438/43/1465 4437/48/1181 4435/47/1469
f 4536/42/1201 4539/48/1181 4540/43/1202
f 4538/45/1204 4539/48/1181 4536/42/1201
f 4538/45/1204 4533/97/2844 4537/47/1206
f 4540/43/1202 4539/48/1181 4537/47/1206
f 4638/42/1288 4641/48/1181 4642/43/1289
f 4640/45/1291 4641/48/1181 4638/42/1288
f 4640/45/1291 4635/97/2850 4639/47/1293
f 4642/43/1289 4641/48/1181 4639/47/1293
f 4740/42/1376 4743/48/1181 4744/43/1377
f 4742/45/1379 4743/48/1181 4740/42/1376
f 4742/45/1379 4737/97/2856 4741/47/1381
f 4744/43/1377 4743/48/1181 4741/47/1381
f 4842/42/1464 4845/48/1181 4846/43/1603
f 4844/45/1467 4845/48/1181 4842/42/1464
f 4844/45/1467 4839/97/2862 4843/47/1469
f 4846/43/1603 4845/48/1181 4843/47/1469
f 4944/42/1201 4947/48/1181 4948/43/1202
f 4946/45/1204 4947/48/1181 4944/42/1201
f 4946/45/1204 4941/97/2871 4945/47/1206
f 4948/43/1202 4947/48/1181 4945/47/1206
f 5046/42/1288 5049/48/1181 5050/43/1289
f 5048/45/1291 5049/48/1181 5046/42/1288
f 5048/45/1291 5043/97/2850 5047/47/1293
f 5050/43/1289 5049/48/1181 5047/47/1293
f 5148/42/1376 5151/48/1181 5152/43/1377
f 5150/45/1379 5151/48/1181 5148/42/1376
f 5150/45/1379 5145/97/2856 5149/47/1381
f 5152/43/1377 5151/48/1181 5149/47/1381
f 5250/42/1464 5253/48/1181 5254/43/1465
f 5252/45/1467 5253/48/1181 5250/42/1464
f 5252/45/1467 5247/97/2862 5251/47/1469
f 5254/43/1465 5253/48/1181 5251/47/1469
f 5352/42/1201 5355/48/1181 5356/43/1202
f 5354/45/1204 5355/48/1181 5352/42/1201
f 5354/45/1204 5349/97/2844 5353/47/1206
f 5356/43/1202 5355/48/1181 5353/47/1206
f 5454/42/1288 5457/48/1181 5458/43/1289
f 5456/45/1291 5457/48/1181 5454/42/1288
f 5456/45/1291 5451/97/2850 5455/47/1293
f 5458/43/1289 5457/48/1181 5455/47/1293
f 5556/42/1376 5559/48/1181 5560/43/1377
f 5558/45/1539 5559/48/1181 5556/42/1376
f 5558/45/1539 5553/97/2856 5557/47/1381
f 5560/43/1377 5559/48/1181 5557/47/1381
f 5658/42/1464 5661/48/1181 5662/43/1465
f 5660/45/1467 5661/48/1181 5658/42/1464
f 5660/45/1467 5655/97/2862 5659/47/1469
f 5662/43/1465 5661/48/1181 5659/47/1469
f 5760/42/1668 5763/48/1648 5764/43/1669
f 5762/45/1671 5763/48/1648 5760/42/1668
f 5762/45/1671 5757/97/2878 5761/47/1673
f 5764/43/1669 5763/48/1648 5761/47/1673
f 5862/42/1755 5865/48/1648 5866/43/1756
f 5864/45/1758 5865/48/1648 5862/42/1755
f 5864/45/1758 5859/97/2884 5863/47/1760
f 5866/43/1756 5865/48/1648 5863/47/1760
f 5964/42/1843 5967/48/1648 5968/43/1844
f 5966/45/1846 5967/48/1648 5964/42/1843
f 5966/45/1846 5961/97/2890 5965/47/1848
f 5968/43/1844 5967/48/1648 5965/47/1848
f 6066/42/1931 6069/48/1648 6070/43/1932
f 6068/45/1934 6069/48/1648 6066/42/1931
f 6068/45/1934 6063/97/2896 6067/47/1936
f 6070/43/1932 6069/48/1648 6067/47/1936
f 6168/42/1668 6171/48/1648 6172/43/1669
f 6170/45/1671 6171/48/1648 6168/42/1668
f 6170/45/1671 6165/97/2878 6169/47/1673
f 6172/43/1669 6171/48/1648 6169/47/1673
f 6270/42/1755 6273/48/1648 6274/43/1756
f 6272/45/1758 6273/48/1648 6270/42/1755
f 6272/45/1758 6267/97/2884 6271/47/1760
f 6274/43/1756 6273/48/1648 6271/47/1760
f 6372/42/1843 6375/48/1648 6376/43/1844
f 6374/45/2004 6375/48/1648 6372/42/1843
f 6374/45/2004 6369/97/2890 6373/47/1848
f 6376/43/1844 6375/48/1648 6373/47/1848
f 6474/42/1931 6477/48/1648 6478/43/1932
f 6476/45/1934 6477/48/1648 6474/42/1931
f 6476/45/1934 6471/97/2896 6475/47/1936
f 6478/43/1932 6477/48/1648 6475/47/1936
f 6576/42/2055 6579/48/2035 6580/43/2056
f 6578/45/2058 6579/48/2035 6576/42/2055
f 6578/45/2058 6573/97/2904 6577/47/2060
f 6580/43/2056 6579/48/2035 6577/47/2060
f 6678/42/2143 6681/48/2035 6682/43/2144
f 6680/45/2146 6681/48/2035 6678/42/2143
f 6680/45/2146 6675/97/2910 6679/47/2148
f 6682/43/2144 6681/48/2035 6679/47/2148
f 6780/42/2231 6783/48/2035 6784/43/2232
f 6782/45/2234 6783/48/2035 6780/42/2231
f 6782/45/2234 6777/97/2916 6781/47/2236
f 6784/43/2232 6783/48/2035 6781/47/2236
f 6882/42/2319 6885/48/2035 6886/43/2320
f 6884/45/2322 6885/48/2035 6882/42/2319
f 6884/45/2322 6879/97/2922 6883/47/2324
f 6886/43/2320 6885/48/2035 6883/47/2324
f 6984/42/40 6987/48/20 6988/43/41
f 6986/45/43 6987/48/20 6984/42/40
f 6986/45/43 6981/97/2766 6985/47/45
f 6988/43/41 6987/48/20 6985/47/45
f 7086/42/128 7089/48/20 7090/43/129
f 7088/45/131 7089/48/20 7086/42/128
f 7088/45/131 7083/97/2772 7087/47/133
f 7090/43/129 7089/48/20 7087/47/133
f 7188/42/216 7191/48/20 7192/43/217
f 7190/45/219 7191/48/20 7188/42/216
f 7190/45/219 7185/97/2778 7189/47/221
f 7192/43/217 7191/48/20 7189/47/221
f 7290/42/2406 7293/48/20 7294/43/305
f 7292/45/307 7293/48/20 7290/42/2406
f 7292/45/307 7287/97/2784 7291/47/309
f 7294/43/305 7293/48/20 7291/47/309
f 7392/42/2450 7395/48/2430 7396/43/2451
f 7394/45/2453 7395/48/2430 7392/42/2450
f 7394/45/2453 7389/97/2930 7393/47/2455
f 7396/43/2451 7395/48/2430 7393/47/2455
f 7494/42/2538 7497/48/2430 7498/43/2539
f 7496/45/2541 7497/48/2430 7494/42/2538
f 7496/45/2541 7491/97/2936 7495/47/2543
f 7498/43/2539 7497/48/2430 7495/47/2543
f 7596/42/2626 7599/48/2430 7600/43/2627
f 7598/45/2629 7599/48/2430 7596/42/2626
f 7598/45/2629 7593/97/2942 7597/47/2631
f 7600/43/2627 7599/48/2430 7597/47/2631
f 7698/42/2714 7701/48/2430 7702/43/2715
f 7700/45/2717 7701/48/2430 7698/42/2714
f 7700/45/2717 7695/97/2948 7699/47/2719
f 7702/43/2715 7701/48/2430 7699/47/2719
usemtl leaves5.001
f 58/50/47 59/51/48 56/52/49
f 57/53/50 58/50/47 56/52/49
f 60/54/51 57/53/50 55/55/52
f 60/54/51 59/51/48 58/50/47
f 61/56/53 60/54/51 55/55/52
f 63/57/54 60/54/51 62/58/55
f 53/59/56 62/58/55 61/56/53
f 53/59/56 63/57/54 62/58/55
f 160/50/135 161/51/136 158/52/137
f 159/53/138 160/50/135 158/52/137
f 162/54/139 159/53/138 157/55/140
f 162/54/139 161/51/136 160/50/135
f 163/56/141 162/54/139 157/55/140
f 165/57/142 162/54/139 164/58/143
f 155/59/144 164/58/143 163/56/141
f 155/59/144 165/57/142 164/58/143
f 262/50/223 263/51/224 260/52/225
f 261/53/226 262/50/223 260/52/225
f 264/54/227 261/53/226 259/55/228
f 264/54/227 263/51/224 262/50/223
f 265/56/229 264/54/227 259/55/228
f 267/57/230 264/54/227 266/58/231
f 257/59/232 266/58/231 265/56/229
f 257/59/232 267/57/230 266/58/231
f 364/50/311 365/51/312 362/52/313
f 363/53/314 364/50/311 362/52/313
f 366/54/315 363/53/314 361/55/316
f 366/54/315 365/51/312 364/50/311
f 367/56/317 366/54/315 361/55/316
f 369/57/318 366/54/315 368/58/319
f 359/59/320 368/58/319 367/56/317
f 359/59/320 369/57/318 368/58/319
f 466/50/400 467/51/401 464/52/402
f 465/53/403 466/50/400 464/52/402
f 468/54/404 465/53/403 463/55/405
f 468/54/404 467/51/401 466/50/400
f 469/56/406 468/54/404 463/55/405
f 471/57/407 468/54/404 470/58/408
f 461/59/409 470/58/408 469/56/406
f 461/59/409 471/57/407 470/58/408
f 568/50/487 569/51/488 566/52/489
f 567/53/490 568/50/487 566/52/489
f 570/54/491 567/53/490 565/55/492
f 570/54/491 569/51/488 568/50/487
f 571/56/493 570/54/491 565/55/492
f 573/57/494 570/54/491 572/58/495
f 563/59/496 572/58/495 571/56/493
f 563/59/496 573/57/494 572/58/495
f 670/50/575 671/51/576 668/52/577
f 669/53/578 670/50/575 668/52/577
f 672/54/579 669/53/578 667/55/580
f 672/54/579 671/51/576 670/50/575
f 673/56/581 672/54/579 667/55/580
f 675/57/582 672/54/579 674/58/583
f 665/59/584 674/58/583 673/56/581
f 665/59/584 675/57/582 674/58/583
f 772/50/663 773/51/664 770/52/665
f 771/53/666 772/50/663 770/52/665
f 774/54/667 771/53/666 769/55/668
f 774/54/667 773/51/664 772/50/663
f 775/56/669 774/54/667 769/55/668
f 777/57/670 774/54/667 776/58/671
f 767/59/672 776/58/671 775/56/669
f 767/59/672 777/57/670 776/58/671
f 874/50/400 875/51/401 872/52/402
f 873/53/403 874/50/400 872/52/402
f 876/54/404 873/53/403 871/55/405
f 876/54/404 875/51/401 874/50/400
f 877/56/406 876/54/404 871/55/405
f 879/57/407 876/54/404 878/58/408
f 869/59/409 878/58/408 877/56/406
f 869/59/409 879/57/407 878/58/408
f 976/50/487 977/51/488 974/52/489
f 975/53/490 976/50/487 974/52/489
f 978/54/491 975/53/490 973/55/492
f 978/54/491 977/51/488 976/50/487
f 979/56/493 978/54/491 973/55/492
f 981/57/494 978/54/491 980/58/495
f 971/59/496 980/58/495 979/56/493
f 971/59/496 981/57/494 980/58/495
f 1078/50/575 1079/51/576 1076/52/577
f 1077/53/578 1078/50/575 1076/52/577
f 1080/54/579 1077/53/578 1075/55/580
f 1080/54/579 1079/51/576 1078/50/575
f 1081/56/581 1080/54/579 1075/55/580
f 1083/57/582 1080/54/579 1082/58/583
f 1073/59/584 1082/58/583 1081/56/581
f 1073/59/584 1083/57/582 1082/58/583
f 1180/50/663 1181/51/664 1178/52/665
f 1179/53/666 1180/50/663 1178/52/665
f 1182/54/667 1179/53/666 1177/55/668
f 1182/54/667 1181/51/664 1180/50/663
f 1183/56/669 1182/54/667 1177/55/668
f 1185/57/670 1182/54/667 1184/58/671
f 1175/59/672 1184/58/671 1183/56/669
f 1175/59/672 1185/57/670 1184/58/671
f 1282/50/775 1283/51/776 1280/52/777
f 1281/53/778 1282/50/775 1280/52/777
f 1284/54/779 1281/53/778 1279/55/780
f 1284/54/779 1283/51/776 1282/50/775
f 1285/56/781 1284/54/779 1279/55/780
f 1287/57/782 1284/54/779 1286/58/783
f 1277/59/784 1286/58/783 1285/56/781
f 1277/59/784 1287/57/782 1286/58/783
f 1384/50/863 1385/51/864 1382/52/865
f 1383/53/866 1384/50/863 1382/52/865
f 1386/54/867 1383/53/866 1381/55/868
f 1386/54/867 1385/51/864 1384/50/863
f 1387/56/869 1386/54/867 1381/55/868
f 1389/57/870 1386/54/867 1388/58/871
f 1379/59/872 1388/58/871 1387/56/869
f 1379/59/872 1389/57/870 1388/58/871
f 1486/50/951 1487/51/952 1484/52/953
f 1485/53/954 1486/50/951 1484/52/953
f 1488/54/955 1485/53/954 1483/55/956
f 1488/54/955 1487/51/952 1486/50/951
f 1489/56/957 1488/54/955 1483/55/956
f 1491/57/958 1488/54/955 1490/58/959
f 1481/59/960 1490/58/959 1489/56/957
f 1481/59/960 1491/57/958 1490/58/959
f 1588/50/1039 1589/51/1040 1586/52/1041
f 1587/53/1042 1588/50/1039 1586/52/1041
f 1590/54/1043 1587/53/1042 1585/55/1044
f 1590/54/1043 1589/51/1040 1588/50/1039
f 1591/56/1045 1590/54/1043 1585/55/1044
f 1593/57/1046 1590/54/1043 1592/58/1047
f 1583/59/1048 1592/58/1047 1591/56/1045
f 1583/59/1048 1593/57/1046 1592/58/1047
f 1690/50/775 1691/51/776 1688/52/777
f 1689/53/778 1690/50/775 1688/52/777
f 1692/54/779 1689/53/778 1687/55/780
f 1692/54/779 1691/51/776 1690/50/775
f 1693/56/781 1692/54/779 1687/55/780
f 1695/57/782 1692/54/779 1694/58/783
f 1685/59/1088 1694/58/783 1693/56/781
f 1685/59/1088 1695/57/782 1694/58/783
f 1792/50/863 1793/51/864 1790/52/865
f 1791/53/866 1792/50/863 1790/52/865
f 1794/54/867 1791/53/866 1789/55/868
f 1794/54/867 1793/51/864 1792/50/863
f 1795/56/1100 1794/54/867 1789/55/868
f 1797/57/1101 1794/54/867 1796/58/871
f 1787/59/872 1796/58/871 1795/56/1100
f 1787/59/872 1797/57/1101 1796/58/871
f 1894/50/951 1895/51/952 1892/52/953
f 1893/53/954 1894/50/951 1892/52/953
f 1896/54/955 1893/53/954 1891/55/956
f 1896/54/955 1895/51/952 1894/50/951
f 1897/56/957 1896/54/955 1891/55/956
f 1899/57/958 1896/54/955 1898/58/959
f 1889/59/960 1898/58/959 1897/56/957
f 1889/59/960 1899/57/958 1898/58/959
f 1996/50/1039 1997/51/1040 1994/52/1041
f 1995/53/1042 1996/50/1039 1994/52/1041
f 1998/54/1043 1995/53/1042 1993/55/1044
f 1998/54/1043 1997/51/1040 1996/50/1039
f 1999/56/1045 1998/54/1043 1993/55/1044
f 2001/57/1046 1998/54/1043 2000/58/1047
f 1991/59/1048 2000/58/1047 1999/56/1045
f 1991/59/1048 2001/57/1046 2000/58/1047
f 2098/50/400 2099/51/1125 2096/52/402
f 2097/53/403 2098/50/400 2096/52/402
f 2100/54/404 2097/53/403 2095/55/405
f 2100/54/404 2099/51/1125 2098/50/400
f 2101/56/406 2100/54/404 2095/55/405
f 2103/57/407 2100/54/404 2102/58/408
f 2093/59/409 2102/58/408 2101/56/406
f 2093/59/409 2103/57/407 2102/58/408
f 2200/50/487 2201/51/488 2198/52/489
f 2199/53/490 2200/50/487 2198/52/489
f 2202/54/491 2199/53/490 2197/55/492
f 2202/54/491 2201/51/488 2200/50/487
f 2203/56/493 2202/54/491 2197/55/492
f 2205/57/494 2202/54/491 2204/58/495
f 2195/59/496 2204/58/495 2203/56/493
f 2195/59/496 2205/57/494 2204/58/495
f 2302/50/575 2303/51/576 2300/52/577
f 2301/53/578 2302/50/575 2300/52/577
f 2304/54/579 2301/53/578 2299/55/580
f 2304/54/579 2303/51/576 2302/50/575
f 2305/56/581 2304/54/579 2299/55/580
f 2307/57/582 2304/54/579 2306/58/583
f 2297/59/584 2306/58/583 2305/56/581
f 2297/59/584 2307/57/582 2306/58/583
f 2404/50/663 2405/51/664 2402/52/665
f 2403/53/666 2404/50/663 2402/52/665
f 2406/54/667 2403/53/666 2401/55/668
f 2406/54/667 2405/51/664 2404/50/663
f 2407/56/669 2406/54/667 2401/55/668
f 2409/57/670 2406/54/667 2408/58/671
f 2399/59/672 2408/58/671 2407/56/669
f 2399/59/672 2409/57/670 2408/58/671
f 2506/50/400 2507/51/401 2504/52/402
f 2505/53/403 2506/50/400 2504/52/402
f 2508/54/404 2505/53/403 2503/55/405
f 2508/54/404 2507/51/401 2506/50/400
f 2509/56/406 2508/54/404 2503/55/405
f 2511/57/407 2508/54/404 2510/58/408
f 2501/59/409 2510/58/408 2509/56/406
f 2501/59/409 2511/57/407 2510/58/408
f 2608/50/487 2609/51/488 2606/52/489
f 2607/53/490 2608/50/487 2606/52/489
f 2610/54/491 2607/53/490 2605/55/492
f 2610/54/491 2609/51/488 2608/50/487
f 2611/56/493 2610/54/491 2605/55/492
f 2613/57/494 2610/54/491 2612/58/495
f 2603/59/496 2612/58/495 2611/56/493
f 2603/59/496 2613/57/494 2612/58/495
f 2710/50/575 2711/51/576 2708/52/577
f 2709/53/578 2710/50/575 2708/52/577
f 2712/54/579 2709/53/578 2707/55/580
f 2712/54/579 2711/51/576 2710/50/575
f 2713/56/581 2712/54/579 2707/55/580
f 2715/57/582 2712/54/579 2714/58/1147
f 2705/59/584 2714/58/1147 2713/56/581
f 2705/59/584 2715/57/582 2714/58/1147
f 2812/50/663 2813/51/664 2810/52/665
f 2811/53/666 2812/50/663 2810/52/665
f 2814/54/667 2811/53/666 2809/55/668
f 2814/54/667 2813/51/664 2812/50/663
f 2815/56/669 2814/54/667 2809/55/668
f 2817/57/670 2814/54/667 2816/58/671
f 2807/59/672 2816/58/671 2815/56/669
f 2807/59/672 2817/57/670 2816/58/671
f 2914/50/400 2915/51/401 2912/52/402
f 2913/53/403 2914/50/400 2912/52/402
f 2916/54/404 2913/53/403 2911/55/405
f 2916/54/404 2915/51/401 2914/50/400
f 2917/56/406 2916/54/404 2911/55/405
f 2919/57/407 2916/54/404 2918/58/408
f 2909/59/409 2918/58/408 2917/56/406
f 2909/59/409 2919/57/407 2918/58/408
f 3016/50/487 3017/51/488 3014/52/489
f 3015/53/490 3016/50/487 3014/52/489
f 3018/54/491 3015/53/490 3013/55/492
f 3018/54/491 3017/51/488 3016/50/487
f 3019/56/493 3018/54/491 3013/55/492
f 3021/57/494 3018/54/491 3020/58/495
f 3011/59/496 3020/58/495 3019/56/493
f 3011/59/496 3021/57/494 3020/58/495
f 3118/50/575 3119/51/576 3116/52/577
f 3117/53/578 3118/50/575 3116/52/577
f 3120/54/579 3117/53/578 3115/55/580
f 3120/54/579 3119/51/576 3118/50/575
f 3121/56/581 3120/54/579 3115/55/580
f 3123/57/582 3120/54/579 3122/58/583
f 3113/59/584 3122/58/583 3121/56/581
f 3113/59/584 3123/57/582 3122/58/583
f 3220/50/663 3221/51/664 3218/52/665
f 3219/53/666 3220/50/663 3218/52/665
f 3222/54/667 3219/53/666 3217/55/668
f 3222/54/667 3221/51/664 3220/50/663
f 3223/56/669 3222/54/667 3217/55/668
f 3225/57/670 3222/54/667 3224/58/671
f 3215/59/672 3224/58/671 3223/56/669
f 3215/59/672 3225/57/670 3224/58/671
f 3322/50/1208 3323/51/1209 3320/52/1210
f 3321/53/1211 3322/50/1208 3320/52/1210
f 3324/54/1212 3321/53/1211 3319/55/1213
f 3324/54/1212 3323/51/1209 3322/50/1208
f 3325/56/1214 3324/54/1212 3319/55/1213
f 3327/57/1215 3324/54/1212 3326/58/1216
f 3317/59/1217 3326/58/1216 3325/56/1214
f 3317/59/1217 3327/57/1215 3326/58/1216
f 3424/50/1295 3425/51/1296 3422/52/1297
f 3423/53/1298 3424/50/1295 3422/52/1297
f 3426/54/1299 3423/53/1298 3421/55/1300
f 3426/54/1299 3425/51/1296 3424/50/1295
f 3427/56/1301 3426/54/1299 3421/55/1300
f 3429/57/1302 3426/54/1299 3428/58/1303
f 3419/59/1304 3428/58/1303 3427/56/1301
f 3419/59/1304 3429/57/1302 3428/58/1303
f 3526/50/1383 3527/51/1384 3524/52/1385
f 3525/53/1386 3526/50/1383 3524/52/1385
f 3528/54/1387 3525/53/1386 3523/55/1388
f 3528/54/1387 3527/51/1384 3526/50/1383
f 3529/56/1389 3528/54/1387 3523/55/1388
f 3531/57/1390 3528/54/1387 3530/58/1391
f 3521/59/1392 3530/58/1391 3529/56/1389
f 3521/59/1392 3531/57/1390 3530/58/1391
f 3628/50/1471 3629/51/1472 3626/52/1473
f 3627/53/1474 3628/50/1471 3626/52/1473
f 3630/54/1475 3627/53/1474 3625/55/1476
f 3630/54/1475 3629/51/1472 3628/50/1471
f 3631/56/1477 3630/54/1475 3625/55/1476
f 3633/57/1478 3630/54/1475 3632/58/1479
f 3623/59/1480 3632/58/1479 3631/56/1477
f 3623/59/1480 3633/57/1478 3632/58/1479
f 3730/50/1208 3731/51/1209 3728/52/1210
f 3729/53/1211 3730/50/1208 3728/52/1210
f 3732/54/1212 3729/53/1211 3727/55/1213
f 3732/54/1212 3731/51/1209 3730/50/1208
f 3733/56/1214 3732/54/1212 3727/55/1213
f 3735/57/1215 3732/54/1212 3734/58/1216
f 3725/59/1217 3734/58/1216 3733/56/1214
f 3725/59/1217 3735/57/1215 3734/58/1216
f 3832/50/1295 3833/51/1296 3830/52/1297
f 3831/53/1298 3832/50/1295 3830/52/1297
f 3834/54/1299 3831/53/1298 3829/55/1300
f 3834/54/1299 3833/51/1296 3832/50/1295
f 3835/56/1301 3834/54/1299 3829/55/1300
f 3837/57/1302 3834/54/1299 3836/58/1303
f 3827/59/1528 3836/58/1303 3835/56/1301
f 3827/59/1528 3837/57/1302 3836/58/1303
f 3934/50/1383 3935/51/1384 3932/52/1385
f 3933/53/1386 3934/50/1383 3932/52/1385
f 3936/54/1387 3933/53/1386 3931/55/1388
f 3936/54/1387 3935/51/1384 3934/50/1383
f 3937/56/1389 3936/54/1387 3931/55/1388
f 3939/57/1390 3936/54/1387 3938/58/1391
f 3929/59/1392 3938/58/1391 3937/56/1389
f 3929/59/1392 3939/57/1390 3938/58/1391
f 4036/50/1471 4037/51/1472 4034/52/1550
f 4035/53/1474 4036/50/1471 4034/52/1550
f 4038/54/1475 4035/53/1474 4033/55/1476
f 4038/54/1475 4037/51/1472 4036/50/1471
f 4039/56/1551 4038/54/1475 4033/55/1476
f 4041/57/1478 4038/54/1475 4040/58/1552
f 4031/59/1480 4040/58/1552 4039/56/1551
f 4031/59/1480 4041/57/1478 4040/58/1552
f 4138/50/1208 4139/51/1209 4136/52/1210
f 4137/53/1211 4138/50/1208 4136/52/1210
f 4140/54/1212 4137/53/1211 4135/55/1213
f 4140/54/1212 4139/51/1209 4138/50/1208
f 4141/56/1214 4140/54/1212 4135/55/1213
f 4143/57/1215 4140/54/1212 4142/58/1216
f 4133/59/1217 4142/58/1216 4141/56/1214
f 4133/59/1217 4143/57/1215 4142/58/1216
f 4240/50/1295 4241/51/1296 4238/52/1297
f 4239/53/1298 4240/50/1295 4238/52/1297
f 4242/54/1299 4239/53/1298 4237/55/1300
f 4242/54/1299 4241/51/1296 4240/50/1295
f 4243/56/1301 4242/54/1299 4237/55/1300
f 4245/57/1302 4242/54/1299 4244/58/1303
f 4235/59/1304 4244/58/1303 4243/56/1301
f 4235/59/1304 4245/57/1302 4244/58/1303
f 4342/50/1383 4343/51/1384 4340/52/1385
f 4341/53/1386 4342/50/1383 4340/52/1385
f 4344/54/1387 4341/53/1386 4339/55/1388
f 4344/54/1387 4343/51/1384 4342/50/1383
f 4345/56/1389 4344/54/1387 4339/55/1388
f 4347/57/1390 4344/54/1387 4346/58/1391
f 4337/59/1392 4346/58/1391 4345/56/1389
f 4337/59/1392 4347/57/1390 4346/58/1391
f 4444/50/1471 4445/51/1472 4442/52/1550
f 4443/53/1474 4444/50/1471 4442/52/1550
f 4446/54/1475 4443/53/1474 4441/55/1476
f 4446/54/1475 4445/51/1472 4444/50/1471
f 4447/56/1477 4446/54/1475 4441/55/1476
f 4449/57/1478 4446/54/1475 4448/58/1552
f 4439/59/1480 4448/58/1552 4447/56/1477
f 4439/59/1480 4449/57/1478 4448/58/1552
f 4546/50/1208 4547/51/1209 4544/52/1210
f 4545/53/1211 4546/50/1208 4544/52/1210
f 4548/54/1212 4545/53/1211 4543/55/1213
f 4548/54/1212 4547/51/1209 4546/50/1208
f 4549/56/1214 4548/54/1212 4543/55/1213
f 4551/57/1215 4548/54/1212 4550/58/1216
f 4541/59/1217 4550/58/1216 4549/56/1214
f 4541/59/1217 4551/57/1215 4550/58/1216
f 4648/50/1295 4649/51/1296 4646/52/1297
f 4647/53/1298 4648/50/1295 4646/52/1297
f 4650/54/1299 4647/53/1298 4645/55/1300
f 4650/54/1299 4649/51/1296 4648/50/1295
f 4651/56/1301 4650/54/1299 4645/55/1300
f 4653/57/1302 4650/54/1299 4652/58/1303
f 4643/59/1304 4652/58/1303 4651/56/1301
f 4643/59/1304 4653/57/1302 4652/58/1303
f 4750/50/1383 4751/51/1384 4748/52/1385
f 4749/53/1600 4750/50/1383 4748/52/1385
f 4752/54/1387 4749/53/1600 4747/55/1388
f 4752/54/1387 4751/51/1384 4750/50/1383
f 4753/56/1389 4752/54/1387 4747/55/1388
f 4755/57/1390 4752/54/1387 4754/58/1391
f 4745/59/1392 4754/58/1391 4753/56/1389
f 4745/59/1392 4755/57/1390 4754/58/1391
f 4852/50/1471 4853/51/1472 4850/52/1550
f 4851/53/1474 4852/50/1471 4850/52/1550
f 4854/54/1475 4851/53/1474 4849/55/1476
f 4854/54/1475 4853/51/1472 4852/50/1471
f 4855/56/1477 4854/54/1475 4849/55/1476
f 4857/57/1478 4854/54/1475 4856/58/1552
f 4847/59/1480 4856/58/1552 4855/56/1477
f 4847/59/1480 4857/57/1478 4856/58/1552
f 4954/50/1208 4955/51/1209 4952/52/1210
f 4953/53/1211 4954/50/1208 4952/52/1210
f 4956/54/1212 4953/53/1211 4951/55/1213
f 4956/54/1212 4955/51/1209 4954/50/1208
f 4957/56/1214 4956/54/1212 4951/55/1213
f 4959/57/1215 4956/54/1212 4958/58/1216
f 4949/59/1217 4958/58/1216 4957/56/1214
f 4949/59/1217 4959/57/1215 4958/58/1216
f 5056/50/1295 5057/51/1296 5054/52/1297
f 5055/53/1298 5056/50/1295 5054/52/1297
f 5058/54/1299 5055/53/1298 5053/55/1300
f 5058/54/1299 5057/51/1296 5056/50/1295
f 5059/56/1301 5058/54/1299 5053/55/1300
f 5061/57/1302 5058/54/1299 5060/58/1303
f 5051/59/1304 5060/58/1303 5059/56/1301
f 5051/59/1304 5061/57/1302 5060/58/1303
f 5158/50/1383 5159/51/1612 5156/52/1385
f 5157/53/1386 5158/50/1383 5156/52/1385
f 5160/54/1387 5157/53/1386 5155/55/1388
f 5160/54/1387 5159/51/1612 5158/50/1383
f 5161/56/1389 5160/54/1387 5155/55/1388
f 5163/57/1390 5160/54/1387 5162/58/1391
f 5153/59/1392 5162/58/1391 5161/56/1389
f 5153/59/1392 5163/57/1390 5162/58/1391
f 5260/50/1471 5261/51/1472 5258/52/1550
f 5259/53/1474 5260/50/1471 5258/52/1550
f 5262/54/1475 5259/53/1474 5257/55/1476
f 5262/54/1475 5261/51/1472 5260/50/1471
f 5263/56/1477 5262/54/1475 5257/55/1476
f 5265/57/1478 5262/54/1475 5264/58/1552
f 5255/59/1480 5264/58/1552 5263/56/1477
f 5255/59/1480 5265/57/1478 5264/58/1552
f 5362/50/1208 5363/51/1209 5360/52/1210
f 5361/53/1211 5362/50/1208 5360/52/1210
f 5364/54/1212 5361/53/1211 5359/55/1213
f 5364/54/1212 5363/51/1209 5362/50/1208
f 5365/56/1214 5364/54/1212 5359/55/1213
f 5367/57/1215 5364/54/1212 5366/58/1216
f 5357/59/1217 5366/58/1216 5365/56/1214
f 5357/59/1217 5367/57/1215 5366/58/1216
f 5464/50/1295 5465/51/1296 5462/52/1297
f 5463/53/1298 5464/50/1295 5462/52/1297
f 5466/54/1299 5463/53/1298 5461/55/1300
f 5466/54/1299 5465/51/1296 5464/50/1295
f 5467/56/1301 5466/54/1299 5461/55/1300
f 5469/57/1302 5466/54/1299 5468/58/1303
f 5459/59/1621 5468/58/1303 5467/56/1301
f 5459/59/1621 5469/57/1302 5468/58/1303
f 5566/50/1383 5567/51/1384 5564/52/1385
f 5565/53/1600 5566/50/1383 5564/52/1385
f 5568/54/1387 5565/53/1600 5563/55/1388
f 5568/54/1387 5567/51/1384 5566/50/1383
f 5569/56/1389 5568/54/1387 5563/55/1388
f 5571/57/1390 5568/54/1387 5570/58/1391
f 5561/59/1392 5570/58/1391 5569/56/1389
f 5561/59/1392 5571/57/1390 5570/58/1391
f 5668/50/1471 5669/51/1472 5666/52/1550
f 5667/53/1474 5668/50/1471 5666/52/1550
f 5670/54/1475 5667/53/1474 5665/55/1476
f 5670/54/1475 5669/51/1472 5668/50/1471
f 5671/56/1477 5670/54/1475 5665/55/1476
f 5673/57/1478 5670/54/1475 5672/58/1552
f 5663/59/1480 5672/58/1552 5671/56/1477
f 5663/59/1480 5673/57/1478 5672/58/1552
f 5770/50/1675 5771/51/1676 5768/52/1677
f 5769/53/1678 5770/50/1675 5768/52/1677
f 5772/54/1679 5769/53/1678 5767/55/1680
f 5772/54/1679 5771/51/1676 5770/50/1675
f 5773/56/1681 5772/54/1679 5767/55/1680
f 5775/57/1682 5772/54/1679 5774/58/1683
f 5765/59/1684 5774/58/1683 5773/56/1681
f 5765/59/1684 5775/57/1682 5774/58/1683
f 5872/50/1762 5873/51/1763 5870/52/1764
f 5871/53/1765 5872/50/1762 5870/52/1764
f 5874/54/1766 5871/53/1765 5869/55/1767
f 5874/54/1766 5873/51/1763 5872/50/1762
f 5875/56/1768 5874/54/1766 5869/55/1767
f 5877/57/1769 5874/54/1766 5876/58/1770
f 5867/59/1771 5876/58/1770 5875/56/1768
f 5867/59/1771 5877/57/1769 5876/58/1770
f 5974/50/1850 5975/51/1851 5972/52/1852
f 5973/53/1853 5974/50/1850 5972/52/1852
f 5976/54/1854 5973/53/1853 5971/55/1855
f 5976/54/1854 5975/51/1851 5974/50/1850
f 5977/56/1856 5976/54/1854 5971/55/1855
f 5979/57/1857 5976/54/1854 5978/58/1858
f 5969/59/1859 5978/58/1858 5977/56/1856
f 5969/59/1859 5979/57/1857 5978/58/1858
f 6076/50/1938 6077/51/1939 6074/52/1940
f 6075/53/1941 6076/50/1938 6074/52/1940
f 6078/54/1942 6075/53/1941 6073/55/1943
f 6078/54/1942 6077/51/1939 6076/50/1938
f 6079/56/1944 6078/54/1942 6073/55/1943
f 6081/57/1945 6078/54/1942 6080/58/1946
f 6071/59/1947 6080/58/1946 6079/56/1944
f 6071/59/1947 6081/57/1945 6080/58/1946
f 6178/50/1675 6179/51/1676 6176/52/1677
f 6177/53/1678 6178/50/1675 6176/52/1677
f 6180/54/1679 6177/53/1678 6175/55/1680
f 6180/54/1679 6179/51/1676 6178/50/1675
f 6181/56/1988 6180/54/1679 6175/55/1680
f 6183/57/1682 6180/54/1679 6182/58/1683
f 6173/59/1684 6182/58/1683 6181/56/1988
f 6173/59/1684 6183/57/1682 6182/58/1683
f 6280/50/1762 6281/51/1763 6278/52/1764
f 6279/53/1765 6280/50/1762 6278/52/1764
f 6282/54/1766 6279/53/1765 6277/55/1767
f 6282/54/1766 6281/51/1763 6280/50/1762
f 6283/56/1768 6282/54/1766 6277/55/1767
f 6285/57/1769 6282/54/1766 6284/58/1770
f 6275/59/1771 6284/58/1770 6283/56/1768
f 6275/59/1771 6285/57/1769 6284/58/1770
f 6382/50/1850 6383/51/1851 6380/52/1852
f 6381/53/1853 6382/50/1850 6380/52/1852
f 6384/54/1854 6381/53/1853 6379/55/1855
f 6384/54/1854 6383/51/1851 6382/50/1850
f 6385/56/1856 6384/54/1854 6379/55/1855
f 6387/57/1857 6384/54/1854 6386/58/1858
f 6377/59/2005 6386/58/1858 6385/56/1856
f 6377/59/2005 6387/57/1857 6386/58/1858
f 6484/50/1938 6485/51/1939 6482/52/1940
f 6483/53/1941 6484/50/1938 6482/52/1940
f 6486/54/1942 6483/53/1941 6481/55/1943
f 6486/54/1942 6485/51/1939 6484/50/1938
f 6487/56/1944 6486/54/1942 6481/55/1943
f 6489/57/1945 6486/54/1942 6488/58/2012
f 6479/59/1947 6488/58/2012 6487/56/1944
f 6479/59/1947 6489/57/1945 6488/58/2012
f 6586/50/2062 6587/51/2063 6584/52/2064
f 6585/53/2065 6586/50/2062 6584/52/2064
f 6588/54/2066 6585/53/2065 6583/55/2067
f 6588/54/2066 6587/51/2063 6586/50/2062
f 6589/56/2068 6588/54/2066 6583/55/2067
f 6591/57/2069 6588/54/2066 6590/58/2070
f 6581/59/2071 6590/58/2070 6589/56/2068
f 6581/59/2071 6591/57/2069 6590/58/2070
f 6688/50/2150 6689/51/2151 6686/52/2152
f 6687/53/2153 6688/50/2150 6686/52/2152
f 6690/54/2154 6687/53/2153 6685/55/2155
f 6690/54/2154 6689/51/2151 6688/50/2150
f 6691/56/2156 6690/54/2154 6685/55/2155
f 6693/57/2157 6690/54/2154 6692/58/2158
f 6683/59/2159 6692/58/2158 6691/56/2156
f 6683/59/2159 6693/57/2157 6692/58/2158
f 6790/50/2238 6791/51/2239 6788/52/2240
f 6789/53/2241 6790/50/2238 6788/52/2240
f 6792/54/2242 6789/53/2241 6787/55/2243
f 6792/54/2242 6791/51/2239 6790/50/2238
f 6793/56/2244 6792/54/2242 6787/55/2243
f 6795/57/2245 6792/54/2242 6794/58/2246
f 6785/59/2247 6794/58/2246 6793/56/2244
f 6785/59/2247 6795/57/2245 6794/58/2246
f 6892/50/2326 6893/51/2327 6890/52/2328
f 6891/53/2329 6892/50/2326 6890/52/2328
f 6894/54/2330 6891/53/2329 6889/55/2331
f 6894/54/2330 6893/51/2327 6892/50/2326
f 6895/56/2332 6894/54/2330 6889/55/2331
f 6897/57/2333 6894/54/2330 6896/58/2334
f 6887/59/2335 6896/58/2334 6895/56/2332
f 6887/59/2335 6897/57/2333 6896/58/2334
f 6994/50/47 6995/51/48 6992/52/49
f 6993/53/50 6994/50/47 6992/52/49
f 6996/54/51 6993/53/50 6991/55/52
f 6996/54/51 6995/51/48 6994/50/47
f 6997/56/53 6996/54/51 6991/55/52
f 6999/57/54 6996/54/51 6998/58/55
f 6989/59/56 6998/58/55 6997/56/53
f 6989/59/56 6999/57/54 6998/58/55
f 7096/50/135 7097/51/2389 7094/52/137
f 7095/53/138 7096/50/135 7094/52/137
f 7098/54/139 7095/53/138 7093/55/140
f 7098/54/139 7097/51/2389 7096/50/135
f 7099/56/141 7098/54/139 7093/55/140
f 7101/57/2390 7098/54/139 7100/58/143
f 7091/59/144 7100/58/143 7099/56/141
f 7091/59/144 7101/57/2390 7100/58/143
f 7198/50/223 7199/51/224 7196/52/225
f 7197/53/226 7198/50/223 7196/52/225
f 7200/54/227 7197/53/226 7195/55/228
f 7200/54/227 7199/51/224 7198/50/223
f 7201/56/229 7200/54/227 7195/55/228
f 7203/57/230 7200/54/227 7202/58/231
f 7193/59/2397 7202/58/231 7201/56/229
f 7193/59/2397 7203/57/230 7202/58/231
f 7300/50/311 7301/51/312 7298/52/313
f 7299/53/314 7300/50/311 7298/52/313
f 7302/54/315 7299/53/314 7297/55/2408
f 7302/54/315 7301/51/312 7300/50/311
f 7303/56/317 7302/54/315 7297/55/2408
f 7305/57/2409 7302/54/315 7304/58/319
f 7295/59/320 7304/58/319 7303/56/317
f 7295/59/320 7305/57/2409 7304/58/319
f 7402/50/2457 7403/51/2458 7400/52/2459
f 7401/53/2460 7402/50/2457 7400/52/2459
f 7404/54/2461 7401/53/2460 7399/55/2462
f 7404/54/2461 7403/51/2458 7402/50/2457
f 7405/56/2463 7404/54/2461 7399/55/2462
f 7407/57/2464 7404/54/2461 7406/58/2465
f 7397/59/2466 7406/58/2465 7405/56/2463
f 7397/59/2466 7407/57/2464 7406/58/2465
f 7504/50/2545 7505/51/2546 7502/52/2547
f 7503/53/2548 7504/50/2545 7502/52/2547
f 7506/54/2549 7503/53/2548 7501/55/2550
f 7506/54/2549 7505/51/2546 7504/50/2545
f 7507/56/2551 7506/54/2549 7501/55/2550
f 7509/57/2552 7506/54/2549 7508/58/2553
f 7499/59/2554 7508/58/2553 7507/56/2551
f 7499/59/2554 7509/57/2552 7508/58/2553
f 7606/50/2633 7607/51/2634 7604/52/2635
f 7605/53/2636 7606/50/2633 7604/52/2635
f 7608/54/2637 7605/53/2636 7603/55/2638
f 7608/54/2637 7607/51/2634 7606/50/2633
f 7609/56/2639 7608/54/2637 7603/55/2638
f 7611/57/2640 7608/54/2637 7610/58/2641
f 7601/59/2642 7610/58/2641 7609/56/2639
f 7601/59/2642 7611/57/2640 7610/58/2641
f 7708/50/2721 7709/51/2722 7706/52/2723
f 7707/53/2724 7708/50/2721 7706/52/2723
f 7710/54/2725 7707/53/2724 7705/55/2726
f 7710/54/2725 7709/51/2722 7708/50/2721
f 7711/56/2727 7710/54/2725 7705/55/2726
f 7713/57/2728 7710/54/2725 7712/58/2729
f 7703/59/2730 7712/58/2729 7711/56/2727
f 7703/59/2730 7713/57/2728 7712/58/2729
f 60/54/51 58/50/47 57/53/50
f 60/54/51 54/98/2767 59/51/48
f 61/56/53 62/58/55 60/54/51
f 63/57/54 54/98/2767 60/54/51
f 162/54/139 160/50/135 159/53/138
f 162/54/139 156/98/2773 161/51/136
f 163/56/141 164/58/143 162/54/139
f 165/57/142 156/98/2773 162/54/139
f 264/54/227 262/50/223 261/53/226
f 264/54/227 258/98/2779 263/51/224
f 265/56/229 266/58/231 264/54/227
f 267/57/230 258/98/2779 264/54/227
f 366/54/315 364/50/311 363/53/314
f 366/54/315 360/98/2785 365/51/312
f 367/56/317 368/58/319 366/54/315
f 369/57/318 360/98/2785 366/54/315
f 468/54/404 466/50/400 465/53/403
f 468/54/404 462/98/2791 467/51/401
f 469/56/406 470/58/408 468/54/404
f 471/57/407 462/98/2791 468/54/404
f 570/54/491 568/50/487 567/53/490
f 570/54/491 564/98/2797 569/51/488
f 571/56/493 572/58/495 570/54/491
f 573/57/494 564/98/2797 570/54/491
f 672/54/579 670/50/575 669/53/578
f 672/54/579 666/98/2803 671/51/576
f 673/56/581 674/58/583 672/54/579
f 675/57/582 666/98/2803 672/54/579
f 774/54/667 772/50/663 771/53/666
f 774/54/667 768/98/2809 773/51/664
f 775/56/669 776/58/671 774/54/667
f 777/57/670 768/98/2809 774/54/667
f 876/54/404 874/50/400 873/53/403
f 876/54/404 870/98/2791 875/51/401
f 877/56/406 878/58/408 876/54/404
f 879/57/407 870/98/2791 876/54/404
f 978/54/491 976/50/487 975/53/490
f 978/54/491 972/98/2797 977/51/488
f 979/56/493 980/58/495 978/54/491
f 981/57/494 972/98/2797 978/54/491
f 1080/54/579 1078/50/575 1077/53/578
f 1080/54/579 1074/98/2803 1079/51/576
f 1081/56/581 1082/58/583 1080/54/579
f 1083/57/582 1074/98/2803 1080/54/579
f 1182/54/667 1180/50/663 1179/53/666
f 1182/54/667 1176/98/2809 1181/51/664
f 1183/56/669 1184/58/671 1182/54/667
f 1185/57/670 1176/98/2809 1182/54/667
f 1284/54/779 1282/50/775 1281/53/778
f 1284/54/779 1278/98/2817 1283/51/776
f 1285/56/781 1286/58/783 1284/54/779
f 1287/57/782 1278/98/2817 1284/54/779
f 1386/54/867 1384/50/863 1383/53/866
f 1386/54/867 1380/98/2823 1385/51/864
f 1387/56/869 1388/58/871 1386/54/867
f 1389/57/870 1380/98/2823 1386/54/867
f 1488/54/955 1486/50/951 1485/53/954
f 1488/54/955 1482/98/2829 1487/51/952
f 1489/56/957 1490/58/959 1488/54/955
f 1491/57/958 1482/98/2829 1488/54/955
f 1590/54/1043 1588/50/1039 1587/53/1042
f 1590/54/1043 1584/98/2835 1589/51/1040
f 1591/56/1045 1592/58/1047 1590/54/1043
f 1593/57/1046 1584/98/2835 1590/54/1043
f 1692/54/779 1690/50/775 1689/53/778
f 1692/54/779 1686/98/2817 1691/51/776
f 1693/56/781 1694/58/783 1692/54/779
f 1695/57/782 1686/98/2817 1692/54/779
f 1794/54/867 1792/50/863 1791/53/866
f 1794/54/867 1788/98/2823 1793/51/864
f 1795/56/1100 1796/58/871 1794/54/867
f 1797/57/1101 1788/98/2823 1794/54/867
f 1896/54/955 1894/50/951 1893/53/954
f 1896/54/955 1890/98/2829 1895/51/952
f 1897/56/957 1898/58/959 1896/54/955
f 1899/57/958 1890/98/2829 1896/54/955
f 1998/54/1043 1996/50/1039 1995/53/1042
f 1998/54/1043 1992/98/2835 1997/51/1040
f 1999/56/1045 2000/58/1047 1998/54/1043
f 2001/57/1046 1992/98/2835 1998/54/1043
f 2100/54/404 2098/50/400 2097/53/403
f 2100/54/404 2094/98/2791 2099/51/1125
f 2101/56/406 2102/58/408 2100/54/404
f 2103/57/407 2094/98/2791 2100/54/404
f 2202/54/491 2200/50/487 2199/53/490
f 2202/54/491 2196/98/2797 2201/51/488
f 2203/56/493 2204/58/495 2202/54/491
f 2205/57/494 2196/98/2797 2202/54/491
f 2304/54/579 2302/50/575 2301/53/578
f 2304/54/579 2298/98/2803 2303/51/576
f 2305/56/581 2306/58/583 2304/54/579
f 2307/57/582 2298/98/2803 2304/54/579
f 2406/54/667 2404/50/663 2403/53/666
f 2406/54/667 2400/98/2809 2405/51/664
f 2407/56/669 2408/58/671 2406/54/667
f 2409/57/670 2400/98/2809 2406/54/667
f 2508/54/404 2506/50/400 2505/53/403
f 2508/54/404 2502/98/2791 2507/51/401
f 2509/56/406 2510/58/408 2508/54/404
f 2511/57/407 2502/98/2791 2508/54/404
f 2610/54/491 2608/50/487 2607/53/490
f 2610/54/491 2604/98/2797 2609/51/488
f 2611/56/493 2612/58/495 2610/54/491
f 2613/57/494 2604/98/2797 2610/54/491
f 2712/54/579 2710/50/575 2709/53/578
f 2712/54/579 2706/98/2803 2711/51/576
f 2713/56/581 2714/58/1147 2712/54/579
f 2715/57/582 2706/98/2803 2712/54/579
f 2814/54/667 2812/50/663 2811/53/666
f 2814/54/667 2808/98/2809 2813/51/664
f 2815/56/669 2816/58/671 2814/54/667
f 2817/57/670 2808/98/2809 2814/54/667
f 2916/54/404 2914/50/400 2913/53/403
f 2916/54/404 2910/98/2791 2915/51/401
f 2917/56/406 2918/58/408 2916/54/404
f 2919/57/407 2910/98/2791 2916/54/404
f 3018/54/491 3016/50/487 3015/53/490
f 3018/54/491 3012/98/2797 3017/51/488
f 3019/56/493 3020/58/495 3018/54/491
f 3021/57/494 3012/98/2797 3018/54/491
f 3120/54/579 3118/50/575 3117/53/578
f 3120/54/579 3114/98/2803 3119/51/576
f 3121/56/581 3122/58/583 3120/54/579
f 3123/57/582 3114/98/2803 3120/54/579
f 3222/54/667 3220/50/663 3219/53/666
f 3222/54/667 3216/98/2809 3221/51/664
f 3223/56/669 3224/58/671 3222/54/667
f 3225/57/670 3216/98/2809 3222/54/667
f 3324/54/1212 3322/50/1208 3321/53/1211
f 3324/54/1212 3318/98/2845 3323/51/1209
f 3325/56/1214 3326/58/1216 3324/54/1212
f 3327/57/1215 3318/98/2845 3324/54/1212
f 3426/54/1299 3424/50/1295 3423/53/1298
f 3426/54/1299 3420/98/2851 3425/51/1296
f 3427/56/1301 3428/58/1303 3426/54/1299
f 3429/57/1302 3420/98/2851 3426/54/1299
f 3528/54/1387 3526/50/1383 3525/53/1386
f 3528/54/1387 3522/98/2857 3527/51/1384
f 3529/56/1389 3530/58/1391 3528/54/1387
f 3531/57/1390 3522/98/2857 3528/54/1387
f 3630/54/1475 3628/50/1471 3627/53/1474
f 3630/54/1475 3624/98/2863 3629/51/1472
f 3631/56/1477 3632/58/1479 3630/54/1475
f 3633/57/1478 3624/98/2863 3630/54/1475
f 3732/54/1212 3730/50/1208 3729/53/1211
f 3732/54/1212 3726/98/2845 3731/51/1209
f 3733/56/1214 3734/58/1216 3732/54/1212
f 3735/57/1215 3726/98/2845 3732/54/1212
f 3834/54/1299 3832/50/1295 3831/53/1298
f 3834/54/1299 3828/98/2851 3833/51/1296
f 3835/56/1301 3836/58/1303 3834/54/1299
f 3837/57/1302 3828/98/2851 3834/54/1299
f 3936/54/1387 3934/50/1383 3933/53/1386
f 3936/54/1387 3930/98/2857 3935/51/1384
f 3937/56/1389 3938/58/1391 3936/54/1387
f 3939/57/1390 3930/98/2857 3936/54/1387
f 4038/54/1475 4036/50/1471 4035/53/1474
f 4038/54/1475 4032/98/2863 4037/51/1472
f 4039/56/1551 4040/58/1552 4038/54/1475
f 4041/57/1478 4032/98/2863 4038/54/1475
f 4140/54/1212 4138/50/1208 4137/53/1211
f 4140/54/1212 4134/98/2845 4139/51/1209
f 4141/56/1214 4142/58/1216 4140/54/1212
f 4143/57/1215 4134/98/2845 4140/54/1212
f 4242/54/1299 4240/50/1295 4239/53/1298
f 4242/54/1299 4236/98/2851 4241/51/1296
f 4243/56/1301 4244/58/1303 4242/54/1299
f 4245/57/1302 4236/98/2851 4242/54/1299
f 4344/54/1387 4342/50/1383 4341/53/1386
f 4344/54/1387 4338/98/2857 4343/51/1384
f 4345/56/1389 4346/58/1391 4344/54/1387
f 4347/57/1390 4338/98/2857 4344/54/1387
f 4446/54/1475 4444/50/1471 4443/53/1474
f 4446/54/1475 4440/98/2863 4445/51/1472
f 4447/56/1477 4448/58/1552 4446/54/1475
f 4449/57/1478 4440/98/2863 4446/54/1475
f 4548/54/1212 4546/50/1208 4545/53/1211
f 4548/54/1212 4542/98/2845 4547/51/1209
f 4549/56/1214 4550/58/1216 4548/54/1212
f 4551/57/1215 4542/98/2845 4548/54/1212
f 4650/54/1299 4648/50/1295 4647/53/1298
f 4650/54/1299 4644/98/2851 4649/51/1296
f 4651/56/1301 4652/58/1303 4650/54/1299
f 4653/57/1302 4644/98/2851 4650/54/1299
f 4752/54/1387 4750/50/1383 4749/53/1600
f 4752/54/1387 4746/98/2857 4751/51/1384
f 4753/56/1389 4754/58/1391 4752/54/1387
f 4755/57/1390 4746/98/2857 4752/54/1387
f 4854/54/1475 4852/50/1471 4851/53/1474
f 4854/54/1475 4848/98/2863 4853/51/1472
f 4855/56/1477 4856/58/1552 4854/54/1475
f 4857/57/1478 4848/98/2863 4854/54/1475
f 4956/54/1212 4954/50/1208 4953/53/1211
f 4956/54/1212 4950/98/2872 4955/51/1209
f 4957/56/1214 4958/58/1216 4956/54/1212
f 4959/57/1215 4950/98/2872 4956/54/1212
f 5058/54/1299 5056/50/1295 5055/53/1298
f 5058/54/1299 5052/98/2851 5057/51/1296
f 5059/56/1301 5060/58/1303 5058/54/1299
f 5061/57/1302 5052/98/2851 5058/54/1299
f 5160/54/1387 5158/50/1383 5157/53/1386
f 5160/54/1387 5154/98/2857 5159/51/1612
f 5161/56/1389 5162/58/1391 5160/54/1387
f 5163/57/1390 5154/98/2857 5160/54/1387
f 5262/54/1475 5260/50/1471 5259/53/1474
f 5262/54/1475 5256/98/2863 5261/51/1472
f 5263/56/1477 5264/58/1552 5262/54/1475
f 5265/57/1478 5256/98/2863 5262/54/1475
f 5364/54/1212 5362/50/1208 5361/53/1211
f 5364/54/1212 5358/98/2872 5363/51/1209
f 5365/56/1214 5366/58/1216 5364/54/1212
f 5367/57/1215 5358/98/2872 5364/54/1212
f 5466/54/1299 5464/50/1295 5463/53/1298
f 5466/54/1299 5460/98/2851 5465/51/1296
f 5467/56/1301 5468/58/1303 5466/54/1299
f 5469/57/1302 5460/98/2851 5466/54/1299
f 5568/54/1387 5566/50/1383 5565/53/1600
f 5568/54/1387 5562/98/2857 5567/51/1384
f 5569/56/1389 5570/58/1391 5568/54/1387
f 5571/57/1390 5562/98/2857 5568/54/1387
f 5670/54/1475 5668/50/1471 5667/53/1474
f 5670/54/1475 5664/98/2863 5669/51/1472
f 5671/56/1477 5672/58/1552 5670/54/1475
f 5673/57/1478 5664/98/2863 5670/54/1475
f 5772/54/1679 5770/50/1675 5769/53/1678
f 5772/54/1679 5766/98/2879 5771/51/1676
f 5773/56/1681 5774/58/1683 5772/54/1679
f 5775/57/1682 5766/98/2879 5772/54/1679
f 5874/54/1766 5872/50/1762 5871/53/1765
f 5874/54/1766 5868/98/2885 5873/51/1763
f 5875/56/1768 5876/58/1770 5874/54/1766
f 5877/57/1769 5868/98/2885 5874/54/1766
f 5976/54/1854 5974/50/1850 5973/53/1853
f 5976/54/1854 5970/98/2891 5975/51/1851
f 5977/56/1856 5978/58/1858 5976/54/1854
f 5979/57/1857 5970/98/2891 5976/54/1854
f 6078/54/1942 6076/50/1938 6075/53/1941
f 6078/54/1942 6072/98/2897 6077/51/1939
f 6079/56/1944 6080/58/1946 6078/54/1942
f 6081/57/1945 6072/98/2897 6078/54/1942
f 6180/54/1679 6178/50/1675 6177/53/1678
f 6180/54/1679 6174/98/2879 6179/51/1676
f 6181/56/1988 6182/58/1683 6180/54/1679
f 6183/57/1682 6174/98/2879 6180/54/1679
f 6282/54/1766 6280/50/1762 6279/53/1765
f 6282/54/1766 6276/98/2885 6281/51/1763
f 6283/56/1768 6284/58/1770 6282/54/1766
f 6285/57/1769 6276/98/2885 6282/54/1766
f 6384/54/1854 6382/50/1850 6381/53/1853
f 6384/54/1854 6378/98/2891 6383/51/1851
f 6385/56/1856 6386/58/1858 6384/54/1854
f 6387/57/1857 6378/98/2891 6384/54/1854
f 6486/54/1942 6484/50/1938 6483/53/1941
f 6486/54/1942 6480/98/2897 6485/51/1939
f 6487/56/1944 6488/58/2012 6486/54/1942
f 6489/57/1945 6480/98/2897 6486/54/1942
f 6588/54/2066 6586/50/2062 6585/53/2065
f 6588/54/2066 6582/98/2905 6587/51/2063
f 6589/56/2068 6590/58/2070 6588/54/2066
f 6591/57/2069 6582/98/2905 6588/54/2066
f 6690/54/2154 6688/50/2150 6687/53/2153
f 6690/54/2154 6684/98/2911 6689/51/2151
f 6691/56/2156 6692/58/2158 6690/54/2154
f 6693/57/2157 6684/98/2911 6690/54/2154
f 6792/54/2242 6790/50/2238 6789/53/2241
f 6792/54/2242 6786/98/2917 6791/51/2239
f 6793/56/2244 6794/58/2246 6792/54/2242
f 6795/57/2245 6786/98/2917 6792/54/2242
f 6894/54/2330 6892/50/2326 6891/53/2329
f 6894/54/2330 6888/98/2923 6893/51/2327
f 6895/56/2332 6896/58/2334 6894/54/2330
f 6897/57/2333 6888/98/2923 6894/54/2330
f 6996/54/51 6994/50/47 6993/53/50
f 6996/54/51 6990/98/2767 6995/51/48
f 6997/56/53 6998/58/55 6996/54/51
f 6999/57/54 6990/98/2767 6996/54/51
f 7098/54/139 7096/50/135 7095/53/138
f 7098/54/139 7092/98/2773 7097/51/2389
f 7099/56/141 7100/58/143 7098/54/139
f 7101/57/2390 7092/98/2773 7098/54/139
f 7200/54/227 7198/50/223 7197/53/226
f 7200/54/227 7194/98/2927 7199/51/224
f 7201/56/229 7202/58/231 7200/54/227
f 7203/57/230 7194/98/2927 7200/54/227
f 7302/54/315 7300/50/311 7299/53/314
f 7302/54/315 7296/98/2785 7301/51/312
f 7303/56/317 7304/58/319 7302/54/315
f 7305/57/2409 7296/98/2785 7302/54/315
f 7404/54/2461 7402/50/2457 7401/53/2460
f 7404/54/2461 7398/98/2931 7403/51/2458
f 7405/56/2463 7406/58/2465 7404/54/2461
f 7407/57/2464 7398/98/2931 7404/54/2461
f 7506/54/2549 7504/50/2545 7503/53/2548
f 7506/54/2549 7500/98/2937 7505/51/2546
f 7507/56/2551 7508/58/2553 7506/54/2549
f 7509/57/2552 7500/98/2937 7506/54/2549
f 7608/54/2637 7606/50/2633 7605/53/2636
f 7608/54/2637 7602/98/2943 7607/51/2634
f 7609/56/2639 7610/58/2641 7608/54/2637
f 7611/57/2640 7602/98/2943 7608/54/2637
f 7710/54/2725 7708/50/2721 7707/53/2724
f 7710/54/2725 7704/98/2949 7709/51/2722
f 7711/56/2727 7712/58/2729 7710/54/2725
f 7713/57/2728 7704/98/2949 7710/54/2725
usemtl leaves6.001
f 74/60/57 66/61/58 73/62/59
f 74/60/57 67/63/60 69/64/61
f 64/65/62 71/66/63 70/67/64
f 71/66/63 65/68/65 72/69/66
f 71/66/63 73/62/59 70/67/64
f 75/70/67 71/66/63 72/69/66
f 176/60/145 168/61/146 175/62/147
f 176/60/145 169/63/148 171/64/149
f 166/65/150 173/66/151 172/67/152
f 173/66/151 167/68/153 174/69/154
f 173/66/151 175/62/147 172/67/152
f 177/70/155 173/66/151 174/69/154
f 278/60/233 270/61/234 277/62/235
f 278/60/233 271/63/236 273/64/237
f 268/65/238 275/66/239 274/67/240
f 275/66/239 269/68/241 276/69/242
f 275/66/239 277/62/235 274/67/240
f 279/70/243 275/66/239 276/69/242
f 380/60/321 372/61/322 379/62/323
f 380/60/321 373/63/324 375/64/325
f 370/65/326 377/66/327 376/67/328
f 377/66/327 371/68/329 378/69/330
f 377/66/327 379/62/323 376/67/328
f 381/70/331 377/66/327 378/69/330
f 482/60/410 474/61/411 481/62/412
f 482/60/410 475/63/413 477/64/414
f 472/65/415 479/66/416 478/67/417
f 479/66/416 473/68/418 480/69/419
f 479/66/416 481/62/412 478/67/417
f 483/70/420 479/66/416 480/69/419
f 584/60/497 576/61/498 583/62/499
f 584/60/497 577/63/500 579/64/501
f 574/65/502 581/66/503 580/67/504
f 581/66/503 575/68/505 582/69/506
f 581/66/503 583/62/499 580/67/504
f 585/70/507 581/66/503 582/69/506
f 686/60/585 678/61/586 685/62/587
f 686/60/585 679/63/588 681/64/589
f 676/65/590 683/66/591 682/67/592
f 683/66/591 677/68/593 684/69/594
f 683/66/591 685/62/587 682/67/592
f 687/70/595 683/66/591 684/69/594
f 788/60/673 780/61/674 787/62/675
f 788/60/673 781/63/676 783/64/677
f 778/65/678 785/66/679 784/67/680
f 785/66/679 779/68/681 786/69/682
f 785/66/679 787/62/675 784/67/680
f 789/70/683 785/66/679 786/69/682
f 890/60/410 882/61/411 889/62/412
f 890/60/410 883/63/413 885/64/414
f 880/65/415 887/66/416 886/67/417
f 887/66/416 881/68/418 888/69/419
f 887/66/416 889/62/412 886/67/417
f 891/70/420 887/66/416 888/69/419
f 992/60/497 984/61/498 991/62/499
f 992/60/497 985/63/500 987/64/501
f 982/65/715 989/66/503 988/67/504
f 989/66/503 983/68/505 990/69/506
f 989/66/503 991/62/499 988/67/504
f 993/70/507 989/66/503 990/69/506
f 1094/60/585 1086/61/586 1093/62/587
f 1094/60/585 1087/63/588 1089/64/589
f 1084/65/590 1091/66/591 1090/67/592
f 1091/66/591 1085/68/593 1092/69/594
f 1091/66/591 1093/62/587 1090/67/592
f 1095/70/595 1091/66/591 1092/69/594
f 1196/60/673 1188/61/674 1195/62/675
f 1196/60/673 1189/63/726 1191/64/727
f 1186/65/678 1193/66/679 1192/67/680
f 1193/66/679 1187/68/681 1194/69/682
f 1193/66/679 1195/62/675 1192/67/680
f 1197/70/683 1193/66/679 1194/69/682
f 1298/60/785 1290/61/786 1297/62/787
f 1298/60/785 1291/63/788 1293/64/789
f 1288/65/790 1295/66/791 1294/67/792
f 1295/66/791 1289/68/793 1296/69/794
f 1295/66/791 1297/62/787 1294/67/792
f 1299/70/795 1295/66/791 1296/69/794
f 1400/60/873 1392/61/874 1399/62/875
f 1400/60/873 1393/63/876 1395/64/877
f 1390/65/878 1397/66/879 1396/67/880
f 1397/66/879 1391/68/881 1398/69/882
f 1397/66/879 1399/62/875 1396/67/880
f 1401/70/883 1397/66/879 1398/69/882
f 1502/60/961 1494/61/962 1501/62/963
f 1502/60/961 1495/63/964 1497/64/965
f 1492/65/966 1499/66/967 1498/67/968
f 1499/66/967 1493/68/969 1500/69/970
f 1499/66/967 1501/62/963 1498/67/968
f 1503/70/971 1499/66/967 1500/69/970
f 1604/60/1049 1596/61/1050 1603/62/1051
f 1604/60/1049 1597/63/1052 1599/64/1053
f 1594/65/1054 1601/66/1055 1600/67/1056
f 1601/66/1055 1595/68/1057 1602/69/1058
f 1601/66/1055 1603/62/1051 1600/67/1056
f 1605/70/1059 1601/66/1055 1602/69/1058
f 1706/60/785 1698/61/786 1705/62/787
f 1706/60/785 1699/63/788 1701/64/789
f 1696/65/790 1703/66/791 1702/67/792
f 1703/66/791 1697/68/793 1704/69/794
f 1703/66/791 1705/62/787 1702/67/792
f 1707/70/795 1703/66/791 1704/69/794
f 1808/60/1102 1800/61/874 1807/62/875
f 1808/60/1102 1801/63/1103 1803/64/877
f 1798/65/878 1805/66/879 1804/67/880
f 1805/66/879 1799/68/881 1806/69/882
f 1805/66/879 1807/62/875 1804/67/880
f 1809/70/883 1805/66/879 1806/69/882
f 1910/60/961 1902/61/962 1909/62/1112
f 1910/60/961 1903/63/964 1905/64/965
f 1900/65/966 1907/66/967 1906/67/968
f 1907/66/967 1901/68/1113 1908/69/970
f 1907/66/967 1909/62/1112 1906/67/968
f 1911/70/971 1907/66/967 1908/69/970
f 2012/60/1049 2004/61/1050 2011/62/1051
f 2012/60/1049 2005/63/1052 2007/64/1053
f 2002/65/1054 2009/66/1055 2008/67/1056
f 2009/66/1055 2003/68/1057 2010/69/1058
f 2009/66/1055 2011/62/1051 2008/67/1056
f 2013/70/1059 2009/66/1055 2010/69/1058
f 2114/60/410 2106/61/411 2113/62/412
f 2114/60/410 2107/63/413 2109/64/414
f 2104/65/415 2111/66/416 2110/67/417
f 2111/66/416 2105/68/418 2112/69/419
f 2111/66/416 2113/62/412 2110/67/417
f 2115/70/420 2111/66/416 2112/69/419
f 2216/60/497 2208/61/498 2215/62/499
f 2216/60/497 2209/63/500 2211/64/501
f 2206/65/715 2213/66/503 2212/67/504
f 2213/66/503 2207/68/505 2214/69/506
f 2213/66/503 2215/62/499 2212/67/504
f 2217/70/507 2213/66/503 2214/69/506
f 2318/60/585 2310/61/586 2317/62/587
f 2318/60/585 2311/63/588 2313/64/589
f 2308/65/590 2315/66/591 2314/67/592
f 2315/66/591 2309/68/593 2316/69/594
f 2315/66/591 2317/62/587 2314/67/592
f 2319/70/1135 2315/66/591 2316/69/594
f 2420/60/673 2412/61/674 2419/62/675
f 2420/60/673 2413/63/676 2415/64/727
f 2410/65/678 2417/66/679 2416/67/1140
f 2417/66/679 2411/68/681 2418/69/682
f 2417/66/679 2419/62/675 2416/67/1140
f 2421/70/683 2417/66/679 2418/69/682
f 2522/60/410 2514/61/411 2521/62/412
f 2522/60/410 2515/63/413 2517/64/414
f 2512/65/415 2519/66/416 2518/67/417
f 2519/66/416 2513/68/418 2520/69/419
f 2519/66/416 2521/62/412 2518/67/417
f 2523/70/420 2519/66/416 2520/69/419
f 2624/60/497 2616/61/498 2623/62/499
f 2624/60/497 2617/63/500 2619/64/501
f 2614/65/502 2621/66/503 2620/67/504
f 2621/66/503 2615/68/505 2622/69/506
f 2621/66/503 2623/62/499 2620/67/504
f 2625/70/507 2621/66/503 2622/69/506
f 2726/60/585 2718/61/586 2725/62/587
f 2726/60/585 2719/63/588 2721/64/589
f 2716/65/590 2723/66/591 2722/67/592
f 2723/66/591 2717/68/593 2724/69/594
f 2723/66/591 2725/62/587 2722/67/592
f 2727/70/595 2723/66/591 2724/69/594
f 2828/60/673 2820/61/1150 2827/62/675
f 2828/60/673 2821/63/726 2823/64/727
f 2818/65/678 2825/66/679 2824/67/1140
f 2825/66/679 2819/68/681 2826/69/682
f 2825/66/679 2827/62/675 2824/67/1140
f 2829/70/683 2825/66/679 2826/69/682
f 2930/60/410 2922/61/1151 2929/62/412
f 2930/60/410 2923/63/413 2925/64/414
f 2920/65/415 2927/66/416 2926/67/417
f 2927/66/416 2921/68/418 2928/69/419
f 2927/66/416 2929/62/412 2926/67/417
f 2931/70/420 2927/66/416 2928/69/419
f 3032/60/497 3024/61/498 3031/62/499
f 3032/60/497 3025/63/500 3027/64/501
f 3022/65/502 3029/66/503 3028/67/504
f 3029/66/503 3023/68/505 3030/69/506
f 3029/66/503 3031/62/499 3028/67/504
f 3033/70/507 3029/66/503 3030/69/506
f 3134/60/585 3126/61/586 3133/62/587
f 3134/60/585 3127/63/588 3129/64/589
f 3124/65/590 3131/66/591 3130/67/592
f 3131/66/591 3125/68/593 3132/69/594
f 3131/66/591 3133/62/587 3130/67/592
f 3135/70/595 3131/66/591 3132/69/594
f 3236/60/673 3228/61/1150 3235/62/675
f 3236/60/673 3229/63/676 3231/64/677
f 3226/65/678 3233/66/679 3232/67/680
f 3233/66/679 3227/68/681 3234/69/682
f 3233/66/679 3235/62/675 3232/67/680
f 3237/70/683 3233/66/679 3234/69/682
f 3338/60/1218 3330/61/1219 3337/62/1220
f 3338/60/1218 3331/63/1221 3333/64/1222
f 3328/65/1223 3335/66/1224 3334/67/1225
f 3335/66/1224 3329/68/1226 3336/69/1227
f 3335/66/1224 3337/62/1220 3334/67/1225
f 3339/70/1228 3335/66/1224 3336/69/1227
f 3440/60/1305 3432/61/1306 3439/62/1307
f 3440/60/1305 3433/63/1308 3435/64/1309
f 3430/65/1310 3437/66/1311 3436/67/1312
f 3437/66/1311 3431/68/1313 3438/69/1314
f 3437/66/1311 3439/62/1307 3436/67/1312
f 3441/70/1315 3437/66/1311 3438/69/1314
f 3542/60/1393 3534/61/1394 3541/62/1395
f 3542/60/1393 3535/63/1396 3537/64/1397
f 3532/65/1398 3539/66/1399 3538/67/1400
f 3539/66/1399 3533/68/1401 3540/69/1402
f 3539/66/1399 3541/62/1395 3538/67/1400
f 3543/70/1403 3539/66/1399 3540/69/1402
f 3644/60/1481 3636/61/1482 3643/62/1483
f 3644/60/1481 3637/63/1484 3639/64/1485
f 3634/65/1486 3641/66/1487 3640/67/1488
f 3641/66/1487 3635/68/1489 3642/69/1490
f 3641/66/1487 3643/62/1483 3640/67/1488
f 3645/70/1491 3641/66/1487 3642/69/1490
f 3746/60/1218 3738/61/1219 3745/62/1220
f 3746/60/1218 3739/63/1221 3741/64/1222
f 3736/65/1223 3743/66/1224 3742/67/1225
f 3743/66/1224 3737/68/1226 3744/69/1227
f 3743/66/1224 3745/62/1220 3742/67/1225
f 3747/70/1228 3743/66/1224 3744/69/1227
f 3848/60/1529 3840/61/1306 3847/62/1530
f 3848/60/1529 3841/63/1531 3843/64/1532
f 3838/65/1310 3845/66/1311 3844/67/1312
f 3845/66/1311 3839/68/1313 3846/69/1314
f 3845/66/1311 3847/62/1530 3844/67/1312
f 3849/70/1315 3845/66/1311 3846/69/1314
f 3950/60/1393 3942/61/1394 3949/62/1395
f 3950/60/1393 3943/63/1396 3945/64/1397
f 3940/65/1398 3947/66/1399 3946/67/1400
f 3947/66/1399 3941/68/1401 3948/69/1541
f 3947/66/1399 3949/62/1395 3946/67/1400
f 3951/70/1403 3947/66/1399 3948/69/1541
f 4052/60/1481 4044/61/1482 4051/62/1483
f 4052/60/1481 4045/63/1484 4047/64/1485
f 4042/65/1486 4049/66/1487 4048/67/1488
f 4049/66/1487 4043/68/1553 4050/69/1554
f 4049/66/1487 4051/62/1483 4048/67/1488
f 4053/70/1491 4049/66/1487 4050/69/1554
f 4154/60/1218 4146/61/1219 4153/62/1220
f 4154/60/1218 4147/63/1221 4149/64/1562
f 4144/65/1223 4151/66/1224 4150/67/1225
f 4151/66/1224 4145/68/1226 4152/69/1227
f 4151/66/1224 4153/62/1220 4150/67/1225
f 4155/70/1228 4151/66/1224 4152/69/1227
f 4256/60/1529 4248/61/1306 4255/62/1530
f 4256/60/1529 4249/63/1308 4251/64/1532
f 4246/65/1569 4253/66/1311 4252/67/1312
f 4253/66/1311 4247/68/1313 4254/69/1314
f 4253/66/1311 4255/62/1530 4252/67/1312
f 4257/70/1315 4253/66/1311 4254/69/1314
f 4358/60/1393 4350/61/1394 4357/62/1395
f 4358/60/1393 4351/63/1396 4353/64/1397
f 4348/65/1398 4355/66/1399 4354/67/1400
f 4355/66/1399 4349/68/1575 4356/69/1402
f 4355/66/1399 4357/62/1395 4354/67/1400
f 4359/70/1403 4355/66/1399 4356/69/1402
f 4460/60/1481 4452/61/1482 4459/62/1483
f 4460/60/1481 4453/63/1484 4455/64/1485
f 4450/65/1581 4457/66/1487 4456/67/1488
f 4457/66/1487 4451/68/1489 4458/69/1490
f 4457/66/1487 4459/62/1483 4456/67/1488
f 4461/70/1491 4457/66/1487 4458/69/1490
f 4562/60/1218 4554/61/1219 4561/62/1220
f 4562/60/1218 4555/63/1221 4557/64/1562
f 4552/65/1223 4559/66/1224 4558/67/1225
f 4559/66/1224 4553/68/1226 4560/69/1227
f 4559/66/1224 4561/62/1220 4558/67/1225
f 4563/70/1228 4559/66/1224 4560/69/1227
f 4664/60/1529 4656/61/1306 4663/62/1307
f 4664/60/1529 4657/63/1531 4659/64/1532
f 4654/65/1310 4661/66/1311 4660/67/1312
f 4661/66/1311 4655/68/1313 4662/69/1595
f 4661/66/1311 4663/62/1307 4660/67/1312
f 4665/70/1315 4661/66/1311 4662/69/1595
f 4766/60/1393 4758/61/1394 4765/62/1395
f 4766/60/1393 4759/63/1396 4761/64/1397
f 4756/65/1398 4763/66/1399 4762/67/1400
f 4763/66/1399 4757/68/1401 4764/69/1402
f 4763/66/1399 4765/62/1395 4762/67/1400
f 4767/70/1403 4763/66/1399 4764/69/1402
f 4868/60/1481 4860/61/1482 4867/62/1483
f 4868/60/1481 4861/63/1484 4863/64/1485
f 4858/65/1486 4865/66/1487 4864/67/1604
f 4865/66/1487 4859/68/1489 4866/69/1605
f 4865/66/1487 4867/62/1483 4864/67/1604
f 4869/70/1491 4865/66/1487 4866/69/1605
f 4970/60/1218 4962/61/1219 4969/62/1220
f 4970/60/1218 4963/63/1221 4965/64/1222
f 4960/65/1223 4967/66/1224 4966/67/1225
f 4967/66/1224 4961/68/1226 4968/69/1608
f 4967/66/1224 4969/62/1220 4966/67/1225
f 4971/70/1228 4967/66/1224 4968/69/1608
f 5072/60/1529 5064/61/1306 5071/62/1307
f 5072/60/1529 5065/63/1308 5067/64/1309
f 5062/65/1310 5069/66/1311 5068/67/1312
f 5069/66/1311 5063/68/1313 5070/69/1314
f 5069/66/1311 5071/62/1307 5068/67/1312
f 5073/70/1315 5069/66/1311 5070/69/1314
f 5174/60/1393 5166/61/1394 5173/62/1395
f 5174/60/1393 5167/63/1396 5169/64/1397
f 5164/65/1398 5171/66/1399 5170/67/1400
f 5171/66/1399 5165/68/1401 5172/69/1541
f 5171/66/1399 5173/62/1395 5170/67/1400
f 5175/70/1403 5171/66/1399 5172/69/1541
f 5276/60/1481 5268/61/1482 5275/62/1483
f 5276/60/1481 5269/63/1484 5271/64/1485
f 5266/65/1486 5273/66/1487 5272/67/1488
f 5273/66/1487 5267/68/1553 5274/69/1490
f 5273/66/1487 5275/62/1483 5272/67/1488
f 5277/70/1491 5273/66/1487 5274/69/1490
f 5378/60/1218 5370/61/1219 5377/62/1220
f 5378/60/1218 5371/63/1221 5373/64/1562
f 5368/65/1223 5375/66/1224 5374/67/1225
f 5375/66/1224 5369/68/1226 5376/69/1227
f 5375/66/1224 5377/62/1220 5374/67/1225
f 5379/70/1228 5375/66/1224 5376/69/1227
f 5480/60/1529 5472/61/1306 5479/62/1307
f 5480/60/1529 5473/63/1531 5475/64/1532
f 5470/65/1310 5477/66/1311 5476/67/1312
f 5477/66/1311 5471/68/1313 5478/69/1314
f 5477/66/1311 5479/62/1307 5476/67/1312
f 5481/70/1315 5477/66/1311 5478/69/1314
f 5582/60/1393 5574/61/1394 5581/62/1395
f 5582/60/1393 5575/63/1396 5577/64/1397
f 5572/65/1398 5579/66/1399 5578/67/1400
f 5579/66/1399 5573/68/1401 5580/69/1402
f 5579/66/1399 5581/62/1395 5578/67/1400
f 5583/70/1403 5579/66/1399 5580/69/1402
f 5684/60/1481 5676/61/1482 5683/62/1483
f 5684/60/1481 5677/63/1484 5679/64/1485
f 5674/65/1486 5681/66/1487 5680/67/1604
f 5681/66/1487 5675/68/1553 5682/69/1490
f 5681/66/1487 5683/62/1483 5680/67/1604
f 5685/70/1491 5681/66/1487 5682/69/1490
f 5786/60/1685 5778/61/1686 5785/62/1687
f 5786/60/1685 5779/63/1688 5781/64/1689
f 5776/65/1690 5783/66/1691 5782/67/1692
f 5783/66/1691 5777/68/1693 5784/69/1694
f 5783/66/1691 5785/62/1687 5782/67/1692
f 5787/70/1695 5783/66/1691 5784/69/1694
f 5888/60/1772 5880/61/1773 5887/62/1774
f 5888/60/1772 5881/63/1775 5883/64/1776
f 5878/65/1777 5885/66/1778 5884/67/1779
f 5885/66/1778 5879/68/1780 5886/69/1781
f 5885/66/1778 5887/62/1774 5884/67/1779
f 5889/70/1782 5885/66/1778 5886/69/1781
f 5990/60/1860 5982/61/1861 5989/62/1862
f 5990/60/1860 5983/63/1863 5985/64/1864
f 5980/65/1865 5987/66/1866 5986/67/1867
f 5987/66/1866 5981/68/1868 5988/69/1869
f 5987/66/1866 5989/62/1862 5986/67/1867
f 5991/70/1870 5987/66/1866 5988/69/1869
f 6092/60/1948 6084/61/1949 6091/62/1950
f 6092/60/1948 6085/63/1951 6087/64/1952
f 6082/65/1953 6089/66/1954 6088/67/1955
f 6089/66/1954 6083/68/1956 6090/69/1957
f 6089/66/1954 6091/62/1950 6088/67/1955
f 6093/70/1958 6089/66/1954 6090/69/1957
f 6194/60/1685 6186/61/1989 6193/62/1687
f 6194/60/1685 6187/63/1688 6189/64/1689
f 6184/65/1690 6191/66/1691 6190/67/1692
f 6191/66/1691 6185/68/1693 6192/69/1694
f 6191/66/1691 6193/62/1687 6190/67/1692
f 6195/70/1695 6191/66/1691 6192/69/1694
f 6296/60/1772 6288/61/1773 6295/62/1774
f 6296/60/1772 6289/63/1775 6291/64/1776
f 6286/65/1777 6293/66/1778 6292/67/1779
f 6293/66/1778 6287/68/1780 6294/69/1781
f 6293/66/1778 6295/62/1774 6292/67/1779
f 6297/70/1782 6293/66/1778 6294/69/1781
f 6398/60/1860 6390/61/1861 6397/62/1862
f 6398/60/1860 6391/63/1863 6393/64/1864
f 6388/65/1865 6395/66/1866 6394/67/1867
f 6395/66/1866 6389/68/1868 6396/69/1869
f 6395/66/1866 6397/62/1862 6394/67/1867
f 6399/70/1870 6395/66/1866 6396/69/1869
f 6500/60/1948 6492/61/1949 6499/62/1950
f 6500/60/1948 6493/63/1951 6495/64/1952
f 6490/65/2013 6497/66/1954 6496/67/1955
f 6497/66/1954 6491/68/1956 6498/69/1957
f 6497/66/1954 6499/62/1950 6496/67/1955
f 6501/70/1958 6497/66/1954 6498/69/1957
f 6602/60/2072 6594/61/2073 6601/62/2074
f 6602/60/2072 6595/63/2075 6597/64/2076
f 6592/65/2077 6599/66/2078 6598/67/2079
f 6599/66/2078 6593/68/2080 6600/69/2081
f 6599/66/2078 6601/62/2074 6598/67/2079
f 6603/70/2082 6599/66/2078 6600/69/2081
f 6704/60/2160 6696/61/2161 6703/62/2162
f 6704/60/2160 6697/63/2163 6699/64/2164
f 6694/65/2165 6701/66/2166 6700/67/2167
f 6701/66/2166 6695/68/2168 6702/69/2169
f 6701/66/2166 6703/62/2162 6700/67/2167
f 6705/70/2170 6701/66/2166 6702/69/2169
f 6806/60/2248 6798/61/2249 6805/62/2250
f 6806/60/2248 6799/63/2251 6801/64/2252
f 6796/65/2253 6803/66/2254 6802/67/2255
f 6803/66/2254 6797/68/2256 6804/69/2257
f 6803/66/2254 6805/62/2250 6802/67/2255
f 6807/70/2258 6803/66/2254 6804/69/2257
f 6908/60/2336 6900/61/2337 6907/62/2338
f 6908/60/2336 6901/63/2339 6903/64/2340
f 6898/65/2341 6905/66/2342 6904/67/2343
f 6905/66/2342 6899/68/2344 6906/69/2345
f 6905/66/2342 6907/62/2338 6904/67/2343
f 6909/70/2346 6905/66/2342 6906/69/2345
f 7010/60/57 7002/61/58 7009/62/59
f 7010/60/57 7003/63/60 7005/64/61
f 7000/65/62 7007/66/63 7006/67/64
f 7007/66/63 7001/68/65 7008/69/66
f 7007/66/63 7009/62/59 7006/67/64
f 7011/70/67 7007/66/63 7008/69/66
f 7112/60/145 7104/61/146 7111/62/147
f 7112/60/145 7105/63/148 7107/64/149
f 7102/65/150 7109/66/151 7108/67/152
f 7109/66/151 7103/68/153 7110/69/154
f 7109/66/151 7111/62/147 7108/67/152
f 7113/70/2391 7109/66/151 7110/69/154
f 7214/60/233 7206/61/2398 7213/62/235
f 7214/60/233 7207/63/236 7209/64/237
f 7204/65/2399 7211/66/239 7210/67/2400
f 7211/66/239 7205/68/241 7212/69/242
f 7211/66/239 7213/62/235 7210/67/2400
f 7215/70/243 7211/66/239 7212/69/242
f 7316/60/321 7308/61/322 7315/62/323
f 7316/60/321 7309/63/324 7311/64/325
f 7306/65/326 7313/66/327 7312/67/328
f 7313/66/327 7307/68/329 7314/69/330
f 7313/66/327 7315/62/323 7312/67/328
f 7317/70/331 7313/66/327 7314/69/330
f 7418/60/2467 7410/61/2468 7417/62/2469
f 7418/60/2467 7411/63/2470 7413/64/2471
f 7408/65/2472 7415/66/2473 7414/67/2474
f 7415/66/2473 7409/68/2475 7416/69/2476
f 7415/66/2473 7417/62/2469 7414/67/2474
f 7419/70/2477 7415/66/2473 7416/69/2476
f 7520/60/2555 7512/61/2556 7519/62/2557
f 7520/60/2555 7513/63/2558 7515/64/2559
f 7510/65/2560 7517/66/2561 7516/67/2562
f 7517/66/2561 7511/68/2563 7518/69/2564
f 7517/66/2561 7519/62/2557 7516/67/2562
f 7521/70/2565 7517/66/2561 7518/69/2564
f 7622/60/2643 7614/61/2644 7621/62/2645
f 7622/60/2643 7615/63/2646 7617/64/2647
f 7612/65/2648 7619/66/2649 7618/67/2650
f 7619/66/2649 7613/68/2651 7620/69/2652
f 7619/66/2649 7621/62/2645 7618/67/2650
f 7623/70/2653 7619/66/2649 7620/69/2652
f 7724/60/2731 7716/61/2732 7723/62/2733
f 7724/60/2731 7717/63/2734 7719/64/2735
f 7714/65/2736 7721/66/2737 7720/67/2738
f 7721/66/2737 7715/68/2739 7722/69/2740
f 7721/66/2737 7723/62/2733 7720/67/2738
f 7725/70/2741 7721/66/2737 7722/69/2740
f 74/60/57 69/64/61 66/61/58
f 74/60/57 75/70/67 67/63/60
f 64/65/62 68/99/2768 71/66/63
f 71/66/63 68/99/2768 65/68/65
f 71/66/63 74/60/57 73/62/59
f 75/70/67 74/60/57 71/66/63
f 176/60/145 171/64/149 168/61/146
f 176/60/145 177/70/155 169/63/148
f 166/65/150 170/99/2774 173/66/151
f 173/66/151 170/99/2774 167/68/153
f 173/66/151 176/60/145 175/62/147
f 177/70/155 176/60/145 173/66/151
f 278/60/233 273/64/237 270/61/234
f 278/60/233 279/70/243 271/63/236
f 268/65/238 272/99/2780 275/66/239
f 275/66/239 272/99/2780 269/68/241
f 275/66/239 278/60/233 277/62/235
f 279/70/243 278/60/233 275/66/239
f 380/60/321 375/64/325 372/61/322
f 380/60/321 381/70/331 373/63/324
f 370/65/326 374/99/2786 377/66/327
f 377/66/327 374/99/2786 371/68/329
f 377/66/327 380/60/321 379/62/323
f 381/70/331 380/60/321 377/66/327
f 482/60/410 477/64/414 474/61/411
f 482/60/410 483/70/420 475/63/413
f 472/65/415 476/99/2792 479/66/416
f 479/66/416 476/99/2792 473/68/418
f 479/66/416 482/60/410 481/62/412
f 483/70/420 482/60/410 479/66/416
f 584/60/497 579/64/501 576/61/498
f 584/60/497 585/70/507 577/63/500
f 574/65/502 578/99/2798 581/66/503
f 581/66/503 578/99/2798 575/68/505
f 581/66/503 584/60/497 583/62/499
f 585/70/507 584/60/497 581/66/503
f 686/60/585 681/64/589 678/61/586
f 686/60/585 687/70/595 679/63/588
f 676/65/590 680/99/2804 683/66/591
f 683/66/591 680/99/2804 677/68/593
f 683/66/591 686/60/585 685/62/587
f 687/70/595 686/60/585 683/66/591
f 788/60/673 783/64/677 780/61/674
f 788/60/673 789/70/683 781/63/676
f 778/65/678 782/99/2810 785/66/679
f 785/66/679 782/99/2810 779/68/681
f 785/66/679 788/60/673 787/62/675
f 789/70/683 788/60/673 785/66/679
f 890/60/410 885/64/414 882/61/411
f 890/60/410 891/70/420 883/63/413
f 880/65/415 884/99/2792 887/66/416
f 887/66/416 884/99/2792 881/68/418
f 887/66/416 890/60/410 889/62/412
f 891/70/420 890/60/410 887/66/416
f 992/60/497 987/64/501 984/61/498
f 992/60/497 993/70/507 985/63/500
f 982/65/715 986/99/2798 989/66/503
f 989/66/503 986/99/2798 983/68/505
f 989/66/503 992/60/497 991/62/499
f 993/70/507 992/60/497 989/66/503
f 1094/60/585 1089/64/589 1086/61/586
f 1094/60/585 1095/70/595 1087/63/588
f 1084/65/590 1088/99/2804 1091/66/591
f 1091/66/591 1088/99/2804 1085/68/593
f 1091/66/591 1094/60/585 1093/62/587
f 1095/70/595 1094/60/585 1091/66/591
f 1196/60/673 1191/64/727 1188/61/674
f 1196/60/673 1197/70/683 1189/63/726
f 1186/65/678 1190/99/2813 1193/66/679
f 1193/66/679 1190/99/2813 1187/68/681
f 1193/66/679 1196/60/673 1195/62/675
f 1197/70/683 1196/60/673 1193/66/679
f 1298/60/785 1293/64/789 1290/61/786
f 1298/60/785 1299/70/795 1291/63/788
f 1288/65/790 1292/99/2818 1295/66/791
f 1295/66/791 1292/99/2818 1289/68/793
f 1295/66/791 1298/60/785 1297/62/787
f 1299/70/795 1298/60/785 1295/66/791
f 1400/60/873 1395/64/877 1392/61/874
f 1400/60/873 1401/70/883 1393/63/876
f 1390/65/878 1394/99/2824 1397/66/879
f 1397/66/879 1394/99/2824 1391/68/881
f 1397/66/879 1400/60/873 1399/62/875
f 1401/70/883 1400/60/873 1397/66/879
f 1502/60/961 1497/64/965 1494/61/962
f 1502/60/961 1503/70/971 1495/63/964
f 1492/65/966 1496/99/2830 1499/66/967
f 1499/66/967 1496/99/2830 1493/68/969
f 1499/66/967 1502/60/961 1501/62/963
f 1503/70/971 1502/60/961 1499/66/967
f 1604/60/1049 1599/64/1053 1596/61/1050
f 1604/60/1049 1605/70/1059 1597/63/1052
f 1594/65/1054 1598/99/2836 1601/66/1055
f 1601/66/1055 1598/99/2836 1595/68/1057
f 1601/66/1055 1604/60/1049 1603/62/1051
f 1605/70/1059 1604/60/1049 1601/66/1055
f 1706/60/785 1701/64/789 1698/61/786
f 1706/60/785 1707/70/795 1699/63/788
f 1696/65/790 1700/99/2818 1703/66/791
f 1703/66/791 1700/99/2818 1697/68/793
f 1703/66/791 1706/60/785 1705/62/787
f 1707/70/795 1706/60/785 1703/66/791
f 1808/60/1102 1803/64/877 1800/61/874
f 1808/60/1102 1809/70/883 1801/63/1103
f 1798/65/878 1802/99/2824 1805/66/879
f 1805/66/879 1802/99/2824 1799/68/881
f 1805/66/879 1808/60/1102 1807/62/875
f 1809/70/883 1808/60/1102 1805/66/879
f 1910/60/961 1905/64/965 1902/61/962
f 1910/60/961 1911/70/971 1903/63/964
f 1900/65/966 1904/99/2830 1907/66/967
f 1907/66/967 1904/99/2830 1901/68/1113
f 1907/66/967 1910/60/961 1909/62/1112
f 1911/70/971 1910/60/961 1907/66/967
f 2012/60/1049 2007/64/1053 2004/61/1050
f 2012/60/1049 2013/70/1059 2005/63/1052
f 2002/65/1054 2006/99/2836 2009/66/1055
f 2009/66/1055 2006/99/2836 2003/68/1057
f 2009/66/1055 2012/60/1049 2011/62/1051
f 2013/70/1059 2012/60/1049 2009/66/1055
f 2114/60/410 2109/64/414 2106/61/411
f 2114/60/410 2115/70/420 2107/63/413
f 2104/65/415 2108/99/2792 2111/66/416
f 2111/66/416 2108/99/2792 2105/68/418
f 2111/66/416 2114/60/410 2113/62/412
f 2115/70/420 2114/60/410 2111/66/416
f 2216/60/497 2211/64/501 2208/61/498
f 2216/60/497 2217/70/507 2209/63/500
f 2206/65/715 2210/99/2798 2213/66/503
f 2213/66/503 2210/99/2798 2207/68/505
f 2213/66/503 2216/60/497 2215/62/499
f 2217/70/507 2216/60/497 2213/66/503
f 2318/60/585 2313/64/589 2310/61/586
f 2318/60/585 2319/70/1135 2311/63/588
f 2308/65/590 2312/99/2804 2315/66/591
f 2315/66/591 2312/99/2804 2309/68/593
f 2315/66/591 2318/60/585 2317/62/587
f 2319/70/1135 2318/60/585 2315/66/591
f 2420/60/673 2415/64/727 2412/61/674
f 2420/60/673 2421/70/683 2413/63/676
f 2410/65/678 2414/99/2813 2417/66/679
f 2417/66/679 2414/99/2813 2411/68/681
f 2417/66/679 2420/60/673 2419/62/675
f 2421/70/683 2420/60/673 2417/66/679
f 2522/60/410 2517/64/414 2514/61/411
f 2522/60/410 2523/70/420 2515/63/413
f 2512/65/415 2516/99/2792 2519/66/416
f 2519/66/416 2516/99/2792 2513/68/418
f 2519/66/416 2522/60/410 2521/62/412
f 2523/70/420 2522/60/410 2519/66/416
f 2624/60/497 2619/64/501 2616/61/498
f 2624/60/497 2625/70/507 2617/63/500
f 2614/65/502 2618/99/2798 2621/66/503
f 2621/66/503 2618/99/2798 2615/68/505
f 2621/66/503 2624/60/497 2623/62/499
f 2625/70/507 2624/60/497 2621/66/503
f 2726/60/585 2721/64/589 2718/61/586
f 2726/60/585 2727/70/595 2719/63/588
f 2716/65/590 2720/99/2804 2723/66/591
f 2723/66/591 2720/99/2804 2717/68/593
f 2723/66/591 2726/60/585 2725/62/587
f 2727/70/595 2726/60/585 2723/66/591
f 2828/60/673 2823/64/727 2820/61/1150
f 2828/60/673 2829/70/683 2821/63/726
f 2818/65/678 2822/99/2810 2825/66/679
f 2825/66/679 2822/99/2810 2819/68/681
f 2825/66/679 2828/60/673 2827/62/675
f 2829/70/683 2828/60/673 2825/66/679
f 2930/60/410 2925/64/414 2922/61/1151
f 2930/60/410 2931/70/420 2923/63/413
f 2920/65/415 2924/99/2792 2927/66/416
f 2927/66/416 2924/99/2792 2921/68/418
f 2927/66/416 2930/60/410 2929/62/412
f 2931/70/420 2930/60/410 2927/66/416
f 3032/60/497 3027/64/501 3024/61/498
f 3032/60/497 3033/70/507 3025/63/500
f 3022/65/502 3026/99/2798 3029/66/503
f 3029/66/503 3026/99/2798 3023/68/505
f 3029/66/503 3032/60/497 3031/62/499
f 3033/70/507 3032/60/497 3029/66/503
f 3134/60/585 3129/64/589 3126/61/586
f 3134/60/585 3135/70/595 3127/63/588
f 3124/65/590 3128/99/2804 3131/66/591
f 3131/66/591 3128/99/2804 3125/68/593
f 3131/66/591 3134/60/585 3133/62/587
f 3135/70/595 3134/60/585 3131/66/591
f 3236/60/673 3231/64/677 3228/61/1150
f 3236/60/673 3237/70/683 3229/63/676
f 3226/65/678 3230/99/2810 3233/66/679
f 3233/66/679 3230/99/2810 3227/68/681
f 3233/66/679 3236/60/673 3235/62/675
f 3237/70/683 3236/60/673 3233/66/679
f 3338/60/1218 3333/64/1222 3330/61/1219
f 3338/60/1218 3339/70/1228 3331/63/1221
f 3328/65/1223 3332/99/2846 3335/66/1224
f 3335/66/1224 3332/99/2846 3329/68/1226
f 3335/66/1224 3338/60/1218 3337/62/1220
f 3339/70/1228 3338/60/1218 3335/66/1224
f 3440/60/1305 3435/64/1309 3432/61/1306
f 3440/60/1305 3441/70/1315 3433/63/1308
f 3430/65/1310 3434/99/2852 3437/66/1311
f 3437/66/1311 3434/99/2852 3431/68/1313
f 3437/66/1311 3440/60/1305 3439/62/1307
f 3441/70/1315 3440/60/1305 3437/66/1311
f 3542/60/1393 3537/64/1397 3534/61/1394
f 3542/60/1393 3543/70/1403 3535/63/1396
f 3532/65/1398 3536/99/2858 3539/66/1399
f 3539/66/1399 3536/99/2858 3533/68/1401
f 3539/66/1399 3542/60/1393 3541/62/1395
f 3543/70/1403 3542/60/1393 3539/66/1399
f 3644/60/1481 3639/64/1485 3636/61/1482
f 3644/60/1481 3645/70/1491 3637/63/1484
f 3634/65/1486 3638/99/2864 3641/66/1487
f 3641/66/1487 3638/99/2864 3635/68/1489
f 3641/66/1487 3644/60/1481 3643/62/1483
f 3645/70/1491 3644/60/1481 3641/66/1487
f 3746/60/1218 3741/64/1222 3738/61/1219
f 3746/60/1218 3747/70/1228 3739/63/1221
f 3736/65/1223 3740/99/2846 3743/66/1224
f 3743/66/1224 3740/99/2846 3737/68/1226
f 3743/66/1224 3746/60/1218 3745/62/1220
f 3747/70/1228 3746/60/1218 3743/66/1224
f 3848/60/1529 3843/64/1532 3840/61/1306
f 3848/60/1529 3849/70/1315 3841/63/1531
f 3838/65/1310 3842/99/2852 3845/66/1311
f 3845/66/1311 3842/99/2852 3839/68/1313
f 3845/66/1311 3848/60/1529 3847/62/1530
f 3849/70/1315 3848/60/1529 3845/66/1311
f 3950/60/1393 3945/64/1397 3942/61/1394
f 3950/60/1393 3951/70/1403 3943/63/1396
f 3940/65/1398 3944/99/2858 3947/66/1399
f 3947/66/1399 3944/99/2858 3941/68/1401
f 3947/66/1399 3950/60/1393 3949/62/1395
f 3951/70/1403 3950/60/1393 3947/66/1399
f 4052/60/1481 4047/64/1485 4044/61/1482
f 4052/60/1481 4053/70/1491 4045/63/1484
f 4042/65/1486 4046/99/2867 4049/66/1487
f 4049/66/1487 4046/99/2867 4043/68/1553
f 4049/66/1487 4052/60/1481 4051/62/1483
f 4053/70/1491 4052/60/1481 4049/66/1487
f 4154/60/1218 4149/64/1562 4146/61/1219
f 4154/60/1218 4155/70/1228 4147/63/1221
f 4144/65/1223 4148/99/2846 4151/66/1224
f 4151/66/1224 4148/99/2846 4145/68/1226
f 4151/66/1224 4154/60/1218 4153/62/1220
f 4155/70/1228 4154/60/1218 4151/66/1224
f 4256/60/1529 4251/64/1532 4248/61/1306
f 4256/60/1529 4257/70/1315 4249/63/1308
f 4246/65/1569 4250/99/2869 4253/66/1311
f 4253/66/1311 4250/99/2869 4247/68/1313
f 4253/66/1311 4256/60/1529 4255/62/1530
f 4257/70/1315 4256/60/1529 4253/66/1311
f 4358/60/1393 4353/64/1397 4350/61/1394
f 4358/60/1393 4359/70/1403 4351/63/1396
f 4348/65/1398 4352/99/2858 4355/66/1399
f 4355/66/1399 4352/99/2858 4349/68/1575
f 4355/66/1399 4358/60/1393 4357/62/1395
f 4359/70/1403 4358/60/1393 4355/66/1399
f 4460/60/1481 4455/64/1485 4452/61/1482
f 4460/60/1481 4461/70/1491 4453/63/1484
f 4450/65/1581 4454/99/2864 4457/66/1487
f 4457/66/1487 4454/99/2864 4451/68/1489
f 4457/66/1487 4460/60/1481 4459/62/1483
f 4461/70/1491 4460/60/1481 4457/66/1487
f 4562/60/1218 4557/64/1562 4554/61/1219
f 4562/60/1218 4563/70/1228 4555/63/1221
f 4552/65/1223 4556/99/2846 4559/66/1224
f 4559/66/1224 4556/99/2846 4553/68/1226
f 4559/66/1224 4562/60/1218 4561/62/1220
f 4563/70/1228 4562/60/1218 4559/66/1224
f 4664/60/1529 4659/64/1532 4656/61/1306
f 4664/60/1529 4665/70/1315 4657/63/1531
f 4654/65/1310 4658/99/2869 4661/66/1311
f 4661/66/1311 4658/99/2869 4655/68/1313
f 4661/66/1311 4664/60/1529 4663/62/1307
f 4665/70/1315 4664/60/1529 4661/66/1311
f 4766/60/1393 4761/64/1397 4758/61/1394
f 4766/60/1393 4767/70/1403 4759/63/1396
f 4756/65/1398 4760/99/2858 4763/66/1399
f 4763/66/1399 4760/99/2858 4757/68/1401
f 4763/66/1399 4766/60/1393 4765/62/1395
f 4767/70/1403 4766/60/1393 4763/66/1399
f 4868/60/1481 4863/64/1485 4860/61/1482
f 4868/60/1481 4869/70/1491 4861/63/1484
f 4858/65/1486 4862/99/2864 4865/66/1487
f 4865/66/1487 4862/99/2864 4859/68/1489
f 4865/66/1487 4868/60/1481 4867/62/1483
f 4869/70/1491 4868/60/1481 4865/66/1487
f 4970/60/1218 4965/64/1222 4962/61/1219
f 4970/60/1218 4971/70/1228 4963/63/1221
f 4960/65/1223 4964/99/2846 4967/66/1224
f 4967/66/1224 4964/99/2846 4961/68/1226
f 4967/66/1224 4970/60/1218 4969/62/1220
f 4971/70/1228 4970/60/1218 4967/66/1224
f 5072/60/1529 5067/64/1309 5064/61/1306
f 5072/60/1529 5073/70/1315 5065/63/1308
f 5062/65/1310 5066/99/2852 5069/66/1311
f 5069/66/1311 5066/99/2852 5063/68/1313
f 5069/66/1311 5072/60/1529 5071/62/1307
f 5073/70/1315 5072/60/1529 5069/66/1311
f 5174/60/1393 5169/64/1397 5166/61/1394
f 5174/60/1393 5175/70/1403 5167/63/1396
f 5164/65/1398 5168/99/2858 5171/66/1399
f 5171/66/1399 5168/99/2858 5165/68/1401
f 5171/66/1399 5174/60/1393 5173/62/1395
f 5175/70/1403 5174/60/1393 5171/66/1399
f 5276/60/1481 5271/64/1485 5268/61/1482
f 5276/60/1481 5277/70/1491 5269/63/1484
f 5266/65/1486 5270/99/2864 5273/66/1487
f 5273/66/1487 5270/99/2864 5267/68/1553
f 5273/66/1487 5276/60/1481 5275/62/1483
f 5277/70/1491 5276/60/1481 5273/66/1487
f 5378/60/1218 5373/64/1562 5370/61/1219
f 5378/60/1218 5379/70/1228 5371/63/1221
f 5368/65/1223 5372/99/2846 5375/66/1224
f 5375/66/1224 5372/99/2846 5369/68/1226
f 5375/66/1224 5378/60/1218 5377/62/1220
f 5379/70/1228 5378/60/1218 5375/66/1224
f 5480/60/1529 5475/64/1532 5472/61/1306
f 5480/60/1529 5481/70/1315 5473/63/1531
f 5470/65/1310 5474/99/2869 5477/66/1311
f 5477/66/1311 5474/99/2869 5471/68/1313
f 5477/66/1311 5480/60/1529 5479/62/1307
f 5481/70/1315 5480/60/1529 5477/66/1311
f 5582/60/1393 5577/64/1397 5574/61/1394
f 5582/60/1393 5583/70/1403 5575/63/1396
f 5572/65/1398 5576/99/2858 5579/66/1399
f 5579/66/1399 5576/99/2858 5573/68/1401
f 5579/66/1399 5582/60/1393 5581/62/1395
f 5583/70/1403 5582/60/1393 5579/66/1399
f 5684/60/1481 5679/64/1485 5676/61/1482
f 5684/60/1481 5685/70/1491 5677/63/1484
f 5674/65/1486 5678/99/2864 5681/66/1487
f 5681/66/1487 5678/99/2864 5675/68/1553
f 5681/66/1487 5684/60/1481 5683/62/1483
f 5685/70/1491 5684/60/1481 5681/66/1487
f 5786/60/1685 5781/64/1689 5778/61/1686
f 5786/60/1685 5787/70/1695 5779/63/1688
f 5776/65/1690 5780/99/2880 5783/66/1691
f 5783/66/1691 5780/99/2880 5777/68/1693
f 5783/66/1691 5786/60/1685 5785/62/1687
f 5787/70/1695 5786/60/1685 5783/66/1691
f 5888/60/1772 5883/64/1776 5880/61/1773
f 5888/60/1772 5889/70/1782 5881/63/1775
f 5878/65/1777 5882/99/2886 5885/66/1778
f 5885/66/1778 5882/99/2886 5879/68/1780
f 5885/66/1778 5888/60/1772 5887/62/1774
f 5889/70/1782 5888/60/1772 5885/66/1778
f 5990/60/1860 5985/64/1864 5982/61/1861
f 5990/60/1860 5991/70/1870 5983/63/1863
f 5980/65/1865 5984/99/2892 5987/66/1866
f 5987/66/1866 5984/99/2892 5981/68/1868
f 5987/66/1866 5990/60/1860 5989/62/1862
f 5991/70/1870 5990/60/1860 5987/66/1866
f 6092/60/1948 6087/64/1952 6084/61/1949
f 6092/60/1948 6093/70/1958 6085/63/1951
f 6082/65/1953 6086/99/2898 6089/66/1954
f 6089/66/1954 6086/99/2898 6083/68/1956
f 6089/66/1954 6092/60/1948 6091/62/1950
f 6093/70/1958 6092/60/1948 6089/66/1954
f 6194/60/1685 6189/64/1689 6186/61/1989
f 6194/60/1685 6195/70/1695 6187/63/1688
f 6184/65/1690 6188/99/2880 6191/66/1691
f 6191/66/1691 6188/99/2880 6185/68/1693
f 6191/66/1691 6194/60/1685 6193/62/1687
f 6195/70/1695 6194/60/1685 6191/66/1691
f 6296/60/1772 6291/64/1776 6288/61/1773
f 6296/60/1772 6297/70/1782 6289/63/1775
f 6286/65/1777 6290/99/2886 6293/66/1778
f 6293/66/1778 6290/99/2886 6287/68/1780
f 6293/66/1778 6296/60/1772 6295/62/1774
f 6297/70/1782 6296/60/1772 6293/66/1778
f 6398/60/1860 6393/64/1864 6390/61/1861
f 6398/60/1860 6399/70/1870 6391/63/1863
f 6388/65/1865 6392/99/2901 6395/66/1866
f 6395/66/1866 6392/99/2901 6389/68/1868
f 6395/66/1866 6398/60/1860 6397/62/1862
f 6399/70/1870 6398/60/1860 6395/66/1866
f 6500/60/1948 6495/64/1952 6492/61/1949
f 6500/60/1948 6501/70/1958 6493/63/1951
f 6490/65/2013 6494/99/2898 6497/66/1954
f 6497/66/1954 6494/99/2898 6491/68/1956
f 6497/66/1954 6500/60/1948 6499/62/1950
f 6501/70/1958 6500/60/1948 6497/66/1954
f 6602/60/2072 6597/64/2076 6594/61/2073
f 6602/60/2072 6603/70/2082 6595/63/2075
f 6592/65/2077 6596/99/2906 6599/66/2078
f 6599/66/2078 6596/99/2906 6593/68/2080
f 6599/66/2078 6602/60/2072 6601/62/2074
f 6603/70/2082 6602/60/2072 6599/66/2078
f 6704/60/2160 6699/64/2164 6696/61/2161
f 6704/60/2160 6705/70/2170 6697/63/2163
f 6694/65/2165 6698/99/2912 6701/66/2166
f 6701/66/2166 6698/99/2912 6695/68/2168
f 6701/66/2166 6704/60/2160 6703/62/2162
f 6705/70/2170 6704/60/2160 6701/66/2166
f 6806/60/2248 6801/64/2252 6798/61/2249
f 6806/60/2248 6807/70/2258 6799/63/2251
f 6796/65/2253 6800/99/2918 6803/66/2254
f 6803/66/2254 6800/99/2918 6797/68/2256
f 6803/66/2254 6806/60/2248 6805/62/2250
f 6807/70/2258 6806/60/2248 6803/66/2254
f 6908/60/2336 6903/64/2340 6900/61/2337
f 6908/60/2336 6909/70/2346 6901/63/2339
f 6898/65/2341 6902/99/2924 6905/66/2342
f 6905/66/2342 6902/99/2924 6899/68/2344
f 6905/66/2342 6908/60/2336 6907/62/2338
f 6909/70/2346 6908/60/2336 6905/66/2342
f 7010/60/57 7005/64/61 7002/61/58
f 7010/60/57 7011/70/67 7003/63/60
f 7000/65/62 7004/99/2768 7007/66/63
f 7007/66/63 7004/99/2768 7001/68/65
f 7007/66/63 7010/60/57 7009/62/59
f 7011/70/67 7010/60/57 7007/66/63
f 7112/60/145 7107/64/149 7104/61/146
f 7112/60/145 7113/70/2391 7105/63/148
f 7102/65/150 7106/99/2926 7109/66/151
f 7109/66/151 7106/99/2926 7103/68/153
f 7109/66/151 7112/60/145 7111/62/147
f 7113/70/2391 7112/60/145 7109/66/151
f 7214/60/233 7209/64/237 7206/61/2398
f 7214/60/233 7215/70/243 7207/63/236
f 7204/65/2399 7208/99/2780 7211/66/239
f 7211/66/239 7208/99/2780 7205/68/241
f 7211/66/239 7214/60/233 7213/62/235
f 7215/70/243 7214/60/233 7211/66/239
f 7316/60/321 7311/64/325 7308/61/322
f 7316/60/321 7317/70/331 7309/63/324
f 7306/65/326 7310/99/2786 7313/66/327
f 7313/66/327 7310/99/2786 7307/68/329
f 7313/66/327 7316/60/321 7315/62/323
f 7317/70/331 7316/60/321 7313/66/327
f 7418/60/2467 7413/64/2471 7410/61/2468
f 7418/60/2467 7419/70/2477 7411/63/2470
f 7408/65/2472 7412/99/2932 7415/66/2473
f 7415/66/2473 7412/99/2932 7409/68/2475
f 7415/66/2473 7418/60/2467 7417/62/2469
f 7419/70/2477 7418/60/2467 7415/66/2473
f 7520/60/2555 7515/64/2559 7512/61/2556
f 7520/60/2555 7521/70/2565 7513/63/2558
f 7510/65/2560 7514/99/2938 7517/66/2561
f 7517/66/2561 7514/99/2938 7511/68/2563
f 7517/66/2561 7520/60/2555 7519/62/2557
f 7521/70/2565 7520/60/2555 7517/66/2561
f 7622/60/2643 7617/64/2647 7614/61/2644
f 7622/60/2643 7623/70/2653 7615/63/2646
f 7612/65/2648 7616/99/2944 7619/66/2649
f 7619/66/2649 7616/99/2944 7613/68/2651
f 7619/66/2649 7622/60/2643 7621/62/2645
f 7623/70/2653 7622/60/2643 7619/66/2649
f 7724/60/2731 7719/64/2735 7716/61/2732
f 7724/60/2731 7725/70/2741 7717/63/2734
f 7714/65/2736 7718/99/2950 7721/66/2737
f 7721/66/2737 7718/99/2950 7715/68/2739
f 7721/66/2737 7724/60/2731 7723/62/2733
f 7725/70/2741 7724/60/2731 7721/66/2737
usemtl leaves7.001
f 82/71/68 81/72/69 78/73/70
f 81/72/69 84/74/71 79/75/72
f 80/76/73 82/71/68 76/77/74
f 84/74/71 80/76/73 77/78/75
f 184/71/156 183/72/157 180/73/158
f 183/72/157 186/74/159 181/75/160
f 182/76/161 184/71/156 178/77/162
f 186/74/159 182/76/161 179/78/163
f 286/71/244 285/72/245 282/73/246
f 285/72/245 288/74/247 283/75/248
f 284/76/249 286/71/244 280/77/250
f 288/74/247 284/76/249 281/78/251
f 388/71/332 387/72/333 384/73/334
f 387/72/333 390/74/335 385/75/336
f 386/76/337 388/71/332 382/77/338
f 390/74/335 386/76/337 383/78/339
f 490/71/421 489/72/422 486/73/423
f 489/72/422 492/74/424 487/75/425
f 488/76/426 490/71/421 484/77/427
f 492/74/424 488/76/426 485/78/428
f 592/71/508 591/72/509 588/73/510
f 591/72/509 594/74/511 589/75/512
f 590/76/513 592/71/508 586/77/514
f 594/74/511 590/76/513 587/78/515
f 694/71/596 693/72/597 690/73/598
f 693/72/597 696/74/599 691/75/600
f 692/76/601 694/71/596 688/77/602
f 696/74/599 692/76/601 689/78/603
f 796/71/684 795/72/685 792/73/686
f 795/72/685 798/74/687 793/75/688
f 794/76/689 796/71/684 790/77/690
f 798/74/687 794/76/689 791/78/691
f 898/71/421 897/72/422 894/73/423
f 897/72/422 900/74/424 895/75/425
f 896/76/426 898/71/421 892/77/427
f 900/74/424 896/76/426 893/78/428
f 1000/71/508 999/72/509 996/73/510
f 999/72/509 1002/74/511 997/75/512
f 998/76/513 1000/71/508 994/77/514
f 1002/74/511 998/76/513 995/78/515
f 1102/71/596 1101/72/597 1098/73/598
f 1101/72/597 1104/74/599 1099/75/600
f 1100/76/601 1102/71/596 1096/77/602
f 1104/74/599 1100/76/601 1097/78/603
f 1204/71/684 1203/72/685 1200/73/686
f 1203/72/685 1206/74/687 1201/75/688
f 1202/76/689 1204/71/684 1198/77/728
f 1206/74/687 1202/76/689 1199/78/691
f 1306/71/796 1305/72/797 1302/73/798
f 1305/72/797 1308/74/799 1303/75/800
f 1304/76/801 1306/71/796 1300/77/802
f 1308/74/799 1304/76/801 1301/78/803
f 1408/71/884 1407/72/885 1404/73/886
f 1407/72/885 1410/74/887 1405/75/888
f 1406/76/889 1408/71/884 1402/77/890
f 1410/74/887 1406/76/889 1403/78/891
f 1510/71/972 1509/72/973 1506/73/974
f 1509/72/973 1512/74/975 1507/75/976
f 1508/76/977 1510/71/972 1504/77/978
f 1512/74/975 1508/76/977 1505/78/979
f 1612/71/1060 1611/72/1061 1608/73/1062
f 1611/72/1061 1614/74/1063 1609/75/1064
f 1610/76/1065 1612/71/1060 1606/77/1066
f 1614/74/1063 1610/76/1065 1607/78/1067
f 1714/71/796 1713/72/797 1710/73/1089
f 1713/72/797 1716/74/799 1711/75/800
f 1712/76/801 1714/71/796 1708/77/802
f 1716/74/799 1712/76/801 1709/78/803
f 1816/71/884 1815/72/1104 1812/73/1105
f 1815/72/1104 1818/74/887 1813/75/888
f 1814/76/889 1816/71/884 1810/77/890
f 1818/74/887 1814/76/889 1811/78/891
f 1918/71/1114 1917/72/973 1914/73/974
f 1917/72/973 1920/74/975 1915/75/1115
f 1916/76/977 1918/71/1114 1912/77/978
f 1920/74/975 1916/76/977 1913/78/979
f 2020/71/1060 2019/72/1061 2016/73/1062
f 2019/72/1061 2022/74/1063 2017/75/1064
f 2018/76/1065 2020/71/1060 2014/77/1066
f 2022/74/1063 2018/76/1065 2015/78/1067
f 2122/71/421 2121/72/422 2118/73/423
f 2121/72/422 2124/74/424 2119/75/425
f 2120/76/426 2122/71/421 2116/77/427
f 2124/74/424 2120/76/426 2117/78/428
f 2224/71/508 2223/72/509 2220/73/510
f 2223/72/509 2226/74/511 2221/75/512
f 2222/76/513 2224/71/508 2218/77/514
f 2226/74/511 2222/76/513 2219/78/515
f 2326/71/596 2325/72/597 2322/73/598
f 2325/72/597 2328/74/599 2323/75/600
f 2324/76/601 2326/71/596 2320/77/602
f 2328/74/599 2324/76/601 2321/78/603
f 2428/71/684 2427/72/685 2424/73/686
f 2427/72/685 2430/74/687 2425/75/1141
f 2426/76/689 2428/71/684 2422/77/728
f 2430/74/687 2426/76/689 2423/78/691
f 2530/71/421 2529/72/422 2526/73/423
f 2529/72/422 2532/74/424 2527/75/425
f 2528/76/426 2530/71/421 2524/77/427
f 2532/74/424 2528/76/426 2525/78/428
f 2632/71/508 2631/72/509 2628/73/510
f 2631/72/509 2634/74/511 2629/75/512
f 2630/76/513 2632/71/508 2626/77/514
f 2634/74/511 2630/76/513 2627/78/515
f 2734/71/596 2733/72/597 2730/73/598
f 2733/72/597 2736/74/599 2731/75/600
f 2732/76/601 2734/71/596 2728/77/602
f 2736/74/599 2732/76/601 2729/78/603
f 2836/71/684 2835/72/685 2832/73/686
f 2835/72/685 2838/74/687 2833/75/688
f 2834/76/689 2836/71/684 2830/77/728
f 2838/74/687 2834/76/689 2831/78/691
f 2938/71/421 2937/72/422 2934/73/423
f 2937/72/422 2940/74/424 2935/75/1152
f 2936/76/426 2938/71/421 2932/77/427
f 2940/74/424 2936/76/426 2933/78/428
f 3040/71/508 3039/72/509 3036/73/510
f 3039/72/509 3042/74/511 3037/75/512
f 3038/76/513 3040/71/508 3034/77/514
f 3042/74/511 3038/76/513 3035/78/515
f 3142/71/596 3141/72/597 3138/73/598
f 3141/72/597 3144/74/599 3139/75/600
f 3140/76/601 3142/71/596 3136/77/602
f 3144/74/599 3140/76/601 3137/78/603
f 3244/71/684 3243/72/685 3240/73/686
f 3243/72/685 3246/74/687 3241/75/688
f 3242/76/689 3244/71/684 3238/77/728
f 3246/74/687 3242/76/689 3239/78/691
f 3346/71/1229 3345/72/1230 3342/73/1231
f 3345/72/1230 3348/74/1232 3343/75/1233
f 3344/76/1234 3346/71/1229 3340/77/1235
f 3348/74/1232 3344/76/1234 3341/78/1236
f 3448/71/1316 3447/72/1317 3444/73/1318
f 3447/72/1317 3450/74/1319 3445/75/1320
f 3446/76/1321 3448/71/1316 3442/77/1322
f 3450/74/1319 3446/76/1321 3443/78/1323
f 3550/71/1404 3549/72/1405 3546/73/1406
f 3549/72/1405 3552/74/1407 3547/75/1408
f 3548/76/1409 3550/71/1404 3544/77/1410
f 3552/74/1407 3548/76/1409 3545/78/1411
f 3652/71/1492 3651/72/1493 3648/73/1494
f 3651/72/1493 3654/74/1495 3649/75/1496
f 3650/76/1497 3652/71/1492 3646/77/1498
f 3654/74/1495 3650/76/1497 3647/78/1499
f 3754/71/1229 3753/72/1230 3750/73/1231
f 3753/72/1230 3756/74/1232 3751/75/1233
f 3752/76/1234 3754/71/1229 3748/77/1235
f 3756/74/1232 3752/76/1234 3749/78/1236
f 3856/71/1316 3855/72/1317 3852/73/1318
f 3855/72/1317 3858/74/1319 3853/75/1533
f 3854/76/1321 3856/71/1316 3850/77/1322
f 3858/74/1319 3854/76/1321 3851/78/1534
f 3958/71/1404 3957/72/1405 3954/73/1406
f 3957/72/1405 3960/74/1407 3955/75/1408
f 3956/76/1409 3958/71/1404 3952/77/1410
f 3960/74/1407 3956/76/1409 3953/78/1542
f 4060/71/1492 4059/72/1493 4056/73/1494
f 4059/72/1493 4062/74/1495 4057/75/1496
f 4058/76/1497 4060/71/1492 4054/77/1498
f 4062/74/1495 4058/76/1497 4055/78/1555
f 4162/71/1229 4161/72/1230 4158/73/1231
f 4161/72/1230 4164/74/1232 4159/75/1233
f 4160/76/1234 4162/71/1229 4156/77/1563
f 4164/74/1232 4160/76/1234 4157/78/1236
f 4264/71/1316 4263/72/1317 4260/73/1318
f 4263/72/1317 4266/74/1319 4261/75/1320
f 4262/76/1321 4264/71/1316 4258/77/1322
f 4266/74/1319 4262/76/1321 4259/78/1323
f 4366/71/1404 4365/72/1405 4362/73/1406
f 4365/72/1405 4368/74/1407 4363/75/1408
f 4364/76/1409 4366/71/1404 4360/77/1410
f 4368/74/1407 4364/76/1409 4361/78/1411
f 4468/71/1582 4467/72/1493 4464/73/1494
f 4467/72/1493 4470/74/1495 4465/75/1496
f 4466/76/1497 4468/71/1582 4462/77/1498
f 4470/74/1495 4466/76/1497 4463/78/1555
f 4570/71/1229 4569/72/1230 4566/73/1231
f 4569/72/1230 4572/74/1232 4567/75/1233
f 4568/76/1234 4570/71/1229 4564/77/1563
f 4572/74/1232 4568/76/1234 4565/78/1236
f 4672/71/1316 4671/72/1317 4668/73/1318
f 4671/72/1317 4674/74/1319 4669/75/1533
f 4670/76/1321 4672/71/1316 4666/77/1322
f 4674/74/1319 4670/76/1321 4667/78/1323
f 4774/71/1404 4773/72/1405 4770/73/1406
f 4773/72/1405 4776/74/1407 4771/75/1601
f 4772/76/1409 4774/71/1404 4768/77/1410
f 4776/74/1407 4772/76/1409 4769/78/1411
f 4876/71/1492 4875/72/1493 4872/73/1494
f 4875/72/1493 4878/74/1495 4873/75/1496
f 4874/76/1606 4876/71/1492 4870/77/1498
f 4878/74/1495 4874/76/1606 4871/78/1499
f 4978/71/1229 4977/72/1230 4974/73/1231
f 4977/72/1230 4980/74/1232 4975/75/1233
f 4976/76/1234 4978/71/1229 4972/77/1235
f 4980/74/1232 4976/76/1234 4973/78/1236
f 5080/71/1316 5079/72/1317 5076/73/1318
f 5079/72/1317 5082/74/1319 5077/75/1533
f 5078/76/1321 5080/71/1316 5074/77/1322
f 5082/74/1319 5078/76/1321 5075/78/1323
f 5182/71/1404 5181/72/1405 5178/73/1406
f 5181/72/1405 5184/74/1407 5179/75/1408
f 5180/76/1409 5182/71/1404 5176/77/1613
f 5184/74/1407 5180/76/1409 5177/78/1614
f 5284/71/1492 5283/72/1493 5280/73/1494
f 5283/72/1493 5286/74/1495 5281/75/1617
f 5282/76/1606 5284/71/1492 5278/77/1498
f 5286/74/1495 5282/76/1606 5279/78/1499
f 5386/71/1229 5385/72/1230 5382/73/1231
f 5385/72/1230 5388/74/1232 5383/75/1233
f 5384/76/1234 5386/71/1229 5380/77/1235
f 5388/74/1232 5384/76/1234 5381/78/1236
f 5488/71/1316 5487/72/1317 5484/73/1318
f 5487/72/1317 5490/74/1319 5485/75/1533
f 5486/76/1321 5488/71/1316 5482/77/1322
f 5490/74/1319 5486/76/1321 5483/78/1323
f 5590/71/1404 5589/72/1405 5586/73/1625
f 5589/72/1405 5592/74/1407 5587/75/1408
f 5588/76/1409 5590/71/1404 5584/77/1613
f 5592/74/1407 5588/76/1409 5585/78/1542
f 5692/71/1582 5691/72/1493 5688/73/1494
f 5691/72/1493 5694/74/1495 5689/75/1496
f 5690/76/1497 5692/71/1582 5686/77/1498
f 5694/74/1495 5690/76/1497 5687/78/1555
f 5794/71/1696 5793/72/1697 5790/73/1698
f 5793/72/1697 5796/74/1699 5791/75/1700
f 5792/76/1701 5794/71/1696 5788/77/1702
f 5796/74/1699 5792/76/1701 5789/78/1703
f 5896/71/1783 5895/72/1784 5892/73/1785
f 5895/72/1784 5898/74/1786 5893/75/1787
f 5894/76/1788 5896/71/1783 5890/77/1789
f 5898/74/1786 5894/76/1788 5891/78/1790
f 5998/71/1871 5997/72/1872 5994/73/1873
f 5997/72/1872 6000/74/1874 5995/75/1875
f 5996/76/1876 5998/71/1871 5992/77/1877
f 6000/74/1874 5996/76/1876 5993/78/1878
f 6100/71/1959 6099/72/1960 6096/73/1961
f 6099/72/1960 6102/74/1962 6097/75/1963
f 6098/76/1964 6100/71/1959 6094/77/1965
f 6102/74/1962 6098/76/1964 6095/78/1966
f 6202/71/1696 6201/72/1697 6198/73/1698
f 6201/72/1697 6204/74/1699 6199/75/1700
f 6200/76/1701 6202/71/1696 6196/77/1702
f 6204/74/1699 6200/76/1701 6197/78/1703
f 6304/71/1783 6303/72/1784 6300/73/1785
f 6303/72/1784 6306/74/1786 6301/75/1787
f 6302/76/1788 6304/71/1783 6298/77/1789
f 6306/74/1786 6302/76/1788 6299/78/1790
f 6406/71/1871 6405/72/1872 6402/73/1873
f 6405/72/1872 6408/74/1874 6403/75/1875
f 6404/76/1876 6406/71/1871 6400/77/1877
f 6408/74/1874 6404/76/1876 6401/78/1878
f 6508/71/1959 6507/72/1960 6504/73/1961
f 6507/72/1960 6510/74/1962 6505/75/1963
f 6506/76/1964 6508/71/1959 6502/77/1965
f 6510/74/1962 6506/76/1964 6503/78/1966
f 6610/71/2083 6609/72/2084 6606/73/2085
f 6609/72/2084 6612/74/2086 6607/75/2087
f 6608/76/2088 6610/71/2083 6604/77/2089
f 6612/74/2086 6608/76/2088 6605/78/2090
f 6712/71/2171 6711/72/2172 6708/73/2173
f 6711/72/2172 6714/74/2174 6709/75/2175
f 6710/76/2176 6712/71/2171 6706/77/2177
f 6714/74/2174 6710/76/2176 6707/78/2178
f 6814/71/2259 6813/72/2260 6810/73/2261
f 6813/72/2260 6816/74/2262 6811/75/2263
f 6812/76/2264 6814/71/2259 6808/77/2265
f 6816/74/2262 6812/76/2264 6809/78/2266
f 6916/71/2347 6915/72/2348 6912/73/2349
f 6915/72/2348 6918/74/2350 6913/75/2351
f 6914/76/2352 6916/71/2347 6910/77/2353
f 6918/74/2350 6914/76/2352 6911/78/2354
f 7018/71/68 7017/72/69 7014/73/2378
f 7017/72/69 7020/74/2379 7015/75/72
f 7016/76/73 7018/71/68 7012/77/74
f 7020/74/2379 7016/76/73 7013/78/75
f 7120/71/156 7119/72/157 7116/73/158
f 7119/72/157 7122/74/159 7117/75/160
f 7118/76/161 7120/71/156 7114/77/162
f 7122/74/159 7118/76/161 7115/78/163
f 7222/71/244 7221/72/245 7218/73/246
f 7221/72/245 7224/74/247 7219/75/248
f 7220/76/249 7222/71/244 7216/77/250
f 7224/74/247 7220/76/249 7217/78/251
f 7324/71/332 7323/72/333 7320/73/334
f 7323/72/333 7326/74/335 7321/75/336
f 7322/76/337 7324/71/332 7318/77/338
f 7326/74/335 7322/76/337 7319/78/339
f 7426/71/2478 7425/72/2479 7422/73/2480
f 7425/72/2479 7428/74/2481 7423/75/2482
f 7424/76/2483 7426/71/2478 7420/77/2484
f 7428/74/2481 7424/76/2483 7421/78/2485
f 7528/71/2566 7527/72/2567 7524/73/2568
f 7527/72/2567 7530/74/2569 7525/75/2570
f 7526/76/2571 7528/71/2566 7522/77/2572
f 7530/74/2569 7526/76/2571 7523/78/2573
f 7630/71/2654 7629/72/2655 7626/73/2656
f 7629/72/2655 7632/74/2657 7627/75/2658
f 7628/76/2659 7630/71/2654 7624/77/2660
f 7632/74/2657 7628/76/2659 7625/78/2661
f 7732/71/2742 7731/72/2743 7728/73/2744
f 7731/72/2743 7734/74/2745 7729/75/2746
f 7730/76/2747 7732/71/2742 7726/77/2748
f 7734/74/2745 7730/76/2747 7727/78/2749
f 82/71/68 83/100/20 81/72/69
f 81/72/69 83/100/20 84/74/71
f 80/76/73 83/100/20 82/71/68
f 84/74/71 83/100/20 80/76/73
f 184/71/156 185/100/20 183/72/157
f 183/72/157 185/100/20 186/74/159
f 182/76/161 185/100/20 184/71/156
f 186/74/159 185/100/20 182/76/161
f 286/71/244 287/100/20 285/72/245
f 285/72/245 287/100/20 288/74/247
f 284/76/249 287/100/20 286/71/244
f 288/74/247 287/100/20 284/76/249
f 388/71/332 389/100/20 387/72/333
f 387/72/333 389/100/20 390/74/335
f 386/76/337 389/100/20 388/71/332
f 390/74/335 389/100/20 386/76/337
f 490/71/421 491/100/373 489/72/422
f 489/72/422 491/100/373 492/74/424
f 488/76/426 491/100/373 490/71/421
f 492/74/424 491/100/373 488/76/426
f 592/71/508 593/100/373 591/72/509
f 591/72/509 593/100/373 594/74/511
f 590/76/513 593/100/373 592/71/508
f 594/74/511 593/100/373 590/76/513
f 694/71/596 695/100/373 693/72/597
f 693/72/597 695/100/373 696/74/599
f 692/76/601 695/100/373 694/71/596
f 696/74/599 695/100/373 692/76/601
f 796/71/684 797/100/373 795/72/685
f 795/72/685 797/100/373 798/74/687
f 794/76/689 797/100/373 796/71/684
f 798/74/687 797/100/373 794/76/689
f 898/71/421 899/100/373 897/72/422
f 897/72/422 899/100/373 900/74/424
f 896/76/426 899/100/373 898/71/421
f 900/74/424 899/100/373 896/76/426
f 1000/71/508 1001/100/373 999/72/509
f 999/72/509 1001/100/373 1002/74/511
f 998/76/513 1001/100/373 1000/71/508
f 1002/74/511 1001/100/373 998/76/513
f 1102/71/596 1103/100/373 1101/72/597
f 1101/72/597 1103/100/373 1104/74/599
f 1100/76/601 1103/100/373 1102/71/596
f 1104/74/599 1103/100/373 1100/76/601
f 1204/71/684 1205/100/373 1203/72/685
f 1203/72/685 1205/100/373 1206/74/687
f 1202/76/689 1205/100/373 1204/71/684
f 1206/74/687 1205/100/373 1202/76/689
f 1306/71/796 1307/100/748 1305/72/797
f 1305/72/797 1307/100/748 1308/74/799
f 1304/76/801 1307/100/748 1306/71/796
f 1308/74/799 1307/100/748 1304/76/801
f 1408/71/884 1409/100/748 1407/72/885
f 1407/72/885 1409/100/748 1410/74/887
f 1406/76/889 1409/100/748 1408/71/884
f 1410/74/887 1409/100/748 1406/76/889
f 1510/71/972 1511/100/748 1509/72/973
f 1509/72/973 1511/100/748 1512/74/975
f 1508/76/977 1511/100/748 1510/71/972
f 1512/74/975 1511/100/748 1508/76/977
f 1612/71/1060 1613/100/748 1611/72/1061
f 1611/72/1061 1613/100/748 1614/74/1063
f 1610/76/1065 1613/100/748 1612/71/1060
f 1614/74/1063 1613/100/748 1610/76/1065
f 1714/71/796 1715/100/748 1713/72/797
f 1713/72/797 1715/100/748 1716/74/799
f 1712/76/801 1715/100/748 1714/71/796
f 1716/74/799 1715/100/748 1712/76/801
f 1816/71/884 1817/100/748 1815/72/1104
f 1815/72/1104 1817/100/748 1818/74/887
f 1814/76/889 1817/100/748 1816/71/884
f 1818/74/887 1817/100/748 1814/76/889
f 1918/71/1114 1919/100/748 1917/72/973
f 1917/72/973 1919/100/748 1920/74/975
f 1916/76/977 1919/100/748 1918/71/1114
f 1920/74/975 1919/100/748 1916/76/977
f 2020/71/1060 2021/100/748 2019/72/1061
f 2019/72/1061 2021/100/748 2022/74/1063
f 2018/76/1065 2021/100/748 2020/71/1060
f 2022/74/1063 2021/100/748 2018/76/1065
f 2122/71/421 2123/100/373 2121/72/422
f 2121/72/422 2123/100/373 2124/74/424
f 2120/76/426 2123/100/373 2122/71/421
f 2124/74/424 2123/100/373 2120/76/426
f 2224/71/508 2225/100/373 2223/72/509
f 2223/72/509 2225/100/373 2226/74/511
f 2222/76/513 2225/100/373 2224/71/508
f 2226/74/511 2225/100/373 2222/76/513
f 2326/71/596 2327/100/373 2325/72/597
f 2325/72/597 2327/100/373 2328/74/599
f 2324/76/601 2327/100/373 2326/71/596
f 2328/74/599 2327/100/373 2324/76/601
f 2428/71/684 2429/100/373 2427/72/685
f 2427/72/685 2429/100/373 2430/74/687
f 2426/76/689 2429/100/373 2428/71/684
f 2430/74/687 2429/100/373 2426/76/689
f 2530/71/421 2531/100/373 2529/72/422
f 2529/72/422 2531/100/373 2532/74/424
f 2528/76/426 2531/100/373 2530/71/421
f 2532/74/424 2531/100/373 2528/76/426
f 2632/71/508 2633/100/373 2631/72/509
f 2631/72/509 2633/100/373 2634/74/511
f 2630/76/513 2633/100/373 2632/71/508
f 2634/74/511 2633/100/373 2630/76/513
f 2734/71/596 2735/100/373 2733/72/597
f 2733/72/597 2735/100/373 2736/74/599
f 2732/76/601 2735/100/373 2734/71/596
f 2736/74/599 2735/100/373 2732/76/601
f 2836/71/684 2837/100/373 2835/72/685
f 2835/72/685 2837/100/373 2838/74/687
f 2834/76/689 2837/100/373 2836/71/684
f 2838/74/687 2837/100/373 2834/76/689
f 2938/71/421 2939/100/373 2937/72/422
f 2937/72/422 2939/100/373 2940/74/424
f 2936/76/426 2939/100/373 2938/71/421
f 2940/74/424 2939/100/373 2936/76/426
f 3040/71/508 3041/100/373 3039/72/509
f 3039/72/509 3041/100/373 3042/74/511
f 3038/76/513 3041/100/373 3040/71/508
f 3042/74/511 3041/100/373 3038/76/513
f 3142/71/596 3143/100/373 3141/72/597
f 3141/72/597 3143/100/373 3144/74/599
f 3140/76/601 3143/100/373 3142/71/596
f 3144/74/599 3143/100/373 3140/76/601
f 3244/71/684 3245/100/373 3243/72/685
f 3243/72/685 3245/100/373 3246/74/687
f 3242/76/689 3245/100/373 3244/71/684
f 3246/74/687 3245/100/373 3242/76/689
f 3346/71/1229 3347/100/1181 3345/72/1230
f 3345/72/1230 3347/100/1181 3348/74/1232
f 3344/76/1234 3347/100/1181 3346/71/1229
f 3348/74/1232 3347/100/1181 3344/76/1234
f 3448/71/1316 3449/100/1181 3447/72/1317
f 3447/72/1317 3449/100/1181 3450/74/1319
f 3446/76/1321 3449/100/1181 3448/71/1316
f 3450/74/1319 3449/100/1181 3446/76/1321
f 3550/71/1404 3551/100/1181 3549/72/1405
f 3549/72/1405 3551/100/1181 3552/74/1407
f 3548/76/1409 3551/100/1181 3550/71/1404
f 3552/74/1407 3551/100/1181 3548/76/1409
f 3652/71/1492 3653/100/1181 3651/72/1493
f 3651/72/1493 3653/100/1181 3654/74/1495
f 3650/76/1497 3653/100/1181 3652/71/1492
f 3654/74/1495 3653/100/1181 3650/76/1497
f 3754/71/1229 3755/100/1181 3753/72/1230
f 3753/72/1230 3755/100/1181 3756/74/1232
f 3752/76/1234 3755/100/1181 3754/71/1229
f 3756/74/1232 3755/100/1181 3752/76/1234
f 3856/71/1316 3857/100/1181 3855/72/1317
f 3855/72/1317 3857/100/1181 3858/74/1319
f 3854/76/1321 3857/100/1181 3856/71/1316
f 3858/74/1319 3857/100/1181 3854/76/1321
f 3958/71/1404 3959/100/1181 3957/72/1405
f 3957/72/1405 3959/100/1181 3960/74/1407
f 3956/76/1409 3959/100/1181 3958/71/1404
f 3960/74/1407 3959/100/1181 3956/76/1409
f 4060/71/1492 4061/100/1181 4059/72/1493
f 4059/72/1493 4061/100/1181 4062/74/1495
f 4058/76/1497 4061/100/1181 4060/71/1492
f 4062/74/1495 4061/100/1181 4058/76/1497
f 4162/71/1229 4163/100/1181 4161/72/1230
f 4161/72/1230 4163/100/1181 4164/74/1232
f 4160/76/1234 4163/100/1181 4162/71/1229
f 4164/74/1232 4163/100/1181 4160/76/1234
f 4264/71/1316 4265/100/1181 4263/72/1317
f 4263/72/1317 4265/100/1181 4266/74/1319
f 4262/76/1321 4265/100/1181 4264/71/1316
f 4266/74/1319 4265/100/1181 4262/76/1321
f 4366/71/1404 4367/100/1181 4365/72/1405
f 4365/72/1405 4367/100/1181 4368/74/1407
f 4364/76/1409 4367/100/1181 4366/71/1404
f 4368/74/1407 4367/100/1181 4364/76/1409
f 4468/71/1582 4469/100/1181 4467/72/1493
f 4467/72/1493 4469/100/1181 4470/74/1495
f 4466/76/1497 4469/100/1181 4468/71/1582
f 4470/74/1495 4469/100/1181 4466/76/1497
f 4570/71/1229 4571/100/1181 4569/72/1230
f 4569/72/1230 4571/100/1181 4572/74/1232
f 4568/76/1234 4571/100/1181 4570/71/1229
f 4572/74/1232 4571/100/1181 4568/76/1234
f 4672/71/1316 4673/100/1181 4671/72/1317
f 4671/72/1317 4673/100/1181 4674/74/1319
f 4670/76/1321 4673/100/1181 4672/71/1316
f 4674/74/1319 4673/100/1181 4670/76/1321
f 4774/71/1404 4775/100/1181 4773/72/1405
f 4773/72/1405 4775/100/1181 4776/74/1407
f 4772/76/1409 4775/100/1181 4774/71/1404
f 4776/74/1407 4775/100/1181 4772/76/1409
f 4876/71/1492 4877/100/1181 4875/72/1493
f 4875/72/1493 4877/100/1181 4878/74/1495
f 4874/76/1606 4877/100/1181 4876/71/1492
f 4878/74/1495 4877/100/1181 4874/76/1606
f 4978/71/1229 4979/100/1181 4977/72/1230
f 4977/72/1230 4979/100/1181 4980/74/1232
f 4976/76/1234 4979/100/1181 4978/71/1229
f 4980/74/1232 4979/100/1181 4976/76/1234
f 5080/71/1316 5081/100/1181 5079/72/1317
f 5079/72/1317 5081/100/1181 5082/74/1319
f 5078/76/1321 5081/100/1181 5080/71/1316
f 5082/74/1319 5081/100/1181 5078/76/1321
f 5182/71/1404 5183/100/1181 5181/72/1405
f 5181/72/1405 5183/100/1181 5184/74/1407
f 5180/76/1409 5183/100/1181 5182/71/1404
f 5184/74/1407 5183/100/1181 5180/76/1409
f 5284/71/1492 5285/100/1181 5283/72/1493
f 5283/72/1493 5285/100/1181 5286/74/1495
f 5282/76/1606 5285/100/1181 5284/71/1492
f 5286/74/1495 5285/100/1181 5282/76/1606
f 5386/71/1229 5387/100/1181 5385/72/1230
f 5385/72/1230 5387/100/1181 5388/74/1232
f 5384/76/1234 5387/100/1181 5386/71/1229
f 5388/74/1232 5387/100/1181 5384/76/1234
f 5488/71/1316 5489/100/1181 5487/72/1317
f 5487/72/1317 5489/100/1181 5490/74/1319
f 5486/76/1321 5489/100/1181 5488/71/1316
f 5490/74/1319 5489/100/1181 5486/76/1321
f 5590/71/1404 5591/100/1181 5589/72/1405
f 5589/72/1405 5591/100/1181 5592/74/1407
f 5588/76/1409 5591/100/1181 5590/71/1404
f 5592/74/1407 5591/100/1181 5588/76/1409
f 5692/71/1582 5693/100/1181 5691/72/1493
f 5691/72/1493 5693/100/1181 5694/74/1495
f 5690/76/1497 5693/100/1181 5692/71/1582
f 5694/74/1495 5693/100/1181 5690/76/1497
f 5794/71/1696 5795/100/1648 5793/72/1697
f 5793/72/1697 5795/100/1648 5796/74/1699
f 5792/76/1701 5795/100/1648 5794/71/1696
f 5796/74/1699 5795/100/1648 5792/76/1701
f 5896/71/1783 5897/100/1648 5895/72/1784
f 5895/72/1784 5897/100/1648 5898/74/1786
f 5894/76/1788 5897/100/1648 5896/71/1783
f 5898/74/1786 5897/100/1648 5894/76/1788
f 5998/71/1871 5999/100/1648 5997/72/1872
f 5997/72/1872 5999/100/1648 6000/74/1874
f 5996/76/1876 5999/100/1648 5998/71/1871
f 6000/74/1874 5999/100/1648 5996/76/1876
f 6100/71/1959 6101/100/1648 6099/72/1960
f 6099/72/1960 6101/100/1648 6102/74/1962
f 6098/76/1964 6101/100/1648 6100/71/1959
f 6102/74/1962 6101/100/1648 6098/76/1964
f 6202/71/1696 6203/100/1648 6201/72/1697
f 6201/72/1697 6203/100/1648 6204/74/1699
f 6200/76/1701 6203/100/1648 6202/71/1696
f 6204/74/1699 6203/100/1648 6200/76/1701
f 6304/71/1783 6305/100/1648 6303/72/1784
f 6303/72/1784 6305/100/1648 6306/74/1786
f 6302/76/1788 6305/100/1648 6304/71/1783
f 6306/74/1786 6305/100/1648 6302/76/1788
f 6406/71/1871 6407/100/1648 6405/72/1872
f 6405/72/1872 6407/100/1648 6408/74/1874
f 6404/76/1876 6407/100/1648 6406/71/1871
f 6408/74/1874 6407/100/1648 6404/76/1876
f 6508/71/1959 6509/100/1648 6507/72/1960
f 6507/72/1960 6509/100/1648 6510/74/1962
f 6506/76/1964 6509/100/1648 6508/71/1959
f 6510/74/1962 6509/100/1648 6506/76/1964
f 6610/71/2083 6611/100/2035 6609/72/2084
f 6609/72/2084 6611/100/2035 6612/74/2086
f 6608/76/2088 6611/100/2035 6610/71/2083
f 6612/74/2086 6611/100/2035 6608/76/2088
f 6712/71/2171 6713/100/2035 6711/72/2172
f 6711/72/2172 6713/100/2035 6714/74/2174
f 6710/76/2176 6713/100/2035 6712/71/2171
f 6714/74/2174 6713/100/2035 6710/76/2176
f 6814/71/2259 6815/100/2035 6813/72/2260
f 6813/72/2260 6815/100/2035 6816/74/2262
f 6812/76/2264 6815/100/2035 6814/71/2259
f 6816/74/2262 6815/100/2035 6812/76/2264
f 6916/71/2347 6917/100/2035 6915/72/2348
f 6915/72/2348 6917/100/2035 6918/74/2350
f 6914/76/2352 6917/100/2035 6916/71/2347
f 6918/74/2350 6917/100/2035 6914/76/2352
f 7018/71/68 7019/100/20 7017/72/69
f 7017/72/69 7019/100/20 7020/74/2379
f 7016/76/73 7019/100/20 7018/71/68
f 7020/74/2379 7019/100/20 7016/76/73
f 7120/71/156 7121/100/20 7119/72/157
f 7119/72/157 7121/100/20 7122/74/159
f 7118/76/161 7121/100/20 7120/71/156
f 7122/74/159 7121/100/20 7118/76/161
f 7222/71/244 7223/100/20 7221/72/245
f 7221/72/245 7223/100/20 7224/74/247
f 7220/76/249 7223/100/20 7222/71/244
f 7224/74/247 7223/100/20 7220/76/249
f 7324/71/332 7325/100/20 7323/72/333
f 7323/72/333 7325/100/20 7326/74/335
f 7322/76/337 7325/100/20 7324/71/332
f 7326/74/335 7325/100/20 7322/76/337
f 7426/71/2478 7427/100/2430 7425/72/2479
f 7425/72/2479 7427/100/2430 7428/74/2481
f 7424/76/2483 7427/100/2430 7426/71/2478
f 7428/74/2481 7427/100/2430 7424/76/2483
f 7528/71/2566 7529/100/2430 7527/72/2567
f 7527/72/2567 7529/100/2430 7530/74/2569
f 7526/76/2571 7529/100/2430 7528/71/2566
f 7530/74/2569 7529/100/2430 7526/76/2571
f 7630/71/2654 7631/100/2430 7629/72/2655
f 7629/72/2655 7631/100/2430 7632/74/2657
f 7628/76/2659 7631/100/2430 7630/71/2654
f 7632/74/2657 7631/100/2430 7628/76/2659
f 7732/71/2742 7733/100/2430 7731/72/2743
f 7731/72/2743 7733/100/2430 7734/74/2745
f 7730/76/2747 7733/100/2430 7732/71/2742
f 7734/74/2745 7733/100/2430 7730/76/2747
usemtl leaves8.001
f 92/79/20 87/80/76 91/81/77
f 92/79/20 88/82/78 90/83/20
f 85/84/79 92/79/20 91/81/77
f 92/79/20 86/85/80 93/86/81
f 194/79/20 189/80/164 193/81/165
f 194/79/20 190/82/166 192/83/20
f 187/84/167 194/79/20 193/81/165
f 194/79/20 188/85/168 195/86/169
f 296/79/20 291/80/252 295/81/253
f 296/79/20 292/82/254 294/83/20
f 289/84/255 296/79/20 295/81/253
f 296/79/20 290/85/256 297/86/257
f 398/79/20 393/80/340 397/81/341
f 398/79/20 394/82/342 396/83/20
f 391/84/343 398/79/20 397/81/341
f 398/79/20 392/85/344 399/86/345
f 500/79/373 495/80/429 499/81/430
f 500/79/373 496/82/431 498/83/373
f 493/84/432 500/79/373 499/81/430
f 500/79/373 494/85/433 501/86/434
f 602/79/373 597/80/516 601/81/517
f 602/79/373 598/82/518 600/83/373
f 595/84/519 602/79/373 601/81/517
f 602/79/373 596/85/520 603/86/521
f 704/79/373 699/80/604 703/81/605
f 704/79/373 700/82/606 702/83/373
f 697/84/607 704/79/373 703/81/605
f 704/79/373 698/85/608 705/86/609
f 806/79/373 801/80/692 805/81/693
f 806/79/373 802/82/694 804/83/373
f 799/84/695 806/79/373 805/81/693
f 806/79/373 800/85/696 807/86/697
f 908/79/373 903/80/429 907/81/430
f 908/79/373 904/82/431 906/83/373
f 901/84/432 908/79/373 907/81/430
f 908/79/373 902/85/433 909/86/434
f 1010/79/373 1005/80/516 1009/81/517
f 1010/79/373 1006/82/518 1008/83/373
f 1003/84/519 1010/79/373 1009/81/517
f 1010/79/373 1004/85/520 1011/86/521
f 1112/79/373 1107/80/721 1111/81/605
f 1112/79/373 1108/82/606 1110/83/373
f 1105/84/607 1112/79/373 1111/81/605
f 1112/79/373 1106/85/608 1113/86/609
f 1214/79/373 1209/80/692 1213/81/693
f 1214/79/373 1210/82/694 1212/83/373
f 1207/84/695 1214/79/373 1213/81/693
f 1214/79/373 1208/85/696 1215/86/697
f 1316/79/748 1311/80/804 1315/81/805
f 1316/79/748 1312/82/806 1314/83/748
f 1309/84/807 1316/79/748 1315/81/805
f 1316/79/748 1310/85/808 1317/86/809
f 1418/79/748 1413/80/892 1417/81/893
f 1418/79/748 1414/82/894 1416/83/748
f 1411/84/895 1418/79/748 1417/81/893
f 1418/79/748 1412/85/896 1419/86/897
f 1520/79/748 1515/80/980 1519/81/981
f 1520/79/748 1516/82/982 1518/83/748
f 1513/84/983 1520/79/748 1519/81/981
f 1520/79/748 1514/85/984 1521/86/985
f 1622/79/748 1617/80/1068 1621/81/1069
f 1622/79/748 1618/82/1070 1620/83/748
f 1615/84/1071 1622/79/748 1621/81/1069
f 1622/79/748 1616/85/1072 1623/86/1073
f 1724/79/748 1719/80/1090 1723/81/805
f 1724/79/748 1720/82/806 1722/83/748
f 1717/84/807 1724/79/748 1723/81/805
f 1724/79/748 1718/85/808 1725/86/1091
f 1826/79/748 1821/80/892 1825/81/893
f 1826/79/748 1822/82/894 1824/83/748
f 1819/84/895 1826/79/748 1825/81/893
f 1826/79/748 1820/85/896 1827/86/897
f 1928/79/748 1923/80/980 1927/81/981
f 1928/79/748 1924/82/982 1926/83/748
f 1921/84/983 1928/79/748 1927/81/981
f 1928/79/748 1922/85/984 1929/86/985
f 2030/79/748 2025/80/1068 2029/81/1069
f 2030/79/748 2026/82/1070 2028/83/748
f 2023/84/1071 2030/79/748 2029/81/1069
f 2030/79/748 2024/85/1072 2031/86/1073
f 2132/79/373 2127/80/429 2131/81/430
f 2132/79/373 2128/82/1126 2130/83/373
f 2125/84/432 2132/79/373 2131/81/430
f 2132/79/373 2126/85/433 2133/86/434
f 2234/79/373 2229/80/516 2233/81/517
f 2234/79/373 2230/82/518 2232/83/373
f 2227/84/519 2234/79/373 2233/81/517
f 2234/79/373 2228/85/520 2235/86/521
f 2336/79/373 2331/80/721 2335/81/605
f 2336/79/373 2332/82/606 2334/83/373
f 2329/84/607 2336/79/373 2335/81/605
f 2336/79/373 2330/85/608 2337/86/609
f 2438/79/373 2433/80/692 2437/81/693
f 2438/79/373 2434/82/694 2436/83/373
f 2431/84/695 2438/79/373 2437/81/693
f 2438/79/373 2432/85/696 2439/86/697
f 2540/79/373 2535/80/429 2539/81/430
f 2540/79/373 2536/82/1126 2538/83/373
f 2533/84/432 2540/79/373 2539/81/430
f 2540/79/373 2534/85/433 2541/86/434
f 2642/79/373 2637/80/516 2641/81/517
f 2642/79/373 2638/82/518 2640/83/373
f 2635/84/519 2642/79/373 2641/81/517
f 2642/79/373 2636/85/520 2643/86/521
f 2744/79/373 2739/80/721 2743/81/605
f 2744/79/373 2740/82/606 2742/83/373
f 2737/84/607 2744/79/373 2743/81/605
f 2744/79/373 2738/85/608 2745/86/609
f 2846/79/373 2841/80/692 2845/81/693
f 2846/79/373 2842/82/694 2844/83/373
f 2839/84/695 2846/79/373 2845/81/693
f 2846/79/373 2840/85/696 2847/86/697
f 2948/79/373 2943/80/429 2947/81/430
f 2948/79/373 2944/82/431 2946/83/373
f 2941/84/432 2948/79/373 2947/81/430
f 2948/79/373 2942/85/433 2949/86/434
f 3050/79/373 3045/80/516 3049/81/517
f 3050/79/373 3046/82/518 3048/83/373
f 3043/84/519 3050/79/373 3049/81/517
f 3050/79/373 3044/85/520 3051/86/521
f 3152/79/373 3147/80/1158 3151/81/605
f 3152/79/373 3148/82/606 3150/83/373
f 3145/84/607 3152/79/373 3151/81/605
f 3152/79/373 3146/85/608 3153/86/609
f 3254/79/373 3249/80/692 3253/81/693
f 3254/79/373 3250/82/694 3252/83/373
f 3247/84/695 3254/79/373 3253/81/693
f 3254/79/373 3248/85/696 3255/86/697
f 3356/79/1181 3351/80/1237 3355/81/1238
f 3356/79/1181 3352/82/1239 3354/83/1181
f 3349/84/1240 3356/79/1181 3355/81/1238
f 3356/79/1181 3350/85/1241 3357/86/1242
f 3458/79/1181 3453/80/1324 3457/81/1325
f 3458/79/1181 3454/82/1326 3456/83/1181
f 3451/84/1327 3458/79/1181 3457/81/1325
f 3458/79/1181 3452/85/1328 3459/86/1329
f 3560/79/1181 3555/80/1412 3559/81/1413
f 3560/79/1181 3556/82/1414 3558/83/1181
f 3553/84/1415 3560/79/1181 3559/81/1413
f 3560/79/1181 3554/85/1416 3561/86/1417
f 3662/79/1181 3657/80/1500 3661/81/1501
f 3662/79/1181 3658/82/1502 3660/83/1181
f 3655/84/1503 3662/79/1181 3661/81/1501
f 3662/79/1181 3656/85/1504 3663/86/1505
f 3764/79/1181 3759/80/1237 3763/81/1238
f 3764/79/1181 3760/82/1239 3762/83/1181
f 3757/84/1240 3764/79/1181 3763/81/1238
f 3764/79/1181 3758/85/1241 3765/86/1519
f 3866/79/1181 3861/80/1324 3865/81/1325
f 3866/79/1181 3862/82/1326 3864/83/1181
f 3859/84/1327 3866/79/1181 3865/81/1325
f 3866/79/1181 3860/85/1328 3867/86/1329
f 3968/79/1181 3963/80/1412 3967/81/1413
f 3968/79/1181 3964/82/1414 3966/83/1181
f 3961/84/1415 3968/79/1181 3967/81/1413
f 3968/79/1181 3962/85/1416 3969/86/1417
f 4070/79/1181 4065/80/1500 4069/81/1501
f 4070/79/1181 4066/82/1502 4068/83/1181
f 4063/84/1556 4070/79/1181 4069/81/1501
f 4070/79/1181 4064/85/1504 4071/86/1505
f 4172/79/1181 4167/80/1237 4171/81/1564
f 4172/79/1181 4168/82/1239 4170/83/1181
f 4165/84/1240 4172/79/1181 4171/81/1564
f 4172/79/1181 4166/85/1565 4173/86/1519
f 4274/79/1181 4269/80/1324 4273/81/1325
f 4274/79/1181 4270/82/1326 4272/83/1181
f 4267/84/1327 4274/79/1181 4273/81/1325
f 4274/79/1181 4268/85/1328 4275/86/1329
f 4376/79/1181 4371/80/1412 4375/81/1413
f 4376/79/1181 4372/82/1414 4374/83/1181
f 4369/84/1415 4376/79/1181 4375/81/1413
f 4376/79/1181 4370/85/1416 4377/86/1417
f 4478/79/1181 4473/80/1500 4477/81/1501
f 4478/79/1181 4474/82/1502 4476/83/1181
f 4471/84/1556 4478/79/1181 4477/81/1501
f 4478/79/1181 4472/85/1504 4479/86/1505
f 4580/79/1181 4575/80/1237 4579/81/1238
f 4580/79/1181 4576/82/1239 4578/83/1181
f 4573/84/1240 4580/79/1181 4579/81/1238
f 4580/79/1181 4574/85/1241 4581/86/1242
f 4682/79/1181 4677/80/1324 4681/81/1325
f 4682/79/1181 4678/82/1326 4680/83/1181
f 4675/84/1327 4682/79/1181 4681/81/1325
f 4682/79/1181 4676/85/1328 4683/86/1329
f 4784/79/1181 4779/80/1412 4783/81/1413
f 4784/79/1181 4780/82/1414 4782/83/1181
f 4777/84/1602 4784/79/1181 4783/81/1413
f 4784/79/1181 4778/85/1416 4785/86/1417
f 4886/79/1181 4881/80/1500 4885/81/1501
f 4886/79/1181 4882/82/1502 4884/83/1181
f 4879/84/1556 4886/79/1181 4885/81/1501
f 4886/79/1181 4880/85/1504 4887/86/1505
f 4988/79/1181 4983/80/1237 4987/81/1564
f 4988/79/1181 4984/82/1239 4986/83/1181
f 4981/84/1240 4988/79/1181 4987/81/1564
f 4988/79/1181 4982/85/1565 4989/86/1242
f 5090/79/1181 5085/80/1324 5089/81/1325
f 5090/79/1181 5086/82/1326 5088/83/1181
f 5083/84/1327 5090/79/1181 5089/81/1325
f 5090/79/1181 5084/85/1328 5091/86/1329
f 5192/79/1181 5187/80/1412 5191/81/1413
f 5192/79/1181 5188/82/1414 5190/83/1181
f 5185/84/1415 5192/79/1181 5191/81/1413
f 5192/79/1181 5186/85/1416 5193/86/1417
f 5294/79/1181 5289/80/1500 5293/81/1501
f 5294/79/1181 5290/82/1502 5292/83/1181
f 5287/84/1503 5294/79/1181 5293/81/1501
f 5294/79/1181 5288/85/1504 5295/86/1505
f 5396/79/1181 5391/80/1237 5395/81/1564
f 5396/79/1181 5392/82/1239 5394/83/1181
f 5389/84/1240 5396/79/1181 5395/81/1564
f 5396/79/1181 5390/85/1241 5397/86/1519
f 5498/79/1181 5493/80/1324 5497/81/1325
f 5498/79/1181 5494/82/1326 5496/83/1181
f 5491/84/1327 5498/79/1181 5497/81/1325
f 5498/79/1181 5492/85/1328 5499/86/1329
f 5600/79/1181 5595/80/1412 5599/81/1413
f 5600/79/1181 5596/82/1414 5598/83/1181
f 5593/84/1415 5600/79/1181 5599/81/1413
f 5600/79/1181 5594/85/1416 5601/86/1417
f 5702/79/1181 5697/80/1500 5701/81/1501
f 5702/79/1181 5698/82/1502 5700/83/1181
f 5695/84/1503 5702/79/1181 5701/81/1501
f 5702/79/1181 5696/85/1504 5703/86/1505
f 5804/79/1648 5799/80/1704 5803/81/1705
f 5804/79/1648 5800/82/1706 5802/83/1648
f 5797/84/1707 5804/79/1648 5803/81/1705
f 5804/79/1648 5798/85/1708 5805/86/1709
f 5906/79/1648 5901/80/1791 5905/81/1792
f 5906/79/1648 5902/82/1793 5904/83/1648
f 5899/84/1794 5906/79/1648 5905/81/1792
f 5906/79/1648 5900/85/1795 5907/86/1796
f 6008/79/1648 6003/80/1879 6007/81/1880
f 6008/79/1648 6004/82/1881 6006/83/1648
f 6001/84/1882 6008/79/1648 6007/81/1880
f 6008/79/1648 6002/85/1883 6009/86/1884
f 6110/79/1648 6105/80/1967 6109/81/1968
f 6110/79/1648 6106/82/1969 6108/83/1648
f 6103/84/1970 6110/79/1648 6109/81/1968
f 6110/79/1648 6104/85/1971 6111/86/1972
f 6212/79/1648 6207/80/1704 6211/81/1705
f 6212/79/1648 6208/82/1706 6210/83/1648
f 6205/84/1707 6212/79/1648 6211/81/1705
f 6212/79/1648 6206/85/1708 6213/86/1709
f 6314/79/1648 6309/80/1791 6313/81/1792
f 6314/79/1648 6310/82/1997 6312/83/1648
f 6307/84/1794 6314/79/1648 6313/81/1792
f 6314/79/1648 6308/85/1795 6315/86/1796
f 6416/79/1648 6411/80/1879 6415/81/2006
f 6416/79/1648 6412/82/1881 6414/83/1648
f 6409/84/2007 6416/79/1648 6415/81/2006
f 6416/79/1648 6410/85/1883 6417/86/1884
f 6518/79/1648 6513/80/1967 6517/81/1968
f 6518/79/1648 6514/82/1969 6516/83/1648
f 6511/84/1970 6518/79/1648 6517/81/1968
f 6518/79/1648 6512/85/1971 6519/86/1972
f 6620/79/2035 6615/80/2091 6619/81/2092
f 6620/79/2035 6616/82/2093 6618/83/2035
f 6613/84/2094 6620/79/2035 6619/81/2092
f 6620/79/2035 6614/85/2095 6621/86/2096
f 6722/79/2035 6717/80/2179 6721/81/2180
f 6722/79/2035 6718/82/2181 6720/83/2035
f 6715/84/2182 6722/79/2035 6721/81/2180
f 6722/79/2035 6716/85/2183 6723/86/2184
f 6824/79/2035 6819/80/2267 6823/81/2268
f 6824/79/2035 6820/82/2269 6822/83/2035
f 6817/84/2270 6824/79/2035 6823/81/2268
f 6824/79/2035 6818/85/2271 6825/86/2272
f 6926/79/2035 6921/80/2355 6925/81/2356
f 6926/79/2035 6922/82/2357 6924/83/2035
f 6919/84/2358 6926/79/2035 6925/81/2356
f 6926/79/2035 6920/85/2359 6927/86/2360
f 7028/79/20 7023/80/76 7027/81/77
f 7028/79/20 7024/82/78 7026/83/20
f 7021/84/79 7028/79/20 7027/81/77
f 7028/79/20 7022/85/80 7029/86/2380
f 7130/79/20 7125/80/164 7129/81/165
f 7130/79/20 7126/82/166 7128/83/20
f 7123/84/167 7130/79/20 7129/81/165
f 7130/79/20 7124/85/168 7131/86/169
f 7232/79/20 7227/80/252 7231/81/2401
f 7232/79/20 7228/82/254 7230/83/20
f 7225/84/255 7232/79/20 7231/81/2401
f 7232/79/20 7226/85/256 7233/86/257
f 7334/79/20 7329/80/340 7333/81/341
f 7334/79/20 7330/82/342 7332/83/20
f 7327/84/343 7334/79/20 7333/81/341
f 7334/79/20 7328/85/344 7335/86/345
f 7436/79/2430 7431/80/2486 7435/81/2487
f 7436/79/2430 7432/82/2488 7434/83/2430
f 7429/84/2489 7436/79/2430 7435/81/2487
f 7436/79/2430 7430/85/2490 7437/86/2491
f 7538/79/2430 7533/80/2574 7537/81/2575
f 7538/79/2430 7534/82/2576 7536/83/2430
f 7531/84/2577 7538/79/2430 7537/81/2575
f 7538/79/2430 7532/85/2578 7539/86/2579
f 7640/79/2430 7635/80/2662 7639/81/2663
f 7640/79/2430 7636/82/2664 7638/83/2430
f 7633/84/2665 7640/79/2430 7639/81/2663
f 7640/79/2430 7634/85/2666 7641/86/2667
f 7742/79/2430 7737/80/2750 7741/81/2751
f 7742/79/2430 7738/82/2752 7740/83/2430
f 7735/84/2753 7742/79/2430 7741/81/2751
f 7742/79/2430 7736/85/2754 7743/86/2755
f 92/79/20 90/83/20 87/80/76
f 92/79/20 93/86/81 88/82/78
f 85/84/79 89/101/20 92/79/20
f 92/79/20 89/101/20 86/85/80
f 194/79/20 192/83/20 189/80/164
f 194/79/20 195/86/169 190/82/166
f 187/84/167 191/101/20 194/79/20
f 194/79/20 191/101/20 188/85/168
f 296/79/20 294/83/20 291/80/252
f 296/79/20 297/86/257 292/82/254
f 289/84/255 293/101/20 296/79/20
f 296/79/20 293/101/20 290/85/256
f 398/79/20 396/83/20 393/80/340
f 398/79/20 399/86/345 394/82/342
f 391/84/343 395/101/20 398/79/20
f 398/79/20 395/101/20 392/85/344
f 500/79/373 498/83/373 495/80/429
f 500/79/373 501/86/434 496/82/431
f 493/84/432 497/101/373 500/79/373
f 500/79/373 497/101/373 494/85/433
f 602/79/373 600/83/373 597/80/516
f 602/79/373 603/86/521 598/82/518
f 595/84/519 599/101/373 602/79/373
f 602/79/373 599/101/373 596/85/520
f 704/79/373 702/83/373 699/80/604
f 704/79/373 705/86/609 700/82/606
f 697/84/607 701/101/373 704/79/373
f 704/79/373 701/101/373 698/85/608
f 806/79/373 804/83/373 801/80/692
f 806/79/373 807/86/697 802/82/694
f 799/84/695 803/101/373 806/79/373
f 806/79/373 803/101/373 800/85/696
f 908/79/373 906/83/373 903/80/429
f 908/79/373 909/86/434 904/82/431
f 901/84/432 905/101/373 908/79/373
f 908/79/373 905/101/373 902/85/433
f 1010/79/373 1008/83/373 1005/80/516
f 1010/79/373 1011/86/521 1006/82/518
f 1003/84/519 1007/101/373 1010/79/373
f 1010/79/373 1007/101/373 1004/85/520
f 1112/79/373 1110/83/373 1107/80/721
f 1112/79/373 1113/86/609 1108/82/606
f 1105/84/607 1109/101/373 1112/79/373
f 1112/79/373 1109/101/373 1106/85/608
f 1214/79/373 1212/83/373 1209/80/692
f 1214/79/373 1215/86/697 1210/82/694
f 1207/84/695 1211/101/373 1214/79/373
f 1214/79/373 1211/101/373 1208/85/696
f 1316/79/748 1314/83/748 1311/80/804
f 1316/79/748 1317/86/809 1312/82/806
f 1309/84/807 1313/101/748 1316/79/748
f 1316/79/748 1313/101/748 1310/85/808
f 1418/79/748 1416/83/748 1413/80/892
f 1418/79/748 1419/86/897 1414/82/894
f 1411/84/895 1415/101/748 1418/79/748
f 1418/79/748 1415/101/748 1412/85/896
f 1520/79/748 1518/83/748 1515/80/980
f 1520/79/748 1521/86/985 1516/82/982
f 1513/84/983 1517/101/748 1520/79/748
f 1520/79/748 1517/101/748 1514/85/984
f 1622/79/748 1620/83/748 1617/80/1068
f 1622/79/748 1623/86/1073 1618/82/1070
f 1615/84/1071 1619/101/748 1622/79/748
f 1622/79/748 1619/101/748 1616/85/1072
f 1724/79/748 1722/83/748 1719/80/1090
f 1724/79/748 1725/86/1091 1720/82/806
f 1717/84/807 1721/101/748 1724/79/748
f 1724/79/748 1721/101/748 1718/85/808
f 1826/79/748 1824/83/748 1821/80/892
f 1826/79/748 1827/86/897 1822/82/894
f 1819/84/895 1823/101/748 1826/79/748
f 1826/79/748 1823/101/748 1820/85/896
f 1928/79/748 1926/83/748 1923/80/980
f 1928/79/748 1929/86/985 1924/82/982
f 1921/84/983 1925/101/748 1928/79/748
f 1928/79/748 1925/101/748 1922/85/984
f 2030/79/748 2028/83/748 2025/80/1068
f 2030/79/748 2031/86/1073 2026/82/1070
f 2023/84/1071 2027/101/748 2030/79/748
f 2030/79/748 2027/101/748 2024/85/1072
f 2132/79/373 2130/83/373 2127/80/429
f 2132/79/373 2133/86/434 2128/82/1126
f 2125/84/432 2129/101/373 2132/79/373
f 2132/79/373 2129/101/373 2126/85/433
f 2234/79/373 2232/83/373 2229/80/516
f 2234/79/373 2235/86/521 2230/82/518
f 2227/84/519 2231/101/373 2234/79/373
f 2234/79/373 2231/101/373 2228/85/520
f 2336/79/373 2334/83/373 2331/80/721
f 2336/79/373 2337/86/609 2332/82/606
f 2329/84/607 2333/101/373 2336/79/373
f 2336/79/373 2333/101/373 2330/85/608
f 2438/79/373 2436/83/373 2433/80/692
f 2438/79/373 2439/86/697 2434/82/694
f 2431/84/695 2435/101/373 2438/79/373
f 2438/79/373 2435/101/373 2432/85/696
f 2540/79/373 2538/83/373 2535/80/429
f 2540/79/373 2541/86/434 2536/82/1126
f 2533/84/432 2537/101/373 2540/79/373
f 2540/79/373 2537/101/373 2534/85/433
f 2642/79/373 2640/83/373 2637/80/516
f 2642/79/373 2643/86/521 2638/82/518
f 2635/84/519 2639/101/373 2642/79/373
f 2642/79/373 2639/101/373 2636/85/520
f 2744/79/373 2742/83/373 2739/80/721
f 2744/79/373 2745/86/609 2740/82/606
f 2737/84/607 2741/101/373 2744/79/373
f 2744/79/373 2741/101/373 2738/85/608
f 2846/79/373 2844/83/373 2841/80/692
f 2846/79/373 2847/86/697 2842/82/694
f 2839/84/695 2843/101/373 2846/79/373
f 2846/79/373 2843/101/373 2840/85/696
f 2948/79/373 2946/83/373 2943/80/429
f 2948/79/373 2949/86/434 2944/82/431
f 2941/84/432 2945/101/373 2948/79/373
f 2948/79/373 2945/101/373 2942/85/433
f 3050/79/373 3048/83/373 3045/80/516
f 3050/79/373 3051/86/521 3046/82/518
f 3043/84/519 3047/101/373 3050/79/373
f 3050/79/373 3047/101/373 3044/85/520
f 3152/79/373 3150/83/373 3147/80/1158
f 3152/79/373 3153/86/609 3148/82/606
f 3145/84/607 3149/101/373 3152/79/373
f 3152/79/373 3149/101/373 3146/85/608
f 3254/79/373 3252/83/373 3249/80/692
f 3254/79/373 3255/86/697 3250/82/694
f 3247/84/695 3251/101/373 3254/79/373
f 3254/79/373 3251/101/373 3248/85/696
f 3356/79/1181 3354/83/1181 3351/80/1237
f 3356/79/1181 3357/86/1242 3352/82/1239
f 3349/84/1240 3353/101/1181 3356/79/1181
f 3356/79/1181 3353/101/1181 3350/85/1241
f 3458/79/1181 3456/83/1181 3453/80/1324
f 3458/79/1181 3459/86/1329 3454/82/1326
f 3451/84/1327 3455/101/1181 3458/79/1181
f 3458/79/1181 3455/101/1181 3452/85/1328
f 3560/79/1181 3558/83/1181 3555/80/1412
f 3560/79/1181 3561/86/1417 3556/82/1414
f 3553/84/1415 3557/101/1181 3560/79/1181
f 3560/79/1181 3557/101/1181 3554/85/1416
f 3662/79/1181 3660/83/1181 3657/80/1500
f 3662/79/1181 3663/86/1505 3658/82/1502
f 3655/84/1503 3659/101/1181 3662/79/1181
f 3662/79/1181 3659/101/1181 3656/85/1504
f 3764/79/1181 3762/83/1181 3759/80/1237
f 3764/79/1181 3765/86/1519 3760/82/1239
f 3757/84/1240 3761/101/1181 3764/79/1181
f 3764/79/1181 3761/101/1181 3758/85/1241
f 3866/79/1181 3864/83/1181 3861/80/1324
f 3866/79/1181 3867/86/1329 3862/82/1326
f 3859/84/1327 3863/101/1181 3866/79/1181
f 3866/79/1181 3863/101/1181 3860/85/1328
f 3968/79/1181 3966/83/1181 3963/80/1412
f 3968/79/1181 3969/86/1417 3964/82/1414
f 3961/84/1415 3965/101/1181 3968/79/1181
f 3968/79/1181 3965/101/1181 3962/85/1416
f 4070/79/1181 4068/83/1181 4065/80/1500
f 4070/79/1181 4071/86/1505 4066/82/1502
f 4063/84/1556 4067/101/1181 4070/79/1181
f 4070/79/1181 4067/101/1181 4064/85/1504
f 4172/79/1181 4170/83/1181 4167/80/1237
f 4172/79/1181 4173/86/1519 4168/82/1239
f 4165/84/1240 4169/101/1181 4172/79/1181
f 4172/79/1181 4169/101/1181 4166/85/1565
f 4274/79/1181 4272/83/1181 4269/80/1324
f 4274/79/1181 4275/86/1329 4270/82/1326
f 4267/84/1327 4271/101/1181 4274/79/1181
f 4274/79/1181 4271/101/1181 4268/85/1328
f 4376/79/1181 4374/83/1181 4371/80/1412
f 4376/79/1181 4377/86/1417 4372/82/1414
f 4369/84/1415 4373/101/1181 4376/79/1181
f 4376/79/1181 4373/101/1181 4370/85/1416
f 4478/79/1181 4476/83/1181 4473/80/1500
f 4478/79/1181 4479/86/1505 4474/82/1502
f 4471/84/1556 4475/101/1181 4478/79/1181
f 4478/79/1181 4475/101/1181 4472/85/1504
f 4580/79/1181 4578/83/1181 4575/80/1237
f 4580/79/1181 4581/86/1242 4576/82/1239
f 4573/84/1240 4577/101/1181 4580/79/1181
f 4580/79/1181 4577/101/1181 4574/85/1241
f 4682/79/1181 4680/83/1181 4677/80/1324
f 4682/79/1181 4683/86/1329 4678/82/1326
f 4675/84/1327 4679/101/1181 4682/79/1181
f 4682/79/1181 4679/101/1181 4676/85/1328
f 4784/79/1181 4782/83/1181 4779/80/1412
f 4784/79/1181 4785/86/1417 4780/82/1414
f 4777/84/1602 4781/101/1181 4784/79/1181
f 4784/79/1181 4781/101/1181 4778/85/1416
f 4886/79/1181 4884/83/1181 4881/80/1500
f 4886/79/1181 4887/86/1505 4882/82/1502
f 4879/84/1556 4883/101/1181 4886/79/1181
f 4886/79/1181 4883/101/1181 4880/85/1504
f 4988/79/1181 4986/83/1181 4983/80/1237
f 4988/79/1181 4989/86/1242 4984/82/1239
f 4981/84/1240 4985/101/1181 4988/79/1181
f 4988/79/1181 4985/101/1181 4982/85/1565
f 5090/79/1181 5088/83/1181 5085/80/1324
f 5090/79/1181 5091/86/1329 5086/82/1326
f 5083/84/1327 5087/101/1181 5090/79/1181
f 5090/79/1181 5087/101/1181 5084/85/1328
f 5192/79/1181 5190/83/1181 5187/80/1412
f 5192/79/1181 5193/86/1417 5188/82/1414
f 5185/84/1415 5189/101/1181 5192/79/1181
f 5192/79/1181 5189/101/1181 5186/85/1416
f 5294/79/1181 5292/83/1181 5289/80/1500
f 5294/79/1181 5295/86/1505 5290/82/1502
f 5287/84/1503 5291/101/1181 5294/79/1181
f 5294/79/1181 5291/101/1181 5288/85/1504
f 5396/79/1181 5394/83/1181 5391/80/1237
f 5396/79/1181 5397/86/1519 5392/82/1239
f 5389/84/1240 5393/101/1181 5396/79/1181
f 5396/79/1181 5393/101/1181 5390/85/1241
f 5498/79/1181 5496/83/1181 5493/80/1324
f 5498/79/1181 5499/86/1329 5494/82/1326
f 5491/84/1327 5495/101/1181 5498/79/1181
f 5498/79/1181 5495/101/1181 5492/85/1328
f 5600/79/1181 5598/83/1181 5595/80/1412
f 5600/79/1181 5601/86/1417 5596/82/1414
f 5593/84/1415 5597/101/1181 5600/79/1181
f 5600/79/1181 5597/101/1181 5594/85/1416
f 5702/79/1181 5700/83/1181 5697/80/1500
f 5702/79/1181 5703/86/1505 5698/82/1502
f 5695/84/1503 5699/101/1181 5702/79/1181
f 5702/79/1181 5699/101/1181 5696/85/1504
f 5804/79/1648 5802/83/1648 5799/80/1704
f 5804/79/1648 5805/86/1709 5800/82/1706
f 5797/84/1707 5801/101/1648 5804/79/1648
f 5804/79/1648 5801/101/1648 5798/85/1708
f 5906/79/1648 5904/83/1648 5901/80/1791
f 5906/79/1648 5907/86/1796 5902/82/1793
f 5899/84/1794 5903/101/1648 5906/79/1648
f 5906/79/1648 5903/101/1648 5900/85/1795
f 6008/79/1648 6006/83/1648 6003/80/1879
f 6008/79/1648 6009/86/1884 6004/82/1881
f 6001/84/1882 6005/101/1648 6008/79/1648
f 6008/79/1648 6005/101/1648 6002/85/1883
f 6110/79/1648 6108/83/1648 6105/80/1967
f 6110/79/1648 6111/86/1972 6106/82/1969
f 6103/84/1970 6107/101/1648 6110/79/1648
f 6110/79/1648 6107/101/1648 6104/85/1971
f 6212/79/1648 6210/83/1648 6207/80/1704
f 6212/79/1648 6213/86/1709 6208/82/1706
f 6205/84/1707 6209/101/1648 6212/79/1648
f 6212/79/1648 6209/101/1648 6206/85/1708
f 6314/79/1648 6312/83/1648 6309/80/1791
f 6314/79/1648 6315/86/1796 6310/82/1997
f 6307/84/1794 6311/101/1648 6314/79/1648
f 6314/79/1648 6311/101/1648 6308/85/1795
f 6416/79/1648 6414/83/1648 6411/80/1879
f 6416/79/1648 6417/86/1884 6412/82/1881
f 6409/84/2007 6413/101/1648 6416/79/1648
f 6416/79/1648 6413/101/1648 6410/85/1883
f 6518/79/1648 6516/83/1648 6513/80/1967
f 6518/79/1648 6519/86/1972 6514/82/1969
f 6511/84/1970 6515/101/1648 6518/79/1648
f 6518/79/1648 6515/101/1648 6512/85/1971
f 6620/79/2035 6618/83/2035 6615/80/2091
f 6620/79/2035 6621/86/2096 6616/82/2093
f 6613/84/2094 6617/101/2035 6620/79/2035
f 6620/79/2035 6617/101/2035 6614/85/2095
f 6722/79/2035 6720/83/2035 6717/80/2179
f 6722/79/2035 6723/86/2184 6718/82/2181
f 6715/84/2182 6719/101/2035 6722/79/2035
f 6722/79/2035 6719/101/2035 6716/85/2183
f 6824/79/2035 6822/83/2035 6819/80/2267
f 6824/79/2035 6825/86/2272 6820/82/2269
f 6817/84/2270 6821/101/2035 6824/79/2035
f 6824/79/2035 6821/101/2035 6818/85/2271
f 6926/79/2035 6924/83/2035 6921/80/2355
f 6926/79/2035 6927/86/2360 6922/82/2357
f 6919/84/2358 6923/101/2035 6926/79/2035
f 6926/79/2035 6923/101/2035 6920/85/2359
f 7028/79/20 7026/83/20 7023/80/76
f 7028/79/20 7029/86/2380 7024/82/78
f 7021/84/79 7025/101/20 7028/79/20
f 7028/79/20 7025/101/20 7022/85/80
f 7130/79/20 7128/83/20 7125/80/164
f 7130/79/20 7131/86/169 7126/82/166
f 7123/84/167 7127/101/20 7130/79/20
f 7130/79/20 7127/101/20 7124/85/168
f 7232/79/20 7230/83/20 7227/80/252
f 7232/79/20 7233/86/257 7228/82/254
f 7225/84/255 7229/101/20 7232/79/20
f 7232/79/20 7229/101/20 7226/85/256
f 7334/79/20 7332/83/20 7329/80/340
f 7334/79/20 7335/86/345 7330/82/342
f 7327/84/343 7331/101/20 7334/79/20
f 7334/79/20 7331/101/20 7328/85/344
f 7436/79/2430 7434/83/2430 7431/80/2486
f 7436/79/2430 7437/86/2491 7432/82/2488
f 7429/84/2489 7433/101/2430 7436/79/2430
f 7436/79/2430 7433/101/2430 7430/85/2490
f 7538/79/2430 7536/83/2430 7533/80/2574
f 7538/79/2430 7539/86/2579 7534/82/2576
f 7531/84/2577 7535/101/2430 7538/79/2430
f 7538/79/2430 7535/101/2430 7532/85/2578
f 7640/79/2430 7638/83/2430 7635/80/2662
f 7640/79/2430 7641/86/2667 7636/82/2664
f 7633/84/2665 7637/101/2430 7640/79/2430
f 7640/79/2430 7637/101/2430 7634/85/2666
f 7742/79/2430 7740/83/2430 7737/80/2750
f 7742/79/2430 7743/86/2755 7738/82/2752
f 7735/84/2753 7739/101/2430 7742/79/2430
f 7742/79/2430 7739/101/2430 7736/85/2754
usemtl leaves10.001
f 101/87/82 96/88/83 100/89/84
f 101/87/82 97/90/85 99/91/86
f 94/92/87 101/87/82 100/89/84
f 101/87/82 95/93/88 102/94/89
f 203/87/170 198/88/171 202/89/172
f 203/87/170 199/90/173 201/91/174
f 196/92/175 203/87/170 202/89/172
f 203/87/170 197/93/176 204/94/177
f 305/87/258 300/88/259 304/89/260
f 305/87/258 301/90/261 303/91/262
f 298/92/263 305/87/258 304/89/260
f 305/87/258 299/93/264 306/94/265
f 407/87/346 402/88/347 406/89/348
f 407/87/346 403/90/349 405/91/350
f 400/92/351 407/87/346 406/89/348
f 407/87/346 401/93/352 408/94/353
f 509/87/435 504/88/436 508/89/437
f 509/87/435 505/90/438 507/91/439
f 502/92/440 509/87/435 508/89/437
f 509/87/435 503/93/441 510/94/442
f 611/87/522 606/88/523 610/89/524
f 611/87/522 607/90/525 609/91/526
f 604/92/527 611/87/522 610/89/524
f 611/87/522 605/93/528 612/94/529
f 713/87/610 708/88/611 712/89/612
f 713/87/610 709/90/613 711/91/614
f 706/92/615 713/87/610 712/89/612
f 713/87/610 707/93/616 714/94/617
f 815/87/698 810/88/699 814/89/700
f 815/87/698 811/90/701 813/91/702
f 808/92/703 815/87/698 814/89/700
f 815/87/698 809/93/704 816/94/705
f 917/87/435 912/88/436 916/89/710
f 917/87/435 913/90/438 915/91/439
f 910/92/711 917/87/435 916/89/710
f 917/87/435 911/93/441 918/94/442
f 1019/87/522 1014/88/523 1018/89/524
f 1019/87/522 1015/90/525 1017/91/526
f 1012/92/527 1019/87/522 1018/89/524
f 1019/87/522 1013/93/528 1020/94/716
f 1121/87/610 1116/88/611 1120/89/612
f 1121/87/610 1117/90/613 1119/91/614
f 1114/92/615 1121/87/610 1120/89/612
f 1121/87/610 1115/93/616 1122/94/617
f 1223/87/698 1218/88/699 1222/89/700
f 1223/87/698 1219/90/701 1221/91/702
f 1216/92/703 1223/87/698 1222/89/700
f 1223/87/698 1217/93/704 1224/94/705
f 1325/87/810 1320/88/811 1324/89/812
f 1325/87/810 1321/90/813 1323/91/814
f 1318/92/815 1325/87/810 1324/89/812
f 1325/87/810 1319/93/816 1326/94/817
f 1427/87/898 1422/88/899 1426/89/900
f 1427/87/898 1423/90/901 1425/91/902
f 1420/92/903 1427/87/898 1426/89/900
f 1427/87/898 1421/93/904 1428/94/905
f 1529/87/986 1524/88/987 1528/89/988
f 1529/87/986 1525/90/989 1527/91/990
f 1522/92/991 1529/87/986 1528/89/988
f 1529/87/986 1523/93/992 1530/94/993
f 1631/87/1074 1626/88/1075 1630/89/1076
f 1631/87/1074 1627/90/1077 1629/91/1078
f 1624/92/1079 1631/87/1074 1630/89/1076
f 1631/87/1074 1625/93/1080 1632/94/1081
f 1733/87/810 1728/88/811 1732/89/812
f 1733/87/810 1729/90/1092 1731/91/814
f 1726/92/815 1733/87/810 1732/89/812
f 1733/87/810 1727/93/816 1734/94/1093
f 1835/87/898 1830/88/899 1834/89/900
f 1835/87/898 1831/90/1106 1833/91/902
f 1828/92/903 1835/87/898 1834/89/900
f 1835/87/898 1829/93/904 1836/94/905
f 1937/87/986 1932/88/987 1936/89/988
f 1937/87/986 1933/90/989 1935/91/990
f 1930/92/991 1937/87/986 1936/89/988
f 1937/87/986 1931/93/992 1938/94/1116
f 2039/87/1074 2034/88/1075 2038/89/1076
f 2039/87/1074 2035/90/1077 2037/91/1078
f 2032/92/1079 2039/87/1074 2038/89/1076
f 2039/87/1074 2033/93/1080 2040/94/1081
f 2141/87/435 2136/88/436 2140/89/437
f 2141/87/435 2137/90/438 2139/91/439
f 2134/92/711 2141/87/435 2140/89/437
f 2141/87/435 2135/93/441 2142/94/442
f 2243/87/522 2238/88/523 2242/89/524
f 2243/87/522 2239/90/525 2241/91/526
f 2236/92/527 2243/87/522 2242/89/524
f 2243/87/522 2237/93/528 2244/94/716
f 2345/87/610 2340/88/611 2344/89/612
f 2345/87/610 2341/90/613 2343/91/614
f 2338/92/615 2345/87/610 2344/89/612
f 2345/87/610 2339/93/616 2346/94/617
f 2447/87/698 2442/88/699 2446/89/700
f 2447/87/698 2443/90/701 2445/91/702
f 2440/92/703 2447/87/698 2446/89/700
f 2447/87/698 2441/93/704 2448/94/705
f 2549/87/435 2544/88/436 2548/89/437
f 2549/87/435 2545/90/438 2547/91/439
f 2542/92/440 2549/87/435 2548/89/437
f 2549/87/435 2543/93/441 2550/94/442
f 2651/87/522 2646/88/523 2650/89/524
f 2651/87/522 2647/90/525 2649/91/526
f 2644/92/527 2651/87/522 2650/89/524
f 2651/87/522 2645/93/528 2652/94/716
f 2753/87/610 2748/88/611 2752/89/612
f 2753/87/610 2749/90/613 2751/91/614
f 2746/92/615 2753/87/610 2752/89/612
f 2753/87/610 2747/93/616 2754/94/617
f 2855/87/698 2850/88/699 2854/89/700
f 2855/87/698 2851/90/701 2853/91/702
f 2848/92/703 2855/87/698 2854/89/700
f 2855/87/698 2849/93/704 2856/94/705
f 2957/87/435 2952/88/436 2956/89/437
f 2957/87/435 2953/90/438 2955/91/439
f 2950/92/711 2957/87/435 2956/89/437
f 2957/87/435 2951/93/441 2958/94/442
f 3059/87/522 3054/88/523 3058/89/524
f 3059/87/522 3055/90/525 3057/91/526
f 3052/92/527 3059/87/522 3058/89/524
f 3059/87/522 3053/93/528 3060/94/716
f 3161/87/610 3156/88/611 3160/89/612
f 3161/87/610 3157/90/613 3159/91/614
f 3154/92/615 3161/87/610 3160/89/612
f 3161/87/610 3155/93/616 3162/94/617
f 3263/87/698 3258/88/699 3262/89/700
f 3263/87/698 3259/90/701 3261/91/1161
f 3256/92/703 3263/87/698 3262/89/700
f 3263/87/698 3257/93/704 3264/94/705
f 3365/87/1243 3360/88/1244 3364/89/1245
f 3365/87/1243 3361/90/1246 3363/91/1247
f 3358/92/1248 3365/87/1243 3364/89/1245
f 3365/87/1243 3359/93/1249 3366/94/1250
f 3467/87/1330 3462/88/1331 3466/89/1332
f 3467/87/1330 3463/90/1333 3465/91/1334
f 3460/92/1335 3467/87/1330 3466/89/1332
f 3467/87/1330 3461/93/1336 3468/94/1337
f 3569/87/1418 3564/88/1419 3568/89/1420
f 3569/87/1418 3565/90/1421 3567/91/1422
f 3562/92/1423 3569/87/1418 3568/89/1420
f 3569/87/1418 3563/93/1424 3570/94/1425
f 3671/87/1506 3666/88/1507 3670/89/1508
f 3671/87/1506 3667/90/1509 3669/91/1510
f 3664/92/1511 3671/87/1506 3670/89/1508
f 3671/87/1506 3665/93/1512 3672/94/1513
f 3773/87/1243 3768/88/1244 3772/89/1245
f 3773/87/1243 3769/90/1246 3771/91/1247
f 3766/92/1248 3773/87/1243 3772/89/1245
f 3773/87/1243 3767/93/1249 3774/94/1250
f 3875/87/1330 3870/88/1331 3874/89/1332
f 3875/87/1330 3871/90/1333 3873/91/1334
f 3868/92/1335 3875/87/1330 3874/89/1332
f 3875/87/1330 3869/93/1336 3876/94/1337
f 3977/87/1418 3972/88/1419 3976/89/1543
f 3977/87/1418 3973/90/1421 3975/91/1422
f 3970/92/1423 3977/87/1418 3976/89/1543
f 3977/87/1418 3971/93/1424 3978/94/1425
f 4079/87/1506 4074/88/1507 4078/89/1508
f 4079/87/1506 4075/90/1509 4077/91/1557
f 4072/92/1511 4079/87/1506 4078/89/1508
f 4079/87/1506 4073/93/1512 4080/94/1513
f 4181/87/1243 4176/88/1244 4180/89/1245
f 4181/87/1243 4177/90/1246 4179/91/1247
f 4174/92/1248 4181/87/1243 4180/89/1245
f 4181/87/1243 4175/93/1249 4182/94/1250
f 4283/87/1330 4278/88/1331 4282/89/1570
f 4283/87/1330 4279/90/1333 4281/91/1334
f 4276/92/1335 4283/87/1330 4282/89/1570
f 4283/87/1330 4277/93/1336 4284/94/1337
f 4385/87/1418 4380/88/1419 4384/89/1543
f 4385/87/1418 4381/90/1421 4383/91/1576
f 4378/92/1423 4385/87/1418 4384/89/1543
f 4385/87/1418 4379/93/1424 4386/94/1425
f 4487/87/1506 4482/88/1507 4486/89/1508
f 4487/87/1506 4483/90/1509 4485/91/1557
f 4480/92/1511 4487/87/1506 4486/89/1508
f 4487/87/1506 4481/93/1512 4488/94/1513
f 4589/87/1243 4584/88/1244 4588/89/1245
f 4589/87/1243 4585/90/1246 4587/91/1247
f 4582/92/1248 4589/87/1243 4588/89/1245
f 4589/87/1243 4583/93/1249 4590/94/1250
f 4691/87/1330 4686/88/1331 4690/89/1332
f 4691/87/1330 4687/90/1333 4689/91/1334
f 4684/92/1335 4691/87/1330 4690/89/1332
f 4691/87/1330 4685/93/1336 4692/94/1337
f 4793/87/1418 4788/88/1419 4792/89/1420
f 4793/87/1418 4789/90/1421 4791/91/1422
f 4786/92/1423 4793/87/1418 4792/89/1420
f 4793/87/1418 4787/93/1424 4794/94/1425
f 4895/87/1506 4890/88/1607 4894/89/1508
f 4895/87/1506 4891/90/1509 4893/91/1557
f 4888/92/1511 4895/87/1506 4894/89/1508
f 4895/87/1506 4889/93/1512 4896/94/1513
f 4997/87/1243 4992/88/1244 4996/89/1245
f 4997/87/1243 4993/90/1246 4995/91/1247
f 4990/92/1248 4997/87/1243 4996/89/1245
f 4997/87/1243 4991/93/1249 4998/94/1250
f 5099/87/1330 5094/88/1331 5098/89/1332
f 5099/87/1330 5095/90/1333 5097/91/1334
f 5092/92/1335 5099/87/1330 5098/89/1332
f 5099/87/1330 5093/93/1336 5100/94/1337
f 5201/87/1418 5196/88/1419 5200/89/1543
f 5201/87/1418 5197/90/1421 5199/91/1422
f 5194/92/1423 5201/87/1418 5200/89/1543
f 5201/87/1418 5195/93/1424 5202/94/1425
f 5303/87/1506 5298/88/1607 5302/89/1508
f 5303/87/1506 5299/90/1509 5301/91/1557
f 5296/92/1511 5303/87/1506 5302/89/1508
f 5303/87/1506 5297/93/1512 5304/94/1513
f 5405/87/1243 5400/88/1244 5404/89/1245
f 5405/87/1243 5401/90/1246 5403/91/1247
f 5398/92/1248 5405/87/1243 5404/89/1245
f 5405/87/1243 5399/93/1249 5406/94/1250
f 5507/87/1622 5502/88/1331 5506/89/1332
f 5507/87/1622 5503/90/1333 5505/91/1334
f 5500/92/1335 5507/87/1622 5506/89/1332
f 5507/87/1622 5501/93/1336 5508/94/1337
f 5609/87/1418 5604/88/1419 5608/89/1543
f 5609/87/1418 5605/90/1421 5607/91/1422
f 5602/92/1423 5609/87/1418 5608/89/1543
f 5609/87/1418 5603/93/1424 5610/94/1425
f 5711/87/1506 5706/88/1507 5710/89/1508
f 5711/87/1506 5707/90/1509 5709/91/1557
f 5704/92/1511 5711/87/1506 5710/89/1508
f 5711/87/1506 5705/93/1512 5712/94/1513
f 5813/87/1710 5808/88/1711 5812/89/1712
f 5813/87/1710 5809/90/1713 5811/91/1714
f 5806/92/1715 5813/87/1710 5812/89/1712
f 5813/87/1710 5807/93/1716 5814/94/1717
f 5915/87/1797 5910/88/1798 5914/89/1799
f 5915/87/1797 5911/90/1800 5913/91/1801
f 5908/92/1802 5915/87/1797 5914/89/1799
f 5915/87/1797 5909/93/1803 5916/94/1804
f 6017/87/1885 6012/88/1886 6016/89/1887
f 6017/87/1885 6013/90/1888 6015/91/1889
f 6010/92/1890 6017/87/1885 6016/89/1887
f 6017/87/1885 6011/93/1891 6018/94/1892
f 6119/87/1973 6114/88/1974 6118/89/1975
f 6119/87/1973 6115/90/1976 6117/91/1977
f 6112/92/1978 6119/87/1973 6118/89/1975
f 6119/87/1973 6113/93/1979 6120/94/1980
f 6221/87/1710 6216/88/1711 6220/89/1712
f 6221/87/1710 6217/90/1713 6219/91/1714
f 6214/92/1715 6221/87/1710 6220/89/1712
f 6221/87/1710 6215/93/1716 6222/94/1717
f 6323/87/1998 6318/88/1798 6322/89/1799
f 6323/87/1998 6319/90/1800 6321/91/1801
f 6316/92/1802 6323/87/1998 6322/89/1799
f 6323/87/1998 6317/93/1803 6324/94/1804
f 6425/87/1885 6420/88/1886 6424/89/1887
f 6425/87/1885 6421/90/1888 6423/91/1889
f 6418/92/1890 6425/87/1885 6424/89/1887
f 6425/87/1885 6419/93/1891 6426/94/1892
f 6527/87/1973 6522/88/2014 6526/89/1975
f 6527/87/1973 6523/90/1976 6525/91/2015
f 6520/92/1978 6527/87/1973 6526/89/1975
f 6527/87/1973 6521/93/1979 6528/94/1980
f 6629/87/2097 6624/88/2098 6628/89/2099
f 6629/87/2097 6625/90/2100 6627/91/2101
f 6622/92/2102 6629/87/2097 6628/89/2099
f 6629/87/2097 6623/93/2103 6630/94/2104
f 6731/87/2185 6726/88/2186 6730/89/2187
f 6731/87/2185 6727/90/2188 6729/91/2189
f 6724/92/2190 6731/87/2185 6730/89/2187
f 6731/87/2185 6725/93/2191 6732/94/2192
f 6833/87/2273 6828/88/2274 6832/89/2275
f 6833/87/2273 6829/90/2276 6831/91/2277
f 6826/92/2278 6833/87/2273 6832/89/2275
f 6833/87/2273 6827/93/2279 6834/94/2280
f 6935/87/2361 6930/88/2362 6934/89/2363
f 6935/87/2361 6931/90/2364 6933/91/2365
f 6928/92/2366 6935/87/2361 6934/89/2363
f 6935/87/2361 6929/93/2367 6936/94/2368
f 7037/87/82 7032/88/83 7036/89/84
f 7037/87/82 7033/90/2381 7035/91/86
f 7030/92/87 7037/87/82 7036/89/84
f 7037/87/82 7031/93/88 7038/94/89
f 7139/87/170 7134/88/171 7138/89/172
f 7139/87/170 7135/90/173 7137/91/174
f 7132/92/175 7139/87/170 7138/89/172
f 7139/87/170 7133/93/176 7140/94/177
f 7241/87/258 7236/88/259 7240/89/260
f 7241/87/258 7237/90/261 7239/91/2402
f 7234/92/263 7241/87/258 7240/89/260
f 7241/87/258 7235/93/264 7242/94/265
f 7343/87/346 7338/88/347 7342/89/348
f 7343/87/346 7339/90/349 7341/91/350
f 7336/92/351 7343/87/346 7342/89/348
f 7343/87/346 7337/93/352 7344/94/2410
f 7445/87/2492 7440/88/2493 7444/89/2494
f 7445/87/2492 7441/90/2495 7443/91/2496
f 7438/92/2497 7445/87/2492 7444/89/2494
f 7445/87/2492 7439/93/2498 7446/94/2499
f 7547/87/2580 7542/88/2581 7546/89/2582
f 7547/87/2580 7543/90/2583 7545/91/2584
f 7540/92/2585 7547/87/2580 7546/89/2582
f 7547/87/2580 7541/93/2586 7548/94/2587
f 7649/87/2668 7644/88/2669 7648/89/2670
f 7649/87/2668 7645/90/2671 7647/91/2672
f 7642/92/2673 7649/87/2668 7648/89/2670
f 7649/87/2668 7643/93/2674 7650/94/2675
f 7751/87/2756 7746/88/2757 7750/89/2758
f 7751/87/2756 7747/90/2759 7749/91/2760
f 7744/92/2761 7751/87/2756 7750/89/2758
f 7751/87/2756 7745/93/2762 7752/94/2763
f 101/87/82 99/91/86 96/88/83
f 101/87/82 102/94/89 97/90/85
f 94/92/87 98/102/2769 101/87/82
f 101/87/82 98/102/2769 95/93/88
f 203/87/170 201/91/174 198/88/171
f 203/87/170 204/94/177 199/90/173
f 196/92/175 200/102/2775 203/87/170
f 203/87/170 200/102/2775 197/93/176
f 305/87/258 303/91/262 300/88/259
f 305/87/258 306/94/265 301/90/261
f 298/92/263 302/102/2781 305/87/258
f 305/87/258 302/102/2781 299/93/264
f 407/87/346 405/91/350 402/88/347
f 407/87/346 408/94/353 403/90/349
f 400/92/351 404/102/2787 407/87/346
f 407/87/346 404/102/2787 401/93/352
f 509/87/435 507/91/439 504/88/436
f 509/87/435 510/94/442 505/90/438
f 502/92/440 506/102/2793 509/87/435
f 509/87/435 506/102/2793 503/93/441
f 611/87/522 609/91/526 606/88/523
f 611/87/522 612/94/529 607/90/525
f 604/92/527 608/102/2799 611/87/522
f 611/87/522 608/102/2799 605/93/528
f 713/87/610 711/91/614 708/88/611
f 713/87/610 714/94/617 709/90/613
f 706/92/615 710/102/2805 713/87/610
f 713/87/610 710/102/2805 707/93/616
f 815/87/698 813/91/702 810/88/699
f 815/87/698 816/94/705 811/90/701
f 808/92/703 812/102/2811 815/87/698
f 815/87/698 812/102/2811 809/93/704
f 917/87/435 915/91/439 912/88/436
f 917/87/435 918/94/442 913/90/438
f 910/92/711 914/102/2793 917/87/435
f 917/87/435 914/102/2793 911/93/441
f 1019/87/522 1017/91/526 1014/88/523
f 1019/87/522 1020/94/716 1015/90/525
f 1012/92/527 1016/102/2799 1019/87/522
f 1019/87/522 1016/102/2799 1013/93/528
f 1121/87/610 1119/91/614 1116/88/611
f 1121/87/610 1122/94/617 1117/90/613
f 1114/92/615 1118/102/2812 1121/87/610
f 1121/87/610 1118/102/2812 1115/93/616
f 1223/87/698 1221/91/702 1218/88/699
f 1223/87/698 1224/94/705 1219/90/701
f 1216/92/703 1220/102/2811 1223/87/698
f 1223/87/698 1220/102/2811 1217/93/704
f 1325/87/810 1323/91/814 1320/88/811
f 1325/87/810 1326/94/817 1321/90/813
f 1318/92/815 1322/102/2819 1325/87/810
f 1325/87/810 1322/102/2819 1319/93/816
f 1427/87/898 1425/91/902 1422/88/899
f 1427/87/898 1428/94/905 1423/90/901
f 1420/92/903 1424/102/2825 1427/87/898
f 1427/87/898 1424/102/2825 1421/93/904
f 1529/87/986 1527/91/990 1524/88/987
f 1529/87/986 1530/94/993 1525/90/989
f 1522/92/991 1526/102/2831 1529/87/986
f 1529/87/986 1526/102/2831 1523/93/992
f 1631/87/1074 1629/91/1078 1626/88/1075
f 1631/87/1074 1632/94/1081 1627/90/1077
f 1624/92/1079 1628/102/2837 1631/87/1074
f 1631/87/1074 1628/102/2837 1625/93/1080
f 1733/87/810 1731/91/814 1728/88/811
f 1733/87/810 1734/94/1093 1729/90/1092
f 1726/92/815 1730/102/2819 1733/87/810
f 1733/87/810 1730/102/2819 1727/93/816
f 1835/87/898 1833/91/902 1830/88/899
f 1835/87/898 1836/94/905 1831/90/1106
f 1828/92/903 1832/102/2838 1835/87/898
f 1835/87/898 1832/102/2838 1829/93/904
f 1937/87/986 1935/91/990 1932/88/987
f 1937/87/986 1938/94/1116 1933/90/989
f 1930/92/991 1934/102/2831 1937/87/986
f 1937/87/986 1934/102/2831 1931/93/992
f 2039/87/1074 2037/91/1078 2034/88/1075
f 2039/87/1074 2040/94/1081 2035/90/1077
f 2032/92/1079 2036/102/2837 2039/87/1074
f 2039/87/1074 2036/102/2837 2033/93/1080
f 2141/87/435 2139/91/439 2136/88/436
f 2141/87/435 2142/94/442 2137/90/438
f 2134/92/711 2138/102/2793 2141/87/435
f 2141/87/435 2138/102/2793 2135/93/441
f 2243/87/522 2241/91/526 2238/88/523
f 2243/87/522 2244/94/716 2239/90/525
f 2236/92/527 2240/102/2799 2243/87/522
f 2243/87/522 2240/102/2799 2237/93/528
f 2345/87/610 2343/91/614 2340/88/611
f 2345/87/610 2346/94/617 2341/90/613
f 2338/92/615 2342/102/2812 2345/87/610
f 2345/87/610 2342/102/2812 2339/93/616
f 2447/87/698 2445/91/702 2442/88/699
f 2447/87/698 2448/94/705 2443/90/701
f 2440/92/703 2444/102/2811 2447/87/698
f 2447/87/698 2444/102/2811 2441/93/704
f 2549/87/435 2547/91/439 2544/88/436
f 2549/87/435 2550/94/442 2545/90/438
f 2542/92/440 2546/102/2793 2549/87/435
f 2549/87/435 2546/102/2793 2543/93/441
f 2651/87/522 2649/91/526 2646/88/523
f 2651/87/522 2652/94/716 2647/90/525
f 2644/92/527 2648/102/2799 2651/87/522
f 2651/87/522 2648/102/2799 2645/93/528
f 2753/87/610 2751/91/614 2748/88/611
f 2753/87/610 2754/94/617 2749/90/613
f 2746/92/615 2750/102/2805 2753/87/610
f 2753/87/610 2750/102/2805 2747/93/616
f 2855/87/698 2853/91/702 2850/88/699
f 2855/87/698 2856/94/705 2851/90/701
f 2848/92/703 2852/102/2811 2855/87/698
f 2855/87/698 2852/102/2811 2849/93/704
f 2957/87/435 2955/91/439 2952/88/436
f 2957/87/435 2958/94/442 2953/90/438
f 2950/92/711 2954/102/2793 2957/87/435
f 2957/87/435 2954/102/2793 2951/93/441
f 3059/87/522 3057/91/526 3054/88/523
f 3059/87/522 3060/94/716 3055/90/525
f 3052/92/527 3056/102/2799 3059/87/522
f 3059/87/522 3056/102/2799 3053/93/528
f 3161/87/610 3159/91/614 3156/88/611
f 3161/87/610 3162/94/617 3157/90/613
f 3154/92/615 3158/102/2805 3161/87/610
f 3161/87/610 3158/102/2805 3155/93/616
f 3263/87/698 3261/91/1161 3258/88/699
f 3263/87/698 3264/94/705 3259/90/701
f 3256/92/703 3260/102/2811 3263/87/698
f 3263/87/698 3260/102/2811 3257/93/704
f 3365/87/1243 3363/91/1247 3360/88/1244
f 3365/87/1243 3366/94/1250 3361/90/1246
f 3358/92/1248 3362/102/2847 3365/87/1243
f 3365/87/1243 3362/102/2847 3359/93/1249
f 3467/87/1330 3465/91/1334 3462/88/1331
f 3467/87/1330 3468/94/1337 3463/90/1333
f 3460/92/1335 3464/102/2853 3467/87/1330
f 3467/87/1330 3464/102/2853 3461/93/1336
f 3569/87/1418 3567/91/1422 3564/88/1419
f 3569/87/1418 3570/94/1425 3565/90/1421
f 3562/92/1423 3566/102/2859 3569/87/1418
f 3569/87/1418 3566/102/2859 3563/93/1424
f 3671/87/1506 3669/91/1510 3666/88/1507
f 3671/87/1506 3672/94/1513 3667/90/1509
f 3664/92/1511 3668/102/2865 3671/87/1506
f 3671/87/1506 3668/102/2865 3665/93/1512
f 3773/87/1243 3771/91/1247 3768/88/1244
f 3773/87/1243 3774/94/1250 3769/90/1246
f 3766/92/1248 3770/102/2847 3773/87/1243
f 3773/87/1243 3770/102/2847 3767/93/1249
f 3875/87/1330 3873/91/1334 3870/88/1331
f 3875/87/1330 3876/94/1337 3871/90/1333
f 3868/92/1335 3872/102/2853 3875/87/1330
f 3875/87/1330 3872/102/2853 3869/93/1336
f 3977/87/1418 3975/91/1422 3972/88/1419
f 3977/87/1418 3978/94/1425 3973/90/1421
f 3970/92/1423 3974/102/2859 3977/87/1418
f 3977/87/1418 3974/102/2859 3971/93/1424
f 4079/87/1506 4077/91/1557 4074/88/1507
f 4079/87/1506 4080/94/1513 4075/90/1509
f 4072/92/1511 4076/102/2865 4079/87/1506
f 4079/87/1506 4076/102/2865 4073/93/1512
f 4181/87/1243 4179/91/1247 4176/88/1244
f 4181/87/1243 4182/94/1250 4177/90/1246
f 4174/92/1248 4178/102/2847 4181/87/1243
f 4181/87/1243 4178/102/2847 4175/93/1249
f 4283/87/1330 4281/91/1334 4278/88/1331
f 4283/87/1330 4284/94/1337 4279/90/1333
f 4276/92/1335 4280/102/2853 4283/87/1330
f 4283/87/1330 4280/102/2853 4277/93/1336
f 4385/87/1418 4383/91/1576 4380/88/1419
f 4385/87/1418 4386/94/1425 4381/90/1421
f 4378/92/1423 4382/102/2859 4385/87/1418
f 4385/87/1418 4382/102/2859 4379/93/1424
f 4487/87/1506 4485/91/1557 4482/88/1507
f 4487/87/1506 4488/94/1513 4483/90/1509
f 4480/92/1511 4484/102/2865 4487/87/1506
f 4487/87/1506 4484/102/2865 4481/93/1512
f 4589/87/1243 4587/91/1247 4584/88/1244
f 4589/87/1243 4590/94/1250 4585/90/1246
f 4582/92/1248 4586/102/2847 4589/87/1243
f 4589/87/1243 4586/102/2847 4583/93/1249
f 4691/87/1330 4689/91/1334 4686/88/1331
f 4691/87/1330 4692/94/1337 4687/90/1333
f 4684/92/1335 4688/102/2853 4691/87/1330
f 4691/87/1330 4688/102/2853 4685/93/1336
f 4793/87/1418 4791/91/1422 4788/88/1419
f 4793/87/1418 4794/94/1425 4789/90/1421
f 4786/92/1423 4790/102/2859 4793/87/1418
f 4793/87/1418 4790/102/2859 4787/93/1424
f 4895/87/1506 4893/91/1557 4890/88/1607
f 4895/87/1506 4896/94/1513 4891/90/1509
f 4888/92/1511 4892/102/2870 4895/87/1506
f 4895/87/1506 4892/102/2870 4889/93/1512
f 4997/87/1243 4995/91/1247 4992/88/1244
f 4997/87/1243 4998/94/1250 4993/90/1246
f 4990/92/1248 4994/102/2847 4997/87/1243
f 4997/87/1243 4994/102/2847 4991/93/1249
f 5099/87/1330 5097/91/1334 5094/88/1331
f 5099/87/1330 5100/94/1337 5095/90/1333
f 5092/92/1335 5096/102/2853 5099/87/1330
f 5099/87/1330 5096/102/2853 5093/93/1336
f 5201/87/1418 5199/91/1422 5196/88/1419
f 5201/87/1418 5202/94/1425 5197/90/1421
f 5194/92/1423 5198/102/2859 5201/87/1418
f 5201/87/1418 5198/102/2859 5195/93/1424
f 5303/87/1506 5301/91/1557 5298/88/1607
f 5303/87/1506 5304/94/1513 5299/90/1509
f 5296/92/1511 5300/102/2865 5303/87/1506
f 5303/87/1506 5300/102/2865 5297/93/1512
f 5405/87/1243 5403/91/1247 5400/88/1244
f 5405/87/1243 5406/94/1250 5401/90/1246
f 5398/92/1248 5402/102/2847 5405/87/1243
f 5405/87/1243 5402/102/2847 5399/93/1249
f 5507/87/1622 5505/91/1334 5502/88/1331
f 5507/87/1622 5508/94/1337 5503/90/1333
f 5500/92/1335 5504/102/2853 5507/87/1622
f 5507/87/1622 5504/102/2853 5501/93/1336
f 5609/87/1418 5607/91/1422 5604/88/1419
f 5609/87/1418 5610/94/1425 5605/90/1421
f 5602/92/1423 5606/102/2859 5609/87/1418
f 5609/87/1418 5606/102/2859 5603/93/1424
f 5711/87/1506 5709/91/1557 5706/88/1507
f 5711/87/1506 5712/94/1513 5707/90/1509
f 5704/92/1511 5708/102/2865 5711/87/1506
f 5711/87/1506 5708/102/2865 5705/93/1512
f 5813/87/1710 5811/91/1714 5808/88/1711
f 5813/87/1710 5814/94/1717 5809/90/1713
f 5806/92/1715 5810/102/2881 5813/87/1710
f 5813/87/1710 5810/102/2881 5807/93/1716
f 5915/87/1797 5913/91/1801 5910/88/1798
f 5915/87/1797 5916/94/1804 5911/90/1800
f 5908/92/1802 5912/102/2887 5915/87/1797
f 5915/87/1797 5912/102/2887 5909/93/1803
f 6017/87/1885 6015/91/1889 6012/88/1886
f 6017/87/1885 6018/94/1892 6013/90/1888
f 6010/92/1890 6014/102/2893 6017/87/1885
f 6017/87/1885 6014/102/2893 6011/93/1891
f 6119/87/1973 6117/91/1977 6114/88/1974
f 6119/87/1973 6120/94/1980 6115/90/1976
f 6112/92/1978 6116/102/2899 6119/87/1973
f 6119/87/1973 6116/102/2899 6113/93/1979
f 6221/87/1710 6219/91/1714 6216/88/1711
f 6221/87/1710 6222/94/1717 6217/90/1713
f 6214/92/1715 6218/102/2881 6221/87/1710
f 6221/87/1710 6218/102/2881 6215/93/1716
f 6323/87/1998 6321/91/1801 6318/88/1798
f 6323/87/1998 6324/94/1804 6319/90/1800
f 6316/92/1802 6320/102/2887 6323/87/1998
f 6323/87/1998 6320/102/2887 6317/93/1803
f 6425/87/1885 6423/91/1889 6420/88/1886
f 6425/87/1885 6426/94/1892 6421/90/1888
f 6418/92/1890 6422/102/2893 6425/87/1885
f 6425/87/1885 6422/102/2893 6419/93/1891
f 6527/87/1973 6525/91/2015 6522/88/2014
f 6527/87/1973 6528/94/1980 6523/90/1976
f 6520/92/1978 6524/102/2899 6527/87/1973
f 6527/87/1973 6524/102/2899 6521/93/1979
f 6629/87/2097 6627/91/2101 6624/88/2098
f 6629/87/2097 6630/94/2104 6625/90/2100
f 6622/92/2102 6626/102/2907 6629/87/2097
f 6629/87/2097 6626/102/2907 6623/93/2103
f 6731/87/2185 6729/91/2189 6726/88/2186
f 6731/87/2185 6732/94/2192 6727/90/2188
f 6724/92/2190 6728/102/2913 6731/87/2185
f 6731/87/2185 6728/102/2913 6725/93/2191
f 6833/87/2273 6831/91/2277 6828/88/2274
f 6833/87/2273 6834/94/2280 6829/90/2276
f 6826/92/2278 6830/102/2919 6833/87/2273
f 6833/87/2273 6830/102/2919 6827/93/2279
f 6935/87/2361 6933/91/2365 6930/88/2362
f 6935/87/2361 6936/94/2368 6931/90/2364
f 6928/92/2366 6932/102/2925 6935/87/2361
f 6935/87/2361 6932/102/2925 6929/93/2367
f 7037/87/82 7035/91/86 7032/88/83
f 7037/87/82 7038/94/89 7033/90/2381
f 7030/92/87 7034/102/2769 7037/87/82
f 7037/87/82 7034/102/2769 7031/93/88
f 7139/87/170 7137/91/174 7134/88/171
f 7139/87/170 7140/94/177 7135/90/173
f 7132/92/175 7136/102/2775 7139/87/170
f 7139/87/170 7136/102/2775 7133/93/176
f 7241/87/258 7239/91/2402 7236/88/259
f 7241/87/258 7242/94/265 7237/90/261
f 7234/92/263 7238/102/2781 7241/87/258
f 7241/87/258 7238/102/2781 7235/93/264
f 7343/87/346 7341/91/350 7338/88/347
f 7343/87/346 7344/94/2410 7339/90/349
f 7336/92/351 7340/102/2787 7343/87/346
f 7343/87/346 7340/102/2787 7337/93/352
f 7445/87/2492 7443/91/2496 7440/88/2493
f 7445/87/2492 7446/94/2499 7441/90/2495
f 7438/92/2497 7442/102/2933 7445/87/2492
f 7445/87/2492 7442/102/2933 7439/93/2498
f 7547/87/2580 7545/91/2584 7542/88/2581
f 7547/87/2580 7548/94/2587 7543/90/2583
f 7540/92/2585 7544/102/2939 7547/87/2580
f 7547/87/2580 7544/102/2939 7541/93/2586
f 7649/87/2668 7647/91/2672 7644/88/2669
f 7649/87/2668 7650/94/2675 7645/90/2671
f 7642/92/2673 7646/102/2945 7649/87/2668
f 7649/87/2668 7646/102/2945 7643/93/2674
f 7751/87/2756 7749/91/2760 7746/88/2757
f 7751/87/2756 7752/94/2763 7747/90/2759
f 7744/92/2761 7748/102/2951 7751/87/2756
f 7751/87/2756 7748/102/2951 7745/93/2762
